ISO-10303-21;
HEADER;
FILE_DESCRIPTION (( 'STEP AP214' ),
    '1' );
FILE_NAME ('12-6010-02-(16gacr ANSI-61) - K48 - V11-R0.STEP',
    '2026-08-03T21:57:11',
    ( '' ),
    ( '' ),
    'SwSTEP 2.0',
    'SolidWorks 2024',
    '' );
FILE_SCHEMA (( 'AUTOMOTIVE_DESIGN' ));
ENDSEC;

DATA;
#1 = ADVANCED_FACE ( 'NONE', ( #89 ), #315, .T. ) ;
#2 = FACE_OUTER_BOUND ( 'NONE', #1574, .T. ) ;
#3 = DIRECTION ( 'NONE',  ( 0.000000000000000000, 0.000000000000000000, 1.000000000000000000 ) ) ;
#4 = DIRECTION ( 'NONE',  ( 1.000000000000000000, 0.000000000000000000, 0.000000000000000000 ) ) ;
#5 = ORIENTED_EDGE ( 'NONE', *, *, #1218, .F. ) ;
#6 = ORIENTED_EDGE ( 'NONE', *, *, #235, .T. ) ;
#7 = CIRCLE ( 'NONE', #77, 0.1200000000000000511 ) ;
#8 = VECTOR ( 'NONE', #766, 39.37007874015748143 ) ;
#9 = EDGE_LOOP ( 'NONE', ( #747, #694, #1538, #801 ) ) ;
#10 = AXIS2_PLACEMENT_3D ( 'NONE', #1053, #820, #940 ) ;
#11 = CYLINDRICAL_SURFACE ( 'NONE', #162, 0.1199999999999999539 ) ;
#12 = CYLINDRICAL_SURFACE ( 'NONE', #395, 0.1560000000000010822 ) ;
#13 = AXIS2_PLACEMENT_3D ( 'NONE', #201, #1066, #1341 ) ;
#14 = VECTOR ( 'NONE', #287, 39.37007874015748143 ) ;
#15 = CARTESIAN_POINT ( 'NONE',  ( 1.235000000000002096, -8.624999999999998224, 0.5699999999999999512 ) ) ;
#16 = CARTESIAN_POINT ( 'NONE',  ( -1.175000000000000266, -8.624999999999996447, 0.05999999999997872313 ) ) ;
#17 = FACE_BOUND ( 'NONE', #1546, .T. ) ;
#18 = ORIENTED_EDGE ( 'NONE', *, *, #1465, .T. ) ;
#19 = ADVANCED_FACE ( 'NONE', ( #1175 ), #1074, .T. ) ;
#20 = CARTESIAN_POINT ( 'NONE',  ( -1.235000000000000098, 0.000000000000000000, -4.352791670721228675E-15 ) ) ;
#21 = CARTESIAN_POINT ( 'NONE',  ( 0.01500000000000011394, 9.125000000000000000, 0.000000000000000000 ) ) ;
#22 = DIRECTION ( 'NONE',  ( 0.000000000000000000, 1.000000000000000000, 0.000000000000000000 ) ) ;
#23 = DIRECTION ( 'NONE',  ( 0.000000000000000000, 6.982962677686265922E-15, -1.000000000000000000 ) ) ;
#24 = EDGE_CURVE ( 'NONE', #408, #1514, #1578, .T. ) ;
#25 = ORIENTED_EDGE ( 'NONE', *, *, #651, .T. ) ;
#26 = LINE ( 'NONE', #1507, #1356 ) ;
#27 = LINE ( 'NONE', #545, #825 ) ;
#28 = EDGE_CURVE ( 'NONE', #1296, #60, #1302, .T. ) ;
#29 = DIRECTION ( 'NONE',  ( 0.000000000000000000, 0.000000000000000000, -1.000000000000000000 ) ) ;
#30 = VERTEX_POINT ( 'NONE', #1458 ) ;
#31 = FACE_OUTER_BOUND ( 'NONE', #1209, .T. ) ;
#32 = AXIS2_PLACEMENT_3D ( 'NONE', #290, #1277, #521 ) ;
#33 = AXIS2_PLACEMENT_3D ( 'NONE', #893, #771, #411 ) ;
#34 = CARTESIAN_POINT ( 'NONE',  ( -1.235000000000000098, -9.499999999999998224, 0.000000000000000000 ) ) ;
#35 = VERTEX_POINT ( 'NONE', #1339 ) ;
#36 = CARTESIAN_POINT ( 'NONE',  ( -1.235000000000000320, 8.624999999999998224, 0.05999999999997799455 ) ) ;
#37 = EDGE_CURVE ( 'NONE', #562, #1363, #225, .T. ) ;
#38 = DIRECTION ( 'NONE',  ( -1.000000000000000000, 0.000000000000000000, -0.000000000000000000 ) ) ;
#39 = ORIENTED_EDGE ( 'NONE', *, *, #1513, .F. ) ;
#40 = ADVANCED_FACE ( 'NONE', ( #1166 ), #577, .F. ) ;
#41 = DIRECTION ( 'NONE',  ( 0.000000000000000000, 6.982962677686265922E-15, -1.000000000000000000 ) ) ;
#42 = ADVANCED_FACE ( 'NONE', ( #192, #1309, #1422 ), #690, .F. ) ;
#43 = ADVANCED_FACE ( 'NONE', ( #2 ), #245, .F. ) ;
#44 = LINE ( 'NONE', #540, #214 ) ;
#45 = FACE_OUTER_BOUND ( 'NONE', #1040, .T. ) ;
#46 = VECTOR ( 'NONE', #472, 39.37007874015748143 ) ;
#47 = CARTESIAN_POINT ( 'NONE',  ( -1.094999999999999973, -9.124999999999998224, -0.06000000000002111977 ) ) ;
#48 = VECTOR ( 'NONE', #863, 39.37007874015748143 ) ;
#49 = CARTESIAN_POINT ( 'NONE',  ( -0.01500000000000011394, -9.125000000000000000, -0.05999999999999999778 ) ) ;
#50 = AXIS2_PLACEMENT_3D ( 'NONE', #875, #1253, #541 ) ;
#51 = DIRECTION ( 'NONE',  ( -1.000000000000000000, 2.802596928649634764E-45, 3.491481338843134539E-15 ) ) ;
#52 = DIRECTION ( 'NONE',  ( -3.354901044850721044E-15, -0.000000000000000000, 1.000000000000000000 ) ) ;
#53 = ORIENTED_EDGE ( 'NONE', *, *, #484, .T. ) ;
#54 = ORIENTED_EDGE ( 'NONE', *, *, #862, .F. ) ;
#55 = ORIENTED_EDGE ( 'NONE', *, *, #1460, .F. ) ;
#56 = DIRECTION ( 'NONE',  ( 0.000000000000000000, 1.000000000000000000, 0.000000000000000000 ) ) ;
#57 = CARTESIAN_POINT ( 'NONE',  ( 1.175000000000000044, 0.000000000000000000, -4.143302790390798919E-15 ) ) ;
#58 = DIRECTION ( 'NONE',  ( 0.000000000000000000, 0.000000000000000000, 1.000000000000000000 ) ) ;
#59 = EDGE_CURVE ( 'NONE', #1557, #1444, #1121, .T. ) ;
#60 = VERTEX_POINT ( 'NONE', #133 ) ;
#61 = ORIENTED_EDGE ( 'NONE', *, *, #1475, .F. ) ;
#62 = EDGE_CURVE ( 'NONE', #1097, #1243, #991, .T. ) ;
#63 = ORIENTED_EDGE ( 'NONE', *, *, #819, .F. ) ;
#64 = CARTESIAN_POINT ( 'NONE',  ( 1.109000000000000208, 8.624999999999996447, -0.05999999999999999778 ) ) ;
#65 = DIRECTION ( 'NONE',  ( -0.000000000000000000, 1.000000000000000000, 6.982962677686265922E-15 ) ) ;
#66 = VERTEX_POINT ( 'NONE', #15 ) ;
#67 = EDGE_CURVE ( 'NONE', #1033, #1557, #1476, .T. ) ;
#68 = CARTESIAN_POINT ( 'NONE',  ( -1.094999999999999973, -9.124999999999998224, 0.000000000000000000 ) ) ;
#69 = DIRECTION ( 'NONE',  ( 1.000000000000000000, -0.000000000000000000, 3.491481338843134539E-15 ) ) ;
#70 = ORIENTED_EDGE ( 'NONE', *, *, #1112, .F. ) ;
#71 = EDGE_LOOP ( 'NONE', ( #1362, #1111, #1547, #824 ) ) ;
#72 = VERTEX_POINT ( 'NONE', #116 ) ;
#73 = CARTESIAN_POINT ( 'NONE',  ( 1.235000000000000098, 8.630999999999996675, 3.414809992080329023E-17 ) ) ;
#74 = ORIENTED_EDGE ( 'NONE', *, *, #563, .F. ) ;
#75 = DIRECTION ( 'NONE',  ( 1.000000000000000000, 0.000000000000000000, 0.000000000000000000 ) ) ;
#76 = DIRECTION ( 'NONE',  ( 1.000000000000000000, 0.000000000000000000, 0.000000000000000000 ) ) ;
#77 = AXIS2_PLACEMENT_3D ( 'NONE', #1347, #22, #483 ) ;
#78 = CARTESIAN_POINT ( 'NONE',  ( 1.175000000000002043, -8.624999999999998224, 0.5700000000000001732 ) ) ;
#79 = VECTOR ( 'NONE', #1380, 39.37007874015748143 ) ;
#80 = DIRECTION ( 'NONE',  ( -1.000000000000000000, -0.000000000000000000, -0.000000000000000000 ) ) ;
#81 = AXIS2_PLACEMENT_3D ( 'NONE', #1537, #1004, #917 ) ;
#82 = EDGE_LOOP ( 'NONE', ( #985, #817, #1235, #1125 ) ) ;
#83 = VERTEX_POINT ( 'NONE', #1094 ) ;
#84 = ORIENTED_EDGE ( 'NONE', *, *, #85, .T. ) ;
#85 = EDGE_CURVE ( 'NONE', #859, #1173, #384, .T. ) ;
#86 = LINE ( 'NONE', #73, #1402 ) ;
#87 = EDGE_CURVE ( 'NONE', #228, #487, #523, .T. ) ;
#88 = CARTESIAN_POINT ( 'NONE',  ( 1.235000000000000098, -8.969822682069832354, -0.06000000000002111977 ) ) ;
#89 = FACE_OUTER_BOUND ( 'NONE', #847, .T. ) ;
#90 = DIRECTION ( 'NONE',  ( 2.677388432402656554E-29, -1.000000000000000000, -7.668345245373076898E-15 ) ) ;
#91 = DIRECTION ( 'NONE',  ( 1.000000000000000000, 0.000000000000000000, 0.000000000000000000 ) ) ;
#92 = ORIENTED_EDGE ( 'NONE', *, *, #85, .F. ) ;
#93 = EDGE_CURVE ( 'NONE', #308, #1563, #1006, .T. ) ;
#94 = ORIENTED_EDGE ( 'NONE', *, *, #28, .T. ) ;
#95 = CARTESIAN_POINT ( 'NONE',  ( 1.109000000000000208, -8.630999999999996675, -0.05999999999999999778 ) ) ;
#96 = LINE ( 'NONE', #88, #793 ) ;
#97 = DIRECTION ( 'NONE',  ( 1.000000000000000000, 0.000000000000000000, 0.000000000000000000 ) ) ;
#98 = EDGE_CURVE ( 'NONE', #1560, #83, #363, .T. ) ;
#99 = DIRECTION ( 'NONE',  ( -3.354901044850848446E-15, -3.834172622686683600E-15, -1.000000000000000000 ) ) ;
#100 = ORIENTED_EDGE ( 'NONE', *, *, #479, .F. ) ;
#101 = ORIENTED_EDGE ( 'NONE', *, *, #1395, .F. ) ;
#102 = ORIENTED_EDGE ( 'NONE', *, *, #350, .F. ) ;
#103 = CARTESIAN_POINT ( 'NONE',  ( 1.115000000000000213, 8.624999999999994671, 0.06000000000000010186 ) ) ;
#104 = CARTESIAN_POINT ( 'NONE',  ( 1.235000000000000098, -8.625000000000001776, -2.094888803305885387E-16 ) ) ;
#105 = CARTESIAN_POINT ( 'NONE',  ( -1.235000000000002096, 8.624999999999996447, 0.5699999999999999512 ) ) ;
#106 = DIRECTION ( 'NONE',  ( 0.000000000000000000, -1.000000000000000000, 0.000000000000000000 ) ) ;
#107 = AXIS2_PLACEMENT_3D ( 'NONE', #104, #1365, #515 ) ;
#108 = DIRECTION ( 'NONE',  ( 3.354901044850848446E-15, 0.000000000000000000, 1.000000000000000000 ) ) ;
#109 = ORIENTED_EDGE ( 'NONE', *, *, #773, .F. ) ;
#110 = AXIS2_PLACEMENT_3D ( 'NONE', #1456, #706, #1213 ) ;
#111 = ORIENTED_EDGE ( 'NONE', *, *, #122, .T. ) ;
#112 = VECTOR ( 'NONE', #1592, 39.37007874015748143 ) ;
#113 = ORIENTED_EDGE ( 'NONE', *, *, #1099, .F. ) ;
#114 = AXIS2_PLACEMENT_3D ( 'NONE', #1477, #145, #1348 ) ;
#115 = DIRECTION ( 'NONE',  ( -3.354901044850848446E-15, -3.834172622686683600E-15, -1.000000000000000000 ) ) ;
#116 = CARTESIAN_POINT ( 'NONE',  ( 1.115000000000000213, 8.624999999999996447, -0.05999999999999993533 ) ) ;
#117 = DIRECTION ( 'NONE',  ( 1.000000000000000000, 0.000000000000000000, 0.000000000000000000 ) ) ;
#118 = DIRECTION ( 'NONE',  ( -1.000000000000000000, 0.000000000000000000, 0.000000000000000000 ) ) ;
#119 = ORIENTED_EDGE ( 'NONE', *, *, #144, .F. ) ;
#120 = VERTEX_POINT ( 'NONE', #1128 ) ;
#121 = ORIENTED_EDGE ( 'NONE', *, *, #1520, .T. ) ;
#122 = EDGE_CURVE ( 'NONE', #215, #1489, #844, .T. ) ;
#123 = CARTESIAN_POINT ( 'NONE',  ( 1.109000000000000208, -8.624999999999996447, 6.829619984160658046E-17 ) ) ;
#124 = CARTESIAN_POINT ( 'NONE',  ( 0.01500000000000011394, 9.125000000000000000, -0.05999999999999999778 ) ) ;
#125 = FACE_OUTER_BOUND ( 'NONE', #561, .T. ) ;
#126 = EDGE_CURVE ( 'NONE', #1287, #1575, #751, .T. ) ;
#127 = LINE ( 'NONE', #1378, #417 ) ;
#128 = ORIENTED_EDGE ( 'NONE', *, *, #1371, .F. ) ;
#129 = EDGE_LOOP ( 'NONE', ( #1462, #53, #1388, #1039 ) ) ;
#130 = ORIENTED_EDGE ( 'NONE', *, *, #269, .T. ) ;
#131 = LINE ( 'NONE', #627, #1401 ) ;
#132 = DIRECTION ( 'NONE',  ( 1.000000000000000000, 0.000000000000000000, 0.000000000000000000 ) ) ;
#133 = CARTESIAN_POINT ( 'NONE',  ( -1.109000000000000208, 8.630999999999996675, -2.110352575105643381E-14 ) ) ;
#134 = CARTESIAN_POINT ( 'NONE',  ( 0.000000000000000000, 0.000000000000000000, 0.000000000000000000 ) ) ;
#135 = AXIS2_PLACEMENT_3D ( 'NONE', #592, #1199, #1447 ) ;
#136 = DIRECTION ( 'NONE',  ( 0.000000000000000000, 0.000000000000000000, -1.000000000000000000 ) ) ;
#137 = VECTOR ( 'NONE', #491, 39.37007874015748143 ) ;
#138 = VECTOR ( 'NONE', #682, 39.37007874015748143 ) ;
#139 = ORIENTED_EDGE ( 'NONE', *, *, #443, .F. ) ;
#140 = AXIS2_PLACEMENT_3D ( 'NONE', #668, #1283, #1016 ) ;
#141 = CARTESIAN_POINT ( 'NONE',  ( 1.235000000000000098, -9.499999999999998224, -0.05999999999999999778 ) ) ;
#142 = DIRECTION ( 'NONE',  ( 0.000000000000000000, 0.000000000000000000, 1.000000000000000000 ) ) ;
#143 = AXIS2_PLACEMENT_3D ( 'NONE', #1103, #631, #1502 ) ;
#144 = EDGE_CURVE ( 'NONE', #921, #1332, #851, .T. ) ;
#145 = DIRECTION ( 'NONE',  ( -3.491481338843134539E-15, 0.000000000000000000, -1.000000000000000000 ) ) ;
#146 = EDGE_CURVE ( 'NONE', #1562, #72, #7, .T. ) ;
#147 = CARTESIAN_POINT ( 'NONE',  ( 1.109000000000000208, 8.630999999999996675, 0.000000000000000000 ) ) ;
#148 = ORIENTED_EDGE ( 'NONE', *, *, #269, .F. ) ;
#149 = EDGE_CURVE ( 'NONE', #333, #1051, #1500, .T. ) ;
#150 = PLANE ( 'NONE',  #240 ) ;
#151 = DIRECTION ( 'NONE',  ( -1.000000000000000000, 0.000000000000000000, 0.000000000000000000 ) ) ;
#152 = CARTESIAN_POINT ( 'NONE',  ( -1.115000000000000213, 8.624999999999996447, 0.05999999999997893130 ) ) ;
#153 = EDGE_CURVE ( 'NONE', #1088, #241, #1379, .T. ) ;
#154 = ORIENTED_EDGE ( 'NONE', *, *, #126, .F. ) ;
#155 = DIRECTION ( 'NONE',  ( 0.000000000000000000, 0.000000000000000000, 1.000000000000000000 ) ) ;
#156 = APPLICATION_PROTOCOL_DEFINITION ( 'draft international standard', 'automotive_design', 1998, #1115 ) ;
#157 = CARTESIAN_POINT ( 'NONE',  ( -1.235000000000000098, -9.499999999999998224, -0.05999999999999999778 ) ) ;
#158 = ADVANCED_FACE ( 'NONE', ( #1383 ), #717, .F. ) ;
#159 = ORIENTED_EDGE ( 'NONE', *, *, #947, .F. ) ;
#160 = VECTOR ( 'NONE', #639, 39.37007874015748143 ) ;
#161 = CARTESIAN_POINT ( 'NONE',  ( 1.235000000000000098, 9.280177317930167646, 0.000000000000000000 ) ) ;
#162 = AXIS2_PLACEMENT_3D ( 'NONE', #103, #1080, #509 ) ;
#163 = AXIS2_PLACEMENT_3D ( 'NONE', #20, #1279, #421 ) ;
#164 = CARTESIAN_POINT ( 'NONE',  ( -1.115000000000000213, -8.624999999999996447, 0.05999999999997893130 ) ) ;
#165 = CYLINDRICAL_SURFACE ( 'NONE', #140, 0.1560000000000001941 ) ;
#166 = ORIENTED_EDGE ( 'NONE', *, *, #953, .T. ) ;
#167 = ADVANCED_FACE ( 'NONE', ( #125 ), #1147, .T. ) ;
#168 = CARTESIAN_POINT ( 'NONE',  ( -1.251000000000000112, -9.124999999999998224, -0.06000000000002111977 ) ) ;
#169 = DIRECTION ( 'NONE',  ( 0.000000000000000000, -1.000000000000000000, 0.000000000000000000 ) ) ;
#170 = DIRECTION ( 'NONE',  ( 0.000000000000000000, 0.000000000000000000, -1.000000000000000000 ) ) ;
#171 = ORIENTED_EDGE ( 'NONE', *, *, #1168, .F. ) ;
#172 = CARTESIAN_POINT ( 'NONE',  ( -1.094999999999999973, 9.125000000000000000, 0.000000000000000000 ) ) ;
#173 = LINE ( 'NONE', #1274, #730 ) ;
#174 = DIRECTION ( 'NONE',  ( 0.000000000000000000, -6.982962677686265922E-15, 1.000000000000000000 ) ) ;
#175 = VERTEX_POINT ( 'NONE', #1027 ) ;
#176 = VERTEX_POINT ( 'NONE', #908 ) ;
#177 = AXIS2_PLACEMENT_3D ( 'NONE', #1109, #1493, #599 ) ;
#178 = PLANE ( 'NONE',  #962 ) ;
#179 = CARTESIAN_POINT ( 'NONE',  ( 1.115000000000000213, -8.624999999999996447, 0.06000000000000010186 ) ) ;
#180 = VECTOR ( 'NONE', #1108, 39.37007874015748143 ) ;
#181 = EDGE_CURVE ( 'NONE', #859, #1033, #1021, .T. ) ;
#182 = AXIS2_PLACEMENT_3D ( 'NONE', #1478, #1488, #4 ) ;
#183 = ADVANCED_FACE ( 'NONE', ( #278 ), #1535, .F. ) ;
#184 = CARTESIAN_POINT ( 'NONE',  ( -1.235000000000000098, -8.969822682069830577, -0.06000000000002111977 ) ) ;
#185 = DIRECTION ( 'NONE',  ( -0.000000000000000000, 1.000000000000000000, 6.982962677686265922E-15 ) ) ;
#186 = EDGE_LOOP ( 'NONE', ( #255, #1044, #311, #795 ) ) ;
#187 = ORIENTED_EDGE ( 'NONE', *, *, #687, .F. ) ;
#188 = EDGE_CURVE ( 'NONE', #120, #970, #770, .T. ) ;
#189 = DIRECTION ( 'NONE',  ( 3.354901044850848446E-15, 3.834172622686683600E-15, 1.000000000000000000 ) ) ;
#190 = VERTEX_POINT ( 'NONE', #1516 ) ;
#191 = CARTESIAN_POINT ( 'NONE',  ( 1.109000000000000208, 8.624999999999996447, 6.829619984160658046E-17 ) ) ;
#192 = FACE_BOUND ( 'NONE', #1370, .T. ) ;
#193 = DIRECTION ( 'NONE',  ( 1.000000000000000000, 0.000000000000000000, 0.000000000000000000 ) ) ;
#194 = MANIFOLD_SOLID_BREP ( 'Cortar-Extruir1', #790 ) ;
#195 = CARTESIAN_POINT ( 'NONE',  ( -1.633416114736964209E-29, -8.630999999999996675, -0.05999999999999999778 ) ) ;
#196 = ORIENTED_EDGE ( 'NONE', *, *, #405, .T. ) ;
#197 = EDGE_LOOP ( 'NONE', ( #949, #248, #1328, #1333 ) ) ;
#198 = PLANE ( 'NONE',  #879 ) ;
#199 = VERTEX_POINT ( 'NONE', #1081 ) ;
#200 = CARTESIAN_POINT ( 'NONE',  ( -1.251000000000000112, 9.125000000000000000, 0.000000000000000000 ) ) ;
#201 = CARTESIAN_POINT ( 'NONE',  ( 0.01500000000000011394, 9.125000000000000000, -0.05999999999999999778 ) ) ;
#202 = ORIENTED_EDGE ( 'NONE', *, *, #388, .F. ) ;
#203 = EDGE_CURVE ( 'NONE', #35, #1489, #960, .T. ) ;
#204 = ORIENTED_EDGE ( 'NONE', *, *, #1194, .F. ) ;
#205 = DIRECTION ( 'NONE',  ( -1.000000000000000000, 0.000000000000000000, 0.000000000000000000 ) ) ;
#206 = CARTESIAN_POINT ( 'NONE',  ( -1.235000000000000098, -9.280177317930165870, -0.06000000000002111977 ) ) ;
#207 = VECTOR ( 'NONE', #877, 39.37007874015748143 ) ;
#208 = CARTESIAN_POINT ( 'NONE',  ( 1.109000000000000208, 8.630999999999996675, 6.829619984160658046E-17 ) ) ;
#209 = AXIS2_PLACEMENT_3D ( 'NONE', #123, #868, #619 ) ;
#210 = CARTESIAN_POINT ( 'NONE',  ( -1.115000000000000213, -8.624999999999996447, -0.06000000000002110589 ) ) ;
#211 = DIRECTION ( 'NONE',  ( 0.000000000000000000, -1.000000000000000000, 0.000000000000000000 ) ) ;
#212 = AXIS2_PLACEMENT_3D ( 'NONE', #1441, #324, #1317 ) ;
#213 = EDGE_LOOP ( 'NONE', ( #813, #979, #39, #5 ) ) ;
#214 = VECTOR ( 'NONE', #51, 39.37007874015748143 ) ;
#215 = VERTEX_POINT ( 'NONE', #1214 ) ;
#216 = CARTESIAN_POINT ( 'NONE',  ( -1.115000000000000213, -8.624999999999996447, -2.110352575105643381E-14 ) ) ;
#217 = DIRECTION ( 'NONE',  ( -0.000000000000000000, -0.000000000000000000, 1.000000000000000000 ) ) ;
#218 = EDGE_LOOP ( 'NONE', ( #1153, #442 ) ) ;
#219 = DIRECTION ( 'NONE',  ( 0.000000000000000000, 6.982962677686265922E-15, -1.000000000000000000 ) ) ;
#220 = LINE ( 'NONE', #839, #1058 ) ;
#221 = VERTEX_POINT ( 'NONE', #815 ) ;
#222 = VERTEX_POINT ( 'NONE', #1541 ) ;
#223 = CARTESIAN_POINT ( 'NONE',  ( 1.235000000000000098, -8.625000000000001776, 2.871694719995126443E-14 ) ) ;
#224 = DIRECTION ( 'NONE',  ( -1.000000000000000000, 0.000000000000000000, 0.000000000000000000 ) ) ;
#225 = LINE ( 'NONE', #810, #1222 ) ;
#226 = PLANE ( 'NONE',  #419 ) ;
#227 = PLANE ( 'NONE',  #371 ) ;
#228 = VERTEX_POINT ( 'NONE', #206 ) ;
#229 = ORIENTED_EDGE ( 'NONE', *, *, #1585, .T. ) ;
#230 = DIRECTION ( 'NONE',  ( 1.000000000000000000, 0.000000000000000000, 0.000000000000000000 ) ) ;
#231 = CARTESIAN_POINT ( 'NONE',  ( -1.115000000000000213, 8.624999999999996447, 0.05999999999997893130 ) ) ;
#232 = DIRECTION ( 'NONE',  ( -1.000000000000000000, 0.000000000000000000, -3.491481338843134539E-15 ) ) ;
#233 = FACE_OUTER_BOUND ( 'NONE', #1057, .T. ) ;
#234 = EDGE_CURVE ( 'NONE', #1363, #293, #601, .T. ) ;
#235 = EDGE_CURVE ( 'NONE', #1563, #35, #809, .T. ) ;
#236 = LINE ( 'NONE', #254, #1586 ) ;
#237 = ORIENTED_EDGE ( 'NONE', *, *, #1257, .T. ) ;
#238 = AXIS2_PLACEMENT_3D ( 'NONE', #168, #1138, #538 ) ;
#239 = EDGE_LOOP ( 'NONE', ( #1078, #1584, #477, #570 ) ) ;
#240 = AXIS2_PLACEMENT_3D ( 'NONE', #267, #1160, #170 ) ;
#241 = VERTEX_POINT ( 'NONE', #699 ) ;
#242 = CARTESIAN_POINT ( 'NONE',  ( 1.235000000000000320, -8.625000000000000000, 0.05999999999999957451 ) ) ;
#243 = DIRECTION ( 'NONE',  ( 0.000000000000000000, -0.000000000000000000, -1.000000000000000000 ) ) ;
#244 = ADVANCED_FACE ( 'NONE', ( #708 ), #198, .T. ) ;
#245 = CYLINDRICAL_SURFACE ( 'NONE', #990, 0.1560000000000001941 ) ;
#246 = CARTESIAN_POINT ( 'NONE',  ( -1.235000000000000098, 8.625000000000001776, 6.178668607062157792E-14 ) ) ;
#247 = DIRECTION ( 'NONE',  ( -0.000000000000000000, -0.000000000000000000, 1.000000000000000000 ) ) ;
#248 = ORIENTED_EDGE ( 'NONE', *, *, #687, .T. ) ;
#249 = ORIENTED_EDGE ( 'NONE', *, *, #528, .F. ) ;
#250 = VERTEX_POINT ( 'NONE', #1198 ) ;
#251 = CARTESIAN_POINT ( 'NONE',  ( 0.000000000000000000, 8.624999999999996447, -0.05999999999999999778 ) ) ;
#252 = DIRECTION ( 'NONE',  ( 0.000000000000000000, 7.284927983104697498E-14, -1.000000000000000000 ) ) ;
#253 = DIRECTION ( 'NONE',  ( 0.000000000000000000, 0.000000000000000000, 1.000000000000000000 ) ) ;
#254 = CARTESIAN_POINT ( 'NONE',  ( -1.109000000000000208, -8.630999999999996675, -2.110352575105643381E-14 ) ) ;
#255 = ORIENTED_EDGE ( 'NONE', *, *, #883, .F. ) ;
#256 = VERTEX_POINT ( 'NONE', #455 ) ;
#257 = ORIENTED_EDGE ( 'NONE', *, *, #146, .F. ) ;
#258 = EDGE_CURVE ( 'NONE', #587, #250, #332, .T. ) ;
#259 = DIRECTION ( 'NONE',  ( 0.000000000000000000, 1.000000000000000000, 0.000000000000000000 ) ) ;
#260 = FACE_OUTER_BOUND ( 'NONE', #812, .T. ) ;
#261 = DIRECTION ( 'NONE',  ( -1.000000000000000000, 0.000000000000000000, 0.000000000000000000 ) ) ;
#262 = DIRECTION ( 'NONE',  ( 1.000000000000000000, 0.000000000000000000, 0.000000000000000000 ) ) ;
#263 = CARTESIAN_POINT ( 'NONE',  ( 1.235000000000000098, -8.624999999999992895, 0.05999999999999969247 ) ) ;
#264 = VECTOR ( 'NONE', #490, 39.37007874015748143 ) ;
#265 = VECTOR ( 'NONE', #434, 39.37007874015748143 ) ;
#266 = CIRCLE ( 'NONE', #81, 0.1560000000000001941 ) ;
#267 = CARTESIAN_POINT ( 'NONE',  ( 1.115000000000000213, 8.624999999999996447, 0.06000000000000010186 ) ) ;
#268 = LINE ( 'NONE', #876, #1116 ) ;
#269 = EDGE_CURVE ( 'NONE', #250, #293, #96, .T. ) ;
#270 = DIRECTION ( 'NONE',  ( 0.000000000000000000, 0.000000000000000000, -1.000000000000000000 ) ) ;
#271 = DIRECTION ( 'NONE',  ( 0.000000000000000000, 0.000000000000000000, 1.000000000000000000 ) ) ;
#272 = VERTEX_POINT ( 'NONE', #827 ) ;
#273 = CARTESIAN_POINT ( 'NONE',  ( -1.251000000000000112, -9.124999999999998224, -0.06000000000002111977 ) ) ;
#274 = EDGE_CURVE ( 'NONE', #1430, #971, #1351, .T. ) ;
#275 = LINE ( 'NONE', #662, #1144 ) ;
#276 = VERTEX_POINT ( 'NONE', #925 ) ;
#277 = CARTESIAN_POINT ( 'NONE',  ( 1.109000000000000208, -8.630999999999996675, 6.829619984160658046E-17 ) ) ;
#278 = FACE_OUTER_BOUND ( 'NONE', #808, .T. ) ;
#279 = CARTESIAN_POINT ( 'NONE',  ( 0.000000000000000000, 0.000000000000000000, -0.05999999999999999778 ) ) ;
#280 = EDGE_CURVE ( 'NONE', #228, #1593, #1421, .T. ) ;
#281 = VERTEX_POINT ( 'NONE', #1577 ) ;
#282 = VECTOR ( 'NONE', #1000, 39.37007874015748143 ) ;
#283 = AXIS2_PLACEMENT_3D ( 'NONE', #737, #1590, #1239 ) ;
#284 = CARTESIAN_POINT ( 'NONE',  ( -1.109000000000000208, 8.624999999999996447, -2.110352575105643381E-14 ) ) ;
#285 = VECTOR ( 'NONE', #288, 39.37007874015748143 ) ;
#286 = AXIS2_PLACEMENT_3D ( 'NONE', #1248, #845, #136 ) ;
#287 = DIRECTION ( 'NONE',  ( -3.354901044850721044E-15, 0.000000000000000000, 1.000000000000000000 ) ) ;
#288 = DIRECTION ( 'NONE',  ( -1.000000000000000000, 0.000000000000000000, 0.000000000000000000 ) ) ;
#289 = VERTEX_POINT ( 'NONE', #305 ) ;
#290 = CARTESIAN_POINT ( 'NONE',  ( 1.109000000000000208, -8.630999999999996675, 6.829619984160658046E-17 ) ) ;
#291 = CARTESIAN_POINT ( 'NONE',  ( -1.235000000000000098, -9.499999999999998224, 0.000000000000000000 ) ) ;
#292 = PLANE ( 'NONE',  #701 ) ;
#293 = VERTEX_POINT ( 'NONE', #1301 ) ;
#294 = CARTESIAN_POINT ( 'NONE',  ( -1.175000000000000044, 0.000000000000000000, -4.143302790390640358E-15 ) ) ;
#295 = ADVANCED_FACE ( 'NONE', ( #591 ), #574, .T. ) ;
#296 = EDGE_CURVE ( 'NONE', #175, #1210, #1062, .T. ) ;
#297 = PLANE ( 'NONE',  #901 ) ;
#298 = PLANE ( 'NONE',  #1231 ) ;
#299 = LINE ( 'NONE', #637, #79 ) ;
#300 = ORIENTED_EDGE ( 'NONE', *, *, #1371, .T. ) ;
#301 = EDGE_CURVE ( 'NONE', #921, #1251, #611, .T. ) ;
#302 = EDGE_LOOP ( 'NONE', ( #709, #830, #94, #733 ) ) ;
#303 = EDGE_LOOP ( 'NONE', ( #1463, #519, #1428, #1241 ) ) ;
#304 = AXIS2_PLACEMENT_3D ( 'NONE', #231, #1346, #1589 ) ;
#305 = CARTESIAN_POINT ( 'NONE',  ( 0.1710000000000012066, 9.125000000000000000, 0.000000000000000000 ) ) ;
#306 = VECTOR ( 'NONE', #1090, 39.37007874015748143 ) ;
#307 = VECTOR ( 'NONE', #1435, 39.37007874015748143 ) ;
#308 = VERTEX_POINT ( 'NONE', #1255 ) ;
#309 = LINE ( 'NONE', #803, #777 ) ;
#310 = PLANE ( 'NONE',  #756 ) ;
#311 = ORIENTED_EDGE ( 'NONE', *, *, #536, .T. ) ;
#312 = ORIENTED_EDGE ( 'NONE', *, *, #93, .T. ) ;
#313 = FACE_OUTER_BOUND ( 'NONE', #356, .T. ) ;
#314 = CARTESIAN_POINT ( 'NONE',  ( 1.251000000000004553, -9.124999999999998224, 0.000000000000000000 ) ) ;
#315 = PLANE ( 'NONE',  #897 ) ;
#316 = DIRECTION ( 'NONE',  ( -0.000000000000000000, 0.000000000000000000, 1.000000000000000000 ) ) ;
#317 = EDGE_CURVE ( 'NONE', #289, #1372, #1480, .T. ) ;
#318 = DIRECTION ( 'NONE',  ( -0.000000000000000000, -1.000000000000000000, -0.000000000000000000 ) ) ;
#319 = ORIENTED_EDGE ( 'NONE', *, *, #947, .T. ) ;
#320 = ORIENTED_EDGE ( 'NONE', *, *, #922, .F. ) ;
#321 =( CONVERSION_BASED_UNIT ( 'INCH', #1446 ) LENGTH_UNIT ( ) NAMED_UNIT ( #1136 ) );
#322 = EDGE_CURVE ( 'NONE', #72, #272, #989, .T. ) ;
#323 = EDGE_LOOP ( 'NONE', ( #615, #1265, #357, #683 ) ) ;
#324 = DIRECTION ( 'NONE',  ( 0.000000000000000000, 1.000000000000000000, 0.000000000000000000 ) ) ;
#325 = LINE ( 'NONE', #1177, #673 ) ;
#326 = EDGE_CURVE ( 'NONE', #1179, #1088, #268, .T. ) ;
#327 = ORIENTED_EDGE ( 'NONE', *, *, #732, .F. ) ;
#328 = ADVANCED_FACE ( 'NONE', ( #1381 ), #1485, .T. ) ;
#329 = VERTEX_POINT ( 'NONE', #760 ) ;
#330 = CARTESIAN_POINT ( 'NONE',  ( -0.1710000000000009290, -9.125000000000000000, -0.05999999999999999778 ) ) ;
#331 = CARTESIAN_POINT ( 'NONE',  ( -1.235000000000000098, -9.499999999999998224, -0.05999999999999999778 ) ) ;
#332 = CIRCLE ( 'NONE', #1252, 0.1560000000000001941 ) ;
#333 = VERTEX_POINT ( 'NONE', #1466 ) ;
#334 = AXIS2_PLACEMENT_3D ( 'NONE', #49, #1414, #814 ) ;
#335 = LINE ( 'NONE', #831, #337 ) ;
#336 = CARTESIAN_POINT ( 'NONE',  ( -1.235000000000000098, -9.499999999999998224, 0.000000000000000000 ) ) ;
#337 = VECTOR ( 'NONE', #219, 39.37007874015748143 ) ;
#338 = ORIENTED_EDGE ( 'NONE', *, *, #350, .T. ) ;
#339 = ORIENTED_EDGE ( 'NONE', *, *, #761, .F. ) ;
#340 = ORIENTED_EDGE ( 'NONE', *, *, #1308, .T. ) ;
#341 = LINE ( 'NONE', #590, #445 ) ;
#342 = DIRECTION ( 'NONE',  ( -0.000000000000000000, 0.000000000000000000, 1.000000000000000000 ) ) ;
#343 = DIRECTION ( 'NONE',  ( 0.000000000000000000, 0.000000000000000000, -1.000000000000000000 ) ) ;
#344 = FACE_OUTER_BOUND ( 'NONE', #439, .T. ) ;
#345 = LINE ( 'NONE', #485, #112 ) ;
#346 = ORIENTED_EDGE ( 'NONE', *, *, #405, .F. ) ;
#347 = ORIENTED_EDGE ( 'NONE', *, *, #762, .T. ) ;
#348 = ORIENTED_EDGE ( 'NONE', *, *, #691, .T. ) ;
#349 = FACE_OUTER_BOUND ( 'NONE', #555, .T. ) ;
#350 = EDGE_CURVE ( 'NONE', #721, #120, #390, .T. ) ;
#351 = DIRECTION ( 'NONE',  ( -0.000000000000000000, -1.000000000000000000, -0.000000000000000000 ) ) ;
#352 = EDGE_CURVE ( 'NONE', #370, #408, #843, .T. ) ;
#353 = DIRECTION ( 'NONE',  ( 3.491481338843134539E-15, 0.000000000000000000, -1.000000000000000000 ) ) ;
#354 =( NAMED_UNIT ( * ) SI_UNIT ( $, .STERADIAN. ) SOLID_ANGLE_UNIT ( ) );
#355 = CARTESIAN_POINT ( 'NONE',  ( -1.235000000000000098, -9.499999999999998224, 0.000000000000000000 ) ) ;
#356 = EDGE_LOOP ( 'NONE', ( #202, #1454, #919, #1070 ) ) ;
#357 = ORIENTED_EDGE ( 'NONE', *, *, #1194, .T. ) ;
#358 = DIMENSIONAL_EXPONENTS ( 1.000000000000000000, 0.000000000000000000, 0.000000000000000000, 0.000000000000000000, 0.000000000000000000, 0.000000000000000000, 0.000000000000000000 ) ;
#359 = ADVANCED_FACE ( 'NONE', ( #620 ), #1227, .F. ) ;
#360 = ORIENTED_EDGE ( 'NONE', *, *, #484, .F. ) ;
#361 = LINE ( 'NONE', #848, #575 ) ;
#362 = LINE ( 'NONE', #849, #1223 ) ;
#363 = LINE ( 'NONE', #1216, #48 ) ;
#364 = DIRECTION ( 'NONE',  ( -0.000000000000000000, 0.000000000000000000, 1.000000000000000000 ) ) ;
#365 = VECTOR ( 'NONE', #56, 39.37007874015748143 ) ;
#366 = VECTOR ( 'NONE', #217, 39.37007874015748143 ) ;
#367 = PLANE ( 'NONE',  #576 ) ;
#368 = ORIENTED_EDGE ( 'NONE', *, *, #594, .F. ) ;
#369 = AXIS2_PLACEMENT_3D ( 'NONE', #842, #1345, #230 ) ;
#370 = VERTEX_POINT ( 'NONE', #1246 ) ;
#371 = AXIS2_PLACEMENT_3D ( 'NONE', #720, #1220, #108 ) ;
#372 = EDGE_LOOP ( 'NONE', ( #113, #381, #1170, #1551 ) ) ;
#373 = LINE ( 'NONE', #1597, #671 ) ;
#374 = CARTESIAN_POINT ( 'NONE',  ( 1.235000000000000098, 8.630999999999996675, 3.414809992080329023E-17 ) ) ;
#375 = CARTESIAN_POINT ( 'NONE',  ( -1.175000000000000266, 8.624999999999998224, 0.05999999999997818884 ) ) ;
#376 = CARTESIAN_POINT ( 'NONE',  ( -1.235000000000000098, 9.280177317930167646, -0.06000000000002111977 ) ) ;
#377 = DIRECTION ( 'NONE',  ( 1.000000000000000000, 0.000000000000000000, 0.000000000000000000 ) ) ;
#378 = ADVANCED_FACE ( 'NONE', ( #638 ), #1005, .T. ) ;
#379 = EDGE_LOOP ( 'NONE', ( #938, #584, #1276, #166 ) ) ;
#380 = ORIENTED_EDGE ( 'NONE', *, *, #816, .T. ) ;
#381 = ORIENTED_EDGE ( 'NONE', *, *, #1186, .F. ) ;
#382 = FACE_OUTER_BOUND ( 'NONE', #1300, .T. ) ;
#383 = CARTESIAN_POINT ( 'NONE',  ( 1.115000000000000213, -8.624999999999996447, 6.829619984160658046E-17 ) ) ;
#384 = LINE ( 'NONE', #1487, #1087 ) ;
#385 = CARTESIAN_POINT ( 'NONE',  ( 1.235000000000000098, -9.499999999999998224, -0.05999999999999999778 ) ) ;
#386 = PLANE ( 'NONE',  #286 ) ;
#387 = ORIENTED_EDGE ( 'NONE', *, *, #67, .F. ) ;
#388 = EDGE_CURVE ( 'NONE', #1420, #1562, #498, .T. ) ;
#389 = LINE ( 'NONE', #141, #992 ) ;
#390 = LINE ( 'NONE', #374, #264 ) ;
#391 = DIRECTION ( 'NONE',  ( 1.000000000000000000, 0.000000000000000000, 0.000000000000000000 ) ) ;
#392 = LENGTH_MEASURE_WITH_UNIT ( LENGTH_MEASURE( 0.02539999999999999897 ), #738 );
#393 = DIRECTION ( 'NONE',  ( -0.000000000000000000, -1.000000000000000000, -0.000000000000000000 ) ) ;
#394 = COLOUR_RGB ( '',0.7921568627450980005, 0.8196078431372548767, 0.9333333333333333481 ) ;
#395 = AXIS2_PLACEMENT_3D ( 'NONE', #124, #1603, #132 ) ;
#396 = ORIENTED_EDGE ( 'NONE', *, *, #719, .T. ) ;
#397 = CIRCLE ( 'NONE', #10, 0.1560000000000001941 ) ;
#398 = ORIENTED_EDGE ( 'NONE', *, *, #406, .T. ) ;
#399 = PLANE ( 'NONE',  #1015 ) ;
#400 = VECTOR ( 'NONE', #1167, 39.37007874015748143 ) ;
#401 = DIRECTION ( 'NONE',  ( 0.000000000000000000, 0.000000000000000000, -1.000000000000000000 ) ) ;
#402 = CARTESIAN_POINT ( 'NONE',  ( -1.115000000000000213, -8.624999999999996447, -2.110352575105643381E-14 ) ) ;
#403 = ORIENTED_EDGE ( 'NONE', *, *, #1063, .F. ) ;
#404 = DIRECTION ( 'NONE',  ( 3.354901044850720256E-15, 0.000000000000000000, -1.000000000000000000 ) ) ;
#405 = EDGE_CURVE ( 'NONE', #176, #276, #1318, .T. ) ;
#406 = EDGE_CURVE ( 'NONE', #1179, #308, #1014, .T. ) ;
#407 = DIRECTION ( 'NONE',  ( 0.000000000000000000, 0.000000000000000000, 1.000000000000000000 ) ) ;
#408 = VERTEX_POINT ( 'NONE', #974 ) ;
#409 = EDGE_CURVE ( 'NONE', #120, #569, #362, .T. ) ;
#410 = FACE_OUTER_BOUND ( 'NONE', #372, .T. ) ;
#411 = DIRECTION ( 'NONE',  ( 1.000000000000000000, 0.000000000000000000, 0.000000000000000000 ) ) ;
#412 = FACE_OUTER_BOUND ( 'NONE', #513, .T. ) ;
#413 = EDGE_LOOP ( 'NONE', ( #348, #1587, #300, #840 ) ) ;
#414 = VECTOR ( 'NONE', #981, 39.37007874015748143 ) ;
#415 = AXIS2_PLACEMENT_3D ( 'NONE', #1492, #1245, #1117 ) ;
#416 = DIRECTION ( 'NONE',  ( -0.000000000000000000, -1.000000000000000000, -0.000000000000000000 ) ) ;
#417 = VECTOR ( 'NONE', #23, 39.37007874015748143 ) ;
#418 = ORIENTED_EDGE ( 'NONE', *, *, #986, .T. ) ;
#419 = AXIS2_PLACEMENT_3D ( 'NONE', #718, #927, #1424 ) ;
#420 = LINE ( 'NONE', #34, #506 ) ;
#421 = DIRECTION ( 'NONE',  ( 3.354901044850720256E-15, 0.000000000000000000, -1.000000000000000000 ) ) ;
#422 = ADVANCED_FACE ( 'NONE', ( #1355 ), #12, .F. ) ;
#423 = ORIENTED_EDGE ( 'NONE', *, *, #1596, .T. ) ;
#424 = EDGE_CURVE ( 'NONE', #1033, #1171, #629, .T. ) ;
#425 = CARTESIAN_POINT ( 'NONE',  ( -1.175000000000002043, 8.624999999999996447, 0.5700000000000001732 ) ) ;
#426 = LINE ( 'NONE', #1196, #265 ) ;
#427 = FILL_AREA_STYLE_COLOUR ( '', #394 ) ;
#428 = ADVANCED_FACE ( 'NONE', ( #260 ), #750, .F. ) ;
#429 = DIRECTION ( 'NONE',  ( 0.000000000000000000, -0.000000000000000000, 1.000000000000000000 ) ) ;
#430 = CARTESIAN_POINT ( 'NONE',  ( 1.115000000000000213, -8.624999999999996447, 6.829619984160658046E-17 ) ) ;
#431 = ORIENTED_EDGE ( 'NONE', *, *, #892, .T. ) ;
#432 = ORIENTED_EDGE ( 'NONE', *, *, #1504, .F. ) ;
#433 = EDGE_CURVE ( 'NONE', #222, #176, #27, .T. ) ;
#434 = DIRECTION ( 'NONE',  ( 0.000000000000000000, 1.000000000000000000, 0.000000000000000000 ) ) ;
#435 = SURFACE_SIDE_STYLE ('',( #1415 ) ) ;
#436 = ORIENTED_EDGE ( 'NONE', *, *, #1038, .T. ) ;
#437 = PLANE ( 'NONE',  #757 ) ;
#438 = DIRECTION ( 'NONE',  ( 0.000000000000000000, 1.000000000000000000, 0.000000000000000000 ) ) ;
#439 = EDGE_LOOP ( 'NONE', ( #609, #1285, #1350, #1145 ) ) ;
#440 = VERTEX_POINT ( 'NONE', #172 ) ;
#441 = DIRECTION ( 'NONE',  ( 0.000000000000000000, -6.982962677686265922E-15, 1.000000000000000000 ) ) ;
#442 = ORIENTED_EDGE ( 'NONE', *, *, #536, .F. ) ;
#443 = EDGE_CURVE ( 'NONE', #1210, #1560, #781, .T. ) ;
#444 =( NAMED_UNIT ( * ) PLANE_ANGLE_UNIT ( ) SI_UNIT ( $, .RADIAN. ) );
#445 = VECTOR ( 'NONE', #497, 39.37007874015748143 ) ;
#446 = VECTOR ( 'NONE', #52, 39.37007874015748143 ) ;
#447 = EDGE_LOOP ( 'NONE', ( #1269, #257, #1305, #1432 ) ) ;
#448 = LINE ( 'NONE', #1340, #1093 ) ;
#449 = VECTOR ( 'NONE', #838, 39.37007874015748143 ) ;
#450 = CARTESIAN_POINT ( 'NONE',  ( -1.115000000000000213, 8.624999999999996447, -0.05999999999999999778 ) ) ;
#451 = ORIENTED_EDGE ( 'NONE', *, *, #600, .T. ) ;
#452 = ADVANCED_FACE ( 'NONE', ( #1389 ), #399, .T. ) ;
#453 = ORIENTED_EDGE ( 'NONE', *, *, #1475, .T. ) ;
#454 = DIRECTION ( 'NONE',  ( 0.000000000000000000, 8.087894779578938540E-30, -1.000000000000000000 ) ) ;
#455 = CARTESIAN_POINT ( 'NONE',  ( 1.235000000000002096, 8.624999999999998224, 0.5699999999999999512 ) ) ;
#456 = ORIENTED_EDGE ( 'NONE', *, *, #1337, .T. ) ;
#457 = CARTESIAN_POINT ( 'NONE',  ( 1.235000000000002096, 8.624999999999998224, 0.5699999999999999512 ) ) ;
#458 = ADVANCED_FACE ( 'NONE', ( #666 ), #776, .T. ) ;
#459 = DIRECTION ( 'NONE',  ( 0.000000000000000000, 1.000000000000000000, 0.000000000000000000 ) ) ;
#460 = VERTEX_POINT ( 'NONE', #161 ) ;
#461 = EDGE_LOOP ( 'NONE', ( #648, #55, #705, #681 ) ) ;
#462 = CARTESIAN_POINT ( 'NONE',  ( -1.235000000000000098, -8.630999999999996675, -1.055176287552821690E-14 ) ) ;
#463 = DIRECTION ( 'NONE',  ( 0.000000000000000000, -0.000000000000000000, -1.000000000000000000 ) ) ;
#464 = ORIENTED_EDGE ( 'NONE', *, *, #1367, .F. ) ;
#465 = DIRECTION ( 'NONE',  ( -0.000000000000000000, 1.000000000000000000, -0.000000000000000000 ) ) ;
#466 = DIRECTION ( 'NONE',  ( -1.000000000000000000, 0.000000000000000000, -3.343668117245323456E-15 ) ) ;
#467 = ORIENTED_EDGE ( 'NONE', *, *, #1186, .T. ) ;
#468 = ORIENTED_EDGE ( 'NONE', *, *, #62, .F. ) ;
#469 = LINE ( 'NONE', #743, #1089 ) ;
#470 = DIRECTION ( 'NONE',  ( 0.000000000000000000, -6.982962677686265922E-15, 1.000000000000000000 ) ) ;
#471 = AXIS2_PLACEMENT_3D ( 'NONE', #1043, #342, #75 ) ;
#472 = DIRECTION ( 'NONE',  ( 1.000000000000000000, -5.847822725683259920E-28, 0.000000000000000000 ) ) ;
#473 = VECTOR ( 'NONE', #548, 39.37007874015748143 ) ;
#474 = DIRECTION ( 'NONE',  ( 1.000000000000000000, 0.000000000000000000, 0.000000000000000000 ) ) ;
#475 = CIRCLE ( 'NONE', #1017, 0.06000000000000005329 ) ;
#476 = DIRECTION ( 'NONE',  ( 0.000000000000000000, -1.000000000000000000, 0.000000000000000000 ) ) ;
#477 = ORIENTED_EDGE ( 'NONE', *, *, #1098, .F. ) ;
#478 = ORIENTED_EDGE ( 'NONE', *, *, #1197, .T. ) ;
#479 = EDGE_CURVE ( 'NONE', #329, #272, #1019, .T. ) ;
#480 = ORIENTED_EDGE ( 'NONE', *, *, #234, .F. ) ;
#481 = DIRECTION ( 'NONE',  ( -1.000000000000000000, 0.000000000000000000, 8.374414980577951907E-14 ) ) ;
#482 = DIRECTION ( 'NONE',  ( 0.000000000000000000, 0.000000000000000000, 1.000000000000000000 ) ) ;
#483 = DIRECTION ( 'NONE',  ( 0.000000000000000000, 0.000000000000000000, 1.000000000000000000 ) ) ;
#484 = EDGE_CURVE ( 'NONE', #837, #440, #912, .T. ) ;
#485 = CARTESIAN_POINT ( 'NONE',  ( 1.109000000000000208, 8.624999999999996447, 6.829619984160658046E-17 ) ) ;
#486 = ORIENTED_EDGE ( 'NONE', *, *, #1281, .F. ) ;
#487 = VERTEX_POINT ( 'NONE', #47 ) ;
#488 = EDGE_LOOP ( 'NONE', ( #636, #25, #436, #347 ) ) ;
#489 = CARTESIAN_POINT ( 'NONE',  ( 1.235000000000000098, -9.499999999999998224, -0.05999999999999999778 ) ) ;
#490 = DIRECTION ( 'NONE',  ( 0.000000000000000000, 6.982962677686265922E-15, -1.000000000000000000 ) ) ;
#491 = DIRECTION ( 'NONE',  ( -0.000000000000000000, -0.000000000000000000, 1.000000000000000000 ) ) ;
#492 = CARTESIAN_POINT ( 'NONE',  ( -1.235000000000000098, -9.280177317930165870, 0.000000000000000000 ) ) ;
#493 = CARTESIAN_POINT ( 'NONE',  ( 1.235000000000000098, 9.500000000000000000, 0.000000000000000000 ) ) ;
#494 = ORIENTED_EDGE ( 'NONE', *, *, #274, .F. ) ;
#495 = VERTEX_POINT ( 'NONE', #890 ) ;
#496 = PRODUCT_DEFINITION_SHAPE ( 'NONE', 'NONE',  #854 ) ;
#497 = DIRECTION ( 'NONE',  ( -1.000000000000000000, 0.000000000000000000, 0.000000000000000000 ) ) ;
#498 = LINE ( 'NONE', #1119, #282 ) ;
#499 = EDGE_CURVE ( 'NONE', #569, #1479, #885, .T. ) ;
#500 =( NAMED_UNIT ( * ) PLANE_ANGLE_UNIT ( ) SI_UNIT ( $, .RADIAN. ) );
#501 = AXIS2_PLACEMENT_3D ( 'NONE', #677, #887, #1391 ) ;
#502 = CARTESIAN_POINT ( 'NONE',  ( 1.115000000000000213, 8.624999999999996447, 6.829619984160658046E-17 ) ) ;
#503 = ORIENTED_EDGE ( 'NONE', *, *, #647, .T. ) ;
#504 = AXIS2_PLACEMENT_3D ( 'NONE', #1515, #1134, #656 ) ;
#505 = ORIENTED_EDGE ( 'NONE', *, *, #691, .F. ) ;
#506 = VECTOR ( 'NONE', #531, 39.37007874015748143 ) ;
#507 = ORIENTED_EDGE ( 'NONE', *, *, #539, .F. ) ;
#508 = VECTOR ( 'NONE', #621, 39.37007874015748143 ) ;
#509 = DIRECTION ( 'NONE',  ( 1.000000000000000000, 0.000000000000000000, -3.343668117245323456E-15 ) ) ;
#510 = CARTESIAN_POINT ( 'NONE',  ( -1.235000000000000098, -9.499999999999998224, -0.05999999999999999778 ) ) ;
#511 = CARTESIAN_POINT ( 'NONE',  ( -1.251000000000000112, 9.125000000000000000, -0.06000000000002111977 ) ) ;
#512 = FACE_BOUND ( 'NONE', #788, .T. ) ;
#513 = EDGE_LOOP ( 'NONE', ( #1221, #6, #742, #486 ) ) ;
#514 = CARTESIAN_POINT ( 'NONE',  ( 1.109000000000000208, 8.630999999999996675, -0.05999999999999999778 ) ) ;
#515 = DIRECTION ( 'NONE',  ( 0.000000000000000000, 3.834172622686683600E-15, 1.000000000000000000 ) ) ;
#516 = CARTESIAN_POINT ( 'NONE',  ( 0.000000000000000000, -8.624999999999996447, -0.05999999999999999778 ) ) ;
#517 = CARTESIAN_POINT ( 'NONE',  ( -1.235000000000000098, -9.499999999999998224, -0.05999999999999999778 ) ) ;
#518 = LINE ( 'NONE', #1110, #1122 ) ;
#519 = ORIENTED_EDGE ( 'NONE', *, *, #388, .T. ) ;
#520 = CARTESIAN_POINT ( 'NONE',  ( -1.115000000000000213, -8.624999999999996447, 0.05999999999997893130 ) ) ;
#521 = DIRECTION ( 'NONE',  ( 0.000000000000000000, -6.982962677686265922E-15, 1.000000000000000000 ) ) ;
#522 = DIRECTION ( 'NONE',  ( 0.000000000000000000, -8.087894779578938540E-30, -1.000000000000000000 ) ) ;
#523 = CIRCLE ( 'NONE', #850, 0.1560000000000001941 ) ;
#524 = CIRCLE ( 'NONE', #369, 0.1560000000000001941 ) ;
#525 = PRODUCT_DEFINITION_CONTEXT ( 'detailed design', #1115, 'design' ) ;
#526 = ADVANCED_FACE ( 'NONE', ( #410 ), #1266, .T. ) ;
#527 = CIRCLE ( 'NONE', #13, 0.1560000000000010822 ) ;
#528 = EDGE_CURVE ( 'NONE', #329, #1324, #1525, .T. ) ;
#529 = PLANE ( 'NONE',  #1256 ) ;
#530 = VECTOR ( 'NONE', #474, 39.37007874015748143 ) ;
#531 = DIRECTION ( 'NONE',  ( -0.000000000000000000, -1.000000000000000000, -0.000000000000000000 ) ) ;
#532 = EDGE_CURVE ( 'NONE', #408, #553, #1280, .T. ) ;
#533 = ORIENTED_EDGE ( 'NONE', *, *, #234, .T. ) ;
#534 = DIRECTION ( 'NONE',  ( -5.847822725683259920E-28, -1.000000000000000000, -6.982962677686265922E-15 ) ) ;
#535 = FACE_OUTER_BOUND ( 'NONE', #1344, .T. ) ;
#536 = EDGE_CURVE ( 'NONE', #1372, #289, #1583, .T. ) ;
#537 = ORIENTED_EDGE ( 'NONE', *, *, #1343, .T. ) ;
#538 = DIRECTION ( 'NONE',  ( 1.000000000000000000, 0.000000000000000000, 0.000000000000000000 ) ) ;
#539 = EDGE_CURVE ( 'NONE', #35, #241, #660, .T. ) ;
#540 = CARTESIAN_POINT ( 'NONE',  ( 1.235000000000002096, -8.624999999999998224, 0.5699999999999999512 ) ) ;
#541 = DIRECTION ( 'NONE',  ( -1.000000000000000000, 0.000000000000000000, -3.414809992080326361E-15 ) ) ;
#542 = EDGE_LOOP ( 'NONE', ( #1079, #1206, #1085, #573 ) ) ;
#543 = VECTOR ( 'NONE', #1127, 39.37007874015748143 ) ;
#544 = VECTOR ( 'NONE', #1146, 39.37007874015748143 ) ;
#545 = CARTESIAN_POINT ( 'NONE',  ( 0.1410000000000007081, -9.125000000000000000, -0.05999999999999999778 ) ) ;
#546 = VECTOR ( 'NONE', #476, 39.37007874015748143 ) ;
#547 = ADVANCED_FACE ( 'NONE', ( #1399 ), #644, .F. ) ;
#548 = DIRECTION ( 'NONE',  ( 0.000000000000000000, 0.000000000000000000, 1.000000000000000000 ) ) ;
#549 = CIRCLE ( 'NONE', #907, 0.1560000000000001941 ) ;
#550 = FACE_OUTER_BOUND ( 'NONE', #542, .T. ) ;
#551 = ADVANCED_FACE ( 'NONE', ( #31 ), #529, .T. ) ;
#552 = LINE ( 'NONE', #1037, #307 ) ;
#553 = VERTEX_POINT ( 'NONE', #1523 ) ;
#554 = ORIENTED_EDGE ( 'NONE', *, *, #1367, .T. ) ;
#555 = EDGE_LOOP ( 'NONE', ( #1236, #432, #1191, #467 ) ) ;
#556 = CARTESIAN_POINT ( 'NONE',  ( 1.235000000000002096, 8.624999999999998224, 0.5699999999999999512 ) ) ;
#557 = DIRECTION ( 'NONE',  ( 1.000000000000000000, 0.000000000000000000, 0.000000000000000000 ) ) ;
#558 = ORIENTED_EDGE ( 'NONE', *, *, #149, .T. ) ;
#559 = LINE ( 'NONE', #1065, #1123 ) ;
#560 = CARTESIAN_POINT ( 'NONE',  ( -1.235000000000000098, -8.969822682069830577, 0.000000000000000000 ) ) ;
#561 = EDGE_LOOP ( 'NONE', ( #505, #249, #564, #380 ) ) ;
#562 = VERTEX_POINT ( 'NONE', #1034 ) ;
#563 = EDGE_CURVE ( 'NONE', #1107, #190, #1533, .T. ) ;
#564 = ORIENTED_EDGE ( 'NONE', *, *, #479, .T. ) ;
#565 = DIRECTION ( 'NONE',  ( 0.000000000000000000, 0.000000000000000000, 1.000000000000000000 ) ) ;
#566 = DIRECTION ( 'NONE',  ( 0.000000000000000000, 0.000000000000000000, 1.000000000000000000 ) ) ;
#567 = DIRECTION ( 'NONE',  ( 1.000000000000000000, 0.000000000000000000, 0.000000000000000000 ) ) ;
#568 = CARTESIAN_POINT ( 'NONE',  ( -1.175000000000002043, -8.624999999999996447, 0.5700000000000001732 ) ) ;
#569 = VERTEX_POINT ( 'NONE', #787 ) ;
#570 = ORIENTED_EDGE ( 'NONE', *, *, #1343, .F. ) ;
#571 = VECTOR ( 'NONE', #482, 39.37007874015748143 ) ;
#572 = CARTESIAN_POINT ( 'NONE',  ( -1.109000000000000208, -8.630999999999996675, -2.110352575105643381E-14 ) ) ;
#573 = ORIENTED_EDGE ( 'NONE', *, *, #67, .T. ) ;
#574 = PLANE ( 'NONE',  #1272 ) ;
#575 = VECTOR ( 'NONE', #1354, 39.37007874015748143 ) ;
#576 = AXIS2_PLACEMENT_3D ( 'NONE', #152, #1360, #864 ) ;
#577 = CYLINDRICAL_SURFACE ( 'NONE', #726, 0.1560000000000008047 ) ;
#578 = AXIS2_PLACEMENT_3D ( 'NONE', #783, #1536, #429 ) ;
#579 = LINE ( 'NONE', #1311, #965 ) ;
#580 = ORIENTED_EDGE ( 'NONE', *, *, #1076, .T. ) ;
#581 = ORIENTED_EDGE ( 'NONE', *, *, #1438, .T. ) ;
#582 = ORIENTED_EDGE ( 'NONE', *, *, #409, .T. ) ;
#583 = DIRECTION ( 'NONE',  ( 0.000000000000000000, -3.834172622686683600E-15, -1.000000000000000000 ) ) ;
#584 = ORIENTED_EDGE ( 'NONE', *, *, #499, .F. ) ;
#585 = CARTESIAN_POINT ( 'NONE',  ( -1.109000000000000208, -8.624999999999996447, -2.110352575105643381E-14 ) ) ;
#586 = LINE ( 'NONE', #833, #1405 ) ;
#587 = VERTEX_POINT ( 'NONE', #913 ) ;
#588 = ADVANCED_FACE ( 'NONE', ( #313 ), #936, .F. ) ;
#589 = VERTEX_POINT ( 'NONE', #1326 ) ;
#590 = CARTESIAN_POINT ( 'NONE',  ( -1.109000000000000208, -8.624999999999996447, -2.110352575105643381E-14 ) ) ;
#591 = FACE_OUTER_BOUND ( 'NONE', #1172, .T. ) ;
#592 = CARTESIAN_POINT ( 'NONE',  ( -1.235000000000000098, -9.499999999999998224, -0.05999999999999999778 ) ) ;
#593 = DIRECTION ( 'NONE',  ( 0.000000000000000000, 6.982962677686265922E-15, -1.000000000000000000 ) ) ;
#594 = EDGE_CURVE ( 'NONE', #222, #495, #1353, .T. ) ;
#595 = DIRECTION ( 'NONE',  ( 1.000000000000000000, 0.000000000000000000, 0.000000000000000000 ) ) ;
#596 = ORIENTED_EDGE ( 'NONE', *, *, #1098, .T. ) ;
#597 = ORIENTED_EDGE ( 'NONE', *, *, #922, .T. ) ;
#598 = CARTESIAN_POINT ( 'NONE',  ( -1.115000000000000213, -8.624999999999994671, -0.06000000000002110589 ) ) ;
#599 = DIRECTION ( 'NONE',  ( 1.000000000000000000, 0.000000000000000000, 0.000000000000000000 ) ) ;
#600 = EDGE_CURVE ( 'NONE', #721, #1202, #86, .T. ) ;
#601 = CIRCLE ( 'NONE', #1400, 0.1560000000000001941 ) ;
#602 = DIRECTION ( 'NONE',  ( 1.000000000000000000, 0.000000000000000000, 0.000000000000000000 ) ) ;
#603 = LINE ( 'NONE', #517, #1559 ) ;
#604 = AXIS2_PLACEMENT_3D ( 'NONE', #157, #899, #407 ) ;
#605 = CARTESIAN_POINT ( 'NONE',  ( 1.235000000000002096, 0.000000000000000000, 0.5699999999999999512 ) ) ;
#606 = CIRCLE ( 'NONE', #829, 0.1560000000000001941 ) ;
#607 = VERTEX_POINT ( 'NONE', #64 ) ;
#608 = ORIENTED_EDGE ( 'NONE', *, *, #181, .F. ) ;
#609 = ORIENTED_EDGE ( 'NONE', *, *, #122, .F. ) ;
#610 = CARTESIAN_POINT ( 'NONE',  ( -1.175000000000000044, 8.625000000000001776, -2.172638636727043544E-14 ) ) ;
#611 = LINE ( 'NONE', #1598, #571 ) ;
#612 = CARTESIAN_POINT ( 'NONE',  ( -1.251000000000000112, -9.124999999999998224, -0.06000000000002111977 ) ) ;
#613 = DIRECTION ( 'NONE',  ( 1.000000000000000000, 0.000000000000000000, 0.000000000000000000 ) ) ;
#614 = CARTESIAN_POINT ( 'NONE',  ( 1.235000000000000098, -9.499999999999998224, -0.05999999999999999778 ) ) ;
#615 = ORIENTED_EDGE ( 'NONE', *, *, #1197, .F. ) ;
#616 = ORIENTED_EDGE ( 'NONE', *, *, #625, .F. ) ;
#617 = ORIENTED_EDGE ( 'NONE', *, *, #1061, .T. ) ;
#618 = EDGE_CURVE ( 'NONE', #460, #1173, #924, .T. ) ;
#619 = DIRECTION ( 'NONE',  ( 0.000000000000000000, 0.000000000000000000, -1.000000000000000000 ) ) ;
#620 = FACE_OUTER_BOUND ( 'NONE', #413, .T. ) ;
#621 = DIRECTION ( 'NONE',  ( 3.354901044850721044E-15, 7.668345245373076898E-15, -1.000000000000000000 ) ) ;
#622 = LINE ( 'NONE', #755, #634 ) ;
#623 = ORIENTED_EDGE ( 'NONE', *, *, #563, .T. ) ;
#624 = ORIENTED_EDGE ( 'NONE', *, *, #87, .T. ) ;
#625 = EDGE_CURVE ( 'NONE', #1100, #1372, #1071, .T. ) ;
#626 = ORIENTED_EDGE ( 'NONE', *, *, #258, .T. ) ;
#627 = CARTESIAN_POINT ( 'NONE',  ( -1.235000000000000098, -8.630999999999996675, -1.055176287552821690E-14 ) ) ;
#628 = ADVANCED_FACE ( 'NONE', ( #1540 ), #178, .T. ) ;
#629 = LINE ( 'NONE', #1375, #1321 ) ;
#630 = CARTESIAN_POINT ( 'NONE',  ( -1.235000000000000098, 9.280177317930167646, -0.06000000000002111977 ) ) ;
#631 = DIRECTION ( 'NONE',  ( -0.000000000000000000, 0.000000000000000000, 1.000000000000000000 ) ) ;
#632 = VECTOR ( 'NONE', #769, 39.37007874015748143 ) ;
#633 = CARTESIAN_POINT ( 'NONE',  ( -1.235000000000000098, 9.500000000000000000, 0.000000000000000000 ) ) ;
#634 = VECTOR ( 'NONE', #393, 39.37007874015748143 ) ;
#635 = CIRCLE ( 'NONE', #1455, 0.06000000000000004635 ) ;
#636 = ORIENTED_EDGE ( 'NONE', *, *, #857, .F. ) ;
#637 = CARTESIAN_POINT ( 'NONE',  ( -1.109000000000000208, 8.624999999999996447, -2.110352575105643381E-14 ) ) ;
#638 = FACE_OUTER_BOUND ( 'NONE', #806, .T. ) ;
#639 = DIRECTION ( 'NONE',  ( -0.000000000000000000, 1.000000000000000000, 0.000000000000000000 ) ) ;
#640 = CARTESIAN_POINT ( 'NONE',  ( 0.01500000000000011394, 9.125000000000000000, -0.05999999999999999778 ) ) ;
#641 = LINE ( 'NONE', #1009, #1143 ) ;
#642 = ORIENTED_EDGE ( 'NONE', *, *, #1180, .T. ) ;
#643 = DIRECTION ( 'NONE',  ( 0.000000000000000000, 0.000000000000000000, 1.000000000000000000 ) ) ;
#644 = CYLINDRICAL_SURFACE ( 'NONE', #238, 0.1560000000000001941 ) ;
#645 = CARTESIAN_POINT ( 'NONE',  ( -0.01500000000000011394, -9.125000000000000000, 0.000000000000000000 ) ) ;
#646 = ADVANCED_FACE ( 'NONE', ( #1429 ), #297, .T. ) ;
#647 = EDGE_CURVE ( 'NONE', #721, #1479, #426, .T. ) ;
#648 = ORIENTED_EDGE ( 'NONE', *, *, #1452, .F. ) ;
#649 = CARTESIAN_POINT ( 'NONE',  ( -1.094999999999999973, 9.125000000000000000, -0.06000000000002111977 ) ) ;
#650 = SHAPE_DEFINITION_REPRESENTATION ( #496, #1229 ) ;
#651 = EDGE_CURVE ( 'NONE', #1562, #256, #1307, .T. ) ;
#652 = LINE ( 'NONE', #402, #1195 ) ;
#653 = MECHANICAL_DESIGN_GEOMETRIC_PRESENTATION_REPRESENTATION (  '', ( #1028 ), #1524 ) ;
#654 = VECTOR ( 'NONE', #189, 39.37007874015748143 ) ;
#655 = CIRCLE ( 'NONE', #1556, 0.1560000000000008047 ) ;
#656 = DIRECTION ( 'NONE',  ( 1.000000000000000000, 0.000000000000000000, 0.000000000000000000 ) ) ;
#657 = AXIS2_PLACEMENT_3D ( 'NONE', #640, #1095, #117 ) ;
#658 = CARTESIAN_POINT ( 'NONE',  ( -1.235000000000000098, -8.624999999999996447, -4.352791670721228675E-15 ) ) ;
#659 = VERTEX_POINT ( 'NONE', #216 ) ;
#660 = LINE ( 'NONE', #36, #544 ) ;
#661 = ADVANCED_FACE ( 'NONE', ( #1288 ), #943, .T. ) ;
#662 = CARTESIAN_POINT ( 'NONE',  ( 1.235000000000000098, -9.499999999999998224, 0.000000000000000000 ) ) ;
#663 = DIRECTION ( 'NONE',  ( 0.000000000000000000, 0.000000000000000000, 1.000000000000000000 ) ) ;
#664 = ORIENTED_EDGE ( 'NONE', *, *, #1337, .F. ) ;
#665 = EDGE_CURVE ( 'NONE', #1420, #221, #1182, .T. ) ;
#666 = FACE_OUTER_BOUND ( 'NONE', #461, .T. ) ;
#667 = EDGE_CURVE ( 'NONE', #1243, #72, #1561, .T. ) ;
#668 = CARTESIAN_POINT ( 'NONE',  ( 1.251000000000000112, 9.125000000000000000, -0.06000000000002111977 ) ) ;
#669 = LINE ( 'NONE', #784, #446 ) ;
#670 = ORIENTED_EDGE ( 'NONE', *, *, #188, .T. ) ;
#671 = VECTOR ( 'NONE', #1484, 39.37007874015748143 ) ;
#672 = ORIENTED_EDGE ( 'NONE', *, *, #1373, .T. ) ;
#673 = VECTOR ( 'NONE', #80, 39.37007874015748143 ) ;
#674 = CARTESIAN_POINT ( 'NONE',  ( 1.235000000000000098, 8.630999999999996675, 3.414809992080329023E-17 ) ) ;
#675 = ORIENTED_EDGE ( 'NONE', *, *, #1585, .F. ) ;
#676 = PRODUCT_DEFINITION_FORMATION_WITH_SPECIFIED_SOURCE ( 'ANY', '', #1215, .NOT_KNOWN. ) ;
#677 = CARTESIAN_POINT ( 'NONE',  ( -1.251000000000000112, 9.125000000000000000, -0.06000000000002111977 ) ) ;
#678 = CARTESIAN_POINT ( 'NONE',  ( 1.235000000000000098, -9.280177317930164094, 0.000000000000000000 ) ) ;
#679 = CARTESIAN_POINT ( 'NONE',  ( -1.115000000000000213, 8.624999999999996447, -2.110352575105643381E-14 ) ) ;
#680 = EDGE_LOOP ( 'NONE', ( #1068, #1054, #723, #929 ) ) ;
#681 = ORIENTED_EDGE ( 'NONE', *, *, #1513, .T. ) ;
#682 = DIRECTION ( 'NONE',  ( 0.000000000000000000, 1.000000000000000000, 0.000000000000000000 ) ) ;
#683 = ORIENTED_EDGE ( 'NONE', *, *, #1501, .T. ) ;
#684 = FACE_OUTER_BOUND ( 'NONE', #996, .T. ) ;
#685 = CARTESIAN_POINT ( 'NONE',  ( -1.251000000000000112, -9.124999999999998224, -0.06000000000002111977 ) ) ;
#686 = VERTEX_POINT ( 'NONE', #1439 ) ;
#687 = EDGE_CURVE ( 'NONE', #495, #276, #1445, .T. ) ;
#688 = DIRECTION ( 'NONE',  ( -1.892499263975164967E-30, -1.000000000000000000, -6.982962677686265922E-15 ) ) ;
#689 = DIRECTION ( 'NONE',  ( 0.000000000000000000, 0.000000000000000000, -1.000000000000000000 ) ) ;
#690 = PLANE ( 'NONE',  #753 ) ;
#691 = EDGE_CURVE ( 'NONE', #1324, #1212, #1035, .T. ) ;
#692 = LINE ( 'NONE', #1448, #905 ) ;
#693 = CARTESIAN_POINT ( 'NONE',  ( -1.235000000000002096, -8.624999999999996447, 0.5699999999999999512 ) ) ;
#694 = ORIENTED_EDGE ( 'NONE', *, *, #87, .F. ) ;
#695 = VECTOR ( 'NONE', #1139, 39.37007874015748143 ) ;
#696 = ORIENTED_EDGE ( 'NONE', *, *, #874, .T. ) ;
#697 = VECTOR ( 'NONE', #1550, 39.37007874015748143 ) ;
#698 = DIRECTION ( 'NONE',  ( 0.000000000000000000, 0.000000000000000000, 1.000000000000000000 ) ) ;
#699 = CARTESIAN_POINT ( 'NONE',  ( -1.235000000000000098, 8.624999999999992895, 0.05999999999997852190 ) ) ;
#700 = VECTOR ( 'NONE', #1284, 39.37007874015748143 ) ;
#701 = AXIS2_PLACEMENT_3D ( 'NONE', #520, #1294, #663 ) ;
#702 = ORIENTED_EDGE ( 'NONE', *, *, #280, .F. ) ;
#703 = LINE ( 'NONE', #585, #1511 ) ;
#704 = DIRECTION ( 'NONE',  ( -0.000000000000000000, 0.000000000000000000, 1.000000000000000000 ) ) ;
#705 = ORIENTED_EDGE ( 'NONE', *, *, #807, .T. ) ;
#706 = DIRECTION ( 'NONE',  ( -0.000000000000000000, -1.000000000000000000, -0.000000000000000000 ) ) ;
#707 = EDGE_CURVE ( 'NONE', #1575, #190, #373, .T. ) ;
#708 = FACE_OUTER_BOUND ( 'NONE', #1497, .T. ) ;
#709 = ORIENTED_EDGE ( 'NONE', *, *, #149, .F. ) ;
#710 = CARTESIAN_POINT ( 'NONE',  ( -1.115000000000000213, -8.624999999999994671, -2.110352575105643381E-14 ) ) ;
#711 = CARTESIAN_POINT ( 'NONE',  ( 1.109000000000000208, 8.624999999999996447, 0.000000000000000000 ) ) ;
#712 = ORIENTED_EDGE ( 'NONE', *, *, #188, .F. ) ;
#713 = EDGE_CURVE ( 'NONE', #370, #1322, #131, .T. ) ;
#714 = ORIENTED_EDGE ( 'NONE', *, *, #98, .F. ) ;
#715 = PLANE ( 'NONE',  #209 ) ;
#716 = DIRECTION ( 'NONE',  ( 0.000000000000000000, 0.000000000000000000, 1.000000000000000000 ) ) ;
#717 = PLANE ( 'NONE',  #1291 ) ;
#718 = CARTESIAN_POINT ( 'NONE',  ( -1.109000000000000208, -8.624999999999996447, -2.110352575105643381E-14 ) ) ;
#719 = EDGE_CURVE ( 'NONE', #190, #308, #1336, .T. ) ;
#720 = CARTESIAN_POINT ( 'NONE',  ( 1.235000000000000098, 0.000000000000000000, -4.352791670721386447E-15 ) ) ;
#721 = VERTEX_POINT ( 'NONE', #1464 ) ;
#722 = ORIENTED_EDGE ( 'NONE', *, *, #1413, .F. ) ;
#723 = ORIENTED_EDGE ( 'NONE', *, *, #713, .T. ) ;
#724 = LINE ( 'NONE', #242, #1273 ) ;
#725 = DIRECTION ( 'NONE',  ( 0.000000000000000000, -1.000000000000000000, -6.982962677686265922E-15 ) ) ;
#726 = AXIS2_PLACEMENT_3D ( 'NONE', #926, #566, #76 ) ;
#727 = CARTESIAN_POINT ( 'NONE',  ( 1.251000000000004553, -9.124999999999998224, -0.06000000000002111977 ) ) ;
#728 = VECTOR ( 'NONE', #836, 39.37007874015748143 ) ;
#729 = DIRECTION ( 'NONE',  ( -0.000000000000000000, -1.000000000000000000, -0.000000000000000000 ) ) ;
#730 = VECTOR ( 'NONE', #169, 39.37007874015748143 ) ;
#731 = FACE_OUTER_BOUND ( 'NONE', #1162, .T. ) ;
#732 = EDGE_CURVE ( 'NONE', #1489, #1088, #999, .T. ) ;
#733 = ORIENTED_EDGE ( 'NONE', *, *, #1460, .T. ) ;
#734 = ORIENTED_EDGE ( 'NONE', *, *, #1011, .F. ) ;
#735 = CARTESIAN_POINT ( 'NONE',  ( -1.094999999999999973, 9.125000000000000000, -0.06000000000002111977 ) ) ;
#736 = CARTESIAN_POINT ( 'NONE',  ( -1.235000000000000098, -8.630999999999996675, -1.055176287552821690E-14 ) ) ;
#737 = CARTESIAN_POINT ( 'NONE',  ( -1.115000000000000213, 8.624999999999992895, 0.05999999999997893130 ) ) ;
#738 =( LENGTH_UNIT ( ) NAMED_UNIT ( * ) SI_UNIT ( $, .METRE. ) );
#739 = PLANE ( 'NONE',  #1323 ) ;
#740 = ORIENTED_EDGE ( 'NONE', *, *, #1286, .T. ) ;
#741 = ORIENTED_EDGE ( 'NONE', *, *, #953, .F. ) ;
#742 = ORIENTED_EDGE ( 'NONE', *, *, #203, .T. ) ;
#743 = CARTESIAN_POINT ( 'NONE',  ( 1.109000000000000208, 0.000000000000000000, -0.05999999999999999778 ) ) ;
#744 = CARTESIAN_POINT ( 'NONE',  ( 1.115000000000000213, 8.624999999999994671, -0.05999999999999993533 ) ) ;
#745 = CARTESIAN_POINT ( 'NONE',  ( -1.235000000000002096, 0.000000000000000000, 0.5699999999999999512 ) ) ;
#746 = LINE ( 'NONE', #1368, #994 ) ;
#747 = ORIENTED_EDGE ( 'NONE', *, *, #1361, .F. ) ;
#748 = ORIENTED_EDGE ( 'NONE', *, *, #1168, .T. ) ;
#749 = DIRECTION ( 'NONE',  ( 0.000000000000000000, 0.000000000000000000, 1.000000000000000000 ) ) ;
#750 = CYLINDRICAL_SURFACE ( 'NONE', #1293, 0.1560000000000001941 ) ;
#751 = LINE ( 'NONE', #745, #160 ) ;
#752 = PRODUCT_CONTEXT ( 'NONE', #1334, 'mechanical' ) ;
#753 = AXIS2_PLACEMENT_3D ( 'NONE', #1184, #1064, #1440 ) ;
#754 = AXIS2_PLACEMENT_3D ( 'NONE', #1263, #534, #41 ) ;
#755 = CARTESIAN_POINT ( 'NONE',  ( -1.235000000000000098, -9.499999999999998224, 0.000000000000000000 ) ) ;
#756 = AXIS2_PLACEMENT_3D ( 'NONE', #1565, #459, #1442 ) ;
#757 = AXIS2_PLACEMENT_3D ( 'NONE', #1571, #567, #1176 ) ;
#758 = ORIENTED_EDGE ( 'NONE', *, *, #1118, .F. ) ;
#759 = DIRECTION ( 'NONE',  ( 1.000000000000000000, 0.000000000000000000, 0.000000000000000000 ) ) ;
#760 = CARTESIAN_POINT ( 'NONE',  ( 1.115000000000000213, -8.624999999999996447, 6.829619984160658046E-17 ) ) ;
#761 = EDGE_CURVE ( 'NONE', #589, #659, #341, .T. ) ;
#762 = EDGE_CURVE ( 'NONE', #66, #1212, #860, .T. ) ;
#763 = FACE_OUTER_BOUND ( 'NONE', #71, .T. ) ;
#764 = ORIENTED_EDGE ( 'NONE', *, *, #93, .F. ) ;
#765 = ADVANCED_FACE ( 'NONE', ( #349 ), #715, .T. ) ;
#766 = DIRECTION ( 'NONE',  ( 1.000000000000000000, 0.000000000000000000, -2.710166660381214496E-16 ) ) ;
#767 = CARTESIAN_POINT ( 'NONE',  ( 0.1710000000000012066, 9.125000000000000000, -0.05999999999999999778 ) ) ;
#768 = ORIENTED_EDGE ( 'NONE', *, *, #959, .T. ) ;
#769 = DIRECTION ( 'NONE',  ( 0.000000000000000000, -7.284927983104697498E-14, -1.000000000000000000 ) ) ;
#770 = LINE ( 'NONE', #1282, #695 ) ;
#771 = DIRECTION ( 'NONE',  ( 0.000000000000000000, 0.000000000000000000, 1.000000000000000000 ) ) ;
#772 = VECTOR ( 'NONE', #351, 39.37007874015748143 ) ;
#773 = EDGE_CURVE ( 'NONE', #1088, #333, #1364, .T. ) ;
#774 = AXIS2_PLACEMENT_3D ( 'NONE', #1262, #643, #759 ) ;
#775 = CIRCLE ( 'NONE', #1426, 0.1560000000000008047 ) ;
#776 = PLANE ( 'NONE',  #754 ) ;
#777 = VECTOR ( 'NONE', #976, 39.37007874015748143 ) ;
#778 = CARTESIAN_POINT ( 'NONE',  ( -1.094999999999999973, -9.124999999999998224, -0.06000000000002111977 ) ) ;
#779 = DIRECTION ( 'NONE',  ( 1.000000000000000000, 0.000000000000000000, 0.000000000000000000 ) ) ;
#780 = ORIENTED_EDGE ( 'NONE', *, *, #667, .T. ) ;
#781 = LINE ( 'NONE', #277, #8 ) ;
#782 = DIRECTION ( 'NONE',  ( -1.000000000000000000, -0.000000000000000000, -0.000000000000000000 ) ) ;
#783 = CARTESIAN_POINT ( 'NONE',  ( -1.235000000000000098, 9.500000000000000000, -0.05999999999999999778 ) ) ;
#784 = CARTESIAN_POINT ( 'NONE',  ( -1.175000000000002043, -8.624999999999996447, 0.5700000000000001732 ) ) ;
#785 = ORIENTED_EDGE ( 'NONE', *, *, #1254, .F. ) ;
#786 = ORIENTED_EDGE ( 'NONE', *, *, #1149, .T. ) ;
#787 = CARTESIAN_POINT ( 'NONE',  ( 1.235000000000000098, 8.969822682069834130, -0.06000000000002111977 ) ) ;
#788 = EDGE_LOOP ( 'NONE', ( #951, #867 ) ) ;
#789 = LINE ( 'NONE', #778, #1260 ) ;
#790 = CLOSED_SHELL ( 'NONE', ( #428, #1219, #40, #422, #1271, #42, #1211, #19, #1268, #1407, #802, #1230, #244, #1290, #328, #1390, #1549, #1330, #661, #1, #295, #378, #765, #526, #646, #628, #1506, #930, #452, #458, #167, #915, #822, #1483, #588, #359, #1165, #1434, #1530, #1244, #900, #1156, #896, #1392, #1120, #1002, #551, #158, #43, #1303, #183, #547 ) ) ;
#791 = CYLINDRICAL_SURFACE ( 'NONE', #50, 0.06000000000000004635 ) ;
#792 = ORIENTED_EDGE ( 'NONE', *, *, #1061, .F. ) ;
#793 = VECTOR ( 'NONE', #1072, 39.37007874015748143 ) ;
#794 = VECTOR ( 'NONE', #1299, 39.37007874015748143 ) ;
#795 = ORIENTED_EDGE ( 'NONE', *, *, #1373, .F. ) ;
#796 = VECTOR ( 'NONE', #1545, 39.37007874015748143 ) ;
#797 = CARTESIAN_POINT ( 'NONE',  ( -0.1410000000000009579, 9.125000000000000000, -0.05999999999999999778 ) ) ;
#798 = EDGE_LOOP ( 'NONE', ( #712, #102, #451, #1600 ) ) ;
#799 = DIRECTION ( 'NONE',  ( -1.000000000000000000, -0.000000000000000000, -3.269436733918102442E-15 ) ) ;
#800 = EDGE_CURVE ( 'NONE', #30, #821, #469, .T. ) ;
#801 = ORIENTED_EDGE ( 'NONE', *, *, #1131, .T. ) ;
#802 = ADVANCED_FACE ( 'NONE', ( #382 ), #973, .T. ) ;
#803 = CARTESIAN_POINT ( 'NONE',  ( -1.235000000000000098, 8.630999999999996675, -1.055176287552821690E-14 ) ) ;
#804 = CARTESIAN_POINT ( 'NONE',  ( -1.235000000000000098, 9.500000000000000000, -0.05999999999999999778 ) ) ;
#805 = ORIENTED_EDGE ( 'NONE', *, *, #153, .F. ) ;
#806 = EDGE_LOOP ( 'NONE', ( #54, #100, #696, #997 ) ) ;
#807 = EDGE_CURVE ( 'NONE', #60, #1312, #1374, .T. ) ;
#808 = EDGE_LOOP ( 'NONE', ( #360, #984, #237, #1490 ) ) ;
#809 = LINE ( 'NONE', #1327, #1552 ) ;
#810 = CARTESIAN_POINT ( 'NONE',  ( 1.235000000000000098, -9.499999999999998224, 0.000000000000000000 ) ) ;
#811 = CARTESIAN_POINT ( 'NONE',  ( 1.109000000000000208, 0.000000000000000000, -0.05999999999999999778 ) ) ;
#812 = EDGE_LOOP ( 'NONE', ( #1050, #1137, #835, #841 ) ) ;
#813 = ORIENTED_EDGE ( 'NONE', *, *, #1257, .F. ) ;
#814 = DIRECTION ( 'NONE',  ( 1.000000000000000000, 0.000000000000000000, 0.000000000000000000 ) ) ;
#815 = CARTESIAN_POINT ( 'NONE',  ( 1.175000000000002043, 8.624999999999998224, 0.5700000000000001732 ) ) ;
#816 = EDGE_CURVE ( 'NONE', #272, #1212, #852, .T. ) ;
#817 = ORIENTED_EDGE ( 'NONE', *, *, #301, .F. ) ;
#818 = CARTESIAN_POINT ( 'NONE',  ( -1.235000000000000098, 8.625000000000001776, -2.192768042996148199E-14 ) ) ;
#819 = EDGE_CURVE ( 'NONE', #250, #83, #1576, .T. ) ;
#820 = DIRECTION ( 'NONE',  ( -0.000000000000000000, 0.000000000000000000, 1.000000000000000000 ) ) ;
#821 = VERTEX_POINT ( 'NONE', #95 ) ;
#822 = ADVANCED_FACE ( 'NONE', ( #980 ), #11, .T. ) ;
#823 = VECTOR ( 'NONE', #1258, 39.37007874015748143 ) ;
#824 = ORIENTED_EDGE ( 'NONE', *, *, #153, .T. ) ;
#825 = VECTOR ( 'NONE', #1508, 39.37007874015748143 ) ;
#826 = CARTESIAN_POINT ( 'NONE',  ( 1.235000000000000098, 8.624999999999996447, -3.742253054139401997E-14 ) ) ;
#827 = CARTESIAN_POINT ( 'NONE',  ( 1.115000000000000213, -8.624999999999996447, -0.05999999999999999778 ) ) ;
#828 = VECTOR ( 'NONE', #1512, 39.37007874015748143 ) ;
#829 = AXIS2_PLACEMENT_3D ( 'NONE', #1359, #364, #613 ) ;
#830 = ORIENTED_EDGE ( 'NONE', *, *, #886, .F. ) ;
#831 = CARTESIAN_POINT ( 'NONE',  ( 1.109000000000000208, -8.624999999999996447, 6.829619984160658046E-17 ) ) ;
#832 = EDGE_CURVE ( 'NONE', #1479, #460, #524, .T. ) ;
#833 = CARTESIAN_POINT ( 'NONE',  ( 1.175000000000000044, -8.625000000000001776, -8.194817639537444397E-18 ) ) ;
#834 = ORIENTED_EDGE ( 'NONE', *, *, #1008, .F. ) ;
#835 = ORIENTED_EDGE ( 'NONE', *, *, #274, .T. ) ;
#836 = DIRECTION ( 'NONE',  ( -0.000000000000000000, 1.000000000000000000, -0.000000000000000000 ) ) ;
#837 = VERTEX_POINT ( 'NONE', #735 ) ;
#838 = DIRECTION ( 'NONE',  ( -1.000000000000000000, 2.802596928649634764E-45, 3.491481338843134539E-15 ) ) ;
#839 = CARTESIAN_POINT ( 'NONE',  ( -1.109000000000000208, -8.630999999999996675, -2.110352575105643381E-14 ) ) ;
#840 = ORIENTED_EDGE ( 'NONE', *, *, #1112, .T. ) ;
#841 = ORIENTED_EDGE ( 'NONE', *, *, #1286, .F. ) ;
#842 = CARTESIAN_POINT ( 'NONE',  ( 1.251000000000000112, 9.125000000000000000, 0.000000000000000000 ) ) ;
#843 = LINE ( 'NONE', #736, #414 ) ;
#844 = LINE ( 'NONE', #516, #1449 ) ;
#845 = DIRECTION ( 'NONE',  ( 1.000000000000000000, 0.000000000000000000, 0.000000000000000000 ) ) ;
#846 = ORIENTED_EDGE ( 'NONE', *, *, #532, .F. ) ;
#847 = EDGE_LOOP ( 'NONE', ( #1086, #734, #456, #1436 ) ) ;
#848 = CARTESIAN_POINT ( 'NONE',  ( 0.000000000000000000, -8.624999999999996447, -0.05999999999999999778 ) ) ;
#849 = CARTESIAN_POINT ( 'NONE',  ( 1.235000000000000098, -9.499999999999998224, -0.05999999999999999778 ) ) ;
#850 = AXIS2_PLACEMENT_3D ( 'NONE', #612, #870, #391 ) ;
#851 = LINE ( 'NONE', #1247, #1580 ) ;
#852 = CIRCLE ( 'NONE', #110, 0.1200000000000000511 ) ;
#853 = CARTESIAN_POINT ( 'NONE',  ( -1.115000000000000213, -8.624999999999996447, 0.05999999999997893130 ) ) ;
#854 = PRODUCT_DEFINITION ( 'UNKNOWN', '', #676, #525 ) ;
#855 = VECTOR ( 'NONE', #318, 39.37007874015748143 ) ;
#856 = LINE ( 'NONE', #983, #1275 ) ;
#857 = EDGE_CURVE ( 'NONE', #1562, #1212, #724, .T. ) ;
#858 = EDGE_LOOP ( 'NONE', ( #934, #398, #312, #884 ) ) ;
#859 = VERTEX_POINT ( 'NONE', #1473 ) ;
#860 = LINE ( 'NONE', #223, #880 ) ;
#861 = DIRECTION ( 'NONE',  ( 0.000000000000000000, -1.000000000000000000, 0.000000000000000000 ) ) ;
#862 = EDGE_CURVE ( 'NONE', #272, #30, #361, .T. ) ;
#863 = DIRECTION ( 'NONE',  ( 0.000000000000000000, 6.982962677686265922E-15, -1.000000000000000000 ) ) ;
#864 = DIRECTION ( 'NONE',  ( 0.000000000000000000, 0.000000000000000000, 1.000000000000000000 ) ) ;
#865 = ORIENTED_EDGE ( 'NONE', *, *, #1313, .T. ) ;
#866 = ORIENTED_EDGE ( 'NONE', *, *, #1438, .F. ) ;
#867 = ORIENTED_EDGE ( 'NONE', *, *, #883, .T. ) ;
#868 = DIRECTION ( 'NONE',  ( 1.000000000000000000, 0.000000000000000000, 0.000000000000000000 ) ) ;
#869 = DIRECTION ( 'NONE',  ( 0.000000000000000000, 0.000000000000000000, 1.000000000000000000 ) ) ;
#870 = DIRECTION ( 'NONE',  ( -0.000000000000000000, 0.000000000000000000, 1.000000000000000000 ) ) ;
#871 = LINE ( 'NONE', #246, #508 ) ;
#872 = CYLINDRICAL_SURFACE ( 'NONE', #182, 0.1560000000000001941 ) ;
#873 = EDGE_LOOP ( 'NONE', ( #507, #537, #1316, #229 ) ) ;
#874 = EDGE_CURVE ( 'NONE', #329, #175, #1238, .T. ) ;
#875 = CARTESIAN_POINT ( 'NONE',  ( -1.115000000000000213, -8.624999999999994671, 0.05999999999997893130 ) ) ;
#876 = CARTESIAN_POINT ( 'NONE',  ( -1.115000000000000213, 8.624999999999996447, -2.110352575105643381E-14 ) ) ;
#877 = DIRECTION ( 'NONE',  ( 0.000000000000000000, 1.000000000000000000, 0.000000000000000000 ) ) ;
#878 = DIRECTION ( 'NONE',  ( -0.000000000000000000, 0.000000000000000000, 1.000000000000000000 ) ) ;
#879 = AXIS2_PLACEMENT_3D ( 'NONE', #331, #224, #716 ) ;
#880 = VECTOR ( 'NONE', #115, 39.37007874015748143 ) ;
#881 = FACE_OUTER_BOUND ( 'NONE', #1470, .T. ) ;
#882 = VECTOR ( 'NONE', #69, 39.37007874015748143 ) ;
#883 = EDGE_CURVE ( 'NONE', #1100, #961, #1482, .T. ) ;
#884 = ORIENTED_EDGE ( 'NONE', *, *, #1572, .T. ) ;
#885 = LINE ( 'NONE', #1412, #1056 ) ;
#886 = EDGE_CURVE ( 'NONE', #1296, #333, #299, .T. ) ;
#887 = DIRECTION ( 'NONE',  ( -0.000000000000000000, -0.000000000000000000, 1.000000000000000000 ) ) ;
#888 = PLANE ( 'NONE',  #604 ) ;
#889 = ORIENTED_EDGE ( 'NONE', *, *, #773, .T. ) ;
#890 = CARTESIAN_POINT ( 'NONE',  ( -0.1710000000000009290, -9.125000000000000000, -0.05999999999999999778 ) ) ;
#891 = CARTESIAN_POINT ( 'NONE',  ( -1.235000000000000098, 9.500000000000000000, -0.05999999999999999778 ) ) ;
#892 = EDGE_CURVE ( 'NONE', #1332, #587, #389, .T. ) ;
#893 = CARTESIAN_POINT ( 'NONE',  ( -0.01500000000000011394, -9.125000000000000000, -0.05999999999999999778 ) ) ;
#894 = ORIENTED_EDGE ( 'NONE', *, *, #1038, .F. ) ;
#895 = CARTESIAN_POINT ( 'NONE',  ( -1.235000000000000098, -9.499999999999998224, -0.05999999999999999778 ) ) ;
#896 = ADVANCED_FACE ( 'NONE', ( #1012 ), #791, .F. ) ;
#897 = AXIS2_PLACEMENT_3D ( 'NONE', #208, #97, #343 ) ;
#898 = AXIS2_PLACEMENT_3D ( 'NONE', #510, #861, #243 ) ;
#899 = DIRECTION ( 'NONE',  ( -1.000000000000000000, 0.000000000000000000, 0.000000000000000000 ) ) ;
#900 = ADVANCED_FACE ( 'NONE', ( #412 ), #292, .F. ) ;
#901 = AXIS2_PLACEMENT_3D ( 'NONE', #462, #1568, #441 ) ;
#902 = DIRECTION ( 'NONE',  ( 1.000000000000000000, 0.000000000000000000, 0.000000000000000000 ) ) ;
#903 = AXIS2_PLACEMENT_3D ( 'NONE', #1077, #1573, #466 ) ;
#904 = ORIENTED_EDGE ( 'NONE', *, *, #713, .F. ) ;
#905 = VECTOR ( 'NONE', #593, 39.37007874015748143 ) ;
#906 = CARTESIAN_POINT ( 'NONE',  ( 1.115000000000000213, -8.624999999999996447, 6.829619984160658046E-17 ) ) ;
#907 = AXIS2_PLACEMENT_3D ( 'NONE', #511, #878, #982 ) ;
#908 = CARTESIAN_POINT ( 'NONE',  ( 0.1410000000000007081, -9.125000000000000000, 0.000000000000000000 ) ) ;
#909 = FACE_OUTER_BOUND ( 'NONE', #1419, .T. ) ;
#910 = FACE_OUTER_BOUND ( 'NONE', #303, .T. ) ;
#911 = ORIENTED_EDGE ( 'NONE', *, *, #800, .T. ) ;
#912 = LINE ( 'NONE', #649, #1030 ) ;
#913 = CARTESIAN_POINT ( 'NONE',  ( 1.235000000000000098, -9.280177317930164094, -0.06000000000002111977 ) ) ;
#914 = FILL_AREA_STYLE ('',( #427 ) ) ;
#915 = ADVANCED_FACE ( 'NONE', ( #910 ), #150, .F. ) ;
#916 = FACE_OUTER_BOUND ( 'NONE', #1570, .T. ) ;
#917 = DIRECTION ( 'NONE',  ( 1.000000000000000000, 0.000000000000000000, 0.000000000000000000 ) ) ;
#918 = ORIENTED_EDGE ( 'NONE', *, *, #819, .T. ) ;
#919 = ORIENTED_EDGE ( 'NONE', *, *, #1465, .F. ) ;
#920 = UNCERTAINTY_MEASURE_WITH_UNIT (LENGTH_MEASURE( 1.000000000000000082E-05 ), #1217, 'distance_accuracy_value', 'NONE');
#921 = VERTEX_POINT ( 'NONE', #1133 ) ;
#922 = EDGE_CURVE ( 'NONE', #1179, #1296, #26, .T. ) ;
#923 = EDGE_CURVE ( 'NONE', #569, #281, #266, .T. ) ;
#924 = LINE ( 'NONE', #1315, #138 ) ;
#925 = CARTESIAN_POINT ( 'NONE',  ( -0.1710000000000009290, -9.125000000000000000, 0.000000000000000000 ) ) ;
#926 = CARTESIAN_POINT ( 'NONE',  ( -0.01500000000000011394, -9.125000000000000000, -0.05999999999999999778 ) ) ;
#927 = DIRECTION ( 'NONE',  ( 0.000000000000000000, -1.000000000000000000, -6.982962677686265922E-15 ) ) ;
#928 = CARTESIAN_POINT ( 'NONE',  ( 1.175000000000000266, -8.625000000000000000, 0.05999999999999976880 ) ) ;
#929 = ORIENTED_EDGE ( 'NONE', *, *, #1069, .T. ) ;
#930 = ADVANCED_FACE ( 'NONE', ( #45 ), #1417, .T. ) ;
#931 = AXIS2_PLACEMENT_3D ( 'NONE', #164, #1205, #689 ) ;
#932 = ORIENTED_EDGE ( 'NONE', *, *, #322, .T. ) ;
#933 = AXIS2_PLACEMENT_3D ( 'NONE', #1150, #1013, #155 ) ;
#934 = ORIENTED_EDGE ( 'NONE', *, *, #1413, .T. ) ;
#935 = VECTOR ( 'NONE', #211, 39.37007874015748143 ) ;
#936 = PLANE ( 'NONE',  #1192 ) ;
#937 = ORIENTED_EDGE ( 'NONE', *, *, #1020, .F. ) ;
#938 = ORIENTED_EDGE ( 'NONE', *, *, #832, .F. ) ;
#939 = DIRECTION ( 'NONE',  ( -1.000000000000000000, 5.847822725683259920E-28, 0.000000000000000000 ) ) ;
#940 = DIRECTION ( 'NONE',  ( 1.000000000000000000, 0.000000000000000000, 0.000000000000000000 ) ) ;
#941 = ORIENTED_EDGE ( 'NONE', *, *, #1250, .F. ) ;
#942 = ORIENTED_EDGE ( 'NONE', *, *, #707, .T. ) ;
#943 = PLANE ( 'NONE',  #1509 ) ;
#944 = PRESENTATION_STYLE_ASSIGNMENT (( #1174 ) ) ;
#945 = ORIENTED_EDGE ( 'NONE', *, *, #24, .T. ) ;
#946 = DIRECTION ( 'NONE',  ( -1.000000000000000000, 0.000000000000000000, 3.354901044850848446E-15 ) ) ;
#947 = EDGE_CURVE ( 'NONE', #1324, #1420, #1169, .T. ) ;
#948 = LINE ( 'NONE', #1096, #855 ) ;
#949 = ORIENTED_EDGE ( 'NONE', *, *, #959, .F. ) ;
#950 = ORIENTED_EDGE ( 'NONE', *, *, #1308, .F. ) ;
#951 = ORIENTED_EDGE ( 'NONE', *, *, #1118, .T. ) ;
#952 = CARTESIAN_POINT ( 'NONE',  ( 1.115000000000000213, 8.624999999999996447, 6.829619984160658046E-17 ) ) ;
#953 = EDGE_CURVE ( 'NONE', #281, #460, #1152, .T. ) ;
#954 = ORIENTED_EDGE ( 'NONE', *, *, #409, .F. ) ;
#955 = DIRECTION ( 'NONE',  ( 3.354901044850848446E-15, 0.000000000000000000, 1.000000000000000000 ) ) ;
#956 = FACE_OUTER_BOUND ( 'NONE', #1224, .T. ) ;
#957 = VERTEX_POINT ( 'NONE', #1031 ) ;
#958 = ORIENTED_EDGE ( 'NONE', *, *, #528, .T. ) ;
#959 = EDGE_CURVE ( 'NONE', #495, #222, #655, .T. ) ;
#960 = CIRCLE ( 'NONE', #931, 0.1200000000000000511 ) ;
#961 = VERTEX_POINT ( 'NONE', #1531 ) ;
#962 = AXIS2_PLACEMENT_3D ( 'NONE', #572, #205, #698 ) ;
#963 = DIRECTION ( 'NONE',  ( 0.000000000000000000, -1.000000000000000000, 0.000000000000000000 ) ) ;
#964 =( NAMED_UNIT ( * ) SI_UNIT ( $, .STERADIAN. ) SOLID_ANGLE_UNIT ( ) );
#965 = VECTOR ( 'NONE', #1555, 39.37007874015748143 ) ;
#966 =( GEOMETRIC_REPRESENTATION_CONTEXT ( 3 ) GLOBAL_UNCERTAINTY_ASSIGNED_CONTEXT ( ( #920 ) ) GLOBAL_UNIT_ASSIGNED_CONTEXT ( ( #1217, #500, #354 ) ) REPRESENTATION_CONTEXT ( 'NONE', 'WORKASPACE' ) );
#967 = CARTESIAN_POINT ( 'NONE',  ( -1.109000000000000208, 8.624999999999996447, -2.110352575105643381E-14 ) ) ;
#968 = DIRECTION ( 'NONE',  ( -0.000000000000000000, -0.000000000000000000, 1.000000000000000000 ) ) ;
#969 = FACE_OUTER_BOUND ( 'NONE', #239, .T. ) ;
#970 = VERTEX_POINT ( 'NONE', #514 ) ;
#971 = VERTEX_POINT ( 'NONE', #560 ) ;
#972 = ORIENTED_EDGE ( 'NONE', *, *, #618, .T. ) ;
#973 = PLANE ( 'NONE',  #415 ) ;
#974 = CARTESIAN_POINT ( 'NONE',  ( -1.235000000000000098, -8.630999999999996675, -0.05999999999999999778 ) ) ;
#975 = DIRECTION ( 'NONE',  ( 1.000000000000000000, 0.000000000000000000, 0.000000000000000000 ) ) ;
#976 = DIRECTION ( 'NONE',  ( 0.000000000000000000, 6.982962677686265922E-15, -1.000000000000000000 ) ) ;
#977 = DIRECTION ( 'NONE',  ( 0.000000000000000000, 1.000000000000000000, 0.000000000000000000 ) ) ;
#978 = ORIENTED_EDGE ( 'NONE', *, *, #424, .T. ) ;
#979 = ORIENTED_EDGE ( 'NONE', *, *, #1528, .T. ) ;
#980 = FACE_OUTER_BOUND ( 'NONE', #447, .T. ) ;
#981 = DIRECTION ( 'NONE',  ( 0.000000000000000000, 6.982962677686265922E-15, -1.000000000000000000 ) ) ;
#982 = DIRECTION ( 'NONE',  ( 1.000000000000000000, 0.000000000000000000, 0.000000000000000000 ) ) ;
#983 = CARTESIAN_POINT ( 'NONE',  ( -1.109000000000000208, 0.000000000000000000, -0.05999999999999999778 ) ) ;
#984 = ORIENTED_EDGE ( 'NONE', *, *, #1520, .F. ) ;
#985 = ORIENTED_EDGE ( 'NONE', *, *, #1149, .F. ) ;
#986 = EDGE_CURVE ( 'NONE', #1420, #1243, #475, .T. ) ;
#987 = ORIENTED_EDGE ( 'NONE', *, *, #732, .T. ) ;
#988 = CARTESIAN_POINT ( 'NONE',  ( 1.235000000000000320, -8.625000000000001776, 0.05999999999999957451 ) ) ;
#989 = LINE ( 'NONE', #744, #772 ) ;
#990 = AXIS2_PLACEMENT_3D ( 'NONE', #727, #1232, #602 ) ;
#991 = LINE ( 'NONE', #1366, #1140 ) ;
#992 = VECTOR ( 'NONE', #259, 39.37007874015748143 ) ;
#993 = FACE_OUTER_BOUND ( 'NONE', #1443, .T. ) ;
#994 = VECTOR ( 'NONE', #247, 39.37007874015748143 ) ;
#995 = PLANE ( 'NONE',  #1526 ) ;
#996 = EDGE_LOOP ( 'NONE', ( #582, #1010, #1472, #338 ) ) ;
#997 = ORIENTED_EDGE ( 'NONE', *, *, #1504, .T. ) ;
#998 = ORIENTED_EDGE ( 'NONE', *, *, #532, .T. ) ;
#999 = LINE ( 'NONE', #598, #728 ) ;
#1000 = DIRECTION ( 'NONE',  ( 1.000000000000000000, 8.513573452188368435E-31, -3.269436733918102442E-15 ) ) ;
#1001 = DIRECTION ( 'NONE',  ( 0.000000000000000000, 1.000000000000000000, 0.000000000000000000 ) ) ;
#1002 = ADVANCED_FACE ( 'NONE', ( #1126 ), #1498, .F. ) ;
#1003 = ORIENTED_EDGE ( 'NONE', *, *, #886, .T. ) ;
#1004 = DIRECTION ( 'NONE',  ( 0.000000000000000000, -0.000000000000000000, -1.000000000000000000 ) ) ;
#1005 = PLANE ( 'NONE',  #1157 ) ;
#1006 = LINE ( 'NONE', #375, #823 ) ;
#1007 = DIRECTION ( 'NONE',  ( 0.000000000000000000, 0.000000000000000000, 1.000000000000000000 ) ) ;
#1008 = EDGE_CURVE ( 'NONE', #1563, #1107, #669, .T. ) ;
#1009 = CARTESIAN_POINT ( 'NONE',  ( -1.235000000000000320, 8.625000000000001776, 0.05999999999997799455 ) ) ;
#1010 = ORIENTED_EDGE ( 'NONE', *, *, #499, .T. ) ;
#1011 = EDGE_CURVE ( 'NONE', #1202, #970, #552, .T. ) ;
#1012 = FACE_OUTER_BOUND ( 'NONE', #858, .T. ) ;
#1013 = DIRECTION ( 'NONE',  ( -0.000000000000000000, -1.000000000000000000, -0.000000000000000000 ) ) ;
#1014 = CIRCLE ( 'NONE', #304, 0.06000000000000004635 ) ;
#1015 = AXIS2_PLACEMENT_3D ( 'NONE', #284, #151, #1270 ) ;
#1016 = DIRECTION ( 'NONE',  ( 1.000000000000000000, 0.000000000000000000, 0.000000000000000000 ) ) ;
#1017 = AXIS2_PLACEMENT_3D ( 'NONE', #1047, #438, #749 ) ;
#1018 = CIRCLE ( 'NONE', #143, 0.1560000000000001941 ) ;
#1019 = LINE ( 'NONE', #906, #632 ) ;
#1020 = EDGE_CURVE ( 'NONE', #228, #921, #948, .T. ) ;
#1021 = LINE ( 'NONE', #891, #1055 ) ;
#1022 = CARTESIAN_POINT ( 'NONE',  ( -1.109000000000000208, -8.630999999999996675, -2.110352575105643381E-14 ) ) ;
#1023 = ORIENTED_EDGE ( 'NONE', *, *, #326, .F. ) ;
#1024 = DIRECTION ( 'NONE',  ( -0.000000000000000000, -0.000000000000000000, 1.000000000000000000 ) ) ;
#1025 = LINE ( 'NONE', #291, #1032 ) ;
#1026 = DIRECTION ( 'NONE',  ( 1.000000000000000000, 0.000000000000000000, 3.354901044850720256E-15 ) ) ;
#1027 = CARTESIAN_POINT ( 'NONE',  ( 1.109000000000000208, -8.624999999999996447, 0.000000000000000000 ) ) ;
#1028 = STYLED_ITEM ( 'NONE', ( #944 ), #194 ) ;
#1029 = CARTESIAN_POINT ( 'NONE',  ( -0.1410000000000009579, 9.125000000000000000, 0.000000000000000000 ) ) ;
#1030 = VECTOR ( 'NONE', #1154, 39.37007874015748143 ) ;
#1031 = CARTESIAN_POINT ( 'NONE',  ( -1.235000000000000098, 8.630999999999996675, -0.05999999999999999778 ) ) ;
#1032 = VECTOR ( 'NONE', #1292, 39.37007874015748143 ) ;
#1033 = VERTEX_POINT ( 'NONE', #804 ) ;
#1034 = CARTESIAN_POINT ( 'NONE',  ( 1.235000000000000098, -9.499999999999998224, 0.000000000000000000 ) ) ;
#1035 = LINE ( 'NONE', #988, #1382 ) ;
#1036 = LINE ( 'NONE', #767, #400 ) ;
#1037 = CARTESIAN_POINT ( 'NONE',  ( 1.109000000000000208, 8.630999999999996675, 6.829619984160658046E-17 ) ) ;
#1038 = EDGE_CURVE ( 'NONE', #256, #66, #1331, .T. ) ;
#1039 = ORIENTED_EDGE ( 'NONE', *, *, #59, .F. ) ;
#1040 = EDGE_LOOP ( 'NONE', ( #109, #1023, #597, #1003 ) ) ;
#1041 = ORIENTED_EDGE ( 'NONE', *, *, #600, .F. ) ;
#1042 = DIRECTION ( 'NONE',  ( 1.338694216201379284E-29, -1.000000000000000000, 3.834172622686683600E-15 ) ) ;
#1043 = CARTESIAN_POINT ( 'NONE',  ( -1.251000000000000112, -9.124999999999998224, 0.000000000000000000 ) ) ;
#1044 = ORIENTED_EDGE ( 'NONE', *, *, #625, .T. ) ;
#1045 = EDGE_CURVE ( 'NONE', #970, #607, #1304, .T. ) ;
#1046 = FACE_OUTER_BOUND ( 'NONE', #1594, .T. ) ;
#1047 = CARTESIAN_POINT ( 'NONE',  ( 1.115000000000000213, 8.624999999999996447, 0.06000000000000010186 ) ) ;
#1048 = ORIENTED_EDGE ( 'NONE', *, *, #923, .F. ) ;
#1049 = UNCERTAINTY_MEASURE_WITH_UNIT (LENGTH_MEASURE( 1.000000000000000082E-05 ), #321, 'distance_accuracy_value', 'NONE');
#1050 = ORIENTED_EDGE ( 'NONE', *, *, #1104, .F. ) ;
#1051 = VERTEX_POINT ( 'NONE', #1188 ) ;
#1052 = LINE ( 'NONE', #710, #1357 ) ;
#1053 = CARTESIAN_POINT ( 'NONE',  ( -1.251000000000000112, -9.124999999999998224, 0.000000000000000000 ) ) ;
#1054 = ORIENTED_EDGE ( 'NONE', *, *, #352, .F. ) ;
#1055 = VECTOR ( 'NONE', #782, 39.37007874015748143 ) ;
#1056 = VECTOR ( 'NONE', #1519, 39.37007874015748143 ) ;
#1057 = EDGE_LOOP ( 'NONE', ( #616, #758, #672, #1595 ) ) ;
#1058 = VECTOR ( 'NONE', #1201, 39.37007874015748143 ) ;
#1059 = CARTESIAN_POINT ( 'NONE',  ( 1.175000000000002043, 8.624999999999998224, 0.5700000000000001732 ) ) ;
#1060 = VECTOR ( 'NONE', #1579, 39.37007874015748143 ) ;
#1061 = EDGE_CURVE ( 'NONE', #1173, #1171, #325, .T. ) ;
#1062 = LINE ( 'NONE', #1102, #543 ) ;
#1063 = EDGE_CURVE ( 'NONE', #1097, #607, #345, .T. ) ;
#1064 = DIRECTION ( 'NONE',  ( 0.000000000000000000, 0.000000000000000000, -1.000000000000000000 ) ) ;
#1065 = CARTESIAN_POINT ( 'NONE',  ( 1.235000000000000098, -9.280177317930164094, -0.06000000000002111977 ) ) ;
#1066 = DIRECTION ( 'NONE',  ( 0.000000000000000000, 0.000000000000000000, 1.000000000000000000 ) ) ;
#1067 = ORIENTED_EDGE ( 'NONE', *, *, #62, .T. ) ;
#1068 = ORIENTED_EDGE ( 'NONE', *, *, #24, .F. ) ;
#1069 = EDGE_CURVE ( 'NONE', #1322, #1514, #220, .T. ) ;
#1070 = ORIENTED_EDGE ( 'NONE', *, *, #651, .F. ) ;
#1071 = LINE ( 'NONE', #797, #1141 ) ;
#1072 = DIRECTION ( 'NONE',  ( -0.000000000000000000, -0.000000000000000000, 1.000000000000000000 ) ) ;
#1073 = PRODUCT_RELATED_PRODUCT_CATEGORY ( 'part', '', ( #1215 ) ) ;
#1074 = PLANE ( 'NONE',  #135 ) ;
#1075 = DIRECTION ( 'NONE',  ( 0.000000000000000000, 6.982962677686265922E-15, -1.000000000000000000 ) ) ;
#1076 = EDGE_CURVE ( 'NONE', #281, #859, #579, .T. ) ;
#1077 = CARTESIAN_POINT ( 'NONE',  ( -1.115000000000000213, -8.624999999999994671, 0.05999999999997893130 ) ) ;
#1078 = ORIENTED_EDGE ( 'NONE', *, *, #235, .F. ) ;
#1079 = ORIENTED_EDGE ( 'NONE', *, *, #59, .T. ) ;
#1080 = DIRECTION ( 'NONE',  ( 0.000000000000000000, 1.000000000000000000, 0.000000000000000000 ) ) ;
#1081 = CARTESIAN_POINT ( 'NONE',  ( -1.235000000000000098, 8.969822682069834130, -0.06000000000002111977 ) ) ;
#1082 = CARTESIAN_POINT ( 'NONE',  ( -5.047255794537220077E-27, -8.630999999999996675, -0.05999999999999999778 ) ) ;
#1083 = LINE ( 'NONE', #78, #1060 ) ;
#1084 = LINE ( 'NONE', #693, #882 ) ;
#1085 = ORIENTED_EDGE ( 'NONE', *, *, #424, .F. ) ;
#1086 = ORIENTED_EDGE ( 'NONE', *, *, #1045, .F. ) ;
#1087 = VECTOR ( 'NONE', #253, 39.37007874015748143 ) ;
#1088 = VERTEX_POINT ( 'NONE', #450 ) ;
#1089 = VECTOR ( 'NONE', #963, 39.37007874015748143 ) ;
#1090 = DIRECTION ( 'NONE',  ( 1.000000000000000000, 0.000000000000000000, 0.000000000000000000 ) ) ;
#1091 = DIRECTION ( 'NONE',  ( 1.000000000000000000, 0.000000000000000000, 0.000000000000000000 ) ) ;
#1092 = AXIS2_PLACEMENT_3D ( 'NONE', #279, #1397, #38 ) ;
#1093 = VECTOR ( 'NONE', #939, 39.37007874015748143 ) ;
#1094 = CARTESIAN_POINT ( 'NONE',  ( 1.235000000000000098, -8.630999999999996675, -0.05999999999999999778 ) ) ;
#1095 = DIRECTION ( 'NONE',  ( 0.000000000000000000, 0.000000000000000000, 1.000000000000000000 ) ) ;
#1096 = CARTESIAN_POINT ( 'NONE',  ( -1.235000000000000098, -9.499999999999998224, -0.05999999999999999778 ) ) ;
#1097 = VERTEX_POINT ( 'NONE', #711 ) ;
#1098 = EDGE_CURVE ( 'NONE', #1287, #1107, #1084, .T. ) ;
#1099 = EDGE_CURVE ( 'NONE', #821, #83, #1425, .T. ) ;
#1100 = VERTEX_POINT ( 'NONE', #1450 ) ;
#1101 = DIRECTION ( 'NONE',  ( 1.000000000000000000, 8.513573452188368435E-31, -3.269436733918102442E-15 ) ) ;
#1102 = CARTESIAN_POINT ( 'NONE',  ( 1.109000000000000208, -8.624999999999996447, 6.829619984160658046E-17 ) ) ;
#1103 = CARTESIAN_POINT ( 'NONE',  ( -1.251000000000000112, 9.125000000000000000, -0.06000000000002111977 ) ) ;
#1104 = EDGE_CURVE ( 'NONE', #487, #553, #1295, .T. ) ;
#1105 = CARTESIAN_POINT ( 'NONE',  ( -1.235000000000000098, -9.499999999999998224, -0.05999999999999999778 ) ) ;
#1106 = ORIENTED_EDGE ( 'NONE', *, *, #719, .F. ) ;
#1107 = VERTEX_POINT ( 'NONE', #568 ) ;
#1108 = DIRECTION ( 'NONE',  ( 3.354901044850721044E-15, 7.668345245373076898E-15, -1.000000000000000000 ) ) ;
#1109 = CARTESIAN_POINT ( 'NONE',  ( -0.01500000000000011394, -9.125000000000000000, 0.000000000000000000 ) ) ;
#1110 = CARTESIAN_POINT ( 'NONE',  ( -1.235000000000000098, -9.499999999999998224, 0.000000000000000000 ) ) ;
#1111 = ORIENTED_EDGE ( 'NONE', *, *, #406, .F. ) ;
#1112 = EDGE_CURVE ( 'NONE', #1352, #1324, #586, .T. ) ;
#1113 = ORIENTED_EDGE ( 'NONE', *, *, #28, .F. ) ;
#1114 = EDGE_LOOP ( 'NONE', ( #1418, #159, #70, #61 ) ) ;
#1115 = APPLICATION_CONTEXT ( 'automotive_design' ) ;
#1116 = VECTOR ( 'NONE', #252, 39.37007874015748143 ) ;
#1117 = DIRECTION ( 'NONE',  ( 0.000000000000000000, 0.000000000000000000, -1.000000000000000000 ) ) ;
#1118 = EDGE_CURVE ( 'NONE', #961, #1100, #527, .T. ) ;
#1119 = CARTESIAN_POINT ( 'NONE',  ( 1.175000000000000266, 8.624999999999994671, 0.06000000000000004635 ) ) ;
#1120 = ADVANCED_FACE ( 'NONE', ( #969 ), #310, .F. ) ;
#1121 = LINE ( 'NONE', #630, #137 ) ;
#1122 = VECTOR ( 'NONE', #1599, 39.37007874015748143 ) ;
#1123 = VECTOR ( 'NONE', #968, 39.37007874015748143 ) ;
#1124 = FACE_OUTER_BOUND ( 'NONE', #129, .T. ) ;
#1125 = ORIENTED_EDGE ( 'NONE', *, *, #1542, .T. ) ;
#1126 = FACE_OUTER_BOUND ( 'NONE', #873, .T. ) ;
#1127 = DIRECTION ( 'NONE',  ( 0.000000000000000000, -1.000000000000000000, 0.000000000000000000 ) ) ;
#1128 = CARTESIAN_POINT ( 'NONE',  ( 1.235000000000000098, 8.630999999999991346, -0.05999999999999999778 ) ) ;
#1129 = CYLINDRICAL_SURFACE ( 'NONE', #657, 0.1560000000000010822 ) ;
#1130 = DIRECTION ( 'NONE',  ( -1.000000000000000000, -1.702714690437606425E-30, -3.269436733918102442E-15 ) ) ;
#1131 = EDGE_CURVE ( 'NONE', #1593, #1430, #397, .T. ) ;
#1132 = ORIENTED_EDGE ( 'NONE', *, *, #1542, .F. ) ;
#1133 = CARTESIAN_POINT ( 'NONE',  ( -1.235000000000000098, -9.499999999999998224, -0.05999999999999999778 ) ) ;
#1134 = DIRECTION ( 'NONE',  ( 0.000000000000000000, 0.000000000000000000, 1.000000000000000000 ) ) ;
#1135 = CARTESIAN_POINT ( 'NONE',  ( 1.115000000000000213, 8.624999999999994671, 6.829619984160658046E-17 ) ) ;
#1136 = DIMENSIONAL_EXPONENTS ( 1.000000000000000000, 0.000000000000000000, 0.000000000000000000, 0.000000000000000000, 0.000000000000000000, 0.000000000000000000, 0.000000000000000000 ) ;
#1137 = ORIENTED_EDGE ( 'NONE', *, *, #1361, .T. ) ;
#1138 = DIRECTION ( 'NONE',  ( -0.000000000000000000, -0.000000000000000000, 1.000000000000000000 ) ) ;
#1139 = DIRECTION ( 'NONE',  ( -1.000000000000000000, 1.892499263975164967E-30, 0.000000000000000000 ) ) ;
#1140 = VECTOR ( 'NONE', #975, 39.37007874015748143 ) ;
#1141 = VECTOR ( 'NONE', #565, 39.37007874015748143 ) ;
#1142 = CARTESIAN_POINT ( 'NONE',  ( -1.235000000000002096, -8.624999999999996447, 0.5699999999999999512 ) ) ;
#1143 = VECTOR ( 'NONE', #1130, 39.37007874015748143 ) ;
#1144 = VECTOR ( 'NONE', #1151, 39.37007874015748143 ) ;
#1145 = ORIENTED_EDGE ( 'NONE', *, *, #1281, .T. ) ;
#1146 = DIRECTION ( 'NONE',  ( 2.125235869754801984E-31, 1.000000000000000000, -6.334719985308437681E-17 ) ) ;
#1147 = PLANE ( 'NONE',  #1187 ) ;
#1148 = DIRECTION ( 'NONE',  ( -0.000000000000000000, -0.000000000000000000, 1.000000000000000000 ) ) ;
#1149 = EDGE_CURVE ( 'NONE', #1251, #562, #1319, .T. ) ;
#1150 = CARTESIAN_POINT ( 'NONE',  ( 1.115000000000000213, -8.624999999999996447, 0.06000000000000010186 ) ) ;
#1151 = DIRECTION ( 'NONE',  ( 0.000000000000000000, 1.000000000000000000, 0.000000000000000000 ) ) ;
#1152 = LINE ( 'NONE', #1410, #700 ) ;
#1153 = ORIENTED_EDGE ( 'NONE', *, *, #317, .F. ) ;
#1154 = DIRECTION ( 'NONE',  ( -0.000000000000000000, -0.000000000000000000, 1.000000000000000000 ) ) ;
#1155 = DIRECTION ( 'NONE',  ( 0.000000000000000000, 6.982962677686265922E-15, -1.000000000000000000 ) ) ;
#1156 = ADVANCED_FACE ( 'NONE', ( #956 ), #1461, .T. ) ;
#1157 = AXIS2_PLACEMENT_3D ( 'NONE', #383, #725, #1474 ) ;
#1158 = CARTESIAN_POINT ( 'NONE',  ( 1.175000000000002043, -8.624999999999998224, 0.5700000000000001732 ) ) ;
#1159 = VECTOR ( 'NONE', #454, 39.37007874015748143 ) ;
#1160 = DIRECTION ( 'NONE',  ( 0.000000000000000000, -1.000000000000000000, -0.000000000000000000 ) ) ;
#1161 = AXIS2_PLACEMENT_3D ( 'NONE', #679, #185, #174 ) ;
#1162 = EDGE_LOOP ( 'NONE', ( #702, #1518, #1289, #950 ) ) ;
#1163 = AXIS2_PLACEMENT_3D ( 'NONE', #57, #946, #955 ) ;
#1164 = ORIENTED_EDGE ( 'NONE', *, *, #594, .T. ) ;
#1165 = ADVANCED_FACE ( 'NONE', ( #1581 ), #227, .F. ) ;
#1166 = FACE_OUTER_BOUND ( 'NONE', #197, .T. ) ;
#1167 = DIRECTION ( 'NONE',  ( 0.000000000000000000, 0.000000000000000000, 1.000000000000000000 ) ) ;
#1168 = EDGE_CURVE ( 'NONE', #370, #971, #518, .T. ) ;
#1169 = LINE ( 'NONE', #928, #796 ) ;
#1170 = ORIENTED_EDGE ( 'NONE', *, *, #443, .T. ) ;
#1171 = VERTEX_POINT ( 'NONE', #633 ) ;
#1172 = EDGE_LOOP ( 'NONE', ( #866, #403, #1067, #780 ) ) ;
#1173 = VERTEX_POINT ( 'NONE', #493 ) ;
#1174 = SURFACE_STYLE_USAGE ( .BOTH. , #435 ) ;
#1175 = FACE_OUTER_BOUND ( 'NONE', #213, .T. ) ;
#1176 = DIRECTION ( 'NONE',  ( 0.000000000000000000, 0.000000000000000000, -1.000000000000000000 ) ) ;
#1177 = CARTESIAN_POINT ( 'NONE',  ( -1.235000000000000098, 9.500000000000000000, 0.000000000000000000 ) ) ;
#1178 = EDGE_LOOP ( 'NONE', ( #623, #1298, #154, #596 ) ) ;
#1179 = VERTEX_POINT ( 'NONE', #1240 ) ;
#1180 = EDGE_CURVE ( 'NONE', #308, #241, #641, .T. ) ;
#1181 = ORIENTED_EDGE ( 'NONE', *, *, #862, .T. ) ;
#1182 = LINE ( 'NONE', #1059, #654 ) ;
#1183 = CARTESIAN_POINT ( 'NONE',  ( 1.251000000000004553, -9.124999999999998224, -0.06000000000002111977 ) ) ;
#1184 = CARTESIAN_POINT ( 'NONE',  ( 0.000000000000000000, 0.000000000000000000, 0.000000000000000000 ) ) ;
#1185 = LINE ( 'NONE', #457, #449 ) ;
#1186 = EDGE_CURVE ( 'NONE', #1210, #821, #127, .T. ) ;
#1187 = AXIS2_PLACEMENT_3D ( 'NONE', #179, #1510, #401 ) ;
#1188 = CARTESIAN_POINT ( 'NONE',  ( -1.109000000000000208, 8.630999999999996675, -0.05999999999999999778 ) ) ;
#1189 = ORIENTED_EDGE ( 'NONE', *, *, #874, .F. ) ;
#1190 = VECTOR ( 'NONE', #1376, 39.37007874015748143 ) ;
#1191 = ORIENTED_EDGE ( 'NONE', *, *, #296, .T. ) ;
#1192 = AXIS2_PLACEMENT_3D ( 'NONE', #556, #1042, #583 ) ;
#1193 = ORIENTED_EDGE ( 'NONE', *, *, #1131, .F. ) ;
#1194 = EDGE_CURVE ( 'NONE', #1322, #589, #236, .T. ) ;
#1195 = VECTOR ( 'NONE', #522, 39.37007874015748143 ) ;
#1196 = CARTESIAN_POINT ( 'NONE',  ( 1.235000000000000098, -9.499999999999998224, 0.000000000000000000 ) ) ;
#1197 = EDGE_CURVE ( 'NONE', #1514, #215, #856, .T. ) ;
#1198 = CARTESIAN_POINT ( 'NONE',  ( 1.235000000000000098, -8.969822682069832354, -0.06000000000002111977 ) ) ;
#1199 = DIRECTION ( 'NONE',  ( -1.000000000000000000, 0.000000000000000000, 0.000000000000000000 ) ) ;
#1200 = PLANE ( 'NONE',  #1163 ) ;
#1201 = DIRECTION ( 'NONE',  ( 0.000000000000000000, 6.982962677686265922E-15, -1.000000000000000000 ) ) ;
#1202 = VERTEX_POINT ( 'NONE', #147 ) ;
#1203 = ORIENTED_EDGE ( 'NONE', *, *, #37, .T. ) ;
#1204 = DIRECTION ( 'NONE',  ( 0.000000000000000000, 1.000000000000000000, 0.000000000000000000 ) ) ;
#1205 = DIRECTION ( 'NONE',  ( 0.000000000000000000, -1.000000000000000000, 0.000000000000000000 ) ) ;
#1206 = ORIENTED_EDGE ( 'NONE', *, *, #1313, .F. ) ;
#1207 = FACE_OUTER_BOUND ( 'NONE', #1114, .T. ) ;
#1208 = DIRECTION ( 'NONE',  ( 1.000000000000000000, -1.892499263975164967E-30, 0.000000000000000000 ) ) ;
#1209 = EDGE_LOOP ( 'NONE', ( #834, #764, #1106, #74 ) ) ;
#1210 = VERTEX_POINT ( 'NONE', #1503 ) ;
#1211 = ADVANCED_FACE ( 'NONE', ( #731 ), #739, .T. ) ;
#1212 = VERTEX_POINT ( 'NONE', #263 ) ;
#1213 = DIRECTION ( 'NONE',  ( 0.000000000000000000, 0.000000000000000000, 1.000000000000000000 ) ) ;
#1214 = CARTESIAN_POINT ( 'NONE',  ( -1.109000000000000208, -8.624999999999996447, -0.05999999999999999778 ) ) ;
#1215 = PRODUCT ( '12-6010-02-(16gacr ANSI-61) - K48 - V11-R0', '12-6010-02-(16gacr ANSI-61) - K48 - V11-R0', '', ( #752 ) ) ;
#1216 = CARTESIAN_POINT ( 'NONE',  ( 1.235000000000000098, -8.630999999999996675, 3.414809992080329023E-17 ) ) ;
#1217 =( CONVERSION_BASED_UNIT ( 'INCH', #392 ) LENGTH_UNIT ( ) NAMED_UNIT ( #358 ) );
#1218 = EDGE_CURVE ( 'NONE', #686, #1312, #622, .T. ) ;
#1219 = ADVANCED_FACE ( 'NONE', ( #1124 ), #872, .F. ) ;
#1220 = DIRECTION ( 'NONE',  ( -1.000000000000000000, 0.000000000000000000, 3.354901044850848446E-15 ) ) ;
#1221 = ORIENTED_EDGE ( 'NONE', *, *, #1572, .F. ) ;
#1222 = VECTOR ( 'NONE', #1543, 39.37007874015748143 ) ;
#1223 = VECTOR ( 'NONE', #1499, 39.37007874015748143 ) ;
#1224 = EDGE_LOOP ( 'NONE', ( #327, #1369, #1320, #805 ) ) ;
#1225 = VECTOR ( 'NONE', #1204, 39.37007874015748143 ) ;
#1226 = DIRECTION ( 'NONE',  ( -5.313089674387207492E-32, -1.000000000000000000, -1.583679996327109420E-17 ) ) ;
#1227 = PLANE ( 'NONE',  #107 ) ;
#1228 = AXIS2_PLACEMENT_3D ( 'NONE', #685, #704, #91 ) ;
#1229 = ADVANCED_BREP_SHAPE_REPRESENTATION ( '12-6010-02-(16gacr ANSI-61) - K48 - V11-R0', ( #194, #1386 ), #966 ) ;
#1230 = ADVANCED_FACE ( 'NONE', ( #881 ), #995, .T. ) ;
#1231 = AXIS2_PLACEMENT_3D ( 'NONE', #818, #90, #1433 ) ;
#1232 = DIRECTION ( 'NONE',  ( -0.000000000000000000, -0.000000000000000000, 1.000000000000000000 ) ) ;
#1233 = LINE ( 'NONE', #385, #1325 ) ;
#1234 = PLANE ( 'NONE',  #1092 ) ;
#1235 = ORIENTED_EDGE ( 'NONE', *, *, #144, .T. ) ;
#1236 = ORIENTED_EDGE ( 'NONE', *, *, #800, .F. ) ;
#1237 = ORIENTED_EDGE ( 'NONE', *, *, #1076, .F. ) ;
#1238 = LINE ( 'NONE', #430, #285 ) ;
#1239 = DIRECTION ( 'NONE',  ( 0.000000000000000000, 0.000000000000000000, -1.000000000000000000 ) ) ;
#1240 = CARTESIAN_POINT ( 'NONE',  ( -1.115000000000000213, 8.624999999999996447, -2.110352575105643381E-14 ) ) ;
#1241 = ORIENTED_EDGE ( 'NONE', *, *, #667, .F. ) ;
#1242 = ORIENTED_EDGE ( 'NONE', *, *, #352, .T. ) ;
#1243 = VERTEX_POINT ( 'NONE', #502 ) ;
#1244 = ADVANCED_FACE ( 'NONE', ( #763 ), #367, .T. ) ;
#1245 = DIRECTION ( 'NONE',  ( 1.000000000000000000, 0.000000000000000000, 0.000000000000000000 ) ) ;
#1246 = CARTESIAN_POINT ( 'NONE',  ( -1.235000000000000098, -8.630999999999996675, -1.055176287552821690E-14 ) ) ;
#1247 = CARTESIAN_POINT ( 'NONE',  ( -1.235000000000000098, -9.499999999999998224, -0.05999999999999999778 ) ) ;
#1248 = CARTESIAN_POINT ( 'NONE',  ( 1.235000000000000098, -9.499999999999998224, -0.05999999999999999778 ) ) ;
#1249 = ORIENTED_EDGE ( 'NONE', *, *, #1452, .T. ) ;
#1250 = EDGE_CURVE ( 'NONE', #1243, #329, #1496, .T. ) ;
#1251 = VERTEX_POINT ( 'NONE', #355 ) ;
#1252 = AXIS2_PLACEMENT_3D ( 'NONE', #1183, #463, #557 ) ;
#1253 = DIRECTION ( 'NONE',  ( 0.000000000000000000, -1.000000000000000000, 0.000000000000000000 ) ) ;
#1254 = EDGE_CURVE ( 'NONE', #276, #176, #775, .T. ) ;
#1255 = CARTESIAN_POINT ( 'NONE',  ( -1.175000000000000266, 8.624999999999996447, 0.05999999999997872313 ) ) ;
#1256 = AXIS2_PLACEMENT_3D ( 'NONE', #294, #1026, #404 ) ;
#1257 = EDGE_CURVE ( 'NONE', #199, #686, #746, .T. ) ;
#1258 = DIRECTION ( 'NONE',  ( -2.125235869754801984E-31, -1.000000000000000000, 6.334719985308437681E-17 ) ) ;
#1259 = PLANE ( 'NONE',  #114 ) ;
#1260 = VECTOR ( 'NONE', #1148, 39.37007874015748143 ) ;
#1261 = DIRECTION ( 'NONE',  ( 1.000000000000000000, 0.000000000000000000, 0.000000000000000000 ) ) ;
#1262 = CARTESIAN_POINT ( 'NONE',  ( 0.01500000000000011394, 9.125000000000000000, -0.05999999999999999778 ) ) ;
#1263 = CARTESIAN_POINT ( 'NONE',  ( -1.109000000000000208, 8.630999999999996675, -2.110352575105643381E-14 ) ) ;
#1264 = FACE_OUTER_BOUND ( 'NONE', #1437, .T. ) ;
#1265 = ORIENTED_EDGE ( 'NONE', *, *, #1069, .F. ) ;
#1266 = PLANE ( 'NONE',  #32 ) ;
#1267 = FACE_OUTER_BOUND ( 'NONE', #379, .T. ) ;
#1268 = ADVANCED_FACE ( 'NONE', ( #1264 ), #386, .T. ) ;
#1269 = ORIENTED_EDGE ( 'NONE', *, *, #322, .F. ) ;
#1270 = DIRECTION ( 'NONE',  ( 0.000000000000000000, 0.000000000000000000, 1.000000000000000000 ) ) ;
#1271 = ADVANCED_FACE ( 'NONE', ( #17, #512, #1349 ), #1234, .T. ) ;
#1272 = AXIS2_PLACEMENT_3D ( 'NONE', #191, #65, #470 ) ;
#1273 = VECTOR ( 'NONE', #1226, 39.37007874015748143 ) ;
#1274 = CARTESIAN_POINT ( 'NONE',  ( 1.109000000000000208, 8.630999999999996675, 6.829619984160658046E-17 ) ) ;
#1275 = VECTOR ( 'NONE', #1001, 39.37007874015748143 ) ;
#1276 = ORIENTED_EDGE ( 'NONE', *, *, #923, .T. ) ;
#1277 = DIRECTION ( 'NONE',  ( 1.892499263975164967E-30, 1.000000000000000000, 6.982962677686265922E-15 ) ) ;
#1278 = CARTESIAN_POINT ( 'NONE',  ( -1.109000000000000208, 8.624999999999996447, -2.110352575105643381E-14 ) ) ;
#1279 = DIRECTION ( 'NONE',  ( 1.000000000000000000, 0.000000000000000000, 3.354901044850720256E-15 ) ) ;
#1280 = LINE ( 'NONE', #895, #1451 ) ;
#1281 = EDGE_CURVE ( 'NONE', #659, #1489, #652, .T. ) ;
#1282 = CARTESIAN_POINT ( 'NONE',  ( 1.633416114736964209E-29, 8.630999999999996675, -0.05999999999999999778 ) ) ;
#1283 = DIRECTION ( 'NONE',  ( -0.000000000000000000, -0.000000000000000000, 1.000000000000000000 ) ) ;
#1284 = DIRECTION ( 'NONE',  ( -0.000000000000000000, -0.000000000000000000, 1.000000000000000000 ) ) ;
#1285 = ORIENTED_EDGE ( 'NONE', *, *, #1501, .F. ) ;
#1286 = EDGE_CURVE ( 'NONE', #553, #971, #1416, .T. ) ;
#1287 = VERTEX_POINT ( 'NONE', #1142 ) ;
#1288 = FACE_OUTER_BOUND ( 'NONE', #798, .T. ) ;
#1289 = ORIENTED_EDGE ( 'NONE', *, *, #301, .T. ) ;
#1290 = ADVANCED_FACE ( 'NONE', ( #550 ), #888, .T. ) ;
#1291 = AXIS2_PLACEMENT_3D ( 'NONE', #105, #353, #232 ) ;
#1292 = DIRECTION ( 'NONE',  ( -0.000000000000000000, -1.000000000000000000, -0.000000000000000000 ) ) ;
#1293 = AXIS2_PLACEMENT_3D ( 'NONE', #273, #1024, #1396 ) ;
#1294 = DIRECTION ( 'NONE',  ( -0.000000000000000000, 1.000000000000000000, 0.000000000000000000 ) ) ;
#1295 = CIRCLE ( 'NONE', #1228, 0.1560000000000001941 ) ;
#1296 = VERTEX_POINT ( 'NONE', #1278 ) ;
#1297 = CIRCLE ( 'NONE', #1529, 0.1560000000000001941 ) ;
#1298 = ORIENTED_EDGE ( 'NONE', *, *, #707, .F. ) ;
#1299 = DIRECTION ( 'NONE',  ( 3.354901044850848446E-15, 3.834172622686683600E-15, 1.000000000000000000 ) ) ;
#1300 = EDGE_LOOP ( 'NONE', ( #464, #148, #918, #714 ) ) ;
#1301 = CARTESIAN_POINT ( 'NONE',  ( 1.235000000000000098, -8.969822682069832354, 0.000000000000000000 ) ) ;
#1302 = LINE ( 'NONE', #967, #365 ) ;
#1303 = ADVANCED_FACE ( 'NONE', ( #1267 ), #165, .F. ) ;
#1304 = LINE ( 'NONE', #811, #935 ) ;
#1305 = ORIENTED_EDGE ( 'NONE', *, *, #857, .T. ) ;
#1306 = ORIENTED_EDGE ( 'NONE', *, *, #37, .F. ) ;
#1307 = LINE ( 'NONE', #826, #794 ) ;
#1308 = EDGE_CURVE ( 'NONE', #1593, #1251, #420, .T. ) ;
#1309 = FACE_BOUND ( 'NONE', #218, .T. ) ;
#1310 = CARTESIAN_POINT ( 'NONE',  ( -1.235000000000000098, 9.280177317930164094, 0.000000000000000000 ) ) ;
#1311 = CARTESIAN_POINT ( 'NONE',  ( 1.235000000000000098, -9.499999999999998224, -0.05999999999999999778 ) ) ;
#1312 = VERTEX_POINT ( 'NONE', #1527 ) ;
#1313 = EDGE_CURVE ( 'NONE', #1171, #1444, #1025, .T. ) ;
#1314 = ORIENTED_EDGE ( 'NONE', *, *, #892, .F. ) ;
#1315 = CARTESIAN_POINT ( 'NONE',  ( 1.235000000000000098, -9.499999999999998224, 0.000000000000000000 ) ) ;
#1316 = ORIENTED_EDGE ( 'NONE', *, *, #126, .T. ) ;
#1317 = DIRECTION ( 'NONE',  ( 1.000000000000000000, 0.000000000000000000, -3.414809992080326361E-15 ) ) ;
#1318 = CIRCLE ( 'NONE', #177, 0.1560000000000008047 ) ;
#1319 = LINE ( 'NONE', #336, #1453 ) ;
#1320 = ORIENTED_EDGE ( 'NONE', *, *, #539, .T. ) ;
#1321 = VECTOR ( 'NONE', #869, 39.37007874015748143 ) ;
#1322 = VERTEX_POINT ( 'NONE', #1022 ) ;
#1323 = AXIS2_PLACEMENT_3D ( 'NONE', #1105, #118, #1469 ) ;
#1324 = VERTEX_POINT ( 'NONE', #1393 ) ;
#1325 = VECTOR ( 'NONE', #3, 39.37007874015748143 ) ;
#1326 = CARTESIAN_POINT ( 'NONE',  ( -1.109000000000000208, -8.624999999999996447, -2.110352575105643381E-14 ) ) ;
#1327 = CARTESIAN_POINT ( 'NONE',  ( -1.175000000000000044, -8.624999999999996447, 0.05999999999997927824 ) ) ;
#1328 = ORIENTED_EDGE ( 'NONE', *, *, #1254, .T. ) ;
#1329 = CARTESIAN_POINT ( 'NONE',  ( 0.000000000000000000, 8.624999999999996447, -0.05999999999999999778 ) ) ;
#1330 = ADVANCED_FACE ( 'NONE', ( #535 ), #1517, .F. ) ;
#1331 = LINE ( 'NONE', #605, #546 ) ;
#1332 = VERTEX_POINT ( 'NONE', #1403 ) ;
#1333 = ORIENTED_EDGE ( 'NONE', *, *, #433, .F. ) ;
#1334 = APPLICATION_CONTEXT ( 'automotive_design' ) ;
#1335 = ORIENTED_EDGE ( 'NONE', *, *, #296, .F. ) ;
#1336 = LINE ( 'NONE', #610, #180 ) ;
#1337 = EDGE_CURVE ( 'NONE', #1202, #1097, #173, .T. ) ;
#1338 = DIRECTION ( 'NONE',  ( 1.000000000000000000, 0.000000000000000000, 0.000000000000000000 ) ) ;
#1339 = CARTESIAN_POINT ( 'NONE',  ( -1.235000000000000320, -8.624999999999996447, 0.05999999999997908395 ) ) ;
#1340 = CARTESIAN_POINT ( 'NONE',  ( 5.047255794537220077E-27, 8.630999999999996675, -0.05999999999999999778 ) ) ;
#1341 = DIRECTION ( 'NONE',  ( 1.000000000000000000, 0.000000000000000000, 0.000000000000000000 ) ) ;
#1342 = ORIENTED_EDGE ( 'NONE', *, *, #1218, .T. ) ;
#1343 = EDGE_CURVE ( 'NONE', #35, #1287, #1521, .T. ) ;
#1344 = EDGE_LOOP ( 'NONE', ( #187, #368, #1567, #196 ) ) ;
#1345 = DIRECTION ( 'NONE',  ( 0.000000000000000000, -0.000000000000000000, -1.000000000000000000 ) ) ;
#1346 = DIRECTION ( 'NONE',  ( -0.000000000000000000, 1.000000000000000000, -0.000000000000000000 ) ) ;
#1347 = CARTESIAN_POINT ( 'NONE',  ( 1.115000000000000213, 8.624999999999996447, 0.06000000000000010186 ) ) ;
#1348 = DIRECTION ( 'NONE',  ( -1.000000000000000000, 0.000000000000000000, 3.491481338843134539E-15 ) ) ;
#1349 = FACE_OUTER_BOUND ( 'NONE', #1548, .T. ) ;
#1350 = ORIENTED_EDGE ( 'NONE', *, *, #761, .T. ) ;
#1351 = CIRCLE ( 'NONE', #471, 0.1560000000000001941 ) ;
#1352 = VERTEX_POINT ( 'NONE', #1158 ) ;
#1353 = CIRCLE ( 'NONE', #334, 0.1560000000000008047 ) ;
#1354 = DIRECTION ( 'NONE',  ( -1.000000000000000000, 0.000000000000000000, 0.000000000000000000 ) ) ;
#1355 = FACE_OUTER_BOUND ( 'NONE', #186, .T. ) ;
#1356 = VECTOR ( 'NONE', #902, 39.37007874015748143 ) ;
#1357 = VECTOR ( 'NONE', #465, 39.37007874015748143 ) ;
#1358 = DIRECTION ( 'NONE',  ( 1.000000000000000000, 0.000000000000000000, 0.000000000000000000 ) ) ;
#1359 = CARTESIAN_POINT ( 'NONE',  ( -1.251000000000000112, 9.125000000000000000, 0.000000000000000000 ) ) ;
#1360 = DIRECTION ( 'NONE',  ( -0.000000000000000000, 1.000000000000000000, 0.000000000000000000 ) ) ;
#1361 = EDGE_CURVE ( 'NONE', #487, #1430, #789, .T. ) ;
#1362 = ORIENTED_EDGE ( 'NONE', *, *, #1180, .F. ) ;
#1363 = VERTEX_POINT ( 'NONE', #678 ) ;
#1364 = LINE ( 'NONE', #251, #306 ) ;
#1365 = DIRECTION ( 'NONE',  ( -1.338694216201379284E-29, 1.000000000000000000, -3.834172622686683600E-15 ) ) ;
#1366 = CARTESIAN_POINT ( 'NONE',  ( 1.109000000000000208, 8.624999999999996447, 6.829619984160658046E-17 ) ) ;
#1367 = EDGE_CURVE ( 'NONE', #293, #1560, #275, .T. ) ;
#1368 = CARTESIAN_POINT ( 'NONE',  ( -1.235000000000000098, 8.969822682069834130, -0.06000000000002111977 ) ) ;
#1369 = ORIENTED_EDGE ( 'NONE', *, *, #203, .F. ) ;
#1370 = EDGE_LOOP ( 'NONE', ( #346, #785 ) ) ;
#1371 = EDGE_CURVE ( 'NONE', #66, #1352, #44, .T. ) ;
#1372 = VERTEX_POINT ( 'NONE', #1029 ) ;
#1373 = EDGE_CURVE ( 'NONE', #961, #289, #1036, .T. ) ;
#1374 = LINE ( 'NONE', #1588, #1554 ) ;
#1375 = CARTESIAN_POINT ( 'NONE',  ( -1.235000000000000098, 9.500000000000000000, -0.05999999999999999778 ) ) ;
#1376 = DIRECTION ( 'NONE',  ( -0.000000000000000000, -1.000000000000000000, -0.000000000000000000 ) ) ;
#1377 = CARTESIAN_POINT ( 'NONE',  ( 1.235000000000000098, -8.630999999999996675, 3.414809992080329023E-17 ) ) ;
#1378 = CARTESIAN_POINT ( 'NONE',  ( 1.109000000000000208, -8.630999999999996675, 6.829619984160658046E-17 ) ) ;
#1379 = CIRCLE ( 'NONE', #283, 0.1200000000000000511 ) ;
#1380 = DIRECTION ( 'NONE',  ( 0.000000000000000000, 6.982962677686265922E-15, -1.000000000000000000 ) ) ;
#1381 = FACE_OUTER_BOUND ( 'NONE', #82, .T. ) ;
#1382 = VECTOR ( 'NONE', #1101, 39.37007874015748143 ) ;
#1383 = FACE_OUTER_BOUND ( 'NONE', #1178, .T. ) ;
#1384 = VECTOR ( 'NONE', #1208, 39.37007874015748143 ) ;
#1385 = CARTESIAN_POINT ( 'NONE',  ( 1.235000000000000320, 8.624999999999996447, 0.05999999999999984512 ) ) ;
#1386 = AXIS2_PLACEMENT_3D ( 'NONE', #134, #1007, #262 ) ;
#1387 = DIRECTION ( 'NONE',  ( -0.000000000000000000, -1.000000000000000000, -0.000000000000000000 ) ) ;
#1388 = ORIENTED_EDGE ( 'NONE', *, *, #1404, .T. ) ;
#1389 = FACE_OUTER_BOUND ( 'NONE', #302, .T. ) ;
#1390 = ADVANCED_FACE ( 'NONE', ( #909 ), #1409, .T. ) ;
#1391 = DIRECTION ( 'NONE',  ( 1.000000000000000000, 0.000000000000000000, 0.000000000000000000 ) ) ;
#1392 = ADVANCED_FACE ( 'NONE', ( #916 ), #298, .F. ) ;
#1393 = CARTESIAN_POINT ( 'NONE',  ( 1.175000000000000266, -8.624999999999996447, 0.05999999999999990064 ) ) ;
#1394 = ORIENTED_EDGE ( 'NONE', *, *, #181, .T. ) ;
#1395 = EDGE_CURVE ( 'NONE', #587, #1363, #559, .T. ) ;
#1396 = DIRECTION ( 'NONE',  ( 1.000000000000000000, 0.000000000000000000, 0.000000000000000000 ) ) ;
#1397 = DIRECTION ( 'NONE',  ( 0.000000000000000000, 0.000000000000000000, -1.000000000000000000 ) ) ;
#1398 = ORIENTED_EDGE ( 'NONE', *, *, #1250, .T. ) ;
#1399 = FACE_OUTER_BOUND ( 'NONE', #9, .T. ) ;
#1400 = AXIS2_PLACEMENT_3D ( 'NONE', #314, #1569, #1338 ) ;
#1401 = VECTOR ( 'NONE', #1602, 39.37007874015748143 ) ;
#1402 = VECTOR ( 'NONE', #1534, 39.37007874015748143 ) ;
#1403 = CARTESIAN_POINT ( 'NONE',  ( 1.235000000000000098, -9.499999999999998224, -0.05999999999999999778 ) ) ;
#1404 = EDGE_CURVE ( 'NONE', #440, #1444, #1297, .T. ) ;
#1405 = VECTOR ( 'NONE', #99, 39.37007874015748143 ) ;
#1406 = CARTESIAN_POINT ( 'NONE',  ( -0.01500000000000011394, -9.125000000000000000, -0.05999999999999999778 ) ) ;
#1407 = ADVANCED_FACE ( 'NONE', ( #684 ), #437, .T. ) ;
#1408 = ORIENTED_EDGE ( 'NONE', *, *, #258, .F. ) ;
#1409 = PLANE ( 'NONE',  #578 ) ;
#1410 = CARTESIAN_POINT ( 'NONE',  ( 1.235000000000000098, 9.280177317930167646, -0.06000000000002111977 ) ) ;
#1411 = ORIENTED_EDGE ( 'NONE', *, *, #1395, .T. ) ;
#1412 = CARTESIAN_POINT ( 'NONE',  ( 1.235000000000000098, 8.969822682069834130, -0.06000000000002111977 ) ) ;
#1413 = EDGE_CURVE ( 'NONE', #659, #1179, #1052, .T. ) ;
#1414 = DIRECTION ( 'NONE',  ( 0.000000000000000000, 0.000000000000000000, 1.000000000000000000 ) ) ;
#1415 = SURFACE_STYLE_FILL_AREA ( #914 ) ;
#1416 = LINE ( 'NONE', #184, #828 ) ;
#1417 = PLANE ( 'NONE',  #1161 ) ;
#1418 = ORIENTED_EDGE ( 'NONE', *, *, #665, .F. ) ;
#1419 = EDGE_LOOP ( 'NONE', ( #792, #92, #1394, #978 ) ) ;
#1420 = VERTEX_POINT ( 'NONE', #1544 ) ;
#1421 = LINE ( 'NONE', #1457, #366 ) ;
#1422 = FACE_OUTER_BOUND ( 'NONE', #1539, .T. ) ;
#1423 = PRESENTATION_LAYER_ASSIGNMENT (  '', '', ( #1028 ) ) ;
#1424 = DIRECTION ( 'NONE',  ( 0.000000000000000000, 6.982962677686265922E-15, -1.000000000000000000 ) ) ;
#1425 = LINE ( 'NONE', #195, #1384 ) ;
#1426 = AXIS2_PLACEMENT_3D ( 'NONE', #645, #271, #1261 ) ;
#1427 = ORIENTED_EDGE ( 'NONE', *, *, #1404, .F. ) ;
#1428 = ORIENTED_EDGE ( 'NONE', *, *, #146, .T. ) ;
#1429 = FACE_OUTER_BOUND ( 'NONE', #680, .T. ) ;
#1430 = VERTEX_POINT ( 'NONE', #68 ) ;
#1431 =( LENGTH_UNIT ( ) NAMED_UNIT ( * ) SI_UNIT ( $, .METRE. ) );
#1432 = ORIENTED_EDGE ( 'NONE', *, *, #816, .F. ) ;
#1433 = DIRECTION ( 'NONE',  ( 0.000000000000000000, 7.668345245373076898E-15, -1.000000000000000000 ) ) ;
#1434 = ADVANCED_FACE ( 'NONE', ( #1207 ), #1200, .T. ) ;
#1435 = DIRECTION ( 'NONE',  ( 0.000000000000000000, 6.982962677686265922E-15, -1.000000000000000000 ) ) ;
#1436 = ORIENTED_EDGE ( 'NONE', *, *, #1063, .T. ) ;
#1437 = EDGE_LOOP ( 'NONE', ( #1566, #741, #580, #84 ) ) ;
#1438 = EDGE_CURVE ( 'NONE', #607, #72, #1553, .T. ) ;
#1439 = CARTESIAN_POINT ( 'NONE',  ( -1.235000000000000098, 8.969822682069834130, 0.000000000000000000 ) ) ;
#1440 = DIRECTION ( 'NONE',  ( -1.000000000000000000, 0.000000000000000000, -0.000000000000000000 ) ) ;
#1441 = CARTESIAN_POINT ( 'NONE',  ( 1.115000000000000213, 8.624999999999994671, 0.06000000000000010186 ) ) ;
#1442 = DIRECTION ( 'NONE',  ( 0.000000000000000000, -0.000000000000000000, 1.000000000000000000 ) ) ;
#1443 = EDGE_LOOP ( 'NONE', ( #453, #128, #894, #18 ) ) ;
#1444 = VERTEX_POINT ( 'NONE', #1310 ) ;
#1445 = LINE ( 'NONE', #330, #473 ) ;
#1446 = LENGTH_MEASURE_WITH_UNIT ( LENGTH_MEASURE( 0.02539999999999999897 ), #1431 );
#1447 = DIRECTION ( 'NONE',  ( 0.000000000000000000, 0.000000000000000000, 1.000000000000000000 ) ) ;
#1448 = CARTESIAN_POINT ( 'NONE',  ( -1.109000000000000208, 8.630999999999996675, -2.110352575105643381E-14 ) ) ;
#1449 = VECTOR ( 'NONE', #261, 39.37007874015748143 ) ;
#1450 = CARTESIAN_POINT ( 'NONE',  ( -0.1410000000000009579, 9.125000000000000000, -0.05999999999999999778 ) ) ;
#1451 = VECTOR ( 'NONE', #416, 39.37007874015748143 ) ;
#1452 = EDGE_CURVE ( 'NONE', #1051, #957, #448, .T. ) ;
#1453 = VECTOR ( 'NONE', #595, 39.37007874015748143 ) ;
#1454 = ORIENTED_EDGE ( 'NONE', *, *, #665, .T. ) ;
#1455 = AXIS2_PLACEMENT_3D ( 'NONE', #853, #106, #270 ) ;
#1456 = CARTESIAN_POINT ( 'NONE',  ( 1.115000000000000213, -8.624999999999992895, 0.06000000000000010186 ) ) ;
#1457 = CARTESIAN_POINT ( 'NONE',  ( -1.235000000000000098, -9.280177317930165870, -0.06000000000002111977 ) ) ;
#1458 = CARTESIAN_POINT ( 'NONE',  ( 1.109000000000000208, -8.624999999999996447, -0.05999999999999999778 ) ) ;
#1459 = CARTESIAN_POINT ( 'NONE',  ( 1.235000000000000098, 8.969822682069828801, 0.000000000000000000 ) ) ;
#1460 = EDGE_CURVE ( 'NONE', #60, #1051, #692, .T. ) ;
#1461 = CYLINDRICAL_SURFACE ( 'NONE', #903, 0.1199999999999999539 ) ;
#1462 = ORIENTED_EDGE ( 'NONE', *, *, #1596, .F. ) ;
#1463 = ORIENTED_EDGE ( 'NONE', *, *, #986, .F. ) ;
#1464 = CARTESIAN_POINT ( 'NONE',  ( 1.235000000000000098, 8.630999999999991346, 0.000000000000000000 ) ) ;
#1465 = EDGE_CURVE ( 'NONE', #256, #221, #1185, .T. ) ;
#1466 = CARTESIAN_POINT ( 'NONE',  ( -1.109000000000000208, 8.624999999999996447, -0.05999999999999999778 ) ) ;
#1467 = CARTESIAN_POINT ( 'NONE',  ( -1.109000000000000208, 0.000000000000000000, -0.05999999999999999778 ) ) ;
#1468 = CARTESIAN_POINT ( 'NONE',  ( -1.109000000000000208, -8.630999999999996675, -0.05999999999999999778 ) ) ;
#1469 = DIRECTION ( 'NONE',  ( 0.000000000000000000, 0.000000000000000000, 1.000000000000000000 ) ) ;
#1470 = EDGE_LOOP ( 'NONE', ( #431, #1411, #1306, #1132 ) ) ;
#1471 = ORIENTED_EDGE ( 'NONE', *, *, #832, .T. ) ;
#1472 = ORIENTED_EDGE ( 'NONE', *, *, #647, .F. ) ;
#1473 = CARTESIAN_POINT ( 'NONE',  ( 1.235000000000000098, 9.500000000000000000, -0.05999999999999999778 ) ) ;
#1474 = DIRECTION ( 'NONE',  ( 0.000000000000000000, 6.982962677686265922E-15, -1.000000000000000000 ) ) ;
#1475 = EDGE_CURVE ( 'NONE', #221, #1352, #1083, .T. ) ;
#1476 = LINE ( 'NONE', #1494, #1190 ) ;
#1477 = CARTESIAN_POINT ( 'NONE',  ( 1.235000000000002096, -8.624999999999998224, 0.5699999999999999512 ) ) ;
#1478 = CARTESIAN_POINT ( 'NONE',  ( -1.251000000000000112, 9.125000000000000000, -0.06000000000002111977 ) ) ;
#1479 = VERTEX_POINT ( 'NONE', #1459 ) ;
#1480 = CIRCLE ( 'NONE', #1505, 0.1560000000000010822 ) ;
#1481 = ORIENTED_EDGE ( 'NONE', *, *, #1558, .F. ) ;
#1482 = CIRCLE ( 'NONE', #774, 0.1560000000000010822 ) ;
#1483 = ADVANCED_FACE ( 'NONE', ( #1046 ), #1564, .F. ) ;
#1484 = DIRECTION ( 'NONE',  ( 1.000000000000000000, -5.605193857299269528E-45, 3.491481338843134539E-15 ) ) ;
#1485 = PLANE ( 'NONE',  #898 ) ;
#1486 = VECTOR ( 'NONE', #1387, 39.37007874015748143 ) ;
#1487 = CARTESIAN_POINT ( 'NONE',  ( 1.235000000000000098, 9.500000000000000000, -0.05999999999999999778 ) ) ;
#1488 = DIRECTION ( 'NONE',  ( -0.000000000000000000, -0.000000000000000000, 1.000000000000000000 ) ) ;
#1489 = VERTEX_POINT ( 'NONE', #210 ) ;
#1490 = ORIENTED_EDGE ( 'NONE', *, *, #1558, .T. ) ;
#1491 = ORIENTED_EDGE ( 'NONE', *, *, #807, .F. ) ;
#1492 = CARTESIAN_POINT ( 'NONE',  ( 1.235000000000000098, -9.499999999999998224, -0.05999999999999999778 ) ) ;
#1493 = DIRECTION ( 'NONE',  ( 0.000000000000000000, 0.000000000000000000, 1.000000000000000000 ) ) ;
#1494 = CARTESIAN_POINT ( 'NONE',  ( -1.235000000000000098, -9.499999999999998224, -0.05999999999999999778 ) ) ;
#1495 = APPLICATION_PROTOCOL_DEFINITION ( 'draft international standard', 'automotive_design', 1998, #1334 ) ;
#1496 = LINE ( 'NONE', #1135, #1486 ) ;
#1497 = EDGE_LOOP ( 'NONE', ( #740, #171, #1242, #998 ) ) ;
#1498 = PLANE ( 'NONE',  #163 ) ;
#1499 = DIRECTION ( 'NONE',  ( 0.000000000000000000, 1.000000000000000000, 0.000000000000000000 ) ) ;
#1500 = LINE ( 'NONE', #1467, #207 ) ;
#1501 = EDGE_CURVE ( 'NONE', #589, #215, #703, .T. ) ;
#1502 = DIRECTION ( 'NONE',  ( 1.000000000000000000, 0.000000000000000000, 0.000000000000000000 ) ) ;
#1503 = CARTESIAN_POINT ( 'NONE',  ( 1.109000000000000208, -8.630999999999996675, 0.000000000000000000 ) ) ;
#1504 = EDGE_CURVE ( 'NONE', #175, #30, #335, .T. ) ;
#1505 = AXIS2_PLACEMENT_3D ( 'NONE', #21, #142, #1091 ) ;
#1506 = ADVANCED_FACE ( 'NONE', ( #344 ), #226, .T. ) ;
#1507 = CARTESIAN_POINT ( 'NONE',  ( -1.115000000000000213, 8.624999999999996447, -2.110352575105643381E-14 ) ) ;
#1508 = DIRECTION ( 'NONE',  ( 0.000000000000000000, 0.000000000000000000, 1.000000000000000000 ) ) ;
#1509 = AXIS2_PLACEMENT_3D ( 'NONE', #674, #688, #1155 ) ;
#1510 = DIRECTION ( 'NONE',  ( 0.000000000000000000, -1.000000000000000000, -0.000000000000000000 ) ) ;
#1511 = VECTOR ( 'NONE', #1075, 39.37007874015748143 ) ;
#1512 = DIRECTION ( 'NONE',  ( -0.000000000000000000, -0.000000000000000000, 1.000000000000000000 ) ) ;
#1513 = EDGE_CURVE ( 'NONE', #1312, #957, #309, .T. ) ;
#1514 = VERTEX_POINT ( 'NONE', #1468 ) ;
#1515 = CARTESIAN_POINT ( 'NONE',  ( 0.01500000000000011394, 9.125000000000000000, 0.000000000000000000 ) ) ;
#1516 = CARTESIAN_POINT ( 'NONE',  ( -1.175000000000002043, 8.624999999999996447, 0.5700000000000001732 ) ) ;
#1517 = CYLINDRICAL_SURFACE ( 'NONE', #33, 0.1560000000000008047 ) ;
#1518 = ORIENTED_EDGE ( 'NONE', *, *, #1020, .T. ) ;
#1519 = DIRECTION ( 'NONE',  ( -0.000000000000000000, -0.000000000000000000, 1.000000000000000000 ) ) ;
#1520 = EDGE_CURVE ( 'NONE', #199, #837, #549, .T. ) ;
#1521 = LINE ( 'NONE', #658, #14 ) ;
#1522 = ORIENTED_EDGE ( 'NONE', *, *, #1528, .F. ) ;
#1523 = CARTESIAN_POINT ( 'NONE',  ( -1.235000000000000098, -8.969822682069830577, -0.06000000000002111977 ) ) ;
#1524 =( GEOMETRIC_REPRESENTATION_CONTEXT ( 3 ) GLOBAL_UNCERTAINTY_ASSIGNED_CONTEXT ( ( #1049 ) ) GLOBAL_UNIT_ASSIGNED_CONTEXT ( ( #321, #444, #964 ) ) REPRESENTATION_CONTEXT ( 'NONE', 'WORKASPACE' ) );
#1525 = CIRCLE ( 'NONE', #933, 0.06000000000000005329 ) ;
#1526 = AXIS2_PLACEMENT_3D ( 'NONE', #614, #377, #29 ) ;
#1527 = CARTESIAN_POINT ( 'NONE',  ( -1.235000000000000098, 8.630999999999991346, 0.000000000000000000 ) ) ;
#1528 = EDGE_CURVE ( 'NONE', #199, #957, #603, .T. ) ;
#1529 = AXIS2_PLACEMENT_3D ( 'NONE', #200, #316, #193 ) ;
#1530 = ADVANCED_FACE ( 'NONE', ( #993 ), #1259, .F. ) ;
#1531 = CARTESIAN_POINT ( 'NONE',  ( 0.1710000000000012066, 9.125000000000000000, -0.05999999999999999778 ) ) ;
#1532 = ORIENTED_EDGE ( 'NONE', *, *, #1104, .T. ) ;
#1533 = LINE ( 'NONE', #425, #697 ) ;
#1534 = DIRECTION ( 'NONE',  ( -1.000000000000000000, 0.000000000000000000, 2.710166660381214496E-16 ) ) ;
#1535 = CYLINDRICAL_SURFACE ( 'NONE', #501, 0.1560000000000001941 ) ;
#1536 = DIRECTION ( 'NONE',  ( 0.000000000000000000, 1.000000000000000000, 0.000000000000000000 ) ) ;
#1537 = CARTESIAN_POINT ( 'NONE',  ( 1.251000000000000112, 9.125000000000000000, -0.06000000000002111977 ) ) ;
#1538 = ORIENTED_EDGE ( 'NONE', *, *, #280, .T. ) ;
#1539 = EDGE_LOOP ( 'NONE', ( #1471, #972, #617, #865, #1427, #1481, #1342, #1491, #1113, #320, #722, #339, #204, #904, #748, #494, #1193, #340, #786, #1203, #533, #554, #139, #1335, #1189, #941, #468, #664, #1041, #503 ) ) ;
#1540 = FACE_OUTER_BOUND ( 'NONE', #323, .T. ) ;
#1541 = CARTESIAN_POINT ( 'NONE',  ( 0.1410000000000007081, -9.125000000000000000, -0.05999999999999999778 ) ) ;
#1542 = EDGE_CURVE ( 'NONE', #1332, #562, #1233, .T. ) ;
#1543 = DIRECTION ( 'NONE',  ( 0.000000000000000000, 1.000000000000000000, 0.000000000000000000 ) ) ;
#1544 = CARTESIAN_POINT ( 'NONE',  ( 1.175000000000000266, 8.624999999999996447, 0.05999999999999990064 ) ) ;
#1545 = DIRECTION ( 'NONE',  ( 5.313089674387207492E-32, 1.000000000000000000, 1.583679996327109420E-17 ) ) ;
#1546 = EDGE_LOOP ( 'NONE', ( #1164, #768 ) ) ;
#1547 = ORIENTED_EDGE ( 'NONE', *, *, #326, .T. ) ;
#1548 = EDGE_LOOP ( 'NONE', ( #1237, #1048, #954, #670, #1601, #581, #932, #1181, #911, #1582, #63, #1408, #1314, #119, #937, #624, #1532, #846, #945, #478, #111, #987, #889, #558, #1249, #1522, #121, #423, #387, #608 ) ) ;
#1549 = ADVANCED_FACE ( 'NONE', ( #233 ), #1129, .F. ) ;
#1550 = DIRECTION ( 'NONE',  ( -0.000000000000000000, 1.000000000000000000, -0.000000000000000000 ) ) ;
#1551 = ORIENTED_EDGE ( 'NONE', *, *, #98, .T. ) ;
#1552 = VECTOR ( 'NONE', #799, 39.37007874015748143 ) ;
#1553 = LINE ( 'NONE', #1329, #530 ) ;
#1554 = VECTOR ( 'NONE', #481, 39.37007874015748143 ) ;
#1555 = DIRECTION ( 'NONE',  ( 0.000000000000000000, 1.000000000000000000, 0.000000000000000000 ) ) ;
#1556 = AXIS2_PLACEMENT_3D ( 'NONE', #1406, #58, #779 ) ;
#1557 = VERTEX_POINT ( 'NONE', #376 ) ;
#1558 = EDGE_CURVE ( 'NONE', #686, #440, #606, .T. ) ;
#1559 = VECTOR ( 'NONE', #729, 39.37007874015748143 ) ;
#1560 = VERTEX_POINT ( 'NONE', #1377 ) ;
#1561 = LINE ( 'NONE', #952, #1159 ) ;
#1562 = VERTEX_POINT ( 'NONE', #1385 ) ;
#1563 = VERTEX_POINT ( 'NONE', #16 ) ;
#1564 = CYLINDRICAL_SURFACE ( 'NONE', #212, 0.06000000000000004635 ) ;
#1565 = CARTESIAN_POINT ( 'NONE',  ( -1.235000000000002096, -8.624999999999996447, 0.5699999999999999512 ) ) ;
#1566 = ORIENTED_EDGE ( 'NONE', *, *, #618, .F. ) ;
#1567 = ORIENTED_EDGE ( 'NONE', *, *, #433, .T. ) ;
#1568 = DIRECTION ( 'NONE',  ( 5.847822725683259920E-28, 1.000000000000000000, 6.982962677686265922E-15 ) ) ;
#1569 = DIRECTION ( 'NONE',  ( 0.000000000000000000, -0.000000000000000000, -1.000000000000000000 ) ) ;
#1570 = EDGE_LOOP ( 'NONE', ( #642, #675, #942, #396 ) ) ;
#1571 = CARTESIAN_POINT ( 'NONE',  ( 1.235000000000000098, -9.499999999999998224, -0.05999999999999999778 ) ) ;
#1572 = EDGE_CURVE ( 'NONE', #1563, #659, #635, .T. ) ;
#1573 = DIRECTION ( 'NONE',  ( 0.000000000000000000, -1.000000000000000000, 0.000000000000000000 ) ) ;
#1574 = EDGE_LOOP ( 'NONE', ( #480, #101, #626, #130 ) ) ;
#1575 = VERTEX_POINT ( 'NONE', #1591 ) ;
#1576 = LINE ( 'NONE', #489, #1225 ) ;
#1577 = CARTESIAN_POINT ( 'NONE',  ( 1.235000000000000098, 9.280177317930167646, -0.06000000000002111977 ) ) ;
#1578 = LINE ( 'NONE', #1082, #46 ) ;
#1579 = DIRECTION ( 'NONE',  ( -0.000000000000000000, -1.000000000000000000, -0.000000000000000000 ) ) ;
#1580 = VECTOR ( 'NONE', #1358, 39.37007874015748143 ) ;
#1581 = FACE_OUTER_BOUND ( 'NONE', #488, .T. ) ;
#1582 = ORIENTED_EDGE ( 'NONE', *, *, #1099, .T. ) ;
#1583 = CIRCLE ( 'NONE', #504, 0.1560000000000010822 ) ;
#1584 = ORIENTED_EDGE ( 'NONE', *, *, #1008, .T. ) ;
#1585 = EDGE_CURVE ( 'NONE', #1575, #241, #871, .T. ) ;
#1586 = VECTOR ( 'NONE', #977, 39.37007874015748143 ) ;
#1587 = ORIENTED_EDGE ( 'NONE', *, *, #762, .F. ) ;
#1588 = CARTESIAN_POINT ( 'NONE',  ( -1.109000000000000208, 8.630999999999996675, -2.110352575105643381E-14 ) ) ;
#1589 = DIRECTION ( 'NONE',  ( 0.000000000000000000, 0.000000000000000000, -1.000000000000000000 ) ) ;
#1590 = DIRECTION ( 'NONE',  ( -0.000000000000000000, 1.000000000000000000, -0.000000000000000000 ) ) ;
#1591 = CARTESIAN_POINT ( 'NONE',  ( -1.235000000000002096, 8.624999999999996447, 0.5699999999999999512 ) ) ;
#1592 = DIRECTION ( 'NONE',  ( 0.000000000000000000, 6.982962677686265922E-15, -1.000000000000000000 ) ) ;
#1593 = VERTEX_POINT ( 'NONE', #492 ) ;
#1594 = EDGE_LOOP ( 'NONE', ( #1398, #958, #319, #418 ) ) ;
#1595 = ORIENTED_EDGE ( 'NONE', *, *, #317, .T. ) ;
#1596 = EDGE_CURVE ( 'NONE', #837, #1557, #1018, .T. ) ;
#1597 = CARTESIAN_POINT ( 'NONE',  ( -1.235000000000002096, 8.624999999999996447, 0.5699999999999999512 ) ) ;
#1598 = CARTESIAN_POINT ( 'NONE',  ( -1.235000000000000098, -9.499999999999998224, -0.05999999999999999778 ) ) ;
#1599 = DIRECTION ( 'NONE',  ( -0.000000000000000000, -1.000000000000000000, -0.000000000000000000 ) ) ;
#1600 = ORIENTED_EDGE ( 'NONE', *, *, #1011, .T. ) ;
#1601 = ORIENTED_EDGE ( 'NONE', *, *, #1045, .T. ) ;
#1602 = DIRECTION ( 'NONE',  ( 1.000000000000000000, 0.000000000000000000, -8.374414980577951907E-14 ) ) ;
#1603 = DIRECTION ( 'NONE',  ( 0.000000000000000000, 0.000000000000000000, 1.000000000000000000 ) ) ;
ENDSEC;
END-ISO-10303-21;
