ISO-10303-21;
HEADER;
FILE_DESCRIPTION (( 'STEP AP214' ),
    '1' );
FILE_NAME ('12-D-6089-01-(16gacr ANSI-61) - K48 - V0-R0.STEP',
    '2026-08-04T17:24:45',
    ( '' ),
    ( '' ),
    'SwSTEP 2.0',
    'SolidWorks 2024',
    '' );
FILE_SCHEMA (( 'AUTOMOTIVE_DESIGN' ));
ENDSEC;

DATA;
#1 = LINE ( 'NONE', #18, #718 ) ;
#2 = CARTESIAN_POINT ( 'NONE',  ( 5.284999999999996589, -10.96999999999999176, -0.06000000000000064310 ) ) ;
#3 = ADVANCED_FACE ( 'NONE', ( #567 ), #396, .T. ) ;
#4 = ORIENTED_EDGE ( 'NONE', *, *, #912, .F. ) ;
#5 = DIRECTION ( 'NONE',  ( -1.000000000000000000, 0.000000000000000000, -3.491481338843134539E-15 ) ) ;
#6 = ORIENTED_EDGE ( 'NONE', *, *, #1777, .F. ) ;
#7 = FILL_AREA_STYLE ('',( #272 ) ) ;
#8 = DIRECTION ( 'NONE',  ( 3.167359992654217435E-15, -9.502079977962653095E-15, -1.000000000000000000 ) ) ;
#9 = PLANE ( 'NONE',  #1207 ) ;
#10 = EDGE_LOOP ( 'NONE', ( #364, #660, #626, #299 ) ) ;
#11 = LINE ( 'NONE', #215, #525 ) ;
#12 = EDGE_CURVE ( 'NONE', #80, #508, #1669, .T. ) ;
#13 = ORIENTED_EDGE ( 'NONE', *, *, #722, .T. ) ;
#14 = FACE_OUTER_BOUND ( 'NONE', #10, .T. ) ;
#15 = EDGE_CURVE ( 'NONE', #764, #1038, #1303, .T. ) ;
#16 = AXIS2_PLACEMENT_3D ( 'NONE', #831, #1267, #546 ) ;
#17 = CIRCLE ( 'NONE', #48, 0.1560000000000001941 ) ;
#18 = CARTESIAN_POINT ( 'NONE',  ( 5.404999999999997584, 10.96999999999999886, -0.05999999999999999778 ) ) ;
#19 = CYLINDRICAL_SURFACE ( 'NONE', #313, 0.06000000000000099698 ) ;
#20 = ORIENTED_EDGE ( 'NONE', *, *, #474, .T. ) ;
#21 = APPLICATION_PROTOCOL_DEFINITION ( 'draft international standard', 'automotive_design', 1998, #559 ) ;
#22 = ORIENTED_EDGE ( 'NONE', *, *, #1324, .T. ) ;
#23 = LINE ( 'NONE', #1692, #1516 ) ;
#24 = CARTESIAN_POINT ( 'NONE',  ( 5.065000000000000391, -4.999999999999999112, -0.7500000000000003331 ) ) ;
#25 = LINE ( 'NONE', #1007, #311 ) ;
#26 = EDGE_CURVE ( 'NONE', #403, #1708, #1561, .T. ) ;
#27 = DIRECTION ( 'NONE',  ( -1.000000000000000000, -1.992231900575600036E-16, 3.169856808907805887E-15 ) ) ;
#28 = VECTOR ( 'NONE', #757, 39.37007874015748143 ) ;
#29 = CARTESIAN_POINT ( 'NONE',  ( 5.278999999999997250, 10.97599999999999554, 0.000000000000000000 ) ) ;
#30 = ORIENTED_EDGE ( 'NONE', *, *, #1407, .F. ) ;
#31 = CARTESIAN_POINT ( 'NONE',  ( -5.281999999999998252, -11.09999999999999609, -0.1199999999999974004 ) ) ;
#32 = ORIENTED_EDGE ( 'NONE', *, *, #375, .F. ) ;
#33 = LINE ( 'NONE', #1585, #1635 ) ;
#34 = CARTESIAN_POINT ( 'NONE',  ( -5.405000000000002025, 10.96999999999999886, 0.000000000000000000 ) ) ;
#35 = CARTESIAN_POINT ( 'NONE',  ( -2.308778766322840698E-15, -11.15999999999999837, 3.553777911758031270E-14 ) ) ;
#36 = EDGE_CURVE ( 'NONE', #1610, #1280, #1733, .T. ) ;
#37 = EDGE_CURVE ( 'NONE', #1799, #120, #1504, .T. ) ;
#38 = CARTESIAN_POINT ( 'NONE',  ( 5.405000000000000249, -10.96999999999999176, -0.1199999999999985523 ) ) ;
#39 = DIRECTION ( 'NONE',  ( -1.000000000000000000, 0.000000000000000000, 2.845674993400227101E-16 ) ) ;
#40 = VERTEX_POINT ( 'NONE', #1371 ) ;
#41 = VECTOR ( 'NONE', #703, 39.37007874015748143 ) ;
#42 = ORIENTED_EDGE ( 'NONE', *, *, #901, .F. ) ;
#43 = LINE ( 'NONE', #1133, #265 ) ;
#44 = DIRECTION ( 'NONE',  ( -0.000000000000000000, -0.000000000000000000, 1.000000000000000000 ) ) ;
#45 = DIRECTION ( 'NONE',  ( 1.000000000000000000, 1.992231900575580068E-16, -3.167359992654217830E-15 ) ) ;
#46 = CARTESIAN_POINT ( 'NONE',  ( -5.282000000000000917, 10.97599999999999554, -0.05999999999999999778 ) ) ;
#47 = DIRECTION ( 'NONE',  ( 1.776811703196256862E-14, -1.000000000000000000, 0.000000000000000000 ) ) ;
#48 = AXIS2_PLACEMENT_3D ( 'NONE', #749, #1304, #56 ) ;
#49 = AXIS2_PLACEMENT_3D ( 'NONE', #1662, #686, #576 ) ;
#50 = VERTEX_POINT ( 'NONE', #1387 ) ;
#51 = EDGE_CURVE ( 'NONE', #1109, #560, #552, .T. ) ;
#52 = ORIENTED_EDGE ( 'NONE', *, *, #329, .F. ) ;
#53 = CARTESIAN_POINT ( 'NONE',  ( -5.278999999999999915, -10.96999999999999531, -0.06000000000000337008 ) ) ;
#54 = CARTESIAN_POINT ( 'NONE',  ( 5.281999999999995588, 11.16000000000000369, -0.1199999999999998151 ) ) ;
#55 = VECTOR ( 'NONE', #1238, 39.37007874015748143 ) ;
#56 = DIRECTION ( 'NONE',  ( 1.000000000000000000, 0.000000000000000000, 0.000000000000000000 ) ) ;
#57 = CARTESIAN_POINT ( 'NONE',  ( -5.065000000000000391, 5.000000000000000888, -0.7500000000000003331 ) ) ;
#58 = CARTESIAN_POINT ( 'NONE',  ( -5.404999999999997584, -10.96999999999999531, -0.1200000000000007172 ) ) ;
#59 = CIRCLE ( 'NONE', #204, 0.05999999999999883205 ) ;
#60 = AXIS2_PLACEMENT_3D ( 'NONE', #666, #877, #1134 ) ;
#61 = AXIS2_PLACEMENT_3D ( 'NONE', #914, #794, #81 ) ;
#62 = ORIENTED_EDGE ( 'NONE', *, *, #1065, .F. ) ;
#63 = EDGE_CURVE ( 'NONE', #1446, #962, #422, .T. ) ;
#64 = ADVANCED_FACE ( 'NONE', ( #1245 ), #1788, .F. ) ;
#65 = ORIENTED_EDGE ( 'NONE', *, *, #853, .F. ) ;
#66 = DIRECTION ( 'NONE',  ( -1.292998861067909274E-16, -3.491481338843134539E-15, -1.000000000000000000 ) ) ;
#67 = CARTESIAN_POINT ( 'NONE',  ( -4.909000000000000696, -4.999999999999999112, -0.06000000000000004635 ) ) ;
#68 = DIRECTION ( 'NONE',  ( 1.000000000000000000, -0.000000000000000000, -2.845674993400227101E-16 ) ) ;
#69 = FACE_OUTER_BOUND ( 'NONE', #1434, .T. ) ;
#70 = DIRECTION ( 'NONE',  ( 0.000000000000000000, 1.000000000000000000, 0.000000000000000000 ) ) ;
#71 = ORIENTED_EDGE ( 'NONE', *, *, #51, .F. ) ;
#72 = ORIENTED_EDGE ( 'NONE', *, *, #584, .F. ) ;
#73 = FACE_OUTER_BOUND ( 'NONE', #829, .T. ) ;
#74 = FACE_OUTER_BOUND ( 'NONE', #1564, .T. ) ;
#75 = CYLINDRICAL_SURFACE ( 'NONE', #750, 0.05999999999999772182 ) ;
#76 = EDGE_CURVE ( 'NONE', #608, #1298, #990, .T. ) ;
#77 = CARTESIAN_POINT ( 'NONE',  ( 5.281999999999996476, 11.22000000000000774, -0.7500000000000001110 ) ) ;
#78 = LINE ( 'NONE', #1191, #208 ) ;
#79 = ORIENTED_EDGE ( 'NONE', *, *, #722, .F. ) ;
#80 = VERTEX_POINT ( 'NONE', #692 ) ;
#81 = DIRECTION ( 'NONE',  ( 2.068798177708643448E-16, 1.000000000000000000, 0.000000000000000000 ) ) ;
#82 = CARTESIAN_POINT ( 'NONE',  ( -5.282000000000000917, 11.16000000000000014, 1.880778363638074939E-14 ) ) ;
#83 = CIRCLE ( 'NONE', #1189, 0.1560000000000001941 ) ;
#84 = DIRECTION ( 'NONE',  ( 0.000000000000000000, 0.000000000000000000, -1.000000000000000000 ) ) ;
#85 = EDGE_CURVE ( 'NONE', #1455, #1610, #1251, .T. ) ;
#86 = DIRECTION ( 'NONE',  ( 1.000000000000000000, 0.000000000000000000, 0.000000000000000000 ) ) ;
#87 = CARTESIAN_POINT ( 'NONE',  ( 5.281999999999996476, 11.10000000000000142, -0.06000000000000119821 ) ) ;
#88 = ORIENTED_EDGE ( 'NONE', *, *, #685, .T. ) ;
#89 = VECTOR ( 'NONE', #983, 39.37007874015748143 ) ;
#90 = ORIENTED_EDGE ( 'NONE', *, *, #26, .T. ) ;
#91 = CARTESIAN_POINT ( 'NONE',  ( 5.405000000000000249, -10.96999999999999176, -0.05999999999999999778 ) ) ;
#92 = ORIENTED_EDGE ( 'NONE', *, *, #1034, .F. ) ;
#93 = PLANE ( 'NONE',  #1015 ) ;
#94 = DIRECTION ( 'NONE',  ( 0.000000000000000000, 0.000000000000000000, -1.000000000000000000 ) ) ;
#95 = EDGE_CURVE ( 'NONE', #548, #902, #1, .T. ) ;
#96 = ADVANCED_FACE ( 'NONE', ( #840 ), #267, .F. ) ;
#97 = VERTEX_POINT ( 'NONE', #38 ) ;
#98 = ADVANCED_FACE ( 'NONE', ( #185 ), #881, .F. ) ;
#99 = ORIENTED_EDGE ( 'NONE', *, *, #839, .F. ) ;
#100 = LINE ( 'NONE', #654, #699 ) ;
#101 = ORIENTED_EDGE ( 'NONE', *, *, #297, .F. ) ;
#102 = CARTESIAN_POINT ( 'NONE',  ( -5.285000000000000142, 10.97000000000000064, -0.1200000000000010919 ) ) ;
#103 = CARTESIAN_POINT ( 'NONE',  ( -5.065000000000000391, -4.999999999999999112, -0.06000000000000004635 ) ) ;
#104 = VERTEX_POINT ( 'NONE', #46 ) ;
#105 = ADVANCED_FACE ( 'NONE', ( #1432 ), #312, .F. ) ;
#106 = ORIENTED_EDGE ( 'NONE', *, *, #584, .T. ) ;
#107 = DIRECTION ( 'NONE',  ( 1.000000000000000000, 0.000000000000000000, 0.000000000000000000 ) ) ;
#108 =( GEOMETRIC_REPRESENTATION_CONTEXT ( 3 ) GLOBAL_UNCERTAINTY_ASSIGNED_CONTEXT ( ( #907 ) ) GLOBAL_UNIT_ASSIGNED_CONTEXT ( ( #822, #1668, #428 ) ) REPRESENTATION_CONTEXT ( 'NONE', 'WORKASPACE' ) );
#109 = ORIENTED_EDGE ( 'NONE', *, *, #594, .F. ) ;
#110 = CARTESIAN_POINT ( 'NONE',  ( -5.278999999999999915, -10.97599999999999554, -0.06000000000000337008 ) ) ;
#111 = FACE_OUTER_BOUND ( 'NONE', #1192, .T. ) ;
#112 = EDGE_LOOP ( 'NONE', ( #62, #587, #1300, #735 ) ) ;
#113 = EDGE_LOOP ( 'NONE', ( #412, #378, #381, #370 ) ) ;
#114 = LINE ( 'NONE', #1401, #148 ) ;
#115 = ADVANCED_FACE ( 'NONE', ( #614 ), #1423, .F. ) ;
#116 = ORIENTED_EDGE ( 'NONE', *, *, #1556, .F. ) ;
#117 = DIRECTION ( 'NONE',  ( -1.000000000000000000, -4.137596355417176949E-16, -3.167359992654219408E-15 ) ) ;
#118 = AXIS2_PLACEMENT_3D ( 'NONE', #222, #1302, #1738 ) ;
#119 = DIRECTION ( 'NONE',  ( 1.000000000000000000, 0.000000000000000000, 0.000000000000000000 ) ) ;
#120 = VERTEX_POINT ( 'NONE', #743 ) ;
#121 = CARTESIAN_POINT ( 'NONE',  ( 5.278999999999997250, 0.000000000000000000, 0.000000000000000000 ) ) ;
#122 = ORIENTED_EDGE ( 'NONE', *, *, #408, .F. ) ;
#123 = CARTESIAN_POINT ( 'NONE',  ( -5.285000000000000142, 10.96999999999999531, -3.363587842199124001E-15 ) ) ;
#124 = VECTOR ( 'NONE', #1589, 39.37007874015748143 ) ;
#125 = ORIENTED_EDGE ( 'NONE', *, *, #1178, .F. ) ;
#126 = LINE ( 'NONE', #978, #730 ) ;
#127 = VECTOR ( 'NONE', #544, 39.37007874015748143 ) ;
#128 = EDGE_CURVE ( 'NONE', #1528, #892, #1137, .T. ) ;
#129 = VERTEX_POINT ( 'NONE', #1294 ) ;
#130 = CARTESIAN_POINT ( 'NONE',  ( -5.285000000000000142, 10.97000000000000064, -0.1200000000000010919 ) ) ;
#131 = ORIENTED_EDGE ( 'NONE', *, *, #1178, .T. ) ;
#132 = LINE ( 'NONE', #1529, #640 ) ;
#133 = CARTESIAN_POINT ( 'NONE',  ( -5.281999999999999140, 11.16000000000000192, -0.7500000000000002220 ) ) ;
#134 = VECTOR ( 'NONE', #516, 39.37007874015748143 ) ;
#135 = VERTEX_POINT ( 'NONE', #1713 ) ;
#136 = PLANE ( 'NONE',  #519 ) ;
#137 = EDGE_CURVE ( 'NONE', #1473, #862, #330, .T. ) ;
#138 = ORIENTED_EDGE ( 'NONE', *, *, #1010, .T. ) ;
#139 = AXIS2_PLACEMENT_3D ( 'NONE', #1628, #1518, #1535 ) ;
#140 = PLANE ( 'NONE',  #828 ) ;
#141 = EDGE_LOOP ( 'NONE', ( #1261, #220, #138, #1453 ) ) ;
#142 =( NAMED_UNIT ( * ) PLANE_ANGLE_UNIT ( ) SI_UNIT ( $, .RADIAN. ) );
#143 = VECTOR ( 'NONE', #948, 39.37007874015748143 ) ;
#144 = DIRECTION ( 'NONE',  ( 0.000000000000000000, 0.000000000000000000, 1.000000000000000000 ) ) ;
#145 = EDGE_LOOP ( 'NONE', ( #1068, #767, #1132, #1726 ) ) ;
#146 = FACE_OUTER_BOUND ( 'NONE', #658, .T. ) ;
#147 = AXIS2_PLACEMENT_3D ( 'NONE', #1266, #1090, #119 ) ;
#148 = VECTOR ( 'NONE', #1783, 39.37007874015748143 ) ;
#149 = DIRECTION ( 'NONE',  ( 1.000000000000000000, 0.000000000000000000, 0.000000000000000000 ) ) ;
#150 = ADVANCED_FACE ( 'NONE', ( #442 ), #192, .T. ) ;
#151 = DIRECTION ( 'NONE',  ( -1.000000000000000000, 0.000000000000000000, 3.130242492740363259E-15 ) ) ;
#152 = ORIENTED_EDGE ( 'NONE', *, *, #1720, .T. ) ;
#153 = LINE ( 'NONE', #1085, #1315 ) ;
#154 = ADVANCED_FACE ( 'NONE', ( #1686 ), #1450, .T. ) ;
#155 = EDGE_LOOP ( 'NONE', ( #688, #683, #1410, #992 ) ) ;
#156 = VECTOR ( 'NONE', #1673, 39.37007874015748143 ) ;
#157 = DIRECTION ( 'NONE',  ( 4.137596355417286897E-16, -1.000000000000000000, -3.491481338843133750E-15 ) ) ;
#158 = ORIENTED_EDGE ( 'NONE', *, *, #1454, .T. ) ;
#159 = CARTESIAN_POINT ( 'NONE',  ( -5.221000000000000973, 5.000000000000000888, 0.000000000000000000 ) ) ;
#160 = EDGE_LOOP ( 'NONE', ( #109, #4, #1734, #1490 ) ) ;
#161 = EDGE_CURVE ( 'NONE', #80, #977, #751, .T. ) ;
#162 = EDGE_LOOP ( 'NONE', ( #20, #30, #1513, #1725 ) ) ;
#163 = DIRECTION ( 'NONE',  ( 0.000000000000000000, 0.000000000000000000, 1.000000000000000000 ) ) ;
#164 = CARTESIAN_POINT ( 'NONE',  ( -5.345000000000004192, 10.96999999999999353, -0.7500000000000003331 ) ) ;
#165 = VECTOR ( 'NONE', #8, 39.37007874015748143 ) ;
#166 = AXIS2_PLACEMENT_3D ( 'NONE', #1125, #1368, #572 ) ;
#167 = CARTESIAN_POINT ( 'NONE',  ( -5.065000000000000391, 5.000000000000000888, -0.06000000000000004635 ) ) ;
#168 = CARTESIAN_POINT ( 'NONE',  ( 5.281999999999996476, 11.10000000000000142, -0.05999999999999999778 ) ) ;
#169 = ORIENTED_EDGE ( 'NONE', *, *, #607, .F. ) ;
#170 = CARTESIAN_POINT ( 'NONE',  ( 5.282000000000000028, -11.09999999999999609, 0.000000000000000000 ) ) ;
#171 = ORIENTED_EDGE ( 'NONE', *, *, #1795, .T. ) ;
#172 = CARTESIAN_POINT ( 'NONE',  ( 5.344999999999998863, 5.324239754288236599E-16, 1.711958076029603451E-14 ) ) ;
#173 = CARTESIAN_POINT ( 'NONE',  ( -5.281999999999998252, -11.09999999999999609, -0.05999999999999641731 ) ) ;
#174 = EDGE_CURVE ( 'NONE', #977, #342, #761, .T. ) ;
#175 = DIRECTION ( 'NONE',  ( 1.000000000000000000, 0.000000000000000000, 0.000000000000000000 ) ) ;
#176 = VECTOR ( 'NONE', #502, 39.37007874015748143 ) ;
#177 = DIRECTION ( 'NONE',  ( -2.068798177708643448E-16, -1.000000000000000000, 0.000000000000000000 ) ) ;
#178 = CARTESIAN_POINT ( 'NONE',  ( -5.281999999999996476, -11.09999999999999609, -0.1199999999999974004 ) ) ;
#179 = ORIENTED_EDGE ( 'NONE', *, *, #852, .F. ) ;
#180 = ORIENTED_EDGE ( 'NONE', *, *, #1521, .F. ) ;
#181 = DIRECTION ( 'NONE',  ( 1.000000000000000000, -0.000000000000000000, -2.845674993400227101E-16 ) ) ;
#182 = DIRECTION ( 'NONE',  ( -4.137596355417286897E-16, 1.000000000000000000, 3.169856808907805887E-15 ) ) ;
#183 = CYLINDRICAL_SURFACE ( 'NONE', #401, 0.05999999999999881123 ) ;
#184 = EDGE_CURVE ( 'NONE', #1575, #1647, #338, .T. ) ;
#185 = FACE_OUTER_BOUND ( 'NONE', #1690, .T. ) ;
#186 = CARTESIAN_POINT ( 'NONE',  ( 4.909000000000000696, 5.000000000000002665, 0.000000000000000000 ) ) ;
#187 = EDGE_LOOP ( 'NONE', ( #444, #1491, #1076, #1341 ) ) ;
#188 = EDGE_LOOP ( 'NONE', ( #116, #88, #745, #1083 ) ) ;
#189 = DIRECTION ( 'NONE',  ( 0.000000000000000000, 1.000000000000000000, -0.000000000000000000 ) ) ;
#190 = DIRECTION ( 'NONE',  ( -1.000000000000000000, -9.961159502877901571E-17, -3.491481338843133750E-15 ) ) ;
#191 = DIRECTION ( 'NONE',  ( 0.000000000000000000, 1.000000000000000000, 0.000000000000000000 ) ) ;
#192 = PLANE ( 'NONE',  #1464 ) ;
#193 = EDGE_CURVE ( 'NONE', #893, #664, #956, .T. ) ;
#194 = DIRECTION ( 'NONE',  ( 1.000000000000000000, 0.000000000000000000, 0.000000000000000000 ) ) ;
#195 = STYLED_ITEM ( 'NONE', ( #1800 ), #1405 ) ;
#196 = ORIENTED_EDGE ( 'NONE', *, *, #809, .T. ) ;
#197 = PRODUCT_CONTEXT ( 'NONE', #504, 'mechanical' ) ;
#198 = ORIENTED_EDGE ( 'NONE', *, *, #1209, .T. ) ;
#199 = DIRECTION ( 'NONE',  ( 1.992231900575583272E-16, -1.000000000000000000, 9.961159502877900339E-17 ) ) ;
#200 = PLANE ( 'NONE',  #621 ) ;
#201 = LINE ( 'NONE', #1712, #997 ) ;
#202 = CARTESIAN_POINT ( 'NONE',  ( -5.278999999999999915, -10.97599999999999554, -0.06000000000000337008 ) ) ;
#203 = PLANE ( 'NONE',  #439 ) ;
#204 = AXIS2_PLACEMENT_3D ( 'NONE', #323, #479, #1714 ) ;
#205 = ADVANCED_FACE ( 'NONE', ( #69 ), #1552, .F. ) ;
#206 = VECTOR ( 'NONE', #1467, 39.37007874015748143 ) ;
#207 = ORIENTED_EDGE ( 'NONE', *, *, #856, .F. ) ;
#208 = VECTOR ( 'NONE', #1741, 39.37007874015748143 ) ;
#209 = EDGE_CURVE ( 'NONE', #1418, #40, #585, .T. ) ;
#210 = ORIENTED_EDGE ( 'NONE', *, *, #1542, .T. ) ;
#211 = DIRECTION ( 'NONE',  ( 1.000000000000000000, 4.137596355417287883E-16, -1.751623080406021728E-46 ) ) ;
#212 = DIRECTION ( 'NONE',  ( -2.845674993400227101E-16, 0.000000000000000000, -1.000000000000000000 ) ) ;
#213 = DIRECTION ( 'NONE',  ( -0.000000000000000000, -0.000000000000000000, 1.000000000000000000 ) ) ;
#214 = CARTESIAN_POINT ( 'NONE',  ( -5.282000000000000917, 11.22000000000000064, -0.05999999999999999778 ) ) ;
#215 = CARTESIAN_POINT ( 'NONE',  ( -5.221000000000000973, -4.999999999999999112, -0.7500000000000003331 ) ) ;
#216 = VECTOR ( 'NONE', #871, 39.37007874015748143 ) ;
#217 = PLANE ( 'NONE',  #1547 ) ;
#218 = VERTEX_POINT ( 'NONE', #1413 ) ;
#219 = VECTOR ( 'NONE', #538, 39.37007874015748143 ) ;
#220 = ORIENTED_EDGE ( 'NONE', *, *, #553, .T. ) ;
#221 = LINE ( 'NONE', #1330, #176 ) ;
#222 = CARTESIAN_POINT ( 'NONE',  ( 5.281999999999996476, 11.22000000000000597, -0.05999999999999978961 ) ) ;
#223 = EDGE_CURVE ( 'NONE', #608, #1473, #1019, .T. ) ;
#224 = FACE_OUTER_BOUND ( 'NONE', #953, .T. ) ;
#225 = CARTESIAN_POINT ( 'NONE',  ( 5.281999999999994699, 11.10000000000000142, -0.1199999999999999956 ) ) ;
#226 = DIRECTION ( 'NONE',  ( 0.000000000000000000, -1.000000000000000000, 0.000000000000000000 ) ) ;
#227 = VERTEX_POINT ( 'NONE', #1277 ) ;
#228 = ORIENTED_EDGE ( 'NONE', *, *, #223, .F. ) ;
#229 = CARTESIAN_POINT ( 'NONE',  ( 5.282000000000000917, -11.22000000000000242, -0.7499999999999998890 ) ) ;
#230 = ORIENTED_EDGE ( 'NONE', *, *, #839, .T. ) ;
#231 = CARTESIAN_POINT ( 'NONE',  ( -5.405000000000000249, -10.97000000000000064, -0.7499999999999998890 ) ) ;
#232 = ADVANCED_FACE ( 'NONE', ( #450 ), #1008, .F. ) ;
#233 = AXIS2_PLACEMENT_3D ( 'NONE', #1562, #1179, #1361 ) ;
#234 = FACE_BOUND ( 'NONE', #291, .T. ) ;
#235 = LINE ( 'NONE', #1054, #532 ) ;
#236 = VERTEX_POINT ( 'NONE', #1759 ) ;
#237 = AXIS2_PLACEMENT_3D ( 'NONE', #1576, #66, #1013 ) ;
#238 = VERTEX_POINT ( 'NONE', #1731 ) ;
#239 = LINE ( 'NONE', #1349, #1776 ) ;
#240 = EDGE_LOOP ( 'NONE', ( #1367, #72, #911, #922 ) ) ;
#241 = FACE_BOUND ( 'NONE', #262, .T. ) ;
#242 = CARTESIAN_POINT ( 'NONE',  ( -5.281999999999996476, -11.09999999999999609, -0.1199999999999974004 ) ) ;
#243 = ADVANCED_FACE ( 'NONE', ( #1206 ), #650, .F. ) ;
#244 = VECTOR ( 'NONE', #672, 39.37007874015748143 ) ;
#245 = ORIENTED_EDGE ( 'NONE', *, *, #266, .F. ) ;
#246 = ORIENTED_EDGE ( 'NONE', *, *, #1765, .F. ) ;
#247 = LINE ( 'NONE', #627, #1715 ) ;
#248 = ORIENTED_EDGE ( 'NONE', *, *, #1221, .T. ) ;
#249 = LINE ( 'NONE', #1477, #897 ) ;
#250 = CARTESIAN_POINT ( 'NONE',  ( -5.065000000000000391, 5.000000000000000888, -0.06000000000000004635 ) ) ;
#251 = ORIENTED_EDGE ( 'NONE', *, *, #1398, .T. ) ;
#252 = ADVANCED_FACE ( 'NONE', ( #234, #387, #1190, #1081, #918 ), #1624, .F. ) ;
#253 = AXIS2_PLACEMENT_3D ( 'NONE', #973, #815, #1653 ) ;
#254 = ORIENTED_EDGE ( 'NONE', *, *, #408, .T. ) ;
#255 = LENGTH_MEASURE_WITH_UNIT ( LENGTH_MEASURE( 0.02539999999999999897 ), #963 );
#256 = AXIS2_PLACEMENT_3D ( 'NONE', #656, #1775, #365 ) ;
#257 = VERTEX_POINT ( 'NONE', #938 ) ;
#258 = DIRECTION ( 'NONE',  ( 0.000000000000000000, 0.000000000000000000, 1.000000000000000000 ) ) ;
#259 = CARTESIAN_POINT ( 'NONE',  ( 5.065000000000000391, -4.999999999999999112, -0.06000000000000004635 ) ) ;
#260 = DIRECTION ( 'NONE',  ( 0.000000000000000000, 0.000000000000000000, 1.000000000000000000 ) ) ;
#261 = DIMENSIONAL_EXPONENTS ( 1.000000000000000000, 0.000000000000000000, 0.000000000000000000, 0.000000000000000000, 0.000000000000000000, 0.000000000000000000, 0.000000000000000000 ) ;
#262 = EDGE_LOOP ( 'NONE', ( #695, #562 ) ) ;
#263 = DIRECTION ( 'NONE',  ( -0.000000000000000000, -3.167359992654217435E-15, -1.000000000000000000 ) ) ;
#264 = CARTESIAN_POINT ( 'NONE',  ( 5.278999999999997250, -10.96999999999999176, -0.06000000000000064310 ) ) ;
#265 = VECTOR ( 'NONE', #1702, 39.37007874015748143 ) ;
#266 = EDGE_CURVE ( 'NONE', #236, #403, #488, .T. ) ;
#267 = CYLINDRICAL_SURFACE ( 'NONE', #591, 0.1560000000000001941 ) ;
#268 = CARTESIAN_POINT ( 'NONE',  ( -5.285000000000000142, -10.96999999999999531, -0.1200000000000010919 ) ) ;
#269 = ORIENTED_EDGE ( 'NONE', *, *, #419, .T. ) ;
#270 = DIRECTION ( 'NONE',  ( -0.000000000000000000, -0.000000000000000000, 1.000000000000000000 ) ) ;
#271 = EDGE_LOOP ( 'NONE', ( #210, #1248, #1671, #316 ) ) ;
#272 = FILL_AREA_STYLE_COLOUR ( '', #1766 ) ;
#273 = EDGE_CURVE ( 'NONE', #342, #236, #1336, .T. ) ;
#274 = VECTOR ( 'NONE', #687, 39.37007874015748143 ) ;
#275 = DIRECTION ( 'NONE',  ( 9.961159502873479020E-17, -1.000000000000000000, 1.266943997061687132E-14 ) ) ;
#276 = ORIENTED_EDGE ( 'NONE', *, *, #1175, .T. ) ;
#277 = LINE ( 'NONE', #400, #994 ) ;
#278 = AXIS2_PLACEMENT_3D ( 'NONE', #225, #86, #1637 ) ;
#279 = ORIENTED_EDGE ( 'NONE', *, *, #418, .T. ) ;
#280 = DIRECTION ( 'NONE',  ( -1.000000000000000000, 0.000000000000000000, 0.000000000000000000 ) ) ;
#281 = VECTOR ( 'NONE', #505, 39.37007874015748143 ) ;
#282 = ADVANCED_FACE ( 'NONE', ( #1749 ), #1471, .T. ) ;
#283 = EDGE_CURVE ( 'NONE', #1455, #361, #1496, .T. ) ;
#284 = DIRECTION ( 'NONE',  ( 1.000000000000000000, 0.000000000000000000, 0.000000000000000000 ) ) ;
#285 = AXIS2_PLACEMENT_3D ( 'NONE', #31, #1142, #289 ) ;
#286 = CARTESIAN_POINT ( 'NONE',  ( -5.285000000000000142, 10.97000000000000064, -0.05999999999999999778 ) ) ;
#287 = ORIENTED_EDGE ( 'NONE', *, *, #1697, .F. ) ;
#288 = LINE ( 'NONE', #1511, #643 ) ;
#289 = DIRECTION ( 'NONE',  ( 0.000000000000000000, 0.000000000000000000, 1.000000000000000000 ) ) ;
#290 = AXIS2_PLACEMENT_3D ( 'NONE', #1444, #874, #570 ) ;
#291 = EDGE_LOOP ( 'NONE', ( #523, #753 ) ) ;
#292 = LINE ( 'NONE', #1242, #1360 ) ;
#293 = DIRECTION ( 'NONE',  ( 0.000000000000000000, -1.000000000000000000, 0.000000000000000000 ) ) ;
#294 = CIRCLE ( 'NONE', #1311, 0.1560000000000001941 ) ;
#295 = VECTOR ( 'NONE', #696, 39.37007874015748143 ) ;
#296 = CARTESIAN_POINT ( 'NONE',  ( -4.909000000000000696, 5.000000000000000888, -0.7500000000000003331 ) ) ;
#297 = EDGE_CURVE ( 'NONE', #1473, #608, #1617, .T. ) ;
#298 = LINE ( 'NONE', #1796, #1391 ) ;
#299 = ORIENTED_EDGE ( 'NONE', *, *, #1684, .T. ) ;
#300 = EDGE_LOOP ( 'NONE', ( #801, #1151, #807, #510 ) ) ;
#301 = CARTESIAN_POINT ( 'NONE',  ( -5.282000000000000917, 10.97599999999999554, 0.000000000000000000 ) ) ;
#302 = LINE ( 'NONE', #1014, #772 ) ;
#303 = DIRECTION ( 'NONE',  ( -2.845674993400227101E-16, 0.000000000000000000, -1.000000000000000000 ) ) ;
#304 = LINE ( 'NONE', #1424, #635 ) ;
#305 = EDGE_CURVE ( 'NONE', #1228, #1030, #368, .T. ) ;
#306 = VERTEX_POINT ( 'NONE', #805 ) ;
#307 = ORIENTED_EDGE ( 'NONE', *, *, #1521, .T. ) ;
#308 = CARTESIAN_POINT ( 'NONE',  ( -5.404999999999997584, -10.96999999999999886, -0.1199999999999996209 ) ) ;
#309 = FACE_OUTER_BOUND ( 'NONE', #1202, .T. ) ;
#310 = CARTESIAN_POINT ( 'NONE',  ( -5.278999999999999915, 10.97599999999999554, -0.06000000000000337008 ) ) ;
#311 = VECTOR ( 'NONE', #213, 39.37007874015748143 ) ;
#312 = PLANE ( 'NONE',  #1139 ) ;
#313 = AXIS2_PLACEMENT_3D ( 'NONE', #178, #39, #1018 ) ;
#314 = DIRECTION ( 'NONE',  ( 0.000000000000000000, -3.167359992654216647E-15, 1.000000000000000000 ) ) ;
#315 = EDGE_LOOP ( 'NONE', ( #287, #518, #1435, #783 ) ) ;
#316 = ORIENTED_EDGE ( 'NONE', *, *, #1666, .T. ) ;
#317 = LINE ( 'NONE', #1447, #1397 ) ;
#318 = DIRECTION ( 'NONE',  ( 0.000000000000000000, 0.000000000000000000, -1.000000000000000000 ) ) ;
#319 = EDGE_CURVE ( 'NONE', #1095, #579, #600, .T. ) ;
#320 = LINE ( 'NONE', #1317, #1505 ) ;
#321 = VECTOR ( 'NONE', #1313, 39.37007874015748143 ) ;
#322 = DIRECTION ( 'NONE',  ( 0.000000000000000000, 1.000000000000000000, -0.000000000000000000 ) ) ;
#323 = CARTESIAN_POINT ( 'NONE',  ( -5.281999999999996476, 11.10000000000000142, -0.1199999999999999956 ) ) ;
#324 = ORIENTED_EDGE ( 'NONE', *, *, #864, .T. ) ;
#325 = EDGE_LOOP ( 'NONE', ( #533, #1402 ) ) ;
#326 = DIRECTION ( 'NONE',  ( -0.000000000000000000, -0.000000000000000000, 1.000000000000000000 ) ) ;
#327 = CARTESIAN_POINT ( 'NONE',  ( 5.281999999999996476, -11.09999999999999609, -0.1200000000000004119 ) ) ;
#328 = DIRECTION ( 'NONE',  ( -1.000000000000000000, 0.000000000000000000, 0.000000000000000000 ) ) ;
#329 = EDGE_CURVE ( 'NONE', #1114, #1329, #1597, .T. ) ;
#330 = LINE ( 'NONE', #458, #1233 ) ;
#331 = CARTESIAN_POINT ( 'NONE',  ( 5.344999999999999751, 10.96999999999999176, -0.7500000000000002220 ) ) ;
#332 = ORIENTED_EDGE ( 'NONE', *, *, #1108, .T. ) ;
#333 = ORIENTED_EDGE ( 'NONE', *, *, #1499, .F. ) ;
#334 = CARTESIAN_POINT ( 'NONE',  ( 5.278999999999997250, 10.96999999999999531, -0.06000000000000064310 ) ) ;
#335 = CARTESIAN_POINT ( 'NONE',  ( -5.281999999999996476, 11.10000000000000142, -0.1199999999999999956 ) ) ;
#336 = LINE ( 'NONE', #1570, #1215 ) ;
#337 = ADVANCED_FACE ( 'NONE', ( #111 ), #347, .T. ) ;
#338 = LINE ( 'NONE', #733, #124 ) ;
#339 = DIRECTION ( 'NONE',  ( -0.000000000000000000, 0.000000000000000000, 1.000000000000000000 ) ) ;
#340 = ADVANCED_FACE ( 'NONE', ( #1061 ), #789, .F. ) ;
#341 = AXIS2_PLACEMENT_3D ( 'NONE', #310, #328, #869 ) ;
#342 = VERTEX_POINT ( 'NONE', #1344 ) ;
#343 = ORIENTED_EDGE ( 'NONE', *, *, #901, .T. ) ;
#344 = CARTESIAN_POINT ( 'NONE',  ( 4.909000000000000696, -4.999999999999999112, 0.000000000000000000 ) ) ;
#345 = CARTESIAN_POINT ( 'NONE',  ( -5.281999999999996476, -11.15999999999999481, -0.1199999999999976225 ) ) ;
#346 = DIRECTION ( 'NONE',  ( 1.000000000000000000, 1.992231900575580068E-16, -3.491481338843133750E-15 ) ) ;
#347 = CYLINDRICAL_SURFACE ( 'NONE', #1297, 0.1200000000000019940 ) ;
#348 = CARTESIAN_POINT ( 'NONE',  ( 5.284999999999996589, -10.96999999999999176, -0.06000000000000064310 ) ) ;
#349 = VECTOR ( 'NONE', #1040, 39.37007874015748143 ) ;
#350 = EDGE_LOOP ( 'NONE', ( #1691, #424, #980, #1181, #1086, #71, #1021, #971, #1601, #855, #774, #530, #279, #541, #1358, #99, #1667, #520, #416, #13 ) ) ;
#351 = ADVANCED_FACE ( 'NONE', ( #1352 ), #657, .F. ) ;
#352 = ORIENTED_EDGE ( 'NONE', *, *, #1795, .F. ) ;
#353 = PLANE ( 'NONE',  #61 ) ;
#354 = LINE ( 'NONE', #1291, #1370 ) ;
#355 = FACE_OUTER_BOUND ( 'NONE', #240, .T. ) ;
#356 = DIRECTION ( 'NONE',  ( -1.000000000000000000, 0.000000000000000000, -0.000000000000000000 ) ) ;
#357 = AXIS2_PLACEMENT_3D ( 'NONE', #1017, #478, #1168 ) ;
#358 = CARTESIAN_POINT ( 'NONE',  ( 5.284999999999996589, 10.96999999999999531, -0.06000000000000064310 ) ) ;
#359 = EDGE_LOOP ( 'NONE', ( #1160, #1213 ) ) ;
#360 = EDGE_CURVE ( 'NONE', #50, #926, #526, .T. ) ;
#361 = VERTEX_POINT ( 'NONE', #1779 ) ;
#362 = PLANE ( 'NONE',  #1343 ) ;
#363 = LINE ( 'NONE', #1164, #1687 ) ;
#364 = ORIENTED_EDGE ( 'NONE', *, *, #575, .F. ) ;
#365 = DIRECTION ( 'NONE',  ( 0.000000000000000000, 0.000000000000000000, 1.000000000000000000 ) ) ;
#366 = CARTESIAN_POINT ( 'NONE',  ( 5.405000000000000249, -10.96999999999999176, 0.000000000000000000 ) ) ;
#367 = LINE ( 'NONE', #87, #1543 ) ;
#368 = CIRCLE ( 'NONE', #1385, 0.05999999999999883205 ) ;
#369 = ORIENTED_EDGE ( 'NONE', *, *, #732, .T. ) ;
#370 = ORIENTED_EDGE ( 'NONE', *, *, #477, .T. ) ;
#371 = DIRECTION ( 'NONE',  ( 0.000000000000000000, -0.000000000000000000, -1.000000000000000000 ) ) ;
#372 = ORIENTED_EDGE ( 'NONE', *, *, #644, .F. ) ;
#373 = CARTESIAN_POINT ( 'NONE',  ( 5.404999999999997584, 10.96999999999999531, -0.1199999999999990796 ) ) ;
#374 = AXIS2_PLACEMENT_3D ( 'NONE', #268, #1663, #842 ) ;
#375 = EDGE_CURVE ( 'NONE', #1122, #1616, #1634, .T. ) ;
#376 = AXIS2_PLACEMENT_3D ( 'NONE', #1071, #1606, #1479 ) ;
#377 = CARTESIAN_POINT ( 'NONE',  ( 0.000000000000000000, 0.000000000000000000, 0.000000000000000000 ) ) ;
#378 = ORIENTED_EDGE ( 'NONE', *, *, #1488, .F. ) ;
#379 = AXIS2_PLACEMENT_3D ( 'NONE', #771, #1216, #1768 ) ;
#380 = VECTOR ( 'NONE', #876, 39.37007874015748143 ) ;
#381 = ORIENTED_EDGE ( 'NONE', *, *, #1556, .T. ) ;
#382 = DIRECTION ( 'NONE',  ( -1.000000000000000000, 2.068798177708642955E-16, 1.292998861067902124E-16 ) ) ;
#383 = VERTEX_POINT ( 'NONE', #173 ) ;
#384 = DIRECTION ( 'NONE',  ( -1.000000000000000000, 0.000000000000000000, -0.000000000000000000 ) ) ;
#385 = EDGE_CURVE ( 'NONE', #951, #1709, #847, .T. ) ;
#386 = EDGE_CURVE ( 'NONE', #471, #645, #859, .T. ) ;
#387 = FACE_BOUND ( 'NONE', #1743, .T. ) ;
#388 = VECTOR ( 'NONE', #1649, 39.37007874015748143 ) ;
#389 = ORIENTED_EDGE ( 'NONE', *, *, #12, .F. ) ;
#390 = ORIENTED_EDGE ( 'NONE', *, *, #283, .T. ) ;
#391 = CARTESIAN_POINT ( 'NONE',  ( -5.282000000000000917, 11.22000000000000064, -0.05999999999999999778 ) ) ;
#392 = VERTEX_POINT ( 'NONE', #581 ) ;
#393 = PLANE ( 'NONE',  #1533 ) ;
#394 = DIRECTION ( 'NONE',  ( -4.137596355417286897E-16, 1.000000000000000000, 3.167359992654216647E-15 ) ) ;
#395 = ADVANCED_FACE ( 'NONE', ( #573 ), #437, .F. ) ;
#396 = CYLINDRICAL_SURFACE ( 'NONE', #49, 0.1199999999999987188 ) ;
#397 = ADVANCED_FACE ( 'NONE', ( #309 ), #850, .F. ) ;
#398 = CARTESIAN_POINT ( 'NONE',  ( 5.281999999999994699, 11.10000000000000142, -0.06000000000000119821 ) ) ;
#399 = ORIENTED_EDGE ( 'NONE', *, *, #385, .T. ) ;
#400 = CARTESIAN_POINT ( 'NONE',  ( 5.344999999999999751, -10.96999999999998998, -0.1199999999999987188 ) ) ;
#401 = AXIS2_PLACEMENT_3D ( 'NONE', #1293, #888, #1438 ) ;
#402 = DIMENSIONAL_EXPONENTS ( 1.000000000000000000, 0.000000000000000000, 0.000000000000000000, 0.000000000000000000, 0.000000000000000000, 0.000000000000000000, 0.000000000000000000 ) ;
#403 = VERTEX_POINT ( 'NONE', #712 ) ;
#404 = FACE_OUTER_BOUND ( 'NONE', #1373, .T. ) ;
#405 = AXIS2_PLACEMENT_3D ( 'NONE', #451, #1563, #314 ) ;
#406 = CARTESIAN_POINT ( 'NONE',  ( -5.285000000000000142, 10.96999999999999531, -0.1200000000000010919 ) ) ;
#407 = DIRECTION ( 'NONE',  ( -0.000000000000000000, 0.000000000000000000, 1.000000000000000000 ) ) ;
#408 = EDGE_CURVE ( 'NONE', #1011, #1356, #1165, .T. ) ;
#409 = EDGE_LOOP ( 'NONE', ( #1003, #921, #1057, #634 ) ) ;
#410 = CARTESIAN_POINT ( 'NONE',  ( 5.221000000000000973, 5.000000000000002665, 0.000000000000000000 ) ) ;
#411 = AXIS2_PLACEMENT_3D ( 'NONE', #826, #1640, #1115 ) ;
#412 = ORIENTED_EDGE ( 'NONE', *, *, #1034, .T. ) ;
#413 = DIRECTION ( 'NONE',  ( 0.000000000000000000, 0.000000000000000000, 1.000000000000000000 ) ) ;
#414 = DIRECTION ( 'NONE',  ( 0.000000000000000000, 0.000000000000000000, -1.000000000000000000 ) ) ;
#415 = LINE ( 'NONE', #1526, #976 ) ;
#416 = ORIENTED_EDGE ( 'NONE', *, *, #1056, .F. ) ;
#417 = LINE ( 'NONE', #1658, #89 ) ;
#418 = EDGE_CURVE ( 'NONE', #1639, #893, #677, .T. ) ;
#419 = EDGE_CURVE ( 'NONE', #104, #471, #302, .T. ) ;
#420 = ORIENTED_EDGE ( 'NONE', *, *, #1275, .F. ) ;
#421 = CLOSED_SHELL ( 'NONE', ( #1633, #243, #453, #395, #1295, #252, #64, #340, #958, #1176, #1532, #899, #105, #351, #1442, #1384, #1580, #1644, #154, #1355, #1161, #989, #574, #820, #282, #1188, #535, #1408, #925, #397, #878, #1366, #1043, #3, #1566, #1252, #800, #232, #1509, #1685, #545, #205, #337, #889, #1609, #150, #1046, #1088, #1522, #717, #115, #765, #1346, #1333, #1244, #620, #1098, #1761, #98, #96, #1752, #1620 ) ) ;
#422 = LINE ( 'NONE', #432, #165 ) ;
#423 = LINE ( 'NONE', #1546, #870 ) ;
#424 = ORIENTED_EDGE ( 'NONE', *, *, #419, .F. ) ;
#425 = CARTESIAN_POINT ( 'NONE',  ( 5.065000000000000391, 5.000000000000002665, -0.7500000000000003331 ) ) ;
#426 = CARTESIAN_POINT ( 'NONE',  ( 5.278999999999997250, 10.96999999999999531, -0.06000000000000064310 ) ) ;
#427 = ORIENTED_EDGE ( 'NONE', *, *, #174, .T. ) ;
#428 =( NAMED_UNIT ( * ) SI_UNIT ( $, .STERADIAN. ) SOLID_ANGLE_UNIT ( ) );
#429 = DIRECTION ( 'NONE',  ( -0.000000000000000000, -0.000000000000000000, 1.000000000000000000 ) ) ;
#430 = PRESENTATION_LAYER_ASSIGNMENT (  '', '', ( #195 ) ) ;
#431 = EDGE_CURVE ( 'NONE', #514, #1114, #1787, .T. ) ;
#432 = CARTESIAN_POINT ( 'NONE',  ( 5.344999999999997975, 10.96999999999999886, -8.711823659795424465E-14 ) ) ;
#433 = FACE_OUTER_BOUND ( 'NONE', #982, .T. ) ;
#434 = VERTEX_POINT ( 'NONE', #164 ) ;
#435 = ORIENTED_EDGE ( 'NONE', *, *, #1666, .F. ) ;
#436 = DIRECTION ( 'NONE',  ( 8.741913579725381975E-15, -1.000000000000000000, -0.000000000000000000 ) ) ;
#437 = CYLINDRICAL_SURFACE ( 'NONE', #60, 0.1560000000000001941 ) ;
#438 = AXIS2_PLACEMENT_3D ( 'NONE', #737, #181, #580 ) ;
#439 = AXIS2_PLACEMENT_3D ( 'NONE', #1319, #1732, #1327 ) ;
#440 = EDGE_CURVE ( 'NONE', #1799, #1122, #1225, .T. ) ;
#441 = EDGE_CURVE ( 'NONE', #1708, #995, #721, .T. ) ;
#442 = FACE_OUTER_BOUND ( 'NONE', #1426, .T. ) ;
#443 = CARTESIAN_POINT ( 'NONE',  ( 5.281999999999996476, 11.22000000000000774, -0.7500000000000001110 ) ) ;
#444 = ORIENTED_EDGE ( 'NONE', *, *, #461, .F. ) ;
#445 = ORIENTED_EDGE ( 'NONE', *, *, #161, .F. ) ;
#446 = DIRECTION ( 'NONE',  ( -3.167359992654216252E-15, 0.000000000000000000, 1.000000000000000000 ) ) ;
#447 = LINE ( 'NONE', #814, #1699 ) ;
#448 = AXIS2_PLACEMENT_3D ( 'NONE', #57, #623, #1306 ) ;
#449 = LINE ( 'NONE', #1560, #1042 ) ;
#450 = FACE_OUTER_BOUND ( 'NONE', #160, .T. ) ;
#451 = CARTESIAN_POINT ( 'NONE',  ( -4.642383110778197621E-15, 11.22000000000000242, 3.574726799791091206E-14 ) ) ;
#452 = ORIENTED_EDGE ( 'NONE', *, *, #509, .F. ) ;
#453 = ADVANCED_FACE ( 'NONE', ( #590 ), #1693, .F. ) ;
#454 = ORIENTED_EDGE ( 'NONE', *, *, #1677, .F. ) ;
#455 = FACE_OUTER_BOUND ( 'NONE', #1716, .T. ) ;
#456 = LINE ( 'NONE', #1643, #682 ) ;
#457 = CARTESIAN_POINT ( 'NONE',  ( -5.221000000000000973, -4.999999999999999112, -0.06000000000000004635 ) ) ;
#458 = CARTESIAN_POINT ( 'NONE',  ( -5.221000000000000973, 5.000000000000000888, -0.7500000000000003331 ) ) ;
#459 = LINE ( 'NONE', #1278, #1101 ) ;
#460 = ORIENTED_EDGE ( 'NONE', *, *, #740, .T. ) ;
#461 = EDGE_CURVE ( 'NONE', #1510, #104, #456, .T. ) ;
#462 = AXIS2_PLACEMENT_3D ( 'NONE', #167, #593, #724 ) ;
#463 = ORIENTED_EDGE ( 'NONE', *, *, #1024, .F. ) ;
#464 = PLANE ( 'NONE',  #529 ) ;
#465 = DIRECTION ( 'NONE',  ( 0.000000000000000000, 1.000000000000000000, 0.000000000000000000 ) ) ;
#466 = FACE_OUTER_BOUND ( 'NONE', #875, .T. ) ;
#467 = AXIS2_PLACEMENT_3D ( 'NONE', #1322, #1602, #785 ) ;
#468 = CARTESIAN_POINT ( 'NONE',  ( -5.281999999999999140, -11.21999999999999886, -0.7499999999999986677 ) ) ;
#469 = PLANE ( 'NONE',  #528 ) ;
#470 = ORIENTED_EDGE ( 'NONE', *, *, #15, .T. ) ;
#471 = VERTEX_POINT ( 'NONE', #1506 ) ;
#472 = DIRECTION ( 'NONE',  ( -1.000000000000000000, -8.741913579725383553E-15, 0.000000000000000000 ) ) ;
#473 = PLANE ( 'NONE',  #817 ) ;
#474 = EDGE_CURVE ( 'NONE', #434, #913, #447, .T. ) ;
#475 = AXIS2_PLACEMENT_3D ( 'NONE', #638, #465, #1195 ) ;
#476 = PLANE ( 'NONE',  #341 ) ;
#477 = EDGE_CURVE ( 'NONE', #1647, #1631, #1005, .T. ) ;
#478 = DIRECTION ( 'NONE',  ( 0.000000000000000000, -1.000000000000000000, 0.000000000000000000 ) ) ;
#479 = DIRECTION ( 'NONE',  ( -1.000000000000000000, -0.000000000000000000, -0.000000000000000000 ) ) ;
#480 = VERTEX_POINT ( 'NONE', #1420 ) ;
#481 = ORIENTED_EDGE ( 'NONE', *, *, #174, .F. ) ;
#482 = DIRECTION ( 'NONE',  ( 8.741913579725383553E-15, -1.000000000000000000, 0.000000000000000000 ) ) ;
#483 = CARTESIAN_POINT ( 'NONE',  ( 5.065000000000000391, 5.000000000000002665, -0.06000000000000004635 ) ) ;
#484 = CARTESIAN_POINT ( 'NONE',  ( -5.281999999999998252, -11.15999999999999837, -0.1199999999999972200 ) ) ;
#485 = UNCERTAINTY_MEASURE_WITH_UNIT (LENGTH_MEASURE( 1.000000000000000082E-05 ), #1665, 'distance_accuracy_value', 'NONE');
#486 = VECTOR ( 'NONE', #1534, 39.37007874015748143 ) ;
#487 = EDGE_CURVE ( 'NONE', #560, #1350, #1235, .T. ) ;
#488 = LINE ( 'NONE', #780, #1250 ) ;
#489 = DIRECTION ( 'NONE',  ( 1.000000000000000000, 0.000000000000000000, 0.000000000000000000 ) ) ;
#490 = VECTOR ( 'NONE', #495, 39.37007874015748143 ) ;
#491 = EDGE_LOOP ( 'NONE', ( #492, #198, #1289, #269 ) ) ;
#492 = ORIENTED_EDGE ( 'NONE', *, *, #1263, .T. ) ;
#493 = CYLINDRICAL_SURFACE ( 'NONE', #613, 0.1560000000000001941 ) ;
#494 = DIRECTION ( 'NONE',  ( -9.961159502877885547E-17, 1.000000000000000000, -4.980579751438952018E-17 ) ) ;
#495 = DIRECTION ( 'NONE',  ( 3.167359992654217830E-15, 3.167359992654218619E-15, -1.000000000000000000 ) ) ;
#496 = CARTESIAN_POINT ( 'NONE',  ( 5.284999999999999254, -10.96999999999999176, -0.1199999999999994543 ) ) ;
#497 = EDGE_CURVE ( 'NONE', #480, #1709, #1118, .T. ) ;
#498 = LINE ( 'NONE', #624, #673 ) ;
#499 = VECTOR ( 'NONE', #671, 39.37007874015748143 ) ;
#500 = ORIENTED_EDGE ( 'NONE', *, *, #788, .F. ) ;
#501 = ORIENTED_EDGE ( 'NONE', *, *, #1707, .T. ) ;
#502 = DIRECTION ( 'NONE',  ( 0.000000000000000000, -3.167359992654217435E-15, -1.000000000000000000 ) ) ;
#503 = LINE ( 'NONE', #82, #349 ) ;
#504 = APPLICATION_CONTEXT ( 'automotive_design' ) ;
#505 = DIRECTION ( 'NONE',  ( 1.000000000000000000, 1.992231900575580068E-16, -3.491481338843133750E-15 ) ) ;
#506 = DIRECTION ( 'NONE',  ( -1.000000000000000000, 0.000000000000000000, 0.000000000000000000 ) ) ;
#507 = DIRECTION ( 'NONE',  ( 0.000000000000000000, 0.000000000000000000, 1.000000000000000000 ) ) ;
#508 = VERTEX_POINT ( 'NONE', #924 ) ;
#509 = EDGE_CURVE ( 'NONE', #1600, #951, #599, .T. ) ;
#510 = ORIENTED_EDGE ( 'NONE', *, *, #76, .F. ) ;
#511 = CARTESIAN_POINT ( 'NONE',  ( 4.909000000000000696, 5.000000000000002665, -0.06000000000000004635 ) ) ;
#512 = CARTESIAN_POINT ( 'NONE',  ( 5.278999999999997250, 0.000000000000000000, 0.000000000000000000 ) ) ;
#513 = VECTOR ( 'NONE', #960, 39.37007874015748143 ) ;
#514 = VERTEX_POINT ( 'NONE', #1468 ) ;
#515 = CARTESIAN_POINT ( 'NONE',  ( 5.281999999999996476, 10.97599999999999554, 0.000000000000000000 ) ) ;
#516 = DIRECTION ( 'NONE',  ( -1.000000000000000000, 0.000000000000000000, 0.000000000000000000 ) ) ;
#517 = AXIS2_PLACEMENT_3D ( 'NONE', #103, #1461, #1489 ) ;
#518 = ORIENTED_EDGE ( 'NONE', *, *, #1234, .F. ) ;
#519 = AXIS2_PLACEMENT_3D ( 'NONE', #1249, #690, #1096 ) ;
#520 = ORIENTED_EDGE ( 'NONE', *, *, #853, .T. ) ;
#521 = DIRECTION ( 'NONE',  ( 9.961159502877901571E-17, -1.000000000000000000, 0.000000000000000000 ) ) ;
#522 = EDGE_CURVE ( 'NONE', #892, #1153, #1719, .T. ) ;
#523 = ORIENTED_EDGE ( 'NONE', *, *, #15, .F. ) ;
#524 = FACE_BOUND ( 'NONE', #596, .T. ) ;
#525 = VECTOR ( 'NONE', #1753, 39.37007874015748143 ) ;
#526 = LINE ( 'NONE', #77, #612 ) ;
#527 = ORIENTED_EDGE ( 'NONE', *, *, #1199, .T. ) ;
#528 = AXIS2_PLACEMENT_3D ( 'NONE', #603, #47, #1159 ) ;
#529 = AXIS2_PLACEMENT_3D ( 'NONE', #1558, #189, #163 ) ;
#530 = ORIENTED_EDGE ( 'NONE', *, *, #1720, .F. ) ;
#531 = CYLINDRICAL_SURFACE ( 'NONE', #1425, 0.1560000000000001941 ) ;
#532 = VECTOR ( 'NONE', #226, 39.37007874015748143 ) ;
#533 = ORIENTED_EDGE ( 'NONE', *, *, #732, .F. ) ;
#534 = FACE_BOUND ( 'NONE', #325, .T. ) ;
#535 = ADVANCED_FACE ( 'NONE', ( #74 ), #1331, .T. ) ;
#536 = EDGE_CURVE ( 'NONE', #1124, #1011, #610, .T. ) ;
#537 = EDGE_CURVE ( 'NONE', #1280, #1528, #363, .T. ) ;
#538 = DIRECTION ( 'NONE',  ( -0.000000000000000000, -0.000000000000000000, 1.000000000000000000 ) ) ;
#539 = ORIENTED_EDGE ( 'NONE', *, *, #1765, .T. ) ;
#540 = DIRECTION ( 'NONE',  ( 0.000000000000000000, 1.000000000000000000, 0.000000000000000000 ) ) ;
#541 = ORIENTED_EDGE ( 'NONE', *, *, #1089, .F. ) ;
#542 = FACE_OUTER_BOUND ( 'NONE', #1143, .T. ) ;
#543 = ORIENTED_EDGE ( 'NONE', *, *, #477, .F. ) ;
#544 = DIRECTION ( 'NONE',  ( 0.000000000000000000, 0.000000000000000000, 1.000000000000000000 ) ) ;
#545 = ADVANCED_FACE ( 'NONE', ( #1050 ), #473, .T. ) ;
#546 = DIRECTION ( 'NONE',  ( 1.748382715945122149E-14, 1.000000000000000000, 0.000000000000000000 ) ) ;
#547 = FACE_OUTER_BOUND ( 'NONE', #141, .T. ) ;
#548 = VERTEX_POINT ( 'NONE', #1314 ) ;
#549 = VECTOR ( 'NONE', #711, 39.37007874015748143 ) ;
#550 = ORIENTED_EDGE ( 'NONE', *, *, #706, .T. ) ;
#551 = CARTESIAN_POINT ( 'NONE',  ( -5.282000000000000917, 11.22000000000000064, 0.000000000000000000 ) ) ;
#552 = LINE ( 'NONE', #1105, #806 ) ;
#553 = EDGE_CURVE ( 'NONE', #257, #1593, #1728, .T. ) ;
#554 = CARTESIAN_POINT ( 'NONE',  ( -5.065000000000000391, -4.999999999999999112, -0.06000000000000004635 ) ) ;
#555 = ORIENTED_EDGE ( 'NONE', *, *, #1421, .F. ) ;
#556 = DIRECTION ( 'NONE',  ( 1.000000000000000000, 9.961159502877494815E-17, 3.169856808907805887E-15 ) ) ;
#557 = AXIS2_PLACEMENT_3D ( 'NONE', #1067, #1619, #371 ) ;
#558 = ORIENTED_EDGE ( 'NONE', *, *, #76, .T. ) ;
#559 = APPLICATION_CONTEXT ( 'automotive_design' ) ;
#560 = VERTEX_POINT ( 'NONE', #905 ) ;
#561 = LINE ( 'NONE', #1113, #742 ) ;
#562 = ORIENTED_EDGE ( 'NONE', *, *, #564, .F. ) ;
#563 = FACE_OUTER_BOUND ( 'NONE', #315, .T. ) ;
#564 = EDGE_CURVE ( 'NONE', #1600, #480, #1458, .T. ) ;
#565 = EDGE_LOOP ( 'NONE', ( #445, #1111, #1140, #131 ) ) ;
#566 =( LENGTH_UNIT ( ) NAMED_UNIT ( * ) SI_UNIT ( $, .METRE. ) );
#567 = FACE_OUTER_BOUND ( 'NONE', #1567, .T. ) ;
#568 = DIRECTION ( 'NONE',  ( 0.000000000000000000, -1.266943997061687132E-14, -1.000000000000000000 ) ) ;
#569 = ORIENTED_EDGE ( 'NONE', *, *, #418, .F. ) ;
#570 = DIRECTION ( 'NONE',  ( 1.000000000000000000, 0.000000000000000000, 0.000000000000000000 ) ) ;
#571 = ORIENTED_EDGE ( 'NONE', *, *, #705, .F. ) ;
#572 = DIRECTION ( 'NONE',  ( 0.000000000000000000, -0.000000000000000000, 1.000000000000000000 ) ) ;
#573 = FACE_OUTER_BOUND ( 'NONE', #300, .T. ) ;
#574 = ADVANCED_FACE ( 'NONE', ( #1586 ), #769, .T. ) ;
#575 = EDGE_CURVE ( 'NONE', #1415, #689, #503, .T. ) ;
#576 = DIRECTION ( 'NONE',  ( 1.000000000000000000, 0.000000000000000000, 3.130242492740334860E-15 ) ) ;
#577 = CARTESIAN_POINT ( 'NONE',  ( -5.404999999999997584, -10.96999999999999531, -0.05999999999999999778 ) ) ;
#578 = ORIENTED_EDGE ( 'NONE', *, *, #1542, .F. ) ;
#579 = VERTEX_POINT ( 'NONE', #67 ) ;
#580 = DIRECTION ( 'NONE',  ( 0.000000000000000000, 0.000000000000000000, 1.000000000000000000 ) ) ;
#581 = CARTESIAN_POINT ( 'NONE',  ( 5.278999999999997250, -10.97599999999999199, -0.05999999999999999778 ) ) ;
#582 = VECTOR ( 'NONE', #44, 39.37007874015748143 ) ;
#583 = DIRECTION ( 'NONE',  ( -3.167359992654217830E-15, 0.000000000000000000, -1.000000000000000000 ) ) ;
#584 = EDGE_CURVE ( 'NONE', #913, #403, #354, .T. ) ;
#585 = LINE ( 'NONE', #1705, #691 ) ;
#586 = LINE ( 'NONE', #744, #845 ) ;
#587 = ORIENTED_EDGE ( 'NONE', *, *, #95, .F. ) ;
#588 = ORIENTED_EDGE ( 'NONE', *, *, #605, .F. ) ;
#589 = CARTESIAN_POINT ( 'NONE',  ( -5.281999999999994699, 11.10000000000000142, 0.000000000000000000 ) ) ;
#590 = FACE_OUTER_BOUND ( 'NONE', #1751, .T. ) ;
#591 = AXIS2_PLACEMENT_3D ( 'NONE', #1395, #823, #149 ) ;
#592 = PLANE ( 'NONE',  #1621 ) ;
#593 = DIRECTION ( 'NONE',  ( 0.000000000000000000, 0.000000000000000000, -1.000000000000000000 ) ) ;
#594 = EDGE_CURVE ( 'NONE', #97, #1280, #1711, .T. ) ;
#595 = DIRECTION ( 'NONE',  ( -1.000000000000000000, 0.000000000000000000, -0.000000000000000000 ) ) ;
#596 = EDGE_LOOP ( 'NONE', ( #228, #101 ) ) ;
#597 = EDGE_LOOP ( 'NONE', ( #1217, #1622, #1093, #655 ) ) ;
#598 = CARTESIAN_POINT ( 'NONE',  ( -5.281999999999994699, 11.16000000000000014, -0.1199999999999998151 ) ) ;
#599 = LINE ( 'NONE', #1437, #582 ) ;
#600 = CIRCLE ( 'NONE', #517, 0.1560000000000001941 ) ;
#601 = CARTESIAN_POINT ( 'NONE',  ( -5.278999999999999915, -10.97599999999999554, 0.000000000000000000 ) ) ;
#602 = DIRECTION ( 'NONE',  ( -1.000000000000000000, 2.068798177708643448E-16, -6.552628580950319278E-31 ) ) ;
#603 = CARTESIAN_POINT ( 'NONE',  ( -5.405000000000002025, 10.96999999999999886, -0.05999999999999999778 ) ) ;
#604 = CIRCLE ( 'NONE', #1625, 0.1560000000000001941 ) ;
#605 = EDGE_CURVE ( 'NONE', #902, #1446, #1723, .T. ) ;
#606 = ORIENTED_EDGE ( 'NONE', *, *, #1175, .F. ) ;
#607 = EDGE_CURVE ( 'NONE', #1680, #50, #1023, .T. ) ;
#608 = VERTEX_POINT ( 'NONE', #1747 ) ;
#609 = CARTESIAN_POINT ( 'NONE',  ( 5.281999999999999140, -10.97599999999999199, 0.000000000000000000 ) ) ;
#610 = LINE ( 'NONE', #345, #28 ) ;
#611 = LINE ( 'NONE', #1623, #1793 ) ;
#612 = VECTOR ( 'NONE', #157, 39.37007874015748143 ) ;
#613 = AXIS2_PLACEMENT_3D ( 'NONE', #776, #944, #1746 ) ;
#614 = FACE_OUTER_BOUND ( 'NONE', #653, .T. ) ;
#615 = DIRECTION ( 'NONE',  ( 1.000000000000000000, 4.137596355417287883E-16, -3.503246160812043455E-46 ) ) ;
#616 = ORIENTED_EDGE ( 'NONE', *, *, #1465, .T. ) ;
#617 = ORIENTED_EDGE ( 'NONE', *, *, #1263, .F. ) ;
#618 = LINE ( 'NONE', #1173, #1106 ) ;
#619 = DIRECTION ( 'NONE',  ( 1.000000000000000000, 1.992231900575580068E-16, -3.167359992654217830E-15 ) ) ;
#620 = ADVANCED_FACE ( 'NONE', ( #1448 ), #200, .F. ) ;
#621 = AXIS2_PLACEMENT_3D ( 'NONE', #1612, #619, #1595 ) ;
#622 = CARTESIAN_POINT ( 'NONE',  ( 5.278999999999997250, 10.97599999999999554, -0.06000000000000064310 ) ) ;
#623 = DIRECTION ( 'NONE',  ( -0.000000000000000000, -0.000000000000000000, 1.000000000000000000 ) ) ;
#624 = CARTESIAN_POINT ( 'NONE',  ( -5.281999999999999140, -11.15999999999999837, 3.553777911758031270E-14 ) ) ;
#625 = ORIENTED_EDGE ( 'NONE', *, *, #1636, .F. ) ;
#626 = ORIENTED_EDGE ( 'NONE', *, *, #1275, .T. ) ;
#627 = CARTESIAN_POINT ( 'NONE',  ( 5.282000000000000917, -11.22000000000000242, -0.7500000000000001110 ) ) ;
#628 = DIRECTION ( 'NONE',  ( -0.000000000000000000, 1.000000000000000000, -0.000000000000000000 ) ) ;
#629 = DIRECTION ( 'NONE',  ( -0.000000000000000000, 1.000000000000000000, -0.000000000000000000 ) ) ;
#630 = EDGE_CURVE ( 'NONE', #913, #715, #704, .T. ) ;
#631 = DIRECTION ( 'NONE',  ( 3.167359992654217830E-15, 3.167359992654217830E-15, 1.000000000000000000 ) ) ;
#632 = DIRECTION ( 'NONE',  ( 8.087894779579105295E-30, 0.000000000000000000, 1.000000000000000000 ) ) ;
#633 = CIRCLE ( 'NONE', #256, 0.05999999999999772182 ) ;
#634 = ORIENTED_EDGE ( 'NONE', *, *, #305, .T. ) ;
#635 = VECTOR ( 'NONE', #615, 39.37007874015748143 ) ;
#636 = EDGE_LOOP ( 'NONE', ( #389, #1574, #427, #646 ) ) ;
#637 = DIRECTION ( 'NONE',  ( 0.000000000000000000, 0.000000000000000000, -1.000000000000000000 ) ) ;
#638 = CARTESIAN_POINT ( 'NONE',  ( 5.284999999999999254, 10.96999999999999531, -0.1199999999999994543 ) ) ;
#639 = LINE ( 'NONE', #946, #868 ) ;
#640 = VECTOR ( 'NONE', #1648, 39.37007874015748143 ) ;
#641 = CARTESIAN_POINT ( 'NONE',  ( -5.278999999999999915, 0.000000000000000000, 0.000000000000000000 ) ) ;
#642 = CARTESIAN_POINT ( 'NONE',  ( 5.284999999999999254, -10.96999999999999176, -0.1199999999999994543 ) ) ;
#643 = VECTOR ( 'NONE', #1798, 39.37007874015748143 ) ;
#644 = EDGE_CURVE ( 'NONE', #1476, #1639, #1764, .T. ) ;
#645 = VERTEX_POINT ( 'NONE', #1220 ) ;
#646 = ORIENTED_EDGE ( 'NONE', *, *, #1234, .T. ) ;
#647 = DIRECTION ( 'NONE',  ( -1.000000000000000000, 0.000000000000000000, 0.000000000000000000 ) ) ;
#648 = EDGE_LOOP ( 'NONE', ( #555, #245, #1321, #481 ) ) ;
#649 = CARTESIAN_POINT ( 'NONE',  ( -5.285000000000000142, -10.96999999999999531, -0.05999999999999999778 ) ) ;
#650 = CYLINDRICAL_SURFACE ( 'NONE', #376, 0.1560000000000001941 ) ;
#651 = ORIENTED_EDGE ( 'NONE', *, *, #912, .T. ) ;
#652 = EDGE_CURVE ( 'NONE', #361, #227, #1773, .T. ) ;
#653 = EDGE_LOOP ( 'NONE', ( #1700, #106, #90, #1681 ) ) ;
#654 = CARTESIAN_POINT ( 'NONE',  ( 5.345000000000000639, 5.324239754288238571E-16, -0.7500000000000003331 ) ) ;
#655 = ORIENTED_EDGE ( 'NONE', *, *, #1024, .T. ) ;
#656 = CARTESIAN_POINT ( 'NONE',  ( -5.285000000000000142, -10.96999999999999531, -0.1200000000000010919 ) ) ;
#657 = PLANE ( 'NONE',  #379 ) ;
#658 = EDGE_LOOP ( 'NONE', ( #1638, #588, #1222, #670 ) ) ;
#659 = EDGE_CURVE ( 'NONE', #1481, #361, #1512, .T. ) ;
#660 = ORIENTED_EDGE ( 'NONE', *, *, #1497, .T. ) ;
#661 = DIRECTION ( 'NONE',  ( 1.000000000000000000, 0.000000000000000000, 0.000000000000000000 ) ) ;
#662 = CARTESIAN_POINT ( 'NONE',  ( 5.281999999999999140, -10.97599999999999199, -0.05999999999999999778 ) ) ;
#663 = EDGE_CURVE ( 'NONE', #548, #306, #827, .T. ) ;
#664 = VERTEX_POINT ( 'NONE', #863 ) ;
#665 = CARTESIAN_POINT ( 'NONE',  ( 5.404999999999997584, 10.96999999999999886, -0.05999999999999978961 ) ) ;
#666 = CARTESIAN_POINT ( 'NONE',  ( -5.065000000000000391, 5.000000000000000888, -0.7500000000000003331 ) ) ;
#667 = VERTEX_POINT ( 'NONE', #170 ) ;
#668 = DIRECTION ( 'NONE',  ( 0.000000000000000000, 0.000000000000000000, -1.000000000000000000 ) ) ;
#669 = AXIS2_PLACEMENT_3D ( 'NONE', #483, #1457, #1032 ) ;
#670 = ORIENTED_EDGE ( 'NONE', *, *, #36, .T. ) ;
#671 = DIRECTION ( 'NONE',  ( -1.992231900575580068E-16, 1.000000000000000000, 0.000000000000000000 ) ) ;
#672 = DIRECTION ( 'NONE',  ( 0.000000000000000000, 0.000000000000000000, -1.000000000000000000 ) ) ;
#673 = VECTOR ( 'NONE', #1462, 39.37007874015748143 ) ;
#674 = ORIENTED_EDGE ( 'NONE', *, *, #630, .T. ) ;
#675 = SURFACE_STYLE_FILL_AREA ( #7 ) ;
#676 = EDGE_CURVE ( 'NONE', #1124, #383, #1259, .T. ) ;
#677 = LINE ( 'NONE', #1429, #1006 ) ;
#678 = AXIS2_PLACEMENT_3D ( 'NONE', #202, #322, #1158 ) ;
#679 = LINE ( 'NONE', #1229, #838 ) ;
#680 = ORIENTED_EDGE ( 'NONE', *, *, #1578, .T. ) ;
#681 = LINE ( 'NONE', #1262, #295 ) ;
#682 = VECTOR ( 'NONE', #318, 39.37007874015748143 ) ;
#683 = ORIENTED_EDGE ( 'NONE', *, *, #937, .F. ) ;
#684 = PLANE ( 'NONE',  #1166 ) ;
#685 = EDGE_CURVE ( 'NONE', #664, #843, #846, .T. ) ;
#686 = DIRECTION ( 'NONE',  ( -0.000000000000000000, -1.000000000000000000, -0.000000000000000000 ) ) ;
#687 = DIRECTION ( 'NONE',  ( 0.000000000000000000, -1.000000000000000000, 0.000000000000000000 ) ) ;
#688 = ORIENTED_EDGE ( 'NONE', *, *, #1497, .F. ) ;
#689 = VERTEX_POINT ( 'NONE', #133 ) ;
#690 = DIRECTION ( 'NONE',  ( 1.000000000000000000, 0.000000000000000000, 0.000000000000000000 ) ) ;
#691 = VECTOR ( 'NONE', #860, 39.37007874015748143 ) ;
#692 = CARTESIAN_POINT ( 'NONE',  ( -5.344999999999997975, -10.96999999999999531, -0.1200000000000009115 ) ) ;
#693 = EDGE_CURVE ( 'NONE', #238, #1593, #716, .T. ) ;
#694 = LINE ( 'NONE', #2, #1527 ) ;
#695 = ORIENTED_EDGE ( 'NONE', *, *, #1000, .F. ) ;
#696 = DIRECTION ( 'NONE',  ( 0.000000000000000000, 0.000000000000000000, 1.000000000000000000 ) ) ;
#697 = CARTESIAN_POINT ( 'NONE',  ( -4.642383110778197621E-15, 11.22000000000000242, -0.1199999999999996209 ) ) ;
#698 = VECTOR ( 'NONE', #293, 39.37007874015748143 ) ;
#699 = VECTOR ( 'NONE', #521, 39.37007874015748143 ) ;
#700 = ORIENTED_EDGE ( 'NONE', *, *, #659, .F. ) ;
#701 = LINE ( 'NONE', #1393, #549 ) ;
#702 = DIRECTION ( 'NONE',  ( 0.000000000000000000, 0.000000000000000000, 1.000000000000000000 ) ) ;
#703 = DIRECTION ( 'NONE',  ( 1.000000000000000000, 0.000000000000000000, 0.000000000000000000 ) ) ;
#704 = CIRCLE ( 'NONE', #1493, 0.05999999999999772182 ) ;
#705 = EDGE_CURVE ( 'NONE', #1095, #1038, #11, .T. ) ;
#706 = EDGE_CURVE ( 'NONE', #97, #1455, #1073, .T. ) ;
#707 = ORIENTED_EDGE ( 'NONE', *, *, #1000, .T. ) ;
#708 = CARTESIAN_POINT ( 'NONE',  ( 5.405000000000000249, 10.96999999999999176, -0.7500000000000001110 ) ) ;
#709 = DIRECTION ( 'NONE',  ( 1.000000000000000000, 4.137596355417287883E-16, -1.751623080406021728E-46 ) ) ;
#710 = EDGE_LOOP ( 'NONE', ( #1409, #1255, #550, #1784 ) ) ;
#711 = DIRECTION ( 'NONE',  ( -1.000000000000000000, -9.961159502877901571E-17, -3.491481338843133750E-15 ) ) ;
#712 = CARTESIAN_POINT ( 'NONE',  ( -5.405000000000002025, 10.96999999999999531, -0.1200000000000018274 ) ) ;
#713 = DIRECTION ( 'NONE',  ( -0.000000000000000000, 1.000000000000000000, -0.000000000000000000 ) ) ;
#714 = FACE_OUTER_BOUND ( 'NONE', #597, .T. ) ;
#715 = VERTEX_POINT ( 'NONE', #286 ) ;
#716 = LINE ( 'NONE', #697, #1157 ) ;
#717 = ADVANCED_FACE ( 'NONE', ( #967 ), #1679, .T. ) ;
#718 = VECTOR ( 'NONE', #1517, 39.37007874015748143 ) ;
#719 = EDGE_LOOP ( 'NONE', ( #950, #65, #1102, #616 ) ) ;
#720 = LINE ( 'NONE', #1022, #321 ) ;
#721 = LINE ( 'NONE', #34, #1237 ) ;
#722 = EDGE_CURVE ( 'NONE', #715, #645, #298, .T. ) ;
#723 = VECTOR ( 'NONE', #1739, 39.37007874015748143 ) ;
#724 = DIRECTION ( 'NONE',  ( -1.000000000000000000, 0.000000000000000000, 0.000000000000000000 ) ) ;
#725 = DIRECTION ( 'NONE',  ( -1.226136156284215248E-45, 3.167359992654217435E-15, 1.000000000000000000 ) ) ;
#726 = ORIENTED_EDGE ( 'NONE', *, *, #809, .F. ) ;
#727 = ORIENTED_EDGE ( 'NONE', *, *, #375, .T. ) ;
#728 = DIRECTION ( 'NONE',  ( -1.000000000000000000, -0.000000000000000000, -0.000000000000000000 ) ) ;
#729 = DIRECTION ( 'NONE',  ( -1.000000000000000000, 0.000000000000000000, 2.845674993400227101E-16 ) ) ;
#730 = VECTOR ( 'NONE', #986, 39.37007874015748143 ) ;
#731 = PLANE ( 'NONE',  #984 ) ;
#732 = EDGE_CURVE ( 'NONE', #579, #1095, #604, .T. ) ;
#733 = CARTESIAN_POINT ( 'NONE',  ( 5.282000000000000917, -11.22000000000000064, -0.7499999999999998890 ) ) ;
#734 = LINE ( 'NONE', #1129, #961 ) ;
#735 = ORIENTED_EDGE ( 'NONE', *, *, #1119, .T. ) ;
#736 = EDGE_LOOP ( 'NONE', ( #1523, #1770, #179, #460 ) ) ;
#737 = CARTESIAN_POINT ( 'NONE',  ( 5.281999999999990258, -11.09999999999999609, -0.1200000000000004119 ) ) ;
#738 = CARTESIAN_POINT ( 'NONE',  ( 5.221000000000000973, 5.000000000000002665, -0.7500000000000003331 ) ) ;
#739 = CARTESIAN_POINT ( 'NONE',  ( -5.404999999999997584, -10.96999999999999531, -0.05999999999999999778 ) ) ;
#740 = EDGE_CURVE ( 'NONE', #392, #1481, #679, .T. ) ;
#741 = EDGE_CURVE ( 'NONE', #1320, #985, #1107, .T. ) ;
#742 = VECTOR ( 'NONE', #991, 39.37007874015748143 ) ;
#743 = CARTESIAN_POINT ( 'NONE',  ( 4.909000000000000696, -4.999999999999999112, -0.06000000000000004635 ) ) ;
#744 = CARTESIAN_POINT ( 'NONE',  ( -5.281999999999994699, 11.10000000000000142, -0.06000000000000119821 ) ) ;
#745 = ORIENTED_EDGE ( 'NONE', *, *, #1676, .T. ) ;
#746 = ORIENTED_EDGE ( 'NONE', *, *, #509, .T. ) ;
#747 = LINE ( 'NONE', #308, #791 ) ;
#748 = DIRECTION ( 'NONE',  ( -0.000000000000000000, -0.000000000000000000, 1.000000000000000000 ) ) ;
#749 = CARTESIAN_POINT ( 'NONE',  ( -5.065000000000000391, -4.999999999999999112, 0.000000000000000000 ) ) ;
#750 = AXIS2_PLACEMENT_3D ( 'NONE', #102, #629, #1757 ) ;
#751 = LINE ( 'NONE', #1026, #1695 ) ;
#752 = DIRECTION ( 'NONE',  ( 0.000000000000000000, 0.000000000000000000, -1.000000000000000000 ) ) ;
#753 = ORIENTED_EDGE ( 'NONE', *, *, #1199, .F. ) ;
#754 = EDGE_CURVE ( 'NONE', #227, #1476, #1781, .T. ) ;
#755 = ORIENTED_EDGE ( 'NONE', *, *, #1488, .T. ) ;
#756 = DIRECTION ( 'NONE',  ( 1.748382715945122464E-14, 1.000000000000000000, 0.000000000000000000 ) ) ;
#757 = DIRECTION ( 'NONE',  ( -2.068798177708642955E-16, -1.000000000000000000, 3.169856808907805887E-15 ) ) ;
#758 = DIRECTION ( 'NONE',  ( 0.000000000000000000, 3.167359992654216647E-15, 1.000000000000000000 ) ) ;
#759 = AXIS2_PLACEMENT_3D ( 'NONE', #1472, #1045, #1337 ) ;
#760 = AXIS2_PLACEMENT_3D ( 'NONE', #1718, #472, #482 ) ;
#761 = LINE ( 'NONE', #999, #916 ) ;
#762 = AXIS2_PLACEMENT_3D ( 'NONE', #35, #1284, #758 ) ;
#763 = DIRECTION ( 'NONE',  ( 0.000000000000000000, 0.000000000000000000, -1.000000000000000000 ) ) ;
#764 = VERTEX_POINT ( 'NONE', #1399 ) ;
#765 = ADVANCED_FACE ( 'NONE', ( #1260 ), #1092, .T. ) ;
#766 = EDGE_CURVE ( 'NONE', #1011, #843, #415, .T. ) ;
#767 = ORIENTED_EDGE ( 'NONE', *, *, #864, .F. ) ;
#768 = CARTESIAN_POINT ( 'NONE',  ( 5.284999999999999254, -10.96999999999999176, -0.1199999999999994543 ) ) ;
#769 = PLANE ( 'NONE',  #1131 ) ;
#770 = DIRECTION ( 'NONE',  ( -1.000000000000000000, 0.000000000000000000, 0.000000000000000000 ) ) ;
#771 = CARTESIAN_POINT ( 'NONE',  ( 5.405000000000000249, -10.96999999999999176, -0.05999999999999999778 ) ) ;
#772 = VECTOR ( 'NONE', #1412, 39.37007874015748143 ) ;
#773 = DIRECTION ( 'NONE',  ( 0.000000000000000000, -0.000000000000000000, 1.000000000000000000 ) ) ;
#774 = ORIENTED_EDGE ( 'NONE', *, *, #740, .F. ) ;
#775 = EDGE_LOOP ( 'NONE', ( #1782, #42 ) ) ;
#776 = CARTESIAN_POINT ( 'NONE',  ( -5.065000000000000391, -4.999999999999999112, -0.7500000000000003331 ) ) ;
#777 = DIRECTION ( 'NONE',  ( 3.167359992654217435E-15, -9.502079977962653095E-15, -1.000000000000000000 ) ) ;
#778 = PLANE ( 'NONE',  #1299 ) ;
#779 = EDGE_CURVE ( 'NONE', #1356, #667, #816, .T. ) ;
#780 = CARTESIAN_POINT ( 'NONE',  ( -5.405000000000003801, 10.96999999999999531, -0.7500000000000001110 ) ) ;
#781 = CARTESIAN_POINT ( 'NONE',  ( 5.065000000000000391, 5.000000000000002665, -0.06000000000000004635 ) ) ;
#782 = VECTOR ( 'NONE', #436, 39.37007874015748143 ) ;
#783 = ORIENTED_EDGE ( 'NONE', *, *, #1152, .T. ) ;
#784 = ORIENTED_EDGE ( 'NONE', *, *, #1655, .F. ) ;
#785 = DIRECTION ( 'NONE',  ( 1.000000000000000000, 0.000000000000000000, 0.000000000000000000 ) ) ;
#786 = ORIENTED_EDGE ( 'NONE', *, *, #706, .F. ) ;
#787 = FACE_OUTER_BOUND ( 'NONE', #350, .T. ) ;
#788 = EDGE_CURVE ( 'NONE', #873, #306, #833, .T. ) ;
#789 = PLANE ( 'NONE',  #1070 ) ;
#790 = FACE_OUTER_BOUND ( 'NONE', #710, .T. ) ;
#791 = VECTOR ( 'NONE', #199, 39.37007874015748143 ) ;
#792 = ORIENTED_EDGE ( 'NONE', *, *, #536, .F. ) ;
#793 = ORIENTED_EDGE ( 'NONE', *, *, #1127, .F. ) ;
#794 = DIRECTION ( 'NONE',  ( 1.000000000000000000, -2.068798177708643448E-16, 6.552628580950306141E-31 ) ) ;
#795 = EDGE_LOOP ( 'NONE', ( #1466, #1591, #1717, #230 ) ) ;
#796 = DIRECTION ( 'NONE',  ( -1.000000000000000000, 0.000000000000000000, 0.000000000000000000 ) ) ;
#797 = DIRECTION ( 'NONE',  ( -1.000000000000000000, 0.000000000000000000, 2.845674993400227101E-16 ) ) ;
#798 = EDGE_CURVE ( 'NONE', #903, #964, #1789, .T. ) ;
#799 = ORIENTED_EDGE ( 'NONE', *, *, #63, .F. ) ;
#800 = ADVANCED_FACE ( 'NONE', ( #433 ), #9, .T. ) ;
#801 = ORIENTED_EDGE ( 'NONE', *, *, #223, .T. ) ;
#802 = FACE_OUTER_BOUND ( 'NONE', #188, .T. ) ;
#803 = ORIENTED_EDGE ( 'NONE', *, *, #1363, .T. ) ;
#804 = CARTESIAN_POINT ( 'NONE',  ( -4.909000000000000696, 5.000000000000000888, 0.000000000000000000 ) ) ;
#805 = CARTESIAN_POINT ( 'NONE',  ( 5.278999999999997250, 10.96999999999999531, 0.000000000000000000 ) ) ;
#806 = VECTOR ( 'NONE', #1236, 39.37007874015748143 ) ;
#807 = ORIENTED_EDGE ( 'NONE', *, *, #1654, .T. ) ;
#808 = AXIS2_PLACEMENT_3D ( 'NONE', #1704, #880, #1156 ) ;
#809 = EDGE_CURVE ( 'NONE', #893, #667, #1389, .T. ) ;
#810 = ORIENTED_EDGE ( 'NONE', *, *, #852, .T. ) ;
#811 = LINE ( 'NONE', #1537, #499 ) ;
#812 = EDGE_LOOP ( 'NONE', ( #420, #1780, #246, #169 ) ) ;
#813 = LINE ( 'NONE', #551, #1735 ) ;
#814 = CARTESIAN_POINT ( 'NONE',  ( -5.345000000000002416, 10.96999999999999886, -1.762635835912070943E-14 ) ) ;
#815 = DIRECTION ( 'NONE',  ( 0.000000000000000000, 1.000000000000000000, 0.000000000000000000 ) ) ;
#816 = LINE ( 'NONE', #1406, #1292 ) ;
#817 = AXIS2_PLACEMENT_3D ( 'NONE', #327, #1155, #212 ) ;
#818 = ORIENTED_EDGE ( 'NONE', *, *, #937, .T. ) ;
#819 = PLANE ( 'NONE',  #1661 ) ;
#820 = ADVANCED_FACE ( 'NONE', ( #547 ), #140, .F. ) ;
#821 = ORIENTED_EDGE ( 'NONE', *, *, #137, .F. ) ;
#822 =( CONVERSION_BASED_UNIT ( 'INCH', #1265 ) LENGTH_UNIT ( ) NAMED_UNIT ( #261 ) );
#823 = DIRECTION ( 'NONE',  ( -0.000000000000000000, -0.000000000000000000, 1.000000000000000000 ) ) ;
#824 = CARTESIAN_POINT ( 'NONE',  ( -5.285000000000000142, -10.96999999999999531, -0.06000000000000337008 ) ) ;
#825 = EDGE_LOOP ( 'NONE', ( #32, #606 ) ) ;
#826 = CARTESIAN_POINT ( 'NONE',  ( -5.405000000000000249, -10.97000000000000064, -0.7500000000000001110 ) ) ;
#827 = LINE ( 'NONE', #426, #1171 ) ;
#828 = AXIS2_PLACEMENT_3D ( 'NONE', #1100, #1656, #407 ) ;
#829 = EDGE_LOOP ( 'NONE', ( #680, #1097, #1210, #1674 ) ) ;
#830 = EDGE_CURVE ( 'NONE', #1030, #1455, #694, .T. ) ;
#831 = CARTESIAN_POINT ( 'NONE',  ( -5.281999999999999140, -11.21999999999999709, -0.05999999999999999778 ) ) ;
#832 = VECTOR ( 'NONE', #1198, 39.37007874015748143 ) ;
#833 = LINE ( 'NONE', #121, #274 ) ;
#834 = EDGE_LOOP ( 'NONE', ( #707, #746, #399, #945 ) ) ;
#835 = AXIS2_PLACEMENT_3D ( 'NONE', #1025, #1579, #175 ) ;
#836 = ORIENTED_EDGE ( 'NONE', *, *, #1478, .F. ) ;
#837 = PLANE ( 'NONE',  #1334 ) ;
#838 = VECTOR ( 'NONE', #540, 39.37007874015748143 ) ;
#839 = EDGE_CURVE ( 'NONE', #40, #129, #561, .T. ) ;
#840 = FACE_OUTER_BOUND ( 'NONE', #1130, .T. ) ;
#841 = PRODUCT_DEFINITION_FORMATION_WITH_SPECIFIED_SOURCE ( 'ANY', '', #1212, .NOT_KNOWN. ) ;
#842 = DIRECTION ( 'NONE',  ( 0.000000000000000000, -0.000000000000000000, -1.000000000000000000 ) ) ;
#843 = VERTEX_POINT ( 'NONE', #1670 ) ;
#844 = DIRECTION ( 'NONE',  ( 0.000000000000000000, 0.000000000000000000, 1.000000000000000000 ) ) ;
#845 = VECTOR ( 'NONE', #1572, 39.37007874015748143 ) ;
#846 = LINE ( 'NONE', #1381, #1305 ) ;
#847 = CIRCLE ( 'NONE', #1396, 0.1560000000000001941 ) ;
#848 = ORIENTED_EDGE ( 'NONE', *, *, #798, .T. ) ;
#849 = LINE ( 'NONE', #996, #1565 ) ;
#850 = PLANE ( 'NONE',  #939 ) ;
#851 = ORIENTED_EDGE ( 'NONE', *, *, #319, .T. ) ;
#852 = EDGE_CURVE ( 'NONE', #392, #227, #423, .T. ) ;
#853 = EDGE_CURVE ( 'NONE', #1418, #1320, #1027, .T. ) ;
#854 = DIRECTION ( 'NONE',  ( -0.000000000000000000, 1.000000000000000000, -0.000000000000000000 ) ) ;
#855 = ORIENTED_EDGE ( 'NONE', *, *, #1636, .T. ) ;
#856 = EDGE_CURVE ( 'NONE', #689, #926, #304, .T. ) ;
#857 = ORIENTED_EDGE ( 'NONE', *, *, #1407, .T. ) ;
#858 = PLANE ( 'NONE',  #879 ) ;
#859 = LINE ( 'NONE', #1683, #698 ) ;
#860 = DIRECTION ( 'NONE',  ( 0.000000000000000000, -1.000000000000000000, 0.000000000000000000 ) ) ;
#861 = PLANE ( 'NONE',  #1652 ) ;
#862 = VERTEX_POINT ( 'NONE', #159 ) ;
#863 = CARTESIAN_POINT ( 'NONE',  ( 5.281999999999994699, -11.15999999999999837, -0.1200000000000002176 ) ) ;
#864 = EDGE_CURVE ( 'NONE', #218, #1011, #734, .T. ) ;
#865 = ORIENTED_EDGE ( 'NONE', *, *, #522, .T. ) ;
#866 = CARTESIAN_POINT ( 'NONE',  ( -5.221000000000000973, 5.000000000000000888, -0.06000000000000004635 ) ) ;
#867 = CARTESIAN_POINT ( 'NONE',  ( 0.000000000000000000, -10.97599999999999554, -0.000000000000000000 ) ) ;
#868 = VECTOR ( 'NONE', #1495, 39.37007874015748143 ) ;
#869 = DIRECTION ( 'NONE',  ( 0.000000000000000000, 0.000000000000000000, 1.000000000000000000 ) ) ;
#870 = VECTOR ( 'NONE', #260, 39.37007874015748143 ) ;
#871 = DIRECTION ( 'NONE',  ( 9.961159502877901571E-17, -1.000000000000000000, -0.000000000000000000 ) ) ;
#872 = CARTESIAN_POINT ( 'NONE',  ( 5.281999999999996476, 11.16000000000000725, -0.7500000000000003331 ) ) ;
#873 = VERTEX_POINT ( 'NONE', #29 ) ;
#874 = DIRECTION ( 'NONE',  ( 0.000000000000000000, 0.000000000000000000, 1.000000000000000000 ) ) ;
#875 = EDGE_LOOP ( 'NONE', ( #1377, #1247, #617, #1066 ) ) ;
#876 = DIRECTION ( 'NONE',  ( 0.000000000000000000, 0.000000000000000000, 1.000000000000000000 ) ) ;
#877 = DIRECTION ( 'NONE',  ( -0.000000000000000000, -0.000000000000000000, 1.000000000000000000 ) ) ;
#878 = ADVANCED_FACE ( 'NONE', ( #1169 ), #861, .T. ) ;
#879 = AXIS2_PLACEMENT_3D ( 'NONE', #172, #1282, #446 ) ;
#880 = DIRECTION ( 'NONE',  ( 0.000000000000000000, -1.000000000000000000, 0.000000000000000000 ) ) ;
#881 = CYLINDRICAL_SURFACE ( 'NONE', #448, 0.1560000000000001941 ) ;
#882 = DIRECTION ( 'NONE',  ( -1.000000000000000000, -0.000000000000000000, -0.000000000000000000 ) ) ;
#883 = ORIENTED_EDGE ( 'NONE', *, *, #1354, .F. ) ;
#884 = ORIENTED_EDGE ( 'NONE', *, *, #128, .T. ) ;
#885 = FACE_OUTER_BOUND ( 'NONE', #1328, .T. ) ;
#886 = DIRECTION ( 'NONE',  ( -0.000000000000000000, 0.000000000000000000, 1.000000000000000000 ) ) ;
#887 = AXIS2_PLACEMENT_3D ( 'NONE', #406, #713, #957 ) ;
#888 = DIRECTION ( 'NONE',  ( 1.000000000000000000, 0.000000000000000000, 0.000000000000000000 ) ) ;
#889 = ADVANCED_FACE ( 'NONE', ( #1269 ), #19, .F. ) ;
#890 = DIRECTION ( 'NONE',  ( 0.000000000000000000, -1.000000000000000000, -0.000000000000000000 ) ) ;
#891 = CARTESIAN_POINT ( 'NONE',  ( -5.282000000000000917, 11.10000000000000142, -0.05999999999999999778 ) ) ;
#892 = VERTEX_POINT ( 'NONE', #1433 ) ;
#893 = VERTEX_POINT ( 'NONE', #1001 ) ;
#894 = DIRECTION ( 'NONE',  ( 0.000000000000000000, 1.000000000000000000, 0.000000000000000000 ) ) ;
#895 = DIRECTION ( 'NONE',  ( 1.000000000000000000, 4.137596355417287883E-16, -3.503246160812043455E-46 ) ) ;
#896 = FACE_OUTER_BOUND ( 'NONE', #719, .T. ) ;
#897 = VECTOR ( 'NONE', #796, 39.37007874015748143 ) ;
#898 = CARTESIAN_POINT ( 'NONE',  ( 5.405000000000000249, 10.96999999999999176, -0.7500000000000001110 ) ) ;
#899 = ADVANCED_FACE ( 'NONE', ( #714 ), #1553, .F. ) ;
#900 = FACE_OUTER_BOUND ( 'NONE', #812, .T. ) ;
#901 = EDGE_CURVE ( 'NONE', #120, #1799, #83, .T. ) ;
#902 = VERTEX_POINT ( 'NONE', #1706 ) ;
#903 = VERTEX_POINT ( 'NONE', #168 ) ;
#904 = CARTESIAN_POINT ( 'NONE',  ( 5.282000000000000917, -11.16000000000000192, -0.7500000000000002220 ) ) ;
#905 = CARTESIAN_POINT ( 'NONE',  ( 5.281999999999996476, 10.97599999999999554, -0.06000000000000064310 ) ) ;
#906 = CARTESIAN_POINT ( 'NONE',  ( 5.404999999999997584, 10.96999999999999886, 0.000000000000000000 ) ) ;
#907 = UNCERTAINTY_MEASURE_WITH_UNIT (LENGTH_MEASURE( 1.000000000000000082E-05 ), #822, 'distance_accuracy_value', 'NONE');
#908 = VECTOR ( 'NONE', #182, 39.37007874015748143 ) ;
#909 = DIRECTION ( 'NONE',  ( 0.000000000000000000, 0.000000000000000000, -1.000000000000000000 ) ) ;
#910 = CARTESIAN_POINT ( 'NONE',  ( -5.285000000000000142, -10.96999999999999531, 0.000000000000000000 ) ) ;
#911 = ORIENTED_EDGE ( 'NONE', *, *, #474, .F. ) ;
#912 = EDGE_CURVE ( 'NONE', #892, #97, #459, .T. ) ;
#913 = VERTEX_POINT ( 'NONE', #1307 ) ;
#914 = CARTESIAN_POINT ( 'NONE',  ( 5.282000000000000917, -11.21999999999999886, -0.05999999999999978961 ) ) ;
#915 = CARTESIAN_POINT ( 'NONE',  ( 5.404999999999997584, 10.96999999999999353, -0.1199999999999996209 ) ) ;
#916 = VECTOR ( 'NONE', #1440, 39.37007874015748143 ) ;
#917 = LINE ( 'NONE', #231, #281 ) ;
#918 = FACE_OUTER_BOUND ( 'NONE', #1500, .T. ) ;
#919 = VECTOR ( 'NONE', #1559, 39.37007874015748143 ) ;
#920 = CARTESIAN_POINT ( 'NONE',  ( 5.281999999999996476, 11.10000000000000142, -0.1199999999999999956 ) ) ;
#921 = ORIENTED_EDGE ( 'NONE', *, *, #605, .T. ) ;
#922 = ORIENTED_EDGE ( 'NONE', *, *, #1152, .F. ) ;
#923 = CARTESIAN_POINT ( 'NONE',  ( -5.281999999999998252, -11.15999999999999837, -0.7499999999999990008 ) ) ;
#924 = CARTESIAN_POINT ( 'NONE',  ( -5.344999999999999751, -10.97000000000000064, -0.7500000000000002220 ) ) ;
#925 = ADVANCED_FACE ( 'NONE', ( #900 ), #1582, .T. ) ;
#926 = VERTEX_POINT ( 'NONE', #872 ) ;
#927 = FACE_BOUND ( 'NONE', #775, .T. ) ;
#928 = DIRECTION ( 'NONE',  ( 0.000000000000000000, 0.000000000000000000, -1.000000000000000000 ) ) ;
#929 = CARTESIAN_POINT ( 'NONE',  ( -5.278999999999999915, 10.96999999999999531, 0.000000000000000000 ) ) ;
#930 = ORIENTED_EDGE ( 'NONE', *, *, #1431, .F. ) ;
#931 = ORIENTED_EDGE ( 'NONE', *, *, #1324, .F. ) ;
#932 = DIRECTION ( 'NONE',  ( 0.000000000000000000, 0.000000000000000000, 1.000000000000000000 ) ) ;
#933 = AXIS2_PLACEMENT_3D ( 'NONE', #377, #94, #356 ) ;
#934 = ORIENTED_EDGE ( 'NONE', *, *, #652, .F. ) ;
#935 = DIRECTION ( 'NONE',  ( 0.000000000000000000, 0.000000000000000000, 1.000000000000000000 ) ) ;
#936 = EDGE_CURVE ( 'NONE', #964, #1519, #586, .T. ) ;
#937 = EDGE_CURVE ( 'NONE', #964, #1415, #59, .T. ) ;
#938 = CARTESIAN_POINT ( 'NONE',  ( 5.281999999999996476, 11.16000000000000014, -0.1199999999999998151 ) ) ;
#939 = AXIS2_PLACEMENT_3D ( 'NONE', #1703, #394, #998 ) ;
#940 = VECTOR ( 'NONE', #844, 39.37007874015748143 ) ;
#941 = ORIENTED_EDGE ( 'NONE', *, *, #1285, .T. ) ;
#942 = PRODUCT_DEFINITION_SHAPE ( 'NONE', 'NONE',  #1439 ) ;
#943 = ORIENTED_EDGE ( 'NONE', *, *, #1465, .F. ) ;
#944 = DIRECTION ( 'NONE',  ( -0.000000000000000000, -0.000000000000000000, 1.000000000000000000 ) ) ;
#945 = ORIENTED_EDGE ( 'NONE', *, *, #497, .F. ) ;
#946 = CARTESIAN_POINT ( 'NONE',  ( -5.285000000000000142, 10.97000000000000064, -3.363587842199124001E-15 ) ) ;
#947 = VECTOR ( 'NONE', #895, 39.37007874015748143 ) ;
#948 = DIRECTION ( 'NONE',  ( -1.992231900575580068E-16, 1.000000000000000000, -0.000000000000000000 ) ) ;
#949 = EDGE_CURVE ( 'NONE', #1519, #238, #993, .T. ) ;
#950 = ORIENTED_EDGE ( 'NONE', *, *, #741, .F. ) ;
#951 = VERTEX_POINT ( 'NONE', #186 ) ;
#952 = LINE ( 'NONE', #1110, #940 ) ;
#953 = EDGE_LOOP ( 'NONE', ( #799, #941, #1028, #803 ) ) ;
#954 = DIRECTION ( 'NONE',  ( 1.992231900575801195E-16, -1.000000000000000000, 6.334719985308433293E-15 ) ) ;
#955 = CARTESIAN_POINT ( 'NONE',  ( 5.221000000000000973, -4.999999999999999112, -0.7500000000000003331 ) ) ;
#956 = CIRCLE ( 'NONE', #1394, 0.06000000000000099698 ) ;
#957 = DIRECTION ( 'NONE',  ( 0.000000000000000000, 0.000000000000000000, 1.000000000000000000 ) ) ;
#958 = ADVANCED_FACE ( 'NONE', ( #1296 ), #469, .F. ) ;
#959 = VECTOR ( 'NONE', #1041, 39.37007874015748143 ) ;
#960 = DIRECTION ( 'NONE',  ( 7.284927983104581378E-14, 0.000000000000000000, 1.000000000000000000 ) ) ;
#961 = VECTOR ( 'NONE', #725, 39.37007874015748143 ) ;
#962 = VERTEX_POINT ( 'NONE', #331 ) ;
#963 =( LENGTH_UNIT ( ) NAMED_UNIT ( * ) SI_UNIT ( $, .METRE. ) );
#964 = VERTEX_POINT ( 'NONE', #891 ) ;
#965 = CARTESIAN_POINT ( 'NONE',  ( 5.282000000000000917, -11.21999999999999886, 0.000000000000000000 ) ) ;
#966 = CARTESIAN_POINT ( 'NONE',  ( 5.284999999999994813, -10.96999999999999176, -6.317398485348608816E-16 ) ) ;
#967 = FACE_OUTER_BOUND ( 'NONE', #565, .T. ) ;
#968 = EDGE_LOOP ( 'NONE', ( #501, #1760, #1037, #79 ) ) ;
#969 = FACE_OUTER_BOUND ( 'NONE', #1736, .T. ) ;
#970 = EDGE_CURVE ( 'NONE', #257, #903, #1224, .T. ) ;
#971 = ORIENTED_EDGE ( 'NONE', *, *, #95, .T. ) ;
#972 = SURFACE_STYLE_USAGE ( .BOTH. , #1383 ) ;
#973 = CARTESIAN_POINT ( 'NONE',  ( 5.284999999999999254, 10.96999999999999531, -0.1199999999999994543 ) ) ;
#974 = DIRECTION ( 'NONE',  ( -1.000000000000000000, -0.000000000000000000, -0.000000000000000000 ) ) ;
#975 = ORIENTED_EDGE ( 'NONE', *, *, #685, .F. ) ;
#976 = VECTOR ( 'NONE', #1378, 39.37007874015748143 ) ;
#977 = VERTEX_POINT ( 'NONE', #58 ) ;
#978 = CARTESIAN_POINT ( 'NONE',  ( -5.344999999999997975, -10.96999999999999886, -0.1199999999999998151 ) ) ;
#979 = EDGE_CURVE ( 'NONE', #1298, #862, #294, .T. ) ;
#980 = ORIENTED_EDGE ( 'NONE', *, *, #1785, .T. ) ;
#981 = DIRECTION ( 'NONE',  ( 1.000000000000000000, 1.776811703196256546E-14, 0.000000000000000000 ) ) ;
#982 = EDGE_LOOP ( 'NONE', ( #651, #454, #578, #1659 ) ) ;
#983 = DIRECTION ( 'NONE',  ( 1.751623080406021728E-46, -3.167359992654217435E-15, 1.000000000000000000 ) ) ;
#984 = AXIS2_PLACEMENT_3D ( 'NONE', #739, #1147, #1449 ) ;
#985 = VERTEX_POINT ( 'NONE', #910 ) ;
#986 = DIRECTION ( 'NONE',  ( -1.992231900575583272E-16, 1.000000000000000000, -9.961159502877900339E-17 ) ) ;
#987 = DIRECTION ( 'NONE',  ( 3.167359992654217830E-15, 3.167359992654217830E-15, 1.000000000000000000 ) ) ;
#988 = EDGE_CURVE ( 'NONE', #903, #135, #367, .T. ) ;
#989 = ADVANCED_FACE ( 'NONE', ( #1452 ), #1180, .T. ) ;
#990 = LINE ( 'NONE', #296, #486 ) ;
#991 = DIRECTION ( 'NONE',  ( -1.000000000000000000, 0.000000000000000000, 0.000000000000000000 ) ) ;
#992 = ORIENTED_EDGE ( 'NONE', *, *, #949, .T. ) ;
#993 = CIRCLE ( 'NONE', #1774, 0.1199999999999988021 ) ;
#994 = VECTOR ( 'NONE', #556, 39.37007874015748143 ) ;
#995 = VERTEX_POINT ( 'NONE', #929 ) ;
#996 = CARTESIAN_POINT ( 'NONE',  ( -5.278999999999999915, 10.96999999999999531, -0.06000000000000337008 ) ) ;
#997 = VECTOR ( 'NONE', #1721, 39.37007874015748143 ) ;
#998 = DIRECTION ( 'NONE',  ( 0.000000000000000000, -3.167359992654216647E-15, 1.000000000000000000 ) ) ;
#999 = CARTESIAN_POINT ( 'NONE',  ( -5.404999999999997584, -10.96999999999999531, -0.05999999999999978961 ) ) ;
#1000 = EDGE_CURVE ( 'NONE', #480, #1600, #1316, .T. ) ;
#1001 = CARTESIAN_POINT ( 'NONE',  ( 5.282000000000000028, -11.09999999999999609, -0.05999999999999999778 ) ) ;
#1002 = ORIENTED_EDGE ( 'NONE', *, *, #949, .F. ) ;
#1003 = ORIENTED_EDGE ( 'NONE', *, *, #1136, .T. ) ;
#1004 = DIRECTION ( 'NONE',  ( -3.167359992654219408E-15, 0.000000000000000000, 1.000000000000000000 ) ) ;
#1005 = LINE ( 'NONE', #1369, #919 ) ;
#1006 = VECTOR ( 'NONE', #1283, 39.37007874015748143 ) ;
#1007 = CARTESIAN_POINT ( 'NONE',  ( 4.909000000000000696, -4.999999999999999112, -0.7500000000000003331 ) ) ;
#1008 = PLANE ( 'NONE',  #233 ) ;
#1009 = DIRECTION ( 'NONE',  ( -3.167359992654217830E-15, 1.266943997061687132E-14, 1.000000000000000000 ) ) ;
#1010 = EDGE_CURVE ( 'NONE', #1593, #135, #1778, .T. ) ;
#1011 = VERTEX_POINT ( 'NONE', #1200 ) ;
#1012 = ORIENTED_EDGE ( 'NONE', *, *, #856, .T. ) ;
#1013 = DIRECTION ( 'NONE',  ( 0.000000000000000000, 1.000000000000000000, -3.491481338843134539E-15 ) ) ;
#1014 = CARTESIAN_POINT ( 'NONE',  ( -5.405000000000002025, 10.97599999999999554, -0.06000000000000337008 ) ) ;
#1015 = AXIS2_PLACEMENT_3D ( 'NONE', #665, #1196, #1325 ) ;
#1016 = CARTESIAN_POINT ( 'NONE',  ( -5.344999999999999751, -1.064847950857647320E-15, 1.711958076029605029E-14 ) ) ;
#1017 = CARTESIAN_POINT ( 'NONE',  ( -5.285000000000000142, 10.96999999999999531, -0.1200000000000010919 ) ) ;
#1018 = DIRECTION ( 'NONE',  ( 0.000000000000000000, -1.000000000000000000, 3.130242492740249268E-15 ) ) ;
#1019 = CIRCLE ( 'NONE', #462, 0.1560000000000001941 ) ;
#1020 = ORIENTED_EDGE ( 'NONE', *, *, #283, .F. ) ;
#1021 = ORIENTED_EDGE ( 'NONE', *, *, #1541, .F. ) ;
#1022 = CARTESIAN_POINT ( 'NONE',  ( 5.282000000000000917, -11.16000000000000014, -0.1199999999999998151 ) ) ;
#1023 = LINE ( 'NONE', #1577, #947 ) ;
#1024 = EDGE_CURVE ( 'NONE', #135, #1350, #235, .T. ) ;
#1025 = CARTESIAN_POINT ( 'NONE',  ( 5.065000000000000391, -4.999999999999999112, 0.000000000000000000 ) ) ;
#1026 = CARTESIAN_POINT ( 'NONE',  ( -5.404999999999997584, -10.96999999999999531, -0.1199999999999996209 ) ) ;
#1027 = LINE ( 'NONE', #577, #1417 ) ;
#1028 = ORIENTED_EDGE ( 'NONE', *, *, #537, .T. ) ;
#1029 = SHAPE_DEFINITION_REPRESENTATION ( #942, #1769 ) ;
#1030 = VERTEX_POINT ( 'NONE', #348 ) ;
#1031 = LINE ( 'NONE', #334, #1545 ) ;
#1032 = DIRECTION ( 'NONE',  ( -1.000000000000000000, 0.000000000000000000, 0.000000000000000000 ) ) ;
#1033 = LINE ( 'NONE', #1135, #959 ) ;
#1034 = EDGE_CURVE ( 'NONE', #1631, #1124, #498, .T. ) ;
#1035 = CARTESIAN_POINT ( 'NONE',  ( 5.404999999999997584, 10.96999999999999886, -0.05999999999999999778 ) ) ;
#1036 = CARTESIAN_POINT ( 'NONE',  ( -5.281999999999990258, 11.10000000000000142, -0.1199999999999999956 ) ) ;
#1037 = ORIENTED_EDGE ( 'NONE', *, *, #1386, .F. ) ;
#1038 = VERTEX_POINT ( 'NONE', #1480 ) ;
#1039 = LINE ( 'NONE', #91, #1279 ) ;
#1040 = DIRECTION ( 'NONE',  ( 3.167359992654217830E-15, 3.167359992654218619E-15, -1.000000000000000000 ) ) ;
#1041 = DIRECTION ( 'NONE',  ( 2.068798177708642955E-16, 1.000000000000000000, -3.491481338843133750E-15 ) ) ;
#1042 = VECTOR ( 'NONE', #346, 39.37007874015748143 ) ;
#1043 = ADVANCED_FACE ( 'NONE', ( #790 ), #217, .F. ) ;
#1044 = DIRECTION ( 'NONE',  ( -0.000000000000000000, -1.000000000000000000, -0.000000000000000000 ) ) ;
#1045 = DIRECTION ( 'NONE',  ( 0.000000000000000000, -1.000000000000000000, 0.000000000000000000 ) ) ;
#1046 = ADVANCED_FACE ( 'NONE', ( #1345 ), #203, .F. ) ;
#1047 = ORIENTED_EDGE ( 'NONE', *, *, #1578, .F. ) ;
#1048 = ORIENTED_EDGE ( 'NONE', *, *, #970, .T. ) ;
#1049 = DIRECTION ( 'NONE',  ( -0.000000000000000000, -1.000000000000000000, -0.000000000000000000 ) ) ;
#1050 = FACE_OUTER_BOUND ( 'NONE', #1170, .T. ) ;
#1051 = CARTESIAN_POINT ( 'NONE',  ( -5.278999999999999915, 10.97599999999999554, -0.06000000000000337008 ) ) ;
#1052 = VECTOR ( 'NONE', #263, 39.37007874015748143 ) ;
#1053 = DIRECTION ( 'NONE',  ( 0.000000000000000000, 0.000000000000000000, -1.000000000000000000 ) ) ;
#1054 = CARTESIAN_POINT ( 'NONE',  ( 5.281999999999996476, 11.22000000000000597, 0.000000000000000000 ) ) ;
#1055 = ORIENTED_EDGE ( 'NONE', *, *, #705, .T. ) ;
#1056 = EDGE_CURVE ( 'NONE', #715, #1320, #78, .T. ) ;
#1057 = ORIENTED_EDGE ( 'NONE', *, *, #1079, .T. ) ;
#1058 = CARTESIAN_POINT ( 'NONE',  ( 5.278999999999997250, 10.97599999999999554, -0.06000000000000064310 ) ) ;
#1059 = DIRECTION ( 'NONE',  ( -1.000000000000000000, -1.992231900575589928E-16, 3.169856808907805887E-15 ) ) ;
#1060 = CARTESIAN_POINT ( 'NONE',  ( 0.000000000000000000, 0.000000000000000000, -0.05999999999999999778 ) ) ;
#1061 = FACE_OUTER_BOUND ( 'NONE', #187, .T. ) ;
#1062 = CARTESIAN_POINT ( 'NONE',  ( -5.065000000000000391, 5.000000000000000888, 0.000000000000000000 ) ) ;
#1063 = AXIS2_PLACEMENT_3D ( 'NONE', #130, #854, #151 ) ;
#1064 = EDGE_LOOP ( 'NONE', ( #1762, #390, #700, #625 ) ) ;
#1065 = EDGE_CURVE ( 'NONE', #902, #1610, #1607, .T. ) ;
#1066 = ORIENTED_EDGE ( 'NONE', *, *, #386, .T. ) ;
#1067 = CARTESIAN_POINT ( 'NONE',  ( 5.278999999999997250, 10.97599999999999554, -0.06000000000000064310 ) ) ;
#1068 = ORIENTED_EDGE ( 'NONE', *, *, #766, .F. ) ;
#1069 = CARTESIAN_POINT ( 'NONE',  ( 5.281999999999994699, 11.10000000000000142, -1.195183497228115133E-15 ) ) ;
#1070 = AXIS2_PLACEMENT_3D ( 'NONE', #214, #1614, #928 ) ;
#1071 = CARTESIAN_POINT ( 'NONE',  ( 5.065000000000000391, 5.000000000000002665, -0.7500000000000003331 ) ) ;
#1072 = EDGE_LOOP ( 'NONE', ( #1538, #22, #1047, #1531 ) ) ;
#1073 = CIRCLE ( 'NONE', #139, 0.1199999999999988021 ) ;
#1074 = ORIENTED_EDGE ( 'NONE', *, *, #431, .F. ) ;
#1075 = LINE ( 'NONE', #1630, #1052 ) ;
#1076 = ORIENTED_EDGE ( 'NONE', *, *, #936, .F. ) ;
#1077 = CARTESIAN_POINT ( 'NONE',  ( 5.344999999999997975, -10.96999999999999176, -0.1199999999999992600 ) ) ;
#1078 =( GEOMETRIC_REPRESENTATION_CONTEXT ( 3 ) GLOBAL_UNCERTAINTY_ASSIGNED_CONTEXT ( ( #485 ) ) GLOBAL_UNIT_ASSIGNED_CONTEXT ( ( #1665, #142, #1555 ) ) REPRESENTATION_CONTEXT ( 'NONE', 'WORKASPACE' ) );
#1079 = EDGE_CURVE ( 'NONE', #1446, #1228, #201, .T. ) ;
#1080 = AXIS2_PLACEMENT_3D ( 'NONE', #1441, #194, #752 ) ;
#1081 = FACE_BOUND ( 'NONE', #359, .T. ) ;
#1082 = AXIS2_PLACEMENT_3D ( 'NONE', #1675, #729, #1551 ) ;
#1083 = ORIENTED_EDGE ( 'NONE', *, *, #184, .T. ) ;
#1084 = ORIENTED_EDGE ( 'NONE', *, *, #607, .T. ) ;
#1085 = CARTESIAN_POINT ( 'NONE',  ( -5.278999999999999915, 0.000000000000000000, 0.000000000000000000 ) ) ;
#1086 = ORIENTED_EDGE ( 'NONE', *, *, #1376, .T. ) ;
#1087 = LINE ( 'NONE', #1051, #1271 ) ;
#1088 = ADVANCED_FACE ( 'NONE', ( #1729 ), #1587, .T. ) ;
#1089 = EDGE_CURVE ( 'NONE', #383, #893, #320, .T. ) ;
#1090 = DIRECTION ( 'NONE',  ( 0.000000000000000000, 0.000000000000000000, 1.000000000000000000 ) ) ;
#1091 = ORIENTED_EDGE ( 'NONE', *, *, #1598, .T. ) ;
#1092 = CYLINDRICAL_SURFACE ( 'NONE', #1063, 0.1199999999999976225 ) ;
#1093 = ORIENTED_EDGE ( 'NONE', *, *, #988, .T. ) ;
#1094 = DIRECTION ( 'NONE',  ( -0.000000000000000000, 1.000000000000000000, -0.000000000000000000 ) ) ;
#1095 = VERTEX_POINT ( 'NONE', #457 ) ;
#1096 = DIRECTION ( 'NONE',  ( 0.000000000000000000, 0.000000000000000000, -1.000000000000000000 ) ) ;
#1097 = ORIENTED_EDGE ( 'NONE', *, *, #788, .T. ) ;
#1098 = ADVANCED_FACE ( 'NONE', ( #1177 ), #592, .T. ) ;
#1099 = CIRCLE ( 'NONE', #808, 0.1199999999999977335 ) ;
#1100 = CARTESIAN_POINT ( 'NONE',  ( 5.281999999999996476, 11.10000000000000142, -0.1199999999999999956 ) ) ;
#1101 = VECTOR ( 'NONE', #1009, 39.37007874015748143 ) ;
#1102 = ORIENTED_EDGE ( 'NONE', *, *, #1478, .T. ) ;
#1103 = PLANE ( 'NONE',  #411 ) ;
#1104 = DIRECTION ( 'NONE',  ( 0.000000000000000000, -1.000000000000000000, 0.000000000000000000 ) ) ;
#1105 = CARTESIAN_POINT ( 'NONE',  ( 5.278999999999997250, 10.97599999999999554, -0.06000000000000064310 ) ) ;
#1106 = VECTOR ( 'NONE', #1411, 39.37007874015748143 ) ;
#1107 = LINE ( 'NONE', #824, #55 ) ;
#1108 = EDGE_CURVE ( 'NONE', #120, #1616, #25, .T. ) ;
#1109 = VERTEX_POINT ( 'NONE', #622 ) ;
#1110 = CARTESIAN_POINT ( 'NONE',  ( -5.285000000000000142, 10.96999999999999531, -0.06000000000000337008 ) ) ;
#1111 = ORIENTED_EDGE ( 'NONE', *, *, #1256, .F. ) ;
#1112 = ORIENTED_EDGE ( 'NONE', *, *, #575, .T. ) ;
#1113 = CARTESIAN_POINT ( 'NONE',  ( -5.278999999999999915, -10.97599999999999554, -0.06000000000000337008 ) ) ;
#1114 = VERTEX_POINT ( 'NONE', #601 ) ;
#1115 = DIRECTION ( 'NONE',  ( -1.000000000000000000, 0.000000000000000000, 3.491481338843134539E-15 ) ) ;
#1116 = PRODUCT_RELATED_PRODUCT_CATEGORY ( 'part', '', ( #1212 ) ) ;
#1117 = VERTEX_POINT ( 'NONE', #1694 ) ;
#1118 = LINE ( 'NONE', #738, #1146 ) ;
#1119 = EDGE_CURVE ( 'NONE', #306, #1610, #1422, .T. ) ;
#1120 = ORIENTED_EDGE ( 'NONE', *, *, #1010, .F. ) ;
#1121 = CARTESIAN_POINT ( 'NONE',  ( 5.281999999999994699, -11.09999999999999609, -0.05999999999999942185 ) ) ;
#1122 = VERTEX_POINT ( 'NONE', #1167 ) ;
#1123 = VECTOR ( 'NONE', #1460, 39.37007874015748143 ) ;
#1124 = VERTEX_POINT ( 'NONE', #484 ) ;
#1125 = CARTESIAN_POINT ( 'NONE',  ( 5.284999999999999254, 10.96999999999999531, -0.1199999999999994543 ) ) ;
#1126 = CARTESIAN_POINT ( 'NONE',  ( 5.065000000000000391, 5.000000000000002665, 0.000000000000000000 ) ) ;
#1127 = EDGE_CURVE ( 'NONE', #218, #1631, #1033, .T. ) ;
#1128 = DIRECTION ( 'NONE',  ( 0.000000000000000000, 1.000000000000000000, 0.000000000000000000 ) ) ;
#1129 = CARTESIAN_POINT ( 'NONE',  ( -5.281999999999999140, -11.22000000000000064, -0.7499999999999986677 ) ) ;
#1130 = EDGE_LOOP ( 'NONE', ( #1583, #343, #1309, #727 ) ) ;
#1131 = AXIS2_PLACEMENT_3D ( 'NONE', #335, #1603, #886 ) ;
#1132 = ORIENTED_EDGE ( 'NONE', *, *, #1588, .F. ) ;
#1133 = CARTESIAN_POINT ( 'NONE',  ( -5.281999999999998252, -11.09999999999999609, -0.05999999999999641731 ) ) ;
#1134 = DIRECTION ( 'NONE',  ( 1.000000000000000000, 0.000000000000000000, 0.000000000000000000 ) ) ;
#1135 = CARTESIAN_POINT ( 'NONE',  ( -5.281999999999996476, -11.21999999999999886, -0.7499999999999986677 ) ) ;
#1136 = EDGE_CURVE ( 'NONE', #1030, #902, #336, .T. ) ;
#1137 = LINE ( 'NONE', #898, #216 ) ;
#1138 = CARTESIAN_POINT ( 'NONE',  ( 5.065000000000000391, -4.999999999999999112, -0.06000000000000004635 ) ) ;
#1139 = AXIS2_PLACEMENT_3D ( 'NONE', #1035, #890, #1581 ) ;
#1140 = ORIENTED_EDGE ( 'NONE', *, *, #741, .T. ) ;
#1141 = APPLICATION_PROTOCOL_DEFINITION ( 'draft international standard', 'automotive_design', 1998, #504 ) ;
#1142 = DIRECTION ( 'NONE',  ( -1.000000000000000000, 0.000000000000000000, 2.845674993400227101E-16 ) ) ;
#1143 = EDGE_LOOP ( 'NONE', ( #452, #1498, #1288, #1091 ) ) ;
#1144 = CARTESIAN_POINT ( 'NONE',  ( 5.278999999999997250, -10.96999999999999176, -0.05999999999999999778 ) ) ;
#1145 = DIRECTION ( 'NONE',  ( 1.000000000000000000, 0.000000000000000000, 0.000000000000000000 ) ) ;
#1146 = VECTOR ( 'NONE', #748, 39.37007874015748143 ) ;
#1147 = DIRECTION ( 'NONE',  ( -0.000000000000000000, 1.000000000000000000, 0.000000000000000000 ) ) ;
#1148 = DIRECTION ( 'NONE',  ( 1.000000000000000000, 0.000000000000000000, -2.845674993400227101E-16 ) ) ;
#1149 = DIRECTION ( 'NONE',  ( -1.000000000000000000, 0.000000000000000000, 0.000000000000000000 ) ) ;
#1150 = AXIS2_PLACEMENT_3D ( 'NONE', #250, #909, #506 ) ;
#1151 = ORIENTED_EDGE ( 'NONE', *, *, #137, .T. ) ;
#1152 = EDGE_CURVE ( 'NONE', #236, #434, #449, .T. ) ;
#1153 = VERTEX_POINT ( 'NONE', #1596 ) ;
#1154 = PLANE ( 'NONE',  #237 ) ;
#1155 = DIRECTION ( 'NONE',  ( 1.000000000000000000, 0.000000000000000000, -2.845674993400227101E-16 ) ) ;
#1156 = DIRECTION ( 'NONE',  ( 0.000000000000000000, 0.000000000000000000, 1.000000000000000000 ) ) ;
#1157 = VECTOR ( 'NONE', #709, 39.37007874015748143 ) ;
#1158 = DIRECTION ( 'NONE',  ( 0.000000000000000000, 0.000000000000000000, 1.000000000000000000 ) ) ;
#1159 = DIRECTION ( 'NONE',  ( 1.000000000000000000, 1.776811703196256862E-14, 0.000000000000000000 ) ) ;
#1160 = ORIENTED_EDGE ( 'NONE', *, *, #979, .F. ) ;
#1161 = ADVANCED_FACE ( 'NONE', ( #466 ), #476, .T. ) ;
#1162 = EDGE_LOOP ( 'NONE', ( #1549, #1771, #755, #1390 ) ) ;
#1163 = CARTESIAN_POINT ( 'NONE',  ( -5.281999999999999140, -11.21999999999999709, -0.05999999999999999778 ) ) ;
#1164 = CARTESIAN_POINT ( 'NONE',  ( 5.404999999999997584, 10.96999999999999886, -0.05999999999999978961 ) ) ;
#1165 = CIRCLE ( 'NONE', #1082, 0.1200000000000010086 ) ;
#1166 = AXIS2_PLACEMENT_3D ( 'NONE', #1539, #117, #1004 ) ;
#1167 = CARTESIAN_POINT ( 'NONE',  ( 5.221000000000000973, -4.999999999999999112, 0.000000000000000000 ) ) ;
#1168 = DIRECTION ( 'NONE',  ( 0.000000000000000000, -0.000000000000000000, -1.000000000000000000 ) ) ;
#1169 = FACE_OUTER_BOUND ( 'NONE', #1494, .T. ) ;
#1170 = EDGE_LOOP ( 'NONE', ( #975, #1483, #196, #1270 ) ) ;
#1171 = VECTOR ( 'NONE', #144, 39.37007874015748143 ) ;
#1172 = ORIENTED_EDGE ( 'NONE', *, *, #36, .F. ) ;
#1173 = CARTESIAN_POINT ( 'NONE',  ( 5.344999999999999751, -10.96999999999999176, 1.561033372379629945E-13 ) ) ;
#1174 = CARTESIAN_POINT ( 'NONE',  ( 5.405000000000002025, -10.96999999999999531, -0.7500000000000001110 ) ) ;
#1175 = EDGE_CURVE ( 'NONE', #1616, #1122, #1592, .T. ) ;
#1176 = ADVANCED_FACE ( 'NONE', ( #896 ), #731, .F. ) ;
#1177 = FACE_OUTER_BOUND ( 'NONE', #162, .T. ) ;
#1178 = EDGE_CURVE ( 'NONE', #985, #977, #1099, .T. ) ;
#1179 = DIRECTION ( 'NONE',  ( -1.000000000000000000, -9.961159502877900339E-17, -3.167359992654216252E-15 ) ) ;
#1180 = PLANE ( 'NONE',  #759 ) ;
#1181 = ORIENTED_EDGE ( 'NONE', *, *, #798, .F. ) ;
#1182 = ORIENTED_EDGE ( 'NONE', *, *, #1256, .T. ) ;
#1183 = CYLINDRICAL_SURFACE ( 'NONE', #1253, 0.05999999999999881123 ) ;
#1184 = DIRECTION ( 'NONE',  ( 0.000000000000000000, 0.000000000000000000, 1.000000000000000000 ) ) ;
#1185 = AXIS2_PLACEMENT_3D ( 'NONE', #259, #414, #1525 ) ;
#1186 = CARTESIAN_POINT ( 'NONE',  ( -5.281999999999999140, 11.22000000000000242, -0.7500000000000001110 ) ) ;
#1187 = VECTOR ( 'NONE', #1214, 39.37007874015748143 ) ;
#1188 = ADVANCED_FACE ( 'NONE', ( #1430 ), #183, .F. ) ;
#1189 = AXIS2_PLACEMENT_3D ( 'NONE', #1138, #1724, #1149 ) ;
#1190 = FACE_BOUND ( 'NONE', #825, .T. ) ;
#1191 = CARTESIAN_POINT ( 'NONE',  ( -5.285000000000000142, 10.97000000000000064, -0.06000000000000337008 ) ) ;
#1192 = EDGE_LOOP ( 'NONE', ( #1193, #122, #1641, #930 ) ) ;
#1193 = ORIENTED_EDGE ( 'NONE', *, *, #779, .F. ) ;
#1194 = FACE_OUTER_BOUND ( 'NONE', #1657, .T. ) ;
#1195 = DIRECTION ( 'NONE',  ( 0.000000000000000000, 0.000000000000000000, -1.000000000000000000 ) ) ;
#1196 = DIRECTION ( 'NONE',  ( -9.961159502874585890E-17, 1.000000000000000000, -9.502079977962653095E-15 ) ) ;
#1197 = CIRCLE ( 'NONE', #467, 0.1560000000000001941 ) ;
#1198 = DIRECTION ( 'NONE',  ( 0.000000000000000000, 1.000000000000000000, 0.000000000000000000 ) ) ;
#1199 = EDGE_CURVE ( 'NONE', #1038, #764, #17, .T. ) ;
#1200 = CARTESIAN_POINT ( 'NONE',  ( -5.281999999999998252, -11.21999999999999886, -0.1199999999999974559 ) ) ;
#1201 = ORIENTED_EDGE ( 'NONE', *, *, #1421, .T. ) ;
#1202 = EDGE_LOOP ( 'NONE', ( #784, #1112, #1012, #1427 ) ) ;
#1203 = CARTESIAN_POINT ( 'NONE',  ( 5.281999999999999140, -10.97599999999999199, -0.05999999999999999778 ) ) ;
#1204 = ORIENTED_EDGE ( 'NONE', *, *, #1363, .F. ) ;
#1205 = CARTESIAN_POINT ( 'NONE',  ( -5.278999999999999915, -10.96999999999999531, 0.000000000000000000 ) ) ;
#1206 = FACE_OUTER_BOUND ( 'NONE', #834, .T. ) ;
#1207 = AXIS2_PLACEMENT_3D ( 'NONE', #1254, #275, #568 ) ;
#1208 = EDGE_LOOP ( 'NONE', ( #1502, #1182, #857, #674 ) ) ;
#1209 = EDGE_CURVE ( 'NONE', #1117, #1510, #611, .T. ) ;
#1210 = ORIENTED_EDGE ( 'NONE', *, *, #663, .F. ) ;
#1211 = CARTESIAN_POINT ( 'NONE',  ( 5.284999999999996589, 10.96999999999999886, 0.000000000000000000 ) ) ;
#1212 = PRODUCT ( '12-D-6089-01-(16gacr ANSI-61) - K48 - V0-R0', '12-D-6089-01-(16gacr ANSI-61) - K48 - V0-R0', '', ( #197 ) ) ;
#1213 = ORIENTED_EDGE ( 'NONE', *, *, #1654, .F. ) ;
#1214 = DIRECTION ( 'NONE',  ( 0.000000000000000000, 0.000000000000000000, 1.000000000000000000 ) ) ;
#1215 = VECTOR ( 'NONE', #191, 39.37007874015748143 ) ;
#1216 = DIRECTION ( 'NONE',  ( 0.000000000000000000, 1.000000000000000000, 0.000000000000000000 ) ) ;
#1217 = ORIENTED_EDGE ( 'NONE', *, *, #487, .F. ) ;
#1218 = EDGE_LOOP ( 'NONE', ( #726, #569, #372, #251 ) ) ;
#1219 = DIRECTION ( 'NONE',  ( -0.000000000000000000, -0.000000000000000000, 1.000000000000000000 ) ) ;
#1220 = CARTESIAN_POINT ( 'NONE',  ( -5.278999999999999915, 10.96999999999999531, -0.05999999999999999778 ) ) ;
#1221 = EDGE_CURVE ( 'NONE', #40, #1114, #1486, .T. ) ;
#1222 = ORIENTED_EDGE ( 'NONE', *, *, #1065, .T. ) ;
#1223 = DIRECTION ( 'NONE',  ( -1.992231900575690508E-16, 1.000000000000000000, -3.167359992654216647E-15 ) ) ;
#1224 = CIRCLE ( 'NONE', #1080, 0.05999999999999883205 ) ;
#1225 = LINE ( 'NONE', #955, #219 ) ;
#1226 = AXIS2_PLACEMENT_3D ( 'NONE', #1772, #932, #1456 ) ;
#1227 = VECTOR ( 'NONE', #1276, 39.37007874015748143 ) ;
#1228 = VERTEX_POINT ( 'NONE', #1077 ) ;
#1229 = CARTESIAN_POINT ( 'NONE',  ( 5.278999999999997250, -10.97599999999999199, -0.06000000000000064310 ) ) ;
#1230 = ORIENTED_EDGE ( 'NONE', *, *, #184, .F. ) ;
#1231 = DIRECTION ( 'NONE',  ( 1.000000000000000000, 0.000000000000000000, 0.000000000000000000 ) ) ;
#1232 = EDGE_LOOP ( 'NONE', ( #369, #1055, #527, #1382 ) ) ;
#1233 = VECTOR ( 'NONE', #1571, 39.37007874015748143 ) ;
#1234 = EDGE_CURVE ( 'NONE', #342, #508, #917, .T. ) ;
#1235 = LINE ( 'NONE', #1540, #127 ) ;
#1236 = DIRECTION ( 'NONE',  ( 1.000000000000000000, 0.000000000000000000, 0.000000000000000000 ) ) ;
#1237 = VECTOR ( 'NONE', #1274, 39.37007874015748143 ) ;
#1238 = DIRECTION ( 'NONE',  ( 0.000000000000000000, 0.000000000000000000, 1.000000000000000000 ) ) ;
#1239 = ORIENTED_EDGE ( 'NONE', *, *, #37, .T. ) ;
#1240 = DIRECTION ( 'NONE',  ( 1.751623080406021728E-46, -3.167359992654217435E-15, 1.000000000000000000 ) ) ;
#1241 = ORIENTED_EDGE ( 'NONE', *, *, #754, .T. ) ;
#1242 = CARTESIAN_POINT ( 'NONE',  ( 5.281999999999996476, 11.22000000000000597, -0.05999999999999999778 ) ) ;
#1243 = AXIS2_PLACEMENT_3D ( 'NONE', #1507, #702, #284 ) ;
#1244 = ADVANCED_FACE ( 'NONE', ( #355 ), #1767, .T. ) ;
#1245 = FACE_OUTER_BOUND ( 'NONE', #1701, .T. ) ;
#1246 = DIRECTION ( 'NONE',  ( -1.000000000000000000, 0.000000000000000000, 0.000000000000000000 ) ) ;
#1247 = ORIENTED_EDGE ( 'NONE', *, *, #1742, .T. ) ;
#1248 = ORIENTED_EDGE ( 'NONE', *, *, #1079, .F. ) ;
#1249 = CARTESIAN_POINT ( 'NONE',  ( 5.278999999999997250, -10.97599999999999199, -0.06000000000000064310 ) ) ;
#1250 = VECTOR ( 'NONE', #631, 39.37007874015748143 ) ;
#1251 = LINE ( 'NONE', #966, #1268 ) ;
#1252 = ADVANCED_FACE ( 'NONE', ( #224 ), #93, .T. ) ;
#1253 = AXIS2_PLACEMENT_3D ( 'NONE', #768, #1049, #1475 ) ;
#1254 = CARTESIAN_POINT ( 'NONE',  ( 5.405000000000002025, -10.97000000000000064, -0.7500000000000001110 ) ) ;
#1255 = ORIENTED_EDGE ( 'NONE', *, *, #1677, .T. ) ;
#1256 = EDGE_CURVE ( 'NONE', #1320, #80, #633, .T. ) ;
#1257 = ORIENTED_EDGE ( 'NONE', *, *, #594, .T. ) ;
#1258 = PLANE ( 'NONE',  #166 ) ;
#1259 = CIRCLE ( 'NONE', #285, 0.06000000000000099698 ) ;
#1260 = FACE_OUTER_BOUND ( 'NONE', #1463, .T. ) ;
#1261 = ORIENTED_EDGE ( 'NONE', *, *, #970, .F. ) ;
#1262 = CARTESIAN_POINT ( 'NONE',  ( -5.281999999999994699, -10.97599999999999554, -0.05999999999999999778 ) ) ;
#1263 = EDGE_CURVE ( 'NONE', #471, #1117, #1087, .T. ) ;
#1264 = ORIENTED_EDGE ( 'NONE', *, *, #1310, .T. ) ;
#1265 = LENGTH_MEASURE_WITH_UNIT ( LENGTH_MEASURE( 0.02539999999999999897 ), #566 );
#1266 = CARTESIAN_POINT ( 'NONE',  ( 5.065000000000000391, -4.999999999999999112, 0.000000000000000000 ) ) ;
#1267 = DIRECTION ( 'NONE',  ( 1.000000000000000000, -1.748382715945122149E-14, 0.000000000000000000 ) ) ;
#1268 = VECTOR ( 'NONE', #1128, 39.37007874015748143 ) ;
#1269 = FACE_OUTER_BOUND ( 'NONE', #1162, .T. ) ;
#1270 = ORIENTED_EDGE ( 'NONE', *, *, #1431, .T. ) ;
#1271 = VECTOR ( 'NONE', #935, 39.37007874015748143 ) ;
#1272 = EDGE_LOOP ( 'NONE', ( #848, #818, #1794, #1048 ) ) ;
#1273 = CARTESIAN_POINT ( 'NONE',  ( 5.284999999999994813, -10.96999999999999176, -6.317398485348608816E-16 ) ) ;
#1274 = DIRECTION ( 'NONE',  ( 1.000000000000000000, 1.776811703196256546E-14, 0.000000000000000000 ) ) ;
#1275 = EDGE_CURVE ( 'NONE', #238, #1680, #1632, .T. ) ;
#1276 = DIRECTION ( 'NONE',  ( -3.642463991552423218E-14, 0.000000000000000000, 1.000000000000000000 ) ) ;
#1277 = CARTESIAN_POINT ( 'NONE',  ( 5.278999999999997250, -10.97599999999999199, 0.000000000000000000 ) ) ;
#1278 = CARTESIAN_POINT ( 'NONE',  ( 5.405000000000002025, -10.97000000000000064, -0.7500000000000001110 ) ) ;
#1279 = VECTOR ( 'NONE', #647, 39.37007874015748143 ) ;
#1280 = VERTEX_POINT ( 'NONE', #373 ) ;
#1281 = ORIENTED_EDGE ( 'NONE', *, *, #1598, .F. ) ;
#1282 = DIRECTION ( 'NONE',  ( -1.000000000000000000, -9.961159502877900339E-17, -3.167359992654216252E-15 ) ) ;
#1283 = DIRECTION ( 'NONE',  ( 8.741913579725381975E-15, -1.000000000000000000, -0.000000000000000000 ) ) ;
#1284 = DIRECTION ( 'NONE',  ( 2.068798177708638518E-16, 1.000000000000000000, -3.167359992654216647E-15 ) ) ;
#1285 = EDGE_CURVE ( 'NONE', #1446, #1280, #1748, .T. ) ;
#1286 = CARTESIAN_POINT ( 'NONE',  ( -5.281999999999998252, -11.09999999999999609, -0.1199999999999974004 ) ) ;
#1287 = DIRECTION ( 'NONE',  ( 0.000000000000000000, 1.000000000000000000, 3.491481338843134539E-15 ) ) ;
#1288 = ORIENTED_EDGE ( 'NONE', *, *, #497, .T. ) ;
#1289 = ORIENTED_EDGE ( 'NONE', *, *, #461, .T. ) ;
#1290 = FACE_OUTER_BOUND ( 'NONE', #271, .T. ) ;
#1291 = CARTESIAN_POINT ( 'NONE',  ( -5.345000000000002416, 10.96999999999999353, -0.1200000000000019940 ) ) ;
#1292 = VECTOR ( 'NONE', #1646, 39.37007874015748143 ) ;
#1293 = CARTESIAN_POINT ( 'NONE',  ( 5.281999999999994699, 11.10000000000000142, -0.1199999999999999956 ) ) ;
#1294 = CARTESIAN_POINT ( 'NONE',  ( -5.281999999999994699, -10.97599999999999554, -0.06000000000000337008 ) ) ;
#1295 = ADVANCED_FACE ( 'NONE', ( #534, #241, #927, #524, #787 ), #778, .T. ) ;
#1296 = FACE_OUTER_BOUND ( 'NONE', #968, .T. ) ;
#1297 = AXIS2_PLACEMENT_3D ( 'NONE', #242, #797, #1326 ) ;
#1298 = VERTEX_POINT ( 'NONE', #804 ) ;
#1299 = AXIS2_PLACEMENT_3D ( 'NONE', #1060, #84, #384 ) ;
#1300 = ORIENTED_EDGE ( 'NONE', *, *, #663, .T. ) ;
#1301 = CARTESIAN_POINT ( 'NONE',  ( 5.344999999999997975, 10.96999999999999531, -0.1199999999999992600 ) ) ;
#1302 = DIRECTION ( 'NONE',  ( 1.000000000000000000, 4.137596355417287883E-16, 1.310525716190061228E-30 ) ) ;
#1303 = CIRCLE ( 'NONE', #1243, 0.1560000000000001941 ) ;
#1304 = DIRECTION ( 'NONE',  ( 0.000000000000000000, 0.000000000000000000, 1.000000000000000000 ) ) ;
#1305 = VECTOR ( 'NONE', #1530, 39.37007874015748143 ) ;
#1306 = DIRECTION ( 'NONE',  ( 1.000000000000000000, 0.000000000000000000, 0.000000000000000000 ) ) ;
#1307 = CARTESIAN_POINT ( 'NONE',  ( -5.344999999999997975, 10.96999999999999531, -0.1200000000000009115 ) ) ;
#1308 = EDGE_CURVE ( 'NONE', #135, #1519, #1642, .T. ) ;
#1309 = ORIENTED_EDGE ( 'NONE', *, *, #440, .T. ) ;
#1310 = EDGE_CURVE ( 'NONE', #1708, #985, #639, .T. ) ;
#1311 = AXIS2_PLACEMENT_3D ( 'NONE', #1062, #507, #1615 ) ;
#1312 = ORIENTED_EDGE ( 'NONE', *, *, #676, .F. ) ;
#1313 = DIRECTION ( 'NONE',  ( -1.000000000000000000, 2.068798177708645914E-16, 2.068798177708643941E-16 ) ) ;
#1314 = CARTESIAN_POINT ( 'NONE',  ( 5.278999999999997250, 10.96999999999999531, -0.06000000000000064310 ) ) ;
#1315 = VECTOR ( 'NONE', #1672, 39.37007874015748143 ) ;
#1316 = CIRCLE ( 'NONE', #1459, 0.1560000000000001941 ) ;
#1317 = CARTESIAN_POINT ( 'NONE',  ( -5.281999999999996476, -11.09999999999999609, -0.05999999999999641731 ) ) ;
#1318 = DIRECTION ( 'NONE',  ( 1.000000000000000000, -0.000000000000000000, -2.845674993400227101E-16 ) ) ;
#1319 = CARTESIAN_POINT ( 'NONE',  ( -2.321191555389092500E-15, -11.21999999999999886, 3.574726799791089313E-14 ) ) ;
#1320 = VERTEX_POINT ( 'NONE', #649 ) ;
#1321 = ORIENTED_EDGE ( 'NONE', *, *, #273, .F. ) ;
#1322 = CARTESIAN_POINT ( 'NONE',  ( 5.065000000000000391, 5.000000000000002665, 0.000000000000000000 ) ) ;
#1323 = CARTESIAN_POINT ( 'NONE',  ( -5.285000000000000142, 10.96999999999999531, -0.1200000000000010919 ) ) ;
#1324 = EDGE_CURVE ( 'NONE', #1350, #873, #249, .T. ) ;
#1325 = DIRECTION ( 'NONE',  ( 0.000000000000000000, 9.502079977962653095E-15, 1.000000000000000000 ) ) ;
#1326 = DIRECTION ( 'NONE',  ( 0.000000000000000000, -1.000000000000000000, 3.130242492740249268E-15 ) ) ;
#1327 = DIRECTION ( 'NONE',  ( 0.000000000000000000, 3.167359992654216647E-15, 1.000000000000000000 ) ) ;
#1328 = EDGE_LOOP ( 'NONE', ( #810, #1241, #1443, #152 ) ) ;
#1329 = VERTEX_POINT ( 'NONE', #1205 ) ;
#1330 = CARTESIAN_POINT ( 'NONE',  ( 5.282000000000000917, -11.15999999999999837, 3.553777911758031270E-14 ) ) ;
#1331 = PLANE ( 'NONE',  #118 ) ;
#1332 = DIRECTION ( 'NONE',  ( 1.000000000000000000, 9.961159502877597120E-17, 3.169856808907805887E-15 ) ) ;
#1333 = ADVANCED_FACE ( 'NONE', ( #1351 ), #393, .T. ) ;
#1334 = AXIS2_PLACEMENT_3D ( 'NONE', #1524, #280, #413 ) ;
#1335 = AXIS2_PLACEMENT_3D ( 'NONE', #1414, #595, #339 ) ;
#1336 = LINE ( 'NONE', #1740, #143 ) ;
#1337 = DIRECTION ( 'NONE',  ( 0.000000000000000000, -0.000000000000000000, -1.000000000000000000 ) ) ;
#1338 = ORIENTED_EDGE ( 'NONE', *, *, #553, .F. ) ;
#1339 = ORIENTED_EDGE ( 'NONE', *, *, #1588, .T. ) ;
#1340 = CARTESIAN_POINT ( 'NONE',  ( -5.065000000000000391, -4.999999999999999112, -0.7500000000000003331 ) ) ;
#1341 = ORIENTED_EDGE ( 'NONE', *, *, #1785, .F. ) ;
#1342 = CARTESIAN_POINT ( 'NONE',  ( -5.405000000000003801, 10.96999999999999531, -0.7500000000000001110 ) ) ;
#1343 = AXIS2_PLACEMENT_3D ( 'NONE', #1611, #661, #637 ) ;
#1344 = CARTESIAN_POINT ( 'NONE',  ( -5.405000000000000249, -10.97000000000000064, -0.7499999999999998890 ) ) ;
#1345 = FACE_OUTER_BOUND ( 'NONE', #145, .T. ) ;
#1346 = ADVANCED_FACE ( 'NONE', ( #1503 ), #75, .F. ) ;
#1347 = ORIENTED_EDGE ( 'NONE', *, *, #1742, .F. ) ;
#1348 = ORIENTED_EDGE ( 'NONE', *, *, #1127, .T. ) ;
#1349 = CARTESIAN_POINT ( 'NONE',  ( -5.282000000000000028, 11.16000000000000014, -0.1199999999999998151 ) ) ;
#1350 = VERTEX_POINT ( 'NONE', #515 ) ;
#1351 = FACE_OUTER_BOUND ( 'NONE', #636, .T. ) ;
#1352 = FACE_OUTER_BOUND ( 'NONE', #1064, .T. ) ;
#1353 = ORIENTED_EDGE ( 'NONE', *, *, #441, .F. ) ;
#1354 = EDGE_CURVE ( 'NONE', #1510, #1519, #813, .T. ) ;
#1355 = ADVANCED_FACE ( 'NONE', ( #404 ), #837, .T. ) ;
#1356 = VERTEX_POINT ( 'NONE', #1650 ) ;
#1357 = FACE_OUTER_BOUND ( 'NONE', #409, .T. ) ;
#1358 = ORIENTED_EDGE ( 'NONE', *, *, #1499, .T. ) ;
#1359 = DIRECTION ( 'NONE',  ( 0.000000000000000000, -6.334719985308433293E-15, -1.000000000000000000 ) ) ;
#1360 = VECTOR ( 'NONE', #1104, 39.37007874015748143 ) ;
#1361 = DIRECTION ( 'NONE',  ( -3.167359992654216252E-15, 0.000000000000000000, 1.000000000000000000 ) ) ;
#1362 = ORIENTED_EDGE ( 'NONE', *, *, #329, .T. ) ;
#1363 = EDGE_CURVE ( 'NONE', #1528, #962, #701, .T. ) ;
#1364 = ORIENTED_EDGE ( 'NONE', *, *, #693, .F. ) ;
#1365 = CARTESIAN_POINT ( 'NONE',  ( 5.281999999999996476, 11.16000000000000369, 3.553777911758033794E-14 ) ) ;
#1366 = ADVANCED_FACE ( 'NONE', ( #146 ), #1258, .T. ) ;
#1367 = ORIENTED_EDGE ( 'NONE', *, *, #266, .T. ) ;
#1368 = DIRECTION ( 'NONE',  ( 0.000000000000000000, 1.000000000000000000, 0.000000000000000000 ) ) ;
#1369 = CARTESIAN_POINT ( 'NONE',  ( -2.405753680902938300E-15, -11.16000000000000014, -0.7499999999999996669 ) ) ;
#1370 = VECTOR ( 'NONE', #1059, 39.37007874015748143 ) ;
#1371 = CARTESIAN_POINT ( 'NONE',  ( -5.278999999999999915, -10.97599999999999554, -0.06000000000000337008 ) ) ;
#1372 = CARTESIAN_POINT ( 'NONE',  ( 0.000000000000000000, -10.97599999999999199, -0.000000000000000000 ) ) ;
#1373 = EDGE_LOOP ( 'NONE', ( #248, #1362, #836, #1608 ) ) ;
#1374 = DIRECTION ( 'NONE',  ( 3.491481338843134539E-15, 3.477920251753814245E-31, -1.000000000000000000 ) ) ;
#1375 = DIRECTION ( 'NONE',  ( -0.000000000000000000, 1.000000000000000000, -0.000000000000000000 ) ) ;
#1376 = EDGE_CURVE ( 'NONE', #903, #560, #292, .T. ) ;
#1377 = ORIENTED_EDGE ( 'NONE', *, *, #1386, .T. ) ;
#1378 = DIRECTION ( 'NONE',  ( 1.000000000000000000, -2.068798177708645914E-16, -2.068798177708643941E-16 ) ) ;
#1379 = ORIENTED_EDGE ( 'NONE', *, *, #1308, .T. ) ;
#1380 = LINE ( 'NONE', #1365, #1627 ) ;
#1381 = CARTESIAN_POINT ( 'NONE',  ( 5.282000000000000917, -11.21999999999999886, -0.1199999999999996209 ) ) ;
#1382 = ORIENTED_EDGE ( 'NONE', *, *, #1454, .F. ) ;
#1383 = SURFACE_SIDE_STYLE ('',( #675 ) ) ;
#1384 = ADVANCED_FACE ( 'NONE', ( #1514 ), #136, .T. ) ;
#1385 = AXIS2_PLACEMENT_3D ( 'NONE', #496, #1044, #1053 ) ;
#1386 = EDGE_CURVE ( 'NONE', #645, #995, #849, .T. ) ;
#1387 = CARTESIAN_POINT ( 'NONE',  ( 5.281999999999996476, 11.22000000000000774, -0.7500000000000001110 ) ) ;
#1388 = VECTOR ( 'NONE', #1678, 39.37007874015748143 ) ;
#1389 = LINE ( 'NONE', #1121, #513 ) ;
#1390 = ORIENTED_EDGE ( 'NONE', *, *, #676, .T. ) ;
#1391 = VECTOR ( 'NONE', #981, 39.37007874015748143 ) ;
#1392 = ORIENTED_EDGE ( 'NONE', *, *, #360, .T. ) ;
#1393 = CARTESIAN_POINT ( 'NONE',  ( 5.405000000000000249, 10.96999999999999176, -0.7499999999999998890 ) ) ;
#1394 = AXIS2_PLACEMENT_3D ( 'NONE', #1722, #1318, #1696 ) ;
#1395 = CARTESIAN_POINT ( 'NONE',  ( 5.065000000000000391, -4.999999999999999112, -0.7500000000000003331 ) ) ;
#1396 = AXIS2_PLACEMENT_3D ( 'NONE', #1126, #258, #1403 ) ;
#1397 = VECTOR ( 'NONE', #326, 39.37007874015748143 ) ;
#1398 = EDGE_CURVE ( 'NONE', #1476, #667, #1682, .T. ) ;
#1399 = CARTESIAN_POINT ( 'NONE',  ( -4.909000000000000696, -4.999999999999999112, 0.000000000000000000 ) ) ;
#1400 = ORIENTED_EDGE ( 'NONE', *, *, #1209, .F. ) ;
#1401 = CARTESIAN_POINT ( 'NONE',  ( 5.405000000000000249, -10.97599999999999199, -0.06000000000000064310 ) ) ;
#1402 = ORIENTED_EDGE ( 'NONE', *, *, #319, .F. ) ;
#1403 = DIRECTION ( 'NONE',  ( 1.000000000000000000, 0.000000000000000000, 0.000000000000000000 ) ) ;
#1404 = VECTOR ( 'NONE', #494, 39.37007874015748143 ) ;
#1405 = MANIFOLD_SOLID_BREP ( 'Cortar-Extruir2', #421 ) ;
#1406 = CARTESIAN_POINT ( 'NONE',  ( -5.281999999999996476, -11.09999999999999609, 3.585550491684345795E-15 ) ) ;
#1407 = EDGE_CURVE ( 'NONE', #80, #913, #126, .T. ) ;
#1408 = ADVANCED_FACE ( 'NONE', ( #14 ), #684, .T. ) ;
#1409 = ORIENTED_EDGE ( 'NONE', *, *, #305, .F. ) ;
#1410 = ORIENTED_EDGE ( 'NONE', *, *, #936, .T. ) ;
#1411 = DIRECTION ( 'NONE',  ( -3.167359992654217830E-15, 1.266943997061687132E-14, 1.000000000000000000 ) ) ;
#1412 = DIRECTION ( 'NONE',  ( 1.000000000000000000, 0.000000000000000000, 0.000000000000000000 ) ) ;
#1413 = CARTESIAN_POINT ( 'NONE',  ( -5.281999999999998252, -11.22000000000000064, -0.7499999999999986677 ) ) ;
#1414 = CARTESIAN_POINT ( 'NONE',  ( 5.281999999999996476, 11.22000000000000597, -0.05999999999999999778 ) ) ;
#1415 = VERTEX_POINT ( 'NONE', #598 ) ;
#1416 = AXIS2_PLACEMENT_3D ( 'NONE', #1342, #1223, #1613 ) ;
#1417 = VECTOR ( 'NONE', #1688, 39.37007874015748143 ) ;
#1418 = VERTEX_POINT ( 'NONE', #53 ) ;
#1419 = LINE ( 'NONE', #1550, #380 ) ;
#1420 = CARTESIAN_POINT ( 'NONE',  ( 5.221000000000000973, 5.000000000000002665, -0.06000000000000004635 ) ) ;
#1421 = EDGE_CURVE ( 'NONE', #403, #977, #747, .T. ) ;
#1422 = LINE ( 'NONE', #906, #1123 ) ;
#1423 = PLANE ( 'NONE',  #357 ) ;
#1424 = CARTESIAN_POINT ( 'NONE',  ( -4.617557532645694806E-15, 11.16000000000000369, -0.7500000000000003331 ) ) ;
#1425 = AXIS2_PLACEMENT_3D ( 'NONE', #425, #270, #1231 ) ;
#1426 = EDGE_LOOP ( 'NONE', ( #324, #792, #92, #793 ) ) ;
#1427 = ORIENTED_EDGE ( 'NONE', *, *, #1777, .T. ) ;
#1428 = LINE ( 'NONE', #1163, #1573 ) ;
#1429 = CARTESIAN_POINT ( 'NONE',  ( 5.282000000000000917, -11.21999999999999886, -0.05999999999999999778 ) ) ;
#1430 = FACE_OUTER_BOUND ( 'NONE', #1272, .T. ) ;
#1431 = EDGE_CURVE ( 'NONE', #667, #843, #1801, .T. ) ;
#1432 = FACE_OUTER_BOUND ( 'NONE', #112, .T. ) ;
#1433 = CARTESIAN_POINT ( 'NONE',  ( 5.405000000000002025, -10.96999999999999886, -0.7500000000000001110 ) ) ;
#1434 = EDGE_LOOP ( 'NONE', ( #1312, #1645, #254, #180 ) ) ;
#1435 = ORIENTED_EDGE ( 'NONE', *, *, #273, .T. ) ;
#1436 = PLANE ( 'NONE',  #760 ) ;
#1437 = CARTESIAN_POINT ( 'NONE',  ( 4.909000000000000696, 5.000000000000002665, -0.7500000000000003331 ) ) ;
#1438 = DIRECTION ( 'NONE',  ( 0.000000000000000000, 1.000000000000000000, 3.130242492740363259E-15 ) ) ;
#1439 = PRODUCT_DEFINITION ( 'UNKNOWN', '', #841, #1451 ) ;
#1440 = DIRECTION ( 'NONE',  ( -3.167359992654217435E-15, -6.334719985308434871E-15, -1.000000000000000000 ) ) ;
#1441 = CARTESIAN_POINT ( 'NONE',  ( 5.281999999999996476, 11.10000000000000142, -0.1199999999999999956 ) ) ;
#1442 = ADVANCED_FACE ( 'NONE', ( #885 ), #464, .T. ) ;
#1443 = ORIENTED_EDGE ( 'NONE', *, *, #644, .T. ) ;
#1444 = CARTESIAN_POINT ( 'NONE',  ( 0.000000000000000000, 0.000000000000000000, 0.000000000000000000 ) ) ;
#1445 = MECHANICAL_DESIGN_GEOMETRIC_PRESENTATION_REPRESENTATION (  '', ( #195 ), #108 ) ;
#1446 = VERTEX_POINT ( 'NONE', #1301 ) ;
#1447 = CARTESIAN_POINT ( 'NONE',  ( -4.909000000000000696, -4.999999999999999112, -0.7500000000000003331 ) ) ;
#1448 = FACE_OUTER_BOUND ( 'NONE', #648, .T. ) ;
#1449 = DIRECTION ( 'NONE',  ( 0.000000000000000000, -0.000000000000000000, 1.000000000000000000 ) ) ;
#1450 = PLANE ( 'NONE',  #678 ) ;
#1451 = PRODUCT_DEFINITION_CONTEXT ( 'detailed design', #559, 'design' ) ;
#1452 = FACE_OUTER_BOUND ( 'NONE', #491, .T. ) ;
#1453 = ORIENTED_EDGE ( 'NONE', *, *, #988, .F. ) ;
#1454 = EDGE_CURVE ( 'NONE', #579, #764, #317, .T. ) ;
#1455 = VERTEX_POINT ( 'NONE', #1273 ) ;
#1456 = DIRECTION ( 'NONE',  ( 1.000000000000000000, 0.000000000000000000, 0.000000000000000000 ) ) ;
#1457 = DIRECTION ( 'NONE',  ( 0.000000000000000000, 0.000000000000000000, -1.000000000000000000 ) ) ;
#1458 = CIRCLE ( 'NONE', #669, 0.1560000000000001941 ) ;
#1459 = AXIS2_PLACEMENT_3D ( 'NONE', #781, #763, #1599 ) ;
#1460 = DIRECTION ( 'NONE',  ( 1.000000000000000000, -0.000000000000000000, -0.000000000000000000 ) ) ;
#1461 = DIRECTION ( 'NONE',  ( 0.000000000000000000, 0.000000000000000000, -1.000000000000000000 ) ) ;
#1462 = DIRECTION ( 'NONE',  ( -1.226136156284215248E-45, 3.167359992654217435E-15, 1.000000000000000000 ) ) ;
#1463 = EDGE_LOOP ( 'NONE', ( #1797, #1554, #1201, #125 ) ) ;
#1464 = AXIS2_PLACEMENT_3D ( 'NONE', #468, #602, #177 ) ;
#1465 = EDGE_CURVE ( 'NONE', #1329, #985, #33, .T. ) ;
#1466 = ORIENTED_EDGE ( 'NONE', *, *, #1730, .T. ) ;
#1467 = DIRECTION ( 'NONE',  ( 0.000000000000000000, 0.000000000000000000, 1.000000000000000000 ) ) ;
#1468 = CARTESIAN_POINT ( 'NONE',  ( -5.281999999999994699, -10.97599999999999554, 0.000000000000000000 ) ) ;
#1469 = CARTESIAN_POINT ( 'NONE',  ( 5.404999999999997584, 10.96999999999999886, -0.1199999999999996209 ) ) ;
#1470 = AXIS2_PLACEMENT_3D ( 'NONE', #24, #429, #1569 ) ;
#1471 = CYLINDRICAL_SURFACE ( 'NONE', #278, 0.1199999999999998151 ) ;
#1472 = CARTESIAN_POINT ( 'NONE',  ( -5.405000000000002025, 10.97599999999999554, -0.06000000000000337008 ) ) ;
#1473 = VERTEX_POINT ( 'NONE', #866 ) ;
#1474 = ORIENTED_EDGE ( 'NONE', *, *, #754, .F. ) ;
#1475 = DIRECTION ( 'NONE',  ( 1.000000000000000000, 0.000000000000000000, 3.130242492740363259E-15 ) ) ;
#1476 = VERTEX_POINT ( 'NONE', #609 ) ;
#1477 = CARTESIAN_POINT ( 'NONE',  ( 0.000000000000000000, 10.97599999999999554, 0.000000000000000000 ) ) ;
#1478 = EDGE_CURVE ( 'NONE', #1418, #1329, #1419, .T. ) ;
#1479 = DIRECTION ( 'NONE',  ( 1.000000000000000000, 0.000000000000000000, 0.000000000000000000 ) ) ;
#1480 = CARTESIAN_POINT ( 'NONE',  ( -5.221000000000000973, -4.999999999999999112, 0.000000000000000000 ) ) ;
#1481 = VERTEX_POINT ( 'NONE', #1144 ) ;
#1482 = AXIS2_PLACEMENT_3D ( 'NONE', #1286, #1148, #303 ) ;
#1483 = ORIENTED_EDGE ( 'NONE', *, *, #193, .F. ) ;
#1484 = FACE_OUTER_BOUND ( 'NONE', #1232, .T. ) ;
#1485 = ORIENTED_EDGE ( 'NONE', *, *, #779, .T. ) ;
#1486 = LINE ( 'NONE', #110, #1187 ) ;
#1487 = CIRCLE ( 'NONE', #1226, 0.1560000000000001941 ) ;
#1488 = EDGE_CURVE ( 'NONE', #664, #1124, #720, .T. ) ;
#1489 = DIRECTION ( 'NONE',  ( -1.000000000000000000, 0.000000000000000000, 0.000000000000000000 ) ) ;
#1490 = ORIENTED_EDGE ( 'NONE', *, *, #537, .F. ) ;
#1491 = ORIENTED_EDGE ( 'NONE', *, *, #1354, .T. ) ;
#1492 = CARTESIAN_POINT ( 'NONE',  ( 5.281999999999996476, 11.22000000000000597, -0.1199999999999996209 ) ) ;
#1493 = AXIS2_PLACEMENT_3D ( 'NONE', #1323, #628, #1184 ) ;
#1494 = EDGE_LOOP ( 'NONE', ( #207, #1745, #1084, #1392 ) ) ;
#1495 = DIRECTION ( 'NONE',  ( 0.000000000000000000, -1.000000000000000000, 0.000000000000000000 ) ) ;
#1496 = LINE ( 'NONE', #366, #134 ) ;
#1497 = EDGE_CURVE ( 'NONE', #1415, #238, #23, .T. ) ;
#1498 = ORIENTED_EDGE ( 'NONE', *, *, #564, .T. ) ;
#1499 = EDGE_CURVE ( 'NONE', #383, #129, #1428, .T. ) ;
#1500 = EDGE_LOOP ( 'NONE', ( #1400, #1347, #1353, #1264, #943, #52, #1074, #352, #1485, #1584, #1474, #934, #1020, #1536, #1626, #500, #931, #463, #1379, #883 ) ) ;
#1501 = CARTESIAN_POINT ( 'NONE',  ( 5.221000000000000973, -4.999999999999999112, -0.06000000000000004635 ) ) ;
#1502 = ORIENTED_EDGE ( 'NONE', *, *, #1056, .T. ) ;
#1503 = FACE_OUTER_BOUND ( 'NONE', #1208, .T. ) ;
#1504 = CIRCLE ( 'NONE', #1185, 0.1560000000000001941 ) ;
#1505 = VECTOR ( 'NONE', #68, 39.37007874015748143 ) ;
#1506 = CARTESIAN_POINT ( 'NONE',  ( -5.278999999999999915, 10.97599999999999554, -0.05999999999999999778 ) ) ;
#1507 = CARTESIAN_POINT ( 'NONE',  ( -5.065000000000000391, -4.999999999999999112, 0.000000000000000000 ) ) ;
#1508 = DIRECTION ( 'NONE',  ( -3.642463991552423218E-14, 0.000000000000000000, 1.000000000000000000 ) ) ;
#1509 = ADVANCED_FACE ( 'NONE', ( #1290 ), #858, .T. ) ;
#1510 = VERTEX_POINT ( 'NONE', #301 ) ;
#1511 = CARTESIAN_POINT ( 'NONE',  ( -5.281999999999999140, 11.22000000000000242, -0.7500000000000001110 ) ) ;
#1512 = LINE ( 'NONE', #264, #156 ) ;
#1513 = ORIENTED_EDGE ( 'NONE', *, *, #12, .T. ) ;
#1514 = FACE_OUTER_BOUND ( 'NONE', #736, .T. ) ;
#1515 = VECTOR ( 'NONE', #1094, 39.37007874015748143 ) ;
#1516 = VECTOR ( 'NONE', #1727, 39.37007874015748143 ) ;
#1517 = DIRECTION ( 'NONE',  ( 1.000000000000000000, -0.000000000000000000, -0.000000000000000000 ) ) ;
#1518 = DIRECTION ( 'NONE',  ( -0.000000000000000000, -1.000000000000000000, -0.000000000000000000 ) ) ;
#1519 = VERTEX_POINT ( 'NONE', #589 ) ;
#1520 = CARTESIAN_POINT ( 'NONE',  ( -5.281999999999999140, 11.22000000000000242, -0.7500000000000001110 ) ) ;
#1521 = EDGE_CURVE ( 'NONE', #383, #1356, #43, .T. ) ;
#1522 = ADVANCED_FACE ( 'NONE', ( #455 ), #1154, .T. ) ;
#1523 = ORIENTED_EDGE ( 'NONE', *, *, #659, .T. ) ;
#1524 = CARTESIAN_POINT ( 'NONE',  ( -5.278999999999999915, -10.96999999999999531, -0.06000000000000337008 ) ) ;
#1525 = DIRECTION ( 'NONE',  ( -1.000000000000000000, 0.000000000000000000, 0.000000000000000000 ) ) ;
#1526 = CARTESIAN_POINT ( 'NONE',  ( 5.282000000000000917, -11.22000000000000064, -0.1199999999999996209 ) ) ;
#1527 = VECTOR ( 'NONE', #1508, 39.37007874015748143 ) ;
#1528 = VERTEX_POINT ( 'NONE', #1568 ) ;
#1529 = CARTESIAN_POINT ( 'NONE',  ( -5.281999999999999140, -11.21999999999999709, 0.000000000000000000 ) ) ;
#1530 = DIRECTION ( 'NONE',  ( -2.068798177708642955E-16, -1.000000000000000000, 3.169856808907805887E-15 ) ) ;
#1531 = ORIENTED_EDGE ( 'NONE', *, *, #51, .T. ) ;
#1532 = ADVANCED_FACE ( 'NONE', ( #1710 ), #1436, .F. ) ;
#1533 = AXIS2_PLACEMENT_3D ( 'NONE', #1605, #954, #1359 ) ;
#1534 = DIRECTION ( 'NONE',  ( -0.000000000000000000, -0.000000000000000000, 1.000000000000000000 ) ) ;
#1535 = DIRECTION ( 'NONE',  ( 0.000000000000000000, 0.000000000000000000, -1.000000000000000000 ) ) ;
#1536 = ORIENTED_EDGE ( 'NONE', *, *, #85, .T. ) ;
#1537 = CARTESIAN_POINT ( 'NONE',  ( -5.345000000000002416, -1.064847950857647714E-15, -0.7500000000000003331 ) ) ;
#1538 = ORIENTED_EDGE ( 'NONE', *, *, #487, .T. ) ;
#1539 = CARTESIAN_POINT ( 'NONE',  ( -5.281999999999999140, 11.22000000000000242, -0.7500000000000001110 ) ) ;
#1540 = CARTESIAN_POINT ( 'NONE',  ( 5.281999999999996476, 10.97599999999999554, -0.05999999999999999778 ) ) ;
#1541 = EDGE_CURVE ( 'NONE', #548, #1109, #1031, .T. ) ;
#1542 = EDGE_CURVE ( 'NONE', #1153, #1228, #618, .T. ) ;
#1543 = VECTOR ( 'NONE', #632, 39.37007874015748143 ) ;
#1544 = CARTESIAN_POINT ( 'NONE',  ( -5.344999999999997975, -10.96999999999999531, 8.661145899912954449E-14 ) ) ;
#1545 = VECTOR ( 'NONE', #894, 39.37007874015748143 ) ;
#1546 = CARTESIAN_POINT ( 'NONE',  ( 5.278999999999997250, -10.97599999999999199, -0.06000000000000064310 ) ) ;
#1547 = AXIS2_PLACEMENT_3D ( 'NONE', #642, #70, #773 ) ;
#1548 = ORIENTED_EDGE ( 'NONE', *, *, #1308, .F. ) ;
#1549 = ORIENTED_EDGE ( 'NONE', *, *, #1089, .T. ) ;
#1550 = CARTESIAN_POINT ( 'NONE',  ( -5.278999999999999915, -10.96999999999999531, -0.06000000000000337008 ) ) ;
#1551 = DIRECTION ( 'NONE',  ( 0.000000000000000000, 0.000000000000000000, 1.000000000000000000 ) ) ;
#1552 = PLANE ( 'NONE',  #1482 ) ;
#1553 = PLANE ( 'NONE',  #1335 ) ;
#1554 = ORIENTED_EDGE ( 'NONE', *, *, #26, .F. ) ;
#1555 =( NAMED_UNIT ( * ) SI_UNIT ( $, .STERADIAN. ) SOLID_ANGLE_UNIT ( ) );
#1556 = EDGE_CURVE ( 'NONE', #664, #1647, #221, .T. ) ;
#1557 = ORIENTED_EDGE ( 'NONE', *, *, #85, .F. ) ;
#1558 = CARTESIAN_POINT ( 'NONE',  ( 5.405000000000000249, -10.97599999999999199, -0.06000000000000064310 ) ) ;
#1559 = DIRECTION ( 'NONE',  ( -1.000000000000000000, 2.068798177708642955E-16, 1.292998861067902124E-16 ) ) ;
#1560 = CARTESIAN_POINT ( 'NONE',  ( -5.405000000000003801, 10.96999999999999176, -0.7500000000000001110 ) ) ;
#1561 = CIRCLE ( 'NONE', #887, 0.1199999999999977335 ) ;
#1562 = CARTESIAN_POINT ( 'NONE',  ( 5.404999999999998472, 5.384006711305503954E-16, 1.732906964062662441E-14 ) ) ;
#1563 = DIRECTION ( 'NONE',  ( -4.137596355417286897E-16, 1.000000000000000000, 3.167359992654216647E-15 ) ) ;
#1564 = EDGE_LOOP ( 'NONE', ( #539, #1338, #6, #1618 ) ) ;
#1565 = VECTOR ( 'NONE', #1660, 39.37007874015748143 ) ;
#1566 = ADVANCED_FACE ( 'NONE', ( #1357 ), #1183, .F. ) ;
#1567 = EDGE_LOOP ( 'NONE', ( #1557, #786, #1257, #1172 ) ) ;
#1568 = CARTESIAN_POINT ( 'NONE',  ( 5.405000000000000249, 10.96999999999999176, -0.7499999999999998890 ) ) ;
#1569 = DIRECTION ( 'NONE',  ( 1.000000000000000000, 0.000000000000000000, 0.000000000000000000 ) ) ;
#1570 = CARTESIAN_POINT ( 'NONE',  ( 5.284999999999996589, -10.96999999999999176, -0.06000000000000064310 ) ) ;
#1571 = DIRECTION ( 'NONE',  ( -0.000000000000000000, -0.000000000000000000, 1.000000000000000000 ) ) ;
#1572 = DIRECTION ( 'NONE',  ( -7.284927983104847697E-14, 0.000000000000000000, 1.000000000000000000 ) ) ;
#1573 = VECTOR ( 'NONE', #756, 39.37007874015748143 ) ;
#1574 = ORIENTED_EDGE ( 'NONE', *, *, #161, .T. ) ;
#1575 = VERTEX_POINT ( 'NONE', #229 ) ;
#1576 = CARTESIAN_POINT ( 'NONE',  ( 5.282000000000000917, -11.22000000000000064, -0.7500000000000001110 ) ) ;
#1577 = CARTESIAN_POINT ( 'NONE',  ( 5.281999999999996476, 11.22000000000000774, -0.7500000000000001110 ) ) ;
#1578 = EDGE_CURVE ( 'NONE', #1109, #873, #1737, .T. ) ;
#1579 = DIRECTION ( 'NONE',  ( 0.000000000000000000, 0.000000000000000000, 1.000000000000000000 ) ) ;
#1580 = ADVANCED_FACE ( 'NONE', ( #73 ), #362, .T. ) ;
#1581 = DIRECTION ( 'NONE',  ( 0.000000000000000000, 0.000000000000000000, -1.000000000000000000 ) ) ;
#1582 = PLANE ( 'NONE',  #405 ) ;
#1583 = ORIENTED_EDGE ( 'NONE', *, *, #1108, .F. ) ;
#1584 = ORIENTED_EDGE ( 'NONE', *, *, #1398, .F. ) ;
#1585 = CARTESIAN_POINT ( 'NONE',  ( -5.404999999999997584, -10.96999999999999531, 0.000000000000000000 ) ) ;
#1586 = FACE_OUTER_BOUND ( 'NONE', #155, .T. ) ;
#1587 = PLANE ( 'NONE',  #762 ) ;
#1588 = EDGE_CURVE ( 'NONE', #1575, #218, #247, .T. ) ;
#1589 = DIRECTION ( 'NONE',  ( 2.068798177708642955E-16, 1.000000000000000000, -3.491481338843133750E-15 ) ) ;
#1590 = DIRECTION ( 'NONE',  ( 0.000000000000000000, 0.000000000000000000, -1.000000000000000000 ) ) ;
#1591 = ORIENTED_EDGE ( 'NONE', *, *, #431, .T. ) ;
#1592 = CIRCLE ( 'NONE', #835, 0.1560000000000001941 ) ;
#1593 = VERTEX_POINT ( 'NONE', #1492 ) ;
#1594 = PLANE ( 'NONE',  #557 ) ;
#1595 = DIRECTION ( 'NONE',  ( -3.167359992654217830E-15, 0.000000000000000000, -1.000000000000000000 ) ) ;
#1596 = CARTESIAN_POINT ( 'NONE',  ( 5.345000000000002416, -10.96999999999999886, -0.7500000000000003331 ) ) ;
#1597 = LINE ( 'NONE', #641, #832 ) ;
#1598 = EDGE_CURVE ( 'NONE', #1709, #951, #1197, .T. ) ;
#1599 = DIRECTION ( 'NONE',  ( -1.000000000000000000, 0.000000000000000000, 0.000000000000000000 ) ) ;
#1600 = VERTEX_POINT ( 'NONE', #511 ) ;
#1601 = ORIENTED_EDGE ( 'NONE', *, *, #1136, .F. ) ;
#1602 = DIRECTION ( 'NONE',  ( 0.000000000000000000, 0.000000000000000000, 1.000000000000000000 ) ) ;
#1603 = DIRECTION ( 'NONE',  ( -1.000000000000000000, 0.000000000000000000, -0.000000000000000000 ) ) ;
#1604 = VECTOR ( 'NONE', #190, 39.37007874015748143 ) ;
#1605 = CARTESIAN_POINT ( 'NONE',  ( -5.404999999999997584, -10.96999999999999531, -0.05999999999999978961 ) ) ;
#1606 = DIRECTION ( 'NONE',  ( -0.000000000000000000, -0.000000000000000000, 1.000000000000000000 ) ) ;
#1607 = LINE ( 'NONE', #358, #1227 ) ;
#1608 = ORIENTED_EDGE ( 'NONE', *, *, #209, .T. ) ;
#1609 = ADVANCED_FACE ( 'NONE', ( #802 ), #353, .T. ) ;
#1610 = VERTEX_POINT ( 'NONE', #1211 ) ;
#1611 = CARTESIAN_POINT ( 'NONE',  ( 5.278999999999997250, 10.96999999999999531, -0.06000000000000064310 ) ) ;
#1612 = CARTESIAN_POINT ( 'NONE',  ( -5.405000000000000249, -1.076801342261100791E-15, 1.732906964062663703E-14 ) ) ;
#1613 = DIRECTION ( 'NONE',  ( 0.000000000000000000, 3.167359992654216647E-15, 1.000000000000000000 ) ) ;
#1614 = DIRECTION ( 'NONE',  ( 1.000000000000000000, 0.000000000000000000, 0.000000000000000000 ) ) ;
#1615 = DIRECTION ( 'NONE',  ( 1.000000000000000000, 0.000000000000000000, 0.000000000000000000 ) ) ;
#1616 = VERTEX_POINT ( 'NONE', #344 ) ;
#1617 = CIRCLE ( 'NONE', #1150, 0.1560000000000001941 ) ;
#1618 = ORIENTED_EDGE ( 'NONE', *, *, #360, .F. ) ;
#1619 = DIRECTION ( 'NONE',  ( 0.000000000000000000, -1.000000000000000000, 0.000000000000000000 ) ) ;
#1620 = ADVANCED_FACE ( 'NONE', ( #1194 ), #493, .F. ) ;
#1621 = AXIS2_PLACEMENT_3D ( 'NONE', #1016, #45, #583 ) ;
#1622 = ORIENTED_EDGE ( 'NONE', *, *, #1376, .F. ) ;
#1623 = CARTESIAN_POINT ( 'NONE',  ( 0.000000000000000000, 10.97599999999999554, 0.000000000000000000 ) ) ;
#1624 = PLANE ( 'NONE',  #933 ) ;
#1625 = AXIS2_PLACEMENT_3D ( 'NONE', #554, #668, #1246 ) ;
#1626 = ORIENTED_EDGE ( 'NONE', *, *, #1119, .F. ) ;
#1627 = VECTOR ( 'NONE', #1240, 39.37007874015748143 ) ;
#1628 = CARTESIAN_POINT ( 'NONE',  ( 5.284999999999999254, -10.96999999999999176, -0.1199999999999994543 ) ) ;
#1629 = ORIENTED_EDGE ( 'NONE', *, *, #1730, .F. ) ;
#1630 = CARTESIAN_POINT ( 'NONE',  ( 5.282000000000000917, -11.22000000000000064, -0.05999999999999978961 ) ) ;
#1631 = VERTEX_POINT ( 'NONE', #923 ) ;
#1632 = LINE ( 'NONE', #1186, #490 ) ;
#1633 = ADVANCED_FACE ( 'NONE', ( #1484 ), #1763, .F. ) ;
#1634 = CIRCLE ( 'NONE', #147, 0.1560000000000001941 ) ;
#1635 = VECTOR ( 'NONE', #728, 39.37007874015748143 ) ;
#1636 = EDGE_CURVE ( 'NONE', #1030, #1481, #1039, .T. ) ;
#1637 = DIRECTION ( 'NONE',  ( 0.000000000000000000, 1.000000000000000000, 3.130242492740306066E-15 ) ) ;
#1638 = ORIENTED_EDGE ( 'NONE', *, *, #1285, .F. ) ;
#1639 = VERTEX_POINT ( 'NONE', #1203 ) ;
#1640 = DIRECTION ( 'NONE',  ( -3.491481338843134539E-15, -6.955840503507626737E-31, -1.000000000000000000 ) ) ;
#1641 = ORIENTED_EDGE ( 'NONE', *, *, #766, .T. ) ;
#1642 = LINE ( 'NONE', #1069, #723 ) ;
#1643 = CARTESIAN_POINT ( 'NONE',  ( -5.282000000000000917, 10.97599999999999554, -0.05999999999999999778 ) ) ;
#1644 = ADVANCED_FACE ( 'NONE', ( #1755 ), #1594, .T. ) ;
#1645 = ORIENTED_EDGE ( 'NONE', *, *, #536, .T. ) ;
#1646 = DIRECTION ( 'NONE',  ( 1.000000000000000000, -0.000000000000000000, -2.845674993400227101E-16 ) ) ;
#1647 = VERTEX_POINT ( 'NONE', #904 ) ;
#1648 = DIRECTION ( 'NONE',  ( 1.748382715945122464E-14, 1.000000000000000000, 0.000000000000000000 ) ) ;
#1649 = DIRECTION ( 'NONE',  ( 0.000000000000000000, -1.000000000000000000, 0.000000000000000000 ) ) ;
#1650 = CARTESIAN_POINT ( 'NONE',  ( -5.281999999999998252, -11.09999999999999609, 3.585550491684345795E-15 ) ) ;
#1651 = VECTOR ( 'NONE', #1332, 39.37007874015748143 ) ;
#1652 = AXIS2_PLACEMENT_3D ( 'NONE', #443, #1698, #1287 ) ;
#1653 = DIRECTION ( 'NONE',  ( 0.000000000000000000, 0.000000000000000000, -1.000000000000000000 ) ) ;
#1654 = EDGE_CURVE ( 'NONE', #862, #1298, #1487, .T. ) ;
#1655 = EDGE_CURVE ( 'NONE', #1415, #257, #239, .T. ) ;
#1656 = DIRECTION ( 'NONE',  ( -1.000000000000000000, 0.000000000000000000, -0.000000000000000000 ) ) ;
#1657 = EDGE_LOOP ( 'NONE', ( #571, #851, #158, #470 ) ) ;
#1658 = CARTESIAN_POINT ( 'NONE',  ( 5.281999999999996476, 11.22000000000000597, -0.05999999999999978961 ) ) ;
#1659 = ORIENTED_EDGE ( 'NONE', *, *, #522, .F. ) ;
#1660 = DIRECTION ( 'NONE',  ( 0.000000000000000000, 0.000000000000000000, 1.000000000000000000 ) ) ;
#1661 = AXIS2_PLACEMENT_3D ( 'NONE', #708, #1374, #5 ) ;
#1662 = CARTESIAN_POINT ( 'NONE',  ( 5.284999999999999254, -10.96999999999999176, -0.1199999999999994543 ) ) ;
#1663 = DIRECTION ( 'NONE',  ( 0.000000000000000000, -1.000000000000000000, 0.000000000000000000 ) ) ;
#1664 = ORIENTED_EDGE ( 'NONE', *, *, #440, .F. ) ;
#1665 =( CONVERSION_BASED_UNIT ( 'INCH', #255 ) LENGTH_UNIT ( ) NAMED_UNIT ( #402 ) );
#1666 = EDGE_CURVE ( 'NONE', #962, #1153, #100, .T. ) ;
#1667 = ORIENTED_EDGE ( 'NONE', *, *, #209, .F. ) ;
#1668 =( NAMED_UNIT ( * ) PLANE_ANGLE_UNIT ( ) SI_UNIT ( $, .RADIAN. ) );
#1669 = LINE ( 'NONE', #1544, #1388 ) ;
#1670 = CARTESIAN_POINT ( 'NONE',  ( 5.281999999999990258, -11.21999999999999886, -0.1200000000000000372 ) ) ;
#1671 = ORIENTED_EDGE ( 'NONE', *, *, #63, .T. ) ;
#1672 = DIRECTION ( 'NONE',  ( 0.000000000000000000, 1.000000000000000000, 0.000000000000000000 ) ) ;
#1673 = DIRECTION ( 'NONE',  ( 0.000000000000000000, 0.000000000000000000, 1.000000000000000000 ) ) ;
#1674 = ORIENTED_EDGE ( 'NONE', *, *, #1541, .T. ) ;
#1675 = CARTESIAN_POINT ( 'NONE',  ( -5.281999999999998252, -11.09999999999999609, -0.1199999999999974004 ) ) ;
#1676 = EDGE_CURVE ( 'NONE', #843, #1575, #1075, .T. ) ;
#1677 = EDGE_CURVE ( 'NONE', #1228, #97, #277, .T. ) ;
#1678 = DIRECTION ( 'NONE',  ( -3.167359992654217435E-15, -6.334719985308434871E-15, -1.000000000000000000 ) ) ;
#1679 = PLANE ( 'NONE',  #374 ) ;
#1680 = VERTEX_POINT ( 'NONE', #1520 ) ;
#1681 = ORIENTED_EDGE ( 'NONE', *, *, #1707, .F. ) ;
#1682 = LINE ( 'NONE', #965, #782 ) ;
#1683 = CARTESIAN_POINT ( 'NONE',  ( -5.278999999999999915, 10.97599999999999554, -0.06000000000000337008 ) ) ;
#1684 = EDGE_CURVE ( 'NONE', #1680, #689, #288, .T. ) ;
#1685 = ADVANCED_FACE ( 'NONE', ( #969 ), #819, .T. ) ;
#1686 = FACE_OUTER_BOUND ( 'NONE', #795, .T. ) ;
#1687 = VECTOR ( 'NONE', #777, 39.37007874015748143 ) ;
#1688 = DIRECTION ( 'NONE',  ( -1.000000000000000000, -0.000000000000000000, -0.000000000000000000 ) ) ;
#1689 = AXIS2_PLACEMENT_3D ( 'NONE', #920, #489, #1750 ) ;
#1690 = EDGE_LOOP ( 'NONE', ( #821, #1790, #558, #1792 ) ) ;
#1691 = ORIENTED_EDGE ( 'NONE', *, *, #386, .F. ) ;
#1692 = CARTESIAN_POINT ( 'NONE',  ( -5.282000000000000917, 11.22000000000000064, -0.1199999999999998151 ) ) ;
#1693 = CYLINDRICAL_SURFACE ( 'NONE', #1470, 0.1560000000000001941 ) ;
#1694 = CARTESIAN_POINT ( 'NONE',  ( -5.278999999999999915, 10.97599999999999554, 0.000000000000000000 ) ) ;
#1695 = VECTOR ( 'NONE', #27, 39.37007874015748143 ) ;
#1696 = DIRECTION ( 'NONE',  ( 0.000000000000000000, 0.000000000000000000, 1.000000000000000000 ) ) ;
#1697 = EDGE_CURVE ( 'NONE', #508, #434, #811, .T. ) ;
#1698 = DIRECTION ( 'NONE',  ( -1.444634046260482284E-30, 3.491481338843134539E-15, -1.000000000000000000 ) ) ;
#1699 = VECTOR ( 'NONE', #987, 39.37007874015748143 ) ;
#1700 = ORIENTED_EDGE ( 'NONE', *, *, #630, .F. ) ;
#1701 = EDGE_LOOP ( 'NONE', ( #1629, #333, #307, #171 ) ) ;
#1702 = DIRECTION ( 'NONE',  ( 2.845674993400146243E-16, 0.000000000000000000, 1.000000000000000000 ) ) ;
#1703 = CARTESIAN_POINT ( 'NONE',  ( -4.617557532645694017E-15, 11.16000000000000192, 3.553777911758032532E-14 ) ) ;
#1704 = CARTESIAN_POINT ( 'NONE',  ( -5.285000000000000142, -10.96999999999999531, -0.1200000000000010919 ) ) ;
#1705 = CARTESIAN_POINT ( 'NONE',  ( -5.278999999999999915, -10.96999999999999531, -0.06000000000000337008 ) ) ;
#1706 = CARTESIAN_POINT ( 'NONE',  ( 5.284999999999996589, 10.96999999999999886, -0.05999999999999999778 ) ) ;
#1707 = EDGE_CURVE ( 'NONE', #715, #1708, #952, .T. ) ;
#1708 = VERTEX_POINT ( 'NONE', #123 ) ;
#1709 = VERTEX_POINT ( 'NONE', #410 ) ;
#1710 = FACE_OUTER_BOUND ( 'NONE', #1218, .T. ) ;
#1711 = LINE ( 'NONE', #915, #1404 ) ;
#1712 = CARTESIAN_POINT ( 'NONE',  ( 5.344999999999997975, 10.96999999999999353, -0.1199999999999998151 ) ) ;
#1713 = CARTESIAN_POINT ( 'NONE',  ( 5.281999999999996476, 11.10000000000000142, -1.195183497228115133E-15 ) ) ;
#1714 = DIRECTION ( 'NONE',  ( 0.000000000000000000, 0.000000000000000000, -1.000000000000000000 ) ) ;
#1715 = VECTOR ( 'NONE', #382, 39.37007874015748143 ) ;
#1716 = EDGE_LOOP ( 'NONE', ( #543, #1230, #1339, #1348 ) ) ;
#1717 = ORIENTED_EDGE ( 'NONE', *, *, #1221, .F. ) ;
#1718 = CARTESIAN_POINT ( 'NONE',  ( 5.282000000000000917, -11.21999999999999886, -0.05999999999999999778 ) ) ;
#1719 = LINE ( 'NONE', #1174, #1604 ) ;
#1720 = EDGE_CURVE ( 'NONE', #1639, #392, #114, .T. ) ;
#1721 = DIRECTION ( 'NONE',  ( 9.961159502877885547E-17, -1.000000000000000000, 4.980579751438952018E-17 ) ) ;
#1722 = CARTESIAN_POINT ( 'NONE',  ( 5.281999999999996476, -11.09999999999999609, -0.1200000000000004119 ) ) ;
#1723 = CIRCLE ( 'NONE', #475, 0.05999999999999883205 ) ;
#1724 = DIRECTION ( 'NONE',  ( 0.000000000000000000, 0.000000000000000000, -1.000000000000000000 ) ) ;
#1725 = ORIENTED_EDGE ( 'NONE', *, *, #1697, .T. ) ;
#1726 = ORIENTED_EDGE ( 'NONE', *, *, #1676, .F. ) ;
#1727 = DIRECTION ( 'NONE',  ( -4.137596355417277036E-16, 1.000000000000000000, 3.169856808907805887E-15 ) ) ;
#1728 = LINE ( 'NONE', #54, #908 ) ;
#1729 = FACE_OUTER_BOUND ( 'NONE', #113, .T. ) ;
#1730 = EDGE_CURVE ( 'NONE', #129, #514, #681, .T. ) ;
#1731 = CARTESIAN_POINT ( 'NONE',  ( -5.281999999999990258, 11.22000000000000064, -0.1199999999999996209 ) ) ;
#1732 = DIRECTION ( 'NONE',  ( 2.068798177708638518E-16, 1.000000000000000000, -3.167359992654216647E-15 ) ) ;
#1733 = CIRCLE ( 'NONE', #253, 0.1199999999999988021 ) ;
#1734 = ORIENTED_EDGE ( 'NONE', *, *, #128, .F. ) ;
#1735 = VECTOR ( 'NONE', #1375, 39.37007874015748143 ) ;
#1736 = EDGE_LOOP ( 'NONE', ( #435, #1204, #884, #865 ) ) ;
#1737 = LINE ( 'NONE', #1058, #206 ) ;
#1738 = DIRECTION ( 'NONE',  ( -4.137596355417287883E-16, 1.000000000000000000, 0.000000000000000000 ) ) ;
#1739 = DIRECTION ( 'NONE',  ( -1.000000000000000000, -0.000000000000000000, -0.000000000000000000 ) ) ;
#1740 = CARTESIAN_POINT ( 'NONE',  ( -5.405000000000000249, -10.97000000000000064, -0.7500000000000001110 ) ) ;
#1741 = DIRECTION ( 'NONE',  ( 0.000000000000000000, -1.000000000000000000, 0.000000000000000000 ) ) ;
#1742 = EDGE_CURVE ( 'NONE', #995, #1117, #153, .T. ) ;
#1743 = EDGE_LOOP ( 'NONE', ( #1281, #1754 ) ) ;
#1744 = AXIS2_PLACEMENT_3D ( 'NONE', #1340, #1219, #107 ) ;
#1745 = ORIENTED_EDGE ( 'NONE', *, *, #1684, .F. ) ;
#1746 = DIRECTION ( 'NONE',  ( 1.000000000000000000, 0.000000000000000000, 0.000000000000000000 ) ) ;
#1747 = CARTESIAN_POINT ( 'NONE',  ( -4.909000000000000696, 5.000000000000000888, -0.06000000000000004635 ) ) ;
#1748 = LINE ( 'NONE', #1469, #1651 ) ;
#1749 = FACE_OUTER_BOUND ( 'NONE', #1756, .T. ) ;
#1750 = DIRECTION ( 'NONE',  ( 0.000000000000000000, 0.000000000000000000, -1.000000000000000000 ) ) ;
#1751 = EDGE_LOOP ( 'NONE', ( #1239, #332, #276, #1664 ) ) ;
#1752 = ADVANCED_FACE ( 'NONE', ( #542 ), #531, .F. ) ;
#1753 = DIRECTION ( 'NONE',  ( -0.000000000000000000, -0.000000000000000000, 1.000000000000000000 ) ) ;
#1754 = ORIENTED_EDGE ( 'NONE', *, *, #385, .F. ) ;
#1755 = FACE_OUTER_BOUND ( 'NONE', #1072, .T. ) ;
#1756 = EDGE_LOOP ( 'NONE', ( #1548, #1120, #1364, #1002 ) ) ;
#1757 = DIRECTION ( 'NONE',  ( -1.000000000000000000, 0.000000000000000000, 3.130242492740420057E-15 ) ) ;
#1758 = VECTOR ( 'NONE', #974, 39.37007874015748143 ) ;
#1759 = CARTESIAN_POINT ( 'NONE',  ( -5.405000000000003801, 10.96999999999999353, -0.7500000000000001110 ) ) ;
#1760 = ORIENTED_EDGE ( 'NONE', *, *, #441, .T. ) ;
#1761 = ADVANCED_FACE ( 'NONE', ( #563 ), #1103, .T. ) ;
#1762 = ORIENTED_EDGE ( 'NONE', *, *, #830, .T. ) ;
#1763 = CYLINDRICAL_SURFACE ( 'NONE', #1744, 0.1560000000000001941 ) ;
#1764 = LINE ( 'NONE', #662, #244 ) ;
#1765 = EDGE_CURVE ( 'NONE', #50, #1593, #417, .T. ) ;
#1766 = COLOUR_RGB ( '',0.7921568627450980005, 0.8196078431372548767, 0.9333333333333333481 ) ;
#1767 = PLANE ( 'NONE',  #1416 ) ;
#1768 = DIRECTION ( 'NONE',  ( 0.000000000000000000, -0.000000000000000000, 1.000000000000000000 ) ) ;
#1769 = ADVANCED_BREP_SHAPE_REPRESENTATION ( '12-D-6089-01-(16gacr ANSI-61) - K48 - V0-R0', ( #1405, #290 ), #1078 ) ;
#1770 = ORIENTED_EDGE ( 'NONE', *, *, #652, .T. ) ;
#1771 = ORIENTED_EDGE ( 'NONE', *, *, #193, .T. ) ;
#1772 = CARTESIAN_POINT ( 'NONE',  ( -5.065000000000000391, 5.000000000000000888, 0.000000000000000000 ) ) ;
#1773 = LINE ( 'NONE', #512, #388 ) ;
#1774 = AXIS2_PLACEMENT_3D ( 'NONE', #1036, #882, #1590 ) ;
#1775 = DIRECTION ( 'NONE',  ( 0.000000000000000000, -1.000000000000000000, 0.000000000000000000 ) ) ;
#1776 = VECTOR ( 'NONE', #211, 39.37007874015748143 ) ;
#1777 = EDGE_CURVE ( 'NONE', #926, #257, #1380, .T. ) ;
#1778 = CIRCLE ( 'NONE', #1689, 0.1199999999999988021 ) ;
#1779 = CARTESIAN_POINT ( 'NONE',  ( 5.278999999999997250, -10.96999999999999176, -0.000000000000000000 ) ) ;
#1780 = ORIENTED_EDGE ( 'NONE', *, *, #693, .T. ) ;
#1781 = LINE ( 'NONE', #1372, #41 ) ;
#1782 = ORIENTED_EDGE ( 'NONE', *, *, #37, .F. ) ;
#1783 = DIRECTION ( 'NONE',  ( -1.000000000000000000, 0.000000000000000000, 0.000000000000000000 ) ) ;
#1784 = ORIENTED_EDGE ( 'NONE', *, *, #830, .F. ) ;
#1785 = EDGE_CURVE ( 'NONE', #104, #964, #1791, .T. ) ;
#1786 = VECTOR ( 'NONE', #1145, 39.37007874015748143 ) ;
#1787 = LINE ( 'NONE', #867, #1786 ) ;
#1788 = PLANE ( 'NONE',  #16 ) ;
#1789 = LINE ( 'NONE', #398, #1758 ) ;
#1790 = ORIENTED_EDGE ( 'NONE', *, *, #297, .T. ) ;
#1791 = LINE ( 'NONE', #391, #1515 ) ;
#1792 = ORIENTED_EDGE ( 'NONE', *, *, #979, .T. ) ;
#1793 = VECTOR ( 'NONE', #770, 39.37007874015748143 ) ;
#1794 = ORIENTED_EDGE ( 'NONE', *, *, #1655, .T. ) ;
#1795 = EDGE_CURVE ( 'NONE', #1356, #514, #132, .T. ) ;
#1796 = CARTESIAN_POINT ( 'NONE',  ( -5.405000000000002025, 10.96999999999999886, -0.05999999999999999778 ) ) ;
#1797 = ORIENTED_EDGE ( 'NONE', *, *, #1310, .F. ) ;
#1798 = DIRECTION ( 'NONE',  ( 4.137596355417286897E-16, -1.000000000000000000, -3.491481338843133750E-15 ) ) ;
#1799 = VERTEX_POINT ( 'NONE', #1501 ) ;
#1800 = PRESENTATION_STYLE_ASSIGNMENT (( #972 ) ) ;
#1801 = CIRCLE ( 'NONE', #438, 0.1200000000000010086 ) ;
ENDSEC;
END-ISO-10303-21;
