ISO-10303-21;
HEADER;
FILE_DESCRIPTION (( 'STEP AP214' ),
    '1' );
FILE_NAME ('17-D-6007-01-(16gacr ANSI-61) - K48 - V1-R0.STEP',
    '2026-07-08T23:09:53',
    ( '' ),
    ( '' ),
    'SwSTEP 2.0',
    'SolidWorks 2024',
    '' );
FILE_SCHEMA (( 'AUTOMOTIVE_DESIGN' ));
ENDSEC;

DATA;
#1 = LINE ( 'NONE', #2827, #1604 ) ;
#2 = ADVANCED_FACE ( 'NONE', ( #8379 ), #4184, .F. ) ;
#3 = ADVANCED_FACE ( 'NONE', ( #5440 ), #623, .F. ) ;
#4 = CARTESIAN_POINT ( 'NONE',  ( -3.536500000000001975, 7.754999999999997229, -0.06000000000000004635 ) ) ;
#5 = ORIENTED_EDGE ( 'NONE', *, *, #796, .F. ) ;
#6 = ORIENTED_EDGE ( 'NONE', *, *, #414, .F. ) ;
#7 = CARTESIAN_POINT ( 'NONE',  ( 8.470000000000000639, 10.90499999999999936, -0.7500000000000001110 ) ) ;
#8 = EDGE_LOOP ( 'NONE', ( #2578, #6251 ) ) ;
#9 = DIRECTION ( 'NONE',  ( 0.000000000000000000, 0.000000000000000000, 1.000000000000000000 ) ) ;
#10 = DIRECTION ( 'NONE',  ( -0.000000000000000000, -0.000000000000000000, 1.000000000000000000 ) ) ;
#11 = DIRECTION ( 'NONE',  ( -1.000000000000000000, -0.000000000000000000, -0.000000000000000000 ) ) ;
#12 = VERTEX_POINT ( 'NONE', #2573 ) ;
#13 = EDGE_CURVE ( 'NONE', #1024, #7396, #8427, .T. ) ;
#14 = VECTOR ( 'NONE', #2455, 39.37007874015748143 ) ;
#15 = LINE ( 'NONE', #6376, #3937 ) ;
#16 = EDGE_LOOP ( 'NONE', ( #644, #8914, #966, #4128 ) ) ;
#17 = DIRECTION ( 'NONE',  ( 0.000000000000000000, -1.000000000000000000, 0.000000000000000000 ) ) ;
#18 = ORIENTED_EDGE ( 'NONE', *, *, #7713, .T. ) ;
#19 = LINE ( 'NONE', #5059, #4924 ) ;
#20 = LINE ( 'NONE', #1590, #3608 ) ;
#21 = CARTESIAN_POINT ( 'NONE',  ( -3.348500000000002697, -6.245000000000001883, -0.7500393700787405526 ) ) ;
#22 = ORIENTED_EDGE ( 'NONE', *, *, #1235, .T. ) ;
#23 = PLANE ( 'NONE',  #3592 ) ;
#24 = DIRECTION ( 'NONE',  ( 0.000000000000000000, 0.000000000000000000, 1.000000000000000000 ) ) ;
#25 = DIRECTION ( 'NONE',  ( 0.000000000000000000, 0.000000000000000000, 1.000000000000000000 ) ) ;
#26 = VERTEX_POINT ( 'NONE', #1921 ) ;
#27 = VECTOR ( 'NONE', #312, 39.37007874015748143 ) ;
#28 = VECTOR ( 'NONE', #4309, 39.37007874015748143 ) ;
#29 = ORIENTED_EDGE ( 'NONE', *, *, #6307, .T. ) ;
#30 = ADVANCED_FACE ( 'NONE', ( #4743 ), #1969, .F. ) ;
#31 = LINE ( 'NONE', #6437, #119 ) ;
#32 = CARTESIAN_POINT ( 'NONE',  ( -0.8485000000000026965, 9.754999999999999005, -0.7500393700787405526 ) ) ;
#33 = CARTESIAN_POINT ( 'NONE',  ( -2.723500000000001808, -3.745000000000001883, -0.06000000000000004635 ) ) ;
#34 = CARTESIAN_POINT ( 'NONE',  ( 8.475999999999997314, -10.77899999999999991, -0.05999999999999999778 ) ) ;
#35 = VECTOR ( 'NONE', #9046, 39.37007874015748143 ) ;
#36 = VECTOR ( 'NONE', #3253, 39.37007874015748143 ) ;
#37 = ORIENTED_EDGE ( 'NONE', *, *, #3379, .T. ) ;
#38 = PLANE ( 'NONE',  #2044 ) ;
#39 = FACE_OUTER_BOUND ( 'NONE', #1688, .T. ) ;
#40 = DIRECTION ( 'NONE',  ( -0.000000000000000000, 1.000000000000000000, 0.000000000000000000 ) ) ;
#41 = ORIENTED_EDGE ( 'NONE', *, *, #711, .T. ) ;
#42 = DIRECTION ( 'NONE',  ( 1.000000000000000000, 0.000000000000000000, -3.167359992654217041E-15 ) ) ;
#43 = EDGE_CURVE ( 'NONE', #2122, #9102, #2661, .T. ) ;
#44 = ORIENTED_EDGE ( 'NONE', *, *, #3902, .T. ) ;
#45 = AXIS2_PLACEMENT_3D ( 'NONE', #9171, #6426, #668 ) ;
#46 = DIRECTION ( 'NONE',  ( 1.000000000000000000, -3.122111992759157471E-16, 0.000000000000000000 ) ) ;
#47 = CARTESIAN_POINT ( 'NONE',  ( -1.036500000000001975, -0.2450000000000024380, -0.7500393700787405526 ) ) ;
#48 = ORIENTED_EDGE ( 'NONE', *, *, #2019, .F. ) ;
#49 = VERTEX_POINT ( 'NONE', #2704 ) ;
#50 = CARTESIAN_POINT ( 'NONE',  ( -0.8485000000000026965, 6.254999999999999893, 0.000000000000000000 ) ) ;
#51 = ADVANCED_FACE ( 'NONE', ( #4098 ), #2887, .F. ) ;
#52 = EDGE_LOOP ( 'NONE', ( #2039, #3925, #4940, #1785 ) ) ;
#53 = EDGE_CURVE ( 'NONE', #4916, #6322, #5754, .T. ) ;
#54 = FACE_OUTER_BOUND ( 'NONE', #6004, .T. ) ;
#55 = DIRECTION ( 'NONE',  ( 0.000000000000000000, 1.000000000000000000, 0.000000000000000000 ) ) ;
#56 = CARTESIAN_POINT ( 'NONE',  ( -8.660000000000003695, 10.78499999999999126, -0.7500000000000003331 ) ) ;
#57 = VERTEX_POINT ( 'NONE', #5708 ) ;
#58 = VECTOR ( 'NONE', #7019, 39.37007874015748143 ) ;
#59 = ORIENTED_EDGE ( 'NONE', *, *, #3115, .F. ) ;
#60 = DIRECTION ( 'NONE',  ( 0.000000000000000000, -1.000000000000000000, 0.000000000000000000 ) ) ;
#61 = ORIENTED_EDGE ( 'NONE', *, *, #2364, .T. ) ;
#62 = EDGE_CURVE ( 'NONE', #8453, #6764, #2198, .T. ) ;
#63 = EDGE_CURVE ( 'NONE', #3758, #3977, #4365, .T. ) ;
#64 = CARTESIAN_POINT ( 'NONE',  ( -1.473500000000001586, -0.2450000000000024380, -0.06000000000000004635 ) ) ;
#65 = VECTOR ( 'NONE', #3116, 39.37007874015748143 ) ;
#66 = CARTESIAN_POINT ( 'NONE',  ( -2.286500000000001975, 4.254999999999998117, -0.7500393700787405526 ) ) ;
#67 = FACE_OUTER_BOUND ( 'NONE', #4361, .T. ) ;
#68 = ORIENTED_EDGE ( 'NONE', *, *, #4034, .T. ) ;
#69 = CARTESIAN_POINT ( 'NONE',  ( -3.973500000000001808, 0.2549999999999985056, 0.000000000000000000 ) ) ;
#70 = ADVANCED_FACE ( 'NONE', ( #2805 ), #1462, .F. ) ;
#71 = LINE ( 'NONE', #2892, #7093 ) ;
#73 = AXIS2_PLACEMENT_3D ( 'NONE', #4832, #2801, #8976 ) ;
#72 = CARTESIAN_POINT ( 'NONE',  ( -6.036500000000001975, 3.754999999999997673, -0.06000000000000004635 ) ) ;
#74 = ORIENTED_EDGE ( 'NONE', *, *, #403, .T. ) ;
#75 = EDGE_CURVE ( 'NONE', #3162, #5573, #3544, .T. ) ;
#76 = ORIENTED_EDGE ( 'NONE', *, *, #1629, .F. ) ;
#77 = CARTESIAN_POINT ( 'NONE',  ( -0.8485000000000026965, 2.254999999999998561, -0.06000000000000004635 ) ) ;
#78 = FACE_OUTER_BOUND ( 'NONE', #80, .T. ) ;
#79 = PLANE ( 'NONE',  #5426 ) ;
#80 = EDGE_LOOP ( 'NONE', ( #4715, #8024, #4603, #1944 ) ) ;
#81 = CARTESIAN_POINT ( 'NONE',  ( -3.348500000000002697, -5.745000000000000995, -0.06000000000000004635 ) ) ;
#82 = CARTESIAN_POINT ( 'NONE',  ( -4.161500000000001087, 2.254999999999998561, -0.7500393700787405526 ) ) ;
#83 = DIRECTION ( 'NONE',  ( 0.000000000000000000, 0.000000000000000000, -1.000000000000000000 ) ) ;
#84 = AXIS2_PLACEMENT_3D ( 'NONE', #7862, #2925, #2849 ) ;
#85 = ORIENTED_EDGE ( 'NONE', *, *, #4634, .T. ) ;
#86 = CARTESIAN_POINT ( 'NONE',  ( -6.661500000000002863, 9.754999999999999005, -0.7500393700787405526 ) ) ;
#87 = EDGE_CURVE ( 'NONE', #7410, #5445, #670, .T. ) ;
#88 = DIRECTION ( 'NONE',  ( -0.000000000000000000, -0.000000000000000000, 1.000000000000000000 ) ) ;
#89 = EDGE_LOOP ( 'NONE', ( #813, #7546, #5779, #5882 ) ) ;
#90 = EDGE_LOOP ( 'NONE', ( #5188, #1824, #7571, #8772 ) ) ;
#91 = CARTESIAN_POINT ( 'NONE',  ( 8.719999999999998863, 10.78499999999999837, -0.05999999999999999778 ) ) ;
#92 = ORIENTED_EDGE ( 'NONE', *, *, #6846, .F. ) ;
#93 = FACE_OUTER_BOUND ( 'NONE', #350, .T. ) ;
#94 = LINE ( 'NONE', #2054, #6587 ) ;
#95 = DIRECTION ( 'NONE',  ( -0.000000000000000000, -0.000000000000000000, 1.000000000000000000 ) ) ;
#96 = ORIENTED_EDGE ( 'NONE', *, *, #8788, .T. ) ;
#97 = ADVANCED_FACE ( 'NONE', ( #4320 ), #3495, .F. ) ;
#98 = EDGE_CURVE ( 'NONE', #3954, #7132, #20, .T. ) ;
#99 = VECTOR ( 'NONE', #7920, 39.37007874015748143 ) ;
#100 = CARTESIAN_POINT ( 'NONE',  ( -2.911500000000001087, -5.745000000000000995, -0.7500393700787405526 ) ) ;
#101 = ORIENTED_EDGE ( 'NONE', *, *, #216, .T. ) ;
#102 = CARTESIAN_POINT ( 'NONE',  ( 8.470000000000000639, 10.84499999999999886, -0.7500000000000003331 ) ) ;
#103 = VECTOR ( 'NONE', #5721, 39.37007874015748143 ) ;
#104 = VERTEX_POINT ( 'NONE', #3587 ) ;
#105 = DIRECTION ( 'NONE',  ( 0.000000000000000000, 0.000000000000000000, -1.000000000000000000 ) ) ;
#106 = CARTESIAN_POINT ( 'NONE',  ( -2.286500000000001975, 7.754999999999997229, -0.7500393700787405526 ) ) ;
#107 = LINE ( 'NONE', #8640, #2445 ) ;
#108 = ORIENTED_EDGE ( 'NONE', *, *, #1438, .T. ) ;
#109 = FACE_OUTER_BOUND ( 'NONE', #779, .T. ) ;
#110 = EDGE_CURVE ( 'NONE', #4408, #7047, #9172, .T. ) ;
#111 = VECTOR ( 'NONE', #2486, 39.37007874015748143 ) ;
#112 = EDGE_CURVE ( 'NONE', #3296, #1990, #5019, .T. ) ;
#113 = VECTOR ( 'NONE', #933, 39.37007874015748143 ) ;
#114 = CARTESIAN_POINT ( 'NONE',  ( -8.469999999999998863, -10.84500000000000242, -0.7500000000000002220 ) ) ;
#115 = CARTESIAN_POINT ( 'NONE',  ( -5.848500000000003141, 9.754999999999999005, -0.7500393700787405526 ) ) ;
#116 = VERTEX_POINT ( 'NONE', #7175 ) ;
#117 = AXIS2_PLACEMENT_3D ( 'NONE', #1238, #1376, #3359 ) ;
#118 = EDGE_CURVE ( 'NONE', #1650, #3620, #7820, .T. ) ;
#119 = VECTOR ( 'NONE', #1424, 39.37007874015748143 ) ;
#120 = ORIENTED_EDGE ( 'NONE', *, *, #8218, .F. ) ;
#121 = CARTESIAN_POINT ( 'NONE',  ( -0.4115000000000008096, -6.245000000000001883, -0.7500393700787405526 ) ) ;
#122 = DIRECTION ( 'NONE',  ( 0.000000000000000000, 0.000000000000000000, -1.000000000000000000 ) ) ;
#123 = DIRECTION ( 'NONE',  ( -1.000000000000000000, -0.000000000000000000, -0.000000000000000000 ) ) ;
#124 = EDGE_CURVE ( 'NONE', #8232, #5280, #807, .T. ) ;
#125 = VERTEX_POINT ( 'NONE', #4277 ) ;
#126 = CARTESIAN_POINT ( 'NONE',  ( -3.348500000000002697, 2.254999999999998561, 0.000000000000000000 ) ) ;
#127 = AXIS2_PLACEMENT_3D ( 'NONE', #686, #8394, #637 ) ;
#128 = LINE ( 'NONE', #263, #8884 ) ;
#129 = CARTESIAN_POINT ( 'NONE',  ( -3.750000000000002220, -10.56500000000000128, 0.000000000000000000 ) ) ;
#130 = ORIENTED_EDGE ( 'NONE', *, *, #8853, .T. ) ;
#131 = CARTESIAN_POINT ( 'NONE',  ( -1.473500000000001586, -7.745000000000001883, 0.000000000000000000 ) ) ;
#132 = AXIS2_PLACEMENT_3D ( 'NONE', #7465, #4517, #6821 ) ;
#133 = LINE ( 'NONE', #2949, #6805 ) ;
#134 = DIRECTION ( 'NONE',  ( 0.000000000000000000, -0.000000000000000000, 1.000000000000000000 ) ) ;
#135 = ORIENTED_EDGE ( 'NONE', *, *, #9090, .F. ) ;
#136 = DIRECTION ( 'NONE',  ( -1.000000000000000000, -0.000000000000000000, -0.000000000000000000 ) ) ;
#137 = ORIENTED_EDGE ( 'NONE', *, *, #1245, .T. ) ;
#138 = DIRECTION ( 'NONE',  ( 0.000000000000000000, -0.000000000000000000, -1.000000000000000000 ) ) ;
#139 = VERTEX_POINT ( 'NONE', #5666 ) ;
#140 = CARTESIAN_POINT ( 'NONE',  ( 8.660000000000001918, 5.564999999999997726, -0.4919999999999923879 ) ) ;
#141 = DIRECTION ( 'NONE',  ( 0.000000000000000000, 3.167359992654216647E-15, -1.000000000000000000 ) ) ;
#142 = CARTESIAN_POINT ( 'NONE',  ( -0.8485000000000026965, 9.754999999999999005, -0.06000000000000004635 ) ) ;
#143 = ORIENTED_EDGE ( 'NONE', *, *, #5145, .F. ) ;
#144 = DIRECTION ( 'NONE',  ( 1.000000000000000000, 0.000000000000000000, 0.000000000000000000 ) ) ;
#145 = ORIENTED_EDGE ( 'NONE', *, *, #7990, .F. ) ;
#146 = DIRECTION ( 'NONE',  ( 0.000000000000000000, 0.000000000000000000, 1.000000000000000000 ) ) ;
#147 = ORIENTED_EDGE ( 'NONE', *, *, #8497, .T. ) ;
#148 = DIRECTION ( 'NONE',  ( -1.000000000000000000, 0.000000000000000000, -0.000000000000000000 ) ) ;
#149 = EDGE_CURVE ( 'NONE', #6569, #6184, #6472, .T. ) ;
#150 = DIRECTION ( 'NONE',  ( 2.211755661550104953E-29, -1.000000000000000000, 6.334719985308435660E-15 ) ) ;
#151 = CARTESIAN_POINT ( 'NONE',  ( -2.098500000000002697, -5.745000000000000995, -0.06000000000000004635 ) ) ;
#152 = ORIENTED_EDGE ( 'NONE', *, *, #1926, .F. ) ;
#153 = LINE ( 'NONE', #6384, #8775 ) ;
#154 = VECTOR ( 'NONE', #4484, 39.37007874015748143 ) ;
#155 = FACE_OUTER_BOUND ( 'NONE', #814, .T. ) ;
#156 = FACE_OUTER_BOUND ( 'NONE', #5803, .T. ) ;
#157 = VERTEX_POINT ( 'NONE', #4932 ) ;
#158 = CARTESIAN_POINT ( 'NONE',  ( -7.098500000000003141, -5.745000000000000995, -0.06000000000000004635 ) ) ;
#159 = VERTEX_POINT ( 'NONE', #2967 ) ;
#160 = EDGE_CURVE ( 'NONE', #12, #3658, #5627, .T. ) ;
#161 = ADVANCED_FACE ( 'NONE', ( #1413 ), #3673, .F. ) ;
#162 = CARTESIAN_POINT ( 'NONE',  ( -2.098500000000002697, 1.754999999999998117, 0.000000000000000000 ) ) ;
#163 = ORIENTED_EDGE ( 'NONE', *, *, #7169, .T. ) ;
#164 = DIRECTION ( 'NONE',  ( -0.000000000000000000, -0.000000000000000000, 1.000000000000000000 ) ) ;
#165 = CARTESIAN_POINT ( 'NONE',  ( -4.161500000000001975, -9.745000000000002771, -0.06000000000000004635 ) ) ;
#166 = ORIENTED_EDGE ( 'NONE', *, *, #7111, .F. ) ;
#167 = AXIS2_PLACEMENT_3D ( 'NONE', #5774, #7113, #9192 ) ;
#168 = PLANE ( 'NONE',  #6345 ) ;
#169 = VECTOR ( 'NONE', #8727, 39.37007874015748143 ) ;
#170 = LINE ( 'NONE', #4293, #1179 ) ;
#171 = CARTESIAN_POINT ( 'NONE',  ( -5.223500000000001364, -4.245000000000002771, -0.7500393700787405526 ) ) ;
#172 = ORIENTED_EDGE ( 'NONE', *, *, #3492, .T. ) ;
#173 = CARTESIAN_POINT ( 'NONE',  ( -2.911500000000001087, 1.754999999999998117, 0.000000000000000000 ) ) ;
#174 = EDGE_CURVE ( 'NONE', #4162, #6089, #2281, .T. ) ;
#175 = VECTOR ( 'NONE', #4525, 39.37007874015748143 ) ;
#176 = VECTOR ( 'NONE', #5677, 39.37007874015748143 ) ;
#177 = DIRECTION ( 'NONE',  ( 1.000000000000000000, -0.000000000000000000, 0.000000000000000000 ) ) ;
#178 = ADVANCED_FACE ( 'NONE', ( #7302 ), #1679, .F. ) ;
#179 = CARTESIAN_POINT ( 'NONE',  ( -2.723500000000001808, -4.245000000000002771, -0.7500393700787405526 ) ) ;
#180 = ORIENTED_EDGE ( 'NONE', *, *, #495, .F. ) ;
#181 = CARTESIAN_POINT ( 'NONE',  ( -6.036500000000001975, 0.2549999999999985056, -0.7500393700787405526 ) ) ;
#182 = AXIS2_PLACEMENT_3D ( 'NONE', #3163, #148, #3063 ) ;
#183 = ORIENTED_EDGE ( 'NONE', *, *, #2654, .F. ) ;
#184 = CARTESIAN_POINT ( 'NONE',  ( -8.469999999999997087, -10.78500000000000014, 9.902948977032954413E-16 ) ) ;
#185 = ORIENTED_EDGE ( 'NONE', *, *, #745, .T. ) ;
#186 = EDGE_CURVE ( 'NONE', #7851, #6854, #8046, .T. ) ;
#187 = LINE ( 'NONE', #8673, #4112 ) ;
#188 = PLANE ( 'NONE',  #7045 ) ;
#189 = LINE ( 'NONE', #3005, #2246 ) ;
#190 = ORIENTED_EDGE ( 'NONE', *, *, #8721, .T. ) ;
#191 = DIRECTION ( 'NONE',  ( -0.000000000000000000, -0.000000000000000000, 1.000000000000000000 ) ) ;
#192 = EDGE_LOOP ( 'NONE', ( #7805, #183, #580, #4355 ) ) ;
#193 = DIRECTION ( 'NONE',  ( -0.000000000000000000, 1.000000000000000000, 0.000000000000000000 ) ) ;
#194 = ORIENTED_EDGE ( 'NONE', *, *, #3324, .F. ) ;
#195 = FACE_OUTER_BOUND ( 'NONE', #1676, .T. ) ;
#196 = DIRECTION ( 'NONE',  ( 1.000000000000000000, -0.000000000000000000, 0.000000000000000000 ) ) ;
#197 = DIRECTION ( 'NONE',  ( 0.000000000000000000, 1.000000000000000000, -3.167359992654216647E-15 ) ) ;
#198 = EDGE_CURVE ( 'NONE', #742, #4821, #6038, .T. ) ;
#199 = ORIENTED_EDGE ( 'NONE', *, *, #9076, .T. ) ;
#200 = LINE ( 'NONE', #3017, #7602 ) ;
#201 = VECTOR ( 'NONE', #4261, 39.37007874015748143 ) ;
#202 = ADVANCED_FACE ( 'NONE', ( #4409 ), #6751, .F. ) ;
#203 = DIRECTION ( 'NONE',  ( -0.000000000000000000, -3.167359992654217435E-15, -1.000000000000000000 ) ) ;
#204 = CARTESIAN_POINT ( 'NONE',  ( -4.598500000000003141, -9.745000000000000995, -0.7500393700787405526 ) ) ;
#205 = ORIENTED_EDGE ( 'NONE', *, *, #7391, .F. ) ;
#206 = DIRECTION ( 'NONE',  ( -1.000000000000000000, 0.000000000000000000, 0.000000000000000000 ) ) ;
#207 = VERTEX_POINT ( 'NONE', #2517 ) ;
#208 = VECTOR ( 'NONE', #7574, 39.37007874015748143 ) ;
#209 = EDGE_CURVE ( 'NONE', #789, #3625, #894, .T. ) ;
#210 = VERTEX_POINT ( 'NONE', #3716 ) ;
#211 = DIRECTION ( 'NONE',  ( -1.000000000000000000, 0.000000000000000000, 0.000000000000000000 ) ) ;
#212 = CARTESIAN_POINT ( 'NONE',  ( -5.848500000000003141, 2.254999999999998561, -0.05999999999999999778 ) ) ;
#213 = EDGE_CURVE ( 'NONE', #5528, #4677, #8140, .T. ) ;
#214 = EDGE_LOOP ( 'NONE', ( #5578, #4349, #4704, #8388 ) ) ;
#215 = CARTESIAN_POINT ( 'NONE',  ( -6.661500000000001975, -9.745000000000002771, -0.7500393700787405526 ) ) ;
#216 = EDGE_CURVE ( 'NONE', #5069, #2777, #8684, .T. ) ;
#217 = CARTESIAN_POINT ( 'NONE',  ( -4.598500000000003141, -5.745000000000000995, -0.06000000000000004635 ) ) ;
#218 = CARTESIAN_POINT ( 'NONE',  ( -5.223500000000001364, -0.2450000000000024380, 0.000000000000000000 ) ) ;
#219 = LINE ( 'NONE', #7323, #2390 ) ;
#220 = CARTESIAN_POINT ( 'NONE',  ( -4.598500000000003141, 5.754999999999998117, -0.7500393700787405526 ) ) ;
#221 = CARTESIAN_POINT ( 'NONE',  ( -8.660000000000003695, 10.78499999999999481, -0.7500000000000002220 ) ) ;
#222 = EDGE_CURVE ( 'NONE', #3992, #1992, #981, .T. ) ;
#223 = VECTOR ( 'NONE', #8243, 39.37007874015748143 ) ;
#224 = ORIENTED_EDGE ( 'NONE', *, *, #198, .T. ) ;
#225 = CARTESIAN_POINT ( 'NONE',  ( -6.473500000000002252, -7.745000000000001883, -0.06000000000000004635 ) ) ;
#226 = CARTESIAN_POINT ( 'NONE',  ( -5.848500000000003141, 2.254999999999998561, -0.7500393700787405526 ) ) ;
#227 = VERTEX_POINT ( 'NONE', #3908 ) ;
#228 = DIRECTION ( 'NONE',  ( 0.000000000000000000, -1.000000000000000000, 0.000000000000000000 ) ) ;
#229 = CARTESIAN_POINT ( 'NONE',  ( -8.470000000000002416, 10.90499999999999936, -0.7499999999999998890 ) ) ;
#230 = ORIENTED_EDGE ( 'NONE', *, *, #7195, .T. ) ;
#231 = DIRECTION ( 'NONE',  ( -1.000000000000000000, -0.000000000000000000, -0.000000000000000000 ) ) ;
#232 = EDGE_CURVE ( 'NONE', #3108, #6934, #4591, .T. ) ;
#233 = LINE ( 'NONE', #8630, #3621 ) ;
#234 = CARTESIAN_POINT ( 'NONE',  ( -1.036500000000001975, -7.745000000000001883, 0.000000000000000000 ) ) ;
#235 = PRESENTATION_LAYER_ASSIGNMENT (  '', '', ( #5559 ) ) ;
#236 = EDGE_LOOP ( 'NONE', ( #3493, #3399, #4918, #3972 ) ) ;
#237 = EDGE_CURVE ( 'NONE', #7425, #4789, #244, .T. ) ;
#238 = DIRECTION ( 'NONE',  ( -0.000000000000000000, -0.000000000000000000, 1.000000000000000000 ) ) ;
#239 = ORIENTED_EDGE ( 'NONE', *, *, #7324, .T. ) ;
#240 = CARTESIAN_POINT ( 'NONE',  ( -3.973500000000001808, -0.2450000000000024380, 0.000000000000000000 ) ) ;
#241 = ORIENTED_EDGE ( 'NONE', *, *, #2989, .F. ) ;
#242 = VERTEX_POINT ( 'NONE', #2467 ) ;
#243 = CARTESIAN_POINT ( 'NONE',  ( -2.098500000000002697, 2.254999999999998561, -0.7500393700787405526 ) ) ;
#244 = LINE ( 'NONE', #6656, #3007 ) ;
#245 = DIRECTION ( 'NONE',  ( 0.000000000000000000, 3.167359992654216647E-15, 1.000000000000000000 ) ) ;
#246 = VERTEX_POINT ( 'NONE', #5991 ) ;
#247 = DIRECTION ( 'NONE',  ( -0.000000000000000000, 1.000000000000000000, 0.000000000000000000 ) ) ;
#248 = AXIS2_PLACEMENT_3D ( 'NONE', #408, #6060, #3475 ) ;
#249 = CARTESIAN_POINT ( 'NONE',  ( -8.469999999999997087, -10.78500000000000192, -0.05999999999999999778 ) ) ;
#250 = VECTOR ( 'NONE', #2353, 39.37007874015748143 ) ;
#251 = DIRECTION ( 'NONE',  ( 0.000000000000000000, -1.000000000000000000, 0.000000000000000000 ) ) ;
#252 = ORIENTED_EDGE ( 'NONE', *, *, #8255, .F. ) ;
#253 = DIRECTION ( 'NONE',  ( 0.000000000000000000, 0.000000000000000000, 1.000000000000000000 ) ) ;
#254 = ORIENTED_EDGE ( 'NONE', *, *, #2490, .T. ) ;
#255 = VECTOR ( 'NONE', #3093, 39.37007874015748143 ) ;
#256 = ORIENTED_EDGE ( 'NONE', *, *, #8155, .T. ) ;
#257 = FACE_OUTER_BOUND ( 'NONE', #7070, .T. ) ;
#258 = EDGE_CURVE ( 'NONE', #7410, #7378, #8184, .T. ) ;
#259 = LINE ( 'NONE', #8749, #2551 ) ;
#260 = DIRECTION ( 'NONE',  ( 1.000000000000000000, -5.605193857299269528E-45, -3.491481338843133750E-15 ) ) ;
#261 = ORIENTED_EDGE ( 'NONE', *, *, #8268, .T. ) ;
#262 = DIRECTION ( 'NONE',  ( 0.000000000000000000, 0.000000000000000000, -1.000000000000000000 ) ) ;
#263 = CARTESIAN_POINT ( 'NONE',  ( -0.8485000000000026965, -6.245000000000001883, -0.06000000000000004635 ) ) ;
#264 = DIRECTION ( 'NONE',  ( 0.000000000000000000, -1.000000000000000000, 0.000000000000000000 ) ) ;
#265 = VECTOR ( 'NONE', #2427, 39.37007874015748143 ) ;
#266 = VECTOR ( 'NONE', #3935, 39.37007874015748143 ) ;
#267 = CARTESIAN_POINT ( 'NONE',  ( -0.8485000000000026965, -1.745000000000001217, 0.000000000000000000 ) ) ;
#268 = ADVANCED_FACE ( 'NONE', ( #5892 ), #8783, .F. ) ;
#269 = LINE ( 'NONE', #3092, #6353 ) ;
#270 = VECTOR ( 'NONE', #2061, 39.37007874015748143 ) ;
#271 = CIRCLE ( 'NONE', #4548, 0.05200000000000001843 ) ;
#272 = AXIS2_PLACEMENT_3D ( 'NONE', #1644, #4373, #4461 ) ;
#273 = DIRECTION ( 'NONE',  ( 1.000000000000000000, -3.122111992759157471E-16, 0.000000000000000000 ) ) ;
#274 = ORIENTED_EDGE ( 'NONE', *, *, #7039, .T. ) ;
#275 = DIRECTION ( 'NONE',  ( -1.000000000000000000, 0.000000000000000000, 0.000000000000000000 ) ) ;
#276 = DIRECTION ( 'NONE',  ( 0.000000000000000000, 1.000000000000000000, 0.000000000000000000 ) ) ;
#277 = EDGE_LOOP ( 'NONE', ( #2338, #9170, #7658, #2586 ) ) ;
#278 = LINE ( 'NONE', #7981, #3002 ) ;
#279 = CARTESIAN_POINT ( 'NONE',  ( -7.098500000000003141, 5.754999999999998117, -0.06000000000000004635 ) ) ;
#280 = VECTOR ( 'NONE', #3988, 39.37007874015748143 ) ;
#281 = VERTEX_POINT ( 'NONE', #1635 ) ;
#282 = DIRECTION ( 'NONE',  ( 0.000000000000000000, 3.167359992654216647E-15, 1.000000000000000000 ) ) ;
#283 = EDGE_CURVE ( 'NONE', #305, #9118, #1102, .T. ) ;
#284 = EDGE_CURVE ( 'NONE', #902, #3016, #510, .T. ) ;
#285 = CARTESIAN_POINT ( 'NONE',  ( -2.098500000000002697, -1.745000000000001217, -0.06000000000000004635 ) ) ;
#286 = LINE ( 'NONE', #3105, #1947 ) ;
#287 = LINE ( 'NONE', #1672, #8860 ) ;
#288 = ORIENTED_EDGE ( 'NONE', *, *, #6652, .T. ) ;
#289 = DIRECTION ( 'NONE',  ( -0.000000000000000000, -0.000000000000000000, 1.000000000000000000 ) ) ;
#290 = ORIENTED_EDGE ( 'NONE', *, *, #6982, .F. ) ;
#291 = ORIENTED_EDGE ( 'NONE', *, *, #8372, .F. ) ;
#292 = DIRECTION ( 'NONE',  ( -0.000000000000000000, -0.000000000000000000, 1.000000000000000000 ) ) ;
#293 = EDGE_CURVE ( 'NONE', #7560, #5844, #5243, .T. ) ;
#294 = DIRECTION ( 'NONE',  ( 0.000000000000000000, -0.000000000000000000, -1.000000000000000000 ) ) ;
#295 = CARTESIAN_POINT ( 'NONE',  ( -5.411500000000001087, -2.245000000000001883, -0.7500393700787405526 ) ) ;
#296 = VERTEX_POINT ( 'NONE', #8092 ) ;
#297 = PLANE ( 'NONE',  #3627 ) ;
#298 = DIRECTION ( 'NONE',  ( 1.000000000000000000, 0.000000000000000000, -3.167359992654217041E-15 ) ) ;
#299 = CARTESIAN_POINT ( 'NONE',  ( -6.473500000000002252, 4.254999999999998117, 0.000000000000000000 ) ) ;
#300 = EDGE_LOOP ( 'NONE', ( #9120, #8057, #8404, #859 ) ) ;
#301 = PLANE ( 'NONE',  #4628 ) ;
#302 = ORIENTED_EDGE ( 'NONE', *, *, #2599, .T. ) ;
#303 = EDGE_LOOP ( 'NONE', ( #3876, #5668, #2664, #932 ) ) ;
#304 = CARTESIAN_POINT ( 'NONE',  ( -2.286500000000001975, -7.745000000000001883, -0.7500393700787405526 ) ) ;
#305 = VERTEX_POINT ( 'NONE', #7399 ) ;
#306 = CARTESIAN_POINT ( 'NONE',  ( -6.473500000000002252, -4.245000000000002771, -0.06000000000000004635 ) ) ;
#307 = DIRECTION ( 'NONE',  ( 0.000000000000000000, 0.000000000000000000, -1.000000000000000000 ) ) ;
#308 = VERTEX_POINT ( 'NONE', #1032 ) ;
#309 = DIRECTION ( 'NONE',  ( 1.000000000000000000, 0.000000000000000000, 0.000000000000000000 ) ) ;
#310 = CARTESIAN_POINT ( 'NONE',  ( 8.720000000000000639, -10.78500000000000192, -0.7500000000000001110 ) ) ;
#311 = DIRECTION ( 'NONE',  ( 0.000000000000000000, 0.000000000000000000, 1.000000000000000000 ) ) ;
#312 = DIRECTION ( 'NONE',  ( 1.000000000000000000, 0.000000000000000000, 0.000000000000000000 ) ) ;
#313 = CARTESIAN_POINT ( 'NONE',  ( -3.536500000000001975, 0.2549999999999985056, -0.06000000000000004635 ) ) ;
#314 = VECTOR ( 'NONE', #7764, 39.37007874015748143 ) ;
#315 = ORIENTED_EDGE ( 'NONE', *, *, #7662, .F. ) ;
#316 = DIRECTION ( 'NONE',  ( 3.122111992759157471E-16, 1.000000000000000000, 0.000000000000000000 ) ) ;
#317 = DIRECTION ( 'NONE',  ( -0.000000000000000000, -0.000000000000000000, 1.000000000000000000 ) ) ;
#318 = ADVANCED_FACE ( 'NONE', ( #3859 ), #6702, .F. ) ;
#319 = ORIENTED_EDGE ( 'NONE', *, *, #5582, .T. ) ;
#320 = DIRECTION ( 'NONE',  ( 1.000000000000000000, -0.000000000000000000, 0.000000000000000000 ) ) ;
#321 = ORIENTED_EDGE ( 'NONE', *, *, #2716, .F. ) ;
#322 = LINE ( 'NONE', #3843, #3603 ) ;
#323 = LINE ( 'NONE', #8865, #5458 ) ;
#324 = AXIS2_PLACEMENT_3D ( 'NONE', #4023, #2588, #8908 ) ;
#325 = ADVANCED_FACE ( 'NONE', ( #4639 ), #479, .F. ) ;
#326 = ORIENTED_EDGE ( 'NONE', *, *, #9026, .F. ) ;
#327 = VECTOR ( 'NONE', #815, 39.37007874015748143 ) ;
#328 = CARTESIAN_POINT ( 'NONE',  ( -2.098500000000002697, -2.245000000000001883, -0.06000000000000004635 ) ) ;
#329 = FACE_OUTER_BOUND ( 'NONE', #993, .T. ) ;
#330 = CARTESIAN_POINT ( 'NONE',  ( -2.286500000000001975, 7.754999999999997229, 0.000000000000000000 ) ) ;
#331 = ADVANCED_FACE ( 'NONE', ( #6885 ), #8276, .F. ) ;
#332 = ORIENTED_EDGE ( 'NONE', *, *, #2655, .T. ) ;
#333 = VECTOR ( 'NONE', #794, 39.37007874015748143 ) ;
#334 = ADVANCED_FACE ( 'NONE', ( #2602 ), #7491, .F. ) ;
#335 = CARTESIAN_POINT ( 'NONE',  ( -4.786500000000001975, -3.745000000000001883, -0.06000000000000004635 ) ) ;
#336 = EDGE_CURVE ( 'NONE', #4116, #2046, #1263, .T. ) ;
#337 = LINE ( 'NONE', #6651, #2572 ) ;
#338 = ORIENTED_EDGE ( 'NONE', *, *, #4064, .T. ) ;
#339 = DIRECTION ( 'NONE',  ( -0.000000000000000000, -0.000000000000000000, 1.000000000000000000 ) ) ;
#340 = VECTOR ( 'NONE', #6413, 39.37007874015748143 ) ;
#341 = CARTESIAN_POINT ( 'NONE',  ( -5.411500000000001087, -1.745000000000001217, -0.7500393700787405526 ) ) ;
#342 = ORIENTED_EDGE ( 'NONE', *, *, #6465, .T. ) ;
#343 = LINE ( 'NONE', #6528, #571 ) ;
#344 = CARTESIAN_POINT ( 'NONE',  ( -1.036500000000001975, -7.745000000000001883, -0.06000000000000004635 ) ) ;
#345 = DIRECTION ( 'NONE',  ( -0.000000000000000000, -0.000000000000000000, 1.000000000000000000 ) ) ;
#346 = EDGE_CURVE ( 'NONE', #1934, #477, #1124, .T. ) ;
#347 = DIRECTION ( 'NONE',  ( 0.000000000000000000, -1.000000000000000000, 0.000000000000000000 ) ) ;
#348 = ORIENTED_EDGE ( 'NONE', *, *, #2945, .T. ) ;
#349 = CARTESIAN_POINT ( 'NONE',  ( 2.499999999999997780, -10.56500000000000128, -0.7500393700787405526 ) ) ;
#350 = EDGE_LOOP ( 'NONE', ( #2778, #8517, #7344, #4301 ) ) ;
#351 = AXIS2_PLACEMENT_3D ( 'NONE', #1632, #2842, #5662 ) ;
#352 = EDGE_LOOP ( 'NONE', ( #5939, #4530, #3106, #1083 ) ) ;
#353 = CARTESIAN_POINT ( 'NONE',  ( -1.473500000000001586, -0.2450000000000024380, 0.000000000000000000 ) ) ;
#354 = EDGE_CURVE ( 'NONE', #2428, #4260, #6082, .T. ) ;
#355 = ORIENTED_EDGE ( 'NONE', *, *, #907, .F. ) ;
#356 = CARTESIAN_POINT ( 'NONE',  ( -5.411500000000001087, 1.754999999999998117, 0.000000000000000000 ) ) ;
#357 = FACE_OUTER_BOUND ( 'NONE', #3450, .T. ) ;
#358 = EDGE_LOOP ( 'NONE', ( #8365, #3702, #4123, #3382 ) ) ;
#359 = CARTESIAN_POINT ( 'NONE',  ( -2.098500000000002697, -9.745000000000000995, -0.7500393700787405526 ) ) ;
#360 = ADVANCED_FACE ( 'NONE', ( #8230 ), #3387, .F. ) ;
#362 = VECTOR ( 'NONE', #4972, 39.37007874015748143 ) ;
#361 = DIRECTION ( 'NONE',  ( 0.000000000000000000, -1.000000000000000000, 0.000000000000000000 ) ) ;
#363 = DIRECTION ( 'NONE',  ( -1.000000000000000000, 0.000000000000000000, -3.167359992654217041E-15 ) ) ;
#364 = DIRECTION ( 'NONE',  ( -1.000000000000000000, 0.000000000000000000, 0.000000000000000000 ) ) ;
#365 = VECTOR ( 'NONE', #1670, 39.37007874015748143 ) ;
#366 = FACE_OUTER_BOUND ( 'NONE', #1261, .T. ) ;
#367 = ORIENTED_EDGE ( 'NONE', *, *, #5763, .T. ) ;
#368 = DIRECTION ( 'NONE',  ( 1.000000000000000000, 0.000000000000000000, 0.000000000000000000 ) ) ;
#369 = CARTESIAN_POINT ( 'NONE',  ( -0.8485000000000026965, 1.754999999999998117, -0.7500393700787405526 ) ) ;
#370 = ORIENTED_EDGE ( 'NONE', *, *, #1516, .T. ) ;
#371 = CARTESIAN_POINT ( 'NONE',  ( -3.973500000000001808, -7.745000000000001883, 0.000000000000000000 ) ) ;
#372 = VECTOR ( 'NONE', #802, 39.37007874015748143 ) ;
#373 = ORIENTED_EDGE ( 'NONE', *, *, #8297, .T. ) ;
#374 = DIRECTION ( 'NONE',  ( 1.000000000000000000, 0.000000000000000000, 0.000000000000000000 ) ) ;
#375 = DIRECTION ( 'NONE',  ( -0.000000000000000000, -0.000000000000000000, 1.000000000000000000 ) ) ;
#376 = EDGE_LOOP ( 'NONE', ( #5370, #1112, #915, #6671 ) ) ;
#377 = FACE_BOUND ( 'NONE', #530, .T. ) ;
#378 = DIRECTION ( 'NONE',  ( 0.000000000000000000, -0.000000000000000000, 1.000000000000000000 ) ) ;
#379 = FACE_OUTER_BOUND ( 'NONE', #7311, .T. ) ;
#380 = EDGE_CURVE ( 'NONE', #4635, #589, #520, .T. ) ;
#381 = ORIENTED_EDGE ( 'NONE', *, *, #2847, .T. ) ;
#382 = VECTOR ( 'NONE', #8464, 39.37007874015748143 ) ;
#383 = ORIENTED_EDGE ( 'NONE', *, *, #8971, .T. ) ;
#384 = LINE ( 'NONE', #3757, #6879 ) ;
#385 = ORIENTED_EDGE ( 'NONE', *, *, #4687, .T. ) ;
#386 = AXIS2_PLACEMENT_3D ( 'NONE', #6274, #7129, #2746 ) ;
#387 = FACE_BOUND ( 'NONE', #8, .T. ) ;
#388 = CARTESIAN_POINT ( 'NONE',  ( 8.720000000000000639, -5.565000000000003944, -0.4399999999999921751 ) ) ;
#389 = EDGE_CURVE ( 'NONE', #1416, #8703, #3951, .T. ) ;
#390 = ORIENTED_EDGE ( 'NONE', *, *, #6077, .F. ) ;
#391 = CARTESIAN_POINT ( 'NONE',  ( -1.036500000000001975, 0.2549999999999985056, 0.000000000000000000 ) ) ;
#392 = FACE_BOUND ( 'NONE', #699, .T. ) ;
#393 = DIRECTION ( 'NONE',  ( 0.000000000000000000, 0.000000000000000000, 1.000000000000000000 ) ) ;
#394 = CARTESIAN_POINT ( 'NONE',  ( -2.098500000000002697, 6.254999999999999893, -0.06000000000000004635 ) ) ;
#395 = ORIENTED_EDGE ( 'NONE', *, *, #5981, .T. ) ;
#396 = CARTESIAN_POINT ( 'NONE',  ( -6.036500000000001975, 0.2549999999999985056, 0.000000000000000000 ) ) ;
#397 = ORIENTED_EDGE ( 'NONE', *, *, #3039, .T. ) ;
#398 = CIRCLE ( 'NONE', #7368, 0.05200000000000001843 ) ;
#399 = ORIENTED_EDGE ( 'NONE', *, *, #593, .F. ) ;
#400 = CARTESIAN_POINT ( 'NONE',  ( -7.098500000000003141, -5.745000000000000995, -0.7500393700787405526 ) ) ;
#401 = EDGE_CURVE ( 'NONE', #2207, #5640, #2691, .T. ) ;
#403 = EDGE_CURVE ( 'NONE', #477, #6994, #5521, .T. ) ;
#402 = DIRECTION ( 'NONE',  ( 1.000000000000000000, 0.000000000000000000, 0.000000000000000000 ) ) ;
#404 = ORIENTED_EDGE ( 'NONE', *, *, #8107, .T. ) ;
#405 = LINE ( 'NONE', #1881, #6491 ) ;
#406 = CARTESIAN_POINT ( 'NONE',  ( -6.473500000000002252, -0.2450000000000024380, -0.06000000000000004635 ) ) ;
#407 = VECTOR ( 'NONE', #1845, 39.37007874015748143 ) ;
#408 = CARTESIAN_POINT ( 'NONE',  ( -3.973500000000001808, 7.754999999999997229, -0.7500393700787405526 ) ) ;
#409 = EDGE_CURVE ( 'NONE', #4126, #8983, #8923, .T. ) ;
#410 = EDGE_LOOP ( 'NONE', ( #2452, #2093, #4780, #9122 ) ) ;
#411 = CARTESIAN_POINT ( 'NONE',  ( 8.475999999999999091, 10.78499999999999837, 0.000000000000000000 ) ) ;
#412 = VECTOR ( 'NONE', #1145, 39.37007874015748143 ) ;
#413 = AXIS2_PLACEMENT_3D ( 'NONE', #3332, #6161, #4988 ) ;
#414 = EDGE_CURVE ( 'NONE', #2465, #6228, #4040, .T. ) ;
#415 = CARTESIAN_POINT ( 'NONE',  ( -5.411500000000001087, 6.254999999999999893, -0.000000000000000000 ) ) ;
#416 = VECTOR ( 'NONE', #6111, 39.37007874015748143 ) ;
#417 = ORIENTED_EDGE ( 'NONE', *, *, #7666, .F. ) ;
#418 = VECTOR ( 'NONE', #2673, 39.37007874015748143 ) ;
#419 = CARTESIAN_POINT ( 'NONE',  ( 8.475999999999997314, 0.000000000000000000, -0.000000000000000000 ) ) ;
#420 = CARTESIAN_POINT ( 'NONE',  ( -5.411500000000001087, -1.745000000000001217, -0.06000000000000004635 ) ) ;
#421 = CARTESIAN_POINT ( 'NONE',  ( -2.098500000000002697, -5.745000000000000995, 0.000000000000000000 ) ) ;
#422 = ORIENTED_EDGE ( 'NONE', *, *, #4013, .F. ) ;
#423 = DIRECTION ( 'NONE',  ( 8.087894779578809621E-30, 0.000000000000000000, 1.000000000000000000 ) ) ;
#424 = DIRECTION ( 'NONE',  ( 0.000000000000000000, 0.000000000000000000, 1.000000000000000000 ) ) ;
#425 = VERTEX_POINT ( 'NONE', #7671 ) ;
#426 = FACE_BOUND ( 'NONE', #2457, .T. ) ;
#427 = VECTOR ( 'NONE', #8342, 39.37007874015748143 ) ;
#428 = VECTOR ( 'NONE', #827, 39.37007874015748143 ) ;
#429 = ORIENTED_EDGE ( 'NONE', *, *, #8061, .F. ) ;
#430 = AXIS2_PLACEMENT_3D ( 'NONE', #7577, #6935, #439 ) ;
#431 = VERTEX_POINT ( 'NONE', #2649 ) ;
#432 = CARTESIAN_POINT ( 'NONE',  ( -5.848500000000003141, -5.745000000000000995, 0.000000000000000000 ) ) ;
#433 = ADVANCED_FACE ( 'NONE', ( #5474 ), #1862, .F. ) ;
#434 = ORIENTED_EDGE ( 'NONE', *, *, #4161, .T. ) ;
#435 = LINE ( 'NONE', #6840, #4319 ) ;
#436 = DIRECTION ( 'NONE',  ( 0.000000000000000000, 0.000000000000000000, -1.000000000000000000 ) ) ;
#437 = CARTESIAN_POINT ( 'NONE',  ( -5.223500000000001364, 7.754999999999997229, -0.06000000000000004635 ) ) ;
#438 = ORIENTED_EDGE ( 'NONE', *, *, #5400, .F. ) ;
#439 = DIRECTION ( 'NONE',  ( 0.000000000000000000, 0.000000000000000000, 1.000000000000000000 ) ) ;
#440 = VECTOR ( 'NONE', #3368, 39.37007874015748143 ) ;
#441 = CARTESIAN_POINT ( 'NONE',  ( -6.473500000000002252, -0.2450000000000024380, -0.7500393700787405526 ) ) ;
#442 = EDGE_CURVE ( 'NONE', #5787, #6542, #7625, .T. ) ;
#443 = LINE ( 'NONE', #8286, #2011 ) ;
#444 = CARTESIAN_POINT ( 'NONE',  ( -1.036500000000001975, 3.754999999999997673, -0.06000000000000004635 ) ) ;
#445 = VERTEX_POINT ( 'NONE', #7534 ) ;
#446 = DIRECTION ( 'NONE',  ( -1.000000000000000000, 0.000000000000000000, 0.000000000000000000 ) ) ;
#447 = EDGE_CURVE ( 'NONE', #207, #4815, #3998, .T. ) ;
#448 = VERTEX_POINT ( 'NONE', #1536 ) ;
#449 = ORIENTED_EDGE ( 'NONE', *, *, #1242, .T. ) ;
#450 = CARTESIAN_POINT ( 'NONE',  ( -7.098500000000003141, -5.745000000000000995, -0.7500393700787405526 ) ) ;
#451 = ORIENTED_EDGE ( 'NONE', *, *, #3502, .F. ) ;
#452 = DIRECTION ( 'NONE',  ( 1.000000000000000000, -2.500547362621746538E-15, 0.000000000000000000 ) ) ;
#453 = EDGE_CURVE ( 'NONE', #5823, #3625, #1450, .T. ) ;
#454 = ORIENTED_EDGE ( 'NONE', *, *, #2043, .T. ) ;
#455 = LINE ( 'NONE', #8202, #4249 ) ;
#456 = DIRECTION ( 'NONE',  ( 1.000000000000000000, -0.000000000000000000, 3.167359992654216647E-15 ) ) ;
#457 = ADVANCED_FACE ( 'NONE', ( #2099 ), #7165, .T. ) ;
#458 = EDGE_CURVE ( 'NONE', #5844, #7786, #6416, .T. ) ;
#459 = CARTESIAN_POINT ( 'NONE',  ( -3.348500000000002697, -9.745000000000000995, -0.05999999999999999778 ) ) ;
#460 = CARTESIAN_POINT ( 'NONE',  ( 8.720000000000000639, 6.944999999999996732, -0.4399999999999921751 ) ) ;
#461 = ORIENTED_EDGE ( 'NONE', *, *, #1857, .F. ) ;
#462 = CARTESIAN_POINT ( 'NONE',  ( -0.4115000000000018643, -9.745000000000002771, 0.000000000000000000 ) ) ;
#463 = CARTESIAN_POINT ( 'NONE',  ( 2.655999999999997030, 10.56499999999999773, 0.000000000000000000 ) ) ;
#464 = CARTESIAN_POINT ( 'NONE',  ( -5.848500000000003141, 1.754999999999998117, -0.7500393700787405526 ) ) ;
#465 = EDGE_CURVE ( 'NONE', #7917, #2408, #5616, .T. ) ;
#466 = ORIENTED_EDGE ( 'NONE', *, *, #3110, .T. ) ;
#467 = DIRECTION ( 'NONE',  ( 1.000000000000000000, -0.000000000000000000, 0.000000000000000000 ) ) ;
#468 = ORIENTED_EDGE ( 'NONE', *, *, #2964, .F. ) ;
#469 = FACE_OUTER_BOUND ( 'NONE', #5680, .T. ) ;
#470 = VERTEX_POINT ( 'NONE', #5696 ) ;
#471 = EDGE_CURVE ( 'NONE', #1742, #3658, #8545, .T. ) ;
#472 = VECTOR ( 'NONE', #6691, 39.37007874015748143 ) ;
#473 = ADVANCED_FACE ( 'NONE', ( #8416 ), #2958, .T. ) ;
#474 = ORIENTED_EDGE ( 'NONE', *, *, #5301, .T. ) ;
#475 = CARTESIAN_POINT ( 'NONE',  ( -3.348500000000002697, -5.745000000000000995, 0.000000000000000000 ) ) ;
#476 = VERTEX_POINT ( 'NONE', #1400 ) ;
#477 = VERTEX_POINT ( 'NONE', #5009 ) ;
#478 = CARTESIAN_POINT ( 'NONE',  ( -4.598500000000003141, 1.754999999999998117, -0.7500393700787405526 ) ) ;
#479 = PLANE ( 'NONE',  #6580 ) ;
#480 = CARTESIAN_POINT ( 'NONE',  ( -4.161500000000002863, 9.754999999999999005, 0.000000000000000000 ) ) ;
#481 = AXIS2_PLACEMENT_3D ( 'NONE', #464, #3985, #8951 ) ;
#482 = VERTEX_POINT ( 'NONE', #9160 ) ;
#483 = LINE ( 'NONE', #1314, #2344 ) ;
#484 = FACE_BOUND ( 'NONE', #6540, .T. ) ;
#485 = VECTOR ( 'NONE', #7101, 39.37007874015748143 ) ;
#486 = DIRECTION ( 'NONE',  ( -0.000000000000000000, -0.000000000000000000, 1.000000000000000000 ) ) ;
#487 = LINE ( 'NONE', #3305, #3530 ) ;
#488 = VERTEX_POINT ( 'NONE', #2835 ) ;
#489 = CARTESIAN_POINT ( 'NONE',  ( -1.036500000000001975, -7.745000000000001883, -0.7500393700787405526 ) ) ;
#490 = VECTOR ( 'NONE', #2803, 39.37007874015748143 ) ;
#491 = VERTEX_POINT ( 'NONE', #7075 ) ;
#492 = VERTEX_POINT ( 'NONE', #658 ) ;
#493 = DIRECTION ( 'NONE',  ( -1.000000000000000000, -0.000000000000000000, -0.000000000000000000 ) ) ;
#494 = EDGE_LOOP ( 'NONE', ( #3754, #3350, #2951, #5096 ) ) ;
#495 = EDGE_CURVE ( 'NONE', #1599, #1024, #3534, .T. ) ;
#496 = LINE ( 'NONE', #3314, #5865 ) ;
#497 = LINE ( 'NONE', #5909, #7828 ) ;
#498 = DIRECTION ( 'NONE',  ( 1.000000000000000000, 0.000000000000000000, 0.000000000000000000 ) ) ;
#499 = CARTESIAN_POINT ( 'NONE',  ( -2.098500000000002697, 1.754999999999998117, -0.06000000000000004635 ) ) ;
#500 = EDGE_CURVE ( 'NONE', #7458, #6442, #7126, .T. ) ;
#501 = EDGE_CURVE ( 'NONE', #1077, #8232, #7853, .T. ) ;
#502 = VECTOR ( 'NONE', #6925, 39.37007874015748143 ) ;
#503 = ORIENTED_EDGE ( 'NONE', *, *, #284, .T. ) ;
#504 = LINE ( 'NONE', #7518, #9153 ) ;
#505 = CARTESIAN_POINT ( 'NONE',  ( -3.348500000000002697, -1.745000000000001217, -0.06000000000000004635 ) ) ;
#506 = DIRECTION ( 'NONE',  ( 3.167359992654217435E-15, -0.000000000000000000, -1.000000000000000000 ) ) ;
#507 = ORIENTED_EDGE ( 'NONE', *, *, #8903, .T. ) ;
#508 = CARTESIAN_POINT ( 'NONE',  ( -3.973500000000001808, 4.254999999999998117, 0.000000000000000000 ) ) ;
#509 = ORIENTED_EDGE ( 'NONE', *, *, #829, .T. ) ;
#510 = CIRCLE ( 'NONE', #7630, 0.05200000000000001843 ) ;
#511 = ORIENTED_EDGE ( 'NONE', *, *, #458, .F. ) ;
#512 = EDGE_CURVE ( 'NONE', #7712, #2526, #94, .T. ) ;
#513 = DIRECTION ( 'NONE',  ( 0.000000000000000000, -1.000000000000000000, 0.000000000000000000 ) ) ;
#514 = EDGE_CURVE ( 'NONE', #819, #6510, #707, .T. ) ;
#515 = ORIENTED_EDGE ( 'NONE', *, *, #1086, .T. ) ;
#516 = DIRECTION ( 'NONE',  ( 0.000000000000000000, -1.000000000000000000, 0.000000000000000000 ) ) ;
#517 = EDGE_CURVE ( 'NONE', #6084, #8610, #7716, .T. ) ;
#518 = ORIENTED_EDGE ( 'NONE', *, *, #6676, .F. ) ;
#519 = ORIENTED_EDGE ( 'NONE', *, *, #3778, .T. ) ;
#520 = LINE ( 'NONE', #1954, #2581 ) ;
#521 = CARTESIAN_POINT ( 'NONE',  ( -1.473500000000001586, -7.745000000000001883, 0.000000000000000000 ) ) ;
#522 = ORIENTED_EDGE ( 'NONE', *, *, #6165, .T. ) ;
#523 = LINE ( 'NONE', #3302, #6361 ) ;
#524 = FACE_BOUND ( 'NONE', #1274, .T. ) ;
#525 = EDGE_CURVE ( 'NONE', #5455, #6678, #6372, .T. ) ;
#526 = FACE_OUTER_BOUND ( 'NONE', #6047, .T. ) ;
#527 = LINE ( 'NONE', #5481, #7836 ) ;
#528 = ORIENTED_EDGE ( 'NONE', *, *, #8384, .T. ) ;
#529 = PLANE ( 'NONE',  #5983 ) ;
#530 = EDGE_LOOP ( 'NONE', ( #7461, #466 ) ) ;
#531 = ORIENTED_EDGE ( 'NONE', *, *, #5713, .T. ) ;
#532 = CARTESIAN_POINT ( 'NONE',  ( -2.723500000000001808, -4.245000000000002771, 0.000000000000000000 ) ) ;
#533 = VERTEX_POINT ( 'NONE', #3482 ) ;
#534 = CARTESIAN_POINT ( 'NONE',  ( -5.848500000000003141, 5.754999999999998117, 0.000000000000000000 ) ) ;
#535 = ORIENTED_EDGE ( 'NONE', *, *, #2159, .T. ) ;
#536 = CARTESIAN_POINT ( 'NONE',  ( -2.723500000000001808, -7.745000000000001883, 0.000000000000000000 ) ) ;
#537 = CARTESIAN_POINT ( 'NONE',  ( -6.661500000000001087, 2.254999999999998561, 0.000000000000000000 ) ) ;
#538 = VERTEX_POINT ( 'NONE', #2913 ) ;
#539 = ORIENTED_EDGE ( 'NONE', *, *, #8734, .T. ) ;
#540 = CARTESIAN_POINT ( 'NONE',  ( -8.720000000000002416, 10.78499999999999837, -0.1199999999999996209 ) ) ;
#541 = EDGE_CURVE ( 'NONE', #6610, #7034, #4308, .T. ) ;
#542 = CYLINDRICAL_SURFACE ( 'NONE', #9022, 0.05200000000000001843 ) ;
#543 = AXIS2_PLACEMENT_3D ( 'NONE', #4911, #5646, #1441 ) ;
#544 = EDGE_LOOP ( 'NONE', ( #3577, #348, #1003, #7245 ) ) ;
#545 = LINE ( 'NONE', #6780, #3524 ) ;
#546 = CYLINDRICAL_SURFACE ( 'NONE', #2506, 0.05200000000000001843 ) ;
#547 = CARTESIAN_POINT ( 'NONE',  ( -0.8485000000000026965, 6.254999999999999893, -0.7500393700787405526 ) ) ;
#548 = DIRECTION ( 'NONE',  ( -0.000000000000000000, -0.000000000000000000, 1.000000000000000000 ) ) ;
#549 = CIRCLE ( 'NONE', #1294, 0.05200000000000001843 ) ;
#550 = ORIENTED_EDGE ( 'NONE', *, *, #7598, .F. ) ;
#551 = LINE ( 'NONE', #3327, #1044 ) ;
#552 = EDGE_CURVE ( 'NONE', #2469, #3440, #2792, .T. ) ;
#553 = EDGE_LOOP ( 'NONE', ( #6900, #6730, #6423, #7880 ) ) ;
#554 = DIRECTION ( 'NONE',  ( 0.000000000000000000, -0.000000000000000000, -1.000000000000000000 ) ) ;
#555 = VECTOR ( 'NONE', #7734, 39.37007874015748143 ) ;
#556 = ORIENTED_EDGE ( 'NONE', *, *, #6878, .F. ) ;
#557 = CARTESIAN_POINT ( 'NONE',  ( -3.973500000000001808, 4.254999999999998117, -0.7500393700787405526 ) ) ;
#558 = AXIS2_PLACEMENT_3D ( 'NONE', #8110, #4564, #7417 ) ;
#559 = EDGE_CURVE ( 'NONE', #1633, #9035, #3575, .T. ) ;
#560 = VECTOR ( 'NONE', #231, 39.37007874015748143 ) ;
#561 = ORIENTED_EDGE ( 'NONE', *, *, #3527, .T. ) ;
#562 = EDGE_CURVE ( 'NONE', #8150, #3454, #4533, .T. ) ;
#563 = VERTEX_POINT ( 'NONE', #7935 ) ;
#564 = DIRECTION ( 'NONE',  ( 1.000000000000000000, 0.000000000000000000, 0.000000000000000000 ) ) ;
#565 = CARTESIAN_POINT ( 'NONE',  ( -2.723500000000001808, 0.2549999999999985056, -0.7500393700787405526 ) ) ;
#566 = LINE ( 'NONE', #3388, #2240 ) ;
#567 = ORIENTED_EDGE ( 'NONE', *, *, #4216, .T. ) ;
#568 = CARTESIAN_POINT ( 'NONE',  ( -5.223500000000001364, 0.2549999999999985056, 0.000000000000000000 ) ) ;
#569 = CARTESIAN_POINT ( 'NONE',  ( -2.911500000000001087, -2.245000000000001883, 0.000000000000000000 ) ) ;
#570 = VECTOR ( 'NONE', #2154, 39.37007874015748143 ) ;
#571 = VECTOR ( 'NONE', #2470, 39.37007874015748143 ) ;
#572 = CIRCLE ( 'NONE', #2203, 0.05200000000000001843 ) ;
#573 = FACE_OUTER_BOUND ( 'NONE', #687, .T. ) ;
#574 = CARTESIAN_POINT ( 'NONE',  ( -4.598500000000003141, 1.754999999999998117, -0.7500393700787405526 ) ) ;
#575 = ORIENTED_EDGE ( 'NONE', *, *, #6165, .F. ) ;
#576 = LINE ( 'NONE', #6181, #7331 ) ;
#577 = ORIENTED_EDGE ( 'NONE', *, *, #1132, .F. ) ;
#578 = ADVANCED_FACE ( 'NONE', ( #329 ), #5231, .F. ) ;
#579 = VECTOR ( 'NONE', #8992, 39.37007874015748143 ) ;
#580 = ORIENTED_EDGE ( 'NONE', *, *, #6899, .F. ) ;
#581 = CARTESIAN_POINT ( 'NONE',  ( -7.098500000000003141, -6.245000000000001883, 0.000000000000000000 ) ) ;
#582 = ORIENTED_EDGE ( 'NONE', *, *, #9061, .F. ) ;
#583 = DIRECTION ( 'NONE',  ( -0.000000000000000000, -0.000000000000000000, 1.000000000000000000 ) ) ;
#584 = EDGE_CURVE ( 'NONE', #6442, #125, #233, .T. ) ;
#585 = ORIENTED_EDGE ( 'NONE', *, *, #3556, .F. ) ;
#586 = LINE ( 'NONE', #6013, #3807 ) ;
#587 = DIRECTION ( 'NONE',  ( 0.000000000000000000, 0.000000000000000000, -1.000000000000000000 ) ) ;
#588 = ORIENTED_EDGE ( 'NONE', *, *, #6211, .F. ) ;
#589 = VERTEX_POINT ( 'NONE', #2459 ) ;
#590 = DIRECTION ( 'NONE',  ( 0.000000000000000000, 0.000000000000000000, -1.000000000000000000 ) ) ;
#591 = CARTESIAN_POINT ( 'NONE',  ( -6.473500000000002252, 4.254999999999998117, -0.06000000000000004635 ) ) ;
#592 = FACE_OUTER_BOUND ( 'NONE', #7359, .T. ) ;
#593 = EDGE_CURVE ( 'NONE', #7502, #789, #3154, .T. ) ;
#594 = EDGE_LOOP ( 'NONE', ( #6791, #4411, #6683, #9084 ) ) ;
#595 = CARTESIAN_POINT ( 'NONE',  ( -7.098500000000003141, 5.754999999999998117, -0.7500393700787405526 ) ) ;
#596 = DIRECTION ( 'NONE',  ( 0.000000000000000000, -0.000000000000000000, 1.000000000000000000 ) ) ;
#597 = DIRECTION ( 'NONE',  ( -0.000000000000000000, -0.000000000000000000, 1.000000000000000000 ) ) ;
#598 = ORIENTED_EDGE ( 'NONE', *, *, #6716, .F. ) ;
#599 = CARTESIAN_POINT ( 'NONE',  ( -3.750000000000002220, -10.56500000000000128, 0.000000000000000000 ) ) ;
#600 = ORIENTED_EDGE ( 'NONE', *, *, #1427, .F. ) ;
#601 = ORIENTED_EDGE ( 'NONE', *, *, #8191, .F. ) ;
#602 = DIRECTION ( 'NONE',  ( -1.000000000000000000, -0.000000000000000000, -0.000000000000000000 ) ) ;
#603 = EDGE_CURVE ( 'NONE', #8150, #5079, #3177, .T. ) ;
#604 = ORIENTED_EDGE ( 'NONE', *, *, #7117, .F. ) ;
#605 = LINE ( 'NONE', #9106, #9101 ) ;
#606 = ORIENTED_EDGE ( 'NONE', *, *, #2058, .T. ) ;
#607 = ORIENTED_EDGE ( 'NONE', *, *, #2220, .T. ) ;
#608 = DIRECTION ( 'NONE',  ( 0.000000000000000000, 0.000000000000000000, 1.000000000000000000 ) ) ;
#609 = DIRECTION ( 'NONE',  ( -2.500547362621746538E-15, -1.000000000000000000, 0.000000000000000000 ) ) ;
#610 = DIRECTION ( 'NONE',  ( 0.000000000000000000, -0.000000000000000000, 1.000000000000000000 ) ) ;
#611 = ORIENTED_EDGE ( 'NONE', *, *, #8616, .F. ) ;
#612 = FACE_BOUND ( 'NONE', #352, .T. ) ;
#613 = EDGE_CURVE ( 'NONE', #3819, #563, #3752, .T. ) ;
#614 = EDGE_CURVE ( 'NONE', #6681, #2012, #5785, .T. ) ;
#615 = LINE ( 'NONE', #4878, #7648 ) ;
#616 = CARTESIAN_POINT ( 'NONE',  ( -4.598500000000003141, 6.254999999999999893, -0.06000000000000004635 ) ) ;
#617 = VERTEX_POINT ( 'NONE', #6690 ) ;
#618 = CARTESIAN_POINT ( 'NONE',  ( -0.8485000000000026965, -5.745000000000000995, 0.000000000000000000 ) ) ;
#619 = VERTEX_POINT ( 'NONE', #3050 ) ;
#620 = DIRECTION ( 'NONE',  ( 1.000000000000000000, 0.000000000000000000, 3.491481338843134539E-15 ) ) ;
#621 = VECTOR ( 'NONE', #4710, 39.37007874015748143 ) ;
#622 = VECTOR ( 'NONE', #3639, 39.37007874015748143 ) ;
#623 = PLANE ( 'NONE',  #3375 ) ;
#624 = CARTESIAN_POINT ( 'NONE',  ( -4.598500000000003141, 1.754999999999998117, 0.000000000000000000 ) ) ;
#625 = EDGE_LOOP ( 'NONE', ( #6893, #2722, #1544, #3260 ) ) ;
#626 = CARTESIAN_POINT ( 'NONE',  ( -2.098500000000002697, 5.754999999999998117, -0.06000000000000004635 ) ) ;
#627 = ADVANCED_FACE ( 'NONE', ( #5880 ), #188, .F. ) ;
#628 = EDGE_LOOP ( 'NONE', ( #7130, #5389, #5423, #3594 ) ) ;
#629 = FACE_OUTER_BOUND ( 'NONE', #628, .T. ) ;
#630 = VECTOR ( 'NONE', #5794, 39.37007874015748143 ) ;
#631 = CARTESIAN_POINT ( 'NONE',  ( -4.598500000000003141, 2.254999999999998561, 0.000000000000000000 ) ) ;
#632 = ORIENTED_EDGE ( 'NONE', *, *, #7933, .F. ) ;
#633 = DIRECTION ( 'NONE',  ( 3.122111992759157471E-16, 1.000000000000000000, 0.000000000000000000 ) ) ;
#634 = EDGE_CURVE ( 'NONE', #1156, #1077, #5979, .T. ) ;
#635 = LINE ( 'NONE', #4149, #8283 ) ;
#636 = CARTESIAN_POINT ( 'NONE',  ( -3.536500000000001975, 0.2549999999999985056, -0.06000000000000004635 ) ) ;
#637 = DIRECTION ( 'NONE',  ( 0.000000000000000000, 0.000000000000000000, 1.000000000000000000 ) ) ;
#638 = ADVANCED_FACE ( 'NONE', ( #3897 ), #5136, .F. ) ;
#639 = VECTOR ( 'NONE', #7501, 39.37007874015748143 ) ;
#640 = CARTESIAN_POINT ( 'NONE',  ( -2.911500000000001975, -9.745000000000002771, -0.7500393700787405526 ) ) ;
#641 = LINE ( 'NONE', #595, #440 ) ;
#642 = CARTESIAN_POINT ( 'NONE',  ( -1.473500000000001586, -3.745000000000001883, 0.000000000000000000 ) ) ;
#643 = CARTESIAN_POINT ( 'NONE',  ( -4.598500000000003141, -6.245000000000001883, -0.7500393700787405526 ) ) ;
#644 = ORIENTED_EDGE ( 'NONE', *, *, #1827, .F. ) ;
#645 = DIRECTION ( 'NONE',  ( 0.000000000000000000, -0.000000000000000000, 1.000000000000000000 ) ) ;
#646 = VERTEX_POINT ( 'NONE', #2270 ) ;
#647 = VECTOR ( 'NONE', #6543, 39.37007874015748143 ) ;
#648 = ORIENTED_EDGE ( 'NONE', *, *, #2847, .F. ) ;
#649 = DIRECTION ( 'NONE',  ( 0.000000000000000000, 0.000000000000000000, -1.000000000000000000 ) ) ;
#650 = VERTEX_POINT ( 'NONE', #4442 ) ;
#651 = AXIS2_PLACEMENT_3D ( 'NONE', #6171, #609, #1909 ) ;
#652 = ORIENTED_EDGE ( 'NONE', *, *, #7433, .T. ) ;
#653 = FACE_OUTER_BOUND ( 'NONE', #8763, .T. ) ;
#654 = ORIENTED_EDGE ( 'NONE', *, *, #4863, .T. ) ;
#655 = ORIENTED_EDGE ( 'NONE', *, *, #3406, .T. ) ;
#656 = CARTESIAN_POINT ( 'NONE',  ( -2.098500000000002697, -1.745000000000001217, 0.000000000000000000 ) ) ;
#657 = EDGE_CURVE ( 'NONE', #1126, #4160, #8726, .T. ) ;
#658 = CARTESIAN_POINT ( 'NONE',  ( -6.661500000000001087, -6.245000000000001883, -0.06000000000000004635 ) ) ;
#659 = LINE ( 'NONE', #837, #28 ) ;
#660 = EDGE_LOOP ( 'NONE', ( #3209, #1706, #3709, #9125 ) ) ;
#661 = CARTESIAN_POINT ( 'NONE',  ( -0.8485000000000026965, 1.754999999999998117, -0.06000000000000004635 ) ) ;
#662 = VECTOR ( 'NONE', #1717, 39.37007874015748143 ) ;
#663 =( LENGTH_UNIT ( ) NAMED_UNIT ( * ) SI_UNIT ( $, .METRE. ) );
#664 = CARTESIAN_POINT ( 'NONE',  ( 8.475999999999999091, 0.000000000000000000, -0.000000000000000000 ) ) ;
#665 = VERTEX_POINT ( 'NONE', #8034 ) ;
#666 = CARTESIAN_POINT ( 'NONE',  ( -0.8485000000000026965, 2.254999999999998561, 0.000000000000000000 ) ) ;
#667 = ORIENTED_EDGE ( 'NONE', *, *, #7526, .T. ) ;
#668 = DIRECTION ( 'NONE',  ( 1.000000000000000000, -2.500547362621746538E-15, 0.000000000000000000 ) ) ;
#669 = EDGE_CURVE ( 'NONE', #2469, #1171, #5091, .T. ) ;
#670 = LINE ( 'NONE', #106, #6195 ) ;
#671 = LINE ( 'NONE', #5402, #3932 ) ;
#672 = ORIENTED_EDGE ( 'NONE', *, *, #5367, .T. ) ;
#673 = DIRECTION ( 'NONE',  ( 0.000000000000000000, -1.000000000000000000, 0.000000000000000000 ) ) ;
#674 = VECTOR ( 'NONE', #3400, 39.37007874015748143 ) ;
#675 = ORIENTED_EDGE ( 'NONE', *, *, #2641, .T. ) ;
#676 = CARTESIAN_POINT ( 'NONE',  ( -6.473500000000002252, -3.745000000000001883, 0.000000000000000000 ) ) ;
#677 = DIRECTION ( 'NONE',  ( 3.122111992759157471E-16, 1.000000000000000000, 0.000000000000000000 ) ) ;
#678 = ORIENTED_EDGE ( 'NONE', *, *, #5044, .T. ) ;
#679 = ORIENTED_EDGE ( 'NONE', *, *, #6335, .T. ) ;
#680 = ORIENTED_EDGE ( 'NONE', *, *, #5558, .T. ) ;
#681 = PLANE ( 'NONE',  #6820 ) ;
#682 = EDGE_CURVE ( 'NONE', #5661, #8968, #5687, .T. ) ;
#683 = EDGE_CURVE ( 'NONE', #3254, #210, #7252, .T. ) ;
#684 = AXIS2_PLACEMENT_3D ( 'NONE', #5433, #1181, #1225 ) ;
#685 = DIRECTION ( 'NONE',  ( 0.000000000000000000, 1.000000000000000000, 0.000000000000000000 ) ) ;
#686 = CARTESIAN_POINT ( 'NONE',  ( -8.600000000000001421, -10.78500000000000192, -0.1199999999999999956 ) ) ;
#687 = EDGE_LOOP ( 'NONE', ( #288, #3160, #1272, #3756 ) ) ;
#688 = CARTESIAN_POINT ( 'NONE',  ( -2.911500000000001087, 1.754999999999998117, -0.06000000000000004635 ) ) ;
#689 = CARTESIAN_POINT ( 'NONE',  ( -4.598500000000003141, -5.745000000000000995, -0.7500393700787405526 ) ) ;
#690 = CARTESIAN_POINT ( 'NONE',  ( -8.720000000000004192, -5.565000000000003944, -0.4920000000000474549 ) ) ;
#691 = PLANE ( 'NONE',  #5053 ) ;
#692 = EDGE_LOOP ( 'NONE', ( #3057, #8436, #8900, #503 ) ) ;
#693 = PLANE ( 'NONE',  #5493 ) ;
#694 = ORIENTED_EDGE ( 'NONE', *, *, #7732, .F. ) ;
#695 = EDGE_CURVE ( 'NONE', #7364, #6388, #974, .T. ) ;
#696 = AXIS2_PLACEMENT_3D ( 'NONE', #7795, #9189, #2772 ) ;
#697 = ORIENTED_EDGE ( 'NONE', *, *, #8854, .F. ) ;
#698 = CARTESIAN_POINT ( 'NONE',  ( -2.911500000000001087, 2.254999999999998561, -0.06000000000000004635 ) ) ;
#699 = EDGE_LOOP ( 'NONE', ( #4259, #3308, #2105, #4026 ) ) ;
#700 = VECTOR ( 'NONE', #4955, 39.37007874015748143 ) ;
#701 = EDGE_LOOP ( 'NONE', ( #5700, #7556, #5252, #3917 ) ) ;
#702 = PLANE ( 'NONE',  #8358 ) ;
#703 = VERTEX_POINT ( 'NONE', #285 ) ;
#704 = LINE ( 'NONE', #7669, #1966 ) ;
#705 = VECTOR ( 'NONE', #3926, 39.37007874015748143 ) ;
#706 = AXIS2_PLACEMENT_3D ( 'NONE', #5768, #1208, #6877 ) ;
#707 = LINE ( 'NONE', #4873, #2280 ) ;
#708 = FACE_OUTER_BOUND ( 'NONE', #5311, .T. ) ;
#709 = ORIENTED_EDGE ( 'NONE', *, *, #8061, .T. ) ;
#710 = DIRECTION ( 'NONE',  ( 0.000000000000000000, 1.000000000000000000, 0.000000000000000000 ) ) ;
#711 = EDGE_CURVE ( 'NONE', #2813, #6037, #8770, .T. ) ;
#712 = VECTOR ( 'NONE', #2379, 39.37007874015748143 ) ;
#713 = CARTESIAN_POINT ( 'NONE',  ( 2.343999999999998973, -10.56500000000000128, -0.06000000000000004635 ) ) ;
#714 = VECTOR ( 'NONE', #4473, 39.37007874015748143 ) ;
#715 = VERTEX_POINT ( 'NONE', #5832 ) ;
#716 = CARTESIAN_POINT ( 'NONE',  ( -3.973500000000001808, -3.745000000000001883, -0.05999999999999999778 ) ) ;
#717 = ORIENTED_EDGE ( 'NONE', *, *, #1678, .F. ) ;
#718 = FACE_OUTER_BOUND ( 'NONE', #4145, .T. ) ;
#719 = DIRECTION ( 'NONE',  ( 0.000000000000000000, -0.000000000000000000, 1.000000000000000000 ) ) ;
#720 = CARTESIAN_POINT ( 'NONE',  ( -2.098500000000002697, -5.745000000000000995, 0.000000000000000000 ) ) ;
#721 = AXIS2_PLACEMENT_3D ( 'NONE', #3347, #3488, #1318 ) ;
#722 = ORIENTED_EDGE ( 'NONE', *, *, #5498, .F. ) ;
#723 = VECTOR ( 'NONE', #4865, 39.37007874015748143 ) ;
#724 = CARTESIAN_POINT ( 'NONE',  ( -5.223500000000001364, -4.245000000000002771, -0.06000000000000004635 ) ) ;
#725 = ADVANCED_FACE ( 'NONE', ( #2410 ), #1964, .F. ) ;
#726 = CARTESIAN_POINT ( 'NONE',  ( 2.499999999999997780, 10.56499999999999773, 0.000000000000000000 ) ) ;
#727 = DIRECTION ( 'NONE',  ( 0.000000000000000000, 0.000000000000000000, -1.000000000000000000 ) ) ;
#728 = VERTEX_POINT ( 'NONE', #3349 ) ;
#729 = AXIS2_PLACEMENT_3D ( 'NONE', #7674, #6802, #1127 ) ;
#730 = LINE ( 'NONE', #8872, #6101 ) ;
#731 = CARTESIAN_POINT ( 'NONE',  ( -1.473500000000001586, 7.754999999999997229, 0.000000000000000000 ) ) ;
#732 = DIRECTION ( 'NONE',  ( 0.000000000000000000, 1.000000000000000000, 0.000000000000000000 ) ) ;
#733 = AXIS2_PLACEMENT_3D ( 'NONE', #82, #4335, #7320 ) ;
#734 = EDGE_CURVE ( 'NONE', #6407, #5405, #7724, .T. ) ;
#735 = ORIENTED_EDGE ( 'NONE', *, *, #5993, .F. ) ;
#736 = CARTESIAN_POINT ( 'NONE',  ( -4.786500000000001975, 4.254999999999998117, -0.7500393700787405526 ) ) ;
#737 = EDGE_CURVE ( 'NONE', #7613, #6550, #576, .T. ) ;
#738 = DIRECTION ( 'NONE',  ( -0.000000000000000000, -0.000000000000000000, 1.000000000000000000 ) ) ;
#739 = DIRECTION ( 'NONE',  ( 0.000000000000000000, -0.000000000000000000, 1.000000000000000000 ) ) ;
#740 = VERTEX_POINT ( 'NONE', #9069 ) ;
#741 = DIRECTION ( 'NONE',  ( 0.000000000000000000, 0.000000000000000000, -1.000000000000000000 ) ) ;
#742 = VERTEX_POINT ( 'NONE', #9029 ) ;
#743 = CARTESIAN_POINT ( 'NONE',  ( -3.348500000000002697, -1.745000000000001217, 0.000000000000000000 ) ) ;
#744 = CARTESIAN_POINT ( 'NONE',  ( -1.661500000000000865, 2.254999999999998561, -0.7500393700787405526 ) ) ;
#745 = EDGE_CURVE ( 'NONE', #1077, #6665, #2106, .T. ) ;
#746 = ORIENTED_EDGE ( 'NONE', *, *, #7549, .F. ) ;
#747 = VERTEX_POINT ( 'NONE', #2610 ) ;
#748 = DIRECTION ( 'NONE',  ( 0.000000000000000000, -1.000000000000000000, 0.000000000000000000 ) ) ;
#749 = EDGE_LOOP ( 'NONE', ( #3312, #8635, #4212, #5686 ) ) ;
#750 = CARTESIAN_POINT ( 'NONE',  ( -3.348500000000002697, 2.254999999999998561, -0.06000000000000004635 ) ) ;
#751 = EDGE_CURVE ( 'NONE', #3025, #3061, #4929, .T. ) ;
#752 = AXIS2_PLACEMENT_3D ( 'NONE', #2634, #7611, #6305 ) ;
#753 = DIRECTION ( 'NONE',  ( 0.000000000000000000, 1.000000000000000000, 0.000000000000000000 ) ) ;
#754 = DIRECTION ( 'NONE',  ( 0.000000000000000000, -0.000000000000000000, -1.000000000000000000 ) ) ;
#755 = VERTEX_POINT ( 'NONE', #4181 ) ;
#756 = ADVANCED_FACE ( 'NONE', ( #8289 ), #8331, .F. ) ;
#757 = CARTESIAN_POINT ( 'NONE',  ( 2.499999999999997780, 10.56499999999999773, -0.7500393700787405526 ) ) ;
#758 = VERTEX_POINT ( 'NONE', #2700 ) ;
#759 = DIRECTION ( 'NONE',  ( 0.000000000000000000, 0.000000000000000000, 1.000000000000000000 ) ) ;
#760 = VERTEX_POINT ( 'NONE', #4788 ) ;
#761 = CARTESIAN_POINT ( 'NONE',  ( -8.720000000000004192, -5.565000000000003944, -0.3880000000000474181 ) ) ;
#762 = CARTESIAN_POINT ( 'NONE',  ( -8.469999999999998863, -10.90500000000000469, -0.7500000000000001110 ) ) ;
#763 = DIRECTION ( 'NONE',  ( 0.000000000000000000, -1.000000000000000000, 0.000000000000000000 ) ) ;
#764 = VECTOR ( 'NONE', #5730, 39.37007874015748143 ) ;
#765 = EDGE_LOOP ( 'NONE', ( #3421, #4732, #6278, #4672 ) ) ;
#766 = CARTESIAN_POINT ( 'NONE',  ( -0.4115000000000029745, 9.754999999999999005, 0.000000000000000000 ) ) ;
#767 = VECTOR ( 'NONE', #3909, 39.37007874015748143 ) ;
#768 = LINE ( 'NONE', #3591, #1887 ) ;
#769 = PLANE ( 'NONE',  #2191 ) ;
#770 = ORIENTED_EDGE ( 'NONE', *, *, #8051, .F. ) ;
#771 = AXIS2_PLACEMENT_3D ( 'NONE', #7514, #4105, #590 ) ;
#772 = VECTOR ( 'NONE', #3632, 39.37007874015748143 ) ;
#773 = ORIENTED_EDGE ( 'NONE', *, *, #3921, .F. ) ;
#774 = EDGE_CURVE ( 'NONE', #9035, #4445, #9116, .T. ) ;
#775 = PLANE ( 'NONE',  #5361 ) ;
#776 = CARTESIAN_POINT ( 'NONE',  ( -8.475999999999999091, -10.77899999999999991, -0.05999999999999999778 ) ) ;
#777 = LINE ( 'NONE', #7145, #7527 ) ;
#778 = VECTOR ( 'NONE', #4413, 39.37007874015748143 ) ;
#779 = EDGE_LOOP ( 'NONE', ( #3969, #434, #2592, #8912 ) ) ;
#780 = CARTESIAN_POINT ( 'NONE',  ( -2.098500000000002697, 9.754999999999999005, 0.000000000000000000 ) ) ;
#781 = FACE_OUTER_BOUND ( 'NONE', #3986, .T. ) ;
#782 = CARTESIAN_POINT ( 'NONE',  ( -6.473500000000002252, 3.754999999999997673, 0.000000000000000000 ) ) ;
#783 = ORIENTED_EDGE ( 'NONE', *, *, #1129, .F. ) ;
#784 = DIRECTION ( 'NONE',  ( 0.000000000000000000, 0.000000000000000000, 1.000000000000000000 ) ) ;
#785 = VECTOR ( 'NONE', #1577, 39.37007874015748143 ) ;
#786 = EDGE_CURVE ( 'NONE', #246, #2207, #7032, .T. ) ;
#787 = EDGE_CURVE ( 'NONE', #5507, #4957, #1273, .T. ) ;
#788 = DIRECTION ( 'NONE',  ( -0.000000000000000000, -0.000000000000000000, 1.000000000000000000 ) ) ;
#789 = VERTEX_POINT ( 'NONE', #666 ) ;
#790 = EDGE_LOOP ( 'NONE', ( #1531, #8554, #5052, #1457 ) ) ;
#791 = PLANE ( 'NONE',  #1833 ) ;
#792 = ORIENTED_EDGE ( 'NONE', *, *, #5152, .T. ) ;
#793 = VECTOR ( 'NONE', #3905, 39.37007874015748143 ) ;
#794 = DIRECTION ( 'NONE',  ( -0.000000000000000000, -0.000000000000000000, 1.000000000000000000 ) ) ;
#795 = EDGE_CURVE ( 'NONE', #125, #5507, #3540, .T. ) ;
#796 = EDGE_CURVE ( 'NONE', #9147, #3448, #6943, .T. ) ;
#797 = CARTESIAN_POINT ( 'NONE',  ( -5.848500000000003141, -5.745000000000000995, -0.7500393700787405526 ) ) ;
#798 = CARTESIAN_POINT ( 'NONE',  ( -5.223500000000001364, -7.745000000000001883, -0.7500393700787405526 ) ) ;
#799 = ORIENTED_EDGE ( 'NONE', *, *, #6147, .F. ) ;
#800 = EDGE_CURVE ( 'NONE', #4162, #8261, #7083, .T. ) ;
#801 = DIRECTION ( 'NONE',  ( 0.000000000000000000, 0.000000000000000000, -1.000000000000000000 ) ) ;
#802 = DIRECTION ( 'NONE',  ( 3.122111992759157471E-16, 1.000000000000000000, 0.000000000000000000 ) ) ;
#803 = EDGE_LOOP ( 'NONE', ( #5839, #1565, #3613, #8248 ) ) ;
#804 = DIRECTION ( 'NONE',  ( -0.000000000000000000, -0.000000000000000000, 1.000000000000000000 ) ) ;
#805 = EDGE_CURVE ( 'NONE', #1952, #7071, #3472, .T. ) ;
#806 = VECTOR ( 'NONE', #3707, 39.37007874015748143 ) ;
#807 = LINE ( 'NONE', #3629, #362 ) ;
#808 = DIRECTION ( 'NONE',  ( 0.000000000000000000, 0.000000000000000000, 1.000000000000000000 ) ) ;
#809 = ORIENTED_EDGE ( 'NONE', *, *, #3548, .F. ) ;
#810 = PLANE ( 'NONE',  #4033 ) ;
#811 = PLANE ( 'NONE',  #845 ) ;
#812 = CARTESIAN_POINT ( 'NONE',  ( -6.473500000000002252, -4.245000000000002771, -0.7500393700787405526 ) ) ;
#813 = ORIENTED_EDGE ( 'NONE', *, *, #6211, .T. ) ;
#814 = EDGE_LOOP ( 'NONE', ( #1941, #4700, #3490, #2333 ) ) ;
#815 = DIRECTION ( 'NONE',  ( -0.000000000000000000, -0.000000000000000000, 1.000000000000000000 ) ) ;
#816 = LINE ( 'NONE', #3640, #3676 ) ;
#817 = CIRCLE ( 'NONE', #4362, 0.1559999999999996390 ) ;
#818 = CARTESIAN_POINT ( 'NONE',  ( -6.036500000000001975, -0.2450000000000024380, -0.000000000000000000 ) ) ;
#819 = VERTEX_POINT ( 'NONE', #716 ) ;
#820 = LINE ( 'NONE', #1519, #3070 ) ;
#821 = CARTESIAN_POINT ( 'NONE',  ( -5.848500000000003141, 6.254999999999999893, -0.06000000000000004635 ) ) ;
#822 = CARTESIAN_POINT ( 'NONE',  ( 8.720000000000000639, -10.78500000000000192, -0.06003937007874015491 ) ) ;
#823 = EDGE_CURVE ( 'NONE', #4889, #5650, #1320, .T. ) ;
#824 = CIRCLE ( 'NONE', #6461, 0.05200000000000001843 ) ;
#825 = ORIENTED_EDGE ( 'NONE', *, *, #1989, .T. ) ;
#826 = DIRECTION ( 'NONE',  ( 0.000000000000000000, -0.000000000000000000, 1.000000000000000000 ) ) ;
#827 = DIRECTION ( 'NONE',  ( 0.000000000000000000, -1.000000000000000000, 0.000000000000000000 ) ) ;
#828 = LINE ( 'NONE', #3652, #7524 ) ;
#829 = EDGE_CURVE ( 'NONE', #7736, #5851, #1919, .T. ) ;
#830 = ORIENTED_EDGE ( 'NONE', *, *, #5379, .T. ) ;
#831 = DIRECTION ( 'NONE',  ( 0.000000000000000000, 0.000000000000000000, 1.000000000000000000 ) ) ;
#832 = ORIENTED_EDGE ( 'NONE', *, *, #6280, .F. ) ;
#833 = PLANE ( 'NONE',  #5228 ) ;
#834 = ORIENTED_EDGE ( 'NONE', *, *, #5310, .F. ) ;
#835 = DIRECTION ( 'NONE',  ( 0.000000000000000000, 0.000000000000000000, -1.000000000000000000 ) ) ;
#836 = DIRECTION ( 'NONE',  ( -0.000000000000000000, -0.000000000000000000, 1.000000000000000000 ) ) ;
#837 = CARTESIAN_POINT ( 'NONE',  ( -4.598500000000003141, 9.754999999999999005, -0.06000000000000004635 ) ) ;
#838 = ORIENTED_EDGE ( 'NONE', *, *, #7266, .T. ) ;
#839 = VECTOR ( 'NONE', #3560, 39.37007874015748143 ) ;
#840 = ADVANCED_FACE ( 'NONE', ( #4739 ), #5574, .F. ) ;
#841 = LINE ( 'NONE', #3107, #6324 ) ;
#842 = ADVANCED_FACE ( 'NONE', ( #6894 ), #529, .F. ) ;
#843 = ORIENTED_EDGE ( 'NONE', *, *, #4402, .F. ) ;
#844 = CARTESIAN_POINT ( 'NONE',  ( -5.848500000000003141, -5.745000000000000995, -0.7500393700787405526 ) ) ;
#845 = AXIS2_PLACEMENT_3D ( 'NONE', #3634, #8328, #2607 ) ;
#846 = PRODUCT_DEFINITION_FORMATION_WITH_SPECIFIED_SOURCE ( 'ANY', '', #1223, .NOT_KNOWN. ) ;
#847 = EDGE_LOOP ( 'NONE', ( #8528, #507, #2244, #6554 ) ) ;
#848 = EDGE_CURVE ( 'NONE', #9186, #3463, #2921, .T. ) ;
#849 = DIRECTION ( 'NONE',  ( 0.000000000000000000, 0.000000000000000000, -1.000000000000000000 ) ) ;
#850 = DIRECTION ( 'NONE',  ( -0.000000000000000000, -1.000000000000000000, -0.000000000000000000 ) ) ;
#851 = CARTESIAN_POINT ( 'NONE',  ( -2.911500000000001087, -1.745000000000001217, 0.000000000000000000 ) ) ;
#852 = ORIENTED_EDGE ( 'NONE', *, *, #4421, .F. ) ;
#853 = CARTESIAN_POINT ( 'NONE',  ( -1.661500000000000865, 1.754999999999998117, 0.000000000000000000 ) ) ;
#854 = VECTOR ( 'NONE', #3464, 39.37007874015748143 ) ;
#855 = DIRECTION ( 'NONE',  ( -0.000000000000000000, -0.000000000000000000, 1.000000000000000000 ) ) ;
#856 = ADVANCED_FACE ( 'NONE', ( #5143 ), #2234, .F. ) ;
#857 = ADVANCED_FACE ( 'NONE', ( #4315 ), #2194, .T. ) ;
#858 = DIRECTION ( 'NONE',  ( 3.167359992654217435E-15, -0.000000000000000000, 1.000000000000000000 ) ) ;
#859 = ORIENTED_EDGE ( 'NONE', *, *, #3330, .F. ) ;
#860 = DIRECTION ( 'NONE',  ( 0.000000000000000000, 0.000000000000000000, -1.000000000000000000 ) ) ;
#861 = VERTEX_POINT ( 'NONE', #5015 ) ;
#862 = AXIS2_PLACEMENT_3D ( 'NONE', #4797, #7645, #677 ) ;
#863 = VECTOR ( 'NONE', #8081, 39.37007874015748143 ) ;
#864 = ADVANCED_FACE ( 'NONE', ( #2884 ), #8636, .F. ) ;
#865 = ORIENTED_EDGE ( 'NONE', *, *, #2492, .F. ) ;
#866 = LINE ( 'NONE', #121, #1513 ) ;
#867 = CARTESIAN_POINT ( 'NONE',  ( 8.470000000000000639, 10.77899999999999636, -0.05999999999999901246 ) ) ;
#868 = LINE ( 'NONE', #7962, #2617 ) ;
#869 = ORIENTED_EDGE ( 'NONE', *, *, #8241, .T. ) ;
#870 = CARTESIAN_POINT ( 'NONE',  ( -1.661500000000000865, -6.245000000000001883, 0.000000000000000000 ) ) ;
#871 = VECTOR ( 'NONE', #6392, 39.37007874015748143 ) ;
#872 = EDGE_CURVE ( 'NONE', #9118, #305, #4356, .T. ) ;
#873 = LINE ( 'NONE', #217, #3380 ) ;
#874 = DIRECTION ( 'NONE',  ( -1.000000000000000000, 0.000000000000000000, 0.000000000000000000 ) ) ;
#875 = FACE_OUTER_BOUND ( 'NONE', #2855, .T. ) ;
#876 = AXIS2_PLACEMENT_3D ( 'NONE', #4900, #7746, #4949 ) ;
#877 = DIRECTION ( 'NONE',  ( -1.000000000000000000, 0.000000000000000000, 0.000000000000000000 ) ) ;
#878 = LINE ( 'NONE', #221, #8264 ) ;
#879 = ORIENTED_EDGE ( 'NONE', *, *, #7844, .F. ) ;
#880 = DIRECTION ( 'NONE',  ( 0.000000000000000000, 0.000000000000000000, -1.000000000000000000 ) ) ;
#881 = EDGE_LOOP ( 'NONE', ( #4629, #4049, #2272, #717 ) ) ;
#882 = CARTESIAN_POINT ( 'NONE',  ( -6.661500000000001975, -9.745000000000002771, -0.06000000000000004635 ) ) ;
#883 = ORIENTED_EDGE ( 'NONE', *, *, #1118, .T. ) ;
#884 = DIRECTION ( 'NONE',  ( 1.000000000000000000, -2.500547362621746538E-15, 0.000000000000000000 ) ) ;
#885 = CARTESIAN_POINT ( 'NONE',  ( -4.598500000000003141, -5.745000000000000995, -0.06000000000000004635 ) ) ;
#886 = DIRECTION ( 'NONE',  ( 3.122111992759157471E-16, 1.000000000000000000, 0.000000000000000000 ) ) ;
#887 = EDGE_CURVE ( 'NONE', #9193, #210, #5990, .T. ) ;
#888 = ORIENTED_EDGE ( 'NONE', *, *, #2826, .F. ) ;
#889 = LINE ( 'NONE', #4313, #7947 ) ;
#890 = ORIENTED_EDGE ( 'NONE', *, *, #9149, .F. ) ;
#891 = CARTESIAN_POINT ( 'NONE',  ( -0.4115000000000008096, 1.754999999999998117, -0.06000000000000004635 ) ) ;
#892 = ORIENTED_EDGE ( 'NONE', *, *, #4307, .T. ) ;
#893 = PLANE ( 'NONE',  #5659 ) ;
#894 = LINE ( 'NONE', #3762, #2720 ) ;
#895 = CARTESIAN_POINT ( 'NONE',  ( -4.598500000000003141, 9.754999999999999005, 0.000000000000000000 ) ) ;
#896 = ADVANCED_FACE ( 'NONE', ( #7297 ), #4407, .F. ) ;
#897 = ORIENTED_EDGE ( 'NONE', *, *, #6757, .F. ) ;
#899 = ADVANCED_FACE ( 'NONE', ( #3712 ), #3624, .F. ) ;
#898 = LINE ( 'NONE', #3720, #7752 ) ;
#900 = CARTESIAN_POINT ( 'NONE',  ( -0.8485000000000026965, -5.745000000000000995, -0.06000000000000004635 ) ) ;
#901 = LINE ( 'NONE', #5760, #4547 ) ;
#902 = VERTEX_POINT ( 'NONE', #935 ) ;
#903 = DIRECTION ( 'NONE',  ( -0.000000000000000000, -0.000000000000000000, 1.000000000000000000 ) ) ;
#904 = VERTEX_POINT ( 'NONE', #102 ) ;
#905 = ORIENTED_EDGE ( 'NONE', *, *, #1856, .T. ) ;
#907 = EDGE_CURVE ( 'NONE', #8108, #2677, #5750, .T. ) ;
#906 = FACE_OUTER_BOUND ( 'NONE', #1377, .T. ) ;
#908 = CARTESIAN_POINT ( 'NONE',  ( 8.660000000000001918, -5.565000000000003944, -0.4919999999999923879 ) ) ;
#909 = ORIENTED_EDGE ( 'NONE', *, *, #8580, .T. ) ;
#910 = CARTESIAN_POINT ( 'NONE',  ( -8.470000000000002416, 10.84499999999999709, -0.05999999999999997696 ) ) ;
#911 = AXIS2_PLACEMENT_3D ( 'NONE', #7717, #4962, #6373 ) ;
#912 = CARTESIAN_POINT ( 'NONE',  ( -4.161500000000001087, 1.754999999999998117, 0.000000000000000000 ) ) ;
#913 = FACE_BOUND ( 'NONE', #5886, .T. ) ;
#914 = ADVANCED_FACE ( 'NONE', ( #6555 ), #8593, .F. ) ;
#915 = ORIENTED_EDGE ( 'NONE', *, *, #63, .F. ) ;
#916 = DIRECTION ( 'NONE',  ( 0.000000000000000000, 1.000000000000000000, 0.000000000000000000 ) ) ;
#917 = AXIS2_PLACEMENT_3D ( 'NONE', #3790, #6634, #2305 ) ;
#918 = VECTOR ( 'NONE', #8060, 39.37007874015748143 ) ;
#919 = ADVANCED_FACE ( 'NONE', ( #5057 ), #7994, .F. ) ;
#920 = DIRECTION ( 'NONE',  ( -0.000000000000000000, -0.000000000000000000, 1.000000000000000000 ) ) ;
#921 = CARTESIAN_POINT ( 'NONE',  ( -3.536500000000001975, 0.2549999999999985056, 0.000000000000000000 ) ) ;
#922 = ORIENTED_EDGE ( 'NONE', *, *, #110, .T. ) ;
#923 = CARTESIAN_POINT ( 'NONE',  ( -4.598500000000003141, -2.245000000000001883, -0.06000000000000004635 ) ) ;
#924 = DIRECTION ( 'NONE',  ( 0.000000000000000000, 1.000000000000000000, 0.000000000000000000 ) ) ;
#925 = AXIS2_PLACEMENT_3D ( 'NONE', #1549, #5063, #5105 ) ;
#926 = ORIENTED_EDGE ( 'NONE', *, *, #6920, .T. ) ;
#927 = CARTESIAN_POINT ( 'NONE',  ( -8.475999999999997314, 0.000000000000000000, -0.000000000000000000 ) ) ;
#928 = ORIENTED_EDGE ( 'NONE', *, *, #1766, .F. ) ;
#929 = DIRECTION ( 'NONE',  ( 0.000000000000000000, 0.000000000000000000, 1.000000000000000000 ) ) ;
#930 = CARTESIAN_POINT ( 'NONE',  ( -8.475999999999999091, -10.77899999999999991, -0.05999999999999901246 ) ) ;
#931 = PLANE ( 'NONE',  #1357 ) ;
#932 = ORIENTED_EDGE ( 'NONE', *, *, #907, .T. ) ;
#933 = DIRECTION ( 'NONE',  ( -1.000000000000000000, -0.000000000000000000, -0.000000000000000000 ) ) ;
#934 = ORIENTED_EDGE ( 'NONE', *, *, #8208, .F. ) ;
#935 = CARTESIAN_POINT ( 'NONE',  ( 8.720000000000000639, -5.565000000000003944, -0.4919999999999921658 ) ) ;
#936 = EDGE_CURVE ( 'NONE', #5888, #6681, #7258, .T. ) ;
#937 = VERTEX_POINT ( 'NONE', #3010 ) ;
#938 = CARTESIAN_POINT ( 'NONE',  ( 8.470000000000000639, -10.90500000000000469, -0.7500000000000001110 ) ) ;
#939 = PLANE ( 'NONE',  #2005 ) ;
#940 = ORIENTED_EDGE ( 'NONE', *, *, #3164, .T. ) ;
#941 = FACE_BOUND ( 'NONE', #1774, .T. ) ;
#942 = VECTOR ( 'NONE', #7804, 39.37007874015748143 ) ;
#943 = LINE ( 'NONE', #7223, #1449 ) ;
#944 = DIRECTION ( 'NONE',  ( 1.000000000000000000, 0.000000000000000000, 0.000000000000000000 ) ) ;
#945 = ORIENTED_EDGE ( 'NONE', *, *, #112, .F. ) ;
#946 = DIRECTION ( 'NONE',  ( 1.000000000000000000, 0.000000000000000000, 3.167359992654217041E-15 ) ) ;
#947 = ADVANCED_FACE ( 'NONE', ( #5838 ), #8680, .F. ) ;
#948 = EDGE_LOOP ( 'NONE', ( #130, #4053, #8198, #4626 ) ) ;
#949 = VECTOR ( 'NONE', #5566, 39.37007874015748143 ) ;
#950 = EDGE_LOOP ( 'NONE', ( #1548, #7615, #5946, #18 ) ) ;
#951 = FACE_OUTER_BOUND ( 'NONE', #6208, .T. ) ;
#952 = ORIENTED_EDGE ( 'NONE', *, *, #3566, .T. ) ;
#953 = CARTESIAN_POINT ( 'NONE',  ( -0.4115000000000008096, -1.745000000000001217, -0.7500393700787405526 ) ) ;
#954 = DIRECTION ( 'NONE',  ( 0.000000000000000000, 0.000000000000000000, -1.000000000000000000 ) ) ;
#955 = VECTOR ( 'NONE', #5050, 39.37007874015748143 ) ;
#956 = ORIENTED_EDGE ( 'NONE', *, *, #4402, .T. ) ;
#957 = LINE ( 'NONE', #910, #8708 ) ;
#958 = CARTESIAN_POINT ( 'NONE',  ( -0.4115000000000008096, 1.754999999999998117, 0.000000000000000000 ) ) ;
#959 = CARTESIAN_POINT ( 'NONE',  ( -1.473500000000001586, 0.2549999999999985056, 0.000000000000000000 ) ) ;
#960 = ADVANCED_FACE ( 'NONE', ( #8511 ), #2151, .F. ) ;
#961 = EDGE_CURVE ( 'NONE', #5573, #4420, #6597, .T. ) ;
#962 = FACE_OUTER_BOUND ( 'NONE', #8926, .T. ) ;
#963 = PLANE ( 'NONE',  #7387 ) ;
#964 = CARTESIAN_POINT ( 'NONE',  ( -8.660000000000003695, -5.565000000000003944, -0.4920000000000472329 ) ) ;
#965 = VECTOR ( 'NONE', #4139, 39.37007874015748143 ) ;
#966 = ORIENTED_EDGE ( 'NONE', *, *, #160, .F. ) ;
#967 = LINE ( 'NONE', #2952, #7540 ) ;
#968 = EDGE_CURVE ( 'NONE', #8744, #2756, #2416, .T. ) ;
#969 = VERTEX_POINT ( 'NONE', #1120 ) ;
#970 = DIRECTION ( 'NONE',  ( -0.000000000000000000, -1.000000000000000000, -0.000000000000000000 ) ) ;
#971 = CARTESIAN_POINT ( 'NONE',  ( -4.598500000000003141, 5.754999999999998117, 0.000000000000000000 ) ) ;
#972 = ORIENTED_EDGE ( 'NONE', *, *, #5337, .F. ) ;
#973 = CARTESIAN_POINT ( 'NONE',  ( -0.8485000000000026965, 9.754999999999999005, -0.7500393700787405526 ) ) ;
#974 = LINE ( 'NONE', #930, #2880 ) ;
#975 = DIRECTION ( 'NONE',  ( 0.000000000000000000, -1.000000000000000000, 0.000000000000000000 ) ) ;
#976 = PLANE ( 'NONE',  #8535 ) ;
#977 = ORIENTED_EDGE ( 'NONE', *, *, #8721, .F. ) ;
#978 = LINE ( 'NONE', #8225, #1534 ) ;
#979 = VERTEX_POINT ( 'NONE', #8877 ) ;
#980 = CARTESIAN_POINT ( 'NONE',  ( -1.661500000000000865, 2.254999999999998561, -0.7500393700787405526 ) ) ;
#981 = LINE ( 'NONE', #5342, #8955 ) ;
#982 = ORIENTED_EDGE ( 'NONE', *, *, #552, .T. ) ;
#983 = PLANE ( 'NONE',  #2298 ) ;
#984 = VECTOR ( 'NONE', #4475, 39.37007874015748143 ) ;
#985 = CARTESIAN_POINT ( 'NONE',  ( -4.598500000000003141, 2.254999999999998561, -0.7500393700787405526 ) ) ;
#986 = VECTOR ( 'NONE', #123, 39.37007874015748143 ) ;
#987 = FACE_OUTER_BOUND ( 'NONE', #4250, .T. ) ;
#988 = ORIENTED_EDGE ( 'NONE', *, *, #1247, .T. ) ;
#989 = CARTESIAN_POINT ( 'NONE',  ( 0.000000000000000000, 10.90499999999999758, 3.474954960022481518E-14 ) ) ;
#990 = ORIENTED_EDGE ( 'NONE', *, *, #6069, .T. ) ;
#991 = VECTOR ( 'NONE', #7328, 39.37007874015748143 ) ;
#992 = VECTOR ( 'NONE', #4608, 39.37007874015748143 ) ;
#993 = EDGE_LOOP ( 'NONE', ( #3006, #4146, #2626, #6653 ) ) ;
#994 = LINE ( 'NONE', #5404, #9073 ) ;
#995 = CARTESIAN_POINT ( 'NONE',  ( -1.661500000000000865, -5.745000000000000995, -0.7500393700787405526 ) ) ;
#996 = EDGE_CURVE ( 'NONE', #1471, #1791, #978, .T. ) ;
#997 = VERTEX_POINT ( 'NONE', #7488 ) ;
#998 = DIRECTION ( 'NONE',  ( -1.000000000000000000, 0.000000000000000000, 0.000000000000000000 ) ) ;
#999 = LINE ( 'NONE', #406, #3833 ) ;
#1000 = PLANE ( 'NONE',  #1137 ) ;
#1001 = AXIS2_PLACEMENT_3D ( 'NONE', #9083, #2758, #587 ) ;
#1002 = VECTOR ( 'NONE', #3796, 39.37007874015748143 ) ;
#1003 = ORIENTED_EDGE ( 'NONE', *, *, #5094, .F. ) ;
#1004 = LINE ( 'NONE', #173, #3718 ) ;
#1005 = CARTESIAN_POINT ( 'NONE',  ( -1.473500000000001586, -3.745000000000001883, 0.000000000000000000 ) ) ;
#1006 = EDGE_CURVE ( 'NONE', #8008, #2322, #2514, .T. ) ;
#1007 = VECTOR ( 'NONE', #4229, 39.37007874015748143 ) ;
#1008 = AXIS2_PLACEMENT_3D ( 'NONE', #867, #8188, #122 ) ;
#1009 = VECTOR ( 'NONE', #7059, 39.37007874015748143 ) ;
#1010 = EDGE_CURVE ( 'NONE', #6950, #6093, #5339, .T. ) ;
#1011 = EDGE_LOOP ( 'NONE', ( #5519, #4745 ) ) ;
#1012 = DIRECTION ( 'NONE',  ( -3.167359992654217435E-15, -6.334719985308435660E-15, -1.000000000000000000 ) ) ;
#1013 = LINE ( 'NONE', #6680, #416 ) ;
#1014 = EDGE_LOOP ( 'NONE', ( #6596, #3174 ) ) ;
#1015 = CARTESIAN_POINT ( 'NONE',  ( -3.906000000000001915, 10.56499999999999773, -0.06000000000000004635 ) ) ;
#1016 = VERTEX_POINT ( 'NONE', #6746 ) ;
#1017 = DIRECTION ( 'NONE',  ( 0.000000000000000000, -1.000000000000000000, 0.000000000000000000 ) ) ;
#1018 = CARTESIAN_POINT ( 'NONE',  ( 8.475999999999997314, -10.78500000000000192, -0.06003937007874015491 ) ) ;
#1019 = AXIS2_PLACEMENT_3D ( 'NONE', #7512, #2394, #1146 ) ;
#1020 = ORIENTED_EDGE ( 'NONE', *, *, #3971, .T. ) ;
#1021 = LINE ( 'NONE', #7932, #1002 ) ;
#1022 = CARTESIAN_POINT ( 'NONE',  ( -0.4115000000000008096, 1.754999999999998117, -0.7500393700787405526 ) ) ;
#1023 = LINE ( 'NONE', #3850, #6546 ) ;
#1024 = VERTEX_POINT ( 'NONE', #432 ) ;
#1025 = EDGE_CURVE ( 'NONE', #1213, #3480, #384, .T. ) ;
#1026 = DIRECTION ( 'NONE',  ( 0.000000000000000000, -0.000000000000000000, 1.000000000000000000 ) ) ;
#1027 = ORIENTED_EDGE ( 'NONE', *, *, #3100, .F. ) ;
#1028 = CARTESIAN_POINT ( 'NONE',  ( -8.475999999999997314, 10.77899999999999636, -0.000000000000000000 ) ) ;
#1029 = ORIENTED_EDGE ( 'NONE', *, *, #3617, .T. ) ;
#1030 = ORIENTED_EDGE ( 'NONE', *, *, #6202, .F. ) ;
#1031 = PLANE ( 'NONE',  #1816 ) ;
#1032 = CARTESIAN_POINT ( 'NONE',  ( -2.098500000000002697, 6.254999999999999893, 0.000000000000000000 ) ) ;
#1033 = PLANE ( 'NONE',  #2383 ) ;
#1034 = ORIENTED_EDGE ( 'NONE', *, *, #1322, .T. ) ;
#1035 = DIRECTION ( 'NONE',  ( -1.000000000000000000, 0.000000000000000000, 0.000000000000000000 ) ) ;
#1036 = FACE_OUTER_BOUND ( 'NONE', #6608, .T. ) ;
#1037 = EDGE_CURVE ( 'NONE', #997, #6093, #8137, .T. ) ;
#1038 = DIRECTION ( 'NONE',  ( 0.000000000000000000, -0.000000000000000000, 1.000000000000000000 ) ) ;
#1039 = DIRECTION ( 'NONE',  ( 0.000000000000000000, 0.000000000000000000, 1.000000000000000000 ) ) ;
#1040 = ORIENTED_EDGE ( 'NONE', *, *, #8664, .T. ) ;
#1041 = DIRECTION ( 'NONE',  ( -1.000000000000000000, 0.000000000000000000, 0.000000000000000000 ) ) ;
#1042 = EDGE_LOOP ( 'NONE', ( #3582, #5089, #3190, #3094 ) ) ;
#1043 = ORIENTED_EDGE ( 'NONE', *, *, #3090, .F. ) ;
#1044 = VECTOR ( 'NONE', #5374, 39.37007874015748143 ) ;
#1045 = ORIENTED_EDGE ( 'NONE', *, *, #3018, .T. ) ;
#1046 = DIRECTION ( 'NONE',  ( -1.000000000000000000, 0.000000000000000000, 0.000000000000000000 ) ) ;
#1047 = DIRECTION ( 'NONE',  ( 0.000000000000000000, -1.000000000000000000, 0.000000000000000000 ) ) ;
#1048 = ORIENTED_EDGE ( 'NONE', *, *, #2043, .F. ) ;
#1049 = FACE_OUTER_BOUND ( 'NONE', #5465, .T. ) ;
#1050 = PLANE ( 'NONE',  #1019 ) ;
#1051 = FACE_OUTER_BOUND ( 'NONE', #6139, .T. ) ;
#1052 = LINE ( 'NONE', #8069, #7148 ) ;
#1053 = EDGE_CURVE ( 'NONE', #6873, #6610, #5189, .T. ) ;
#1054 = LINE ( 'NONE', #2495, #4854 ) ;
#1055 = AXIS2_PLACEMENT_3D ( 'NONE', #5657, #2189, #3535 ) ;
#1056 = EDGE_LOOP ( 'NONE', ( #8592, #9002, #3334, #8800 ) ) ;
#1057 = DIRECTION ( 'NONE',  ( 0.000000000000000000, 0.000000000000000000, -1.000000000000000000 ) ) ;
#1058 = FACE_OUTER_BOUND ( 'NONE', #1169, .T. ) ;
#1059 = CARTESIAN_POINT ( 'NONE',  ( -1.661500000000003086, 9.754999999999999005, 0.000000000000000000 ) ) ;
#1060 = VERTEX_POINT ( 'NONE', #1028 ) ;
#1061 = CARTESIAN_POINT ( 'NONE',  ( -3.973500000000001808, 0.2549999999999985056, -0.7500393700787405526 ) ) ;
#1062 = DIRECTION ( 'NONE',  ( 1.000000000000000000, 0.000000000000000000, 0.000000000000000000 ) ) ;
#1063 = ADVANCED_FACE ( 'NONE', ( #1075 ), #1773, .F. ) ;
#1064 = VECTOR ( 'NONE', #5870, 39.37007874015748143 ) ;
#1065 = EDGE_LOOP ( 'NONE', ( #4159, #2866, #8222, #5518 ) ) ;
#1066 = EDGE_CURVE ( 'NONE', #4116, #3084, #8181, .T. ) ;
#1067 = AXIS2_PLACEMENT_3D ( 'NONE', #1097, #5260, #3181 ) ;
#1068 = FACE_BOUND ( 'NONE', #7523, .T. ) ;
#1069 = DIRECTION ( 'NONE',  ( 1.000000000000000000, -0.000000000000000000, 3.169856808907805887E-15 ) ) ;
#1070 = LINE ( 'NONE', #8083, #8479 ) ;
#1071 = ORIENTED_EDGE ( 'NONE', *, *, #3847, .F. ) ;
#1072 = VECTOR ( 'NONE', #1634, 39.37007874015748143 ) ;
#1073 = DIRECTION ( 'NONE',  ( -0.000000000000000000, 1.000000000000000000, 0.000000000000000000 ) ) ;
#1074 = ORIENTED_EDGE ( 'NONE', *, *, #3280, .F. ) ;
#1075 = FACE_OUTER_BOUND ( 'NONE', #300, .T. ) ;
#1076 = ADVANCED_FACE ( 'NONE', ( #5238 ), #4495, .F. ) ;
#1077 = VERTEX_POINT ( 'NONE', #3109 ) ;
#1078 = EDGE_CURVE ( 'NONE', #6542, #1957, #5289, .T. ) ;
#1079 = VERTEX_POINT ( 'NONE', #6079 ) ;
#1080 = DIRECTION ( 'NONE',  ( 0.000000000000000000, 1.000000000000000000, 0.000000000000000000 ) ) ;
#1081 = CARTESIAN_POINT ( 'NONE',  ( -2.723500000000001808, 7.754999999999997229, -0.06000000000000004635 ) ) ;
#1082 = CARTESIAN_POINT ( 'NONE',  ( -3.973500000000001808, 3.754999999999997673, -0.7500393700787405526 ) ) ;
#1083 = ORIENTED_EDGE ( 'NONE', *, *, #5130, .F. ) ;
#1084 = LINE ( 'NONE', #2250, #2928 ) ;
#1085 = DIRECTION ( 'NONE',  ( 0.000000000000000000, -0.000000000000000000, -1.000000000000000000 ) ) ;
#1086 = EDGE_CURVE ( 'NONE', #6056, #5088, #7343, .T. ) ;
#1087 = DIRECTION ( 'NONE',  ( -0.000000000000000000, 1.000000000000000000, 0.000000000000000000 ) ) ;
#1088 = CARTESIAN_POINT ( 'NONE',  ( -8.720000000000004192, 0.000000000000000000, -0.7500000000000001110 ) ) ;
#1089 = ORIENTED_EDGE ( 'NONE', *, *, #2538, .T. ) ;
#1090 = FACE_OUTER_BOUND ( 'NONE', #3320, .T. ) ;
#1091 = ORIENTED_EDGE ( 'NONE', *, *, #6909, .T. ) ;
#1092 = EDGE_CURVE ( 'NONE', #2056, #5069, #337, .T. ) ;
#1093 = VECTOR ( 'NONE', #8409, 39.37007874015748143 ) ;
#1094 = ORIENTED_EDGE ( 'NONE', *, *, #1854, .T. ) ;
#1095 = FACE_OUTER_BOUND ( 'NONE', #8402, .T. ) ;
#1096 = VERTEX_POINT ( 'NONE', #3161 ) ;
#1097 = CARTESIAN_POINT ( 'NONE',  ( -2.098500000000002697, -5.745000000000000995, -0.7500393700787405526 ) ) ;
#1098 = DIRECTION ( 'NONE',  ( 0.000000000000000000, 0.000000000000000000, 1.000000000000000000 ) ) ;
#1099 = ORIENTED_EDGE ( 'NONE', *, *, #5879, .F. ) ;
#1100 = DIRECTION ( 'NONE',  ( -1.000000000000000000, -0.000000000000000000, -0.000000000000000000 ) ) ;
#1102 = CIRCLE ( 'NONE', #6281, 0.1559999999999996390 ) ;
#1101 = CARTESIAN_POINT ( 'NONE',  ( -4.786500000000001975, -4.245000000000002771, 0.000000000000000000 ) ) ;
#1103 = DIRECTION ( 'NONE',  ( 0.000000000000000000, -3.642463991552290689E-14, 1.000000000000000000 ) ) ;
#1104 = ORIENTED_EDGE ( 'NONE', *, *, #996, .F. ) ;
#1105 = DIRECTION ( 'NONE',  ( 0.000000000000000000, -0.000000000000000000, 1.000000000000000000 ) ) ;
#1106 = VECTOR ( 'NONE', #8376, 39.37007874015748143 ) ;
#1107 = DIRECTION ( 'NONE',  ( 0.000000000000000000, 0.000000000000000000, 1.000000000000000000 ) ) ;
#1108 = VERTEX_POINT ( 'NONE', #2557 ) ;
#1109 = DIRECTION ( 'NONE',  ( 0.000000000000000000, -1.000000000000000000, 0.000000000000000000 ) ) ;
#1110 = DIRECTION ( 'NONE',  ( 0.000000000000000000, -0.000000000000000000, 1.000000000000000000 ) ) ;
#1111 = LINE ( 'NONE', #3938, #2245 ) ;
#1112 = ORIENTED_EDGE ( 'NONE', *, *, #7485, .T. ) ;
#1113 = LINE ( 'NONE', #2406, #3111 ) ;
#1114 = CARTESIAN_POINT ( 'NONE',  ( 8.475999999999999091, 10.77899999999999636, -0.05999999999999901246 ) ) ;
#1115 = EDGE_LOOP ( 'NONE', ( #2181, #44, #7247, #2069 ) ) ;
#1116 = FACE_BOUND ( 'NONE', #7351, .T. ) ;
#1117 = VECTOR ( 'NONE', #8428, 39.37007874015748143 ) ;
#1118 = EDGE_CURVE ( 'NONE', #6722, #1714, #5383, .T. ) ;
#1119 = ORIENTED_EDGE ( 'NONE', *, *, #3409, .T. ) ;
#1120 = CARTESIAN_POINT ( 'NONE',  ( -8.660000000000003695, 6.944999999999996732, -0.4920000000000472329 ) ) ;
#1121 = EDGE_LOOP ( 'NONE', ( #7667, #5173, #511, #2432 ) ) ;
#1122 = DIRECTION ( 'NONE',  ( 0.000000000000000000, 1.000000000000000000, 0.000000000000000000 ) ) ;
#1123 = EDGE_CURVE ( 'NONE', #4384, #8151, #8087, .T. ) ;
#1124 = LINE ( 'NONE', #1175, #7036 ) ;
#1125 = CARTESIAN_POINT ( 'NONE',  ( -8.475999999999999091, -10.77899999999999991, -0.05999999999999901246 ) ) ;
#1126 = VERTEX_POINT ( 'NONE', #3994 ) ;
#1127 = DIRECTION ( 'NONE',  ( 0.000000000000000000, 0.000000000000000000, -1.000000000000000000 ) ) ;
#1128 = FACE_OUTER_BOUND ( 'NONE', #2448, .T. ) ;
#1129 = EDGE_CURVE ( 'NONE', #7733, #6992, #605, .T. ) ;
#1130 = EDGE_CURVE ( 'NONE', #8960, #6663, #6838, .T. ) ;
#1131 = CARTESIAN_POINT ( 'NONE',  ( -4.161500000000001087, -5.745000000000000995, 0.000000000000000000 ) ) ;
#1132 = EDGE_CURVE ( 'NONE', #7560, #1664, #6974, .T. ) ;
#1133 = DIRECTION ( 'NONE',  ( -1.000000000000000000, -0.000000000000000000, -0.000000000000000000 ) ) ;
#1134 = ORIENTED_EDGE ( 'NONE', *, *, #6964, .F. ) ;
#1135 = CARTESIAN_POINT ( 'NONE',  ( -2.098500000000002697, 5.754999999999998117, 0.000000000000000000 ) ) ;
#1136 = EDGE_LOOP ( 'NONE', ( #7688, #4812, #8442, #5149 ) ) ;
#1137 = AXIS2_PLACEMENT_3D ( 'NONE', #6725, #5319, #4565 ) ;
#1138 = ORIENTED_EDGE ( 'NONE', *, *, #2672, .F. ) ;
#1139 = DIRECTION ( 'NONE',  ( 0.000000000000000000, 0.000000000000000000, -1.000000000000000000 ) ) ;
#1140 = VERTEX_POINT ( 'NONE', #8363 ) ;
#1141 = FACE_OUTER_BOUND ( 'NONE', #236, .T. ) ;
#1142 = EDGE_CURVE ( 'NONE', #7656, #1290, #7179, .T. ) ;
#1143 = EDGE_CURVE ( 'NONE', #8694, #4747, #4819, .T. ) ;
#1144 = ORIENTED_EDGE ( 'NONE', *, *, #6016, .F. ) ;
#1145 = DIRECTION ( 'NONE',  ( 0.000000000000000000, 1.000000000000000000, 0.000000000000000000 ) ) ;
#1146 = DIRECTION ( 'NONE',  ( 0.000000000000000000, 0.000000000000000000, 1.000000000000000000 ) ) ;
#1147 = VECTOR ( 'NONE', #1158, 39.37007874015748143 ) ;
#1148 = ORIENTED_EDGE ( 'NONE', *, *, #8208, .T. ) ;
#1149 = LINE ( 'NONE', #6956, #621 ) ;
#1150 = EDGE_CURVE ( 'NONE', #7917, #8731, #8270, .T. ) ;
#1151 = VECTOR ( 'NONE', #8984, 39.37007874015748143 ) ;
#1152 = VECTOR ( 'NONE', #732, 39.37007874015748143 ) ;
#1153 = DIRECTION ( 'NONE',  ( 0.000000000000000000, 0.000000000000000000, -1.000000000000000000 ) ) ;
#1154 = EDGE_CURVE ( 'NONE', #3636, #3764, #7569, .T. ) ;
#1155 = VECTOR ( 'NONE', #6607, 39.37007874015748143 ) ;
#1156 = VERTEX_POINT ( 'NONE', #5470 ) ;
#1157 = VECTOR ( 'NONE', #2215, 39.37007874015748143 ) ;
#1158 = DIRECTION ( 'NONE',  ( 0.000000000000000000, -1.000000000000000000, 0.000000000000000000 ) ) ;
#1159 = LINE ( 'NONE', #3984, #6959 ) ;
#1160 = DIRECTION ( 'NONE',  ( 1.000000000000000000, -0.000000000000000000, 3.167359992654216647E-15 ) ) ;
#1161 = ORIENTED_EDGE ( 'NONE', *, *, #8282, .F. ) ;
#1162 = PLANE ( 'NONE',  #7139 ) ;
#1163 = CARTESIAN_POINT ( 'NONE',  ( 8.599999999999999645, -10.78500000000000369, 4.609993489308444058E-16 ) ) ;
#1164 = ORIENTED_EDGE ( 'NONE', *, *, #1286, .F. ) ;
#1165 = FACE_BOUND ( 'NONE', #2014, .T. ) ;
#1166 = VECTOR ( 'NONE', #8988, 39.37007874015748143 ) ;
#1167 = ORIENTED_EDGE ( 'NONE', *, *, #5271, .T. ) ;
#1168 = AXIS2_PLACEMENT_3D ( 'NONE', #1178, #2564, #5524 ) ;
#1169 = EDGE_LOOP ( 'NONE', ( #8676, #7787, #3910, #7489 ) ) ;
#1170 = CARTESIAN_POINT ( 'NONE',  ( 2.499999999999997780, 10.56499999999999773, -0.06000000000000004635 ) ) ;
#1171 = VERTEX_POINT ( 'NONE', #6881 ) ;
#1172 = ORIENTED_EDGE ( 'NONE', *, *, #7305, .T. ) ;
#1173 = DIRECTION ( 'NONE',  ( 0.000000000000000000, -0.000000000000000000, -1.000000000000000000 ) ) ;
#1174 = EDGE_CURVE ( 'NONE', #4165, #5573, #9009, .T. ) ;
#1175 = CARTESIAN_POINT ( 'NONE',  ( -7.098500000000003141, 2.254999999999998561, 0.000000000000000000 ) ) ;
#1176 = CARTESIAN_POINT ( 'NONE',  ( -8.469999999999997087, 10.77899999999999636, -0.05999999999999901246 ) ) ;
#1177 = EDGE_LOOP ( 'NONE', ( #190, #6498, #7430, #6705 ) ) ;
#1178 = CARTESIAN_POINT ( 'NONE',  ( -3.973500000000001808, -4.245000000000002771, -0.7500393700787405526 ) ) ;
#1179 = VECTOR ( 'NONE', #4992, 39.37007874015748143 ) ;
#1180 = FACE_BOUND ( 'NONE', #5021, .T. ) ;
#1181 = DIRECTION ( 'NONE',  ( 0.000000000000000000, -1.000000000000000000, 0.000000000000000000 ) ) ;
#1182 = PLANE ( 'NONE',  #3076 ) ;
#1183 = VERTEX_POINT ( 'NONE', #5516 ) ;
#1184 = CARTESIAN_POINT ( 'NONE',  ( -6.036500000000001975, 7.754999999999997229, 0.000000000000000000 ) ) ;
#1185 = EDGE_LOOP ( 'NONE', ( #2387, #5489, #4110, #3384 ) ) ;
#1186 = EDGE_CURVE ( 'NONE', #4422, #8960, #7665, .T. ) ;
#1187 = ADVANCED_FACE ( 'NONE', ( #4868 ), #1905, .F. ) ;
#1188 = VERTEX_POINT ( 'NONE', #6264 ) ;
#1189 = CARTESIAN_POINT ( 'NONE',  ( 8.719999999999998863, 10.78500000000000014, 2.782886801627535703E-14 ) ) ;
#1190 = VERTEX_POINT ( 'NONE', #2644 ) ;
#1191 = PLANE ( 'NONE',  #1657 ) ;
#1192 = VERTEX_POINT ( 'NONE', #2736 ) ;
#1193 = LINE ( 'NONE', #1237, #2481 ) ;
#1194 = DIRECTION ( 'NONE',  ( 0.000000000000000000, -0.000000000000000000, 1.000000000000000000 ) ) ;
#1195 = CARTESIAN_POINT ( 'NONE',  ( -3.973500000000001808, 3.754999999999997673, -0.06000000000000004635 ) ) ;
#1196 = ADVANCED_FACE ( 'NONE', ( #653 ), #1349, .F. ) ;
#1197 = LINE ( 'NONE', #7469, #8431 ) ;
#1198 = EDGE_CURVE ( 'NONE', #3724, #308, #3335, .T. ) ;
#1199 = VERTEX_POINT ( 'NONE', #2686 ) ;
#1200 = VECTOR ( 'NONE', #6209, 39.37007874015748143 ) ;
#1201 = LINE ( 'NONE', #419, #6176 ) ;
#1202 = LINE ( 'NONE', #3285, #5204 ) ;
#1203 = VERTEX_POINT ( 'NONE', #6164 ) ;
#1204 = DIRECTION ( 'NONE',  ( 0.000000000000000000, 0.000000000000000000, 1.000000000000000000 ) ) ;
#1205 = EDGE_LOOP ( 'NONE', ( #5340, #2375, #5344, #2315 ) ) ;
#1206 = EDGE_CURVE ( 'NONE', #4647, #6136, #6316, .T. ) ;
#1207 = VECTOR ( 'NONE', #6842, 39.37007874015748143 ) ;
#1208 = DIRECTION ( 'NONE',  ( 0.000000000000000000, -1.000000000000000000, 0.000000000000000000 ) ) ;
#1209 = VECTOR ( 'NONE', #4339, 39.37007874015748143 ) ;
#1210 = VECTOR ( 'NONE', #7998, 39.37007874015748143 ) ;
#1211 = ORIENTED_EDGE ( 'NONE', *, *, #5073, .T. ) ;
#1212 = DIRECTION ( 'NONE',  ( -0.000000000000000000, -0.000000000000000000, 1.000000000000000000 ) ) ;
#1213 = VERTEX_POINT ( 'NONE', #1999 ) ;
#1214 = ORIENTED_EDGE ( 'NONE', *, *, #7485, .F. ) ;
#1215 = LINE ( 'NONE', #2098, #1374 ) ;
#1216 = CARTESIAN_POINT ( 'NONE',  ( -3.536500000000001975, 3.754999999999997673, -0.7500393700787405526 ) ) ;
#1217 = DIRECTION ( 'NONE',  ( 0.000000000000000000, 0.000000000000000000, -1.000000000000000000 ) ) ;
#1218 = AXIS2_PLACEMENT_3D ( 'NONE', #4810, #1938, #6068 ) ;
#1219 = VERTEX_POINT ( 'NONE', #8961 ) ;
#1220 = FACE_OUTER_BOUND ( 'NONE', #2435, .T. ) ;
#1221 = FACE_BOUND ( 'NONE', #8499, .T. ) ;
#1222 = VECTOR ( 'NONE', #4140, 39.37007874015748143 ) ;
#1223 = PRODUCT ( '17-D-6007-01-(16gacr ANSI-61) - K48 - V1-R0', '17-D-6007-01-(16gacr ANSI-61) - K48 - V1-R0', '', ( #4702 ) ) ;
#1224 = EDGE_CURVE ( 'NONE', #5195, #8138, #1304, .T. ) ;
#1225 = DIRECTION ( 'NONE',  ( 0.000000000000000000, -0.000000000000000000, -1.000000000000000000 ) ) ;
#1226 = LINE ( 'NONE', #3439, #8281 ) ;
#1227 = EDGE_LOOP ( 'NONE', ( #2415, #8873, #4551, #1885 ) ) ;
#1228 = DIRECTION ( 'NONE',  ( 1.000000000000000000, -0.000000000000000000, 3.167359992654216647E-15 ) ) ;
#1229 = VECTOR ( 'NONE', #3338, 39.37007874015748143 ) ;
#1230 = ORIENTED_EDGE ( 'NONE', *, *, #4861, .T. ) ;
#1231 = DIRECTION ( 'NONE',  ( 1.000000000000000000, -0.000000000000000000, 0.000000000000000000 ) ) ;
#1232 = CARTESIAN_POINT ( 'NONE',  ( -1.036500000000001975, 4.254999999999998117, 0.000000000000000000 ) ) ;
#1233 = ORIENTED_EDGE ( 'NONE', *, *, #5831, .T. ) ;
#1234 = DIRECTION ( 'NONE',  ( 1.000000000000000000, 0.000000000000000000, 0.000000000000000000 ) ) ;
#1235 = EDGE_CURVE ( 'NONE', #5704, #8396, #4725, .T. ) ;
#1236 = ORIENTED_EDGE ( 'NONE', *, *, #6914, .T. ) ;
#1237 = CARTESIAN_POINT ( 'NONE',  ( -2.723500000000001808, -0.2450000000000024380, 0.000000000000000000 ) ) ;
#1238 = CARTESIAN_POINT ( 'NONE',  ( -8.720000000000004192, 6.944999999999996732, -0.4400000000000474087 ) ) ;
#1239 = ORIENTED_EDGE ( 'NONE', *, *, #3183, .F. ) ;
#1240 = ORIENTED_EDGE ( 'NONE', *, *, #3578, .F. ) ;
#1241 = DIRECTION ( 'NONE',  ( 1.000000000000000000, 0.000000000000000000, 0.000000000000000000 ) ) ;
#1242 = EDGE_CURVE ( 'NONE', #159, #9162, #2047, .T. ) ;
#1243 = CARTESIAN_POINT ( 'NONE',  ( -2.286500000000001975, 4.254999999999998117, -0.06000000000000004635 ) ) ;
#1244 = VECTOR ( 'NONE', #3570, 39.37007874015748143 ) ;
#1245 = EDGE_CURVE ( 'NONE', #1447, #2651, #3703, .T. ) ;
#1246 = LINE ( 'NONE', #9043, #5577 ) ;
#1247 = EDGE_CURVE ( 'NONE', #5484, #3809, #3614, .T. ) ;
#1248 = DIRECTION ( 'NONE',  ( 0.000000000000000000, -0.000000000000000000, 1.000000000000000000 ) ) ;
#1249 = CARTESIAN_POINT ( 'NONE',  ( -0.8485000000000026965, -9.745000000000000995, -0.7500393700787405526 ) ) ;
#1250 = PLANE ( 'NONE',  #1218 ) ;
#1251 = ORIENTED_EDGE ( 'NONE', *, *, #380, .F. ) ;
#1252 = FACE_OUTER_BOUND ( 'NONE', #803, .T. ) ;
#1253 = EDGE_LOOP ( 'NONE', ( #1048, #6474, #3930, #7077 ) ) ;
#1254 = AXIS2_PLACEMENT_3D ( 'NONE', #4267, #4353, #141 ) ;
#1255 = CARTESIAN_POINT ( 'NONE',  ( -4.598500000000003141, 9.754999999999999005, 0.000000000000000000 ) ) ;
#1256 = ADVANCED_FACE ( 'NONE', ( #2225 ), #833, .F. ) ;
#1257 = VECTOR ( 'NONE', #6986, 39.37007874015748143 ) ;
#1258 = VERTEX_POINT ( 'NONE', #3529 ) ;
#1259 = DIRECTION ( 'NONE',  ( -7.284927983104581378E-14, 0.000000000000000000, 1.000000000000000000 ) ) ;
#1260 = VERTEX_POINT ( 'NONE', #7123 ) ;
#1261 = EDGE_LOOP ( 'NONE', ( #7888, #509, #1478, #600 ) ) ;
#1262 = FACE_OUTER_BOUND ( 'NONE', #1408, .T. ) ;
#1263 = LINE ( 'NONE', #3432, #8220 ) ;
#1264 = CARTESIAN_POINT ( 'NONE',  ( -8.469999999999998863, -10.90500000000000114, -0.1199999999999996209 ) ) ;
#1265 = VECTOR ( 'NONE', #4546, 39.37007874015748143 ) ;
#1266 = EDGE_LOOP ( 'NONE', ( #3372, #1819, #6260, #5110 ) ) ;
#1267 = CARTESIAN_POINT ( 'NONE',  ( -1.036500000000001975, 0.2549999999999985056, -0.7500393700787405526 ) ) ;
#1268 = PLANE ( 'NONE',  #9124 ) ;
#1269 = PLANE ( 'NONE',  #8246 ) ;
#1270 = CARTESIAN_POINT ( 'NONE',  ( -3.536500000000001975, -4.245000000000002771, 0.000000000000000000 ) ) ;
#1271 = VECTOR ( 'NONE', #808, 39.37007874015748143 ) ;
#1272 = ORIENTED_EDGE ( 'NONE', *, *, #8255, .T. ) ;
#1273 = LINE ( 'NONE', #5529, #8522 ) ;
#1274 = EDGE_LOOP ( 'NONE', ( #7275, #9056, #3536, #8156 ) ) ;
#1275 = DIRECTION ( 'NONE',  ( 0.000000000000000000, 0.000000000000000000, 1.000000000000000000 ) ) ;
#1276 = DIRECTION ( 'NONE',  ( 1.000000000000000000, 0.000000000000000000, 0.000000000000000000 ) ) ;
#1277 = LINE ( 'NONE', #9033, #6600 ) ;
#1278 = EDGE_CURVE ( 'NONE', #1783, #9193, #1446, .T. ) ;
#1279 = EDGE_LOOP ( 'NONE', ( #8793, #834, #8760, #3242 ) ) ;
#1280 = LINE ( 'NONE', #6189, #2978 ) ;
#1281 = ORIENTED_EDGE ( 'NONE', *, *, #8439, .T. ) ;
#1282 = CARTESIAN_POINT ( 'NONE',  ( 8.470000000000000639, 10.77899999999999636, -0.05999999999999901246 ) ) ;
#1283 = DIRECTION ( 'NONE',  ( -0.000000000000000000, -1.000000000000000000, -0.000000000000000000 ) ) ;
#1284 = VERTEX_POINT ( 'NONE', #8585 ) ;
#1285 = DIRECTION ( 'NONE',  ( -1.000000000000000000, 0.000000000000000000, 0.000000000000000000 ) ) ;
#1286 = EDGE_CURVE ( 'NONE', #1783, #1891, #5046, .T. ) ;
#1287 = PLANE ( 'NONE',  #2392 ) ;
#1288 = DIRECTION ( 'NONE',  ( -0.000000000000000000, -0.000000000000000000, 1.000000000000000000 ) ) ;
#1289 = AXIS2_PLACEMENT_3D ( 'NONE', #2128, #40, #4950 ) ;
#1290 = VERTEX_POINT ( 'NONE', #6456 ) ;
#1291 = FACE_OUTER_BOUND ( 'NONE', #4327, .T. ) ;
#1292 = CARTESIAN_POINT ( 'NONE',  ( -8.469999999999997087, 10.77899999999999636, 0.000000000000000000 ) ) ;
#1293 = CARTESIAN_POINT ( 'NONE',  ( 8.719999999999998863, 10.78500000000000014, -0.05999999999999978961 ) ) ;
#1294 = AXIS2_PLACEMENT_3D ( 'NONE', #3830, #4377, #307 ) ;
#1295 = ORIENTED_EDGE ( 'NONE', *, *, #4199, .T. ) ;
#1296 = FACE_OUTER_BOUND ( 'NONE', #9105, .T. ) ;
#1297 = VERTEX_POINT ( 'NONE', #50 ) ;
#1298 = ADVANCED_FACE ( 'NONE', ( #3657 ), #7850, .F. ) ;
#1299 = EDGE_CURVE ( 'NONE', #2454, #2856, #2954, .T. ) ;
#1300 = ORIENTED_EDGE ( 'NONE', *, *, #1994, .T. ) ;
#1301 = LINE ( 'NONE', #4910, #5597 ) ;
#1302 = VECTOR ( 'NONE', #1550, 39.37007874015748143 ) ;
#1303 = EDGE_LOOP ( 'NONE', ( #652, #8127, #6091, #8433 ) ) ;
#1304 = LINE ( 'NONE', #2596, #2712 ) ;
#1305 = VECTOR ( 'NONE', #3452, 39.37007874015748143 ) ;
#1306 = VECTOR ( 'NONE', #602, 39.37007874015748143 ) ;
#1307 = ORIENTED_EDGE ( 'NONE', *, *, #6798, .T. ) ;
#1308 = VERTEX_POINT ( 'NONE', #4348 ) ;
#1309 = CARTESIAN_POINT ( 'NONE',  ( -2.911500000000001087, -1.745000000000001217, -0.7500393700787405526 ) ) ;
#1310 = EDGE_CURVE ( 'NONE', #7007, #904, #2831, .T. ) ;
#1311 = CARTESIAN_POINT ( 'NONE',  ( -1.661500000000000865, -5.745000000000000995, -0.7500393700787405526 ) ) ;
#1312 = CARTESIAN_POINT ( 'NONE',  ( -3.973500000000001808, 3.754999999999997673, -0.7500393700787405526 ) ) ;
#1313 = EDGE_LOOP ( 'NONE', ( #5448, #2380, #2266, #7173 ) ) ;
#1314 = CARTESIAN_POINT ( 'NONE',  ( -6.473500000000002252, 4.254999999999998117, 0.000000000000000000 ) ) ;
#1315 = LINE ( 'NONE', #2744, #1855 ) ;
#1316 = AXIS2_PLACEMENT_3D ( 'NONE', #2859, #9183, #9042 ) ;
#1317 = EDGE_CURVE ( 'NONE', #5614, #6905, #7889, .T. ) ;
#1318 = DIRECTION ( 'NONE',  ( 0.000000000000000000, 0.000000000000000000, 1.000000000000000000 ) ) ;
#1319 = ORIENTED_EDGE ( 'NONE', *, *, #2558, .F. ) ;
#1320 = LINE ( 'NONE', #2749, #1257 ) ;
#1321 = ORIENTED_EDGE ( 'NONE', *, *, #8048, .T. ) ;
#1322 = EDGE_CURVE ( 'NONE', #4252, #3819, #6368, .T. ) ;
#1323 = ORIENTED_EDGE ( 'NONE', *, *, #5334, .T. ) ;
#1324 = DIRECTION ( 'NONE',  ( 1.000000000000000000, -2.500547362621746538E-15, 0.000000000000000000 ) ) ;
#1325 = EDGE_LOOP ( 'NONE', ( #934, #8478, #108, #7066 ) ) ;
#1326 = CARTESIAN_POINT ( 'NONE',  ( -3.973500000000001808, -0.2450000000000024380, 0.000000000000000000 ) ) ;
#1327 = ORIENTED_EDGE ( 'NONE', *, *, #8107, .F. ) ;
#1328 = DIRECTION ( 'NONE',  ( 1.000000000000000000, -0.000000000000000000, 3.167359992654216647E-15 ) ) ;
#1329 = CARTESIAN_POINT ( 'NONE',  ( 0.000000000000000000, -10.77899999999999991, -0.000000000000000000 ) ) ;
#1330 = ORIENTED_EDGE ( 'NONE', *, *, #4938, .F. ) ;
#1331 = EDGE_LOOP ( 'NONE', ( #7774, #1355, #1786, #4214 ) ) ;
#1332 = CARTESIAN_POINT ( 'NONE',  ( -5.848500000000003141, 6.254999999999999893, -0.7500393700787405526 ) ) ;
#1333 = FACE_BOUND ( 'NONE', #5439, .T. ) ;
#1334 = DIRECTION ( 'NONE',  ( 0.000000000000000000, 1.000000000000000000, 0.000000000000000000 ) ) ;
#1335 = DIRECTION ( 'NONE',  ( 0.000000000000000000, -0.000000000000000000, -1.000000000000000000 ) ) ;
#1336 = DIRECTION ( 'NONE',  ( -0.000000000000000000, -0.000000000000000000, 1.000000000000000000 ) ) ;
#1337 = LINE ( 'NONE', #7056, #3091 ) ;
#1338 = LINE ( 'NONE', #3158, #8405 ) ;
#1339 = EDGE_CURVE ( 'NONE', #5195, #1980, #2909, .T. ) ;
#1340 = DIRECTION ( 'NONE',  ( 1.000000000000000000, 0.000000000000000000, -3.167359992654217041E-15 ) ) ;
#1341 = ORIENTED_EDGE ( 'NONE', *, *, #1539, .T. ) ;
#1342 = LINE ( 'NONE', #4158, #1200 ) ;
#1343 = EDGE_LOOP ( 'NONE', ( #1880, #6151, #2382, #2290 ) ) ;
#1344 = ORIENTED_EDGE ( 'NONE', *, *, #1235, .F. ) ;
#1345 = DIRECTION ( 'NONE',  ( -1.000000000000000000, 0.000000000000000000, 0.000000000000000000 ) ) ;
#1346 = AXIS2_PLACEMENT_3D ( 'NONE', #8312, #6257, #1991 ) ;
#1347 = ADVANCED_FACE ( 'NONE', ( #2874 ), #1397, .T. ) ;
#1348 = VERTEX_POINT ( 'NONE', #1491 ) ;
#1349 = PLANE ( 'NONE',  #3750 ) ;
#1350 = ORIENTED_EDGE ( 'NONE', *, *, #7255, .T. ) ;
#1351 = ORIENTED_EDGE ( 'NONE', *, *, #7366, .T. ) ;
#1352 = LINE ( 'NONE', #1399, #333 ) ;
#1353 = DIRECTION ( 'NONE',  ( -0.000000000000000000, -1.000000000000000000, -0.000000000000000000 ) ) ;
#1354 = LINE ( 'NONE', #4874, #2103 ) ;
#1355 = ORIENTED_EDGE ( 'NONE', *, *, #4729, .T. ) ;
#1356 = FACE_BOUND ( 'NONE', #3198, .T. ) ;
#1357 = AXIS2_PLACEMENT_3D ( 'NONE', #3753, #8771, #1627 ) ;
#1358 = EDGE_CURVE ( 'NONE', #6266, #492, #4302, .T. ) ;
#1359 = PLANE ( 'NONE',  #386 ) ;
#1360 = ADVANCED_FACE ( 'NONE', ( #7162 ), #791, .F. ) ;
#1361 = LINE ( 'NONE', #6633, #4707 ) ;
#1362 = VERTEX_POINT ( 'NONE', #2307 ) ;
#1363 = DIRECTION ( 'NONE',  ( 0.000000000000000000, -1.000000000000000000, 0.000000000000000000 ) ) ;
#1364 = ORIENTED_EDGE ( 'NONE', *, *, #8653, .F. ) ;
#1365 = DIRECTION ( 'NONE',  ( 1.000000000000000000, -2.500547362621746538E-15, 0.000000000000000000 ) ) ;
#1366 = VECTOR ( 'NONE', #5825, 39.37007874015748143 ) ;
#1367 = VECTOR ( 'NONE', #4286, 39.37007874015748143 ) ;
#1368 = ORIENTED_EDGE ( 'NONE', *, *, #5654, .F. ) ;
#1369 = CARTESIAN_POINT ( 'NONE',  ( -5.848500000000003141, 2.254999999999998561, -0.06000000000000004635 ) ) ;
#1370 = EDGE_LOOP ( 'NONE', ( #4392, #2693, #1437, #7483 ) ) ;
#1371 = DIRECTION ( 'NONE',  ( -1.000000000000000000, -0.000000000000000000, -0.000000000000000000 ) ) ;
#1372 = ORIENTED_EDGE ( 'NONE', *, *, #5811, .T. ) ;
#1373 = PLANE ( 'NONE',  #8562 ) ;
#1374 = VECTOR ( 'NONE', #4822, 39.37007874015748143 ) ;
#1375 = ADVANCED_FACE ( 'NONE', ( #7759 ), #702, .F. ) ;
#1376 = DIRECTION ( 'NONE',  ( 1.000000000000000000, 0.000000000000000000, 3.167359992654217041E-15 ) ) ;
#1377 = EDGE_LOOP ( 'NONE', ( #5905, #7096, #474, #7983 ) ) ;
#1378 = FACE_BOUND ( 'NONE', #1808, .T. ) ;
#1379 = EDGE_CURVE ( 'NONE', #7279, #1060, #5225, .T. ) ;
#1380 = LINE ( 'NONE', #4943, #7451 ) ;
#1381 = PLANE ( 'NONE',  #1316 ) ;
#1382 = EDGE_LOOP ( 'NONE', ( #3895, #2546, #4759, #7679 ) ) ;
#1383 = DIRECTION ( 'NONE',  ( 0.000000000000000000, 0.000000000000000000, -1.000000000000000000 ) ) ;
#1384 = DIRECTION ( 'NONE',  ( -0.000000000000000000, -0.000000000000000000, 1.000000000000000000 ) ) ;
#1385 = CARTESIAN_POINT ( 'NONE',  ( -6.036500000000001975, -3.745000000000001883, -0.06000000000000004635 ) ) ;
#1386 = CARTESIAN_POINT ( 'NONE',  ( -1.473500000000001586, 7.754999999999997229, -0.7500393700787405526 ) ) ;
#1387 = ORIENTED_EDGE ( 'NONE', *, *, #751, .F. ) ;
#1388 = FACE_OUTER_BOUND ( 'NONE', #4438, .T. ) ;
#1389 = ORIENTED_EDGE ( 'NONE', *, *, #5620, .F. ) ;
#1390 = VECTOR ( 'NONE', #3255, 39.37007874015748143 ) ;
#1391 = ORIENTED_EDGE ( 'NONE', *, *, #6307, .F. ) ;
#1392 = DIRECTION ( 'NONE',  ( -0.000000000000000000, -0.000000000000000000, 1.000000000000000000 ) ) ;
#1393 = DIRECTION ( 'NONE',  ( -0.000000000000000000, -0.000000000000000000, 1.000000000000000000 ) ) ;
#1394 = ORIENTED_EDGE ( 'NONE', *, *, #5016, .T. ) ;
#1395 = AXIS2_PLACEMENT_3D ( 'NONE', #5192, #7349, #8880 ) ;
#1396 = ORIENTED_EDGE ( 'NONE', *, *, #8853, .F. ) ;
#1397 = CYLINDRICAL_SURFACE ( 'NONE', #7619, 0.1200000000000019940 ) ;
#1398 = ORIENTED_EDGE ( 'NONE', *, *, #8965, .F. ) ;
#1399 = CARTESIAN_POINT ( 'NONE',  ( -4.786500000000001975, -4.245000000000002771, -0.7500393700787405526 ) ) ;
#1400 = CARTESIAN_POINT ( 'NONE',  ( -8.475999999999997314, 10.78499999999999837, -0.05999999999999999778 ) ) ;
#1401 = LINE ( 'NONE', #2914, #7000 ) ;
#1402 = EDGE_CURVE ( 'NONE', #7378, #6203, #8078, .T. ) ;
#1403 = EDGE_LOOP ( 'NONE', ( #2754, #1643, #3398, #3856 ) ) ;
#1404 = CARTESIAN_POINT ( 'NONE',  ( -0.4115000000000008096, 2.254999999999998561, -0.06000000000000004635 ) ) ;
#1405 = AXIS2_PLACEMENT_3D ( 'NONE', #3397, #2013, #3491 ) ;
#1406 = DIRECTION ( 'NONE',  ( 0.000000000000000000, 1.000000000000000000, -0.000000000000000000 ) ) ;
#1407 = DIRECTION ( 'NONE',  ( 1.000000000000000000, 0.000000000000000000, 0.000000000000000000 ) ) ;
#1408 = EDGE_LOOP ( 'NONE', ( #8468, #8831, #8817, #6985 ) ) ;
#1409 = DIRECTION ( 'NONE',  ( 1.000000000000000000, 0.000000000000000000, 0.000000000000000000 ) ) ;
#1410 = EDGE_CURVE ( 'NONE', #1140, #1831, #8864, .T. ) ;
#1411 = EDGE_LOOP ( 'NONE', ( #422, #6769, #5323, #2812 ) ) ;
#1412 = PLANE ( 'NONE',  #7457 ) ;
#1413 = FACE_OUTER_BOUND ( 'NONE', #765, .T. ) ;
#1414 = CARTESIAN_POINT ( 'NONE',  ( -5.223500000000001364, -7.745000000000001883, -0.7500393700787405526 ) ) ;
#1415 = EDGE_CURVE ( 'NONE', #9128, #728, #278, .T. ) ;
#1416 = VERTEX_POINT ( 'NONE', #5129 ) ;
#1418 = EDGE_CURVE ( 'NONE', #5531, #3480, #322, .T. ) ;
#1417 = PLANE ( 'NONE',  #9082 ) ;
#1419 = VECTOR ( 'NONE', #493, 39.37007874015748143 ) ;
#1420 = DIRECTION ( 'NONE',  ( 0.000000000000000000, 0.000000000000000000, -1.000000000000000000 ) ) ;
#1421 = DIRECTION ( 'NONE',  ( 0.000000000000000000, -1.000000000000000000, 0.000000000000000000 ) ) ;
#1422 = ORIENTED_EDGE ( 'NONE', *, *, #5476, .T. ) ;
#1423 = ORIENTED_EDGE ( 'NONE', *, *, #968, .T. ) ;
#1424 = DIRECTION ( 'NONE',  ( -0.000000000000000000, -0.000000000000000000, 1.000000000000000000 ) ) ;
#1426 = ADVANCED_FACE ( 'NONE', ( #8719 ), #7428, .F. ) ;
#1425 = LINE ( 'NONE', #2028, #3426 ) ;
#1427 = EDGE_CURVE ( 'NONE', #4860, #2667, #5177, .T. ) ;
#1428 = LINE ( 'NONE', #6247, #1466 ) ;
#1429 = DIRECTION ( 'NONE',  ( 1.000000000000000000, 0.000000000000000000, 0.000000000000000000 ) ) ;
#1430 = ORIENTED_EDGE ( 'NONE', *, *, #9089, .T. ) ;
#1431 = CARTESIAN_POINT ( 'NONE',  ( -8.660000000000003695, 5.564999999999997726, -0.4400000000000471867 ) ) ;
#1432 = DIRECTION ( 'NONE',  ( 1.000000000000000000, 6.244223985518316914E-16, 0.000000000000000000 ) ) ;
#1433 = CARTESIAN_POINT ( 'NONE',  ( -7.098500000000003141, 2.254999999999998561, -0.7500393700787405526 ) ) ;
#1434 = EDGE_CURVE ( 'NONE', #6905, #2073, #6684, .T. ) ;
#1435 = ORIENTED_EDGE ( 'NONE', *, *, #4729, .F. ) ;
#1436 = CARTESIAN_POINT ( 'NONE',  ( 8.660000000000001918, 10.78500000000000014, -0.7500000000000002220 ) ) ;
#1437 = ORIENTED_EDGE ( 'NONE', *, *, #2351, .F. ) ;
#1438 = EDGE_CURVE ( 'NONE', #1077, #1362, #5948, .T. ) ;
#1439 = VECTOR ( 'NONE', #7418, 39.37007874015748143 ) ;
#1440 = DIRECTION ( 'NONE',  ( 0.000000000000000000, -1.000000000000000000, 0.000000000000000000 ) ) ;
#1441 = DIRECTION ( 'NONE',  ( 0.000000000000000000, 0.000000000000000000, -1.000000000000000000 ) ) ;
#1442 = VECTOR ( 'NONE', #5956, 39.37007874015748143 ) ;
#1443 = ORIENTED_EDGE ( 'NONE', *, *, #8346, .T. ) ;
#1444 = VECTOR ( 'NONE', #6363, 39.37007874015748143 ) ;
#1445 = ORIENTED_EDGE ( 'NONE', *, *, #2210, .T. ) ;
#1446 = LINE ( 'NONE', #184, #3159 ) ;
#1447 = VERTEX_POINT ( 'NONE', #3150 ) ;
#1448 = DIRECTION ( 'NONE',  ( 0.000000000000000000, -1.000000000000000000, 0.000000000000000000 ) ) ;
#1449 = VECTOR ( 'NONE', #4414, 39.37007874015748143 ) ;
#1450 = LINE ( 'NONE', #2188, #6890 ) ;
#1451 = CARTESIAN_POINT ( 'NONE',  ( -5.223500000000001364, 4.254999999999998117, -0.06000000000000004635 ) ) ;
#1452 = ORIENTED_EDGE ( 'NONE', *, *, #6506, .T. ) ;
#1453 = VECTOR ( 'NONE', #3866, 39.37007874015748143 ) ;
#1454 = CYLINDRICAL_SURFACE ( 'NONE', #5846, 0.1559999999999991116 ) ;
#1455 = VECTOR ( 'NONE', #5725, 39.37007874015748143 ) ;
#1456 = VECTOR ( 'NONE', #3846, 39.37007874015748143 ) ;
#1457 = ORIENTED_EDGE ( 'NONE', *, *, #4673, .T. ) ;
#1458 = CARTESIAN_POINT ( 'NONE',  ( -5.411500000000002863, 9.754999999999999005, -0.7500393700787405526 ) ) ;
#1459 = ADVANCED_FACE ( 'NONE', ( #8910 ), #5330, .T. ) ;
#1460 = ORIENTED_EDGE ( 'NONE', *, *, #4024, .T. ) ;
#1461 = LINE ( 'NONE', #761, #4175 ) ;
#1462 = PLANE ( 'NONE',  #8571 ) ;
#1463 = LINE ( 'NONE', #4366, #6000 ) ;
#1464 = VECTOR ( 'NONE', #4879, 39.37007874015748143 ) ;
#1465 = ORIENTED_EDGE ( 'NONE', *, *, #3170, .F. ) ;
#1466 = VECTOR ( 'NONE', #8482, 39.37007874015748143 ) ;
#1467 = AXIS2_PLACEMENT_3D ( 'NONE', #349, #4600, #1830 ) ;
#1468 = CARTESIAN_POINT ( 'NONE',  ( -2.723500000000001808, 4.254999999999998117, -0.05999999999999999778 ) ) ;
#1469 = CARTESIAN_POINT ( 'NONE',  ( -0.8485000000000026965, -2.245000000000001883, 0.000000000000000000 ) ) ;
#1470 = DIRECTION ( 'NONE',  ( -1.000000000000000000, -0.000000000000000000, -0.000000000000000000 ) ) ;
#1471 = VERTEX_POINT ( 'NONE', #5974 ) ;
#1472 = EDGE_CURVE ( 'NONE', #3463, #7021, #4528, .T. ) ;
#1473 = VECTOR ( 'NONE', #1762, 39.37007874015748143 ) ;
#1474 = EDGE_CURVE ( 'NONE', #3528, #703, #5872, .T. ) ;
#1475 = DIRECTION ( 'NONE',  ( 1.000000000000000000, 0.000000000000000000, 0.000000000000000000 ) ) ;
#1476 = DIRECTION ( 'NONE',  ( 1.000000000000000000, 0.000000000000000000, 0.000000000000000000 ) ) ;
#1477 = CARTESIAN_POINT ( 'NONE',  ( -4.786500000000001975, -3.745000000000001883, -0.06000000000000004635 ) ) ;
#1478 = ORIENTED_EDGE ( 'NONE', *, *, #5393, .F. ) ;
#1479 = LINE ( 'NONE', #3601, #854 ) ;
#1480 = CARTESIAN_POINT ( 'NONE',  ( -5.411500000000001087, 2.254999999999998561, -0.06000000000000004635 ) ) ;
#1481 = PLANE ( 'NONE',  #3795 ) ;
#1482 = EDGE_CURVE ( 'NONE', #819, #5263, #3893, .T. ) ;
#1483 = EDGE_CURVE ( 'NONE', #3700, #7659, #7478, .T. ) ;
#1484 = ORIENTED_EDGE ( 'NONE', *, *, #6605, .F. ) ;
#1485 = PLANE ( 'NONE',  #6692 ) ;
#1486 = DIRECTION ( 'NONE',  ( -0.000000000000000000, 0.000000000000000000, 1.000000000000000000 ) ) ;
#1487 = EDGE_CURVE ( 'NONE', #6747, #3563, #1113, .T. ) ;
#1488 = CARTESIAN_POINT ( 'NONE',  ( -6.661500000000001087, -1.745000000000001217, -0.06000000000000004635 ) ) ;
#1489 = EDGE_CURVE ( 'NONE', #4422, #431, #1761, .T. ) ;
#1490 = ORIENTED_EDGE ( 'NONE', *, *, #7432, .F. ) ;
#1491 = CARTESIAN_POINT ( 'NONE',  ( -3.348500000000002697, 1.754999999999998117, 0.000000000000000000 ) ) ;
#1492 = ORIENTED_EDGE ( 'NONE', *, *, #5891, .F. ) ;
#1493 = CARTESIAN_POINT ( 'NONE',  ( -8.469999999999997087, 10.78499999999999481, -0.1199999999999999956 ) ) ;
#1494 = DIRECTION ( 'NONE',  ( -0.000000000000000000, -0.000000000000000000, 1.000000000000000000 ) ) ;
#1495 = LINE ( 'NONE', #1451, #5783 ) ;
#1496 = EDGE_LOOP ( 'NONE', ( #3949, #3178, #2604, #4207 ) ) ;
#1497 = CARTESIAN_POINT ( 'NONE',  ( -3.348500000000002697, 1.754999999999998117, 0.000000000000000000 ) ) ;
#1498 = EDGE_LOOP ( 'NONE', ( #3642, #7443, #3206, #3404 ) ) ;
#1499 = DIRECTION ( 'NONE',  ( -1.000000000000000000, 0.000000000000000000, -0.000000000000000000 ) ) ;
#1500 = VERTEX_POINT ( 'NONE', #4576 ) ;
#1501 = DIRECTION ( 'NONE',  ( 0.000000000000000000, 1.000000000000000000, -0.000000000000000000 ) ) ;
#1502 = DIRECTION ( 'NONE',  ( 0.000000000000000000, -3.491481338843134539E-15, 1.000000000000000000 ) ) ;
#1503 = PLANE ( 'NONE',  #7346 ) ;
#1504 = VECTOR ( 'NONE', #7280, 39.37007874015748143 ) ;
#1505 = VERTEX_POINT ( 'NONE', #4439 ) ;
#1506 = DIRECTION ( 'NONE',  ( -0.000000000000000000, -0.000000000000000000, 1.000000000000000000 ) ) ;
#1507 = AXIS2_PLACEMENT_3D ( 'NONE', #5092, #7292, #7986 ) ;
#1508 = ADVANCED_FACE ( 'NONE', ( #6026 ), #6589, .F. ) ;
#1509 = CARTESIAN_POINT ( 'NONE',  ( -6.661500000000001087, -1.745000000000001217, -0.7500393700787405526 ) ) ;
#1510 = DIRECTION ( 'NONE',  ( -0.000000000000000000, 1.000000000000000000, 0.000000000000000000 ) ) ;
#1511 = ORIENTED_EDGE ( 'NONE', *, *, #4817, .T. ) ;
#1512 = VECTOR ( 'NONE', #9190, 39.37007874015748143 ) ;
#1513 = VECTOR ( 'NONE', #2937, 39.37007874015748143 ) ;
#1514 = FACE_OUTER_BOUND ( 'NONE', #7048, .T. ) ;
#1515 = CARTESIAN_POINT ( 'NONE',  ( -3.348500000000002697, 1.754999999999998117, 0.000000000000000000 ) ) ;
#1516 = EDGE_CURVE ( 'NONE', #937, #8068, #1665, .T. ) ;
#1517 = VECTOR ( 'NONE', #1953, 39.37007874015748143 ) ;
#1518 = VERTEX_POINT ( 'NONE', #3373 ) ;
#1519 = CARTESIAN_POINT ( 'NONE',  ( -2.286500000000001975, -7.745000000000001883, -0.7500393700787405526 ) ) ;
#1520 = CARTESIAN_POINT ( 'NONE',  ( -8.600000000000001421, -10.78500000000000192, -0.06000000000000009492 ) ) ;
#1521 = CARTESIAN_POINT ( 'NONE',  ( -0.4115000000000008096, -1.745000000000001217, 0.000000000000000000 ) ) ;
#1522 = ORIENTED_EDGE ( 'NONE', *, *, #6998, .F. ) ;
#1523 = LINE ( 'NONE', #86, #1209 ) ;
#1524 = EDGE_CURVE ( 'NONE', #3764, #8731, #9048, .T. ) ;
#1525 = VECTOR ( 'NONE', #5090, 39.37007874015748143 ) ;
#1526 = FACE_OUTER_BOUND ( 'NONE', #5338, .T. ) ;
#1527 = EDGE_CURVE ( 'NONE', #139, #3011, #5554, .T. ) ;
#1528 = EDGE_CURVE ( 'NONE', #8610, #57, #7564, .T. ) ;
#1529 = CARTESIAN_POINT ( 'NONE',  ( -0.4115000000000008096, 5.754999999999998117, -0.7500393700787405526 ) ) ;
#1530 = ORIENTED_EDGE ( 'NONE', *, *, #1950, .F. ) ;
#1531 = ORIENTED_EDGE ( 'NONE', *, *, #9129, .T. ) ;
#1532 = DIRECTION ( 'NONE',  ( 1.000000000000000000, -3.122111992759157471E-16, 0.000000000000000000 ) ) ;
#1533 = ORIENTED_EDGE ( 'NONE', *, *, #2135, .T. ) ;
#1534 = VECTOR ( 'NONE', #1721, 39.37007874015748143 ) ;
#1535 = LINE ( 'NONE', #2268, #560 ) ;
#1536 = CARTESIAN_POINT ( 'NONE',  ( -5.411500000000001087, 2.254999999999998561, 0.000000000000000000 ) ) ;
#1537 = FACE_OUTER_BOUND ( 'NONE', #5769, .T. ) ;
#1538 = ORIENTED_EDGE ( 'NONE', *, *, #887, .T. ) ;
#1539 = EDGE_CURVE ( 'NONE', #8450, #2756, #1342, .T. ) ;
#1540 = DIRECTION ( 'NONE',  ( 0.000000000000000000, 1.000000000000000000, 0.000000000000000000 ) ) ;
#1541 = EDGE_LOOP ( 'NONE', ( #2699, #3114, #8364, #8979 ) ) ;
#1542 = DIRECTION ( 'NONE',  ( -1.000000000000000000, 0.000000000000000000, 0.000000000000000000 ) ) ;
#1543 = EDGE_CURVE ( 'NONE', #5528, #1692, #551, .T. ) ;
#1544 = ORIENTED_EDGE ( 'NONE', *, *, #669, .T. ) ;
#1545 = CARTESIAN_POINT ( 'NONE',  ( -0.8485000000000026965, -9.745000000000000995, -0.05999999999999999778 ) ) ;
#1546 = CARTESIAN_POINT ( 'NONE',  ( -3.348500000000002697, 2.254999999999998561, 0.000000000000000000 ) ) ;
#1547 = DIRECTION ( 'NONE',  ( 0.000000000000000000, -0.000000000000000000, -1.000000000000000000 ) ) ;
#1548 = ORIENTED_EDGE ( 'NONE', *, *, #3979, .F. ) ;
#1549 = CARTESIAN_POINT ( 'NONE',  ( -5.848500000000003141, 6.254999999999999893, -0.7500393700787405526 ) ) ;
#1550 = DIRECTION ( 'NONE',  ( -0.000000000000000000, -0.000000000000000000, 1.000000000000000000 ) ) ;
#1552 = AXIS2_PLACEMENT_3D ( 'NONE', #844, #60, #6469 ) ;
#1551 = PLANE ( 'NONE',  #5134 ) ;
#1553 = EDGE_LOOP ( 'NONE', ( #2524, #5047, #3546, #5512 ) ) ;
#1554 = CARTESIAN_POINT ( 'NONE',  ( -0.8485000000000026965, 1.754999999999998117, 0.000000000000000000 ) ) ;
#1555 = ORIENTED_EDGE ( 'NONE', *, *, #5915, .T. ) ;
#1556 = LINE ( 'NONE', #2249, #4757 ) ;
#1557 = CYLINDRICAL_SURFACE ( 'NONE', #4555, 0.1200000000000019940 ) ;
#1558 = AXIS2_PLACEMENT_3D ( 'NONE', #4052, #8338, #5533 ) ;
#1559 = LINE ( 'NONE', #7233, #6338 ) ;
#1560 = ORIENTED_EDGE ( 'NONE', *, *, #7788, .T. ) ;
#1561 = CARTESIAN_POINT ( 'NONE',  ( -2.911500000000001087, 2.254999999999998561, 0.000000000000000000 ) ) ;
#1562 = DIRECTION ( 'NONE',  ( 0.000000000000000000, 1.000000000000000000, 0.000000000000000000 ) ) ;
#1563 = FACE_OUTER_BOUND ( 'NONE', #4936, .T. ) ;
#1564 = VECTOR ( 'NONE', #8466, 39.37007874015748143 ) ;
#1565 = ORIENTED_EDGE ( 'NONE', *, *, #8162, .T. ) ;
#1566 = CARTESIAN_POINT ( 'NONE',  ( -8.469999999999998863, -10.78500000000000014, -0.1199999999999999956 ) ) ;
#1567 = EDGE_CURVE ( 'NONE', #7673, #7816, #9053, .T. ) ;
#1568 = FACE_BOUND ( 'NONE', #8548, .T. ) ;
#1569 = CARTESIAN_POINT ( 'NONE',  ( -5.411500000000001975, -9.745000000000002771, 0.000000000000000000 ) ) ;
#1570 = EDGE_LOOP ( 'NONE', ( #8942, #2363, #1319, #6902 ) ) ;
#1571 = ORIENTED_EDGE ( 'NONE', *, *, #1339, .T. ) ;
#1572 = CARTESIAN_POINT ( 'NONE',  ( -1.661500000000001975, -9.745000000000002771, 0.000000000000000000 ) ) ;
#1573 = ADVANCED_FACE ( 'NONE', ( #1296 ), #6917, .F. ) ;
#1574 = ORIENTED_EDGE ( 'NONE', *, *, #2871, .T. ) ;
#1575 = ADVANCED_FACE ( 'NONE', ( #4117 ), #8355, .F. ) ;
#1576 = AXIS2_PLACEMENT_3D ( 'NONE', #171, #1794, #4611 ) ;
#1577 = DIRECTION ( 'NONE',  ( 1.000000000000000000, -0.000000000000000000, 3.167359992654216647E-15 ) ) ;
#1578 = CARTESIAN_POINT ( 'NONE',  ( -6.473500000000002252, -7.745000000000001883, -0.06000000000000004635 ) ) ;
#1579 = CARTESIAN_POINT ( 'NONE',  ( -8.469999999999998863, -10.78500000000000014, -0.05999999999999901246 ) ) ;
#1580 = VERTEX_POINT ( 'NONE', #2678 ) ;
#1581 = AXIS2_PLACEMENT_3D ( 'NONE', #2870, #2136, #134 ) ;
#1582 = FACE_OUTER_BOUND ( 'NONE', #8891, .T. ) ;
#1583 = ORIENTED_EDGE ( 'NONE', *, *, #4253, .F. ) ;
#1584 = DIRECTION ( 'NONE',  ( 0.000000000000000000, -0.000000000000000000, -1.000000000000000000 ) ) ;
#1585 = VECTOR ( 'NONE', #9037, 39.37007874015748143 ) ;
#1586 = VECTOR ( 'NONE', #3777, 39.37007874015748143 ) ;
#1587 = ORIENTED_EDGE ( 'NONE', *, *, #559, .T. ) ;
#1588 = EDGE_CURVE ( 'NONE', #4420, #2651, #3420, .T. ) ;
#1589 = DIRECTION ( 'NONE',  ( -0.000000000000000000, -1.000000000000000000, -0.000000000000000000 ) ) ;
#1590 = CARTESIAN_POINT ( 'NONE',  ( -2.723500000000001808, -7.745000000000001883, 0.000000000000000000 ) ) ;
#1591 = FACE_OUTER_BOUND ( 'NONE', #1963, .T. ) ;
#1592 = ORIENTED_EDGE ( 'NONE', *, *, #669, .F. ) ;
#1593 = DIRECTION ( 'NONE',  ( 0.000000000000000000, -1.000000000000000000, 0.000000000000000000 ) ) ;
#1594 = VECTOR ( 'NONE', #317, 39.37007874015748143 ) ;
#1595 = EDGE_CURVE ( 'NONE', #4252, #5756, #5508, .T. ) ;
#1596 = VECTOR ( 'NONE', #8801, 39.37007874015748143 ) ;
#1597 = CARTESIAN_POINT ( 'NONE',  ( -3.906000000000001915, -10.56500000000000128, -0.06000000000000004635 ) ) ;
#1598 = DIRECTION ( 'NONE',  ( 0.000000000000000000, -0.000000000000000000, 1.000000000000000000 ) ) ;
#1599 = VERTEX_POINT ( 'NONE', #6874 ) ;
#1600 = CARTESIAN_POINT ( 'NONE',  ( -7.098500000000003141, 1.754999999999998117, -0.06000000000000004635 ) ) ;
#1601 = ORIENTED_EDGE ( 'NONE', *, *, #1186, .F. ) ;
#1602 = EDGE_CURVE ( 'NONE', #3841, #3724, #5463, .T. ) ;
#1603 = VECTOR ( 'NONE', #1283, 39.37007874015748143 ) ;
#1604 = VECTOR ( 'NONE', #1440, 39.37007874015748143 ) ;
#1605 = EDGE_LOOP ( 'NONE', ( #8359, #5314 ) ) ;
#1606 = CARTESIAN_POINT ( 'NONE',  ( -2.723500000000001808, 4.254999999999998117, 0.000000000000000000 ) ) ;
#1607 = LINE ( 'NONE', #6670, #6929 ) ;
#1608 = ORIENTED_EDGE ( 'NONE', *, *, #4877, .T. ) ;
#1609 = CARTESIAN_POINT ( 'NONE',  ( -8.475999999999997314, 10.77899999999999636, -0.05999999999999999778 ) ) ;
#1610 = AXIS2_PLACEMENT_3D ( 'NONE', #8608, #1035, #2939 ) ;
#1611 = LINE ( 'NONE', #958, #6201 ) ;
#1612 = LINE ( 'NONE', #218, #7221 ) ;
#1613 = EDGE_LOOP ( 'NONE', ( #7124, #7725 ) ) ;
#1614 = LINE ( 'NONE', #5268, #5928 ) ;
#1615 = VECTOR ( 'NONE', #7965, 39.37007874015748143 ) ;
#1616 = CARTESIAN_POINT ( 'NONE',  ( 8.470000000000000639, 10.90499999999999936, -0.7500000000000001110 ) ) ;
#1617 = ADVANCED_FACE ( 'NONE', ( #1252 ), #7521, .F. ) ;
#1618 = CARTESIAN_POINT ( 'NONE',  ( -5.223500000000001364, -7.745000000000001883, 0.000000000000000000 ) ) ;
#1619 = EDGE_LOOP ( 'NONE', ( #5336, #5365, #4464, #5099 ) ) ;
#1620 = CARTESIAN_POINT ( 'NONE',  ( 8.660000000000001918, -5.565000000000003944, -0.4399999999999923972 ) ) ;
#1621 = CARTESIAN_POINT ( 'NONE',  ( -1.036500000000001975, -3.745000000000001883, 0.000000000000000000 ) ) ;
#1622 = ORIENTED_EDGE ( 'NONE', *, *, #2893, .F. ) ;
#1623 = DIRECTION ( 'NONE',  ( 0.000000000000000000, 1.000000000000000000, 0.000000000000000000 ) ) ;
#1624 = ORIENTED_EDGE ( 'NONE', *, *, #5212, .T. ) ;
#1625 = CARTESIAN_POINT ( 'NONE',  ( -8.720000000000004192, -10.78500000000000192, -0.7499999999999998890 ) ) ;
#1626 = DIRECTION ( 'NONE',  ( -0.000000000000000000, -1.000000000000000000, -0.000000000000000000 ) ) ;
#1627 = DIRECTION ( 'NONE',  ( 0.000000000000000000, 0.000000000000000000, 1.000000000000000000 ) ) ;
#1628 = VERTEX_POINT ( 'NONE', #8262 ) ;
#1629 = EDGE_CURVE ( 'NONE', #3041, #7528, #5913, .T. ) ;
#1630 = CARTESIAN_POINT ( 'NONE',  ( -6.661500000000001087, 6.254999999999999893, 0.000000000000000000 ) ) ;
#1631 = ORIENTED_EDGE ( 'NONE', *, *, #6118, .F. ) ;
#1632 = CARTESIAN_POINT ( 'NONE',  ( -0.8485000000000026965, -9.745000000000000995, -0.7500393700787405526 ) ) ;
#1633 = VERTEX_POINT ( 'NONE', #4765 ) ;
#1634 = DIRECTION ( 'NONE',  ( -0.000000000000000000, -1.000000000000000000, -0.000000000000000000 ) ) ;
#1635 = CARTESIAN_POINT ( 'NONE',  ( -8.469999999999998863, -10.84500000000000064, -0.1199999999999998151 ) ) ;
#1636 = DIRECTION ( 'NONE',  ( 1.000000000000000000, 0.000000000000000000, 0.000000000000000000 ) ) ;
#1637 = ORIENTED_EDGE ( 'NONE', *, *, #5378, .F. ) ;
#1638 = FACE_BOUND ( 'NONE', #4837, .T. ) ;
#1639 = ADVANCED_FACE ( 'NONE', ( #8403 ), #4072, .F. ) ;
#1640 = ADVANCED_FACE ( 'NONE', ( #3470, #2547, #8216, #1850, #4668 ), #1162, .F. ) ;
#1641 = LINE ( 'NONE', #114, #3660 ) ;
#1642 = CARTESIAN_POINT ( 'NONE',  ( -8.720000000000004192, 5.564999999999997726, -0.4400000000000474087 ) ) ;
#1643 = ORIENTED_EDGE ( 'NONE', *, *, #4692, .T. ) ;
#1644 = CARTESIAN_POINT ( 'NONE',  ( -3.536500000000001975, 0.2549999999999985056, -0.7500393700787405526 ) ) ;
#1645 = VERTEX_POINT ( 'NONE', #7881 ) ;
#1646 = EDGE_LOOP ( 'NONE', ( #4168, #4696, #582, #2868 ) ) ;
#1647 = ORIENTED_EDGE ( 'NONE', *, *, #1358, .T. ) ;
#1648 = CARTESIAN_POINT ( 'NONE',  ( 0.000000000000000000, 10.90499999999999936, -0.7500000000000001110 ) ) ;
#1649 = EDGE_CURVE ( 'NONE', #4678, #5277, #4997, .T. ) ;
#1650 = VERTEX_POINT ( 'NONE', #7843 ) ;
#1651 = DIRECTION ( 'NONE',  ( -0.000000000000000000, 1.000000000000000000, 0.000000000000000000 ) ) ;
#1652 = AXIS2_PLACEMENT_3D ( 'NONE', #1725, #8685, #6561 ) ;
#1653 = DIRECTION ( 'NONE',  ( -0.000000000000000000, 1.000000000000000000, 0.000000000000000000 ) ) ;
#1654 = FACE_OUTER_BOUND ( 'NONE', #5240, .T. ) ;
#1655 = DIRECTION ( 'NONE',  ( -3.167359992654217435E-15, -0.000000000000000000, 1.000000000000000000 ) ) ;
#1656 = VECTOR ( 'NONE', #3317, 39.37007874015748143 ) ;
#1657 = AXIS2_PLACEMENT_3D ( 'NONE', #3403, #673, #7640 ) ;
#1658 = LINE ( 'NONE', #7327, #7686 ) ;
#1659 = DIRECTION ( 'NONE',  ( -2.500547362621746538E-15, -1.000000000000000000, 0.000000000000000000 ) ) ;
#1660 = ORIENTED_EDGE ( 'NONE', *, *, #5418, .F. ) ;
#1661 = LINE ( 'NONE', #6486, #8260 ) ;
#1662 = CARTESIAN_POINT ( 'NONE',  ( -4.598500000000003141, 6.254999999999999893, 0.000000000000000000 ) ) ;
#1663 = VECTOR ( 'NONE', #1677, 39.37007874015748143 ) ;
#1664 = VERTEX_POINT ( 'NONE', #3606 ) ;
#1665 = LINE ( 'NONE', #4813, #7567 ) ;
#1666 = DIRECTION ( 'NONE',  ( 0.000000000000000000, -0.000000000000000000, 1.000000000000000000 ) ) ;
#1667 = ORIENTED_EDGE ( 'NONE', *, *, #695, .T. ) ;
#1668 = CARTESIAN_POINT ( 'NONE',  ( -2.286500000000001975, 4.254999999999998117, 0.000000000000000000 ) ) ;
#1669 = EDGE_CURVE ( 'NONE', #4119, #7664, #2176, .T. ) ;
#1670 = DIRECTION ( 'NONE',  ( -0.000000000000000000, -1.000000000000000000, -0.000000000000000000 ) ) ;
#1671 = CARTESIAN_POINT ( 'NONE',  ( -0.4115000000000008096, -5.745000000000000995, -0.06000000000000004635 ) ) ;
#1672 = CARTESIAN_POINT ( 'NONE',  ( -3.973500000000001808, 7.754999999999997229, -0.06000000000000004635 ) ) ;
#1673 = EDGE_LOOP ( 'NONE', ( #5398, #1445, #5160, #6163 ) ) ;
#1674 = CARTESIAN_POINT ( 'NONE',  ( -2.911500000000001087, 1.754999999999998117, -0.7500393700787405526 ) ) ;
#1675 = ORIENTED_EDGE ( 'NONE', *, *, #4583, .F. ) ;
#1676 = EDGE_LOOP ( 'NONE', ( #2980, #2306, #120, #5982 ) ) ;
#1677 = DIRECTION ( 'NONE',  ( -0.000000000000000000, -1.000000000000000000, -0.000000000000000000 ) ) ;
#1678 = EDGE_CURVE ( 'NONE', #1213, #6753, #4206, .T. ) ;
#1679 = PLANE ( 'NONE',  #4342 ) ;
#1680 = FACE_OUTER_BOUND ( 'NONE', #2879, .T. ) ;
#1681 = ORIENTED_EDGE ( 'NONE', *, *, #8439, .F. ) ;
#1682 = FACE_BOUND ( 'NONE', #1136, .T. ) ;
#1683 = VECTOR ( 'NONE', #2094, 39.37007874015748143 ) ;
#1684 = LINE ( 'NONE', #900, #1737 ) ;
#1685 = CARTESIAN_POINT ( 'NONE',  ( 8.660000000000001918, 5.564999999999997726, -0.4399999999999923972 ) ) ;
#1686 = EDGE_LOOP ( 'NONE', ( #6028, #5471, #8318, #4338 ) ) ;
#1687 = LINE ( 'NONE', #5305, #5963 ) ;
#1688 = EDGE_LOOP ( 'NONE', ( #5729, #6239, #1368, #7938 ) ) ;
#1689 = VECTOR ( 'NONE', #4217, 39.37007874015748143 ) ;
#1690 = EDGE_CURVE ( 'NONE', #7928, #4165, #1523, .T. ) ;
#1691 = EDGE_CURVE ( 'NONE', #8626, #6367, #7062, .T. ) ;
#1692 = VERTEX_POINT ( 'NONE', #9144 ) ;
#1693 = FACE_OUTER_BOUND ( 'NONE', #7898, .T. ) ;
#1694 = ORIENTED_EDGE ( 'NONE', *, *, #3781, .F. ) ;
#1695 = DIRECTION ( 'NONE',  ( -6.244223985518316914E-16, 1.000000000000000000, -0.000000000000000000 ) ) ;
#1696 = AXIS2_PLACEMENT_3D ( 'NONE', #3849, #5923, #8131 ) ;
#1697 = ORIENTED_EDGE ( 'NONE', *, *, #4016, .F. ) ;
#1698 = CARTESIAN_POINT ( 'NONE',  ( -6.036500000000001975, -4.245000000000002771, -0.000000000000000000 ) ) ;
#1699 = DIRECTION ( 'NONE',  ( -0.000000000000000000, -0.000000000000000000, 1.000000000000000000 ) ) ;
#1700 = DIRECTION ( 'NONE',  ( 0.000000000000000000, -1.000000000000000000, 0.000000000000000000 ) ) ;
#1701 = ORIENTED_EDGE ( 'NONE', *, *, #2945, .F. ) ;
#1702 = CARTESIAN_POINT ( 'NONE',  ( -8.469999999999998863, -10.77899999999999991, 0.000000000000000000 ) ) ;
#1703 = EDGE_CURVE ( 'NONE', #5684, #3454, #8178, .T. ) ;
#1704 = FACE_OUTER_BOUND ( 'NONE', #6073, .T. ) ;
#1705 = EDGE_CURVE ( 'NONE', #7733, #8389, #6359, .T. ) ;
#1706 = ORIENTED_EDGE ( 'NONE', *, *, #2316, .F. ) ;
#1707 = DIRECTION ( 'NONE',  ( 0.000000000000000000, -0.000000000000000000, 1.000000000000000000 ) ) ;
#1708 = AXIS2_PLACEMENT_3D ( 'NONE', #6223, #9064, #2695 ) ;
#1709 = VERTEX_POINT ( 'NONE', #1436 ) ;
#1710 = LINE ( 'NONE', #4574, #2683 ) ;
#1711 = ORIENTED_EDGE ( 'NONE', *, *, #2938, .T. ) ;
#1712 = CARTESIAN_POINT ( 'NONE',  ( -0.8485000000000026965, -5.745000000000000995, -0.06000000000000004635 ) ) ;
#1713 = DIRECTION ( 'NONE',  ( 0.000000000000000000, -1.000000000000000000, 0.000000000000000000 ) ) ;
#1714 = VERTEX_POINT ( 'NONE', #4385 ) ;
#1715 = ADVANCED_FACE ( 'NONE', ( #875 ), #1485, .F. ) ;
#1716 = LINE ( 'NONE', #4532, #1456 ) ;
#1717 = DIRECTION ( 'NONE',  ( 1.000000000000000000, -0.000000000000000000, 3.167359992654216647E-15 ) ) ;
#1718 = CARTESIAN_POINT ( 'NONE',  ( -5.848500000000003141, 1.754999999999998117, -0.06000000000000004635 ) ) ;
#1719 = DIRECTION ( 'NONE',  ( 1.000000000000000000, 0.000000000000000000, -3.491481338843134539E-15 ) ) ;
#1720 = EDGE_LOOP ( 'NONE', ( #4675, #8176, #1852, #7211 ) ) ;
#1721 = DIRECTION ( 'NONE',  ( 1.000000000000000000, -0.000000000000000000, 3.167359992654216647E-15 ) ) ;
#1722 = VERTEX_POINT ( 'NONE', #2867 ) ;
#1723 = DIRECTION ( 'NONE',  ( 1.000000000000000000, -0.000000000000000000, 3.167359992654216647E-15 ) ) ;
#1724 = DIRECTION ( 'NONE',  ( 0.000000000000000000, -1.000000000000000000, 0.000000000000000000 ) ) ;
#1725 = CARTESIAN_POINT ( 'NONE',  ( 8.470000000000000639, 10.78499999999999481, -0.1199999999999999956 ) ) ;
#1726 = EDGE_LOOP ( 'NONE', ( #4486, #5604, #8101, #4511 ) ) ;
#1727 = CARTESIAN_POINT ( 'NONE',  ( 8.660000000000001918, -10.78500000000000192, -0.7500000000000003331 ) ) ;
#1728 = CARTESIAN_POINT ( 'NONE',  ( -1.473500000000001586, -0.2450000000000024380, -0.7500393700787405526 ) ) ;
#1729 = AXIS2_PLACEMENT_3D ( 'NONE', #1937, #5236, #1719 ) ;
#1730 = ADVANCED_FACE ( 'NONE', ( #5602 ), #5040, .F. ) ;
#1731 = FACE_OUTER_BOUND ( 'NONE', #6924, .T. ) ;
#1732 = CARTESIAN_POINT ( 'NONE',  ( -2.098500000000002697, 2.254999999999998561, -0.06000000000000004635 ) ) ;
#1733 = EDGE_LOOP ( 'NONE', ( #2729, #8811 ) ) ;
#1734 = CARTESIAN_POINT ( 'NONE',  ( -3.348500000000002697, 2.254999999999998561, 0.000000000000000000 ) ) ;
#1735 = EDGE_LOOP ( 'NONE', ( #9107, #4588, #1530, #5245 ) ) ;
#1736 = ORIENTED_EDGE ( 'NONE', *, *, #2210, .F. ) ;
#1737 = VECTOR ( 'NONE', #7267, 39.37007874015748143 ) ;
#1738 = DIRECTION ( 'NONE',  ( -0.000000000000000000, -0.000000000000000000, 1.000000000000000000 ) ) ;
#1739 = AXIS2_PLACEMENT_3D ( 'NONE', #4446, #238, #144 ) ;
#1740 = CARTESIAN_POINT ( 'NONE',  ( -0.8485000000000026965, -1.745000000000001217, -0.06000000000000004635 ) ) ;
#1741 = EDGE_CURVE ( 'NONE', #5724, #9077, #6852, .T. ) ;
#1742 = VERTEX_POINT ( 'NONE', #8448 ) ;
#1743 = CARTESIAN_POINT ( 'NONE',  ( 8.470000000000000639, 10.84499999999999709, -0.1199999999999998151 ) ) ;
#1744 = ADVANCED_FACE ( 'NONE', ( #5080 ), #2259, .F. ) ;
#1745 = FACE_OUTER_BOUND ( 'NONE', #5894, .T. ) ;
#1746 = FACE_BOUND ( 'NONE', #1011, .T. ) ;
#1747 = VECTOR ( 'NONE', #5451, 39.37007874015748143 ) ;
#1748 = AXIS2_PLACEMENT_3D ( 'NONE', #3049, #7290, #929 ) ;
#1749 = DIRECTION ( 'NONE',  ( 0.000000000000000000, 1.000000000000000000, 0.000000000000000000 ) ) ;
#1750 = LINE ( 'NONE', #499, #7974 ) ;
#1751 = VECTOR ( 'NONE', #8440, 39.37007874015748143 ) ;
#1752 = AXIS2_PLACEMENT_3D ( 'NONE', #7270, #903, #206 ) ;
#1753 = EDGE_CURVE ( 'NONE', #281, #4209, #6544, .T. ) ;
#1754 = VERTEX_POINT ( 'NONE', #7750 ) ;
#1755 = LINE ( 'NONE', #6022, #7819 ) ;
#1756 = ADVANCED_FACE ( 'NONE', ( #1388 ), #693, .F. ) ;
#1757 = DIRECTION ( 'NONE',  ( -6.244223985518316914E-16, 1.000000000000000000, 0.000000000000000000 ) ) ;
#1758 = ORIENTED_EDGE ( 'NONE', *, *, #7767, .T. ) ;
#1759 = DIRECTION ( 'NONE',  ( 3.167359992654217435E-15, -0.000000000000000000, 1.000000000000000000 ) ) ;
#1760 = EDGE_LOOP ( 'NONE', ( #6218, #2233, #6562, #1350 ) ) ;
#1761 = LINE ( 'NONE', #6736, #4148 ) ;
#1762 = DIRECTION ( 'NONE',  ( -0.000000000000000000, -1.000000000000000000, -0.000000000000000000 ) ) ;
#1763 = AXIS2_PLACEMENT_3D ( 'NONE', #689, #5548, #9044 ) ;
#1764 = ORIENTED_EDGE ( 'NONE', *, *, #3054, .T. ) ;
#1765 = FACE_BOUND ( 'NONE', #3271, .T. ) ;
#1766 = EDGE_CURVE ( 'NONE', #4789, #26, #2905, .T. ) ;
#1767 = CARTESIAN_POINT ( 'NONE',  ( 8.599999999999999645, 10.78500000000000014, -0.05999999999999954675 ) ) ;
#1768 = PLANE ( 'NONE',  #5353 ) ;
#1769 = ORIENTED_EDGE ( 'NONE', *, *, #8100, .F. ) ;
#1770 = EDGE_CURVE ( 'NONE', #1907, #448, #6400, .T. ) ;
#1771 = CARTESIAN_POINT ( 'NONE',  ( -1.661500000000000865, 1.754999999999998117, -0.7500393700787405526 ) ) ;
#1772 = ORIENTED_EDGE ( 'NONE', *, *, #5322, .F. ) ;
#1773 = PLANE ( 'NONE',  #7470 ) ;
#1774 = EDGE_LOOP ( 'NONE', ( #2405, #879, #7356, #429 ) ) ;
#1775 = FACE_BOUND ( 'NONE', #7754, .T. ) ;
#1776 = CARTESIAN_POINT ( 'NONE',  ( -2.911500000000001975, -9.745000000000002771, -0.06000000000000004635 ) ) ;
#1777 = CARTESIAN_POINT ( 'NONE',  ( -0.8485000000000026965, 6.254999999999999893, 0.000000000000000000 ) ) ;
#1778 = ORIENTED_EDGE ( 'NONE', *, *, #6107, .F. ) ;
#1779 = CARTESIAN_POINT ( 'NONE',  ( -5.848500000000003141, -2.245000000000001883, 0.000000000000000000 ) ) ;
#1780 = FACE_BOUND ( 'NONE', #7827, .T. ) ;
#1781 = CARTESIAN_POINT ( 'NONE',  ( 8.599999999999999645, -10.78500000000000192, -0.05999999999999954675 ) ) ;
#1782 = DIRECTION ( 'NONE',  ( -1.000000000000000000, 0.000000000000000000, 0.000000000000000000 ) ) ;
#1783 = VERTEX_POINT ( 'NONE', #5965 ) ;
#1784 = DIRECTION ( 'NONE',  ( 0.000000000000000000, 1.000000000000000000, 0.000000000000000000 ) ) ;
#1785 = ORIENTED_EDGE ( 'NONE', *, *, #6516, .T. ) ;
#1786 = ORIENTED_EDGE ( 'NONE', *, *, #4634, .F. ) ;
#1787 = DIRECTION ( 'NONE',  ( -1.000000000000000000, -0.000000000000000000, -0.000000000000000000 ) ) ;
#1788 = VECTOR ( 'NONE', #8170, 39.37007874015748143 ) ;
#1789 = ORIENTED_EDGE ( 'NONE', *, *, #5171, .F. ) ;
#1790 = LINE ( 'NONE', #4558, #1809 ) ;
#1791 = VERTEX_POINT ( 'NONE', #5861 ) ;
#1792 = CARTESIAN_POINT ( 'NONE',  ( -1.661500000000000865, 2.254999999999998561, 0.000000000000000000 ) ) ;
#1793 = CARTESIAN_POINT ( 'NONE',  ( -8.720000000000004192, 6.944999999999996732, -0.4920000000000474549 ) ) ;
#1794 = DIRECTION ( 'NONE',  ( -0.000000000000000000, 1.000000000000000000, 0.000000000000000000 ) ) ;
#1795 = LINE ( 'NONE', #4477, #7586 ) ;
#1796 = ADVANCED_FACE ( 'NONE', ( #962 ), #8021, .F. ) ;
#1797 = LINE ( 'NONE', #5457, #3236 ) ;
#1798 = VECTOR ( 'NONE', #6800, 39.37007874015748143 ) ;
#1799 = ORIENTED_EDGE ( 'NONE', *, *, #2490, .F. ) ;
#1800 = LINE ( 'NONE', #8023, #3508 ) ;
#1801 = CARTESIAN_POINT ( 'NONE',  ( -6.036500000000001975, 0.2549999999999985056, 0.000000000000000000 ) ) ;
#1802 = ORIENTED_EDGE ( 'NONE', *, *, #2948, .F. ) ;
#1803 = FACE_OUTER_BOUND ( 'NONE', #4752, .T. ) ;
#1804 = VERTEX_POINT ( 'NONE', #8115 ) ;
#1805 = DIRECTION ( 'NONE',  ( 0.000000000000000000, -1.000000000000000000, 0.000000000000000000 ) ) ;
#1806 = DIRECTION ( 'NONE',  ( 0.000000000000000000, 1.000000000000000000, 0.000000000000000000 ) ) ;
#1807 = VECTOR ( 'NONE', #2583, 39.37007874015748143 ) ;
#1808 = EDGE_LOOP ( 'NONE', ( #7031, #5464, #29, #5515 ) ) ;
#1809 = VECTOR ( 'NONE', #2388, 39.37007874015748143 ) ;
#1810 = FACE_BOUND ( 'NONE', #7161, .T. ) ;
#1811 = EDGE_CURVE ( 'NONE', #3748, #3440, #2347, .T. ) ;
#1812 = EDGE_CURVE ( 'NONE', #7659, #1308, #1614, .T. ) ;
#1813 = ORIENTED_EDGE ( 'NONE', *, *, #7058, .F. ) ;
#1814 = CARTESIAN_POINT ( 'NONE',  ( -4.161500000000001087, 5.754999999999998117, -0.06000000000000004635 ) ) ;
#1815 = VERTEX_POINT ( 'NONE', #267 ) ;
#1816 = AXIS2_PLACEMENT_3D ( 'NONE', #7996, #3857, #4449 ) ;
#1817 = ORIENTED_EDGE ( 'NONE', *, *, #500, .F. ) ;
#1818 = CARTESIAN_POINT ( 'NONE',  ( -0.8485000000000026965, 2.254999999999998561, -0.7500393700787405526 ) ) ;
#1819 = ORIENTED_EDGE ( 'NONE', *, *, #1427, .T. ) ;
#1820 = ORIENTED_EDGE ( 'NONE', *, *, #4141, .F. ) ;
#1821 = FACE_OUTER_BOUND ( 'NONE', #7999, .T. ) ;
#1822 = EDGE_CURVE ( 'NONE', #5028, #3084, #1004, .T. ) ;
#1823 = CARTESIAN_POINT ( 'NONE',  ( -8.660000000000001918, -10.78500000000000192, -0.1199999999999998151 ) ) ;
#1824 = ORIENTED_EDGE ( 'NONE', *, *, #1524, .T. ) ;
#1825 = CARTESIAN_POINT ( 'NONE',  ( -2.286500000000001975, 7.754999999999997229, -0.06000000000000004635 ) ) ;
#1826 = FACE_BOUND ( 'NONE', #2137, .T. ) ;
#1827 = EDGE_CURVE ( 'NONE', #5093, #425, #6675, .T. ) ;
#1828 = CARTESIAN_POINT ( 'NONE',  ( -7.098500000000003141, 6.254999999999999893, 0.000000000000000000 ) ) ;
#1829 = CARTESIAN_POINT ( 'NONE',  ( -4.598500000000003141, -9.745000000000000995, -0.06000000000000004635 ) ) ;
#1830 = DIRECTION ( 'NONE',  ( 1.000000000000000000, 0.000000000000000000, 0.000000000000000000 ) ) ;
#1831 = VERTEX_POINT ( 'NONE', #3836 ) ;
#1832 = EDGE_CURVE ( 'NONE', #3637, #7751, #8755, .T. ) ;
#1833 = AXIS2_PLACEMENT_3D ( 'NONE', #5737, #1532, #8671 ) ;
#1834 = ORIENTED_EDGE ( 'NONE', *, *, #3827, .F. ) ;
#1835 = PLANE ( 'NONE',  #3027 ) ;
#1836 = EDGE_LOOP ( 'NONE', ( #6330, #5971, #7254, #8295 ) ) ;
#1837 = DIRECTION ( 'NONE',  ( 1.000000000000000000, 0.000000000000000000, 3.167359992654217041E-15 ) ) ;
#1838 = ORIENTED_EDGE ( 'NONE', *, *, #5310, .T. ) ;
#1839 = LINE ( 'NONE', #7644, #1151 ) ;
#1840 = DIRECTION ( 'NONE',  ( -0.000000000000000000, -0.000000000000000000, 1.000000000000000000 ) ) ;
#1841 = LINE ( 'NONE', #8899, #2761 ) ;
#1842 = CARTESIAN_POINT ( 'NONE',  ( -2.723500000000001808, -3.745000000000001883, -0.7500393700787405526 ) ) ;
#1843 = CARTESIAN_POINT ( 'NONE',  ( -5.411500000000001087, 6.254999999999999893, -0.7500393700787405526 ) ) ;
#1844 = ORIENTED_EDGE ( 'NONE', *, *, #8451, .T. ) ;
#1845 = DIRECTION ( 'NONE',  ( -0.000000000000000000, -0.000000000000000000, 1.000000000000000000 ) ) ;
#1846 = DIRECTION ( 'NONE',  ( 0.000000000000000000, 0.000000000000000000, -1.000000000000000000 ) ) ;
#1847 = EDGE_CURVE ( 'NONE', #4677, #8475, #219, .T. ) ;
#1848 = LINE ( 'NONE', #8310, #35 ) ;
#1849 = ORIENTED_EDGE ( 'NONE', *, *, #4007, .T. ) ;
#1850 = FACE_BOUND ( 'NONE', #8512, .T. ) ;
#1851 = FACE_OUTER_BOUND ( 'NONE', #8316, .T. ) ;
#1852 = ORIENTED_EDGE ( 'NONE', *, *, #3527, .F. ) ;
#1853 = FACE_BOUND ( 'NONE', #5207, .T. ) ;
#1854 = EDGE_CURVE ( 'NONE', #7646, #4805, #5320, .T. ) ;
#1855 = VECTOR ( 'NONE', #5569, 39.37007874015748143 ) ;
#1856 = EDGE_CURVE ( 'NONE', #703, #758, #2992, .T. ) ;
#1857 = EDGE_CURVE ( 'NONE', #7213, #5751, #4566, .T. ) ;
#1858 = ORIENTED_EDGE ( 'NONE', *, *, #8384, .F. ) ;
#1859 = DIRECTION ( 'NONE',  ( 0.000000000000000000, -0.000000000000000000, 1.000000000000000000 ) ) ;
#1860 = ORIENTED_EDGE ( 'NONE', *, *, #2745, .F. ) ;
#1861 = CARTESIAN_POINT ( 'NONE',  ( -3.973500000000001808, -3.745000000000001883, 0.000000000000000000 ) ) ;
#1862 = PLANE ( 'NONE',  #7326 ) ;
#1863 = DIRECTION ( 'NONE',  ( 1.000000000000000000, -0.000000000000000000, 3.167359992654216647E-15 ) ) ;
#1864 = EDGE_LOOP ( 'NONE', ( #3176, #6635, #9040, #3125 ) ) ;
#1865 = FACE_OUTER_BOUND ( 'NONE', #4913, .T. ) ;
#1866 = FACE_BOUND ( 'NONE', #16, .T. ) ;
#1867 = FACE_OUTER_BOUND ( 'NONE', #1331, .T. ) ;
#1868 = EDGE_CURVE ( 'NONE', #57, #5676, #8160, .T. ) ;
#1869 = LINE ( 'NONE', #7308, #8129 ) ;
#1870 = ORIENTED_EDGE ( 'NONE', *, *, #7138, .F. ) ;
#1871 = PLANE ( 'NONE',  #8205 ) ;
#1872 = ORIENTED_EDGE ( 'NONE', *, *, #5159, .T. ) ;
#1873 = VECTOR ( 'NONE', #6533, 39.37007874015748143 ) ;
#1874 = ORIENTED_EDGE ( 'NONE', *, *, #8177, .T. ) ;
#1875 = LINE ( 'NONE', #581, #7060 ) ;
#1876 = EDGE_CURVE ( 'NONE', #1709, #2507, #1052, .T. ) ;
#1877 = EDGE_LOOP ( 'NONE', ( #5853, #990, #8339, #1799 ) ) ;
#1878 = CARTESIAN_POINT ( 'NONE',  ( 2.343999999999998973, 10.56499999999999773, -0.7500393700787405526 ) ) ;
#1879 = VECTOR ( 'NONE', #6584, 39.37007874015748143 ) ;
#1880 = ORIENTED_EDGE ( 'NONE', *, *, #5713, .F. ) ;
#1881 = CARTESIAN_POINT ( 'NONE',  ( -1.473500000000001586, 7.754999999999997229, 0.000000000000000000 ) ) ;
#1882 = EDGE_CURVE ( 'NONE', #1992, #7015, #5819, .T. ) ;
#1883 = FACE_OUTER_BOUND ( 'NONE', #3704, .T. ) ;
#1884 = VECTOR ( 'NONE', #4524, 39.37007874015748143 ) ;
#1885 = ORIENTED_EDGE ( 'NONE', *, *, #7214, .T. ) ;
#1886 = FACE_OUTER_BOUND ( 'NONE', #4906, .T. ) ;
#1887 = VECTOR ( 'NONE', #6286, 39.37007874015748143 ) ;
#1888 = AXIS2_PLACEMENT_3D ( 'NONE', #2484, #7916, #954 ) ;
#1889 = LINE ( 'NONE', #2537, #2337 ) ;
#1890 = VECTOR ( 'NONE', #2206, 39.37007874015748143 ) ;
#1891 = VERTEX_POINT ( 'NONE', #1702 ) ;
#1892 = CIRCLE ( 'NONE', #4845, 0.05200000000000001843 ) ;
#1893 = DIRECTION ( 'NONE',  ( 0.000000000000000000, 1.000000000000000000, 0.000000000000000000 ) ) ;
#1894 = LINE ( 'NONE', #5274, #5747 ) ;
#1895 = DIRECTION ( 'NONE',  ( -0.000000000000000000, -1.000000000000000000, -0.000000000000000000 ) ) ;
#1896 = ORIENTED_EDGE ( 'NONE', *, *, #2477, .F. ) ;
#1897 = CARTESIAN_POINT ( 'NONE',  ( -2.911500000000001087, 2.254999999999998561, 0.000000000000000000 ) ) ;
#1898 = ORIENTED_EDGE ( 'NONE', *, *, #401, .F. ) ;
#1899 = VECTOR ( 'NONE', #6848, 39.37007874015748143 ) ;
#1900 = AXIS2_PLACEMENT_3D ( 'NONE', #3319, #2624, #1933 ) ;
#1901 = VERTEX_POINT ( 'NONE', #7371 ) ;
#1902 = EDGE_CURVE ( 'NONE', #3977, #1024, #1795, .T. ) ;
#1903 = VECTOR ( 'NONE', #5634, 39.37007874015748143 ) ;
#1904 = ORIENTED_EDGE ( 'NONE', *, *, #8036, .T. ) ;
#1905 = PLANE ( 'NONE',  #5077 ) ;
#1906 = VERTEX_POINT ( 'NONE', #3882 ) ;
#1907 = VERTEX_POINT ( 'NONE', #2444 ) ;
#1908 = CARTESIAN_POINT ( 'NONE',  ( -2.286500000000001975, 0.2549999999999985056, 0.000000000000000000 ) ) ;
#1909 = DIRECTION ( 'NONE',  ( 1.000000000000000000, -2.500547362621746538E-15, 0.000000000000000000 ) ) ;
#1910 = CARTESIAN_POINT ( 'NONE',  ( 8.469999999999997087, 10.78499999999999481, -0.1199999999999999956 ) ) ;
#1911 = EDGE_CURVE ( 'NONE', #7213, #6212, #6727, .T. ) ;
#1912 = EDGE_LOOP ( 'NONE', ( #3194, #2214, #2593, #9032 ) ) ;
#1913 = CARTESIAN_POINT ( 'NONE',  ( -8.660000000000003695, 5.564999999999997726, -0.3880000000000471960 ) ) ;
#1914 = VECTOR ( 'NONE', #3644, 39.37007874015748143 ) ;
#1915 = FACE_BOUND ( 'NONE', #7171, .T. ) ;
#1916 = SURFACE_SIDE_STYLE ('',( #8972 ) ) ;
#1917 = CARTESIAN_POINT ( 'NONE',  ( -2.911500000000001087, 5.754999999999998117, 0.000000000000000000 ) ) ;
#1918 = ORIENTED_EDGE ( 'NONE', *, *, #6049, .F. ) ;
#1919 = LINE ( 'NONE', #618, #6449 ) ;
#1920 = EDGE_LOOP ( 'NONE', ( #3919, #3256, #7714, #8240 ) ) ;
#1921 = CARTESIAN_POINT ( 'NONE',  ( -1.661500000000000865, -6.245000000000001883, -0.06000000000000004635 ) ) ;
#1922 = CARTESIAN_POINT ( 'NONE',  ( -4.161500000000001087, 6.254999999999999893, -0.06000000000000004635 ) ) ;
#1923 = ADVANCED_FACE ( 'NONE', ( #7970 ), #3191, .F. ) ;
#1924 = ORIENTED_EDGE ( 'NONE', *, *, #8553, .T. ) ;
#1926 = EDGE_CURVE ( 'NONE', #6743, #1079, #6536, .T. ) ;
#1925 = CARTESIAN_POINT ( 'NONE',  ( -7.098500000000003141, 1.754999999999998117, 0.000000000000000000 ) ) ;
#1927 = VERTEX_POINT ( 'NONE', #2026 ) ;
#1928 = CARTESIAN_POINT ( 'NONE',  ( -8.660000000000003695, -5.565000000000003944, -0.4400000000000471867 ) ) ;
#1929 = FACE_OUTER_BOUND ( 'NONE', #3112, .T. ) ;
#1930 = CARTESIAN_POINT ( 'NONE',  ( -6.661500000000001087, 1.754999999999998117, -0.06000000000000004635 ) ) ;
#1931 = AXIS2_PLACEMENT_3D ( 'NONE', #2038, #7704, #645 ) ;
#1932 = ADVANCED_FACE ( 'NONE', ( #9041 ), #8943, .F. ) ;
#1933 = DIRECTION ( 'NONE',  ( 0.000000000000000000, 0.000000000000000000, -1.000000000000000000 ) ) ;
#1934 = VERTEX_POINT ( 'NONE', #4018 ) ;
#1935 = FACE_OUTER_BOUND ( 'NONE', #2247, .T. ) ;
#1936 = CARTESIAN_POINT ( 'NONE',  ( -2.911500000000001087, 5.754999999999998117, -0.06000000000000004635 ) ) ;
#1937 = CARTESIAN_POINT ( 'NONE',  ( -8.720000000000004192, -10.78500000000000192, -0.7500000000000001110 ) ) ;
#1938 = DIRECTION ( 'NONE',  ( -1.000000000000000000, 0.000000000000000000, 0.000000000000000000 ) ) ;
#1939 = ORIENTED_EDGE ( 'NONE', *, *, #3650, .F. ) ;
#1940 = CARTESIAN_POINT ( 'NONE',  ( -6.473500000000002252, -3.745000000000001883, -0.06000000000000004635 ) ) ;
#1941 = ORIENTED_EDGE ( 'NONE', *, *, #1669, .T. ) ;
#1942 = VECTOR ( 'NONE', #3035, 39.37007874015748143 ) ;
#1943 = AXIS2_PLACEMENT_3D ( 'NONE', #7492, #1863, #2603 ) ;
#1944 = ORIENTED_EDGE ( 'NONE', *, *, #3900, .T. ) ;
#1945 = LINE ( 'NONE', #1477, #1152 ) ;
#1946 = AXIS2_PLACEMENT_3D ( 'NONE', #6682, #3891, #8669 ) ;
#1947 = VECTOR ( 'NONE', #6957, 39.37007874015748143 ) ;
#1948 = ORIENTED_EDGE ( 'NONE', *, *, #8335, .T. ) ;
#1949 = DIRECTION ( 'NONE',  ( 0.000000000000000000, -3.167359992654217435E-15, 1.000000000000000000 ) ) ;
#1950 = EDGE_CURVE ( 'NONE', #6905, #4709, #1149, .T. ) ;
#1951 = ORIENTED_EDGE ( 'NONE', *, *, #98, .F. ) ;
#1952 = VERTEX_POINT ( 'NONE', #6199 ) ;
#1953 = DIRECTION ( 'NONE',  ( -0.000000000000000000, -0.000000000000000000, 1.000000000000000000 ) ) ;
#1954 = CARTESIAN_POINT ( 'NONE',  ( -4.598500000000003141, -1.745000000000001217, -0.06000000000000004635 ) ) ;
#1955 = CARTESIAN_POINT ( 'NONE',  ( -4.161500000000001087, 1.754999999999998117, -0.05999999999999999778 ) ) ;
#1956 = VECTOR ( 'NONE', #7170, 39.37007874015748143 ) ;
#1957 = VERTEX_POINT ( 'NONE', #540 ) ;
#1958 = DIRECTION ( 'NONE',  ( 0.000000000000000000, 0.000000000000000000, 1.000000000000000000 ) ) ;
#1959 = FACE_OUTER_BOUND ( 'NONE', #2177, .T. ) ;
#1960 = VECTOR ( 'NONE', #292, 39.37007874015748143 ) ;
#1961 = DIRECTION ( 'NONE',  ( 1.000000000000000000, -0.000000000000000000, 3.167359992654216647E-15 ) ) ;
#1962 = LINE ( 'NONE', #7030, #1899 ) ;
#1963 = EDGE_LOOP ( 'NONE', ( #8628, #7463, #2532, #5349 ) ) ;
#1964 = PLANE ( 'NONE',  #8959 ) ;
#1965 = ADVANCED_FACE ( 'NONE', ( #1886 ), #6774, .F. ) ;
#1966 = VECTOR ( 'NONE', #9, 39.37007874015748143 ) ;
#1967 = ORIENTED_EDGE ( 'NONE', *, *, #8856, .F. ) ;
#1968 = EDGE_CURVE ( 'NONE', #3360, #6976, #4844, .T. ) ;
#1969 = PLANE ( 'NONE',  #9021 ) ;
#1970 = LINE ( 'NONE', #7589, #4219 ) ;
#1971 = VERTEX_POINT ( 'NONE', #411 ) ;
#1972 = ADVANCED_FACE ( 'NONE', ( #2714 ), #8987, .F. ) ;
#1973 = EDGE_LOOP ( 'NONE', ( #1533, #7390, #4535, #8986 ) ) ;
#1974 = CARTESIAN_POINT ( 'NONE',  ( -8.470000000000002416, 10.90499999999999758, -0.1199999999999996209 ) ) ;
#1975 = DIRECTION ( 'NONE',  ( -1.000000000000000000, 0.000000000000000000, 0.000000000000000000 ) ) ;
#1976 = ORIENTED_EDGE ( 'NONE', *, *, #9184, .T. ) ;
#1977 = EDGE_CURVE ( 'NONE', #1992, #4647, #5543, .T. ) ;
#1978 = EDGE_CURVE ( 'NONE', #4126, #482, #2622, .T. ) ;
#1979 = VECTOR ( 'NONE', #8778, 39.37007874015748143 ) ;
#1980 = VERTEX_POINT ( 'NONE', #3361 ) ;
#1981 = DIRECTION ( 'NONE',  ( -0.000000000000000000, -0.000000000000000000, 1.000000000000000000 ) ) ;
#1982 = DIRECTION ( 'NONE',  ( 0.000000000000000000, -1.000000000000000000, 0.000000000000000000 ) ) ;
#1983 = CARTESIAN_POINT ( 'NONE',  ( -5.848500000000003141, 9.754999999999999005, 0.000000000000000000 ) ) ;
#1984 = VECTOR ( 'NONE', #196, 39.37007874015748143 ) ;
#1985 = CARTESIAN_POINT ( 'NONE',  ( -1.036500000000001975, -4.245000000000002771, 0.000000000000000000 ) ) ;
#1986 = FACE_OUTER_BOUND ( 'NONE', #5296, .T. ) ;
#1987 = CARTESIAN_POINT ( 'NONE',  ( 2.499999999999997780, -10.56500000000000128, 0.000000000000000000 ) ) ;
#1988 = CARTESIAN_POINT ( 'NONE',  ( -5.411500000000001975, -9.745000000000002771, -0.06000000000000004635 ) ) ;
#1989 = EDGE_CURVE ( 'NONE', #6184, #8893, #6146, .T. ) ;
#1990 = VERTEX_POINT ( 'NONE', #1930 ) ;
#1991 = DIRECTION ( 'NONE',  ( -1.000000000000000000, 0.000000000000000000, 3.130242492740306066E-15 ) ) ;
#1992 = VERTEX_POINT ( 'NONE', #8390 ) ;
#1993 = ORIENTED_EDGE ( 'NONE', *, *, #1524, .F. ) ;
#1994 = EDGE_CURVE ( 'NONE', #8893, #3360, #7693, .T. ) ;
#1995 = DIRECTION ( 'NONE',  ( 1.000000000000000000, -0.000000000000000000, -0.000000000000000000 ) ) ;
#1996 = AXIS2_PLACEMENT_3D ( 'NONE', #7212, #146, #7942 ) ;
#1997 = EDGE_CURVE ( 'NONE', #6854, #5918, #9086, .T. ) ;
#1998 = ORIENTED_EDGE ( 'NONE', *, *, #4292, .T. ) ;
#1999 = CARTESIAN_POINT ( 'NONE',  ( -1.661500000000000865, -2.245000000000001883, -0.06000000000000004635 ) ) ;
#2000 = ORIENTED_EDGE ( 'NONE', *, *, #1142, .F. ) ;
#2001 = ORIENTED_EDGE ( 'NONE', *, *, #8114, .T. ) ;
#2002 = CARTESIAN_POINT ( 'NONE',  ( 2.343999999999998973, -10.56500000000000128, -0.7500393700787405526 ) ) ;
#2003 = DIRECTION ( 'NONE',  ( -0.000000000000000000, -0.000000000000000000, 1.000000000000000000 ) ) ;
#2004 = FACE_OUTER_BOUND ( 'NONE', #2096, .T. ) ;
#2005 = AXIS2_PLACEMENT_3D ( 'NONE', #8047, #3763, #3717 ) ;
#2006 = ORIENTED_EDGE ( 'NONE', *, *, #1978, .T. ) ;
#2007 = CARTESIAN_POINT ( 'NONE',  ( 0.000000000000000000, 10.77899999999999636, 0.000000000000000000 ) ) ;
#2008 = DIRECTION ( 'NONE',  ( -1.000000000000000000, 0.000000000000000000, 0.000000000000000000 ) ) ;
#2009 = CARTESIAN_POINT ( 'NONE',  ( -5.411500000000001087, 2.254999999999998561, 0.000000000000000000 ) ) ;
#2010 = PLANE ( 'NONE',  #721 ) ;
#2011 = VECTOR ( 'NONE', #3304, 39.37007874015748143 ) ;
#2012 = VERTEX_POINT ( 'NONE', #8901 ) ;
#2013 = DIRECTION ( 'NONE',  ( 1.000000000000000000, -0.000000000000000000, 3.167359992654216647E-15 ) ) ;
#2014 = EDGE_LOOP ( 'NONE', ( #1647, #2238, #3794, #5871 ) ) ;
#2015 = VERTEX_POINT ( 'NONE', #6823 ) ;
#2016 = DIRECTION ( 'NONE',  ( 0.000000000000000000, 0.000000000000000000, 1.000000000000000000 ) ) ;
#2017 = VERTEX_POINT ( 'NONE', #3237 ) ;
#2018 = CARTESIAN_POINT ( 'NONE',  ( -5.223500000000001364, -4.245000000000002771, 0.000000000000000000 ) ) ;
#2019 = EDGE_CURVE ( 'NONE', #6056, #1260, #2536, .T. ) ;
#2020 = ORIENTED_EDGE ( 'NONE', *, *, #517, .T. ) ;
#2021 = LINE ( 'NONE', #7140, #5583 ) ;
#2022 = CARTESIAN_POINT ( 'NONE',  ( -2.723500000000001808, 0.2549999999999985056, -0.06000000000000004635 ) ) ;
#2023 = ORIENTED_EDGE ( 'NONE', *, *, #1854, .F. ) ;
#2024 = VECTOR ( 'NONE', #4337, 39.37007874015748143 ) ;
#2025 = EDGE_LOOP ( 'NONE', ( #6603, #76 ) ) ;
#2026 = CARTESIAN_POINT ( 'NONE',  ( -4.161500000000001975, -9.745000000000002771, 0.000000000000000000 ) ) ;
#2027 = FACE_BOUND ( 'NONE', #6814, .T. ) ;
#2028 = CARTESIAN_POINT ( 'NONE',  ( -8.475999999999997314, 10.77899999999999636, -0.05999999999999901246 ) ) ;
#2029 = CARTESIAN_POINT ( 'NONE',  ( -1.473500000000001586, -7.745000000000001883, -0.06000000000000004635 ) ) ;
#2030 = EDGE_CURVE ( 'NONE', #6550, #1580, #6907, .T. ) ;
#2031 = VECTOR ( 'NONE', #3783, 39.37007874015748143 ) ;
#2032 = DIRECTION ( 'NONE',  ( 1.000000000000000000, -0.000000000000000000, 0.000000000000000000 ) ) ;
#2033 = DIRECTION ( 'NONE',  ( -0.000000000000000000, 1.000000000000000000, 0.000000000000000000 ) ) ;
#2034 = PLANE ( 'NONE',  #7811 ) ;
#2035 = CARTESIAN_POINT ( 'NONE',  ( -2.911500000000001087, -6.245000000000001883, 0.000000000000000000 ) ) ;
#2036 = AXIS2_PLACEMENT_3D ( 'NONE', #1928, #4748, #2205 ) ;
#2037 = EDGE_LOOP ( 'NONE', ( #7046, #6454, #9028, #3023 ) ) ;
#2038 = CARTESIAN_POINT ( 'NONE',  ( -5.223500000000001364, 3.754999999999997673, -0.7500393700787405526 ) ) ;
#2039 = ORIENTED_EDGE ( 'NONE', *, *, #3889, .T. ) ;
#2040 = EDGE_LOOP ( 'NONE', ( #1998, #3229, #3348, #6487 ) ) ;
#2041 = EDGE_LOOP ( 'NONE', ( #4191, #2478, #9008, #888 ) ) ;
#2042 = CARTESIAN_POINT ( 'NONE',  ( -0.8485000000000026965, 9.754999999999999005, 0.000000000000000000 ) ) ;
#2043 = EDGE_CURVE ( 'NONE', #2190, #9118, #8344, .T. ) ;
#2044 = AXIS2_PLACEMENT_3D ( 'NONE', #7106, #5681, #5770 ) ;
#2045 = EDGE_CURVE ( 'NONE', #1891, #4693, #7647, .T. ) ;
#2046 = VERTEX_POINT ( 'NONE', #4658 ) ;
#2047 = LINE ( 'NONE', #4166, #4631 ) ;
#2048 = AXIS2_PLACEMENT_3D ( 'NONE', #7867, #2332, #4979 ) ;
#2049 = EDGE_CURVE ( 'NONE', #7163, #431, #6704, .T. ) ;
#2050 = VECTOR ( 'NONE', #5369, 39.37007874015748143 ) ;
#2051 = ORIENTED_EDGE ( 'NONE', *, *, #3729, .F. ) ;
#2052 = ORIENTED_EDGE ( 'NONE', *, *, #2730, .T. ) ;
#2053 = CARTESIAN_POINT ( 'NONE',  ( -0.8485000000000026965, -6.245000000000001883, 0.000000000000000000 ) ) ;
#2054 = CARTESIAN_POINT ( 'NONE',  ( -6.036500000000001975, 4.254999999999998117, 0.000000000000000000 ) ) ;
#2055 = DIRECTION ( 'NONE',  ( 0.000000000000000000, 1.000000000000000000, 3.130242492740249268E-15 ) ) ;
#2056 = VERTEX_POINT ( 'NONE', #459 ) ;
#2057 = CARTESIAN_POINT ( 'NONE',  ( -4.598500000000003141, -5.745000000000000995, 0.000000000000000000 ) ) ;
#2058 = EDGE_CURVE ( 'NONE', #2824, #2226, #6291, .T. ) ;
#2059 = AXIS2_PLACEMENT_3D ( 'NONE', #5499, #5546, #1335 ) ;
#2060 =( CONVERSION_BASED_UNIT ( 'INCH', #4926 ) LENGTH_UNIT ( ) NAMED_UNIT ( #3442 ) );
#2061 = DIRECTION ( 'NONE',  ( -0.000000000000000000, -0.000000000000000000, 1.000000000000000000 ) ) ;
#2062 = ORIENTED_EDGE ( 'NONE', *, *, #7892, .F. ) ;
#2063 = DIRECTION ( 'NONE',  ( 1.000000000000000000, 0.000000000000000000, 0.000000000000000000 ) ) ;
#2064 = ORIENTED_EDGE ( 'NONE', *, *, #1487, .T. ) ;
#2065 = DIRECTION ( 'NONE',  ( 1.000000000000000000, -0.000000000000000000, 0.000000000000000000 ) ) ;
#2066 = VECTOR ( 'NONE', #7479, 39.37007874015748143 ) ;
#2067 = ORIENTED_EDGE ( 'NONE', *, *, #6280, .T. ) ;
#2068 = DIRECTION ( 'NONE',  ( -1.000000000000000000, 0.000000000000000000, 0.000000000000000000 ) ) ;
#2069 = ORIENTED_EDGE ( 'NONE', *, *, #2362, .F. ) ;
#2070 = LINE ( 'NONE', #7731, #8929 ) ;
#2071 = DIRECTION ( 'NONE',  ( -1.000000000000000000, 0.000000000000000000, -3.167359992654217041E-15 ) ) ;
#2072 = CARTESIAN_POINT ( 'NONE',  ( -3.348500000000002697, 6.254999999999999893, 0.000000000000000000 ) ) ;
#2073 = VERTEX_POINT ( 'NONE', #4894 ) ;
#2074 = DIRECTION ( 'NONE',  ( 1.000000000000000000, 0.000000000000000000, 0.000000000000000000 ) ) ;
#2075 = EDGE_CURVE ( 'NONE', #4575, #2784, #9132, .T. ) ;
#2076 = CARTESIAN_POINT ( 'NONE',  ( -2.723500000000001808, 4.254999999999998117, 0.000000000000000000 ) ) ;
#2077 = LINE ( 'NONE', #33, #2796 ) ;
#2078 = VERTEX_POINT ( 'NONE', #3457 ) ;
#2079 = DIRECTION ( 'NONE',  ( 1.000000000000000000, -0.000000000000000000, 0.000000000000000000 ) ) ;
#2080 = DIRECTION ( 'NONE',  ( -0.000000000000000000, 1.000000000000000000, 0.000000000000000000 ) ) ;
#2081 = CARTESIAN_POINT ( 'NONE',  ( -1.661500000000003086, 9.754999999999999005, -0.05999999999999999778 ) ) ;
#2082 = DIRECTION ( 'NONE',  ( 0.000000000000000000, -0.000000000000000000, 1.000000000000000000 ) ) ;
#2083 = EDGE_LOOP ( 'NONE', ( #3396, #6360, #6173, #8952 ) ) ;
#2084 = CARTESIAN_POINT ( 'NONE',  ( -6.473500000000002252, 0.2549999999999985056, -0.7500393700787405526 ) ) ;
#2085 = EDGE_CURVE ( 'NONE', #8011, #2571, #5589, .T. ) ;
#2086 = ORIENTED_EDGE ( 'NONE', *, *, #6335, .F. ) ;
#2087 = ORIENTED_EDGE ( 'NONE', *, *, #4476, .F. ) ;
#2088 = ORIENTED_EDGE ( 'NONE', *, *, #2721, .F. ) ;
#2089 = PLANE ( 'NONE',  #7831 ) ;
#2090 = EDGE_CURVE ( 'NONE', #9162, #1907, #7002, .T. ) ;
#2091 = DIRECTION ( 'NONE',  ( 0.000000000000000000, -0.000000000000000000, 1.000000000000000000 ) ) ;
#2092 = ORIENTED_EDGE ( 'NONE', *, *, #6346, .F. ) ;
#2093 = ORIENTED_EDGE ( 'NONE', *, *, #7051, .T. ) ;
#2094 = DIRECTION ( 'NONE',  ( 1.000000000000000000, 0.000000000000000000, 0.000000000000000000 ) ) ;
#2095 = ADVANCED_FACE ( 'NONE', ( #1803 ), #8026, .F. ) ;
#2096 = EDGE_LOOP ( 'NONE', ( #3656, #7681, #5556, #5575 ) ) ;
#2097 = EDGE_CURVE ( 'NONE', #6037, #7467, #3147, .T. ) ;
#2098 = CARTESIAN_POINT ( 'NONE',  ( -2.723500000000001808, -3.745000000000001883, 0.000000000000000000 ) ) ;
#2099 = FACE_OUTER_BOUND ( 'NONE', #1343, .T. ) ;
#2100 = DIRECTION ( 'NONE',  ( 0.000000000000000000, -1.000000000000000000, 0.000000000000000000 ) ) ;
#2101 = ORIENTED_EDGE ( 'NONE', *, *, #5689, .T. ) ;
#2102 = CARTESIAN_POINT ( 'NONE',  ( -8.475999999999999091, -10.77899999999999991, 0.000000000000000000 ) ) ;
#2103 = VECTOR ( 'NONE', #5010, 39.37007874015748143 ) ;
#2104 = DIRECTION ( 'NONE',  ( -0.000000000000000000, 1.000000000000000000, -0.000000000000000000 ) ) ;
#2105 = ORIENTED_EDGE ( 'NONE', *, *, #4427, .F. ) ;
#2106 = LINE ( 'NONE', #6329, #8076 ) ;
#2107 = ORIENTED_EDGE ( 'NONE', *, *, #1174, .F. ) ;
#2108 = EDGE_CURVE ( 'NONE', #6266, #1016, #8762, .T. ) ;
#2109 = DIRECTION ( 'NONE',  ( 1.000000000000000000, -0.000000000000000000, 0.000000000000000000 ) ) ;
#2110 = VECTOR ( 'NONE', #276, 39.37007874015748143 ) ;
#2111 = VECTOR ( 'NONE', #402, 39.37007874015748143 ) ;
#2112 = CARTESIAN_POINT ( 'NONE',  ( -8.470000000000002416, 10.90499999999999936, -0.7500000000000001110 ) ) ;
#2113 = ORIENTED_EDGE ( 'NONE', *, *, #2364, .F. ) ;
#2114 = FACE_OUTER_BOUND ( 'NONE', #749, .T. ) ;
#2115 = EDGE_CURVE ( 'NONE', #4747, #4651, #7330, .T. ) ;
#2116 = CARTESIAN_POINT ( 'NONE',  ( 8.660000000000001918, 6.944999999999996732, -0.4399999999999923972 ) ) ;
#2117 = AXIS2_PLACEMENT_3D ( 'NONE', #6331, #2065, #2923 ) ;
#2118 = CARTESIAN_POINT ( 'NONE',  ( -4.786500000000001975, 4.254999999999998117, 0.000000000000000000 ) ) ;
#2119 = ORIENTED_EDGE ( 'NONE', *, *, #5198, .T. ) ;
#2120 = VERTEX_POINT ( 'NONE', #5972 ) ;
#2121 = ADVANCED_FACE ( 'NONE', ( #4621 ), #4437, .F. ) ;
#2122 = VERTEX_POINT ( 'NONE', #1662 ) ;
#2123 = LINE ( 'NONE', #6789, #8039 ) ;
#2124 = CARTESIAN_POINT ( 'NONE',  ( -8.475999999999997314, 10.78499999999999837, 0.000000000000000000 ) ) ;
#2125 = EDGE_LOOP ( 'NONE', ( #825, #1300, #4637, #2086 ) ) ;
#2126 = PLANE ( 'NONE',  #5878 ) ;
#2127 = DIRECTION ( 'NONE',  ( 1.000000000000000000, -0.000000000000000000, 0.000000000000000000 ) ) ;
#2128 = CARTESIAN_POINT ( 'NONE',  ( -1.473500000000001586, 3.754999999999997673, -0.7500393700787405526 ) ) ;
#2129 = DIRECTION ( 'NONE',  ( 7.284927983104581378E-14, 0.000000000000000000, 1.000000000000000000 ) ) ;
#2130 = EDGE_LOOP ( 'NONE', ( #4981, #5411, #1490, #7761 ) ) ;
#2131 = CARTESIAN_POINT ( 'NONE',  ( -1.661500000000001975, -9.745000000000002771, -0.06000000000000004635 ) ) ;
#2132 = ORIENTED_EDGE ( 'NONE', *, *, #1703, .T. ) ;
#2133 = AXIS2_PLACEMENT_3D ( 'NONE', #1170, #7621, #8457 ) ;
#2134 = CARTESIAN_POINT ( 'NONE',  ( -2.286500000000001975, 3.754999999999997673, -0.06000000000000004635 ) ) ;
#2135 = EDGE_CURVE ( 'NONE', #246, #5093, #8812, .T. ) ;
#2136 = DIRECTION ( 'NONE',  ( -0.000000000000000000, 1.000000000000000000, 0.000000000000000000 ) ) ;
#2137 = EDGE_LOOP ( 'NONE', ( #8748, #770, #7956, #4008 ) ) ;
#2138 = VECTOR ( 'NONE', #4824, 39.37007874015748143 ) ;
#2139 = ORIENTED_EDGE ( 'NONE', *, *, #5701, .F. ) ;
#2140 = CARTESIAN_POINT ( 'NONE',  ( -3.973500000000001808, 0.2549999999999985056, -0.7500393700787405526 ) ) ;
#2141 = ORIENTED_EDGE ( 'NONE', *, *, #2312, .F. ) ;
#2142 = DIRECTION ( 'NONE',  ( 0.000000000000000000, 1.000000000000000000, 0.000000000000000000 ) ) ;
#2143 = CARTESIAN_POINT ( 'NONE',  ( 8.719999999999998863, -10.78500000000000192, 2.782886801627535703E-14 ) ) ;
#2144 = LINE ( 'NONE', #4921, #314 ) ;
#2145 = VERTEX_POINT ( 'NONE', #2354 ) ;
#2146 = AXIS2_PLACEMENT_3D ( 'NONE', #2360, #3004, #5182 ) ;
#2147 = ADVANCED_FACE ( 'NONE', ( #3745 ), #2403, .T. ) ;
#2148 = EDGE_CURVE ( 'NONE', #1199, #4916, #8717, .T. ) ;
#2149 = CARTESIAN_POINT ( 'NONE',  ( -2.098500000000002697, -9.745000000000000995, 0.000000000000000000 ) ) ;
#2150 = EDGE_LOOP ( 'NONE', ( #4501, #5373, #2092, #8377 ) ) ;
#2151 = PLANE ( 'NONE',  #5526 ) ;
#2152 = EDGE_LOOP ( 'NONE', ( #6463, #6843, #8491, #3044 ) ) ;
#2153 = DIRECTION ( 'NONE',  ( -0.000000000000000000, -1.000000000000000000, -0.000000000000000000 ) ) ;
#2154 = DIRECTION ( 'NONE',  ( -0.000000000000000000, -0.000000000000000000, 1.000000000000000000 ) ) ;
#2155 = LINE ( 'NONE', #2968, #1271 ) ;
#2156 = ORIENTED_EDGE ( 'NONE', *, *, #4902, .F. ) ;
#2157 = LINE ( 'NONE', #2239, #4615 ) ;
#2158 = EDGE_CURVE ( 'NONE', #8014, #448, #6585, .T. ) ;
#2159 = EDGE_CURVE ( 'NONE', #6747, #7895, #5276, .T. ) ;
#2160 = AXIS2_PLACEMENT_3D ( 'NONE', #6053, #8841, #3965 ) ;
#2161 = DIRECTION ( 'NONE',  ( -1.000000000000000000, -0.000000000000000000, -0.000000000000000000 ) ) ;
#2162 = FACE_OUTER_BOUND ( 'NONE', #4870, .T. ) ;
#2163 = ORIENTED_EDGE ( 'NONE', *, *, #4496, .F. ) ;
#2164 = ORIENTED_EDGE ( 'NONE', *, *, #3401, .T. ) ;
#2165 = EDGE_CURVE ( 'NONE', #9186, #1927, #1710, .T. ) ;
#2166 = CARTESIAN_POINT ( 'NONE',  ( -2.911500000000001975, -9.745000000000002771, 0.000000000000000000 ) ) ;
#2167 = CARTESIAN_POINT ( 'NONE',  ( -8.470000000000002416, 10.90499999999999758, -0.05999999999999978961 ) ) ;
#2168 = PLANE ( 'NONE',  #2059 ) ;
#2169 = DIRECTION ( 'NONE',  ( -0.000000000000000000, -0.000000000000000000, 1.000000000000000000 ) ) ;
#2170 = EDGE_CURVE ( 'NONE', #227, #3254, #7285, .T. ) ;
#2171 = ORIENTED_EDGE ( 'NONE', *, *, #848, .T. ) ;
#2172 = LINE ( 'NONE', #8443, #5135 ) ;
#2173 = LINE ( 'NONE', #6489, #7120 ) ;
#2174 = DIRECTION ( 'NONE',  ( 0.000000000000000000, -3.167359992654217435E-15, -1.000000000000000000 ) ) ;
#2175 = ORIENTED_EDGE ( 'NONE', *, *, #3729, .T. ) ;
#2176 = LINE ( 'NONE', #3647, #4295 ) ;
#2177 = EDGE_LOOP ( 'NONE', ( #9001, #8324, #1164, #4738, #1820, #9030, #451, #832, #7622, #2829, #6166, #7639, #2785, #7269, #8273, #6895, #7709, #2062, #8227, #5462 ) ) ;
#2178 = AXIS2_PLACEMENT_3D ( 'NONE', #5216, #8066, #8112 ) ;
#2179 = LINE ( 'NONE', #7016, #6496 ) ;
#2180 = LINE ( 'NONE', #2907, #1444 ) ;
#2181 = ORIENTED_EDGE ( 'NONE', *, *, #458, .T. ) ;
#2182 = EDGE_LOOP ( 'NONE', ( #2107, #2679, #8795, #2922 ) ) ;
#2183 = DIRECTION ( 'NONE',  ( -1.000000000000000000, 0.000000000000000000, 0.000000000000000000 ) ) ;
#2184 = EDGE_LOOP ( 'NONE', ( #4400, #4483 ) ) ;
#2185 = CARTESIAN_POINT ( 'NONE',  ( -5.848500000000003141, -1.745000000000001217, -0.06000000000000004635 ) ) ;
#2186 = EDGE_CURVE ( 'NONE', #8068, #3841, #7426, .T. ) ;
#2187 = VECTOR ( 'NONE', #5537, 39.37007874015748143 ) ;
#2188 = CARTESIAN_POINT ( 'NONE',  ( -0.4115000000000008096, 2.254999999999998561, -0.7500393700787405526 ) ) ;
#2189 = DIRECTION ( 'NONE',  ( -1.000000000000000000, 0.000000000000000000, -0.000000000000000000 ) ) ;
#2190 = VERTEX_POINT ( 'NONE', #1015 ) ;
#2191 = AXIS2_PLACEMENT_3D ( 'NONE', #2973, #4283, #25 ) ;
#2192 = DIRECTION ( 'NONE',  ( 1.000000000000000000, 0.000000000000000000, 0.000000000000000000 ) ) ;
#2193 = VECTOR ( 'NONE', #6970, 39.37007874015748143 ) ;
#2194 = PLANE ( 'NONE',  #2734 ) ;
#2195 = ORIENTED_EDGE ( 'NONE', *, *, #3749, .T. ) ;
#2196 = FACE_OUTER_BOUND ( 'NONE', #544, .T. ) ;
#2197 = ADVANCED_FACE ( 'NONE', ( #2997 ), #2501, .F. ) ;
#2198 = LINE ( 'NONE', #66, #5738 ) ;
#2199 = DIRECTION ( 'NONE',  ( -0.000000000000000000, -1.000000000000000000, -0.000000000000000000 ) ) ;
#2200 = AXIS2_PLACEMENT_3D ( 'NONE', #2112, #1502, #6333 ) ;
#2201 = ORIENTED_EDGE ( 'NONE', *, *, #6777, .F. ) ;
#2202 = VECTOR ( 'NONE', #3844, 39.37007874015748143 ) ;
#2203 = AXIS2_PLACEMENT_3D ( 'NONE', #5068, #1340, #2821 ) ;
#2204 = FACE_OUTER_BOUND ( 'NONE', #3419, .T. ) ;
#2205 = DIRECTION ( 'NONE',  ( 0.000000000000000000, 0.000000000000000000, -1.000000000000000000 ) ) ;
#2206 = DIRECTION ( 'NONE',  ( -0.000000000000000000, -1.000000000000000000, -0.000000000000000000 ) ) ;
#2207 = VERTEX_POINT ( 'NONE', #7979 ) ;
#2208 = AXIS2_PLACEMENT_3D ( 'NONE', #5815, #1653, #2345 ) ;
#2209 = EDGE_CURVE ( 'NONE', #7015, #8180, #6734, .T. ) ;
#2210 = EDGE_CURVE ( 'NONE', #4724, #7707, #5328, .T. ) ;
#2211 = FACE_OUTER_BOUND ( 'NONE', #9050, .T. ) ;
#2212 = CARTESIAN_POINT ( 'NONE',  ( -8.720000000000004192, 10.78499999999999304, -0.7500000000000001110 ) ) ;
#2213 = CARTESIAN_POINT ( 'NONE',  ( -2.911500000000002863, 9.754999999999999005, -0.06000000000000004635 ) ) ;
#2214 = ORIENTED_EDGE ( 'NONE', *, *, #4081, .F. ) ;
#2215 = DIRECTION ( 'NONE',  ( 1.000000000000000000, -0.000000000000000000, -0.000000000000000000 ) ) ;
#2216 = CARTESIAN_POINT ( 'NONE',  ( -3.348500000000002697, -2.245000000000001883, -0.06000000000000004635 ) ) ;
#2217 = CARTESIAN_POINT ( 'NONE',  ( -1.661500000000003086, 9.754999999999999005, -0.06000000000000004635 ) ) ;
#2218 = VERTEX_POINT ( 'NONE', #3418 ) ;
#2219 = CARTESIAN_POINT ( 'NONE',  ( -8.470000000000002416, 10.90499999999999936, -0.7499999999999998890 ) ) ;
#2220 = EDGE_CURVE ( 'NONE', #6613, #646, #6965, .T. ) ;
#2221 = DIRECTION ( 'NONE',  ( 1.000000000000000000, 0.000000000000000000, 0.000000000000000000 ) ) ;
#2222 = EDGE_CURVE ( 'NONE', #2856, #1722, #8353, .T. ) ;
#2223 = FACE_OUTER_BOUND ( 'NONE', #5547, .T. ) ;
#2224 = ORIENTED_EDGE ( 'NONE', *, *, #2797, .T. ) ;
#2225 = FACE_OUTER_BOUND ( 'NONE', #948, .T. ) ;
#2226 = VERTEX_POINT ( 'NONE', #7562 ) ;
#2227 = DIRECTION ( 'NONE',  ( -0.000000000000000000, -0.000000000000000000, 1.000000000000000000 ) ) ;
#2228 = VECTOR ( 'NONE', #4027, 39.37007874015748143 ) ;
#2229 = CARTESIAN_POINT ( 'NONE',  ( -1.473500000000001586, 7.754999999999997229, -0.06000000000000004635 ) ) ;
#2230 = CARTESIAN_POINT ( 'NONE',  ( -7.098500000000003141, 2.254999999999998561, -0.06000000000000004635 ) ) ;
#2231 = ORIENTED_EDGE ( 'NONE', *, *, #1206, .F. ) ;
#2232 = FACE_OUTER_BOUND ( 'NONE', #7436, .T. ) ;
#2233 = ORIENTED_EDGE ( 'NONE', *, *, #8162, .F. ) ;
#2234 = PLANE ( 'NONE',  #8378 ) ;
#2235 = VERTEX_POINT ( 'NONE', #7476 ) ;
#2236 = DIRECTION ( 'NONE',  ( -0.000000000000000000, 1.000000000000000000, 0.000000000000000000 ) ) ;
#2237 = CARTESIAN_POINT ( 'NONE',  ( -2.723500000000001808, 3.754999999999997673, -0.7500393700787405526 ) ) ;
#2238 = ORIENTED_EDGE ( 'NONE', *, *, #3781, .T. ) ;
#2239 = CARTESIAN_POINT ( 'NONE',  ( -1.473500000000001586, -7.745000000000001883, -0.7500393700787405526 ) ) ;
#2240 = VECTOR ( 'NONE', #6220, 39.37007874015748143 ) ;
#2241 = ADVANCED_FACE ( 'NONE', ( #4718 ), #2676, .F. ) ;
#2242 = DIRECTION ( 'NONE',  ( 0.000000000000000000, 0.000000000000000000, 1.000000000000000000 ) ) ;
#2243 = DIRECTION ( 'NONE',  ( -0.000000000000000000, 1.000000000000000000, 0.000000000000000000 ) ) ;
#2244 = ORIENTED_EDGE ( 'NONE', *, *, #1882, .F. ) ;
#2245 = VECTOR ( 'NONE', #6782, 39.37007874015748143 ) ;
#2246 = VECTOR ( 'NONE', #5833, 39.37007874015748143 ) ;
#2247 = EDGE_LOOP ( 'NONE', ( #1387, #7112, #909, #7874 ) ) ;
#2248 = ORIENTED_EDGE ( 'NONE', *, *, #4312, .T. ) ;
#2249 = CARTESIAN_POINT ( 'NONE',  ( -1.661500000000000865, 1.754999999999998117, 0.000000000000000000 ) ) ;
#2250 = CARTESIAN_POINT ( 'NONE',  ( -2.286500000000001975, 4.254999999999998117, 0.000000000000000000 ) ) ;
#2251 = DIRECTION ( 'NONE',  ( 0.000000000000000000, 1.000000000000000000, 0.000000000000000000 ) ) ;
#2252 = ADVANCED_FACE ( 'NONE', ( #3325 ), #5506, .F. ) ;
#2253 = ORIENTED_EDGE ( 'NONE', *, *, #1410, .F. ) ;
#2254 = DIRECTION ( 'NONE',  ( -0.000000000000000000, -3.167359992654217435E-15, 1.000000000000000000 ) ) ;
#2255 = EDGE_CURVE ( 'NONE', #3250, #9057, #2632, .T. ) ;
#2256 = LINE ( 'NONE', #4428, #4122 ) ;
#2257 = CARTESIAN_POINT ( 'NONE',  ( -6.036500000000001975, 7.754999999999997229, -0.7500393700787405526 ) ) ;
#2258 = ORIENTED_EDGE ( 'NONE', *, *, #682, .T. ) ;
#2259 = PLANE ( 'NONE',  #3571 ) ;
#2260 = DIRECTION ( 'NONE',  ( -0.000000000000000000, 1.000000000000000000, 0.000000000000000000 ) ) ;
#2261 = DIRECTION ( 'NONE',  ( 0.000000000000000000, 0.000000000000000000, -1.000000000000000000 ) ) ;
#2262 = EDGE_CURVE ( 'NONE', #7941, #5580, #3371, .T. ) ;
#2263 = CARTESIAN_POINT ( 'NONE',  ( -2.911500000000001975, -9.745000000000002771, 0.000000000000000000 ) ) ;
#2264 = ORIENTED_EDGE ( 'NONE', *, *, #2434, .F. ) ;
#2265 = DIRECTION ( 'NONE',  ( -1.000000000000000000, 0.000000000000000000, 0.000000000000000000 ) ) ;
#2266 = ORIENTED_EDGE ( 'NONE', *, *, #5027, .F. ) ;
#2267 = AXIS2_PLACEMENT_3D ( 'NONE', #3670, #17, #1584 ) ;
#2268 = CARTESIAN_POINT ( 'NONE',  ( -8.470000000000002416, 10.90499999999999758, -0.1199999999999996209 ) ) ;
#2269 = ADVANCED_FACE ( 'NONE', ( #6207 ), #5550, .F. ) ;
#2270 = CARTESIAN_POINT ( 'NONE',  ( -5.848500000000003141, -1.745000000000001217, 0.000000000000000000 ) ) ;
#2271 = DIRECTION ( 'NONE',  ( -1.000000000000000000, -0.000000000000000000, -0.000000000000000000 ) ) ;
#2272 = ORIENTED_EDGE ( 'NONE', *, *, #4636, .F. ) ;
#2273 = EDGE_CURVE ( 'NONE', #6535, #5477, #6255, .T. ) ;
#2274 = VECTOR ( 'NONE', #5147, 39.37007874015748143 ) ;
#2275 = CARTESIAN_POINT ( 'NONE',  ( 8.660000000000001918, -6.945000000000003837, -0.3879999999999923510 ) ) ;
#2276 = ORIENTED_EDGE ( 'NONE', *, *, #8357, .T. ) ;
#2277 = DIRECTION ( 'NONE',  ( 0.000000000000000000, 1.000000000000000000, 0.000000000000000000 ) ) ;
#2278 = EDGE_LOOP ( 'NONE', ( #8430, #3561, #4347, #2837 ) ) ;
#2279 = CARTESIAN_POINT ( 'NONE',  ( -5.223500000000001364, -3.745000000000001883, 0.000000000000000000 ) ) ;
#2280 = VECTOR ( 'NONE', #1494, 39.37007874015748143 ) ;
#2281 = LINE ( 'NONE', #5102, #1984 ) ;
#2282 = ORIENTED_EDGE ( 'NONE', *, *, #1882, .T. ) ;
#2283 = CARTESIAN_POINT ( 'NONE',  ( -3.536500000000001975, -7.745000000000001883, -0.06000000000000004635 ) ) ;
#2284 = DIRECTION ( 'NONE',  ( 0.000000000000000000, 1.000000000000000000, 0.000000000000000000 ) ) ;
#2285 = CARTESIAN_POINT ( 'NONE',  ( -2.286500000000001975, 4.254999999999998117, -0.06000000000000004635 ) ) ;
#2286 = VERTEX_POINT ( 'NONE', #421 ) ;
#2287 = DIRECTION ( 'NONE',  ( 1.000000000000000000, 0.000000000000000000, 0.000000000000000000 ) ) ;
#2288 = ORIENTED_EDGE ( 'NONE', *, *, #4281, .T. ) ;
#2289 = EDGE_CURVE ( 'NONE', #5640, #12, #1848, .T. ) ;
#2290 = ORIENTED_EDGE ( 'NONE', *, *, #2591, .T. ) ;
#2291 = FACE_OUTER_BOUND ( 'NONE', #376, .T. ) ;
#2292 = VECTOR ( 'NONE', #3537, 39.37007874015748143 ) ;
#2293 = CARTESIAN_POINT ( 'NONE',  ( -6.473500000000002252, 7.754999999999997229, -0.05999999999999999778 ) ) ;
#2294 = EDGE_LOOP ( 'NONE', ( #8733, #5162, #7500, #7931 ) ) ;
#2295 = CARTESIAN_POINT ( 'NONE',  ( -1.661500000000003086, 9.754999999999999005, 0.000000000000000000 ) ) ;
#2296 = LINE ( 'NONE', #5117, #1615 ) ;
#2297 = CARTESIAN_POINT ( 'NONE',  ( -7.098500000000003141, -1.745000000000001217, -0.06000000000000004635 ) ) ;
#2298 = AXIS2_PLACEMENT_3D ( 'NONE', #2376, #7450, #8739 ) ;
#2299 = CARTESIAN_POINT ( 'NONE',  ( -1.473500000000001586, 0.2549999999999985056, -0.06000000000000004635 ) ) ;
#2300 = EDGE_CURVE ( 'NONE', #7061, #6953, #1202, .T. ) ;
#2301 = CARTESIAN_POINT ( 'NONE',  ( 8.659999999999998366, 0.000000000000000000, 2.761937913594477029E-14 ) ) ;
#2302 = CARTESIAN_POINT ( 'NONE',  ( -3.973500000000001808, -0.2450000000000024380, -0.06000000000000004635 ) ) ;
#2303 = VERTEX_POINT ( 'NONE', #7519 ) ;
#2304 = CARTESIAN_POINT ( 'NONE',  ( -5.223500000000001364, -4.245000000000002771, 0.000000000000000000 ) ) ;
#2305 = DIRECTION ( 'NONE',  ( -0.000000000000000000, 0.000000000000000000, 1.000000000000000000 ) ) ;
#2306 = ORIENTED_EDGE ( 'NONE', *, *, #593, .T. ) ;
#2307 = CARTESIAN_POINT ( 'NONE',  ( 8.599999999999999645, -10.78500000000000192, 4.609993489308444058E-16 ) ) ;
#2308 = ORIENTED_EDGE ( 'NONE', *, *, #584, .F. ) ;
#2309 = VECTOR ( 'NONE', #1393, 39.37007874015748143 ) ;
#2310 = PLANE ( 'NONE',  #1748 ) ;
#2311 = ADVANCED_FACE ( 'NONE', ( #6872 ), #1250, .F. ) ;
#2312 = EDGE_CURVE ( 'NONE', #1156, #7509, #8401, .T. ) ;
#2313 = DIRECTION ( 'NONE',  ( 0.000000000000000000, -1.000000000000000000, 0.000000000000000000 ) ) ;
#2314 = CARTESIAN_POINT ( 'NONE',  ( -1.473500000000001586, 0.2549999999999985056, 0.000000000000000000 ) ) ;
#2315 = ORIENTED_EDGE ( 'NONE', *, *, #1483, .F. ) ;
#2316 = EDGE_CURVE ( 'NONE', #6698, #6021, #3245, .T. ) ;
#2317 = AXIS2_PLACEMENT_3D ( 'NONE', #2628, #2723, #4067 ) ;
#2318 = CARTESIAN_POINT ( 'NONE',  ( -1.661500000000000865, 1.754999999999998117, -0.05999999999999999778 ) ) ;
#2319 = VERTEX_POINT ( 'NONE', #2035 ) ;
#2320 = DIRECTION ( 'NONE',  ( -0.000000000000000000, 0.000000000000000000, 1.000000000000000000 ) ) ;
#2321 = VECTOR ( 'NONE', #7595, 39.37007874015748143 ) ;
#2322 = VERTEX_POINT ( 'NONE', #8995 ) ;
#2323 = DIRECTION ( 'NONE',  ( 1.000000000000000000, -0.000000000000000000, 0.000000000000000000 ) ) ;
#2324 = ADVANCED_FACE ( 'NONE', ( #4763 ), #4070, .F. ) ;
#2325 = CARTESIAN_POINT ( 'NONE',  ( -2.723500000000001808, 4.254999999999998117, -0.7500393700787405526 ) ) ;
#2326 = FACE_OUTER_BOUND ( 'NONE', #881, .T. ) ;
#2327 = ORIENTED_EDGE ( 'NONE', *, *, #6757, .T. ) ;
#2328 = DIRECTION ( 'NONE',  ( 0.000000000000000000, -0.000000000000000000, 1.000000000000000000 ) ) ;
#2329 = VECTOR ( 'NONE', #858, 39.37007874015748143 ) ;
#2330 = VECTOR ( 'NONE', #2986, 39.37007874015748143 ) ;
#2331 = DIRECTION ( 'NONE',  ( 1.000000000000000000, -0.000000000000000000, 3.167359992654216647E-15 ) ) ;
#2332 = DIRECTION ( 'NONE',  ( 1.000000000000000000, 0.000000000000000000, -3.167359992654217041E-15 ) ) ;
#2333 = ORIENTED_EDGE ( 'NONE', *, *, #5541, .F. ) ;
#2334 = LINE ( 'NONE', #643, #1512 ) ;
#2335 = VERTEX_POINT ( 'NONE', #2726 ) ;
#2336 = AXIS2_PLACEMENT_3D ( 'NONE', #3744, #7329, #5824 ) ;
#2337 = VECTOR ( 'NONE', #6776, 39.37007874015748143 ) ;
#2338 = ORIENTED_EDGE ( 'NONE', *, *, #745, .F. ) ;
#2339 = ORIENTED_EDGE ( 'NONE', *, *, #4237, .T. ) ;
#2340 = CARTESIAN_POINT ( 'NONE',  ( 8.475999999999999091, 10.77899999999999636, -0.05999999999999999778 ) ) ;
#2341 = CARTESIAN_POINT ( 'NONE',  ( -5.223500000000001364, -0.2450000000000024380, 0.000000000000000000 ) ) ;
#2342 = ORIENTED_EDGE ( 'NONE', *, *, #3329, .F. ) ;
#2343 = DIRECTION ( 'NONE',  ( 1.000000000000000000, -0.000000000000000000, 0.000000000000000000 ) ) ;
#2344 = VECTOR ( 'NONE', #6129, 39.37007874015748143 ) ;
#2345 = DIRECTION ( 'NONE',  ( 0.000000000000000000, -0.000000000000000000, 1.000000000000000000 ) ) ;
#2346 = CARTESIAN_POINT ( 'NONE',  ( 8.660000000000001918, 6.944999999999996732, -0.4919999999999923879 ) ) ;
#2347 = LINE ( 'NONE', #5169, #7737 ) ;
#2348 = VECTOR ( 'NONE', #3416, 39.37007874015748143 ) ;
#2349 = CARTESIAN_POINT ( 'NONE',  ( -1.473500000000001586, -4.245000000000002771, -0.06000000000000004635 ) ) ;
#2350 = CARTESIAN_POINT ( 'NONE',  ( -5.848500000000003141, 1.754999999999998117, 0.000000000000000000 ) ) ;
#2351 = EDGE_CURVE ( 'NONE', #7822, #3724, #1111, .T. ) ;
#2352 = EDGE_LOOP ( 'NONE', ( #4211, #4071, #205, #1631 ) ) ;
#2353 = DIRECTION ( 'NONE',  ( 1.000000000000000000, 0.000000000000000000, 0.000000000000000000 ) ) ;
#2354 = CARTESIAN_POINT ( 'NONE',  ( 8.469999999999997087, -10.77899999999999991, -0.000000000000000000 ) ) ;
#2355 = ORIENTED_EDGE ( 'NONE', *, *, #8856, .T. ) ;
#2356 = DIRECTION ( 'NONE',  ( 0.000000000000000000, 0.000000000000000000, -1.000000000000000000 ) ) ;
#2357 = CARTESIAN_POINT ( 'NONE',  ( -7.098500000000003141, 1.754999999999998117, 0.000000000000000000 ) ) ;
#2358 = ORIENTED_EDGE ( 'NONE', *, *, #3345, .T. ) ;
#2359 = DIRECTION ( 'NONE',  ( 0.000000000000000000, 0.000000000000000000, 1.000000000000000000 ) ) ;
#2360 = CARTESIAN_POINT ( 'NONE',  ( 8.720000000000000639, 6.944999999999996732, -0.4399999999999921751 ) ) ;
#2361 = CARTESIAN_POINT ( 'NONE',  ( -5.848500000000003141, 1.754999999999998117, 0.000000000000000000 ) ) ;
#2362 = EDGE_CURVE ( 'NONE', #5844, #3250, #8446, .T. ) ;
#2363 = ORIENTED_EDGE ( 'NONE', *, *, #1010, .F. ) ;
#2364 = EDGE_CURVE ( 'NONE', #2713, #5661, #5850, .T. ) ;
#2365 = DIRECTION ( 'NONE',  ( 1.000000000000000000, -0.000000000000000000, 0.000000000000000000 ) ) ;
#2366 = EDGE_CURVE ( 'NONE', #4104, #8450, #2334, .T. ) ;
#2367 = ORIENTED_EDGE ( 'NONE', *, *, #4025, .T. ) ;
#2368 = CARTESIAN_POINT ( 'NONE',  ( -3.973500000000001808, -0.2450000000000024380, -0.7500393700787405526 ) ) ;
#2369 = VECTOR ( 'NONE', #4720, 39.37007874015748143 ) ;
#2370 = ORIENTED_EDGE ( 'NONE', *, *, #603, .F. ) ;
#2371 = ORIENTED_EDGE ( 'NONE', *, *, #1528, .F. ) ;
#2372 = PLANE ( 'NONE',  #8624 ) ;
#2373 = CARTESIAN_POINT ( 'NONE',  ( -5.223500000000001364, 7.754999999999997229, 0.000000000000000000 ) ) ;
#2374 = CARTESIAN_POINT ( 'NONE',  ( -5.223500000000001364, 4.254999999999998117, -0.7500393700787405526 ) ) ;
#2375 = ORIENTED_EDGE ( 'NONE', *, *, #5171, .T. ) ;
#2376 = CARTESIAN_POINT ( 'NONE',  ( -5.848500000000003141, 2.254999999999998561, -0.7500393700787405526 ) ) ;
#2377 = DIRECTION ( 'NONE',  ( -0.000000000000000000, -0.000000000000000000, 1.000000000000000000 ) ) ;
#2378 = ADVANCED_FACE ( 'NONE', ( #9141 ), #691, .F. ) ;
#2379 = DIRECTION ( 'NONE',  ( 0.000000000000000000, -1.000000000000000000, 0.000000000000000000 ) ) ;
#2380 = ORIENTED_EDGE ( 'NONE', *, *, #8051, .T. ) ;
#2381 = DIRECTION ( 'NONE',  ( 0.000000000000000000, 1.000000000000000000, 0.000000000000000000 ) ) ;
#2382 = ORIENTED_EDGE ( 'NONE', *, *, #613, .T. ) ;
#2383 = AXIS2_PLACEMENT_3D ( 'NONE', #3117, #5148, #7350 ) ;
#2384 = EDGE_LOOP ( 'NONE', ( #9062, #2996, #6717, #6328 ) ) ;
#2385 = DIRECTION ( 'NONE',  ( -6.244223985518316914E-16, 1.000000000000000000, 0.000000000000000000 ) ) ;
#2386 = ADVANCED_FACE ( 'NONE', ( #3074 ), #3513, .F. ) ;
#2387 = ORIENTED_EDGE ( 'NONE', *, *, #465, .T. ) ;
#2388 = DIRECTION ( 'NONE',  ( -0.000000000000000000, -0.000000000000000000, 1.000000000000000000 ) ) ;
#2389 = ORIENTED_EDGE ( 'NONE', *, *, #3379, .F. ) ;
#2390 = VECTOR ( 'NONE', #916, 39.37007874015748143 ) ;
#2391 = CARTESIAN_POINT ( 'NONE',  ( -7.098500000000003141, -6.245000000000001883, -0.06000000000000004635 ) ) ;
#2392 = AXIS2_PLACEMENT_3D ( 'NONE', #3945, #1982, #5497 ) ;
#2393 = EDGE_CURVE ( 'NONE', #8845, #4795, #5804, .T. ) ;
#2394 = DIRECTION ( 'NONE',  ( -1.000000000000000000, 0.000000000000000000, 0.000000000000000000 ) ) ;
#2395 = DIRECTION ( 'NONE',  ( 1.000000000000000000, 0.000000000000000000, 0.000000000000000000 ) ) ;
#2396 = CARTESIAN_POINT ( 'NONE',  ( -3.973500000000001808, -4.245000000000002771, -0.7500393700787405526 ) ) ;
#2397 = VECTOR ( 'NONE', #6155, 39.37007874015748143 ) ;
#2398 = VECTOR ( 'NONE', #1738, 39.37007874015748143 ) ;
#2399 = DIRECTION ( 'NONE',  ( -1.000000000000000000, -0.000000000000000000, -0.000000000000000000 ) ) ;
#2400 = CARTESIAN_POINT ( 'NONE',  ( -7.098500000000003141, -9.745000000000000995, -0.06000000000000004635 ) ) ;
#2401 = ORIENTED_EDGE ( 'NONE', *, *, #8395, .T. ) ;
#2402 = CARTESIAN_POINT ( 'NONE',  ( -2.098500000000002697, -6.245000000000001883, -0.06000000000000004635 ) ) ;
#2403 = PLANE ( 'NONE',  #917 ) ;
#2404 = AXIS2_PLACEMENT_3D ( 'NONE', #3431, #7125, #5615 ) ;
#2405 = ORIENTED_EDGE ( 'NONE', *, *, #9070, .F. ) ;
#2406 = CARTESIAN_POINT ( 'NONE',  ( -8.720000000000004192, -10.78500000000000192, -0.7499999999999998890 ) ) ;
#2407 = CARTESIAN_POINT ( 'NONE',  ( -0.8485000000000026965, -2.245000000000001883, 0.000000000000000000 ) ) ;
#2408 = VERTEX_POINT ( 'NONE', #5156 ) ;
#2409 = CARTESIAN_POINT ( 'NONE',  ( -4.786500000000001975, -7.745000000000001883, -0.06000000000000004635 ) ) ;
#2410 = FACE_OUTER_BOUND ( 'NONE', #7304, .T. ) ;
#2411 = CARTESIAN_POINT ( 'NONE',  ( -1.661500000000001975, -9.745000000000002771, 0.000000000000000000 ) ) ;
#2412 = EDGE_CURVE ( 'NONE', #2218, #9193, #8648, .T. ) ;
#2413 = CARTESIAN_POINT ( 'NONE',  ( -8.660000000000003695, -10.78500000000000192, -0.7500000000000003331 ) ) ;
#2414 = VECTOR ( 'NONE', #7930, 39.37007874015748143 ) ;
#2415 = ORIENTED_EDGE ( 'NONE', *, *, #258, .T. ) ;
#2416 = LINE ( 'NONE', #4586, #5381 ) ;
#2417 = ORIENTED_EDGE ( 'NONE', *, *, #1438, .F. ) ;
#2418 = LINE ( 'NONE', #243, #6259 ) ;
#2419 = DIRECTION ( 'NONE',  ( 1.000000000000000000, 0.000000000000000000, 3.167359992654217041E-15 ) ) ;
#2420 = CARTESIAN_POINT ( 'NONE',  ( -6.661500000000001087, -2.245000000000001883, -0.000000000000000000 ) ) ;
#2421 = EDGE_CURVE ( 'NONE', #7200, #969, #572, .T. ) ;
#2422 = VERTEX_POINT ( 'NONE', #1554 ) ;
#2423 = CARTESIAN_POINT ( 'NONE',  ( -0.8485000000000026965, 5.754999999999998117, 0.000000000000000000 ) ) ;
#2425 = ADVANCED_FACE ( 'NONE', ( #8005 ), #5111, .F. ) ;
#2424 = CARTESIAN_POINT ( 'NONE',  ( -6.473500000000002252, -3.745000000000001883, -0.06000000000000004635 ) ) ;
#2426 = DIRECTION ( 'NONE',  ( 0.000000000000000000, 0.000000000000000000, 1.000000000000000000 ) ) ;
#2427 = DIRECTION ( 'NONE',  ( 1.583679996327108915E-15, 3.167359992654217435E-15, -1.000000000000000000 ) ) ;
#2428 = VERTEX_POINT ( 'NONE', #4857 ) ;
#2429 = DIRECTION ( 'NONE',  ( 1.000000000000000000, 0.000000000000000000, 0.000000000000000000 ) ) ;
#2430 = ORIENTED_EDGE ( 'NONE', *, *, #4340, .F. ) ;
#2431 = VECTOR ( 'NONE', #7893, 39.37007874015748143 ) ;
#2432 = ORIENTED_EDGE ( 'NONE', *, *, #293, .F. ) ;
#2433 = CARTESIAN_POINT ( 'NONE',  ( -2.911500000000002863, 9.754999999999999005, -0.7500393700787405526 ) ) ;
#2434 = EDGE_CURVE ( 'NONE', #1471, #6944, #5006, .T. ) ;
#2435 = EDGE_LOOP ( 'NONE', ( #2463, #4035, #241, #3287 ) ) ;
#2437 = EDGE_CURVE ( 'NONE', #5614, #8650, #3770, .T. ) ;
#2436 = PLANE ( 'NONE',  #1067 ) ;
#2438 = DIRECTION ( 'NONE',  ( 0.000000000000000000, 0.000000000000000000, 1.000000000000000000 ) ) ;
#2439 = ORIENTED_EDGE ( 'NONE', *, *, #2512, .F. ) ;
#2440 = LINE ( 'NONE', #5116, #714 ) ;
#2441 = DIRECTION ( 'NONE',  ( -1.000000000000000000, -0.000000000000000000, -0.000000000000000000 ) ) ;
#2442 = DIRECTION ( 'NONE',  ( 0.000000000000000000, -1.000000000000000000, 0.000000000000000000 ) ) ;
#2443 = ADVANCED_FACE ( 'NONE', ( #3683 ), #6609, .F. ) ;
#2444 = CARTESIAN_POINT ( 'NONE',  ( -5.848500000000003141, 2.254999999999998561, 0.000000000000000000 ) ) ;
#2445 = VECTOR ( 'NONE', #7400, 39.37007874015748143 ) ;
#2446 = EDGE_CURVE ( 'NONE', #758, #2643, #8743, .T. ) ;
#2447 = CARTESIAN_POINT ( 'NONE',  ( -2.286500000000001975, -7.745000000000001883, 0.000000000000000000 ) ) ;
#2448 = EDGE_LOOP ( 'NONE', ( #5889, #7503, #3298, #4589 ) ) ;
#2449 = DIRECTION ( 'NONE',  ( 1.000000000000000000, 0.000000000000000000, 0.000000000000000000 ) ) ;
#2450 = DIRECTION ( 'NONE',  ( 1.000000000000000000, 6.244223985518316914E-16, 0.000000000000000000 ) ) ;
#2451 = VECTOR ( 'NONE', #7080, 39.37007874015748143 ) ;
#2452 = ORIENTED_EDGE ( 'NONE', *, *, #5418, .T. ) ;
#2453 = DIRECTION ( 'NONE',  ( 0.000000000000000000, 0.000000000000000000, -1.000000000000000000 ) ) ;
#2454 = VERTEX_POINT ( 'NONE', #4903 ) ;
#2455 = DIRECTION ( 'NONE',  ( -1.000000000000000000, 0.000000000000000000, 0.000000000000000000 ) ) ;
#2456 = CARTESIAN_POINT ( 'NONE',  ( 2.343999999999998973, 10.56499999999999773, -0.06000000000000004635 ) ) ;
#2457 = EDGE_LOOP ( 'NONE', ( #2936, #3808, #6231, #332 ) ) ;
#2458 = FACE_BOUND ( 'NONE', #4235, .T. ) ;
#2459 = CARTESIAN_POINT ( 'NONE',  ( -4.161500000000001087, -1.745000000000001217, -0.06000000000000004635 ) ) ;
#2460 = CARTESIAN_POINT ( 'NONE',  ( -7.098500000000003141, 9.754999999999999005, 0.000000000000000000 ) ) ;
#2461 = ORIENTED_EDGE ( 'NONE', *, *, #7377, .F. ) ;
#2462 = LINE ( 'NONE', #2413, #3505 ) ;
#2463 = ORIENTED_EDGE ( 'NONE', *, *, #7933, .T. ) ;
#2464 = CARTESIAN_POINT ( 'NONE',  ( -3.973500000000001808, -0.2450000000000024380, -0.7500393700787405526 ) ) ;
#2465 = VERTEX_POINT ( 'NONE', #6567 ) ;
#2466 = FACE_OUTER_BOUND ( 'NONE', #2904, .T. ) ;
#2467 = CARTESIAN_POINT ( 'NONE',  ( -2.911500000000002863, 9.754999999999999005, -0.05999999999999999778 ) ) ;
#2468 = CARTESIAN_POINT ( 'NONE',  ( -8.720000000000004192, -5.565000000000003944, -0.3880000000000474181 ) ) ;
#2469 = VERTEX_POINT ( 'NONE', #7748 ) ;
#2470 = DIRECTION ( 'NONE',  ( -1.000000000000000000, 0.000000000000000000, 0.000000000000000000 ) ) ;
#2471 = FACE_BOUND ( 'NONE', #7868, .T. ) ;
#2472 = VECTOR ( 'NONE', #8776, 39.37007874015748143 ) ;
#2473 = FACE_OUTER_BOUND ( 'NONE', #6738, .T. ) ;
#2474 = LINE ( 'NONE', #8193, #5732 ) ;
#2475 = ORIENTED_EDGE ( 'NONE', *, *, #4300, .T. ) ;
#2476 = CARTESIAN_POINT ( 'NONE',  ( -6.473500000000002252, 3.754999999999997673, -0.06000000000000004635 ) ) ;
#2477 = EDGE_CURVE ( 'NONE', #5640, #1742, #4204, .T. ) ;
#2478 = ORIENTED_EDGE ( 'NONE', *, *, #7584, .T. ) ;
#2479 = EDGE_LOOP ( 'NONE', ( #3030, #3385, #1571, #3734 ) ) ;
#2480 = DIRECTION ( 'NONE',  ( 0.000000000000000000, -0.000000000000000000, -1.000000000000000000 ) ) ;
#2481 = VECTOR ( 'NONE', #1100, 39.37007874015748143 ) ;
#2482 = EDGE_LOOP ( 'NONE', ( #2282, #7374, #7427, #4582 ) ) ;
#2483 = CARTESIAN_POINT ( 'NONE',  ( -5.848500000000003141, 5.754999999999998117, -0.7500393700787405526 ) ) ;
#2484 = CARTESIAN_POINT ( 'NONE',  ( -8.720000000000004192, 5.564999999999997726, -0.4400000000000474087 ) ) ;
#2485 = ORIENTED_EDGE ( 'NONE', *, *, #1595, .T. ) ;
#2486 = DIRECTION ( 'NONE',  ( 1.000000000000000000, -2.500547362621746538E-15, 0.000000000000000000 ) ) ;
#2487 = PLANE ( 'NONE',  #4851 ) ;
#2488 = FACE_BOUND ( 'NONE', #1613, .T. ) ;
#2489 = VECTOR ( 'NONE', #1470, 39.37007874015748143 ) ;
#2490 = EDGE_CURVE ( 'NONE', #1990, #617, #7955, .T. ) ;
#2491 = VECTOR ( 'NONE', #877, 39.37007874015748143 ) ;
#2492 = EDGE_CURVE ( 'NONE', #4194, #2335, #5740, .T. ) ;
#2493 = CARTESIAN_POINT ( 'NONE',  ( -2.098500000000002697, 9.754999999999999005, -0.7500393700787405526 ) ) ;
#2494 = ADVANCED_FACE ( 'NONE', ( #3022 ), #3175, .F. ) ;
#2495 = CARTESIAN_POINT ( 'NONE',  ( -1.036500000000001975, -4.245000000000002771, -0.7500393700787405526 ) ) ;
#2496 = VECTOR ( 'NONE', #3598, 39.37007874015748143 ) ;
#2497 = ORIENTED_EDGE ( 'NONE', *, *, #7651, .T. ) ;
#2498 = CARTESIAN_POINT ( 'NONE',  ( -5.223500000000001364, 4.254999999999998117, -0.05999999999999999778 ) ) ;
#2499 = DIRECTION ( 'NONE',  ( -0.000000000000000000, 1.000000000000000000, 0.000000000000000000 ) ) ;
#2500 = ORIENTED_EDGE ( 'NONE', *, *, #1489, .F. ) ;
#2501 = PLANE ( 'NONE',  #1946 ) ;
#2502 = ADVANCED_FACE ( 'NONE', ( #5203 ), #6664, .F. ) ;
#2503 = EDGE_LOOP ( 'NONE', ( #8072, #4864, #5492, #7263 ) ) ;
#2504 = CARTESIAN_POINT ( 'NONE',  ( -4.161500000000001087, -6.245000000000001883, -0.7500393700787405526 ) ) ;
#2505 = CARTESIAN_POINT ( 'NONE',  ( -8.469999999999993534, 10.78499999999999481, -0.1199999999999999956 ) ) ;
#2506 = AXIS2_PLACEMENT_3D ( 'NONE', #4761, #6397, #2863 ) ;
#2507 = VERTEX_POINT ( 'NONE', #7408 ) ;
#2508 = FACE_BOUND ( 'NONE', #1177, .T. ) ;
#2509 = EDGE_LOOP ( 'NONE', ( #6298, #2461, #4060, #697 ) ) ;
#2510 = PLANE ( 'NONE',  #3136 ) ;
#2511 = ORIENTED_EDGE ( 'NONE', *, *, #7497, .F. ) ;
#2512 = EDGE_CURVE ( 'NONE', #8455, #8121, #6809, .T. ) ;
#2513 = EDGE_LOOP ( 'NONE', ( #5358, #7203, #8850, #5126 ) ) ;
#2514 = LINE ( 'NONE', #3853, #4487 ) ;
#2515 = VERTEX_POINT ( 'NONE', #4506 ) ;
#2516 = CARTESIAN_POINT ( 'NONE',  ( -0.4115000000000008096, 6.254999999999999893, -0.7500393700787405526 ) ) ;
#2517 = CARTESIAN_POINT ( 'NONE',  ( -2.723500000000001808, -4.245000000000002771, -0.06000000000000004635 ) ) ;
#2518 = DIRECTION ( 'NONE',  ( 1.000000000000000000, -2.500547362621746538E-15, 0.000000000000000000 ) ) ;
#2519 = ORIENTED_EDGE ( 'NONE', *, *, #6866, .F. ) ;
#2520 = CARTESIAN_POINT ( 'NONE',  ( 8.469999999999997087, 10.78499999999999481, -0.1199999999999999956 ) ) ;
#2521 = LINE ( 'NONE', #7306, #3333 ) ;
#2522 = DIRECTION ( 'NONE',  ( -1.000000000000000000, 0.000000000000000000, -3.167359992654217041E-15 ) ) ;
#2523 = CARTESIAN_POINT ( 'NONE',  ( -3.348500000000002697, -5.745000000000000995, -0.06000000000000004635 ) ) ;
#2524 = ORIENTED_EDGE ( 'NONE', *, *, #5806, .T. ) ;
#2525 = CARTESIAN_POINT ( 'NONE',  ( -2.723500000000001808, 3.754999999999997673, -0.7500393700787405526 ) ) ;
#2526 = VERTEX_POINT ( 'NONE', #1184 ) ;
#2527 = EDGE_CURVE ( 'NONE', #2120, #4622, #8055, .T. ) ;
#2528 = VERTEX_POINT ( 'NONE', #6850 ) ;
#2529 = VERTEX_POINT ( 'NONE', #1135 ) ;
#2530 = DIRECTION ( 'NONE',  ( 3.122111992759157471E-16, 1.000000000000000000, 0.000000000000000000 ) ) ;
#2531 = ADVANCED_FACE ( 'NONE', ( #1090 ), #8837, .F. ) ;
#2532 = ORIENTED_EDGE ( 'NONE', *, *, #8182, .F. ) ;
#2533 = CARTESIAN_POINT ( 'NONE',  ( -8.469999999999997087, -10.78500000000000014, -0.1199999999999999956 ) ) ;
#2534 = CARTESIAN_POINT ( 'NONE',  ( -0.8485000000000026965, 2.254999999999998561, -0.7500393700787405526 ) ) ;
#2535 = PLANE ( 'NONE',  #248 ) ;
#2536 = LINE ( 'NONE', #5496, #4914 ) ;
#2537 = CARTESIAN_POINT ( 'NONE',  ( -5.411500000000001087, -5.745000000000000995, -0.7500393700787405526 ) ) ;
#2538 = EDGE_CURVE ( 'NONE', #4821, #5704, #6713, .T. ) ;
#2539 = AXIS2_PLACEMENT_3D ( 'NONE', #8851, #5911, #3738 ) ;
#2540 = EDGE_CURVE ( 'NONE', #1957, #7448, #1687, .T. ) ;
#2541 = VECTOR ( 'NONE', #886, 39.37007874015748143 ) ;
#2542 = ORIENTED_EDGE ( 'NONE', *, *, #5806, .F. ) ;
#2543 = DIRECTION ( 'NONE',  ( 0.000000000000000000, -0.000000000000000000, -1.000000000000000000 ) ) ;
#2544 = CARTESIAN_POINT ( 'NONE',  ( -3.594000000000002526, 10.56499999999999773, -0.7500393700787405526 ) ) ;
#2545 = DIRECTION ( 'NONE',  ( 3.122111992759157471E-16, 1.000000000000000000, 0.000000000000000000 ) ) ;
#2546 = ORIENTED_EDGE ( 'NONE', *, *, #541, .F. ) ;
#2547 = FACE_BOUND ( 'NONE', #1014, .T. ) ;
#2548 = DIRECTION ( 'NONE',  ( 1.000000000000000000, 0.000000000000000000, 0.000000000000000000 ) ) ;
#2549 = AXIS2_PLACEMENT_3D ( 'NONE', #181, #320, #880 ) ;
#2550 = ORIENTED_EDGE ( 'NONE', *, *, #517, .F. ) ;
#2551 = VECTOR ( 'NONE', #1046, 39.37007874015748143 ) ;
#2552 = FACE_BOUND ( 'NONE', #5716, .T. ) ;
#2553 = EDGE_LOOP ( 'NONE', ( #667, #709, #5275, #4009 ) ) ;
#2554 = CARTESIAN_POINT ( 'NONE',  ( -3.348500000000002697, -6.245000000000001883, -0.06000000000000004635 ) ) ;
#2555 = EDGE_CURVE ( 'NONE', #2235, #4314, #4694, .T. ) ;
#2556 = VECTOR ( 'NONE', #1506, 39.37007874015748143 ) ;
#2557 = CARTESIAN_POINT ( 'NONE',  ( -1.473500000000001586, -0.2450000000000024380, 0.000000000000000000 ) ) ;
#2558 = EDGE_CURVE ( 'NONE', #4440, #6950, #8149, .T. ) ;
#2559 = ORIENTED_EDGE ( 'NONE', *, *, #3900, .F. ) ;
#2560 = ORIENTED_EDGE ( 'NONE', *, *, #1669, .F. ) ;
#2561 = DIRECTION ( 'NONE',  ( 0.000000000000000000, 1.000000000000000000, 0.000000000000000000 ) ) ;
#2562 = DIRECTION ( 'NONE',  ( 0.000000000000000000, -0.000000000000000000, -1.000000000000000000 ) ) ;
#2563 = ORIENTED_EDGE ( 'NONE', *, *, #6402, .F. ) ;
#2564 = DIRECTION ( 'NONE',  ( -0.000000000000000000, 1.000000000000000000, 0.000000000000000000 ) ) ;
#2565 = CARTESIAN_POINT ( 'NONE',  ( -2.286500000000001975, -7.745000000000001883, 0.000000000000000000 ) ) ;
#2566 = ADVANCED_FACE ( 'NONE', ( #3267 ), #301, .F. ) ;
#2567 = LINE ( 'NONE', #4829, #2451 ) ;
#2568 = LINE ( 'NONE', #299, #4698 ) ;
#2569 = ORIENTED_EDGE ( 'NONE', *, *, #734, .F. ) ;
#2570 = DIRECTION ( 'NONE',  ( 0.000000000000000000, -1.000000000000000000, 0.000000000000000000 ) ) ;
#2571 = VERTEX_POINT ( 'NONE', #6762 ) ;
#2572 = VECTOR ( 'NONE', #4676, 39.37007874015748143 ) ;
#2573 = CARTESIAN_POINT ( 'NONE',  ( -7.098500000000003141, -5.745000000000000995, 0.000000000000000000 ) ) ;
#2574 = CARTESIAN_POINT ( 'NONE',  ( -6.661500000000001975, -9.745000000000002771, 0.000000000000000000 ) ) ;
#2575 = ORIENTED_EDGE ( 'NONE', *, *, #3283, .T. ) ;
#2576 = LINE ( 'NONE', #4653, #2398 ) ;
#2577 =( NAMED_UNIT ( * ) SI_UNIT ( $, .STERADIAN. ) SOLID_ANGLE_UNIT ( ) );
#2578 = ORIENTED_EDGE ( 'NONE', *, *, #4034, .F. ) ;
#2579 = CARTESIAN_POINT ( 'NONE',  ( -5.223500000000001364, 3.754999999999997673, 0.000000000000000000 ) ) ;
#2581 = VECTOR ( 'NONE', #8966, 39.37007874015748143 ) ;
#2580 = DIRECTION ( 'NONE',  ( -0.000000000000000000, -0.000000000000000000, 1.000000000000000000 ) ) ;
#2582 = VERTEX_POINT ( 'NONE', #396 ) ;
#2583 = DIRECTION ( 'NONE',  ( 0.000000000000000000, -1.000000000000000000, 0.000000000000000000 ) ) ;
#2584 = EDGE_CURVE ( 'NONE', #2073, #157, #7357, .T. ) ;
#2585 = DIRECTION ( 'NONE',  ( -1.000000000000000000, 0.000000000000000000, 0.000000000000000000 ) ) ;
#2586 = ORIENTED_EDGE ( 'NONE', *, *, #4823, .T. ) ;
#2587 = CARTESIAN_POINT ( 'NONE',  ( -2.098500000000002697, 1.754999999999998117, -0.06000000000000004635 ) ) ;
#2588 = DIRECTION ( 'NONE',  ( -1.000000000000000000, 0.000000000000000000, 0.000000000000000000 ) ) ;
#2589 = ORIENTED_EDGE ( 'NONE', *, *, #8958, .T. ) ;
#2590 = CARTESIAN_POINT ( 'NONE',  ( -6.036500000000001975, -7.745000000000001883, -0.7500393700787405526 ) ) ;
#2591 = EDGE_CURVE ( 'NONE', #563, #6665, #7760, .T. ) ;
#2592 = ORIENTED_EDGE ( 'NONE', *, *, #3318, .F. ) ;
#2593 = ORIENTED_EDGE ( 'NONE', *, *, #1847, .F. ) ;
#2594 = VECTOR ( 'NONE', #2068, 39.37007874015748143 ) ;
#2595 = VERTEX_POINT ( 'NONE', #3962 ) ;
#2596 = CARTESIAN_POINT ( 'NONE',  ( -4.161500000000001087, 1.754999999999998117, -0.7500393700787405526 ) ) ;
#2597 = EDGE_CURVE ( 'NONE', #2335, #7528, #3124, .T. ) ;
#2598 = EDGE_LOOP ( 'NONE', ( #4435, #988, #315, #928 ) ) ;
#2599 = EDGE_CURVE ( 'NONE', #4662, #9145, #8933, .T. ) ;
#2600 = ORIENTED_EDGE ( 'NONE', *, *, #216, .F. ) ;
#2601 = FACE_OUTER_BOUND ( 'NONE', #5782, .T. ) ;
#2602 = FACE_OUTER_BOUND ( 'NONE', #5561, .T. ) ;
#2603 = DIRECTION ( 'NONE',  ( 0.000000000000000000, 0.000000000000000000, -1.000000000000000000 ) ) ;
#2604 = ORIENTED_EDGE ( 'NONE', *, *, #7788, .F. ) ;
#2605 = FACE_OUTER_BOUND ( 'NONE', #847, .T. ) ;
#2606 = FACE_BOUND ( 'NONE', #2962, .T. ) ;
#2607 = DIRECTION ( 'NONE',  ( 0.000000000000000000, 0.000000000000000000, -1.000000000000000000 ) ) ;
#2608 = CARTESIAN_POINT ( 'NONE',  ( -6.036500000000001975, -3.745000000000001883, 0.000000000000000000 ) ) ;
#2609 = EDGE_LOOP ( 'NONE', ( #5233, #5341, #4722, #3328 ) ) ;
#2610 = CARTESIAN_POINT ( 'NONE',  ( -4.598500000000003141, 1.754999999999998117, 0.000000000000000000 ) ) ;
#2611 = EDGE_LOOP ( 'NONE', ( #7147, #5673, #6, #2946 ) ) ;
#2612 = ADVANCED_FACE ( 'NONE', ( #8239 ), #1871, .F. ) ;
#2613 = VECTOR ( 'NONE', #5638, 39.37007874015748143 ) ;
#2614 = ORIENTED_EDGE ( 'NONE', *, *, #1741, .F. ) ;
#2615 = LINE ( 'NONE', #624, #4078 ) ;
#2616 = ORIENTED_EDGE ( 'NONE', *, *, #4872, .F. ) ;
#2617 = VECTOR ( 'NONE', #4559, 39.37007874015748143 ) ;
#2618 = LINE ( 'NONE', #5449, #4106 ) ;
#2619 = DIRECTION ( 'NONE',  ( 0.000000000000000000, -0.000000000000000000, 1.000000000000000000 ) ) ;
#2620 = VECTOR ( 'NONE', #5273, 39.37007874015748143 ) ;
#2621 = ORIENTED_EDGE ( 'NONE', *, *, #8615, .F. ) ;
#2622 = LINE ( 'NONE', #1195, #1656 ) ;
#2623 = AXIS2_PLACEMENT_3D ( 'NONE', #4458, #7354, #8601 ) ;
#2624 = DIRECTION ( 'NONE',  ( 1.000000000000000000, -0.000000000000000000, 3.167359992654216647E-15 ) ) ;
#2625 = VECTOR ( 'NONE', #2580, 39.37007874015748143 ) ;
#2626 = ORIENTED_EDGE ( 'NONE', *, *, #4007, .F. ) ;
#2627 = AXIS2_PLACEMENT_3D ( 'NONE', #7235, #2343, #262 ) ;
#2628 = CARTESIAN_POINT ( 'NONE',  ( -3.750000000000002220, 10.56499999999999773, -0.06000000000000004635 ) ) ;
#2629 = VECTOR ( 'NONE', #4984, 39.37007874015748143 ) ;
#2630 = DIRECTION ( 'NONE',  ( -0.000000000000000000, -0.000000000000000000, 1.000000000000000000 ) ) ;
#2631 = CARTESIAN_POINT ( 'NONE',  ( -2.723500000000001808, -0.2450000000000024380, -0.7500393700787405526 ) ) ;
#2632 = LINE ( 'NONE', #1988, #7594 ) ;
#2633 = ORIENTED_EDGE ( 'NONE', *, *, #2834, .T. ) ;
#2634 = CARTESIAN_POINT ( 'NONE',  ( -2.286500000000001975, 0.2549999999999985056, -0.7500393700787405526 ) ) ;
#2635 = ORIENTED_EDGE ( 'NONE', *, *, #2316, .T. ) ;
#2636 = AXIS2_PLACEMENT_3D ( 'NONE', #574, #5622, #4691 ) ;
#2637 = CIRCLE ( 'NONE', #3824, 0.1200000000000009948 ) ;
#2638 = AXIS2_PLACEMENT_3D ( 'NONE', #1386, #2975, #5900 ) ;
#2639 = ORIENTED_EDGE ( 'NONE', *, *, #5199, .T. ) ;
#2640 = CARTESIAN_POINT ( 'NONE',  ( 8.599999999999999645, 10.78500000000000014, -0.1199999999999994543 ) ) ;
#2641 = EDGE_CURVE ( 'NONE', #3620, #3764, #8099, .T. ) ;
#2642 = VECTOR ( 'NONE', #6724, 39.37007874015748143 ) ;
#2643 = VERTEX_POINT ( 'NONE', #2318 ) ;
#2644 = CARTESIAN_POINT ( 'NONE',  ( -3.536500000000001975, -0.2450000000000024380, -0.06000000000000004635 ) ) ;
#2645 = ORIENTED_EDGE ( 'NONE', *, *, #2434, .T. ) ;
#2646 = ORIENTED_EDGE ( 'NONE', *, *, #6578, .F. ) ;
#2647 = PLANE ( 'NONE',  #2853 ) ;
#2648 = EDGE_CURVE ( 'NONE', #3215, #715, #287, .T. ) ;
#2649 = CARTESIAN_POINT ( 'NONE',  ( 8.470000000000000639, 10.78499999999999481, 9.902948977032954413E-16 ) ) ;
#2650 = DIRECTION ( 'NONE',  ( 0.000000000000000000, -1.000000000000000000, 0.000000000000000000 ) ) ;
#2651 = VERTEX_POINT ( 'NONE', #1630 ) ;
#2652 = DIRECTION ( 'NONE',  ( 1.000000000000000000, 0.000000000000000000, 0.000000000000000000 ) ) ;
#2653 = FACE_BOUND ( 'NONE', #6258, .T. ) ;
#2654 = EDGE_CURVE ( 'NONE', #2319, #5807, #3667, .T. ) ;
#2655 = EDGE_CURVE ( 'NONE', #5580, #5104, #5790, .T. ) ;
#2656 = CARTESIAN_POINT ( 'NONE',  ( -2.723500000000001808, -7.745000000000001883, -0.06000000000000004635 ) ) ;
#2657 = CARTESIAN_POINT ( 'NONE',  ( -8.720000000000004192, -6.945000000000003837, -0.4400000000000474087 ) ) ;
#2658 = ORIENTED_EDGE ( 'NONE', *, *, #118, .T. ) ;
#2659 = DIRECTION ( 'NONE',  ( 1.000000000000000000, -0.000000000000000000, 0.000000000000000000 ) ) ;
#2660 = ORIENTED_EDGE ( 'NONE', *, *, #1868, .F. ) ;
#2661 = LINE ( 'NONE', #7637, #3823 ) ;
#2662 = DIRECTION ( 'NONE',  ( -0.000000000000000000, 1.000000000000000000, -0.000000000000000000 ) ) ;
#2663 = ADVANCED_FACE ( 'NONE', ( #7256 ), #6595, .F. ) ;
#2664 = ORIENTED_EDGE ( 'NONE', *, *, #8604, .T. ) ;
#2665 = CARTESIAN_POINT ( 'NONE',  ( -6.036500000000001975, 4.254999999999998117, -0.7500393700787405526 ) ) ;
#2666 = PLANE ( 'NONE',  #4401 ) ;
#2667 = VERTEX_POINT ( 'NONE', #6509 ) ;
#2668 = ORIENTED_EDGE ( 'NONE', *, *, #2170, .F. ) ;
#2669 = DIRECTION ( 'NONE',  ( 0.000000000000000000, 1.000000000000000000, 0.000000000000000000 ) ) ;
#2670 = ADVANCED_FACE ( 'NONE', ( #3056 ), #3008, .F. ) ;
#2671 = DIRECTION ( 'NONE',  ( 1.000000000000000000, -0.000000000000000000, -0.000000000000000000 ) ) ;
#2672 = EDGE_CURVE ( 'NONE', #8962, #1297, #6649, .T. ) ;
#2673 = DIRECTION ( 'NONE',  ( -0.000000000000000000, -0.000000000000000000, 1.000000000000000000 ) ) ;
#2674 = DIRECTION ( 'NONE',  ( -6.244223985518316914E-16, 1.000000000000000000, -0.000000000000000000 ) ) ;
#2675 = DIRECTION ( 'NONE',  ( 1.000000000000000000, -2.500547362621746538E-15, 0.000000000000000000 ) ) ;
#2676 = CYLINDRICAL_SURFACE ( 'NONE', #3289, 0.05200000000000001843 ) ;
#2677 = VERTEX_POINT ( 'NONE', #7210 ) ;
#2678 = CARTESIAN_POINT ( 'NONE',  ( -4.786500000000001975, 3.754999999999997673, 0.000000000000000000 ) ) ;
#2679 = ORIENTED_EDGE ( 'NONE', *, *, #5334, .F. ) ;
#2680 = AXIS2_PLACEMENT_3D ( 'NONE', #7601, #3277, #7557 ) ;
#2681 = VECTOR ( 'NONE', #2271, 39.37007874015748143 ) ;
#2682 = CARTESIAN_POINT ( 'NONE',  ( 8.720000000000000639, 6.944999999999996732, -0.4919999999999921658 ) ) ;
#2683 = VECTOR ( 'NONE', #3701, 39.37007874015748143 ) ;
#2684 = VECTOR ( 'NONE', #7507, 39.37007874015748143 ) ;
#2685 = VERTEX_POINT ( 'NONE', #2961 ) ;
#2686 = CARTESIAN_POINT ( 'NONE',  ( -6.661500000000001087, 2.254999999999998561, -0.06000000000000004635 ) ) ;
#2687 = VERTEX_POINT ( 'NONE', #2275 ) ;
#2688 = ORIENTED_EDGE ( 'NONE', *, *, #2049, .F. ) ;
#2689 = CARTESIAN_POINT ( 'NONE',  ( 8.470000000000000639, -10.90500000000000114, 3.474954960022483411E-14 ) ) ;
#2690 = ADVANCED_FACE ( 'NONE', ( #5095 ), #8678, .F. ) ;
#2691 = LINE ( 'NONE', #6799, #949 ) ;
#2692 = DIRECTION ( 'NONE',  ( -0.000000000000000000, -0.000000000000000000, 1.000000000000000000 ) ) ;
#2693 = ORIENTED_EDGE ( 'NONE', *, *, #1602, .T. ) ;
#2694 = CARTESIAN_POINT ( 'NONE',  ( -4.161500000000001087, 5.754999999999998117, -0.7500393700787405526 ) ) ;
#2695 = DIRECTION ( 'NONE',  ( 0.000000000000000000, -0.000000000000000000, -1.000000000000000000 ) ) ;
#2696 = AXIS2_PLACEMENT_3D ( 'NONE', #1493, #7762, #5565 ) ;
#2697 = DIRECTION ( 'NONE',  ( 0.000000000000000000, 0.000000000000000000, -1.000000000000000000 ) ) ;
#2698 = CARTESIAN_POINT ( 'NONE',  ( -6.036500000000001975, -4.245000000000002771, -0.06000000000000004635 ) ) ;
#2699 = ORIENTED_EDGE ( 'NONE', *, *, #414, .T. ) ;
#2700 = CARTESIAN_POINT ( 'NONE',  ( -1.661500000000000865, -1.745000000000001217, -0.06000000000000004635 ) ) ;
#2701 = ORIENTED_EDGE ( 'NONE', *, *, #6534, .F. ) ;
#2702 = ADVANCED_FACE ( 'NONE', ( #1582 ), #7897, .F. ) ;
#2703 = ADVANCED_FACE ( 'NONE', ( #3804 ), #976, .F. ) ;
#2704 = CARTESIAN_POINT ( 'NONE',  ( -0.4115000000000008096, 5.754999999999998117, -0.06000000000000004635 ) ) ;
#2705 = LINE ( 'NONE', #1369, #965 ) ;
#2706 = EDGE_LOOP ( 'NONE', ( #6123, #2658, #6522, #2735 ) ) ;
#2707 = CARTESIAN_POINT ( 'NONE',  ( -3.348500000000002697, 5.754999999999998117, 0.000000000000000000 ) ) ;
#2708 = ORIENTED_EDGE ( 'NONE', *, *, #4312, .F. ) ;
#2709 = CARTESIAN_POINT ( 'NONE',  ( -8.469999999999998863, -10.90500000000000469, -0.7500000000000001110 ) ) ;
#2710 = CARTESIAN_POINT ( 'NONE',  ( -6.661500000000001087, -1.745000000000001217, 0.000000000000000000 ) ) ;
#2711 = ORIENTED_EDGE ( 'NONE', *, *, #75, .T. ) ;
#2712 = VECTOR ( 'NONE', #4124, 39.37007874015748143 ) ;
#2713 = VERTEX_POINT ( 'NONE', #5186 ) ;
#2714 = FACE_OUTER_BOUND ( 'NONE', #4073, .T. ) ;
#2715 = ADVANCED_FACE ( 'NONE', ( #2232 ), #5140, .F. ) ;
#2716 = EDGE_CURVE ( 'NONE', #8406, #6367, #7295, .T. ) ;
#2717 = DIRECTION ( 'NONE',  ( 0.000000000000000000, 0.000000000000000000, -1.000000000000000000 ) ) ;
#2718 = CARTESIAN_POINT ( 'NONE',  ( -8.660000000000003695, -5.565000000000003944, -0.3880000000000471960 ) ) ;
#2719 = CARTESIAN_POINT ( 'NONE',  ( -6.661500000000001087, 1.754999999999998117, 0.000000000000000000 ) ) ;
#2720 = VECTOR ( 'NONE', #7997, 39.37007874015748143 ) ;
#2721 = EDGE_CURVE ( 'NONE', #1599, #3129, #841, .T. ) ;
#2722 = ORIENTED_EDGE ( 'NONE', *, *, #5997, .T. ) ;
#2723 = DIRECTION ( 'NONE',  ( -0.000000000000000000, -0.000000000000000000, 1.000000000000000000 ) ) ;
#2724 = DIRECTION ( 'NONE',  ( 0.000000000000000000, -1.000000000000000000, 0.000000000000000000 ) ) ;
#2725 = DIRECTION ( 'NONE',  ( -0.000000000000000000, -0.000000000000000000, 1.000000000000000000 ) ) ;
#2726 = CARTESIAN_POINT ( 'NONE',  ( -3.594000000000002526, -10.56500000000000128, -0.06000000000000004635 ) ) ;
#2727 = ORIENTED_EDGE ( 'NONE', *, *, #5488, .T. ) ;
#2728 = DIRECTION ( 'NONE',  ( 1.000000000000000000, 0.000000000000000000, 0.000000000000000000 ) ) ;
#2729 = ORIENTED_EDGE ( 'NONE', *, *, #7097, .F. ) ;
#2730 = EDGE_CURVE ( 'NONE', #997, #819, #889, .T. ) ;
#2731 = VECTOR ( 'NONE', #1353, 39.37007874015748143 ) ;
#2732 = ORIENTED_EDGE ( 'NONE', *, *, #284, .F. ) ;
#2733 = DIRECTION ( 'NONE',  ( 1.000000000000000000, -0.000000000000000000, 3.167359992654216647E-15 ) ) ;
#2734 = AXIS2_PLACEMENT_3D ( 'NONE', #2963, #7814, #7131 ) ;
#2735 = ORIENTED_EDGE ( 'NONE', *, *, #6628, .F. ) ;
#2736 = CARTESIAN_POINT ( 'NONE',  ( -1.036500000000001975, 7.754999999999997229, 0.000000000000000000 ) ) ;
#2737 = ORIENTED_EDGE ( 'NONE', *, *, #149, .F. ) ;
#2738 = ORIENTED_EDGE ( 'NONE', *, *, #9096, .T. ) ;
#2739 = FACE_OUTER_BOUND ( 'NONE', #4454, .T. ) ;
#2740 = DIRECTION ( 'NONE',  ( 1.000000000000000000, 0.000000000000000000, 0.000000000000000000 ) ) ;
#2741 = CARTESIAN_POINT ( 'NONE',  ( -8.660000000000003695, -6.945000000000003837, -0.4400000000000471867 ) ) ;
#2742 = VECTOR ( 'NONE', #2016, 39.37007874015748143 ) ;
#2743 = ORIENTED_EDGE ( 'NONE', *, *, #1092, .F. ) ;
#2744 = CARTESIAN_POINT ( 'NONE',  ( -4.786500000000001975, -7.745000000000001883, 0.000000000000000000 ) ) ;
#2745 = EDGE_CURVE ( 'NONE', #1348, #6934, #7856, .T. ) ;
#2746 = DIRECTION ( 'NONE',  ( 0.000000000000000000, -0.000000000000000000, -1.000000000000000000 ) ) ;
#2747 = DIRECTION ( 'NONE',  ( 0.000000000000000000, 1.000000000000000000, 0.000000000000000000 ) ) ;
#2748 = EDGE_LOOP ( 'NONE', ( #5288, #7128, #194, #7691 ) ) ;
#2749 = CARTESIAN_POINT ( 'NONE',  ( -1.473500000000001586, -3.745000000000001883, -0.06000000000000004635 ) ) ;
#2750 = VERTEX_POINT ( 'NONE', #3622 ) ;
#2751 = FACE_OUTER_BOUND ( 'NONE', #790, .T. ) ;
#2752 = VERTEX_POINT ( 'NONE', #4762 ) ;
#2753 = LINE ( 'NONE', #6898, #223 ) ;
#2754 = ORIENTED_EDGE ( 'NONE', *, *, #1950, .T. ) ;
#2755 = ADVANCED_FACE ( 'NONE', ( #8400 ), #6206, .F. ) ;
#2756 = VERTEX_POINT ( 'NONE', #8352 ) ;
#2757 = DIRECTION ( 'NONE',  ( -1.000000000000000000, -0.000000000000000000, -0.000000000000000000 ) ) ;
#2758 = DIRECTION ( 'NONE',  ( 1.000000000000000000, 0.000000000000000000, 3.167359992654217041E-15 ) ) ;
#2759 = ORIENTED_EDGE ( 'NONE', *, *, #6527, .T. ) ;
#2760 = ORIENTED_EDGE ( 'NONE', *, *, #5835, .F. ) ;
#2761 = VECTOR ( 'NONE', #3234, 39.37007874015748143 ) ;
#2762 = ORIENTED_EDGE ( 'NONE', *, *, #7618, .T. ) ;
#2763 = CARTESIAN_POINT ( 'NONE',  ( -0.4115000000000018643, -9.745000000000002771, -0.06000000000000004635 ) ) ;
#2764 = FACE_BOUND ( 'NONE', #1303, .T. ) ;
#2765 = PLANE ( 'NONE',  #7883 ) ;
#2766 = DIRECTION ( 'NONE',  ( 0.000000000000000000, 0.000000000000000000, -1.000000000000000000 ) ) ;
#2767 = AXIS2_PLACEMENT_3D ( 'NONE', #4663, #4022, #5412 ) ;
#2768 = EDGE_CURVE ( 'NONE', #7071, #1952, #6923, .T. ) ;
#2769 = DIRECTION ( 'NONE',  ( 0.000000000000000000, 0.000000000000000000, -1.000000000000000000 ) ) ;
#2770 = EDGE_CURVE ( 'NONE', #2687, #4723, #1338, .T. ) ;
#2771 = LINE ( 'NONE', #4113, #5316 ) ;
#2772 = DIRECTION ( 'NONE',  ( 0.000000000000000000, 0.000000000000000000, -1.000000000000000000 ) ) ;
#2773 = CARTESIAN_POINT ( 'NONE',  ( -2.286500000000001975, 0.2549999999999985056, -0.7500393700787405526 ) ) ;
#2774 = VECTOR ( 'NONE', #4516, 39.37007874015748143 ) ;
#2775 = ORIENTED_EDGE ( 'NONE', *, *, #4636, .T. ) ;
#2776 = DIRECTION ( 'NONE',  ( -0.000000000000000000, 1.000000000000000000, 0.000000000000000000 ) ) ;
#2777 = VERTEX_POINT ( 'NONE', #4155 ) ;
#2778 = ORIENTED_EDGE ( 'NONE', *, *, #186, .T. ) ;
#2779 = FACE_OUTER_BOUND ( 'NONE', #5988, .T. ) ;
#2780 = VECTOR ( 'NONE', #2724, 39.37007874015748143 ) ;
#2781 = AXIS2_PLACEMENT_3D ( 'NONE', #215, #3031, #3878 ) ;
#2782 = CARTESIAN_POINT ( 'NONE',  ( -3.973500000000001808, -3.745000000000001883, 0.000000000000000000 ) ) ;
#2783 = ADVANCED_FACE ( 'NONE', ( #4809 ), #7606, .F. ) ;
#2784 = VERTEX_POINT ( 'NONE', #3323 ) ;
#2785 = ORIENTED_EDGE ( 'NONE', *, *, #7312, .F. ) ;
#2786 = CARTESIAN_POINT ( 'NONE',  ( -2.911500000000001087, 2.254999999999998561, -0.7500393700787405526 ) ) ;
#2787 = CIRCLE ( 'NONE', #1001, 0.05200000000000001843 ) ;
#2788 = VECTOR ( 'NONE', #4616, 39.37007874015748143 ) ;
#2789 = EDGE_LOOP ( 'NONE', ( #1104, #6343, #4491, #2248 ) ) ;
#2790 = FACE_OUTER_BOUND ( 'NONE', #8779, .T. ) ;
#2791 = EDGE_CURVE ( 'NONE', #6827, #7200, #7010, .T. ) ;
#2792 = LINE ( 'NONE', #4961, #7785 ) ;
#2793 = CARTESIAN_POINT ( 'NONE',  ( -6.473500000000002252, -3.745000000000001883, -0.7500393700787405526 ) ) ;
#2794 = EDGE_LOOP ( 'NONE', ( #230, #4585, #5921, #6198 ) ) ;
#2795 = LINE ( 'NONE', #7766, #2292 ) ;
#2796 = VECTOR ( 'NONE', #7742, 39.37007874015748143 ) ;
#2797 = EDGE_CURVE ( 'NONE', #2643, #6142, #5460, .T. ) ;
#2798 = PRESENTATION_STYLE_ASSIGNMENT (( #5571 ) ) ;
#2799 = PLANE ( 'NONE',  #2636 ) ;
#2800 = VERTEX_POINT ( 'NONE', #1292 ) ;
#2801 = DIRECTION ( 'NONE',  ( 0.000000000000000000, 0.000000000000000000, 1.000000000000000000 ) ) ;
#2802 = VERTEX_POINT ( 'NONE', #642 ) ;
#2803 = DIRECTION ( 'NONE',  ( -1.000000000000000000, 0.000000000000000000, 0.000000000000000000 ) ) ;
#2804 = AXIS2_PLACEMENT_3D ( 'NONE', #8810, #2450, #1757 ) ;
#2805 = FACE_OUTER_BOUND ( 'NONE', #1403, .T. ) ;
#2806 = CYLINDRICAL_SURFACE ( 'NONE', #6908, 0.05999999999999990757 ) ;
#2807 = ORIENTED_EDGE ( 'NONE', *, *, #7549, .T. ) ;
#2808 = FACE_OUTER_BOUND ( 'NONE', #8954, .T. ) ;
#2809 = DIRECTION ( 'NONE',  ( 0.000000000000000000, -0.000000000000000000, 1.000000000000000000 ) ) ;
#2810 = DIRECTION ( 'NONE',  ( -0.000000000000000000, -0.000000000000000000, 1.000000000000000000 ) ) ;
#2811 = ORIENTED_EDGE ( 'NONE', *, *, #1876, .T. ) ;
#2812 = ORIENTED_EDGE ( 'NONE', *, *, #5355, .F. ) ;
#2813 = VERTEX_POINT ( 'NONE', #7654 ) ;
#2814 = EDGE_CURVE ( 'NONE', #6289, #6265, #6963, .T. ) ;
#2815 = CARTESIAN_POINT ( 'NONE',  ( -5.223500000000001364, 4.254999999999998117, 0.000000000000000000 ) ) ;
#2816 = LINE ( 'NONE', #9136, #871 ) ;
#2817 = EDGE_LOOP ( 'NONE', ( #4345, #4898, #2560, #6833 ) ) ;
#2818 = CARTESIAN_POINT ( 'NONE',  ( 8.470000000000000639, -10.90500000000000114, -0.1199999999999996209 ) ) ;
#2819 = CARTESIAN_POINT ( 'NONE',  ( -3.348500000000002697, 1.754999999999998117, -0.06000000000000004635 ) ) ;
#2820 = DIRECTION ( 'NONE',  ( -0.000000000000000000, -0.000000000000000000, 1.000000000000000000 ) ) ;
#2821 = DIRECTION ( 'NONE',  ( 0.000000000000000000, 0.000000000000000000, -1.000000000000000000 ) ) ;
#2822 = ORIENTED_EDGE ( 'NONE', *, *, #7618, .F. ) ;
#2823 = DIRECTION ( 'NONE',  ( -1.000000000000000000, 0.000000000000000000, 0.000000000000000000 ) ) ;
#2824 = VERTEX_POINT ( 'NONE', #9045 ) ;
#2825 = ADVANCED_FACE ( 'NONE', ( #8309 ), #4069, .F. ) ;
#2826 = EDGE_CURVE ( 'NONE', #6377, #6266, #3851, .T. ) ;
#2827 = CARTESIAN_POINT ( 'NONE',  ( -3.973500000000001808, 0.2549999999999985056, -0.06000000000000004635 ) ) ;
#2828 = LINE ( 'NONE', #2782, #7951 ) ;
#2829 = ORIENTED_EDGE ( 'NONE', *, *, #7363, .F. ) ;
#2830 = VERTEX_POINT ( 'NONE', #6693 ) ;
#2831 = LINE ( 'NONE', #7, #942 ) ;
#2832 = ORIENTED_EDGE ( 'NONE', *, *, #9090, .T. ) ;
#2833 = LINE ( 'NONE', #1309, #7168 ) ;
#2834 = EDGE_CURVE ( 'NONE', #5088, #2582, #8134, .T. ) ;
#2835 = CARTESIAN_POINT ( 'NONE',  ( 8.660000000000001918, 5.564999999999997726, -0.3879999999999923510 ) ) ;
#2836 = PLANE ( 'NONE',  #3422 ) ;
#2837 = ORIENTED_EDGE ( 'NONE', *, *, #6516, .F. ) ;
#2838 = AXIS2_PLACEMENT_3D ( 'NONE', #6448, #8618, #4251 ) ;
#2839 = VECTOR ( 'NONE', #4825, 39.37007874015748143 ) ;
#2840 = ADVANCED_FACE ( 'NONE', ( #6913 ), #2034, .F. ) ;
#2841 = ORIENTED_EDGE ( 'NONE', *, *, #8393, .F. ) ;
#2842 = DIRECTION ( 'NONE',  ( -2.500547362621746538E-15, -1.000000000000000000, 0.000000000000000000 ) ) ;
#2843 = ORIENTED_EDGE ( 'NONE', *, *, #3251, .T. ) ;
#2844 = DIRECTION ( 'NONE',  ( 0.000000000000000000, 1.000000000000000000, 0.000000000000000000 ) ) ;
#2845 = VECTOR ( 'NONE', #4753, 39.37007874015748143 ) ;
#2846 = VECTOR ( 'NONE', #8382, 39.37007874015748143 ) ;
#2847 = EDGE_CURVE ( 'NONE', #5421, #3563, #2462, .T. ) ;
#2848 = CARTESIAN_POINT ( 'NONE',  ( -6.661500000000001087, 1.754999999999998117, -0.06000000000000004635 ) ) ;
#2849 = DIRECTION ( 'NONE',  ( 0.000000000000000000, -0.000000000000000000, 1.000000000000000000 ) ) ;
#2850 = EDGE_LOOP ( 'NONE', ( #8590, #3788, #7913, #6374 ) ) ;
#2851 = CARTESIAN_POINT ( 'NONE',  ( -3.536500000000001975, 4.254999999999998117, -0.06000000000000004635 ) ) ;
#2852 = DIRECTION ( 'NONE',  ( 1.000000000000000000, 0.000000000000000000, 0.000000000000000000 ) ) ;
#2853 = AXIS2_PLACEMENT_3D ( 'NONE', #478, #9058, #6884 ) ;
#2854 = CARTESIAN_POINT ( 'NONE',  ( -3.348500000000002697, 6.254999999999999893, -0.7500393700787405526 ) ) ;
#2855 = EDGE_LOOP ( 'NONE', ( #5327, #5658, #7993, #7455 ) ) ;
#2856 = VERTEX_POINT ( 'NONE', #335 ) ;
#2857 = DIRECTION ( 'NONE',  ( -0.000000000000000000, -0.000000000000000000, 1.000000000000000000 ) ) ;
#2858 = CARTESIAN_POINT ( 'NONE',  ( -5.223500000000001364, 0.2549999999999985056, -0.7500393700787405526 ) ) ;
#2859 = CARTESIAN_POINT ( 'NONE',  ( -6.661500000000001087, -5.745000000000000995, -0.7500393700787405526 ) ) ;
#2860 = DIRECTION ( 'NONE',  ( 1.000000000000000000, -0.000000000000000000, 3.167359992654216647E-15 ) ) ;
#2861 = VERTEX_POINT ( 'NONE', #6254 ) ;
#2862 = DIRECTION ( 'NONE',  ( 1.000000000000000000, 0.000000000000000000, 0.000000000000000000 ) ) ;
#2863 = DIRECTION ( 'NONE',  ( 0.000000000000000000, 0.000000000000000000, -1.000000000000000000 ) ) ;
#2864 = LINE ( 'NONE', #4901, #4097 ) ;
#2865 = EDGE_CURVE ( 'NONE', #492, #7192, #3369, .T. ) ;
#2866 = ORIENTED_EDGE ( 'NONE', *, *, #1977, .T. ) ;
#2867 = CARTESIAN_POINT ( 'NONE',  ( -4.786500000000001975, -3.745000000000001883, 0.000000000000000000 ) ) ;
#2868 = ORIENTED_EDGE ( 'NONE', *, *, #5255, .T. ) ;
#2869 = VECTOR ( 'NONE', #2265, 39.37007874015748143 ) ;
#2870 = CARTESIAN_POINT ( 'NONE',  ( -7.098500000000003141, -2.245000000000001883, -0.7500393700787405526 ) ) ;
#2871 = EDGE_CURVE ( 'NONE', #3108, #8411, #3901, .T. ) ;
#2872 = VECTOR ( 'NONE', #6560, 39.37007874015748143 ) ;
#2873 = ORIENTED_EDGE ( 'NONE', *, *, #8016, .F. ) ;
#2874 = FACE_OUTER_BOUND ( 'NONE', #4316, .T. ) ;
#2875 = ORIENTED_EDGE ( 'NONE', *, *, #2915, .T. ) ;
#2876 = PLANE ( 'NONE',  #8782 ) ;
#2877 = DIRECTION ( 'NONE',  ( 0.000000000000000000, -0.000000000000000000, 1.000000000000000000 ) ) ;
#2878 = DIRECTION ( 'NONE',  ( 0.000000000000000000, 0.000000000000000000, 1.000000000000000000 ) ) ;
#2879 = EDGE_LOOP ( 'NONE', ( #3149, #7718, #4869, #2500 ) ) ;
#2880 = VECTOR ( 'NONE', #6643, 39.37007874015748143 ) ;
#2881 = ADVANCED_FACE ( 'NONE', ( #5549 ), #8085, .F. ) ;
#2882 = ADVANCED_FACE ( 'NONE', ( #8445 ), #5727, .F. ) ;
#2883 = ORIENTED_EDGE ( 'NONE', *, *, #3115, .T. ) ;
#2884 = FACE_OUTER_BOUND ( 'NONE', #4632, .T. ) ;
#2885 = VERTEX_POINT ( 'NONE', #2081 ) ;
#2886 = DIRECTION ( 'NONE',  ( -1.000000000000000000, -0.000000000000000000, -0.000000000000000000 ) ) ;
#2887 = PLANE ( 'NONE',  #4554 ) ;
#2888 = DIRECTION ( 'NONE',  ( 0.000000000000000000, -1.000000000000000000, 0.000000000000000000 ) ) ;
#2889 = ORIENTED_EDGE ( 'NONE', *, *, #209, .T. ) ;
#2890 = CARTESIAN_POINT ( 'NONE',  ( -5.223500000000001364, -0.2450000000000024380, -0.06000000000000004635 ) ) ;
#2891 = AXIS2_PLACEMENT_3D ( 'NONE', #1414, #5709, #7176 ) ;
#2892 = CARTESIAN_POINT ( 'NONE',  ( -3.348500000000002697, -2.245000000000001883, 0.000000000000000000 ) ) ;
#2893 = EDGE_CURVE ( 'NONE', #5291, #4162, #6356, .T. ) ;
#2894 = DIRECTION ( 'NONE',  ( -0.000000000000000000, -0.000000000000000000, 1.000000000000000000 ) ) ;
#2895 = ORIENTED_EDGE ( 'NONE', *, *, #4817, .F. ) ;
#2896 = VERTEX_POINT ( 'NONE', #6445 ) ;
#2897 = DIRECTION ( 'NONE',  ( -0.000000000000000000, -0.000000000000000000, 1.000000000000000000 ) ) ;
#2898 = CARTESIAN_POINT ( 'NONE',  ( -5.411500000000001087, -5.745000000000000995, 0.000000000000000000 ) ) ;
#2899 = CARTESIAN_POINT ( 'NONE',  ( -6.473500000000002252, 3.754999999999997673, 0.000000000000000000 ) ) ;
#2900 = ORIENTED_EDGE ( 'NONE', *, *, #4199, .F. ) ;
#2901 = CARTESIAN_POINT ( 'NONE',  ( -2.911500000000001087, 2.254999999999998561, -0.06000000000000004635 ) ) ;
#2902 = PLANE ( 'NONE',  #4866 ) ;
#2903 = CARTESIAN_POINT ( 'NONE',  ( -3.348500000000002697, 9.754999999999999005, -0.7500393700787405526 ) ) ;
#2904 = EDGE_LOOP ( 'NONE', ( #8330, #3066, #291, #1071 ) ) ;
#2905 = LINE ( 'NONE', #2131, #5352 ) ;
#2906 = VECTOR ( 'NONE', #5984, 39.37007874015748143 ) ;
#2907 = CARTESIAN_POINT ( 'NONE',  ( -8.475999999999997314, 10.78499999999999837, -0.06003937007874015491 ) ) ;
#2908 = ORIENTED_EDGE ( 'NONE', *, *, #8333, .F. ) ;
#2909 = LINE ( 'NONE', #8627, #2869 ) ;
#2910 = EDGE_LOOP ( 'NONE', ( #7360, #1295, #8536, #7909 ) ) ;
#2911 = PLANE ( 'NONE',  #5514 ) ;
#2912 = AXIS2_PLACEMENT_3D ( 'NONE', #8001, #4549, #5200 ) ;
#2913 = CARTESIAN_POINT ( 'NONE',  ( -5.848500000000003141, 1.754999999999998117, -0.06000000000000004635 ) ) ;
#2914 = CARTESIAN_POINT ( 'NONE',  ( -5.411500000000002863, 9.754999999999999005, 0.000000000000000000 ) ) ;
#2915 = EDGE_CURVE ( 'NONE', #6599, #2526, #9140, .T. ) ;
#2916 = ORIENTED_EDGE ( 'NONE', *, *, #805, .T. ) ;
#2917 = VECTOR ( 'NONE', #5538, 39.37007874015748143 ) ;
#2918 = DIRECTION ( 'NONE',  ( 1.000000000000000000, 0.000000000000000000, 0.000000000000000000 ) ) ;
#2919 = AXIS2_PLACEMENT_3D ( 'NONE', #2993, #8662, #6677 ) ;
#2920 = VERTEX_POINT ( 'NONE', #1521 ) ;
#2921 = LINE ( 'NONE', #5097, #372 ) ;
#2922 = ORIENTED_EDGE ( 'NONE', *, *, #961, .F. ) ;
#2923 = DIRECTION ( 'NONE',  ( 0.000000000000000000, 0.000000000000000000, -1.000000000000000000 ) ) ;
#2924 = DIRECTION ( 'NONE',  ( -1.000000000000000000, 0.000000000000000000, 0.000000000000000000 ) ) ;
#2925 = DIRECTION ( 'NONE',  ( -0.000000000000000000, 1.000000000000000000, 0.000000000000000000 ) ) ;
#2926 = ADVANCED_FACE ( 'NONE', ( #3512 ), #8576, .F. ) ;
#2927 = VERTEX_POINT ( 'NONE', #782 ) ;
#2928 = VECTOR ( 'NONE', #5809, 39.37007874015748143 ) ;
#2929 = VECTOR ( 'NONE', #446, 39.37007874015748143 ) ;
#2931 = EDGE_CURVE ( 'NONE', #8814, #6228, #2864, .T. ) ;
#2930 = LINE ( 'NONE', #8599, #6105 ) ;
#2932 = LINE ( 'NONE', #3680, #4388 ) ;
#2933 = LINE ( 'NONE', #3723, #7968 ) ;
#2934 = EDGE_LOOP ( 'NONE', ( #5536, #6557, #6783, #6622 ) ) ;
#2935 = VECTOR ( 'NONE', #6870, 39.37007874015748143 ) ;
#2936 = ORIENTED_EDGE ( 'NONE', *, *, #4476, .T. ) ;
#2938 = EDGE_CURVE ( 'NONE', #2207, #425, #8488, .T. ) ;
#2937 = DIRECTION ( 'NONE',  ( -0.000000000000000000, -0.000000000000000000, 1.000000000000000000 ) ) ;
#2939 = DIRECTION ( 'NONE',  ( 0.000000000000000000, 0.000000000000000000, 1.000000000000000000 ) ) ;
#2940 = LINE ( 'NONE', #1255, #4100 ) ;
#2941 = ORIENTED_EDGE ( 'NONE', *, *, #1418, .T. ) ;
#2942 = LINE ( 'NONE', #6395, #4396 ) ;
#2943 = DIRECTION ( 'NONE',  ( -1.000000000000000000, -0.000000000000000000, -0.000000000000000000 ) ) ;
#2944 = DIRECTION ( 'NONE',  ( 0.000000000000000000, 0.000000000000000000, 1.000000000000000000 ) ) ;
#2945 = EDGE_CURVE ( 'NONE', #7396, #4231, #8614, .T. ) ;
#2946 = ORIENTED_EDGE ( 'NONE', *, *, #9089, .F. ) ;
#2947 = CARTESIAN_POINT ( 'NONE',  ( -2.098500000000002697, -2.245000000000001883, -0.06000000000000004635 ) ) ;
#2948 = EDGE_CURVE ( 'NONE', #1906, #4494, #8989, .T. ) ;
#2949 = CARTESIAN_POINT ( 'NONE',  ( -3.536500000000001975, -3.745000000000001883, -0.7500393700787405526 ) ) ;
#2950 = CARTESIAN_POINT ( 'NONE',  ( -4.161500000000002863, 9.754999999999999005, -0.7500393700787405526 ) ) ;
#2951 = ORIENTED_EDGE ( 'NONE', *, *, #2721, .T. ) ;
#2952 = CARTESIAN_POINT ( 'NONE',  ( -6.661500000000001087, 1.754999999999998117, 0.000000000000000000 ) ) ;
#2953 = ORIENTED_EDGE ( 'NONE', *, *, #6869, .F. ) ;
#2954 = LINE ( 'NONE', #8542, #5816 ) ;
#2955 = ORIENTED_EDGE ( 'NONE', *, *, #7713, .F. ) ;
#2956 = DIRECTION ( 'NONE',  ( 0.000000000000000000, 0.000000000000000000, -1.000000000000000000 ) ) ;
#2957 = VECTOR ( 'NONE', #6967, 39.37007874015748143 ) ;
#2958 = PLANE ( 'NONE',  #1254 ) ;
#2959 = DIRECTION ( 'NONE',  ( -0.000000000000000000, -0.000000000000000000, 1.000000000000000000 ) ) ;
#2960 = ORIENTED_EDGE ( 'NONE', *, *, #5400, .T. ) ;
#2961 = CARTESIAN_POINT ( 'NONE',  ( 8.475999999999999091, 10.77899999999999636, 0.000000000000000000 ) ) ;
#2962 = EDGE_LOOP ( 'NONE', ( #4028, #7184, #5403, #8935 ) ) ;
#2963 = CARTESIAN_POINT ( 'NONE',  ( 8.469999999999997087, -10.78500000000000014, -0.1199999999999999956 ) ) ;
#2964 = EDGE_CURVE ( 'NONE', #3961, #6566, #5078, .T. ) ;
#2965 = ORIENTED_EDGE ( 'NONE', *, *, #5064, .F. ) ;
#2966 = CARTESIAN_POINT ( 'NONE',  ( -2.098500000000002697, 5.754999999999998117, -0.7500393700787405526 ) ) ;
#2967 = CARTESIAN_POINT ( 'NONE',  ( -5.848500000000003141, 5.754999999999998117, -0.06000000000000004635 ) ) ;
#2968 = CARTESIAN_POINT ( 'NONE',  ( -8.469999999999998863, -10.77899999999999991, -0.05999999999999901246 ) ) ;
#2969 = ORIENTED_EDGE ( 'NONE', *, *, #3324, .T. ) ;
#2970 = DIRECTION ( 'NONE',  ( 1.000000000000000000, 0.000000000000000000, 0.000000000000000000 ) ) ;
#2971 = AXIS2_PLACEMENT_3D ( 'NONE', #9060, #2692, #5388 ) ;
#2972 = CARTESIAN_POINT ( 'NONE',  ( -4.786500000000001975, -7.745000000000001883, -0.7500393700787405526 ) ) ;
#2973 = CARTESIAN_POINT ( 'NONE',  ( -2.098500000000002697, -5.745000000000000995, -0.7500393700787405526 ) ) ;
#2974 = ORIENTED_EDGE ( 'NONE', *, *, #3626, .T. ) ;
#2975 = DIRECTION ( 'NONE',  ( -0.000000000000000000, 1.000000000000000000, 0.000000000000000000 ) ) ;
#2976 = ADVANCED_FACE ( 'NONE', ( #6398 ), #4248, .F. ) ;
#2977 = VECTOR ( 'NONE', #2669, 39.37007874015748143 ) ;
#2978 = VECTOR ( 'NONE', #1234, 39.37007874015748143 ) ;
#2979 = ORIENTED_EDGE ( 'NONE', *, *, #5130, .T. ) ;
#2980 = ORIENTED_EDGE ( 'NONE', *, *, #4583, .T. ) ;
#2981 = DIRECTION ( 'NONE',  ( -0.000000000000000000, 1.000000000000000000, 0.000000000000000000 ) ) ;
#2982 = LINE ( 'NONE', #5720, #7839 ) ;
#2983 = CARTESIAN_POINT ( 'NONE',  ( -0.4115000000000029745, 9.754999999999999005, -0.06000000000000004635 ) ) ;
#2984 = VECTOR ( 'NONE', #2886, 39.37007874015748143 ) ;
#2985 = ORIENTED_EDGE ( 'NONE', *, *, #9061, .T. ) ;
#2986 = DIRECTION ( 'NONE',  ( 5.093503343866869770E-31, 1.000000000000000000, 3.169856808907805887E-15 ) ) ;
#2987 = DIRECTION ( 'NONE',  ( 1.000000000000000000, -0.000000000000000000, 0.000000000000000000 ) ) ;
#2988 = LINE ( 'NONE', #4657, #6778 ) ;
#2989 = EDGE_CURVE ( 'NONE', #5429, #477, #4382, .T. ) ;
#2990 = ADVANCED_FACE ( 'NONE', ( #1563 ), #1481, .F. ) ;
#2991 = ORIENTED_EDGE ( 'NONE', *, *, #389, .T. ) ;
#2992 = LINE ( 'NONE', #4431, #27 ) ;
#2993 = CARTESIAN_POINT ( 'NONE',  ( -1.473500000000001586, -7.745000000000001883, -0.7500393700787405526 ) ) ;
#2994 = VECTOR ( 'NONE', #6090, 39.37007874015748143 ) ;
#2995 = DIRECTION ( 'NONE',  ( -0.000000000000000000, 1.000000000000000000, 0.000000000000000000 ) ) ;
#2996 = ORIENTED_EDGE ( 'NONE', *, *, #4090, .T. ) ;
#2997 = FACE_OUTER_BOUND ( 'NONE', #2482, .T. ) ;
#2998 = EDGE_CURVE ( 'NONE', #2777, #2319, #5599, .T. ) ;
#2999 = EDGE_LOOP ( 'NONE', ( #2895, #9068, #6611, #4947 ) ) ;
#3000 = DIRECTION ( 'NONE',  ( 1.000000000000000000, 0.000000000000000000, 0.000000000000000000 ) ) ;
#3001 = ORIENTED_EDGE ( 'NONE', *, *, #7497, .T. ) ;
#3002 = VECTOR ( 'NONE', #970, 39.37007874015748143 ) ;
#3003 = FACE_OUTER_BOUND ( 'NONE', #3301, .T. ) ;
#3004 = DIRECTION ( 'NONE',  ( 1.000000000000000000, 0.000000000000000000, 3.167359992654217041E-15 ) ) ;
#3005 = CARTESIAN_POINT ( 'NONE',  ( -2.723500000000001808, 4.254999999999998117, -0.06000000000000004635 ) ) ;
#3006 = ORIENTED_EDGE ( 'NONE', *, *, #2158, .T. ) ;
#3007 = VECTOR ( 'NONE', #7446, 39.37007874015748143 ) ;
#3008 = CYLINDRICAL_SURFACE ( 'NONE', #5292, 0.1559999999999996390 ) ;
#3009 = EDGE_LOOP ( 'NONE', ( #3118, #2569, #6159, #1330 ) ) ;
#3010 = CARTESIAN_POINT ( 'NONE',  ( -1.661500000000000865, 6.254999999999999893, -0.06000000000000004635 ) ) ;
#3011 = VERTEX_POINT ( 'NONE', #1385 ) ;
#3012 = CARTESIAN_POINT ( 'NONE',  ( -6.036500000000001975, -0.2450000000000024380, -0.7500393700787405526 ) ) ;
#3013 = VECTOR ( 'NONE', #1069, 39.37007874015748143 ) ;
#3014 = DIRECTION ( 'NONE',  ( 0.000000000000000000, -1.000000000000000000, 0.000000000000000000 ) ) ;
#3015 = LINE ( 'NONE', #295, #6396 ) ;
#3016 = VERTEX_POINT ( 'NONE', #7191 ) ;
#3017 = CARTESIAN_POINT ( 'NONE',  ( -5.848500000000003141, -9.745000000000000995, 0.000000000000000000 ) ) ;
#3018 = EDGE_CURVE ( 'NONE', #937, #2885, #3645, .T. ) ;
#3019 = CARTESIAN_POINT ( 'NONE',  ( -4.161500000000001087, 6.254999999999999893, -0.7500393700787405526 ) ) ;
#3020 = DIRECTION ( 'NONE',  ( -0.000000000000000000, 0.000000000000000000, 1.000000000000000000 ) ) ;
#3021 = EDGE_LOOP ( 'NONE', ( #9017, #3669, #6700, #6230 ) ) ;
#3022 = FACE_OUTER_BOUND ( 'NONE', #8343, .T. ) ;
#3023 = ORIENTED_EDGE ( 'NONE', *, *, #7934, .F. ) ;
#3024 = EDGE_LOOP ( 'NONE', ( #338, #6351, #4843, #945 ) ) ;
#3025 = VERTEX_POINT ( 'NONE', #6490 ) ;
#3026 = LINE ( 'NONE', #6438, #622 ) ;
#3027 = AXIS2_PLACEMENT_3D ( 'NONE', #304, #5952, #1139 ) ;
#3028 = EDGE_CURVE ( 'NONE', #7528, #3041, #3648, .T. ) ;
#3029 = VECTOR ( 'NONE', #4403, 39.37007874015748143 ) ;
#3030 = ORIENTED_EDGE ( 'NONE', *, *, #380, .T. ) ;
#3031 = DIRECTION ( 'NONE',  ( 1.000000000000000000, -3.122111992759157471E-16, 0.000000000000000000 ) ) ;
#3032 = PLANE ( 'NONE',  #2208 ) ;
#3033 = PLANE ( 'NONE',  #1576 ) ;
#3034 = VECTOR ( 'NONE', #6938, 39.37007874015748143 ) ;
#3035 = DIRECTION ( 'NONE',  ( -0.000000000000000000, -0.000000000000000000, 1.000000000000000000 ) ) ;
#3036 = EDGE_CURVE ( 'NONE', #9077, #902, #7057, .T. ) ;
#3037 = PLANE ( 'NONE',  #3816 ) ;
#3038 = ADVANCED_FACE ( 'NONE', ( #1654 ), #5168, .F. ) ;
#3039 = EDGE_CURVE ( 'NONE', #8904, #1831, #8018, .T. ) ;
#3040 = CARTESIAN_POINT ( 'NONE',  ( -3.348500000000002697, -2.245000000000001883, 0.000000000000000000 ) ) ;
#3041 = VERTEX_POINT ( 'NONE', #5817 ) ;
#3042 = CARTESIAN_POINT ( 'NONE',  ( -5.411500000000001087, -6.245000000000001883, 0.000000000000000000 ) ) ;
#3043 = DIRECTION ( 'NONE',  ( -0.000000000000000000, -0.000000000000000000, 1.000000000000000000 ) ) ;
#3044 = ORIENTED_EDGE ( 'NONE', *, *, #6009, .F. ) ;
#3045 = CARTESIAN_POINT ( 'NONE',  ( 8.469999999999997087, -10.77899999999999991, -0.05999999999999901246 ) ) ;
#3046 = CARTESIAN_POINT ( 'NONE',  ( -6.473500000000002252, -0.2450000000000024380, -0.7500393700787405526 ) ) ;
#3047 = EDGE_LOOP ( 'NONE', ( #8458, #9108, #5466, #6851 ) ) ;
#3048 = AXIS2_PLACEMENT_3D ( 'NONE', #5119, #2442, #7322 ) ;
#3049 = CARTESIAN_POINT ( 'NONE',  ( -2.098500000000002697, 2.254999999999998561, -0.7500393700787405526 ) ) ;
#3050 = CARTESIAN_POINT ( 'NONE',  ( -6.473500000000002252, 4.254999999999998117, -0.06000000000000004635 ) ) ;
#3051 = DIRECTION ( 'NONE',  ( 0.000000000000000000, 0.000000000000000000, 1.000000000000000000 ) ) ;
#3052 = EDGE_LOOP ( 'NONE', ( #6856, #4037, #8332, #7563 ) ) ;
#3053 = AXIS2_PLACEMENT_3D ( 'NONE', #2640, #2251, #4243 ) ;
#3054 = EDGE_CURVE ( 'NONE', #5477, #2752, #6576, .T. ) ;
#3055 = VECTOR ( 'NONE', #88, 39.37007874015748143 ) ;
#3056 = FACE_OUTER_BOUND ( 'NONE', #3180, .T. ) ;
#3057 = ORIENTED_EDGE ( 'NONE', *, *, #4271, .F. ) ;
#3058 = DIRECTION ( 'NONE',  ( -0.000000000000000000, -0.000000000000000000, 1.000000000000000000 ) ) ;
#3059 = EDGE_CURVE ( 'NONE', #1140, #296, #3189, .T. ) ;
#3060 = AXIS2_PLACEMENT_3D ( 'NONE', #4324, #9178, #2809 ) ;
#3061 = VERTEX_POINT ( 'NONE', #4518 ) ;
#3062 = EDGE_LOOP ( 'NONE', ( #8470, #4220, #2542, #5749 ) ) ;
#3063 = DIRECTION ( 'NONE',  ( -0.000000000000000000, 0.000000000000000000, 1.000000000000000000 ) ) ;
#3064 = CARTESIAN_POINT ( 'NONE',  ( -5.848500000000003141, -9.745000000000000995, -0.06000000000000004635 ) ) ;
#3065 = CARTESIAN_POINT ( 'NONE',  ( -6.473500000000002252, 0.2549999999999985056, 0.000000000000000000 ) ) ;
#3066 = ORIENTED_EDGE ( 'NONE', *, *, #5608, .T. ) ;
#3067 = DIRECTION ( 'NONE',  ( -0.000000000000000000, -0.000000000000000000, 1.000000000000000000 ) ) ;
#3068 = EDGE_CURVE ( 'NONE', #6212, #2454, #8658, .T. ) ;
#3069 = VECTOR ( 'NONE', #8053, 39.37007874015748143 ) ;
#3070 = VECTOR ( 'NONE', #1336, 39.37007874015748143 ) ;
#3071 = PLANE ( 'NONE',  #6178 ) ;
#3072 = FACE_OUTER_BOUND ( 'NONE', #8524, .T. ) ;
#3073 = VERTEX_POINT ( 'NONE', #2346 ) ;
#3074 = FACE_OUTER_BOUND ( 'NONE', #8821, .T. ) ;
#3075 = ORIENTED_EDGE ( 'NONE', *, *, #1066, .F. ) ;
#3076 = AXIS2_PLACEMENT_3D ( 'NONE', #4004, #6892, #9027 ) ;
#3077 = AXIS2_PLACEMENT_3D ( 'NONE', #7891, #3705, #2359 ) ;
#3078 = VECTOR ( 'NONE', #3868, 39.37007874015748143 ) ;
#3079 = ORIENTED_EDGE ( 'NONE', *, *, #8268, .F. ) ;
#3080 = LINE ( 'NONE', #353, #7499 ) ;
#3081 = ORIENTED_EDGE ( 'NONE', *, *, #7768, .T. ) ;
#3082 = CARTESIAN_POINT ( 'NONE',  ( -0.4115000000000008096, -1.745000000000001217, -0.06000000000000004635 ) ) ;
#3083 = CARTESIAN_POINT ( 'NONE',  ( -4.161500000000001087, 6.254999999999999893, -0.000000000000000000 ) ) ;
#3084 = VERTEX_POINT ( 'NONE', #7966 ) ;
#3085 = DIRECTION ( 'NONE',  ( -1.000000000000000000, 0.000000000000000000, 0.000000000000000000 ) ) ;
#3086 = AXIS2_PLACEMENT_3D ( 'NONE', #5920, #1062, #7522 ) ;
#3087 = CARTESIAN_POINT ( 'NONE',  ( -6.473500000000002252, 0.2549999999999985056, 0.000000000000000000 ) ) ;
#3088 = DIRECTION ( 'NONE',  ( -1.000000000000000000, -0.000000000000000000, -0.000000000000000000 ) ) ;
#3089 = DIRECTION ( 'NONE',  ( -1.000000000000000000, -0.000000000000000000, -0.000000000000000000 ) ) ;
#3090 = EDGE_CURVE ( 'NONE', #6271, #4889, #5962, .T. ) ;
#3091 = VECTOR ( 'NONE', #2674, 39.37007874015748143 ) ;
#3092 = CARTESIAN_POINT ( 'NONE',  ( -2.723500000000001808, 7.754999999999997229, 0.000000000000000000 ) ) ;
#3093 = DIRECTION ( 'NONE',  ( -1.000000000000000000, 0.000000000000000000, 0.000000000000000000 ) ) ;
#3094 = ORIENTED_EDGE ( 'NONE', *, *, #3068, .F. ) ;
#3095 = CARTESIAN_POINT ( 'NONE',  ( -2.723500000000001808, -3.745000000000001883, -0.06000000000000004635 ) ) ;
#3096 = CARTESIAN_POINT ( 'NONE',  ( -8.720000000000002416, -10.78500000000000192, 2.782886801627536650E-14 ) ) ;
#3097 = EDGE_LOOP ( 'NONE', ( #381, #7633, #7298, #1976 ) ) ;
#3098 = DIRECTION ( 'NONE',  ( 0.000000000000000000, 0.000000000000000000, 1.000000000000000000 ) ) ;
#3099 = DIRECTION ( 'NONE',  ( 0.000000000000000000, 0.000000000000000000, -1.000000000000000000 ) ) ;
#3100 = EDGE_CURVE ( 'NONE', #5751, #9154, #1612, .T. ) ;
#3101 = EDGE_LOOP ( 'NONE', ( #1040, #1045, #5219, #7943 ) ) ;
#3102 = EDGE_CURVE ( 'NONE', #8080, #2685, #5910, .T. ) ;
#3103 = LINE ( 'NONE', #3659, #785 ) ;
#3104 = DIRECTION ( 'NONE',  ( -0.000000000000000000, -0.000000000000000000, 1.000000000000000000 ) ) ;
#3105 = CARTESIAN_POINT ( 'NONE',  ( -1.036500000000001975, -7.745000000000001883, -0.06000000000000004635 ) ) ;
#3106 = ORIENTED_EDGE ( 'NONE', *, *, #5981, .F. ) ;
#3107 = CARTESIAN_POINT ( 'NONE',  ( -5.848500000000003141, -5.745000000000000995, -0.06000000000000004635 ) ) ;
#3108 = VERTEX_POINT ( 'NONE', #8159 ) ;
#3109 = CARTESIAN_POINT ( 'NONE',  ( 8.719999999999998863, -10.78500000000000192, -0.1199999999999985384 ) ) ;
#3110 = EDGE_CURVE ( 'NONE', #4494, #1906, #8848, .T. ) ;
#3111 = VECTOR ( 'NONE', #8125, 39.37007874015748143 ) ;
#3112 = EDGE_LOOP ( 'NONE', ( #869, #7234, #2953, #4509 ) ) ;
#3113 = ADVANCED_FACE ( 'NONE', ( #1746, #2488, #7369, #913, #1051 ), #1000, .F. ) ;
#3114 = ORIENTED_EDGE ( 'NONE', *, *, #6312, .T. ) ;
#3115 = EDGE_CURVE ( 'NONE', #2235, #2687, #398, .T. ) ;
#3116 = DIRECTION ( 'NONE',  ( -0.000000000000000000, -0.000000000000000000, 1.000000000000000000 ) ) ;
#3117 = CARTESIAN_POINT ( 'NONE',  ( -2.098500000000002697, -2.245000000000001883, -0.7500393700787405526 ) ) ;
#3118 = ORIENTED_EDGE ( 'NONE', *, *, #7121, .F. ) ;
#3119 = CARTESIAN_POINT ( 'NONE',  ( -0.4115000000000018643, -9.745000000000002771, -0.06000000000000004635 ) ) ;
#3120 = EDGE_CURVE ( 'NONE', #1284, #3296, #6015, .T. ) ;
#3121 = DIRECTION ( 'NONE',  ( 0.000000000000000000, 0.000000000000000000, -1.000000000000000000 ) ) ;
#3122 = DIRECTION ( 'NONE',  ( -0.000000000000000000, 0.000000000000000000, 1.000000000000000000 ) ) ;
#3123 = ORIENTED_EDGE ( 'NONE', *, *, #887, .F. ) ;
#3124 = LINE ( 'NONE', #5253, #2994 ) ;
#3125 = ORIENTED_EDGE ( 'NONE', *, *, #465, .F. ) ;
#3126 = EDGE_CURVE ( 'NONE', #5650, #6849, #8849, .T. ) ;
#3127 = VECTOR ( 'NONE', #7468, 39.37007874015748143 ) ;
#3128 = AXIS2_PLACEMENT_3D ( 'NONE', #6039, #197, #245 ) ;
#3129 = VERTEX_POINT ( 'NONE', #3737 ) ;
#3130 = ORIENTED_EDGE ( 'NONE', *, *, #3679, .T. ) ;
#3131 = CARTESIAN_POINT ( 'NONE',  ( -8.720000000000002416, 10.78499999999999837, -0.05999999999999999778 ) ) ;
#3132 = LINE ( 'NONE', #6615, #1442 ) ;
#3133 = ORIENTED_EDGE ( 'NONE', *, *, #7065, .F. ) ;
#3134 = VECTOR ( 'NONE', #1895, 39.37007874015748143 ) ;
#3135 = LINE ( 'NONE', #5959, #1596 ) ;
#3136 = AXIS2_PLACEMENT_3D ( 'NONE', #3412, #3459, #5335 ) ;
#3137 = CARTESIAN_POINT ( 'NONE',  ( -8.720000000000004192, -5.565000000000003944, -0.4400000000000474087 ) ) ;
#3138 = DIRECTION ( 'NONE',  ( 1.000000000000000000, -0.000000000000000000, 3.167359992654216647E-15 ) ) ;
#3139 = ORIENTED_EDGE ( 'NONE', *, *, #8916, .F. ) ;
#3140 = CARTESIAN_POINT ( 'NONE',  ( -4.786500000000001975, 4.254999999999998117, -0.06000000000000004635 ) ) ;
#3141 = AXIS2_PLACEMENT_3D ( 'NONE', #3257, #8879, #6081 ) ;
#3142 = CARTESIAN_POINT ( 'NONE',  ( -1.661500000000000865, -1.745000000000001217, 0.000000000000000000 ) ) ;
#3143 = ORIENTED_EDGE ( 'NONE', *, *, #8681, .T. ) ;
#3144 = FACE_OUTER_BOUND ( 'NONE', #2598, .T. ) ;
#3145 = CARTESIAN_POINT ( 'NONE',  ( -8.475999999999999091, -10.78500000000000192, 0.000000000000000000 ) ) ;
#3146 = ORIENTED_EDGE ( 'NONE', *, *, #7616, .T. ) ;
#3147 = LINE ( 'NONE', #5175, #8774 ) ;
#3148 = VECTOR ( 'NONE', #2142, 39.37007874015748143 ) ;
#3149 = ORIENTED_EDGE ( 'NONE', *, *, #3370, .F. ) ;
#3150 = CARTESIAN_POINT ( 'NONE',  ( -6.661500000000001087, 6.254999999999999893, -0.06000000000000004635 ) ) ;
#3151 = CARTESIAN_POINT ( 'NONE',  ( 2.343999999999998973, 10.56499999999999773, 0.000000000000000000 ) ) ;
#3152 = ORIENTED_EDGE ( 'NONE', *, *, #3225, .F. ) ;
#3153 = FACE_BOUND ( 'NONE', #2040, .T. ) ;
#3154 = LINE ( 'NONE', #8082, #6896 ) ;
#3155 = CARTESIAN_POINT ( 'NONE',  ( -8.720000000000004192, -6.945000000000003837, -0.4920000000000474549 ) ) ;
#3156 = ORIENTED_EDGE ( 'NONE', *, *, #5718, .F. ) ;
#3157 = ADVANCED_FACE ( 'NONE', ( #8804 ), #3033, .F. ) ;
#3158 = CARTESIAN_POINT ( 'NONE',  ( -8.720000000000004192, -6.945000000000003837, -0.3880000000000474181 ) ) ;
#3159 = VECTOR ( 'NONE', #5693, 39.37007874015748143 ) ;
#3160 = ORIENTED_EDGE ( 'NONE', *, *, #3503, .T. ) ;
#3161 = CARTESIAN_POINT ( 'NONE',  ( -2.723500000000001808, 7.754999999999997229, 0.000000000000000000 ) ) ;
#3162 = VERTEX_POINT ( 'NONE', #5860 ) ;
#3163 = CARTESIAN_POINT ( 'NONE',  ( -0.8485000000000026965, 9.754999999999999005, -0.7500393700787405526 ) ) ;
#3164 = EDGE_CURVE ( 'NONE', #861, #8840, #8706, .T. ) ;
#3165 = CARTESIAN_POINT ( 'NONE',  ( -3.750000000000002220, 10.56499999999999773, 0.000000000000000000 ) ) ;
#3166 = LINE ( 'NONE', #5992, #8918 ) ;
#3167 = ORIENTED_EDGE ( 'NONE', *, *, #53, .F. ) ;
#3168 = DIRECTION ( 'NONE',  ( 0.000000000000000000, -1.000000000000000000, 0.000000000000000000 ) ) ;
#3169 = CARTESIAN_POINT ( 'NONE',  ( -2.723500000000001808, 0.2549999999999985056, -0.7500393700787405526 ) ) ;
#3170 = EDGE_CURVE ( 'NONE', #470, #740, #2988, .T. ) ;
#3171 = EDGE_CURVE ( 'NONE', #7751, #3429, #1841, .T. ) ;
#3172 = FACE_OUTER_BOUND ( 'NONE', #4930, .T. ) ;
#3173 = CARTESIAN_POINT ( 'NONE',  ( -8.720000000000002416, -10.78500000000000192, -0.1199999999999996209 ) ) ;
#3174 = ORIENTED_EDGE ( 'NONE', *, *, #7767, .F. ) ;
#3175 = PLANE ( 'NONE',  #6955 ) ;
#3176 = ORIENTED_EDGE ( 'NONE', *, *, #1150, .T. ) ;
#3177 = CIRCLE ( 'NONE', #1696, 0.05200000000000001843 ) ;
#3178 = ORIENTED_EDGE ( 'NONE', *, *, #6049, .T. ) ;
#3179 = CARTESIAN_POINT ( 'NONE',  ( -5.411500000000001087, 6.254999999999999893, -0.06000000000000004635 ) ) ;
#3180 = EDGE_LOOP ( 'NONE', ( #865, #4136, #6761, #8947 ) ) ;
#3181 = DIRECTION ( 'NONE',  ( 0.000000000000000000, -0.000000000000000000, -1.000000000000000000 ) ) ;
#3182 = CYLINDRICAL_SURFACE ( 'NONE', #1888, 0.05200000000000001843 ) ;
#3183 = EDGE_CURVE ( 'NONE', #2218, #3254, #9146, .T. ) ;
#3184 = ADVANCED_FACE ( 'NONE', ( #3929 ), #2535, .F. ) ;
#3185 = AXIS2_PLACEMENT_3D ( 'NONE', #4360, #6424, #6378 ) ;
#3186 = ORIENTED_EDGE ( 'NONE', *, *, #5664, .F. ) ;
#3187 = DIRECTION ( 'NONE',  ( -0.000000000000000000, -0.000000000000000000, 1.000000000000000000 ) ) ;
#3188 = LINE ( 'NONE', #8158, #2917 ) ;
#3189 = LINE ( 'NONE', #8754, #2031 ) ;
#3190 = ORIENTED_EDGE ( 'NONE', *, *, #7266, .F. ) ;
#3191 = PLANE ( 'NONE',  #4303 ) ;
#3192 = VECTOR ( 'NONE', #4876, 39.37007874015748143 ) ;
#3193 = DIRECTION ( 'NONE',  ( -1.000000000000000000, 0.000000000000000000, 0.000000000000000000 ) ) ;
#3194 = ORIENTED_EDGE ( 'NONE', *, *, #829, .F. ) ;
#3195 = PLANE ( 'NONE',  #4386 ) ;
#3196 = DIRECTION ( 'NONE',  ( 0.000000000000000000, 1.000000000000000000, 0.000000000000000000 ) ) ;
#3197 = AXIS2_PLACEMENT_3D ( 'NONE', #8146, #1961, #8235 ) ;
#3198 = EDGE_LOOP ( 'NONE', ( #6987, #5304, #7272, #1465 ) ) ;
#3199 = DIRECTION ( 'NONE',  ( -0.000000000000000000, -1.000000000000000000, -0.000000000000000000 ) ) ;
#3200 = ORIENTED_EDGE ( 'NONE', *, *, #1129, .T. ) ;
#3201 = DIRECTION ( 'NONE',  ( 0.000000000000000000, -0.000000000000000000, -1.000000000000000000 ) ) ;
#3202 = DIRECTION ( 'NONE',  ( -0.000000000000000000, -0.000000000000000000, 1.000000000000000000 ) ) ;
#3203 = ORIENTED_EDGE ( 'NONE', *, *, #8724, .F. ) ;
#3204 = FACE_BOUND ( 'NONE', #89, .T. ) ;
#3205 = CARTESIAN_POINT ( 'NONE',  ( -1.661500000000000865, -5.745000000000000995, 0.000000000000000000 ) ) ;
#3206 = ORIENTED_EDGE ( 'NONE', *, *, #1198, .F. ) ;
#3207 = EDGE_CURVE ( 'NONE', #3852, #1060, #4299, .T. ) ;
#3208 = VECTOR ( 'NONE', #7701, 39.37007874015748143 ) ;
#3209 = ORIENTED_EDGE ( 'NONE', *, *, #8228, .F. ) ;
#3210 = DIRECTION ( 'NONE',  ( 0.000000000000000000, -0.000000000000000000, -1.000000000000000000 ) ) ;
#3211 = ORIENTED_EDGE ( 'NONE', *, *, #4912, .T. ) ;
#3212 = CARTESIAN_POINT ( 'NONE',  ( -0.8485000000000026965, -1.745000000000001217, -0.7500393700787405526 ) ) ;
#3213 = ADVANCED_FACE ( 'NONE', ( #2223 ), #7118, .F. ) ;
#3214 = CARTESIAN_POINT ( 'NONE',  ( -3.348500000000002697, -5.745000000000000995, -0.7500393700787405526 ) ) ;
#3215 = VERTEX_POINT ( 'NONE', #4 ) ;
#3216 = LINE ( 'NONE', #3390, #8875 ) ;
#3217 = VECTOR ( 'NONE', #2449, 39.37007874015748143 ) ;
#3218 = DIRECTION ( 'NONE',  ( -0.000000000000000000, -0.000000000000000000, 1.000000000000000000 ) ) ;
#3219 = VECTOR ( 'NONE', #3218, 39.37007874015748143 ) ;
#3220 = CARTESIAN_POINT ( 'NONE',  ( 8.475999999999997314, -10.78500000000000192, -0.05999999999999999778 ) ) ;
#3221 = ORIENTED_EDGE ( 'NONE', *, *, #3120, .F. ) ;
#3222 = CARTESIAN_POINT ( 'NONE',  ( -5.223500000000001364, 4.254999999999998117, 0.000000000000000000 ) ) ;
#3223 = ORIENTED_EDGE ( 'NONE', *, *, #2362, .T. ) ;
#3224 = EDGE_CURVE ( 'NONE', #6510, #4440, #2828, .T. ) ;
#3225 = EDGE_CURVE ( 'NONE', #969, #7200, #3947, .T. ) ;
#3226 = EDGE_LOOP ( 'NONE', ( #5994, #7627, #3075, #1939 ) ) ;
#3227 = DIRECTION ( 'NONE',  ( 0.000000000000000000, 1.000000000000000000, 0.000000000000000000 ) ) ;
#3228 = VECTOR ( 'NONE', #7875, 39.37007874015748143 ) ;
#3229 = ORIENTED_EDGE ( 'NONE', *, *, #8191, .T. ) ;
#3230 = CARTESIAN_POINT ( 'NONE',  ( -3.348500000000002697, 5.754999999999998117, -0.7500393700787405526 ) ) ;
#3231 = ORIENTED_EDGE ( 'NONE', *, *, #1317, .T. ) ;
#3232 = LINE ( 'NONE', #1282, #7958 ) ;
#3233 = LINE ( 'NONE', #8898, #6043 ) ;
#3234 = DIRECTION ( 'NONE',  ( 1.000000000000000000, 0.000000000000000000, 0.000000000000000000 ) ) ;
#3235 = VECTOR ( 'NONE', #7953, 39.37007874015748143 ) ;
#3236 = VECTOR ( 'NONE', #8116, 39.37007874015748143 ) ;
#3237 = CARTESIAN_POINT ( 'NONE',  ( -6.036500000000001975, -7.745000000000001883, -0.06000000000000004635 ) ) ;
#3238 = ADVANCED_FACE ( 'NONE', ( #5085 ), #4344, .F. ) ;
#3239 = DIRECTION ( 'NONE',  ( -0.000000000000000000, -0.000000000000000000, 1.000000000000000000 ) ) ;
#3240 = VECTOR ( 'NONE', #2652, 39.37007874015748143 ) ;
#3241 = EDGE_CURVE ( 'NONE', #3700, #5190, #7801, .T. ) ;
#3242 = ORIENTED_EDGE ( 'NONE', *, *, #3028, .T. ) ;
#3243 = LINE ( 'NONE', #3415, #1147 ) ;
#3244 = FACE_OUTER_BOUND ( 'NONE', #3357, .T. ) ;
#3245 = LINE ( 'NONE', #8214, #2397 ) ;
#3246 = EDGE_LOOP ( 'NONE', ( #606, #199, #6455, #261 ) ) ;
#3247 = CARTESIAN_POINT ( 'NONE',  ( -3.348500000000002697, -1.745000000000001217, -0.7500393700787405526 ) ) ;
#3248 = CARTESIAN_POINT ( 'NONE',  ( -4.786500000000001975, 4.254999999999998117, -0.06000000000000004635 ) ) ;
#3249 = AXIS2_PLACEMENT_3D ( 'NONE', #369, #2499, #1110 ) ;
#3250 = VERTEX_POINT ( 'NONE', #6406 ) ;
#3251 = EDGE_CURVE ( 'NONE', #538, #2303, #6497, .T. ) ;
#3252 = FACE_BOUND ( 'NONE', #3611, .T. ) ;
#3253 = DIRECTION ( 'NONE',  ( 0.000000000000000000, -1.000000000000000000, 0.000000000000000000 ) ) ;
#3254 = VERTEX_POINT ( 'NONE', #7756 ) ;
#3255 = DIRECTION ( 'NONE',  ( -1.000000000000000000, -2.037401337546747908E-30, 3.169856808907805887E-15 ) ) ;
#3256 = ORIENTED_EDGE ( 'NONE', *, *, #5777, .T. ) ;
#3257 = CARTESIAN_POINT ( 'NONE',  ( -5.848500000000003141, -6.245000000000001883, -0.7500393700787405526 ) ) ;
#3258 = CARTESIAN_POINT ( 'NONE',  ( -3.973500000000001808, -3.745000000000001883, -0.7500393700787405526 ) ) ;
#3259 = PLANE ( 'NONE',  #8757 ) ;
#3260 = ORIENTED_EDGE ( 'NONE', *, *, #8950, .T. ) ;
#3261 = LINE ( 'NONE', #7429, #2202 ) ;
#3262 = LINE ( 'NONE', #2424, #8383 ) ;
#3263 = EDGE_CURVE ( 'NONE', #6849, #7707, #5778, .T. ) ;
#3264 = DIRECTION ( 'NONE',  ( 1.000000000000000000, -0.000000000000000000, 0.000000000000000000 ) ) ;
#3265 = CARTESIAN_POINT ( 'NONE',  ( -4.598500000000003141, -2.245000000000001883, -0.06000000000000004635 ) ) ;
#3266 = ORIENTED_EDGE ( 'NONE', *, *, #3171, .T. ) ;
#3267 = FACE_OUTER_BOUND ( 'NONE', #4095, .T. ) ;
#3268 = ORIENTED_EDGE ( 'NONE', *, *, #7363, .T. ) ;
#3269 = ORIENTED_EDGE ( 'NONE', *, *, #9142, .T. ) ;
#3270 = PLANE ( 'NONE',  #6760 ) ;
#3271 = EDGE_LOOP ( 'NONE', ( #3211, #6156, #5415, #8826 ) ) ;
#3272 = CARTESIAN_POINT ( 'NONE',  ( -4.161500000000001975, -9.745000000000002771, 0.000000000000000000 ) ) ;
#3273 = ADVANCED_FACE ( 'NONE', ( #8582 ), #7926, .F. ) ;
#3274 = EDGE_LOOP ( 'NONE', ( #3414, #5437, #4290, #4578 ) ) ;
#3275 = CARTESIAN_POINT ( 'NONE',  ( -5.848500000000003141, -2.245000000000001883, 0.000000000000000000 ) ) ;
#3276 = DIRECTION ( 'NONE',  ( -1.000000000000000000, 0.000000000000000000, 0.000000000000000000 ) ) ;
#3277 = DIRECTION ( 'NONE',  ( 0.000000000000000000, -1.000000000000000000, 0.000000000000000000 ) ) ;
#3278 = LINE ( 'NONE', #8161, #2050 ) ;
#3279 = AXIS2_PLACEMENT_3D ( 'NONE', #5232, #4534, #5881 ) ;
#3280 = EDGE_CURVE ( 'NONE', #1219, #8932, #8622, .T. ) ;
#3281 = EDGE_LOOP ( 'NONE', ( #2119, #383, #4279, #1148 ) ) ;
#3282 = LINE ( 'NONE', #5459, #5122 ) ;
#3283 = EDGE_CURVE ( 'NONE', #1199, #6994, #8539, .T. ) ;
#3284 = DIRECTION ( 'NONE',  ( 1.000000000000000000, 0.000000000000000000, 0.000000000000000000 ) ) ;
#3285 = CARTESIAN_POINT ( 'NONE',  ( -1.473500000000001586, -7.745000000000001883, -0.06000000000000004635 ) ) ;
#3286 = EDGE_CURVE ( 'NONE', #476, #7279, #2180, .T. ) ;
#3287 = ORIENTED_EDGE ( 'NONE', *, *, #7739, .F. ) ;
#3288 = CARTESIAN_POINT ( 'NONE',  ( -7.098500000000003141, 6.254999999999999893, 0.000000000000000000 ) ) ;
#3289 = AXIS2_PLACEMENT_3D ( 'NONE', #6830, #1160, #6112 ) ;
#3290 = ORIENTED_EDGE ( 'NONE', *, *, #7832, .F. ) ;
#3291 = VECTOR ( 'NONE', #1695, 39.37007874015748143 ) ;
#3292 = PLANE ( 'NONE',  #4404 ) ;
#3293 = ORIENTED_EDGE ( 'NONE', *, *, #6629, .F. ) ;
#3294 = VECTOR ( 'NONE', #1365, 39.37007874015748143 ) ;
#3295 = ADVANCED_FACE ( 'NONE', ( #7885 ), #5001, .F. ) ;
#3296 = VERTEX_POINT ( 'NONE', #1488 ) ;
#3297 = DIRECTION ( 'NONE',  ( 0.000000000000000000, -0.000000000000000000, -1.000000000000000000 ) ) ;
#3298 = ORIENTED_EDGE ( 'NONE', *, *, #2437, .F. ) ;
#3299 = FACE_OUTER_BOUND ( 'NONE', #6394, .T. ) ;
#3300 = LINE ( 'NONE', #5428, #1207 ) ;
#3301 = EDGE_LOOP ( 'NONE', ( #8077, #8670, #6309, #4840 ) ) ;
#3302 = CARTESIAN_POINT ( 'NONE',  ( -7.098500000000003141, -9.745000000000000995, 0.000000000000000000 ) ) ;
#3303 = FACE_BOUND ( 'NONE', #8425, .T. ) ;
#3304 = DIRECTION ( 'NONE',  ( 0.000000000000000000, 1.000000000000000000, 0.000000000000000000 ) ) ;
#3305 = CARTESIAN_POINT ( 'NONE',  ( -2.098500000000002697, 2.254999999999998561, 0.000000000000000000 ) ) ;
#3306 = VERTEX_POINT ( 'NONE', #3610 ) ;
#3307 = DIRECTION ( 'NONE',  ( -3.167359992654217435E-15, -6.334719985308435660E-15, -1.000000000000000000 ) ) ;
#3308 = ORIENTED_EDGE ( 'NONE', *, *, #5608, .F. ) ;
#3309 = VECTOR ( 'NONE', #193, 39.37007874015748143 ) ;
#3310 = ORIENTED_EDGE ( 'NONE', *, *, #7616, .F. ) ;
#3311 = DIRECTION ( 'NONE',  ( 1.000000000000000000, 0.000000000000000000, 0.000000000000000000 ) ) ;
#3312 = ORIENTED_EDGE ( 'NONE', *, *, #3329, .T. ) ;
#3313 = LINE ( 'NONE', #5447, #1222 ) ;
#3314 = CARTESIAN_POINT ( 'NONE',  ( 8.470000000000000639, 10.84499999999999886, -0.7500000000000002220 ) ) ;
#3316 = VECTOR ( 'NONE', #2561, 39.37007874015748143 ) ;
#3315 = LINE ( 'NONE', #5154, #2489 ) ;
#3317 = DIRECTION ( 'NONE',  ( -1.000000000000000000, 0.000000000000000000, 0.000000000000000000 ) ) ;
#3318 = EDGE_CURVE ( 'NONE', #8084, #3342, #5043, .T. ) ;
#3319 = CARTESIAN_POINT ( 'NONE',  ( -8.720000000000004192, -6.945000000000003837, -0.4400000000000474087 ) ) ;
#3320 = EDGE_LOOP ( 'NONE', ( #9115, #5014, #166, #5424 ) ) ;
#3321 = CARTESIAN_POINT ( 'NONE',  ( -4.786500000000001975, 4.254999999999998117, 0.000000000000000000 ) ) ;
#3322 = CARTESIAN_POINT ( 'NONE',  ( -4.598500000000003141, 2.254999999999998561, -0.06000000000000004635 ) ) ;
#3323 = CARTESIAN_POINT ( 'NONE',  ( -0.4115000000000008096, -6.245000000000001883, -0.06000000000000004635 ) ) ;
#3324 = EDGE_CURVE ( 'NONE', #49, #1258, #5734, .T. ) ;
#3325 = FACE_OUTER_BOUND ( 'NONE', #6113, .T. ) ;
#3326 = ORIENTED_EDGE ( 'NONE', *, *, #4969, .T. ) ;
#3327 = CARTESIAN_POINT ( 'NONE',  ( -0.4115000000000008096, -5.745000000000000995, -0.06000000000000004635 ) ) ;
#3328 = ORIENTED_EDGE ( 'NONE', *, *, #1143, .F. ) ;
#3329 = EDGE_CURVE ( 'NONE', #2078, #308, #828, .T. ) ;
#3330 = EDGE_CURVE ( 'NONE', #1190, #997, #3840, .T. ) ;
#3331 = ORIENTED_EDGE ( 'NONE', *, *, #613, .F. ) ;
#3332 = CARTESIAN_POINT ( 'NONE',  ( -3.348500000000002697, -9.745000000000000995, -0.7500393700787405526 ) ) ;
#3333 = VECTOR ( 'NONE', #3067, 39.37007874015748143 ) ;
#3334 = ORIENTED_EDGE ( 'NONE', *, *, #7039, .F. ) ;
#3335 = LINE ( 'NONE', #5613, #6729 ) ;
#3336 = EDGE_LOOP ( 'NONE', ( #1394, #1924, #8871, #2051 ) ) ;
#3337 = ORIENTED_EDGE ( 'NONE', *, *, #1968, .T. ) ;
#3338 = DIRECTION ( 'NONE',  ( 0.000000000000000000, 3.167359992654217435E-15, 1.000000000000000000 ) ) ;
#3339 = ADVANCED_FACE ( 'NONE', ( #3144 ), #5125, .F. ) ;
#3340 = CARTESIAN_POINT ( 'NONE',  ( -7.098500000000003141, 2.254999999999998561, 0.000000000000000000 ) ) ;
#3341 = DIRECTION ( 'NONE',  ( 1.000000000000000000, 0.000000000000000000, 0.000000000000000000 ) ) ;
#3342 = VERTEX_POINT ( 'NONE', #3040 ) ;
#3343 = FACE_OUTER_BOUND ( 'NONE', #2706, .T. ) ;
#3344 = FACE_BOUND ( 'NONE', #6883, .T. ) ;
#3345 = EDGE_CURVE ( 'NONE', #8703, #3748, #1800, .T. ) ;
#3346 = CARTESIAN_POINT ( 'NONE',  ( 8.660000000000001918, 6.944999999999996732, -0.4399999999999923972 ) ) ;
#3347 = CARTESIAN_POINT ( 'NONE',  ( -8.469999999999997087, 10.77899999999999636, -0.05999999999999901246 ) ) ;
#3348 = ORIENTED_EDGE ( 'NONE', *, *, #4625, .T. ) ;
#3349 = CARTESIAN_POINT ( 'NONE',  ( -2.723500000000001808, -3.745000000000001883, 0.000000000000000000 ) ) ;
#3350 = ORIENTED_EDGE ( 'NONE', *, *, #3548, .T. ) ;
#3351 = EDGE_CURVE ( 'NONE', #3992, #8728, #7244, .T. ) ;
#3352 = VECTOR ( 'NONE', #4258, 39.37007874015748143 ) ;
#3353 = ORIENTED_EDGE ( 'NONE', *, *, #737, .T. ) ;
#3354 = LINE ( 'NONE', #4010, #4963 ) ;
#3355 = ORIENTED_EDGE ( 'NONE', *, *, #409, .F. ) ;
#3356 = VECTOR ( 'NONE', #1995, 39.37007874015748143 ) ;
#3357 = EDGE_LOOP ( 'NONE', ( #9180, #7954, #9071, #5761 ) ) ;
#3358 = CARTESIAN_POINT ( 'NONE',  ( -5.223500000000001364, -3.745000000000001883, 0.000000000000000000 ) ) ;
#3359 = DIRECTION ( 'NONE',  ( 0.000000000000000000, 0.000000000000000000, -1.000000000000000000 ) ) ;
#3360 = VERTEX_POINT ( 'NONE', #1618 ) ;
#3361 = CARTESIAN_POINT ( 'NONE',  ( -4.598500000000003141, 1.754999999999998117, -0.06000000000000004635 ) ) ;
#3362 = AXIS2_PLACEMENT_3D ( 'NONE', #4705, #5406, #7554 ) ;
#3363 = CARTESIAN_POINT ( 'NONE',  ( -8.720000000000004192, 6.944999999999996732, -0.4400000000000474087 ) ) ;
#3364 = VECTOR ( 'NONE', #6102, 39.37007874015748143 ) ;
#3365 = ORIENTED_EDGE ( 'NONE', *, *, #7313, .T. ) ;
#3366 = CARTESIAN_POINT ( 'NONE',  ( -6.036500000000001975, -3.745000000000001883, -0.7500393700787405526 ) ) ;
#3367 = VECTOR ( 'NONE', #2733, 39.37007874015748143 ) ;
#3368 = DIRECTION ( 'NONE',  ( -0.000000000000000000, -0.000000000000000000, 1.000000000000000000 ) ) ;
#3369 = LINE ( 'NONE', #9095, #5717 ) ;
#3370 = EDGE_CURVE ( 'NONE', #8785, #4422, #8695, .T. ) ;
#3371 = LINE ( 'NONE', #8259, #5648 ) ;
#3372 = ORIENTED_EDGE ( 'NONE', *, *, #7452, .T. ) ;
#3373 = CARTESIAN_POINT ( 'NONE',  ( -1.036500000000001975, -4.245000000000002771, -0.06000000000000004635 ) ) ;
#3374 = ORIENTED_EDGE ( 'NONE', *, *, #6069, .F. ) ;
#3375 = AXIS2_PLACEMENT_3D ( 'NONE', #4835, #9074, #3445 ) ;
#3376 = VECTOR ( 'NONE', #2671, 39.37007874015748143 ) ;
#3377 = AXIS2_PLACEMENT_3D ( 'NONE', #3725, #6523, #2082 ) ;
#3378 = CARTESIAN_POINT ( 'NONE',  ( -3.536500000000001975, 3.754999999999997673, 0.000000000000000000 ) ) ;
#3379 = EDGE_CURVE ( 'NONE', #3964, #1722, #5324, .T. ) ;
#3380 = VECTOR ( 'NONE', #8657, 39.37007874015748143 ) ;
#3381 = ADVANCED_FACE ( 'NONE', ( #6582 ), #5969, .F. ) ;
#3382 = ORIENTED_EDGE ( 'NONE', *, *, #2648, .F. ) ;
#3383 = DIRECTION ( 'NONE',  ( -0.000000000000000000, -0.000000000000000000, 1.000000000000000000 ) ) ;
#3384 = ORIENTED_EDGE ( 'NONE', *, *, #6937, .T. ) ;
#3385 = ORIENTED_EDGE ( 'NONE', *, *, #4703, .T. ) ;
#3386 = CARTESIAN_POINT ( 'NONE',  ( -4.786500000000001975, -4.245000000000002771, -0.06000000000000004635 ) ) ;
#3387 = PLANE ( 'NONE',  #5392 ) ;
#3388 = CARTESIAN_POINT ( 'NONE',  ( 8.470000000000000639, -10.90500000000000469, -0.7499999999999998890 ) ) ;
#3389 = EDGE_LOOP ( 'NONE', ( #8041, #5495, #6715, #1344 ) ) ;
#3390 = CARTESIAN_POINT ( 'NONE',  ( -6.473500000000002252, 3.754999999999997673, -0.7500393700787405526 ) ) ;
#3391 = FACE_OUTER_BOUND ( 'NONE', #1056, .T. ) ;
#3392 = EDGE_CURVE ( 'NONE', #6542, #5421, #878, .T. ) ;
#3393 = DIRECTION ( 'NONE',  ( 1.000000000000000000, 0.000000000000000000, 0.000000000000000000 ) ) ;
#3394 = EDGE_CURVE ( 'NONE', #6136, #3992, #5821, .T. ) ;
#3395 = CARTESIAN_POINT ( 'NONE',  ( -5.848500000000003141, 9.754999999999999005, -0.06000000000000004635 ) ) ;
#3396 = ORIENTED_EDGE ( 'NONE', *, *, #3706, .T. ) ;
#3397 = CARTESIAN_POINT ( 'NONE',  ( -8.720000000000004192, -5.565000000000003944, -0.4400000000000474087 ) ) ;
#3398 = ORIENTED_EDGE ( 'NONE', *, *, #2584, .F. ) ;
#3399 = ORIENTED_EDGE ( 'NONE', *, *, #6097, .T. ) ;
#3400 = DIRECTION ( 'NONE',  ( 3.122111992759157471E-16, 1.000000000000000000, 0.000000000000000000 ) ) ;
#3401 = EDGE_CURVE ( 'NONE', #7869, #5017, #7423, .T. ) ;
#3402 = ORIENTED_EDGE ( 'NONE', *, *, #4807, .F. ) ;
#3403 = CARTESIAN_POINT ( 'NONE',  ( -2.098500000000002697, 6.254999999999999893, -0.7500393700787405526 ) ) ;
#3404 = ORIENTED_EDGE ( 'NONE', *, *, #1602, .F. ) ;
#3405 = LINE ( 'NONE', #5630, #8266 ) ;
#3406 = EDGE_CURVE ( 'NONE', #8014, #7345, #1755, .T. ) ;
#3407 = DIRECTION ( 'NONE',  ( 1.000000000000000000, 0.000000000000000000, 0.000000000000000000 ) ) ;
#3408 = ORIENTED_EDGE ( 'NONE', *, *, #3847, .T. ) ;
#3409 = EDGE_CURVE ( 'NONE', #2303, #646, #3887, .T. ) ;
#3410 = ORIENTED_EDGE ( 'NONE', *, *, #3556, .T. ) ;
#3411 = CARTESIAN_POINT ( 'NONE',  ( -5.223500000000001364, -7.745000000000001883, 0.000000000000000000 ) ) ;
#3412 = CARTESIAN_POINT ( 'NONE',  ( -3.348500000000002697, -6.245000000000001883, -0.7500393700787405526 ) ) ;
#3413 = CARTESIAN_POINT ( 'NONE',  ( 8.470000000000000639, 0.000000000000000000, 0.000000000000000000 ) ) ;
#3414 = ORIENTED_EDGE ( 'NONE', *, *, #1410, .T. ) ;
#3415 = CARTESIAN_POINT ( 'NONE',  ( -5.848500000000003141, -5.745000000000000995, -0.06000000000000004635 ) ) ;
#3416 = DIRECTION ( 'NONE',  ( -0.000000000000000000, -0.000000000000000000, 1.000000000000000000 ) ) ;
#3417 = DIRECTION ( 'NONE',  ( 0.000000000000000000, -0.000000000000000000, -1.000000000000000000 ) ) ;
#3418 = CARTESIAN_POINT ( 'NONE',  ( 8.470000000000000639, -10.78500000000000192, -0.05999999999999999778 ) ) ;
#3419 = EDGE_LOOP ( 'NONE', ( #7082, #8796, #5523, #4814 ) ) ;
#3420 = LINE ( 'NONE', #3288, #6226 ) ;
#3421 = ORIENTED_EDGE ( 'NONE', *, *, #1078, .F. ) ;
#3422 = AXIS2_PLACEMENT_3D ( 'NONE', #798, #4172, #3619 ) ;
#3423 = ORIENTED_EDGE ( 'NONE', *, *, #4064, .F. ) ;
#3424 = CARTESIAN_POINT ( 'NONE',  ( -8.469999999999998863, -10.78500000000000014, -0.1199999999999999956 ) ) ;
#3425 = AXIS2_PLACEMENT_3D ( 'NONE', #1842, #8252, #6104 ) ;
#3426 = VECTOR ( 'NONE', #4150, 39.37007874015748143 ) ;
#3427 = VERTEX_POINT ( 'NONE', #921 ) ;
#3428 = CARTESIAN_POINT ( 'NONE',  ( -8.469999999999997087, 10.78499999999999481, -0.05999999999999901246 ) ) ;
#3429 = VERTEX_POINT ( 'NONE', #8073 ) ;
#3430 = ORIENTED_EDGE ( 'NONE', *, *, #7222, .F. ) ;
#3431 = CARTESIAN_POINT ( 'NONE',  ( -4.598500000000003141, -6.245000000000001883, -0.7500393700787405526 ) ) ;
#3432 = CARTESIAN_POINT ( 'NONE',  ( -3.348500000000002697, 1.754999999999998117, -0.06000000000000004635 ) ) ;
#3433 = FACE_OUTER_BOUND ( 'NONE', #2037, .T. ) ;
#3434 = ADVANCED_FACE ( 'NONE', ( #3742 ), #3195, .F. ) ;
#3435 = AXIS2_PLACEMENT_3D ( 'NONE', #3045, #3747, #3201 ) ;
#3436 = EDGE_LOOP ( 'NONE', ( #4904, #4205, #6160, #2067 ) ) ;
#3437 = PLANE ( 'NONE',  #1708 ) ;
#3438 = AXIS2_PLACEMENT_3D ( 'NONE', #3444, #2236, #7901 ) ;
#3439 = CARTESIAN_POINT ( 'NONE',  ( -2.723500000000001808, 0.2549999999999985056, 0.000000000000000000 ) ) ;
#3440 = VERTEX_POINT ( 'NONE', #5914 ) ;
#3441 = DIRECTION ( 'NONE',  ( -0.000000000000000000, -1.000000000000000000, -0.000000000000000000 ) ) ;
#3442 = DIMENSIONAL_EXPONENTS ( 1.000000000000000000, 0.000000000000000000, 0.000000000000000000, 0.000000000000000000, 0.000000000000000000, 0.000000000000000000, 0.000000000000000000 ) ;
#3443 = VERTEX_POINT ( 'NONE', #2498 ) ;
#3444 = CARTESIAN_POINT ( 'NONE',  ( -7.098500000000003141, -6.245000000000001883, -0.7500393700787405526 ) ) ;
#3445 = DIRECTION ( 'NONE',  ( 0.000000000000000000, 0.000000000000000000, 1.000000000000000000 ) ) ;
#3446 = DIRECTION ( 'NONE',  ( -1.000000000000000000, -0.000000000000000000, -0.000000000000000000 ) ) ;
#3447 = ADVANCED_FACE ( 'NONE', ( #6631 ), #5866, .F. ) ;
#3448 = VERTEX_POINT ( 'NONE', #7975 ) ;
#3449 = EDGE_CURVE ( 'NONE', #2571, #7114, #8759, .T. ) ;
#3450 = EDGE_LOOP ( 'NONE', ( #7842, #7122, #4391, #3663 ) ) ;
#3451 = CARTESIAN_POINT ( 'NONE',  ( -7.098500000000003141, 5.754999999999998117, -0.7500393700787405526 ) ) ;
#3452 = DIRECTION ( 'NONE',  ( -0.000000000000000000, -0.000000000000000000, 1.000000000000000000 ) ) ;
#3453 = ORIENTED_EDGE ( 'NONE', *, *, #8395, .F. ) ;
#3454 = VERTEX_POINT ( 'NONE', #964 ) ;
#3455 = VECTOR ( 'NONE', #4080, 39.37007874015748143 ) ;
#3456 = ORIENTED_EDGE ( 'NONE', *, *, #4927, .F. ) ;
#3457 = CARTESIAN_POINT ( 'NONE',  ( -2.098500000000002697, 6.254999999999999893, -0.06000000000000004635 ) ) ;
#3458 = DIRECTION ( 'NONE',  ( 0.000000000000000000, 1.000000000000000000, 0.000000000000000000 ) ) ;
#3460 = EDGE_CURVE ( 'NONE', #1754, #6377, #3786, .T. ) ;
#3459 = DIRECTION ( 'NONE',  ( -0.000000000000000000, 1.000000000000000000, 0.000000000000000000 ) ) ;
#3461 = CARTESIAN_POINT ( 'NONE',  ( -6.661500000000002863, 9.754999999999999005, -0.06000000000000004635 ) ) ;
#3462 = VECTOR ( 'NONE', #1724, 39.37007874015748143 ) ;
#3463 = VERTEX_POINT ( 'NONE', #8308 ) ;
#3464 = DIRECTION ( 'NONE',  ( 0.000000000000000000, -1.000000000000000000, 0.000000000000000000 ) ) ;
#3465 = CARTESIAN_POINT ( 'NONE',  ( -2.723500000000001808, -7.745000000000001883, -0.05999999999999999778 ) ) ;
#3466 = CARTESIAN_POINT ( 'NONE',  ( -6.473500000000002252, 0.2549999999999985056, 0.000000000000000000 ) ) ;
#3467 = EDGE_CURVE ( 'NONE', #4956, #2190, #3957, .T. ) ;
#3468 = DIRECTION ( 'NONE',  ( 1.000000000000000000, -2.500547362621746538E-15, 0.000000000000000000 ) ) ;
#3469 = ORIENTED_EDGE ( 'NONE', *, *, #6354, .T. ) ;
#3470 = FACE_BOUND ( 'NONE', #1733, .T. ) ;
#3471 = EDGE_LOOP ( 'NONE', ( #4508, #1027, #7358, #2389 ) ) ;
#3472 = CIRCLE ( 'NONE', #73, 0.1559999999999991116 ) ;
#3473 = EDGE_CURVE ( 'NONE', #4635, #6407, #504, .T. ) ;
#3474 = ORIENTED_EDGE ( 'NONE', *, *, #5852, .F. ) ;
#3475 = DIRECTION ( 'NONE',  ( 0.000000000000000000, -0.000000000000000000, 1.000000000000000000 ) ) ;
#3476 = VERTEX_POINT ( 'NONE', #1985 ) ;
#3477 = ORIENTED_EDGE ( 'NONE', *, *, #4352, .T. ) ;
#3478 = CARTESIAN_POINT ( 'NONE',  ( -3.973500000000001808, -7.745000000000001883, -0.06000000000000004635 ) ) ;
#3479 = ORIENTED_EDGE ( 'NONE', *, *, #1588, .T. ) ;
#3480 = VERTEX_POINT ( 'NONE', #4760 ) ;
#3481 = LINE ( 'NONE', #750, #7596 ) ;
#3482 = CARTESIAN_POINT ( 'NONE',  ( -5.223500000000001364, 3.754999999999997673, -0.06000000000000004635 ) ) ;
#3483 = LINE ( 'NONE', #142, #4457 ) ;
#3484 = VECTOR ( 'NONE', #8697, 39.37007874015748143 ) ;
#3485 = ORIENTED_EDGE ( 'NONE', *, *, #996, .T. ) ;
#3486 = CARTESIAN_POINT ( 'NONE',  ( 8.475999999999999091, 10.77899999999999636, -0.05999999999999901246 ) ) ;
#3487 =( NAMED_UNIT ( * ) SI_UNIT ( $, .STERADIAN. ) SOLID_ANGLE_UNIT ( ) );
#3488 = DIRECTION ( 'NONE',  ( 0.000000000000000000, 1.000000000000000000, -0.000000000000000000 ) ) ;
#3489 = VECTOR ( 'NONE', #345, 39.37007874015748143 ) ;
#3490 = ORIENTED_EDGE ( 'NONE', *, *, #4196, .F. ) ;
#3491 = DIRECTION ( 'NONE',  ( 0.000000000000000000, 0.000000000000000000, -1.000000000000000000 ) ) ;
#3492 = EDGE_CURVE ( 'NONE', #1645, #4821, #6961, .T. ) ;
#3493 = ORIENTED_EDGE ( 'NONE', *, *, #7609, .T. ) ;
#3494 = CARTESIAN_POINT ( 'NONE',  ( -2.723500000000001808, -3.745000000000001883, -0.7500393700787405526 ) ) ;
#3495 = PLANE ( 'NONE',  #2200 ) ;
#3496 = DIRECTION ( 'NONE',  ( -0.000000000000000000, -0.000000000000000000, 1.000000000000000000 ) ) ;
#3497 = ORIENTED_EDGE ( 'NONE', *, *, #584, .T. ) ;
#3498 = ORIENTED_EDGE ( 'NONE', *, *, #6167, .T. ) ;
#3499 = PLANE ( 'NONE',  #3060 ) ;
#3500 = LINE ( 'NONE', #631, #5442 ) ;
#3501 = ORIENTED_EDGE ( 'NONE', *, *, #6834, .T. ) ;
#3502 = EDGE_CURVE ( 'NONE', #7136, #4445, #1201, .T. ) ;
#3503 = EDGE_CURVE ( 'NONE', #4693, #7855, #1246, .T. ) ;
#3504 = ORIENTED_EDGE ( 'NONE', *, *, #8114, .F. ) ;
#3505 = VECTOR ( 'NONE', #4584, 39.37007874015748143 ) ;
#3506 = CARTESIAN_POINT ( 'NONE',  ( 8.720000000000000639, 6.944999999999996732, -0.3879999999999921290 ) ) ;
#3507 = CARTESIAN_POINT ( 'NONE',  ( -8.469999999999997087, 10.77899999999999636, -0.05999999999999999778 ) ) ;
#3508 = VECTOR ( 'NONE', #8119, 39.37007874015748143 ) ;
#3509 = ORIENTED_EDGE ( 'NONE', *, *, #8605, .F. ) ;
#3510 = DIRECTION ( 'NONE',  ( -0.000000000000000000, -0.000000000000000000, 1.000000000000000000 ) ) ;
#3511 = FACE_OUTER_BOUND ( 'NONE', #6383, .T. ) ;
#3512 = FACE_OUTER_BOUND ( 'NONE', #3226, .T. ) ;
#3513 = PLANE ( 'NONE',  #2638 ) ;
#3514 = CIRCLE ( 'NONE', #3362, 0.05200000000000001843 ) ;
#3515 = AXIS2_PLACEMENT_3D ( 'NONE', #6857, #1098, #6767 ) ;
#3516 = ADVANCED_FACE ( 'NONE', ( #1935 ), #5371, .T. ) ;
#3517 = VERTEX_POINT ( 'NONE', #4716 ) ;
#3518 = CARTESIAN_POINT ( 'NONE',  ( -1.473500000000001586, -3.745000000000001883, -0.7500393700787405526 ) ) ;
#3519 = ORIENTED_EDGE ( 'NONE', *, *, #3330, .T. ) ;
#3520 = EDGE_LOOP ( 'NONE', ( #1172, #4727, #4378, #5155 ) ) ;
#3521 = PLANE ( 'NONE',  #4263 ) ;
#3522 = VECTOR ( 'NONE', #944, 39.37007874015748143 ) ;
#3523 = ADVANCED_FACE ( 'NONE', ( #6110 ), #6252, .T. ) ;
#3524 = VECTOR ( 'NONE', #8212, 39.37007874015748143 ) ;
#3525 = DIRECTION ( 'NONE',  ( -0.000000000000000000, -0.000000000000000000, 1.000000000000000000 ) ) ;
#3526 = EDGE_LOOP ( 'NONE', ( #6969, #74, #4892, #575 ) ) ;
#3527 = EDGE_CURVE ( 'NONE', #8577, #2515, #3282, .T. ) ;
#3528 = VERTEX_POINT ( 'NONE', #2587 ) ;
#3529 = CARTESIAN_POINT ( 'NONE',  ( -0.4115000000000008096, 5.754999999999998117, 0.000000000000000000 ) ) ;
#3530 = VECTOR ( 'NONE', #6134, 39.37007874015748143 ) ;
#3531 = VECTOR ( 'NONE', #6106, 39.37007874015748143 ) ;
#3532 = VERTEX_POINT ( 'NONE', #462 ) ;
#3533 = CARTESIAN_POINT ( 'NONE',  ( 8.719999999999998863, 10.78500000000000014, -0.1199999999999990796 ) ) ;
#3534 = LINE ( 'NONE', #797, #6441 ) ;
#3535 = DIRECTION ( 'NONE',  ( -0.000000000000000000, 0.000000000000000000, 1.000000000000000000 ) ) ;
#3536 = ORIENTED_EDGE ( 'NONE', *, *, #6919, .F. ) ;
#3537 = DIRECTION ( 'NONE',  ( -0.000000000000000000, 1.000000000000000000, 0.000000000000000000 ) ) ;
#3538 = VECTOR ( 'NONE', #4088, 39.37007874015748143 ) ;
#3539 = ORIENTED_EDGE ( 'NONE', *, *, #2770, .T. ) ;
#3540 = LINE ( 'NONE', #6277, #4062 ) ;
#3541 = ORIENTED_EDGE ( 'NONE', *, *, #6834, .F. ) ;
#3542 = PLANE ( 'NONE',  #2117 ) ;
#3543 = VECTOR ( 'NONE', #3202, 39.37007874015748143 ) ;
#3544 = LINE ( 'NONE', #7946, #1007 ) ;
#3545 = LINE ( 'NONE', #151, #5261 ) ;
#3546 = ORIENTED_EDGE ( 'NONE', *, *, #8155, .F. ) ;
#3547 = PLANE ( 'NONE',  #925 ) ;
#3548 = EDGE_CURVE ( 'NONE', #3758, #1599, #3243, .T. ) ;
#3549 = LINE ( 'NONE', #1509, #2187 ) ;
#3550 = DIRECTION ( 'NONE',  ( 0.000000000000000000, 0.000000000000000000, -1.000000000000000000 ) ) ;
#3551 = ORIENTED_EDGE ( 'NONE', *, *, #6749, .T. ) ;
#3552 = ORIENTED_EDGE ( 'NONE', *, *, #1649, .F. ) ;
#3553 = FACE_OUTER_BOUND ( 'NONE', #8369, .T. ) ;
#3554 = LINE ( 'NONE', #4850, #1751 ) ;
#3555 = CARTESIAN_POINT ( 'NONE',  ( -5.411500000000001087, -6.245000000000001883, -0.06000000000000004635 ) ) ;
#3556 = EDGE_CURVE ( 'NONE', #3440, #1416, #6828, .T. ) ;
#3557 = ORIENTED_EDGE ( 'NONE', *, *, #7768, .F. ) ;
#3558 = CARTESIAN_POINT ( 'NONE',  ( -3.348500000000002697, -9.745000000000000995, -0.06000000000000004635 ) ) ;
#3559 = LINE ( 'NONE', #2819, #2780 ) ;
#3560 = DIRECTION ( 'NONE',  ( 0.000000000000000000, 1.000000000000000000, 0.000000000000000000 ) ) ;
#3561 = ORIENTED_EDGE ( 'NONE', *, *, #2030, .T. ) ;
#3562 = DIRECTION ( 'NONE',  ( 3.122111992759157471E-16, 1.000000000000000000, 0.000000000000000000 ) ) ;
#3563 = VERTEX_POINT ( 'NONE', #6868 ) ;
#3564 = LINE ( 'NONE', #7660, #1306 ) ;
#3565 = ADVANCED_FACE ( 'NONE', ( #7652 ), #6066, .F. ) ;
#3566 = EDGE_CURVE ( 'NONE', #3306, #3620, #9093, .T. ) ;
#3567 = DIRECTION ( 'NONE',  ( 1.000000000000000000, -0.000000000000000000, 0.000000000000000000 ) ) ;
#3568 = ORIENTED_EDGE ( 'NONE', *, *, #4016, .T. ) ;
#3569 = ORIENTED_EDGE ( 'NONE', *, *, #4456, .F. ) ;
#3570 = DIRECTION ( 'NONE',  ( 0.000000000000000000, 1.000000000000000000, 0.000000000000000000 ) ) ;
#3571 = AXIS2_PLACEMENT_3D ( 'NONE', #2084, #4297, #7922 ) ;
#3572 = ORIENTED_EDGE ( 'NONE', *, *, #6744, .F. ) ;
#3573 = VECTOR ( 'NONE', #4731, 39.37007874015748143 ) ;
#3574 = DIRECTION ( 'NONE',  ( 0.000000000000000000, -0.000000000000000000, -1.000000000000000000 ) ) ;
#3575 = LINE ( 'NONE', #8588, #955 ) ;
#3576 = LINE ( 'NONE', #6321, #4602 ) ;
#3577 = ORIENTED_EDGE ( 'NONE', *, *, #7098, .T. ) ;
#3578 = EDGE_CURVE ( 'NONE', #8842, #3748, #545, .T. ) ;
#3579 = VECTOR ( 'NONE', #364, 39.37007874015748143 ) ;
#3580 = VECTOR ( 'NONE', #6644, 39.37007874015748143 ) ;
#3581 = FACE_OUTER_BOUND ( 'NONE', #3526, .T. ) ;
#3582 = ORIENTED_EDGE ( 'NONE', *, *, #7025, .T. ) ;
#3583 = DIRECTION ( 'NONE',  ( -6.244223985518316914E-16, 1.000000000000000000, 0.000000000000000000 ) ) ;
#3584 = ORIENTED_EDGE ( 'NONE', *, *, #6972, .T. ) ;
#3585 = LINE ( 'NONE', #4883, #7301 ) ;
#3586 = AXIS2_PLACEMENT_3D ( 'NONE', #4931, #1501, #7775 ) ;
#3587 = CARTESIAN_POINT ( 'NONE',  ( -2.911500000000001087, 6.254999999999999893, -0.000000000000000000 ) ) ;
#3588 = LINE ( 'NONE', #720, #8532 ) ;
#3589 = ORIENTED_EDGE ( 'NONE', *, *, #7325, .F. ) ;
#3590 = LINE ( 'NONE', #6431, #4029 ) ;
#3591 = CARTESIAN_POINT ( 'NONE',  ( -7.098500000000003141, -6.245000000000001883, -0.7500393700787405526 ) ) ;
#3592 = AXIS2_PLACEMENT_3D ( 'NONE', #5711, #7864, #4368 ) ;
#3593 = FACE_OUTER_BOUND ( 'NONE', #4328, .T. ) ;
#3594 = ORIENTED_EDGE ( 'NONE', *, *, #1402, .F. ) ;
#3595 = ORIENTED_EDGE ( 'NONE', *, *, #936, .F. ) ;
#3596 = EDGE_CURVE ( 'NONE', #8396, #742, #8257, .T. ) ;
#3597 = CARTESIAN_POINT ( 'NONE',  ( -5.848500000000003141, -2.245000000000001883, -0.7500393700787405526 ) ) ;
#3598 = DIRECTION ( 'NONE',  ( -1.000000000000000000, -0.000000000000000000, -0.000000000000000000 ) ) ;
#3599 = PLANE ( 'NONE',  #413 ) ;
#3600 = ORIENTED_EDGE ( 'NONE', *, *, #8321, .F. ) ;
#3601 = CARTESIAN_POINT ( 'NONE',  ( -5.223500000000001364, 0.2549999999999985056, -0.06000000000000004635 ) ) ;
#3603 = VECTOR ( 'NONE', #1623, 39.37007874015748143 ) ;
#3602 = FACE_OUTER_BOUND ( 'NONE', #5138, .T. ) ;
#3604 = DIRECTION ( 'NONE',  ( 1.000000000000000000, -0.000000000000000000, 0.000000000000000000 ) ) ;
#3605 = ORIENTED_EDGE ( 'NONE', *, *, #8452, .F. ) ;
#3606 = CARTESIAN_POINT ( 'NONE',  ( -5.848500000000003141, -6.245000000000001883, 0.000000000000000000 ) ) ;
#3607 = EDGE_CURVE ( 'NONE', #3011, #116, #8991, .T. ) ;
#3608 = VECTOR ( 'NONE', #7217, 39.37007874015748143 ) ;
#3609 = EDGE_CURVE ( 'NONE', #2830, #1447, #5503, .T. ) ;
#3610 = CARTESIAN_POINT ( 'NONE',  ( -3.348500000000002697, 2.254999999999998561, -0.05999999999999999778 ) ) ;
#3611 = EDGE_LOOP ( 'NONE', ( #8211, #7001 ) ) ;
#3612 = VECTOR ( 'NONE', #7206, 39.37007874015748143 ) ;
#3613 = ORIENTED_EDGE ( 'NONE', *, *, #442, .T. ) ;
#3614 = LINE ( 'NONE', #1572, #647 ) ;
#3615 = EDGE_CURVE ( 'NONE', #8857, #7425, #2172, .T. ) ;
#3616 = ORIENTED_EDGE ( 'NONE', *, *, #3739, .F. ) ;
#3617 = EDGE_CURVE ( 'NONE', #5291, #210, #3643, .T. ) ;
#3618 = CARTESIAN_POINT ( 'NONE',  ( -5.411500000000001087, 5.754999999999998117, 0.000000000000000000 ) ) ;
#3619 = DIRECTION ( 'NONE',  ( 0.000000000000000000, -0.000000000000000000, -1.000000000000000000 ) ) ;
#3620 = VERTEX_POINT ( 'NONE', #126 ) ;
#3621 = VECTOR ( 'NONE', #2313, 39.37007874015748143 ) ;
#3622 = CARTESIAN_POINT ( 'NONE',  ( -3.973500000000001808, 3.754999999999997673, 0.000000000000000000 ) ) ;
#3623 = ORIENTED_EDGE ( 'NONE', *, *, #4013, .T. ) ;
#3624 = PLANE ( 'NONE',  #1552 ) ;
#3625 = VERTEX_POINT ( 'NONE', #4153 ) ;
#3626 = EDGE_CURVE ( 'NONE', #7851, #1505, #2942, .T. ) ;
#3627 = AXIS2_PLACEMENT_3D ( 'NONE', #3169, #5298, #1085 ) ;
#3628 = CARTESIAN_POINT ( 'NONE',  ( 8.720000000000000639, -10.78500000000000014, -0.7500000000000001110 ) ) ;
#3629 = CARTESIAN_POINT ( 'NONE',  ( 8.720000000000000639, 0.000000000000000000, -0.7500000000000001110 ) ) ;
#3630 = DIRECTION ( 'NONE',  ( 0.000000000000000000, 1.000000000000000000, 0.000000000000000000 ) ) ;
#3631 = ORIENTED_EDGE ( 'NONE', *, *, #6182, .F. ) ;
#3632 = DIRECTION ( 'NONE',  ( -0.000000000000000000, -0.000000000000000000, 1.000000000000000000 ) ) ;
#3633 = AXIS2_PLACEMENT_3D ( 'NONE', #6659, #247, #7352 ) ;
#3634 = CARTESIAN_POINT ( 'NONE',  ( -4.161500000000001087, -5.745000000000000995, -0.7500393700787405526 ) ) ;
#3635 = DIRECTION ( 'NONE',  ( -0.000000000000000000, -0.000000000000000000, 1.000000000000000000 ) ) ;
#3636 = VERTEX_POINT ( 'NONE', #2901 ) ;
#3637 = VERTEX_POINT ( 'NONE', #4991 ) ;
#3638 = ADVANCED_FACE ( 'NONE', ( #4334 ), #38, .F. ) ;
#3639 = DIRECTION ( 'NONE',  ( -0.000000000000000000, -0.000000000000000000, 1.000000000000000000 ) ) ;
#3640 = CARTESIAN_POINT ( 'NONE',  ( -7.098500000000003141, 1.754999999999998117, -0.06000000000000004635 ) ) ;
#3641 = CYLINDRICAL_SURFACE ( 'NONE', #6625, 0.05200000000000001843 ) ;
#3642 = ORIENTED_EDGE ( 'NONE', *, *, #2186, .F. ) ;
#3643 = LINE ( 'NONE', #2818, #1157 ) ;
#3644 = DIRECTION ( 'NONE',  ( -0.000000000000000000, -1.000000000000000000, -0.000000000000000000 ) ) ;
#3645 = LINE ( 'NONE', #2217, #5282 ) ;
#3646 = ORIENTED_EDGE ( 'NONE', *, *, #4680, .T. ) ;
#3647 = CARTESIAN_POINT ( 'NONE',  ( -4.598500000000003141, 5.754999999999998117, -0.7500393700787405526 ) ) ;
#3648 = CIRCLE ( 'NONE', #4982, 0.1559999999999996390 ) ;
#3649 = CARTESIAN_POINT ( 'NONE',  ( -4.161500000000001087, -6.245000000000001883, 0.000000000000000000 ) ) ;
#3650 = EDGE_CURVE ( 'NONE', #8411, #4116, #7055, .T. ) ;
#3651 = VECTOR ( 'NONE', #8690, 39.37007874015748143 ) ;
#3652 = CARTESIAN_POINT ( 'NONE',  ( -2.098500000000002697, 6.254999999999999893, -0.7500393700787405526 ) ) ;
#3653 =( GEOMETRIC_REPRESENTATION_CONTEXT ( 3 ) GLOBAL_UNCERTAINTY_ASSIGNED_CONTEXT ( ( #8291 ) ) GLOBAL_UNIT_ASSIGNED_CONTEXT ( ( #5210, #5855, #2577 ) ) REPRESENTATION_CONTEXT ( 'NONE', 'WORKASPACE' ) );
#3654 = ORIENTED_EDGE ( 'NONE', *, *, #737, .F. ) ;
#3655 = FACE_OUTER_BOUND ( 'NONE', #3934, .T. ) ;
#3656 = ORIENTED_EDGE ( 'NONE', *, *, #1186, .T. ) ;
#3657 = FACE_OUTER_BOUND ( 'NONE', #410, .T. ) ;
#3658 = VERTEX_POINT ( 'NONE', #7008 ) ;
#3659 = CARTESIAN_POINT ( 'NONE',  ( -8.720000000000004192, 6.944999999999996732, -0.4920000000000474549 ) ) ;
#3660 = VECTOR ( 'NONE', #203, 39.37007874015748143 ) ;
#3661 = CARTESIAN_POINT ( 'NONE',  ( 8.599999999999999645, 10.78500000000000014, -0.1199999999999994543 ) ) ;
#3662 = CARTESIAN_POINT ( 'NONE',  ( -6.661500000000002863, 9.754999999999999005, 0.000000000000000000 ) ) ;
#3663 = ORIENTED_EDGE ( 'NONE', *, *, #6971, .F. ) ;
#3664 = ADVANCED_FACE ( 'NONE', ( #8486 ), #7189, .F. ) ;
#3665 = EDGE_CURVE ( 'NONE', #7047, #3427, #4899, .T. ) ;
#3666 = VECTOR ( 'NONE', #8790, 39.37007874015748143 ) ;
#3667 = LINE ( 'NONE', #8634, #113 ) ;
#3668 = AXIS2_PLACEMENT_3D ( 'NONE', #8071, #4660, #1153 ) ;
#3669 = ORIENTED_EDGE ( 'NONE', *, *, #2654, .T. ) ;
#3670 = CARTESIAN_POINT ( 'NONE',  ( -3.973500000000001808, -7.745000000000001883, -0.7500393700787405526 ) ) ;
#3671 = ORIENTED_EDGE ( 'NONE', *, *, #7661, .F. ) ;
#3672 = CARTESIAN_POINT ( 'NONE',  ( -4.598500000000003141, -2.245000000000001883, 0.000000000000000000 ) ) ;
#3673 = PLANE ( 'NONE',  #3913 ) ;
#3674 = FACE_OUTER_BOUND ( 'NONE', #3281, .T. ) ;
#3675 = EDGE_LOOP ( 'NONE', ( #1560, #7635, #1030, #3772 ) ) ;
#3676 = VECTOR ( 'NONE', #3168, 39.37007874015748143 ) ;
#3677 = DIRECTION ( 'NONE',  ( 0.000000000000000000, 1.000000000000000000, 0.000000000000000000 ) ) ;
#3678 = ADVANCED_FACE ( 'NONE', ( #5033 ), #7699, .F. ) ;
#3679 = EDGE_CURVE ( 'NONE', #5580, #7132, #820, .T. ) ;
#3680 = CARTESIAN_POINT ( 'NONE',  ( -7.098500000000003141, -1.745000000000001217, -0.7500393700787405526 ) ) ;
#3681 = DIRECTION ( 'NONE',  ( -1.000000000000000000, 0.000000000000000000, 0.000000000000000000 ) ) ;
#3682 = EDGE_LOOP ( 'NONE', ( #5329, #2889, #4374, #3156 ) ) ;
#3683 = FACE_OUTER_BOUND ( 'NONE', #8909, .T. ) ;
#3684 = VECTOR ( 'NONE', #3196, 39.37007874015748143 ) ;
#3685 = ORIENTED_EDGE ( 'NONE', *, *, #7195, .F. ) ;
#3686 = ADVANCED_FACE ( 'NONE', ( #8529 ), #2126, .F. ) ;
#3687 = DIMENSIONAL_EXPONENTS ( 1.000000000000000000, 0.000000000000000000, 0.000000000000000000, 0.000000000000000000, 0.000000000000000000, 0.000000000000000000, 0.000000000000000000 ) ;
#3688 = ORIENTED_EDGE ( 'NONE', *, *, #2768, .T. ) ;
#3689 = DIRECTION ( 'NONE',  ( -0.000000000000000000, -1.000000000000000000, -0.000000000000000000 ) ) ;
#3690 = CARTESIAN_POINT ( 'NONE',  ( -6.661500000000001087, -5.745000000000000995, 0.000000000000000000 ) ) ;
#3691 = LINE ( 'NONE', #6529, #7815 ) ;
#3692 = EDGE_CURVE ( 'NONE', #533, #6743, #1479, .T. ) ;
#3693 = ORIENTED_EDGE ( 'NONE', *, *, #5664, .T. ) ;
#3694 = CARTESIAN_POINT ( 'NONE',  ( -5.848500000000003141, -2.245000000000001883, -0.06000000000000004635 ) ) ;
#3695 = CARTESIAN_POINT ( 'NONE',  ( -6.473500000000002252, 3.754999999999997673, -0.05999999999999999778 ) ) ;
#3696 = DIRECTION ( 'NONE',  ( 1.000000000000000000, 0.000000000000000000, 0.000000000000000000 ) ) ;
#3697 = DIRECTION ( 'NONE',  ( -3.167359992654216647E-15, 0.000000000000000000, 1.000000000000000000 ) ) ;
#3698 = CARTESIAN_POINT ( 'NONE',  ( -1.036500000000001975, 4.254999999999998117, 0.000000000000000000 ) ) ;
#3699 = DIRECTION ( 'NONE',  ( -1.000000000000000000, 0.000000000000000000, -0.000000000000000000 ) ) ;
#3700 = VERTEX_POINT ( 'NONE', #9187 ) ;
#3701 = DIRECTION ( 'NONE',  ( -0.000000000000000000, -0.000000000000000000, 1.000000000000000000 ) ) ;
#3702 = ORIENTED_EDGE ( 'NONE', *, *, #8282, .T. ) ;
#3703 = LINE ( 'NONE', #4393, #5967 ) ;
#3704 = EDGE_LOOP ( 'NONE', ( #3269, #8124, #2064, #5736 ) ) ;
#3705 = DIRECTION ( 'NONE',  ( -1.000000000000000000, 0.000000000000000000, 0.000000000000000000 ) ) ;
#3706 = EDGE_CURVE ( 'NONE', #7941, #3954, #8572, .T. ) ;
#3707 = DIRECTION ( 'NONE',  ( 1.000000000000000000, 0.000000000000000000, 0.000000000000000000 ) ) ;
#3708 = CARTESIAN_POINT ( 'NONE',  ( -0.8485000000000026965, 9.754999999999999005, -0.06000000000000004635 ) ) ;
#3709 = ORIENTED_EDGE ( 'NONE', *, *, #4507, .F. ) ;
#3710 = DIRECTION ( 'NONE',  ( -1.000000000000000000, 0.000000000000000000, 0.000000000000000000 ) ) ;
#3711 = ORIENTED_EDGE ( 'NONE', *, *, #7892, .T. ) ;
#3712 = FACE_OUTER_BOUND ( 'NONE', #8263, .T. ) ;
#3713 = ORIENTED_EDGE ( 'NONE', *, *, #5042, .T. ) ;
#3714 = FACE_OUTER_BOUND ( 'NONE', #5482, .T. ) ;
#3715 = EDGE_CURVE ( 'NONE', #491, #7593, #1892, .T. ) ;
#3716 = CARTESIAN_POINT ( 'NONE',  ( 8.469999999999991758, -10.90500000000000114, -0.1199999999999996209 ) ) ;
#3717 = DIRECTION ( 'NONE',  ( 0.000000000000000000, 0.000000000000000000, -1.000000000000000000 ) ) ;
#3718 = VECTOR ( 'NONE', #6623, 39.37007874015748143 ) ;
#3719 = ORIENTED_EDGE ( 'NONE', *, *, #5235, .T. ) ;
#3720 = CARTESIAN_POINT ( 'NONE',  ( 8.720000000000000639, 10.78500000000000014, -0.7499999999999998890 ) ) ;
#3721 = VECTOR ( 'NONE', #6127, 39.37007874015748143 ) ;
#3722 = LINE ( 'NONE', #985, #6034 ) ;
#3723 = CARTESIAN_POINT ( 'NONE',  ( -1.661500000000000865, 5.754999999999998117, -0.7500393700787405526 ) ) ;
#3724 = VERTEX_POINT ( 'NONE', #780 ) ;
#3725 = CARTESIAN_POINT ( 'NONE',  ( -0.8485000000000026965, 5.754999999999998117, -0.7500393700787405526 ) ) ;
#3726 = VECTOR ( 'NONE', #583, 39.37007874015748143 ) ;
#3727 = ORIENTED_EDGE ( 'NONE', *, *, #5542, .T. ) ;
#3728 = EDGE_CURVE ( 'NONE', #8084, #650, #4246, .T. ) ;
#3729 = EDGE_CURVE ( 'NONE', #5629, #2056, #7745, .T. ) ;
#3730 = ORIENTED_EDGE ( 'NONE', *, *, #13, .F. ) ;
#3731 = LINE ( 'NONE', #6571, #5501 ) ;
#3732 = LINE ( 'NONE', #6572, #8700 ) ;
#3733 = VECTOR ( 'NONE', #4169, 39.37007874015748143 ) ;
#3734 = ORIENTED_EDGE ( 'NONE', *, *, #5386, .T. ) ;
#3735 = LINE ( 'NONE', #2391, #3968 ) ;
#3736 = CARTESIAN_POINT ( 'NONE',  ( -8.720000000000004192, -5.565000000000003944, -0.4920000000000474549 ) ) ;
#3737 = CARTESIAN_POINT ( 'NONE',  ( -5.411500000000001087, -5.745000000000000995, -0.06000000000000004635 ) ) ;
#3738 = DIRECTION ( 'NONE',  ( 0.000000000000000000, -0.000000000000000000, -1.000000000000000000 ) ) ;
#3739 = EDGE_CURVE ( 'NONE', #4160, #116, #4201, .T. ) ;
#3740 = CARTESIAN_POINT ( 'NONE',  ( -6.661500000000001087, 2.254999999999998561, 0.000000000000000000 ) ) ;
#3741 = VECTOR ( 'NONE', #2918, 39.37007874015748143 ) ;
#3742 = FACE_OUTER_BOUND ( 'NONE', #1115, .T. ) ;
#3743 = ORIENTED_EDGE ( 'NONE', *, *, #1092, .T. ) ;
#3744 = CARTESIAN_POINT ( 'NONE',  ( -8.469999999999998863, -10.78500000000000014, -0.1199999999999999956 ) ) ;
#3745 = FACE_OUTER_BOUND ( 'NONE', #950, .T. ) ;
#3746 = ORIENTED_EDGE ( 'NONE', *, *, #5337, .T. ) ;
#3747 = DIRECTION ( 'NONE',  ( 0.000000000000000000, -1.000000000000000000, 0.000000000000000000 ) ) ;
#3748 = VERTEX_POINT ( 'NONE', #1698 ) ;
#3749 = EDGE_CURVE ( 'NONE', #4770, #665, #3135, .T. ) ;
#3750 = AXIS2_PLACEMENT_3D ( 'NONE', #9055, #6121, #9155 ) ;
#3751 = PLANE ( 'NONE',  #3077 ) ;
#3752 = LINE ( 'NONE', #1767, #8813 ) ;
#3753 = CARTESIAN_POINT ( 'NONE',  ( -1.473500000000001586, 4.254999999999998117, -0.7500393700787405526 ) ) ;
#3754 = ORIENTED_EDGE ( 'NONE', *, *, #4444, .T. ) ;
#3755 = DIRECTION ( 'NONE',  ( -0.000000000000000000, 0.000000000000000000, 1.000000000000000000 ) ) ;
#3756 = ORIENTED_EDGE ( 'NONE', *, *, #5652, .T. ) ;
#3757 = CARTESIAN_POINT ( 'NONE',  ( -1.661500000000000865, -2.245000000000001883, -0.7500393700787405526 ) ) ;
#3758 = VERTEX_POINT ( 'NONE', #3694 ) ;
#3759 = ORIENTED_EDGE ( 'NONE', *, *, #4884, .T. ) ;
#3760 = LINE ( 'NONE', #5890, #1663 ) ;
#3761 = VECTOR ( 'NONE', #4489, 39.37007874015748143 ) ;
#3762 = CARTESIAN_POINT ( 'NONE',  ( -0.8485000000000026965, 2.254999999999998561, 0.000000000000000000 ) ) ;
#3763 = DIRECTION ( 'NONE',  ( 0.000000000000000000, -1.000000000000000000, -0.000000000000000000 ) ) ;
#3764 = VERTEX_POINT ( 'NONE', #1561 ) ;
#3765 = FACE_BOUND ( 'NONE', #2152, .T. ) ;
#3766 = ADVANCED_FACE ( 'NONE', ( #4379 ), #4426, .F. ) ;
#3767 = CARTESIAN_POINT ( 'NONE',  ( -4.598500000000003141, 2.254999999999998561, -0.7500393700787405526 ) ) ;
#3768 = DIRECTION ( 'NONE',  ( -1.000000000000000000, 0.000000000000000000, -0.000000000000000000 ) ) ;
#3769 = ORIENTED_EDGE ( 'NONE', *, *, #2148, .T. ) ;
#3770 = LINE ( 'NONE', #2773, #1009 ) ;
#3771 = EDGE_LOOP ( 'NONE', ( #9049, #61, #2258, #8027 ) ) ;
#3772 = ORIENTED_EDGE ( 'NONE', *, *, #2300, .F. ) ;
#3773 = FACE_OUTER_BOUND ( 'NONE', #4649, .T. ) ;
#3774 = ORIENTED_EDGE ( 'NONE', *, *, #213, .T. ) ;
#3775 = CARTESIAN_POINT ( 'NONE',  ( -3.348500000000002697, -1.745000000000001217, 0.000000000000000000 ) ) ;
#3776 = AXIS2_PLACEMENT_3D ( 'NONE', #7135, #763, #7948 ) ;
#3777 = DIRECTION ( 'NONE',  ( -6.244223985518316914E-16, 1.000000000000000000, 0.000000000000000000 ) ) ;
#3778 = EDGE_CURVE ( 'NONE', #8389, #5067, #957, .T. ) ;
#3779 = ORIENTED_EDGE ( 'NONE', *, *, #5121, .F. ) ;
#3780 = CARTESIAN_POINT ( 'NONE',  ( -7.098500000000003141, -5.745000000000000995, 0.000000000000000000 ) ) ;
#3781 = EDGE_CURVE ( 'NONE', #492, #1754, #3735, .T. ) ;
#3782 = DIRECTION ( 'NONE',  ( 1.000000000000000000, 0.000000000000000000, 0.000000000000000000 ) ) ;
#3783 = DIRECTION ( 'NONE',  ( -1.000000000000000000, 0.000000000000000000, 0.000000000000000000 ) ) ;
#3784 = DIRECTION ( 'NONE',  ( -0.000000000000000000, -0.000000000000000000, 1.000000000000000000 ) ) ;
#3785 = DIRECTION ( 'NONE',  ( 0.000000000000000000, 0.000000000000000000, -1.000000000000000000 ) ) ;
#3786 = LINE ( 'NONE', #2400, #6332 ) ;
#3787 = ADVANCED_FACE ( 'NONE', ( #6618 ), #5075, .F. ) ;
#3788 = ORIENTED_EDGE ( 'NONE', *, *, #1078, .T. ) ;
#3789 = FACE_OUTER_BOUND ( 'NONE', #6399, .T. ) ;
#3790 = CARTESIAN_POINT ( 'NONE',  ( -8.469999999999997087, 10.78499999999999481, -0.1199999999999999956 ) ) ;
#3791 = ORIENTED_EDGE ( 'NONE', *, *, #2865, .F. ) ;
#3792 = DIRECTION ( 'NONE',  ( -1.000000000000000000, 0.000000000000000000, 0.000000000000000000 ) ) ;
#3793 = LINE ( 'NONE', #279, #8301 ) ;
#3794 = ORIENTED_EDGE ( 'NONE', *, *, #3460, .T. ) ;
#3795 = AXIS2_PLACEMENT_3D ( 'NONE', #5683, #3604, #83 ) ;
#3796 = DIRECTION ( 'NONE',  ( 0.000000000000000000, -1.000000000000000000, 3.169856808907805887E-15 ) ) ;
#3797 = ADVANCED_FACE ( 'NONE', ( #1049 ), #7416, .T. ) ;
#3798 = CARTESIAN_POINT ( 'NONE',  ( -2.098500000000002697, -6.245000000000001883, -0.7500393700787405526 ) ) ;
#3799 = LINE ( 'NONE', #4490, #2541 ) ;
#3800 = ORIENTED_EDGE ( 'NONE', *, *, #2591, .F. ) ;
#3801 = VECTOR ( 'NONE', #8750, 39.37007874015748143 ) ;
#3802 = ADVANCED_FACE ( 'NONE', ( #5908 ), #168, .F. ) ;
#3803 = AXIS2_PLACEMENT_3D ( 'NONE', #8714, #3699, #6539 ) ;
#3804 = FACE_OUTER_BOUND ( 'NONE', #8977, .T. ) ;
#3805 = ORIENTED_EDGE ( 'NONE', *, *, #9117, .F. ) ;
#3806 = DIRECTION ( 'NONE',  ( 0.000000000000000000, -1.000000000000000000, 0.000000000000000000 ) ) ;
#3807 = VECTOR ( 'NONE', #4655, 39.37007874015748143 ) ;
#3808 = ORIENTED_EDGE ( 'NONE', *, *, #4383, .T. ) ;
#3809 = VERTEX_POINT ( 'NONE', #870 ) ;
#3810 = CARTESIAN_POINT ( 'NONE',  ( -8.719999999999998863, -10.78500000000000192, -0.06003937007874015491 ) ) ;
#3811 = CARTESIAN_POINT ( 'NONE',  ( -3.348500000000002697, -1.745000000000001217, -0.7500393700787405526 ) ) ;
#3812 = LINE ( 'NONE', #2374, #7198 ) ;
#3813 = ORIENTED_EDGE ( 'NONE', *, *, #2158, .F. ) ;
#3814 = CARTESIAN_POINT ( 'NONE',  ( 2.655999999999997030, -10.56500000000000128, -0.7500393700787405526 ) ) ;
#3815 = VECTOR ( 'NONE', #3407, 39.37007874015748143 ) ;
#3816 = AXIS2_PLACEMENT_3D ( 'NONE', #2301, #7884, #4387 ) ;
#3817 = CARTESIAN_POINT ( 'NONE',  ( -1.473500000000001586, -3.745000000000001883, 0.000000000000000000 ) ) ;
#3818 = PLANE ( 'NONE',  #6640 ) ;
#3819 = VERTEX_POINT ( 'NONE', #5857 ) ;
#3820 = DIRECTION ( 'NONE',  ( 0.000000000000000000, -1.000000000000000000, -3.167359992654216647E-15 ) ) ;
#3821 = ORIENTED_EDGE ( 'NONE', *, *, #7711, .F. ) ;
#3822 = AXIS2_PLACEMENT_3D ( 'NONE', #2657, #7581, #7543 ) ;
#3823 = VECTOR ( 'NONE', #1276, 39.37007874015748143 ) ;
#3824 = AXIS2_PLACEMENT_3D ( 'NONE', #2505, #5975, #3099 ) ;
#3825 = ORIENTED_EDGE ( 'NONE', *, *, #6421, .T. ) ;
#3826 = CARTESIAN_POINT ( 'NONE',  ( -1.036500000000001975, -3.745000000000001883, 0.000000000000000000 ) ) ;
#3827 = EDGE_CURVE ( 'NONE', #8785, #7163, #8704, .T. ) ;
#3828 = ORIENTED_EDGE ( 'NONE', *, *, #5551, .T. ) ;
#3829 = LINE ( 'NONE', #306, #6409 ) ;
#3830 = CARTESIAN_POINT ( 'NONE',  ( 8.720000000000000639, -6.945000000000003837, -0.4399999999999921751 ) ) ;
#3831 = VERTEX_POINT ( 'NONE', #8656 ) ;
#3832 = DIRECTION ( 'NONE',  ( 1.000000000000000000, -2.500547362621746538E-15, 0.000000000000000000 ) ) ;
#3833 = VECTOR ( 'NONE', #3276, 39.37007874015748143 ) ;
#3834 = CARTESIAN_POINT ( 'NONE',  ( -8.469999999999998863, -10.84500000000000242, -0.7500000000000003331 ) ) ;
#3835 = CARTESIAN_POINT ( 'NONE',  ( 8.660000000000001918, -6.945000000000003837, -0.4399999999999923972 ) ) ;
#3836 = CARTESIAN_POINT ( 'NONE',  ( -2.286500000000001975, -0.2450000000000024380, 0.000000000000000000 ) ) ;
#3837 = ADVANCED_FACE ( 'NONE', ( #7365 ), #8109, .F. ) ;
#3838 = FACE_BOUND ( 'NONE', #1605, .T. ) ;
#3839 = ORIENTED_EDGE ( 'NONE', *, *, #3068, .T. ) ;
#3840 = LINE ( 'NONE', #2302, #255 ) ;
#3841 = VERTEX_POINT ( 'NONE', #2295 ) ;
#3842 = ORIENTED_EDGE ( 'NONE', *, *, #795, .T. ) ;
#3843 = CARTESIAN_POINT ( 'NONE',  ( -1.661500000000000865, -5.745000000000000995, 0.000000000000000000 ) ) ;
#3844 = DIRECTION ( 'NONE',  ( -0.000000000000000000, -0.000000000000000000, 1.000000000000000000 ) ) ;
#3845 = ORIENTED_EDGE ( 'NONE', *, *, #6453, .T. ) ;
#3846 = DIRECTION ( 'NONE',  ( -0.000000000000000000, -0.000000000000000000, 1.000000000000000000 ) ) ;
#3847 = EDGE_CURVE ( 'NONE', #1804, #6098, #2440, .T. ) ;
#3848 = EDGE_CURVE ( 'NONE', #4647, #8180, #5264, .T. ) ;
#3849 = CARTESIAN_POINT ( 'NONE',  ( -8.720000000000004192, -5.565000000000003944, -0.4400000000000474087 ) ) ;
#3850 = CARTESIAN_POINT ( 'NONE',  ( -4.598500000000003141, 2.254999999999998561, -0.06000000000000004635 ) ) ;
#3851 = LINE ( 'NONE', #7438, #7663 ) ;
#3852 = VERTEX_POINT ( 'NONE', #1609 ) ;
#3853 = CARTESIAN_POINT ( 'NONE',  ( -7.098500000000003141, -9.745000000000000995, 0.000000000000000000 ) ) ;
#3854 = AXIS2_PLACEMENT_3D ( 'NONE', #3247, #7287, #8028 ) ;
#3855 = ORIENTED_EDGE ( 'NONE', *, *, #1832, .T. ) ;
#3856 = ORIENTED_EDGE ( 'NONE', *, *, #1434, .F. ) ;
#3857 = DIRECTION ( 'NONE',  ( -1.000000000000000000, 0.000000000000000000, 0.000000000000000000 ) ) ;
#3858 = EDGE_CURVE ( 'NONE', #4805, #742, #8752, .T. ) ;
#3859 = FACE_OUTER_BOUND ( 'NONE', #4333, .T. ) ;
#3860 = CARTESIAN_POINT ( 'NONE',  ( -4.598500000000003141, -9.745000000000000995, 0.000000000000000000 ) ) ;
#3861 = ORIENTED_EDGE ( 'NONE', *, *, #3502, .T. ) ;
#3862 = DIRECTION ( 'NONE',  ( 0.000000000000000000, 1.000000000000000000, 0.000000000000000000 ) ) ;
#3863 = PLANE ( 'NONE',  #6148 ) ;
#3864 = EDGE_CURVE ( 'NONE', #425, #12, #5214, .T. ) ;
#3865 = CARTESIAN_POINT ( 'NONE',  ( -4.598500000000003141, 1.754999999999998117, -0.7500393700787405526 ) ) ;
#3866 = DIRECTION ( 'NONE',  ( 1.000000000000000000, 0.000000000000000000, 0.000000000000000000 ) ) ;
#3867 = EDGE_LOOP ( 'NONE', ( #2762, #397, #2253, #2163 ) ) ;
#3868 = DIRECTION ( 'NONE',  ( 0.000000000000000000, -1.000000000000000000, 0.000000000000000000 ) ) ;
#3869 = EDGE_LOOP ( 'NONE', ( #6276, #7182, #6128, #6412 ) ) ;
#3870 = VECTOR ( 'NONE', #8967, 39.37007874015748143 ) ;
#3871 = ORIENTED_EDGE ( 'NONE', *, *, #4031, .F. ) ;
#3872 = CARTESIAN_POINT ( 'NONE',  ( -5.411500000000001087, -5.745000000000000995, -0.06000000000000004635 ) ) ;
#3873 = VERTEX_POINT ( 'NONE', #4562 ) ;
#3874 = DIRECTION ( 'NONE',  ( -1.000000000000000000, 0.000000000000000000, 0.000000000000000000 ) ) ;
#3875 = CARTESIAN_POINT ( 'NONE',  ( -4.786500000000001975, 3.754999999999997673, -0.06000000000000004635 ) ) ;
#3876 = ORIENTED_EDGE ( 'NONE', *, *, #7033, .T. ) ;
#3877 = AXIS2_PLACEMENT_3D ( 'NONE', #8862, #5127, #2453 ) ;
#3878 = DIRECTION ( 'NONE',  ( 3.122111992759157471E-16, 1.000000000000000000, 0.000000000000000000 ) ) ;
#3879 = VECTOR ( 'NONE', #2897, 39.37007874015748143 ) ;
#3880 = FACE_OUTER_BOUND ( 'NONE', #6468, .T. ) ;
#3881 = CARTESIAN_POINT ( 'NONE',  ( 0.000000000000000000, 10.77899999999999636, 0.000000000000000000 ) ) ;
#3882 = CARTESIAN_POINT ( 'NONE',  ( 2.655999999999997030, -10.56500000000000128, -0.06000000000000004635 ) ) ;
#3883 = VECTOR ( 'NONE', #6601, 39.37007874015748143 ) ;
#3884 = CARTESIAN_POINT ( 'NONE',  ( -4.786500000000001975, -0.2450000000000024380, -0.06000000000000004635 ) ) ;
#3885 = EDGE_CURVE ( 'NONE', #7425, #4497, #6723, .T. ) ;
#3886 = ORIENTED_EDGE ( 'NONE', *, *, #7641, .T. ) ;
#3887 = LINE ( 'NONE', #2350, #4989 ) ;
#3888 = LINE ( 'NONE', #3322, #579 ) ;
#3889 = EDGE_CURVE ( 'NONE', #9143, #533, #8611, .T. ) ;
#3890 = ORIENTED_EDGE ( 'NONE', *, *, #5943, .T. ) ;
#3891 = DIRECTION ( 'NONE',  ( -1.000000000000000000, 0.000000000000000000, 0.000000000000000000 ) ) ;
#3892 = EDGE_LOOP ( 'NONE', ( #561, #6598, #4831, #5585 ) ) ;
#3893 = LINE ( 'NONE', #5278, #8019 ) ;
#3894 = CARTESIAN_POINT ( 'NONE',  ( -4.598500000000003141, 9.754999999999999005, -0.06000000000000004635 ) ) ;
#3895 = ORIENTED_EDGE ( 'NONE', *, *, #5831, .F. ) ;
#3896 = FACE_BOUND ( 'NONE', #52, .T. ) ;
#3897 = FACE_OUTER_BOUND ( 'NONE', #1313, .T. ) ;
#3898 = DIRECTION ( 'NONE',  ( -1.000000000000000000, 0.000000000000000000, 0.000000000000000000 ) ) ;
#3899 = VERTEX_POINT ( 'NONE', #1792 ) ;
#3900 = EDGE_CURVE ( 'NONE', #1901, #4422, #3232, .T. ) ;
#3901 = LINE ( 'NONE', #505, #6620 ) ;
#3902 = EDGE_CURVE ( 'NONE', #7786, #1219, #6903, .T. ) ;
#3903 = VECTOR ( 'NONE', #289, 39.37007874015748143 ) ;
#3904 = EDGE_LOOP ( 'NONE', ( #4527, #7401 ) ) ;
#3905 = DIRECTION ( 'NONE',  ( -0.000000000000000000, -0.000000000000000000, 1.000000000000000000 ) ) ;
#3906 = EDGE_LOOP ( 'NONE', ( #6512, #454, #4641, #3290 ) ) ;
#3907 = FACE_BOUND ( 'NONE', #6017, .T. ) ;
#3908 = CARTESIAN_POINT ( 'NONE',  ( 8.470000000000000639, -10.84500000000000242, -0.7500000000000002220 ) ) ;
#3909 = DIRECTION ( 'NONE',  ( -0.000000000000000000, -0.000000000000000000, 1.000000000000000000 ) ) ;
#3910 = ORIENTED_EDGE ( 'NONE', *, *, #5073, .F. ) ;
#3911 = LINE ( 'NONE', #6754, #7249 ) ;
#3912 = FACE_BOUND ( 'NONE', #2025, .T. ) ;
#3913 = AXIS2_PLACEMENT_3D ( 'NONE', #6514, #150, #5796 ) ;
#3914 = CARTESIAN_POINT ( 'NONE',  ( -2.911500000000002863, 9.754999999999999005, -0.7500393700787405526 ) ) ;
#3915 = EDGE_CURVE ( 'NONE', #1990, #7332, #455, .T. ) ;
#3916 = CARTESIAN_POINT ( 'NONE',  ( -0.4115000000000008096, -6.245000000000001883, 0.000000000000000000 ) ) ;
#3917 = ORIENTED_EDGE ( 'NONE', *, *, #3615, .F. ) ;
#3918 = CARTESIAN_POINT ( 'NONE',  ( -8.720000000000004192, -6.945000000000003837, -0.4920000000000474549 ) ) ;
#3919 = ORIENTED_EDGE ( 'NONE', *, *, #5822, .T. ) ;
#3920 = DIRECTION ( 'NONE',  ( 0.000000000000000000, -0.000000000000000000, 1.000000000000000000 ) ) ;
#3921 = EDGE_CURVE ( 'NONE', #2218, #1633, #1839, .T. ) ;
#3922 = ORIENTED_EDGE ( 'NONE', *, *, #6919, .T. ) ;
#3923 = DIRECTION ( 'NONE',  ( 0.000000000000000000, 0.000000000000000000, -1.000000000000000000 ) ) ;
#3924 = APPLICATION_PROTOCOL_DEFINITION ( 'draft international standard', 'automotive_design', 1998, #8874 ) ;
#3925 = ORIENTED_EDGE ( 'NONE', *, *, #3692, .T. ) ;
#3926 = DIRECTION ( 'NONE',  ( -0.000000000000000000, -0.000000000000000000, 1.000000000000000000 ) ) ;
#3927 = EDGE_CURVE ( 'NONE', #703, #6610, #4057, .T. ) ;
#3928 = LINE ( 'NONE', #5215, #8271 ) ;
#3929 = FACE_OUTER_BOUND ( 'NONE', #358, .T. ) ;
#3930 = ORIENTED_EDGE ( 'NONE', *, *, #7832, .T. ) ;
#3931 = DIRECTION ( 'NONE',  ( -0.000000000000000000, 1.000000000000000000, -0.000000000000000000 ) ) ;
#3932 = VECTOR ( 'NONE', #2662, 39.37007874015748143 ) ;
#3933 = DIRECTION ( 'NONE',  ( 1.000000000000000000, 6.244223985518316914E-16, 0.000000000000000000 ) ) ;
#3934 = EDGE_LOOP ( 'NONE', ( #5184, #2327, #1236, #8824 ) ) ;
#3935 = DIRECTION ( 'NONE',  ( -0.000000000000000000, -0.000000000000000000, 1.000000000000000000 ) ) ;
#3936 = PLANE ( 'NONE',  #9185 ) ;
#3937 = VECTOR ( 'NONE', #8508, 39.37007874015748143 ) ;
#3938 = CARTESIAN_POINT ( 'NONE',  ( -2.098500000000002697, 9.754999999999999005, -0.7500393700787405526 ) ) ;
#3939 = ORIENTED_EDGE ( 'NONE', *, *, #5915, .F. ) ;
#3940 = DIRECTION ( 'NONE',  ( -0.000000000000000000, -0.000000000000000000, 1.000000000000000000 ) ) ;
#3941 = LINE ( 'NONE', #7382, #4270 ) ;
#3942 = ORIENTED_EDGE ( 'NONE', *, *, #2097, .T. ) ;
#3943 = FACE_BOUND ( 'NONE', #6318, .T. ) ;
#3944 = ORIENTED_EDGE ( 'NONE', *, *, #6364, .T. ) ;
#3945 = CARTESIAN_POINT ( 'NONE',  ( -3.348500000000002697, 2.254999999999998561, -0.7500393700787405526 ) ) ;
#3946 = EDGE_CURVE ( 'NONE', #1831, #9128, #1193, .T. ) ;
#3947 = CIRCLE ( 'NONE', #543, 0.05200000000000001843 ) ;
#3948 = DIRECTION ( 'NONE',  ( 0.000000000000000000, -0.000000000000000000, -1.000000000000000000 ) ) ;
#3949 = ORIENTED_EDGE ( 'NONE', *, *, #7111, .T. ) ;
#3950 = DIRECTION ( 'NONE',  ( 0.000000000000000000, -1.000000000000000000, 0.000000000000000000 ) ) ;
#3951 = LINE ( 'NONE', #6269, #4946 ) ;
#3952 = DIRECTION ( 'NONE',  ( 0.000000000000000000, 1.000000000000000000, 0.000000000000000000 ) ) ;
#3953 = EDGE_CURVE ( 'NONE', #6145, #7712, #5315, .T. ) ;
#3954 = VERTEX_POINT ( 'NONE', #536 ) ;
#3955 = PLANE ( 'NONE',  #7115 ) ;
#3956 = CARTESIAN_POINT ( 'NONE',  ( -3.973500000000001808, -7.745000000000001883, -0.05999999999999999778 ) ) ;
#3957 = CIRCLE ( 'NONE', #2317, 0.1559999999999996390 ) ;
#3958 = DIRECTION ( 'NONE',  ( 0.000000000000000000, 1.000000000000000000, 0.000000000000000000 ) ) ;
#3959 = CIRCLE ( 'NONE', #7375, 0.05200000000000001843 ) ;
#3960 = CARTESIAN_POINT ( 'NONE',  ( -3.348500000000002697, -5.745000000000000995, 0.000000000000000000 ) ) ;
#3961 = VERTEX_POINT ( 'NONE', #6819 ) ;
#3962 = CARTESIAN_POINT ( 'NONE',  ( -6.036500000000001975, -0.2450000000000024380, -0.06000000000000004635 ) ) ;
#3963 = ORIENTED_EDGE ( 'NONE', *, *, #8321, .T. ) ;
#3964 = VERTEX_POINT ( 'NONE', #3358 ) ;
#3965 = DIRECTION ( 'NONE',  ( 0.000000000000000000, -0.000000000000000000, -1.000000000000000000 ) ) ;
#3966 = CIRCLE ( 'NONE', #3975, 0.05200000000000001843 ) ;
#3967 = ADVANCED_FACE ( 'NONE', ( #6057 ), #4102, .F. ) ;
#3968 = VECTOR ( 'NONE', #3085, 39.37007874015748143 ) ;
#3969 = ORIENTED_EDGE ( 'NONE', *, *, #6878, .T. ) ;
#3971 = EDGE_CURVE ( 'NONE', #3342, #8694, #6860, .T. ) ;
#3970 = LINE ( 'NONE', #6817, #5054 ) ;
#3972 = ORIENTED_EDGE ( 'NONE', *, *, #3692, .F. ) ;
#3973 = DIRECTION ( 'NONE',  ( 0.000000000000000000, 1.000000000000000000, 0.000000000000000000 ) ) ;
#3974 = LINE ( 'NONE', #8847, #3364 ) ;
#3975 = AXIS2_PLACEMENT_3D ( 'NONE', #1642, #4459, #727 ) ;
#3976 = VECTOR ( 'NONE', #920, 39.37007874015748143 ) ;
#3977 = VERTEX_POINT ( 'NONE', #3275 ) ;
#3978 = CARTESIAN_POINT ( 'NONE',  ( -4.786500000000001975, 0.2549999999999985056, 0.000000000000000000 ) ) ;
#3979 = EDGE_CURVE ( 'NONE', #5067, #6992, #7464, .T. ) ;
#3980 = LINE ( 'NONE', #1843, #2788 ) ;
#3981 = VECTOR ( 'NONE', #4897, 39.37007874015748143 ) ;
#3982 = ORIENTED_EDGE ( 'NONE', *, *, #1989, .F. ) ;
#3983 = CARTESIAN_POINT ( 'NONE',  ( -8.600000000000001421, -10.78500000000000192, -0.1199999999999999956 ) ) ;
#3984 = CARTESIAN_POINT ( 'NONE',  ( -8.720000000000002416, 10.78499999999999837, 0.000000000000000000 ) ) ;
#3985 = DIRECTION ( 'NONE',  ( -1.000000000000000000, 0.000000000000000000, -0.000000000000000000 ) ) ;
#3986 = EDGE_LOOP ( 'NONE', ( #6054, #1872, #7782, #7929 ) ) ;
#3987 = DIRECTION ( 'NONE',  ( 0.000000000000000000, 1.000000000000000000, 0.000000000000000000 ) ) ;
#3988 = DIRECTION ( 'NONE',  ( 0.000000000000000000, -1.000000000000000000, 0.000000000000000000 ) ) ;
#3989 = CIRCLE ( 'NONE', #7989, 0.05200000000000001843 ) ;
#3990 = ORIENTED_EDGE ( 'NONE', *, *, #87, .F. ) ;
#3991 = FACE_BOUND ( 'NONE', #6499, .T. ) ;
#3992 = VERTEX_POINT ( 'NONE', #8846 ) ;
#3993 = EDGE_LOOP ( 'NONE', ( #4553, #5396, #2511, #1587 ) ) ;
#3994 = CARTESIAN_POINT ( 'NONE',  ( -6.473500000000002252, -0.2450000000000024380, 0.000000000000000000 ) ) ;
#3995 = EDGE_LOOP ( 'NONE', ( #6617, #6419, #6023, #977 ) ) ;
#3996 = ORIENTED_EDGE ( 'NONE', *, *, #5560, .T. ) ;
#3997 = CARTESIAN_POINT ( 'NONE',  ( -4.598500000000003141, -1.745000000000001217, -0.7500393700787405526 ) ) ;
#3998 = LINE ( 'NONE', #6841, #1689 ) ;
#3999 = LINE ( 'NONE', #437, #6092 ) ;
#4000 = ORIENTED_EDGE ( 'NONE', *, *, #8594, .T. ) ;
#4001 = CARTESIAN_POINT ( 'NONE',  ( -2.098500000000002697, 2.254999999999998561, -0.7500393700787405526 ) ) ;
#4002 = FACE_BOUND ( 'NONE', #192, .T. ) ;
#4003 = LINE ( 'NONE', #1781, #4665 ) ;
#4004 = CARTESIAN_POINT ( 'NONE',  ( -7.098500000000003141, -1.745000000000001217, -0.7500393700787405526 ) ) ;
#4005 = ORIENTED_EDGE ( 'NONE', *, *, #8580, .F. ) ;
#4006 = DIRECTION ( 'NONE',  ( 0.000000000000000000, 0.000000000000000000, -1.000000000000000000 ) ) ;
#4007 = EDGE_CURVE ( 'NONE', #7345, #6698, #4014, .T. ) ;
#4008 = ORIENTED_EDGE ( 'NONE', *, *, #6749, .F. ) ;
#4009 = ORIENTED_EDGE ( 'NONE', *, *, #4964, .F. ) ;
#4010 = CARTESIAN_POINT ( 'NONE',  ( -3.973500000000001808, -3.745000000000001883, 0.000000000000000000 ) ) ;
#4011 = ORIENTED_EDGE ( 'NONE', *, *, #6076, .T. ) ;
#4012 = LINE ( 'NONE', #2018, #5205 ) ;
#4013 = EDGE_CURVE ( 'NONE', #8785, #904, #496, .T. ) ;
#4014 = LINE ( 'NONE', #6100, #705 ) ;
#4015 = LINE ( 'NONE', #5961, #5876 ) ;
#4016 = EDGE_CURVE ( 'NONE', #1260, #2582, #586, .T. ) ;
#4017 = EDGE_CURVE ( 'NONE', #1192, #7257, #405, .T. ) ;
#4018 = CARTESIAN_POINT ( 'NONE',  ( -7.098500000000003141, 5.754999999999998117, 0.000000000000000000 ) ) ;
#4019 = FACE_OUTER_BOUND ( 'NONE', #9036, .T. ) ;
#4020 = AXIS2_PLACEMENT_3D ( 'NONE', #7024, #7809, #2878 ) ;
#4021 = VERTEX_POINT ( 'NONE', #2579 ) ;
#4022 = DIRECTION ( 'NONE',  ( -0.000000000000000000, 1.000000000000000000, -0.000000000000000000 ) ) ;
#4023 = CARTESIAN_POINT ( 'NONE',  ( -5.848500000000003141, -9.745000000000000995, -0.7500393700787405526 ) ) ;
#4024 = EDGE_CURVE ( 'NONE', #3429, #8577, #7510, .T. ) ;
#4025 = EDGE_CURVE ( 'NONE', #488, #6722, #3514, .T. ) ;
#4026 = ORIENTED_EDGE ( 'NONE', *, *, #8787, .F. ) ;
#4027 = DIRECTION ( 'NONE',  ( 0.000000000000000000, -1.000000000000000000, 0.000000000000000000 ) ) ;
#4028 = ORIENTED_EDGE ( 'NONE', *, *, #2273, .F. ) ;
#4029 = VECTOR ( 'NONE', #8642, 39.37007874015748143 ) ;
#4030 = ORIENTED_EDGE ( 'NONE', *, *, #6869, .T. ) ;
#4031 = EDGE_CURVE ( 'NONE', #3215, #5676, #2618, .T. ) ;
#4032 = PLANE ( 'NONE',  #706 ) ;
#4033 = AXIS2_PLACEMENT_3D ( 'NONE', #6475, #8687, #2328 ) ;
#4034 = EDGE_CURVE ( 'NONE', #3454, #5684, #6337, .T. ) ;
#4035 = ORIENTED_EDGE ( 'NONE', *, *, #346, .T. ) ;
#4036 = CARTESIAN_POINT ( 'NONE',  ( -2.911500000000001087, 5.754999999999998117, -0.7500393700787405526 ) ) ;
#4037 = ORIENTED_EDGE ( 'NONE', *, *, #6982, .T. ) ;
#4038 = ORIENTED_EDGE ( 'NONE', *, *, #3953, .F. ) ;
#4039 = CARTESIAN_POINT ( 'NONE',  ( -1.036500000000001975, 4.254999999999998117, -0.06000000000000004635 ) ) ;
#4040 = LINE ( 'NONE', #9015, #2138 ) ;
#4041 = LINE ( 'NONE', #6886, #2839 ) ;
#4042 = ORIENTED_EDGE ( 'NONE', *, *, #6697, .T. ) ;
#4043 = DIRECTION ( 'NONE',  ( 1.000000000000000000, -2.500547362621746538E-15, 0.000000000000000000 ) ) ;
#4044 = FACE_BOUND ( 'NONE', #6317, .T. ) ;
#4045 = LINE ( 'NONE', #3914, #8392 ) ;
#4046 = CARTESIAN_POINT ( 'NONE',  ( -6.661500000000001087, -5.745000000000000995, -0.06000000000000004635 ) ) ;
#4047 = EDGE_LOOP ( 'NONE', ( #4082, #2974, #2727, #8269 ) ) ;
#4048 = DIRECTION ( 'NONE',  ( 0.000000000000000000, 0.000000000000000000, -1.000000000000000000 ) ) ;
#4049 = ORIENTED_EDGE ( 'NONE', *, *, #7202, .T. ) ;
#4050 = VECTOR ( 'NONE', #6696, 39.37007874015748143 ) ;
#4051 = ORIENTED_EDGE ( 'NONE', *, *, #3401, .F. ) ;
#4052 = CARTESIAN_POINT ( 'NONE',  ( -6.473500000000002252, -7.745000000000001883, -0.7500393700787405526 ) ) ;
#4053 = ORIENTED_EDGE ( 'NONE', *, *, #8854, .T. ) ;
#4054 = DIRECTION ( 'NONE',  ( -1.000000000000000000, -0.000000000000000000, -0.000000000000000000 ) ) ;
#4055 = EDGE_CURVE ( 'NONE', #6367, #6210, #5586, .T. ) ;
#4056 = ORIENTED_EDGE ( 'NONE', *, *, #3864, .T. ) ;
#4057 = LINE ( 'NONE', #6770, #1585 ) ;
#4058 = CARTESIAN_POINT ( 'NONE',  ( -4.786500000000001975, -3.745000000000001883, 0.000000000000000000 ) ) ;
#4059 = ORIENTED_EDGE ( 'NONE', *, *, #7042, .F. ) ;
#4060 = ORIENTED_EDGE ( 'NONE', *, *, #6292, .F. ) ;
#4061 = CARTESIAN_POINT ( 'NONE',  ( -5.411500000000001087, 1.754999999999998117, 0.000000000000000000 ) ) ;
#4062 = VECTOR ( 'NONE', #7773, 39.37007874015748143 ) ;
#4063 = DIRECTION ( 'NONE',  ( 0.000000000000000000, 1.000000000000000000, 0.000000000000000000 ) ) ;
#4064 = EDGE_CURVE ( 'NONE', #3296, #8408, #3549, .T. ) ;
#4065 = ADVANCED_FACE ( 'NONE', ( #4189 ), #1373, .F. ) ;
#4066 = ORIENTED_EDGE ( 'NONE', *, *, #9026, .T. ) ;
#4067 = DIRECTION ( 'NONE',  ( -1.000000000000000000, 0.000000000000000000, 0.000000000000000000 ) ) ;
#4068 = CARTESIAN_POINT ( 'NONE',  ( -3.536500000000001975, -0.2450000000000024380, -0.7500393700787405526 ) ) ;
#4069 = PLANE ( 'NONE',  #5420 ) ;
#4070 = PLANE ( 'NONE',  #8766 ) ;
#4071 = ORIENTED_EDGE ( 'NONE', *, *, #7084, .F. ) ;
#4072 = PLANE ( 'NONE',  #1931 ) ;
#4073 = EDGE_LOOP ( 'NONE', ( #4818, #6256, #2822, #1967 ) ) ;
#4074 = ORIENTED_EDGE ( 'NONE', *, *, #62, .T. ) ;
#4075 = EDGE_CURVE ( 'NONE', #3073, #2713, #3959, .T. ) ;
#4076 = LINE ( 'NONE', #4332, #4690 ) ;
#4077 = ADVANCED_FACE ( 'NONE', ( #629 ), #4978, .F. ) ;
#4078 = VECTOR ( 'NONE', #6094, 39.37007874015748143 ) ;
#4079 = ORIENTED_EDGE ( 'NONE', *, *, #3345, .F. ) ;
#4080 = DIRECTION ( 'NONE',  ( 1.000000000000000000, 0.000000000000000000, 0.000000000000000000 ) ) ;
#4081 = EDGE_CURVE ( 'NONE', #8475, #7736, #7825, .T. ) ;
#4082 = ORIENTED_EDGE ( 'NONE', *, *, #8965, .T. ) ;
#4083 = ORIENTED_EDGE ( 'NONE', *, *, #8839, .T. ) ;
#4084 = CARTESIAN_POINT ( 'NONE',  ( 8.720000000000000639, -5.565000000000003944, -0.4399999999999921751 ) ) ;
#4085 = DIRECTION ( 'NONE',  ( 1.000000000000000000, -0.000000000000000000, 0.000000000000000000 ) ) ;
#4086 = CYLINDRICAL_SURFACE ( 'NONE', #5930, 0.06000000000000099698 ) ;
#4087 = ORIENTED_EDGE ( 'NONE', *, *, #7051, .F. ) ;
#4088 = DIRECTION ( 'NONE',  ( -0.000000000000000000, -0.000000000000000000, 1.000000000000000000 ) ) ;
#4089 = DIRECTION ( 'NONE',  ( 0.000000000000000000, 0.000000000000000000, -1.000000000000000000 ) ) ;
#4090 = EDGE_CURVE ( 'NONE', #2286, #5531, #4890, .T. ) ;
#4091 = CARTESIAN_POINT ( 'NONE',  ( -8.475999999999999091, -10.90500000000000114, -0.05999999999999901246 ) ) ;
#4092 = CARTESIAN_POINT ( 'NONE',  ( -3.536500000000001975, -7.745000000000001883, 0.000000000000000000 ) ) ;
#4093 = EDGE_LOOP ( 'NONE', ( #3477, #3498, #7380, #6180 ) ) ;
#4094 = DIRECTION ( 'NONE',  ( -1.000000000000000000, 0.000000000000000000, 0.000000000000000000 ) ) ;
#4095 = EDGE_LOOP ( 'NONE', ( #1372, #4695, #6875, #3595 ) ) ;
#4096 = CARTESIAN_POINT ( 'NONE',  ( -5.848500000000003141, -9.745000000000000995, 0.000000000000000000 ) ) ;
#4097 = VECTOR ( 'NONE', #5772, 39.37007874015748143 ) ;
#4098 = FACE_OUTER_BOUND ( 'NONE', #6588, .T. ) ;
#4099 = LINE ( 'NONE', #8980, #7927 ) ;
#4100 = VECTOR ( 'NONE', #5513, 39.37007874015748143 ) ;
#4101 = ORIENTED_EDGE ( 'NONE', *, *, #2045, .T. ) ;
#4102 = CYLINDRICAL_SURFACE ( 'NONE', #7677, 0.06000000000000099698 ) ;
#4103 = CARTESIAN_POINT ( 'NONE',  ( -4.161500000000001087, -2.245000000000001883, 0.000000000000000000 ) ) ;
#4104 = VERTEX_POINT ( 'NONE', #6432 ) ;
#4105 = DIRECTION ( 'NONE',  ( 1.000000000000000000, 0.000000000000000000, 0.000000000000000000 ) ) ;
#4106 = VECTOR ( 'NONE', #8300, 39.37007874015748143 ) ;
#4107 = CARTESIAN_POINT ( 'NONE',  ( -3.536500000000001975, -7.745000000000001883, -0.7500393700787405526 ) ) ;
#4108 = LINE ( 'NONE', #4287, #3376 ) ;
#4109 = AXIS2_PLACEMENT_3D ( 'NONE', #204, #1782, #6662 ) ;
#4110 = ORIENTED_EDGE ( 'NONE', *, *, #7353, .T. ) ;
#4111 = DIRECTION ( 'NONE',  ( 0.000000000000000000, 1.000000000000000000, 0.000000000000000000 ) ) ;
#4112 = VECTOR ( 'NONE', #6591, 39.37007874015748143 ) ;
#4113 = CARTESIAN_POINT ( 'NONE',  ( -1.473500000000001586, 3.754999999999997673, -0.7500393700787405526 ) ) ;
#4114 = DIRECTION ( 'NONE',  ( 0.000000000000000000, 0.000000000000000000, 1.000000000000000000 ) ) ;
#4115 = DIRECTION ( 'NONE',  ( 0.000000000000000000, -1.000000000000000000, 0.000000000000000000 ) ) ;
#4116 = VERTEX_POINT ( 'NONE', #4937 ) ;
#4117 = FACE_OUTER_BOUND ( 'NONE', #1735, .T. ) ;
#4118 = EDGE_CURVE ( 'NONE', #3162, #2830, #2021, .T. ) ;
#4119 = VERTEX_POINT ( 'NONE', #7689 ) ;
#4120 = VECTOR ( 'NONE', #7790, 39.37007874015748143 ) ;
#4121 = DIRECTION ( 'NONE',  ( -0.000000000000000000, -0.000000000000000000, 1.000000000000000000 ) ) ;
#4122 = VECTOR ( 'NONE', #4380, 39.37007874015748143 ) ;
#4123 = ORIENTED_EDGE ( 'NONE', *, *, #8036, .F. ) ;
#4124 = DIRECTION ( 'NONE',  ( -0.000000000000000000, -0.000000000000000000, 1.000000000000000000 ) ) ;
#4125 = ADVANCED_FACE ( 'NONE', ( #9081 ), #6340, .F. ) ;
#4126 = VERTEX_POINT ( 'NONE', #5023 ) ;
#4127 = EDGE_CURVE ( 'NONE', #1754, #8008, #768, .T. ) ;
#4128 = ORIENTED_EDGE ( 'NONE', *, *, #3864, .F. ) ;
#4129 = DIRECTION ( 'NONE',  ( 0.000000000000000000, -1.000000000000000000, 0.000000000000000000 ) ) ;
#4130 = DIRECTION ( 'NONE',  ( -0.000000000000000000, 1.000000000000000000, 0.000000000000000000 ) ) ;
#4131 = ORIENTED_EDGE ( 'NONE', *, *, #7526, .F. ) ;
#4132 = CARTESIAN_POINT ( 'NONE',  ( 0.000000000000000000, 0.000000000000000000, 0.000000000000000000 ) ) ;
#4133 = LINE ( 'NONE', #664, #7104 ) ;
#4134 = EDGE_LOOP ( 'NONE', ( #8102, #4296, #1484, #2743 ) ) ;
#4135 = CARTESIAN_POINT ( 'NONE',  ( -8.469999999999998863, -10.90500000000000469, -0.7500000000000001110 ) ) ;
#4136 = ORIENTED_EDGE ( 'NONE', *, *, #6811, .T. ) ;
#4137 = EDGE_CURVE ( 'NONE', #5017, #1804, #9126, .T. ) ;
#4138 = CARTESIAN_POINT ( 'NONE',  ( -4.598500000000003141, 6.254999999999999893, -0.7500393700787405526 ) ) ;
#4139 = DIRECTION ( 'NONE',  ( 1.000000000000000000, 0.000000000000000000, 0.000000000000000000 ) ) ;
#4140 = DIRECTION ( 'NONE',  ( -0.000000000000000000, -1.000000000000000000, -0.000000000000000000 ) ) ;
#4141 = EDGE_CURVE ( 'NONE', #2145, #9193, #4143, .T. ) ;
#4142 = EDGE_LOOP ( 'NONE', ( #6103, #22, #92, #5899 ) ) ;
#4143 = LINE ( 'NONE', #7043, #8414 ) ;
#4144 = FACE_OUTER_BOUND ( 'NONE', #594, .T. ) ;
#4145 = EDGE_LOOP ( 'NONE', ( #5376, #1511, #4186, #1694 ) ) ;
#4146 = ORIENTED_EDGE ( 'NONE', *, *, #4507, .T. ) ;
#4147 = DIRECTION ( 'NONE',  ( -0.000000000000000000, -0.000000000000000000, 1.000000000000000000 ) ) ;
#4148 = VECTOR ( 'NONE', #423, 39.37007874015748143 ) ;
#4149 = CARTESIAN_POINT ( 'NONE',  ( -1.036500000000001975, -7.745000000000001883, 0.000000000000000000 ) ) ;
#4150 = DIRECTION ( 'NONE',  ( 0.000000000000000000, 1.000000000000000000, 0.000000000000000000 ) ) ;
#4151 = LINE ( 'NONE', #9091, #6812 ) ;
#4152 = ORIENTED_EDGE ( 'NONE', *, *, #8621, .F. ) ;
#4153 = CARTESIAN_POINT ( 'NONE',  ( -0.4115000000000008096, 2.254999999999998561, 0.000000000000000000 ) ) ;
#4154 = PLANE ( 'NONE',  #5590 ) ;
#4155 = CARTESIAN_POINT ( 'NONE',  ( -2.911500000000001087, -6.245000000000001883, -0.06000000000000004635 ) ) ;
#4156 = DIRECTION ( 'NONE',  ( -0.000000000000000000, 1.000000000000000000, 0.000000000000000000 ) ) ;
#4157 = EDGE_LOOP ( 'NONE', ( #8480, #4066, #3509, #5025 ) ) ;
#4158 = CARTESIAN_POINT ( 'NONE',  ( -4.598500000000003141, -9.745000000000000995, 0.000000000000000000 ) ) ;
#4159 = ORIENTED_EDGE ( 'NONE', *, *, #222, .T. ) ;
#4160 = VERTEX_POINT ( 'NONE', #676 ) ;
#4161 = EDGE_CURVE ( 'NONE', #4651, #3342, #71, .T. ) ;
#4162 = VERTEX_POINT ( 'NONE', #2709 ) ;
#4163 = VECTOR ( 'NONE', #3043, 39.37007874015748143 ) ;
#4164 = VECTOR ( 'NONE', #4935, 39.37007874015748143 ) ;
#4165 = VERTEX_POINT ( 'NONE', #5714 ) ;
#4166 = CARTESIAN_POINT ( 'NONE',  ( -5.848500000000003141, 2.254999999999998561, -0.06000000000000004635 ) ) ;
#4167 = ORIENTED_EDGE ( 'NONE', *, *, #258, .F. ) ;
#4168 = ORIENTED_EDGE ( 'NONE', *, *, #3207, .T. ) ;
#4169 = DIRECTION ( 'NONE',  ( -0.000000000000000000, -0.000000000000000000, 1.000000000000000000 ) ) ;
#4170 = ADVANCED_FACE ( 'NONE', ( #7866 ), #3499, .F. ) ;
#4171 = CARTESIAN_POINT ( 'NONE',  ( -0.8485000000000026965, -6.245000000000001883, -0.7500393700787405526 ) ) ;
#4172 = DIRECTION ( 'NONE',  ( 0.000000000000000000, -1.000000000000000000, 0.000000000000000000 ) ) ;
#4173 = ORIENTED_EDGE ( 'NONE', *, *, #9149, .T. ) ;
#4174 = FACE_BOUND ( 'NONE', #2130, .T. ) ;
#4175 = VECTOR ( 'NONE', #1723, 39.37007874015748143 ) ;
#4176 = EDGE_CURVE ( 'NONE', #1518, #7061, #3405, .T. ) ;
#4177 = EDGE_CURVE ( 'NONE', #7816, #7673, #5434, .T. ) ;
#4178 = PLANE ( 'NONE',  #6766 ) ;
#4179 = DIRECTION ( 'NONE',  ( -0.000000000000000000, -0.000000000000000000, 1.000000000000000000 ) ) ;
#4180 = ORIENTED_EDGE ( 'NONE', *, *, #805, .F. ) ;
#4181 = CARTESIAN_POINT ( 'NONE',  ( -8.720000000000004192, 5.564999999999997726, -0.4920000000000474549 ) ) ;
#4182 = ORIENTED_EDGE ( 'NONE', *, *, #4118, .F. ) ;
#4183 = LINE ( 'NONE', #6279, #2984 ) ;
#4184 = PLANE ( 'NONE',  #5453 ) ;
#4185 = LINE ( 'NONE', #6140, #2742 ) ;
#4186 = ORIENTED_EDGE ( 'NONE', *, *, #4127, .F. ) ;
#4187 = LINE ( 'NONE', #7591, #7006 ) ;
#4188 = ADVANCED_FACE ( 'NONE', ( #4503 ), #5759, .T. ) ;
#4189 = FACE_OUTER_BOUND ( 'NONE', #4867, .T. ) ;
#4190 = DIRECTION ( 'NONE',  ( 0.000000000000000000, 1.000000000000000000, 0.000000000000000000 ) ) ;
#4191 = ORIENTED_EDGE ( 'NONE', *, *, #4456, .T. ) ;
#4192 = ORIENTED_EDGE ( 'NONE', *, *, #9096, .F. ) ;
#4193 = VECTOR ( 'NONE', #3383, 39.37007874015748143 ) ;
#4194 = VERTEX_POINT ( 'NONE', #1597 ) ;
#4195 = FACE_OUTER_BOUND ( 'NONE', #3336, .T. ) ;
#4196 = EDGE_CURVE ( 'NONE', #6304, #1203, #3722, .T. ) ;
#4197 = FACE_BOUND ( 'NONE', #4047, .T. ) ;
#4198 = DIRECTION ( 'NONE',  ( -6.244223985518316914E-16, 1.000000000000000000, 0.000000000000000000 ) ) ;
#4199 = EDGE_CURVE ( 'NONE', #1580, #4021, #943, .T. ) ;
#4200 = AXIS2_PLACEMENT_3D ( 'NONE', #2325, #3014, #294 ) ;
#4201 = LINE ( 'NONE', #7276, #8272 ) ;
#4202 = CARTESIAN_POINT ( 'NONE',  ( -7.098500000000003141, -6.245000000000001883, 0.000000000000000000 ) ) ;
#4203 = DIRECTION ( 'NONE',  ( 1.000000000000000000, 0.000000000000000000, 0.000000000000000000 ) ) ;
#4204 = LINE ( 'NONE', #158, #8574 ) ;
#4205 = ORIENTED_EDGE ( 'NONE', *, *, #4969, .F. ) ;
#4206 = LINE ( 'NONE', #2947, #6389 ) ;
#4207 = ORIENTED_EDGE ( 'NONE', *, *, #4176, .F. ) ;
#4208 = VECTOR ( 'NONE', #4881, 39.37007874015748143 ) ;
#4209 = VERTEX_POINT ( 'NONE', #249 ) ;
#4210 = DIRECTION ( 'NONE',  ( -0.000000000000000000, -0.000000000000000000, 1.000000000000000000 ) ) ;
#4211 = ORIENTED_EDGE ( 'NONE', *, *, #5775, .F. ) ;
#4212 = ORIENTED_EDGE ( 'NONE', *, *, #1516, .F. ) ;
#4213 = CARTESIAN_POINT ( 'NONE',  ( -1.473500000000001586, -3.745000000000001883, -0.7500393700787405526 ) ) ;
#4214 = ORIENTED_EDGE ( 'NONE', *, *, #8561, .F. ) ;
#4215 = CARTESIAN_POINT ( 'NONE',  ( -8.470000000000002416, 10.78499999999999837, 0.000000000000000000 ) ) ;
#4216 = EDGE_CURVE ( 'NONE', #1108, #2802, #7307, .T. ) ;
#4217 = DIRECTION ( 'NONE',  ( -0.000000000000000000, -0.000000000000000000, 1.000000000000000000 ) ) ;
#4218 = LINE ( 'NONE', #5697, #8612 ) ;
#4219 = VECTOR ( 'NONE', #4697, 39.37007874015748143 ) ;
#4220 = ORIENTED_EDGE ( 'NONE', *, *, #5419, .T. ) ;
#4221 = LINE ( 'NONE', #7078, #6303 ) ;
#4222 = CARTESIAN_POINT ( 'NONE',  ( 8.720000000000000639, -10.78500000000000192, -0.7500000000000001110 ) ) ;
#4223 = CARTESIAN_POINT ( 'NONE',  ( -2.286500000000001975, -3.745000000000001883, 0.000000000000000000 ) ) ;
#4224 = ORIENTED_EDGE ( 'NONE', *, *, #7353, .F. ) ;
#4225 = CARTESIAN_POINT ( 'NONE',  ( -7.098500000000003141, -2.245000000000001883, -0.06000000000000004635 ) ) ;
#4226 = ORIENTED_EDGE ( 'NONE', *, *, #4364, .F. ) ;
#4227 = FACE_OUTER_BOUND ( 'NONE', #5976, .T. ) ;
#4228 = EDGE_CURVE ( 'NONE', #1957, #3025, #9005, .T. ) ;
#4229 = DIRECTION ( 'NONE',  ( -0.000000000000000000, -0.000000000000000000, 1.000000000000000000 ) ) ;
#4230 = PLANE ( 'NONE',  #2891 ) ;
#4231 = VERTEX_POINT ( 'NONE', #5108 ) ;
#4232 = CARTESIAN_POINT ( 'NONE',  ( -5.223500000000001364, -3.745000000000001883, -0.7500393700787405526 ) ) ;
#4233 = DIRECTION ( 'NONE',  ( -1.000000000000000000, 0.000000000000000000, 0.000000000000000000 ) ) ;
#4234 = CARTESIAN_POINT ( 'NONE',  ( -3.536500000000001975, -7.745000000000001883, 0.000000000000000000 ) ) ;
#4235 = EDGE_LOOP ( 'NONE', ( #4799, #5818 ) ) ;
#4236 = VECTOR ( 'NONE', #2395, 39.37007874015748143 ) ;
#4237 = EDGE_CURVE ( 'NONE', #1188, #6976, #5065, .T. ) ;
#4238 = ADVANCED_FACE ( 'NONE', ( #155 ), #3071, .F. ) ;
#4239 = CARTESIAN_POINT ( 'NONE',  ( -2.911500000000001087, -2.245000000000001883, -0.7500393700787405526 ) ) ;
#4240 = CIRCLE ( 'NONE', #3053, 0.05999999999999992145 ) ;
#4241 = CARTESIAN_POINT ( 'NONE',  ( 8.469999999999997087, 10.78499999999999481, 9.902948977032954413E-16 ) ) ;
#4242 = LINE ( 'NONE', #5678, #4120 ) ;
#4243 = DIRECTION ( 'NONE',  ( 0.000000000000000000, 0.000000000000000000, -1.000000000000000000 ) ) ;
#4244 = VECTOR ( 'NONE', #8665, 39.37007874015748143 ) ;
#4245 = VERTEX_POINT ( 'NONE', #6606 ) ;
#4246 = LINE ( 'NONE', #81, #5591 ) ;
#4247 = DIRECTION ( 'NONE',  ( 0.000000000000000000, -0.000000000000000000, 1.000000000000000000 ) ) ;
#4248 = PLANE ( 'NONE',  #1289 ) ;
#4249 = VECTOR ( 'NONE', #5360, 39.37007874015748143 ) ;
#4250 = EDGE_LOOP ( 'NONE', ( #1443, #6960, #7703, #6308 ) ) ;
#4251 = DIRECTION ( 'NONE',  ( 0.000000000000000000, 0.000000000000000000, 1.000000000000000000 ) ) ;
#4252 = VERTEX_POINT ( 'NONE', #5897 ) ;
#4253 = EDGE_CURVE ( 'NONE', #2667, #5528, #1684, .T. ) ;
#4254 = FACE_OUTER_BOUND ( 'NONE', #8385, .T. ) ;
#4255 = AXIS2_PLACEMENT_3D ( 'NONE', #1685, #4598, #1039 ) ;
#4256 = AXIS2_PLACEMENT_3D ( 'NONE', #6531, #998, #5813 ) ;
#4257 = VECTOR ( 'NONE', #8756, 39.37007874015748143 ) ;
#4258 = DIRECTION ( 'NONE',  ( 0.000000000000000000, 0.000000000000000000, 1.000000000000000000 ) ) ;
#4259 = ORIENTED_EDGE ( 'NONE', *, *, #7676, .F. ) ;
#4260 = VERTEX_POINT ( 'NONE', #8741 ) ;
#4261 = DIRECTION ( 'NONE',  ( 1.000000000000000000, 0.000000000000000000, 0.000000000000000000 ) ) ;
#4262 = VECTOR ( 'NONE', #6227, 39.37007874015748143 ) ;
#4263 = AXIS2_PLACEMENT_3D ( 'NONE', #9148, #7157, #1486 ) ;
#4264 = VECTOR ( 'NONE', #4648, 39.37007874015748143 ) ;
#4265 = ORIENTED_EDGE ( 'NONE', *, *, #8740, .T. ) ;
#4266 = CARTESIAN_POINT ( 'NONE',  ( -2.911500000000001975, -9.745000000000002771, -0.7500393700787405526 ) ) ;
#4267 = CARTESIAN_POINT ( 'NONE',  ( 0.000000000000000000, 10.84499999999999709, 3.454006071989422844E-14 ) ) ;
#4268 = PLANE ( 'NONE',  #1055 ) ;
#4269 = ORIENTED_EDGE ( 'NONE', *, *, #4872, .T. ) ;
#4270 = VECTOR ( 'NONE', #6027, 39.37007874015748143 ) ;
#4271 = EDGE_CURVE ( 'NONE', #5724, #3016, #6476, .T. ) ;
#4272 = ORIENTED_EDGE ( 'NONE', *, *, #6402, .T. ) ;
#4273 = CARTESIAN_POINT ( 'NONE',  ( -8.720000000000002416, 10.78499999999999837, -0.06003937007874015491 ) ) ;
#4274 = ORIENTED_EDGE ( 'NONE', *, *, #5435, .F. ) ;
#4275 = LINE ( 'NONE', #7860, #8196 ) ;
#4276 = VECTOR ( 'NONE', #424, 39.37007874015748143 ) ;
#4277 = CARTESIAN_POINT ( 'NONE',  ( -1.473500000000001586, 4.254999999999998117, -0.05999999999999999778 ) ) ;
#4278 = PLANE ( 'NONE',  #84 ) ;
#4279 = ORIENTED_EDGE ( 'NONE', *, *, #7792, .T. ) ;
#4280 = DIRECTION ( 'NONE',  ( -1.000000000000000000, -0.000000000000000000, -0.000000000000000000 ) ) ;
#4281 = EDGE_CURVE ( 'NONE', #1284, #3873, #2932, .T. ) ;
#4282 = CARTESIAN_POINT ( 'NONE',  ( -2.098500000000002697, -5.745000000000000995, 0.000000000000000000 ) ) ;
#4283 = DIRECTION ( 'NONE',  ( -1.000000000000000000, 0.000000000000000000, 0.000000000000000000 ) ) ;
#4284 = ORIENTED_EDGE ( 'NONE', *, *, #4216, .F. ) ;
#4285 = ADVANCED_FACE ( 'NONE', ( #1731 ), #5847, .F. ) ;
#4286 = DIRECTION ( 'NONE',  ( -0.000000000000000000, -0.000000000000000000, 1.000000000000000000 ) ) ;
#4287 = CARTESIAN_POINT ( 'NONE',  ( 8.719999999999998863, 10.78499999999999837, 0.000000000000000000 ) ) ;
#4288 = LINE ( 'NONE', #1515, #986 ) ;
#4289 = EDGE_CURVE ( 'NONE', #6542, #5086, #8118, .T. ) ;
#4290 = ORIENTED_EDGE ( 'NONE', *, *, #6660, .F. ) ;
#4291 = CARTESIAN_POINT ( 'NONE',  ( -7.098500000000003141, 6.254999999999999893, -0.06000000000000004635 ) ) ;
#4292 = EDGE_CURVE ( 'NONE', #3011, #2595, #6564, .T. ) ;
#4293 = CARTESIAN_POINT ( 'NONE',  ( -0.8485000000000026965, -9.745000000000000995, 0.000000000000000000 ) ) ;
#4294 = CARTESIAN_POINT ( 'NONE',  ( -7.098500000000003141, -2.245000000000001883, -0.7500393700787405526 ) ) ;
#4295 = VECTOR ( 'NONE', #6493, 39.37007874015748143 ) ;
#4296 = ORIENTED_EDGE ( 'NONE', *, *, #5960, .T. ) ;
#4297 = DIRECTION ( 'NONE',  ( -1.000000000000000000, 0.000000000000000000, 0.000000000000000000 ) ) ;
#4298 = DIRECTION ( 'NONE',  ( 0.000000000000000000, 0.000000000000000000, 1.000000000000000000 ) ) ;
#4299 = LINE ( 'NONE', #6313, #3352 ) ;
#4300 = EDGE_CURVE ( 'NONE', #281, #8261, #1641, .T. ) ;
#4301 = ORIENTED_EDGE ( 'NONE', *, *, #3626, .F. ) ;
#4302 = LINE ( 'NONE', #882, #2414 ) ;
#4303 = AXIS2_PLACEMENT_3D ( 'NONE', #2493, #4613, #1105 ) ;
#4304 = ORIENTED_EDGE ( 'NONE', *, *, #5541, .T. ) ;
#4305 = CIRCLE ( 'NONE', #911, 0.05200000000000001843 ) ;
#4306 = CARTESIAN_POINT ( 'NONE',  ( -3.348500000000002697, -9.745000000000000995, 0.000000000000000000 ) ) ;
#4307 = EDGE_CURVE ( 'NONE', #4795, #9102, #5153, .T. ) ;
#4308 = LINE ( 'NONE', #7023, #4346 ) ;
#4309 = DIRECTION ( 'NONE',  ( 0.000000000000000000, -1.000000000000000000, 0.000000000000000000 ) ) ;
#4310 = ORIENTED_EDGE ( 'NONE', *, *, #160, .T. ) ;
#4311 = AXIS2_PLACEMENT_3D ( 'NONE', #2167, #4423, #6526 ) ;
#4312 = EDGE_CURVE ( 'NONE', #5874, #1791, #4839, .T. ) ;
#4313 = CARTESIAN_POINT ( 'NONE',  ( -3.973500000000001808, -3.745000000000001883, -0.06000000000000004635 ) ) ;
#4314 = VERTEX_POINT ( 'NONE', #5942 ) ;
#4315 = FACE_OUTER_BOUND ( 'NONE', #5202, .T. ) ;
#4316 = EDGE_LOOP ( 'NONE', ( #4544, #8224, #1029, #3123 ) ) ;
#4317 = CARTESIAN_POINT ( 'NONE',  ( -0.8485000000000026965, -9.745000000000000995, -0.06000000000000004635 ) ) ;
#4318 = AXIS2_PLACEMENT_3D ( 'NONE', #6071, #6784, #5919 ) ;
#4319 = VECTOR ( 'NONE', #564, 39.37007874015748143 ) ;
#4320 = FACE_OUTER_BOUND ( 'NONE', #8020, .T. ) ;
#4321 = FACE_OUTER_BOUND ( 'NONE', #2125, .T. ) ;
#4322 = ORIENTED_EDGE ( 'NONE', *, *, #1691, .T. ) ;
#4323 = LINE ( 'NONE', #7823, #7160 ) ;
#4324 = CARTESIAN_POINT ( 'NONE',  ( -3.348500000000002697, 1.754999999999998117, -0.7500393700787405526 ) ) ;
#4325 = VECTOR ( 'NONE', #7715, 39.37007874015748143 ) ;
#4326 = CARTESIAN_POINT ( 'NONE',  ( -3.348500000000002697, -9.745000000000000995, 0.000000000000000000 ) ) ;
#4327 = EDGE_LOOP ( 'NONE', ( #7440, #2991, #5827, #6025 ) ) ;
#4328 = EDGE_LOOP ( 'NONE', ( #256, #1351, #6080, #5509 ) ) ;
#4329 = ADVANCED_FACE ( 'NONE', ( #8096 ), #811, .F. ) ;
#4330 = LINE ( 'NONE', #77, #7743 ) ;
#4331 = DIRECTION ( 'NONE',  ( 1.000000000000000000, 0.000000000000000000, 0.000000000000000000 ) ) ;
#4332 = CARTESIAN_POINT ( 'NONE',  ( -1.661500000000000865, -5.745000000000000995, -0.06000000000000004635 ) ) ;
#4333 = EDGE_LOOP ( 'NONE', ( #8686, #1020, #4740, #6315 ) ) ;
#4334 = FACE_OUTER_BOUND ( 'NONE', #90, .T. ) ;
#4336 = VECTOR ( 'NONE', #1017, 39.37007874015748143 ) ;
#4335 = DIRECTION ( 'NONE',  ( 1.000000000000000000, -0.000000000000000000, 0.000000000000000000 ) ) ;
#4337 = DIRECTION ( 'NONE',  ( -0.000000000000000000, -0.000000000000000000, 1.000000000000000000 ) ) ;
#4338 = ORIENTED_EDGE ( 'NONE', *, *, #1978, .F. ) ;
#4339 = DIRECTION ( 'NONE',  ( -0.000000000000000000, -0.000000000000000000, 1.000000000000000000 ) ) ;
#4340 = EDGE_CURVE ( 'NONE', #1171, #1416, #4736, .T. ) ;
#4341 = ADVANCED_FACE ( 'NONE', ( #1867 ), #7496, .F. ) ;
#4342 = AXIS2_PLACEMENT_3D ( 'NONE', #938, #7261, #4500 ) ;
#4343 = CARTESIAN_POINT ( 'NONE',  ( -3.348500000000002697, -2.245000000000001883, -0.06000000000000004635 ) ) ;
#4344 = PLANE ( 'NONE',  #5118 ) ;
#4345 = ORIENTED_EDGE ( 'NONE', *, *, #7536, .T. ) ;
#4346 = VECTOR ( 'NONE', #6320, 39.37007874015748143 ) ;
#4347 = ORIENTED_EDGE ( 'NONE', *, *, #8661, .F. ) ;
#4348 = CARTESIAN_POINT ( 'NONE',  ( -4.598500000000003141, 9.754999999999999005, 0.000000000000000000 ) ) ;
#4349 = ORIENTED_EDGE ( 'NONE', *, *, #5487, .F. ) ;
#4350 = FACE_OUTER_BOUND ( 'NONE', #6882, .T. ) ;
#4351 = ADVANCED_FACE ( 'NONE', ( #3172 ), #6045, .T. ) ;
#4352 = EDGE_CURVE ( 'NONE', #1980, #747, #8834, .T. ) ;
#4353 = DIRECTION ( 'NONE',  ( 0.000000000000000000, -1.000000000000000000, -3.167359992654216647E-15 ) ) ;
#4354 = PLANE ( 'NONE',  #1507 ) ;
#4355 = ORIENTED_EDGE ( 'NONE', *, *, #5960, .F. ) ;
#4356 = CIRCLE ( 'NONE', #1996, 0.1559999999999996390 ) ;
#4357 = EDGE_CURVE ( 'NONE', #2713, #3073, #824, .T. ) ;
#4358 = CARTESIAN_POINT ( 'NONE',  ( -2.286500000000001975, -7.745000000000001883, -0.06000000000000004635 ) ) ;
#4359 = ORIENTED_EDGE ( 'NONE', *, *, #7807, .T. ) ;
#4360 = CARTESIAN_POINT ( 'NONE',  ( 8.469999999999991758, -10.78500000000000014, -0.1199999999999999956 ) ) ;
#4361 = EDGE_LOOP ( 'NONE', ( #4083, #4000, #4038, #135 ) ) ;
#4362 = AXIS2_PLACEMENT_3D ( 'NONE', #5940, #7404, #4595 ) ;
#4363 = LINE ( 'NONE', #6513, #1072 ) ;
#4364 = EDGE_CURVE ( 'NONE', #3429, #2752, #7542, .T. ) ;
#4365 = LINE ( 'NONE', #8556, #5005 ) ;
#4366 = CARTESIAN_POINT ( 'NONE',  ( -2.098500000000002697, -6.245000000000001883, -0.7500393700787405526 ) ) ;
#4367 = ORIENTED_EDGE ( 'NONE', *, *, #7873, .T. ) ;
#4368 = DIRECTION ( 'NONE',  ( 0.000000000000000000, -0.000000000000000000, 1.000000000000000000 ) ) ;
#4369 = VECTOR ( 'NONE', #3958, 39.37007874015748143 ) ;
#4370 = CARTESIAN_POINT ( 'NONE',  ( -8.720000000000004192, -5.565000000000003944, -0.3880000000000474181 ) ) ;
#4371 = DIRECTION ( 'NONE',  ( 1.000000000000000000, 0.000000000000000000, 0.000000000000000000 ) ) ;
#4372 = EDGE_LOOP ( 'NONE', ( #8485, #3828, #5849, #6916 ) ) ;
#4373 = DIRECTION ( 'NONE',  ( 1.000000000000000000, -0.000000000000000000, 0.000000000000000000 ) ) ;
#4374 = ORIENTED_EDGE ( 'NONE', *, *, #453, .F. ) ;
#4375 = CARTESIAN_POINT ( 'NONE',  ( -4.786500000000001975, -0.2450000000000024380, 0.000000000000000000 ) ) ;
#4376 = LINE ( 'NONE', #4642, #7692 ) ;
#4377 = DIRECTION ( 'NONE',  ( 1.000000000000000000, 0.000000000000000000, 3.167359992654217041E-15 ) ) ;
#4378 = ORIENTED_EDGE ( 'NONE', *, *, #62, .F. ) ;
#4379 = FACE_OUTER_BOUND ( 'NONE', #6818, .T. ) ;
#4380 = DIRECTION ( 'NONE',  ( 1.000000000000000000, -0.000000000000000000, 3.167359992654216647E-15 ) ) ;
#4381 = VECTOR ( 'NONE', #3696, 39.37007874015748143 ) ;
#4382 = LINE ( 'NONE', #1433, #2024 ) ;
#4383 = EDGE_CURVE ( 'NONE', #207, #7941, #4597, .T. ) ;
#4384 = VERTEX_POINT ( 'NONE', #7580 ) ;
#4385 = CARTESIAN_POINT ( 'NONE',  ( 8.720000000000000639, 5.564999999999997726, -0.4919999999999921658 ) ) ;
#4386 = AXIS2_PLACEMENT_3D ( 'NONE', #6731, #1659, #8859 ) ;
#4387 = DIRECTION ( 'NONE',  ( -3.167359992654216647E-15, 0.000000000000000000, 1.000000000000000000 ) ) ;
#4388 = VECTOR ( 'NONE', #2377, 39.37007874015748143 ) ;
#4389 = DIRECTION ( 'NONE',  ( 1.000000000000000000, 0.000000000000000000, 0.000000000000000000 ) ) ;
#4390 = ADVANCED_FACE ( 'NONE', ( #7453 ), #5998, .F. ) ;
#4391 = ORIENTED_EDGE ( 'NONE', *, *, #8472, .T. ) ;
#4392 = ORIENTED_EDGE ( 'NONE', *, *, #7325, .T. ) ;
#4393 = CARTESIAN_POINT ( 'NONE',  ( -6.661500000000001087, 6.254999999999999893, -0.7500393700787405526 ) ) ;
#4394 = ORIENTED_EDGE ( 'NONE', *, *, #2893, .T. ) ;
#4395 = CARTESIAN_POINT ( 'NONE',  ( -2.098500000000002697, -9.745000000000000995, 0.000000000000000000 ) ) ;
#4396 = VECTOR ( 'NONE', #6488, 39.37007874015748143 ) ;
#4397 = DIRECTION ( 'NONE',  ( 0.000000000000000000, -1.000000000000000000, 0.000000000000000000 ) ) ;
#4398 = DIRECTION ( 'NONE',  ( 1.000000000000000000, -0.000000000000000000, 3.167359992654216647E-15 ) ) ;
#4399 = ADVANCED_FACE ( 'NONE', ( #2473 ), #6087, .F. ) ;
#4400 = ORIENTED_EDGE ( 'NONE', *, *, #8663, .F. ) ;
#4401 = AXIS2_PLACEMENT_3D ( 'NONE', #7597, #8477, #2619 ) ;
#4402 = EDGE_CURVE ( 'NONE', #242, #2861, #4045, .T. ) ;
#4403 = DIRECTION ( 'NONE',  ( -1.000000000000000000, -0.000000000000000000, -0.000000000000000000 ) ) ;
#4404 = AXIS2_PLACEMENT_3D ( 'NONE', #6245, #2717, #7694 ) ;
#4405 = ADVANCED_FACE ( 'NONE', ( #526 ), #7405, .F. ) ;
#4406 = ORIENTED_EDGE ( 'NONE', *, *, #5378, .T. ) ;
#4407 = PLANE ( 'NONE',  #5545 ) ;
#4408 = VERTEX_POINT ( 'NONE', #6710 ) ;
#4409 = FACE_OUTER_BOUND ( 'NONE', #1253, .T. ) ;
#4410 = LINE ( 'NONE', #21, #5698 ) ;
#4411 = ORIENTED_EDGE ( 'NONE', *, *, #1174, .T. ) ;
#4412 = VECTOR ( 'NONE', #3862, 39.37007874015748143 ) ;
#4413 = DIRECTION ( 'NONE',  ( -1.000000000000000000, 0.000000000000000000, 0.000000000000000000 ) ) ;
#4414 = DIRECTION ( 'NONE',  ( -1.000000000000000000, -0.000000000000000000, -0.000000000000000000 ) ) ;
#4415 = EDGE_CURVE ( 'NONE', #8169, #1362, #4003, .T. ) ;
#4416 = CARTESIAN_POINT ( 'NONE',  ( -0.4115000000000008096, -2.245000000000001883, 0.000000000000000000 ) ) ;
#4417 = ORIENTED_EDGE ( 'NONE', *, *, #8994, .T. ) ;
#4418 = DIRECTION ( 'NONE',  ( -1.000000000000000000, 0.000000000000000000, 0.000000000000000000 ) ) ;
#4419 = VECTOR ( 'NONE', #3782, 39.37007874015748143 ) ;
#4420 = VERTEX_POINT ( 'NONE', #1828 ) ;
#4421 = EDGE_CURVE ( 'NONE', #4599, #8406, #6847, .T. ) ;
#4422 = VERTEX_POINT ( 'NONE', #6806 ) ;
#4423 = DIRECTION ( 'NONE',  ( 1.000000000000000000, -0.000000000000000000, 0.000000000000000000 ) ) ;
#4424 = LENGTH_MEASURE_WITH_UNIT ( LENGTH_MEASURE( 0.02539999999999999897 ), #7317 );
#4425 = ORIENTED_EDGE ( 'NONE', *, *, #2915, .F. ) ;
#4426 = PLANE ( 'NONE',  #2781 ) ;
#4427 = EDGE_CURVE ( 'NONE', #3899, #5663, #443, .T. ) ;
#4428 = CARTESIAN_POINT ( 'NONE',  ( -8.720000000000004192, 5.564999999999997726, -0.3880000000000474181 ) ) ;
#4429 = DIRECTION ( 'NONE',  ( 1.000000000000000000, 0.000000000000000000, 0.000000000000000000 ) ) ;
#4430 = VERTEX_POINT ( 'NONE', #8930 ) ;
#4431 = CARTESIAN_POINT ( 'NONE',  ( -2.098500000000002697, -1.745000000000001217, -0.06000000000000004635 ) ) ;
#4432 = CARTESIAN_POINT ( 'NONE',  ( -3.973500000000001808, -4.245000000000002771, 0.000000000000000000 ) ) ;
#4433 = CARTESIAN_POINT ( 'NONE',  ( -3.536500000000001975, -7.745000000000001883, -0.06000000000000004635 ) ) ;
#4434 = MANIFOLD_SOLID_BREP ( 'Cortar-Extruir4', #4708 ) ;
#4435 = ORIENTED_EDGE ( 'NONE', *, *, #7726, .T. ) ;
#4436 = DIRECTION ( 'NONE',  ( -1.000000000000000000, 0.000000000000000000, -3.167359992654217041E-15 ) ) ;
#4437 = PLANE ( 'NONE',  #2549 ) ;
#4438 = EDGE_LOOP ( 'NONE', ( #85, #567, #1660, #1043 ) ) ;
#4439 = CARTESIAN_POINT ( 'NONE',  ( -5.411500000000001087, 1.754999999999998117, -0.05999999999999999778 ) ) ;
#4440 = VERTEX_POINT ( 'NONE', #5621 ) ;
#4441 = CARTESIAN_POINT ( 'NONE',  ( -3.536500000000001975, 4.254999999999998117, -0.7500393700787405526 ) ) ;
#4442 = CARTESIAN_POINT ( 'NONE',  ( -3.348500000000002697, -5.745000000000000995, -0.05999999999999999778 ) ) ;
#4443 = LINE ( 'NONE', #1718, #6694 ) ;
#4444 = EDGE_CURVE ( 'NONE', #979, #3758, #2567, .T. ) ;
#4445 = VERTEX_POINT ( 'NONE', #7770 ) ;
#4446 = CARTESIAN_POINT ( 'NONE',  ( -3.750000000000002220, 10.56499999999999773, -0.7500393700787405526 ) ) ;
#4447 = CARTESIAN_POINT ( 'NONE',  ( -1.473500000000001586, 0.2549999999999985056, -0.7500393700787405526 ) ) ;
#4448 = ORIENTED_EDGE ( 'NONE', *, *, #2148, .F. ) ;
#4449 = DIRECTION ( 'NONE',  ( 0.000000000000000000, 0.000000000000000000, 1.000000000000000000 ) ) ;
#4450 = DIRECTION ( 'NONE',  ( 1.000000000000000000, 0.000000000000000000, 0.000000000000000000 ) ) ;
#4451 = PLANE ( 'NONE',  #3128 ) ;
#4452 = ADVANCED_FACE ( 'NONE', ( #3581 ), #1359, .F. ) ;
#4453 = AXIS2_PLACEMENT_3D ( 'NONE', #8578, #42, #741 ) ;
#4454 = EDGE_LOOP ( 'NONE', ( #5791, #3353, #694, #152 ) ) ;
#4456 = EDGE_CURVE ( 'NONE', #6377, #2322, #6326, .T. ) ;
#4455 = FACE_BOUND ( 'NONE', #4667, .T. ) ;
#4457 = VECTOR ( 'NONE', #2100, 39.37007874015748143 ) ;
#4458 = CARTESIAN_POINT ( 'NONE',  ( -8.469999999999997087, 10.78499999999999481, -0.05999999999999901246 ) ) ;
#4459 = DIRECTION ( 'NONE',  ( 1.000000000000000000, 0.000000000000000000, 3.167359992654217041E-15 ) ) ;
#4460 = EDGE_LOOP ( 'NONE', ( #678, #4101, #6590, #1667 ) ) ;
#4461 = DIRECTION ( 'NONE',  ( 0.000000000000000000, 0.000000000000000000, -1.000000000000000000 ) ) ;
#4462 = VECTOR ( 'NONE', #597, 39.37007874015748143 ) ;
#4463 = VECTOR ( 'NONE', #7695, 39.37007874015748143 ) ;
#4464 = ORIENTED_EDGE ( 'NONE', *, *, #5877, .T. ) ;
#4465 = ORIENTED_EDGE ( 'NONE', *, *, #2797, .F. ) ;
#4466 = CARTESIAN_POINT ( 'NONE',  ( 8.720000000000000639, -6.945000000000003837, -0.3879999999999921290 ) ) ;
#4467 = ORIENTED_EDGE ( 'NONE', *, *, #4686, .F. ) ;
#4469 = EDGE_CURVE ( 'NONE', #2056, #6657, #615, .T. ) ;
#4468 = LINE ( 'NONE', #953, #3879 ) ;
#4470 = DIRECTION ( 'NONE',  ( 0.000000000000000000, -1.000000000000000000, 0.000000000000000000 ) ) ;
#4471 = AXIS2_PLACEMENT_3D ( 'NONE', #4498, #5989, #5293 ) ;
#4472 = EDGE_LOOP ( 'NONE', ( #5903, #6880, #8559, #1391 ) ) ;
#4473 = DIRECTION ( 'NONE',  ( -1.000000000000000000, 0.000000000000000000, 0.000000000000000000 ) ) ;
#4474 = CARTESIAN_POINT ( 'NONE',  ( -4.161500000000001087, 2.254999999999998561, 0.000000000000000000 ) ) ;
#4475 = DIRECTION ( 'NONE',  ( 0.000000000000000000, 1.000000000000000000, 0.000000000000000000 ) ) ;
#4476 = EDGE_CURVE ( 'NONE', #5104, #207, #7029, .T. ) ;
#4477 = CARTESIAN_POINT ( 'NONE',  ( -5.848500000000003141, -5.745000000000000995, 0.000000000000000000 ) ) ;
#4478 = ADVANCED_FACE ( 'NONE', ( #9066 ), #4178, .F. ) ;
#4479 = LINE ( 'NONE', #1005, #5000 ) ;
#4480 = CARTESIAN_POINT ( 'NONE',  ( -5.848500000000003141, 6.254999999999999893, 0.000000000000000000 ) ) ;
#4481 = ORIENTED_EDGE ( 'NONE', *, *, #2558, .T. ) ;
#4482 = CARTESIAN_POINT ( 'NONE',  ( -6.661500000000001975, -9.745000000000002771, -0.7500393700787405526 ) ) ;
#4483 = ORIENTED_EDGE ( 'NONE', *, *, #4025, .F. ) ;
#4484 = DIRECTION ( 'NONE',  ( 0.000000000000000000, -1.000000000000000000, 0.000000000000000000 ) ) ;
#4485 = LINE ( 'NONE', #5331, #7394 ) ;
#4486 = ORIENTED_EDGE ( 'NONE', *, *, #5993, .T. ) ;
#4487 = VECTOR ( 'NONE', #4538, 39.37007874015748143 ) ;
#4488 = CARTESIAN_POINT ( 'NONE',  ( -4.598500000000003141, 5.754999999999998117, 0.000000000000000000 ) ) ;
#4489 = DIRECTION ( 'NONE',  ( 0.000000000000000000, -1.000000000000000000, 0.000000000000000000 ) ) ;
#4490 = CARTESIAN_POINT ( 'NONE',  ( -0.4115000000000018643, -9.745000000000002771, 0.000000000000000000 ) ) ;
#4491 = ORIENTED_EDGE ( 'NONE', *, *, #5498, .T. ) ;
#4492 = VECTOR ( 'NONE', #6459, 39.37007874015748143 ) ;
#4493 = DIRECTION ( 'NONE',  ( -0.000000000000000000, -0.000000000000000000, 1.000000000000000000 ) ) ;
#4494 = VERTEX_POINT ( 'NONE', #713 ) ;
#4495 = PLANE ( 'NONE',  #6273 ) ;
#4496 = EDGE_CURVE ( 'NONE', #5332, #1140, #15, .T. ) ;
#4497 = VERTEX_POINT ( 'NONE', #2149 ) ;
#4498 = CARTESIAN_POINT ( 'NONE',  ( 2.499999999999997780, -10.56500000000000128, -0.7500393700787405526 ) ) ;
#4499 = VECTOR ( 'NONE', #8503, 39.37007874015748143 ) ;
#4500 = DIRECTION ( 'NONE',  ( 0.000000000000000000, -1.000000000000000000, 3.491481338843134539E-15 ) ) ;
#4501 = ORIENTED_EDGE ( 'NONE', *, *, #6660, .T. ) ;
#4502 = DIRECTION ( 'NONE',  ( -0.000000000000000000, 1.000000000000000000, 0.000000000000000000 ) ) ;
#4503 = FACE_OUTER_BOUND ( 'NONE', #8265, .T. ) ;
#4504 = LINE ( 'NONE', #5898, #265 ) ;
#4505 = ORIENTED_EDGE ( 'NONE', *, *, #4673, .F. ) ;
#4506 = CARTESIAN_POINT ( 'NONE',  ( -1.036500000000001975, 3.754999999999997673, 0.000000000000000000 ) ) ;
#4507 = EDGE_CURVE ( 'NONE', #448, #6698, #7812, .T. ) ;
#4508 = ORIENTED_EDGE ( 'NONE', *, *, #6415, .F. ) ;
#4509 = ORIENTED_EDGE ( 'NONE', *, *, #2255, .F. ) ;
#4510 = FACE_OUTER_BOUND ( 'NONE', #8167, .T. ) ;
#4511 = ORIENTED_EDGE ( 'NONE', *, *, #1242, .F. ) ;
#4512 = CARTESIAN_POINT ( 'NONE',  ( -5.848500000000003141, -9.745000000000000995, -0.05999999999999999778 ) ) ;
#4513 = VECTOR ( 'NONE', #2888, 39.37007874015748143 ) ;
#4514 = LINE ( 'NONE', #2983, #1586 ) ;
#4515 = EDGE_LOOP ( 'NONE', ( #5115, #3845, #6221, #4152 ) ) ;
#4516 = DIRECTION ( 'NONE',  ( -0.000000000000000000, -1.000000000000000000, -0.000000000000000000 ) ) ;
#4517 = DIRECTION ( 'NONE',  ( 0.000000000000000000, -1.000000000000000000, 0.000000000000000000 ) ) ;
#4518 = CARTESIAN_POINT ( 'NONE',  ( -8.600000000000001421, -10.78500000000000192, 0.000000000000000000 ) ) ;
#4519 = ADVANCED_FACE ( 'NONE', ( #8550 ), #1454, .F. ) ;
#4520 = ADVANCED_FACE ( 'NONE', ( #573 ), #1269, .T. ) ;
#4521 = DIRECTION ( 'NONE',  ( -1.000000000000000000, -0.000000000000000000, -0.000000000000000000 ) ) ;
#4522 = FACE_BOUND ( 'NONE', #8505, .T. ) ;
#4523 = ORIENTED_EDGE ( 'NONE', *, *, #2791, .T. ) ;
#4524 = DIRECTION ( 'NONE',  ( -0.000000000000000000, -0.000000000000000000, 1.000000000000000000 ) ) ;
#4525 = DIRECTION ( 'NONE',  ( -0.000000000000000000, -0.000000000000000000, 1.000000000000000000 ) ) ;
#4526 = ADVANCED_FACE ( 'NONE', ( #8373 ), #983, .F. ) ;
#4527 = ORIENTED_EDGE ( 'NONE', *, *, #3715, .F. ) ;
#4528 = LINE ( 'NONE', #2504, #1788 ) ;
#4529 = CARTESIAN_POINT ( 'NONE',  ( -2.098500000000002697, 2.254999999999998561, 0.000000000000000000 ) ) ;
#4530 = ORIENTED_EDGE ( 'NONE', *, *, #6214, .F. ) ;
#4531 = VECTOR ( 'NONE', #2174, 39.37007874015748143 ) ;
#4532 = CARTESIAN_POINT ( 'NONE',  ( -4.786500000000001975, 4.254999999999998117, -0.7500393700787405526 ) ) ;
#4533 = LINE ( 'NONE', #5284, #662 ) ;
#4534 = DIRECTION ( 'NONE',  ( -0.000000000000000000, -0.000000000000000000, 1.000000000000000000 ) ) ;
#4535 = ORIENTED_EDGE ( 'NONE', *, *, #2938, .F. ) ;
#4536 = CARTESIAN_POINT ( 'NONE',  ( -0.8485000000000026965, -6.245000000000001883, -0.7500393700787405526 ) ) ;
#4537 = ORIENTED_EDGE ( 'NONE', *, *, #1691, .F. ) ;
#4538 = DIRECTION ( 'NONE',  ( -0.000000000000000000, -1.000000000000000000, -0.000000000000000000 ) ) ;
#4539 = AXIS2_PLACEMENT_3D ( 'NONE', #7783, #1328, #1420 ) ;
#4540 = ORIENTED_EDGE ( 'NONE', *, *, #4925, .T. ) ;
#4541 = EDGE_LOOP ( 'NONE', ( #4875, #2001, #41, #3942 ) ) ;
#4542 = LINE ( 'NONE', #3012, #3883 ) ;
#4543 = CARTESIAN_POINT ( 'NONE',  ( -0.4115000000000008096, -5.745000000000000995, -0.7500393700787405526 ) ) ;
#4544 = ORIENTED_EDGE ( 'NONE', *, *, #1278, .F. ) ;
#4545 = LINE ( 'NONE', #5995, #6650 ) ;
#4546 = DIRECTION ( 'NONE',  ( -0.000000000000000000, -0.000000000000000000, 1.000000000000000000 ) ) ;
#4547 = VECTOR ( 'NONE', #4371, 39.37007874015748143 ) ;
#4548 = AXIS2_PLACEMENT_3D ( 'NONE', #460, #8902, #5270 ) ;
#4549 = DIRECTION ( 'NONE',  ( 1.000000000000000000, 6.244223985518316914E-16, 0.000000000000000000 ) ) ;
#4550 = CARTESIAN_POINT ( 'NONE',  ( -3.348500000000002697, -5.745000000000000995, -0.7500393700787405526 ) ) ;
#4551 = ORIENTED_EDGE ( 'NONE', *, *, #5594, .T. ) ;
#4552 = CARTESIAN_POINT ( 'NONE',  ( -0.4115000000000008096, 1.754999999999998117, -0.7500393700787405526 ) ) ;
#4553 = ORIENTED_EDGE ( 'NONE', *, *, #774, .T. ) ;
#4554 = AXIS2_PLACEMENT_3D ( 'NONE', #762, #8515, #8473 ) ;
#4555 = AXIS2_PLACEMENT_3D ( 'NONE', #2520, #7871, #5297 ) ;
#4556 = VECTOR ( 'NONE', #4418, 39.37007874015748143 ) ;
#4557 = ORIENTED_EDGE ( 'NONE', *, *, #209, .F. ) ;
#4558 = CARTESIAN_POINT ( 'NONE',  ( -2.098500000000002697, 1.754999999999998117, -0.7500393700787405526 ) ) ;
#4559 = DIRECTION ( 'NONE',  ( 0.000000000000000000, -1.000000000000000000, 0.000000000000000000 ) ) ;
#4560 = ADVANCED_FACE ( 'NONE', ( #1036 ), #5248, .F. ) ;
#4561 = ORIENTED_EDGE ( 'NONE', *, *, #8420, .T. ) ;
#4562 = CARTESIAN_POINT ( 'NONE',  ( -7.098500000000003141, -1.745000000000001217, 0.000000000000000000 ) ) ;
#4563 = VECTOR ( 'NONE', #6153, 39.37007874015748143 ) ;
#4564 = DIRECTION ( 'NONE',  ( -1.000000000000000000, 0.000000000000000000, -0.000000000000000000 ) ) ;
#4565 = DIRECTION ( 'NONE',  ( -3.167359992654216647E-15, 0.000000000000000000, -1.000000000000000000 ) ) ;
#4566 = LINE ( 'NONE', #5217, #1942 ) ;
#4567 = LINE ( 'NONE', #6825, #3531 ) ;
#4568 = EDGE_CURVE ( 'NONE', #1906, #1952, #5151, .T. ) ;
#4569 = ADVANCED_FACE ( 'NONE', ( #1128 ), #297, .F. ) ;
#4570 = ORIENTED_EDGE ( 'NONE', *, *, #823, .T. ) ;
#4571 = DIRECTION ( 'NONE',  ( 0.000000000000000000, 1.000000000000000000, 0.000000000000000000 ) ) ;
#4572 = CARTESIAN_POINT ( 'NONE',  ( -3.536500000000001975, 4.254999999999998117, -0.06000000000000004635 ) ) ;
#4573 = ORIENTED_EDGE ( 'NONE', *, *, #5674, .F. ) ;
#4574 = CARTESIAN_POINT ( 'NONE',  ( -4.161500000000001975, -9.745000000000002771, -0.7500393700787405526 ) ) ;
#4575 = VERTEX_POINT ( 'NONE', #3119 ) ;
#4576 = CARTESIAN_POINT ( 'NONE',  ( -7.098500000000003141, 1.754999999999998117, 0.000000000000000000 ) ) ;
#4577 = LINE ( 'NONE', #6785, #5012 ) ;
#4578 = ORIENTED_EDGE ( 'NONE', *, *, #3059, .F. ) ;
#4579 = FACE_BOUND ( 'NONE', #7620, .T. ) ;
#4580 = CARTESIAN_POINT ( 'NONE',  ( 8.659999999999998366, -10.78500000000000014, -0.1199999999999987188 ) ) ;
#4581 = DIRECTION ( 'NONE',  ( -1.000000000000000000, 0.000000000000000000, 0.000000000000000000 ) ) ;
#4582 = ORIENTED_EDGE ( 'NONE', *, *, #1977, .F. ) ;
#4583 = EDGE_CURVE ( 'NONE', #2120, #7502, #2521, .T. ) ;
#4584 = DIRECTION ( 'NONE',  ( -0.000000000000000000, -1.000000000000000000, -0.000000000000000000 ) ) ;
#4585 = ORIENTED_EDGE ( 'NONE', *, *, #5301, .F. ) ;
#4586 = CARTESIAN_POINT ( 'NONE',  ( -4.598500000000003141, -9.745000000000000995, -0.7500393700787405526 ) ) ;
#4587 = EDGE_CURVE ( 'NONE', #2017, #8703, #8145, .T. ) ;
#4588 = ORIENTED_EDGE ( 'NONE', *, *, #6578, .T. ) ;
#4589 = ORIENTED_EDGE ( 'NONE', *, *, #8345, .F. ) ;
#4590 = PLANE ( 'NONE',  #8341 ) ;
#4591 = LINE ( 'NONE', #3811, #65 ) ;
#4592 = DIRECTION ( 'NONE',  ( -1.000000000000000000, -0.000000000000000000, -0.000000000000000000 ) ) ;
#4593 = EDGE_LOOP ( 'NONE', ( #792, #4996, #1396, #8290 ) ) ;
#4594 = CARTESIAN_POINT ( 'NONE',  ( -8.475999999999999091, -10.78500000000000192, -0.05999999999999999778 ) ) ;
#4595 = DIRECTION ( 'NONE',  ( -1.000000000000000000, 0.000000000000000000, 0.000000000000000000 ) ) ;
#4596 = ADVANCED_FACE ( 'NONE', ( #5346 ), #3863, .F. ) ;
#4597 = LINE ( 'NONE', #2656, #7208 ) ;
#4598 = DIRECTION ( 'NONE',  ( -1.000000000000000000, 0.000000000000000000, -3.167359992654217041E-15 ) ) ;
#4599 = VERTEX_POINT ( 'NONE', #4643 ) ;
#4600 = DIRECTION ( 'NONE',  ( -0.000000000000000000, -0.000000000000000000, 1.000000000000000000 ) ) ;
#4601 = ORIENTED_EDGE ( 'NONE', *, *, #1527, .F. ) ;
#4602 = VECTOR ( 'NONE', #2959, 39.37007874015748143 ) ;
#4603 = ORIENTED_EDGE ( 'NONE', *, *, #9129, .F. ) ;
#4604 = DIRECTION ( 'NONE',  ( 1.000000000000000000, 6.244223985518316914E-16, 0.000000000000000000 ) ) ;
#4605 = ORIENTED_EDGE ( 'NONE', *, *, #1822, .F. ) ;
#4606 = LINE ( 'NONE', #3230, #3726 ) ;
#4607 = ORIENTED_EDGE ( 'NONE', *, *, #2555, .T. ) ;
#4608 = DIRECTION ( 'NONE',  ( -0.000000000000000000, -1.000000000000000000, -0.000000000000000000 ) ) ;
#4609 = VECTOR ( 'NONE', #3689, 39.37007874015748143 ) ;
#4610 = DIRECTION ( 'NONE',  ( -0.000000000000000000, -1.000000000000000000, -0.000000000000000000 ) ) ;
#4611 = DIRECTION ( 'NONE',  ( 0.000000000000000000, -0.000000000000000000, 1.000000000000000000 ) ) ;
#4612 = ORIENTED_EDGE ( 'NONE', *, *, #3392, .F. ) ;
#4613 = DIRECTION ( 'NONE',  ( -0.000000000000000000, 1.000000000000000000, 0.000000000000000000 ) ) ;
#4614 = EDGE_CURVE ( 'NONE', #2190, #4956, #817, .T. ) ;
#4615 = VECTOR ( 'NONE', #5799, 39.37007874015748143 ) ;
#4616 = DIRECTION ( 'NONE',  ( -0.000000000000000000, -0.000000000000000000, 1.000000000000000000 ) ) ;
#4617 = EDGE_LOOP ( 'NONE', ( #4322, #8723, #1813, #3504 ) ) ;
#4618 = DIRECTION ( 'NONE',  ( -0.000000000000000000, -0.000000000000000000, 1.000000000000000000 ) ) ;
#4619 = CARTESIAN_POINT ( 'NONE',  ( -2.098500000000002697, 9.754999999999999005, -0.06000000000000004635 ) ) ;
#4620 = EDGE_LOOP ( 'NONE', ( #3719, #5973, #4537, #8637 ) ) ;
#4621 = FACE_OUTER_BOUND ( 'NONE', #6115, .T. ) ;
#4622 = VERTEX_POINT ( 'NONE', #5896 ) ;
#4623 = CARTESIAN_POINT ( 'NONE',  ( -2.098500000000002697, 1.754999999999998117, -0.06000000000000004635 ) ) ;
#4624 = LINE ( 'NONE', #1114, #4276 ) ;
#4625 = EDGE_CURVE ( 'NONE', #7314, #139, #3262, .T. ) ;
#4626 = ORIENTED_EDGE ( 'NONE', *, *, #110, .F. ) ;
#4627 = FACE_BOUND ( 'NONE', #1266, .T. ) ;
#4628 = AXIS2_PLACEMENT_3D ( 'NONE', #4552, #2429, #4006 ) ;
#4629 = ORIENTED_EDGE ( 'NONE', *, *, #1025, .T. ) ;
#4630 = VERTEX_POINT ( 'NONE', #344 ) ;
#4631 = VECTOR ( 'NONE', #6411, 39.37007874015748143 ) ;
#4632 = EDGE_LOOP ( 'NONE', ( #5221, #7849, #746, #7963 ) ) ;
#4633 = CARTESIAN_POINT ( 'NONE',  ( -8.660000000000001918, 10.78499999999999304, -0.1199999999999998151 ) ) ;
#4634 = EDGE_CURVE ( 'NONE', #6271, #1108, #8095, .T. ) ;
#4635 = VERTEX_POINT ( 'NONE', #6707 ) ;
#4636 = EDGE_CURVE ( 'NONE', #6753, #5746, #7495, .T. ) ;
#4637 = ORIENTED_EDGE ( 'NONE', *, *, #6920, .F. ) ;
#4638 = DIRECTION ( 'NONE',  ( 1.000000000000000000, 0.000000000000000000, -3.167359992654216647E-15 ) ) ;
#4639 = FACE_OUTER_BOUND ( 'NONE', #5131, .T. ) ;
#4640 = DIRECTION ( 'NONE',  ( -0.000000000000000000, -0.000000000000000000, 1.000000000000000000 ) ) ;
#4641 = ORIENTED_EDGE ( 'NONE', *, *, #872, .T. ) ;
#4642 = CARTESIAN_POINT ( 'NONE',  ( -3.973500000000001808, 3.754999999999997673, 0.000000000000000000 ) ) ;
#4643 = CARTESIAN_POINT ( 'NONE',  ( -4.161500000000001087, -5.745000000000000995, 0.000000000000000000 ) ) ;
#4644 = AXIS2_PLACEMENT_3D ( 'NONE', #8322, #4730, #8367 ) ;
#4645 = CARTESIAN_POINT ( 'NONE',  ( -1.473500000000001586, -0.2450000000000024380, -0.7500393700787405526 ) ) ;
#4646 = DIRECTION ( 'NONE',  ( -0.000000000000000000, -0.000000000000000000, 1.000000000000000000 ) ) ;
#4647 = VERTEX_POINT ( 'NONE', #3956 ) ;
#4648 = DIRECTION ( 'NONE',  ( -0.000000000000000000, -1.000000000000000000, -0.000000000000000000 ) ) ;
#4649 = EDGE_LOOP ( 'NONE', ( #1711, #4056, #9168, #1898 ) ) ;
#4650 = ADVANCED_FACE ( 'NONE', ( #8833, #3912, #2471, #1780, #6755, #1682, #6086, #392, #6042, #8885, #8928, #1826, #4455, #8000, #1638, #941, #3765, #524, #8234, #4174, #7629, #8371, #1866, #7539, #8970, #2653, #1356, #6889, #7578, #4002, #4044, #5391, #6175, #612, #484, #3344, #1180, #9113, #9019, #7027, #6845, #3303, #6130, #4734, #5479, #8280, #5431, #6272, #2606, #1915, #6981, #4782, #1221, #8326, #1959 ), #1268, .F. ) ;
#4651 = VERTEX_POINT ( 'NONE', #569 ) ;
#4652 = ORIENTED_EDGE ( 'NONE', *, *, #6697, .F. ) ;
#4653 = CARTESIAN_POINT ( 'NONE',  ( -7.098500000000003141, 6.254999999999999893, -0.7500393700787405526 ) ) ;
#4654 = ORIENTED_EDGE ( 'NONE', *, *, #8621, .T. ) ;
#4655 = DIRECTION ( 'NONE',  ( -0.000000000000000000, -0.000000000000000000, 1.000000000000000000 ) ) ;
#4656 = CARTESIAN_POINT ( 'NONE',  ( -6.473500000000002252, -3.745000000000001883, -0.7500393700787405526 ) ) ;
#4657 = CARTESIAN_POINT ( 'NONE',  ( -5.848500000000003141, 9.754999999999999005, 0.000000000000000000 ) ) ;
#4658 = CARTESIAN_POINT ( 'NONE',  ( -3.348500000000002697, 1.754999999999998117, -0.06000000000000004635 ) ) ;
#4659 = VECTOR ( 'NONE', #3311, 39.37007874015748143 ) ;
#4660 = DIRECTION ( 'NONE',  ( 1.000000000000000000, -0.000000000000000000, 3.167359992654216647E-15 ) ) ;
#4661 = ADVANCED_FACE ( 'NONE', ( #3391 ), #3437, .F. ) ;
#4662 = VERTEX_POINT ( 'NONE', #661 ) ;
#4663 = CARTESIAN_POINT ( 'NONE',  ( -8.600000000000001421, 10.78500000000000192, -0.1199999999999999956 ) ) ;
#4664 = LINE ( 'NONE', #1801, #8729 ) ;
#4665 = VECTOR ( 'NONE', #393, 39.37007874015748143 ) ;
#4666 = DIRECTION ( 'NONE',  ( 0.000000000000000000, 1.000000000000000000, 0.000000000000000000 ) ) ;
#4667 = EDGE_LOOP ( 'NONE', ( #399, #3821, #1769, #4557 ) ) ;
#4668 = FACE_OUTER_BOUND ( 'NONE', #277, .T. ) ;
#4669 = LINE ( 'NONE', #1018, #8573 ) ;
#4670 = VERTEX_POINT ( 'NONE', #5525 ) ;
#4671 = FACE_BOUND ( 'NONE', #6263, .T. ) ;
#4672 = ORIENTED_EDGE ( 'NONE', *, *, #2540, .F. ) ;
#4673 = EDGE_CURVE ( 'NONE', #5756, #1901, #4828, .T. ) ;
#4674 = VECTOR ( 'NONE', #6154, 39.37007874015748143 ) ;
#4675 = ORIENTED_EDGE ( 'NONE', *, *, #4364, .T. ) ;
#4676 = DIRECTION ( 'NONE',  ( 1.000000000000000000, -2.500547362621746538E-15, 0.000000000000000000 ) ) ;
#4677 = VERTEX_POINT ( 'NONE', #7675 ) ;
#4678 = VERTEX_POINT ( 'NONE', #6323 ) ;
#4679 = PLANE ( 'NONE',  #3141 ) ;
#4680 = EDGE_CURVE ( 'NONE', #6976, #8187, #1315, .T. ) ;
#4681 = DIRECTION ( 'NONE',  ( 1.000000000000000000, -0.000000000000000000, 0.000000000000000000 ) ) ;
#4682 = CARTESIAN_POINT ( 'NONE',  ( -3.536500000000001975, -3.745000000000001883, -0.06000000000000004635 ) ) ;
#4683 = EDGE_LOOP ( 'NONE', ( #8647, #8307 ) ) ;
#4684 = PLANE ( 'NONE',  #6196 ) ;
#4685 = VECTOR ( 'NONE', #7197, 39.37007874015748143 ) ;
#4686 = EDGE_CURVE ( 'NONE', #6210, #4599, #8419, .T. ) ;
#4687 = EDGE_CURVE ( 'NONE', #7132, #2896, #7719, .T. ) ;
#4688 = DIRECTION ( 'NONE',  ( 1.000000000000000000, 0.000000000000000000, 0.000000000000000000 ) ) ;
#4689 = VECTOR ( 'NONE', #4796, 39.37007874015748143 ) ;
#4690 = VECTOR ( 'NONE', #8360, 39.37007874015748143 ) ;
#4691 = DIRECTION ( 'NONE',  ( -0.000000000000000000, 0.000000000000000000, 1.000000000000000000 ) ) ;
#4692 = EDGE_CURVE ( 'NONE', #4709, #157, #4221, .T. ) ;
#4693 = VERTEX_POINT ( 'NONE', #2102 ) ;
#4694 = LINE ( 'NONE', #3918, #5517 ) ;
#4695 = ORIENTED_EDGE ( 'NONE', *, *, #8088, .T. ) ;
#4696 = ORIENTED_EDGE ( 'NONE', *, *, #7592, .T. ) ;
#4697 = DIRECTION ( 'NONE',  ( -1.000000000000000000, 0.000000000000000000, 0.000000000000000000 ) ) ;
#4698 = VECTOR ( 'NONE', #5348, 39.37007874015748143 ) ;
#4699 = AXIS2_PLACEMENT_3D ( 'NONE', #5166, #8015, #3832 ) ;
#4700 = ORIENTED_EDGE ( 'NONE', *, *, #8393, .T. ) ;
#4701 = DIRECTION ( 'NONE',  ( 1.000000000000000000, 0.000000000000000000, 0.000000000000000000 ) ) ;
#4702 = PRODUCT_CONTEXT ( 'NONE', #6191, 'mechanical' ) ;
#4703 = EDGE_CURVE ( 'NONE', #589, #5195, #2795, .T. ) ;
#4704 = ORIENTED_EDGE ( 'NONE', *, *, #8906, .T. ) ;
#4705 = CARTESIAN_POINT ( 'NONE',  ( 8.660000000000001918, 5.564999999999997726, -0.4399999999999923972 ) ) ;
#4706 = LINE ( 'NONE', #8941, #2625 ) ;
#4707 = VECTOR ( 'NONE', #7081, 39.37007874015748143 ) ;
#4708 = CLOSED_SHELL ( 'NONE', ( #9007, #7092, #7924, #7204, #4399, #9152, #4125, #6019, #7474, #2670, #6446, #2663, #5281, #1459, #4520, #3797, #6931, #7650, #6858, #4650, #6467, #2882, #856, #5081, #6350, #8710, #5325, #7386, #4188, #4351, #2147, #5098, #7373, #5247, #5443, #5722, #2612, #473, #97, #457, #6225, #8002, #5038, #4478, #2324, #1640, #6991, #6244, #3523, #960, #3516, #1617, #161, #8267, #3113, #6577, #2755, #857, #8867, #1347, #3967, #51, #5758, #5084, #6826, #178, #3766, #6339, #6616, #6250, #70, #1575, #4569, #7420, #2783, #30, #1972, #2378, #3381, #4714, #627, #2690, #3184, #7017, #1187, #8886, #2976, #7599, #1196, #864, #4341, #3678, #1298, #1756, #3802, #2531, #9034, #6996, #7987, #725, #268, #4077, #1639, #3787, #6688, #5927, #1715, #325, #4758, #6235, #3157, #2095, #5364, #5036, #4405, #4994, #2494, #919, #5313, #2425, #1256, #1426, #1063, #8070, #4661, #360, #7552, #2990, #914, #2197, #4742, #3664, #1932, #2311, #2386, #2715, #4390, #5467, #8304, #4329, #7967, #5450, #2, #5702, #4977, #4285, #6624, #6983, #334, #8567, #4560, #578, #1730, #4526, #6482, #8758, #6519, #7886, #7052, #8059, #4986, #4238, #5670, #3686, #8978, #7781, #9130, #896, #3213, #4741, #6537, #8398, #3434, #2269, #6122, #8489, #8460, #842, #5762, #6293, #899, #8226, #7243, #2252, #8507, #6709, #7865, #9038, #8600, #8413, #7336, #4769, #4754, #3273, #2881, #8773, #6945, #8123, #6268, #4452, #7558, #4065, #6568, #3447, #7876, #2566, #5723, #7992, #3038, #7159, #2840, #6427, #6824, #7194, #2825, #1360, #947, #3, #2121, #1796, #1744, #331, #1375, #5413, #4974, #4596, #1573, #7912, #4794, #8509, #2443, #6403, #1076, #6390, #638, #3339, #3837, #6775, #7973, #3638, #5642, #7608, #1508, #5317, #4170, #2926, #6131, #2703, #8677, #318, #6371, #3238, #7570, #6813, #6699, #8285, #1965, #3295, #5106, #433, #5925, #8465, #6061, #2702, #1923, #8010, #202, #2502, #3565, #4519, #840, #8163, #5256, #6768, #8745, #756, #2241, #7215 ) ) ;
#4709 = VERTEX_POINT ( 'NONE', #5619 ) ;
#4710 = DIRECTION ( 'NONE',  ( -0.000000000000000000, -0.000000000000000000, 1.000000000000000000 ) ) ;
#4711 = EDGE_CURVE ( 'NONE', #5823, #49, #4923, .T. ) ;
#4712 = CARTESIAN_POINT ( 'NONE',  ( -2.098500000000002697, -2.245000000000001883, 0.000000000000000000 ) ) ;
#4713 = VECTOR ( 'NONE', #4733, 39.37007874015748143 ) ;
#4714 = ADVANCED_FACE ( 'NONE', ( #8152 ), #1835, .F. ) ;
#4715 = ORIENTED_EDGE ( 'NONE', *, *, #1489, .T. ) ;
#4716 = CARTESIAN_POINT ( 'NONE',  ( -2.098500000000002697, -6.245000000000001883, 0.000000000000000000 ) ) ;
#4717 = DIRECTION ( 'NONE',  ( 0.000000000000000000, 1.000000000000000000, 0.000000000000000000 ) ) ;
#4718 = FACE_OUTER_BOUND ( 'NONE', #5773, .T. ) ;
#4719 = ORIENTED_EDGE ( 'NONE', *, *, #2165, .F. ) ;
#4720 = DIRECTION ( 'NONE',  ( 1.000000000000000000, 0.000000000000000000, 0.000000000000000000 ) ) ;
#4721 = VECTOR ( 'NONE', #1384, 39.37007874015748143 ) ;
#4722 = ORIENTED_EDGE ( 'NONE', *, *, #2115, .F. ) ;
#4723 = VERTEX_POINT ( 'NONE', #4466 ) ;
#4724 = VERTEX_POINT ( 'NONE', #3826 ) ;
#4725 = LINE ( 'NONE', #5562, #1093 ) ;
#4726 = ORIENTED_EDGE ( 'NONE', *, *, #8182, .T. ) ;
#4727 = ORIENTED_EDGE ( 'NONE', *, *, #6118, .T. ) ;
#4728 = DIRECTION ( 'NONE',  ( 1.000000000000000000, 0.000000000000000000, 3.167359992654217041E-15 ) ) ;
#4729 = EDGE_CURVE ( 'NONE', #7707, #1108, #3080, .T. ) ;
#4730 = DIRECTION ( 'NONE',  ( -0.000000000000000000, 1.000000000000000000, 0.000000000000000000 ) ) ;
#4731 = DIRECTION ( 'NONE',  ( -1.000000000000000000, 0.000000000000000000, 0.000000000000000000 ) ) ;
#4732 = ORIENTED_EDGE ( 'NONE', *, *, #3392, .T. ) ;
#4733 = DIRECTION ( 'NONE',  ( -0.000000000000000000, -0.000000000000000000, 1.000000000000000000 ) ) ;
#4734 = FACE_BOUND ( 'NONE', #3471, .T. ) ;
#4735 = AXIS2_PLACEMENT_3D ( 'NONE', #2590, #467, #6157 ) ;
#4736 = LINE ( 'NONE', #5302, #3219 ) ;
#4737 = CYLINDRICAL_SURFACE ( 'NONE', #3822, 0.05200000000000001843 ) ;
#4738 = ORIENTED_EDGE ( 'NONE', *, *, #1278, .T. ) ;
#4739 = FACE_OUTER_BOUND ( 'NONE', #2789, .T. ) ;
#4740 = ORIENTED_EDGE ( 'NONE', *, *, #8346, .F. ) ;
#4741 = ADVANCED_FACE ( 'NONE', ( #1095 ), #6815, .F. ) ;
#4742 = ADVANCED_FACE ( 'NONE', ( #951 ), #3270, .F. ) ;
#4743 = FACE_OUTER_BOUND ( 'NONE', #3867, .T. ) ;
#4744 = CARTESIAN_POINT ( 'NONE',  ( -5.223500000000001364, 7.754999999999997229, 0.000000000000000000 ) ) ;
#4745 = ORIENTED_EDGE ( 'NONE', *, *, #5879, .T. ) ;
#4746 = CARTESIAN_POINT ( 'NONE',  ( -3.973500000000001808, 4.254999999999998117, -0.7500393700787405526 ) ) ;
#4747 = VERTEX_POINT ( 'NONE', #5161 ) ;
#4748 = DIRECTION ( 'NONE',  ( 1.000000000000000000, 0.000000000000000000, -3.167359992654217041E-15 ) ) ;
#4749 = DIRECTION ( 'NONE',  ( -0.000000000000000000, 1.000000000000000000, 0.000000000000000000 ) ) ;
#4750 = AXIS2_PLACEMENT_3D ( 'NONE', #1566, #4905, #784 ) ;
#4751 = VECTOR ( 'NONE', #1636, 39.37007874015748143 ) ;
#4752 = EDGE_LOOP ( 'NONE', ( #2339, #3646, #3293, #3541 ) ) ;
#4753 = DIRECTION ( 'NONE',  ( -0.000000000000000000, -1.000000000000000000, -0.000000000000000000 ) ) ;
#4754 = ADVANCED_FACE ( 'NONE', ( #3773 ), #7315, .F. ) ;
#4755 = EDGE_CURVE ( 'NONE', #3129, #979, #5258, .T. ) ;
#4756 = LINE ( 'NONE', #1243, #5885 ) ;
#4757 = VECTOR ( 'NONE', #5955, 39.37007874015748143 ) ;
#4758 = ADVANCED_FACE ( 'NONE', ( #4510 ), #6612, .F. ) ;
#4759 = ORIENTED_EDGE ( 'NONE', *, *, #1053, .F. ) ;
#4760 = CARTESIAN_POINT ( 'NONE',  ( -1.661500000000000865, -2.245000000000001883, 0.000000000000000000 ) ) ;
#4761 = CARTESIAN_POINT ( 'NONE',  ( -8.720000000000004192, -5.565000000000003944, -0.4400000000000474087 ) ) ;
#4762 = CARTESIAN_POINT ( 'NONE',  ( -1.036500000000001975, 0.2549999999999985056, 0.000000000000000000 ) ) ;
#4763 = FACE_OUTER_BOUND ( 'NONE', #7544, .T. ) ;
#4764 = ORIENTED_EDGE ( 'NONE', *, *, #4687, .F. ) ;
#4765 = CARTESIAN_POINT ( 'NONE',  ( 8.469999999999997087, -10.77899999999999991, -0.05999999999999999778 ) ) ;
#4766 = VECTOR ( 'NONE', #5223, 39.37007874015748143 ) ;
#4767 = ORIENTED_EDGE ( 'NONE', *, *, #4427, .T. ) ;
#4768 = VECTOR ( 'NONE', #804, 39.37007874015748143 ) ;
#4769 = ADVANCED_FACE ( 'NONE', ( #257 ), #8103, .F. ) ;
#4770 = VERTEX_POINT ( 'NONE', #3179 ) ;
#4771 = FACE_OUTER_BOUND ( 'NONE', #6120, .T. ) ;
#4772 = VECTOR ( 'NONE', #884, 39.37007874015748143 ) ;
#4773 = VERTEX_POINT ( 'NONE', #6005 ) ;
#4774 = CARTESIAN_POINT ( 'NONE',  ( -5.848500000000003141, -6.245000000000001883, -0.7500393700787405526 ) ) ;
#4775 = ORIENTED_EDGE ( 'NONE', *, *, #1198, .T. ) ;
#4776 = ORIENTED_EDGE ( 'NONE', *, *, #7792, .F. ) ;
#4777 = DIRECTION ( 'NONE',  ( -0.000000000000000000, -0.000000000000000000, 1.000000000000000000 ) ) ;
#4778 = DIRECTION ( 'NONE',  ( 1.000000000000000000, 0.000000000000000000, 0.000000000000000000 ) ) ;
#4779 = LINE ( 'NONE', #4682, #3870 ) ;
#4780 = ORIENTED_EDGE ( 'NONE', *, *, #6756, .F. ) ;
#4781 = LINE ( 'NONE', #9063, #3538 ) ;
#4782 = FACE_BOUND ( 'NONE', #8981, .T. ) ;
#4783 = AXIS2_PLACEMENT_3D ( 'NONE', #7899, #6511, #4968 ) ;
#4784 = EDGE_CURVE ( 'NONE', #5067, #8785, #5904, .T. ) ;
#4785 = DIRECTION ( 'NONE',  ( -0.000000000000000000, -0.000000000000000000, 1.000000000000000000 ) ) ;
#4786 = DIRECTION ( 'NONE',  ( 1.000000000000000000, 0.000000000000000000, 0.000000000000000000 ) ) ;
#4787 = ORIENTED_EDGE ( 'NONE', *, *, #4055, .F. ) ;
#4788 = CARTESIAN_POINT ( 'NONE',  ( -3.973500000000001808, 4.254999999999998117, -0.05999999999999999778 ) ) ;
#4789 = VERTEX_POINT ( 'NONE', #5208 ) ;
#4790 = DIRECTION ( 'NONE',  ( 0.000000000000000000, 0.000000000000000000, -1.000000000000000000 ) ) ;
#4791 = LINE ( 'NONE', #532, #1419 ) ;
#4792 = ORIENTED_EDGE ( 'NONE', *, *, #2393, .T. ) ;
#4793 = DIRECTION ( 'NONE',  ( 0.000000000000000000, 0.000000000000000000, -1.000000000000000000 ) ) ;
#4794 = ADVANCED_FACE ( 'NONE', ( #1693 ), #8009, .F. ) ;
#4795 = VERTEX_POINT ( 'NONE', #1922 ) ;
#4796 = DIRECTION ( 'NONE',  ( -0.000000000000000000, 1.000000000000000000, 3.169856808907805887E-15 ) ) ;
#4797 = CARTESIAN_POINT ( 'NONE',  ( -5.411500000000001975, -9.745000000000002771, -0.7500393700787405526 ) ) ;
#4798 = EDGE_LOOP ( 'NONE', ( #7415, #8990, #8006, #2023 ) ) ;
#4799 = ORIENTED_EDGE ( 'NONE', *, *, #5487, .T. ) ;
#4800 = CARTESIAN_POINT ( 'NONE',  ( 0.000000000000000000, -10.77899999999999991, -0.000000000000000000 ) ) ;
#4801 = EDGE_CURVE ( 'NONE', #4314, #4723, #8090, .T. ) ;
#4802 = LINE ( 'NONE', #4107, #7156 ) ;
#4803 = DIRECTION ( 'NONE',  ( 0.000000000000000000, -1.000000000000000000, 0.000000000000000000 ) ) ;
#4804 = EDGE_CURVE ( 'NONE', #5086, #3025, #4185, .T. ) ;
#4805 = VERTEX_POINT ( 'NONE', #5441 ) ;
#4806 = DIRECTION ( 'NONE',  ( 0.000000000000000000, -1.000000000000000000, 0.000000000000000000 ) ) ;
#4807 = EDGE_CURVE ( 'NONE', #2896, #4815, #4791, .T. ) ;
#4808 = CARTESIAN_POINT ( 'NONE',  ( -0.4115000000000008096, -5.745000000000000995, -0.7500393700787405526 ) ) ;
#4809 = FACE_OUTER_BOUND ( 'NONE', #3274, .T. ) ;
#4810 = CARTESIAN_POINT ( 'NONE',  ( -5.223500000000001364, 4.254999999999998117, -0.7500393700787405526 ) ) ;
#4811 = VECTOR ( 'NONE', #3227, 39.37007874015748143 ) ;
#4812 = ORIENTED_EDGE ( 'NONE', *, *, #7202, .F. ) ;
#4813 = CARTESIAN_POINT ( 'NONE',  ( -1.661500000000000865, 6.254999999999999893, -0.7500393700787405526 ) ) ;
#4814 = ORIENTED_EDGE ( 'NONE', *, *, #8994, .F. ) ;
#4815 = VERTEX_POINT ( 'NONE', #7638 ) ;
#4816 = COLOUR_RGB ( '',0.7921568627450980005, 0.8196078431372548767, 0.9333333333333333481 ) ;
#4817 = EDGE_CURVE ( 'NONE', #7192, #8008, #1875, .T. ) ;
#4818 = ORIENTED_EDGE ( 'NONE', *, *, #6346, .T. ) ;
#4819 = LINE ( 'NONE', #475, #3455 ) ;
#4820 = ORIENTED_EDGE ( 'NONE', *, *, #2186, .T. ) ;
#4821 = VERTEX_POINT ( 'NONE', #4744 ) ;
#4822 = DIRECTION ( 'NONE',  ( 1.000000000000000000, 0.000000000000000000, 0.000000000000000000 ) ) ;
#4823 = EDGE_CURVE ( 'NONE', #5280, #6665, #6990, .T. ) ;
#4824 = DIRECTION ( 'NONE',  ( -0.000000000000000000, -0.000000000000000000, 1.000000000000000000 ) ) ;
#4825 = DIRECTION ( 'NONE',  ( -1.000000000000000000, 0.000000000000000000, 0.000000000000000000 ) ) ;
#4826 = ORIENTED_EDGE ( 'NONE', *, *, #2030, .F. ) ;
#4827 = PLANE ( 'NONE',  #5605 ) ;
#4828 = LINE ( 'NONE', #3486, #8237 ) ;
#4829 = CARTESIAN_POINT ( 'NONE',  ( -5.848500000000003141, -2.245000000000001883, -0.06000000000000004635 ) ) ;
#4830 = LINE ( 'NONE', #2608, #6349 ) ;
#4831 = ORIENTED_EDGE ( 'NONE', *, *, #7939, .F. ) ;
#4832 = CARTESIAN_POINT ( 'NONE',  ( 2.499999999999997780, -10.56500000000000128, 0.000000000000000000 ) ) ;
#4833 = ORIENTED_EDGE ( 'NONE', *, *, #5862, .T. ) ;
#4834 = AXIS2_PLACEMENT_3D ( 'NONE', #4856, #7237, #6301 ) ;
#4835 = CARTESIAN_POINT ( 'NONE',  ( -0.8485000000000026965, -9.745000000000000995, -0.7500393700787405526 ) ) ;
#4836 = CARTESIAN_POINT ( 'NONE',  ( -1.473500000000001586, -3.745000000000001883, -0.05999999999999999778 ) ) ;
#4837 = EDGE_LOOP ( 'NONE', ( #1681, #4893, #3616, #6012 ) ) ;
#4838 = DIRECTION ( 'NONE',  ( -1.000000000000000000, -0.000000000000000000, -0.000000000000000000 ) ) ;
#4839 = CIRCLE ( 'NONE', #7229, 0.05200000000000001843 ) ;
#4840 = ORIENTED_EDGE ( 'NONE', *, *, #3225, .T. ) ;
#4841 = CARTESIAN_POINT ( 'NONE',  ( -2.723500000000001808, 4.254999999999998117, -0.7500393700787405526 ) ) ;
#4842 = LINE ( 'NONE', #8985, #1305 ) ;
#4843 = ORIENTED_EDGE ( 'NONE', *, *, #3915, .F. ) ;
#4844 = LINE ( 'NONE', #3411, #6859 ) ;
#4845 = AXIS2_PLACEMENT_3D ( 'NONE', #1431, #9138, #2769 ) ;
#4846 = FACE_BOUND ( 'NONE', #7188, .T. ) ;
#4847 = VECTOR ( 'NONE', #1540, 39.37007874015748143 ) ;
#4848 = EDGE_CURVE ( 'NONE', #6093, #6510, #3354, .T. ) ;
#4849 = CARTESIAN_POINT ( 'NONE',  ( -7.098500000000003141, -5.745000000000000995, -0.06000000000000004635 ) ) ;
#4850 = CARTESIAN_POINT ( 'NONE',  ( -6.473500000000002252, 7.754999999999997229, -0.06000000000000004635 ) ) ;
#4851 = AXIS2_PLACEMENT_3D ( 'NONE', #6059, #7555, #1194 ) ;
#4852 = ORIENTED_EDGE ( 'NONE', *, *, #6097, .F. ) ;
#4853 = CARTESIAN_POINT ( 'NONE',  ( -3.536500000000001975, 0.2549999999999985056, -0.7500393700787405526 ) ) ;
#4854 = VECTOR ( 'NONE', #3239, 39.37007874015748143 ) ;
#4855 = CARTESIAN_POINT ( 'NONE',  ( -6.661500000000002863, 9.754999999999999005, -0.06000000000000004635 ) ) ;
#4856 = CARTESIAN_POINT ( 'NONE',  ( -6.661500000000001087, 1.754999999999998117, -0.7500393700787405526 ) ) ;
#4857 = CARTESIAN_POINT ( 'NONE',  ( -2.723500000000001808, 0.2549999999999985056, -0.05999999999999999778 ) ) ;
#4858 = ORIENTED_EDGE ( 'NONE', *, *, #2998, .F. ) ;
#4859 = DIRECTION ( 'NONE',  ( 1.000000000000000000, 0.000000000000000000, 0.000000000000000000 ) ) ;
#4860 = VERTEX_POINT ( 'NONE', #6232 ) ;
#4861 = EDGE_CURVE ( 'NONE', #5653, #4119, #1970, .T. ) ;
#4862 = VECTOR ( 'NONE', #6085, 39.37007874015748143 ) ;
#4863 = EDGE_CURVE ( 'NONE', #6442, #7257, #9075, .T. ) ;
#4864 = ORIENTED_EDGE ( 'NONE', *, *, #4421, .T. ) ;
#4865 = DIRECTION ( 'NONE',  ( 1.000000000000000000, 0.000000000000000000, 0.000000000000000000 ) ) ;
#4866 = AXIS2_PLACEMENT_3D ( 'NONE', #8575, #2987, #8705 ) ;
#4867 = EDGE_LOOP ( 'NONE', ( #8056, #7772, #632, #3557 ) ) ;
#4868 = FACE_OUTER_BOUND ( 'NONE', #8896, .T. ) ;
#4869 = ORIENTED_EDGE ( 'NONE', *, *, #2049, .T. ) ;
#4870 = EDGE_LOOP ( 'NONE', ( #8063, #6726, #5356, #7995 ) ) ;
#4871 = LINE ( 'NONE', #5695, #340 ) ;
#4872 = EDGE_CURVE ( 'NONE', #2015, #1188, #7729, .T. ) ;
#4873 = CARTESIAN_POINT ( 'NONE',  ( -3.973500000000001808, -3.745000000000001883, -0.7500393700787405526 ) ) ;
#4874 = CARTESIAN_POINT ( 'NONE',  ( -1.473500000000001586, 4.254999999999998117, 0.000000000000000000 ) ) ;
#4875 = ORIENTED_EDGE ( 'NONE', *, *, #8944, .T. ) ;
#4876 = DIRECTION ( 'NONE',  ( 1.000000000000000000, 0.000000000000000000, 0.000000000000000000 ) ) ;
#4877 = EDGE_CURVE ( 'NONE', #8744, #9186, #1277, .T. ) ;
#4878 = CARTESIAN_POINT ( 'NONE',  ( -3.348500000000002697, -9.745000000000000995, -0.7500393700787405526 ) ) ;
#4879 = DIRECTION ( 'NONE',  ( -0.000000000000000000, -0.000000000000000000, 1.000000000000000000 ) ) ;
#4880 = ORIENTED_EDGE ( 'NONE', *, *, #1006, .T. ) ;
#4881 = DIRECTION ( 'NONE',  ( 1.000000000000000000, 0.000000000000000000, 0.000000000000000000 ) ) ;
#4882 = ORIENTED_EDGE ( 'NONE', *, *, #6158, .F. ) ;
#4883 = CARTESIAN_POINT ( 'NONE',  ( -3.536500000000001975, 0.2549999999999985056, 0.000000000000000000 ) ) ;
#4884 = EDGE_CURVE ( 'NONE', #5851, #4677, #4099, .T. ) ;
#4885 = EDGE_LOOP ( 'NONE', ( #5142, #1144, #8667, #6078 ) ) ;
#4886 = LINE ( 'NONE', #2574, #674 ) ;
#4887 = ORIENTED_EDGE ( 'NONE', *, *, #3927, .T. ) ;
#4888 = DIRECTION ( 'NONE',  ( 1.000000000000000000, -0.000000000000000000, 3.167359992654216647E-15 ) ) ;
#4889 = VERTEX_POINT ( 'NONE', #4836 ) ;
#4890 = LINE ( 'NONE', #4282, #5124 ) ;
#4891 = DIRECTION ( 'NONE',  ( 1.000000000000000000, 0.000000000000000000, 0.000000000000000000 ) ) ;
#4892 = ORIENTED_EDGE ( 'NONE', *, *, #3283, .F. ) ;
#4893 = ORIENTED_EDGE ( 'NONE', *, *, #8788, .F. ) ;
#4894 = CARTESIAN_POINT ( 'NONE',  ( -2.723500000000001808, 3.754999999999997673, -0.06000000000000004635 ) ) ;
#4895 = CARTESIAN_POINT ( 'NONE',  ( -5.411500000000001087, -1.745000000000001217, 0.000000000000000000 ) ) ;
#4896 = DIRECTION ( 'NONE',  ( -0.000000000000000000, -0.000000000000000000, 1.000000000000000000 ) ) ;
#4897 = DIRECTION ( 'NONE',  ( -0.000000000000000000, -0.000000000000000000, 1.000000000000000000 ) ) ;
#4898 = ORIENTED_EDGE ( 'NONE', *, *, #6777, .T. ) ;
#4899 = LINE ( 'NONE', #4853, #7531 ) ;
#4900 = CARTESIAN_POINT ( 'NONE',  ( 8.599999999999999645, -10.78500000000000369, -0.1199999999999994543 ) ) ;
#4901 = CARTESIAN_POINT ( 'NONE',  ( -0.4115000000000029745, 9.754999999999999005, 0.000000000000000000 ) ) ;
#4902 = EDGE_CURVE ( 'NONE', #7509, #1709, #671, .T. ) ;
#4903 = CARTESIAN_POINT ( 'NONE',  ( -5.223500000000001364, -3.745000000000001883, -0.05999999999999999778 ) ) ;
#4904 = ORIENTED_EDGE ( 'NONE', *, *, #7705, .F. ) ;
#4905 = DIRECTION ( 'NONE',  ( -1.000000000000000000, 0.000000000000000000, 0.000000000000000000 ) ) ;
#4906 = EDGE_LOOP ( 'NONE', ( #2224, #5555, #1492, #5056 ) ) ;
#4907 = VECTOR ( 'NONE', #1749, 39.37007874015748143 ) ;
#4908 = AXIS2_PLACEMENT_3D ( 'NONE', #2741, #8323, #1217 ) ;
#4909 = EDGE_LOOP ( 'NONE', ( #7857, #8692, #6687, #2087 ) ) ;
#4910 = CARTESIAN_POINT ( 'NONE',  ( -0.8485000000000026965, -2.245000000000001883, -0.7500393700787405526 ) ) ;
#4911 = CARTESIAN_POINT ( 'NONE',  ( -8.660000000000003695, 6.944999999999996732, -0.4400000000000471867 ) ) ;
#4912 = EDGE_CURVE ( 'NONE', #26, #8857, #5486, .T. ) ;
#4913 = EDGE_LOOP ( 'NONE', ( #3825, #5610, #4980, #4051 ) ) ;
#4914 = VECTOR ( 'NONE', #1241, 39.37007874015748143 ) ;
#4915 = VECTOR ( 'NONE', #5719, 39.37007874015748143 ) ;
#4916 = VERTEX_POINT ( 'NONE', #8294 ) ;
#4917 = DIRECTION ( 'NONE',  ( 0.000000000000000000, -1.000000000000000000, 0.000000000000000000 ) ) ;
#4918 = ORIENTED_EDGE ( 'NONE', *, *, #5814, .F. ) ;
#4919 = DIRECTION ( 'NONE',  ( -0.000000000000000000, -0.000000000000000000, 1.000000000000000000 ) ) ;
#4920 = CARTESIAN_POINT ( 'NONE',  ( -5.848500000000003141, -9.745000000000000995, -0.7500393700787405526 ) ) ;
#4921 = CARTESIAN_POINT ( 'NONE',  ( -4.598500000000003141, 1.754999999999998117, -0.06000000000000004635 ) ) ;
#4922 = ORIENTED_EDGE ( 'NONE', *, *, #3251, .F. ) ;
#4923 = LINE ( 'NONE', #1404, #382 ) ;
#4924 = VECTOR ( 'NONE', #6988, 39.37007874015748143 ) ;
#4925 = EDGE_CURVE ( 'NONE', #1016, #7192, #4886, .T. ) ;
#4926 = LENGTH_MEASURE_WITH_UNIT ( LENGTH_MEASURE( 0.02539999999999999897 ), #663 );
#4927 = EDGE_CURVE ( 'NONE', #9162, #8014, #2705, .T. ) ;
#4928 = ORIENTED_EDGE ( 'NONE', *, *, #5255, .F. ) ;
#4929 = LINE ( 'NONE', #5624, #5539 ) ;
#4930 = EDGE_LOOP ( 'NONE', ( #7730, #6401, #6492, #2101 ) ) ;
#4931 = CARTESIAN_POINT ( 'NONE',  ( 8.475999999999999091, 10.77899999999999636, -0.05999999999999901246 ) ) ;
#4932 = CARTESIAN_POINT ( 'NONE',  ( -2.723500000000001808, 3.754999999999997673, 0.000000000000000000 ) ) ;
#4933 = DIRECTION ( 'NONE',  ( 0.000000000000000000, -1.000000000000000000, 0.000000000000000000 ) ) ;
#4934 = ORIENTED_EDGE ( 'NONE', *, *, #5242, .T. ) ;
#4935 = DIRECTION ( 'NONE',  ( -1.000000000000000000, -0.000000000000000000, -0.000000000000000000 ) ) ;
#4936 = EDGE_LOOP ( 'NONE', ( #3693, #528, #8418, #6927 ) ) ;
#4937 = CARTESIAN_POINT ( 'NONE',  ( -2.911500000000001087, 1.754999999999998117, -0.05999999999999999778 ) ) ;
#4938 = EDGE_CURVE ( 'NONE', #8138, #747, #2615, .T. ) ;
#4939 = CARTESIAN_POINT ( 'NONE',  ( -3.348500000000002697, -5.745000000000000995, -0.7500393700787405526 ) ) ;
#4940 = ORIENTED_EDGE ( 'NONE', *, *, #1926, .T. ) ;
#4941 = VECTOR ( 'NONE', #1259, 39.37007874015748143 ) ;
#4942 = ORIENTED_EDGE ( 'NONE', *, *, #7976, .F. ) ;
#4943 = CARTESIAN_POINT ( 'NONE',  ( -5.848500000000003141, -6.245000000000001883, 0.000000000000000000 ) ) ;
#4944 = CARTESIAN_POINT ( 'NONE',  ( -5.411500000000001087, 5.754999999999998117, -0.06000000000000004635 ) ) ;
#4945 = DIRECTION ( 'NONE',  ( -0.000000000000000000, -0.000000000000000000, 1.000000000000000000 ) ) ;
#4946 = VECTOR ( 'NONE', #2740, 39.37007874015748143 ) ;
#4947 = ORIENTED_EDGE ( 'NONE', *, *, #1006, .F. ) ;
#4948 = DIRECTION ( 'NONE',  ( 3.122111992759157471E-16, 1.000000000000000000, 0.000000000000000000 ) ) ;
#4949 = DIRECTION ( 'NONE',  ( 1.000000000000000000, 0.000000000000000000, 3.130242492740306066E-15 ) ) ;
#4950 = DIRECTION ( 'NONE',  ( 0.000000000000000000, -0.000000000000000000, 1.000000000000000000 ) ) ;
#4951 = ORIENTED_EDGE ( 'NONE', *, *, #4998, .F. ) ;
#4952 = CARTESIAN_POINT ( 'NONE',  ( -5.848500000000003141, 2.254999999999998561, 0.000000000000000000 ) ) ;
#4953 = ORIENTED_EDGE ( 'NONE', *, *, #6586, .F. ) ;
#4954 = CARTESIAN_POINT ( 'NONE',  ( -4.598500000000003141, 2.254999999999998561, 0.000000000000000000 ) ) ;
#4955 = DIRECTION ( 'NONE',  ( 3.122111992759157471E-16, 1.000000000000000000, 0.000000000000000000 ) ) ;
#4956 = VERTEX_POINT ( 'NONE', #6283 ) ;
#4957 = VERTEX_POINT ( 'NONE', #1232 ) ;
#4958 = CARTESIAN_POINT ( 'NONE',  ( -8.469999999999998863, 0.000000000000000000, 0.000000000000000000 ) ) ;
#4959 = EDGE_LOOP ( 'NONE', ( #6583, #4265, #8356, #2485 ) ) ;
#4960 = PLANE ( 'NONE',  #2404 ) ;
#4961 = CARTESIAN_POINT ( 'NONE',  ( -6.473500000000002252, -4.245000000000002771, -0.7500393700787405526 ) ) ;
#4962 = DIRECTION ( 'NONE',  ( -1.000000000000000000, 0.000000000000000000, -3.167359992654217041E-15 ) ) ;
#4963 = VECTOR ( 'NONE', #8937, 39.37007874015748143 ) ;
#4964 = EDGE_CURVE ( 'NONE', #8121, #6056, #2753, .T. ) ;
#4965 = ORIENTED_EDGE ( 'NONE', *, *, #5132, .T. ) ;
#4966 = DIRECTION ( 'NONE',  ( 0.000000000000000000, 1.000000000000000000, 0.000000000000000000 ) ) ;
#4967 = ORIENTED_EDGE ( 'NONE', *, *, #149, .T. ) ;
#4968 = DIRECTION ( 'NONE',  ( 0.000000000000000000, -0.000000000000000000, 1.000000000000000000 ) ) ;
#4969 = EDGE_CURVE ( 'NONE', #8169, #8603, #5579, .T. ) ;
#4970 = ORIENTED_EDGE ( 'NONE', *, *, #2730, .F. ) ;
#4971 = DIRECTION ( 'NONE',  ( -1.000000000000000000, 0.000000000000000000, -3.491481338843133750E-15 ) ) ;
#4972 = DIRECTION ( 'NONE',  ( 0.000000000000000000, 1.000000000000000000, 0.000000000000000000 ) ) ;
#4973 = CARTESIAN_POINT ( 'NONE',  ( -2.098500000000002697, 9.754999999999999005, -0.06000000000000004635 ) ) ;
#4974 = ADVANCED_FACE ( 'NONE', ( #1591 ), #5103, .F. ) ;
#4975 = ORIENTED_EDGE ( 'NONE', *, *, #2222, .T. ) ;
#4977 = ADVANCED_FACE ( 'NONE', ( #5667 ), #4278, .F. ) ;
#4976 = CARTESIAN_POINT ( 'NONE',  ( -0.8485000000000026965, 5.754999999999998117, -0.06000000000000004635 ) ) ;
#4978 = PLANE ( 'NONE',  #6790 ) ;
#4979 = DIRECTION ( 'NONE',  ( 0.000000000000000000, 0.000000000000000000, -1.000000000000000000 ) ) ;
#4980 = ORIENTED_EDGE ( 'NONE', *, *, #6465, .F. ) ;
#4981 = ORIENTED_EDGE ( 'NONE', *, *, #8088, .F. ) ;
#4982 = AXIS2_PLACEMENT_3D ( 'NONE', #129, #2944, #4203 ) ;
#4983 = ORIENTED_EDGE ( 'NONE', *, *, #232, .T. ) ;
#4984 = DIRECTION ( 'NONE',  ( 3.122111992759157471E-16, 1.000000000000000000, 0.000000000000000000 ) ) ;
#4986 = ADVANCED_FACE ( 'NONE', ( #6429 ), #7218, .F. ) ;
#4985 = CARTESIAN_POINT ( 'NONE',  ( 8.470000000000000639, -10.90500000000000114, -0.05999999999999978961 ) ) ;
#4987 = FACE_OUTER_BOUND ( 'NONE', #3995, .T. ) ;
#4988 = DIRECTION ( 'NONE',  ( 1.000000000000000000, -2.500547362621746538E-15, 0.000000000000000000 ) ) ;
#4989 = VECTOR ( 'NONE', #5220, 39.37007874015748143 ) ;
#4990 = ORIENTED_EDGE ( 'NONE', *, *, #1415, .F. ) ;
#4991 = CARTESIAN_POINT ( 'NONE',  ( -1.473500000000001586, 3.754999999999997673, -0.06000000000000004635 ) ) ;
#4992 = DIRECTION ( 'NONE',  ( -0.000000000000000000, -1.000000000000000000, -0.000000000000000000 ) ) ;
#4993 = CARTESIAN_POINT ( 'NONE',  ( -5.411500000000001087, -5.745000000000000995, 0.000000000000000000 ) ) ;
#4994 = ADVANCED_FACE ( 'NONE', ( #67 ), #1503, .F. ) ;
#4995 = AXIS2_PLACEMENT_3D ( 'NONE', #6661, #7907, #2242 ) ;
#4996 = ORIENTED_EDGE ( 'NONE', *, *, #6297, .T. ) ;
#4997 = LINE ( 'NONE', #131, #8315 ) ;
#4998 = EDGE_CURVE ( 'NONE', #7822, #2078, #7778, .T. ) ;
#4999 = VECTOR ( 'NONE', #2810, 39.37007874015748143 ) ;
#5000 = VECTOR ( 'NONE', #2221, 39.37007874015748143 ) ;
#5001 = PLANE ( 'NONE',  #5863 ) ;
#5002 = ORIENTED_EDGE ( 'NONE', *, *, #6453, .F. ) ;
#5003 = ORIENTED_EDGE ( 'NONE', *, *, #6629, .T. ) ;
#5004 = DIRECTION ( 'NONE',  ( 0.000000000000000000, -1.000000000000000000, 3.130242492740249268E-15 ) ) ;
#5005 = VECTOR ( 'NONE', #7902, 39.37007874015748143 ) ;
#5006 = CIRCLE ( 'NONE', #8284, 0.05200000000000001843 ) ;
#5007 = ORIENTED_EDGE ( 'NONE', *, *, #2555, .F. ) ;
#5008 = CARTESIAN_POINT ( 'NONE',  ( -2.098500000000002697, -1.745000000000001217, -0.7500393700787405526 ) ) ;
#5009 = CARTESIAN_POINT ( 'NONE',  ( -7.098500000000003141, 2.254999999999998561, 0.000000000000000000 ) ) ;
#5010 = DIRECTION ( 'NONE',  ( -0.000000000000000000, -1.000000000000000000, -0.000000000000000000 ) ) ;
#5011 = ORIENTED_EDGE ( 'NONE', *, *, #6647, .T. ) ;
#5012 = VECTOR ( 'NONE', #1713, 39.37007874015748143 ) ;
#5013 = DIRECTION ( 'NONE',  ( 0.000000000000000000, -1.000000000000000000, 0.000000000000000000 ) ) ;
#5014 = ORIENTED_EDGE ( 'NONE', *, *, #6866, .T. ) ;
#5015 = CARTESIAN_POINT ( 'NONE',  ( -2.098500000000002697, -5.745000000000000995, -0.05999999999999999778 ) ) ;
#5016 = EDGE_CURVE ( 'NONE', #5629, #5807, #4410, .T. ) ;
#5017 = VERTEX_POINT ( 'NONE', #8516 ) ;
#5018 = FACE_OUTER_BOUND ( 'NONE', #2041, .T. ) ;
#5019 = LINE ( 'NONE', #2848, #7183 ) ;
#5020 = CARTESIAN_POINT ( 'NONE',  ( -6.473500000000002252, -3.745000000000001883, -0.7500393700787405526 ) ) ;
#5021 = EDGE_LOOP ( 'NONE', ( #972, #6387, #4059, #7383 ) ) ;
#5022 = LINE ( 'NONE', #8560, #2556 ) ;
#5023 = CARTESIAN_POINT ( 'NONE',  ( -3.536500000000001975, 3.754999999999997673, -0.06000000000000004635 ) ) ;
#5024 = CARTESIAN_POINT ( 'NONE',  ( -1.473500000000001586, -0.2450000000000024380, -0.06000000000000004635 ) ) ;
#5025 = ORIENTED_EDGE ( 'NONE', *, *, #336, .F. ) ;
#5026 = EDGE_CURVE ( 'NONE', #5746, #2286, #3588, .T. ) ;
#5027 = EDGE_CURVE ( 'NONE', #8857, #3517, #1463, .T. ) ;
#5028 = VERTEX_POINT ( 'NONE', #851 ) ;
#5029 = DIRECTION ( 'NONE',  ( 1.000000000000000000, -0.000000000000000000, 3.169856808907805887E-15 ) ) ;
#5030 = CARTESIAN_POINT ( 'NONE',  ( -4.161500000000001087, -2.245000000000001883, -0.06000000000000004635 ) ) ;
#5031 = LINE ( 'NONE', #6213, #8996 ) ;
#5032 = ORIENTED_EDGE ( 'NONE', *, *, #961, .T. ) ;
#5033 = FACE_OUTER_BOUND ( 'NONE', #1673, .T. ) ;
#5034 = CARTESIAN_POINT ( 'NONE',  ( -3.973500000000001808, -7.745000000000001883, 0.000000000000000000 ) ) ;
#5035 = DIRECTION ( 'NONE',  ( -6.244223985518316914E-16, 1.000000000000000000, 0.000000000000000000 ) ) ;
#5036 = ADVANCED_FACE ( 'NONE', ( #4321 ), #4230, .F. ) ;
#5037 = VECTOR ( 'NONE', #2728, 39.37007874015748143 ) ;
#5038 = ADVANCED_FACE ( 'NONE', ( #3674 ), #2806, .F. ) ;
#5039 = ORIENTED_EDGE ( 'NONE', *, *, #7511, .T. ) ;
#5040 = PLANE ( 'NONE',  #167 ) ;
#5041 = DIRECTION ( 'NONE',  ( 0.000000000000000000, 0.000000000000000000, -1.000000000000000000 ) ) ;
#5042 = EDGE_CURVE ( 'NONE', #6753, #861, #3545, .T. ) ;
#5043 = LINE ( 'NONE', #6451, #3055 ) ;
#5044 = EDGE_CURVE ( 'NONE', #6388, #1891, #2155, .T. ) ;
#5045 = EDGE_LOOP ( 'NONE', ( #8878, #3963, #5553, #6434 ) ) ;
#5046 = LINE ( 'NONE', #4958, #1244 ) ;
#5047 = ORIENTED_EDGE ( 'NONE', *, *, #3170, .T. ) ;
#5048 = CIRCLE ( 'NONE', #4908, 0.05200000000000001843 ) ;
#5049 = CARTESIAN_POINT ( 'NONE',  ( -5.223500000000001364, 0.2549999999999985056, -0.05999999999999999778 ) ) ;
#5050 = DIRECTION ( 'NONE',  ( 1.000000000000000000, 0.000000000000000000, 0.000000000000000000 ) ) ;
#5051 = CARTESIAN_POINT ( 'NONE',  ( -8.470000000000002416, 10.84499999999999886, -0.7500000000000003331 ) ) ;
#5052 = ORIENTED_EDGE ( 'NONE', *, *, #7755, .F. ) ;
#5053 = AXIS2_PLACEMENT_3D ( 'NONE', #5639, #8490, #253 ) ;
#5054 = VECTOR ( 'NONE', #452, 39.37007874015748143 ) ;
#5055 = DIRECTION ( 'NONE',  ( 0.000000000000000000, 0.000000000000000000, 1.000000000000000000 ) ) ;
#5056 = ORIENTED_EDGE ( 'NONE', *, *, #7169, .F. ) ;
#5057 = FACE_OUTER_BOUND ( 'NONE', #6570, .T. ) ;
#5058 = ORIENTED_EDGE ( 'NONE', *, *, #5530, .F. ) ;
#5059 = CARTESIAN_POINT ( 'NONE',  ( -5.223500000000001364, -7.745000000000001883, -0.06000000000000004635 ) ) ;
#5060 = AXIS2_PLACEMENT_3D ( 'NONE', #7347, #2323, #849 ) ;
#5061 = CARTESIAN_POINT ( 'NONE',  ( -6.661500000000001087, 5.754999999999998117, -0.7500393700787405526 ) ) ;
#5062 = ORIENTED_EDGE ( 'NONE', *, *, #5488, .F. ) ;
#5063 = DIRECTION ( 'NONE',  ( 0.000000000000000000, -1.000000000000000000, 0.000000000000000000 ) ) ;
#5064 = EDGE_CURVE ( 'NONE', #2017, #8842, #6382, .T. ) ;
#5065 = LINE ( 'NONE', #2972, #1302 ) ;
#5066 = CARTESIAN_POINT ( 'NONE',  ( -4.598500000000003141, -6.245000000000001883, 0.000000000000000000 ) ) ;
#5067 = VERTEX_POINT ( 'NONE', #6473 ) ;
#5068 = CARTESIAN_POINT ( 'NONE',  ( -8.660000000000003695, 6.944999999999996732, -0.4400000000000471867 ) ) ;
#5069 = VERTEX_POINT ( 'NONE', #5797 ) ;
#5070 = CARTESIAN_POINT ( 'NONE',  ( -2.098500000000002697, -2.245000000000001883, 0.000000000000000000 ) ) ;
#5071 = PLANE ( 'NONE',  #1610 ) ;
#5072 = FACE_OUTER_BOUND ( 'NONE', #3047, .T. ) ;
#5073 = EDGE_CURVE ( 'NONE', #4662, #2422, #107, .T. ) ;
#5074 = ORIENTED_EDGE ( 'NONE', *, *, #1154, .F. ) ;
#5075 = PLANE ( 'NONE',  #2627 ) ;
#5077 = AXIS2_PLACEMENT_3D ( 'NONE', #557, #516, #3297 ) ;
#5076 = LINE ( 'NONE', #7277, #8441 ) ;
#5078 = LINE ( 'NONE', #2903, #5859 ) ;
#5079 = VERTEX_POINT ( 'NONE', #2468 ) ;
#5080 = FACE_OUTER_BOUND ( 'NONE', #2553, .T. ) ;
#5081 = ADVANCED_FACE ( 'NONE', ( #7303 ), #939, .F. ) ;
#5082 = DIRECTION ( 'NONE',  ( 0.000000000000000000, -0.000000000000000000, 1.000000000000000000 ) ) ;
#5083 = EDGE_CURVE ( 'NONE', #3443, #5704, #3812, .T. ) ;
#5084 = ADVANCED_FACE ( 'NONE', ( #5193 ), #4451, .F. ) ;
#5085 = FACE_OUTER_BOUND ( 'NONE', #6763, .T. ) ;
#5086 = VERTEX_POINT ( 'NONE', #5843 ) ;
#5087 = CARTESIAN_POINT ( 'NONE',  ( 2.655999999999997030, 10.56499999999999773, -0.7500393700787405526 ) ) ;
#5088 = VERTEX_POINT ( 'NONE', #3065 ) ;
#5089 = ORIENTED_EDGE ( 'NONE', *, *, #6415, .T. ) ;
#5090 = DIRECTION ( 'NONE',  ( -0.000000000000000000, -0.000000000000000000, 1.000000000000000000 ) ) ;
#5091 = LINE ( 'NONE', #1578, #3761 ) ;
#5092 = CARTESIAN_POINT ( 'NONE',  ( 8.470000000000000639, 10.90499999999999936, -0.7500000000000001110 ) ) ;
#5093 = VERTEX_POINT ( 'NONE', #2420 ) ;
#5094 = EDGE_CURVE ( 'NONE', #979, #4231, #3015, .T. ) ;
#5095 = FACE_OUTER_BOUND ( 'NONE', #5045, .T. ) ;
#5096 = ORIENTED_EDGE ( 'NONE', *, *, #4755, .T. ) ;
#5097 = CARTESIAN_POINT ( 'NONE',  ( -4.161500000000001975, -9.745000000000002771, -0.06000000000000004635 ) ) ;
#5098 = ADVANCED_FACE ( 'NONE', ( #1680 ), #5295, .F. ) ;
#5099 = ORIENTED_EDGE ( 'NONE', *, *, #1753, .T. ) ;
#5100 = AXIS2_PLACEMENT_3D ( 'NONE', #7683, #7548, #8380 ) ;
#5101 = CARTESIAN_POINT ( 'NONE',  ( -8.469999999999998863, -10.77899999999999991, -0.05999999999999999778 ) ) ;
#5102 = CARTESIAN_POINT ( 'NONE',  ( 0.000000000000000000, -10.90500000000000469, -0.7500000000000001110 ) ) ;
#5103 = PLANE ( 'NONE',  #7796 ) ;
#5104 = VERTEX_POINT ( 'NONE', #8784 ) ;
#5105 = DIRECTION ( 'NONE',  ( 0.000000000000000000, -0.000000000000000000, -1.000000000000000000 ) ) ;
#5106 = ADVANCED_FACE ( 'NONE', ( #2326 ), #1033, .F. ) ;
#5107 = VECTOR ( 'NONE', #4966, 39.37007874015748143 ) ;
#5108 = CARTESIAN_POINT ( 'NONE',  ( -5.411500000000001087, -2.245000000000001883, 0.000000000000000000 ) ) ;
#5109 = CARTESIAN_POINT ( 'NONE',  ( -5.848500000000003141, 1.754999999999998117, -0.7500393700787405526 ) ) ;
#5110 = ORIENTED_EDGE ( 'NONE', *, *, #1543, .T. ) ;
#5111 = PLANE ( 'NONE',  #272 ) ;
#5112 = ORIENTED_EDGE ( 'NONE', *, *, #1472, .T. ) ;
#5113 = ORIENTED_EDGE ( 'NONE', *, *, #5367, .F. ) ;
#5114 = PLANE ( 'NONE',  #8336 ) ;
#5115 = ORIENTED_EDGE ( 'NONE', *, *, #2584, .T. ) ;
#5116 = CARTESIAN_POINT ( 'NONE',  ( -2.098500000000002697, 5.754999999999998117, -0.06000000000000004635 ) ) ;
#5117 = CARTESIAN_POINT ( 'NONE',  ( -1.473500000000001586, 3.754999999999997673, 0.000000000000000000 ) ) ;
#5118 = AXIS2_PLACEMENT_3D ( 'NONE', #744, #3567, #2261 ) ;
#5119 = CARTESIAN_POINT ( 'NONE',  ( -0.8485000000000026965, -5.745000000000000995, -0.7500393700787405526 ) ) ;
#5120 = CARTESIAN_POINT ( 'NONE',  ( -5.223500000000001364, 0.2549999999999985056, -0.06000000000000004635 ) ) ;
#5121 = EDGE_CURVE ( 'NONE', #242, #3961, #8141, .T. ) ;
#5122 = VECTOR ( 'NONE', #4618, 39.37007874015748143 ) ;
#5123 = CARTESIAN_POINT ( 'NONE',  ( -0.8485000000000026965, -9.745000000000000995, -0.06000000000000004635 ) ) ;
#5124 = VECTOR ( 'NONE', #8386, 39.37007874015748143 ) ;
#5125 = PLANE ( 'NONE',  #7957 ) ;
#5126 = ORIENTED_EDGE ( 'NONE', *, *, #501, .F. ) ;
#5127 = DIRECTION ( 'NONE',  ( 1.000000000000000000, -0.000000000000000000, 0.000000000000000000 ) ) ;
#5128 = ORIENTED_EDGE ( 'NONE', *, *, #1968, .F. ) ;
#5129 = CARTESIAN_POINT ( 'NONE',  ( -6.473500000000002252, -7.745000000000001883, 0.000000000000000000 ) ) ;
#5130 = EDGE_CURVE ( 'NONE', #2756, #1927, #5244, .T. ) ;
#5131 = EDGE_LOOP ( 'NONE', ( #4975, #4561, #461, #7863 ) ) ;
#5132 = EDGE_CURVE ( 'NONE', #1297, #8814, #6703, .T. ) ;
#5133 = FACE_OUTER_BOUND ( 'NONE', #1541, .T. ) ;
#5134 = AXIS2_PLACEMENT_3D ( 'NONE', #812, #6386, #8564 ) ;
#5135 = VECTOR ( 'NONE', #5636, 39.37007874015748143 ) ;
#5136 = PLANE ( 'NONE',  #5826 ) ;
#5137 = CARTESIAN_POINT ( 'NONE',  ( -1.473500000000001586, 4.254999999999998117, 0.000000000000000000 ) ) ;
#5138 = EDGE_LOOP ( 'NONE', ( #274, #4481, #145, #5354 ) ) ;
#5139 = VECTOR ( 'NONE', #4786, 39.37007874015748143 ) ;
#5140 = PLANE ( 'NONE',  #5699 ) ;
#5141 = AXIS2_PLACEMENT_3D ( 'NONE', #6020, #3933, #7421 ) ;
#5142 = ORIENTED_EDGE ( 'NONE', *, *, #1997, .F. ) ;
#5143 = FACE_OUTER_BOUND ( 'NONE', #8319, .T. ) ;
#5144 = ORIENTED_EDGE ( 'NONE', *, *, #512, .F. ) ;
#5145 = EDGE_CURVE ( 'NONE', #6322, #1934, #3166, .T. ) ;
#5146 = DIRECTION ( 'NONE',  ( 1.000000000000000000, -0.000000000000000000, 3.167359992654216647E-15 ) ) ;
#5147 = DIRECTION ( 'NONE',  ( -1.000000000000000000, 0.000000000000000000, 0.000000000000000000 ) ) ;
#5148 = DIRECTION ( 'NONE',  ( -0.000000000000000000, 1.000000000000000000, 0.000000000000000000 ) ) ;
#5149 = ORIENTED_EDGE ( 'NONE', *, *, #4090, .F. ) ;
#5150 = VECTOR ( 'NONE', #7696, 39.37007874015748143 ) ;
#5151 = LINE ( 'NONE', #3814, #8827 ) ;
#5152 = EDGE_CURVE ( 'NONE', #482, #2750, #7447, .T. ) ;
#5153 = LINE ( 'NONE', #3019, #3651 ) ;
#5154 = CARTESIAN_POINT ( 'NONE',  ( -6.473500000000002252, -0.2450000000000024380, 0.000000000000000000 ) ) ;
#5155 = ORIENTED_EDGE ( 'NONE', *, *, #5594, .F. ) ;
#5156 = CARTESIAN_POINT ( 'NONE',  ( -3.348500000000002697, 5.754999999999998117, -0.06000000000000004635 ) ) ;
#5157 = VECTOR ( 'NONE', #7878, 39.37007874015748143 ) ;
#5158 = ORIENTED_EDGE ( 'NONE', *, *, #174, .T. ) ;
#5159 = EDGE_CURVE ( 'NONE', #8151, #445, #5343, .T. ) ;
#5160 = ORIENTED_EDGE ( 'NONE', *, *, #3263, .F. ) ;
#5161 = CARTESIAN_POINT ( 'NONE',  ( -2.911500000000001087, -5.745000000000000995, 0.000000000000000000 ) ) ;
#5162 = ORIENTED_EDGE ( 'NONE', *, *, #5230, .F. ) ;
#5163 = CARTESIAN_POINT ( 'NONE',  ( -8.660000000000001918, -10.78500000000000192, -0.1199999999999998151 ) ) ;
#5164 = CARTESIAN_POINT ( 'NONE',  ( -8.720000000000002416, -10.78500000000000192, -0.1199999999999996209 ) ) ;
#5165 = EDGE_LOOP ( 'NONE', ( #4284, #1435, #1736, #4087 ) ) ;
#5166 = CARTESIAN_POINT ( 'NONE',  ( -2.098500000000002697, -9.745000000000000995, -0.7500393700787405526 ) ) ;
#5167 = CARTESIAN_POINT ( 'NONE',  ( -5.848500000000003141, 9.754999999999999005, -0.7500393700787405526 ) ) ;
#5168 = PLANE ( 'NONE',  #3048 ) ;
#5169 = CARTESIAN_POINT ( 'NONE',  ( -6.473500000000002252, -4.245000000000002771, 0.000000000000000000 ) ) ;
#5170 = CARTESIAN_POINT ( 'NONE',  ( -3.536500000000001975, 4.254999999999998117, -0.7500393700787405526 ) ) ;
#5171 = EDGE_CURVE ( 'NONE', #5190, #1308, #8185, .T. ) ;
#5172 = CARTESIAN_POINT ( 'NONE',  ( -1.661500000000001975, -9.745000000000002771, -0.7500393700787405526 ) ) ;
#5173 = ORIENTED_EDGE ( 'NONE', *, *, #6182, .T. ) ;
#5174 = PLANE ( 'NONE',  #2336 ) ;
#5175 = CARTESIAN_POINT ( 'NONE',  ( -4.161500000000001087, -5.745000000000000995, -0.06000000000000004635 ) ) ;
#5176 = ORIENTED_EDGE ( 'NONE', *, *, #3609, .F. ) ;
#5177 = LINE ( 'NONE', #1712, #8794 ) ;
#5178 = CARTESIAN_POINT ( 'NONE',  ( -6.036500000000001975, 4.254999999999998117, 0.000000000000000000 ) ) ;
#5179 = ORIENTED_EDGE ( 'NONE', *, *, #6375, .T. ) ;
#5180 = CARTESIAN_POINT ( 'NONE',  ( 0.000000000000000000, -10.84500000000000064, 3.454006071989424106E-14 ) ) ;
#5181 = VECTOR ( 'NONE', #3987, 39.37007874015748143 ) ;
#5182 = DIRECTION ( 'NONE',  ( 0.000000000000000000, 0.000000000000000000, -1.000000000000000000 ) ) ;
#5183 = LINE ( 'NONE', #3708, #5644 ) ;
#5184 = ORIENTED_EDGE ( 'NONE', *, *, #1753, .F. ) ;
#5185 = EDGE_CURVE ( 'NONE', #1815, #2920, #3300, .T. ) ;
#5186 = CARTESIAN_POINT ( 'NONE',  ( 8.660000000000001918, 6.944999999999996732, -0.3879999999999923510 ) ) ;
#5187 = VECTOR ( 'NONE', #4398, 39.37007874015748143 ) ;
#5188 = ORIENTED_EDGE ( 'NONE', *, *, #1154, .T. ) ;
#5189 = LINE ( 'NONE', #7529, #4050 ) ;
#5190 = VERTEX_POINT ( 'NONE', #480 ) ;
#5191 = LINE ( 'NONE', #980, #1960 ) ;
#5192 = CARTESIAN_POINT ( 'NONE',  ( -3.750000000000002220, 10.56499999999999773, -0.7500393700787405526 ) ) ;
#5193 = FACE_OUTER_BOUND ( 'NONE', #6109, .T. ) ;
#5194 = VECTOR ( 'NONE', #8709, 39.37007874015748143 ) ;
#5195 = VERTEX_POINT ( 'NONE', #1955 ) ;
#5196 = CARTESIAN_POINT ( 'NONE',  ( -6.036500000000001975, -7.745000000000001883, -0.7500393700787405526 ) ) ;
#5197 = AXIS2_PLACEMENT_3D ( 'NONE', #2793, #8462, #754 ) ;
#5198 = EDGE_CURVE ( 'NONE', #8169, #3819, #8368, .T. ) ;
#5199 = EDGE_CURVE ( 'NONE', #5263, #1190, #4779, .T. ) ;
#5200 = DIRECTION ( 'NONE',  ( -6.244223985518316914E-16, 1.000000000000000000, 0.000000000000000000 ) ) ;
#5201 = CARTESIAN_POINT ( 'NONE',  ( -2.286500000000001975, 0.2549999999999985056, 0.000000000000000000 ) ) ;
#5202 = EDGE_LOOP ( 'NONE', ( #8808, #1239, #6831, #1538 ) ) ;
#5203 = FACE_OUTER_BOUND ( 'NONE', #6369, .T. ) ;
#5204 = VECTOR ( 'NONE', #5372, 39.37007874015748143 ) ;
#5205 = VECTOR ( 'NONE', #4838, 39.37007874015748143 ) ;
#5206 = ORIENTED_EDGE ( 'NONE', *, *, #5242, .F. ) ;
#5207 = EDGE_LOOP ( 'NONE', ( #4011, #2175, #3743, #101 ) ) ;
#5208 = CARTESIAN_POINT ( 'NONE',  ( -1.661500000000001975, -9.745000000000002771, -0.06000000000000004635 ) ) ;
#5209 = LINE ( 'NONE', #6669, #7587 ) ;
#5210 =( CONVERSION_BASED_UNIT ( 'INCH', #4424 ) LENGTH_UNIT ( ) NAMED_UNIT ( #3687 ) );
#5211 = VECTOR ( 'NONE', #4971, 39.37007874015748143 ) ;
#5212 = EDGE_CURVE ( 'NONE', #7412, #5780, #8277, .T. ) ;
#5213 = ORIENTED_EDGE ( 'NONE', *, *, #2446, .F. ) ;
#5214 = LINE ( 'NONE', #3780, #2774 ) ;
#5215 = CARTESIAN_POINT ( 'NONE',  ( -8.475999999999999091, -10.78500000000000192, -0.06003937007874015491 ) ) ;
#5216 = CARTESIAN_POINT ( 'NONE',  ( 2.499999999999997780, -10.56500000000000128, -0.06000000000000004635 ) ) ;
#5217 = CARTESIAN_POINT ( 'NONE',  ( -4.786500000000001975, -0.2450000000000024380, -0.7500393700787405526 ) ) ;
#5218 = CYLINDRICAL_SURFACE ( 'NONE', #3668, 0.05200000000000001843 ) ;
#5219 = ORIENTED_EDGE ( 'NONE', *, *, #5800, .T. ) ;
#5220 = DIRECTION ( 'NONE',  ( 0.000000000000000000, -1.000000000000000000, 0.000000000000000000 ) ) ;
#5221 = ORIENTED_EDGE ( 'NONE', *, *, #7939, .T. ) ;
#5222 = DIRECTION ( 'NONE',  ( 0.000000000000000000, 0.000000000000000000, 1.000000000000000000 ) ) ;
#5223 = DIRECTION ( 'NONE',  ( -0.000000000000000000, -0.000000000000000000, 1.000000000000000000 ) ) ;
#5224 = ORIENTED_EDGE ( 'NONE', *, *, #9006, .T. ) ;
#5225 = LINE ( 'NONE', #927, #7614 ) ;
#5226 = PLANE ( 'NONE',  #3086 ) ;
#5227 = EDGE_LOOP ( 'NONE', ( #6816, #7230, #2668, #3685 ) ) ;
#5228 = AXIS2_PLACEMENT_3D ( 'NONE', #2140, #7072, #7201 ) ;
#5229 = LINE ( 'NONE', #4441, #1525 ) ;
#5230 = EDGE_CURVE ( 'NONE', #755, #4430, #9065, .T. ) ;
#5231 = PLANE ( 'NONE',  #8654 ) ;
#5232 = CARTESIAN_POINT ( 'NONE',  ( 2.499999999999997780, 10.56499999999999773, -0.06000000000000004635 ) ) ;
#5233 = ORIENTED_EDGE ( 'NONE', *, *, #3971, .F. ) ;
#5234 = VECTOR ( 'NONE', #8461, 39.37007874015748143 ) ;
#5235 = EDGE_CURVE ( 'NONE', #7467, #8406, #6979, .T. ) ;
#5236 = DIRECTION ( 'NONE',  ( 3.491481338843134539E-15, -0.000000000000000000, 1.000000000000000000 ) ) ;
#5237 = ORIENTED_EDGE ( 'NONE', *, *, #562, .T. ) ;
#5238 = FACE_OUTER_BOUND ( 'NONE', #3682, .T. ) ;
#5239 = EDGE_LOOP ( 'NONE', ( #3130, #385, #6052, #7576 ) ) ;
#5240 = EDGE_LOOP ( 'NONE', ( #6926, #3759, #7585, #1583 ) ) ;
#5241 = FACE_OUTER_BOUND ( 'NONE', #7119, .T. ) ;
#5242 = EDGE_CURVE ( 'NONE', #1791, #5874, #5048, .T. ) ;
#5243 = LINE ( 'NONE', #3064, #3462 ) ;
#5244 = LINE ( 'NONE', #3860, #7738 ) ;
#5245 = ORIENTED_EDGE ( 'NONE', *, *, #1317, .F. ) ;
#5246 = LINE ( 'NONE', #391, #9181 ) ;
#5247 = ADVANCED_FACE ( 'NONE', ( #2004 ), #4086, .F. ) ;
#5248 = PLANE ( 'NONE',  #3633 ) ;
#5249 = DIRECTION ( 'NONE',  ( -0.000000000000000000, 1.000000000000000000, -0.000000000000000000 ) ) ;
#5250 = LINE ( 'NONE', #2523, #3522 ) ;
#5251 = VECTOR ( 'NONE', #3630, 39.37007874015748143 ) ;
#5252 = ORIENTED_EDGE ( 'NONE', *, *, #3885, .F. ) ;
#5253 = CARTESIAN_POINT ( 'NONE',  ( -3.594000000000002526, -10.56500000000000128, -0.7500393700787405526 ) ) ;
#5254 = ORIENTED_EDGE ( 'NONE', *, *, #1812, .T. ) ;
#5255 = EDGE_CURVE ( 'NONE', #7296, #3852, #8924, .T. ) ;
#5256 = ADVANCED_FACE ( 'NONE', ( #8417 ), #6270, .F. ) ;
#5257 = EDGE_LOOP ( 'NONE', ( #7582, #96, #8313, #5534 ) ) ;
#5258 = LINE ( 'NONE', #3872, #4811 ) ;
#5259 = ORIENTED_EDGE ( 'NONE', *, *, #3609, .T. ) ;
#5260 = DIRECTION ( 'NONE',  ( 0.000000000000000000, -1.000000000000000000, 0.000000000000000000 ) ) ;
#5261 = VECTOR ( 'NONE', #7089, 39.37007874015748143 ) ;
#5262 = DIRECTION ( 'NONE',  ( 0.000000000000000000, -0.000000000000000000, -1.000000000000000000 ) ) ;
#5263 = VERTEX_POINT ( 'NONE', #7535 ) ;
#5264 = LINE ( 'NONE', #6672, #7830 ) ;
#5265 = PLANE ( 'NONE',  #558 ) ;
#5266 = CARTESIAN_POINT ( 'NONE',  ( -2.286500000000001975, -3.745000000000001883, 0.000000000000000000 ) ) ;
#5267 = ORIENTED_EDGE ( 'NONE', *, *, #5322, .T. ) ;
#5268 = CARTESIAN_POINT ( 'NONE',  ( -4.598500000000003141, 9.754999999999999005, -0.7500393700787405526 ) ) ;
#5269 = EDGE_CURVE ( 'NONE', #3463, #4104, #4041, .T. ) ;
#5270 = DIRECTION ( 'NONE',  ( 0.000000000000000000, 0.000000000000000000, -1.000000000000000000 ) ) ;
#5271 = EDGE_CURVE ( 'NONE', #4805, #1645, #3999, .T. ) ;
#5272 = ORIENTED_EDGE ( 'NONE', *, *, #2540, .T. ) ;
#5273 = DIRECTION ( 'NONE',  ( 0.000000000000000000, 1.000000000000000000, 0.000000000000000000 ) ) ;
#5274 = CARTESIAN_POINT ( 'NONE',  ( -2.911500000000001087, -5.745000000000000995, -0.7500393700787405526 ) ) ;
#5275 = ORIENTED_EDGE ( 'NONE', *, *, #1086, .F. ) ;
#5276 = LINE ( 'NONE', #3096, #5359 ) ;
#5277 = VERTEX_POINT ( 'NONE', #521 ) ;
#5278 = CARTESIAN_POINT ( 'NONE',  ( -3.973500000000001808, -3.745000000000001883, -0.06000000000000004635 ) ) ;
#5279 = LINE ( 'NONE', #3046, #3543 ) ;
#5280 = VERTEX_POINT ( 'NONE', #9016 ) ;
#5281 = ADVANCED_FACE ( 'NONE', ( #5475 ), #3259, .T. ) ;
#5282 = VECTOR ( 'NONE', #5035, 39.37007874015748143 ) ;
#5283 = FACE_BOUND ( 'NONE', #8354, .T. ) ;
#5284 = CARTESIAN_POINT ( 'NONE',  ( -8.720000000000004192, -5.565000000000003944, -0.4920000000000474549 ) ) ;
#5285 = CARTESIAN_POINT ( 'NONE',  ( -2.286500000000001975, -7.745000000000001883, -0.06000000000000004635 ) ) ;
#5286 = AXIS2_PLACEMENT_3D ( 'NONE', #1620, #4436, #831 ) ;
#5287 = CARTESIAN_POINT ( 'NONE',  ( -8.720000000000004192, 6.944999999999996732, -0.3880000000000474181 ) ) ;
#5288 = ORIENTED_EDGE ( 'NONE', *, *, #453, .T. ) ;
#5289 = LINE ( 'NONE', #4633, #1390 ) ;
#5290 = AXIS2_PLACEMENT_3D ( 'NONE', #5801, #5249, #6520 ) ;
#5291 = VERTEX_POINT ( 'NONE', #1264 ) ;
#5292 = AXIS2_PLACEMENT_3D ( 'NONE', #5884, #4493, #6553 ) ;
#5293 = DIRECTION ( 'NONE',  ( 1.000000000000000000, 0.000000000000000000, 0.000000000000000000 ) ) ;
#5294 = DIRECTION ( 'NONE',  ( 0.000000000000000000, 0.000000000000000000, -1.000000000000000000 ) ) ;
#5295 = PLANE ( 'NONE',  #1652 ) ;
#5296 = EDGE_LOOP ( 'NONE', ( #3774, #9098, #7949, #8861 ) ) ;
#5297 = DIRECTION ( 'NONE',  ( 0.000000000000000000, 1.000000000000000000, 3.130242492740249268E-15 ) ) ;
#5298 = DIRECTION ( 'NONE',  ( 0.000000000000000000, -1.000000000000000000, 0.000000000000000000 ) ) ;
#5299 = CIRCLE ( 'NONE', #4255, 0.05200000000000001843 ) ;
#5300 = VECTOR ( 'NONE', #2857, 39.37007874015748143 ) ;
#5301 = EDGE_CURVE ( 'NONE', #6089, #227, #566, .T. ) ;
#5302 = CARTESIAN_POINT ( 'NONE',  ( -6.473500000000002252, -7.745000000000001883, -0.7500393700787405526 ) ) ;
#5303 = LINE ( 'NONE', #6759, #5883 ) ;
#5304 = ORIENTED_EDGE ( 'NONE', *, *, #3449, .F. ) ;
#5305 = CARTESIAN_POINT ( 'NONE',  ( -8.720000000000002416, 10.78500000000000014, -4.049108702527611271E-14 ) ) ;
#5306 = ORIENTED_EDGE ( 'NONE', *, *, #4568, .T. ) ;
#5307 = VECTOR ( 'NONE', #4198, 39.37007874015748143 ) ;
#5308 = ORIENTED_EDGE ( 'NONE', *, *, #4692, .F. ) ;
#5309 = CARTESIAN_POINT ( 'NONE',  ( -8.470000000000002416, 10.84499999999999709, -0.1199999999999998151 ) ) ;
#5310 = EDGE_CURVE ( 'NONE', #2335, #4194, #8032, .T. ) ;
#5311 = EDGE_LOOP ( 'NONE', ( #926, #3337, #8551, #2616 ) ) ;
#5312 = DIRECTION ( 'NONE',  ( -0.000000000000000000, -0.000000000000000000, 1.000000000000000000 ) ) ;
#5313 = ADVANCED_FACE ( 'NONE', ( #5522 ), #7672, .F. ) ;
#5314 = ORIENTED_EDGE ( 'NONE', *, *, #4357, .F. ) ;
#5315 = LINE ( 'NONE', #2665, #8698 ) ;
#5316 = VECTOR ( 'NONE', #7700, 39.37007874015748143 ) ;
#5317 = ADVANCED_FACE ( 'NONE', ( #3433 ), #4268, .F. ) ;
#5318 = CYLINDRICAL_SURFACE ( 'NONE', #9031, 0.05200000000000001843 ) ;
#5319 = DIRECTION ( 'NONE',  ( 1.000000000000000000, 0.000000000000000000, -3.167359992654216647E-15 ) ) ;
#5320 = LINE ( 'NONE', #3140, #4907 ) ;
#5321 = LINE ( 'NONE', #4712, #8713 ) ;
#5322 = EDGE_CURVE ( 'NONE', #2687, #2235, #4305, .T. ) ;
#5323 = ORIENTED_EDGE ( 'NONE', *, *, #3778, .F. ) ;
#5324 = LINE ( 'NONE', #7282, #3217 ) ;
#5325 = ADVANCED_FACE ( 'NONE', ( #7207 ), #5617, .T. ) ;
#5326 = LINE ( 'NONE', #2544, #1594 ) ;
#5327 = ORIENTED_EDGE ( 'NONE', *, *, #1857, .T. ) ;
#5328 = LINE ( 'NONE', #1621, #7294 ) ;
#5329 = ORIENTED_EDGE ( 'NONE', *, *, #8218, .T. ) ;
#5330 = PLANE ( 'NONE',  #3435 ) ;
#5331 = CARTESIAN_POINT ( 'NONE',  ( -1.661500000000001975, -9.745000000000002771, -0.7500393700787405526 ) ) ;
#5332 = VERTEX_POINT ( 'NONE', #6505 ) ;
#5333 = FACE_BOUND ( 'NONE', #5384, .T. ) ;
#5334 = EDGE_CURVE ( 'NONE', #2651, #4165, #7166, .T. ) ;
#5335 = DIRECTION ( 'NONE',  ( 0.000000000000000000, -0.000000000000000000, 1.000000000000000000 ) ) ;
#5336 = ORIENTED_EDGE ( 'NONE', *, *, #8957, .T. ) ;
#5337 = EDGE_CURVE ( 'NONE', #7257, #5507, #1354, .T. ) ;
#5338 = EDGE_LOOP ( 'NONE', ( #7199, #5735, #3871, #6695 ) ) ;
#5339 = LINE ( 'NONE', #240, #8643 ) ;
#5340 = ORIENTED_EDGE ( 'NONE', *, *, #3241, .T. ) ;
#5341 = ORIENTED_EDGE ( 'NONE', *, *, #4161, .F. ) ;
#5342 = CARTESIAN_POINT ( 'NONE',  ( -3.973500000000001808, -4.245000000000002771, -0.06000000000000004635 ) ) ;
#5343 = LINE ( 'NONE', #6752, #6241 ) ;
#5344 = ORIENTED_EDGE ( 'NONE', *, *, #1812, .F. ) ;
#5345 = CARTESIAN_POINT ( 'NONE',  ( -2.723500000000001808, 7.754999999999997229, -0.06000000000000004635 ) ) ;
#5346 = FACE_OUTER_BOUND ( 'NONE', #6187, .T. ) ;
#5347 = DIRECTION ( 'NONE',  ( 0.000000000000000000, -1.000000000000000000, 0.000000000000000000 ) ) ;
#5348 = DIRECTION ( 'NONE',  ( 1.000000000000000000, 0.000000000000000000, 0.000000000000000000 ) ) ;
#5349 = ORIENTED_EDGE ( 'NONE', *, *, #4625, .F. ) ;
#5350 = CARTESIAN_POINT ( 'NONE',  ( 8.599999999999999645, 10.78500000000000014, -0.1199999999999994543 ) ) ;
#5351 = ORIENTED_EDGE ( 'NONE', *, *, #1037, .T. ) ;
#5352 = VECTOR ( 'NONE', #3562, 39.37007874015748143 ) ;
#5353 = AXIS2_PLACEMENT_3D ( 'NONE', #6593, #4581, #3051 ) ;
#5354 = ORIENTED_EDGE ( 'NONE', *, *, #5199, .F. ) ;
#5355 = EDGE_CURVE ( 'NONE', #904, #8389, #8504, .T. ) ;
#5356 = ORIENTED_EDGE ( 'NONE', *, *, #552, .F. ) ;
#5357 = CARTESIAN_POINT ( 'NONE',  ( -0.8485000000000026965, 9.754999999999999005, -0.06000000000000004635 ) ) ;
#5358 = ORIENTED_EDGE ( 'NONE', *, *, #634, .F. ) ;
#5359 = VECTOR ( 'NONE', #1759, 39.37007874015748143 ) ;
#5360 = DIRECTION ( 'NONE',  ( -0.000000000000000000, -0.000000000000000000, 1.000000000000000000 ) ) ;
#5361 = AXIS2_PLACEMENT_3D ( 'NONE', #4985, #5808, #7316 ) ;
#5362 = LINE ( 'NONE', #2534, #8579 ) ;
#5363 = CARTESIAN_POINT ( 'NONE',  ( 8.469999999999997087, -10.78500000000000014, -0.1199999999999999956 ) ) ;
#5364 = ADVANCED_FACE ( 'NONE', ( #708 ), #2836, .F. ) ;
#5365 = ORIENTED_EDGE ( 'NONE', *, *, #3183, .T. ) ;
#5366 = CARTESIAN_POINT ( 'NONE',  ( -3.906000000000001915, 10.56499999999999773, -0.7500393700787405526 ) ) ;
#5367 = EDGE_CURVE ( 'NONE', #1645, #3443, #1495, .T. ) ;
#5368 = VECTOR ( 'NONE', #5146, 39.37007874015748143 ) ;
#5369 = DIRECTION ( 'NONE',  ( -1.000000000000000000, 0.000000000000000000, 0.000000000000000000 ) ) ;
#5370 = ORIENTED_EDGE ( 'NONE', *, *, #5094, .T. ) ;
#5371 = CYLINDRICAL_SURFACE ( 'NONE', #2767, 0.1199999999999998151 ) ;
#5372 = DIRECTION ( 'NONE',  ( 0.000000000000000000, -1.000000000000000000, 0.000000000000000000 ) ) ;
#5373 = ORIENTED_EDGE ( 'NONE', *, *, #1415, .T. ) ;
#5374 = DIRECTION ( 'NONE',  ( 0.000000000000000000, 1.000000000000000000, 0.000000000000000000 ) ) ;
#5375 = CARTESIAN_POINT ( 'NONE',  ( -0.8485000000000026965, 5.754999999999998117, 0.000000000000000000 ) ) ;
#5376 = ORIENTED_EDGE ( 'NONE', *, *, #2865, .T. ) ;
#5377 = FACE_BOUND ( 'NONE', #8780, .T. ) ;
#5378 = EDGE_CURVE ( 'NONE', #7659, #8845, #659, .T. ) ;
#5379 = EDGE_CURVE ( 'NONE', #5834, #8962, #3483, .T. ) ;
#5380 = ORIENTED_EDGE ( 'NONE', *, *, #124, .F. ) ;
#5381 = VECTOR ( 'NONE', #6035, 39.37007874015748143 ) ;
#5382 = ORIENTED_EDGE ( 'NONE', *, *, #3885, .T. ) ;
#5383 = LINE ( 'NONE', #5932, #1979 ) ;
#5384 = EDGE_LOOP ( 'NONE', ( #7758, #6410, #3223, #6632 ) ) ;
#5385 = DIRECTION ( 'NONE',  ( 0.000000000000000000, 0.000000000000000000, -1.000000000000000000 ) ) ;
#5386 = EDGE_CURVE ( 'NONE', #1980, #4635, #2144, .T. ) ;
#5387 = DIRECTION ( 'NONE',  ( -0.000000000000000000, -1.000000000000000000, -0.000000000000000000 ) ) ;
#5388 = DIRECTION ( 'NONE',  ( -1.000000000000000000, 0.000000000000000000, 0.000000000000000000 ) ) ;
#5389 = ORIENTED_EDGE ( 'NONE', *, *, #5775, .T. ) ;
#5390 = LINE ( 'NONE', #9018, #4713 ) ;
#5391 = FACE_BOUND ( 'NONE', #3009, .T. ) ;
#5392 = AXIS2_PLACEMENT_3D ( 'NONE', #3258, #6932, #6219 ) ;
#5393 = EDGE_CURVE ( 'NONE', #2667, #5851, #3576, .T. ) ;
#5394 = FILL_AREA_STYLE_COLOUR ( '', #4816 ) ;
#5395 = DIRECTION ( 'NONE',  ( -1.000000000000000000, -0.000000000000000000, -0.000000000000000000 ) ) ;
#5396 = ORIENTED_EDGE ( 'NONE', *, *, #8306, .T. ) ;
#5397 = CARTESIAN_POINT ( 'NONE',  ( -0.8485000000000026965, 1.754999999999998117, -0.06000000000000004635 ) ) ;
#5398 = ORIENTED_EDGE ( 'NONE', *, *, #6756, .T. ) ;
#5399 = VECTOR ( 'NONE', #3104, 39.37007874015748143 ) ;
#5400 = EDGE_CURVE ( 'NONE', #715, #760, #6460, .T. ) ;
#5401 = CARTESIAN_POINT ( 'NONE',  ( -5.848500000000003141, -5.745000000000000995, 0.000000000000000000 ) ) ;
#5402 = CARTESIAN_POINT ( 'NONE',  ( 8.660000000000001918, 10.78500000000000014, -0.7500000000000003331 ) ) ;
#5403 = ORIENTED_EDGE ( 'NONE', *, *, #7505, .F. ) ;
#5404 = CARTESIAN_POINT ( 'NONE',  ( -2.098500000000002697, 6.254999999999999893, 0.000000000000000000 ) ) ;
#5405 = VERTEX_POINT ( 'NONE', #6417 ) ;
#5406 = DIRECTION ( 'NONE',  ( -1.000000000000000000, 0.000000000000000000, -3.167359992654217041E-15 ) ) ;
#5407 = LINE ( 'NONE', #1793, #2642 ) ;
#5408 = DIRECTION ( 'NONE',  ( -0.000000000000000000, 1.000000000000000000, 0.000000000000000000 ) ) ;
#5409 = VECTOR ( 'NONE', #5755, 39.37007874015748143 ) ;
#5410 = CARTESIAN_POINT ( 'NONE',  ( -8.660000000000003695, 6.944999999999996732, -0.3880000000000471960 ) ) ;
#5411 = ORIENTED_EDGE ( 'NONE', *, *, #5185, .F. ) ;
#5412 = DIRECTION ( 'NONE',  ( -1.000000000000000000, 0.000000000000000000, 3.130242492740306066E-15 ) ) ;
#5413 = ADVANCED_FACE ( 'NONE', ( #7854 ), #7127, .F. ) ;
#5414 = DIRECTION ( 'NONE',  ( 1.000000000000000000, 0.000000000000000000, 0.000000000000000000 ) ) ;
#5415 = ORIENTED_EDGE ( 'NONE', *, *, #237, .T. ) ;
#5416 = CARTESIAN_POINT ( 'NONE',  ( 8.475999999999999091, 10.90499999999999758, -0.05999999999999901246 ) ) ;
#5417 = EDGE_LOOP ( 'NONE', ( #4272, #5934, #4131, #2439 ) ) ;
#5418 = EDGE_CURVE ( 'NONE', #4889, #2802, #4218, .T. ) ;
#5419 = EDGE_CURVE ( 'NONE', #7114, #470, #1401, .T. ) ;
#5420 = AXIS2_PLACEMENT_3D ( 'NONE', #4536, #7393, #596 ) ;
#5421 = VERTEX_POINT ( 'NONE', #56 ) ;
#5422 = DIRECTION ( 'NONE',  ( -0.000000000000000000, -0.000000000000000000, 1.000000000000000000 ) ) ;
#5423 = ORIENTED_EDGE ( 'NONE', *, *, #7305, .F. ) ;
#5424 = ORIENTED_EDGE ( 'NONE', *, *, #5609, .F. ) ;
#5425 = CARTESIAN_POINT ( 'NONE',  ( -3.348500000000002697, 9.754999999999999005, 0.000000000000000000 ) ) ;
#5426 = AXIS2_PLACEMENT_3D ( 'NONE', #7103, #513, #554 ) ;
#5427 = DIRECTION ( 'NONE',  ( 0.000000000000000000, 0.000000000000000000, 1.000000000000000000 ) ) ;
#5428 = CARTESIAN_POINT ( 'NONE',  ( -0.8485000000000026965, -1.745000000000001217, 0.000000000000000000 ) ) ;
#5429 = VERTEX_POINT ( 'NONE', #2230 ) ;
#5430 = PLANE ( 'NONE',  #1168 ) ;
#5431 = FACE_BOUND ( 'NONE', #6124, .T. ) ;
#5432 = AXIS2_PLACEMENT_3D ( 'NONE', #179, #2995, #1707 ) ;
#5433 = CARTESIAN_POINT ( 'NONE',  ( -1.473500000000001586, 4.254999999999998117, -0.7500393700787405526 ) ) ;
#5434 = CIRCLE ( 'NONE', #5728, 0.1559999999999991116 ) ;
#5435 = EDGE_CURVE ( 'NONE', #6502, #7458, #7076, .T. ) ;
#5436 = CARTESIAN_POINT ( 'NONE',  ( -0.4115000000000008096, 6.254999999999999893, -0.000000000000000000 ) ) ;
#5437 = ORIENTED_EDGE ( 'NONE', *, *, #3946, .T. ) ;
#5438 = CARTESIAN_POINT ( 'NONE',  ( -6.473500000000002252, 7.754999999999997229, -0.7500393700787405526 ) ) ;
#5439 = EDGE_LOOP ( 'NONE', ( #8882, #239, #2355, #5964 ) ) ;
#5440 = FACE_OUTER_BOUND ( 'NONE', #8655, .T. ) ;
#5441 = CARTESIAN_POINT ( 'NONE',  ( -4.786500000000001975, 7.754999999999997229, -0.06000000000000004635 ) ) ;
#5442 = VECTOR ( 'NONE', #6144, 39.37007874015748143 ) ;
#5443 = ADVANCED_FACE ( 'NONE', ( #1537 ), #4354, .F. ) ;
#5444 = AXIS2_PLACEMENT_3D ( 'NONE', #736, #2032, #1383 ) ;
#5445 = VERTEX_POINT ( 'NONE', #330 ) ;
#5446 = AXIS2_PLACEMENT_3D ( 'NONE', #5180, #7205, #282 ) ;
#5447 = CARTESIAN_POINT ( 'NONE',  ( -5.223500000000001364, 0.2549999999999985056, 0.000000000000000000 ) ) ;
#5448 = ORIENTED_EDGE ( 'NONE', *, *, #7662, .T. ) ;
#5449 = CARTESIAN_POINT ( 'NONE',  ( -3.536500000000001975, 7.754999999999997229, -0.7500393700787405526 ) ) ;
#5450 = ADVANCED_FACE ( 'NONE', ( #5924 ), #1768, .F. ) ;
#5451 = DIRECTION ( 'NONE',  ( -0.000000000000000000, -0.000000000000000000, 1.000000000000000000 ) ) ;
#5452 = VECTOR ( 'NONE', #347, 39.37007874015748143 ) ;
#5453 = AXIS2_PLACEMENT_3D ( 'NONE', #4138, #8337, #8936 ) ;
#5454 = VECTOR ( 'NONE', #6637, 39.37007874015748143 ) ;
#5455 = VERTEX_POINT ( 'NONE', #7435 ) ;
#5456 = CARTESIAN_POINT ( 'NONE',  ( -5.223500000000001364, -4.245000000000002771, -0.7500393700787405526 ) ) ;
#5457 = CARTESIAN_POINT ( 'NONE',  ( -4.161500000000001087, 1.754999999999998117, 0.000000000000000000 ) ) ;
#5458 = VECTOR ( 'NONE', #8765, 39.37007874015748143 ) ;
#5459 = CARTESIAN_POINT ( 'NONE',  ( -1.036500000000001975, 3.754999999999997673, -0.7500393700787405526 ) ) ;
#5460 = LINE ( 'NONE', #1771, #4674 ) ;
#5461 = CARTESIAN_POINT ( 'NONE',  ( -1.473500000000001586, 0.2549999999999985056, 0.000000000000000000 ) ) ;
#5462 = ORIENTED_EDGE ( 'NONE', *, *, #6909, .F. ) ;
#5463 = LINE ( 'NONE', #7657, #2957 ) ;
#5464 = ORIENTED_EDGE ( 'NONE', *, *, #6998, .T. ) ;
#5465 = EDGE_LOOP ( 'NONE', ( #5540, #3861, #5502, #373 ) ) ;
#5466 = ORIENTED_EDGE ( 'NONE', *, *, #9024, .F. ) ;
#5467 = ADVANCED_FACE ( 'NONE', ( #379 ), #931, .F. ) ;
#5468 = CARTESIAN_POINT ( 'NONE',  ( -5.848500000000003141, 6.254999999999999893, -0.06000000000000004635 ) ) ;
#5469 = ORIENTED_EDGE ( 'NONE', *, *, #3039, .F. ) ;
#5470 = CARTESIAN_POINT ( 'NONE',  ( 8.659999999999998366, -10.78500000000000192, -0.1199999999999992600 ) ) ;
#5471 = ORIENTED_EDGE ( 'NONE', *, *, #7377, .T. ) ;
#5472 = ORIENTED_EDGE ( 'NONE', *, *, #1299, .F. ) ;
#5473 = LINE ( 'NONE', #8320, #1517 ) ;
#5474 = FACE_OUTER_BOUND ( 'NONE', #5563, .T. ) ;
#5475 = FACE_OUTER_BOUND ( 'NONE', #4460, .T. ) ;
#5476 = EDGE_CURVE ( 'NONE', #4209, #1783, #6032, .T. ) ;
#5477 = VERTEX_POINT ( 'NONE', #2314 ) ;
#5478 = DIRECTION ( 'NONE',  ( -1.000000000000000000, 0.000000000000000000, 0.000000000000000000 ) ) ;
#5479 = FACE_BOUND ( 'NONE', #8598, .T. ) ;
#5480 = CARTESIAN_POINT ( 'NONE',  ( -1.036500000000001975, 0.2549999999999985056, -0.7500393700787405526 ) ) ;
#5481 = CARTESIAN_POINT ( 'NONE',  ( -0.8485000000000026965, -1.745000000000001217, -0.7500393700787405526 ) ) ;
#5482 = EDGE_LOOP ( 'NONE', ( #6242, #5011, #3688, #8251 ) ) ;
#5483 = DIRECTION ( 'NONE',  ( 0.000000000000000000, 0.000000000000000000, -1.000000000000000000 ) ) ;
#5484 = VERTEX_POINT ( 'NONE', #2411 ) ;
#5485 = VERTEX_POINT ( 'NONE', #234 ) ;
#5486 = LINE ( 'NONE', #7038, #2594 ) ;
#5487 = EDGE_CURVE ( 'NONE', #1290, #7656, #7289, .T. ) ;
#5488 = EDGE_CURVE ( 'NONE', #1505, #538, #1070, .T. ) ;
#5489 = ORIENTED_EDGE ( 'NONE', *, *, #6628, .T. ) ;
#5490 = CARTESIAN_POINT ( 'NONE',  ( -5.223500000000001364, 3.754999999999997673, -0.06000000000000004635 ) ) ;
#5491 = LINE ( 'NONE', #1329, #8566 ) ;
#5492 = ORIENTED_EDGE ( 'NONE', *, *, #5235, .F. ) ;
#5493 = AXIS2_PLACEMENT_3D ( 'NONE', #3518, #2823, #5641 ) ;
#5494 = VECTOR ( 'NONE', #9161, 39.37007874015748143 ) ;
#5495 = ORIENTED_EDGE ( 'NONE', *, *, #198, .F. ) ;
#5496 = CARTESIAN_POINT ( 'NONE',  ( -6.473500000000002252, 0.2549999999999985056, -0.06000000000000004635 ) ) ;
#5498 = EDGE_CURVE ( 'NONE', #6944, #5874, #7389, .T. ) ;
#5497 = DIRECTION ( 'NONE',  ( 0.000000000000000000, -0.000000000000000000, -1.000000000000000000 ) ) ;
#5499 = CARTESIAN_POINT ( 'NONE',  ( -5.848500000000003141, -1.745000000000001217, -0.7500393700787405526 ) ) ;
#5500 = VECTOR ( 'NONE', #633, 39.37007874015748143 ) ;
#5501 = VECTOR ( 'NONE', #211, 39.37007874015748143 ) ;
#5502 = ORIENTED_EDGE ( 'NONE', *, *, #774, .F. ) ;
#5503 = LINE ( 'NONE', #4291, #8421 ) ;
#5504 = FACE_OUTER_BOUND ( 'NONE', #7959, .T. ) ;
#5505 = DIRECTION ( 'NONE',  ( 1.000000000000000000, 0.000000000000000000, 0.000000000000000000 ) ) ;
#5506 = PLANE ( 'NONE',  #481 ) ;
#5507 = VERTEX_POINT ( 'NONE', #5137 ) ;
#5508 = LINE ( 'NONE', #5416, #2228 ) ;
#5509 = ORIENTED_EDGE ( 'NONE', *, *, #8829, .F. ) ;
#5510 = VECTOR ( 'NONE', #1122, 39.37007874015748143 ) ;
#5511 = EDGE_LOOP ( 'NONE', ( #8523, #7475, #3813, #3456 ) ) ;
#5512 = ORIENTED_EDGE ( 'NONE', *, *, #5862, .F. ) ;
#5513 = DIRECTION ( 'NONE',  ( 0.000000000000000000, -1.000000000000000000, 0.000000000000000000 ) ) ;
#5514 = AXIS2_PLACEMENT_3D ( 'NONE', #8366, #7251, #835 ) ;
#5515 = ORIENTED_EDGE ( 'NONE', *, *, #2075, .T. ) ;
#5516 = CARTESIAN_POINT ( 'NONE',  ( -6.036500000000001975, 3.754999999999997673, 0.000000000000000000 ) ) ;
#5517 = VECTOR ( 'NONE', #8792, 39.37007874015748143 ) ;
#5518 = ORIENTED_EDGE ( 'NONE', *, *, #3394, .T. ) ;
#5519 = ORIENTED_EDGE ( 'NONE', *, *, #8350, .T. ) ;
#5520 = FACE_BOUND ( 'NONE', #3904, .T. ) ;
#5521 = LINE ( 'NONE', #3340, #8806 ) ;
#5522 = FACE_OUTER_BOUND ( 'NONE', #1686, .T. ) ;
#5523 = ORIENTED_EDGE ( 'NONE', *, *, #7158, .F. ) ;
#5524 = DIRECTION ( 'NONE',  ( 0.000000000000000000, -0.000000000000000000, 1.000000000000000000 ) ) ;
#5525 = CARTESIAN_POINT ( 'NONE',  ( -5.848500000000003141, 9.754999999999999005, -0.06000000000000004635 ) ) ;
#5526 = AXIS2_PLACEMENT_3D ( 'NONE', #6792, #7397, #3948 ) ;
#5527 = LINE ( 'NONE', #4046, #8712 ) ;
#5528 = VERTEX_POINT ( 'NONE', #1671 ) ;
#5529 = CARTESIAN_POINT ( 'NONE',  ( -1.473500000000001586, 4.254999999999998117, 0.000000000000000000 ) ) ;
#5530 = EDGE_CURVE ( 'NONE', #538, #6613, #4443, .T. ) ;
#5531 = VERTEX_POINT ( 'NONE', #3205 ) ;
#5532 = ORIENTED_EDGE ( 'NONE', *, *, #7726, .F. ) ;
#5533 = DIRECTION ( 'NONE',  ( 0.000000000000000000, 0.000000000000000000, 1.000000000000000000 ) ) ;
#5534 = ORIENTED_EDGE ( 'NONE', *, *, #4292, .F. ) ;
#5535 = LINE ( 'NONE', #7041, #2846 ) ;
#5536 = ORIENTED_EDGE ( 'NONE', *, *, #4176, .T. ) ;
#5537 = DIRECTION ( 'NONE',  ( -0.000000000000000000, -0.000000000000000000, 1.000000000000000000 ) ) ;
#5539 = VECTOR ( 'NONE', #1363, 39.37007874015748143 ) ;
#5538 = DIRECTION ( 'NONE',  ( -1.000000000000000000, -0.000000000000000000, -0.000000000000000000 ) ) ;
#5540 = ORIENTED_EDGE ( 'NONE', *, *, #7705, .T. ) ;
#5541 = EDGE_CURVE ( 'NONE', #4119, #6304, #1023, .T. ) ;
#5542 = EDGE_CURVE ( 'NONE', #5918, #2303, #7253, .T. ) ;
#5543 = LINE ( 'NONE', #6063, #1807 ) ;
#5544 = FACE_BOUND ( 'NONE', #303, .T. ) ;
#5545 = AXIS2_PLACEMENT_3D ( 'NONE', #7172, #1499, #2320 ) ;
#5546 = DIRECTION ( 'NONE',  ( 0.000000000000000000, -1.000000000000000000, 0.000000000000000000 ) ) ;
#5547 = EDGE_LOOP ( 'NONE', ( #956, #8570, #468, #3779 ) ) ;
#5548 = DIRECTION ( 'NONE',  ( 0.000000000000000000, -1.000000000000000000, 0.000000000000000000 ) ) ;
#5549 = FACE_OUTER_BOUND ( 'NONE', #3024, .T. ) ;
#5550 = PLANE ( 'NONE',  #324 ) ;
#5551 = EDGE_CURVE ( 'NONE', #3532, #8586, #3799, .T. ) ;
#5552 = AXIS2_PLACEMENT_3D ( 'NONE', #2433, #4604, #2385 ) ;
#5553 = ORIENTED_EDGE ( 'NONE', *, *, #3706, .F. ) ;
#5554 = LINE ( 'NONE', #1940, #5037 ) ;
#5555 = ORIENTED_EDGE ( 'NONE', *, *, #8625, .T. ) ;
#5556 = ORIENTED_EDGE ( 'NONE', *, *, #4784, .T. ) ;
#5557 = LINE ( 'NONE', #4954, #723 ) ;
#5558 = EDGE_CURVE ( 'NONE', #7928, #3162, #8820, .T. ) ;
#5559 = STYLED_ITEM ( 'NONE', ( #2798 ), #4434 ) ;
#5560 = EDGE_CURVE ( 'NONE', #2465, #5834, #5183, .T. ) ;
#5561 = EDGE_LOOP ( 'NONE', ( #1423, #2979, #4719, #5931 ) ) ;
#5562 = CARTESIAN_POINT ( 'NONE',  ( -5.223500000000001364, 4.254999999999998117, 0.000000000000000000 ) ) ;
#5563 = EDGE_LOOP ( 'NONE', ( #6921, #2941, #8197, #7177 ) ) ;
#5564 = ORIENTED_EDGE ( 'NONE', *, *, #4137, .F. ) ;
#5565 = DIRECTION ( 'NONE',  ( 0.000000000000000000, 0.000000000000000000, -1.000000000000000000 ) ) ;
#5566 = DIRECTION ( 'NONE',  ( 0.000000000000000000, -1.000000000000000000, 0.000000000000000000 ) ) ;
#5567 = CARTESIAN_POINT ( 'NONE',  ( -8.720000000000004192, 5.564999999999997726, -0.4400000000000474087 ) ) ;
#5568 = EDGE_LOOP ( 'NONE', ( #7409, #4654, #7977, #3231 ) ) ;
#5569 = DIRECTION ( 'NONE',  ( 0.000000000000000000, 1.000000000000000000, 0.000000000000000000 ) ) ;
#5570 = AXIS2_PLACEMENT_3D ( 'NONE', #7841, #7152, #874 ) ;
#5571 = SURFACE_STYLE_USAGE ( .BOTH. , #1916 ) ;
#5572 = CARTESIAN_POINT ( 'NONE',  ( -6.036500000000001975, -7.745000000000001883, 0.000000000000000000 ) ) ;
#5573 = VERTEX_POINT ( 'NONE', #2460 ) ;
#5574 = CYLINDRICAL_SURFACE ( 'NONE', #7923, 0.05200000000000001843 ) ;
#5575 = ORIENTED_EDGE ( 'NONE', *, *, #3370, .T. ) ;
#5576 = PLANE ( 'NONE',  #3438 ) ;
#5577 = VECTOR ( 'NONE', #1109, 39.37007874015748143 ) ;
#5578 = ORIENTED_EDGE ( 'NONE', *, *, #5929, .F. ) ;
#5579 = LINE ( 'NONE', #7903, #5409 ) ;
#5580 = VERTEX_POINT ( 'NONE', #5285 ) ;
#5581 = DIRECTION ( 'NONE',  ( 1.000000000000000000, -2.500547362621746538E-15, 0.000000000000000000 ) ) ;
#5582 = EDGE_CURVE ( 'NONE', #2526, #3448, #8035, .T. ) ;
#5583 = VECTOR ( 'NONE', #6385, 39.37007874015748143 ) ;
#5584 = VECTOR ( 'NONE', #7414, 39.37007874015748143 ) ;
#5585 = ORIENTED_EDGE ( 'NONE', *, *, #7641, .F. ) ;
#5586 = LINE ( 'NONE', #7094, #8852 ) ;
#5587 = FACE_OUTER_BOUND ( 'NONE', #4620, .T. ) ;
#5588 = ORIENTED_EDGE ( 'NONE', *, *, #6158, .T. ) ;
#5589 = LINE ( 'NONE', #1332, #7882 ) ;
#5590 = AXIS2_PLACEMENT_3D ( 'NONE', #6300, #2080, #4247 ) ;
#5591 = VECTOR ( 'NONE', #5596, 39.37007874015748143 ) ;
#5592 = FACE_BOUND ( 'NONE', #8311, .T. ) ;
#5593 = LINE ( 'NONE', #3413, #7982 ) ;
#5594 = EDGE_CURVE ( 'NONE', #6203, #8453, #189, .T. ) ;
#5595 = CIRCLE ( 'NONE', #117, 0.05200000000000001843 ) ;
#5596 = DIRECTION ( 'NONE',  ( 0.000000000000000000, -1.000000000000000000, 0.000000000000000000 ) ) ;
#5597 = VECTOR ( 'NONE', #1392, 39.37007874015748143 ) ;
#5598 = FACE_OUTER_BOUND ( 'NONE', #5907, .T. ) ;
#5599 = LINE ( 'NONE', #8531, #99 ) ;
#5600 = CARTESIAN_POINT ( 'NONE',  ( -1.661500000000000865, 1.754999999999998117, -0.06000000000000004635 ) ) ;
#5601 = ORIENTED_EDGE ( 'NONE', *, *, #7511, .F. ) ;
#5602 = FACE_OUTER_BOUND ( 'NONE', #5511, .T. ) ;
#5603 = ORIENTED_EDGE ( 'NONE', *, *, #4804, .T. ) ;
#5604 = ORIENTED_EDGE ( 'NONE', *, *, #8228, .T. ) ;
#5605 = AXIS2_PLACEMENT_3D ( 'NONE', #1267, #8927, #8325 ) ;
#5606 = EDGE_LOOP ( 'NONE', ( #2732, #7810 ) ) ;
#5607 = FACE_OUTER_BOUND ( 'NONE', #8219, .T. ) ;
#5608 = EDGE_CURVE ( 'NONE', #5663, #2529, #8675, .T. ) ;
#5609 = EDGE_CURVE ( 'NONE', #4630, #1518, #286, .T. ) ;
#5610 = ORIENTED_EDGE ( 'NONE', *, *, #8787, .T. ) ;
#5611 = AXIS2_PLACEMENT_3D ( 'NONE', #4808, #2127, #7653 ) ;
#5612 = ORIENTED_EDGE ( 'NONE', *, *, #559, .F. ) ;
#5613 = CARTESIAN_POINT ( 'NONE',  ( -2.098500000000002697, 9.754999999999999005, 0.000000000000000000 ) ) ;
#5614 = VERTEX_POINT ( 'NONE', #8915 ) ;
#5615 = DIRECTION ( 'NONE',  ( 0.000000000000000000, -0.000000000000000000, 1.000000000000000000 ) ) ;
#5616 = LINE ( 'NONE', #6504, #5234 ) ;
#5617 = PLANE ( 'NONE',  #4020 ) ;
#5618 = ORIENTED_EDGE ( 'NONE', *, *, #4141, .T. ) ;
#5619 = CARTESIAN_POINT ( 'NONE',  ( -2.286500000000001975, 3.754999999999997673, 0.000000000000000000 ) ) ;
#5620 = EDGE_CURVE ( 'NONE', #9147, #619, #6075, .T. ) ;
#5621 = CARTESIAN_POINT ( 'NONE',  ( -3.536500000000001975, -3.745000000000001883, 0.000000000000000000 ) ) ;
#5622 = DIRECTION ( 'NONE',  ( -1.000000000000000000, 0.000000000000000000, -0.000000000000000000 ) ) ;
#5623 = EDGE_LOOP ( 'NONE', ( #6050, #6336, #3355, #2139 ) ) ;
#5624 = CARTESIAN_POINT ( 'NONE',  ( -8.600000000000001421, 10.78500000000000192, -8.537024980200822558E-17 ) ) ;
#5625 = ORIENTED_EDGE ( 'NONE', *, *, #562, .F. ) ;
#5626 = CARTESIAN_POINT ( 'NONE',  ( -4.598500000000003141, 2.254999999999998561, -0.05999999999999999778 ) ) ;
#5627 = LINE ( 'NONE', #8639, #7911 ) ;
#5628 = CARTESIAN_POINT ( 'NONE',  ( -6.473500000000002252, 4.254999999999998117, -0.7500393700787405526 ) ) ;
#5629 = VERTEX_POINT ( 'NONE', #2554 ) ;
#5630 = CARTESIAN_POINT ( 'NONE',  ( -1.473500000000001586, -4.245000000000002771, -0.06000000000000004635 ) ) ;
#5631 = LINE ( 'NONE', #4058, #8869 ) ;
#5632 = VERTEX_POINT ( 'NONE', #2076 ) ;
#5633 = LINE ( 'NONE', #4241, #485 ) ;
#5634 = DIRECTION ( 'NONE',  ( -0.000000000000000000, -0.000000000000000000, 1.000000000000000000 ) ) ;
#5635 = ORIENTED_EDGE ( 'NONE', *, *, #3171, .F. ) ;
#5636 = DIRECTION ( 'NONE',  ( 0.000000000000000000, -1.000000000000000000, 0.000000000000000000 ) ) ;
#5637 = FACE_OUTER_BOUND ( 'NONE', #1836, .T. ) ;
#5638 = DIRECTION ( 'NONE',  ( -0.000000000000000000, -0.000000000000000000, 1.000000000000000000 ) ) ;
#5639 = CARTESIAN_POINT ( 'NONE',  ( -2.723500000000001808, -3.745000000000001883, -0.7500393700787405526 ) ) ;
#5640 = VERTEX_POINT ( 'NONE', #4849 ) ;
#5641 = DIRECTION ( 'NONE',  ( 0.000000000000000000, 0.000000000000000000, 1.000000000000000000 ) ) ;
#5642 = ADVANCED_FACE ( 'NONE', ( #3553 ), #1287, .F. ) ;
#5643 = ORIENTED_EDGE ( 'NONE', *, *, #6527, .F. ) ;
#5644 = VECTOR ( 'NONE', #7936, 39.37007874015748143 ) ;
#5645 = CARTESIAN_POINT ( 'NONE',  ( -4.786500000000001975, -7.745000000000001883, 0.000000000000000000 ) ) ;
#5646 = DIRECTION ( 'NONE',  ( 1.000000000000000000, 0.000000000000000000, -3.167359992654217041E-15 ) ) ;
#5647 = EDGE_LOOP ( 'NONE', ( #2775, #6530, #6786, #7623 ) ) ;
#5648 = VECTOR ( 'NONE', #5414, 39.37007874015748143 ) ;
#5649 = AXIS2_PLACEMENT_3D ( 'NONE', #6765, #8105, #7551 ) ;
#5650 = VERTEX_POINT ( 'NONE', #8481 ) ;
#5651 = CARTESIAN_POINT ( 'NONE',  ( -6.036500000000001975, -3.745000000000001883, -0.7500393700787405526 ) ) ;
#5652 = EDGE_CURVE ( 'NONE', #7412, #7364, #2123, .T. ) ;
#5653 = VERTEX_POINT ( 'NONE', #1814 ) ;
#5654 = EDGE_CURVE ( 'NONE', #6037, #4599, #6246, .T. ) ;
#5655 = CARTESIAN_POINT ( 'NONE',  ( -0.4115000000000008096, 1.754999999999998117, -0.05999999999999999778 ) ) ;
#5656 = DIRECTION ( 'NONE',  ( 3.167359992654217435E-15, -0.000000000000000000, -1.000000000000000000 ) ) ;
#5657 = CARTESIAN_POINT ( 'NONE',  ( -3.348500000000002697, 1.754999999999998117, -0.7500393700787405526 ) ) ;
#5658 = ORIENTED_EDGE ( 'NONE', *, *, #3100, .T. ) ;
#5659 = AXIS2_PLACEMENT_3D ( 'NONE', #3810, #6558, #6655 ) ;
#5660 = DIRECTION ( 'NONE',  ( -0.000000000000000000, -0.000000000000000000, 1.000000000000000000 ) ) ;
#5661 = VERTEX_POINT ( 'NONE', #3506 ) ;
#5662 = DIRECTION ( 'NONE',  ( 1.000000000000000000, -2.500547362621746538E-15, 0.000000000000000000 ) ) ;
#5663 = VERTEX_POINT ( 'NONE', #8348 ) ;
#5664 = EDGE_CURVE ( 'NONE', #6136, #8735, #4802, .T. ) ;
#5665 = CARTESIAN_POINT ( 'NONE',  ( -0.8485000000000026965, -9.745000000000000995, 0.000000000000000000 ) ) ;
#5666 = CARTESIAN_POINT ( 'NONE',  ( -6.473500000000002252, -3.745000000000001883, -0.06000000000000004635 ) ) ;
#5667 = FACE_OUTER_BOUND ( 'NONE', #1205, .T. ) ;
#5668 = ORIENTED_EDGE ( 'NONE', *, *, #3728, .T. ) ;
#5669 = CARTESIAN_POINT ( 'NONE',  ( -4.598500000000003141, -5.745000000000000995, 0.000000000000000000 ) ) ;
#5670 = ADVANCED_FACE ( 'NONE', ( #8175 ), #2510, .F. ) ;
#5671 = DIRECTION ( 'NONE',  ( -1.000000000000000000, 0.000000000000000000, 0.000000000000000000 ) ) ;
#5672 = LINE ( 'NONE', #6433, #3235 ) ;
#5673 = ORIENTED_EDGE ( 'NONE', *, *, #2931, .T. ) ;
#5674 = EDGE_CURVE ( 'NONE', #8932, #1664, #1380, .T. ) ;
#5675 = VECTOR ( 'NONE', #7710, 39.37007874015748143 ) ;
#5676 = VERTEX_POINT ( 'NONE', #9088 ) ;
#5677 = DIRECTION ( 'NONE',  ( -1.000000000000000000, 0.000000000000000000, 0.000000000000000000 ) ) ;
#5678 = CARTESIAN_POINT ( 'NONE',  ( -1.473500000000001586, 4.254999999999998117, -0.06000000000000004635 ) ) ;
#5679 = DIRECTION ( 'NONE',  ( 0.000000000000000000, 0.000000000000000000, 1.000000000000000000 ) ) ;
#5680 = EDGE_LOOP ( 'NONE', ( #6517, #6342, #1624, #2621, #1555, #8043, #4928, #3453, #1601, #2559, #4505, #7568, #1034, #8362, #3326, #7142, #5612, #773, #8153, #6795 ) ) ;
#5681 = DIRECTION ( 'NONE',  ( 1.000000000000000000, -0.000000000000000000, 0.000000000000000000 ) ) ;
#5682 = DIRECTION ( 'NONE',  ( 0.000000000000000000, -1.000000000000000000, 0.000000000000000000 ) ) ;
#5683 = CARTESIAN_POINT ( 'NONE',  ( -3.536500000000001975, -7.745000000000001883, -0.7500393700787405526 ) ) ;
#5684 = VERTEX_POINT ( 'NONE', #2718 ) ;
#5685 = DIRECTION ( 'NONE',  ( -0.000000000000000000, -1.000000000000000000, -0.000000000000000000 ) ) ;
#5686 = ORIENTED_EDGE ( 'NONE', *, *, #8664, .F. ) ;
#5687 = CIRCLE ( 'NONE', #2146, 0.05200000000000001843 ) ;
#5688 = DIRECTION ( 'NONE',  ( -1.000000000000000000, 0.000000000000000000, 0.000000000000000000 ) ) ;
#5689 = EDGE_CURVE ( 'NONE', #3852, #476, #1425, .T. ) ;
#5690 = CARTESIAN_POINT ( 'NONE',  ( -5.848500000000003141, 1.754999999999998117, -0.7500393700787405526 ) ) ;
#5691 = ORIENTED_EDGE ( 'NONE', *, *, #6899, .T. ) ;
#5692 = ORIENTED_EDGE ( 'NONE', *, *, #3848, .T. ) ;
#5693 = DIRECTION ( 'NONE',  ( 1.000000000000000000, -0.000000000000000000, -0.000000000000000000 ) ) ;
#5694 = EDGE_LOOP ( 'NONE', ( #3631, #4573, #1074, #5829 ) ) ;
#5695 = CARTESIAN_POINT ( 'NONE',  ( -4.161500000000002863, 9.754999999999999005, -0.06000000000000004635 ) ) ;
#5696 = CARTESIAN_POINT ( 'NONE',  ( -5.411500000000002863, 9.754999999999999005, 0.000000000000000000 ) ) ;
#5697 = CARTESIAN_POINT ( 'NONE',  ( -1.473500000000001586, -3.745000000000001883, -0.7500393700787405526 ) ) ;
#5698 = VECTOR ( 'NONE', #3496, 39.37007874015748143 ) ;
#5699 = AXIS2_PLACEMENT_3D ( 'NONE', #8040, #7991, #801 ) ;
#5700 = ORIENTED_EDGE ( 'NONE', *, *, #5027, .T. ) ;
#5701 = EDGE_CURVE ( 'NONE', #7047, #4126, #7004, .T. ) ;
#5702 = ADVANCED_FACE ( 'NONE', ( #9135 ), #2765, .F. ) ;
#5703 =( NAMED_UNIT ( * ) PLANE_ANGLE_UNIT ( ) SI_UNIT ( $, .RADIAN. ) );
#5704 = VERTEX_POINT ( 'NONE', #2815 ) ;
#5705 = DIRECTION ( 'NONE',  ( 0.000000000000000000, -0.000000000000000000, -1.000000000000000000 ) ) ;
#5706 = ORIENTED_EDGE ( 'NONE', *, *, #1856, .F. ) ;
#5707 = CARTESIAN_POINT ( 'NONE',  ( -6.661500000000001975, -9.745000000000002771, -0.06000000000000004635 ) ) ;
#5708 = CARTESIAN_POINT ( 'NONE',  ( -3.536500000000001975, 4.254999999999998117, 0.000000000000000000 ) ) ;
#5709 = DIRECTION ( 'NONE',  ( -1.000000000000000000, 0.000000000000000000, 0.000000000000000000 ) ) ;
#5710 = ORIENTED_EDGE ( 'NONE', *, *, #1876, .F. ) ;
#5711 = CARTESIAN_POINT ( 'NONE',  ( -3.348500000000002697, -2.245000000000001883, -0.7500393700787405526 ) ) ;
#5712 = EDGE_CURVE ( 'NONE', #431, #6663, #5633, .T. ) ;
#5713 = EDGE_CURVE ( 'NONE', #2507, #6665, #730, .T. ) ;
#5714 = CARTESIAN_POINT ( 'NONE',  ( -6.661500000000002863, 9.754999999999999005, 0.000000000000000000 ) ) ;
#5715 = FACE_OUTER_BOUND ( 'NONE', #1553, .T. ) ;
#5716 = EDGE_LOOP ( 'NONE', ( #8274, #449, #7167, #655 ) ) ;
#5717 = VECTOR ( 'NONE', #2725, 39.37007874015748143 ) ;
#5718 = EDGE_CURVE ( 'NONE', #4622, #5823, #4330, .T. ) ;
#5719 = DIRECTION ( 'NONE',  ( -1.000000000000000000, -0.000000000000000000, -0.000000000000000000 ) ) ;
#5720 = CARTESIAN_POINT ( 'NONE',  ( -0.8485000000000026965, 1.754999999999998117, 0.000000000000000000 ) ) ;
#5721 = DIRECTION ( 'NONE',  ( -1.000000000000000000, -0.000000000000000000, -0.000000000000000000 ) ) ;
#5722 = ADVANCED_FACE ( 'NONE', ( #2211 ), #8525, .F. ) ;
#5723 = ADVANCED_FACE ( 'NONE', ( #8012 ), #5114, .F. ) ;
#5724 = VERTEX_POINT ( 'NONE', #8701 ) ;
#5725 = DIRECTION ( 'NONE',  ( -0.000000000000000000, 1.000000000000000000, 0.000000000000000000 ) ) ;
#5726 = LINE ( 'NONE', #3087, #1914 ) ;
#5727 = PLANE ( 'NONE',  #8111 ) ;
#5728 = AXIS2_PLACEMENT_3D ( 'NONE', #726, #24, #2852 ) ;
#5729 = ORIENTED_EDGE ( 'NONE', *, *, #7058, .T. ) ;
#5730 = DIRECTION ( 'NONE',  ( 1.000000000000000000, 0.000000000000000000, 0.000000000000000000 ) ) ;
#5731 = DIRECTION ( 'NONE',  ( 0.000000000000000000, 0.000000000000000000, 1.000000000000000000 ) ) ;
#5732 = VECTOR ( 'NONE', #5395, 39.37007874015748143 ) ;
#5733 = VECTOR ( 'NONE', #6547, 39.37007874015748143 ) ;
#5734 = LINE ( 'NONE', #1529, #4685 ) ;
#5735 = ORIENTED_EDGE ( 'NONE', *, *, #1868, .T. ) ;
#5736 = ORIENTED_EDGE ( 'NONE', *, *, #8547, .T. ) ;
#5737 = CARTESIAN_POINT ( 'NONE',  ( -0.4115000000000018643, -9.745000000000002771, -0.7500393700787405526 ) ) ;
#5738 = VECTOR ( 'NONE', #8597, 39.37007874015748143 ) ;
#5739 = VECTOR ( 'NONE', #2548, 39.37007874015748143 ) ;
#5740 = CIRCLE ( 'NONE', #1752, 0.1559999999999996390 ) ;
#5741 = ORIENTED_EDGE ( 'NONE', *, *, #5269, .F. ) ;
#5742 = CARTESIAN_POINT ( 'NONE',  ( -1.036500000000001975, -3.745000000000001883, -0.7500393700787405526 ) ) ;
#5743 = PRODUCT_RELATED_PRODUCT_CATEGORY ( 'part', '', ( #1223 ) ) ;
#5744 = CARTESIAN_POINT ( 'NONE',  ( -3.973500000000001808, 4.254999999999998117, 0.000000000000000000 ) ) ;
#5745 = DIRECTION ( 'NONE',  ( -6.244223985518316914E-16, 1.000000000000000000, -0.000000000000000000 ) ) ;
#5746 = VERTEX_POINT ( 'NONE', #5070 ) ;
#5747 = VECTOR ( 'NONE', #2630, 39.37007874015748143 ) ;
#5748 = CARTESIAN_POINT ( 'NONE',  ( -2.723500000000001808, -7.745000000000001883, -0.7500393700787405526 ) ) ;
#5749 = ORIENTED_EDGE ( 'NONE', *, *, #3749, .F. ) ;
#5750 = LINE ( 'NONE', #5792, #7321 ) ;
#5751 = VERTEX_POINT ( 'NONE', #4375 ) ;
#5752 = FACE_OUTER_BOUND ( 'NONE', #5798, .T. ) ;
#5753 = EDGE_CURVE ( 'NONE', #7007, #7733, #8651, .T. ) ;
#5754 = LINE ( 'NONE', #5061, #570 ) ;
#5755 = DIRECTION ( 'NONE',  ( -1.000000000000000000, 0.000000000000000000, 0.000000000000000000 ) ) ;
#5756 = VERTEX_POINT ( 'NONE', #2340 ) ;
#5757 = CARTESIAN_POINT ( 'NONE',  ( -0.4115000000000008096, 6.254999999999999893, -0.06000000000000004635 ) ) ;
#5758 = ADVANCED_FACE ( 'NONE', ( #906 ), #775, .F. ) ;
#5759 = PLANE ( 'NONE',  #2623 ) ;
#5760 = CARTESIAN_POINT ( 'NONE',  ( -5.223500000000001364, 4.254999999999998117, -0.06000000000000004635 ) ) ;
#5761 = ORIENTED_EDGE ( 'NONE', *, *, #4703, .F. ) ;
#5762 = ADVANCED_FACE ( 'NONE', ( #2291 ), #7143, .F. ) ;
#5763 = EDGE_CURVE ( 'NONE', #5834, #2528, #7870, .T. ) ;
#5764 = LINE ( 'NONE', #4239, #5300 ) ;
#5765 = ORIENTED_EDGE ( 'NONE', *, *, #7098, .F. ) ;
#5766 = DIRECTION ( 'NONE',  ( -0.000000000000000000, 1.000000000000000000, 0.000000000000000000 ) ) ;
#5767 = DIRECTION ( 'NONE',  ( 0.000000000000000000, 1.000000000000000000, 0.000000000000000000 ) ) ;
#5768 = CARTESIAN_POINT ( 'NONE',  ( -1.473500000000001586, -7.745000000000001883, -0.7500393700787405526 ) ) ;
#5769 = EDGE_LOOP ( 'NONE', ( #1834, #3623, #8919, #611 ) ) ;
#5770 = DIRECTION ( 'NONE',  ( 0.000000000000000000, 0.000000000000000000, -1.000000000000000000 ) ) ;
#5771 = CARTESIAN_POINT ( 'NONE',  ( 8.470000000000000639, 10.77899999999999636, 0.000000000000000000 ) ) ;
#5772 = DIRECTION ( 'NONE',  ( -6.244223985518316914E-16, 1.000000000000000000, -0.000000000000000000 ) ) ;
#5773 = EDGE_LOOP ( 'NONE', ( #6645, #2367, #883, #1844 ) ) ;
#5774 = CARTESIAN_POINT ( 'NONE',  ( -5.848500000000003141, 2.254999999999998561, -0.7500393700787405526 ) ) ;
#5775 = EDGE_CURVE ( 'NONE', #1096, #5632, #7833, .T. ) ;
#5776 = FACE_OUTER_BOUND ( 'NONE', #2817, .T. ) ;
#5777 = EDGE_CURVE ( 'NONE', #8586, #6678, #5854, .T. ) ;
#5778 = LINE ( 'NONE', #47, #7087 ) ;
#5779 = ORIENTED_EDGE ( 'NONE', *, *, #5718, .T. ) ;
#5780 = VERTEX_POINT ( 'NONE', #7231 ) ;
#5781 = CARTESIAN_POINT ( 'NONE',  ( -2.286500000000001975, 0.2549999999999985056, -0.06000000000000004635 ) ) ;
#5782 = EDGE_LOOP ( 'NONE', ( #4612, #6436, #6430, #648 ) ) ;
#5783 = VECTOR ( 'NONE', #8589, 39.37007874015748143 ) ;
#5784 = CARTESIAN_POINT ( 'NONE',  ( -8.720000000000004192, 6.944999999999996732, -0.4400000000000474087 ) ) ;
#5785 = LINE ( 'NONE', #1022, #5399 ) ;
#5786 = CARTESIAN_POINT ( 'NONE',  ( -3.973500000000001808, 4.254999999999998117, -0.06000000000000004635 ) ) ;
#5787 = VERTEX_POINT ( 'NONE', #5163 ) ;
#5788 = AXIS2_PLACEMENT_3D ( 'NONE', #6863, #5408, #8207 ) ;
#5789 = VECTOR ( 'NONE', #3874, 39.37007874015748143 ) ;
#5790 = LINE ( 'NONE', #4358, #4847 ) ;
#5791 = ORIENTED_EDGE ( 'NONE', *, *, #5814, .T. ) ;
#5792 = CARTESIAN_POINT ( 'NONE',  ( -2.911500000000001087, -5.745000000000000995, -0.06000000000000004635 ) ) ;
#5793 = ORIENTED_EDGE ( 'NONE', *, *, #4680, .F. ) ;
#5794 = DIRECTION ( 'NONE',  ( -0.000000000000000000, -0.000000000000000000, 1.000000000000000000 ) ) ;
#5795 = VECTOR ( 'NONE', #4777, 39.37007874015748143 ) ;
#5796 = DIRECTION ( 'NONE',  ( 0.000000000000000000, -6.334719985308435660E-15, -1.000000000000000000 ) ) ;
#5797 = CARTESIAN_POINT ( 'NONE',  ( -2.911500000000001975, -9.745000000000002771, -0.06000000000000004635 ) ) ;
#5798 = EDGE_LOOP ( 'NONE', ( #7073, #7288, #5380, #3469 ) ) ;
#5799 = DIRECTION ( 'NONE',  ( -0.000000000000000000, -0.000000000000000000, 1.000000000000000000 ) ) ;
#5800 = EDGE_CURVE ( 'NONE', #2885, #7822, #3731, .T. ) ;
#5801 = CARTESIAN_POINT ( 'NONE',  ( -8.600000000000001421, 10.78499999999999481, -0.1199999999999999956 ) ) ;
#5802 = DIRECTION ( 'NONE',  ( -1.000000000000000000, 0.000000000000000000, -0.000000000000000000 ) ) ;
#5803 = EDGE_LOOP ( 'NONE', ( #9177, #1341, #6236, #6839 ) ) ;
#5804 = LINE ( 'NONE', #6357, #7395 ) ;
#5805 = ORIENTED_EDGE ( 'NONE', *, *, #1286, .T. ) ;
#5806 = EDGE_CURVE ( 'NONE', #665, #470, #3026, .T. ) ;
#5807 = VERTEX_POINT ( 'NONE', #6484 ) ;
#5808 = DIRECTION ( 'NONE',  ( -1.000000000000000000, -0.000000000000000000, 0.000000000000000000 ) ) ;
#5809 = DIRECTION ( 'NONE',  ( 0.000000000000000000, 1.000000000000000000, 0.000000000000000000 ) ) ;
#5810 = CARTESIAN_POINT ( 'NONE',  ( 8.470000000000000639, -10.78500000000000192, 0.000000000000000000 ) ) ;
#5811 = EDGE_CURVE ( 'NONE', #5888, #2920, #4468, .T. ) ;
#5812 = EDGE_LOOP ( 'NONE', ( #3600, #3402, #4764, #1951 ) ) ;
#5813 = DIRECTION ( 'NONE',  ( 0.000000000000000000, 0.000000000000000000, 1.000000000000000000 ) ) ;
#5814 = EDGE_CURVE ( 'NONE', #6743, #7613, #6391, .T. ) ;
#5816 = VECTOR ( 'NONE', #3000, 39.37007874015748143 ) ;
#5815 = CARTESIAN_POINT ( 'NONE',  ( -7.098500000000003141, 1.754999999999998117, -0.7500393700787405526 ) ) ;
#5817 = CARTESIAN_POINT ( 'NONE',  ( -3.906000000000001915, -10.56500000000000128, 0.000000000000000000 ) ) ;
#5818 = ORIENTED_EDGE ( 'NONE', *, *, #1142, .T. ) ;
#5819 = LINE ( 'NONE', #2396, #3127 ) ;
#5820 = CARTESIAN_POINT ( 'NONE',  ( -8.469999999999993534, 10.90499999999999758, -0.1199999999999996209 ) ) ;
#5821 = LINE ( 'NONE', #4433, #2620 ) ;
#5822 = EDGE_CURVE ( 'NONE', #2784, #8586, #866, .T. ) ;
#5823 = VERTEX_POINT ( 'NONE', #8607 ) ;
#5824 = DIRECTION ( 'NONE',  ( -0.000000000000000000, 0.000000000000000000, -1.000000000000000000 ) ) ;
#5825 = DIRECTION ( 'NONE',  ( -6.244223985518316914E-16, 1.000000000000000000, -0.000000000000000000 ) ) ;
#5826 = AXIS2_PLACEMENT_3D ( 'NONE', #3798, #6741, #378 ) ;
#5827 = ORIENTED_EDGE ( 'NONE', *, *, #4587, .F. ) ;
#5828 = CARTESIAN_POINT ( 'NONE',  ( -8.469999999999997087, -10.78500000000000014, -0.1199999999999999956 ) ) ;
#5829 = ORIENTED_EDGE ( 'NONE', *, *, #3902, .F. ) ;
#5830 = LINE ( 'NONE', #4395, #4772 ) ;
#5831 = EDGE_CURVE ( 'NONE', #7034, #6142, #1556, .T. ) ;
#5832 = CARTESIAN_POINT ( 'NONE',  ( -3.973500000000001808, 7.754999999999997229, -0.06000000000000004635 ) ) ;
#5833 = DIRECTION ( 'NONE',  ( 1.000000000000000000, 0.000000000000000000, 0.000000000000000000 ) ) ;
#5834 = VERTEX_POINT ( 'NONE', #5357 ) ;
#5835 = EDGE_CURVE ( 'NONE', #2830, #4420, #2576, .T. ) ;
#5836 = CARTESIAN_POINT ( 'NONE',  ( -2.098500000000002697, 9.754999999999999005, -0.7500393700787405526 ) ) ;
#5837 = ORIENTED_EDGE ( 'NONE', *, *, #7844, .T. ) ;
#5838 = FACE_OUTER_BOUND ( 'NONE', #4472, .T. ) ;
#5839 = ORIENTED_EDGE ( 'NONE', *, *, #8615, .T. ) ;
#5840 = AXIS2_PLACEMENT_3D ( 'NONE', #400, #8058, #6667 ) ;
#5841 = CARTESIAN_POINT ( 'NONE',  ( -7.098500000000003141, -9.745000000000000995, -0.06000000000000004635 ) ) ;
#5842 = DIRECTION ( 'NONE',  ( -1.000000000000000000, -0.000000000000000000, -0.000000000000000000 ) ) ;
#5843 = CARTESIAN_POINT ( 'NONE',  ( -8.600000000000001421, 10.78499999999999837, -0.05999999999999999778 ) ) ;
#5844 = VERTEX_POINT ( 'NONE', #4512 ) ;
#5845 = DIRECTION ( 'NONE',  ( -1.000000000000000000, 0.000000000000000000, -3.491481338843133750E-15 ) ) ;
#5846 = AXIS2_PLACEMENT_3D ( 'NONE', #757, #4785, #7631 ) ;
#5847 = PLANE ( 'NONE',  #2912 ) ;
#5848 = LINE ( 'NONE', #6521, #2329 ) ;
#5849 = ORIENTED_EDGE ( 'NONE', *, *, #5822, .F. ) ;
#5850 = LINE ( 'NONE', #6302, #8334 ) ;
#5851 = VERTEX_POINT ( 'NONE', #8797 ) ;
#5852 = EDGE_CURVE ( 'NONE', #589, #5405, #5209, .T. ) ;
#5853 = ORIENTED_EDGE ( 'NONE', *, *, #3915, .T. ) ;
#5854 = LINE ( 'NONE', #7914, #4915 ) ;
#5855 =( NAMED_UNIT ( * ) PLANE_ANGLE_UNIT ( ) SI_UNIT ( $, .RADIAN. ) );
#5856 = ORIENTED_EDGE ( 'NONE', *, *, #1705, .T. ) ;
#5857 = CARTESIAN_POINT ( 'NONE',  ( 8.599999999999999645, 10.78499999999999837, -0.05999999999999999778 ) ) ;
#5858 = LINE ( 'NONE', #1520, #7697 ) ;
#5859 = VECTOR ( 'NONE', #7879, 39.37007874015748143 ) ;
#5860 = CARTESIAN_POINT ( 'NONE',  ( -7.098500000000003141, 9.754999999999999005, -0.05999999999999999778 ) ) ;
#5861 = CARTESIAN_POINT ( 'NONE',  ( -8.660000000000003695, -6.945000000000003837, -0.3880000000000471960 ) ) ;
#5862 = EDGE_CURVE ( 'NONE', #665, #4670, #259, .T. ) ;
#5863 = AXIS2_PLACEMENT_3D ( 'NONE', #7847, #4389, #649 ) ;
#5864 = FACE_OUTER_BOUND ( 'NONE', #3675, .T. ) ;
#5865 = VECTOR ( 'NONE', #6951, 39.37007874015748143 ) ;
#5866 = PLANE ( 'NONE',  #3803 ) ;
#5867 = AXIS2_PLACEMENT_3D ( 'NONE', #7362, #1047, #5262 ) ;
#5868 = ORIENTED_EDGE ( 'NONE', *, *, #7818, .T. ) ;
#5869 = LINE ( 'NONE', #5087, #8415 ) ;
#5870 = DIRECTION ( 'NONE',  ( -0.000000000000000000, 3.167359992654217435E-15, 1.000000000000000000 ) ) ;
#5871 = ORIENTED_EDGE ( 'NONE', *, *, #2826, .T. ) ;
#5872 = LINE ( 'NONE', #4623, #154 ) ;
#5873 = LINE ( 'NONE', #1163, #8292 ) ;
#5874 = VERTEX_POINT ( 'NONE', #6720 ) ;
#5875 = DIRECTION ( 'NONE',  ( -0.000000000000000000, 1.000000000000000000, 0.000000000000000000 ) ) ;
#5876 = VECTOR ( 'NONE', #6862, 39.37007874015748143 ) ;
#5877 = EDGE_CURVE ( 'NONE', #3254, #281, #7462, .T. ) ;
#5878 = AXIS2_PLACEMENT_3D ( 'NONE', #640, #7838, #4948 ) ;
#5879 = EDGE_CURVE ( 'NONE', #6827, #1628, #8768, .T. ) ;
#5880 = FACE_OUTER_BOUND ( 'NONE', #2083, .T. ) ;
#5881 = DIRECTION ( 'NONE',  ( -1.000000000000000000, 0.000000000000000000, 0.000000000000000000 ) ) ;
#5882 = ORIENTED_EDGE ( 'NONE', *, *, #4711, .T. ) ;
#5883 = VECTOR ( 'NONE', #1133, 39.37007874015748143 ) ;
#5884 = CARTESIAN_POINT ( 'NONE',  ( -3.750000000000002220, -10.56500000000000128, -0.7500393700787405526 ) ) ;
#5885 = VECTOR ( 'NONE', #4063, 39.37007874015748143 ) ;
#5886 = EDGE_LOOP ( 'NONE', ( #2276, #2645 ) ) ;
#5887 = DIRECTION ( 'NONE',  ( -0.000000000000000000, 1.000000000000000000, 0.000000000000000000 ) ) ;
#5888 = VERTEX_POINT ( 'NONE', #3082 ) ;
#5889 = ORIENTED_EDGE ( 'NONE', *, *, #354, .T. ) ;
#5890 = CARTESIAN_POINT ( 'NONE',  ( -2.723500000000001808, 0.2549999999999985056, 0.000000000000000000 ) ) ;
#5891 = EDGE_CURVE ( 'NONE', #3528, #6873, #1790, .T. ) ;
#5892 = FACE_OUTER_BOUND ( 'NONE', #3520, .T. ) ;
#5893 = DIRECTION ( 'NONE',  ( -0.000000000000000000, -0.000000000000000000, 1.000000000000000000 ) ) ;
#5894 = EDGE_LOOP ( 'NONE', ( #8510, #7547, #180, #809 ) ) ;
#5895 = VECTOR ( 'NONE', #1476, 39.37007874015748143 ) ;
#5896 = CARTESIAN_POINT ( 'NONE',  ( -0.8485000000000026965, 2.254999999999998561, -0.05999999999999999778 ) ) ;
#5897 = CARTESIAN_POINT ( 'NONE',  ( 8.475999999999999091, 10.78499999999999837, -0.05999999999999999778 ) ) ;
#5898 = CARTESIAN_POINT ( 'NONE',  ( 8.469999999999998863, 10.90499999999999758, 4.816331916911542226E-14 ) ) ;
#5899 = ORIENTED_EDGE ( 'NONE', *, *, #8520, .F. ) ;
#5900 = DIRECTION ( 'NONE',  ( 0.000000000000000000, -0.000000000000000000, 1.000000000000000000 ) ) ;
#5901 = AXIS2_PLACEMENT_3D ( 'NONE', #7794, #1432, #7109 ) ;
#5902 = EDGE_LOOP ( 'NONE', ( #5692, #404, #3186, #2231 ) ) ;
#5903 = ORIENTED_EDGE ( 'NONE', *, *, #2814, .T. ) ;
#5904 = LINE ( 'NONE', #5309, #3484 ) ;
#5905 = ORIENTED_EDGE ( 'NONE', *, *, #683, .T. ) ;
#5906 = CARTESIAN_POINT ( 'NONE',  ( -8.720000000000004192, 6.944999999999996732, -0.4400000000000474087 ) ) ;
#5907 = EDGE_LOOP ( 'NONE', ( #3671, #2417, #185, #3800 ) ) ;
#5908 = FACE_OUTER_BOUND ( 'NONE', #1496, .T. ) ;
#5909 = CARTESIAN_POINT ( 'NONE',  ( -3.973500000000001808, 7.754999999999997229, 0.000000000000000000 ) ) ;
#5910 = LINE ( 'NONE', #3881, #4236 ) ;
#5911 = DIRECTION ( 'NONE',  ( 0.000000000000000000, -1.000000000000000000, 0.000000000000000000 ) ) ;
#5912 = PLANE ( 'NONE',  #2919 ) ;
#5913 = CIRCLE ( 'NONE', #7720, 0.1559999999999996390 ) ;
#5914 = CARTESIAN_POINT ( 'NONE',  ( -6.473500000000002252, -4.245000000000002771, 0.000000000000000000 ) ) ;
#5915 = EDGE_CURVE ( 'NONE', #5086, #476, #8245, .T. ) ;
#5916 = ORIENTED_EDGE ( 'NONE', *, *, #6147, .T. ) ;
#5917 = CARTESIAN_POINT ( 'NONE',  ( -6.661500000000001087, -2.245000000000001883, -0.7500393700787405526 ) ) ;
#5918 = VERTEX_POINT ( 'NONE', #356 ) ;
#5919 = DIRECTION ( 'NONE',  ( 0.000000000000000000, 0.000000000000000000, -1.000000000000000000 ) ) ;
#5920 = CARTESIAN_POINT ( 'NONE',  ( 8.469999999999997087, -10.78500000000000014, -0.05999999999999901246 ) ) ;
#5921 = ORIENTED_EDGE ( 'NONE', *, *, #174, .F. ) ;
#5922 = CYLINDRICAL_SURFACE ( 'NONE', #6642, 0.05200000000000001843 ) ;
#5923 = DIRECTION ( 'NONE',  ( 1.000000000000000000, 0.000000000000000000, 3.167359992654217041E-15 ) ) ;
#5924 = FACE_OUTER_BOUND ( 'NONE', #4617, .T. ) ;
#5925 = ADVANCED_FACE ( 'NONE', ( #8894 ), #2436, .F. ) ;
#5926 = EDGE_LOOP ( 'NONE', ( #3310, #3944, #2132, #5625 ) ) ;
#5927 = ADVANCED_FACE ( 'NONE', ( #1141 ), #6008, .F. ) ;
#5928 = VECTOR ( 'NONE', #3784, 39.37007874015748143 ) ;
#5929 = EDGE_CURVE ( 'NONE', #7656, #7673, #8154, .T. ) ;
#5930 = AXIS2_PLACEMENT_3D ( 'NONE', #1910, #3341, #2055 ) ;
#5931 = ORIENTED_EDGE ( 'NONE', *, *, #4877, .F. ) ;
#5932 = CARTESIAN_POINT ( 'NONE',  ( -8.720000000000004192, 5.564999999999997726, -0.4920000000000474549 ) ) ;
#5933 = ORIENTED_EDGE ( 'NONE', *, *, #7042, .T. ) ;
#5934 = ORIENTED_EDGE ( 'NONE', *, *, #9070, .T. ) ;
#5935 = LINE ( 'NONE', #6701, #630 ) ;
#5936 = DIRECTION ( 'NONE',  ( 0.000000000000000000, 0.000000000000000000, 1.000000000000000000 ) ) ;
#5937 = CARTESIAN_POINT ( 'NONE',  ( -3.348500000000002697, 9.754999999999999005, -0.06000000000000004635 ) ) ;
#5938 = VECTOR ( 'NONE', #3468, 39.37007874015748143 ) ;
#5939 = ORIENTED_EDGE ( 'NONE', *, *, #1539, .F. ) ;
#5940 = CARTESIAN_POINT ( 'NONE',  ( -3.750000000000002220, 10.56499999999999773, -0.06000000000000004635 ) ) ;
#5941 = VECTOR ( 'NONE', #6549, 39.37007874015748143 ) ;
#5942 = CARTESIAN_POINT ( 'NONE',  ( 8.720000000000000639, -6.945000000000003837, -0.4919999999999921658 ) ) ;
#5943 = EDGE_CURVE ( 'NONE', #104, #2861, #8843, .T. ) ;
#5944 = EDGE_CURVE ( 'NONE', #6934, #5028, #7361, .T. ) ;
#5945 = CARTESIAN_POINT ( 'NONE',  ( -3.348500000000002697, 1.754999999999998117, -0.7500393700787405526 ) ) ;
#5946 = ORIENTED_EDGE ( 'NONE', *, *, #1130, .T. ) ;
#5947 = DIRECTION ( 'NONE',  ( 0.000000000000000000, 3.167359992654216647E-15, -1.000000000000000000 ) ) ;
#5948 = CIRCLE ( 'NONE', #4318, 0.1199999999999998984 ) ;
#5949 = VECTOR ( 'NONE', #1080, 39.37007874015748143 ) ;
#5950 = ORIENTED_EDGE ( 'NONE', *, *, #8903, .F. ) ;
#5951 = ORIENTED_EDGE ( 'NONE', *, *, #6421, .F. ) ;
#5952 = DIRECTION ( 'NONE',  ( 1.000000000000000000, -0.000000000000000000, 0.000000000000000000 ) ) ;
#5953 = EDGE_CURVE ( 'NONE', #308, #8068, #994, .T. ) ;
#5954 = ORIENTED_EDGE ( 'NONE', *, *, #118, .F. ) ;
#5955 = DIRECTION ( 'NONE',  ( -0.000000000000000000, 1.000000000000000000, -0.000000000000000000 ) ) ;
#5956 = DIRECTION ( 'NONE',  ( 1.000000000000000000, 0.000000000000000000, 0.000000000000000000 ) ) ;
#5957 = VECTOR ( 'NONE', #4919, 39.37007874015748143 ) ;
#5958 = ORIENTED_EDGE ( 'NONE', *, *, #4017, .T. ) ;
#5959 = CARTESIAN_POINT ( 'NONE',  ( -5.411500000000002863, 9.754999999999999005, -0.06000000000000004635 ) ) ;
#5960 = EDGE_CURVE ( 'NONE', #6657, #8866, #3970, .T. ) ;
#5961 = CARTESIAN_POINT ( 'NONE',  ( -3.348500000000002697, 9.754999999999999005, -0.06000000000000004635 ) ) ;
#5962 = LINE ( 'NONE', #6621, #6480 ) ;
#5963 = VECTOR ( 'NONE', #3307, 39.37007874015748143 ) ;
#5964 = ORIENTED_EDGE ( 'NONE', *, *, #4496, .T. ) ;
#5965 = CARTESIAN_POINT ( 'NONE',  ( -8.469999999999998863, -10.78500000000000014, 9.902948977032954413E-16 ) ) ;
#5966 = LINE ( 'NONE', #3698, #9175 ) ;
#5967 = VECTOR ( 'NONE', #6500, 39.37007874015748143 ) ;
#5968 = ORIENTED_EDGE ( 'NONE', *, *, #4587, .T. ) ;
#5969 = PLANE ( 'NONE',  #5432 ) ;
#5970 = PLANE ( 'NONE',  #2804 ) ;
#5971 = ORIENTED_EDGE ( 'NONE', *, *, #4271, .T. ) ;
#5972 = CARTESIAN_POINT ( 'NONE',  ( -0.8485000000000026965, 5.754999999999998117, -0.06000000000000004635 ) ) ;
#5973 = ORIENTED_EDGE ( 'NONE', *, *, #2716, .T. ) ;
#5974 = CARTESIAN_POINT ( 'NONE',  ( -8.720000000000004192, -6.945000000000003837, -0.3880000000000474181 ) ) ;
#5975 = DIRECTION ( 'NONE',  ( -1.000000000000000000, -0.000000000000000000, -0.000000000000000000 ) ) ;
#5976 = EDGE_LOOP ( 'NONE', ( #2575, #1948, #3167, #4448 ) ) ;
#5977 = VECTOR ( 'NONE', #7037, 39.37007874015748143 ) ;
#5978 = FACE_BOUND ( 'NONE', #7318, .T. ) ;
#5979 = LINE ( 'NONE', #4580, #3013 ) ;
#5980 = DIRECTION ( 'NONE',  ( 0.000000000000000000, -1.000000000000000000, 0.000000000000000000 ) ) ;
#5981 = EDGE_CURVE ( 'NONE', #1927, #7021, #8200, .T. ) ;
#5982 = ORIENTED_EDGE ( 'NONE', *, *, #2527, .F. ) ;
#5983 = AXIS2_PLACEMENT_3D ( 'NONE', #1458, #8552, #3583 ) ;
#5984 = DIRECTION ( 'NONE',  ( 1.000000000000000000, 0.000000000000000000, 0.000000000000000000 ) ) ;
#5985 = ORIENTED_EDGE ( 'NONE', *, *, #5044, .F. ) ;
#5986 = CARTESIAN_POINT ( 'NONE',  ( -4.161500000000001087, 2.254999999999998561, -0.7500393700787405526 ) ) ;
#5987 = ORIENTED_EDGE ( 'NONE', *, *, #1811, .F. ) ;
#5988 = EDGE_LOOP ( 'NONE', ( #539, #6040, #6735, #7802 ) ) ;
#5989 = DIRECTION ( 'NONE',  ( -0.000000000000000000, -0.000000000000000000, 1.000000000000000000 ) ) ;
#5990 = CIRCLE ( 'NONE', #3185, 0.1200000000000010086 ) ;
#5991 = CARTESIAN_POINT ( 'NONE',  ( -6.661500000000001087, -2.245000000000001883, -0.06000000000000004635 ) ) ;
#5992 = CARTESIAN_POINT ( 'NONE',  ( -7.098500000000003141, 5.754999999999998117, 0.000000000000000000 ) ) ;
#5993 = EDGE_CURVE ( 'NONE', #159, #6021, #6095, .T. ) ;
#5994 = ORIENTED_EDGE ( 'NONE', *, *, #6676, .T. ) ;
#5995 = CARTESIAN_POINT ( 'NONE',  ( -1.661500000000000865, -1.745000000000001217, -0.7500393700787405526 ) ) ;
#5997 = EDGE_CURVE ( 'NONE', #8842, #2469, #3829, .T. ) ;
#5996 = CARTESIAN_POINT ( 'NONE',  ( -2.098500000000002697, -2.245000000000001883, -0.7500393700787405526 ) ) ;
#5998 = PLANE ( 'NONE',  #684 ) ;
#5999 = LINE ( 'NONE', #8742, #8707 ) ;
#6000 = VECTOR ( 'NONE', #9173, 39.37007874015748143 ) ;
#6001 = ORIENTED_EDGE ( 'NONE', *, *, #2220, .F. ) ;
#6002 = CARTESIAN_POINT ( 'NONE',  ( -0.8485000000000026965, 2.254999999999998561, -0.06000000000000004635 ) ) ;
#6003 = ORIENTED_EDGE ( 'NONE', *, *, #1678, .T. ) ;
#6004 = EDGE_LOOP ( 'NONE', ( #4887, #7668, #5601, #5706 ) ) ;
#6005 = CARTESIAN_POINT ( 'NONE',  ( -7.098500000000003141, 5.754999999999998117, -0.05999999999999999778 ) ) ;
#6006 = EDGE_CURVE ( 'NONE', #2408, #1650, #4606, .T. ) ;
#6007 = ORIENTED_EDGE ( 'NONE', *, *, #4127, .T. ) ;
#6009 = EDGE_CURVE ( 'NONE', #6265, #3532, #4187, .T. ) ;
#6008 = PLANE ( 'NONE',  #5649 ) ;
#6010 = AXIS2_PLACEMENT_3D ( 'NONE', #4645, #1087, #1038 ) ;
#6011 = PLANE ( 'NONE',  #5867 ) ;
#6012 = ORIENTED_EDGE ( 'NONE', *, *, #657, .F. ) ;
#6013 = CARTESIAN_POINT ( 'NONE',  ( -6.036500000000001975, 0.2549999999999985056, -0.7500393700787405526 ) ) ;
#6014 = DIRECTION ( 'NONE',  ( 0.000000000000000000, 0.000000000000000000, -1.000000000000000000 ) ) ;
#6015 = LINE ( 'NONE', #2297, #7228 ) ;
#6016 = EDGE_CURVE ( 'NONE', #646, #6854, #1280, .T. ) ;
#6017 = EDGE_LOOP ( 'NONE', ( #3152, #7054 ) ) ;
#6018 = DIRECTION ( 'NONE',  ( 0.000000000000000000, -1.000000000000000000, 0.000000000000000000 ) ) ;
#6019 = ADVANCED_FACE ( 'NONE', ( #2808 ), #6993, .F. ) ;
#6020 = CARTESIAN_POINT ( 'NONE',  ( -0.4115000000000029745, 9.754999999999999005, -0.7500393700787405526 ) ) ;
#6021 = VERTEX_POINT ( 'NONE', #534 ) ;
#6022 = CARTESIAN_POINT ( 'NONE',  ( -5.411500000000001087, 2.254999999999998561, -0.06000000000000004635 ) ) ;
#6023 = ORIENTED_EDGE ( 'NONE', *, *, #2135, .F. ) ;
#6024 = DIRECTION ( 'NONE',  ( 0.000000000000000000, 1.000000000000000000, 0.000000000000000000 ) ) ;
#6025 = ORIENTED_EDGE ( 'NONE', *, *, #8950, .F. ) ;
#6026 = FACE_OUTER_BOUND ( 'NONE', #9112, .T. ) ;
#6027 = DIRECTION ( 'NONE',  ( -0.000000000000000000, -0.000000000000000000, 1.000000000000000000 ) ) ;
#6028 = ORIENTED_EDGE ( 'NONE', *, *, #409, .T. ) ;
#6029 = VECTOR ( 'NONE', #3138, 39.37007874015748143 ) ;
#6030 = FACE_BOUND ( 'NONE', #1227, .T. ) ;
#6031 = ORIENTED_EDGE ( 'NONE', *, *, #6686, .T. ) ;
#6032 = LINE ( 'NONE', #1579, #169 ) ;
#6033 = ORIENTED_EDGE ( 'NONE', *, *, #734, .T. ) ;
#6034 = VECTOR ( 'NONE', #855, 39.37007874015748143 ) ;
#6035 = DIRECTION ( 'NONE',  ( -0.000000000000000000, -0.000000000000000000, 1.000000000000000000 ) ) ;
#6036 = VECTOR ( 'NONE', #7918, 39.37007874015748143 ) ;
#6037 = VERTEX_POINT ( 'NONE', #8432 ) ;
#6038 = LINE ( 'NONE', #2373, #6739 ) ;
#6039 = CARTESIAN_POINT ( 'NONE',  ( 0.000000000000000000, -10.90500000000000114, 3.474954960022483411E-14 ) ) ;
#6040 = ORIENTED_EDGE ( 'NONE', *, *, #7666, .T. ) ;
#6041 = CARTESIAN_POINT ( 'NONE',  ( -2.098500000000002697, -9.745000000000000995, -0.05999999999999999778 ) ) ;
#6042 = FACE_BOUND ( 'NONE', #2609, .T. ) ;
#6043 = VECTOR ( 'NONE', #361, 39.37007874015748143 ) ;
#6044 = CIRCLE ( 'NONE', #7242, 0.1200000000000010086 ) ;
#6045 = PLANE ( 'NONE',  #6311 ) ;
#6046 = LINE ( 'NONE', #1829, #712 ) ;
#6047 = EDGE_LOOP ( 'NONE', ( #8541, #6887, #4425, #4882 ) ) ;
#6048 = CARTESIAN_POINT ( 'NONE',  ( -3.536500000000001975, -3.745000000000001883, 0.000000000000000000 ) ) ;
#6049 = EDGE_CURVE ( 'NONE', #3476, #4678, #2070, .T. ) ;
#6050 = ORIENTED_EDGE ( 'NONE', *, *, #3665, .T. ) ;
#6051 = VECTOR ( 'NONE', #4803, 39.37007874015748143 ) ;
#6052 = ORIENTED_EDGE ( 'NONE', *, *, #7896, .F. ) ;
#6053 = CARTESIAN_POINT ( 'NONE',  ( -5.223500000000001364, -3.745000000000001883, -0.7500393700787405526 ) ) ;
#6054 = ORIENTED_EDGE ( 'NONE', *, *, #1123, .T. ) ;
#6055 = CARTESIAN_POINT ( 'NONE',  ( -2.911500000000002863, 9.754999999999999005, 0.000000000000000000 ) ) ;
#6056 = VERTEX_POINT ( 'NONE', #6234 ) ;
#6057 = FACE_OUTER_BOUND ( 'NONE', #1619, .T. ) ;
#6058 = VECTOR ( 'NONE', #738, 39.37007874015748143 ) ;
#6059 = CARTESIAN_POINT ( 'NONE',  ( -8.720000000000002416, -10.78500000000000192, -0.05999999999999978961 ) ) ;
#6060 = DIRECTION ( 'NONE',  ( -0.000000000000000000, 1.000000000000000000, 0.000000000000000000 ) ) ;
#6061 = ADVANCED_FACE ( 'NONE', ( #2114 ), #1191, .F. ) ;
#6062 = EDGE_CURVE ( 'NONE', #8731, #1650, #9078, .T. ) ;
#6063 = CARTESIAN_POINT ( 'NONE',  ( -3.973500000000001808, -7.745000000000001883, -0.06000000000000004635 ) ) ;
#6064 = CARTESIAN_POINT ( 'NONE',  ( -5.848500000000003141, 5.754999999999998117, -0.06000000000000004635 ) ) ;
#6065 = ORIENTED_EDGE ( 'NONE', *, *, #5712, .F. ) ;
#6066 = CYLINDRICAL_SURFACE ( 'NONE', #6794, 0.1559999999999996390 ) ;
#6067 = CARTESIAN_POINT ( 'NONE',  ( -4.161500000000001087, 1.754999999999998117, -0.7500393700787405526 ) ) ;
#6068 = DIRECTION ( 'NONE',  ( 0.000000000000000000, 0.000000000000000000, 1.000000000000000000 ) ) ;
#6069 = EDGE_CURVE ( 'NONE', #7332, #1500, #9123, .T. ) ;
#6070 = ORIENTED_EDGE ( 'NONE', *, *, #2641, .F. ) ;
#6071 = CARTESIAN_POINT ( 'NONE',  ( 8.599999999999999645, -10.78500000000000192, -0.1199999999999994543 ) ) ;
#6072 = CARTESIAN_POINT ( 'NONE',  ( 8.720000000000000639, 5.564999999999997726, -0.4399999999999921751 ) ) ;
#6073 = EDGE_LOOP ( 'NONE', ( #6117, #7682, #1758, #7859 ) ) ;
#6074 = FACE_BOUND ( 'NONE', #625, .T. ) ;
#6075 = LINE ( 'NONE', #591, #36 ) ;
#6076 = EDGE_CURVE ( 'NONE', #2777, #5629, #5535, .T. ) ;
#6077 = EDGE_CURVE ( 'NONE', #8187, #8893, #4012, .T. ) ;
#6078 = ORIENTED_EDGE ( 'NONE', *, *, #5542, .F. ) ;
#6079 = CARTESIAN_POINT ( 'NONE',  ( -4.786500000000001975, 0.2549999999999985056, -0.06000000000000004635 ) ) ;
#6080 = ORIENTED_EDGE ( 'NONE', *, *, #2085, .F. ) ;
#6081 = DIRECTION ( 'NONE',  ( 0.000000000000000000, -0.000000000000000000, 1.000000000000000000 ) ) ;
#6082 = LINE ( 'NONE', #565, #208 ) ;
#6083 = CARTESIAN_POINT ( 'NONE',  ( -8.719999999999998863, -10.78500000000000192, -0.05999999999999999778 ) ) ;
#6084 = VERTEX_POINT ( 'NONE', #6901 ) ;
#6085 = DIRECTION ( 'NONE',  ( -0.000000000000000000, -0.000000000000000000, 1.000000000000000000 ) ) ;
#6086 = FACE_BOUND ( 'NONE', #1382, .T. ) ;
#6087 = CYLINDRICAL_SURFACE ( 'NONE', #3197, 0.05200000000000001843 ) ;
#6088 = LINE ( 'NONE', #1088, #5452 ) ;
#6089 = VERTEX_POINT ( 'NONE', #7687 ) ;
#6090 = DIRECTION ( 'NONE',  ( -0.000000000000000000, -0.000000000000000000, 1.000000000000000000 ) ) ;
#6091 = ORIENTED_EDGE ( 'NONE', *, *, #4964, .T. ) ;
#6092 = VECTOR ( 'NONE', #8231, 39.37007874015748143 ) ;
#6093 = VERTEX_POINT ( 'NONE', #1326 ) ;
#6094 = DIRECTION ( 'NONE',  ( -1.000000000000000000, -0.000000000000000000, -0.000000000000000000 ) ) ;
#6095 = LINE ( 'NONE', #2483, #6861 ) ;
#6096 = SHAPE_DEFINITION_REPRESENTATION ( #9003, #6464 ) ;
#6097 = EDGE_CURVE ( 'NONE', #4021, #7613, #3313, .T. ) ;
#6098 = VERTEX_POINT ( 'NONE', #626 ) ;
#6099 = VECTOR ( 'NONE', #6024, 39.37007874015748143 ) ;
#6100 = CARTESIAN_POINT ( 'NONE',  ( -5.411500000000001087, 5.754999999999998117, -0.7500393700787405526 ) ) ;
#6101 = VECTOR ( 'NONE', #5029, 39.37007874015748143 ) ;
#6102 = DIRECTION ( 'NONE',  ( -0.000000000000000000, -1.000000000000000000, -0.000000000000000000 ) ) ;
#6103 = ORIENTED_EDGE ( 'NONE', *, *, #5083, .T. ) ;
#6104 = DIRECTION ( 'NONE',  ( 0.000000000000000000, -0.000000000000000000, -1.000000000000000000 ) ) ;
#6105 = VECTOR ( 'NONE', #7950, 39.37007874015748143 ) ;
#6106 = DIRECTION ( 'NONE',  ( 1.000000000000000000, -0.000000000000000000, -0.000000000000000000 ) ) ;
#6107 = EDGE_CURVE ( 'NONE', #760, #8610, #8296, .T. ) ;
#6108 = EDGE_CURVE ( 'NONE', #861, #2286, #3590, .T. ) ;
#6109 = EDGE_LOOP ( 'NONE', ( #8565, #4394, #5158, #9080 ) ) ;
#6110 = FACE_OUTER_BOUND ( 'NONE', #1760, .T. ) ;
#6111 = DIRECTION ( 'NONE',  ( 0.000000000000000000, 1.000000000000000000, 0.000000000000000000 ) ) ;
#6112 = DIRECTION ( 'NONE',  ( 0.000000000000000000, 0.000000000000000000, -1.000000000000000000 ) ) ;
#6113 = EDGE_LOOP ( 'NONE', ( #2843, #1119, #6001, #5058 ) ) ;
#6114 = CARTESIAN_POINT ( 'NONE',  ( 8.719999999999998863, 0.000000000000000000, 2.782886801627535703E-14 ) ) ;
#6115 = EDGE_LOOP ( 'NONE', ( #3568, #5837, #2563, #8718 ) ) ;
#6116 = VECTOR ( 'NONE', #2570, 39.37007874015748143 ) ;
#6117 = ORIENTED_EDGE ( 'NONE', *, *, #8663, .T. ) ;
#6118 = EDGE_CURVE ( 'NONE', #5632, #6764, #7905, .T. ) ;
#6119 = VECTOR ( 'NONE', #3058, 39.37007874015748143 ) ;
#6120 = EDGE_LOOP ( 'NONE', ( #9100, #3479, #6867, #5176 ) ) ;
#6121 = DIRECTION ( 'NONE',  ( 0.000000000000000000, -1.000000000000000000, 0.000000000000000000 ) ) ;
#6122 = ADVANCED_FACE ( 'NONE', ( #2204 ), #3547, .F. ) ;
#6123 = ORIENTED_EDGE ( 'NONE', *, *, #6006, .T. ) ;
#6124 = EDGE_LOOP ( 'NONE', ( #3552, #1918, #2519, #3203 ) ) ;
#6125 = CARTESIAN_POINT ( 'NONE',  ( -8.660000000000001918, 10.78499999999999481, -0.1199999999999998151 ) ) ;
#6126 = CARTESIAN_POINT ( 'NONE',  ( -4.786500000000001975, -3.745000000000001883, -0.7500393700787405526 ) ) ;
#6127 = DIRECTION ( 'NONE',  ( -0.000000000000000000, -0.000000000000000000, 1.000000000000000000 ) ) ;
#6128 = ORIENTED_EDGE ( 'NONE', *, *, #7300, .F. ) ;
#6129 = DIRECTION ( 'NONE',  ( -0.000000000000000000, -1.000000000000000000, -0.000000000000000000 ) ) ;
#6130 = FACE_BOUND ( 'NONE', #8533, .T. ) ;
#6131 = ADVANCED_FACE ( 'NONE', ( #109 ), #23, .F. ) ;
#6132 = VECTOR ( 'NONE', #2003, 39.37007874015748143 ) ;
#6133 = FILL_AREA_STYLE ('',( #5394 ) ) ;
#6134 = DIRECTION ( 'NONE',  ( 1.000000000000000000, 0.000000000000000000, 0.000000000000000000 ) ) ;
#6135 = DIRECTION ( 'NONE',  ( 0.000000000000000000, 0.000000000000000000, 1.000000000000000000 ) ) ;
#6136 = VERTEX_POINT ( 'NONE', #2283 ) ;
#6137 = VECTOR ( 'NONE', #6229, 39.37007874015748143 ) ;
#6138 = UNCERTAINTY_MEASURE_WITH_UNIT (LENGTH_MEASURE( 1.000000000000000082E-05 ), #2060, 'distance_accuracy_value', 'NONE');
#6139 = EDGE_LOOP ( 'NONE', ( #4005, #5272, #3143, #535 ) ) ;
#6140 = CARTESIAN_POINT ( 'NONE',  ( -8.600000000000001421, 10.78499999999999481, -0.06000000000000009492 ) ) ;
#6141 = ORIENTED_EDGE ( 'NONE', *, *, #6224, .T. ) ;
#6142 = VERTEX_POINT ( 'NONE', #853 ) ;
#6143 = CARTESIAN_POINT ( 'NONE',  ( -5.848500000000003141, -9.745000000000000995, 0.000000000000000000 ) ) ;
#6144 = DIRECTION ( 'NONE',  ( -0.000000000000000000, -1.000000000000000000, -0.000000000000000000 ) ) ;
#6145 = VERTEX_POINT ( 'NONE', #7220 ) ;
#6146 = LINE ( 'NONE', #5456, #8925 ) ;
#6147 = EDGE_CURVE ( 'NONE', #8845, #2122, #5022, .T. ) ;
#6148 = AXIS2_PLACEMENT_3D ( 'NONE', #441, #4502, #8189 ) ;
#6149 = AXIS2_PLACEMENT_3D ( 'NONE', #5748, #7940, #5055 ) ;
#6150 = CARTESIAN_POINT ( 'NONE',  ( 8.475999999999997314, -10.78500000000000192, 0.000000000000000000 ) ) ;
#6151 = ORIENTED_EDGE ( 'NONE', *, *, #8971, .F. ) ;
#6152 = CARTESIAN_POINT ( 'NONE',  ( -5.223500000000001364, 7.754999999999997229, -0.7500393700787405526 ) ) ;
#6153 = DIRECTION ( 'NONE',  ( -0.000000000000000000, -0.000000000000000000, 1.000000000000000000 ) ) ;
#6154 = DIRECTION ( 'NONE',  ( -0.000000000000000000, -0.000000000000000000, 1.000000000000000000 ) ) ;
#6155 = DIRECTION ( 'NONE',  ( -1.000000000000000000, -0.000000000000000000, -0.000000000000000000 ) ) ;
#6156 = ORIENTED_EDGE ( 'NONE', *, *, #3615, .T. ) ;
#6157 = DIRECTION ( 'NONE',  ( 0.000000000000000000, 0.000000000000000000, -1.000000000000000000 ) ) ;
#6158 = EDGE_CURVE ( 'NONE', #6145, #6599, #6518, .T. ) ;
#6159 = ORIENTED_EDGE ( 'NONE', *, *, #6167, .F. ) ;
#6160 = ORIENTED_EDGE ( 'NONE', *, *, #4415, .T. ) ;
#6161 = DIRECTION ( 'NONE',  ( -2.500547362621746538E-15, -1.000000000000000000, 0.000000000000000000 ) ) ;
#6162 = AXIS2_PLACEMENT_3D ( 'NONE', #2631, #1073, #1026 ) ;
#6163 = ORIENTED_EDGE ( 'NONE', *, *, #3126, .F. ) ;
#6164 = CARTESIAN_POINT ( 'NONE',  ( -4.598500000000003141, 2.254999999999998561, 0.000000000000000000 ) ) ;
#6165 = EDGE_CURVE ( 'NONE', #5429, #1199, #2930, .T. ) ;
#6166 = ORIENTED_EDGE ( 'NONE', *, *, #8740, .F. ) ;
#6167 = EDGE_CURVE ( 'NONE', #747, #6407, #153, .T. ) ;
#6168 = ORIENTED_EDGE ( 'NONE', *, *, #5674, .T. ) ;
#6169 = PLANE ( 'NONE',  #6864 ) ;
#6170 = VECTOR ( 'NONE', #5679, 39.37007874015748143 ) ;
#6171 = CARTESIAN_POINT ( 'NONE',  ( -4.598500000000003141, -9.745000000000000995, -0.7500393700787405526 ) ) ;
#6172 = CARTESIAN_POINT ( 'NONE',  ( -4.161500000000001087, -2.245000000000001883, -0.7500393700787405526 ) ) ;
#6173 = ORIENTED_EDGE ( 'NONE', *, *, #3679, .F. ) ;
#6174 = CARTESIAN_POINT ( 'NONE',  ( -3.348500000000002697, 2.254999999999998561, -0.7500393700787405526 ) ) ;
#6175 = FACE_BOUND ( 'NONE', #660, .T. ) ;
#6176 = VECTOR ( 'NONE', #4111, 39.37007874015748143 ) ;
#6177 = CARTESIAN_POINT ( 'NONE',  ( -6.036500000000001975, 4.254999999999998117, -0.7500393700787405526 ) ) ;
#6178 = AXIS2_PLACEMENT_3D ( 'NONE', #3767, #7952, #2426 ) ;
#6179 = LINE ( 'NONE', #3395, #4262 ) ;
#6180 = ORIENTED_EDGE ( 'NONE', *, *, #5386, .F. ) ;
#6181 = CARTESIAN_POINT ( 'NONE',  ( -5.223500000000001364, 0.2549999999999985056, 0.000000000000000000 ) ) ;
#6182 = EDGE_CURVE ( 'NONE', #1664, #7786, #200, .T. ) ;
#6183 = CARTESIAN_POINT ( 'NONE',  ( -3.348500000000002697, -9.745000000000000995, -0.7500393700787405526 ) ) ;
#6184 = VERTEX_POINT ( 'NONE', #724 ) ;
#6185 = CARTESIAN_POINT ( 'NONE',  ( -5.223500000000001364, -7.745000000000001883, -0.06000000000000004635 ) ) ;
#6186 = VECTOR ( 'NONE', #2894, 39.37007874015748143 ) ;
#6187 = EDGE_LOOP ( 'NONE', ( #5179, #1281, #8136, #601 ) ) ;
#6188 = VECTOR ( 'NONE', #8581, 39.37007874015748143 ) ;
#6189 = CARTESIAN_POINT ( 'NONE',  ( -5.848500000000003141, -1.745000000000001217, 0.000000000000000000 ) ) ;
#6190 = VERTEX_POINT ( 'NONE', #69 ) ;
#6191 = APPLICATION_CONTEXT ( 'automotive_design' ) ;
#6192 = DIRECTION ( 'NONE',  ( 0.000000000000000000, -1.000000000000000000, 3.130242492740249268E-15 ) ) ;
#6193 = LINE ( 'NONE', #6341, #1603 ) ;
#6194 = VERTEX_POINT ( 'NONE', #2851 ) ;
#6195 = VECTOR ( 'NONE', #7134, 39.37007874015748143 ) ;
#6196 = AXIS2_PLACEMENT_3D ( 'NONE', #4001, #7538, #8370 ) ;
#6197 = VECTOR ( 'NONE', #4156, 39.37007874015748143 ) ;
#6198 = ORIENTED_EDGE ( 'NONE', *, *, #800, .T. ) ;
#6199 = CARTESIAN_POINT ( 'NONE',  ( 2.655999999999997030, -10.56500000000000128, 0.000000000000000000 ) ) ;
#6200 = LINE ( 'NONE', #1983, #6051 ) ;
#6201 = VECTOR ( 'NONE', #8530, 39.37007874015748143 ) ;
#6202 = EDGE_CURVE ( 'NONE', #6953, #5277, #2157, .T. ) ;
#6203 = VERTEX_POINT ( 'NONE', #1468 ) ;
#6204 = DIRECTION ( 'NONE',  ( 0.000000000000000000, -1.000000000000000000, 0.000000000000000000 ) ) ;
#6205 = PLANE ( 'NONE',  #1763 ) ;
#6206 = PLANE ( 'NONE',  #1729 ) ;
#6207 = FACE_OUTER_BOUND ( 'NONE', #1121, .T. ) ;
#6208 = EDGE_LOOP ( 'NONE', ( #6712, #224, #8098, #7286 ) ) ;
#6209 = DIRECTION ( 'NONE',  ( -0.000000000000000000, -1.000000000000000000, -0.000000000000000000 ) ) ;
#6210 = VERTEX_POINT ( 'NONE', #5669 ) ;
#6211 = EDGE_CURVE ( 'NONE', #49, #2120, #7178, .T. ) ;
#6212 = VERTEX_POINT ( 'NONE', #2890 ) ;
#6213 = CARTESIAN_POINT ( 'NONE',  ( -1.036500000000001975, -7.745000000000001883, -0.7500393700787405526 ) ) ;
#6214 = EDGE_CURVE ( 'NONE', #7021, #8450, #4323, .T. ) ;
#6215 = ORIENTED_EDGE ( 'NONE', *, *, #2366, .F. ) ;
#6216 = CARTESIAN_POINT ( 'NONE',  ( 8.469999999999997087, 10.78499999999999481, -0.05999999999999901246 ) ) ;
#6217 = ORIENTED_EDGE ( 'NONE', *, *, #8839, .F. ) ;
#6218 = ORIENTED_EDGE ( 'NONE', *, *, #9142, .F. ) ;
#6219 = DIRECTION ( 'NONE',  ( 0.000000000000000000, 0.000000000000000000, 1.000000000000000000 ) ) ;
#6220 = DIRECTION ( 'NONE',  ( 0.000000000000000000, 1.000000000000000000, -3.491481338843133750E-15 ) ) ;
#6221 = ORIENTED_EDGE ( 'NONE', *, *, #354, .F. ) ;
#6222 = CARTESIAN_POINT ( 'NONE',  ( -5.848500000000003141, -6.245000000000001883, -0.06000000000000004635 ) ) ;
#6223 = CARTESIAN_POINT ( 'NONE',  ( -3.973500000000001808, -3.745000000000001883, -0.7500393700787405526 ) ) ;
#6224 = EDGE_CURVE ( 'NONE', #5280, #1709, #898, .T. ) ;
#6225 = ADVANCED_FACE ( 'NONE', ( #7137 ), #810, .F. ) ;
#6226 = VECTOR ( 'NONE', #4859, 39.37007874015748143 ) ;
#6227 = DIRECTION ( 'NONE',  ( 0.000000000000000000, -1.000000000000000000, 0.000000000000000000 ) ) ;
#6228 = VERTEX_POINT ( 'NONE', #766 ) ;
#6229 = DIRECTION ( 'NONE',  ( 0.000000000000000000, 0.000000000000000000, 1.000000000000000000 ) ) ;
#6230 = ORIENTED_EDGE ( 'NONE', *, *, #6076, .F. ) ;
#6231 = ORIENTED_EDGE ( 'NONE', *, *, #2262, .T. ) ;
#6232 = CARTESIAN_POINT ( 'NONE',  ( -0.8485000000000026965, -2.245000000000001883, -0.06000000000000004635 ) ) ;
#6233 = VERTEX_POINT ( 'NONE', #5757 ) ;
#6234 = CARTESIAN_POINT ( 'NONE',  ( -6.473500000000002252, 0.2549999999999985056, -0.06000000000000004635 ) ) ;
#6235 = ADVANCED_FACE ( 'NONE', ( #7780 ), #1417, .F. ) ;
#6236 = ORIENTED_EDGE ( 'NONE', *, *, #968, .F. ) ;
#6237 = DIRECTION ( 'NONE',  ( -0.000000000000000000, 1.000000000000000000, 0.000000000000000000 ) ) ;
#6238 = CARTESIAN_POINT ( 'NONE',  ( -2.911500000000001087, -1.745000000000001217, -0.06000000000000004635 ) ) ;
#6239 = ORIENTED_EDGE ( 'NONE', *, *, #4686, .T. ) ;
#6240 = VECTOR ( 'NONE', #7193, 39.37007874015748143 ) ;
#6241 = VECTOR ( 'NONE', #8881, 39.37007874015748143 ) ;
#6242 = ORIENTED_EDGE ( 'NONE', *, *, #3110, .F. ) ;
#6243 = CARTESIAN_POINT ( 'NONE',  ( -5.223500000000001364, -7.745000000000001883, 0.000000000000000000 ) ) ;
#6244 = ADVANCED_FACE ( 'NONE', ( #5752 ), #1412, .F. ) ;
#6245 = CARTESIAN_POINT ( 'NONE',  ( 0.000000000000000000, 0.000000000000000000, -0.05999999999999999778 ) ) ;
#6246 = LINE ( 'NONE', #6295, #4463 ) ;
#6247 = CARTESIAN_POINT ( 'NONE',  ( -7.098500000000003141, -1.745000000000001217, 0.000000000000000000 ) ) ;
#6248 = VECTOR ( 'NONE', #1981, 39.37007874015748143 ) ;
#6249 = VECTOR ( 'NONE', #2530, 39.37007874015748143 ) ;
#6250 = ADVANCED_FACE ( 'NONE', ( #718 ), #5576, .F. ) ;
#6251 = ORIENTED_EDGE ( 'NONE', *, *, #1703, .F. ) ;
#6252 = PLANE ( 'NONE',  #6787 ) ;
#6253 = PLANE ( 'NONE',  #8144 ) ;
#6254 = CARTESIAN_POINT ( 'NONE',  ( -2.911500000000002863, 9.754999999999999005, 0.000000000000000000 ) ) ;
#6255 = LINE ( 'NONE', #5461, #3134 ) ;
#6256 = ORIENTED_EDGE ( 'NONE', *, *, #6586, .T. ) ;
#6257 = DIRECTION ( 'NONE',  ( -0.000000000000000000, 1.000000000000000000, -0.000000000000000000 ) ) ;
#6258 = EDGE_LOOP ( 'NONE', ( #6379, #1214, #1701, #3730 ) ) ;
#6259 = VECTOR ( 'NONE', #339, 39.37007874015748143 ) ;
#6260 = ORIENTED_EDGE ( 'NONE', *, *, #4253, .T. ) ;
#6261 = ORIENTED_EDGE ( 'NONE', *, *, #2108, .T. ) ;
#6262 = CARTESIAN_POINT ( 'NONE',  ( -1.473500000000001586, -7.745000000000001883, -0.05999999999999999778 ) ) ;
#6263 = EDGE_LOOP ( 'NONE', ( #7980, #2960, #2497, #4367 ) ) ;
#6264 = CARTESIAN_POINT ( 'NONE',  ( -4.786500000000001975, -7.745000000000001883, -0.06000000000000004635 ) ) ;
#6265 = VERTEX_POINT ( 'NONE', #5665 ) ;
#6266 = VERTEX_POINT ( 'NONE', #5707 ) ;
#6267 = LINE ( 'NONE', #4266, #3733 ) ;
#6268 = ADVANCED_FACE ( 'NONE', ( #4227 ), #3542, .F. ) ;
#6269 = CARTESIAN_POINT ( 'NONE',  ( -6.473500000000002252, -7.745000000000001883, 0.000000000000000000 ) ) ;
#6270 = CYLINDRICAL_SURFACE ( 'NONE', #1943, 0.05200000000000001843 ) ;
#6271 = VERTEX_POINT ( 'NONE', #64 ) ;
#6272 = FACE_BOUND ( 'NONE', #5165, .T. ) ;
#6273 = AXIS2_PLACEMENT_3D ( 'NONE', #1818, #3806, #3210 ) ;
#6274 = CARTESIAN_POINT ( 'NONE',  ( -7.098500000000003141, 2.254999999999998561, -0.7500393700787405526 ) ) ;
#6275 = LINE ( 'NONE', #9114, #1464 ) ;
#6276 = ORIENTED_EDGE ( 'NONE', *, *, #8452, .T. ) ;
#6277 = CARTESIAN_POINT ( 'NONE',  ( -1.473500000000001586, 4.254999999999998117, -0.7500393700787405526 ) ) ;
#6278 = ORIENTED_EDGE ( 'NONE', *, *, #9184, .F. ) ;
#6279 = CARTESIAN_POINT ( 'NONE',  ( -0.8485000000000026965, 9.754999999999999005, 0.000000000000000000 ) ) ;
#6280 = EDGE_CURVE ( 'NONE', #1362, #7136, #6380, .T. ) ;
#6281 = AXIS2_PLACEMENT_3D ( 'NONE', #3165, #5936, #4450 ) ;
#6282 = EDGE_LOOP ( 'NONE', ( #2141, #4776, #5710, #2156 ) ) ;
#6283 = CARTESIAN_POINT ( 'NONE',  ( -3.594000000000002526, 10.56499999999999773, -0.06000000000000004635 ) ) ;
#6284 = EDGE_LOOP ( 'NONE', ( #4726, #6966, #8117, #4601 ) ) ;
#6285 = ORIENTED_EDGE ( 'NONE', *, *, #7274, .T. ) ;
#6286 = DIRECTION ( 'NONE',  ( -0.000000000000000000, -0.000000000000000000, 1.000000000000000000 ) ) ;
#6288 = VECTOR ( 'NONE', #9169, 39.37007874015748143 ) ;
#6287 = PLANE ( 'NONE',  #6495 ) ;
#6289 = VERTEX_POINT ( 'NONE', #1545 ) ;
#6290 = ORIENTED_EDGE ( 'NONE', *, *, #7934, .T. ) ;
#6291 = LINE ( 'NONE', #8437, #9072 ) ;
#6292 = EDGE_CURVE ( 'NONE', #3427, #8983, #3585, .T. ) ;
#6293 = ADVANCED_FACE ( 'NONE', ( #2196 ), #7727, .F. ) ;
#6294 = FACE_BOUND ( 'NONE', #8381, .T. ) ;
#6295 = CARTESIAN_POINT ( 'NONE',  ( -4.161500000000001087, -5.745000000000000995, -0.7500393700787405526 ) ) ;
#6296 = CARTESIAN_POINT ( 'NONE',  ( -2.723500000000001808, 4.254999999999998117, -0.7500393700787405526 ) ) ;
#6297 = EDGE_CURVE ( 'NONE', #2750, #6190, #4275, .T. ) ;
#6298 = ORIENTED_EDGE ( 'NONE', *, *, #6297, .F. ) ;
#6299 = DIRECTION ( 'NONE',  ( -0.000000000000000000, -0.000000000000000000, 1.000000000000000000 ) ) ;
#6300 = CARTESIAN_POINT ( 'NONE',  ( -2.723500000000001808, 7.754999999999997229, -0.7500393700787405526 ) ) ;
#6301 = DIRECTION ( 'NONE',  ( 0.000000000000000000, 0.000000000000000000, -1.000000000000000000 ) ) ;
#6302 = CARTESIAN_POINT ( 'NONE',  ( -8.720000000000004192, 6.944999999999996732, -0.3880000000000474181 ) ) ;
#6303 = VECTOR ( 'NONE', #9163, 39.37007874015748143 ) ;
#6304 = VERTEX_POINT ( 'NONE', #5626 ) ;
#6305 = DIRECTION ( 'NONE',  ( 0.000000000000000000, 0.000000000000000000, -1.000000000000000000 ) ) ;
#6306 = VERTEX_POINT ( 'NONE', #7817 ) ;
#6307 = EDGE_CURVE ( 'NONE', #6289, #4575, #7035, .T. ) ;
#6308 = ORIENTED_EDGE ( 'NONE', *, *, #8604, .F. ) ;
#6309 = ORIENTED_EDGE ( 'NONE', *, *, #6744, .T. ) ;
#6310 = LINE ( 'NONE', #698, #6188 ) ;
#6311 = AXIS2_PLACEMENT_3D ( 'NONE', #8887, #4688, #6758 ) ;
#6312 = EDGE_CURVE ( 'NONE', #6228, #2528, #4183, .T. ) ;
#6313 = CARTESIAN_POINT ( 'NONE',  ( -8.475999999999997314, 10.77899999999999636, -0.05999999999999901246 ) ) ;
#6314 = ORIENTED_EDGE ( 'NONE', *, *, #7214, .F. ) ;
#6315 = ORIENTED_EDGE ( 'NONE', *, *, #3728, .F. ) ;
#6316 = LINE ( 'NONE', #3478, #1683 ) ;
#6317 = EDGE_LOOP ( 'NONE', ( #2841, #2201, #7643, #290 ) ) ;
#6318 = EDGE_LOOP ( 'NONE', ( #3886, #3855, #3266, #1460 ) ) ;
#6319 = FACE_OUTER_BOUND ( 'NONE', #8054, .T. ) ;
#6320 = DIRECTION ( 'NONE',  ( 1.000000000000000000, 0.000000000000000000, 0.000000000000000000 ) ) ;
#6321 = CARTESIAN_POINT ( 'NONE',  ( -0.8485000000000026965, -5.745000000000000995, -0.7500393700787405526 ) ) ;
#6322 = VERTEX_POINT ( 'NONE', #8555 ) ;
#6323 = CARTESIAN_POINT ( 'NONE',  ( -1.473500000000001586, -4.245000000000002771, 0.000000000000000000 ) ) ;
#6324 = VECTOR ( 'NONE', #2192, 39.37007874015748143 ) ;
#6325 = VECTOR ( 'NONE', #788, 39.37007874015748143 ) ;
#6326 = LINE ( 'NONE', #9165, #1564 ) ;
#6327 = LINE ( 'NONE', #8287, #5139 ) ;
#6328 = ORIENTED_EDGE ( 'NONE', *, *, #3164, .F. ) ;
#6329 = CARTESIAN_POINT ( 'NONE',  ( 8.719999999999998863, 10.78500000000000014, -0.1199999999999996209 ) ) ;
#6330 = ORIENTED_EDGE ( 'NONE', *, *, #8916, .T. ) ;
#6331 = CARTESIAN_POINT ( 'NONE',  ( -6.661500000000001087, 2.254999999999998561, -0.7500393700787405526 ) ) ;
#6332 = VECTOR ( 'NONE', #6204, 39.37007874015748143 ) ;
#6333 = DIRECTION ( 'NONE',  ( 0.000000000000000000, -1.000000000000000000, -3.491481338843134539E-15 ) ) ;
#6334 = DIRECTION ( 'NONE',  ( 0.000000000000000000, 0.000000000000000000, 1.000000000000000000 ) ) ;
#6335 = EDGE_CURVE ( 'NONE', #6184, #2015, #19, .T. ) ;
#6336 = ORIENTED_EDGE ( 'NONE', *, *, #6292, .T. ) ;
#6337 = CIRCLE ( 'NONE', #2036, 0.05200000000000001843 ) ;
#6338 = VECTOR ( 'NONE', #4470, 39.37007874015748143 ) ;
#6339 = ADVANCED_FACE ( 'NONE', ( #5018 ), #9119, .F. ) ;
#6340 = CYLINDRICAL_SURFACE ( 'NONE', #4539, 0.05200000000000001843 ) ;
#6341 = CARTESIAN_POINT ( 'NONE',  ( -2.723500000000001808, -7.745000000000001883, 0.000000000000000000 ) ) ;
#6342 = ORIENTED_EDGE ( 'NONE', *, *, #5652, .F. ) ;
#6343 = ORIENTED_EDGE ( 'NONE', *, *, #8357, .F. ) ;
#6344 = VECTOR ( 'NONE', #4891, 39.37007874015748143 ) ;
#6345 = AXIS2_PLACEMENT_3D ( 'NONE', #6574, #1651, #8064 ) ;
#6346 = EDGE_CURVE ( 'NONE', #6306, #728, #7133, .T. ) ;
#6347 = CARTESIAN_POINT ( 'NONE',  ( -4.598500000000003141, 9.754999999999999005, -0.7500393700787405526 ) ) ;
#6348 = CARTESIAN_POINT ( 'NONE',  ( -6.473500000000002252, -0.2450000000000024380, -0.05999999999999999778 ) ) ;
#6349 = VECTOR ( 'NONE', #7722, 39.37007874015748143 ) ;
#6350 = ADVANCED_FACE ( 'NONE', ( #2751 ), #8471, .T. ) ;
#6351 = ORIENTED_EDGE ( 'NONE', *, *, #8895, .T. ) ;
#6352 = DIRECTION ( 'NONE',  ( 0.000000000000000000, 0.000000000000000000, -1.000000000000000000 ) ) ;
#6353 = VECTOR ( 'NONE', #2399, 39.37007874015748143 ) ;
#6354 = EDGE_CURVE ( 'NONE', #8232, #7509, #8513, .T. ) ;
#6355 = PLANE ( 'NONE',  #5901 ) ;
#6356 = LINE ( 'NONE', #7747, #4531 ) ;
#6357 = CARTESIAN_POINT ( 'NONE',  ( -4.598500000000003141, 6.254999999999999893, -0.06000000000000004635 ) ) ;
#6358 = ORIENTED_EDGE ( 'NONE', *, *, #7391, .T. ) ;
#6359 = LINE ( 'NONE', #2219, #7437 ) ;
#6360 = ORIENTED_EDGE ( 'NONE', *, *, #98, .T. ) ;
#6361 = VECTOR ( 'NONE', #4043, 39.37007874015748143 ) ;
#6362 = LINE ( 'NONE', #7067, #2193 ) ;
#6363 = DIRECTION ( 'NONE',  ( -0.000000000000000000, 0.000000000000000000, 1.000000000000000000 ) ) ;
#6364 = EDGE_CURVE ( 'NONE', #5079, #5684, #1461, .T. ) ;
#6365 = ORIENTED_EDGE ( 'NONE', *, *, #1483, .T. ) ;
#6366 = AXIS2_PLACEMENT_3D ( 'NONE', #7009, #5682, #9188 ) ;
#6367 = VERTEX_POINT ( 'NONE', #3672 ) ;
#6368 = LINE ( 'NONE', #91, #201 ) ;
#6369 = EDGE_LOOP ( 'NONE', ( #8142, #1802, #5306, #2916 ) ) ;
#6370 = DIRECTION ( 'NONE',  ( -0.000000000000000000, -0.000000000000000000, 1.000000000000000000 ) ) ;
#6371 = ADVANCED_FACE ( 'NONE', ( #2466 ), #2372, .F. ) ;
#6372 = LINE ( 'NONE', #4171, #4499 ) ;
#6373 = DIRECTION ( 'NONE',  ( 0.000000000000000000, 0.000000000000000000, 1.000000000000000000 ) ) ;
#6374 = ORIENTED_EDGE ( 'NONE', *, *, #4804, .F. ) ;
#6375 = EDGE_CURVE ( 'NONE', #2595, #8999, #4542, .T. ) ;
#6376 = CARTESIAN_POINT ( 'NONE',  ( -2.286500000000001975, -3.745000000000001883, -0.06000000000000004635 ) ) ;
#6377 = VERTEX_POINT ( 'NONE', #5841 ) ;
#6378 = DIRECTION ( 'NONE',  ( 0.000000000000000000, -1.821231995776160175E-14, 1.000000000000000000 ) ) ;
#6379 = ORIENTED_EDGE ( 'NONE', *, *, #1902, .F. ) ;
#6380 = LINE ( 'NONE', #8426, #490 ) ;
#6381 = DIRECTION ( 'NONE',  ( -0.000000000000000000, 1.000000000000000000, 0.000000000000000000 ) ) ;
#6382 = LINE ( 'NONE', #7821, #5251 ) ;
#6383 = EDGE_LOOP ( 'NONE', ( #370, #4820, #3589, #7517 ) ) ;
#6384 = CARTESIAN_POINT ( 'NONE',  ( -4.598500000000003141, 1.754999999999998117, 0.000000000000000000 ) ) ;
#6385 = DIRECTION ( 'NONE',  ( 0.000000000000000000, -1.000000000000000000, 0.000000000000000000 ) ) ;
#6386 = DIRECTION ( 'NONE',  ( -0.000000000000000000, 1.000000000000000000, 0.000000000000000000 ) ) ;
#6387 = ORIENTED_EDGE ( 'NONE', *, *, #4017, .F. ) ;
#6388 = VERTEX_POINT ( 'NONE', #5101 ) ;
#6389 = VECTOR ( 'NONE', #8492, 39.37007874015748143 ) ;
#6390 = ADVANCED_FACE ( 'NONE', ( #195 ), #1031, .F. ) ;
#6391 = LINE ( 'NONE', #2858, #1367 ) ;
#6392 = DIRECTION ( 'NONE',  ( -0.000000000000000000, -0.000000000000000000, 1.000000000000000000 ) ) ;
#6393 = CARTESIAN_POINT ( 'NONE',  ( -8.469999999999997087, -10.78500000000000014, -0.05999999999999901246 ) ) ;
#6394 = EDGE_LOOP ( 'NONE', ( #4030, #6168, #577, #604 ) ) ;
#6395 = CARTESIAN_POINT ( 'NONE',  ( -5.411500000000001087, 1.754999999999998117, -0.06000000000000004635 ) ) ;
#6396 = VECTOR ( 'NONE', #4640, 39.37007874015748143 ) ;
#6397 = DIRECTION ( 'NONE',  ( 1.000000000000000000, -0.000000000000000000, 3.167359992654216647E-15 ) ) ;
#6398 = FACE_OUTER_BOUND ( 'NONE', #3892, .T. ) ;
#6399 = EDGE_LOOP ( 'NONE', ( #1904, #2020, #1778, #438 ) ) ;
#6400 = LINE ( 'NONE', #4952, #764 ) ;
#6401 = ORIENTED_EDGE ( 'NONE', *, *, #1379, .T. ) ;
#6402 = EDGE_CURVE ( 'NONE', #8455, #1183, #5935, .T. ) ;
#6403 = ADVANCED_FACE ( 'NONE', ( #8736 ), #8781, .F. ) ;
#6404 = VECTOR ( 'NONE', #2970, 39.37007874015748143 ) ;
#6405 = DIRECTION ( 'NONE',  ( 0.000000000000000000, -1.000000000000000000, 0.000000000000000000 ) ) ;
#6406 = CARTESIAN_POINT ( 'NONE',  ( -5.411500000000001975, -9.745000000000002771, -0.06000000000000004635 ) ) ;
#6407 = VERTEX_POINT ( 'NONE', #8139 ) ;
#6408 = VECTOR ( 'NONE', #1285, 39.37007874015748143 ) ;
#6409 = VECTOR ( 'NONE', #8938, 39.37007874015748143 ) ;
#6410 = ORIENTED_EDGE ( 'NONE', *, *, #293, .T. ) ;
#6411 = DIRECTION ( 'NONE',  ( 0.000000000000000000, -1.000000000000000000, 0.000000000000000000 ) ) ;
#6412 = ORIENTED_EDGE ( 'NONE', *, *, #2058, .F. ) ;
#6413 = DIRECTION ( 'NONE',  ( -6.244223985518316914E-16, 1.000000000000000000, 0.000000000000000000 ) ) ;
#6414 = EDGE_CURVE ( 'NONE', #3517, #4497, #4363, .T. ) ;
#6415 = EDGE_CURVE ( 'NONE', #9154, #3964, #8638, .T. ) ;
#6416 = LINE ( 'NONE', #4920, #4492 ) ;
#6417 = CARTESIAN_POINT ( 'NONE',  ( -4.161500000000001087, -1.745000000000001217, 0.000000000000000000 ) ) ;
#6418 = VECTOR ( 'NONE', #3792, 39.37007874015748143 ) ;
#6419 = ORIENTED_EDGE ( 'NONE', *, *, #7445, .T. ) ;
#6420 = AXIS2_PLACEMENT_3D ( 'NONE', #4084, #4728, #5385 ) ;
#6421 = EDGE_CURVE ( 'NONE', #7869, #4245, #2418, .T. ) ;
#6422 = DIRECTION ( 'NONE',  ( 0.000000000000000000, 0.000000000000000000, 1.000000000000000000 ) ) ;
#6423 = ORIENTED_EDGE ( 'NONE', *, *, #3927, .F. ) ;
#6424 = DIRECTION ( 'NONE',  ( 1.000000000000000000, -0.000000000000000000, -0.000000000000000000 ) ) ;
#6425 = ORIENTED_EDGE ( 'NONE', *, *, #2964, .T. ) ;
#6426 = DIRECTION ( 'NONE',  ( -2.500547362621746538E-15, -1.000000000000000000, 0.000000000000000000 ) ) ;
#6427 = ADVANCED_FACE ( 'NONE', ( #5241 ), #8044, .F. ) ;
#6428 = CARTESIAN_POINT ( 'NONE',  ( -3.973500000000001808, 0.2549999999999985056, -0.06000000000000004635 ) ) ;
#6429 = FACE_OUTER_BOUND ( 'NONE', #3052, .T. ) ;
#6430 = ORIENTED_EDGE ( 'NONE', *, *, #8547, .F. ) ;
#6431 = CARTESIAN_POINT ( 'NONE',  ( -2.098500000000002697, -5.745000000000000995, -0.7500393700787405526 ) ) ;
#6432 = CARTESIAN_POINT ( 'NONE',  ( -4.598500000000003141, -6.245000000000001883, -0.06000000000000004635 ) ) ;
#6433 = CARTESIAN_POINT ( 'NONE',  ( -1.036500000000001975, 7.754999999999997229, -0.7500393700787405526 ) ) ;
#6434 = ORIENTED_EDGE ( 'NONE', *, *, #4383, .F. ) ;
#6435 = VECTOR ( 'NONE', #7248, 39.37007874015748143 ) ;
#6436 = ORIENTED_EDGE ( 'NONE', *, *, #442, .F. ) ;
#6437 = CARTESIAN_POINT ( 'NONE',  ( -5.411500000000001087, -6.245000000000001883, -0.7500393700787405526 ) ) ;
#6438 = CARTESIAN_POINT ( 'NONE',  ( -5.411500000000002863, 9.754999999999999005, -0.7500393700787405526 ) ) ;
#6439 = LINE ( 'NONE', #8883, #8135 ) ;
#6440 = FACE_OUTER_BOUND ( 'NONE', #3771, .T. ) ;
#6441 = VECTOR ( 'NONE', #10, 39.37007874015748143 ) ;
#6442 = VERTEX_POINT ( 'NONE', #7944 ) ;
#6443 = CARTESIAN_POINT ( 'NONE',  ( -1.036500000000001975, -3.745000000000001883, -0.7500393700787405526 ) ) ;
#6444 = PLANE ( 'NONE',  #733 ) ;
#6445 = CARTESIAN_POINT ( 'NONE',  ( -2.286500000000001975, -4.245000000000002771, 0.000000000000000000 ) ) ;
#6446 = ADVANCED_FACE ( 'NONE', ( #3714 ), #7299, .F. ) ;
#6447 = ORIENTED_EDGE ( 'NONE', *, *, #7313, .F. ) ;
#6448 = CARTESIAN_POINT ( 'NONE',  ( 8.660000000000001918, -5.565000000000003944, -0.4399999999999923972 ) ) ;
#6449 = VECTOR ( 'NONE', #3441, 39.37007874015748143 ) ;
#6450 = CARTESIAN_POINT ( 'NONE',  ( -8.469999999999998863, -10.77899999999999991, -0.05999999999999901246 ) ) ;
#6451 = CARTESIAN_POINT ( 'NONE',  ( -3.348500000000002697, -2.245000000000001883, -0.7500393700787405526 ) ) ;
#6452 = VECTOR ( 'NONE', #9121, 39.37007874015748143 ) ;
#6453 = EDGE_CURVE ( 'NONE', #157, #4260, #3760, .T. ) ;
#6454 = ORIENTED_EDGE ( 'NONE', *, *, #2745, .T. ) ;
#6455 = ORIENTED_EDGE ( 'NONE', *, *, #5121, .T. ) ;
#6456 = CARTESIAN_POINT ( 'NONE',  ( 2.655999999999997030, 10.56499999999999773, -0.06000000000000004635 ) ) ;
#6457 = ORIENTED_EDGE ( 'NONE', *, *, #6364, .F. ) ;
#6458 = DIRECTION ( 'NONE',  ( 0.000000000000000000, -0.000000000000000000, -1.000000000000000000 ) ) ;
#6459 = DIRECTION ( 'NONE',  ( -0.000000000000000000, -0.000000000000000000, 1.000000000000000000 ) ) ;
#6460 = LINE ( 'NONE', #5786, #5494 ) ;
#6461 = AXIS2_PLACEMENT_3D ( 'NONE', #3346, #2522, #8192 ) ;
#6462 = EDGE_CURVE ( 'NONE', #4430, #7593, #8683, .T. ) ;
#6463 = ORIENTED_EDGE ( 'NONE', *, *, #8048, .F. ) ;
#6464 = ADVANCED_BREP_SHAPE_REPRESENTATION ( '17-D-6007-01-(16gacr ANSI-61) - K48 - V1-R0', ( #4434, #3515 ), #3653 ) ;
#6465 = EDGE_CURVE ( 'NONE', #5017, #3899, #5191, .T. ) ;
#6466 = CARTESIAN_POINT ( 'NONE',  ( -0.8485000000000026965, 6.254999999999999893, -0.7500393700787405526 ) ) ;
#6467 = ADVANCED_FACE ( 'NONE', ( #7260 ), #893, .F. ) ;
#6468 = EDGE_LOOP ( 'NONE', ( #6457, #2370, #5237, #68 ) ) ;
#6469 = DIRECTION ( 'NONE',  ( 0.000000000000000000, -0.000000000000000000, -1.000000000000000000 ) ) ;
#6470 = ORIENTED_EDGE ( 'NONE', *, *, #5943, .F. ) ;
#6471 = CARTESIAN_POINT ( 'NONE',  ( -5.411500000000001087, -5.745000000000000995, -0.7500393700787405526 ) ) ;
#6472 = LINE ( 'NONE', #7088, #8361 ) ;
#6473 = CARTESIAN_POINT ( 'NONE',  ( -8.469999999999997087, 10.84499999999999709, -0.1199999999999998151 ) ) ;
#6474 = ORIENTED_EDGE ( 'NONE', *, *, #3467, .F. ) ;
#6475 = CARTESIAN_POINT ( 'NONE',  ( 8.599999999999999645, -10.78500000000000192, -0.1199999999999994543 ) ) ;
#6476 = LINE ( 'NONE', #4370, #6939 ) ;
#6477 = EDGE_CURVE ( 'NONE', #6089, #210, #7444, .T. ) ;
#6478 = LINE ( 'NONE', #5024, #9164 ) ;
#6479 = ORIENTED_EDGE ( 'NONE', *, *, #4118, .T. ) ;
#6480 = VECTOR ( 'NONE', #264, 39.37007874015748143 ) ;
#6481 = LINE ( 'NONE', #2166, #2629 ) ;
#6482 = ADVANCED_FACE ( 'NONE', ( #1821 ), #6169, .F. ) ;
#6483 = ORIENTED_EDGE ( 'NONE', *, *, #4307, .F. ) ;
#6484 = CARTESIAN_POINT ( 'NONE',  ( -3.348500000000002697, -6.245000000000001883, 0.000000000000000000 ) ) ;
#6485 = FACE_OUTER_BOUND ( 'NONE', #4515, .T. ) ;
#6486 = CARTESIAN_POINT ( 'NONE',  ( -5.411500000000001087, 1.754999999999998117, -0.7500393700787405526 ) ) ;
#6487 = ORIENTED_EDGE ( 'NONE', *, *, #1527, .T. ) ;
#6488 = DIRECTION ( 'NONE',  ( -0.000000000000000000, 1.000000000000000000, 0.000000000000000000 ) ) ;
#6489 = CARTESIAN_POINT ( 'NONE',  ( -0.4115000000000008096, 2.254999999999998561, 0.000000000000000000 ) ) ;
#6490 = CARTESIAN_POINT ( 'NONE',  ( -8.600000000000001421, 10.78499999999999481, -8.537024980200822558E-17 ) ) ;
#6491 = VECTOR ( 'NONE', #8940, 39.37007874015748143 ) ;
#6492 = ORIENTED_EDGE ( 'NONE', *, *, #3207, .F. ) ;
#6493 = DIRECTION ( 'NONE',  ( -0.000000000000000000, -0.000000000000000000, 1.000000000000000000 ) ) ;
#6494 = CARTESIAN_POINT ( 'NONE',  ( -5.223500000000001364, -0.2450000000000024380, -0.7500393700787405526 ) ) ;
#6495 = AXIS2_PLACEMENT_3D ( 'NONE', #7095, #4749, #9127 ) ;
#6496 = VECTOR ( 'NONE', #4121, 39.37007874015748143 ) ;
#6497 = LINE ( 'NONE', #5690, #2309 ) ;
#6498 = ORIENTED_EDGE ( 'NONE', *, *, #786, .T. ) ;
#6499 = EDGE_LOOP ( 'NONE', ( #8746, #6946, #1608, #2171 ) ) ;
#6500 = DIRECTION ( 'NONE',  ( -0.000000000000000000, -0.000000000000000000, 1.000000000000000000 ) ) ;
#6501 = AXIS2_PLACEMENT_3D ( 'NONE', #6706, #164, #4331 ) ;
#6502 = VERTEX_POINT ( 'NONE', #4039 ) ;
#6503 = DIRECTION ( 'NONE',  ( 1.000000000000000000, -0.000000000000000000, 3.167359992654216647E-15 ) ) ;
#6504 = CARTESIAN_POINT ( 'NONE',  ( -3.348500000000002697, 5.754999999999998117, -0.06000000000000004635 ) ) ;
#6505 = CARTESIAN_POINT ( 'NONE',  ( -2.286500000000001975, -3.745000000000001883, -0.06000000000000004635 ) ) ;
#6506 = EDGE_CURVE ( 'NONE', #6502, #4957, #5473, .T. ) ;
#6507 = ORIENTED_EDGE ( 'NONE', *, *, #1705, .F. ) ;
#6508 = CIRCLE ( 'NONE', #7403, 0.05999999999999992145 ) ;
#6509 = CARTESIAN_POINT ( 'NONE',  ( -0.8485000000000026965, -5.745000000000000995, -0.05999999999999999778 ) ) ;
#6510 = VERTEX_POINT ( 'NONE', #1861 ) ;
#6511 = DIRECTION ( 'NONE',  ( -0.000000000000000000, 1.000000000000000000, 0.000000000000000000 ) ) ;
#6512 = ORIENTED_EDGE ( 'NONE', *, *, #4614, .F. ) ;
#6513 = CARTESIAN_POINT ( 'NONE',  ( -2.098500000000002697, -9.745000000000000995, 0.000000000000000000 ) ) ;
#6514 = CARTESIAN_POINT ( 'NONE',  ( -8.720000000000004192, 10.78499999999999481, -0.7500000000000001110 ) ) ;
#6515 = DIRECTION ( 'NONE',  ( 1.000000000000000000, 0.000000000000000000, 3.130242492740306066E-15 ) ) ;
#6516 = EDGE_CURVE ( 'NONE', #1079, #9143, #6797, .T. ) ;
#6517 = ORIENTED_EDGE ( 'NONE', *, *, #695, .F. ) ;
#6519 = ADVANCED_FACE ( 'NONE', ( #1262 ), #2647, .F. ) ;
#6518 = LINE ( 'NONE', #8518, #8045 ) ;
#6520 = DIRECTION ( 'NONE',  ( 0.000000000000000000, 0.000000000000000000, 1.000000000000000000 ) ) ;
#6521 = CARTESIAN_POINT ( 'NONE',  ( -8.660000000000001918, -10.78500000000000192, -0.05999999999999997696 ) ) ;
#6522 = ORIENTED_EDGE ( 'NONE', *, *, #3566, .F. ) ;
#6523 = DIRECTION ( 'NONE',  ( -0.000000000000000000, 1.000000000000000000, 0.000000000000000000 ) ) ;
#6524 = ORIENTED_EDGE ( 'NONE', *, *, #2599, .F. ) ;
#6525 = ORIENTED_EDGE ( 'NONE', *, *, #2770, .F. ) ;
#6527 = EDGE_CURVE ( 'NONE', #8962, #6233, #435, .T. ) ;
#6526 = DIRECTION ( 'NONE',  ( 0.000000000000000000, 0.000000000000000000, -1.000000000000000000 ) ) ;
#6528 = CARTESIAN_POINT ( 'NONE',  ( -0.8485000000000026965, -2.245000000000001883, -0.06000000000000004635 ) ) ;
#6529 = CARTESIAN_POINT ( 'NONE',  ( -8.720000000000004192, 10.78499999999998948, -0.7500000000000001110 ) ) ;
#6530 = ORIENTED_EDGE ( 'NONE', *, *, #5026, .T. ) ;
#6531 = CARTESIAN_POINT ( 'NONE',  ( 8.475999999999997314, -10.77899999999999991, -0.05999999999999901246 ) ) ;
#6532 = FACE_OUTER_BOUND ( 'NONE', #1877, .T. ) ;
#6533 = DIRECTION ( 'NONE',  ( 0.000000000000000000, 1.000000000000000000, 0.000000000000000000 ) ) ;
#6534 = EDGE_CURVE ( 'NONE', #6233, #8814, #9014, .T. ) ;
#6535 = VERTEX_POINT ( 'NONE', #8922 ) ;
#6536 = LINE ( 'NONE', #5120, #1504 ) ;
#6537 = ADVANCED_FACE ( 'NONE', ( #3299 ), #4679, .F. ) ;
#6538 = DIRECTION ( 'NONE',  ( 0.000000000000000000, 1.000000000000000000, 0.000000000000000000 ) ) ;
#6539 = DIRECTION ( 'NONE',  ( -0.000000000000000000, 0.000000000000000000, 1.000000000000000000 ) ) ;
#6540 = EDGE_LOOP ( 'NONE', ( #4942, #9047, #8659, #1789 ) ) ;
#6541 = CARTESIAN_POINT ( 'NONE',  ( 8.470000000000000639, -10.84500000000000064, -0.05999999999999997696 ) ) ;
#6542 = VERTEX_POINT ( 'NONE', #6125 ) ;
#6543 = DIRECTION ( 'NONE',  ( 3.122111992759157471E-16, 1.000000000000000000, 0.000000000000000000 ) ) ;
#6544 = CIRCLE ( 'NONE', #4750, 0.06000000000000099698 ) ;
#6545 = ORIENTED_EDGE ( 'NONE', *, *, #1911, .T. ) ;
#6546 = VECTOR ( 'NONE', #5980, 39.37007874015748143 ) ;
#6547 = DIRECTION ( 'NONE',  ( -1.000000000000000000, -0.000000000000000000, -0.000000000000000000 ) ) ;
#6548 = DIRECTION ( 'NONE',  ( -0.000000000000000000, -1.000000000000000000, 3.169856808907805887E-15 ) ) ;
#6549 = DIRECTION ( 'NONE',  ( -1.000000000000000000, -0.000000000000000000, -0.000000000000000000 ) ) ;
#6550 = VERTEX_POINT ( 'NONE', #8964 ) ;
#6551 = VECTOR ( 'NONE', #548, 39.37007874015748143 ) ;
#6552 = AXIS2_PLACEMENT_3D ( 'NONE', #3597, #5766, #7185 ) ;
#6553 = DIRECTION ( 'NONE',  ( 1.000000000000000000, 0.000000000000000000, 0.000000000000000000 ) ) ;
#6554 = ORIENTED_EDGE ( 'NONE', *, *, #222, .F. ) ;
#6555 = FACE_OUTER_BOUND ( 'NONE', #5902, .T. ) ;
#6556 = EDGE_CURVE ( 'NONE', #3016, #902, #7887, .T. ) ;
#6557 = ORIENTED_EDGE ( 'NONE', *, *, #2300, .T. ) ;
#6558 = DIRECTION ( 'NONE',  ( -0.000000000000000000, 1.000000000000000000, 0.000000000000000000 ) ) ;
#6559 = VECTOR ( 'NONE', #1589, 39.37007874015748143 ) ;
#6560 = DIRECTION ( 'NONE',  ( -0.000000000000000000, -0.000000000000000000, 1.000000000000000000 ) ) ;
#6561 = DIRECTION ( 'NONE',  ( -0.000000000000000000, 0.000000000000000000, 1.000000000000000000 ) ) ;
#6562 = ORIENTED_EDGE ( 'NONE', *, *, #8016, .T. ) ;
#6563 = CARTESIAN_POINT ( 'NONE',  ( -2.723500000000001808, 4.254999999999998117, 0.000000000000000000 ) ) ;
#6564 = LINE ( 'NONE', #8645, #8858 ) ;
#6565 = PLANE ( 'NONE',  #4109 ) ;
#6566 = VERTEX_POINT ( 'NONE', #5425 ) ;
#6567 = CARTESIAN_POINT ( 'NONE',  ( -0.4115000000000029745, 9.754999999999999005, -0.05999999999999999778 ) ) ;
#6568 = ADVANCED_FACE ( 'NONE', ( #7533 ), #7573, .F. ) ;
#6569 = VERTEX_POINT ( 'NONE', #3386 ) ;
#6570 = EDGE_LOOP ( 'NONE', ( #2875, #319, #5, #7566 ) ) ;
#6571 = CARTESIAN_POINT ( 'NONE',  ( -2.098500000000002697, 9.754999999999999005, -0.06000000000000004635 ) ) ;
#6572 = CARTESIAN_POINT ( 'NONE',  ( 8.470000000000000639, 10.77899999999999636, -0.05999999999999901246 ) ) ;
#6573 = ORIENTED_EDGE ( 'NONE', *, *, #4848, .T. ) ;
#6574 = CARTESIAN_POINT ( 'NONE',  ( -1.473500000000001586, -4.245000000000002771, -0.7500393700787405526 ) ) ;
#6575 = LINE ( 'NONE', #5167, #6793 ) ;
#6576 = LINE ( 'NONE', #959, #1439 ) ;
#6577 = ADVANCED_FACE ( 'NONE', ( #3907, #5520, #387, #1775, #2601 ), #4590, .T. ) ;
#6578 = EDGE_CURVE ( 'NONE', #8650, #4709, #7490, .T. ) ;
#6579 = CARTESIAN_POINT ( 'NONE',  ( -7.098500000000003141, -2.245000000000001883, 0.000000000000000000 ) ) ;
#6580 = AXIS2_PLACEMENT_3D ( 'NONE', #6126, #4085, #9110 ) ;
#6581 = DIRECTION ( 'NONE',  ( -0.000000000000000000, -0.000000000000000000, 1.000000000000000000 ) ) ;
#6582 = FACE_OUTER_BOUND ( 'NONE', #4909, .T. ) ;
#6583 = ORIENTED_EDGE ( 'NONE', *, *, #7755, .T. ) ;
#6584 = DIRECTION ( 'NONE',  ( -1.000000000000000000, 0.000000000000000000, 0.000000000000000000 ) ) ;
#6585 = LINE ( 'NONE', #8075, #4766 ) ;
#6586 = EDGE_CURVE ( 'NONE', #728, #8904, #1215, .T. ) ;
#6587 = VECTOR ( 'NONE', #753, 39.37007874015748143 ) ;
#6588 = EDGE_LOOP ( 'NONE', ( #897, #2475, #8238, #1622 ) ) ;
#6589 = PLANE ( 'NONE',  #3854 ) ;
#6590 = ORIENTED_EDGE ( 'NONE', *, *, #6652, .F. ) ;
#6591 = DIRECTION ( 'NONE',  ( -0.000000000000000000, -0.000000000000000000, 1.000000000000000000 ) ) ;
#6592 = DIRECTION ( 'NONE',  ( 0.000000000000000000, 0.000000000000000000, 1.000000000000000000 ) ) ;
#6593 = CARTESIAN_POINT ( 'NONE',  ( -4.598500000000003141, -5.745000000000000995, -0.7500393700787405526 ) ) ;
#6594 = EDGE_LOOP ( 'NONE', ( #9054, #5691, #4858, #2600 ) ) ;
#6595 = CYLINDRICAL_SURFACE ( 'NONE', #1739, 0.1559999999999996390 ) ;
#6596 = ORIENTED_EDGE ( 'NONE', *, *, #8451, .F. ) ;
#6597 = LINE ( 'NONE', #8042, #7906 ) ;
#6598 = ORIENTED_EDGE ( 'NONE', *, *, #8133, .T. ) ;
#6599 = VERTEX_POINT ( 'NONE', #9157 ) ;
#6600 = VECTOR ( 'NONE', #1324, 39.37007874015748143 ) ;
#6601 = DIRECTION ( 'NONE',  ( -0.000000000000000000, -0.000000000000000000, 1.000000000000000000 ) ) ;
#6602 = DIRECTION ( 'NONE',  ( 3.122111992759157471E-16, 1.000000000000000000, 0.000000000000000000 ) ) ;
#6603 = ORIENTED_EDGE ( 'NONE', *, *, #3028, .F. ) ;
#6604 = DIRECTION ( 'NONE',  ( 0.000000000000000000, -1.000000000000000000, 0.000000000000000000 ) ) ;
#6605 = EDGE_CURVE ( 'NONE', #5069, #8866, #6267, .T. ) ;
#6606 = CARTESIAN_POINT ( 'NONE',  ( -2.098500000000002697, 2.254999999999998561, 0.000000000000000000 ) ) ;
#6607 = DIRECTION ( 'NONE',  ( -0.000000000000000000, -1.000000000000000000, -0.000000000000000000 ) ) ;
#6608 = EDGE_LOOP ( 'NONE', ( #1849, #2635, #735, #1870 ) ) ;
#6609 = PLANE ( 'NONE',  #3377 ) ;
#6610 = VERTEX_POINT ( 'NONE', #656 ) ;
#6611 = ORIENTED_EDGE ( 'NONE', *, *, #7584, .F. ) ;
#6612 = PLANE ( 'NONE',  #2160 ) ;
#6613 = VERTEX_POINT ( 'NONE', #2185 ) ;
#6614 = CARTESIAN_POINT ( 'NONE',  ( 8.470000000000000639, -10.84500000000000064, -0.1199999999999998151 ) ) ;
#6615 = CARTESIAN_POINT ( 'NONE',  ( -0.8485000000000026965, -1.745000000000001217, -0.06000000000000004635 ) ) ;
#6616 = ADVANCED_FACE ( 'NONE', ( #2790 ), #9109, .F. ) ;
#6617 = ORIENTED_EDGE ( 'NONE', *, *, #471, .T. ) ;
#6618 = FACE_OUTER_BOUND ( 'NONE', #2278, .T. ) ;
#6619 = CARTESIAN_POINT ( 'NONE',  ( -1.661500000000000865, 6.254999999999999893, -0.000000000000000000 ) ) ;
#6620 = VECTOR ( 'NONE', #5505, 39.37007874015748143 ) ;
#6621 = CARTESIAN_POINT ( 'NONE',  ( -1.473500000000001586, -3.745000000000001883, -0.06000000000000004635 ) ) ;
#6622 = ORIENTED_EDGE ( 'NONE', *, *, #5609, .T. ) ;
#6623 = DIRECTION ( 'NONE',  ( -0.000000000000000000, 1.000000000000000000, -0.000000000000000000 ) ) ;
#6624 = ADVANCED_FACE ( 'NONE', ( #6319 ), #4960, .F. ) ;
#6625 = AXIS2_PLACEMENT_3D ( 'NONE', #7617, #2860, #7835 ) ;
#6626 = AXIS2_PLACEMENT_3D ( 'NONE', #7376, #368, #1057 ) ;
#6627 = CARTESIAN_POINT ( 'NONE',  ( 2.343999999999998973, -10.56500000000000128, 0.000000000000000000 ) ) ;
#6628 = EDGE_CURVE ( 'NONE', #2408, #3306, #3481, .T. ) ;
#6629 = EDGE_CURVE ( 'NONE', #6569, #8187, #1352, .T. ) ;
#6630 = VECTOR ( 'NONE', #8789, 39.37007874015748143 ) ;
#6631 = FACE_OUTER_BOUND ( 'NONE', #8093, .T. ) ;
#6632 = ORIENTED_EDGE ( 'NONE', *, *, #2255, .T. ) ;
#6633 = CARTESIAN_POINT ( 'NONE',  ( -3.973500000000001808, 0.2549999999999985056, 0.000000000000000000 ) ) ;
#6634 = DIRECTION ( 'NONE',  ( -1.000000000000000000, 0.000000000000000000, -0.000000000000000000 ) ) ;
#6635 = ORIENTED_EDGE ( 'NONE', *, *, #6062, .T. ) ;
#6636 = CARTESIAN_POINT ( 'NONE',  ( -2.286500000000001975, -0.2450000000000024380, -0.7500393700787405526 ) ) ;
#6637 = DIRECTION ( 'NONE',  ( -1.000000000000000000, -0.000000000000000000, -0.000000000000000000 ) ) ;
#6638 = EDGE_LOOP ( 'NONE', ( #172, #1089, #8086, #5113 ) ) ;
#6639 = PLANE ( 'NONE',  #5446 ) ;
#6640 = AXIS2_PLACEMENT_3D ( 'NONE', #4550, #6807, #7498 ) ;
#6641 = VECTOR ( 'NONE', #6299, 39.37007874015748143 ) ;
#6642 = AXIS2_PLACEMENT_3D ( 'NONE', #5784, #6503, #2956 ) ;
#6643 = DIRECTION ( 'NONE',  ( 1.000000000000000000, 0.000000000000000000, 0.000000000000000000 ) ) ;
#6644 = DIRECTION ( 'NONE',  ( -1.000000000000000000, -0.000000000000000000, -0.000000000000000000 ) ) ;
#6645 = ORIENTED_EDGE ( 'NONE', *, *, #8113, .F. ) ;
#6646 = EDGE_CURVE ( 'NONE', #8960, #5067, #6714, .T. ) ;
#6647 = EDGE_CURVE ( 'NONE', #4494, #7071, #8412, .T. ) ;
#6648 = AXIS2_PLACEMENT_3D ( 'NONE', #8761, #275, #5222 ) ;
#6649 = LINE ( 'NONE', #6466, #6941 ) ;
#6650 = VECTOR ( 'NONE', #8832, 39.37007874015748143 ) ;
#6651 = CARTESIAN_POINT ( 'NONE',  ( -3.348500000000002697, -9.745000000000000995, -0.06000000000000004635 ) ) ;
#6652 = EDGE_CURVE ( 'NONE', #7364, #4693, #704, .T. ) ;
#6653 = ORIENTED_EDGE ( 'NONE', *, *, #3406, .F. ) ;
#6654 = ORIENTED_EDGE ( 'NONE', *, *, #7300, .T. ) ;
#6655 = DIRECTION ( 'NONE',  ( 0.000000000000000000, -0.000000000000000000, 1.000000000000000000 ) ) ;
#6656 = CARTESIAN_POINT ( 'NONE',  ( -2.098500000000002697, -9.745000000000000995, -0.06000000000000004635 ) ) ;
#6657 = VERTEX_POINT ( 'NONE', #4306 ) ;
#6658 = CIRCLE ( 'NONE', #132, 0.05999999999999990757 ) ;
#6659 = CARTESIAN_POINT ( 'NONE',  ( -5.848500000000003141, 5.754999999999998117, -0.7500393700787405526 ) ) ;
#6660 = EDGE_CURVE ( 'NONE', #296, #9128, #7852, .T. ) ;
#6661 = CARTESIAN_POINT ( 'NONE',  ( -8.600000000000001421, 10.78499999999999481, -0.1199999999999999956 ) ) ;
#6662 = DIRECTION ( 'NONE',  ( 0.000000000000000000, 0.000000000000000000, 1.000000000000000000 ) ) ;
#6663 = VERTEX_POINT ( 'NONE', #4215 ) ;
#6664 = CYLINDRICAL_SURFACE ( 'NONE', #1467, 0.1559999999999991116 ) ;
#6665 = VERTEX_POINT ( 'NONE', #3533 ) ;
#6666 = ORIENTED_EDGE ( 'NONE', *, *, #5212, .F. ) ;
#6667 = DIRECTION ( 'NONE',  ( 0.000000000000000000, 0.000000000000000000, 1.000000000000000000 ) ) ;
#6668 = ORIENTED_EDGE ( 'NONE', *, *, #7976, .T. ) ;
#6669 = CARTESIAN_POINT ( 'NONE',  ( -4.161500000000001087, -1.745000000000001217, -0.7500393700787405526 ) ) ;
#6670 = CARTESIAN_POINT ( 'NONE',  ( -6.473500000000002252, 4.254999999999998117, -0.06000000000000004635 ) ) ;
#6671 = ORIENTED_EDGE ( 'NONE', *, *, #4444, .F. ) ;
#6672 = CARTESIAN_POINT ( 'NONE',  ( -3.973500000000001808, -7.745000000000001883, -0.7500393700787405526 ) ) ;
#6673 = DIRECTION ( 'NONE',  ( 0.000000000000000000, 0.000000000000000000, -1.000000000000000000 ) ) ;
#6674 = CARTESIAN_POINT ( 'NONE',  ( -1.036500000000001975, -3.745000000000001883, -0.06000000000000004635 ) ) ;
#6675 = LINE ( 'NONE', #6579, #8917 ) ;
#6676 = EDGE_CURVE ( 'NONE', #8411, #5028, #2833, .T. ) ;
#6677 = DIRECTION ( 'NONE',  ( 0.000000000000000000, 0.000000000000000000, 1.000000000000000000 ) ) ;
#6678 = VERTEX_POINT ( 'NONE', #2053 ) ;
#6679 = DIRECTION ( 'NONE',  ( -0.000000000000000000, -0.000000000000000000, 1.000000000000000000 ) ) ;
#6680 = CARTESIAN_POINT ( 'NONE',  ( -8.469999999999997087, 0.000000000000000000, 0.000000000000000000 ) ) ;
#6681 = VERTEX_POINT ( 'NONE', #5655 ) ;
#6682 = CARTESIAN_POINT ( 'NONE',  ( -3.973500000000001808, -7.745000000000001883, -0.7500393700787405526 ) ) ;
#6683 = ORIENTED_EDGE ( 'NONE', *, *, #75, .F. ) ;
#6684 = LINE ( 'NONE', #8764, #6418 ) ;
#6685 = CARTESIAN_POINT ( 'NONE',  ( -3.973500000000001808, 4.254999999999998117, -0.06000000000000004635 ) ) ;
#6686 = EDGE_CURVE ( 'NONE', #4384, #5653, #8502, .T. ) ;
#6687 = ORIENTED_EDGE ( 'NONE', *, *, #447, .F. ) ;
#6688 = ADVANCED_FACE ( 'NONE', ( #2739 ), #6977, .F. ) ;
#6689 = CARTESIAN_POINT ( 'NONE',  ( -1.036500000000001975, -0.2450000000000024380, -0.06000000000000004635 ) ) ;
#6690 = CARTESIAN_POINT ( 'NONE',  ( -7.098500000000003141, 1.754999999999998117, -0.05999999999999999778 ) ) ;
#6691 = DIRECTION ( 'NONE',  ( -1.000000000000000000, 0.000000000000000000, 0.000000000000000000 ) ) ;
#6692 = AXIS2_PLACEMENT_3D ( 'NONE', #7154, #2776, #826 ) ;
#6693 = CARTESIAN_POINT ( 'NONE',  ( -7.098500000000003141, 6.254999999999999893, -0.06000000000000004635 ) ) ;
#6694 = VECTOR ( 'NONE', #975, 39.37007874015748143 ) ;
#6695 = ORIENTED_EDGE ( 'NONE', *, *, #7873, .F. ) ;
#6696 = DIRECTION ( 'NONE',  ( 0.000000000000000000, -1.000000000000000000, 0.000000000000000000 ) ) ;
#6697 = EDGE_CURVE ( 'NONE', #4795, #3700, #4871, .T. ) ;
#6698 = VERTEX_POINT ( 'NONE', #3618 ) ;
#6699 = ADVANCED_FACE ( 'NONE', ( #54 ), #2876, .F. ) ;
#6700 = ORIENTED_EDGE ( 'NONE', *, *, #5016, .F. ) ;
#6701 = CARTESIAN_POINT ( 'NONE',  ( -6.036500000000001975, 3.754999999999997673, -0.7500393700787405526 ) ) ;
#6702 = PLANE ( 'NONE',  #8649 ) ;
#6703 = LINE ( 'NONE', #1777, #4751 ) ;
#6704 = CIRCLE ( 'NONE', #771, 0.1200000000000009948 ) ;
#6705 = ORIENTED_EDGE ( 'NONE', *, *, #2477, .T. ) ;
#6706 = CARTESIAN_POINT ( 'NONE',  ( 2.499999999999997780, 10.56499999999999773, -0.7500393700787405526 ) ) ;
#6707 = CARTESIAN_POINT ( 'NONE',  ( -4.598500000000003141, -1.745000000000001217, -0.06000000000000004635 ) ) ;
#6708 = AXIS2_PLACEMENT_3D ( 'NONE', #5906, #1837, #3923 ) ;
#6709 = ADVANCED_FACE ( 'NONE', ( #93 ), #2911, .F. ) ;
#6710 = CARTESIAN_POINT ( 'NONE',  ( -3.973500000000001808, 0.2549999999999985056, -0.05999999999999999778 ) ) ;
#6711 = CARTESIAN_POINT ( 'NONE',  ( -8.600000000000001421, 10.78500000000000192, -0.06000000000000009492 ) ) ;
#6712 = ORIENTED_EDGE ( 'NONE', *, *, #3858, .T. ) ;
#6713 = LINE ( 'NONE', #3222, #4264 ) ;
#6714 = CIRCLE ( 'NONE', #2696, 0.06000000000000101780 ) ;
#6715 = ORIENTED_EDGE ( 'NONE', *, *, #3596, .F. ) ;
#6716 = EDGE_CURVE ( 'NONE', #6194, #57, #5229, .T. ) ;
#6717 = ORIENTED_EDGE ( 'NONE', *, *, #9079, .F. ) ;
#6718 = DIRECTION ( 'NONE',  ( 0.000000000000000000, -1.000000000000000000, 0.000000000000000000 ) ) ;
#6719 = EDGE_LOOP ( 'NONE', ( #7422, #3727, #4922, #5062 ) ) ;
#6720 = CARTESIAN_POINT ( 'NONE',  ( -8.660000000000003695, -6.945000000000003837, -0.4920000000000472329 ) ) ;
#6721 = FACE_OUTER_BOUND ( 'NONE', #3869, .T. ) ;
#6722 = VERTEX_POINT ( 'NONE', #140 ) ;
#6723 = LINE ( 'NONE', #359, #7824 ) ;
#6724 = DIRECTION ( 'NONE',  ( 1.000000000000000000, -0.000000000000000000, 3.167359992654216647E-15 ) ) ;
#6725 = CARTESIAN_POINT ( 'NONE',  ( -8.720000000000002416, 0.000000000000000000, 2.782886801627536650E-14 ) ) ;
#6726 = ORIENTED_EDGE ( 'NONE', *, *, #1811, .T. ) ;
#6727 = LINE ( 'NONE', #8660, #3579 ) ;
#6728 = CARTESIAN_POINT ( 'NONE',  ( -0.8485000000000026965, -5.745000000000000995, -0.7500393700787405526 ) ) ;
#6729 = VECTOR ( 'NONE', #4917, 39.37007874015748143 ) ;
#6730 = ORIENTED_EDGE ( 'NONE', *, *, #1053, .T. ) ;
#6731 = CARTESIAN_POINT ( 'NONE',  ( -5.848500000000003141, -9.745000000000000995, -0.7500393700787405526 ) ) ;
#6732 = PLANE ( 'NONE',  #3249 ) ;
#6733 = ORIENTED_EDGE ( 'NONE', *, *, #8520, .T. ) ;
#6734 = LINE ( 'NONE', #371, #8038 ) ;
#6735 = ORIENTED_EDGE ( 'NONE', *, *, #4281, .F. ) ;
#6736 = CARTESIAN_POINT ( 'NONE',  ( 8.470000000000000639, 10.78499999999999481, -0.05999999999999901246 ) ) ;
#6737 = LINE ( 'NONE', #4529, #1473 ) ;
#6738 = EDGE_LOOP ( 'NONE', ( #1099, #4523, #7283, #3572 ) ) ;
#6739 = VECTOR ( 'NONE', #5842, 39.37007874015748143 ) ;
#6740 = FACE_BOUND ( 'NONE', #8540, .T. ) ;
#6741 = DIRECTION ( 'NONE',  ( -0.000000000000000000, 1.000000000000000000, 0.000000000000000000 ) ) ;
#6742 = CARTESIAN_POINT ( 'NONE',  ( -7.098500000000003141, 9.754999999999999005, -0.06000000000000004635 ) ) ;
#6743 = VERTEX_POINT ( 'NONE', #5049 ) ;
#6744 = EDGE_CURVE ( 'NONE', #1628, #969, #3103, .T. ) ;
#6745 = ORIENTED_EDGE ( 'NONE', *, *, #4137, .T. ) ;
#6746 = CARTESIAN_POINT ( 'NONE',  ( -6.661500000000001975, -9.745000000000002771, 0.000000000000000000 ) ) ;
#6747 = VERTEX_POINT ( 'NONE', #1625 ) ;
#6748 = CARTESIAN_POINT ( 'NONE',  ( -8.660000000000001918, 0.000000000000000000, 2.761937913594477660E-14 ) ) ;
#6749 = EDGE_CURVE ( 'NONE', #4497, #5484, #5830, .T. ) ;
#6750 = AXIS2_PLACEMENT_3D ( 'NONE', #4447, #1542, #759 ) ;
#6751 = CYLINDRICAL_SURFACE ( 'NONE', #1395, 0.1559999999999996390 ) ;
#6752 = CARTESIAN_POINT ( 'NONE',  ( -4.161500000000001087, 2.254999999999998561, 0.000000000000000000 ) ) ;
#6753 = VERTEX_POINT ( 'NONE', #328 ) ;
#6754 = CARTESIAN_POINT ( 'NONE',  ( 8.469999999999997087, -10.77899999999999991, -0.05999999999999901246 ) ) ;
#6755 = FACE_BOUND ( 'NONE', #1498, .T. ) ;
#6756 = EDGE_CURVE ( 'NONE', #5650, #4724, #8587, .T. ) ;
#6757 = EDGE_CURVE ( 'NONE', #281, #5291, #1021, .T. ) ;
#6758 = DIRECTION ( 'NONE',  ( 0.000000000000000000, 0.000000000000000000, -1.000000000000000000 ) ) ;
#6759 = CARTESIAN_POINT ( 'NONE',  ( -0.8485000000000026965, 1.754999999999998117, 0.000000000000000000 ) ) ;
#6760 = AXIS2_PLACEMENT_3D ( 'NONE', #7460, #7504, #3920 ) ;
#6761 = ORIENTED_EDGE ( 'NONE', *, *, #1629, .T. ) ;
#6762 = CARTESIAN_POINT ( 'NONE',  ( -5.848500000000003141, 6.254999999999999893, 0.000000000000000000 ) ) ;
#6763 = EDGE_LOOP ( 'NONE', ( #342, #4767, #9013, #5564 ) ) ;
#6764 = VERTEX_POINT ( 'NONE', #1668 ) ;
#6765 = CARTESIAN_POINT ( 'NONE',  ( -5.223500000000001364, 0.2549999999999985056, -0.7500393700787405526 ) ) ;
#6766 = AXIS2_PLACEMENT_3D ( 'NONE', #4222, #1406, #6422 ) ;
#6767 = DIRECTION ( 'NONE',  ( 1.000000000000000000, 0.000000000000000000, 0.000000000000000000 ) ) ;
#6768 = ADVANCED_FACE ( 'NONE', ( #3003 ), #5922, .F. ) ;
#6769 = ORIENTED_EDGE ( 'NONE', *, *, #4784, .F. ) ;
#6770 = CARTESIAN_POINT ( 'NONE',  ( -2.098500000000002697, -1.745000000000001217, -0.7500393700787405526 ) ) ;
#6771 = DIRECTION ( 'NONE',  ( 0.000000000000000000, 0.000000000000000000, -1.000000000000000000 ) ) ;
#6772 = DIRECTION ( 'NONE',  ( 1.000000000000000000, -0.000000000000000000, -0.000000000000000000 ) ) ;
#6773 = ORIENTED_EDGE ( 'NONE', *, *, #7274, .F. ) ;
#6774 = PLANE ( 'NONE',  #5788 ) ;
#6775 = ADVANCED_FACE ( 'NONE', ( #8033 ), #3751, .F. ) ;
#6776 = DIRECTION ( 'NONE',  ( -0.000000000000000000, -0.000000000000000000, 1.000000000000000000 ) ) ;
#6777 = EDGE_CURVE ( 'NONE', #445, #7664, #8629, .T. ) ;
#6778 = VECTOR ( 'NONE', #8204, 39.37007874015748143 ) ;
#6779 = ORIENTED_EDGE ( 'NONE', *, *, #7711, .T. ) ;
#6780 = CARTESIAN_POINT ( 'NONE',  ( -6.036500000000001975, -4.245000000000002771, -0.7500393700787405526 ) ) ;
#6781 = CARTESIAN_POINT ( 'NONE',  ( 8.659999999999998366, 10.78500000000000014, -0.1199999999999998151 ) ) ;
#6782 = DIRECTION ( 'NONE',  ( -0.000000000000000000, -0.000000000000000000, 1.000000000000000000 ) ) ;
#6783 = ORIENTED_EDGE ( 'NONE', *, *, #7265, .T. ) ;
#6784 = DIRECTION ( 'NONE',  ( -0.000000000000000000, -1.000000000000000000, -0.000000000000000000 ) ) ;
#6785 = CARTESIAN_POINT ( 'NONE',  ( -7.098500000000003141, 2.254999999999998561, -0.06000000000000004635 ) ) ;
#6786 = ORIENTED_EDGE ( 'NONE', *, *, #6108, .F. ) ;
#6787 = AXIS2_PLACEMENT_3D ( 'NONE', #3983, #4806, #2543 ) ;
#6788 = FACE_BOUND ( 'NONE', #7225, .T. ) ;
#6789 = CARTESIAN_POINT ( 'NONE',  ( -8.475999999999999091, -10.90500000000000114, -0.05999999999999901246 ) ) ;
#6790 = AXIS2_PLACEMENT_3D ( 'NONE', #4841, #5671, #8519 ) ;
#6791 = ORIENTED_EDGE ( 'NONE', *, *, #1690, .T. ) ;
#6792 = CARTESIAN_POINT ( 'NONE',  ( -8.600000000000001421, 10.78499999999999481, -0.1199999999999999956 ) ) ;
#6793 = VECTOR ( 'NONE', #1840, 39.37007874015748143 ) ;
#6794 = AXIS2_PLACEMENT_3D ( 'NONE', #7472, #8905, #7604 ) ;
#6795 = ORIENTED_EDGE ( 'NONE', *, *, #9176, .F. ) ;
#6796 = ORIENTED_EDGE ( 'NONE', *, *, #2115, .T. ) ;
#6797 = LINE ( 'NONE', #7624, #5949 ) ;
#6798 = EDGE_CURVE ( 'NONE', #7163, #6992, #1535, .T. ) ;
#6799 = CARTESIAN_POINT ( 'NONE',  ( -7.098500000000003141, -5.745000000000000995, -0.06000000000000004635 ) ) ;
#6800 = DIRECTION ( 'NONE',  ( -1.000000000000000000, -0.000000000000000000, -0.000000000000000000 ) ) ;
#6801 = ORIENTED_EDGE ( 'NONE', *, *, #8838, .F. ) ;
#6802 = DIRECTION ( 'NONE',  ( 1.000000000000000000, 0.000000000000000000, 3.167359992654217041E-15 ) ) ;
#6803 = DIRECTION ( 'NONE',  ( -0.000000000000000000, -0.000000000000000000, 1.000000000000000000 ) ) ;
#6804 = VECTOR ( 'NONE', #4190, 39.37007874015748143 ) ;
#6805 = VECTOR ( 'NONE', #6581, 39.37007874015748143 ) ;
#6806 = CARTESIAN_POINT ( 'NONE',  ( 8.469999999999998863, 10.78499999999999837, -0.05999999999999999778 ) ) ;
#6807 = DIRECTION ( 'NONE',  ( 0.000000000000000000, -1.000000000000000000, 0.000000000000000000 ) ) ;
#6808 = ORIENTED_EDGE ( 'NONE', *, *, #1310, .T. ) ;
#6809 = LINE ( 'NONE', #2476, #2929 ) ;
#6810 = EDGE_LOOP ( 'NONE', ( #4605, #6980, #1860, #326 ) ) ;
#6811 = EDGE_CURVE ( 'NONE', #4194, #3041, #187, .T. ) ;
#6812 = VECTOR ( 'NONE', #1288, 39.37007874015748143 ) ;
#6813 = ADVANCED_FACE ( 'NONE', ( #4350 ), #2310, .F. ) ;
#6814 = EDGE_LOOP ( 'NONE', ( #6545, #3839, #7407, #5224 ) ) ;
#6815 = PLANE ( 'NONE',  #5552 ) ;
#6816 = ORIENTED_EDGE ( 'NONE', *, *, #4300, .F. ) ;
#6817 = CARTESIAN_POINT ( 'NONE',  ( -3.348500000000002697, -9.745000000000000995, 0.000000000000000000 ) ) ;
#6818 = EDGE_LOOP ( 'NONE', ( #6261, #4540, #3791, #7520 ) ) ;
#6819 = CARTESIAN_POINT ( 'NONE',  ( -3.348500000000002697, 9.754999999999999005, -0.06000000000000004635 ) ) ;
#6820 = AXIS2_PLACEMENT_3D ( 'NONE', #6183, #7636, #1275 ) ;
#6821 = DIRECTION ( 'NONE',  ( 0.000000000000000000, 0.000000000000000000, 1.000000000000000000 ) ) ;
#6822 = EDGE_LOOP ( 'NONE', ( #3842, #7013, #8164, #3430 ) ) ;
#6823 = CARTESIAN_POINT ( 'NONE',  ( -5.223500000000001364, -7.745000000000001883, -0.05999999999999999778 ) ) ;
#6824 = ADVANCED_FACE ( 'NONE', ( #5133 ), #7337, .F. ) ;
#6825 = CARTESIAN_POINT ( 'NONE',  ( 8.470000000000000639, -10.84500000000000242, -0.7500000000000003331 ) ) ;
#6826 = ADVANCED_FACE ( 'NONE', ( #8725 ), #6639, .T. ) ;
#6827 = VERTEX_POINT ( 'NONE', #7384 ) ;
#6828 = LINE ( 'NONE', #7561, #7238 ) ;
#6829 = CARTESIAN_POINT ( 'NONE',  ( -8.720000000000002416, -10.78500000000000192, -0.1199999999999996209 ) ) ;
#6830 = CARTESIAN_POINT ( 'NONE',  ( -8.720000000000004192, 5.564999999999997726, -0.4400000000000474087 ) ) ;
#6831 = ORIENTED_EDGE ( 'NONE', *, *, #2412, .T. ) ;
#6832 = CARTESIAN_POINT ( 'NONE',  ( 2.499999999999997780, 10.56499999999999773, 0.000000000000000000 ) ) ;
#6833 = ORIENTED_EDGE ( 'NONE', *, *, #4861, .F. ) ;
#6834 = EDGE_CURVE ( 'NONE', #1188, #6569, #8769, .T. ) ;
#6835 = FACE_BOUND ( 'NONE', #1065, .T. ) ;
#6836 = ORIENTED_EDGE ( 'NONE', *, *, #2814, .F. ) ;
#6837 = ORIENTED_EDGE ( 'NONE', *, *, #6214, .T. ) ;
#6838 = LINE ( 'NONE', #3428, #4941 ) ;
#6839 = ORIENTED_EDGE ( 'NONE', *, *, #8644, .F. ) ;
#6840 = CARTESIAN_POINT ( 'NONE',  ( -0.8485000000000026965, 6.254999999999999893, -0.06000000000000004635 ) ) ;
#6841 = CARTESIAN_POINT ( 'NONE',  ( -2.723500000000001808, -4.245000000000002771, -0.7500393700787405526 ) ) ;
#6842 = DIRECTION ( 'NONE',  ( 1.000000000000000000, 0.000000000000000000, 0.000000000000000000 ) ) ;
#6843 = ORIENTED_EDGE ( 'NONE', *, *, #5777, .F. ) ;
#6844 = LINE ( 'NONE', #2007, #3240 ) ;
#6845 = FACE_BOUND ( 'NONE', #2509, .T. ) ;
#6846 = EDGE_CURVE ( 'NONE', #7646, #8396, #1716, .T. ) ;
#6847 = LINE ( 'NONE', #1131, #4369 ) ;
#6848 = DIRECTION ( 'NONE',  ( -0.000000000000000000, -0.000000000000000000, 1.000000000000000000 ) ) ;
#6849 = VERTEX_POINT ( 'NONE', #6689 ) ;
#6850 = CARTESIAN_POINT ( 'NONE',  ( -0.8485000000000026965, 9.754999999999999005, 0.000000000000000000 ) ) ;
#6851 = ORIENTED_EDGE ( 'NONE', *, *, #7265, .F. ) ;
#6852 = CIRCLE ( 'NONE', #2838, 0.05200000000000001843 ) ;
#6853 = VECTOR ( 'NONE', #3952, 39.37007874015748143 ) ;
#6854 = VERTEX_POINT ( 'NONE', #4895 ) ;
#6855 = CARTESIAN_POINT ( 'NONE',  ( -1.473500000000001586, 7.754999999999997229, -0.7500393700787405526 ) ) ;
#6856 = ORIENTED_EDGE ( 'NONE', *, *, #4196, .T. ) ;
#6857 = CARTESIAN_POINT ( 'NONE',  ( 0.000000000000000000, 0.000000000000000000, 0.000000000000000000 ) ) ;
#6858 = ADVANCED_FACE ( 'NONE', ( #2458, #5283, #377, #3252, #7049, #9133, #6294, #1116, #5544, #9087, #8128, #1765, #3204, #6074, #3153, #2764, #1378, #4579, #4627, #5978, #6788, #7741, #2508, #4846, #4197, #8913, #5592, #5333, #7431, #1853, #1068, #8173, #2552, #3991, #8438, #7003, #6740, #1810, #6835, #5377, #8391, #8818, #8221, #2027, #3896, #6030, #8868, #7482, #3943, #4671, #426, #1333, #7525, #1165, #469 ), #3292, .T. ) ;
#6859 = VECTOR ( 'NONE', #498, 39.37007874015748143 ) ;
#6860 = LINE ( 'NONE', #8157, #992 ) ;
#6861 = VECTOR ( 'NONE', #5312, 39.37007874015748143 ) ;
#6862 = DIRECTION ( 'NONE',  ( 0.000000000000000000, -1.000000000000000000, 0.000000000000000000 ) ) ;
#6863 = CARTESIAN_POINT ( 'NONE',  ( -2.098500000000002697, 1.754999999999998117, -0.7500393700787405526 ) ) ;
#6864 = AXIS2_PLACEMENT_3D ( 'NONE', #3997, #3950, #8229 ) ;
#6865 = CYLINDRICAL_SURFACE ( 'NONE', #1900, 0.05200000000000001843 ) ;
#6866 = EDGE_CURVE ( 'NONE', #5485, #3476, #635, .T. ) ;
#6867 = ORIENTED_EDGE ( 'NONE', *, *, #1245, .F. ) ;
#6868 = CARTESIAN_POINT ( 'NONE',  ( -8.660000000000003695, -10.78500000000000192, -0.7500000000000002220 ) ) ;
#6869 = EDGE_CURVE ( 'NONE', #9057, #8932, #31, .T. ) ;
#6870 = DIRECTION ( 'NONE',  ( -1.604588973786717986E-31, -1.000000000000000000, 5.066013896456677632E-17 ) ) ;
#6871 = DIRECTION ( 'NONE',  ( 1.000000000000000000, 0.000000000000000000, 0.000000000000000000 ) ) ;
#6872 = FACE_OUTER_BOUND ( 'NONE', #6638, .T. ) ;
#6873 = VERTEX_POINT ( 'NONE', #162 ) ;
#6874 = CARTESIAN_POINT ( 'NONE',  ( -5.848500000000003141, -5.745000000000000995, -0.05999999999999999778 ) ) ;
#6875 = ORIENTED_EDGE ( 'NONE', *, *, #614, .F. ) ;
#6876 = EDGE_LOOP ( 'NONE', ( #6470, #2908, #890, #7685 ) ) ;
#6877 = DIRECTION ( 'NONE',  ( 0.000000000000000000, -0.000000000000000000, -1.000000000000000000 ) ) ;
#6878 = EDGE_CURVE ( 'NONE', #2677, #4651, #5764, .T. ) ;
#6879 = VECTOR ( 'NONE', #8825, 39.37007874015748143 ) ;
#6880 = ORIENTED_EDGE ( 'NONE', *, *, #6009, .T. ) ;
#6881 = CARTESIAN_POINT ( 'NONE',  ( -6.473500000000002252, -7.745000000000001883, -0.06000000000000004635 ) ) ;
#6882 = EDGE_LOOP ( 'NONE', ( #8543, #7209, #5951, #1364 ) ) ;
#6883 = EDGE_LOOP ( 'NONE', ( #4787, #321, #852, #4467 ) ) ;
#6884 = DIRECTION ( 'NONE',  ( 0.000000000000000000, -0.000000000000000000, 1.000000000000000000 ) ) ;
#6885 = FACE_OUTER_BOUND ( 'NONE', #5417, .T. ) ;
#6886 = CARTESIAN_POINT ( 'NONE',  ( -4.598500000000003141, -6.245000000000001883, -0.06000000000000004635 ) ) ;
#6887 = ORIENTED_EDGE ( 'NONE', *, *, #512, .T. ) ;
#6888 = FACE_OUTER_BOUND ( 'NONE', #1720, .T. ) ;
#6889 = FACE_BOUND ( 'NONE', #5694, .T. ) ;
#6890 = VECTOR ( 'NONE', #836, 39.37007874015748143 ) ;
#6891 = DIRECTION ( 'NONE',  ( -0.000000000000000000, -0.000000000000000000, 1.000000000000000000 ) ) ;
#6892 = DIRECTION ( 'NONE',  ( 0.000000000000000000, -1.000000000000000000, 0.000000000000000000 ) ) ;
#6893 = ORIENTED_EDGE ( 'NONE', *, *, #5064, .T. ) ;
#6894 = FACE_OUTER_BOUND ( 'NONE', #3062, .T. ) ;
#6895 = ORIENTED_EDGE ( 'NONE', *, *, #7592, .F. ) ;
#6896 = VECTOR ( 'NONE', #1626, 39.37007874015748143 ) ;
#6897 = ORIENTED_EDGE ( 'NONE', *, *, #1322, .F. ) ;
#6898 = CARTESIAN_POINT ( 'NONE',  ( -6.473500000000002252, 0.2549999999999985056, -0.06000000000000004635 ) ) ;
#6899 = EDGE_CURVE ( 'NONE', #8866, #2319, #6481, .T. ) ;
#6900 = ORIENTED_EDGE ( 'NONE', *, *, #5891, .T. ) ;
#6901 = CARTESIAN_POINT ( 'NONE',  ( -3.973500000000001808, 7.754999999999997229, 0.000000000000000000 ) ) ;
#6902 = ORIENTED_EDGE ( 'NONE', *, *, #3224, .F. ) ;
#6903 = LINE ( 'NONE', #6143, #111 ) ;
#6904 = DIRECTION ( 'NONE',  ( 0.000000000000000000, 1.000000000000000000, 0.000000000000000000 ) ) ;
#6905 = VERTEX_POINT ( 'NONE', #2134 ) ;
#6906 = ORIENTED_EDGE ( 'NONE', *, *, #1528, .T. ) ;
#6907 = LINE ( 'NONE', #3978, #2977 ) ;
#6908 = AXIS2_PLACEMENT_3D ( 'NONE', #8557, #2199, #6515 ) ;
#6909 = EDGE_CURVE ( 'NONE', #7855, #3061, #3564, .T. ) ;
#6910 = FACE_OUTER_BOUND ( 'NONE', #8595, .T. ) ;
#6911 = DIRECTION ( 'NONE',  ( -0.000000000000000000, -1.000000000000000000, -0.000000000000000000 ) ) ;
#6912 = CARTESIAN_POINT ( 'NONE',  ( -2.286500000000001975, -4.245000000000002771, -0.7500393700787405526 ) ) ;
#6913 = FACE_OUTER_BOUND ( 'NONE', #8583, .T. ) ;
#6914 = EDGE_CURVE ( 'NONE', #5291, #1783, #6044, .T. ) ;
#6915 = CARTESIAN_POINT ( 'NONE',  ( -4.786500000000001975, -3.745000000000001883, -0.7500393700787405526 ) ) ;
#6916 = ORIENTED_EDGE ( 'NONE', *, *, #2075, .F. ) ;
#6917 = PLANE ( 'NONE',  #4735 ) ;
#6918 = ORIENTED_EDGE ( 'NONE', *, *, #9076, .F. ) ;
#6919 = EDGE_CURVE ( 'NONE', #2528, #1297, #7846, .T. ) ;
#6920 = EDGE_CURVE ( 'NONE', #2015, #3360, #2179, .T. ) ;
#6921 = ORIENTED_EDGE ( 'NONE', *, *, #9079, .T. ) ;
#6922 = LINE ( 'NONE', #7791, #6170 ) ;
#6923 = CIRCLE ( 'NONE', #8254, 0.1559999999999991116 ) ;
#6924 = EDGE_LOOP ( 'NONE', ( #892, #6668, #7471, #4652 ) ) ;
#6925 = DIRECTION ( 'NONE',  ( -0.000000000000000000, -0.000000000000000000, 1.000000000000000000 ) ) ;
#6926 = ORIENTED_EDGE ( 'NONE', *, *, #5393, .T. ) ;
#6927 = ORIENTED_EDGE ( 'NONE', *, *, #3394, .F. ) ;
#6928 = DIRECTION ( 'NONE',  ( 0.000000000000000000, -1.000000000000000000, 0.000000000000000000 ) ) ;
#6929 = VECTOR ( 'NONE', #8013, 39.37007874015748143 ) ;
#6930 = EDGE_CURVE ( 'NONE', #6681, #4662, #6362, .T. ) ;
#6931 = ADVANCED_FACE ( 'NONE', ( #5607 ), #2089, .T. ) ;
#6932 = DIRECTION ( 'NONE',  ( -1.000000000000000000, 0.000000000000000000, 0.000000000000000000 ) ) ;
#6933 = DIRECTION ( 'NONE',  ( 0.000000000000000000, 0.000000000000000000, -1.000000000000000000 ) ) ;
#6934 = VERTEX_POINT ( 'NONE', #743 ) ;
#6935 = DIRECTION ( 'NONE',  ( -1.000000000000000000, 0.000000000000000000, 0.000000000000000000 ) ) ;
#6936 = DIRECTION ( 'NONE',  ( -1.000000000000000000, 0.000000000000000000, -0.000000000000000000 ) ) ;
#6937 = EDGE_CURVE ( 'NONE', #3636, #7917, #6310, .T. ) ;
#6938 = DIRECTION ( 'NONE',  ( -1.000000000000000000, 0.000000000000000000, 0.000000000000000000 ) ) ;
#6939 = VECTOR ( 'NONE', #2331, 39.37007874015748143 ) ;
#6940 = DIRECTION ( 'NONE',  ( 1.000000000000000000, 0.000000000000000000, 0.000000000000000000 ) ) ;
#6941 = VECTOR ( 'NONE', #191, 39.37007874015748143 ) ;
#6942 = ORIENTED_EDGE ( 'NONE', *, *, #3460, .F. ) ;
#6943 = LINE ( 'NONE', #5438, #1106 ) ;
#6944 = VERTEX_POINT ( 'NONE', #7800 ) ;
#6945 = ADVANCED_FACE ( 'NONE', ( #2779 ), #3521, .F. ) ;
#6946 = ORIENTED_EDGE ( 'NONE', *, *, #8644, .T. ) ;
#6947 = DIRECTION ( 'NONE',  ( 1.000000000000000000, 0.000000000000000000, 0.000000000000000000 ) ) ;
#6948 = CIRCLE ( 'NONE', #2048, 0.05200000000000001843 ) ;
#6949 = AXIS2_PLACEMENT_3D ( 'NONE', #7116, #46, #7240 ) ;
#6950 = VERTEX_POINT ( 'NONE', #8537 ) ;
#6951 = DIRECTION ( 'NONE',  ( 1.583679996327108915E-15, 3.167359992654217435E-15, -1.000000000000000000 ) ) ;
#6952 = CARTESIAN_POINT ( 'NONE',  ( -2.723500000000001808, 7.754999999999997229, -0.7500393700787405526 ) ) ;
#6953 = VERTEX_POINT ( 'NONE', #6262 ) ;
#6954 = CIRCLE ( 'NONE', #127, 0.1199999999999999123 ) ;
#6955 = AXIS2_PLACEMENT_3D ( 'NONE', #8890, #1041, #6135 ) ;
#6956 = CARTESIAN_POINT ( 'NONE',  ( -2.286500000000001975, 3.754999999999997673, -0.7500393700787405526 ) ) ;
#6957 = DIRECTION ( 'NONE',  ( 0.000000000000000000, 1.000000000000000000, 0.000000000000000000 ) ) ;
#6958 = CARTESIAN_POINT ( 'NONE',  ( -3.348500000000002697, 2.254999999999998561, -0.06000000000000004635 ) ) ;
#6959 = VECTOR ( 'NONE', #3284, 39.37007874015748143 ) ;
#6960 = ORIENTED_EDGE ( 'NONE', *, *, #1143, .T. ) ;
#6961 = LINE ( 'NONE', #6152, #407 ) ;
#6962 = CARTESIAN_POINT ( 'NONE',  ( -0.4115000000000018643, -9.745000000000002771, -0.7500393700787405526 ) ) ;
#6963 = LINE ( 'NONE', #1249, #3208 ) ;
#6964 = EDGE_CURVE ( 'NONE', #4860, #7736, #1301, .T. ) ;
#6965 = LINE ( 'NONE', #7607, #4462 ) ;
#6966 = ORIENTED_EDGE ( 'NONE', *, *, #3739, .T. ) ;
#6967 = DIRECTION ( 'NONE',  ( -1.000000000000000000, -0.000000000000000000, -0.000000000000000000 ) ) ;
#6968 = ORIENTED_EDGE ( 'NONE', *, *, #500, .T. ) ;
#6969 = ORIENTED_EDGE ( 'NONE', *, *, #2989, .T. ) ;
#6970 = DIRECTION ( 'NONE',  ( -1.000000000000000000, 0.000000000000000000, 0.000000000000000000 ) ) ;
#6971 = EDGE_CURVE ( 'NONE', #755, #491, #8495, .T. ) ;
#6972 = EDGE_CURVE ( 'NONE', #482, #4408, #1, .T. ) ;
#6973 = ORIENTED_EDGE ( 'NONE', *, *, #5944, .T. ) ;
#6974 = LINE ( 'NONE', #4774, #7769 ) ;
#6975 = ORIENTED_EDGE ( 'NONE', *, *, #525, .T. ) ;
#6976 = VERTEX_POINT ( 'NONE', #5645 ) ;
#6977 = PLANE ( 'NONE',  #8347 ) ;
#6978 = DIRECTION ( 'NONE',  ( -1.000000000000000000, 0.000000000000000000, 0.000000000000000000 ) ) ;
#6979 = LINE ( 'NONE', #6172, #3721 ) ;
#6980 = ORIENTED_EDGE ( 'NONE', *, *, #5944, .F. ) ;
#6981 = FACE_BOUND ( 'NONE', #5812, .T. ) ;
#6982 = EDGE_CURVE ( 'NONE', #1203, #8151, #5557, .T. ) ;
#6983 = ADVANCED_FACE ( 'NONE', ( #4254 ), #7708, .F. ) ;
#6984 = LINE ( 'NONE', #7678, #270 ) ;
#6985 = ORIENTED_EDGE ( 'NONE', *, *, #1339, .F. ) ;
#6986 = DIRECTION ( 'NONE',  ( 1.000000000000000000, 0.000000000000000000, 0.000000000000000000 ) ) ;
#6987 = ORIENTED_EDGE ( 'NONE', *, *, #5419, .F. ) ;
#6988 = DIRECTION ( 'NONE',  ( 0.000000000000000000, -1.000000000000000000, 0.000000000000000000 ) ) ;
#6989 = ORIENTED_EDGE ( 'NONE', *, *, #346, .F. ) ;
#6990 = LINE ( 'NONE', #1189, #1117 ) ;
#6991 = ADVANCED_FACE ( 'NONE', ( #3838, #7971, #4522, #1568, #7196 ), #3037, .T. ) ;
#6992 = VERTEX_POINT ( 'NONE', #5820 ) ;
#6993 = CYLINDRICAL_SURFACE ( 'NONE', #8190, 0.05200000000000001843 ) ;
#6994 = VERTEX_POINT ( 'NONE', #3740 ) ;
#6995 = DIRECTION ( 'NONE',  ( 0.000000000000000000, -1.000000000000000000, 0.000000000000000000 ) ) ;
#6996 = ADVANCED_FACE ( 'NONE', ( #5864 ), #5912, .F. ) ;
#6997 = LINE ( 'NONE', #537, #427 ) ;
#6998 = EDGE_CURVE ( 'NONE', #5455, #6289, #7372, .T. ) ;
#6999 = ORIENTED_EDGE ( 'NONE', *, *, #7651, .F. ) ;
#7000 = VECTOR ( 'NONE', #5745, 39.37007874015748143 ) ;
#7001 = ORIENTED_EDGE ( 'NONE', *, *, #4614, .T. ) ;
#7002 = LINE ( 'NONE', #226, #8186 ) ;
#7003 = FACE_BOUND ( 'NONE', #4541, .T. ) ;
#7004 = LINE ( 'NONE', #636, #8619 ) ;
#7005 = LINE ( 'NONE', #3461, #5307 ) ;
#7006 = VECTOR ( 'NONE', #5581, 39.37007874015748143 ) ;
#7007 = VERTEX_POINT ( 'NONE', #1616 ) ;
#7008 = CARTESIAN_POINT ( 'NONE',  ( -6.661500000000001087, -5.745000000000000995, 0.000000000000000000 ) ) ;
#7009 = CARTESIAN_POINT ( 'NONE',  ( -6.473500000000002252, -7.745000000000001883, -0.7500393700787405526 ) ) ;
#7010 = LINE ( 'NONE', #5287, #2472 ) ;
#7011 = ORIENTED_EDGE ( 'NONE', *, *, #7084, .T. ) ;
#7012 = DIRECTION ( 'NONE',  ( 0.000000000000000000, 0.000000000000000000, 1.000000000000000000 ) ) ;
#7013 = ORIENTED_EDGE ( 'NONE', *, *, #787, .T. ) ;
#7014 = AXIS2_PLACEMENT_3D ( 'NONE', #3212, #6928, #1173 ) ;
#7015 = VERTEX_POINT ( 'NONE', #4432 ) ;
#7016 = CARTESIAN_POINT ( 'NONE',  ( -5.223500000000001364, -7.745000000000001883, -0.7500393700787405526 ) ) ;
#7017 = ADVANCED_FACE ( 'NONE', ( #1526 ), #7281, .F. ) ;
#7018 = ORIENTED_EDGE ( 'NONE', *, *, #7486, .T. ) ;
#7019 = DIRECTION ( 'NONE',  ( -1.000000000000000000, -0.000000000000000000, -0.000000000000000000 ) ) ;
#7020 = AXIS2_PLACEMENT_3D ( 'NONE', #5350, #2381, #8195 ) ;
#7021 = VERTEX_POINT ( 'NONE', #3649 ) ;
#7022 = CARTESIAN_POINT ( 'NONE',  ( -7.098500000000003141, -9.745000000000000995, -0.7500393700787405526 ) ) ;
#7023 = CARTESIAN_POINT ( 'NONE',  ( -2.098500000000002697, -1.745000000000001217, 0.000000000000000000 ) ) ;
#7024 = CARTESIAN_POINT ( 'NONE',  ( 8.475999999999999091, 10.90499999999999758, -0.05999999999999901246 ) ) ;
#7025 = EDGE_CURVE ( 'NONE', #6212, #9154, #8022, .T. ) ;
#7026 = ORIENTED_EDGE ( 'NONE', *, *, #796, .T. ) ;
#7027 = FACE_BOUND ( 'NONE', #1570, .T. ) ;
#7028 = VECTOR ( 'NONE', #3940, 39.37007874015748143 ) ;
#7029 = LINE ( 'NONE', #7721, #3034 ) ;
#7030 = CARTESIAN_POINT ( 'NONE',  ( -7.098500000000003141, 1.754999999999998117, -0.7500393700787405526 ) ) ;
#7031 = ORIENTED_EDGE ( 'NONE', *, *, #8067, .T. ) ;
#7032 = LINE ( 'NONE', #4225, #7484 ) ;
#7033 = EDGE_CURVE ( 'NONE', #2677, #8084, #8620, .T. ) ;
#7034 = VERTEX_POINT ( 'NONE', #3142 ) ;
#7035 = LINE ( 'NONE', #4317, #3294 ) ;
#7036 = VECTOR ( 'NONE', #5387, 39.37007874015748143 ) ;
#7037 = DIRECTION ( 'NONE',  ( 1.000000000000000000, 0.000000000000000000, 0.000000000000000000 ) ) ;
#7038 = CARTESIAN_POINT ( 'NONE',  ( -2.098500000000002697, -6.245000000000001883, -0.06000000000000004635 ) ) ;
#7039 = EDGE_CURVE ( 'NONE', #5263, #4440, #133, .T. ) ;
#7040 = ORIENTED_EDGE ( 'NONE', *, *, #8407, .F. ) ;
#7042 = EDGE_CURVE ( 'NONE', #4957, #1192, #5966, .T. ) ;
#7041 = CARTESIAN_POINT ( 'NONE',  ( -3.348500000000002697, -6.245000000000001883, -0.06000000000000004635 ) ) ;
#7043 = CARTESIAN_POINT ( 'NONE',  ( 8.469999999999997087, 0.000000000000000000, 0.000000000000000000 ) ) ;
#7045 = AXIS2_PLACEMENT_3D ( 'NONE', #7985, #4397, #8674 ) ;
#7044 = CARTESIAN_POINT ( 'NONE',  ( -8.469999999999997087, 10.78499999999999481, -0.05999999999999901246 ) ) ;
#7046 = ORIENTED_EDGE ( 'NONE', *, *, #8605, .T. ) ;
#7047 = VERTEX_POINT ( 'NONE', #313 ) ;
#7048 = EDGE_LOOP ( 'NONE', ( #2000, #7090, #7459, #7890 ) ) ;
#7049 = FACE_BOUND ( 'NONE', #3101, .T. ) ;
#7051 = EDGE_CURVE ( 'NONE', #2802, #4724, #4479, .T. ) ;
#7050 = DIRECTION ( 'NONE',  ( -1.000000000000000000, -0.000000000000000000, -0.000000000000000000 ) ) ;
#7052 = ADVANCED_FACE ( 'NONE', ( #5776 ), #963, .F. ) ;
#7053 = LINE ( 'NONE', #6296, #3981 ) ;
#7054 = ORIENTED_EDGE ( 'NONE', *, *, #2421, .F. ) ;
#7055 = LINE ( 'NONE', #688, #1455 ) ;
#7056 = CARTESIAN_POINT ( 'NONE',  ( -4.161500000000002863, 9.754999999999999005, 0.000000000000000000 ) ) ;
#7057 = LINE ( 'NONE', #690, #6029 ) ;
#7058 = EDGE_CURVE ( 'NONE', #2813, #6210, #7925, .T. ) ;
#7059 = DIRECTION ( 'NONE',  ( -0.000000000000000000, -0.000000000000000000, 1.000000000000000000 ) ) ;
#7060 = VECTOR ( 'NONE', #3446, 39.37007874015748143 ) ;
#7061 = VERTEX_POINT ( 'NONE', #2349 ) ;
#7062 = LINE ( 'NONE', #8534, #6240 ) ;
#7063 = ORIENTED_EDGE ( 'NONE', *, *, #8335, .F. ) ;
#7064 = ORIENTED_EDGE ( 'NONE', *, *, #3650, .T. ) ;
#7065 = EDGE_CURVE ( 'NONE', #1971, #4252, #1658, .T. ) ;
#7066 = ORIENTED_EDGE ( 'NONE', *, *, #4415, .F. ) ;
#7067 = CARTESIAN_POINT ( 'NONE',  ( -0.8485000000000026965, 1.754999999999998117, -0.06000000000000004635 ) ) ;
#7068 = MECHANICAL_DESIGN_GEOMETRIC_PRESENTATION_REPRESENTATION (  '', ( #5559 ), #9134 ) ;
#7069 = CARTESIAN_POINT ( 'NONE',  ( -6.661500000000001087, 2.254999999999998561, -0.7500393700787405526 ) ) ;
#7070 = EDGE_LOOP ( 'NONE', ( #8939, #4310, #8242, #1896 ) ) ;
#7071 = VERTEX_POINT ( 'NONE', #6627 ) ;
#7072 = DIRECTION ( 'NONE',  ( 0.000000000000000000, -1.000000000000000000, 0.000000000000000000 ) ) ;
#7073 = ORIENTED_EDGE ( 'NONE', *, *, #4902, .T. ) ;
#7074 = CARTESIAN_POINT ( 'NONE',  ( -2.723500000000001808, -0.2450000000000024380, -0.7500393700787405526 ) ) ;
#7075 = CARTESIAN_POINT ( 'NONE',  ( -8.660000000000003695, 5.564999999999997726, -0.4920000000000472329 ) ) ;
#7076 = LINE ( 'NONE', #8546, #8179 ) ;
#7077 = ORIENTED_EDGE ( 'NONE', *, *, #283, .T. ) ;
#7078 = CARTESIAN_POINT ( 'NONE',  ( -2.723500000000001808, 3.754999999999997673, 0.000000000000000000 ) ) ;
#7079 = AXIS2_PLACEMENT_3D ( 'NONE', #5363, #6772, #1103 ) ;
#7080 = DIRECTION ( 'NONE',  ( -1.000000000000000000, 0.000000000000000000, 0.000000000000000000 ) ) ;
#7081 = DIRECTION ( 'NONE',  ( 1.000000000000000000, 0.000000000000000000, 0.000000000000000000 ) ) ;
#7082 = ORIENTED_EDGE ( 'NONE', *, *, #2085, .T. ) ;
#7083 = LINE ( 'NONE', #4135, #6288 ) ;
#7084 = EDGE_CURVE ( 'NONE', #5445, #1096, #269, .T. ) ;
#7085 = ORIENTED_EDGE ( 'NONE', *, *, #9051, .T. ) ;
#7086 = DIRECTION ( 'NONE',  ( -3.491481338843134539E-15, 0.000000000000000000, 1.000000000000000000 ) ) ;
#7087 = VECTOR ( 'NONE', #4210, 39.37007874015748143 ) ;
#7088 = CARTESIAN_POINT ( 'NONE',  ( -5.223500000000001364, -4.245000000000002771, -0.06000000000000004635 ) ) ;
#7089 = DIRECTION ( 'NONE',  ( 0.000000000000000000, -1.000000000000000000, 0.000000000000000000 ) ) ;
#7090 = ORIENTED_EDGE ( 'NONE', *, *, #5929, .T. ) ;
#7091 = DIRECTION ( 'NONE',  ( -1.000000000000000000, 0.000000000000000000, 0.000000000000000000 ) ) ;
#7092 = ADVANCED_FACE ( 'NONE', ( #1704 ), #5218, .F. ) ;
#7093 = VECTOR ( 'NONE', #2757, 39.37007874015748143 ) ;
#7094 = CARTESIAN_POINT ( 'NONE',  ( -4.598500000000003141, -5.745000000000000995, 0.000000000000000000 ) ) ;
#7095 = CARTESIAN_POINT ( 'NONE',  ( -7.098500000000003141, 9.754999999999999005, -0.7500393700787405526 ) ) ;
#7096 = ORIENTED_EDGE ( 'NONE', *, *, #6477, .F. ) ;
#7097 = EDGE_CURVE ( 'NONE', #8968, #5661, #271, .T. ) ;
#7098 = EDGE_CURVE ( 'NONE', #3129, #7396, #1889, .T. ) ;
#7099 = VECTOR ( 'NONE', #251, 39.37007874015748143 ) ;
#7100 = AXIS2_PLACEMENT_3D ( 'NONE', #6443, #2079, #6352 ) ;
#7101 = DIRECTION ( 'NONE',  ( -1.000000000000000000, -0.000000000000000000, -0.000000000000000000 ) ) ;
#7102 = LINE ( 'NONE', #6958, #5895 ) ;
#7103 = CARTESIAN_POINT ( 'NONE',  ( -7.098500000000003141, 6.254999999999999893, -0.7500393700787405526 ) ) ;
#7104 = VECTOR ( 'NONE', #2747, 39.37007874015748143 ) ;
#7105 = ORIENTED_EDGE ( 'NONE', *, *, #237, .F. ) ;
#7106 = CARTESIAN_POINT ( 'NONE',  ( -2.911500000000001087, 2.254999999999998561, -0.7500393700787405526 ) ) ;
#7107 = VECTOR ( 'NONE', #2227, 39.37007874015748143 ) ;
#7108 = AXIS2_PLACEMENT_3D ( 'NONE', #489, #7545, #7456 ) ;
#7109 = DIRECTION ( 'NONE',  ( -6.244223985518316914E-16, 1.000000000000000000, 0.000000000000000000 ) ) ;
#7110 = DIRECTION ( 'NONE',  ( 0.000000000000000000, 1.000000000000000000, 0.000000000000000000 ) ) ;
#7111 = EDGE_CURVE ( 'NONE', #1518, #3476, #1054, .T. ) ;
#7112 = ORIENTED_EDGE ( 'NONE', *, *, #4228, .F. ) ;
#7113 = DIRECTION ( 'NONE',  ( 0.000000000000000000, -1.000000000000000000, 0.000000000000000000 ) ) ;
#7114 = VERTEX_POINT ( 'NONE', #415 ) ;
#7115 = AXIS2_PLACEMENT_3D ( 'NONE', #6174, #5478, #1958 ) ;
#7116 = CARTESIAN_POINT ( 'NONE',  ( -4.161500000000001975, -9.745000000000002771, -0.7500393700787405526 ) ) ;
#7117 = EDGE_CURVE ( 'NONE', #9057, #7560, #3278, .T. ) ;
#7118 = PLANE ( 'NONE',  #8549 ) ;
#7119 = EDGE_LOOP ( 'NONE', ( #367, #3922, #1138, #9151 ) ) ;
#7120 = VECTOR ( 'NONE', #1562, 39.37007874015748143 ) ;
#7121 = EDGE_CURVE ( 'NONE', #5405, #8138, #1797, .T. ) ;
#7122 = ORIENTED_EDGE ( 'NONE', *, *, #6462, .T. ) ;
#7123 = CARTESIAN_POINT ( 'NONE',  ( -6.036500000000001975, 0.2549999999999985056, -0.06000000000000004635 ) ) ;
#7124 = ORIENTED_EDGE ( 'NONE', *, *, #5230, .T. ) ;
#7125 = DIRECTION ( 'NONE',  ( -0.000000000000000000, 1.000000000000000000, 0.000000000000000000 ) ) ;
#7126 = LINE ( 'NONE', #2229, #3612 ) ;
#7127 = PLANE ( 'NONE',  #5197 ) ;
#7128 = ORIENTED_EDGE ( 'NONE', *, *, #8100, .T. ) ;
#7129 = DIRECTION ( 'NONE',  ( 0.000000000000000000, -1.000000000000000000, 0.000000000000000000 ) ) ;
#7130 = ORIENTED_EDGE ( 'NONE', *, *, #8407, .T. ) ;
#7131 = DIRECTION ( 'NONE',  ( -0.000000000000000000, 0.000000000000000000, -1.000000000000000000 ) ) ;
#7132 = VERTEX_POINT ( 'NONE', #2447 ) ;
#7133 = LINE ( 'NONE', #3494, #4768 ) ;
#7134 = DIRECTION ( 'NONE',  ( -0.000000000000000000, -0.000000000000000000, 1.000000000000000000 ) ) ;
#7135 = CARTESIAN_POINT ( 'NONE',  ( -4.598500000000003141, 2.254999999999998561, -0.7500393700787405526 ) ) ;
#7136 = VERTEX_POINT ( 'NONE', #6150 ) ;
#7137 = FACE_OUTER_BOUND ( 'NONE', #1325, .T. ) ;
#7138 = EDGE_CURVE ( 'NONE', #7345, #159, #8945, .T. ) ;
#7139 = AXIS2_PLACEMENT_3D ( 'NONE', #6114, #7798, #3697 ) ;
#7140 = CARTESIAN_POINT ( 'NONE',  ( -7.098500000000003141, 9.754999999999999005, -0.06000000000000004635 ) ) ;
#7141 = PLANE ( 'NONE',  #7241 ) ;
#7142 = ORIENTED_EDGE ( 'NONE', *, *, #8297, .F. ) ;
#7143 = PLANE ( 'NONE',  #6552 ) ;
#7144 = LINE ( 'NONE', #2029, #5150 ) ;
#7145 = CARTESIAN_POINT ( 'NONE',  ( -5.848500000000003141, -1.745000000000001217, -0.06000000000000004635 ) ) ;
#7146 = EDGE_CURVE ( 'NONE', #1692, #8475, #1197, .T. ) ;
#7147 = ORIENTED_EDGE ( 'NONE', *, *, #6534, .T. ) ;
#7148 = VECTOR ( 'NONE', #1655, 39.37007874015748143 ) ;
#7149 = CARTESIAN_POINT ( 'NONE',  ( -2.723500000000001808, -7.745000000000001883, -0.7500393700787405526 ) ) ;
#7150 = AXIS2_PLACEMENT_3D ( 'NONE', #1312, #4130, #610 ) ;
#7151 = CARTESIAN_POINT ( 'NONE',  ( 8.720000000000000639, 5.564999999999997726, -0.3879999999999921290 ) ) ;
#7152 = DIRECTION ( 'NONE',  ( -0.000000000000000000, -0.000000000000000000, 1.000000000000000000 ) ) ;
#7153 = ORIENTED_EDGE ( 'NONE', *, *, #7222, .T. ) ;
#7154 = CARTESIAN_POINT ( 'NONE',  ( -5.223500000000001364, -0.2450000000000024380, -0.7500393700787405526 ) ) ;
#7155 = VECTOR ( 'NONE', #506, 39.37007874015748143 ) ;
#7156 = VECTOR ( 'NONE', #4896, 39.37007874015748143 ) ;
#7157 = DIRECTION ( 'NONE',  ( -1.000000000000000000, 0.000000000000000000, -0.000000000000000000 ) ) ;
#7158 = EDGE_CURVE ( 'NONE', #4770, #7114, #3980, .T. ) ;
#7159 = ADVANCED_FACE ( 'NONE', ( #366 ), #8855, .F. ) ;
#7160 = VECTOR ( 'NONE', #4280, 39.37007874015748143 ) ;
#7161 = EDGE_LOOP ( 'NONE', ( #1167, #672, #6733, #1094 ) ) ;
#7162 = FACE_OUTER_BOUND ( 'NONE', #4372, .T. ) ;
#7163 = VERTEX_POINT ( 'NONE', #7515 ) ;
#7164 = DIRECTION ( 'NONE',  ( -1.000000000000000000, 0.000000000000000000, 0.000000000000000000 ) ) ;
#7165 = PLANE ( 'NONE',  #8514 ) ;
#7166 = LINE ( 'NONE', #3662, #8327 ) ;
#7167 = ORIENTED_EDGE ( 'NONE', *, *, #4927, .T. ) ;
#7168 = VECTOR ( 'NONE', #6370, 39.37007874015748143 ) ;
#7169 = EDGE_CURVE ( 'NONE', #2643, #3528, #1750, .T. ) ;
#7170 = DIRECTION ( 'NONE',  ( 0.000000000000000000, -1.000000000000000000, 0.000000000000000000 ) ) ;
#7171 = EDGE_LOOP ( 'NONE', ( #2550, #1161, #2660, #2371 ) ) ;
#7172 = CARTESIAN_POINT ( 'NONE',  ( -3.348500000000002697, 9.754999999999999005, -0.7500393700787405526 ) ) ;
#7173 = ORIENTED_EDGE ( 'NONE', *, *, #4912, .F. ) ;
#7174 = CARTESIAN_POINT ( 'NONE',  ( 8.720000000000000639, 10.78500000000000014, -0.7500000000000001110 ) ) ;
#7175 = CARTESIAN_POINT ( 'NONE',  ( -6.036500000000001975, -3.745000000000001883, 0.000000000000000000 ) ) ;
#7176 = DIRECTION ( 'NONE',  ( 0.000000000000000000, 0.000000000000000000, 1.000000000000000000 ) ) ;
#7177 = ORIENTED_EDGE ( 'NONE', *, *, #8958, .F. ) ;
#7178 = LINE ( 'NONE', #4976, #778 ) ;
#7179 = CIRCLE ( 'NONE', #2133, 0.1559999999999988340 ) ;
#7180 = CARTESIAN_POINT ( 'NONE',  ( -1.661500000000000865, 2.254999999999998561, -0.06000000000000004635 ) ) ;
#7181 = FACE_OUTER_BOUND ( 'NONE', #6719, .T. ) ;
#7182 = ORIENTED_EDGE ( 'NONE', *, *, #8333, .T. ) ;
#7183 = VECTOR ( 'NONE', #7861, 39.37007874015748143 ) ;
#7184 = ORIENTED_EDGE ( 'NONE', *, *, #8133, .F. ) ;
#7185 = DIRECTION ( 'NONE',  ( 0.000000000000000000, -0.000000000000000000, 1.000000000000000000 ) ) ;
#7186 = LINE ( 'NONE', #1779, #2496 ) ;
#7187 = CARTESIAN_POINT ( 'NONE',  ( -8.470000000000002416, 10.78499999999999837, -0.05999999999999999778 ) ) ;
#7188 = EDGE_LOOP ( 'NONE', ( #6285, #680, #6479, #5259 ) ) ;
#7189 = PLANE ( 'NONE',  #5444 ) ;
#7190 = LINE ( 'NONE', #5034, #4419 ) ;
#7191 = CARTESIAN_POINT ( 'NONE',  ( 8.720000000000000639, -5.565000000000003944, -0.3879999999999921290 ) ) ;
#7192 = VERTEX_POINT ( 'NONE', #8253 ) ;
#7193 = DIRECTION ( 'NONE',  ( -0.000000000000000000, -0.000000000000000000, 1.000000000000000000 ) ) ;
#7194 = ADVANCED_FACE ( 'NONE', ( #8305 ), #7603, .F. ) ;
#7195 = EDGE_CURVE ( 'NONE', #8261, #227, #4567, .T. ) ;
#7196 = FACE_OUTER_BOUND ( 'NONE', #6282, .T. ) ;
#7197 = DIRECTION ( 'NONE',  ( -0.000000000000000000, -0.000000000000000000, 1.000000000000000000 ) ) ;
#7198 = VECTOR ( 'NONE', #5893, 39.37007874015748143 ) ;
#7199 = ORIENTED_EDGE ( 'NONE', *, *, #6716, .T. ) ;
#7200 = VERTEX_POINT ( 'NONE', #5410 ) ;
#7201 = DIRECTION ( 'NONE',  ( 0.000000000000000000, -0.000000000000000000, -1.000000000000000000 ) ) ;
#7202 = EDGE_CURVE ( 'NONE', #3480, #5746, #5321, .T. ) ;
#7203 = ORIENTED_EDGE ( 'NONE', *, *, #2312, .T. ) ;
#7204 = ADVANCED_FACE ( 'NONE', ( #4019 ), #6865, .F. ) ;
#7205 = DIRECTION ( 'NONE',  ( 0.000000000000000000, 1.000000000000000000, -3.167359992654216647E-15 ) ) ;
#7206 = DIRECTION ( 'NONE',  ( -1.000000000000000000, 0.000000000000000000, 0.000000000000000000 ) ) ;
#7207 = FACE_OUTER_BOUND ( 'NONE', #4959, .T. ) ;
#7208 = VECTOR ( 'NONE', #5347, 39.37007874015748143 ) ;
#7209 = ORIENTED_EDGE ( 'NONE', *, *, #7676, .T. ) ;
#7210 = CARTESIAN_POINT ( 'NONE',  ( -2.911500000000001087, -2.245000000000001883, -0.06000000000000004635 ) ) ;
#7211 = ORIENTED_EDGE ( 'NONE', *, *, #4024, .F. ) ;
#7212 = CARTESIAN_POINT ( 'NONE',  ( -3.750000000000002220, 10.56499999999999773, 0.000000000000000000 ) ) ;
#7213 = VERTEX_POINT ( 'NONE', #3884 ) ;
#7214 = EDGE_CURVE ( 'NONE', #8453, #7410, #4756, .T. ) ;
#7215 = ADVANCED_FACE ( 'NONE', ( #6910 ), #542, .F. ) ;
#7216 = DIRECTION ( 'NONE',  ( -0.000000000000000000, 1.000000000000000000, 0.000000000000000000 ) ) ;
#7217 = DIRECTION ( 'NONE',  ( 1.000000000000000000, 0.000000000000000000, 0.000000000000000000 ) ) ;
#7218 = PLANE ( 'NONE',  #3776 ) ;
#7219 = ORIENTED_EDGE ( 'NONE', *, *, #1130, .F. ) ;
#7220 = CARTESIAN_POINT ( 'NONE',  ( -6.036500000000001975, 4.254999999999998117, -0.06000000000000004635 ) ) ;
#7221 = VECTOR ( 'NONE', #3088, 39.37007874015748143 ) ;
#7222 = EDGE_CURVE ( 'NONE', #125, #6502, #4242, .T. ) ;
#7223 = CARTESIAN_POINT ( 'NONE',  ( -5.223500000000001364, 3.754999999999997673, 0.000000000000000000 ) ) ;
#7224 = DIRECTION ( 'NONE',  ( 0.000000000000000000, -0.000000000000000000, 1.000000000000000000 ) ) ;
#7225 = EDGE_LOOP ( 'NONE', ( #3769, #3081, #8921, #522 ) ) ;
#7226 = CARTESIAN_POINT ( 'NONE',  ( -8.720000000000004192, -6.945000000000003837, -0.4400000000000474087 ) ) ;
#7227 = EDGE_CURVE ( 'NONE', #6599, #9147, #3554, .T. ) ;
#7228 = VECTOR ( 'NONE', #4429, 39.37007874015748143 ) ;
#7229 = AXIS2_PLACEMENT_3D ( 'NONE', #8052, #298, #3121 ) ;
#7230 = ORIENTED_EDGE ( 'NONE', *, *, #5877, .F. ) ;
#7231 = CARTESIAN_POINT ( 'NONE',  ( -8.600000000000001421, -10.78500000000000192, -0.05999999999999999778 ) ) ;
#7232 = PLANE ( 'NONE',  #1008 ) ;
#7233 = CARTESIAN_POINT ( 'NONE',  ( -8.469999999999998863, -10.77899999999999991, -0.05999999999999901246 ) ) ;
#7234 = ORIENTED_EDGE ( 'NONE', *, *, #3280, .T. ) ;
#7235 = CARTESIAN_POINT ( 'NONE',  ( -4.786500000000001975, 0.2549999999999985056, -0.7500393700787405526 ) ) ;
#7236 = CARTESIAN_POINT ( 'NONE',  ( -3.973500000000001808, 7.754999999999997229, -0.7500393700787405526 ) ) ;
#7237 = DIRECTION ( 'NONE',  ( 1.000000000000000000, 0.000000000000000000, 0.000000000000000000 ) ) ;
#7238 = VECTOR ( 'NONE', #6911, 39.37007874015748143 ) ;
#7239 = DIRECTION ( 'NONE',  ( 0.000000000000000000, -1.000000000000000000, -3.491481338843133750E-15 ) ) ;
#7240 = DIRECTION ( 'NONE',  ( 3.122111992759157471E-16, 1.000000000000000000, 0.000000000000000000 ) ) ;
#7241 = AXIS2_PLACEMENT_3D ( 'NONE', #115, #1510, #7224 ) ;
#7242 = AXIS2_PLACEMENT_3D ( 'NONE', #3424, #5688, #5731 ) ;
#7243 = ADVANCED_FACE ( 'NONE', ( #7649 ), #2168, .F. ) ;
#7244 = LINE ( 'NONE', #8809, #1884 ) ;
#7245 = ORIENTED_EDGE ( 'NONE', *, *, #4755, .F. ) ;
#7246 = DIRECTION ( 'NONE',  ( -0.000000000000000000, -0.000000000000000000, 1.000000000000000000 ) ) ;
#7247 = ORIENTED_EDGE ( 'NONE', *, *, #8241, .F. ) ;
#7248 = DIRECTION ( 'NONE',  ( 0.000000000000000000, 1.000000000000000000, 0.000000000000000000 ) ) ;
#7249 = VECTOR ( 'NONE', #8652, 39.37007874015748143 ) ;
#7250 = ORIENTED_EDGE ( 'NONE', *, *, #4863, .F. ) ;
#7251 = DIRECTION ( 'NONE',  ( 1.000000000000000000, 0.000000000000000000, 0.000000000000000000 ) ) ;
#7252 = LINE ( 'NONE', #7338, #8223 ) ;
#7253 = LINE ( 'NONE', #2361, #2681 ) ;
#7254 = ORIENTED_EDGE ( 'NONE', *, *, #6556, .T. ) ;
#7255 = EDGE_CURVE ( 'NONE', #3061, #7895, #6954, .T. ) ;
#7256 = FACE_OUTER_BOUND ( 'NONE', #3906, .T. ) ;
#7257 = VERTEX_POINT ( 'NONE', #731 ) ;
#7258 = LINE ( 'NONE', #891, #3309 ) ;
#7259 = EDGE_LOOP ( 'NONE', ( #5254, #7085, #799, #1637 ) ) ;
#7260 = FACE_OUTER_BOUND ( 'NONE', #7921, .T. ) ;
#7261 = DIRECTION ( 'NONE',  ( 0.000000000000000000, 3.491481338843134539E-15, 1.000000000000000000 ) ) ;
#7262 = DIRECTION ( 'NONE',  ( -0.000000000000000000, -1.000000000000000000, -0.000000000000000000 ) ) ;
#7263 = ORIENTED_EDGE ( 'NONE', *, *, #2097, .F. ) ;
#7264 = DIRECTION ( 'NONE',  ( -0.000000000000000000, -1.000000000000000000, -0.000000000000000000 ) ) ;
#7265 = EDGE_CURVE ( 'NONE', #6953, #4630, #7144, .T. ) ;
#7266 = EDGE_CURVE ( 'NONE', #2454, #3964, #4151, .T. ) ;
#7267 = DIRECTION ( 'NONE',  ( 1.000000000000000000, 0.000000000000000000, 0.000000000000000000 ) ) ;
#7268 = PLANE ( 'NONE',  #7385 ) ;
#7269 = ORIENTED_EDGE ( 'NONE', *, *, #5712, .T. ) ;
#7270 = CARTESIAN_POINT ( 'NONE',  ( -3.750000000000002220, -10.56500000000000128, -0.06000000000000004635 ) ) ;
#7271 = ORIENTED_EDGE ( 'NONE', *, *, #3921, .T. ) ;
#7272 = ORIENTED_EDGE ( 'NONE', *, *, #7366, .F. ) ;
#7273 = CARTESIAN_POINT ( 'NONE',  ( -0.8485000000000026965, -2.245000000000001883, -0.7500393700787405526 ) ) ;
#7274 = EDGE_CURVE ( 'NONE', #1447, #7928, #7005, .T. ) ;
#7275 = ORIENTED_EDGE ( 'NONE', *, *, #2931, .F. ) ;
#7276 = CARTESIAN_POINT ( 'NONE',  ( -6.473500000000002252, -3.745000000000001883, 0.000000000000000000 ) ) ;
#7277 = CARTESIAN_POINT ( 'NONE',  ( -2.098500000000002697, -6.245000000000001883, 0.000000000000000000 ) ) ;
#7278 = CARTESIAN_POINT ( 'NONE',  ( -5.223500000000001364, -3.745000000000001883, -0.06000000000000004635 ) ) ;
#7279 = VERTEX_POINT ( 'NONE', #2124 ) ;
#7280 = DIRECTION ( 'NONE',  ( 1.000000000000000000, 0.000000000000000000, 0.000000000000000000 ) ) ;
#7281 = PLANE ( 'NONE',  #9011 ) ;
#7282 = CARTESIAN_POINT ( 'NONE',  ( -5.223500000000001364, -3.745000000000001883, 0.000000000000000000 ) ) ;
#7283 = ORIENTED_EDGE ( 'NONE', *, *, #2421, .T. ) ;
#7284 = LINE ( 'NONE', #923, #1879 ) ;
#7285 = LINE ( 'NONE', #6541, #1064 ) ;
#7286 = ORIENTED_EDGE ( 'NONE', *, *, #5271, .F. ) ;
#7287 = DIRECTION ( 'NONE',  ( 0.000000000000000000, -1.000000000000000000, 0.000000000000000000 ) ) ;
#7288 = ORIENTED_EDGE ( 'NONE', *, *, #6224, .F. ) ;
#7289 = CIRCLE ( 'NONE', #3279, 0.1559999999999988340 ) ;
#7290 = DIRECTION ( 'NONE',  ( -1.000000000000000000, 0.000000000000000000, 0.000000000000000000 ) ) ;
#7291 = CARTESIAN_POINT ( 'NONE',  ( -6.473500000000002252, -3.745000000000001883, 0.000000000000000000 ) ) ;
#7292 = DIRECTION ( 'NONE',  ( -1.000000000000000000, 5.529389153875262382E-30, -1.583679996327108915E-15 ) ) ;
#7293 = ORIENTED_EDGE ( 'NONE', *, *, #1472, .F. ) ;
#7294 = VECTOR ( 'NONE', #4666, 39.37007874015748143 ) ;
#7295 = LINE ( 'NONE', #7341, #3029 ) ;
#7296 = VERTEX_POINT ( 'NONE', #3507 ) ;
#7297 = FACE_OUTER_BOUND ( 'NONE', #7988, .T. ) ;
#7298 = ORIENTED_EDGE ( 'NONE', *, *, #8681, .F. ) ;
#7299 = CYLINDRICAL_SURFACE ( 'NONE', #4471, 0.1559999999999991116 ) ;
#7300 = EDGE_CURVE ( 'NONE', #2226, #104, #2816, .T. ) ;
#7301 = VECTOR ( 'NONE', #2844, 39.37007874015748143 ) ;
#7302 = FACE_OUTER_BOUND ( 'NONE', #2794, .T. ) ;
#7303 = FACE_OUTER_BOUND ( 'NONE', #8174, .T. ) ;
#7304 = EDGE_LOOP ( 'NONE', ( #4074, #6358, #3990, #6314 ) ) ;
#7305 = EDGE_CURVE ( 'NONE', #6203, #5632, #7053, .T. ) ;
#7306 = CARTESIAN_POINT ( 'NONE',  ( -0.8485000000000026965, 5.754999999999998117, -0.7500393700787405526 ) ) ;
#7307 = LINE ( 'NONE', #3817, #6630 ) ;
#7308 = CARTESIAN_POINT ( 'NONE',  ( -4.786500000000001975, 3.754999999999997673, -0.7500393700787405526 ) ) ;
#7309 = EDGE_LOOP ( 'NONE', ( #8738, #8031, #7398, #3805 ) ) ;
#7310 = DIRECTION ( 'NONE',  ( 1.000000000000000000, -0.000000000000000000, 3.167359992654216647E-15 ) ) ;
#7311 = EDGE_LOOP ( 'NONE', ( #654, #3746, #7813, #2308 ) ) ;
#7312 = EDGE_CURVE ( 'NONE', #431, #8080, #5593, .T. ) ;
#7313 = EDGE_CURVE ( 'NONE', #3873, #8408, #1428, .T. ) ;
#7314 = VERTEX_POINT ( 'NONE', #6348 ) ;
#7315 = PLANE ( 'NONE',  #5840 ) ;
#7316 = DIRECTION ( 'NONE',  ( 0.000000000000000000, 0.000000000000000000, 1.000000000000000000 ) ) ;
#7317 =( LENGTH_UNIT ( ) NAMED_UNIT ( * ) SI_UNIT ( $, .METRE. ) );
#7318 = EDGE_LOOP ( 'NONE', ( #8288, #7565, #7506, #302 ) ) ;
#7319 = CARTESIAN_POINT ( 'NONE',  ( -4.786500000000001975, 7.754999999999997229, -0.7500393700787405526 ) ) ;
#7321 = VECTOR ( 'NONE', #2277, 39.37007874015748143 ) ;
#7320 = DIRECTION ( 'NONE',  ( 0.000000000000000000, 0.000000000000000000, -1.000000000000000000 ) ) ;
#7322 = DIRECTION ( 'NONE',  ( 0.000000000000000000, -0.000000000000000000, -1.000000000000000000 ) ) ;
#7323 = CARTESIAN_POINT ( 'NONE',  ( -0.4115000000000008096, -5.745000000000000995, 0.000000000000000000 ) ) ;
#7324 = EDGE_CURVE ( 'NONE', #296, #6306, #2077, .T. ) ;
#7325 = EDGE_CURVE ( 'NONE', #2885, #3841, #8349, .T. ) ;
#7326 = AXIS2_PLACEMENT_3D ( 'NONE', #1311, #4681, #436 ) ;
#7327 = CARTESIAN_POINT ( 'NONE',  ( 8.475999999999999091, 10.78499999999999837, -0.06003937007874015491 ) ) ;
#7328 = DIRECTION ( 'NONE',  ( 1.000000000000000000, 0.000000000000000000, 0.000000000000000000 ) ) ;
#7329 = DIRECTION ( 'NONE',  ( 1.000000000000000000, 0.000000000000000000, -0.000000000000000000 ) ) ;
#7330 = LINE ( 'NONE', #8168, #6099 ) ;
#7331 = VECTOR ( 'NONE', #1409, 39.37007874015748143 ) ;
#7332 = VERTEX_POINT ( 'NONE', #2719 ) ;
#7333 = CARTESIAN_POINT ( 'NONE',  ( -2.723500000000001808, 4.254999999999998117, -0.06000000000000004635 ) ) ;
#7334 = DIRECTION ( 'NONE',  ( 0.000000000000000000, 0.000000000000000000, -1.000000000000000000 ) ) ;
#7335 = ORIENTED_EDGE ( 'NONE', *, *, #6016, .T. ) ;
#7336 = ADVANCED_FACE ( 'NONE', ( #4987 ), #1381, .F. ) ;
#7337 = PLANE ( 'NONE',  #8870 ) ;
#7338 = CARTESIAN_POINT ( 'NONE',  ( 8.470000000000000639, -10.90500000000000114, -0.1199999999999996209 ) ) ;
#7339 = CARTESIAN_POINT ( 'NONE',  ( -2.098500000000002697, 5.754999999999998117, 0.000000000000000000 ) ) ;
#7340 = ORIENTED_EDGE ( 'NONE', *, *, #4081, .T. ) ;
#7341 = CARTESIAN_POINT ( 'NONE',  ( -4.598500000000003141, -2.245000000000001883, 0.000000000000000000 ) ) ;
#7342 = ORIENTED_EDGE ( 'NONE', *, *, #7227, .T. ) ;
#7343 = LINE ( 'NONE', #8920, #3903 ) ;
#7344 = ORIENTED_EDGE ( 'NONE', *, *, #8956, .F. ) ;
#7345 = VERTEX_POINT ( 'NONE', #4944 ) ;
#7346 = AXIS2_PLACEMENT_3D ( 'NONE', #5628, #4933, #1547 ) ;
#7347 = CARTESIAN_POINT ( 'NONE',  ( -0.4115000000000008096, 2.254999999999998561, -0.7500393700787405526 ) ) ;
#7348 = AXIS2_PLACEMENT_3D ( 'NONE', #5836, #8730, #3755 ) ;
#7349 = DIRECTION ( 'NONE',  ( -0.000000000000000000, -0.000000000000000000, 1.000000000000000000 ) ) ;
#7350 = DIRECTION ( 'NONE',  ( 0.000000000000000000, -0.000000000000000000, 1.000000000000000000 ) ) ;
#7351 = EDGE_LOOP ( 'NONE', ( #3408, #7904, #2164, #6745 ) ) ;
#7352 = DIRECTION ( 'NONE',  ( 0.000000000000000000, -0.000000000000000000, 1.000000000000000000 ) ) ;
#7353 = EDGE_CURVE ( 'NONE', #3306, #3636, #7102, .T. ) ;
#7354 = DIRECTION ( 'NONE',  ( -1.000000000000000000, 0.000000000000000000, 0.000000000000000000 ) ) ;
#7355 = LINE ( 'NONE', #394, #1453 ) ;
#7356 = ORIENTED_EDGE ( 'NONE', *, *, #2834, .F. ) ;
#7357 = LINE ( 'NONE', #2525, #639 ) ;
#7358 = ORIENTED_EDGE ( 'NONE', *, *, #8420, .F. ) ;
#7359 = EDGE_LOOP ( 'NONE', ( #6065, #2688, #1307, #2955 ) ) ;
#7360 = ORIENTED_EDGE ( 'NONE', *, *, #8661, .T. ) ;
#7361 = LINE ( 'NONE', #3775, #2111 ) ;
#7362 = CARTESIAN_POINT ( 'NONE',  ( -3.348500000000002697, 6.254999999999999893, -0.7500393700787405526 ) ) ;
#7363 = EDGE_CURVE ( 'NONE', #1971, #563, #4108, .T. ) ;
#7364 = VERTEX_POINT ( 'NONE', #776 ) ;
#7365 = FACE_OUTER_BOUND ( 'NONE', #7706, .T. ) ;
#7366 = EDGE_CURVE ( 'NONE', #740, #2571, #6200, .T. ) ;
#7367 = CARTESIAN_POINT ( 'NONE',  ( 8.599999999999999645, -10.78500000000000192, -0.05999999999999954675 ) ) ;
#7368 = AXIS2_PLACEMENT_3D ( 'NONE', #3835, #363, #311 ) ;
#7369 = FACE_BOUND ( 'NONE', #8641, .T. ) ;
#7370 = ORIENTED_EDGE ( 'NONE', *, *, #8497, .F. ) ;
#7371 = CARTESIAN_POINT ( 'NONE',  ( 8.470000000000000639, 10.77899999999999636, -0.05999999999999999778 ) ) ;
#7372 = LINE ( 'NONE', #5123, #428 ) ;
#7373 = ADVANCED_FACE ( 'NONE', ( #592 ), #1557, .T. ) ;
#7374 = ORIENTED_EDGE ( 'NONE', *, *, #2209, .T. ) ;
#7375 = AXIS2_PLACEMENT_3D ( 'NONE', #2116, #2071, #8434 ) ;
#7376 = CARTESIAN_POINT ( 'NONE',  ( 8.470000000000000639, 10.78499999999999481, -0.1199999999999999956 ) ) ;
#7377 = EDGE_CURVE ( 'NONE', #8983, #2750, #4376, .T. ) ;
#7378 = VERTEX_POINT ( 'NONE', #5345 ) ;
#7379 = DIRECTION ( 'NONE',  ( -0.000000000000000000, -0.000000000000000000, 1.000000000000000000 ) ) ;
#7380 = ORIENTED_EDGE ( 'NONE', *, *, #3473, .F. ) ;
#7381 = CARTESIAN_POINT ( 'NONE',  ( -4.598500000000003141, 9.754999999999999005, -0.06000000000000004635 ) ) ;
#7382 = CARTESIAN_POINT ( 'NONE',  ( -1.661500000000000865, -6.245000000000001883, -0.7500393700787405526 ) ) ;
#7383 = ORIENTED_EDGE ( 'NONE', *, *, #787, .F. ) ;
#7384 = CARTESIAN_POINT ( 'NONE',  ( -8.720000000000004192, 6.944999999999996732, -0.3880000000000474181 ) ) ;
#7385 = AXIS2_PLACEMENT_3D ( 'NONE', #5109, #2243, #1598 ) ;
#7386 = ADVANCED_FACE ( 'NONE', ( #78 ), #7232, .T. ) ;
#7387 = AXIS2_PLACEMENT_3D ( 'NONE', #220, #2260, #5082 ) ;
#7388 = DIRECTION ( 'NONE',  ( 0.000000000000000000, 0.000000000000000000, -1.000000000000000000 ) ) ;
#7389 = LINE ( 'NONE', #3155, #5187 ) ;
#7390 = ORIENTED_EDGE ( 'NONE', *, *, #1827, .T. ) ;
#7391 = EDGE_CURVE ( 'NONE', #6764, #5445, #1084, .T. ) ;
#7392 = VECTOR ( 'NONE', #8293, 39.37007874015748143 ) ;
#7393 = DIRECTION ( 'NONE',  ( -0.000000000000000000, 1.000000000000000000, 0.000000000000000000 ) ) ;
#7394 = VECTOR ( 'NONE', #375, 39.37007874015748143 ) ;
#7395 = VECTOR ( 'NONE', #8693, 39.37007874015748143 ) ;
#7396 = VERTEX_POINT ( 'NONE', #2898 ) ;
#7397 = DIRECTION ( 'NONE',  ( 0.000000000000000000, -1.000000000000000000, 0.000000000000000000 ) ) ;
#7398 = ORIENTED_EDGE ( 'NONE', *, *, #5811, .F. ) ;
#7399 = CARTESIAN_POINT ( 'NONE',  ( -3.594000000000002526, 10.56499999999999773, 0.000000000000000000 ) ) ;
#7400 = DIRECTION ( 'NONE',  ( -0.000000000000000000, -0.000000000000000000, 1.000000000000000000 ) ) ;
#7401 = ORIENTED_EDGE ( 'NONE', *, *, #8472, .F. ) ;
#7402 = DIRECTION ( 'NONE',  ( -1.000000000000000000, -0.000000000000000000, -0.000000000000000000 ) ) ;
#7403 = AXIS2_PLACEMENT_3D ( 'NONE', #8753, #4610, #6014 ) ;
#7404 = DIRECTION ( 'NONE',  ( -0.000000000000000000, -0.000000000000000000, 1.000000000000000000 ) ) ;
#7405 = PLANE ( 'NONE',  #7508 ) ;
#7406 = CARTESIAN_POINT ( 'NONE',  ( -7.098500000000003141, 9.754999999999999005, -0.7500393700787405526 ) ) ;
#7407 = ORIENTED_EDGE ( 'NONE', *, *, #1299, .T. ) ;
#7408 = CARTESIAN_POINT ( 'NONE',  ( 8.659999999999998366, 10.78500000000000014, -0.1199999999999992600 ) ) ;
#7409 = ORIENTED_EDGE ( 'NONE', *, *, #1434, .T. ) ;
#7410 = VERTEX_POINT ( 'NONE', #1825 ) ;
#7411 = PRODUCT_DEFINITION ( 'UNKNOWN', '', #846, #8007 ) ;
#7412 = VERTEX_POINT ( 'NONE', #4594 ) ;
#7413 = DIRECTION ( 'NONE',  ( -0.000000000000000000, -0.000000000000000000, 1.000000000000000000 ) ) ;
#7414 = DIRECTION ( 'NONE',  ( -6.244223985518316914E-16, 1.000000000000000000, 0.000000000000000000 ) ) ;
#7415 = ORIENTED_EDGE ( 'NONE', *, *, #6846, .T. ) ;
#7416 = PLANE ( 'NONE',  #4256 ) ;
#7417 = DIRECTION ( 'NONE',  ( -0.000000000000000000, 0.000000000000000000, 1.000000000000000000 ) ) ;
#7418 = DIRECTION ( 'NONE',  ( 1.000000000000000000, 0.000000000000000000, 0.000000000000000000 ) ) ;
#7419 = CARTESIAN_POINT ( 'NONE',  ( -3.536500000000001975, 4.254999999999998117, 0.000000000000000000 ) ) ;
#7420 = ADVANCED_FACE ( 'NONE', ( #6485 ), #5071, .F. ) ;
#7421 = DIRECTION ( 'NONE',  ( -6.244223985518316914E-16, 1.000000000000000000, 0.000000000000000000 ) ) ;
#7422 = ORIENTED_EDGE ( 'NONE', *, *, #8956, .T. ) ;
#7423 = LINE ( 'NONE', #8165, #4244 ) ;
#7424 = CARTESIAN_POINT ( 'NONE',  ( -1.473500000000001586, -4.245000000000002771, -0.7500393700787405526 ) ) ;
#7425 = VERTEX_POINT ( 'NONE', #6041 ) ;
#7426 = LINE ( 'NONE', #1059, #1366 ) ;
#7427 = ORIENTED_EDGE ( 'NONE', *, *, #3848, .F. ) ;
#7428 = PLANE ( 'NONE',  #8210 ) ;
#7429 = CARTESIAN_POINT ( 'NONE',  ( -2.286500000000001975, -3.745000000000001883, -0.7500393700787405526 ) ) ;
#7430 = ORIENTED_EDGE ( 'NONE', *, *, #401, .T. ) ;
#7431 = FACE_BOUND ( 'NONE', #3246, .T. ) ;
#7432 = EDGE_CURVE ( 'NONE', #2422, #1815, #2982, .T. ) ;
#7433 = EDGE_CURVE ( 'NONE', #1260, #8455, #6439, .T. ) ;
#7434 = DIRECTION ( 'NONE',  ( 1.000000000000000000, -0.000000000000000000, 0.000000000000000000 ) ) ;
#7435 = CARTESIAN_POINT ( 'NONE',  ( -0.8485000000000026965, -6.245000000000001883, -0.06000000000000004635 ) ) ;
#7436 = EDGE_LOOP ( 'NONE', ( #1452, #5933, #7370, #4274 ) ) ;
#7437 = VECTOR ( 'NONE', #7239, 39.37007874015748143 ) ;
#7438 = CARTESIAN_POINT ( 'NONE',  ( -7.098500000000003141, -9.745000000000000995, -0.06000000000000004635 ) ) ;
#7439 = VECTOR ( 'NONE', #11, 39.37007874015748143 ) ;
#7440 = ORIENTED_EDGE ( 'NONE', *, *, #4340, .T. ) ;
#7441 = DIRECTION ( 'NONE',  ( 0.000000000000000000, -1.000000000000000000, 0.000000000000000000 ) ) ;
#7442 = ORIENTED_EDGE ( 'NONE', *, *, #6062, .F. ) ;
#7443 = ORIENTED_EDGE ( 'NONE', *, *, #5953, .F. ) ;
#7444 = LINE ( 'NONE', #2689, #1229 ) ;
#7445 = EDGE_CURVE ( 'NONE', #3658, #5093, #8568, .T. ) ;
#7446 = DIRECTION ( 'NONE',  ( 1.000000000000000000, -2.500547362621746538E-15, 0.000000000000000000 ) ) ;
#7447 = LINE ( 'NONE', #1082, #767 ) ;
#7448 = VERTEX_POINT ( 'NONE', #2212 ) ;
#7449 = DIRECTION ( 'NONE',  ( 0.000000000000000000, -1.000000000000000000, 0.000000000000000000 ) ) ;
#7450 = DIRECTION ( 'NONE',  ( -1.000000000000000000, 0.000000000000000000, 0.000000000000000000 ) ) ;
#7451 = VECTOR ( 'NONE', #7050, 39.37007874015748143 ) ;
#7452 = EDGE_CURVE ( 'NONE', #1692, #4860, #343, .T. ) ;
#7453 = FACE_OUTER_BOUND ( 'NONE', #6822, .T. ) ;
#7454 = DIRECTION ( 'NONE',  ( 0.000000000000000000, -1.000000000000000000, 0.000000000000000000 ) ) ;
#7455 = ORIENTED_EDGE ( 'NONE', *, *, #1911, .F. ) ;
#7456 = DIRECTION ( 'NONE',  ( 0.000000000000000000, 0.000000000000000000, -1.000000000000000000 ) ) ;
#7457 = AXIS2_PLACEMENT_3D ( 'NONE', #7174, #7086, #620 ) ;
#7458 = VERTEX_POINT ( 'NONE', #7494 ) ;
#7459 = ORIENTED_EDGE ( 'NONE', *, *, #1567, .T. ) ;
#7460 = CARTESIAN_POINT ( 'NONE',  ( -5.223500000000001364, 7.754999999999997229, -0.7500393700787405526 ) ) ;
#7461 = ORIENTED_EDGE ( 'NONE', *, *, #2948, .T. ) ;
#7462 = LINE ( 'NONE', #6614, #5789 ) ;
#7463 = ORIENTED_EDGE ( 'NONE', *, *, #657, .T. ) ;
#7464 = LINE ( 'NONE', #1974, #4689 ) ;
#7465 = CARTESIAN_POINT ( 'NONE',  ( -8.600000000000001421, -10.78500000000000192, -0.1199999999999999956 ) ) ;
#7466 = CARTESIAN_POINT ( 'NONE',  ( -2.098500000000002697, -5.745000000000000995, -0.06000000000000004635 ) ) ;
#7467 = VERTEX_POINT ( 'NONE', #5030 ) ;
#7468 = DIRECTION ( 'NONE',  ( -0.000000000000000000, -0.000000000000000000, 1.000000000000000000 ) ) ;
#7469 = CARTESIAN_POINT ( 'NONE',  ( -0.4115000000000008096, -2.245000000000001883, -0.7500393700787405526 ) ) ;
#7470 = AXIS2_PLACEMENT_3D ( 'NONE', #2368, #5887, #1859 ) ;
#7471 = ORIENTED_EDGE ( 'NONE', *, *, #3241, .F. ) ;
#7472 = CARTESIAN_POINT ( 'NONE',  ( -3.750000000000002220, -10.56500000000000128, -0.7500393700787405526 ) ) ;
#7473 = LINE ( 'NONE', #4572, #3684 ) ;
#7474 = ADVANCED_FACE ( 'NONE', ( #1514 ), #8143, .F. ) ;
#7475 = ORIENTED_EDGE ( 'NONE', *, *, #1770, .T. ) ;
#7476 = CARTESIAN_POINT ( 'NONE',  ( 8.660000000000001918, -6.945000000000003837, -0.4919999999999923879 ) ) ;
#7477 = ORIENTED_EDGE ( 'NONE', *, *, #2446, .T. ) ;
#7478 = LINE ( 'NONE', #7381, #14 ) ;
#7479 = DIRECTION ( 'NONE',  ( -0.000000000000000000, -0.000000000000000000, 1.000000000000000000 ) ) ;
#7480 = VERTEX_POINT ( 'NONE', #7915 ) ;
#7481 = VECTOR ( 'NONE', #850, 39.37007874015748143 ) ;
#7482 = FACE_BOUND ( 'NONE', #8215, .T. ) ;
#7483 = ORIENTED_EDGE ( 'NONE', *, *, #5800, .F. ) ;
#7484 = VECTOR ( 'NONE', #4094, 39.37007874015748143 ) ;
#7485 = EDGE_CURVE ( 'NONE', #4231, #3977, #7186, .T. ) ;
#7486 = EDGE_CURVE ( 'NONE', #617, #1284, #816, .T. ) ;
#7487 = ORIENTED_EDGE ( 'NONE', *, *, #2768, .F. ) ;
#7488 = CARTESIAN_POINT ( 'NONE',  ( -3.973500000000001808, -0.2450000000000024380, -0.06000000000000004635 ) ) ;
#7489 = ORIENTED_EDGE ( 'NONE', *, *, #6930, .F. ) ;
#7490 = LINE ( 'NONE', #1908, #5510 ) ;
#7491 = PLANE ( 'NONE',  #651 ) ;
#7492 = CARTESIAN_POINT ( 'NONE',  ( -8.720000000000004192, 5.564999999999997726, -0.4400000000000474087 ) ) ;
#7493 = ORIENTED_EDGE ( 'NONE', *, *, #6107, .T. ) ;
#7494 = CARTESIAN_POINT ( 'NONE',  ( -1.036500000000001975, 7.754999999999997229, -0.06000000000000004635 ) ) ;
#7495 = LINE ( 'NONE', #5996, #7642 ) ;
#7496 = PLANE ( 'NONE',  #6010 ) ;
#7497 = EDGE_CURVE ( 'NONE', #1633, #2145, #3911, .T. ) ;
#7498 = DIRECTION ( 'NONE',  ( 0.000000000000000000, -0.000000000000000000, -1.000000000000000000 ) ) ;
#7499 = VECTOR ( 'NONE', #1787, 39.37007874015748143 ) ;
#7500 = ORIENTED_EDGE ( 'NONE', *, *, #6971, .T. ) ;
#7501 = DIRECTION ( 'NONE',  ( -0.000000000000000000, -0.000000000000000000, 1.000000000000000000 ) ) ;
#7502 = VERTEX_POINT ( 'NONE', #2423 ) ;
#7503 = ORIENTED_EDGE ( 'NONE', *, *, #8799, .T. ) ;
#7504 = DIRECTION ( 'NONE',  ( -0.000000000000000000, 1.000000000000000000, 0.000000000000000000 ) ) ;
#7505 = EDGE_CURVE ( 'NONE', #2752, #2515, #5246, .T. ) ;
#7506 = ORIENTED_EDGE ( 'NONE', *, *, #6930, .T. ) ;
#7507 = DIRECTION ( 'NONE',  ( 1.000000000000000000, 0.000000000000000000, 0.000000000000000000 ) ) ;
#7508 = AXIS2_PLACEMENT_3D ( 'NONE', #6177, #3264, #9025 ) ;
#7509 = VERTEX_POINT ( 'NONE', #1727 ) ;
#7510 = LINE ( 'NONE', #8249, #412 ) ;
#7511 = EDGE_CURVE ( 'NONE', #758, #7034, #4545, .T. ) ;
#7512 = CARTESIAN_POINT ( 'NONE',  ( -5.848500000000003141, -5.745000000000000995, -0.7500393700787405526 ) ) ;
#7513 = ORIENTED_EDGE ( 'NONE', *, *, #8561, .T. ) ;
#7514 = CARTESIAN_POINT ( 'NONE',  ( 8.470000000000000639, 10.78499999999999481, -0.1199999999999999956 ) ) ;
#7515 = CARTESIAN_POINT ( 'NONE',  ( 8.469999999999998863, 10.90499999999999758, -0.1199999999999996209 ) ) ;
#7516 = VECTOR ( 'NONE', #1700, 39.37007874015748143 ) ;
#7517 = ORIENTED_EDGE ( 'NONE', *, *, #3018, .F. ) ;
#7518 = CARTESIAN_POINT ( 'NONE',  ( -4.598500000000003141, -1.745000000000001217, -0.7500393700787405526 ) ) ;
#7519 = CARTESIAN_POINT ( 'NONE',  ( -5.848500000000003141, 1.754999999999998117, 0.000000000000000000 ) ) ;
#7520 = ORIENTED_EDGE ( 'NONE', *, *, #1358, .F. ) ;
#7521 = CYLINDRICAL_SURFACE ( 'NONE', #1346, 0.05999999999999990757 ) ;
#7522 = DIRECTION ( 'NONE',  ( 0.000000000000000000, 0.000000000000000000, -1.000000000000000000 ) ) ;
#7523 = EDGE_LOOP ( 'NONE', ( #1230, #4304, #4359, #6031 ) ) ;
#7524 = VECTOR ( 'NONE', #6679, 39.37007874015748143 ) ;
#7525 = FACE_BOUND ( 'NONE', #5568, .T. ) ;
#7526 = EDGE_CURVE ( 'NONE', #8121, #2927, #3216, .T. ) ;
#7527 = VECTOR ( 'NONE', #1429, 39.37007874015748143 ) ;
#7528 = VERTEX_POINT ( 'NONE', #8233 ) ;
#7529 = CARTESIAN_POINT ( 'NONE',  ( -2.098500000000002697, 1.754999999999998117, 0.000000000000000000 ) ) ;
#7530 = AXIS2_PLACEMENT_3D ( 'NONE', #7406, #3768, #3122 ) ;
#7531 = VECTOR ( 'NONE', #3510, 39.37007874015748143 ) ;
#7532 = ORIENTED_EDGE ( 'NONE', *, *, #2165, .T. ) ;
#7533 = FACE_OUTER_BOUND ( 'NONE', #7309, .T. ) ;
#7534 = CARTESIAN_POINT ( 'NONE',  ( -4.161500000000001087, 5.754999999999998117, 0.000000000000000000 ) ) ;
#7535 = CARTESIAN_POINT ( 'NONE',  ( -3.536500000000001975, -3.745000000000001883, -0.06000000000000004635 ) ) ;
#7536 = EDGE_CURVE ( 'NONE', #5653, #445, #7628, .T. ) ;
#7537 = ORIENTED_EDGE ( 'NONE', *, *, #336, .T. ) ;
#7538 = DIRECTION ( 'NONE',  ( 0.000000000000000000, -1.000000000000000000, 0.000000000000000000 ) ) ;
#7539 = FACE_BOUND ( 'NONE', #2182, .T. ) ;
#7540 = VECTOR ( 'NONE', #2104, 39.37007874015748143 ) ;
#7541 = AXIS2_PLACEMENT_3D ( 'NONE', #6728, #3193, #1107 ) ;
#7542 = LINE ( 'NONE', #5480, #3489 ) ;
#7543 = DIRECTION ( 'NONE',  ( 0.000000000000000000, 0.000000000000000000, -1.000000000000000000 ) ) ;
#7544 = EDGE_LOOP ( 'NONE', ( #531, #8751, #6141, #2811 ) ) ;
#7545 = DIRECTION ( 'NONE',  ( 1.000000000000000000, -0.000000000000000000, 0.000000000000000000 ) ) ;
#7546 = ORIENTED_EDGE ( 'NONE', *, *, #2527, .T. ) ;
#7547 = ORIENTED_EDGE ( 'NONE', *, *, #1902, .T. ) ;
#7548 = DIRECTION ( 'NONE',  ( 1.000000000000000000, 0.000000000000000000, 3.167359992654217041E-15 ) ) ;
#7549 = EDGE_CURVE ( 'NONE', #7751, #5477, #5390, .T. ) ;
#7550 = ORIENTED_EDGE ( 'NONE', *, *, #6798, .F. ) ;
#7552 = ADVANCED_FACE ( 'NONE', ( #2605 ), #5430, .F. ) ;
#7551 = DIRECTION ( 'NONE',  ( 0.000000000000000000, 0.000000000000000000, 1.000000000000000000 ) ) ;
#7553 = ORIENTED_EDGE ( 'NONE', *, *, #1690, .F. ) ;
#7554 = DIRECTION ( 'NONE',  ( 0.000000000000000000, 0.000000000000000000, 1.000000000000000000 ) ) ;
#7555 = DIRECTION ( 'NONE',  ( 0.000000000000000000, 1.000000000000000000, 0.000000000000000000 ) ) ;
#7556 = ORIENTED_EDGE ( 'NONE', *, *, #6414, .T. ) ;
#7557 = DIRECTION ( 'NONE',  ( 0.000000000000000000, -0.000000000000000000, -1.000000000000000000 ) ) ;
#7558 = ADVANCED_FACE ( 'NONE', ( #1220 ), #8279, .F. ) ;
#7559 = DIRECTION ( 'NONE',  ( -1.000000000000000000, -0.000000000000000000, -0.000000000000000000 ) ) ;
#7560 = VERTEX_POINT ( 'NONE', #6222 ) ;
#7561 = CARTESIAN_POINT ( 'NONE',  ( -6.473500000000002252, -7.745000000000001883, 0.000000000000000000 ) ) ;
#7562 = CARTESIAN_POINT ( 'NONE',  ( -2.911500000000001087, 6.254999999999999893, -0.06000000000000004635 ) ) ;
#7563 = ORIENTED_EDGE ( 'NONE', *, *, #7807, .F. ) ;
#7564 = LINE ( 'NONE', #508, #2369 ) ;
#7565 = ORIENTED_EDGE ( 'NONE', *, *, #936, .T. ) ;
#7566 = ORIENTED_EDGE ( 'NONE', *, *, #7227, .F. ) ;
#7567 = VECTOR ( 'NONE', #8998, 39.37007874015748143 ) ;
#7568 = ORIENTED_EDGE ( 'NONE', *, *, #1595, .F. ) ;
#7569 = LINE ( 'NONE', #2786, #8506 ) ;
#7570 = ADVANCED_FACE ( 'NONE', ( #1865 ), #4684, .F. ) ;
#7571 = ORIENTED_EDGE ( 'NONE', *, *, #1150, .F. ) ;
#7572 = EDGE_LOOP ( 'NONE', ( #5039, #1233, #4465, #5213 ) ) ;
#7573 = PLANE ( 'NONE',  #7014 ) ;
#7574 = DIRECTION ( 'NONE',  ( -0.000000000000000000, -0.000000000000000000, 1.000000000000000000 ) ) ;
#7575 = DIRECTION ( 'NONE',  ( 1.000000000000000000, 0.000000000000000000, 3.167359992654217041E-15 ) ) ;
#7576 = ORIENTED_EDGE ( 'NONE', *, *, #2655, .F. ) ;
#7577 = CARTESIAN_POINT ( 'NONE',  ( -7.098500000000003141, 2.254999999999998561, -0.7500393700787405526 ) ) ;
#7578 = FACE_BOUND ( 'NONE', #6876, .T. ) ;
#7579 = VECTOR ( 'NONE', #9111, 39.37007874015748143 ) ;
#7580 = CARTESIAN_POINT ( 'NONE',  ( -4.161500000000001087, 2.254999999999998561, -0.06000000000000004635 ) ) ;
#7581 = DIRECTION ( 'NONE',  ( 1.000000000000000000, -0.000000000000000000, 3.167359992654216647E-15 ) ) ;
#7582 = ORIENTED_EDGE ( 'NONE', *, *, #3607, .T. ) ;
#7583 = CARTESIAN_POINT ( 'NONE',  ( -2.286500000000001975, 4.254999999999998117, -0.7500393700787405526 ) ) ;
#7584 = EDGE_CURVE ( 'NONE', #2322, #1016, #523, .T. ) ;
#7585 = ORIENTED_EDGE ( 'NONE', *, *, #213, .F. ) ;
#7586 = VECTOR ( 'NONE', #8805, 39.37007874015748143 ) ;
#7587 = VECTOR ( 'NONE', #7413, 39.37007874015748143 ) ;
#7588 = CARTESIAN_POINT ( 'NONE',  ( -2.286500000000001975, -3.745000000000001883, -0.7500393700787405526 ) ) ;
#7589 = CARTESIAN_POINT ( 'NONE',  ( -4.598500000000003141, 5.754999999999998117, -0.06000000000000004635 ) ) ;
#7590 = ORIENTED_EDGE ( 'NONE', *, *, #7598, .T. ) ;
#7591 = CARTESIAN_POINT ( 'NONE',  ( -0.8485000000000026965, -9.745000000000000995, 0.000000000000000000 ) ) ;
#7592 = EDGE_CURVE ( 'NONE', #1060, #2800, #6844, .T. ) ;
#7593 = VERTEX_POINT ( 'NONE', #1913 ) ;
#7594 = VECTOR ( 'NONE', #2545, 39.37007874015748143 ) ;
#7595 = DIRECTION ( 'NONE',  ( -1.000000000000000000, 0.000000000000000000, 0.000000000000000000 ) ) ;
#7596 = VECTOR ( 'NONE', #8459, 39.37007874015748143 ) ;
#7597 = CARTESIAN_POINT ( 'NONE',  ( -4.598500000000003141, -2.245000000000001883, -0.7500393700787405526 ) ) ;
#7598 = EDGE_CURVE ( 'NONE', #3448, #7480, #483, .T. ) ;
#7599 = ADVANCED_FACE ( 'NONE', ( #6888 ), #4827, .F. ) ;
#7600 = ORIENTED_EDGE ( 'NONE', *, *, #3473, .T. ) ;
#7601 = CARTESIAN_POINT ( 'NONE',  ( -5.223500000000001364, 4.254999999999998117, -0.7500393700787405526 ) ) ;
#7602 = VECTOR ( 'NONE', #7264, 39.37007874015748143 ) ;
#7603 = PLANE ( 'NONE',  #5141 ) ;
#7604 = DIRECTION ( 'NONE',  ( 1.000000000000000000, 0.000000000000000000, 0.000000000000000000 ) ) ;
#7605 = LINE ( 'NONE', #6962, #2348 ) ;
#7606 = PLANE ( 'NONE',  #6162 ) ;
#7607 = CARTESIAN_POINT ( 'NONE',  ( -5.848500000000003141, -1.745000000000001217, -0.7500393700787405526 ) ) ;
#7608 = ADVANCED_FACE ( 'NONE', ( #3343 ), #3955, .F. ) ;
#7609 = EDGE_CURVE ( 'NONE', #533, #4021, #4781, .T. ) ;
#7610 = EDGE_LOOP ( 'NONE', ( #137, #1323, #7553, #6773 ) ) ;
#7611 = DIRECTION ( 'NONE',  ( 1.000000000000000000, -0.000000000000000000, 0.000000000000000000 ) ) ;
#7612 = ORIENTED_EDGE ( 'NONE', *, *, #2222, .F. ) ;
#7613 = VERTEX_POINT ( 'NONE', #568 ) ;
#7614 = VECTOR ( 'NONE', #228, 39.37007874015748143 ) ;
#7615 = ORIENTED_EDGE ( 'NONE', *, *, #6646, .F. ) ;
#7616 = EDGE_CURVE ( 'NONE', #5079, #8150, #8722, .T. ) ;
#7617 = CARTESIAN_POINT ( 'NONE',  ( -8.720000000000004192, 6.944999999999996732, -0.4400000000000474087 ) ) ;
#7618 = EDGE_CURVE ( 'NONE', #5332, #8904, #3261, .T. ) ;
#7619 = AXIS2_PLACEMENT_3D ( 'NONE', #5828, #2183, #5004 ) ;
#7620 = EDGE_LOOP ( 'NONE', ( #2759, #1430, #3996, #830 ) ) ;
#7621 = DIRECTION ( 'NONE',  ( -0.000000000000000000, -0.000000000000000000, 1.000000000000000000 ) ) ;
#7622 = ORIENTED_EDGE ( 'NONE', *, *, #7661, .T. ) ;
#7623 = ORIENTED_EDGE ( 'NONE', *, *, #5042, .F. ) ;
#7624 = CARTESIAN_POINT ( 'NONE',  ( -4.786500000000001975, 0.2549999999999985056, -0.06000000000000004635 ) ) ;
#7625 = LINE ( 'NONE', #1823, #3316 ) ;
#7626 = CARTESIAN_POINT ( 'NONE',  ( 8.599999999999999645, -10.78500000000000369, -0.05999999999999954675 ) ) ;
#7627 = ORIENTED_EDGE ( 'NONE', *, *, #1822, .T. ) ;
#7628 = LINE ( 'NONE', #2694, #4862 ) ;
#7629 = FACE_BOUND ( 'NONE', #8074, .T. ) ;
#7630 = AXIS2_PLACEMENT_3D ( 'NONE', #388, #2419, #5294 ) ;
#7631 = DIRECTION ( 'NONE',  ( 1.000000000000000000, 0.000000000000000000, 0.000000000000000000 ) ) ;
#7632 = DIRECTION ( 'NONE',  ( 0.000000000000000000, 1.000000000000000000, 0.000000000000000000 ) ) ;
#7633 = ORIENTED_EDGE ( 'NONE', *, *, #1487, .F. ) ;
#7634 = CARTESIAN_POINT ( 'NONE',  ( 8.475999999999997314, -10.77899999999999991, -0.05999999999999901246 ) ) ;
#7635 = ORIENTED_EDGE ( 'NONE', *, *, #1649, .T. ) ;
#7636 = DIRECTION ( 'NONE',  ( -1.000000000000000000, 0.000000000000000000, 0.000000000000000000 ) ) ;
#7637 = CARTESIAN_POINT ( 'NONE',  ( -4.598500000000003141, 6.254999999999999893, 0.000000000000000000 ) ) ;
#7638 = CARTESIAN_POINT ( 'NONE',  ( -2.723500000000001808, -4.245000000000002771, 0.000000000000000000 ) ) ;
#7639 = ORIENTED_EDGE ( 'NONE', *, *, #3102, .F. ) ;
#7640 = DIRECTION ( 'NONE',  ( 0.000000000000000000, -0.000000000000000000, -1.000000000000000000 ) ) ;
#7641 = EDGE_CURVE ( 'NONE', #8577, #3637, #323, .T. ) ;
#7642 = VECTOR ( 'NONE', #8050, 39.37007874015748143 ) ;
#7643 = ORIENTED_EDGE ( 'NONE', *, *, #5159, .F. ) ;
#7644 = CARTESIAN_POINT ( 'NONE',  ( 8.469999999999997087, -10.78500000000000014, -0.05999999999999901246 ) ) ;
#7645 = DIRECTION ( 'NONE',  ( 1.000000000000000000, -3.122111992759157471E-16, 0.000000000000000000 ) ) ;
#7646 = VERTEX_POINT ( 'NONE', #3248 ) ;
#7647 = LINE ( 'NONE', #4800, #6408 ) ;
#7648 = VECTOR ( 'NONE', #5660, 39.37007874015748143 ) ;
#7649 = FACE_OUTER_BOUND ( 'NONE', #8375, .T. ) ;
#7650 = ADVANCED_FACE ( 'NONE', ( #1851 ), #5226, .T. ) ;
#7651 = EDGE_CURVE ( 'NONE', #760, #6194, #8126, .T. ) ;
#7652 = FACE_OUTER_BOUND ( 'NONE', #1279, .T. ) ;
#7653 = DIRECTION ( 'NONE',  ( 0.000000000000000000, 0.000000000000000000, -1.000000000000000000 ) ) ;
#7654 = CARTESIAN_POINT ( 'NONE',  ( -4.598500000000003141, -5.745000000000000995, -0.05999999999999999778 ) ) ;
#7655 = CARTESIAN_POINT ( 'NONE',  ( 8.660000000000001918, -10.78500000000000192, -0.7500000000000002220 ) ) ;
#7656 = VERTEX_POINT ( 'NONE', #2456 ) ;
#7657 = CARTESIAN_POINT ( 'NONE',  ( -2.098500000000002697, 9.754999999999999005, 0.000000000000000000 ) ) ;
#7658 = ORIENTED_EDGE ( 'NONE', *, *, #124, .T. ) ;
#7659 = VERTEX_POINT ( 'NONE', #3894 ) ;
#7660 = CARTESIAN_POINT ( 'NONE',  ( -8.719999999999998863, -10.78500000000000192, 0.000000000000000000 ) ) ;
#7661 = EDGE_CURVE ( 'NONE', #1362, #563, #5873, .T. ) ;
#7662 = EDGE_CURVE ( 'NONE', #26, #3809, #3941, .T. ) ;
#7663 = VECTOR ( 'NONE', #2675, 39.37007874015748143 ) ;
#7664 = VERTEX_POINT ( 'NONE', #971 ) ;
#7665 = LINE ( 'NONE', #6216, #5675 ) ;
#7666 = EDGE_CURVE ( 'NONE', #1500, #3873, #8720, .T. ) ;
#7667 = ORIENTED_EDGE ( 'NONE', *, *, #1132, .T. ) ;
#7668 = ORIENTED_EDGE ( 'NONE', *, *, #541, .T. ) ;
#7669 = CARTESIAN_POINT ( 'NONE',  ( -8.475999999999999091, -10.77899999999999991, -0.05999999999999901246 ) ) ;
#7670 = CIRCLE ( 'NONE', #5286, 0.05200000000000001843 ) ;
#7671 = CARTESIAN_POINT ( 'NONE',  ( -7.098500000000003141, -2.245000000000001883, 0.000000000000000000 ) ) ;
#7672 = PLANE ( 'NONE',  #7150 ) ;
#7673 = VERTEX_POINT ( 'NONE', #3151 ) ;
#7674 = CARTESIAN_POINT ( 'NONE',  ( -8.720000000000004192, -5.565000000000003944, -0.4400000000000474087 ) ) ;
#7675 = CARTESIAN_POINT ( 'NONE',  ( -0.4115000000000008096, -5.745000000000000995, 0.000000000000000000 ) ) ;
#7676 = EDGE_CURVE ( 'NONE', #2529, #4245, #6737, .T. ) ;
#7677 = AXIS2_PLACEMENT_3D ( 'NONE', #2533, #8340, #6192 ) ;
#7678 = CARTESIAN_POINT ( 'NONE',  ( -6.473500000000002252, 4.254999999999998117, -0.7500393700787405526 ) ) ;
#7679 = ORIENTED_EDGE ( 'NONE', *, *, #8625, .F. ) ;
#7680 = DIRECTION ( 'NONE',  ( 1.604588973786717986E-31, 1.000000000000000000, -5.066013896456677632E-17 ) ) ;
#7681 = ORIENTED_EDGE ( 'NONE', *, *, #6646, .T. ) ;
#7682 = ORIENTED_EDGE ( 'NONE', *, *, #8113, .T. ) ;
#7683 = CARTESIAN_POINT ( 'NONE',  ( 8.720000000000000639, -6.945000000000003837, -0.4399999999999921751 ) ) ;
#7684 = CIRCLE ( 'NONE', #7972, 0.05200000000000001843 ) ;
#7685 = ORIENTED_EDGE ( 'NONE', *, *, #8298, .F. ) ;
#7686 = VECTOR ( 'NONE', #3785, 39.37007874015748143 ) ;
#7687 = CARTESIAN_POINT ( 'NONE',  ( 8.470000000000000639, -10.90500000000000469, -0.7499999999999998890 ) ) ;
#7688 = ORIENTED_EDGE ( 'NONE', *, *, #5026, .F. ) ;
#7689 = CARTESIAN_POINT ( 'NONE',  ( -4.598500000000003141, 5.754999999999998117, -0.06000000000000004635 ) ) ;
#7690 = PLANE ( 'NONE',  #862 ) ;
#7691 = ORIENTED_EDGE ( 'NONE', *, *, #4711, .F. ) ;
#7692 = VECTOR ( 'NONE', #7402, 39.37007874015748143 ) ;
#7693 = LINE ( 'NONE', #6243, #2845 ) ;
#7694 = DIRECTION ( 'NONE',  ( -1.000000000000000000, 0.000000000000000000, -0.000000000000000000 ) ) ;
#7695 = DIRECTION ( 'NONE',  ( -0.000000000000000000, -0.000000000000000000, 1.000000000000000000 ) ) ;
#7696 = DIRECTION ( 'NONE',  ( 1.000000000000000000, 0.000000000000000000, 0.000000000000000000 ) ) ;
#7697 = VECTOR ( 'NONE', #7840, 39.37007874015748143 ) ;
#7698 = ORIENTED_EDGE ( 'NONE', *, *, #1994, .F. ) ;
#7699 = PLANE ( 'NONE',  #7100 ) ;
#7700 = DIRECTION ( 'NONE',  ( -0.000000000000000000, -0.000000000000000000, 1.000000000000000000 ) ) ;
#7701 = DIRECTION ( 'NONE',  ( -0.000000000000000000, -0.000000000000000000, 1.000000000000000000 ) ) ;
#7702 = CARTESIAN_POINT ( 'NONE',  ( 8.469999999999997087, -10.78500000000000014, -0.05999999999999901246 ) ) ;
#7703 = ORIENTED_EDGE ( 'NONE', *, *, #7829, .F. ) ;
#7704 = DIRECTION ( 'NONE',  ( -0.000000000000000000, 1.000000000000000000, 0.000000000000000000 ) ) ;
#7705 = EDGE_CURVE ( 'NONE', #8603, #7136, #4669, .T. ) ;
#7706 = EDGE_LOOP ( 'NONE', ( #5382, #3551, #5532, #7105 ) ) ;
#7707 = VERTEX_POINT ( 'NONE', #8079 ) ;
#7708 = PLANE ( 'NONE',  #6949 ) ;
#7709 = ORIENTED_EDGE ( 'NONE', *, *, #1379, .F. ) ;
#7710 = DIRECTION ( 'NONE',  ( -1.000000000000000000, -0.000000000000000000, -0.000000000000000000 ) ) ;
#7711 = EDGE_CURVE ( 'NONE', #1258, #7502, #8029, .T. ) ;
#7712 = VERTEX_POINT ( 'NONE', #5178 ) ;
#7713 = EDGE_CURVE ( 'NONE', #6663, #6992, #2637, .T. ) ;
#7714 = ORIENTED_EDGE ( 'NONE', *, *, #525, .F. ) ;
#7715 = DIRECTION ( 'NONE',  ( -0.000000000000000000, -0.000000000000000000, 1.000000000000000000 ) ) ;
#7716 = LINE ( 'NONE', #5744, #2731 ) ;
#7717 = CARTESIAN_POINT ( 'NONE',  ( 8.660000000000001918, -6.945000000000003837, -0.4399999999999923972 ) ) ;
#7718 = ORIENTED_EDGE ( 'NONE', *, *, #3827, .T. ) ;
#7719 = LINE ( 'NONE', #2565, #8822 ) ;
#7720 = AXIS2_PLACEMENT_3D ( 'NONE', #599, #7012, #9099 ) ;
#7721 = CARTESIAN_POINT ( 'NONE',  ( -2.723500000000001808, -4.245000000000002771, -0.06000000000000004635 ) ) ;
#7722 = DIRECTION ( 'NONE',  ( 0.000000000000000000, 1.000000000000000000, 0.000000000000000000 ) ) ;
#7723 = ORIENTED_EDGE ( 'NONE', *, *, #7829, .T. ) ;
#7724 = LINE ( 'NONE', #8469, #4208 ) ;
#7725 = ORIENTED_EDGE ( 'NONE', *, *, #8538, .T. ) ;
#7726 = EDGE_CURVE ( 'NONE', #4789, #5484, #4485, .T. ) ;
#7727 = PLANE ( 'NONE',  #8494 ) ;
#7728 = ORIENTED_EDGE ( 'NONE', *, *, #2393, .F. ) ;
#7729 = LINE ( 'NONE', #6185, #4659 ) ;
#7730 = ORIENTED_EDGE ( 'NONE', *, *, #3286, .T. ) ;
#7731 = CARTESIAN_POINT ( 'NONE',  ( -1.473500000000001586, -4.245000000000002771, 0.000000000000000000 ) ) ;
#7732 = EDGE_CURVE ( 'NONE', #1079, #6550, #8171, .T. ) ;
#7733 = VERTEX_POINT ( 'NONE', #229 ) ;
#7734 = DIRECTION ( 'NONE',  ( 0.000000000000000000, 1.000000000000000000, 0.000000000000000000 ) ) ;
#7735 = LINE ( 'NONE', #4939, #1747 ) ;
#7736 = VERTEX_POINT ( 'NONE', #2407 ) ;
#7737 = VECTOR ( 'NONE', #4521, 39.37007874015748143 ) ;
#7738 = VECTOR ( 'NONE', #2518, 39.37007874015748143 ) ;
#7739 = EDGE_CURVE ( 'NONE', #4773, #5429, #4577, .T. ) ;
#7740 = DIRECTION ( 'NONE',  ( -1.000000000000000000, 0.000000000000000000, 0.000000000000000000 ) ) ;
#7741 = FACE_BOUND ( 'NONE', #7837, .T. ) ;
#7742 = DIRECTION ( 'NONE',  ( 0.000000000000000000, -1.000000000000000000, 0.000000000000000000 ) ) ;
#7743 = VECTOR ( 'NONE', #1475, 39.37007874015748143 ) ;
#7744 = ORIENTED_EDGE ( 'NONE', *, *, #7452, .F. ) ;
#7745 = LINE ( 'NONE', #3558, #3228 ) ;
#7746 = DIRECTION ( 'NONE',  ( -0.000000000000000000, -1.000000000000000000, -0.000000000000000000 ) ) ;
#7747 = CARTESIAN_POINT ( 'NONE',  ( -8.469999999999998863, -10.90500000000000114, 3.474954960022483411E-14 ) ) ;
#7748 = CARTESIAN_POINT ( 'NONE',  ( -6.473500000000002252, -4.245000000000002771, -0.05999999999999999778 ) ) ;
#7749 = ORIENTED_EDGE ( 'NONE', *, *, #495, .T. ) ;
#7750 = CARTESIAN_POINT ( 'NONE',  ( -7.098500000000003141, -6.245000000000001883, -0.05999999999999999778 ) ) ;
#7751 = VERTEX_POINT ( 'NONE', #8816 ) ;
#7752 = VECTOR ( 'NONE', #5845, 39.37007874015748143 ) ;
#7753 = EDGE_CURVE ( 'NONE', #7314, #1126, #5279, .T. ) ;
#7754 = EDGE_LOOP ( 'NONE', ( #2708, #5206 ) ) ;
#7755 = EDGE_CURVE ( 'NONE', #5756, #2685, #4624, .T. ) ;
#7756 = CARTESIAN_POINT ( 'NONE',  ( 8.469999999999997087, -10.84500000000000064, -0.1199999999999998151 ) ) ;
#7757 = EDGE_LOOP ( 'NONE', ( #1574, #7064, #7537, #6290 ) ) ;
#7758 = ORIENTED_EDGE ( 'NONE', *, *, #7117, .T. ) ;
#7759 = FACE_OUTER_BOUND ( 'NONE', #5257, .T. ) ;
#7760 = CIRCLE ( 'NONE', #7020, 0.1199999999999998984 ) ;
#7761 = ORIENTED_EDGE ( 'NONE', *, *, #8688, .F. ) ;
#7762 = DIRECTION ( 'NONE',  ( -1.000000000000000000, -0.000000000000000000, -0.000000000000000000 ) ) ;
#7763 = CARTESIAN_POINT ( 'NONE',  ( -6.661500000000001087, -5.745000000000000995, -0.7500393700787405526 ) ) ;
#7764 = DIRECTION ( 'NONE',  ( 0.000000000000000000, -1.000000000000000000, 0.000000000000000000 ) ) ;
#7765 = ORIENTED_EDGE ( 'NONE', *, *, #3979, .T. ) ;
#7766 = CARTESIAN_POINT ( 'NONE',  ( -4.161500000000001087, 1.754999999999998117, -0.06000000000000004635 ) ) ;
#7767 = EDGE_CURVE ( 'NONE', #8049, #1714, #3989, .T. ) ;
#7768 = EDGE_CURVE ( 'NONE', #4916, #4773, #3793, .T. ) ;
#7769 = VECTOR ( 'NONE', #5422, 39.37007874015748143 ) ;
#7770 = CARTESIAN_POINT ( 'NONE',  ( 8.475999999999997314, -10.77899999999999991, -0.000000000000000000 ) ) ;
#7771 = LINE ( 'NONE', #7978, #9174 ) ;
#7772 = ORIENTED_EDGE ( 'NONE', *, *, #5145, .T. ) ;
#7773 = DIRECTION ( 'NONE',  ( -0.000000000000000000, -0.000000000000000000, 1.000000000000000000 ) ) ;
#7774 = ORIENTED_EDGE ( 'NONE', *, *, #3263, .T. ) ;
#7775 = DIRECTION ( 'NONE',  ( 0.000000000000000000, 0.000000000000000000, 1.000000000000000000 ) ) ;
#7776 = VECTOR ( 'NONE', #6602, 39.37007874015748143 ) ;
#7777 = DIRECTION ( 'NONE',  ( 1.000000000000000000, 0.000000000000000000, 0.000000000000000000 ) ) ;
#7778 = LINE ( 'NONE', #4973, #4513 ) ;
#7779 = ORIENTED_EDGE ( 'NONE', *, *, #8895, .F. ) ;
#7780 = FACE_OUTER_BOUND ( 'NONE', #1042, .T. ) ;
#7781 = ADVANCED_FACE ( 'NONE', ( #4195 ), #681, .F. ) ;
#7782 = ORIENTED_EDGE ( 'NONE', *, *, #7536, .F. ) ;
#7783 = CARTESIAN_POINT ( 'NONE',  ( -8.720000000000004192, -5.565000000000003944, -0.4400000000000474087 ) ) ;
#7785 = VECTOR ( 'NONE', #7808, 39.37007874015748143 ) ;
#7784 = CARTESIAN_POINT ( 'NONE',  ( -8.470000000000002416, 10.84499999999999886, -0.7500000000000002220 ) ) ;
#7786 = VERTEX_POINT ( 'NONE', #4096 ) ;
#7787 = ORIENTED_EDGE ( 'NONE', *, *, #8688, .T. ) ;
#7788 = EDGE_CURVE ( 'NONE', #7061, #4678, #8166, .T. ) ;
#7789 = DIRECTION ( 'NONE',  ( -1.000000000000000000, 0.000000000000000000, -0.000000000000000000 ) ) ;
#7790 = DIRECTION ( 'NONE',  ( 1.000000000000000000, 0.000000000000000000, 0.000000000000000000 ) ) ;
#7791 = CARTESIAN_POINT ( 'NONE',  ( -8.469999999999997087, 10.77899999999999636, -0.05999999999999901246 ) ) ;
#7792 = EDGE_CURVE ( 'NONE', #2507, #1156, #8258, .T. ) ;
#7793 = ORIENTED_EDGE ( 'NONE', *, *, #2412, .F. ) ;
#7794 = CARTESIAN_POINT ( 'NONE',  ( -1.661500000000003086, 9.754999999999999005, -0.7500393700787405526 ) ) ;
#7795 = CARTESIAN_POINT ( 'NONE',  ( -2.911500000000001087, 1.754999999999998117, -0.7500393700787405526 ) ) ;
#7796 = AXIS2_PLACEMENT_3D ( 'NONE', #5020, #8474, #6334 ) ;
#7797 = ORIENTED_EDGE ( 'NONE', *, *, #13, .T. ) ;
#7798 = DIRECTION ( 'NONE',  ( -1.000000000000000000, 0.000000000000000000, -3.167359992654216647E-15 ) ) ;
#7799 = EDGE_LOOP ( 'NONE', ( #7550, #8410, #8456, #3200 ) ) ;
#7800 = CARTESIAN_POINT ( 'NONE',  ( -8.720000000000004192, -6.945000000000003837, -0.4920000000000474549 ) ) ;
#7801 = LINE ( 'NONE', #2950, #6325 ) ;
#7802 = ORIENTED_EDGE ( 'NONE', *, *, #7486, .F. ) ;
#7803 = EDGE_LOOP ( 'NONE', ( #6525, #5267, #4607, #8836 ) ) ;
#7804 = DIRECTION ( 'NONE',  ( 1.401298464324817382E-45, -1.000000000000000000, -3.491481338843133750E-15 ) ) ;
#7805 = ORIENTED_EDGE ( 'NONE', *, *, #8553, .F. ) ;
#7806 = CARTESIAN_POINT ( 'NONE',  ( -5.223500000000001364, 0.2549999999999985056, -0.7500393700787405526 ) ) ;
#7807 = EDGE_CURVE ( 'NONE', #6304, #4384, #3888, .T. ) ;
#7808 = DIRECTION ( 'NONE',  ( -0.000000000000000000, -0.000000000000000000, 1.000000000000000000 ) ) ;
#7809 = DIRECTION ( 'NONE',  ( -1.000000000000000000, 0.000000000000000000, 0.000000000000000000 ) ) ;
#7810 = ORIENTED_EDGE ( 'NONE', *, *, #6556, .F. ) ;
#7811 = AXIS2_PLACEMENT_3D ( 'NONE', #547, #8823, #3417 ) ;
#7812 = LINE ( 'NONE', #2009, #5107 ) ;
#7813 = ORIENTED_EDGE ( 'NONE', *, *, #795, .F. ) ;
#7814 = DIRECTION ( 'NONE',  ( 1.000000000000000000, 0.000000000000000000, -0.000000000000000000 ) ) ;
#7815 = VECTOR ( 'NONE', #260, 39.37007874015748143 ) ;
#7816 = VERTEX_POINT ( 'NONE', #463 ) ;
#7817 = CARTESIAN_POINT ( 'NONE',  ( -2.723500000000001808, -3.745000000000001883, -0.05999999999999999778 ) ) ;
#7818 = EDGE_CURVE ( 'NONE', #2800, #6663, #1013, .T. ) ;
#7819 = VECTOR ( 'NONE', #4571, 39.37007874015748143 ) ;
#7820 = LINE ( 'NONE', #1546, #7481 ) ;
#7821 = CARTESIAN_POINT ( 'NONE',  ( -6.036500000000001975, -7.745000000000001883, -0.06000000000000004635 ) ) ;
#7822 = VERTEX_POINT ( 'NONE', #4619 ) ;
#7823 = CARTESIAN_POINT ( 'NONE',  ( -4.598500000000003141, -6.245000000000001883, 0.000000000000000000 ) ) ;
#7824 = VECTOR ( 'NONE', #3187, 39.37007874015748143 ) ;
#7825 = LINE ( 'NONE', #1469, #9158 ) ;
#7826 = LINE ( 'NONE', #4326, #1890 ) ;
#7827 = EDGE_LOOP ( 'NONE', ( #8498, #8767 ) ) ;
#7828 = VECTOR ( 'NONE', #2441, 39.37007874015748143 ) ;
#7829 = EDGE_CURVE ( 'NONE', #8108, #4747, #1894, .T. ) ;
#7830 = VECTOR ( 'NONE', #7964, 39.37007874015748143 ) ;
#7831 = AXIS2_PLACEMENT_3D ( 'NONE', #6450, #1345, #4298 ) ;
#7832 = EDGE_CURVE ( 'NONE', #4956, #305, #5326, .T. ) ;
#7833 = LINE ( 'NONE', #1606, #4609 ) ;
#7834 = DIRECTION ( 'NONE',  ( 0.000000000000000000, -1.000000000000000000, 0.000000000000000000 ) ) ;
#7835 = DIRECTION ( 'NONE',  ( 0.000000000000000000, 0.000000000000000000, -1.000000000000000000 ) ) ;
#7836 = VECTOR ( 'NONE', #4179, 39.37007874015748143 ) ;
#7837 = EDGE_LOOP ( 'NONE', ( #8975, #254, #7018, #8997 ) ) ;
#7838 = DIRECTION ( 'NONE',  ( 1.000000000000000000, -3.122111992759157471E-16, 0.000000000000000000 ) ) ;
#7839 = VECTOR ( 'NONE', #7449, 39.37007874015748143 ) ;
#7840 = DIRECTION ( 'NONE',  ( 0.000000000000000000, 0.000000000000000000, 1.000000000000000000 ) ) ;
#7841 = CARTESIAN_POINT ( 'NONE',  ( 2.499999999999997780, -10.56500000000000128, -0.06000000000000004635 ) ) ;
#7842 = ORIENTED_EDGE ( 'NONE', *, *, #8538, .F. ) ;
#7843 = CARTESIAN_POINT ( 'NONE',  ( -3.348500000000002697, 5.754999999999998117, 0.000000000000000000 ) ) ;
#7844 = EDGE_CURVE ( 'NONE', #2582, #1183, #4664, .T. ) ;
#7845 = VECTOR ( 'NONE', #1699, 39.37007874015748143 ) ;
#7846 = LINE ( 'NONE', #2042, #8130 ) ;
#7847 = CARTESIAN_POINT ( 'NONE',  ( -1.661500000000000865, 1.754999999999998117, -0.7500393700787405526 ) ) ;
#7848 = EDGE_LOOP ( 'NONE', ( #8299, #7340, #1134, #7744 ) ) ;
#7849 = ORIENTED_EDGE ( 'NONE', *, *, #2273, .T. ) ;
#7850 = PLANE ( 'NONE',  #8946 ) ;
#7851 = VERTEX_POINT ( 'NONE', #420 ) ;
#7852 = LINE ( 'NONE', #7074, #4325 ) ;
#7853 = LINE ( 'NONE', #2143, #8803 ) ;
#7854 = FACE_OUTER_BOUND ( 'NONE', #6284, .T. ) ;
#7855 = VERTEX_POINT ( 'NONE', #3145 ) ;
#7856 = LINE ( 'NONE', #1497, #1956 ) ;
#7857 = ORIENTED_EDGE ( 'NONE', *, *, #7896, .T. ) ;
#7858 = DIRECTION ( 'NONE',  ( 0.000000000000000000, -1.000000000000000000, 0.000000000000000000 ) ) ;
#7859 = ORIENTED_EDGE ( 'NONE', *, *, #1118, .F. ) ;
#7860 = CARTESIAN_POINT ( 'NONE',  ( -3.973500000000001808, 0.2549999999999985056, 0.000000000000000000 ) ) ;
#7861 = DIRECTION ( 'NONE',  ( -0.000000000000000000, 1.000000000000000000, 0.000000000000000000 ) ) ;
#7862 = CARTESIAN_POINT ( 'NONE',  ( -4.598500000000003141, 9.754999999999999005, -0.7500393700787405526 ) ) ;
#7863 = ORIENTED_EDGE ( 'NONE', *, *, #9006, .F. ) ;
#7864 = DIRECTION ( 'NONE',  ( -0.000000000000000000, 1.000000000000000000, 0.000000000000000000 ) ) ;
#7865 = ADVANCED_FACE ( 'NONE', ( #8213 ), #5970, .F. ) ;
#7866 = FACE_OUTER_BOUND ( 'NONE', #4157, .T. ) ;
#7867 = CARTESIAN_POINT ( 'NONE',  ( -8.660000000000003695, 5.564999999999997726, -0.4400000000000471867 ) ) ;
#7868 = EDGE_LOOP ( 'NONE', ( #4180, #7487 ) ) ;
#7869 = VERTEX_POINT ( 'NONE', #8120 ) ;
#7870 = LINE ( 'NONE', #32, #327 ) ;
#7871 = DIRECTION ( 'NONE',  ( 1.000000000000000000, 0.000000000000000000, 0.000000000000000000 ) ) ;
#7872 = LINE ( 'NONE', #5468, #9159 ) ;
#7873 = EDGE_CURVE ( 'NONE', #6194, #3215, #7473, .T. ) ;
#7874 = ORIENTED_EDGE ( 'NONE', *, *, #7255, .F. ) ;
#7875 = DIRECTION ( 'NONE',  ( 0.000000000000000000, -1.000000000000000000, 0.000000000000000000 ) ) ;
#7876 = ADVANCED_FACE ( 'NONE', ( #1058 ), #6732, .F. ) ;
#7877 = AXIS2_PLACEMENT_3D ( 'NONE', #5567, #7575, #6933 ) ;
#7878 = DIRECTION ( 'NONE',  ( -0.000000000000000000, -0.000000000000000000, 1.000000000000000000 ) ) ;
#7879 = DIRECTION ( 'NONE',  ( -0.000000000000000000, -0.000000000000000000, 1.000000000000000000 ) ) ;
#7880 = ORIENTED_EDGE ( 'NONE', *, *, #1474, .F. ) ;
#7881 = CARTESIAN_POINT ( 'NONE',  ( -5.223500000000001364, 7.754999999999997229, -0.06000000000000004635 ) ) ;
#7882 = VECTOR ( 'NONE', #4147, 39.37007874015748143 ) ;
#7883 = AXIS2_PLACEMENT_3D ( 'NONE', #6347, #7789, #9182 ) ;
#7884 = DIRECTION ( 'NONE',  ( -1.000000000000000000, 0.000000000000000000, -3.167359992654216647E-15 ) ) ;
#7885 = FACE_OUTER_BOUND ( 'NONE', #7572, .T. ) ;
#7886 = ADVANCED_FACE ( 'NONE', ( #3244 ), #3936, .F. ) ;
#7887 = CIRCLE ( 'NONE', #6420, 0.05200000000000001843 ) ;
#7888 = ORIENTED_EDGE ( 'NONE', *, *, #6964, .T. ) ;
#7889 = LINE ( 'NONE', #5781, #6435 ) ;
#7890 = ORIENTED_EDGE ( 'NONE', *, *, #8906, .F. ) ;
#7891 = CARTESIAN_POINT ( 'NONE',  ( -2.098500000000002697, -9.745000000000000995, -0.7500393700787405526 ) ) ;
#7892 = EDGE_CURVE ( 'NONE', #3025, #7279, #1159, .T. ) ;
#7893 = DIRECTION ( 'NONE',  ( -0.000000000000000000, -0.000000000000000000, 1.000000000000000000 ) ) ;
#7894 = DIRECTION ( 'NONE',  ( 0.000000000000000000, 1.000000000000000000, 0.000000000000000000 ) ) ;
#7895 = VERTEX_POINT ( 'NONE', #6829 ) ;
#7896 = EDGE_CURVE ( 'NONE', #5104, #2896, #8949, .T. ) ;
#7897 = PLANE ( 'NONE',  #7348 ) ;
#7898 = EDGE_LOOP ( 'NONE', ( #982, #3410, #2430, #1592 ) ) ;
#7899 = CARTESIAN_POINT ( 'NONE',  ( -6.473500000000002252, 7.754999999999997229, -0.7500393700787405526 ) ) ;
#7900 = ORIENTED_EDGE ( 'NONE', *, *, #5582, .F. ) ;
#7901 = DIRECTION ( 'NONE',  ( 0.000000000000000000, -0.000000000000000000, 1.000000000000000000 ) ) ;
#7902 = DIRECTION ( 'NONE',  ( -0.000000000000000000, -0.000000000000000000, 1.000000000000000000 ) ) ;
#7903 = CARTESIAN_POINT ( 'NONE',  ( 8.720000000000000639, -10.78500000000000192, -0.05999999999999999778 ) ) ;
#7904 = ORIENTED_EDGE ( 'NONE', *, *, #8653, .T. ) ;
#7905 = LINE ( 'NONE', #6563, #6404 ) ;
#7906 = VECTOR ( 'NONE', #7441, 39.37007874015748143 ) ;
#7907 = DIRECTION ( 'NONE',  ( -0.000000000000000000, 1.000000000000000000, -0.000000000000000000 ) ) ;
#7908 = CARTESIAN_POINT ( 'NONE',  ( 8.720000000000000639, 5.564999999999997726, -0.4399999999999921751 ) ) ;
#7909 = ORIENTED_EDGE ( 'NONE', *, *, #3889, .F. ) ;
#7910 = CARTESIAN_POINT ( 'NONE',  ( -5.848500000000003141, -9.745000000000000995, -0.06000000000000004635 ) ) ;
#7911 = VECTOR ( 'NONE', #7777, 39.37007874015748143 ) ;
#7912 = ADVANCED_FACE ( 'NONE', ( #1291 ), #9094, .F. ) ;
#7913 = ORIENTED_EDGE ( 'NONE', *, *, #4228, .T. ) ;
#7914 = CARTESIAN_POINT ( 'NONE',  ( -0.8485000000000026965, -6.245000000000001883, 0.000000000000000000 ) ) ;
#7915 = CARTESIAN_POINT ( 'NONE',  ( -6.473500000000002252, 4.254999999999998117, 0.000000000000000000 ) ) ;
#7916 = DIRECTION ( 'NONE',  ( 1.000000000000000000, -0.000000000000000000, 3.167359992654216647E-15 ) ) ;
#7917 = VERTEX_POINT ( 'NONE', #1936 ) ;
#7918 = DIRECTION ( 'NONE',  ( -0.000000000000000000, -0.000000000000000000, 1.000000000000000000 ) ) ;
#7919 = DIRECTION ( 'NONE',  ( -1.000000000000000000, 0.000000000000000000, 0.000000000000000000 ) ) ;
#7920 = DIRECTION ( 'NONE',  ( -0.000000000000000000, -0.000000000000000000, 1.000000000000000000 ) ) ;
#7921 = EDGE_LOOP ( 'NONE', ( #252, #1091, #2873, #6666 ) ) ;
#7922 = DIRECTION ( 'NONE',  ( 0.000000000000000000, 0.000000000000000000, 1.000000000000000000 ) ) ;
#7923 = AXIS2_PLACEMENT_3D ( 'NONE', #8424, #1228, #4048 ) ;
#7924 = ADVANCED_FACE ( 'NONE', ( #5637 ), #546, .F. ) ;
#7925 = LINE ( 'NONE', #8711, #4257 ) ;
#7926 = PLANE ( 'NONE',  #1581 ) ;
#7927 = VECTOR ( 'NONE', #6947, 39.37007874015748143 ) ;
#7928 = VERTEX_POINT ( 'NONE', #4855 ) ;
#7929 = ORIENTED_EDGE ( 'NONE', *, *, #6686, .F. ) ;
#7930 = DIRECTION ( 'NONE',  ( 3.122111992759157471E-16, 1.000000000000000000, 0.000000000000000000 ) ) ;
#7931 = ORIENTED_EDGE ( 'NONE', *, *, #3715, .T. ) ;
#7932 = CARTESIAN_POINT ( 'NONE',  ( -8.469999999999998863, -10.84500000000000064, -0.1199999999999998151 ) ) ;
#7933 = EDGE_CURVE ( 'NONE', #4773, #1934, #641, .T. ) ;
#7934 = EDGE_CURVE ( 'NONE', #2046, #3108, #3559, .T. ) ;
#7935 = CARTESIAN_POINT ( 'NONE',  ( 8.599999999999999645, 10.78499999999999837, 0.000000000000000000 ) ) ;
#7936 = DIRECTION ( 'NONE',  ( -1.000000000000000000, 0.000000000000000000, 0.000000000000000000 ) ) ;
#7937 = VECTOR ( 'NONE', #486, 39.37007874015748143 ) ;
#7938 = ORIENTED_EDGE ( 'NONE', *, *, #711, .F. ) ;
#7939 = EDGE_CURVE ( 'NONE', #3637, #6535, #2771, .T. ) ;
#7940 = DIRECTION ( 'NONE',  ( -1.000000000000000000, 0.000000000000000000, 0.000000000000000000 ) ) ;
#7941 = VERTEX_POINT ( 'NONE', #3465 ) ;
#7942 = DIRECTION ( 'NONE',  ( 1.000000000000000000, 0.000000000000000000, 0.000000000000000000 ) ) ;
#7943 = ORIENTED_EDGE ( 'NONE', *, *, #4998, .T. ) ;
#7944 = CARTESIAN_POINT ( 'NONE',  ( -1.473500000000001586, 7.754999999999997229, -0.06000000000000004635 ) ) ;
#7945 = EDGE_CURVE ( 'NONE', #4575, #3532, #7605, .T. ) ;
#7946 = CARTESIAN_POINT ( 'NONE',  ( -7.098500000000003141, 9.754999999999999005, -0.7500393700787405526 ) ) ;
#7947 = VECTOR ( 'NONE', #5013, 39.37007874015748143 ) ;
#7948 = DIRECTION ( 'NONE',  ( 0.000000000000000000, -0.000000000000000000, -1.000000000000000000 ) ) ;
#7949 = ORIENTED_EDGE ( 'NONE', *, *, #7146, .F. ) ;
#7950 = DIRECTION ( 'NONE',  ( 1.000000000000000000, 0.000000000000000000, 0.000000000000000000 ) ) ;
#7951 = VECTOR ( 'NONE', #8496, 39.37007874015748143 ) ;
#7952 = DIRECTION ( 'NONE',  ( -1.000000000000000000, 0.000000000000000000, 0.000000000000000000 ) ) ;
#7953 = DIRECTION ( 'NONE',  ( -0.000000000000000000, -0.000000000000000000, 1.000000000000000000 ) ) ;
#7954 = ORIENTED_EDGE ( 'NONE', *, *, #7121, .T. ) ;
#7955 = LINE ( 'NONE', #1600, #4556 ) ;
#7956 = ORIENTED_EDGE ( 'NONE', *, *, #1247, .F. ) ;
#7957 = AXIS2_PLACEMENT_3D ( 'NONE', #5172, #273, #316 ) ;
#7958 = VECTOR ( 'NONE', #3973, 39.37007874015748143 ) ;
#7959 = EDGE_LOOP ( 'NONE', ( #8449, #7011, #7040, #4167 ) ) ;
#7960 = VECTOR ( 'NONE', #8106, 39.37007874015748143 ) ;
#7961 = DIRECTION ( 'NONE',  ( 0.000000000000000000, -0.000000000000000000, 1.000000000000000000 ) ) ;
#7962 = CARTESIAN_POINT ( 'NONE',  ( -3.348500000000002697, 9.754999999999999005, 0.000000000000000000 ) ) ;
#7963 = ORIENTED_EDGE ( 'NONE', *, *, #1832, .F. ) ;
#7964 = DIRECTION ( 'NONE',  ( -0.000000000000000000, -0.000000000000000000, 1.000000000000000000 ) ) ;
#7965 = DIRECTION ( 'NONE',  ( -1.000000000000000000, -0.000000000000000000, -0.000000000000000000 ) ) ;
#7966 = CARTESIAN_POINT ( 'NONE',  ( -2.911500000000001087, 1.754999999999998117, 0.000000000000000000 ) ) ;
#7967 = ADVANCED_FACE ( 'NONE', ( #39 ), #6205, .F. ) ;
#7968 = VECTOR ( 'NONE', #3635, 39.37007874015748143 ) ;
#7969 = ORIENTED_EDGE ( 'NONE', *, *, #3286, .F. ) ;
#7970 = FACE_OUTER_BOUND ( 'NONE', #1370, .T. ) ;
#7971 = FACE_BOUND ( 'NONE', #2184, .T. ) ;
#7972 = AXIS2_PLACEMENT_3D ( 'NONE', #7908, #8521, #3550 ) ;
#7973 = ADVANCED_FACE ( 'NONE', ( #8487 ), #6253, .F. ) ;
#7974 = VECTOR ( 'NONE', #2585, 39.37007874015748143 ) ;
#7975 = CARTESIAN_POINT ( 'NONE',  ( -6.473500000000002252, 7.754999999999997229, 0.000000000000000000 ) ) ;
#7976 = EDGE_CURVE ( 'NONE', #9102, #5190, #1337, .T. ) ;
#7977 = ORIENTED_EDGE ( 'NONE', *, *, #8345, .T. ) ;
#7978 = CARTESIAN_POINT ( 'NONE',  ( -3.973500000000001808, -4.245000000000002771, 0.000000000000000000 ) ) ;
#7979 = CARTESIAN_POINT ( 'NONE',  ( -7.098500000000003141, -2.245000000000001883, -0.05999999999999999778 ) ) ;
#7980 = ORIENTED_EDGE ( 'NONE', *, *, #2648, .T. ) ;
#7981 = CARTESIAN_POINT ( 'NONE',  ( -2.723500000000001808, -3.745000000000001883, 0.000000000000000000 ) ) ;
#7982 = VECTOR ( 'NONE', #7834, 39.37007874015748143 ) ;
#7983 = ORIENTED_EDGE ( 'NONE', *, *, #2170, .T. ) ;
#7984 = DIRECTION ( 'NONE',  ( 0.000000000000000000, -0.000000000000000000, 1.000000000000000000 ) ) ;
#7985 = CARTESIAN_POINT ( 'NONE',  ( -2.723500000000001808, -7.745000000000001883, -0.7500393700787405526 ) ) ;
#7986 = DIRECTION ( 'NONE',  ( -1.583679996327108915E-15, 0.000000000000000000, 1.000000000000000000 ) ) ;
#7987 = ADVANCED_FACE ( 'NONE', ( #5504 ), #4154, .F. ) ;
#7988 = EDGE_LOOP ( 'NONE', ( #6425, #4173, #3605, #3079 ) ) ;
#7989 = AXIS2_PLACEMENT_3D ( 'NONE', #6072, #8911, #7334 ) ;
#7990 = EDGE_CURVE ( 'NONE', #1190, #6950, #8351, .T. ) ;
#7991 = DIRECTION ( 'NONE',  ( 1.000000000000000000, -0.000000000000000000, 0.000000000000000000 ) ) ;
#7992 = ADVANCED_FACE ( 'NONE', ( #1986 ), #9139, .F. ) ;
#7993 = ORIENTED_EDGE ( 'NONE', *, *, #7025, .F. ) ;
#7994 = PLANE ( 'NONE',  #4783 ) ;
#7995 = ORIENTED_EDGE ( 'NONE', *, *, #5997, .F. ) ;
#7996 = CARTESIAN_POINT ( 'NONE',  ( -0.8485000000000026965, 2.254999999999998561, -0.7500393700787405526 ) ) ;
#7997 = DIRECTION ( 'NONE',  ( 1.000000000000000000, 0.000000000000000000, 0.000000000000000000 ) ) ;
#7998 = DIRECTION ( 'NONE',  ( -1.000000000000000000, 0.000000000000000000, 0.000000000000000000 ) ) ;
#7999 = EDGE_LOOP ( 'NONE', ( #7600, #6033, #3474, #1251 ) ) ;
#8000 = FACE_BOUND ( 'NONE', #8963, .T. ) ;
#8001 = CARTESIAN_POINT ( 'NONE',  ( -4.161500000000002863, 9.754999999999999005, -0.7500393700787405526 ) ) ;
#8002 = ADVANCED_FACE ( 'NONE', ( #5598 ), #8444, .T. ) ;
#8003 = FACE_OUTER_BOUND ( 'NONE', #5647, .T. ) ;
#8004 = ORIENTED_EDGE ( 'NONE', *, *, #2672, .T. ) ;
#8005 = FACE_OUTER_BOUND ( 'NONE', #5623, .T. ) ;
#8006 = ORIENTED_EDGE ( 'NONE', *, *, #3858, .F. ) ;
#8007 = PRODUCT_DEFINITION_CONTEXT ( 'detailed design', #8874, 'design' ) ;
#8008 = VERTEX_POINT ( 'NONE', #4202 ) ;
#8009 = PLANE ( 'NONE',  #1558 ) ;
#8010 = ADVANCED_FACE ( 'NONE', ( #3511 ), #6355, .F. ) ;
#8011 = VERTEX_POINT ( 'NONE', #821 ) ;
#8012 = FACE_OUTER_BOUND ( 'NONE', #7848, .T. ) ;
#8013 = DIRECTION ( 'NONE',  ( 1.000000000000000000, 0.000000000000000000, 0.000000000000000000 ) ) ;
#8014 = VERTEX_POINT ( 'NONE', #1480 ) ;
#8015 = DIRECTION ( 'NONE',  ( -2.500547362621746538E-15, -1.000000000000000000, 0.000000000000000000 ) ) ;
#8016 = EDGE_CURVE ( 'NONE', #5780, #3061, #5858, .T. ) ;
#8017 = LINE ( 'NONE', #7236, #5157 ) ;
#8018 = LINE ( 'NONE', #5266, #984 ) ;
#8019 = VECTOR ( 'NONE', #374, 39.37007874015748143 ) ;
#8020 = EDGE_LOOP ( 'NONE', ( #8632, #6507, #8791, #6808 ) ) ;
#8021 = PLANE ( 'NONE',  #2539 ) ;
#8022 = LINE ( 'NONE', #6494, #3976 ) ;
#8023 = CARTESIAN_POINT ( 'NONE',  ( -6.036500000000001975, -7.745000000000001883, 0.000000000000000000 ) ) ;
#8024 = ORIENTED_EDGE ( 'NONE', *, *, #7312, .T. ) ;
#8025 = PLANE ( 'NONE',  #6648 ) ;
#8026 = PLANE ( 'NONE',  #3877 ) ;
#8027 = ORIENTED_EDGE ( 'NONE', *, *, #8177, .F. ) ;
#8028 = DIRECTION ( 'NONE',  ( 0.000000000000000000, -0.000000000000000000, -1.000000000000000000 ) ) ;
#8029 = LINE ( 'NONE', #5375, #5454 ) ;
#8030 = VECTOR ( 'NONE', #6018, 39.37007874015748143 ) ;
#8031 = ORIENTED_EDGE ( 'NONE', *, *, #5185, .T. ) ;
#8032 = CIRCLE ( 'NONE', #2971, 0.1559999999999996390 ) ;
#8033 = FACE_OUTER_BOUND ( 'NONE', #701, .T. ) ;
#8034 = CARTESIAN_POINT ( 'NONE',  ( -5.411500000000002863, 9.754999999999999005, -0.05999999999999999778 ) ) ;
#8035 = LINE ( 'NONE', #8132, #5941 ) ;
#8036 = EDGE_CURVE ( 'NONE', #715, #6084, #8017, .T. ) ;
#8037 = ORIENTED_EDGE ( 'NONE', *, *, #2492, .T. ) ;
#8038 = VECTOR ( 'NONE', #3199, 39.37007874015748143 ) ;
#8039 = VECTOR ( 'NONE', #1334, 39.37007874015748143 ) ;
#8040 = CARTESIAN_POINT ( 'NONE',  ( -1.036500000000001975, 4.254999999999998117, -0.7500393700787405526 ) ) ;
#8041 = ORIENTED_EDGE ( 'NONE', *, *, #2538, .F. ) ;
#8042 = CARTESIAN_POINT ( 'NONE',  ( -7.098500000000003141, 9.754999999999999005, 0.000000000000000000 ) ) ;
#8043 = ORIENTED_EDGE ( 'NONE', *, *, #5689, .F. ) ;
#8044 = PLANE ( 'NONE',  #182 ) ;
#8045 = VECTOR ( 'NONE', #3677, 39.37007874015748143 ) ;
#8046 = LINE ( 'NONE', #341, #9104 ) ;
#8047 = CARTESIAN_POINT ( 'NONE',  ( 8.719999999999998863, 10.78499999999999837, -0.06003937007874015491 ) ) ;
#8048 = EDGE_CURVE ( 'NONE', #6678, #6265, #170, .T. ) ;
#8049 = VERTEX_POINT ( 'NONE', #7151 ) ;
#8051 = EDGE_CURVE ( 'NONE', #3809, #3517, #5076, .T. ) ;
#8050 = DIRECTION ( 'NONE',  ( -0.000000000000000000, -0.000000000000000000, 1.000000000000000000 ) ) ;
#8052 = CARTESIAN_POINT ( 'NONE',  ( -8.660000000000003695, -6.945000000000003837, -0.4400000000000471867 ) ) ;
#8053 = DIRECTION ( 'NONE',  ( 0.000000000000000000, -1.000000000000000000, 0.000000000000000000 ) ) ;
#8054 = EDGE_LOOP ( 'NONE', ( #5112, #6837, #6215, #5741 ) ) ;
#8055 = LINE ( 'NONE', #6002, #3078 ) ;
#8056 = ORIENTED_EDGE ( 'NONE', *, *, #53, .T. ) ;
#8057 = ORIENTED_EDGE ( 'NONE', *, *, #1010, .T. ) ;
#8058 = DIRECTION ( 'NONE',  ( -1.000000000000000000, 0.000000000000000000, 0.000000000000000000 ) ) ;
#8059 = ADVANCED_FACE ( 'NONE', ( #781 ), #6444, .F. ) ;
#8061 = EDGE_CURVE ( 'NONE', #2927, #5088, #5726, .T. ) ;
#8060 = DIRECTION ( 'NONE',  ( -0.000000000000000000, -0.000000000000000000, 1.000000000000000000 ) ) ;
#8062 = LINE ( 'NONE', #5164, #7960 ) ;
#8063 = ORIENTED_EDGE ( 'NONE', *, *, #3578, .T. ) ;
#8064 = DIRECTION ( 'NONE',  ( 0.000000000000000000, -0.000000000000000000, 1.000000000000000000 ) ) ;
#8065 = FACE_OUTER_BOUND ( 'NONE', #553, .T. ) ;
#8066 = DIRECTION ( 'NONE',  ( -0.000000000000000000, -0.000000000000000000, 1.000000000000000000 ) ) ;
#8067 = EDGE_CURVE ( 'NONE', #2784, #5455, #128, .T. ) ;
#8068 = VERTEX_POINT ( 'NONE', #6619 ) ;
#8069 = CARTESIAN_POINT ( 'NONE',  ( 8.659999999999998366, 10.78500000000000014, -0.05999999999999997696 ) ) ;
#8070 = ADVANCED_FACE ( 'NONE', ( #3602 ), #2902, .F. ) ;
#8071 = CARTESIAN_POINT ( 'NONE',  ( -8.720000000000004192, 5.564999999999997726, -0.4400000000000474087 ) ) ;
#8072 = ORIENTED_EDGE ( 'NONE', *, *, #5654, .T. ) ;
#8073 = CARTESIAN_POINT ( 'NONE',  ( -1.036500000000001975, 0.2549999999999985056, -0.06000000000000004635 ) ) ;
#8074 = EDGE_LOOP ( 'NONE', ( #143, #7063, #8715, #6989 ) ) ;
#8075 = CARTESIAN_POINT ( 'NONE',  ( -5.411500000000001087, 2.254999999999998561, -0.7500393700787405526 ) ) ;
#8076 = VECTOR ( 'NONE', #7680, 39.37007874015748143 ) ;
#8077 = ORIENTED_EDGE ( 'NONE', *, *, #2791, .F. ) ;
#8078 = LINE ( 'NONE', #7333, #4336 ) ;
#8079 = CARTESIAN_POINT ( 'NONE',  ( -1.036500000000001975, -0.2450000000000024380, 0.000000000000000000 ) ) ;
#8080 = VERTEX_POINT ( 'NONE', #5771 ) ;
#8081 = DIRECTION ( 'NONE',  ( 0.000000000000000000, 1.000000000000000000, 0.000000000000000000 ) ) ;
#8082 = CARTESIAN_POINT ( 'NONE',  ( -0.8485000000000026965, 2.254999999999998561, 0.000000000000000000 ) ) ;
#8083 = CARTESIAN_POINT ( 'NONE',  ( -5.848500000000003141, 1.754999999999998117, -0.06000000000000004635 ) ) ;
#8084 = VERTEX_POINT ( 'NONE', #2216 ) ;
#8085 = PLANE ( 'NONE',  #4834 ) ;
#8086 = ORIENTED_EDGE ( 'NONE', *, *, #5083, .F. ) ;
#8087 = LINE ( 'NONE', #5986, #502 ) ;
#8088 = EDGE_CURVE ( 'NONE', #2920, #2012, #1611, .T. ) ;
#8089 = ORIENTED_EDGE ( 'NONE', *, *, #2209, .F. ) ;
#8090 = CIRCLE ( 'NONE', #5100, 0.05200000000000001843 ) ;
#8091 = CARTESIAN_POINT ( 'NONE',  ( -8.720000000000004192, 5.564999999999997726, -0.3880000000000474181 ) ) ;
#8092 = CARTESIAN_POINT ( 'NONE',  ( -2.723500000000001808, -0.2450000000000024380, -0.06000000000000004635 ) ) ;
#8093 = EDGE_LOOP ( 'NONE', ( #1211, #8172, #6801, #6524 ) ) ;
#8094 = DIRECTION ( 'NONE',  ( 0.000000000000000000, 1.000000000000000000, 0.000000000000000000 ) ) ;
#8095 = LINE ( 'NONE', #1728, #1265 ) ;
#8096 = FACE_OUTER_BOUND ( 'NONE', #2503, .T. ) ;
#8097 = CARTESIAN_POINT ( 'NONE',  ( -3.973500000000001808, 4.254999999999998117, 0.000000000000000000 ) ) ;
#8098 = ORIENTED_EDGE ( 'NONE', *, *, #3492, .F. ) ;
#8099 = LINE ( 'NONE', #1734, #3741 ) ;
#8100 = EDGE_CURVE ( 'NONE', #3625, #1258, #2173, .T. ) ;
#8101 = ORIENTED_EDGE ( 'NONE', *, *, #2090, .F. ) ;
#8102 = ORIENTED_EDGE ( 'NONE', *, *, #4469, .T. ) ;
#8103 = PLANE ( 'NONE',  #8974 ) ;
#8104 = ORIENTED_EDGE ( 'NONE', *, *, #3946, .F. ) ;
#8105 = DIRECTION ( 'NONE',  ( -1.000000000000000000, 0.000000000000000000, 0.000000000000000000 ) ) ;
#8106 = DIRECTION ( 'NONE',  ( -1.000000000000000000, -0.000000000000000000, 3.169856808907805887E-15 ) ) ;
#8107 = EDGE_CURVE ( 'NONE', #8180, #8735, #7190, .T. ) ;
#8108 = VERTEX_POINT ( 'NONE', #8613 ) ;
#8109 = PLANE ( 'NONE',  #4699 ) ;
#8110 = CARTESIAN_POINT ( 'NONE',  ( -2.098500000000002697, 1.754999999999998117, -0.7500393700787405526 ) ) ;
#8111 = AXIS2_PLACEMENT_3D ( 'NONE', #822, #7110, #739 ) ;
#8112 = DIRECTION ( 'NONE',  ( -1.000000000000000000, 0.000000000000000000, 0.000000000000000000 ) ) ;
#8113 = EDGE_CURVE ( 'NONE', #488, #8049, #2256, .T. ) ;
#8114 = EDGE_CURVE ( 'NONE', #8626, #2813, #873, .T. ) ;
#8115 = CARTESIAN_POINT ( 'NONE',  ( -1.661500000000000865, 5.754999999999998117, -0.06000000000000004635 ) ) ;
#8116 = DIRECTION ( 'NONE',  ( -0.000000000000000000, 1.000000000000000000, -0.000000000000000000 ) ) ;
#8117 = ORIENTED_EDGE ( 'NONE', *, *, #3607, .F. ) ;
#8118 = CIRCLE ( 'NONE', #5290, 0.05999999999999990757 ) ;
#8119 = DIRECTION ( 'NONE',  ( 0.000000000000000000, 1.000000000000000000, 0.000000000000000000 ) ) ;
#8120 = CARTESIAN_POINT ( 'NONE',  ( -2.098500000000002697, 2.254999999999998561, -0.05999999999999999778 ) ) ;
#8121 = VERTEX_POINT ( 'NONE', #3695 ) ;
#8122 = CARTESIAN_POINT ( 'NONE',  ( -6.661500000000001087, 2.254999999999998561, -0.06000000000000004635 ) ) ;
#8123 = ADVANCED_FACE ( 'NONE', ( #6532 ), #3032, .F. ) ;
#8124 = ORIENTED_EDGE ( 'NONE', *, *, #2159, .F. ) ;
#8125 = DIRECTION ( 'NONE',  ( 1.000000000000000000, 0.000000000000000000, -3.491481338843133750E-15 ) ) ;
#8126 = LINE ( 'NONE', #6685, #5739 ) ;
#8127 = ORIENTED_EDGE ( 'NONE', *, *, #2512, .T. ) ;
#8128 = FACE_BOUND ( 'NONE', #1185, .T. ) ;
#8129 = VECTOR ( 'NONE', #4646, 39.37007874015748143 ) ;
#8130 = VECTOR ( 'NONE', #6405, 39.37007874015748143 ) ;
#8131 = DIRECTION ( 'NONE',  ( 0.000000000000000000, 0.000000000000000000, -1.000000000000000000 ) ) ;
#8132 = CARTESIAN_POINT ( 'NONE',  ( -6.473500000000002252, 7.754999999999997229, 0.000000000000000000 ) ) ;
#8133 = EDGE_CURVE ( 'NONE', #2515, #6535, #2296, .T. ) ;
#8134 = LINE ( 'NONE', #3466, #2906 ) ;
#8135 = VECTOR ( 'NONE', #5767, 39.37007874015748143 ) ;
#8136 = ORIENTED_EDGE ( 'NONE', *, *, #7753, .F. ) ;
#8137 = LINE ( 'NONE', #2464, #6119 ) ;
#8138 = VERTEX_POINT ( 'NONE', #912 ) ;
#8139 = CARTESIAN_POINT ( 'NONE',  ( -4.598500000000003141, -1.745000000000001217, 0.000000000000000000 ) ) ;
#8140 = LINE ( 'NONE', #4543, #2872 ) ;
#8141 = LINE ( 'NONE', #5937, #1210 ) ;
#8142 = ORIENTED_EDGE ( 'NONE', *, *, #6647, .F. ) ;
#8143 = CYLINDRICAL_SURFACE ( 'NONE', #6501, 0.1559999999999991116 ) ;
#8144 = AXIS2_PLACEMENT_3D ( 'NONE', #8399, #2033, #1248 ) ;
#8145 = LINE ( 'NONE', #5196, #8666 ) ;
#8146 = CARTESIAN_POINT ( 'NONE',  ( -8.720000000000004192, 6.944999999999996732, -0.4400000000000474087 ) ) ;
#8147 = PLANE ( 'NONE',  #7530 ) ;
#8148 = ORIENTED_EDGE ( 'NONE', *, *, #5701, .T. ) ;
#8149 = LINE ( 'NONE', #6048, #8633 ) ;
#8150 = VERTEX_POINT ( 'NONE', #3736 ) ;
#8151 = VERTEX_POINT ( 'NONE', #4474 ) ;
#8152 = FACE_OUTER_BOUND ( 'NONE', #5239, .T. ) ;
#8153 = ORIENTED_EDGE ( 'NONE', *, *, #8957, .F. ) ;
#8154 = LINE ( 'NONE', #1878, #918 ) ;
#8155 = EDGE_CURVE ( 'NONE', #4670, #740, #6575, .T. ) ;
#8156 = ORIENTED_EDGE ( 'NONE', *, *, #6312, .F. ) ;
#8157 = CARTESIAN_POINT ( 'NONE',  ( -3.348500000000002697, -5.745000000000000995, 0.000000000000000000 ) ) ;
#8158 = CARTESIAN_POINT ( 'NONE',  ( -3.348500000000002697, 9.754999999999999005, 0.000000000000000000 ) ) ;
#8159 = CARTESIAN_POINT ( 'NONE',  ( -3.348500000000002697, -1.745000000000001217, -0.06000000000000004635 ) ) ;
#8160 = LINE ( 'NONE', #7419, #5194 ) ;
#8161 = CARTESIAN_POINT ( 'NONE',  ( -5.848500000000003141, -6.245000000000001883, -0.06000000000000004635 ) ) ;
#8162 = EDGE_CURVE ( 'NONE', #5780, #5787, #6658, .T. ) ;
#8163 = ADVANCED_FACE ( 'NONE', ( #3880 ), #5318, .F. ) ;
#8164 = ORIENTED_EDGE ( 'NONE', *, *, #6506, .F. ) ;
#8165 = CARTESIAN_POINT ( 'NONE',  ( -2.098500000000002697, 2.254999999999998561, -0.06000000000000004635 ) ) ;
#8166 = LINE ( 'NONE', #7424, #4563 ) ;
#8167 = EDGE_LOOP ( 'NONE', ( #838, #37, #7612, #5472 ) ) ;
#8168 = CARTESIAN_POINT ( 'NONE',  ( -2.911500000000001087, -5.745000000000000995, 0.000000000000000000 ) ) ;
#8169 = VERTEX_POINT ( 'NONE', #7367 ) ;
#8170 = DIRECTION ( 'NONE',  ( -0.000000000000000000, -0.000000000000000000, 1.000000000000000000 ) ) ;
#8171 = LINE ( 'NONE', #8217, #2066 ) ;
#8172 = ORIENTED_EDGE ( 'NONE', *, *, #7432, .T. ) ;
#8173 = FACE_BOUND ( 'NONE', #2479, .T. ) ;
#8174 = EDGE_LOOP ( 'NONE', ( #3331, #6897, #3133, #3268 ) ) ;
#8175 = FACE_OUTER_BOUND ( 'NONE', #3021, .T. ) ;
#8176 = ORIENTED_EDGE ( 'NONE', *, *, #7505, .T. ) ;
#8177 = EDGE_CURVE ( 'NONE', #3073, #8968, #5407, .T. ) ;
#8178 = CIRCLE ( 'NONE', #4453, 0.05200000000000001843 ) ;
#8179 = VECTOR ( 'NONE', #7894, 39.37007874015748143 ) ;
#8180 = VERTEX_POINT ( 'NONE', #8250 ) ;
#8181 = LINE ( 'NONE', #1674, #793 ) ;
#8182 = EDGE_CURVE ( 'NONE', #139, #4160, #8203, .T. ) ;
#8183 = EDGE_LOOP ( 'NONE', ( #2288, #3365, #3423, #3221 ) ) ;
#8184 = LINE ( 'NONE', #1081, #2274 ) ;
#8185 = LINE ( 'NONE', #895, #1798 ) ;
#8186 = VECTOR ( 'NONE', #7379, 39.37007874015748143 ) ;
#8187 = VERTEX_POINT ( 'NONE', #1101 ) ;
#8188 = DIRECTION ( 'NONE',  ( 1.000000000000000000, 0.000000000000000000, 0.000000000000000000 ) ) ;
#8189 = DIRECTION ( 'NONE',  ( 0.000000000000000000, -0.000000000000000000, 1.000000000000000000 ) ) ;
#8190 = AXIS2_PLACEMENT_3D ( 'NONE', #8982, #4888, #4793 ) ;
#8191 = EDGE_CURVE ( 'NONE', #2595, #7314, #999, .T. ) ;
#8192 = DIRECTION ( 'NONE',  ( 0.000000000000000000, 0.000000000000000000, 1.000000000000000000 ) ) ;
#8193 = CARTESIAN_POINT ( 'NONE',  ( -2.098500000000002697, 1.754999999999998117, 0.000000000000000000 ) ) ;
#8194 = ORIENTED_EDGE ( 'NONE', *, *, #8594, .F. ) ;
#8195 = DIRECTION ( 'NONE',  ( 0.000000000000000000, 0.000000000000000000, -1.000000000000000000 ) ) ;
#8196 = VECTOR ( 'NONE', #2153, 39.37007874015748143 ) ;
#8197 = ORIENTED_EDGE ( 'NONE', *, *, #1025, .F. ) ;
#8198 = ORIENTED_EDGE ( 'NONE', *, *, #3665, .F. ) ;
#8199 = EDGE_LOOP ( 'NONE', ( #5954, #7442, #1993, #6070 ) ) ;
#8200 = LINE ( 'NONE', #3272, #6249 ) ;
#8201 = ORIENTED_EDGE ( 'NONE', *, *, #4357, .T. ) ;
#8202 = CARTESIAN_POINT ( 'NONE',  ( -6.661500000000001087, 1.754999999999998117, -0.7500393700787405526 ) ) ;
#8203 = LINE ( 'NONE', #4656, #7845 ) ;
#8204 = DIRECTION ( 'NONE',  ( -1.000000000000000000, -0.000000000000000000, -0.000000000000000000 ) ) ;
#8205 = AXIS2_PLACEMENT_3D ( 'NONE', #989, #3820, #5947 ) ;
#8206 = ORIENTED_EDGE ( 'NONE', *, *, #43, .T. ) ;
#8207 = DIRECTION ( 'NONE',  ( 0.000000000000000000, -0.000000000000000000, 1.000000000000000000 ) ) ;
#8208 = EDGE_CURVE ( 'NONE', #1156, #8169, #6508, .T. ) ;
#8209 = DIRECTION ( 'NONE',  ( -0.000000000000000000, -0.000000000000000000, 1.000000000000000000 ) ) ;
#8210 = AXIS2_PLACEMENT_3D ( 'NONE', #1061, #8815, #3098 ) ;
#8211 = ORIENTED_EDGE ( 'NONE', *, *, #3467, .T. ) ;
#8212 = DIRECTION ( 'NONE',  ( -0.000000000000000000, -0.000000000000000000, 1.000000000000000000 ) ) ;
#8213 = FACE_OUTER_BOUND ( 'NONE', #7610, .T. ) ;
#8214 = CARTESIAN_POINT ( 'NONE',  ( -5.848500000000003141, 5.754999999999998117, 0.000000000000000000 ) ) ;
#8215 = EDGE_LOOP ( 'NONE', ( #7513, #8699, #4570, #8606 ) ) ;
#8216 = FACE_BOUND ( 'NONE', #5606, .T. ) ;
#8217 = CARTESIAN_POINT ( 'NONE',  ( -4.786500000000001975, 0.2549999999999985056, -0.7500393700787405526 ) ) ;
#8218 = EDGE_CURVE ( 'NONE', #4622, #789, #5362, .T. ) ;
#8219 = EDGE_LOOP ( 'NONE', ( #1422, #5805, #5985, #8889 ) ) ;
#8220 = VECTOR ( 'NONE', #9059, 39.37007874015748143 ) ;
#8221 = FACE_BOUND ( 'NONE', #8423, .T. ) ;
#8222 = ORIENTED_EDGE ( 'NONE', *, *, #1206, .T. ) ;
#8223 = VECTOR ( 'NONE', #6548, 39.37007874015748143 ) ;
#8224 = ORIENTED_EDGE ( 'NONE', *, *, #6914, .F. ) ;
#8225 = CARTESIAN_POINT ( 'NONE',  ( -8.720000000000004192, -6.945000000000003837, -0.3880000000000474181 ) ) ;
#8226 = ADVANCED_FACE ( 'NONE', ( #1745 ), #1050, .F. ) ;
#8227 = ORIENTED_EDGE ( 'NONE', *, *, #751, .T. ) ;
#8228 = EDGE_CURVE ( 'NONE', #6021, #1907, #3974, .T. ) ;
#8229 = DIRECTION ( 'NONE',  ( 0.000000000000000000, -0.000000000000000000, -1.000000000000000000 ) ) ;
#8230 = FACE_OUTER_BOUND ( 'NONE', #9085, .T. ) ;
#8231 = DIRECTION ( 'NONE',  ( -1.000000000000000000, 0.000000000000000000, 0.000000000000000000 ) ) ;
#8232 = VERTEX_POINT ( 'NONE', #310 ) ;
#8233 = CARTESIAN_POINT ( 'NONE',  ( -3.594000000000002526, -10.56500000000000128, 0.000000000000000000 ) ) ;
#8234 = FACE_BOUND ( 'NONE', #1912, .T. ) ;
#8235 = DIRECTION ( 'NONE',  ( 0.000000000000000000, 0.000000000000000000, -1.000000000000000000 ) ) ;
#8236 = LINE ( 'NONE', #5945, #3666 ) ;
#8237 = VECTOR ( 'NONE', #2008, 39.37007874015748143 ) ;
#8238 = ORIENTED_EDGE ( 'NONE', *, *, #800, .F. ) ;
#8239 = FACE_OUTER_BOUND ( 'NONE', #7799, .T. ) ;
#8240 = ORIENTED_EDGE ( 'NONE', *, *, #8067, .F. ) ;
#8241 = EDGE_CURVE ( 'NONE', #3250, #1219, #4706, .T. ) ;
#8242 = ORIENTED_EDGE ( 'NONE', *, *, #471, .F. ) ;
#8243 = DIRECTION ( 'NONE',  ( 0.000000000000000000, -1.000000000000000000, 0.000000000000000000 ) ) ;
#8244 = EDGE_LOOP ( 'NONE', ( #6003, #3713, #940, #2589 ) ) ;
#8245 = LINE ( 'NONE', #3131, #2684 ) ;
#8246 = AXIS2_PLACEMENT_3D ( 'NONE', #4091, #3393, #2697 ) ;
#8247 = APPLICATION_PROTOCOL_DEFINITION ( 'draft international standard', 'automotive_design', 1998, #6191 ) ;
#8248 = ORIENTED_EDGE ( 'NONE', *, *, #4289, .T. ) ;
#8249 = CARTESIAN_POINT ( 'NONE',  ( -1.036500000000001975, 0.2549999999999985056, -0.06000000000000004635 ) ) ;
#8250 = CARTESIAN_POINT ( 'NONE',  ( -3.973500000000001808, -7.745000000000001883, 0.000000000000000000 ) ) ;
#8251 = ORIENTED_EDGE ( 'NONE', *, *, #4568, .F. ) ;
#8252 = DIRECTION ( 'NONE',  ( 0.000000000000000000, -1.000000000000000000, 0.000000000000000000 ) ) ;
#8253 = CARTESIAN_POINT ( 'NONE',  ( -6.661500000000001087, -6.245000000000001883, -0.000000000000000000 ) ) ;
#8254 = AXIS2_PLACEMENT_3D ( 'NONE', #1987, #4114, #6871 ) ;
#8255 = EDGE_CURVE ( 'NONE', #7855, #7412, #3928, .T. ) ;
#8256 = ORIENTED_EDGE ( 'NONE', *, *, #4801, .F. ) ;
#8257 = LINE ( 'NONE', #3321, #9166 ) ;
#8258 = LINE ( 'NONE', #6781, #2935 ) ;
#8259 = CARTESIAN_POINT ( 'NONE',  ( -2.723500000000001808, -7.745000000000001883, -0.06000000000000004635 ) ) ;
#8260 = VECTOR ( 'NONE', #2169, 39.37007874015748143 ) ;
#8261 = VERTEX_POINT ( 'NONE', #3834 ) ;
#8262 = CARTESIAN_POINT ( 'NONE',  ( -8.720000000000004192, 6.944999999999996732, -0.4920000000000474549 ) ) ;
#8263 = EDGE_LOOP ( 'NONE', ( #7749, #7797, #5765, #2088 ) ) ;
#8264 = VECTOR ( 'NONE', #1012, 39.37007874015748143 ) ;
#8265 = EDGE_LOOP ( 'NONE', ( #2985, #5868, #7219, #2401 ) ) ;
#8266 = VECTOR ( 'NONE', #4233, 39.37007874015748143 ) ;
#8267 = ADVANCED_FACE ( 'NONE', ( #1883 ), #2487, .F. ) ;
#8268 = EDGE_CURVE ( 'NONE', #3961, #2824, #4015, .T. ) ;
#8269 = ORIENTED_EDGE ( 'NONE', *, *, #5530, .T. ) ;
#8270 = LINE ( 'NONE', #4036, #4193 ) ;
#8271 = VECTOR ( 'NONE', #6771, 39.37007874015748143 ) ;
#8272 = VECTOR ( 'NONE', #309, 39.37007874015748143 ) ;
#8273 = ORIENTED_EDGE ( 'NONE', *, *, #7818, .F. ) ;
#8274 = ORIENTED_EDGE ( 'NONE', *, *, #7138, .T. ) ;
#8275 = DIRECTION ( 'NONE',  ( -3.167359992654216647E-15, 0.000000000000000000, -1.000000000000000000 ) ) ;
#8276 = PLANE ( 'NONE',  #4644 ) ;
#8277 = LINE ( 'NONE', #6083, #7579 ) ;
#8278 = ORIENTED_EDGE ( 'NONE', *, *, #5435, .T. ) ;
#8279 = PLANE ( 'NONE',  #430 ) ;
#8280 = FACE_BOUND ( 'NONE', #2352, .T. ) ;
#8281 = VECTOR ( 'NONE', #6940, 39.37007874015748143 ) ;
#8282 = EDGE_CURVE ( 'NONE', #5676, #6084, #497, .T. ) ;
#8283 = VECTOR ( 'NONE', #3458, 39.37007874015748143 ) ;
#8284 = AXIS2_PLACEMENT_3D ( 'NONE', #7226, #946, #860 ) ;
#8285 = ADVANCED_FACE ( 'NONE', ( #8065 ), #5265, .F. ) ;
#8286 = CARTESIAN_POINT ( 'NONE',  ( -1.661500000000000865, 2.254999999999998561, 0.000000000000000000 ) ) ;
#8287 = CARTESIAN_POINT ( 'NONE',  ( -1.473500000000001586, -7.745000000000001883, 0.000000000000000000 ) ) ;
#8288 = ORIENTED_EDGE ( 'NONE', *, *, #9117, .T. ) ;
#8289 = FACE_OUTER_BOUND ( 'NONE', #692, .T. ) ;
#8290 = ORIENTED_EDGE ( 'NONE', *, *, #6972, .F. ) ;
#8291 = UNCERTAINTY_MEASURE_WITH_UNIT (LENGTH_MEASURE( 1.000000000000000082E-05 ), #5210, 'distance_accuracy_value', 'NONE');
#8292 = VECTOR ( 'NONE', #1806, 39.37007874015748143 ) ;
#8293 = DIRECTION ( 'NONE',  ( 1.000000000000000000, 0.000000000000000000, 0.000000000000000000 ) ) ;
#8294 = CARTESIAN_POINT ( 'NONE',  ( -6.661500000000001087, 5.754999999999998117, -0.06000000000000004635 ) ) ;
#8295 = ORIENTED_EDGE ( 'NONE', *, *, #3036, .F. ) ;
#8296 = LINE ( 'NONE', #4746, #772 ) ;
#8297 = EDGE_CURVE ( 'NONE', #9035, #8603, #3233, .T. ) ;
#8298 = EDGE_CURVE ( 'NONE', #2861, #6566, #3188, .T. ) ;
#8299 = ORIENTED_EDGE ( 'NONE', *, *, #7146, .T. ) ;
#8300 = DIRECTION ( 'NONE',  ( -0.000000000000000000, -0.000000000000000000, 1.000000000000000000 ) ) ;
#8301 = VECTOR ( 'NONE', #7740, 39.37007874015748143 ) ;
#8302 = LINE ( 'NONE', #4234, #6804 ) ;
#8303 = DIRECTION ( 'NONE',  ( -0.000000000000000000, -0.000000000000000000, 1.000000000000000000 ) ) ;
#8304 = ADVANCED_FACE ( 'NONE', ( #5587 ), #2666, .F. ) ;
#8305 = FACE_OUTER_BOUND ( 'NONE', #2611, .T. ) ;
#8306 = EDGE_CURVE ( 'NONE', #4445, #2145, #5491, .T. ) ;
#8307 = ORIENTED_EDGE ( 'NONE', *, *, #1567, .F. ) ;
#8308 = CARTESIAN_POINT ( 'NONE',  ( -4.161500000000001087, -6.245000000000001883, -0.06000000000000004635 ) ) ;
#8309 = FACE_OUTER_BOUND ( 'NONE', #1920, .T. ) ;
#8310 = CARTESIAN_POINT ( 'NONE',  ( -7.098500000000003141, -5.745000000000000995, -0.7500393700787405526 ) ) ;
#8311 = EDGE_LOOP ( 'NONE', ( #4417, #2195, #4833, #8696 ) ) ;
#8312 = CARTESIAN_POINT ( 'NONE',  ( -8.600000000000001421, 10.78500000000000192, -0.1199999999999999956 ) ) ;
#8313 = ORIENTED_EDGE ( 'NONE', *, *, #6375, .F. ) ;
#8314 = DIRECTION ( 'NONE',  ( 1.000000000000000000, 0.000000000000000000, 0.000000000000000000 ) ) ;
#8315 = VECTOR ( 'NONE', #5685, 39.37007874015748143 ) ;
#8316 = EDGE_LOOP ( 'NONE', ( #3001, #5618, #7793, #7271 ) ) ;
#8317 = CARTESIAN_POINT ( 'NONE',  ( -7.098500000000003141, 9.754999999999999005, 0.000000000000000000 ) ) ;
#8318 = ORIENTED_EDGE ( 'NONE', *, *, #5152, .F. ) ;
#8319 = EDGE_LOOP ( 'NONE', ( #5603, #3711, #7969, #3939 ) ) ;
#8320 = CARTESIAN_POINT ( 'NONE',  ( -1.036500000000001975, 4.254999999999998117, -0.7500393700787405526 ) ) ;
#8321 = EDGE_CURVE ( 'NONE', #4815, #3954, #6193, .T. ) ;
#8322 = CARTESIAN_POINT ( 'NONE',  ( -6.473500000000002252, 3.754999999999997673, -0.7500393700787405526 ) ) ;
#8323 = DIRECTION ( 'NONE',  ( 1.000000000000000000, 0.000000000000000000, -3.167359992654217041E-15 ) ) ;
#8324 = ORIENTED_EDGE ( 'NONE', *, *, #2045, .F. ) ;
#8325 = DIRECTION ( 'NONE',  ( 0.000000000000000000, 0.000000000000000000, -1.000000000000000000 ) ) ;
#8326 = FACE_BOUND ( 'NONE', #2999, .T. ) ;
#8327 = VECTOR ( 'NONE', #8631, 39.37007874015748143 ) ;
#8328 = DIRECTION ( 'NONE',  ( 1.000000000000000000, -0.000000000000000000, 0.000000000000000000 ) ) ;
#8329 = FACE_OUTER_BOUND ( 'NONE', #4093, .T. ) ;
#8330 = ORIENTED_EDGE ( 'NONE', *, *, #8558, .T. ) ;
#8331 = CYLINDRICAL_SURFACE ( 'NONE', #1405, 0.05200000000000001843 ) ;
#8332 = ORIENTED_EDGE ( 'NONE', *, *, #1123, .F. ) ;
#8333 = EDGE_CURVE ( 'NONE', #3831, #104, #9039, .T. ) ;
#8334 = VECTOR ( 'NONE', #7310, 39.37007874015748143 ) ;
#8335 = EDGE_CURVE ( 'NONE', #6994, #6322, #6997, .T. ) ;
#8336 = AXIS2_PLACEMENT_3D ( 'NONE', #7273, #2981, #7961 ) ;
#8337 = DIRECTION ( 'NONE',  ( 0.000000000000000000, -1.000000000000000000, 0.000000000000000000 ) ) ;
#8338 = DIRECTION ( 'NONE',  ( -1.000000000000000000, 0.000000000000000000, 0.000000000000000000 ) ) ;
#8339 = ORIENTED_EDGE ( 'NONE', *, *, #8734, .F. ) ;
#8340 = DIRECTION ( 'NONE',  ( -1.000000000000000000, 0.000000000000000000, 0.000000000000000000 ) ) ;
#8341 = AXIS2_PLACEMENT_3D ( 'NONE', #6748, #4638, #8275 ) ;
#8342 = DIRECTION ( 'NONE',  ( 0.000000000000000000, 1.000000000000000000, 0.000000000000000000 ) ) ;
#8343 = EDGE_LOOP ( 'NONE', ( #7026, #7590, #6217, #1389 ) ) ;
#8344 = LINE ( 'NONE', #5366, #6248 ) ;
#8345 = EDGE_CURVE ( 'NONE', #2428, #5614, #8435, .T. ) ;
#8346 = EDGE_CURVE ( 'NONE', #650, #8694, #7735, .T. ) ;
#8347 = AXIS2_PLACEMENT_3D ( 'NONE', #7806, #1448, #3574 ) ;
#8348 = CARTESIAN_POINT ( 'NONE',  ( -1.661500000000000865, 5.754999999999998117, 0.000000000000000000 ) ) ;
#8349 = LINE ( 'NONE', #8526, #1903 ) ;
#8350 = EDGE_CURVE ( 'NONE', #1628, #6827, #5595, .T. ) ;
#8351 = LINE ( 'NONE', #4068, #4721 ) ;
#8352 = CARTESIAN_POINT ( 'NONE',  ( -4.598500000000003141, -9.745000000000000995, 0.000000000000000000 ) ) ;
#8353 = LINE ( 'NONE', #6915, #6551 ) ;
#8354 = EDGE_LOOP ( 'NONE', ( #1838, #8037 ) ) ;
#8355 = PLANE ( 'NONE',  #752 ) ;
#8356 = ORIENTED_EDGE ( 'NONE', *, *, #7065, .T. ) ;
#8357 = EDGE_CURVE ( 'NONE', #6944, #1471, #2787, .T. ) ;
#8358 = AXIS2_PLACEMENT_3D ( 'NONE', #5651, #8500, #2356 ) ;
#8359 = ORIENTED_EDGE ( 'NONE', *, *, #4075, .F. ) ;
#8360 = DIRECTION ( 'NONE',  ( 0.000000000000000000, 1.000000000000000000, 0.000000000000000000 ) ) ;
#8361 = VECTOR ( 'NONE', #2924, 39.37007874015748143 ) ;
#8362 = ORIENTED_EDGE ( 'NONE', *, *, #5198, .F. ) ;
#8363 = CARTESIAN_POINT ( 'NONE',  ( -2.286500000000001975, -0.2450000000000024380, -0.06000000000000004635 ) ) ;
#8364 = ORIENTED_EDGE ( 'NONE', *, *, #5763, .F. ) ;
#8365 = ORIENTED_EDGE ( 'NONE', *, *, #4031, .T. ) ;
#8366 = CARTESIAN_POINT ( 'NONE',  ( -5.411500000000001087, 1.754999999999998117, -0.7500393700787405526 ) ) ;
#8367 = DIRECTION ( 'NONE',  ( 0.000000000000000000, -0.000000000000000000, 1.000000000000000000 ) ) ;
#8368 = LINE ( 'NONE', #7626, #6853 ) ;
#8369 = EDGE_LOOP ( 'NONE', ( #952, #675, #5074, #4224 ) ) ;
#8370 = DIRECTION ( 'NONE',  ( 0.000000000000000000, -0.000000000000000000, -1.000000000000000000 ) ) ;
#8371 = FACE_BOUND ( 'NONE', #9191, .T. ) ;
#8372 = EDGE_CURVE ( 'NONE', #6098, #2529, #4842, .T. ) ;
#8373 = FACE_OUTER_BOUND ( 'NONE', #1726, .T. ) ;
#8374 = CARTESIAN_POINT ( 'NONE',  ( 8.470000000000000639, 10.84499999999999709, -0.1199999999999998151 ) ) ;
#8375 = EDGE_LOOP ( 'NONE', ( #607, #7335, #8672, #1398 ) ) ;
#8376 = DIRECTION ( 'NONE',  ( -0.000000000000000000, -0.000000000000000000, 1.000000000000000000 ) ) ;
#8377 = ORIENTED_EDGE ( 'NONE', *, *, #7324, .F. ) ;
#8378 = AXIS2_PLACEMENT_3D ( 'NONE', #4273, #7858, #5705 ) ;
#8379 = FACE_OUTER_BOUND ( 'NONE', #8682, .T. ) ;
#8380 = DIRECTION ( 'NONE',  ( 0.000000000000000000, 0.000000000000000000, -1.000000000000000000 ) ) ;
#8381 = EDGE_LOOP ( 'NONE', ( #905, #7477, #163, #8863 ) ) ;
#8382 = DIRECTION ( 'NONE',  ( -1.000000000000000000, 0.000000000000000000, 0.000000000000000000 ) ) ;
#8383 = VECTOR ( 'NONE', #6604, 39.37007874015748143 ) ;
#8384 = EDGE_CURVE ( 'NONE', #8735, #8728, #8302, .T. ) ;
#8385 = EDGE_LOOP ( 'NONE', ( #7532, #395, #7293, #9137 ) ) ;
#8386 = DIRECTION ( 'NONE',  ( 1.000000000000000000, 0.000000000000000000, 0.000000000000000000 ) ) ;
#8387 = LINE ( 'NONE', #7044, #9010 ) ;
#8388 = ORIENTED_EDGE ( 'NONE', *, *, #4177, .T. ) ;
#8389 = VERTEX_POINT ( 'NONE', #7784 ) ;
#8390 = CARTESIAN_POINT ( 'NONE',  ( -3.973500000000001808, -4.245000000000002771, -0.06000000000000004635 ) ) ;
#8391 = FACE_BOUND ( 'NONE', #8447, .T. ) ;
#8392 = VECTOR ( 'NONE', #6891, 39.37007874015748143 ) ;
#8393 = EDGE_CURVE ( 'NONE', #7664, #1203, #3500, .T. ) ;
#8394 = DIRECTION ( 'NONE',  ( 0.000000000000000000, -1.000000000000000000, 0.000000000000000000 ) ) ;
#8395 = EDGE_CURVE ( 'NONE', #8960, #7296, #8387, .T. ) ;
#8396 = VERTEX_POINT ( 'NONE', #2118 ) ;
#8397 = DIRECTION ( 'NONE',  ( -0.000000000000000000, -0.000000000000000000, 1.000000000000000000 ) ) ;
#8398 = ADVANCED_FACE ( 'NONE', ( #1929 ), #7690, .F. ) ;
#8399 = CARTESIAN_POINT ( 'NONE',  ( -3.348500000000002697, 5.754999999999998117, -0.7500393700787405526 ) ) ;
#8400 = FACE_OUTER_BOUND ( 'NONE', #3097, .T. ) ;
#8401 = LINE ( 'NONE', #7655, #7155 ) ;
#8402 = EDGE_LOOP ( 'NONE', ( #6654, #3890, #843, #6918 ) ) ;
#8403 = FACE_OUTER_BOUND ( 'NONE', #2910, .T. ) ;
#8404 = ORIENTED_EDGE ( 'NONE', *, *, #1037, .F. ) ;
#8405 = VECTOR ( 'NONE', #8993, 39.37007874015748143 ) ;
#8406 = VERTEX_POINT ( 'NONE', #4103 ) ;
#8407 = EDGE_CURVE ( 'NONE', #7378, #1096, #9179, .T. ) ;
#8408 = VERTEX_POINT ( 'NONE', #2710 ) ;
#8409 = DIRECTION ( 'NONE',  ( 1.000000000000000000, 0.000000000000000000, 0.000000000000000000 ) ) ;
#8410 = ORIENTED_EDGE ( 'NONE', *, *, #8616, .T. ) ;
#8411 = VERTEX_POINT ( 'NONE', #6238 ) ;
#8412 = LINE ( 'NONE', #2002, #5957 ) ;
#8413 = ADVANCED_FACE ( 'NONE', ( #4144 ), #6287, .F. ) ;
#8414 = VECTOR ( 'NONE', #6995, 39.37007874015748143 ) ;
#8415 = VECTOR ( 'NONE', #7246, 39.37007874015748143 ) ;
#8416 = FACE_OUTER_BOUND ( 'NONE', #1411, .T. ) ;
#8417 = FACE_OUTER_BOUND ( 'NONE', #2294, .T. ) ;
#8418 = ORIENTED_EDGE ( 'NONE', *, *, #3351, .F. ) ;
#8419 = LINE ( 'NONE', #2057, #3192 ) ;
#8420 = EDGE_CURVE ( 'NONE', #1722, #5751, #5631, .T. ) ;
#8421 = VECTOR ( 'NONE', #2862, 39.37007874015748143 ) ;
#8422 = CARTESIAN_POINT ( 'NONE',  ( -4.598500000000003141, -9.745000000000000995, -0.05999999999999999778 ) ) ;
#8423 = EDGE_LOOP ( 'NONE', ( #4967, #679, #4269, #3501 ) ) ;
#8424 = CARTESIAN_POINT ( 'NONE',  ( -8.720000000000004192, -6.945000000000003837, -0.4400000000000474087 ) ) ;
#8425 = EDGE_LOOP ( 'NONE', ( #7900, #5144, #8194, #550 ) ) ;
#8426 = CARTESIAN_POINT ( 'NONE',  ( 8.720000000000000639, -10.78500000000000192, 0.000000000000000000 ) ) ;
#8427 = LINE ( 'NONE', #5401, #7392 ) ;
#8428 = DIRECTION ( 'NONE',  ( -3.167359992654217435E-15, 0.000000000000000000, 1.000000000000000000 ) ) ;
#8429 = AXIS2_PLACEMENT_3D ( 'NONE', #8602, #5802, #3020 ) ;
#8430 = ORIENTED_EDGE ( 'NONE', *, *, #7732, .T. ) ;
#8431 = VECTOR ( 'NONE', #8209, 39.37007874015748143 ) ;
#8432 = CARTESIAN_POINT ( 'NONE',  ( -4.161500000000001087, -5.745000000000000995, -0.06000000000000004635 ) ) ;
#8433 = ORIENTED_EDGE ( 'NONE', *, *, #2019, .T. ) ;
#8434 = DIRECTION ( 'NONE',  ( 0.000000000000000000, 0.000000000000000000, 1.000000000000000000 ) ) ;
#8435 = LINE ( 'NONE', #2022, #6344 ) ;
#8436 = ORIENTED_EDGE ( 'NONE', *, *, #1741, .T. ) ;
#8437 = CARTESIAN_POINT ( 'NONE',  ( -3.348500000000002697, 6.254999999999999893, -0.06000000000000004635 ) ) ;
#8438 = FACE_BOUND ( 'NONE', #9012, .T. ) ;
#8439 = EDGE_CURVE ( 'NONE', #8999, #1126, #3315, .T. ) ;
#8440 = DIRECTION ( 'NONE',  ( -1.000000000000000000, 0.000000000000000000, 0.000000000000000000 ) ) ;
#8441 = VECTOR ( 'NONE', #2943, 39.37007874015748143 ) ;
#8442 = ORIENTED_EDGE ( 'NONE', *, *, #1418, .F. ) ;
#8443 = CARTESIAN_POINT ( 'NONE',  ( -2.098500000000002697, -9.745000000000000995, -0.06000000000000004635 ) ) ;
#8444 = CYLINDRICAL_SURFACE ( 'NONE', #876, 0.1199999999999998151 ) ;
#8445 = FACE_OUTER_BOUND ( 'NONE', #3436, .T. ) ;
#8446 = LINE ( 'NONE', #7910, #5938 ) ;
#8447 = EDGE_LOOP ( 'NONE', ( #2006, #3584, #922, #8148 ) ) ;
#8448 = CARTESIAN_POINT ( 'NONE',  ( -6.661500000000001087, -5.745000000000000995, -0.06000000000000004635 ) ) ;
#8449 = ORIENTED_EDGE ( 'NONE', *, *, #87, .T. ) ;
#8450 = VERTEX_POINT ( 'NONE', #5066 ) ;
#8451 = EDGE_CURVE ( 'NONE', #1714, #8049, #7684, .T. ) ;
#8452 = EDGE_CURVE ( 'NONE', #2824, #3831, #8691, .T. ) ;
#8453 = VERTEX_POINT ( 'NONE', #2285 ) ;
#8454 = CARTESIAN_POINT ( 'NONE',  ( -3.348500000000002697, 9.754999999999999005, -0.7500393700787405526 ) ) ;
#8455 = VERTEX_POINT ( 'NONE', #72 ) ;
#8456 = ORIENTED_EDGE ( 'NONE', *, *, #5753, .T. ) ;
#8457 = DIRECTION ( 'NONE',  ( -1.000000000000000000, 0.000000000000000000, 0.000000000000000000 ) ) ;
#8458 = ORIENTED_EDGE ( 'NONE', *, *, #6202, .T. ) ;
#8459 = DIRECTION ( 'NONE',  ( 0.000000000000000000, -1.000000000000000000, 0.000000000000000000 ) ) ;
#8460 = ADVANCED_FACE ( 'NONE', ( #5715 ), #7141, .F. ) ;
#8461 = DIRECTION ( 'NONE',  ( -1.000000000000000000, 0.000000000000000000, 0.000000000000000000 ) ) ;
#8462 = DIRECTION ( 'NONE',  ( 0.000000000000000000, -1.000000000000000000, 0.000000000000000000 ) ) ;
#8463 = ORIENTED_EDGE ( 'NONE', *, *, #7097, .T. ) ;
#8464 = DIRECTION ( 'NONE',  ( 0.000000000000000000, 1.000000000000000000, 0.000000000000000000 ) ) ;
#8465 = ADVANCED_FACE ( 'NONE', ( #8003 ), #769, .F. ) ;
#8466 = DIRECTION ( 'NONE',  ( -0.000000000000000000, -0.000000000000000000, 1.000000000000000000 ) ) ;
#8467 = FACE_OUTER_BOUND ( 'NONE', #1646, .T. ) ;
#8468 = ORIENTED_EDGE ( 'NONE', *, *, #1224, .T. ) ;
#8469 = CARTESIAN_POINT ( 'NONE',  ( -4.598500000000003141, -1.745000000000001217, 0.000000000000000000 ) ) ;
#8470 = ORIENTED_EDGE ( 'NONE', *, *, #7158, .T. ) ;
#8471 = PLANE ( 'NONE',  #3586 ) ;
#8472 = EDGE_CURVE ( 'NONE', #7593, #491, #6948, .T. ) ;
#8473 = DIRECTION ( 'NONE',  ( -0.000000000000000000, 0.000000000000000000, -1.000000000000000000 ) ) ;
#8474 = DIRECTION ( 'NONE',  ( -1.000000000000000000, 0.000000000000000000, 0.000000000000000000 ) ) ;
#8475 = VERTEX_POINT ( 'NONE', #4416 ) ;
#8476 = DIRECTION ( 'NONE',  ( 0.000000000000000000, -0.000000000000000000, 1.000000000000000000 ) ) ;
#8477 = DIRECTION ( 'NONE',  ( -0.000000000000000000, 1.000000000000000000, 0.000000000000000000 ) ) ;
#8478 = ORIENTED_EDGE ( 'NONE', *, *, #634, .T. ) ;
#8479 = VECTOR ( 'NONE', #3898, 39.37007874015748143 ) ;
#8480 = ORIENTED_EDGE ( 'NONE', *, *, #1066, .T. ) ;
#8481 = CARTESIAN_POINT ( 'NONE',  ( -1.036500000000001975, -3.745000000000001883, -0.06000000000000004635 ) ) ;
#8482 = DIRECTION ( 'NONE',  ( 1.000000000000000000, 0.000000000000000000, 0.000000000000000000 ) ) ;
#8483 = VECTOR ( 'NONE', #3931, 39.37007874015748143 ) ;
#8484 = VECTOR ( 'NONE', #1371, 39.37007874015748143 ) ;
#8485 = ORIENTED_EDGE ( 'NONE', *, *, #7945, .T. ) ;
#8486 = FACE_OUTER_BOUND ( 'NONE', #4798, .T. ) ;
#8487 = FACE_OUTER_BOUND ( 'NONE', #1864, .T. ) ;
#8488 = LINE ( 'NONE', #4294, #2613 ) ;
#8489 = ADVANCED_FACE ( 'NONE', ( #3593 ), #8646, .F. ) ;
#8490 = DIRECTION ( 'NONE',  ( -1.000000000000000000, 0.000000000000000000, 0.000000000000000000 ) ) ;
#8491 = ORIENTED_EDGE ( 'NONE', *, *, #5551, .F. ) ;
#8492 = DIRECTION ( 'NONE',  ( -1.000000000000000000, 0.000000000000000000, 0.000000000000000000 ) ) ;
#8493 = EDGE_LOOP ( 'NONE', ( #5588, #7342, #8876, #2832 ) ) ;
#8494 = AXIS2_PLACEMENT_3D ( 'NONE', #6471, #2109, #105 ) ;
#8495 = LINE ( 'NONE', #9103, #3367 ) ;
#8496 = DIRECTION ( 'NONE',  ( 1.000000000000000000, 0.000000000000000000, 0.000000000000000000 ) ) ;
#8497 = EDGE_CURVE ( 'NONE', #7458, #1192, #5672, .T. ) ;
#8498 = ORIENTED_EDGE ( 'NONE', *, *, #283, .F. ) ;
#8499 = EDGE_LOOP ( 'NONE', ( #5002, #5308, #2646, #8623 ) ) ;
#8500 = DIRECTION ( 'NONE',  ( 1.000000000000000000, -0.000000000000000000, 0.000000000000000000 ) ) ;
#8501 = EDGE_LOOP ( 'NONE', ( #8089, #5950, #1858, #1327 ) ) ;
#8502 = LINE ( 'NONE', #8544, #3148 ) ;
#8503 = DIRECTION ( 'NONE',  ( -0.000000000000000000, -0.000000000000000000, 1.000000000000000000 ) ) ;
#8504 = LINE ( 'NONE', #5051, #7439 ) ;
#8505 = EDGE_LOOP ( 'NONE', ( #3139, #2614 ) ) ;
#8506 = VECTOR ( 'NONE', #1212, 39.37007874015748143 ) ;
#8507 = ADVANCED_FACE ( 'NONE', ( #7181 ), #7268, .F. ) ;
#8508 = DIRECTION ( 'NONE',  ( 0.000000000000000000, 1.000000000000000000, 0.000000000000000000 ) ) ;
#8509 = ADVANCED_FACE ( 'NONE', ( #2162 ), #1551, .F. ) ;
#8510 = ORIENTED_EDGE ( 'NONE', *, *, #63, .T. ) ;
#8511 = FACE_OUTER_BOUND ( 'NONE', #2850, .T. ) ;
#8512 = EDGE_LOOP ( 'NONE', ( #8256, #4192 ) ) ;
#8513 = LINE ( 'NONE', #3628, #5211 ) ;
#8514 = AXIS2_PLACEMENT_3D ( 'NONE', #3661, #55, #2877 ) ;
#8515 = DIRECTION ( 'NONE',  ( 1.000000000000000000, 0.000000000000000000, -0.000000000000000000 ) ) ;
#8516 = CARTESIAN_POINT ( 'NONE',  ( -1.661500000000000865, 2.254999999999998561, -0.06000000000000004635 ) ) ;
#8517 = ORIENTED_EDGE ( 'NONE', *, *, #1997, .T. ) ;
#8518 = CARTESIAN_POINT ( 'NONE',  ( -6.036500000000001975, 4.254999999999998117, -0.06000000000000004635 ) ) ;
#8519 = DIRECTION ( 'NONE',  ( 0.000000000000000000, 0.000000000000000000, 1.000000000000000000 ) ) ;
#8520 = EDGE_CURVE ( 'NONE', #3443, #7646, #901, .T. ) ;
#8522 = VECTOR ( 'NONE', #2063, 39.37007874015748143 ) ;
#8521 = DIRECTION ( 'NONE',  ( 1.000000000000000000, 0.000000000000000000, 3.167359992654217041E-15 ) ) ;
#8523 = ORIENTED_EDGE ( 'NONE', *, *, #2090, .T. ) ;
#8524 = EDGE_LOOP ( 'NONE', ( #2711, #5032, #2760, #4182 ) ) ;
#8525 = PLANE ( 'NONE',  #4311 ) ;
#8526 = CARTESIAN_POINT ( 'NONE',  ( -1.661500000000003086, 9.754999999999999005, -0.7500393700787405526 ) ) ;
#8527 = LINE ( 'NONE', #2899, #103 ) ;
#8528 = ORIENTED_EDGE ( 'NONE', *, *, #3351, .T. ) ;
#8529 = FACE_OUTER_BOUND ( 'NONE', #6594, .T. ) ;
#8530 = DIRECTION ( 'NONE',  ( -0.000000000000000000, 1.000000000000000000, -0.000000000000000000 ) ) ;
#8531 = CARTESIAN_POINT ( 'NONE',  ( -2.911500000000001087, -6.245000000000001883, -0.7500393700787405526 ) ) ;
#8532 = VECTOR ( 'NONE', #7262, 39.37007874015748143 ) ;
#8533 = EDGE_LOOP ( 'NONE', ( #7698, #390, #5793, #5128 ) ) ;
#8534 = CARTESIAN_POINT ( 'NONE',  ( -4.598500000000003141, -2.245000000000001883, -0.7500393700787405526 ) ) ;
#8535 = AXIS2_PLACEMENT_3D ( 'NONE', #100, #2365, #8591 ) ;
#8536 = ORIENTED_EDGE ( 'NONE', *, *, #7609, .F. ) ;
#8537 = CARTESIAN_POINT ( 'NONE',  ( -3.536500000000001975, -0.2450000000000024380, 0.000000000000000000 ) ) ;
#8538 = EDGE_CURVE ( 'NONE', #4430, #755, #3966, .T. ) ;
#8539 = LINE ( 'NONE', #7069, #9000 ) ;
#8540 = EDGE_LOOP ( 'NONE', ( #6968, #3497, #7153, #8278 ) ) ;
#8541 = ORIENTED_EDGE ( 'NONE', *, *, #3953, .T. ) ;
#8542 = CARTESIAN_POINT ( 'NONE',  ( -5.223500000000001364, -3.745000000000001883, -0.06000000000000004635 ) ) ;
#8543 = ORIENTED_EDGE ( 'NONE', *, *, #8372, .T. ) ;
#8544 = CARTESIAN_POINT ( 'NONE',  ( -4.161500000000001087, 2.254999999999998561, -0.06000000000000004635 ) ) ;
#8545 = LINE ( 'NONE', #7763, #2431 ) ;
#8546 = CARTESIAN_POINT ( 'NONE',  ( -1.036500000000001975, 4.254999999999998117, -0.06000000000000004635 ) ) ;
#8547 = EDGE_CURVE ( 'NONE', #3563, #5787, #5848, .T. ) ;
#8548 = EDGE_LOOP ( 'NONE', ( #59, #1772 ) ) ;
#8549 = AXIS2_PLACEMENT_3D ( 'NONE', #8454, #9150, #2091 ) ;
#8550 = FACE_OUTER_BOUND ( 'NONE', #214, .T. ) ;
#8551 = ORIENTED_EDGE ( 'NONE', *, *, #4237, .F. ) ;
#8552 = DIRECTION ( 'NONE',  ( 1.000000000000000000, 6.244223985518316914E-16, 0.000000000000000000 ) ) ;
#8553 = EDGE_CURVE ( 'NONE', #5807, #6657, #7826, .T. ) ;
#8554 = ORIENTED_EDGE ( 'NONE', *, *, #3102, .T. ) ;
#8555 = CARTESIAN_POINT ( 'NONE',  ( -6.661500000000001087, 5.754999999999998117, 0.000000000000000000 ) ) ;
#8556 = CARTESIAN_POINT ( 'NONE',  ( -5.848500000000003141, -2.245000000000001883, -0.7500393700787405526 ) ) ;
#8557 = CARTESIAN_POINT ( 'NONE',  ( 8.599999999999999645, -10.78500000000000369, -0.1199999999999994543 ) ) ;
#8558 = EDGE_CURVE ( 'NONE', #1804, #5663, #2933, .T. ) ;
#8559 = ORIENTED_EDGE ( 'NONE', *, *, #7945, .F. ) ;
#8561 = EDGE_CURVE ( 'NONE', #6849, #6271, #6478, .T. ) ;
#8560 = CARTESIAN_POINT ( 'NONE',  ( -4.598500000000003141, 6.254999999999999893, -0.7500393700787405526 ) ) ;
#8562 = AXIS2_PLACEMENT_3D ( 'NONE', #3451, #6237, #8476 ) ;
#8563 = DIRECTION ( 'NONE',  ( -0.000000000000000000, -1.000000000000000000, -0.000000000000000000 ) ) ;
#8564 = DIRECTION ( 'NONE',  ( 0.000000000000000000, -0.000000000000000000, 1.000000000000000000 ) ) ;
#8565 = ORIENTED_EDGE ( 'NONE', *, *, #3617, .F. ) ;
#8566 = VECTOR ( 'NONE', #1975, 39.37007874015748143 ) ;
#8567 = ADVANCED_FACE ( 'NONE', ( #156 ), #6565, .F. ) ;
#8568 = LINE ( 'NONE', #3690, #4412 ) ;
#8569 = LINE ( 'NONE', #2213, #5584 ) ;
#8570 = ORIENTED_EDGE ( 'NONE', *, *, #8298, .T. ) ;
#8571 = AXIS2_PLACEMENT_3D ( 'NONE', #2237, #6381, #719 ) ;
#8572 = LINE ( 'NONE', #7149, #6641 ) ;
#8573 = VECTOR ( 'NONE', #1666, 39.37007874015748143 ) ;
#8574 = VECTOR ( 'NONE', #2287, 39.37007874015748143 ) ;
#8575 = CARTESIAN_POINT ( 'NONE',  ( -3.536500000000001975, -3.745000000000001883, -0.7500393700787405526 ) ) ;
#8576 = PLANE ( 'NONE',  #696 ) ;
#8577 = VERTEX_POINT ( 'NONE', #444 ) ;
#8578 = CARTESIAN_POINT ( 'NONE',  ( -8.660000000000003695, -5.565000000000003944, -0.4400000000000471867 ) ) ;
#8579 = VECTOR ( 'NONE', #8802, 39.37007874015748143 ) ;
#8580 = EDGE_CURVE ( 'NONE', #1957, #7895, #8888, .T. ) ;
#8581 = DIRECTION ( 'NONE',  ( 0.000000000000000000, 1.000000000000000000, 0.000000000000000000 ) ) ;
#8582 = FACE_OUTER_BOUND ( 'NONE', #1973, .T. ) ;
#8583 = EDGE_LOOP ( 'NONE', ( #8004, #4965, #2701, #5643 ) ) ;
#8584 = ORIENTED_EDGE ( 'NONE', *, *, #603, .T. ) ;
#8585 = CARTESIAN_POINT ( 'NONE',  ( -7.098500000000003141, -1.745000000000001217, -0.06000000000000004635 ) ) ;
#8586 = VERTEX_POINT ( 'NONE', #3916 ) ;
#8587 = LINE ( 'NONE', #5742, #7107 ) ;
#8588 = CARTESIAN_POINT ( 'NONE',  ( 8.469999999999997087, -10.77899999999999991, -0.05999999999999901246 ) ) ;
#8589 = DIRECTION ( 'NONE',  ( 0.000000000000000000, -1.000000000000000000, 0.000000000000000000 ) ) ;
#8590 = ORIENTED_EDGE ( 'NONE', *, *, #4289, .F. ) ;
#8591 = DIRECTION ( 'NONE',  ( 0.000000000000000000, 0.000000000000000000, -1.000000000000000000 ) ) ;
#8592 = ORIENTED_EDGE ( 'NONE', *, *, #514, .T. ) ;
#8593 = PLANE ( 'NONE',  #2267 ) ;
#8594 = EDGE_CURVE ( 'NONE', #7480, #7712, #2568, .T. ) ;
#8595 = EDGE_LOOP ( 'NONE', ( #2113, #8201, #1874, #8463 ) ) ;
#8596 = DIRECTION ( 'NONE',  ( 0.000000000000000000, 0.000000000000000000, 1.000000000000000000 ) ) ;
#8597 = DIRECTION ( 'NONE',  ( -0.000000000000000000, -0.000000000000000000, 1.000000000000000000 ) ) ;
#8598 = EDGE_LOOP ( 'NONE', ( #4852, #2900, #4826, #3654 ) ) ;
#8599 = CARTESIAN_POINT ( 'NONE',  ( -7.098500000000003141, 2.254999999999998561, -0.06000000000000004635 ) ) ;
#8600 = ADVANCED_FACE ( 'NONE', ( #3072 ), #8147, .F. ) ;
#8601 = DIRECTION ( 'NONE',  ( 0.000000000000000000, 0.000000000000000000, 1.000000000000000000 ) ) ;
#8602 = CARTESIAN_POINT ( 'NONE',  ( -5.848500000000003141, 9.754999999999999005, -0.7500393700787405526 ) ) ;
#8603 = VERTEX_POINT ( 'NONE', #3220 ) ;
#8604 = EDGE_CURVE ( 'NONE', #650, #8108, #5250, .T. ) ;
#8605 = EDGE_CURVE ( 'NONE', #2046, #1348, #8236, .T. ) ;
#8606 = ORIENTED_EDGE ( 'NONE', *, *, #3126, .T. ) ;
#8607 = CARTESIAN_POINT ( 'NONE',  ( -0.4115000000000008096, 2.254999999999998561, -0.06000000000000004635 ) ) ;
#8608 = CARTESIAN_POINT ( 'NONE',  ( -2.723500000000001808, 0.2549999999999985056, -0.7500393700787405526 ) ) ;
#8609 = FACE_OUTER_BOUND ( 'NONE', #4134, .T. ) ;
#8610 = VERTEX_POINT ( 'NONE', #8097 ) ;
#8611 = LINE ( 'NONE', #5490, #2321 ) ;
#8612 = VECTOR ( 'NONE', #95, 39.37007874015748143 ) ;
#8613 = CARTESIAN_POINT ( 'NONE',  ( -2.911500000000001087, -5.745000000000000995, -0.06000000000000004635 ) ) ;
#8614 = LINE ( 'NONE', #4993, #839 ) ;
#8615 = EDGE_CURVE ( 'NONE', #5086, #5780, #8835, .T. ) ;
#8616 = EDGE_CURVE ( 'NONE', #7163, #7007, #4504, .T. ) ;
#8617 = ORIENTED_EDGE ( 'NONE', *, *, #6077, .T. ) ;
#8618 = DIRECTION ( 'NONE',  ( -1.000000000000000000, 0.000000000000000000, -3.167359992654217041E-15 ) ) ;
#8619 = VECTOR ( 'NONE', #685, 39.37007874015748143 ) ;
#8620 = LINE ( 'NONE', #4343, #2491 ) ;
#8621 = EDGE_CURVE ( 'NONE', #2073, #2428, #5999, .T. ) ;
#8622 = LINE ( 'NONE', #1569, #700 ) ;
#8623 = ORIENTED_EDGE ( 'NONE', *, *, #8799, .F. ) ;
#8624 = AXIS2_PLACEMENT_3D ( 'NONE', #2966, #7216, #8828 ) ;
#8625 = EDGE_CURVE ( 'NONE', #6142, #6873, #2474, .T. ) ;
#8626 = VERTEX_POINT ( 'NONE', #3265 ) ;
#8627 = CARTESIAN_POINT ( 'NONE',  ( -4.598500000000003141, 1.754999999999998117, -0.06000000000000004635 ) ) ;
#8628 = ORIENTED_EDGE ( 'NONE', *, *, #7753, .T. ) ;
#8629 = LINE ( 'NONE', #4488, #5733 ) ;
#8630 = CARTESIAN_POINT ( 'NONE',  ( -1.473500000000001586, 4.254999999999998117, -0.06000000000000004635 ) ) ;
#8631 = DIRECTION ( 'NONE',  ( -6.244223985518316914E-16, 1.000000000000000000, -0.000000000000000000 ) ) ;
#8632 = ORIENTED_EDGE ( 'NONE', *, *, #5355, .T. ) ;
#8633 = VECTOR ( 'NONE', #1784, 39.37007874015748143 ) ;
#8634 = CARTESIAN_POINT ( 'NONE',  ( -3.348500000000002697, -6.245000000000001883, 0.000000000000000000 ) ) ;
#8635 = ORIENTED_EDGE ( 'NONE', *, *, #5953, .T. ) ;
#8636 = PLANE ( 'NONE',  #6750 ) ;
#8637 = ORIENTED_EDGE ( 'NONE', *, *, #8944, .F. ) ;
#8638 = LINE ( 'NONE', #2279, #6559 ) ;
#8639 = CARTESIAN_POINT ( 'NONE',  ( -7.098500000000003141, -5.745000000000000995, 0.000000000000000000 ) ) ;
#8640 = CARTESIAN_POINT ( 'NONE',  ( -0.8485000000000026965, 1.754999999999998117, -0.7500393700787405526 ) ) ;
#8641 = EDGE_LOOP ( 'NONE', ( #8584, #3146 ) ) ;
#8642 = DIRECTION ( 'NONE',  ( -0.000000000000000000, -0.000000000000000000, 1.000000000000000000 ) ) ;
#8643 = VECTOR ( 'NONE', #8732, 39.37007874015748143 ) ;
#8644 = EDGE_CURVE ( 'NONE', #4104, #8744, #6046, .T. ) ;
#8645 = CARTESIAN_POINT ( 'NONE',  ( -6.036500000000001975, -3.745000000000001883, -0.06000000000000004635 ) ) ;
#8646 = PLANE ( 'NONE',  #8429 ) ;
#8647 = ORIENTED_EDGE ( 'NONE', *, *, #4177, .F. ) ;
#8648 = LINE ( 'NONE', #7702, #9023 ) ;
#8649 = AXIS2_PLACEMENT_3D ( 'NONE', #3214, #6978, #5427 ) ;
#8650 = VERTEX_POINT ( 'NONE', #5201 ) ;
#8651 = LINE ( 'NONE', #1648, #176 ) ;
#8652 = DIRECTION ( 'NONE',  ( 0.000000000000000000, 0.000000000000000000, 1.000000000000000000 ) ) ;
#8653 = EDGE_CURVE ( 'NONE', #6098, #7869, #8931, .T. ) ;
#8654 = AXIS2_PLACEMENT_3D ( 'NONE', #8819, #7434, #7388 ) ;
#8655 = EDGE_LOOP ( 'NONE', ( #6975, #1321, #6836, #1522 ) ) ;
#8656 = CARTESIAN_POINT ( 'NONE',  ( -3.348500000000002697, 6.254999999999999893, 0.000000000000000000 ) ) ;
#8657 = DIRECTION ( 'NONE',  ( 0.000000000000000000, -1.000000000000000000, 0.000000000000000000 ) ) ;
#8658 = LINE ( 'NONE', #7278, #7516 ) ;
#8659 = ORIENTED_EDGE ( 'NONE', *, *, #9051, .F. ) ;
#8660 = CARTESIAN_POINT ( 'NONE',  ( -5.223500000000001364, -0.2450000000000024380, -0.06000000000000004635 ) ) ;
#8661 = EDGE_CURVE ( 'NONE', #9143, #1580, #1869, .T. ) ;
#8662 = DIRECTION ( 'NONE',  ( -1.000000000000000000, 0.000000000000000000, 0.000000000000000000 ) ) ;
#8663 = EDGE_CURVE ( 'NONE', #6722, #488, #5299, .T. ) ;
#8664 = EDGE_CURVE ( 'NONE', #2078, #937, #7355, .T. ) ;
#8665 = DIRECTION ( 'NONE',  ( 1.000000000000000000, 0.000000000000000000, 0.000000000000000000 ) ) ;
#8666 = VECTOR ( 'NONE', #8786, 39.37007874015748143 ) ;
#8667 = ORIENTED_EDGE ( 'NONE', *, *, #3409, .F. ) ;
#8668 = LINE ( 'NONE', #3095, #9020 ) ;
#8669 = DIRECTION ( 'NONE',  ( 0.000000000000000000, 0.000000000000000000, 1.000000000000000000 ) ) ;
#8670 = ORIENTED_EDGE ( 'NONE', *, *, #8350, .F. ) ;
#8671 = DIRECTION ( 'NONE',  ( 3.122111992759157471E-16, 1.000000000000000000, 0.000000000000000000 ) ) ;
#8672 = ORIENTED_EDGE ( 'NONE', *, *, #186, .F. ) ;
#8673 = CARTESIAN_POINT ( 'NONE',  ( -3.906000000000001915, -10.56500000000000128, -0.7500393700787405526 ) ) ;
#8674 = DIRECTION ( 'NONE',  ( 0.000000000000000000, -0.000000000000000000, -1.000000000000000000 ) ) ;
#8675 = LINE ( 'NONE', #7339, #3580 ) ;
#8676 = ORIENTED_EDGE ( 'NONE', *, *, #614, .T. ) ;
#8677 = ADVANCED_FACE ( 'NONE', ( #987 ), #3818, .F. ) ;
#8678 = PLANE ( 'NONE',  #6149 ) ;
#8679 = ORIENTED_EDGE ( 'NONE', *, *, #2351, .T. ) ;
#8680 = PLANE ( 'NONE',  #351 ) ;
#8681 = EDGE_CURVE ( 'NONE', #7448, #6747, #6088, .T. ) ;
#8682 = EDGE_LOOP ( 'NONE', ( #5916, #8206, #6483, #7728 ) ) ;
#8683 = LINE ( 'NONE', #8091, #5368 ) ;
#8684 = LINE ( 'NONE', #1776, #7776 ) ;
#8685 = DIRECTION ( 'NONE',  ( -1.000000000000000000, 0.000000000000000000, -0.000000000000000000 ) ) ;
#8686 = ORIENTED_EDGE ( 'NONE', *, *, #3318, .T. ) ;
#8687 = DIRECTION ( 'NONE',  ( 0.000000000000000000, 1.000000000000000000, 0.000000000000000000 ) ) ;
#8688 = EDGE_CURVE ( 'NONE', #2012, #2422, #5303, .T. ) ;
#8689 = VECTOR ( 'NONE', #2820, 39.37007874015748143 ) ;
#8690 = DIRECTION ( 'NONE',  ( -0.000000000000000000, -0.000000000000000000, 1.000000000000000000 ) ) ;
#8691 = LINE ( 'NONE', #2854, #6186 ) ;
#8692 = ORIENTED_EDGE ( 'NONE', *, *, #4807, .T. ) ;
#8693 = DIRECTION ( 'NONE',  ( 1.000000000000000000, 0.000000000000000000, 0.000000000000000000 ) ) ;
#8694 = VERTEX_POINT ( 'NONE', #3960 ) ;
#8695 = CIRCLE ( 'NONE', #6626, 0.06000000000000101780 ) ;
#8696 = ORIENTED_EDGE ( 'NONE', *, *, #8829, .T. ) ;
#8697 = DIRECTION ( 'NONE',  ( 1.000000000000000000, 0.000000000000000000, 0.000000000000000000 ) ) ;
#8698 = VECTOR ( 'NONE', #8897, 39.37007874015748143 ) ;
#8699 = ORIENTED_EDGE ( 'NONE', *, *, #3090, .T. ) ;
#8700 = VECTOR ( 'NONE', #2438, 39.37007874015748143 ) ;
#8701 = CARTESIAN_POINT ( 'NONE',  ( 8.660000000000001918, -5.565000000000003944, -0.3879999999999923510 ) ) ;
#8702 = LINE ( 'NONE', #995, #3801 ) ;
#8703 = VERTEX_POINT ( 'NONE', #5572 ) ;
#8704 = LINE ( 'NONE', #1743, #2330 ) ;
#8705 = DIRECTION ( 'NONE',  ( 0.000000000000000000, 0.000000000000000000, -1.000000000000000000 ) ) ;
#8706 = LINE ( 'NONE', #7466, #4381 ) ;
#8707 = VECTOR ( 'NONE', #7454, 39.37007874015748143 ) ;
#8708 = VECTOR ( 'NONE', #2254, 39.37007874015748143 ) ;
#8709 = DIRECTION ( 'NONE',  ( 0.000000000000000000, 1.000000000000000000, 0.000000000000000000 ) ) ;
#8710 = ADVANCED_FACE ( 'NONE', ( #8467 ), #2010, .T. ) ;
#8711 = CARTESIAN_POINT ( 'NONE',  ( -4.598500000000003141, -5.745000000000000995, -0.7500393700787405526 ) ) ;
#8712 = VECTOR ( 'NONE', #7632, 39.37007874015748143 ) ;
#8713 = VECTOR ( 'NONE', #7559, 39.37007874015748143 ) ;
#8714 = CARTESIAN_POINT ( 'NONE',  ( -0.8485000000000026965, 1.754999999999998117, -0.7500393700787405526 ) ) ;
#8715 = ORIENTED_EDGE ( 'NONE', *, *, #403, .F. ) ;
#8716 = LINE ( 'NONE', #225, #250 ) ;
#8717 = LINE ( 'NONE', #8122, #2110 ) ;
#8718 = ORIENTED_EDGE ( 'NONE', *, *, #7433, .F. ) ;
#8719 = FACE_OUTER_BOUND ( 'NONE', #4593, .T. ) ;
#8720 = LINE ( 'NONE', #2357, #280 ) ;
#8721 = EDGE_CURVE ( 'NONE', #1742, #246, #5527, .T. ) ;
#8722 = CIRCLE ( 'NONE', #729, 0.05200000000000001843 ) ;
#8723 = ORIENTED_EDGE ( 'NONE', *, *, #4055, .T. ) ;
#8724 = EDGE_CURVE ( 'NONE', #5277, #5485, #6327, .T. ) ;
#8725 = FACE_OUTER_BOUND ( 'NONE', #5227, .T. ) ;
#8726 = LINE ( 'NONE', #7291, #365 ) ;
#8727 = DIRECTION ( 'NONE',  ( -8.087894779578809621E-30, 0.000000000000000000, 1.000000000000000000 ) ) ;
#8728 = VERTEX_POINT ( 'NONE', #1270 ) ;
#8729 = VECTOR ( 'NONE', #4717, 39.37007874015748143 ) ;
#8730 = DIRECTION ( 'NONE',  ( -1.000000000000000000, 0.000000000000000000, -0.000000000000000000 ) ) ;
#8731 = VERTEX_POINT ( 'NONE', #1917 ) ;
#8732 = DIRECTION ( 'NONE',  ( -1.000000000000000000, -0.000000000000000000, -0.000000000000000000 ) ) ;
#8733 = ORIENTED_EDGE ( 'NONE', *, *, #6462, .F. ) ;
#8734 = EDGE_CURVE ( 'NONE', #617, #1500, #1962, .T. ) ;
#8735 = VERTEX_POINT ( 'NONE', #4092 ) ;
#8736 = FACE_OUTER_BOUND ( 'NONE', #2748, .T. ) ;
#8737 = DIRECTION ( 'NONE',  ( -1.000000000000000000, 0.000000000000000000, 0.000000000000000000 ) ) ;
#8738 = ORIENTED_EDGE ( 'NONE', *, *, #8838, .T. ) ;
#8739 = DIRECTION ( 'NONE',  ( 0.000000000000000000, 0.000000000000000000, 1.000000000000000000 ) ) ;
#8740 = EDGE_CURVE ( 'NONE', #2685, #1971, #4133, .T. ) ;
#8741 = CARTESIAN_POINT ( 'NONE',  ( -2.723500000000001808, 0.2549999999999985056, 0.000000000000000000 ) ) ;
#8742 = CARTESIAN_POINT ( 'NONE',  ( -2.723500000000001808, 0.2549999999999985056, -0.06000000000000004635 ) ) ;
#8743 = LINE ( 'NONE', #5600, #6197 ) ;
#8744 = VERTEX_POINT ( 'NONE', #8422 ) ;
#8745 = ADVANCED_FACE ( 'NONE', ( #9167 ), #4737, .F. ) ;
#8746 = ORIENTED_EDGE ( 'NONE', *, *, #5269, .T. ) ;
#8747 = AXIS2_PLACEMENT_3D ( 'NONE', #6832, #1204, #8953 ) ;
#8748 = ORIENTED_EDGE ( 'NONE', *, *, #6414, .F. ) ;
#8749 = CARTESIAN_POINT ( 'NONE',  ( -5.848500000000003141, 9.754999999999999005, -0.06000000000000004635 ) ) ;
#8750 = DIRECTION ( 'NONE',  ( -0.000000000000000000, -0.000000000000000000, 1.000000000000000000 ) ) ;
#8751 = ORIENTED_EDGE ( 'NONE', *, *, #4823, .F. ) ;
#8752 = LINE ( 'NONE', #7319, #6036 ) ;
#8753 = CARTESIAN_POINT ( 'NONE',  ( 8.599999999999999645, -10.78500000000000192, -0.1199999999999994543 ) ) ;
#8754 = CARTESIAN_POINT ( 'NONE',  ( -2.723500000000001808, -0.2450000000000024380, -0.06000000000000004635 ) ) ;
#8755 = LINE ( 'NONE', #2299, #8030 ) ;
#8756 = DIRECTION ( 'NONE',  ( -0.000000000000000000, -0.000000000000000000, 1.000000000000000000 ) ) ;
#8757 = AXIS2_PLACEMENT_3D ( 'NONE', #1125, #2650, #2562 ) ;
#8758 = ADVANCED_FACE ( 'NONE', ( #8329 ), #2799, .F. ) ;
#8759 = LINE ( 'NONE', #4480, #991 ) ;
#8760 = ORIENTED_EDGE ( 'NONE', *, *, #2597, .T. ) ;
#8761 = CARTESIAN_POINT ( 'NONE',  ( -3.973500000000001808, 4.254999999999998117, -0.7500393700787405526 ) ) ;
#8762 = LINE ( 'NONE', #4482, #4163 ) ;
#8763 = EDGE_LOOP ( 'NONE', ( #2807, #1764, #4226, #5635 ) ) ;
#8764 = CARTESIAN_POINT ( 'NONE',  ( -2.723500000000001808, 3.754999999999997673, -0.06000000000000004635 ) ) ;
#8765 = DIRECTION ( 'NONE',  ( -1.000000000000000000, 0.000000000000000000, 0.000000000000000000 ) ) ;
#8766 = AXIS2_PLACEMENT_3D ( 'NONE', #1293, #4115, #9097 ) ;
#8767 = ORIENTED_EDGE ( 'NONE', *, *, #872, .F. ) ;
#8768 = CIRCLE ( 'NONE', #6708, 0.05200000000000001843 ) ;
#8769 = LINE ( 'NONE', #2409, #863 ) ;
#8770 = LINE ( 'NONE', #885, #806 ) ;
#8771 = DIRECTION ( 'NONE',  ( -1.000000000000000000, 0.000000000000000000, 0.000000000000000000 ) ) ;
#8772 = ORIENTED_EDGE ( 'NONE', *, *, #6937, .F. ) ;
#8773 = ADVANCED_FACE ( 'NONE', ( #8973 ), #1182, .F. ) ;
#8774 = VECTOR ( 'NONE', #924, 39.37007874015748143 ) ;
#8775 = VECTOR ( 'NONE', #1593, 39.37007874015748143 ) ;
#8776 = DIRECTION ( 'NONE',  ( 1.000000000000000000, -0.000000000000000000, 3.167359992654216647E-15 ) ) ;
#8777 = EDGE_LOOP ( 'NONE', ( #5003, #8617, #3982, #2737 ) ) ;
#8778 = DIRECTION ( 'NONE',  ( 1.000000000000000000, -0.000000000000000000, 3.167359992654216647E-15 ) ) ;
#8779 = EDGE_LOOP ( 'NONE', ( #6007, #4880, #3569, #6942 ) ) ;
#8780 = EDGE_LOOP ( 'NONE', ( #3519, #2052, #9156, #2639 ) ) ;
#8781 = PLANE ( 'NONE',  #5060 ) ;
#8782 = AXIS2_PLACEMENT_3D ( 'NONE', #5008, #4129, #6458 ) ;
#8783 = PLANE ( 'NONE',  #4200 ) ;
#8784 = CARTESIAN_POINT ( 'NONE',  ( -2.286500000000001975, -4.245000000000002771, -0.06000000000000004635 ) ) ;
#8785 = VERTEX_POINT ( 'NONE', #8374 ) ;
#8786 = DIRECTION ( 'NONE',  ( -0.000000000000000000, -0.000000000000000000, 1.000000000000000000 ) ) ;
#8787 = EDGE_CURVE ( 'NONE', #4245, #3899, #487, .T. ) ;
#8788 = EDGE_CURVE ( 'NONE', #116, #8999, #4830, .T. ) ;
#8789 = DIRECTION ( 'NONE',  ( -0.000000000000000000, -1.000000000000000000, -0.000000000000000000 ) ) ;
#8790 = DIRECTION ( 'NONE',  ( -0.000000000000000000, -0.000000000000000000, 1.000000000000000000 ) ) ;
#8791 = ORIENTED_EDGE ( 'NONE', *, *, #5753, .F. ) ;
#8792 = DIRECTION ( 'NONE',  ( 1.000000000000000000, -0.000000000000000000, 3.167359992654216647E-15 ) ) ;
#8793 = ORIENTED_EDGE ( 'NONE', *, *, #6811, .F. ) ;
#8794 = VECTOR ( 'NONE', #1805, 39.37007874015748143 ) ;
#8795 = ORIENTED_EDGE ( 'NONE', *, *, #1588, .F. ) ;
#8796 = ORIENTED_EDGE ( 'NONE', *, *, #3449, .T. ) ;
#8797 = CARTESIAN_POINT ( 'NONE',  ( -0.8485000000000026965, -5.745000000000000995, 0.000000000000000000 ) ) ;
#8798 = CARTESIAN_POINT ( 'NONE',  ( -3.906000000000001915, 10.56499999999999773, 0.000000000000000000 ) ) ;
#8799 = EDGE_CURVE ( 'NONE', #4260, #8650, #1226, .T. ) ;
#8800 = ORIENTED_EDGE ( 'NONE', *, *, #1482, .F. ) ;
#8801 = DIRECTION ( 'NONE',  ( -6.244223985518316914E-16, 1.000000000000000000, 0.000000000000000000 ) ) ;
#8803 = VECTOR ( 'NONE', #5656, 39.37007874015748143 ) ;
#8802 = DIRECTION ( 'NONE',  ( -0.000000000000000000, -0.000000000000000000, 1.000000000000000000 ) ) ;
#8804 = FACE_OUTER_BOUND ( 'NONE', #8777, .T. ) ;
#8805 = DIRECTION ( 'NONE',  ( -0.000000000000000000, -1.000000000000000000, -0.000000000000000000 ) ) ;
#8806 = VECTOR ( 'NONE', #4778, 39.37007874015748143 ) ;
#8807 = DIRECTION ( 'NONE',  ( 1.000000000000000000, -0.000000000000000000, 3.167359992654216647E-15 ) ) ;
#8808 = ORIENTED_EDGE ( 'NONE', *, *, #683, .F. ) ;
#8809 = CARTESIAN_POINT ( 'NONE',  ( -3.536500000000001975, -4.245000000000002771, -0.7500393700787405526 ) ) ;
#8810 = CARTESIAN_POINT ( 'NONE',  ( -6.661500000000002863, 9.754999999999999005, -0.7500393700787405526 ) ) ;
#8811 = ORIENTED_EDGE ( 'NONE', *, *, #682, .F. ) ;
#8812 = LINE ( 'NONE', #5917, #175 ) ;
#8813 = VECTOR ( 'NONE', #6592, 39.37007874015748143 ) ;
#8814 = VERTEX_POINT ( 'NONE', #5436 ) ;
#8815 = DIRECTION ( 'NONE',  ( -1.000000000000000000, 0.000000000000000000, 0.000000000000000000 ) ) ;
#8816 = CARTESIAN_POINT ( 'NONE',  ( -1.473500000000001586, 0.2549999999999985056, -0.05999999999999999778 ) ) ;
#8817 = ORIENTED_EDGE ( 'NONE', *, *, #4352, .F. ) ;
#8818 = FACE_BOUND ( 'NONE', #8493, .T. ) ;
#8819 = CARTESIAN_POINT ( 'NONE',  ( -5.411500000000001087, 2.254999999999998561, -0.7500393700787405526 ) ) ;
#8820 = LINE ( 'NONE', #6742, #472 ) ;
#8821 = EDGE_LOOP ( 'NONE', ( #147, #5958, #7250, #1817 ) ) ;
#8822 = VECTOR ( 'NONE', #710, 39.37007874015748143 ) ;
#8823 = DIRECTION ( 'NONE',  ( 0.000000000000000000, -1.000000000000000000, 0.000000000000000000 ) ) ;
#8824 = ORIENTED_EDGE ( 'NONE', *, *, #5476, .F. ) ;
#8825 = DIRECTION ( 'NONE',  ( -0.000000000000000000, -0.000000000000000000, 1.000000000000000000 ) ) ;
#8826 = ORIENTED_EDGE ( 'NONE', *, *, #1766, .T. ) ;
#8827 = VECTOR ( 'NONE', #6803, 39.37007874015748143 ) ;
#8828 = DIRECTION ( 'NONE',  ( 0.000000000000000000, -0.000000000000000000, 1.000000000000000000 ) ) ;
#8829 = EDGE_CURVE ( 'NONE', #4670, #8011, #6179, .T. ) ;
#8830 = DIRECTION ( 'NONE',  ( -0.000000000000000000, -0.000000000000000000, 1.000000000000000000 ) ) ;
#8831 = ORIENTED_EDGE ( 'NONE', *, *, #4938, .T. ) ;
#8832 = DIRECTION ( 'NONE',  ( -0.000000000000000000, -0.000000000000000000, 1.000000000000000000 ) ) ;
#8833 = FACE_BOUND ( 'NONE', #4683, .T. ) ;
#8834 = LINE ( 'NONE', #3865, #7937 ) ;
#8835 = LINE ( 'NONE', #6711, #7099 ) ;
#8836 = ORIENTED_EDGE ( 'NONE', *, *, #4801, .T. ) ;
#8837 = PLANE ( 'NONE',  #7108 ) ;
#8838 = EDGE_CURVE ( 'NONE', #9145, #1815, #527, .T. ) ;
#8839 = EDGE_CURVE ( 'NONE', #619, #7480, #6984, .T. ) ;
#8840 = VERTEX_POINT ( 'NONE', #9067 ) ;
#8841 = DIRECTION ( 'NONE',  ( 0.000000000000000000, -1.000000000000000000, 0.000000000000000000 ) ) ;
#8842 = VERTEX_POINT ( 'NONE', #2698 ) ;
#8843 = LINE ( 'NONE', #6055, #3291 ) ;
#8844 = CARTESIAN_POINT ( 'NONE',  ( -2.723500000000001808, -0.2450000000000024380, 0.000000000000000000 ) ) ;
#8845 = VERTEX_POINT ( 'NONE', #616 ) ;
#8846 = CARTESIAN_POINT ( 'NONE',  ( -3.536500000000001975, -4.245000000000002771, -0.06000000000000004635 ) ) ;
#8847 = CARTESIAN_POINT ( 'NONE',  ( -5.848500000000003141, 2.254999999999998561, 0.000000000000000000 ) ) ;
#8848 = CIRCLE ( 'NONE', #2178, 0.1559999999999988340 ) ;
#8849 = LINE ( 'NONE', #6674, #1873 ) ;
#8850 = ORIENTED_EDGE ( 'NONE', *, *, #6354, .F. ) ;
#8851 = CARTESIAN_POINT ( 'NONE',  ( -6.473500000000002252, 0.2549999999999985056, -0.7500393700787405526 ) ) ;
#8852 = VECTOR ( 'NONE', #8563, 39.37007874015748143 ) ;
#8853 = EDGE_CURVE ( 'NONE', #4408, #6190, #6275, .T. ) ;
#8854 = EDGE_CURVE ( 'NONE', #6190, #3427, #1361, .T. ) ;
#8855 = PLANE ( 'NONE',  #7541 ) ;
#8856 = EDGE_CURVE ( 'NONE', #6306, #5332, #8668, .T. ) ;
#8857 = VERTEX_POINT ( 'NONE', #2402 ) ;
#8858 = VECTOR ( 'NONE', #2284, 39.37007874015748143 ) ;
#8859 = DIRECTION ( 'NONE',  ( 1.000000000000000000, -2.500547362621746538E-15, 0.000000000000000000 ) ) ;
#8860 = VECTOR ( 'NONE', #3710, 39.37007874015748143 ) ;
#8861 = ORIENTED_EDGE ( 'NONE', *, *, #1543, .F. ) ;
#8862 = CARTESIAN_POINT ( 'NONE',  ( -4.786500000000001975, -7.745000000000001883, -0.7500393700787405526 ) ) ;
#8863 = ORIENTED_EDGE ( 'NONE', *, *, #1474, .T. ) ;
#8864 = LINE ( 'NONE', #6636, #7028 ) ;
#8865 = CARTESIAN_POINT ( 'NONE',  ( -1.473500000000001586, 3.754999999999997673, -0.06000000000000004635 ) ) ;
#8866 = VERTEX_POINT ( 'NONE', #2263 ) ;
#8867 = ADVANCED_FACE ( 'NONE', ( #3655 ), #5174, .F. ) ;
#8868 = FACE_BOUND ( 'NONE', #2934, .T. ) ;
#8869 = VECTOR ( 'NONE', #6904, 39.37007874015748143 ) ;
#8870 = AXIS2_PLACEMENT_3D ( 'NONE', #973, #5875, #7984 ) ;
#8871 = ORIENTED_EDGE ( 'NONE', *, *, #4469, .F. ) ;
#8872 = CARTESIAN_POINT ( 'NONE',  ( 8.719999999999998863, 10.78500000000000014, -0.1199999999999996209 ) ) ;
#8873 = ORIENTED_EDGE ( 'NONE', *, *, #1402, .T. ) ;
#8874 = APPLICATION_CONTEXT ( 'automotive_design' ) ;
#8875 = VECTOR ( 'NONE', #8969, 39.37007874015748143 ) ;
#8876 = ORIENTED_EDGE ( 'NONE', *, *, #5620, .T. ) ;
#8877 = CARTESIAN_POINT ( 'NONE',  ( -5.411500000000001087, -2.245000000000001883, -0.06000000000000004635 ) ) ;
#8878 = ORIENTED_EDGE ( 'NONE', *, *, #447, .T. ) ;
#8879 = DIRECTION ( 'NONE',  ( -0.000000000000000000, 1.000000000000000000, 0.000000000000000000 ) ) ;
#8880 = DIRECTION ( 'NONE',  ( 1.000000000000000000, 0.000000000000000000, 0.000000000000000000 ) ) ;
#8881 = DIRECTION ( 'NONE',  ( 0.000000000000000000, 1.000000000000000000, 0.000000000000000000 ) ) ;
#8882 = ORIENTED_EDGE ( 'NONE', *, *, #3059, .T. ) ;
#8883 = CARTESIAN_POINT ( 'NONE',  ( -6.036500000000001975, 0.2549999999999985056, -0.06000000000000004635 ) ) ;
#8884 = VECTOR ( 'NONE', #7919, 39.37007874015748143 ) ;
#8885 = FACE_BOUND ( 'NONE', #6810, .T. ) ;
#8886 = ADVANCED_FACE ( 'NONE', ( #3789 ), #8025, .F. ) ;
#8887 = CARTESIAN_POINT ( 'NONE',  ( -8.475999999999997314, 10.77899999999999636, -0.05999999999999901246 ) ) ;
#8888 = LINE ( 'NONE', #3173, #1155 ) ;
#8889 = ORIENTED_EDGE ( 'NONE', *, *, #9176, .T. ) ;
#8890 = CARTESIAN_POINT ( 'NONE',  ( -6.473500000000002252, 4.254999999999998117, -0.7500393700787405526 ) ) ;
#8891 = EDGE_LOOP ( 'NONE', ( #8679, #4775, #2342, #4951 ) ) ;
#8892 = ORIENTED_EDGE ( 'NONE', *, *, #514, .F. ) ;
#8893 = VERTEX_POINT ( 'NONE', #2304 ) ;
#8894 = FACE_OUTER_BOUND ( 'NONE', #2384, .T. ) ;
#8895 = EDGE_CURVE ( 'NONE', #8408, #7332, #967, .T. ) ;
#8896 = EDGE_LOOP ( 'NONE', ( #7493, #6906, #598, #6999 ) ) ;
#8897 = DIRECTION ( 'NONE',  ( -0.000000000000000000, -0.000000000000000000, 1.000000000000000000 ) ) ;
#8898 = CARTESIAN_POINT ( 'NONE',  ( 8.475999999999997314, -10.77899999999999991, -0.05999999999999901246 ) ) ;
#8899 = CARTESIAN_POINT ( 'NONE',  ( -1.473500000000001586, 0.2549999999999985056, -0.06000000000000004635 ) ) ;
#8900 = ORIENTED_EDGE ( 'NONE', *, *, #3036, .T. ) ;
#8901 = CARTESIAN_POINT ( 'NONE',  ( -0.4115000000000008096, 1.754999999999998117, 0.000000000000000000 ) ) ;
#8902 = DIRECTION ( 'NONE',  ( 1.000000000000000000, 0.000000000000000000, 3.167359992654217041E-15 ) ) ;
#8903 = EDGE_CURVE ( 'NONE', #8728, #7015, #7771, .T. ) ;
#8904 = VERTEX_POINT ( 'NONE', #4223 ) ;
#8905 = DIRECTION ( 'NONE',  ( -0.000000000000000000, -0.000000000000000000, 1.000000000000000000 ) ) ;
#8906 = EDGE_CURVE ( 'NONE', #1290, #7816, #5869, .T. ) ;
#8907 = DIRECTION ( 'NONE',  ( 1.000000000000000000, 0.000000000000000000, 0.000000000000000000 ) ) ;
#8908 = DIRECTION ( 'NONE',  ( 0.000000000000000000, 0.000000000000000000, 1.000000000000000000 ) ) ;
#8909 = EDGE_LOOP ( 'NONE', ( #2969, #6779, #1675, #588 ) ) ;
#8910 = FACE_OUTER_BOUND ( 'NONE', #3993, .T. ) ;
#8911 = DIRECTION ( 'NONE',  ( 1.000000000000000000, 0.000000000000000000, 3.167359992654217041E-15 ) ) ;
#8912 = ORIENTED_EDGE ( 'NONE', *, *, #7033, .F. ) ;
#8913 = FACE_BOUND ( 'NONE', #494, .T. ) ;
#8914 = ORIENTED_EDGE ( 'NONE', *, *, #7445, .F. ) ;
#8915 = CARTESIAN_POINT ( 'NONE',  ( -2.286500000000001975, 0.2549999999999985056, -0.06000000000000004635 ) ) ;
#8916 = EDGE_CURVE ( 'NONE', #9077, #5724, #7670, .T. ) ;
#8917 = VECTOR ( 'NONE', #3089, 39.37007874015748143 ) ;
#8918 = VECTOR ( 'NONE', #4592, 39.37007874015748143 ) ;
#8919 = ORIENTED_EDGE ( 'NONE', *, *, #1310, .F. ) ;
#8920 = CARTESIAN_POINT ( 'NONE',  ( -6.473500000000002252, 0.2549999999999985056, -0.7500393700787405526 ) ) ;
#8921 = ORIENTED_EDGE ( 'NONE', *, *, #7739, .T. ) ;
#8922 = CARTESIAN_POINT ( 'NONE',  ( -1.473500000000001586, 3.754999999999997673, 0.000000000000000000 ) ) ;
#8923 = LINE ( 'NONE', #1216, #6132 ) ;
#8924 = LINE ( 'NONE', #1176, #3573 ) ;
#8925 = VECTOR ( 'NONE', #8303, 39.37007874015748143 ) ;
#8926 = EDGE_LOOP ( 'NONE', ( #515, #2633, #1697, #48 ) ) ;
#8927 = DIRECTION ( 'NONE',  ( 1.000000000000000000, -0.000000000000000000, 0.000000000000000000 ) ) ;
#8928 = FACE_BOUND ( 'NONE', #8199, .T. ) ;
#8929 = VECTOR ( 'NONE', #4054, 39.37007874015748143 ) ;
#8930 = CARTESIAN_POINT ( 'NONE',  ( -8.720000000000004192, 5.564999999999997726, -0.3880000000000474181 ) ) ;
#8931 = LINE ( 'NONE', #1732, #3069 ) ;
#8932 = VERTEX_POINT ( 'NONE', #3042 ) ;
#8933 = LINE ( 'NONE', #5397, #6116 ) ;
#8934 = AXIS2_PLACEMENT_3D ( 'NONE', #7022, #7164, #608 ) ;
#8935 = ORIENTED_EDGE ( 'NONE', *, *, #3054, .F. ) ;
#8936 = DIRECTION ( 'NONE',  ( 0.000000000000000000, -0.000000000000000000, -1.000000000000000000 ) ) ;
#8937 = DIRECTION ( 'NONE',  ( -0.000000000000000000, -1.000000000000000000, -0.000000000000000000 ) ) ;
#8938 = DIRECTION ( 'NONE',  ( -1.000000000000000000, 0.000000000000000000, 0.000000000000000000 ) ) ;
#8939 = ORIENTED_EDGE ( 'NONE', *, *, #2289, .T. ) ;
#8940 = DIRECTION ( 'NONE',  ( -1.000000000000000000, -0.000000000000000000, -0.000000000000000000 ) ) ;
#8941 = CARTESIAN_POINT ( 'NONE',  ( -5.411500000000001975, -9.745000000000002771, -0.7500393700787405526 ) ) ;
#8942 = ORIENTED_EDGE ( 'NONE', *, *, #4848, .F. ) ;
#8943 = PLANE ( 'NONE',  #2680 ) ;
#8944 = EDGE_CURVE ( 'NONE', #7467, #8626, #7284, .T. ) ;
#8945 = LINE ( 'NONE', #6064, #1166 ) ;
#8946 = AXIS2_PLACEMENT_3D ( 'NONE', #4213, #748, #138 ) ;
#8947 = ORIENTED_EDGE ( 'NONE', *, *, #2597, .F. ) ;
#8948 = CARTESIAN_POINT ( 'NONE',  ( -3.348500000000002697, 2.254999999999998561, -0.7500393700787405526 ) ) ;
#8949 = LINE ( 'NONE', #6912, #6058 ) ;
#8950 = EDGE_CURVE ( 'NONE', #1171, #2017, #8716, .T. ) ;
#8951 = DIRECTION ( 'NONE',  ( -0.000000000000000000, 0.000000000000000000, 1.000000000000000000 ) ) ;
#8952 = ORIENTED_EDGE ( 'NONE', *, *, #2262, .F. ) ;
#8953 = DIRECTION ( 'NONE',  ( 1.000000000000000000, 0.000000000000000000, 0.000000000000000000 ) ) ;
#8954 = EDGE_LOOP ( 'NONE', ( #2264, #3485, #4934, #722 ) ) ;
#8955 = VECTOR ( 'NONE', #8737, 39.37007874015748143 ) ;
#8956 = EDGE_CURVE ( 'NONE', #1505, #5918, #1661, .T. ) ;
#8957 = EDGE_CURVE ( 'NONE', #4209, #2218, #9004, .T. ) ;
#8958 = EDGE_CURVE ( 'NONE', #8840, #1213, #4076, .T. ) ;
#8959 = AXIS2_PLACEMENT_3D ( 'NONE', #7583, #2659, #5483 ) ;
#8960 = VERTEX_POINT ( 'NONE', #7187 ) ;
#8961 = CARTESIAN_POINT ( 'NONE',  ( -5.411500000000001975, -9.745000000000002771, 0.000000000000000000 ) ) ;
#8962 = VERTEX_POINT ( 'NONE', #9052 ) ;
#8963 = EDGE_LOOP ( 'NONE', ( #5987, #4079, #9092, #585 ) ) ;
#8964 = CARTESIAN_POINT ( 'NONE',  ( -4.786500000000001975, 0.2549999999999985056, 0.000000000000000000 ) ) ;
#8965 = EDGE_CURVE ( 'NONE', #6613, #7851, #777, .T. ) ;
#8966 = DIRECTION ( 'NONE',  ( 1.000000000000000000, 0.000000000000000000, 0.000000000000000000 ) ) ;
#8967 = DIRECTION ( 'NONE',  ( 0.000000000000000000, 1.000000000000000000, 0.000000000000000000 ) ) ;
#8968 = VERTEX_POINT ( 'NONE', #2682 ) ;
#8969 = DIRECTION ( 'NONE',  ( -0.000000000000000000, -0.000000000000000000, 1.000000000000000000 ) ) ;
#8970 = FACE_BOUND ( 'NONE', #4885, .T. ) ;
#8971 = EDGE_CURVE ( 'NONE', #3819, #2507, #4240, .T. ) ;
#8972 = SURFACE_STYLE_FILL_AREA ( #6133 ) ;
#8973 = FACE_OUTER_BOUND ( 'NONE', #8183, .T. ) ;
#8974 = AXIS2_PLACEMENT_3D ( 'NONE', #450, #6718, #2480 ) ;
#8975 = ORIENTED_EDGE ( 'NONE', *, *, #112, .T. ) ;
#8976 = DIRECTION ( 'NONE',  ( 1.000000000000000000, 0.000000000000000000, 0.000000000000000000 ) ) ;
#8977 = EDGE_LOOP ( 'NONE', ( #7723, #6796, #556, #355 ) ) ;
#8978 = ADVANCED_FACE ( 'NONE', ( #8609 ), #3599, .F. ) ;
#8979 = ORIENTED_EDGE ( 'NONE', *, *, #5560, .F. ) ;
#8980 = CARTESIAN_POINT ( 'NONE',  ( -0.8485000000000026965, -5.745000000000000995, 0.000000000000000000 ) ) ;
#8981 = EDGE_LOOP ( 'NONE', ( #4990, #8104, #5469, #4953 ) ) ;
#8982 = CARTESIAN_POINT ( 'NONE',  ( -8.720000000000004192, -6.945000000000003837, -0.4400000000000474087 ) ) ;
#8983 = VERTEX_POINT ( 'NONE', #3378 ) ;
#8984 = DIRECTION ( 'NONE',  ( 0.000000000000000000, 1.000000000000000000, 0.000000000000000000 ) ) ;
#8985 = CARTESIAN_POINT ( 'NONE',  ( -2.098500000000002697, 5.754999999999998117, -0.7500393700787405526 ) ) ;
#8986 = ORIENTED_EDGE ( 'NONE', *, *, #786, .F. ) ;
#8987 = PLANE ( 'NONE',  #3425 ) ;
#8988 = DIRECTION ( 'NONE',  ( -1.000000000000000000, 0.000000000000000000, 0.000000000000000000 ) ) ;
#8989 = CIRCLE ( 'NONE', #5570, 0.1559999999999988340 ) ;
#8990 = ORIENTED_EDGE ( 'NONE', *, *, #3596, .T. ) ;
#8991 = LINE ( 'NONE', #3366, #418 ) ;
#8992 = DIRECTION ( 'NONE',  ( 1.000000000000000000, 0.000000000000000000, 0.000000000000000000 ) ) ;
#8993 = DIRECTION ( 'NONE',  ( 1.000000000000000000, -0.000000000000000000, 3.167359992654216647E-15 ) ) ;
#8994 = EDGE_CURVE ( 'NONE', #8011, #4770, #7872, .T. ) ;
#8995 = CARTESIAN_POINT ( 'NONE',  ( -7.098500000000003141, -9.745000000000000995, 0.000000000000000000 ) ) ;
#8996 = VECTOR ( 'NONE', #4945, 39.37007874015748143 ) ;
#8997 = ORIENTED_EDGE ( 'NONE', *, *, #3120, .T. ) ;
#8998 = DIRECTION ( 'NONE',  ( -0.000000000000000000, -0.000000000000000000, 1.000000000000000000 ) ) ;
#8999 = VERTEX_POINT ( 'NONE', #818 ) ;
#9000 = VECTOR ( 'NONE', #3525, 39.37007874015748143 ) ;
#9001 = ORIENTED_EDGE ( 'NONE', *, *, #3503, .F. ) ;
#9002 = ORIENTED_EDGE ( 'NONE', *, *, #3224, .T. ) ;
#9003 = PRODUCT_DEFINITION_SHAPE ( 'NONE', 'NONE',  #7411 ) ;
#9004 = LINE ( 'NONE', #6393, #3356 ) ;
#9005 = CIRCLE ( 'NONE', #4995, 0.1199999999999999123 ) ;
#9006 = EDGE_CURVE ( 'NONE', #2856, #7213, #1945, .T. ) ;
#9007 = ADVANCED_FACE ( 'NONE', ( #6440 ), #3641, .F. ) ;
#9008 = ORIENTED_EDGE ( 'NONE', *, *, #2108, .F. ) ;
#9009 = LINE ( 'NONE', #8317, #58 ) ;
#9010 = VECTOR ( 'NONE', #1421, 39.37007874015748143 ) ;
#9011 = AXIS2_PLACEMENT_3D ( 'NONE', #5170, #177, #5041 ) ;
#9012 = EDGE_LOOP ( 'NONE', ( #4792, #4042, #6365, #4406 ) ) ;
#9013 = ORIENTED_EDGE ( 'NONE', *, *, #8558, .F. ) ;
#9014 = LINE ( 'NONE', #2516, #5795 ) ;
#9015 = CARTESIAN_POINT ( 'NONE',  ( -0.4115000000000029745, 9.754999999999999005, -0.7500393700787405526 ) ) ;
#9016 = CARTESIAN_POINT ( 'NONE',  ( 8.720000000000000639, 10.78500000000000014, -0.7499999999999998890 ) ) ;
#9017 = ORIENTED_EDGE ( 'NONE', *, *, #2998, .T. ) ;
#9018 = CARTESIAN_POINT ( 'NONE',  ( -1.473500000000001586, 0.2549999999999985056, -0.7500393700787405526 ) ) ;
#9019 = FACE_BOUND ( 'NONE', #8501, .T. ) ;
#9020 = VECTOR ( 'NONE', #1407, 39.37007874015748143 ) ;
#9021 = AXIS2_PLACEMENT_3D ( 'NONE', #7588, #1231, #4790 ) ;
#9022 = AXIS2_PLACEMENT_3D ( 'NONE', #3363, #8807, #2766 ) ;
#9023 = VECTOR ( 'NONE', #2129, 39.37007874015748143 ) ;
#9024 = EDGE_CURVE ( 'NONE', #4630, #5485, #5031, .T. ) ;
#9025 = DIRECTION ( 'NONE',  ( 0.000000000000000000, 0.000000000000000000, -1.000000000000000000 ) ) ;
#9026 = EDGE_CURVE ( 'NONE', #3084, #1348, #4288, .T. ) ;
#9027 = DIRECTION ( 'NONE',  ( 0.000000000000000000, -0.000000000000000000, -1.000000000000000000 ) ) ;
#9028 = ORIENTED_EDGE ( 'NONE', *, *, #232, .F. ) ;
#9029 = CARTESIAN_POINT ( 'NONE',  ( -4.786500000000001975, 7.754999999999997229, 0.000000000000000000 ) ) ;
#9030 = ORIENTED_EDGE ( 'NONE', *, *, #8306, .F. ) ;
#9031 = AXIS2_PLACEMENT_3D ( 'NONE', #3137, #456, #6673 ) ;
#9032 = ORIENTED_EDGE ( 'NONE', *, *, #4884, .F. ) ;
#9033 = CARTESIAN_POINT ( 'NONE',  ( -4.598500000000003141, -9.745000000000000995, -0.06000000000000004635 ) ) ;
#9034 = ADVANCED_FACE ( 'NONE', ( #5072 ), #4032, .F. ) ;
#9035 = VERTEX_POINT ( 'NONE', #34 ) ;
#9036 = EDGE_LOOP ( 'NONE', ( #2883, #3539, #2738, #5007 ) ) ;
#9037 = DIRECTION ( 'NONE',  ( -0.000000000000000000, -0.000000000000000000, 1.000000000000000000 ) ) ;
#9038 = ADVANCED_FACE ( 'NONE', ( #4771 ), #79, .F. ) ;
#9039 = LINE ( 'NONE', #2072, #3815 ) ;
#9040 = ORIENTED_EDGE ( 'NONE', *, *, #6006, .F. ) ;
#9041 = FACE_OUTER_BOUND ( 'NONE', #4142, .T. ) ;
#9042 = DIRECTION ( 'NONE',  ( 0.000000000000000000, 0.000000000000000000, -1.000000000000000000 ) ) ;
#9043 = CARTESIAN_POINT ( 'NONE',  ( -8.475999999999999091, 0.000000000000000000, -0.000000000000000000 ) ) ;
#9044 = DIRECTION ( 'NONE',  ( 0.000000000000000000, -0.000000000000000000, -1.000000000000000000 ) ) ;
#9045 = CARTESIAN_POINT ( 'NONE',  ( -3.348500000000002697, 6.254999999999999893, -0.06000000000000004635 ) ) ;
#9046 = DIRECTION ( 'NONE',  ( -0.000000000000000000, -0.000000000000000000, 1.000000000000000000 ) ) ;
#9047 = ORIENTED_EDGE ( 'NONE', *, *, #43, .F. ) ;
#9048 = LINE ( 'NONE', #1897, #5181 ) ;
#9049 = ORIENTED_EDGE ( 'NONE', *, *, #4075, .T. ) ;
#9050 = EDGE_LOOP ( 'NONE', ( #7765, #783, #5856, #519 ) ) ;
#9051 = EDGE_CURVE ( 'NONE', #1308, #2122, #2940, .T. ) ;
#9052 = CARTESIAN_POINT ( 'NONE',  ( -0.8485000000000026965, 6.254999999999999893, -0.06000000000000004635 ) ) ;
#9053 = CIRCLE ( 'NONE', #8747, 0.1559999999999991116 ) ;
#9054 = ORIENTED_EDGE ( 'NONE', *, *, #6605, .T. ) ;
#9055 = CARTESIAN_POINT ( 'NONE',  ( -1.473500000000001586, 0.2549999999999985056, -0.7500393700787405526 ) ) ;
#9056 = ORIENTED_EDGE ( 'NONE', *, *, #5132, .F. ) ;
#9057 = VERTEX_POINT ( 'NONE', #3555 ) ;
#9058 = DIRECTION ( 'NONE',  ( -0.000000000000000000, 1.000000000000000000, 0.000000000000000000 ) ) ;
#9059 = DIRECTION ( 'NONE',  ( -1.000000000000000000, 0.000000000000000000, 0.000000000000000000 ) ) ;
#9060 = CARTESIAN_POINT ( 'NONE',  ( -3.750000000000002220, -10.56500000000000128, -0.06000000000000004635 ) ) ;
#9061 = EDGE_CURVE ( 'NONE', #7296, #2800, #6922, .T. ) ;
#9062 = ORIENTED_EDGE ( 'NONE', *, *, #6108, .T. ) ;
#9063 = CARTESIAN_POINT ( 'NONE',  ( -5.223500000000001364, 3.754999999999997673, -0.7500393700787405526 ) ) ;
#9064 = DIRECTION ( 'NONE',  ( 0.000000000000000000, -1.000000000000000000, 0.000000000000000000 ) ) ;
#9065 = CIRCLE ( 'NONE', #7877, 0.05200000000000001843 ) ;
#9066 = FACE_OUTER_BOUND ( 'NONE', #2513, .T. ) ;
#9067 = CARTESIAN_POINT ( 'NONE',  ( -1.661500000000000865, -5.745000000000000995, -0.06000000000000004635 ) ) ;
#9068 = ORIENTED_EDGE ( 'NONE', *, *, #4925, .F. ) ;
#9069 = CARTESIAN_POINT ( 'NONE',  ( -5.848500000000003141, 9.754999999999999005, 0.000000000000000000 ) ) ;
#9070 = EDGE_CURVE ( 'NONE', #1183, #2927, #8527, .T. ) ;
#9071 = ORIENTED_EDGE ( 'NONE', *, *, #1224, .F. ) ;
#9072 = VECTOR ( 'NONE', #2074, 39.37007874015748143 ) ;
#9073 = VECTOR ( 'NONE', #4701, 39.37007874015748143 ) ;
#9074 = DIRECTION ( 'NONE',  ( -1.000000000000000000, 0.000000000000000000, 0.000000000000000000 ) ) ;
#9075 = LINE ( 'NONE', #6855, #6452 ) ;
#9076 = EDGE_CURVE ( 'NONE', #2226, #242, #8569, .T. ) ;
#9077 = VERTEX_POINT ( 'NONE', #908 ) ;
#9079 = EDGE_CURVE ( 'NONE', #8840, #5531, #8702, .T. ) ;
#9078 = LINE ( 'NONE', #2707, #4164 ) ;
#9080 = ORIENTED_EDGE ( 'NONE', *, *, #6477, .T. ) ;
#9081 = FACE_OUTER_BOUND ( 'NONE', #5926, .T. ) ;
#9082 = AXIS2_PLACEMENT_3D ( 'NONE', #4232, #7091, #8596 ) ;
#9083 = CARTESIAN_POINT ( 'NONE',  ( -8.720000000000004192, -6.945000000000003837, -0.4400000000000474087 ) ) ;
#9084 = ORIENTED_EDGE ( 'NONE', *, *, #5558, .F. ) ;
#9085 = EDGE_LOOP ( 'NONE', ( #5351, #6573, #8892, #4970 ) ) ;
#9086 = LINE ( 'NONE', #4061, #8483 ) ;
#9087 = FACE_BOUND ( 'NONE', #7757, .T. ) ;
#9089 = EDGE_CURVE ( 'NONE', #6233, #2465, #4514, .T. ) ;
#9088 = CARTESIAN_POINT ( 'NONE',  ( -3.536500000000001975, 7.754999999999997229, 0.000000000000000000 ) ) ;
#9090 = EDGE_CURVE ( 'NONE', #619, #6145, #1607, .T. ) ;
#9091 = CARTESIAN_POINT ( 'NONE',  ( -5.223500000000001364, -3.745000000000001883, -0.7500393700787405526 ) ) ;
#9092 = ORIENTED_EDGE ( 'NONE', *, *, #389, .F. ) ;
#9093 = LINE ( 'NONE', #8948, #266 ) ;
#9094 = PLANE ( 'NONE',  #6366 ) ;
#9095 = CARTESIAN_POINT ( 'NONE',  ( -6.661500000000001087, -6.245000000000001883, -0.7500393700787405526 ) ) ;
#9096 = EDGE_CURVE ( 'NONE', #4723, #4314, #549, .T. ) ;
#9097 = DIRECTION ( 'NONE',  ( 0.000000000000000000, -0.000000000000000000, -1.000000000000000000 ) ) ;
#9098 = ORIENTED_EDGE ( 'NONE', *, *, #1847, .T. ) ;
#9099 = DIRECTION ( 'NONE',  ( 1.000000000000000000, 0.000000000000000000, 0.000000000000000000 ) ) ;
#9100 = ORIENTED_EDGE ( 'NONE', *, *, #5835, .T. ) ;
#9101 = VECTOR ( 'NONE', #1949, 39.37007874015748143 ) ;
#9102 = VERTEX_POINT ( 'NONE', #3083 ) ;
#9103 = CARTESIAN_POINT ( 'NONE',  ( -8.720000000000004192, 5.564999999999997726, -0.4920000000000474549 ) ) ;
#9104 = VECTOR ( 'NONE', #8830, 39.37007874015748143 ) ;
#9105 = EDGE_LOOP ( 'NONE', ( #5968, #2358, #1240, #2965 ) ) ;
#9106 = CARTESIAN_POINT ( 'NONE',  ( -8.470000000000002416, 10.90499999999999758, 3.474954960022481518E-14 ) ) ;
#9107 = ORIENTED_EDGE ( 'NONE', *, *, #2437, .T. ) ;
#9108 = ORIENTED_EDGE ( 'NONE', *, *, #8724, .T. ) ;
#9109 = PLANE ( 'NONE',  #8934 ) ;
#9110 = DIRECTION ( 'NONE',  ( 0.000000000000000000, 0.000000000000000000, -1.000000000000000000 ) ) ;
#9111 = DIRECTION ( 'NONE',  ( -1.000000000000000000, 0.000000000000000000, 0.000000000000000000 ) ) ;
#9112 = EDGE_LOOP ( 'NONE', ( #4983, #6973, #518, #9131 ) ) ;
#9113 = FACE_BOUND ( 'NONE', #3389, .T. ) ;
#9114 = CARTESIAN_POINT ( 'NONE',  ( -3.973500000000001808, 0.2549999999999985056, -0.7500393700787405526 ) ) ;
#9115 = ORIENTED_EDGE ( 'NONE', *, *, #9024, .T. ) ;
#9116 = LINE ( 'NONE', #7634, #6137 ) ;
#9117 = EDGE_CURVE ( 'NONE', #9145, #5888, #3132, .T. ) ;
#9118 = VERTEX_POINT ( 'NONE', #8798 ) ;
#9119 = PLANE ( 'NONE',  #45 ) ;
#9120 = ORIENTED_EDGE ( 'NONE', *, *, #7990, .T. ) ;
#9121 = DIRECTION ( 'NONE',  ( -0.000000000000000000, -0.000000000000000000, 1.000000000000000000 ) ) ;
#9122 = ORIENTED_EDGE ( 'NONE', *, *, #823, .F. ) ;
#9123 = LINE ( 'NONE', #1925, #8484 ) ;
#9124 = AXIS2_PLACEMENT_3D ( 'NONE', #4132, #4089, #6936 ) ;
#9125 = ORIENTED_EDGE ( 'NONE', *, *, #1770, .F. ) ;
#9126 = LINE ( 'NONE', #7180, #555 ) ;
#9127 = DIRECTION ( 'NONE',  ( 0.000000000000000000, -0.000000000000000000, 1.000000000000000000 ) ) ;
#9128 = VERTEX_POINT ( 'NONE', #8844 ) ;
#9129 = EDGE_CURVE ( 'NONE', #1901, #8080, #3732, .T. ) ;
#9130 = ADVANCED_FACE ( 'NONE', ( #6721 ), #6011, .F. ) ;
#9131 = ORIENTED_EDGE ( 'NONE', *, *, #2871, .F. ) ;
#9132 = LINE ( 'NONE', #2763, #5500 ) ;
#9133 = FACE_BOUND ( 'NONE', #8244, .T. ) ;
#9134 =( GEOMETRIC_REPRESENTATION_CONTEXT ( 3 ) GLOBAL_UNCERTAINTY_ASSIGNED_CONTEXT ( ( #6138 ) ) GLOBAL_UNIT_ASSIGNED_CONTEXT ( ( #2060, #5703, #3487 ) ) REPRESENTATION_CONTEXT ( 'NONE', 'WORKASPACE' ) );
#9135 = FACE_OUTER_BOUND ( 'NONE', #7259, .T. ) ;
#9136 = CARTESIAN_POINT ( 'NONE',  ( -2.911500000000001087, 6.254999999999999893, -0.7500393700787405526 ) ) ;
#9137 = ORIENTED_EDGE ( 'NONE', *, *, #848, .F. ) ;
#9138 = DIRECTION ( 'NONE',  ( 1.000000000000000000, 0.000000000000000000, -3.167359992654217041E-15 ) ) ;
#9139 = PLANE ( 'NONE',  #5611 ) ;
#9140 = LINE ( 'NONE', #2257, #8689 ) ;
#9141 = FACE_OUTER_BOUND ( 'NONE', #2150, .T. ) ;
#9142 = EDGE_CURVE ( 'NONE', #5787, #7895, #8062, .T. ) ;
#9143 = VERTEX_POINT ( 'NONE', #3875 ) ;
#9144 = CARTESIAN_POINT ( 'NONE',  ( -0.4115000000000008096, -2.245000000000001883, -0.06000000000000004635 ) ) ;
#9145 = VERTEX_POINT ( 'NONE', #1740 ) ;
#9146 = CIRCLE ( 'NONE', #7079, 0.06000000000000099698 ) ;
#9147 = VERTEX_POINT ( 'NONE', #2293 ) ;
#9148 = CARTESIAN_POINT ( 'NONE',  ( -7.098500000000003141, 1.754999999999998117, -0.7500393700787405526 ) ) ;
#9149 = EDGE_CURVE ( 'NONE', #6566, #3831, #868, .T. ) ;
#9150 = DIRECTION ( 'NONE',  ( -0.000000000000000000, 1.000000000000000000, 0.000000000000000000 ) ) ;
#9151 = ORIENTED_EDGE ( 'NONE', *, *, #5379, .F. ) ;
#9152 = ADVANCED_FACE ( 'NONE', ( #357 ), #3182, .F. ) ;
#9153 = VECTOR ( 'NONE', #8397, 39.37007874015748143 ) ;
#9154 = VERTEX_POINT ( 'NONE', #2341 ) ;
#9155 = DIRECTION ( 'NONE',  ( 0.000000000000000000, -0.000000000000000000, -1.000000000000000000 ) ) ;
#9156 = ORIENTED_EDGE ( 'NONE', *, *, #1482, .T. ) ;
#9157 = CARTESIAN_POINT ( 'NONE',  ( -6.036500000000001975, 7.754999999999997229, -0.06000000000000004635 ) ) ;
#9158 = VECTOR ( 'NONE', #2161, 39.37007874015748143 ) ;
#9159 = VECTOR ( 'NONE', #8314, 39.37007874015748143 ) ;
#9160 = CARTESIAN_POINT ( 'NONE',  ( -3.973500000000001808, 3.754999999999997673, -0.06000000000000004635 ) ) ;
#9161 = DIRECTION ( 'NONE',  ( 0.000000000000000000, -1.000000000000000000, 0.000000000000000000 ) ) ;
#9162 = VERTEX_POINT ( 'NONE', #212 ) ;
#9163 = DIRECTION ( 'NONE',  ( -1.000000000000000000, -0.000000000000000000, -0.000000000000000000 ) ) ;
#9164 = VECTOR ( 'NONE', #3681, 39.37007874015748143 ) ;
#9165 = CARTESIAN_POINT ( 'NONE',  ( -7.098500000000003141, -9.745000000000000995, -0.7500393700787405526 ) ) ;
#9166 = VECTOR ( 'NONE', #1893, 39.37007874015748143 ) ;
#9167 = FACE_OUTER_BOUND ( 'NONE', #7803, .T. ) ;
#9168 = ORIENTED_EDGE ( 'NONE', *, *, #2289, .F. ) ;
#9169 = DIRECTION ( 'NONE',  ( -0.000000000000000000, 1.000000000000000000, -3.491481338843133750E-15 ) ) ;
#9170 = ORIENTED_EDGE ( 'NONE', *, *, #501, .T. ) ;
#9171 = CARTESIAN_POINT ( 'NONE',  ( -7.098500000000003141, -9.745000000000000995, -0.7500393700787405526 ) ) ;
#9172 = LINE ( 'NONE', #6428, #5977 ) ;
#9173 = DIRECTION ( 'NONE',  ( -0.000000000000000000, -0.000000000000000000, 1.000000000000000000 ) ) ;
#9174 = VECTOR ( 'NONE', #136, 39.37007874015748143 ) ;
#9175 = VECTOR ( 'NONE', #6538, 39.37007874015748143 ) ;
#9176 = EDGE_CURVE ( 'NONE', #6388, #4209, #1559, .T. ) ;
#9177 = ORIENTED_EDGE ( 'NONE', *, *, #2366, .T. ) ;
#9178 = DIRECTION ( 'NONE',  ( -0.000000000000000000, 1.000000000000000000, 0.000000000000000000 ) ) ;
#9179 = LINE ( 'NONE', #6952, #4999 ) ;
#9180 = ORIENTED_EDGE ( 'NONE', *, *, #5852, .T. ) ;
#9181 = VECTOR ( 'NONE', #8094, 39.37007874015748143 ) ;
#9182 = DIRECTION ( 'NONE',  ( -0.000000000000000000, 0.000000000000000000, 1.000000000000000000 ) ) ;
#9183 = DIRECTION ( 'NONE',  ( 1.000000000000000000, -0.000000000000000000, 0.000000000000000000 ) ) ;
#9184 = EDGE_CURVE ( 'NONE', #7448, #5421, #3691, .T. ) ;
#9185 = AXIS2_PLACEMENT_3D ( 'NONE', #6067, #8907, #1846 ) ;
#9186 = VERTEX_POINT ( 'NONE', #165 ) ;
#9187 = CARTESIAN_POINT ( 'NONE',  ( -4.161500000000002863, 9.754999999999999005, -0.05999999999999999778 ) ) ;
#9188 = DIRECTION ( 'NONE',  ( 0.000000000000000000, -0.000000000000000000, -1.000000000000000000 ) ) ;
#9189 = DIRECTION ( 'NONE',  ( 1.000000000000000000, 0.000000000000000000, 0.000000000000000000 ) ) ;
#9190 = DIRECTION ( 'NONE',  ( -0.000000000000000000, -0.000000000000000000, 1.000000000000000000 ) ) ;
#9191 = EDGE_LOOP ( 'NONE', ( #3374, #7779, #6447, #417 ) ) ;
#9192 = DIRECTION ( 'NONE',  ( 0.000000000000000000, -0.000000000000000000, -1.000000000000000000 ) ) ;
#9193 = VERTEX_POINT ( 'NONE', #5810 ) ;
ENDSEC;
END-ISO-10303-21;
