ISO-10303-21;
HEADER;
FILE_DESCRIPTION (( 'STEP AP203' ),
    '1' );
FILE_NAME ('PP22121-02-(16ga ANSI-61) - K48 - V0-R0.STEP',
    '2026-06-24T17:58:38',
    ( '' ),
    ( '' ),
    'SwSTEP 2.0',
    'SolidWorks 2024',
    '' );
FILE_SCHEMA (( 'CONFIG_CONTROL_DESIGN' ));
ENDSEC;

DATA;
#1 = ORIENTED_EDGE ( 'NONE', *, *, #1142, .T. ) ;
#2 = DIRECTION ( 'NONE',  ( 0.000000000000000000, 1.000000000000000000, 3.841661241090305920E-15 ) ) ;
#3 = PERSON_AND_ORGANIZATION ( #928, #922 ) ;
#4 = CARTESIAN_POINT ( 'NONE',  ( 8.620000000000000995, -12.42499999999999893, -0.1199999999999998151 ) ) ;
#5 = DIRECTION ( 'NONE',  ( 0.000000000000000000, -1.000000000000000000, 0.000000000000000000 ) ) ;
#6 = PLANE ( 'NONE',  #1602 ) ;
#7 = ORIENTED_EDGE ( 'NONE', *, *, #1960, .T. ) ;
#8 = AXIS2_PLACEMENT_3D ( 'NONE', #2188, #934, #619 ) ;
#9 = ORIENTED_EDGE ( 'NONE', *, *, #874, .F. ) ;
#10 = DIRECTION ( 'NONE',  ( 0.000000000000000000, 1.000000000000000000, 0.000000000000000000 ) ) ;
#11 = VERTEX_POINT ( 'NONE', #596 ) ;
#12 = LINE ( 'NONE', #2118, #151 ) ;
#13 = LOCAL_TIME ( 11, 58, 38.00000000000000000, #1070 ) ;
#14 = AXIS2_PLACEMENT_3D ( 'NONE', #1839, #1650, #1276 ) ;
#15 = CALENDAR_DATE ( 2026, 24, 6 ) ;
#16 = EDGE_CURVE ( 'NONE', #647, #1465, #286, .T. ) ;
#17 = EDGE_CURVE ( 'NONE', #1542, #1274, #1633, .T. ) ;
#18 = AXIS2_PLACEMENT_3D ( 'NONE', #2048, #327, #280 ) ;
#19 = DIRECTION ( 'NONE',  ( -1.000000000000000000, 0.000000000000000000, 0.000000000000000000 ) ) ;
#20 = PLANE ( 'NONE',  #1306 ) ;
#21 = ADVANCED_FACE ( 'NONE', ( #1296 ), #937, .T. ) ;
#22 = ADVANCED_FACE ( 'NONE', ( #1123 ), #1488, .T. ) ;
#23 = CARTESIAN_POINT ( 'NONE',  ( 2.750000000000000444, 2.455000000000000071, -0.05999999999999997696 ) ) ;
#24 = EDGE_CURVE ( 'NONE', #655, #58, #1098, .T. ) ;
#25 = ORIENTED_EDGE ( 'NONE', *, *, #1600, .F. ) ;
#26 = AXIS2_PLACEMENT_3D ( 'NONE', #87, #2029, #451 ) ;
#27 = ORIENTED_EDGE ( 'NONE', *, *, #1947, .F. ) ;
#28 = EDGE_CURVE ( 'NONE', #152, #727, #1135, .T. ) ;
#29 = DIRECTION ( 'NONE',  ( -0.000000000000000000, -0.000000000000000000, 1.000000000000000000 ) ) ;
#30 = ORIENTED_EDGE ( 'NONE', *, *, #236, .T. ) ;
#31 = CARTESIAN_POINT ( 'NONE',  ( -9.274712636846508929, 12.48499999999999943, 0.000000000000000000 ) ) ;
#32 = PERSON_AND_ORGANIZATION_ROLE ( 'creator' ) ;
#33 = VECTOR ( 'NONE', #1673, 39.37007874015748143 ) ;
#34 = PRODUCT_DEFINITION_SHAPE ( 'NONE', 'NONE',  #976 ) ;
#35 = LINE ( 'NONE', #706, #449 ) ;
#36 = DIRECTION ( 'NONE',  ( -0.000000000000000000, -0.000000000000000000, 1.000000000000000000 ) ) ;
#37 = VERTEX_POINT ( 'NONE', #1802 ) ;
#38 = ADVANCED_FACE ( 'NONE', ( #952 ), #1451, .F. ) ;
#39 = FACE_OUTER_BOUND ( 'NONE', #1100, .T. ) ;
#40 = LINE ( 'NONE', #1591, #470 ) ;
#41 = EDGE_CURVE ( 'NONE', #1349, #1967, #779, .T. ) ;
#42 = ORIENTED_EDGE ( 'NONE', *, *, #704, .T. ) ;
#43 = CARTESIAN_POINT ( 'NONE',  ( 0.5700000000000007283, 4.644999999999999574, 0.000000000000000000 ) ) ;
#44 = CARTESIAN_POINT ( 'NONE',  ( -8.619999999999995666, 12.36499999999999844, -0.1200000000000000372 ) ) ;
#45 = CARTESIAN_POINT ( 'NONE',  ( 8.625999999999997669, -12.35899999999999821, -0.05999999999999904715 ) ) ;
#46 = EDGE_LOOP ( 'NONE', ( #831, #390, #1150, #541 ) ) ;
#47 = DIRECTION ( 'NONE',  ( -1.000000000000000000, 0.000000000000000000, 0.000000000000000000 ) ) ;
#48 = LINE ( 'NONE', #245, #1154 ) ;
#49 = ADVANCED_FACE ( 'NONE', ( #39 ), #733, .F. ) ;
#50 = CIRCLE ( 'NONE', #521, 0.1560000000000001941 ) ;
#51 = ORIENTED_EDGE ( 'NONE', *, *, #1700, .F. ) ;
#52 = PLANE ( 'NONE',  #763 ) ;
#53 = AXIS2_PLACEMENT_3D ( 'NONE', #1906, #2087, #639 ) ;
#54 = ORIENTED_EDGE ( 'NONE', *, *, #233, .F. ) ;
#55 = LINE ( 'NONE', #287, #703 ) ;
#56 = AXIS2_PLACEMENT_3D ( 'NONE', #1968, #2264, #689 ) ;
#57 = DIRECTION ( 'NONE',  ( 0.000000000000000000, -0.000000000000000000, -1.000000000000000000 ) ) ;
#58 = VERTEX_POINT ( 'NONE', #1173 ) ;
#59 = AXIS2_PLACEMENT_3D ( 'NONE', #1768, #889, #189 ) ;
#60 = ORIENTED_EDGE ( 'NONE', *, *, #525, .T. ) ;
#61 = DIRECTION ( 'NONE',  ( 0.000000000000000000, 0.000000000000000000, 1.000000000000000000 ) ) ;
#62 = VECTOR ( 'NONE', #1140, 39.37007874015748143 ) ;
#63 = ORIENTED_EDGE ( 'NONE', *, *, #2000, .T. ) ;
#64 = CARTESIAN_POINT ( 'NONE',  ( 8.869999999999999218, -12.36499999999999844, -0.05999999999999999778 ) ) ;
#65 = ADVANCED_FACE ( 'NONE', ( #469 ), #2036, .T. ) ;
#66 = ORIENTED_EDGE ( 'NONE', *, *, #944, .T. ) ;
#67 = CARTESIAN_POINT ( 'NONE',  ( 0.000000000000000000, 0.000000000000000000, 0.000000000000000000 ) ) ;
#68 = EDGE_CURVE ( 'NONE', #1975, #169, #2056, .T. ) ;
#69 = LINE ( 'NONE', #2021, #1990 ) ;
#70 = LINE ( 'NONE', #1824, #1926 ) ;
#71 = ORIENTED_EDGE ( 'NONE', *, *, #849, .T. ) ;
#72 = VERTEX_POINT ( 'NONE', #1682 ) ;
#73 = DIRECTION ( 'NONE',  ( 0.000000000000000000, -3.834172622686683600E-15, 1.000000000000000000 ) ) ;
#74 = ORIENTED_EDGE ( 'NONE', *, *, #1362, .T. ) ;
#75 = LINE ( 'NONE', #1300, #33 ) ;
#76 = ORIENTED_EDGE ( 'NONE', *, *, #2035, .T. ) ;
#77 = PLANE ( 'NONE',  #1716 ) ;
#78 = DIRECTION ( 'NONE',  ( -0.000000000000000000, 0.000000000000000000, -1.000000000000000000 ) ) ;
#79 = LINE ( 'NONE', #1121, #863 ) ;
#80 = VERTEX_POINT ( 'NONE', #1693 ) ;
#81 = DIRECTION ( 'NONE',  ( -0.000000000000000000, -0.000000000000000000, 1.000000000000000000 ) ) ;
#82 = LINE ( 'NONE', #1287, #2143 ) ;
#83 = ORIENTED_EDGE ( 'NONE', *, *, #2075, .F. ) ;
#84 = CARTESIAN_POINT ( 'NONE',  ( 4.949999999999999289, 4.605000000000000426, 0.000000000000000000 ) ) ;
#85 = AXIS2_PLACEMENT_3D ( 'NONE', #1940, #887, #1925 ) ;
#86 = VERTEX_POINT ( 'NONE', #445 ) ;
#87 = CARTESIAN_POINT ( 'NONE',  ( -9.500000000000000000, 12.48499999999999943, -0.05999999999999999778 ) ) ;
#88 = CARTESIAN_POINT ( 'NONE',  ( 8.619999999999999218, -12.36499999999999844, -0.05999999999999999778 ) ) ;
#89 = ADVANCED_FACE ( 'NONE', ( #1874 ), #1885, .F. ) ;
#90 = ADVANCED_FACE ( 'NONE', ( #1147 ), #1323, .T. ) ;
#91 = DIRECTION ( 'NONE',  ( -0.000000000000000000, -0.000000000000000000, 1.000000000000000000 ) ) ;
#92 = ORIENTED_EDGE ( 'NONE', *, *, #1242, .T. ) ;
#93 = AXIS2_PLACEMENT_3D ( 'NONE', #1525, #1683, #1541 ) ;
#94 = EDGE_CURVE ( 'NONE', #961, #1988, #1849, .T. ) ;
#95 = ADVANCED_FACE ( 'NONE', ( #1540 ), #1704, .T. ) ;
#96 = DIRECTION ( 'NONE',  ( 0.000000000000000000, 0.000000000000000000, -1.000000000000000000 ) ) ;
#97 = CARTESIAN_POINT ( 'NONE',  ( -9.500000000000000000, -12.48499999999999943, -0.05999999999999999778 ) ) ;
#98 = AXIS2_PLACEMENT_3D ( 'NONE', #1230, #1054, #1777 ) ;
#99 = EDGE_CURVE ( 'NONE', #494, #479, #825, .T. ) ;
#100 = ORIENTED_EDGE ( 'NONE', *, *, #1628, .T. ) ;
#101 = CARTESIAN_POINT ( 'NONE',  ( 8.619999999999999218, 12.35899999999999821, 0.000000000000000000 ) ) ;
#102 = VECTOR ( 'NONE', #104, 39.37007874015748143 ) ;
#103 = VERTEX_POINT ( 'NONE', #110 ) ;
#104 = DIRECTION ( 'NONE',  ( 0.000000000000000000, 1.000000000000000000, 0.000000000000000000 ) ) ;
#105 = VECTOR ( 'NONE', #2136, 39.37007874015748143 ) ;
#106 = CARTESIAN_POINT ( 'NONE',  ( -2.749999999999999556, -2.455000000000000515, 0.000000000000000000 ) ) ;
#107 = VECTOR ( 'NONE', #1927, 39.37007874015748143 ) ;
#108 = CARTESIAN_POINT ( 'NONE',  ( -8.869999999999999218, 12.48499999999999943, 0.000000000000000000 ) ) ;
#109 = ORIENTED_EDGE ( 'NONE', *, *, #522, .F. ) ;
#110 = CARTESIAN_POINT ( 'NONE',  ( -9.500000000000000000, 12.48499999999999943, -0.05999999999999999778 ) ) ;
#111 = AXIS2_PLACEMENT_3D ( 'NONE', #772, #2004, #1841 ) ;
#112 = DIRECTION ( 'NONE',  ( -0.000000000000000000, -0.000000000000000000, 1.000000000000000000 ) ) ;
#113 = APPROVAL ( #729, 'UNSPECIFIED' ) ;
#114 = EDGE_LOOP ( 'NONE', ( #371, #698, #883, #1760 ) ) ;
#115 = LINE ( 'NONE', #1164, #1547 ) ;
#116 = EDGE_LOOP ( 'NONE', ( #1243, #66, #1692, #1111 ) ) ;
#117 = FACE_BOUND ( 'NONE', #1470, .T. ) ;
#118 = FACE_OUTER_BOUND ( 'NONE', #412, .T. ) ;
#119 = ORIENTED_EDGE ( 'NONE', *, *, #1218, .F. ) ;
#120 = DIRECTION ( 'NONE',  ( 1.000000000000000000, 0.000000000000000000, 0.000000000000000000 ) ) ;
#121 = CARTESIAN_POINT ( 'NONE',  ( 0.000000000000000000, -12.42499999999999893, 4.786964519424324299E-14 ) ) ;
#122 = ORIENTED_EDGE ( 'NONE', *, *, #2127, .T. ) ;
#123 = EDGE_CURVE ( 'NONE', #655, #1804, #1934, .T. ) ;
#124 = FACE_OUTER_BOUND ( 'NONE', #444, .T. ) ;
#125 = EDGE_CURVE ( 'NONE', #818, #1020, #2230, .T. ) ;
#126 = ORIENTED_EDGE ( 'NONE', *, *, #2045, .F. ) ;
#127 = ADVANCED_FACE ( 'NONE', ( #314 ), #1360, .T. ) ;
#128 = DIRECTION ( 'NONE',  ( 0.000000000000000000, 1.000000000000000000, 0.000000000000000000 ) ) ;
#129 = VECTOR ( 'NONE', #2053, 39.37007874015748143 ) ;
#130 = CARTESIAN_POINT ( 'NONE',  ( -8.619999999999999218, -12.42500000000000071, -0.6300000000000002265 ) ) ;
#131 = EDGE_CURVE ( 'NONE', #573, #680, #1862, .T. ) ;
#132 = CARTESIAN_POINT ( 'NONE',  ( -0.5599999999999990541, 4.644999999999999574, -0.6300393700787404461 ) ) ;
#133 = ORIENTED_EDGE ( 'NONE', *, *, #28, .T. ) ;
#134 = DIRECTION ( 'NONE',  ( 1.000000000000000000, 0.000000000000000000, 0.000000000000000000 ) ) ;
#135 = FACE_OUTER_BOUND ( 'NONE', #824, .T. ) ;
#136 = ORIENTED_EDGE ( 'NONE', *, *, #1192, .F. ) ;
#137 = FACE_OUTER_BOUND ( 'NONE', #1284, .T. ) ;
#138 = AXIS2_PLACEMENT_3D ( 'NONE', #2123, #1213, #2079 ) ;
#139 = CIRCLE ( 'NONE', #1016, 0.1560000000000001941 ) ;
#140 = APPLICATION_CONTEXT ( 'configuration controlled 3d designs of mechanical parts and assemblies' ) ;
#141 = ORIENTED_EDGE ( 'NONE', *, *, #1860, .T. ) ;
#142 = CARTESIAN_POINT ( 'NONE',  ( -8.625999999999994117, 12.35899999999999821, -0.05999999999999904715 ) ) ;
#143 = EDGE_CURVE ( 'NONE', #1967, #1975, #842, .T. ) ;
#144 = FACE_OUTER_BOUND ( 'NONE', #1829, .T. ) ;
#145 = DIRECTION ( 'NONE',  ( -1.000000000000000000, 9.106159978880892383E-15, 0.000000000000000000 ) ) ;
#146 = ORIENTED_EDGE ( 'NONE', *, *, #1763, .T. ) ;
#147 = EDGE_CURVE ( 'NONE', #1490, #2125, #989, .T. ) ;
#148 = VECTOR ( 'NONE', #2242, 39.37007874015748143 ) ;
#149 = DIRECTION ( 'NONE',  ( 0.000000000000000000, -0.000000000000000000, -1.000000000000000000 ) ) ;
#150 = CARTESIAN_POINT ( 'NONE',  ( 8.869999999999999218, 12.48499999999999943, 0.000000000000000000 ) ) ;
#151 = VECTOR ( 'NONE', #185, 39.37007874015748143 ) ;
#152 = VERTEX_POINT ( 'NONE', #1898 ) ;
#153 = CARTESIAN_POINT ( 'NONE',  ( -8.619999999999995666, 12.36499999999999844, -0.05999999999999904715 ) ) ;
#154 = EDGE_LOOP ( 'NONE', ( #1059, #518 ) ) ;
#155 = CARTESIAN_POINT ( 'NONE',  ( 8.869999999999999218, -12.36499999999999844, -0.05999999999999999778 ) ) ;
#156 = CARTESIAN_POINT ( 'NONE',  ( 8.619999999999997442, 0.000000000000000000, 0.000000000000000000 ) ) ;
#157 = EDGE_CURVE ( 'NONE', #599, #988, #1720, .T. ) ;
#158 = DIRECTION ( 'NONE',  ( 1.000000000000000000, 0.000000000000000000, 0.000000000000000000 ) ) ;
#159 = ADVANCED_FACE ( 'NONE', ( #645 ), #1346, .F. ) ;
#160 = FACE_OUTER_BOUND ( 'NONE', #1641, .T. ) ;
#161 = VERTEX_POINT ( 'NONE', #1028 ) ;
#162 = DIRECTION ( 'NONE',  ( 0.000000000000000000, -0.000000000000000000, -1.000000000000000000 ) ) ;
#163 = VERTEX_POINT ( 'NONE', #356 ) ;
#164 = CARTESIAN_POINT ( 'NONE',  ( -8.619999999999999218, -12.36500000000000021, -0.05999999999999999778 ) ) ;
#165 = LINE ( 'NONE', #130, #1373 ) ;
#166 = VECTOR ( 'NONE', #311, 39.37007874015748143 ) ;
#167 = CARTESIAN_POINT ( 'NONE',  ( 9.274712636846508929, 12.48499999999999943, -0.05999999999999999778 ) ) ;
#168 = DIRECTION ( 'NONE',  ( 0.000000000000000000, 1.000000000000000000, 0.000000000000000000 ) ) ;
#169 = VERTEX_POINT ( 'NONE', #1745 ) ;
#170 = CC_DESIGN_PERSON_AND_ORGANIZATION_ASSIGNMENT ( #1923, #32, ( #976 ) ) ;
#171 = ORIENTED_EDGE ( 'NONE', *, *, #94, .T. ) ;
#172 = DIRECTION ( 'NONE',  ( -0.000000000000000000, 3.834172622686683600E-15, -1.000000000000000000 ) ) ;
#173 = EDGE_CURVE ( 'NONE', #1695, #1945, #1405, .T. ) ;
#174 = ORIENTED_EDGE ( 'NONE', *, *, #1460, .F. ) ;
#175 = DIRECTION ( 'NONE',  ( 1.000000000000000000, 0.000000000000000000, 0.000000000000000000 ) ) ;
#176 = DIRECTION ( 'NONE',  ( 0.000000000000000000, 0.000000000000000000, 1.000000000000000000 ) ) ;
#177 = AXIS2_PLACEMENT_3D ( 'NONE', #164, #128, #1366 ) ;
#178 = CARTESIAN_POINT ( 'NONE',  ( -8.619999999999995666, 12.42499999999999893, -0.1199999999999998151 ) ) ;
#179 = CARTESIAN_POINT ( 'NONE',  ( -8.619999999999999218, -12.36500000000000021, -0.05999999999999999778 ) ) ;
#180 = ORIENTED_EDGE ( 'NONE', *, *, #467, .F. ) ;
#181 = VERTEX_POINT ( 'NONE', #2251 ) ;
#182 = DIRECTION ( 'NONE',  ( -1.000000000000000000, 0.000000000000000000, 0.000000000000000000 ) ) ;
#183 = EDGE_CURVE ( 'NONE', #212, #1590, #888, .T. ) ;
#184 = ORIENTED_EDGE ( 'NONE', *, *, #306, .F. ) ;
#185 = DIRECTION ( 'NONE',  ( -8.087894779578809621E-30, 0.000000000000000000, 1.000000000000000000 ) ) ;
#186 = CIRCLE ( 'NONE', #2014, 0.1200000000000010086 ) ;
#187 = DIRECTION ( 'NONE',  ( 0.000000000000000000, -1.000000000000000000, 3.835990623682900600E-15 ) ) ;
#188 = CARTESIAN_POINT ( 'NONE',  ( 8.869999999999999218, -12.48499999999999943, -0.05999999999999999778 ) ) ;
#189 = DIRECTION ( 'NONE',  ( 0.000000000000000000, -0.000000000000000000, -1.000000000000000000 ) ) ;
#190 = ORIENTED_EDGE ( 'NONE', *, *, #2124, .T. ) ;
#191 = ORIENTED_EDGE ( 'NONE', *, *, #1533, .T. ) ;
#192 = DIRECTION ( 'NONE',  ( 0.000000000000000000, 0.000000000000000000, 1.000000000000000000 ) ) ;
#193 = ORIENTED_EDGE ( 'NONE', *, *, #1282, .F. ) ;
#194 = CARTESIAN_POINT ( 'NONE',  ( -8.619999999999999218, -12.42500000000000071, -0.6300000000000002265 ) ) ;
#195 = PERSON_AND_ORGANIZATION_ROLE ( 'creator' ) ;
#196 = EDGE_CURVE ( 'NONE', #650, #1975, #1915, .T. ) ;
#197 = DIRECTION ( 'NONE',  ( -0.000000000000000000, -0.000000000000000000, 1.000000000000000000 ) ) ;
#198 = DIRECTION ( 'NONE',  ( -0.000000000000000000, -0.000000000000000000, 1.000000000000000000 ) ) ;
#199 = CARTESIAN_POINT ( 'NONE',  ( -9.500000000000000000, 12.48499999999999943, -0.05999999999999999778 ) ) ;
#200 = ORIENTED_EDGE ( 'NONE', *, *, #991, .T. ) ;
#201 = ORIENTED_EDGE ( 'NONE', *, *, #427, .F. ) ;
#202 = CARTESIAN_POINT ( 'NONE',  ( 8.964000000000000412, 6.254999999999999893, -0.6300393700787404461 ) ) ;
#203 = ORIENTED_EDGE ( 'NONE', *, *, #1222, .T. ) ;
#204 = FACE_OUTER_BOUND ( 'NONE', #1952, .T. ) ;
#205 = CIRCLE ( 'NONE', #1674, 0.1140000000000000735 ) ;
#206 = PERSON_AND_ORGANIZATION ( #928, #922 ) ;
#207 = DIRECTION ( 'NONE',  ( 0.000000000000000000, -1.000000000000000000, -3.834172622686683600E-15 ) ) ;
#208 = CIRCLE ( 'NONE', #1496, 0.1139999999999999347 ) ;
#209 = CARTESIAN_POINT ( 'NONE',  ( -0.5599999999999990541, 4.644999999999999574, -0.6300393700787404461 ) ) ;
#210 = EDGE_CURVE ( 'NONE', #1985, #599, #1598, .T. ) ;
#211 = ORIENTED_EDGE ( 'NONE', *, *, #16, .F. ) ;
#212 = VERTEX_POINT ( 'NONE', #1041 ) ;
#213 = CARTESIAN_POINT ( 'NONE',  ( 8.625999999999997669, -12.35899999999999821, -0.05999999999999904715 ) ) ;
#214 = AXIS2_PLACEMENT_3D ( 'NONE', #2047, #291, #149 ) ;
#215 = ORIENTED_EDGE ( 'NONE', *, *, #1700, .T. ) ;
#216 = DIRECTION ( 'NONE',  ( 0.000000000000000000, 3.834172622686683600E-15, 1.000000000000000000 ) ) ;
#217 = COORDINATED_UNIVERSAL_TIME_OFFSET ( 6, 0, .BEHIND. ) ;
#218 = VECTOR ( 'NONE', #295, 39.37007874015748143 ) ;
#219 = CARTESIAN_POINT ( 'NONE',  ( 8.619999999999999218, 12.48500000000000121, -0.6300000000000000044 ) ) ;
#220 = DIRECTION ( 'NONE',  ( -1.000000000000000000, -0.000000000000000000, -0.000000000000000000 ) ) ;
#221 = VERTEX_POINT ( 'NONE', #504 ) ;
#222 = ORIENTED_EDGE ( 'NONE', *, *, #1534, .T. ) ;
#223 = CARTESIAN_POINT ( 'NONE',  ( -8.619999999999999218, 12.42500000000000071, -0.6300000000000002265 ) ) ;
#224 = ORIENTED_EDGE ( 'NONE', *, *, #595, .F. ) ;
#225 = CYLINDRICAL_SURFACE ( 'NONE', #578, 0.1560000000000001941 ) ;
#226 = DIRECTION ( 'NONE',  ( -0.000000000000000000, -0.000000000000000000, 1.000000000000000000 ) ) ;
#227 = CARTESIAN_POINT ( 'NONE',  ( -2.749999999999999556, -2.455000000000000515, 0.000000000000000000 ) ) ;
#228 = ORIENTED_EDGE ( 'NONE', *, *, #2195, .F. ) ;
#229 = ORIENTED_EDGE ( 'NONE', *, *, #1628, .F. ) ;
#230 = PLANE ( 'NONE',  #749 ) ;
#231 = AXIS2_PLACEMENT_3D ( 'NONE', #2155, #1292, #948 ) ;
#232 = EDGE_CURVE ( 'NONE', #403, #665, #1730, .T. ) ;
#233 = EDGE_CURVE ( 'NONE', #2007, #466, #393, .T. ) ;
#234 = ORIENTED_EDGE ( 'NONE', *, *, #1815, .T. ) ;
#235 = CARTESIAN_POINT ( 'NONE',  ( 8.619999999999999218, 12.36499999999999844, -0.1200000000000000372 ) ) ;
#236 = EDGE_CURVE ( 'NONE', #1387, #313, #1269, .T. ) ;
#237 = LOCAL_TIME ( 11, 58, 38.00000000000000000, #217 ) ;
#238 = ORIENTED_EDGE ( 'NONE', *, *, #1861, .T. ) ;
#239 = FACE_BOUND ( 'NONE', #394, .T. ) ;
#240 = VECTOR ( 'NONE', #1886, 39.37007874015748143 ) ;
#241 = DIRECTION ( 'NONE',  ( 1.000000000000000000, -0.000000000000000000, -0.000000000000000000 ) ) ;
#242 = LINE ( 'NONE', #45, #2109 ) ;
#243 = ORIENTED_EDGE ( 'NONE', *, *, #28, .F. ) ;
#244 = CARTESIAN_POINT ( 'NONE',  ( 4.999999999999999112, 4.605000000000000426, -0.05999999999999997696 ) ) ;
#245 = CARTESIAN_POINT ( 'NONE',  ( 8.619999999999997442, -12.35899999999999821, -0.05999999999999904715 ) ) ;
#246 = VECTOR ( 'NONE', #463, 39.37007874015748143 ) ;
#247 = VERTEX_POINT ( 'NONE', #178 ) ;
#248 = CARTESIAN_POINT ( 'NONE',  ( -2.749999999999999556, -2.455000000000000515, -0.6300393700787404461 ) ) ;
#249 = EDGE_CURVE ( 'NONE', #1065, #1991, #2122, .T. ) ;
#250 = VECTOR ( 'NONE', #1089, 39.37007874015748143 ) ;
#251 = ORIENTED_EDGE ( 'NONE', *, *, #1947, .T. ) ;
#252 = CARTESIAN_POINT ( 'NONE',  ( -8.619999999999999218, -12.48499999999999943, -0.1199999999999995931 ) ) ;
#253 = VECTOR ( 'NONE', #829, 39.37007874015748143 ) ;
#254 = CARTESIAN_POINT ( 'NONE',  ( -8.965287363153491285, 12.48499999999999943, 0.000000000000000000 ) ) ;
#255 = CARTESIAN_POINT ( 'NONE',  ( 0.5700000000000007283, 4.644999999999999574, 0.000000000000000000 ) ) ;
#256 = ORIENTED_EDGE ( 'NONE', *, *, #1414, .F. ) ;
#257 = DIRECTION ( 'NONE',  ( 1.000000000000000000, 0.000000000000000000, 0.000000000000000000 ) ) ;
#258 = LINE ( 'NONE', #953, #1997 ) ;
#259 = EDGE_LOOP ( 'NONE', ( #2105, #499, #2085, #369 ) ) ;
#260 = CARTESIAN_POINT ( 'NONE',  ( -8.619999999999999218, -12.36499999999999844, -0.1200000000000000372 ) ) ;
#261 = EDGE_CURVE ( 'NONE', #72, #1545, #1587, .T. ) ;
#262 = ORIENTED_EDGE ( 'NONE', *, *, #595, .T. ) ;
#263 = FACE_BOUND ( 'NONE', #913, .T. ) ;
#264 = EDGE_CURVE ( 'NONE', #969, #1020, #1456, .T. ) ;
#265 = ADVANCED_FACE ( 'NONE', ( #1382 ), #335, .F. ) ;
#266 = PLANE ( 'NONE',  #231 ) ;
#267 = DIRECTION ( 'NONE',  ( -0.000000000000000000, -0.000000000000000000, 1.000000000000000000 ) ) ;
#268 = EDGE_LOOP ( 'NONE', ( #2070, #1816, #1056, #485 ) ) ;
#269 = DIRECTION ( 'NONE',  ( 1.000000000000000000, -0.000000000000000000, 0.000000000000000000 ) ) ;
#270 = DIRECTION ( 'NONE',  ( -0.000000000000000000, -0.000000000000000000, 1.000000000000000000 ) ) ;
#271 = ORIENTED_EDGE ( 'NONE', *, *, #1095, .T. ) ;
#272 = DIRECTION ( 'NONE',  ( 0.000000000000000000, 0.000000000000000000, 1.000000000000000000 ) ) ;
#273 = AXIS2_PLACEMENT_3D ( 'NONE', #377, #226, #918 ) ;
#274 = ORIENTED_EDGE ( 'NONE', *, *, #233, .T. ) ;
#275 = CARTESIAN_POINT ( 'NONE',  ( -9.500000000000000000, -12.48499999999999943, -0.05999999999999999778 ) ) ;
#276 = DIRECTION ( 'NONE',  ( -1.000000000000000000, 0.000000000000000000, 0.000000000000000000 ) ) ;
#277 = DIRECTION ( 'NONE',  ( 0.000000000000000000, -1.000000000000000000, 0.000000000000000000 ) ) ;
#278 = EDGE_LOOP ( 'NONE', ( #601, #122, #1288, #229 ) ) ;
#279 = CARTESIAN_POINT ( 'NONE',  ( 2.450000000000000178, 4.604999999999999538, -0.6300393700787404461 ) ) ;
#280 = DIRECTION ( 'NONE',  ( 0.000000000000000000, 0.000000000000000000, -1.000000000000000000 ) ) ;
#281 = AXIS2_PLACEMENT_3D ( 'NONE', #685, #1612, #1221 ) ;
#282 = ORIENTED_EDGE ( 'NONE', *, *, #1282, .T. ) ;
#283 = DIRECTION ( 'NONE',  ( -0.000000000000000000, 1.000000000000000000, 0.000000000000000000 ) ) ;
#284 = ORIENTED_EDGE ( 'NONE', *, *, #1595, .F. ) ;
#285 = FACE_BOUND ( 'NONE', #2081, .T. ) ;
#286 = CIRCLE ( 'NONE', #1575, 0.04999999999999973910 ) ;
#287 = CARTESIAN_POINT ( 'NONE',  ( -8.619999999999997442, -12.36499999999999844, 9.561467977824920278E-16 ) ) ;
#288 = LINE ( 'NONE', #1847, #608 ) ;
#289 = EDGE_LOOP ( 'NONE', ( #527, #200, #363, #1769 ) ) ;
#290 = EDGE_CURVE ( 'NONE', #1911, #86, #513, .T. ) ;
#291 = DIRECTION ( 'NONE',  ( 0.000000000000000000, -1.000000000000000000, 0.000000000000000000 ) ) ;
#292 = VECTOR ( 'NONE', #172, 39.37007874015748143 ) ;
#293 = DIRECTION ( 'NONE',  ( -0.000000000000000000, -0.000000000000000000, 1.000000000000000000 ) ) ;
#294 = ORIENTED_EDGE ( 'NONE', *, *, #1188, .F. ) ;
#295 = DIRECTION ( 'NONE',  ( 1.000000000000000000, 0.000000000000000000, 0.000000000000000000 ) ) ;
#296 = ORIENTED_EDGE ( 'NONE', *, *, #761, .F. ) ;
#297 = CARTESIAN_POINT ( 'NONE',  ( -8.619999999999997442, -12.36499999999999844, -0.05999999999999904715 ) ) ;
#298 = DIRECTION ( 'NONE',  ( -1.000000000000000000, 0.000000000000000000, 0.000000000000000000 ) ) ;
#299 = FACE_OUTER_BOUND ( 'NONE', #268, .T. ) ;
#300 = ORIENTED_EDGE ( 'NONE', *, *, #709, .F. ) ;
#301 = CARTESIAN_POINT ( 'NONE',  ( -8.625999999999999446, -12.35899999999999821, -0.05999999999999904715 ) ) ;
#302 = DIRECTION ( 'NONE',  ( 1.000000000000000000, 0.000000000000000000, 0.000000000000000000 ) ) ;
#303 = EDGE_LOOP ( 'NONE', ( #1494, #1617, #936, #2171 ) ) ;
#304 = CARTESIAN_POINT ( 'NONE',  ( 9.500000000000000000, 12.48499999999999943, -0.05999999999999999778 ) ) ;
#305 = APPROVAL ( #1938, 'UNSPECIFIED' ) ;
#306 = EDGE_CURVE ( 'NONE', #1500, #1804, #1416, .T. ) ;
#307 = ORIENTED_EDGE ( 'NONE', *, *, #1864, .F. ) ;
#308 = CARTESIAN_POINT ( 'NONE',  ( 8.620000000000000995, -12.48499999999999943, 4.807913407457382973E-14 ) ) ;
#309 = ADVANCED_FACE ( 'NONE', ( #695 ), #20, .T. ) ;
#310 = VECTOR ( 'NONE', #365, 39.37007874015748143 ) ;
#311 = DIRECTION ( 'NONE',  ( -1.000000000000000000, -0.000000000000000000, -0.000000000000000000 ) ) ;
#312 = CARTESIAN_POINT ( 'NONE',  ( 8.869999999999999218, 12.36500000000000021, -0.05999999999999999778 ) ) ;
#313 = VERTEX_POINT ( 'NONE', #1238 ) ;
#314 = FACE_OUTER_BOUND ( 'NONE', #1780, .T. ) ;
#315 = FACE_OUTER_BOUND ( 'NONE', #1475, .T. ) ;
#316 = EDGE_LOOP ( 'NONE', ( #447, #349, #405, #1651 ) ) ;
#317 = CARTESIAN_POINT ( 'NONE',  ( -9.500000000000000000, 12.48499999999999943, -0.05999999999999999778 ) ) ;
#318 = VECTOR ( 'NONE', #1200, 39.37007874015748143 ) ;
#319 = CIRCLE ( 'NONE', #419, 0.1560000000000001941 ) ;
#320 = ORIENTED_EDGE ( 'NONE', *, *, #1814, .F. ) ;
#321 = CARTESIAN_POINT ( 'NONE',  ( -8.619999999999997442, -12.36499999999999844, -0.1200000000000000372 ) ) ;
#322 = VECTOR ( 'NONE', #786, 39.37007874015748143 ) ;
#323 = CARTESIAN_POINT ( 'NONE',  ( 2.549999999999999822, 4.604999999999999538, -0.05999999999999997696 ) ) ;
#324 = EDGE_CURVE ( 'NONE', #1820, #1734, #1941, .T. ) ;
#325 = DIRECTION ( 'NONE',  ( 1.000000000000000000, 0.000000000000000000, 0.000000000000000000 ) ) ;
#326 = DIRECTION ( 'NONE',  ( -0.000000000000000000, -0.000000000000000000, 1.000000000000000000 ) ) ;
#327 = DIRECTION ( 'NONE',  ( 1.000000000000000000, 0.000000000000000000, 0.000000000000000000 ) ) ;
#328 = AXIS2_PLACEMENT_3D ( 'NONE', #1215, #1364, #1910 ) ;
#329 = ORIENTED_EDGE ( 'NONE', *, *, #264, .T. ) ;
#330 = LINE ( 'NONE', #648, #870 ) ;
#331 = VERTEX_POINT ( 'NONE', #1429 ) ;
#332 = DIRECTION ( 'NONE',  ( 1.000000000000000000, 0.000000000000000000, 0.000000000000000000 ) ) ;
#333 = EDGE_CURVE ( 'NONE', #2204, #494, #1049, .T. ) ;
#334 = EDGE_CURVE ( 'NONE', #697, #1589, #1396, .T. ) ;
#335 = PLANE ( 'NONE',  #2185 ) ;
#336 = FACE_OUTER_BOUND ( 'NONE', #1778, .T. ) ;
#337 = EDGE_CURVE ( 'NONE', #1590, #2129, #1643, .T. ) ;
#338 = ORIENTED_EDGE ( 'NONE', *, *, #1175, .T. ) ;
#339 = CARTESIAN_POINT ( 'NONE',  ( 8.619999999999999218, 12.36500000000000021, 0.000000000000000000 ) ) ;
#340 = ORIENTED_EDGE ( 'NONE', *, *, #2018, .T. ) ;
#341 = LINE ( 'NONE', #1021, #1236 ) ;
#342 = CALENDAR_DATE ( 2026, 24, 6 ) ;
#343 = AXIS2_PLACEMENT_3D ( 'NONE', #44, #1073, #1404 ) ;
#344 = VECTOR ( 'NONE', #1084, 39.37007874015748143 ) ;
#345 = CARTESIAN_POINT ( 'NONE',  ( -9.119999999999999218, -6.254999999999999893, -0.05999999999999997696 ) ) ;
#346 = DIRECTION ( 'NONE',  ( 0.000000000000000000, 0.000000000000000000, -1.000000000000000000 ) ) ;
#347 = ORIENTED_EDGE ( 'NONE', *, *, #776, .F. ) ;
#348 =( GEOMETRIC_REPRESENTATION_CONTEXT ( 3 ) GLOBAL_UNCERTAINTY_ASSIGNED_CONTEXT ( ( #1001 ) ) GLOBAL_UNIT_ASSIGNED_CONTEXT ( ( #1913, #2108, #867 ) ) REPRESENTATION_CONTEXT ( 'NONE', 'WORKASPACE' ) );
#349 = ORIENTED_EDGE ( 'NONE', *, *, #374, .F. ) ;
#350 = LINE ( 'NONE', #1234, #2072 ) ;
#351 = VERTEX_POINT ( 'NONE', #2020 ) ;
#352 = CARTESIAN_POINT ( 'NONE',  ( -8.619999999999995666, 12.35899999999999821, -0.05999999999999999778 ) ) ;
#353 = CALENDAR_DATE ( 2026, 24, 6 ) ;
#354 = AXIS2_PLACEMENT_3D ( 'NONE', #2267, #1880, #856 ) ;
#355 = CARTESIAN_POINT ( 'NONE',  ( 8.869999999999999218, 12.36500000000000021, 0.000000000000000000 ) ) ;
#356 = CARTESIAN_POINT ( 'NONE',  ( 8.625999999999997669, -12.35899999999999821, -0.000000000000000000 ) ) ;
#357 = PLANE ( 'NONE',  #59 ) ;
#358 = ORIENTED_EDGE ( 'NONE', *, *, #468, .F. ) ;
#359 = AXIS2_PLACEMENT_3D ( 'NONE', #301, #1184, #2024 ) ;
#360 = ADVANCED_FACE ( 'NONE', ( #809, #1482, #239, #1291, #957, #440, #2175, #1833 ), #590, .F. ) ;
#361 = VERTEX_POINT ( 'NONE', #946 ) ;
#362 = LINE ( 'NONE', #213, #1579 ) ;
#363 = ORIENTED_EDGE ( 'NONE', *, *, #704, .F. ) ;
#364 = DIRECTION ( 'NONE',  ( 0.000000000000000000, 0.000000000000000000, 1.000000000000000000 ) ) ;
#365 = DIRECTION ( 'NONE',  ( -1.000000000000000000, 0.000000000000000000, 0.000000000000000000 ) ) ;
#366 = CARTESIAN_POINT ( 'NONE',  ( 8.620000000000000995, -12.42500000000000071, -0.6300000000000002265 ) ) ;
#367 = DIRECTION ( 'NONE',  ( -0.000000000000000000, -0.000000000000000000, 1.000000000000000000 ) ) ;
#368 = ORIENTED_EDGE ( 'NONE', *, *, #261, .T. ) ;
#369 = ORIENTED_EDGE ( 'NONE', *, *, #1189, .T. ) ;
#370 = DIRECTION ( 'NONE',  ( -9.106159978880892383E-15, -1.000000000000000000, 0.000000000000000000 ) ) ;
#371 = ORIENTED_EDGE ( 'NONE', *, *, #99, .F. ) ;
#372 = ADVANCED_FACE ( 'NONE', ( #2187 ), #2211, .T. ) ;
#373 = PLANE ( 'NONE',  #1819 ) ;
#374 = EDGE_CURVE ( 'NONE', #1274, #1065, #1519, .T. ) ;
#375 = PERSON_AND_ORGANIZATION_ROLE ( 'classification_officer' ) ;
#376 = EDGE_CURVE ( 'NONE', #1567, #727, #1204, .T. ) ;
#377 = CARTESIAN_POINT ( 'NONE',  ( 9.119999999999999218, 6.254999999999999893, -0.6300393700787404461 ) ) ;
#378 = DIRECTION ( 'NONE',  ( 0.000000000000000000, 0.000000000000000000, 1.000000000000000000 ) ) ;
#379 = FACE_OUTER_BOUND ( 'NONE', #921, .T. ) ;
#380 = EDGE_LOOP ( 'NONE', ( #1953, #2255 ) ) ;
#381 = VERTEX_POINT ( 'NONE', #764 ) ;
#382 = CARTESIAN_POINT ( 'NONE',  ( -8.869999999999999218, -12.48499999999999943, 0.000000000000000000 ) ) ;
#383 = ORIENTED_EDGE ( 'NONE', *, *, #529, .T. ) ;
#384 = DIRECTION ( 'NONE',  ( 0.000000000000000000, 0.000000000000000000, 1.000000000000000000 ) ) ;
#385 = EDGE_CURVE ( 'NONE', #430, #1709, #637, .T. ) ;
#386 = SHAPE_DEFINITION_REPRESENTATION ( #34, #1350 ) ;
#387 = CIRCLE ( 'NONE', #1744, 0.1560000000000001941 ) ;
#388 = CARTESIAN_POINT ( 'NONE',  ( -8.625999999999994117, 0.000000000000000000, -0.000000000000000000 ) ) ;
#389 = LINE ( 'NONE', #1261, #751 ) ;
#390 = ORIENTED_EDGE ( 'NONE', *, *, #1515, .T. ) ;
#391 = DIRECTION ( 'NONE',  ( -1.000000000000000000, 0.000000000000000000, 0.000000000000000000 ) ) ;
#392 = DIRECTION ( 'NONE',  ( 7.284927983104581378E-14, 0.000000000000000000, 1.000000000000000000 ) ) ;
#393 = CIRCLE ( 'NONE', #718, 0.1560000000000001941 ) ;
#394 = EDGE_LOOP ( 'NONE', ( #358, #1302 ) ) ;
#395 = CARTESIAN_POINT ( 'NONE',  ( 2.500000000000000000, 4.604999999999999538, 0.000000000000000000 ) ) ;
#396 = VECTOR ( 'NONE', #660, 39.37007874015748143 ) ;
#397 = CARTESIAN_POINT ( 'NONE',  ( 0.000000000000000000, -12.35899999999999821, -0.000000000000000000 ) ) ;
#398 = CC_DESIGN_PERSON_AND_ORGANIZATION_ASSIGNMENT ( #1268, #195, ( #1378 ) ) ;
#399 = CARTESIAN_POINT ( 'NONE',  ( -9.500000000000000000, 12.48499999999999943, 0.000000000000000000 ) ) ;
#400 = ORIENTED_EDGE ( 'NONE', *, *, #1476, .F. ) ;
#401 = DIRECTION ( 'NONE',  ( 1.000000000000000000, 0.000000000000000000, -0.000000000000000000 ) ) ;
#402 = LINE ( 'NONE', #1624, #1889 ) ;
#403 = VERTEX_POINT ( 'NONE', #252 ) ;
#404 = LINE ( 'NONE', #577, #1277 ) ;
#405 = ORIENTED_EDGE ( 'NONE', *, *, #17, .F. ) ;
#406 = DIRECTION ( 'NONE',  ( -0.000000000000000000, -0.000000000000000000, 1.000000000000000000 ) ) ;
#407 = CARTESIAN_POINT ( 'NONE',  ( -9.119999999999999218, 12.50500000000000078, -0.05999999999999999778 ) ) ;
#408 = ORIENTED_EDGE ( 'NONE', *, *, #1818, .T. ) ;
#409 = ADVANCED_FACE ( 'NONE', ( #931, #285, #263, #1319, #1689, #1654, #117, #1303 ), #1950, .T. ) ;
#410 = ORIENTED_EDGE ( 'NONE', *, *, #482, .T. ) ;
#411 = PLANE ( 'NONE',  #14 ) ;
#412 = EDGE_LOOP ( 'NONE', ( #201, #1122, #1190, #1603 ) ) ;
#413 = DIRECTION ( 'NONE',  ( 0.000000000000000000, -1.000000000000000000, 0.000000000000000000 ) ) ;
#414 = ORIENTED_EDGE ( 'NONE', *, *, #839, .F. ) ;
#415 = DIRECTION ( 'NONE',  ( 0.000000000000000000, -0.000000000000000000, 1.000000000000000000 ) ) ;
#416 = CARTESIAN_POINT ( 'NONE',  ( -8.619999999999999218, -12.48500000000000121, -0.6300000000000000044 ) ) ;
#417 = CARTESIAN_POINT ( 'NONE',  ( -9.500000000000000000, -12.48499999999999943, 0.000000000000000000 ) ) ;
#418 = ORIENTED_EDGE ( 'NONE', *, *, #1178, .T. ) ;
#419 = AXIS2_PLACEMENT_3D ( 'NONE', #1330, #801, #489 ) ;
#420 = ORIENTED_EDGE ( 'NONE', *, *, #1831, .T. ) ;
#421 = DIRECTION ( 'NONE',  ( 0.000000000000000000, 0.000000000000000000, 1.000000000000000000 ) ) ;
#422 = ADVANCED_FACE ( 'NONE', ( #2008 ), #77, .T. ) ;
#423 = EDGE_CURVE ( 'NONE', #2034, #585, #1677, .T. ) ;
#424 = AXIS2_PLACEMENT_3D ( 'NONE', #67, #1992, #602 ) ;
#425 = ORIENTED_EDGE ( 'NONE', *, *, #131, .F. ) ;
#426 = LINE ( 'NONE', #982, #687 ) ;
#427 = EDGE_CURVE ( 'NONE', #2028, #1214, #2200, .T. ) ;
#428 = ADVANCED_FACE ( 'NONE', ( #627 ), #1328, .T. ) ;
#429 = AXIS2_PLACEMENT_3D ( 'NONE', #564, #1263, #2068 ) ;
#430 = VERTEX_POINT ( 'NONE', #1153 ) ;
#431 = DIRECTION ( 'NONE',  ( 0.000000000000000000, 0.000000000000000000, -1.000000000000000000 ) ) ;
#432 = DIRECTION ( 'NONE',  ( -1.000000000000000000, 0.000000000000000000, 0.000000000000000000 ) ) ;
#433 = CARTESIAN_POINT ( 'NONE',  ( 0.5700000000000007283, 4.644999999999999574, -0.05999999999999997696 ) ) ;
#434 = ORIENTED_EDGE ( 'NONE', *, *, #611, .T. ) ;
#435 = ORIENTED_EDGE ( 'NONE', *, *, #765, .T. ) ;
#436 = CARTESIAN_POINT ( 'NONE',  ( -8.870000000000000995, 12.36500000000000021, -0.05999999999999999778 ) ) ;
#437 = ORIENTED_EDGE ( 'NONE', *, *, #1110, .T. ) ;
#438 = DIRECTION ( 'NONE',  ( 0.000000000000000000, 0.000000000000000000, 1.000000000000000000 ) ) ;
#439 = EDGE_LOOP ( 'NONE', ( #1076, #1842, #951, #25 ) ) ;
#440 = FACE_BOUND ( 'NONE', #1873, .T. ) ;
#441 = EDGE_CURVE ( 'NONE', #1020, #2034, #1855, .T. ) ;
#442 = LINE ( 'NONE', #628, #563 ) ;
#443 = LINE ( 'NONE', #1882, #2111 ) ;
#444 = EDGE_LOOP ( 'NONE', ( #1613, #109, #1376, #368 ) ) ;
#445 = CARTESIAN_POINT ( 'NONE',  ( 0.6840000000000007185, 4.644999999999999574, 0.000000000000000000 ) ) ;
#446 = DIRECTION ( 'NONE',  ( 0.000000000000000000, 3.834172622686683600E-15, 1.000000000000000000 ) ) ;
#447 = ORIENTED_EDGE ( 'NONE', *, *, #249, .F. ) ;
#448 = CARTESIAN_POINT ( 'NONE',  ( 9.500000000000000000, -12.48499999999999943, -0.05999999999999999778 ) ) ;
#449 = VECTOR ( 'NONE', #1766, 39.37007874015748143 ) ;
#450 = ORIENTED_EDGE ( 'NONE', *, *, #1047, .T. ) ;
#451 = DIRECTION ( 'NONE',  ( 0.000000000000000000, -0.000000000000000000, 1.000000000000000000 ) ) ;
#452 = ADVANCED_FACE ( 'NONE', ( #1033 ), #2236, .T. ) ;
#453 = PLANE ( 'NONE',  #2102 ) ;
#454 = DIRECTION ( 'NONE',  ( -0.000000000000000000, -0.000000000000000000, 1.000000000000000000 ) ) ;
#455 = ORIENTED_EDGE ( 'NONE', *, *, #1142, .F. ) ;
#456 = DIRECTION ( 'NONE',  ( 1.000000000000000000, 0.000000000000000000, 0.000000000000000000 ) ) ;
#457 = CARTESIAN_POINT ( 'NONE',  ( -0.6739999999999991553, 4.644999999999999574, 0.000000000000000000 ) ) ;
#458 = AXIS2_PLACEMENT_3D ( 'NONE', #708, #1599, #721 ) ;
#459 = ORIENTED_EDGE ( 'NONE', *, *, #1559, .F. ) ;
#460 = DIRECTION ( 'NONE',  ( 0.000000000000000000, -1.000000000000000000, 0.000000000000000000 ) ) ;
#461 = AXIS2_PLACEMENT_3D ( 'NONE', #662, #510, #681 ) ;
#462 = ORIENTED_EDGE ( 'NONE', *, *, #2198, .T. ) ;
#463 = DIRECTION ( 'NONE',  ( -0.000000000000000000, -1.000000000000000000, -0.000000000000000000 ) ) ;
#464 = CARTESIAN_POINT ( 'NONE',  ( 8.869999999999999218, 12.48499999999999943, 0.000000000000000000 ) ) ;
#465 = LINE ( 'NONE', #1896, #498 ) ;
#466 = VERTEX_POINT ( 'NONE', #1568 ) ;
#467 = EDGE_CURVE ( 'NONE', #403, #1349, #1191, .T. ) ;
#468 = EDGE_CURVE ( 'NONE', #1988, #613, #1784, .T. ) ;
#469 = FACE_OUTER_BOUND ( 'NONE', #1909, .T. ) ;
#470 = VECTOR ( 'NONE', #517, 39.37007874015748143 ) ;
#471 = CARTESIAN_POINT ( 'NONE',  ( 9.274712636846508929, -12.48499999999999943, 0.000000000000000000 ) ) ;
#472 = EDGE_CURVE ( 'NONE', #1698, #1399, #847, .T. ) ;
#473 = VERTEX_POINT ( 'NONE', #2086 ) ;
#474 = CARTESIAN_POINT ( 'NONE',  ( -8.619999999999995666, 12.35899999999999821, -0.05999999999999904715 ) ) ;
#475 = ORIENTED_EDGE ( 'NONE', *, *, #1814, .T. ) ;
#476 = LINE ( 'NONE', #2063, #1640 ) ;
#477 = LINE ( 'NONE', #156, #633 ) ;
#478 = CARTESIAN_POINT ( 'NONE',  ( 4.999999999999999112, 4.605000000000000426, 0.000000000000000000 ) ) ;
#479 = VERTEX_POINT ( 'NONE', #2222 ) ;
#480 = DIRECTION ( 'NONE',  ( 0.000000000000000000, 1.000000000000000000, -3.491481338843133750E-15 ) ) ;
#481 = DIRECTION ( 'NONE',  ( -0.000000000000000000, 1.000000000000000000, -0.000000000000000000 ) ) ;
#482 = EDGE_CURVE ( 'NONE', #212, #361, #2149, .T. ) ;
#483 = ORIENTED_EDGE ( 'NONE', *, *, #1684, .F. ) ;
#484 = DIRECTION ( 'NONE',  ( 1.000000000000000000, 0.000000000000000000, 0.000000000000000000 ) ) ;
#485 = ORIENTED_EDGE ( 'NONE', *, *, #1327, .T. ) ;
#486 = DIRECTION ( 'NONE',  ( 0.000000000000000000, -3.834172622686683600E-15, -1.000000000000000000 ) ) ;
#487 = AXIS2_PLACEMENT_3D ( 'NONE', #2189, #145, #836 ) ;
#488 = DIRECTION ( 'NONE',  ( 0.000000000000000000, -1.000000000000000000, 0.000000000000000000 ) ) ;
#489 = DIRECTION ( 'NONE',  ( 1.000000000000000000, 0.000000000000000000, 0.000000000000000000 ) ) ;
#490 = ORIENTED_EDGE ( 'NONE', *, *, #249, .T. ) ;
#491 = CARTESIAN_POINT ( 'NONE',  ( 8.620000000000000995, -12.42499999999999893, -0.06000000000000001860 ) ) ;
#492 = CARTESIAN_POINT ( 'NONE',  ( 9.500000000000000000, -12.48499999999999943, -0.05999999999999999778 ) ) ;
#493 = DIMENSIONAL_EXPONENTS ( 1.000000000000000000, 0.000000000000000000, 0.000000000000000000, 0.000000000000000000, 0.000000000000000000, 0.000000000000000000, 0.000000000000000000 ) ;
#494 = VERTEX_POINT ( 'NONE', #1557 ) ;
#495 = PLANE ( 'NONE',  #1128 ) ;
#496 = EDGE_CURVE ( 'NONE', #1967, #665, #651, .T. ) ;
#497 = AXIS2_PLACEMENT_3D ( 'NONE', #505, #1252, #1951 ) ;
#498 = VECTOR ( 'NONE', #325, 39.37007874015748143 ) ;
#499 = ORIENTED_EDGE ( 'NONE', *, *, #1655, .F. ) ;
#500 = EDGE_CURVE ( 'NONE', #516, #1322, #672, .T. ) ;
#501 = LINE ( 'NONE', #155, #979 ) ;
#502 = AXIS2_PLACEMENT_3D ( 'NONE', #1389, #2256, #1180 ) ;
#503 = CYLINDRICAL_SURFACE ( 'NONE', #53, 0.1560000000000001941 ) ;
#504 = CARTESIAN_POINT ( 'NONE',  ( 9.500000000000000000, -12.48499999999999943, 0.000000000000000000 ) ) ;
#505 = CARTESIAN_POINT ( 'NONE',  ( 8.619999999999997442, -12.36499999999999844, -0.1200000000000000372 ) ) ;
#506 = VECTOR ( 'NONE', #1516, 39.37007874015748143 ) ;
#507 = VERTEX_POINT ( 'NONE', #1735 ) ;
#508 = CARTESIAN_POINT ( 'NONE',  ( -8.619999999999999218, -12.42499999999999893, -0.1199999999999998151 ) ) ;
#509 = ORIENTED_EDGE ( 'NONE', *, *, #1270, .T. ) ;
#510 = DIRECTION ( 'NONE',  ( 0.000000000000000000, 0.000000000000000000, 1.000000000000000000 ) ) ;
#511 = ADVANCED_FACE ( 'NONE', ( #1577 ), #1903, .F. ) ;
#512 = LINE ( 'NONE', #1169, #166 ) ;
#513 = LINE ( 'NONE', #707, #1162 ) ;
#514 = DIRECTION ( 'NONE',  ( -1.000000000000000000, 0.000000000000000000, 0.000000000000000000 ) ) ;
#515 = VERTEX_POINT ( 'NONE', #2248 ) ;
#516 = VERTEX_POINT ( 'NONE', #995 ) ;
#517 = DIRECTION ( 'NONE',  ( -1.000000000000000000, -0.000000000000000000, -0.000000000000000000 ) ) ;
#518 = ORIENTED_EDGE ( 'NONE', *, *, #16, .T. ) ;
#519 = LINE ( 'NONE', #1469, #1091 ) ;
#520 = COORDINATED_UNIVERSAL_TIME_OFFSET ( 6, 0, .BEHIND. ) ;
#521 = AXIS2_PLACEMENT_3D ( 'NONE', #1845, #1630, #432 ) ;
#522 = EDGE_CURVE ( 'NONE', #808, #381, #501, .T. ) ;
#523 = CARTESIAN_POINT ( 'NONE',  ( 0.6840000000000007185, 4.644999999999999574, -0.05999999999999997696 ) ) ;
#524 = CARTESIAN_POINT ( 'NONE',  ( -8.625999999999999446, -12.36500000000000021, -0.05999999999999999778 ) ) ;
#525 = EDGE_CURVE ( 'NONE', #613, #1988, #1159, .T. ) ;
#526 = CARTESIAN_POINT ( 'NONE',  ( 9.274712636846508929, 12.48499999999999943, 0.000000000000000000 ) ) ;
#527 = ORIENTED_EDGE ( 'NONE', *, *, #612, .T. ) ;
#528 = ORIENTED_EDGE ( 'NONE', *, *, #693, .F. ) ;
#529 = EDGE_CURVE ( 'NONE', #2007, #923, #1546, .T. ) ;
#530 = DIRECTION ( 'NONE',  ( 1.000000000000000000, 0.000000000000000000, 0.000000000000000000 ) ) ;
#531 = VECTOR ( 'NONE', #220, 39.37007874015748143 ) ;
#532 = ORIENTED_EDGE ( 'NONE', *, *, #1047, .F. ) ;
#533 = CARTESIAN_POINT ( 'NONE',  ( 8.869999999999999218, 12.36500000000000021, -0.05999999999999999778 ) ) ;
#534 = CIRCLE ( 'NONE', #281, 0.04999999999999973910 ) ;
#535 = APPROVAL_STATUS ( 'not_yet_approved' ) ;
#536 = AXIS2_PLACEMENT_3D ( 'NONE', #321, #2042, #1723 ) ;
#537 = DIRECTION ( 'NONE',  ( -1.000000000000000000, 0.000000000000000000, 0.000000000000000000 ) ) ;
#538 = VECTOR ( 'NONE', #1593, 39.37007874015748143 ) ;
#539 = DIRECTION ( 'NONE',  ( 0.000000000000000000, 0.000000000000000000, 1.000000000000000000 ) ) ;
#540 = DIRECTION ( 'NONE',  ( 1.000000000000000000, 0.000000000000000000, 0.000000000000000000 ) ) ;
#541 = ORIENTED_EDGE ( 'NONE', *, *, #123, .F. ) ;
#542 = VECTOR ( 'NONE', #480, 39.37007874015748143 ) ;
#543 = ADVANCED_FACE ( 'NONE', ( #1870 ), #2074, .F. ) ;
#544 = ORIENTED_EDGE ( 'NONE', *, *, #765, .F. ) ;
#545 = DIRECTION ( 'NONE',  ( 0.000000000000000000, 0.000000000000000000, 1.000000000000000000 ) ) ;
#546 = EDGE_CURVE ( 'NONE', #1465, #647, #1345, .T. ) ;
#547 = VECTOR ( 'NONE', #2254, 39.37007874015748143 ) ;
#548 = ORIENTED_EDGE ( 'NONE', *, *, #1566, .T. ) ;
#549 = PLANE ( 'NONE',  #1865 ) ;
#550 = LINE ( 'NONE', #397, #2137 ) ;
#551 = CARTESIAN_POINT ( 'NONE',  ( 2.500000000000000000, 4.604999999999999538, -0.05999999999999997696 ) ) ;
#552 = CARTESIAN_POINT ( 'NONE',  ( -8.869999999999999218, 12.48499999999999943, -0.05999999999999999778 ) ) ;
#553 = ORIENTED_EDGE ( 'NONE', *, *, #232, .T. ) ;
#554 = ORIENTED_EDGE ( 'NONE', *, *, #1044, .T. ) ;
#555 = CARTESIAN_POINT ( 'NONE',  ( -9.119999999999999218, -12.50500000000000078, -0.05999999999999999778 ) ) ;
#556 = ORIENTED_EDGE ( 'NONE', *, *, #1472, .T. ) ;
#557 = CARTESIAN_POINT ( 'NONE',  ( 0.000000000000000000, -12.48499999999999943, 4.807913407457382973E-14 ) ) ;
#558 = EDGE_CURVE ( 'NONE', #1658, #818, #476, .T. ) ;
#559 = DATE_AND_TIME ( #15, #1995 ) ;
#560 = DIRECTION ( 'NONE',  ( -1.000000000000000000, 0.000000000000000000, 0.000000000000000000 ) ) ;
#561 = CARTESIAN_POINT ( 'NONE',  ( -9.119999999999999218, -12.50500000000000078, -0.05999999999999999778 ) ) ;
#562 = ORIENTED_EDGE ( 'NONE', *, *, #324, .T. ) ;
#563 = VECTOR ( 'NONE', #1656, 39.37007874015748143 ) ;
#564 = CARTESIAN_POINT ( 'NONE',  ( 4.999999999999999112, 4.605000000000000426, -0.6300393700787404461 ) ) ;
#565 = CYLINDRICAL_SURFACE ( 'NONE', #56, 0.06000000000000099698 ) ;
#566 = ORIENTED_EDGE ( 'NONE', *, *, #558, .T. ) ;
#567 = DIRECTION ( 'NONE',  ( 0.000000000000000000, 0.000000000000000000, 1.000000000000000000 ) ) ;
#568 = EDGE_CURVE ( 'NONE', #736, #2178, #341, .T. ) ;
#569 = AXIS2_PLACEMENT_3D ( 'NONE', #433, #1440, #582 ) ;
#570 = EDGE_CURVE ( 'NONE', #103, #430, #1040, .T. ) ;
#571 = DIRECTION ( 'NONE',  ( 1.000000000000000000, 0.000000000000000000, 0.000000000000000000 ) ) ;
#572 = CARTESIAN_POINT ( 'NONE',  ( -0.6739999999999991553, 4.644999999999999574, -0.6300393700787404461 ) ) ;
#573 = VERTEX_POINT ( 'NONE', #1166 ) ;
#574 = EDGE_LOOP ( 'NONE', ( #2199, #1092, #956, #686 ) ) ;
#575 = CARTESIAN_POINT ( 'NONE',  ( -8.619999999999999218, 12.48499999999999943, 4.807913407457382973E-14 ) ) ;
#576 = ORIENTED_EDGE ( 'NONE', *, *, #1259, .T. ) ;
#577 = CARTESIAN_POINT ( 'NONE',  ( 8.625999999999999446, 12.48499999999999943, -0.05999999999999904715 ) ) ;
#578 = AXIS2_PLACEMENT_3D ( 'NONE', #1762, #895, #1226 ) ;
#579 = VERTEX_POINT ( 'NONE', #352 ) ;
#580 = CIRCLE ( 'NONE', #1168, 0.1200000000000010225 ) ;
#581 = CARTESIAN_POINT ( 'NONE',  ( -8.625999999999999446, -12.48499999999999943, -0.05999999999999904715 ) ) ;
#582 = DIRECTION ( 'NONE',  ( -1.000000000000000000, 0.000000000000000000, 0.000000000000000000 ) ) ;
#583 = ORIENTED_EDGE ( 'NONE', *, *, #1286, .T. ) ;
#584 = ADVANCED_FACE ( 'NONE', ( #1093 ), #373, .F. ) ;
#585 = VERTEX_POINT ( 'NONE', #1060 ) ;
#586 = DIRECTION ( 'NONE',  ( -1.000000000000000000, -0.000000000000000000, -0.000000000000000000 ) ) ;
#587 = EDGE_LOOP ( 'NONE', ( #556, #768, #1791, #51 ) ) ;
#588 = CARTESIAN_POINT ( 'NONE',  ( -9.500000000000000000, 12.48499999999999943, -0.05999999999999999778 ) ) ;
#589 = VERTEX_POINT ( 'NONE', #533 ) ;
#590 = PLANE ( 'NONE',  #424 ) ;
#591 = DIRECTION ( 'NONE',  ( -0.000000000000000000, -3.834172622686683600E-15, 1.000000000000000000 ) ) ;
#592 = EDGE_CURVE ( 'NONE', #1695, #1454, #1237, .T. ) ;
#593 = CARTESIAN_POINT ( 'NONE',  ( 8.869999999999993889, -12.48499999999999943, 0.000000000000000000 ) ) ;
#594 = ORIENTED_EDGE ( 'NONE', *, *, #1487, .F. ) ;
#595 = EDGE_CURVE ( 'NONE', #630, #361, #1921, .T. ) ;
#596 = CARTESIAN_POINT ( 'NONE',  ( -2.749999999999999556, -2.455000000000000515, -0.05999999999999997696 ) ) ;
#597 = DIRECTION ( 'NONE',  ( 0.000000000000000000, -1.000000000000000000, -3.491481338843134539E-15 ) ) ;
#598 = CIRCLE ( 'NONE', #1563, 0.1560000000000001941 ) ;
#599 = VERTEX_POINT ( 'NONE', #1050 ) ;
#600 = CARTESIAN_POINT ( 'NONE',  ( -8.619999999999999218, -12.35899999999999821, -0.05999999999999999778 ) ) ;
#601 = ORIENTED_EDGE ( 'NONE', *, *, #2097, .T. ) ;
#602 = DIRECTION ( 'NONE',  ( -1.000000000000000000, 0.000000000000000000, -0.000000000000000000 ) ) ;
#603 = AXIS2_PLACEMENT_3D ( 'NONE', #1583, #2104, #1224 ) ;
#604 = DIRECTION ( 'NONE',  ( 1.000000000000000000, 0.000000000000000000, -0.000000000000000000 ) ) ;
#605 = CIRCLE ( 'NONE', #458, 0.1140000000000000735 ) ;
#606 = DIRECTION ( 'NONE',  ( -1.000000000000000000, 0.000000000000000000, 0.000000000000000000 ) ) ;
#607 = EDGE_LOOP ( 'NONE', ( #659, #1459, #171, #1068 ) ) ;
#608 = VECTOR ( 'NONE', #91, 39.37007874015748143 ) ;
#609 = ORIENTED_EDGE ( 'NONE', *, *, #337, .T. ) ;
#610 = PLANE ( 'NONE',  #2107 ) ;
#611 = EDGE_CURVE ( 'NONE', #473, #2239, #1069, .T. ) ;
#612 = EDGE_CURVE ( 'NONE', #1020, #1672, #12, .T. ) ;
#613 = VERTEX_POINT ( 'NONE', #728 ) ;
#614 = LINE ( 'NONE', #1127, #1649 ) ;
#615 = EDGE_CURVE ( 'NONE', #1454, #1106, #1946, .T. ) ;
#616 = ORIENTED_EDGE ( 'NONE', *, *, #1844, .T. ) ;
#617 = DIRECTION ( 'NONE',  ( 0.000000000000000000, 1.000000000000000000, 0.000000000000000000 ) ) ;
#618 = VECTOR ( 'NONE', #370, 39.37007874015748143 ) ;
#619 = DIRECTION ( 'NONE',  ( 0.000000000000000000, -0.000000000000000000, -1.000000000000000000 ) ) ;
#620 = CARTESIAN_POINT ( 'NONE',  ( -8.625999999999994117, 12.35899999999999821, -0.05999999999999904715 ) ) ;
#621 = ORIENTED_EDGE ( 'NONE', *, *, #1891, .F. ) ;
#622 = DIRECTION ( 'NONE',  ( -0.000000000000000000, 0.000000000000000000, 1.000000000000000000 ) ) ;
#623 = DIRECTION ( 'NONE',  ( 1.000000000000000000, 0.000000000000000000, 0.000000000000000000 ) ) ;
#624 = ORIENTED_EDGE ( 'NONE', *, *, #1257, .F. ) ;
#625 = DIRECTION ( 'NONE',  ( 1.000000000000000000, 0.000000000000000000, 0.000000000000000000 ) ) ;
#626 = ORIENTED_EDGE ( 'NONE', *, *, #143, .T. ) ;
#627 = FACE_OUTER_BOUND ( 'NONE', #1511, .T. ) ;
#628 = CARTESIAN_POINT ( 'NONE',  ( -8.619999999999995666, 12.35899999999999821, -0.05999999999999904715 ) ) ;
#629 = LINE ( 'NONE', #1549, #1304 ) ;
#630 = VERTEX_POINT ( 'NONE', #715 ) ;
#631 = DIRECTION ( 'NONE',  ( 0.000000000000000000, 0.000000000000000000, 1.000000000000000000 ) ) ;
#632 = CARTESIAN_POINT ( 'NONE',  ( -0.5599999999999990541, 4.644999999999999574, 0.000000000000000000 ) ) ;
#633 = VECTOR ( 'NONE', #1520, 39.37007874015748143 ) ;
#634 = ORIENTED_EDGE ( 'NONE', *, *, #2240, .F. ) ;
#635 = PLANE ( 'NONE',  #1687 ) ;
#636 = ORIENTED_EDGE ( 'NONE', *, *, #2198, .F. ) ;
#637 = LINE ( 'NONE', #275, #1019 ) ;
#638 = EDGE_CURVE ( 'NONE', #1920, #479, #2084, .T. ) ;
#639 = DIRECTION ( 'NONE',  ( 1.000000000000000000, 0.000000000000000000, 0.000000000000000000 ) ) ;
#640 = DIRECTION ( 'NONE',  ( 0.000000000000000000, 0.000000000000000000, 1.000000000000000000 ) ) ;
#641 = CC_DESIGN_APPROVAL ( #113, ( #1810 ) ) ;
#642 = ORIENTED_EDGE ( 'NONE', *, *, #337, .F. ) ;
#643 = ADVANCED_FACE ( 'NONE', ( #1425 ), #225, .F. ) ;
#644 = VECTOR ( 'NONE', #1310, 39.37007874015748143 ) ;
#645 = FACE_OUTER_BOUND ( 'NONE', #1030, .T. ) ;
#646 = CARTESIAN_POINT ( 'NONE',  ( -9.500000000000000000, -12.48499999999999943, 0.000000000000000000 ) ) ;
#647 = VERTEX_POINT ( 'NONE', #2130 ) ;
#648 = CARTESIAN_POINT ( 'NONE',  ( 0.000000000000000000, 12.35899999999999821, 0.000000000000000000 ) ) ;
#649 = AXIS2_PLACEMENT_3D ( 'NONE', #865, #832, #819 ) ;
#650 = VERTEX_POINT ( 'NONE', #194 ) ;
#651 = LINE ( 'NONE', #308, #2224 ) ;
#652 = VECTOR ( 'NONE', #977, 39.37007874015748143 ) ;
#653 = CARTESIAN_POINT ( 'NONE',  ( 4.999999999999999112, 4.605000000000000426, 0.000000000000000000 ) ) ;
#654 = DIRECTION ( 'NONE',  ( 1.000000000000000000, 0.000000000000000000, 0.000000000000000000 ) ) ;
#655 = VERTEX_POINT ( 'NONE', #1772 ) ;
#656 = VECTOR ( 'NONE', #1112, 39.37007874015748143 ) ;
#657 = CARTESIAN_POINT ( 'NONE',  ( 9.275999999999999801, 6.254999999999999893, -0.6300393700787404461 ) ) ;
#658 = CARTESIAN_POINT ( 'NONE',  ( 8.619999999999999218, 12.48500000000000121, -0.6300000000000000044 ) ) ;
#659 = ORIENTED_EDGE ( 'NONE', *, *, #1071, .F. ) ;
#660 = DIRECTION ( 'NONE',  ( 0.000000000000000000, 0.000000000000000000, 1.000000000000000000 ) ) ;
#661 = ORIENTED_EDGE ( 'NONE', *, *, #792, .F. ) ;
#662 = CARTESIAN_POINT ( 'NONE',  ( 9.119999999999999218, 6.254999999999999893, 0.000000000000000000 ) ) ;
#663 = CARTESIAN_POINT ( 'NONE',  ( -9.274712636846508929, 12.48499999999999943, -0.05999999999999999778 ) ) ;
#664 = PLANE ( 'NONE',  #487 ) ;
#665 = VERTEX_POINT ( 'NONE', #1627 ) ;
#666 = DIRECTION ( 'NONE',  ( -0.000000000000000000, -0.000000000000000000, 1.000000000000000000 ) ) ;
#667 = DIRECTION ( 'NONE',  ( 0.000000000000000000, -1.000000000000000000, -3.491481338843133750E-15 ) ) ;
#668 = ADVANCED_FACE ( 'NONE', ( #204 ), #549, .F. ) ;
#669 = ORIENTED_EDGE ( 'NONE', *, *, #41, .T. ) ;
#670 = CARTESIAN_POINT ( 'NONE',  ( -8.619999999999999218, 0.000000000000000000, 0.000000000000000000 ) ) ;
#671 = ORIENTED_EDGE ( 'NONE', *, *, #991, .F. ) ;
#672 = LINE ( 'NONE', #1207, #1386 ) ;
#673 = FACE_OUTER_BOUND ( 'NONE', #259, .T. ) ;
#674 = CARTESIAN_POINT ( 'NONE',  ( 8.620000000000000995, -12.48499999999999943, -0.1199999999999995931 ) ) ;
#675 = DIRECTION ( 'NONE',  ( 1.000000000000000000, 0.000000000000000000, 0.000000000000000000 ) ) ;
#676 = AXIS2_PLACEMENT_3D ( 'NONE', #1561, #2069, #2025 ) ;
#677 = ORIENTED_EDGE ( 'NONE', *, *, #2035, .F. ) ;
#678 = LINE ( 'NONE', #2083, #1055 ) ;
#679 = CIRCLE ( 'NONE', #1853, 0.1560000000000001941 ) ;
#680 = VERTEX_POINT ( 'NONE', #1256 ) ;
#681 = DIRECTION ( 'NONE',  ( 1.000000000000000000, 0.000000000000000000, 0.000000000000000000 ) ) ;
#682 = VECTOR ( 'NONE', #198, 39.37007874015748143 ) ;
#683 = DIRECTION ( 'NONE',  ( 0.000000000000000000, 0.000000000000000000, 1.000000000000000000 ) ) ;
#684 = DIRECTION ( 'NONE',  ( 0.000000000000000000, 0.000000000000000000, -1.000000000000000000 ) ) ;
#685 = CARTESIAN_POINT ( 'NONE',  ( 2.500000000000000000, 4.604999999999999538, 0.000000000000000000 ) ) ;
#686 = ORIENTED_EDGE ( 'NONE', *, *, #1562, .T. ) ;
#687 = VECTOR ( 'NONE', #625, 39.37007874015748143 ) ;
#688 = ORIENTED_EDGE ( 'NONE', *, *, #1246, .F. ) ;
#689 = DIRECTION ( 'NONE',  ( 0.000000000000000000, 1.000000000000000000, 3.699377491420295379E-15 ) ) ;
#690 = ADVANCED_FACE ( 'NONE', ( #1608 ), #1402, .T. ) ;
#691 = ORIENTED_EDGE ( 'NONE', *, *, #1655, .T. ) ;
#692 = CARTESIAN_POINT ( 'NONE',  ( -8.619999999999999218, -12.36500000000000021, 0.000000000000000000 ) ) ;
#693 = EDGE_CURVE ( 'NONE', #1490, #1065, #1248, .T. ) ;
#694 = CARTESIAN_POINT ( 'NONE',  ( 8.620000000000000995, -12.42500000000000071, -0.6300000000000002265 ) ) ;
#695 = FACE_OUTER_BOUND ( 'NONE', #2038, .T. ) ;
#696 = DIRECTION ( 'NONE',  ( 1.000000000000000000, 0.000000000000000000, 0.000000000000000000 ) ) ;
#697 = VERTEX_POINT ( 'NONE', #31 ) ;
#698 = ORIENTED_EDGE ( 'NONE', *, *, #333, .F. ) ;
#699 = CARTESIAN_POINT ( 'NONE',  ( 8.625999999999999446, 12.36500000000000021, -0.05999999999999904715 ) ) ;
#700 = ORIENTED_EDGE ( 'NONE', *, *, #196, .F. ) ;
#701 = LINE ( 'NONE', #1958, #2191 ) ;
#702 = DATE_AND_TIME ( #1061, #237 ) ;
#703 = VECTOR ( 'NONE', #241, 39.37007874015748143 ) ;
#704 = EDGE_CURVE ( 'NONE', #818, #1741, #701, .T. ) ;
#705 = EDGE_CURVE ( 'NONE', #86, #1527, #1827, .T. ) ;
#706 = CARTESIAN_POINT ( 'NONE',  ( 2.750000000000000444, -2.455000000000000515, -0.05999999999999997696 ) ) ;
#707 = CARTESIAN_POINT ( 'NONE',  ( 0.6840000000000007185, 4.644999999999999574, -0.6300393700787404461 ) ) ;
#708 = CARTESIAN_POINT ( 'NONE',  ( -0.5599999999999990541, 4.644999999999999574, -0.05999999999999997696 ) ) ;
#709 = EDGE_CURVE ( 'NONE', #860, #221, #1445, .T. ) ;
#710 = ORIENTED_EDGE ( 'NONE', *, *, #334, .T. ) ;
#711 = EDGE_LOOP ( 'NONE', ( #450, #1626, #174, #562 ) ) ;
#712 = CARTESIAN_POINT ( 'NONE',  ( 9.500000000000000000, -12.48499999999999943, 0.000000000000000000 ) ) ;
#713 = VECTOR ( 'NONE', #481, 39.37007874015748143 ) ;
#714 = ORIENTED_EDGE ( 'NONE', *, *, #183, .F. ) ;
#715 = CARTESIAN_POINT ( 'NONE',  ( 8.619999999999999218, 12.35899999999999821, -0.05999999999999999778 ) ) ;
#716 = VECTOR ( 'NONE', #1872, 39.37007874015748143 ) ;
#717 = CARTESIAN_POINT ( 'NONE',  ( 0.000000000000000000, 0.000000000000000000, 0.000000000000000000 ) ) ;
#718 = AXIS2_PLACEMENT_3D ( 'NONE', #345, #1767, #850 ) ;
#719 = FACE_OUTER_BOUND ( 'NONE', #607, .T. ) ;
#720 = CARTESIAN_POINT ( 'NONE',  ( -8.869999999999999218, 12.48499999999999943, -0.05999999999999999778 ) ) ;
#721 = DIRECTION ( 'NONE',  ( -1.000000000000000000, 0.000000000000000000, 0.000000000000000000 ) ) ;
#722 = ORIENTED_EDGE ( 'NONE', *, *, #611, .F. ) ;
#723 = ORIENTED_EDGE ( 'NONE', *, *, #1222, .F. ) ;
#724 = AXIS2_PLACEMENT_3D ( 'NONE', #916, #884, #2 ) ;
#725 = CARTESIAN_POINT ( 'NONE',  ( 8.625999999999997669, -12.35899999999999821, -0.05999999999999904715 ) ) ;
#726 = AXIS2_PLACEMENT_3D ( 'NONE', #260, #1805, #438 ) ;
#727 = VERTEX_POINT ( 'NONE', #1267 ) ;
#728 = CARTESIAN_POINT ( 'NONE',  ( 8.964000000000000412, 6.254999999999999893, 0.000000000000000000 ) ) ;
#729 = APPROVAL_STATUS ( 'not_yet_approved' ) ;
#730 = CARTESIAN_POINT ( 'NONE',  ( 2.549999999999999822, 4.604999999999999538, 0.000000000000000000 ) ) ;
#731 = PLANE ( 'NONE',  #1342 ) ;
#732 = EDGE_LOOP ( 'NONE', ( #1811, #126, #1468, #92, #1309, #215, #1854, #1554, #1719, #881, #2012, #1943, #2183, #1840, #1837, #778, #636, #224, #1450, #661, #1883, #1318, #2221, #1077, #798, #1757, #1176, #1233, #1979, #1183, #1, #1485, #2233, #1352, #1796, #1680 ) ) ;
#733 = CYLINDRICAL_SURFACE ( 'NONE', #429, 0.04999999999999973910 ) ;
#734 = DIRECTION ( 'NONE',  ( -0.000000000000000000, -0.000000000000000000, 1.000000000000000000 ) ) ;
#735 = EDGE_CURVE ( 'NONE', #72, #808, #519, .T. ) ;
#736 = VERTEX_POINT ( 'NONE', #1151 ) ;
#737 = DIRECTION ( 'NONE',  ( 1.000000000000000000, 0.000000000000000000, 0.000000000000000000 ) ) ;
#738 = EDGE_CURVE ( 'NONE', #2178, #163, #760, .T. ) ;
#739 = PERSON_AND_ORGANIZATION ( #928, #922 ) ;
#740 = FACE_OUTER_BOUND ( 'NONE', #2023, .T. ) ;
#741 = LINE ( 'NONE', #417, #2182 ) ;
#742 = ORIENTED_EDGE ( 'NONE', *, *, #1831, .F. ) ;
#743 = CIRCLE ( 'NONE', #85, 0.1560000000000001941 ) ;
#744 = ORIENTED_EDGE ( 'NONE', *, *, #173, .F. ) ;
#745 = CARTESIAN_POINT ( 'NONE',  ( -2.749999999999999556, -2.455000000000000515, -0.05999999999999997696 ) ) ;
#746 = EDGE_LOOP ( 'NONE', ( #1080, #1676, #626, #2253 ) ) ;
#747 = DIRECTION ( 'NONE',  ( 1.000000000000000000, -0.000000000000000000, -0.000000000000000000 ) ) ;
#748 = EDGE_CURVE ( 'NONE', #1820, #1214, #1830, .T. ) ;
#749 = AXIS2_PLACEMENT_3D ( 'NONE', #924, #1803, #61 ) ;
#750 = ORIENTED_EDGE ( 'NONE', *, *, #2165, .T. ) ;
#751 = VECTOR ( 'NONE', #1096, 39.37007874015748143 ) ;
#752 = CARTESIAN_POINT ( 'NONE',  ( -8.964000000000000412, -6.254999999999999893, -0.05999999999999997696 ) ) ;
#753 = AXIS2_PLACEMENT_3D ( 'NONE', #1353, #2052, #332 ) ;
#754 = DIRECTION ( 'NONE',  ( 0.000000000000000000, -1.000000000000000000, 0.000000000000000000 ) ) ;
#755 = EDGE_LOOP ( 'NONE', ( #554, #1280, #2026, #238 ) ) ;
#756 = CARTESIAN_POINT ( 'NONE',  ( -2.749999999999999556, -2.455000000000000515, 0.000000000000000000 ) ) ;
#757 = DIRECTION ( 'NONE',  ( -0.000000000000000000, -1.000000000000000000, -0.000000000000000000 ) ) ;
#758 = VECTOR ( 'NONE', #875, 39.37007874015748143 ) ;
#759 = VERTEX_POINT ( 'NONE', #2172 ) ;
#760 = LINE ( 'NONE', #1505, #2193 ) ;
#761 = EDGE_CURVE ( 'NONE', #403, #1672, #841, .T. ) ;
#762 = ORIENTED_EDGE ( 'NONE', *, *, #2165, .F. ) ;
#763 = AXIS2_PLACEMENT_3D ( 'NONE', #1662, #283, #2184 ) ;
#764 = CARTESIAN_POINT ( 'NONE',  ( 8.869999999999999218, -12.36499999999999844, 0.000000000000000000 ) ) ;
#765 = EDGE_CURVE ( 'NONE', #351, #1500, #1480, .T. ) ;
#766 = FACE_OUTER_BOUND ( 'NONE', #2041, .T. ) ;
#767 = LINE ( 'NONE', #572, #2040 ) ;
#768 = ORIENTED_EDGE ( 'NONE', *, *, #810, .T. ) ;
#769 = DIRECTION ( 'NONE',  ( -0.000000000000000000, -0.000000000000000000, 1.000000000000000000 ) ) ;
#770 = DIRECTION ( 'NONE',  ( -1.000000000000000000, -0.000000000000000000, -0.000000000000000000 ) ) ;
#771 = ORIENTED_EDGE ( 'NONE', *, *, #1639, .F. ) ;
#772 = CARTESIAN_POINT ( 'NONE',  ( -8.619999999999999218, -12.35899999999999821, -0.05999999999999904715 ) ) ;
#773 = ORIENTED_EDGE ( 'NONE', *, *, #2268, .F. ) ;
#774 = DIRECTION ( 'NONE',  ( 1.000000000000000000, 0.000000000000000000, 0.000000000000000000 ) ) ;
#775 = DIRECTION ( 'NONE',  ( -1.000000000000000000, 0.000000000000000000, 0.000000000000000000 ) ) ;
#776 = EDGE_CURVE ( 'NONE', #1152, #680, #426, .T. ) ;
#777 = CARTESIAN_POINT ( 'NONE',  ( 5.049999999999998934, 4.605000000000000426, 0.000000000000000000 ) ) ;
#778 = ORIENTED_EDGE ( 'NONE', *, *, #932, .F. ) ;
#779 = LINE ( 'NONE', #1838, #1750 ) ;
#780 = ADVANCED_FACE ( 'NONE', ( #1289 ), #927, .F. ) ;
#781 = CARTESIAN_POINT ( 'NONE',  ( -0.5599999999999990541, 4.644999999999999574, -0.05999999999999997696 ) ) ;
#782 = VECTOR ( 'NONE', #2110, 39.37007874015748143 ) ;
#783 = ORIENTED_EDGE ( 'NONE', *, *, #1892, .T. ) ;
#784 = DIRECTION ( 'NONE',  ( 0.000000000000000000, 1.000000000000000000, 0.000000000000000000 ) ) ;
#785 = VERTEX_POINT ( 'NONE', #955 ) ;
#786 = DIRECTION ( 'NONE',  ( -1.000000000000000000, -0.000000000000000000, -0.000000000000000000 ) ) ;
#787 = VECTOR ( 'NONE', #623, 39.37007874015748143 ) ;
#788 = FACE_OUTER_BOUND ( 'NONE', #755, .T. ) ;
#789 = CARTESIAN_POINT ( 'NONE',  ( 8.625999999999999446, 0.000000000000000000, -0.000000000000000000 ) ) ;
#790 = ORIENTED_EDGE ( 'NONE', *, *, #1684, .T. ) ;
#791 = CIRCLE ( 'NONE', #827, 0.04999999999999973910 ) ;
#792 = EDGE_CURVE ( 'NONE', #1108, #473, #404, .T. ) ;
#793 = DIRECTION ( 'NONE',  ( -0.000000000000000000, -0.000000000000000000, 1.000000000000000000 ) ) ;
#794 = DIRECTION ( 'NONE',  ( 0.000000000000000000, -3.491481338843134539E-15, 1.000000000000000000 ) ) ;
#795 = EDGE_LOOP ( 'NONE', ( #2180, #1530, #2073, #1129 ) ) ;
#796 = LINE ( 'NONE', #2197, #1868 ) ;
#797 = VECTOR ( 'NONE', #1063, 39.37007874015748143 ) ;
#798 = ORIENTED_EDGE ( 'NONE', *, *, #1114, .F. ) ;
#799 = CARTESIAN_POINT ( 'NONE',  ( 0.000000000000000000, 0.000000000000000000, -0.05999999999999999778 ) ) ;
#800 = LINE ( 'NONE', #2164, #1666 ) ;
#801 = DIRECTION ( 'NONE',  ( 0.000000000000000000, 0.000000000000000000, 1.000000000000000000 ) ) ;
#802 = ORIENTED_EDGE ( 'NONE', *, *, #925, .F. ) ;
#803 = CARTESIAN_POINT ( 'NONE',  ( 9.119999999999999218, 12.50500000000000078, -0.05999999999999999778 ) ) ;
#804 = FACE_OUTER_BOUND ( 'NONE', #795, .T. ) ;
#805 = ORIENTED_EDGE ( 'NONE', *, *, #496, .T. ) ;
#806 = CARTESIAN_POINT ( 'NONE',  ( 8.619999999999997442, -12.35899999999999821, -0.000000000000000000 ) ) ;
#807 = CC_DESIGN_DATE_AND_TIME_ASSIGNMENT ( #2269, #1619, ( #976 ) ) ;
#808 = VERTEX_POINT ( 'NONE', #64 ) ;
#809 = FACE_BOUND ( 'NONE', #2062, .T. ) ;
#810 = EDGE_CURVE ( 'NONE', #785, #1336, #985, .T. ) ;
#811 = CARTESIAN_POINT ( 'NONE',  ( -9.500000000000000000, -12.48499999999999943, -0.05999999999999999778 ) ) ;
#812 = DIRECTION ( 'NONE',  ( 0.000000000000000000, 1.000000000000000000, 0.000000000000000000 ) ) ;
#813 = ORIENTED_EDGE ( 'NONE', *, *, #1189, .F. ) ;
#814 = CARTESIAN_POINT ( 'NONE',  ( -8.625999999999994117, 12.36500000000000021, -0.05999999999999999778 ) ) ;
#815 = FACE_OUTER_BOUND ( 'NONE', #1255, .T. ) ;
#816 = EDGE_LOOP ( 'NONE', ( #2157, #1436, #2207, #926 ) ) ;
#817 = DIRECTION ( 'NONE',  ( 1.000000000000000000, -0.000000000000000000, 0.000000000000000000 ) ) ;
#818 = VERTEX_POINT ( 'NONE', #600 ) ;
#819 = DIRECTION ( 'NONE',  ( 0.000000000000000000, 0.000000000000000000, -1.000000000000000000 ) ) ;
#820 = APPROVAL_PERSON_ORGANIZATION ( #1609, #113, #1438 ) ;
#821 = CARTESIAN_POINT ( 'NONE',  ( 8.625999999999997669, -12.36499999999999844, 0.000000000000000000 ) ) ;
#822 = CARTESIAN_POINT ( 'NONE',  ( -9.500000000000000000, -12.48499999999999943, 0.000000000000000000 ) ) ;
#823 = VECTOR ( 'NONE', #1478, 39.37007874015748143 ) ;
#824 = EDGE_LOOP ( 'NONE', ( #234, #1037, #133, #1887 ) ) ;
#825 = LINE ( 'NONE', #279, #652 ) ;
#826 = LINE ( 'NONE', #658, #929 ) ;
#827 = AXIS2_PLACEMENT_3D ( 'NONE', #478, #1499, #1701 ) ;
#828 = ORIENTED_EDGE ( 'NONE', *, *, #1595, .T. ) ;
#829 = DIRECTION ( 'NONE',  ( 1.000000000000000000, 0.000000000000000000, 0.000000000000000000 ) ) ;
#830 = AXIS2_PLACEMENT_3D ( 'NONE', #1053, #2260, #158 ) ;
#831 = ORIENTED_EDGE ( 'NONE', *, *, #24, .T. ) ;
#832 = DIRECTION ( 'NONE',  ( 1.000000000000000000, 0.000000000000000000, 0.000000000000000000 ) ) ;
#833 = EDGE_CURVE ( 'NONE', #11, #1542, #1817, .T. ) ;
#834 = EDGE_CURVE ( 'NONE', #381, #2178, #941, .T. ) ;
#835 = CARTESIAN_POINT ( 'NONE',  ( 0.4560000000000007936, 4.644999999999999574, -0.6300393700787404461 ) ) ;
#836 = DIRECTION ( 'NONE',  ( -9.106159978880892383E-15, -1.000000000000000000, 0.000000000000000000 ) ) ;
#837 = ORIENTED_EDGE ( 'NONE', *, *, #482, .F. ) ;
#838 = ADVANCED_FACE ( 'NONE', ( #1279 ), #52, .F. ) ;
#839 = EDGE_CURVE ( 'NONE', #1661, #2138, #614, .T. ) ;
#840 = EDGE_CURVE ( 'NONE', #37, #103, #75, .T. ) ;
#841 = CIRCLE ( 'NONE', #726, 0.1200000000000010086 ) ;
#842 = LINE ( 'NONE', #1333, #542 ) ;
#843 = PLANE ( 'NONE',  #1492 ) ;
#844 = VERTEX_POINT ( 'NONE', #84 ) ;
#845 = CARTESIAN_POINT ( 'NONE',  ( 8.869999999999999218, 12.48499999999999943, -0.05999999999999999778 ) ) ;
#846 = ORIENTED_EDGE ( 'NONE', *, *, #1818, .F. ) ;
#847 = LINE ( 'NONE', #142, #2077 ) ;
#848 = DIRECTION ( 'NONE',  ( 0.000000000000000000, 0.000000000000000000, 1.000000000000000000 ) ) ;
#849 = EDGE_CURVE ( 'NONE', #515, #665, #186, .T. ) ;
#850 = DIRECTION ( 'NONE',  ( -1.000000000000000000, 0.000000000000000000, 0.000000000000000000 ) ) ;
#851 = CARTESIAN_POINT ( 'NONE',  ( 0.5700000000000007283, 4.644999999999999574, -0.6300393700787404461 ) ) ;
#852 = ADVANCED_FACE ( 'NONE', ( #1455 ), #967, .T. ) ;
#853 = ORIENTED_EDGE ( 'NONE', *, *, #264, .F. ) ;
#854 = DIRECTION ( 'NONE',  ( 0.000000000000000000, 0.000000000000000000, -1.000000000000000000 ) ) ;
#855 = ORIENTED_EDGE ( 'NONE', *, *, #592, .F. ) ;
#856 = DIRECTION ( 'NONE',  ( -1.000000000000000000, 0.000000000000000000, 0.000000000000000000 ) ) ;
#857 = VECTOR ( 'NONE', #1963, 39.37007874015748143 ) ;
#858 = DIRECTION ( 'NONE',  ( -1.000000000000000000, 0.000000000000000000, 0.000000000000000000 ) ) ;
#859 = LINE ( 'NONE', #2273, #1453 ) ;
#860 = VERTEX_POINT ( 'NONE', #448 ) ;
#861 = ORIENTED_EDGE ( 'NONE', *, *, #944, .F. ) ;
#862 = CARTESIAN_POINT ( 'NONE',  ( 8.619999999999999218, 12.36499999999999844, -0.1200000000000000372 ) ) ;
#863 = VECTOR ( 'NONE', #1463, 39.37007874015748143 ) ;
#864 = EDGE_LOOP ( 'NONE', ( #274, #76 ) ) ;
#865 = CARTESIAN_POINT ( 'NONE',  ( 8.619999999999999218, 12.36499999999999844, -0.1200000000000000372 ) ) ;
#866 = VECTOR ( 'NONE', #684, 39.37007874015748143 ) ;
#867 =( NAMED_UNIT ( * ) SI_UNIT ( $, .STERADIAN. ) SOLID_ANGLE_UNIT ( ) );
#868 = CARTESIAN_POINT ( 'NONE',  ( -2.749999999999999556, 2.455000000000000071, 0.000000000000000000 ) ) ;
#869 = LINE ( 'NONE', #1430, #1115 ) ;
#870 = VECTOR ( 'NONE', #484, 39.37007874015748143 ) ;
#871 = ORIENTED_EDGE ( 'NONE', *, *, #1083, .F. ) ;
#872 = FACE_OUTER_BOUND ( 'NONE', #2174, .T. ) ;
#873 = VERTEX_POINT ( 'NONE', #101 ) ;
#874 = EDGE_CURVE ( 'NONE', #1545, #381, #796, .T. ) ;
#875 = DIRECTION ( 'NONE',  ( -0.000000000000000000, -1.000000000000000000, -0.000000000000000000 ) ) ;
#876 = EDGE_CURVE ( 'NONE', #103, #1589, #1005, .T. ) ;
#877 = DIRECTION ( 'NONE',  ( 1.000000000000000000, 0.000000000000000000, 0.000000000000000000 ) ) ;
#878 = CARTESIAN_POINT ( 'NONE',  ( -2.749999999999999556, -2.455000000000000515, -0.6300393700787404461 ) ) ;
#879 = PLANE ( 'NONE',  #933 ) ;
#880 = VERTEX_POINT ( 'NONE', #1375 ) ;
#881 = ORIENTED_EDGE ( 'NONE', *, *, #1552, .T. ) ;
#882 = DIRECTION ( 'NONE',  ( 0.000000000000000000, 0.000000000000000000, 1.000000000000000000 ) ) ;
#883 = ORIENTED_EDGE ( 'NONE', *, *, #1729, .T. ) ;
#884 = DIRECTION ( 'NONE',  ( 1.000000000000000000, 0.000000000000000000, 0.000000000000000000 ) ) ;
#885 = PERSON_AND_ORGANIZATION_ROLE ( 'design_supplier' ) ;
#886 = AXIS2_PLACEMENT_3D ( 'NONE', #2249, #298, #683 ) ;
#887 = DIRECTION ( 'NONE',  ( -0.000000000000000000, -0.000000000000000000, 1.000000000000000000 ) ) ;
#888 = LINE ( 'NONE', #1220, #797 ) ;
#889 = DIRECTION ( 'NONE',  ( 0.000000000000000000, -1.000000000000000000, 0.000000000000000000 ) ) ;
#890 = ORIENTED_EDGE ( 'NONE', *, *, #1218, .T. ) ;
#891 = DIRECTION ( 'NONE',  ( -0.000000000000000000, -0.000000000000000000, 1.000000000000000000 ) ) ;
#892 = VECTOR ( 'NONE', #73, 39.37007874015748143 ) ;
#893 = AXIS2_PLACEMENT_3D ( 'NONE', #1383, #1836, #1474 ) ;
#894 = VERTEX_POINT ( 'NONE', #806 ) ;
#895 = DIRECTION ( 'NONE',  ( -0.000000000000000000, -0.000000000000000000, 1.000000000000000000 ) ) ;
#896 = CIRCLE ( 'NONE', #1895, 0.04999999999999973910 ) ;
#897 = DATE_AND_TIME ( #2140, #13 ) ;
#898 = ADVANCED_FACE ( 'NONE', ( #124 ), #2246, .F. ) ;
#899 = PLANE ( 'NONE',  #893 ) ;
#900 = ADVANCED_FACE ( 'NONE', ( #1187 ), #1337, .F. ) ;
#901 = EDGE_LOOP ( 'NONE', ( #425, #294, #2019, #1584 ) ) ;
#902 = AXIS2_PLACEMENT_3D ( 'NONE', #1442, #391, #1998 ) ;
#903 = ORIENTED_EDGE ( 'NONE', *, *, #99, .T. ) ;
#904 = LINE ( 'NONE', #1574, #1467 ) ;
#905 = AXIS2_PLACEMENT_3D ( 'NONE', #555, #1421, #1244 ) ;
#906 = ORIENTED_EDGE ( 'NONE', *, *, #1765, .T. ) ;
#907 = DIRECTION ( 'NONE',  ( 0.000000000000000000, 0.000000000000000000, 1.000000000000000000 ) ) ;
#908 = DIRECTION ( 'NONE',  ( 1.000000000000000000, 0.000000000000000000, 0.000000000000000000 ) ) ;
#909 = DIRECTION ( 'NONE',  ( 0.000000000000000000, 0.000000000000000000, 1.000000000000000000 ) ) ;
#910 = CARTESIAN_POINT ( 'NONE',  ( -9.274712636846508929, -12.48499999999999943, -0.05999999999999999778 ) ) ;
#911 = ORIENTED_EDGE ( 'NONE', *, *, #183, .T. ) ;
#912 = EDGE_CURVE ( 'NONE', #579, #1698, #1867, .T. ) ;
#913 = EDGE_LOOP ( 'NONE', ( #1522, #7 ) ) ;
#914 = LINE ( 'NONE', #436, #823 ) ;
#915 = ORIENTED_EDGE ( 'NONE', *, *, #1157, .F. ) ;
#916 = CARTESIAN_POINT ( 'NONE',  ( 8.619999999999997442, 12.36499999999999844, -0.1200000000000000372 ) ) ;
#917 = VERTEX_POINT ( 'NONE', #993 ) ;
#918 = DIRECTION ( 'NONE',  ( 1.000000000000000000, 0.000000000000000000, 0.000000000000000000 ) ) ;
#919 = AXIS2_PLACEMENT_3D ( 'NONE', #1155, #986, #1181 ) ;
#920 = CARTESIAN_POINT ( 'NONE',  ( 8.869999999999999218, 12.48499999999999943, -0.05999999999999999778 ) ) ;
#921 = EDGE_LOOP ( 'NONE', ( #434, #2090, #1126, #1266 ) ) ;
#922 = ORGANIZATION ( 'UNSPECIFIED', 'UNSPECIFIED', '' ) ;
#923 = VERTEX_POINT ( 'NONE', #2208 ) ;
#924 = CARTESIAN_POINT ( 'NONE',  ( 8.620000000000000995, -12.48499999999999943, -0.05999999999999978961 ) ) ;
#925 = EDGE_CURVE ( 'NONE', #1202, #351, #1018, .T. ) ;
#926 = ORIENTED_EDGE ( 'NONE', *, *, #1559, .T. ) ;
#927 = PLANE ( 'NONE',  #1939 ) ;
#928 = PERSON ( 'UNSPECIFIED', 'UNSPECIFIED', 'UNSPECIFIED', ('UNSPECIFIED'), ('UNSPECIFIED'), ('UNSPECIFIED') ) ;
#929 = VECTOR ( 'NONE', #667, 39.37007874015748143 ) ;
#930 = ORIENTED_EDGE ( 'NONE', *, *, #147, .F. ) ;
#931 = FACE_BOUND ( 'NONE', #1812, .T. ) ;
#932 = EDGE_CURVE ( 'NONE', #1722, #579, #2219, .T. ) ;
#933 = AXIS2_PLACEMENT_3D ( 'NONE', #199, #168, #1406 ) ;
#934 = DIRECTION ( 'NONE',  ( 0.000000000000000000, -1.000000000000000000, 0.000000000000000000 ) ) ;
#935 = DIRECTION ( 'NONE',  ( 0.000000000000000000, 0.000000000000000000, 1.000000000000000000 ) ) ;
#936 = ORIENTED_EDGE ( 'NONE', *, *, #24, .F. ) ;
#937 = CYLINDRICAL_SURFACE ( 'NONE', #902, 0.1200000000000019940 ) ;
#938 = CARTESIAN_POINT ( 'NONE',  ( -8.619999999999995666, 0.000000000000000000, 0.000000000000000000 ) ) ;
#939 = AXIS2_PLACEMENT_3D ( 'NONE', #2205, #1717, #631 ) ;
#940 = EDGE_LOOP ( 'NONE', ( #1758, #783, #1420, #616 ) ) ;
#941 = LINE ( 'NONE', #1652, #1506 ) ;
#942 = AXIS2_PLACEMENT_3D ( 'NONE', #1989, #272, #1852 ) ;
#943 = EDGE_CURVE ( 'NONE', #430, #1969, #2039, .T. ) ;
#944 = EDGE_CURVE ( 'NONE', #1039, #1981, #1707, .T. ) ;
#945 = ORIENTED_EDGE ( 'NONE', *, *, #1026, .F. ) ;
#946 = CARTESIAN_POINT ( 'NONE',  ( 8.619999999999999218, 12.36500000000000021, -0.05999999999999999778 ) ) ;
#947 = EDGE_CURVE ( 'NONE', #785, #1106, #115, .T. ) ;
#948 = DIRECTION ( 'NONE',  ( 0.000000000000000000, 0.000000000000000000, -1.000000000000000000 ) ) ;
#949 = MANIFOLD_SOLID_BREP ( 'Cortar-Extruir2', #1972 ) ;
#950 = CARTESIAN_POINT ( 'NONE',  ( -8.619999999999999218, 12.48499999999999943, -0.1199999999999995931 ) ) ;
#951 = ORIENTED_EDGE ( 'NONE', *, *, #709, .T. ) ;
#952 = FACE_OUTER_BOUND ( 'NONE', #114, .T. ) ;
#953 = CARTESIAN_POINT ( 'NONE',  ( -8.869999999999999218, -12.48499999999999943, -0.05999999999999999778 ) ) ;
#954 = ORIENTED_EDGE ( 'NONE', *, *, #1914, .T. ) ;
#955 = CARTESIAN_POINT ( 'NONE',  ( -8.965287363153491285, -12.48499999999999943, 0.000000000000000000 ) ) ;
#956 = ORIENTED_EDGE ( 'NONE', *, *, #1044, .F. ) ;
#957 = FACE_BOUND ( 'NONE', #1866, .T. ) ;
#958 = EDGE_CURVE ( 'NONE', #1399, #1931, #330, .T. ) ;
#959 = PLANE ( 'NONE',  #1884 ) ;
#960 = CARTESIAN_POINT ( 'NONE',  ( -8.625999999999994117, 12.35899999999999821, -0.05999999999999999778 ) ) ;
#961 = VERTEX_POINT ( 'NONE', #1351 ) ;
#962 = EDGE_CURVE ( 'NONE', #589, #1661, #2050, .T. ) ;
#963 = CARTESIAN_POINT ( 'NONE',  ( -8.619999999999990337, 12.36499999999999844, -0.1200000000000000372 ) ) ;
#964 = LINE ( 'NONE', #97, #787 ) ;
#965 = AXIS2_PLACEMENT_3D ( 'NONE', #1871, #1569, #848 ) ;
#966 = ORIENTED_EDGE ( 'NONE', *, *, #958, .T. ) ;
#967 = PLANE ( 'NONE',  #111 ) ;
#968 = LOCAL_TIME ( 11, 58, 38.00000000000000000, #1413 ) ;
#969 = VERTEX_POINT ( 'NONE', #508 ) ;
#970 = DIRECTION ( 'NONE',  ( 0.000000000000000000, 0.000000000000000000, -1.000000000000000000 ) ) ;
#971 = CIRCLE ( 'NONE', #603, 0.1560000000000001941 ) ;
#972 = LINE ( 'NONE', #1993, #1104 ) ;
#973 = VECTOR ( 'NONE', #1273, 39.37007874015748143 ) ;
#974 = PLANE ( 'NONE',  #1201 ) ;
#975 = ORIENTED_EDGE ( 'NONE', *, *, #529, .F. ) ;
#976 = PRODUCT_DEFINITION ( 'UNKNOWN', '', #1378, #2059 ) ;
#977 = DIRECTION ( 'NONE',  ( -0.000000000000000000, -0.000000000000000000, 1.000000000000000000 ) ) ;
#978 = DIRECTION ( 'NONE',  ( 1.000000000000000000, 0.000000000000000000, 0.000000000000000000 ) ) ;
#979 = VECTOR ( 'NONE', #1531, 39.37007874015748143 ) ;
#980 = ADVANCED_FACE ( 'NONE', ( #1686 ), #635, .T. ) ;
#981 = ORIENTED_EDGE ( 'NONE', *, *, #500, .T. ) ;
#982 = CARTESIAN_POINT ( 'NONE',  ( -8.870000000000000995, 12.36500000000000021, 0.000000000000000000 ) ) ;
#983 = EDGE_LOOP ( 'NONE', ( #1507, #609, #1331, #203 ) ) ;
#984 = DIRECTION ( 'NONE',  ( 0.000000000000000000, 1.000000000000000000, 0.000000000000000000 ) ) ;
#985 = CIRCLE ( 'NONE', #942, 0.1560000000000001941 ) ;
#986 = DIRECTION ( 'NONE',  ( -0.000000000000000000, -0.000000000000000000, 1.000000000000000000 ) ) ;
#987 = CYLINDRICAL_SURFACE ( 'NONE', #1118, 0.1140000000000000735 ) ;
#988 = VERTEX_POINT ( 'NONE', #2234 ) ;
#989 = LINE ( 'NONE', #1551, #148 ) ;
#990 = DIRECTION ( 'NONE',  ( 1.000000000000000000, 0.000000000000000000, 0.000000000000000000 ) ) ;
#991 = EDGE_CURVE ( 'NONE', #1672, #1741, #1385, .T. ) ;
#992 = ORIENTED_EDGE ( 'NONE', *, *, #522, .T. ) ;
#993 = CARTESIAN_POINT ( 'NONE',  ( -0.4459999999999990083, 4.644999999999999574, -0.05999999999999997696 ) ) ;
#994 = ORIENTED_EDGE ( 'NONE', *, *, #1930, .T. ) ;
#995 = CARTESIAN_POINT ( 'NONE',  ( -8.965287363153491285, -12.48499999999999943, -0.05999999999999999778 ) ) ;
#996 =( LENGTH_UNIT ( ) NAMED_UNIT ( * ) SI_UNIT ( $, .METRE. ) );
#997 = DIRECTION ( 'NONE',  ( -0.000000000000000000, -0.000000000000000000, 1.000000000000000000 ) ) ;
#998 = ORIENTED_EDGE ( 'NONE', *, *, #2018, .F. ) ;
#999 = DIRECTION ( 'NONE',  ( -0.000000000000000000, -0.000000000000000000, 1.000000000000000000 ) ) ;
#1000 = DIRECTION ( 'NONE',  ( 0.000000000000000000, 0.000000000000000000, 1.000000000000000000 ) ) ;
#1001 = UNCERTAINTY_MEASURE_WITH_UNIT (LENGTH_MEASURE( 1.000000000000000082E-05 ), #1913, 'distance_accuracy_value', 'NONE');
#1002 = VECTOR ( 'NONE', #1461, 39.37007874015748143 ) ;
#1003 = ORIENTED_EDGE ( 'NONE', *, *, #1930, .F. ) ;
#1004 = ADVANCED_FACE ( 'NONE', ( #137 ), #1565, .F. ) ;
#1005 = LINE ( 'NONE', #317, #1317 ) ;
#1006 = ADVANCED_FACE ( 'NONE', ( #2061 ), #495, .F. ) ;
#1007 = ORIENTED_EDGE ( 'NONE', *, *, #1008, .F. ) ;
#1008 = EDGE_CURVE ( 'NONE', #466, #1048, #678, .T. ) ;
#1009 = DIRECTION ( 'NONE',  ( 1.000000000000000000, 0.000000000000000000, 0.000000000000000000 ) ) ;
#1010 = CC_DESIGN_APPROVAL ( #305, ( #976 ) ) ;
#1011 = DIRECTION ( 'NONE',  ( 1.000000000000000000, 0.000000000000000000, 0.000000000000000000 ) ) ;
#1012 = DIRECTION ( 'NONE',  ( 1.000000000000000000, 0.000000000000000000, 0.000000000000000000 ) ) ;
#1013 = ORIENTED_EDGE ( 'NONE', *, *, #157, .T. ) ;
#1014 = CARTESIAN_POINT ( 'NONE',  ( 9.500000000000000000, -12.48499999999999943, -0.05999999999999999778 ) ) ;
#1015 = DIRECTION ( 'NONE',  ( -1.000000000000000000, 0.000000000000000000, 0.000000000000000000 ) ) ;
#1016 = AXIS2_PLACEMENT_3D ( 'NONE', #561, #1170, #1012 ) ;
#1017 = ORIENTED_EDGE ( 'NONE', *, *, #546, .F. ) ;
#1018 = LINE ( 'NONE', #304, #396 ) ;
#1019 = VECTOR ( 'NONE', #1508, 39.37007874015748143 ) ;
#1020 = VERTEX_POINT ( 'NONE', #1046 ) ;
#1021 = CARTESIAN_POINT ( 'NONE',  ( 8.625999999999997669, -12.36499999999999844, -0.05999999999999999778 ) ) ;
#1022 = ADVANCED_FACE ( 'NONE', ( #1932 ), #1944, .F. ) ;
#1023 = ADVANCED_FACE ( 'NONE', ( #1749 ), #1604, .T. ) ;
#1024 = LINE ( 'NONE', #1535, #129 ) ;
#1025 = CARTESIAN_POINT ( 'NONE',  ( -8.625999999999999446, -12.35899999999999821, -0.05999999999999904715 ) ) ;
#1026 = EDGE_CURVE ( 'NONE', #1048, #923, #1354, .T. ) ;
#1027 = VECTOR ( 'NONE', #2027, 39.37007874015748143 ) ;
#1028 = CARTESIAN_POINT ( 'NONE',  ( -8.619999999999999218, 12.42500000000000071, -0.6300000000000002265 ) ) ;
#1029 = CYLINDRICAL_SURFACE ( 'NONE', #1113, 0.1560000000000001941 ) ;
#1030 = EDGE_LOOP ( 'NONE', ( #2274, #903, #1278, #1832 ) ) ;
#1031 = CARTESIAN_POINT ( 'NONE',  ( -9.500000000000000000, -12.48499999999999943, -0.05999999999999999778 ) ) ;
#1032 = ORIENTED_EDGE ( 'NONE', *, *, #1205, .T. ) ;
#1033 = FACE_OUTER_BOUND ( 'NONE', #2016, .T. ) ;
#1034 = DIRECTION ( 'NONE',  ( -0.000000000000000000, -0.000000000000000000, 1.000000000000000000 ) ) ;
#1035 = DIRECTION ( 'NONE',  ( -0.000000000000000000, -0.000000000000000000, 1.000000000000000000 ) ) ;
#1036 = DIRECTION ( 'NONE',  ( 0.000000000000000000, 0.000000000000000000, -1.000000000000000000 ) ) ;
#1037 = ORIENTED_EDGE ( 'NONE', *, *, #1728, .T. ) ;
#1038 = DIRECTION ( 'NONE',  ( 1.000000000000000000, 0.000000000000000000, 0.000000000000000000 ) ) ;
#1039 = VERTEX_POINT ( 'NONE', #2092 ) ;
#1040 = LINE ( 'NONE', #1339, #246 ) ;
#1041 = CARTESIAN_POINT ( 'NONE',  ( 8.619999999999999218, 12.42499999999999893, -0.1199999999999998151 ) ) ;
#1042 = CARTESIAN_POINT ( 'NONE',  ( 9.119999999999999218, 12.50500000000000078, 0.000000000000000000 ) ) ;
#1043 = ORIENTED_EDGE ( 'NONE', *, *, #1876, .F. ) ;
#1044 = EDGE_CURVE ( 'NONE', #181, #163, #362, .T. ) ;
#1045 = ORIENTED_EDGE ( 'NONE', *, *, #2223, .F. ) ;
#1046 = CARTESIAN_POINT ( 'NONE',  ( -8.619999999999999218, -12.36500000000000021, -0.05999999999999999778 ) ) ;
#1047 = EDGE_CURVE ( 'NONE', #1734, #1152, #1057, .T. ) ;
#1048 = VERTEX_POINT ( 'NONE', #1759 ) ;
#1049 = CIRCLE ( 'NONE', #1929, 0.04999999999999973910 ) ;
#1050 = CARTESIAN_POINT ( 'NONE',  ( -8.620000000000000995, 12.36500000000000021, 0.000000000000000000 ) ) ;
#1051 = MECHANICAL_CONTEXT ( 'NONE', #1937, 'mechanical' ) ;
#1052 = CARTESIAN_POINT ( 'NONE',  ( 8.619999999999997442, -12.35899999999999821, -0.05999999999999904715 ) ) ;
#1053 = CARTESIAN_POINT ( 'NONE',  ( -0.5599999999999990541, 4.644999999999999574, 0.000000000000000000 ) ) ;
#1054 = DIRECTION ( 'NONE',  ( 0.000000000000000000, 3.491481338843134539E-15, 1.000000000000000000 ) ) ;
#1055 = VECTOR ( 'NONE', #29, 39.37007874015748143 ) ;
#1056 = ORIENTED_EDGE ( 'NONE', *, *, #2240, .T. ) ;
#1057 = LINE ( 'NONE', #1254, #618 ) ;
#1058 = ADVANCED_FACE ( 'NONE', ( #2126 ), #1770, .F. ) ;
#1059 = ORIENTED_EDGE ( 'NONE', *, *, #546, .T. ) ;
#1060 = CARTESIAN_POINT ( 'NONE',  ( 8.619999999999997442, -12.35899999999999821, -0.05999999999999999778 ) ) ;
#1061 = CALENDAR_DATE ( 2026, 24, 6 ) ;
#1062 = DIRECTION ( 'NONE',  ( 0.000000000000000000, 3.834172622686683600E-15, -1.000000000000000000 ) ) ;
#1063 = DIRECTION ( 'NONE',  ( -0.000000000000000000, 1.000000000000000000, 3.835990623682900600E-15 ) ) ;
#1064 = DIRECTION ( 'NONE',  ( 0.000000000000000000, 0.000000000000000000, 1.000000000000000000 ) ) ;
#1065 = VERTEX_POINT ( 'NONE', #1078 ) ;
#1066 = ORIENTED_EDGE ( 'NONE', *, *, #1157, .T. ) ;
#1067 = LINE ( 'NONE', #202, #1904 ) ;
#1068 = ORIENTED_EDGE ( 'NONE', *, *, #468, .T. ) ;
#1069 = LINE ( 'NONE', #1585, #1272 ) ;
#1070 = COORDINATED_UNIVERSAL_TIME_OFFSET ( 6, 0, .BEHIND. ) ;
#1071 = EDGE_CURVE ( 'NONE', #1253, #613, #1067, .T. ) ;
#1072 = AXIS2_PLACEMENT_3D ( 'NONE', #1094, #207, #1062 ) ;
#1073 = DIRECTION ( 'NONE',  ( -1.000000000000000000, -0.000000000000000000, -0.000000000000000000 ) ) ;
#1074 = CARTESIAN_POINT ( 'NONE',  ( 8.619999999999997442, -12.36499999999999844, -0.05999999999999904715 ) ) ;
#1075 = LINE ( 'NONE', #179, #1570 ) ;
#1076 = ORIENTED_EDGE ( 'NONE', *, *, #1815, .F. ) ;
#1077 = ORIENTED_EDGE ( 'NONE', *, *, #123, .T. ) ;
#1078 = CARTESIAN_POINT ( 'NONE',  ( 2.750000000000000444, 2.455000000000000071, 0.000000000000000000 ) ) ;
#1079 = VECTOR ( 'NONE', #1790, 39.37007874015748143 ) ;
#1080 = ORIENTED_EDGE ( 'NONE', *, *, #1414, .T. ) ;
#1081 = CARTESIAN_POINT ( 'NONE',  ( 2.750000000000000444, 2.455000000000000071, -0.6300393700787404461 ) ) ;
#1082 = VECTOR ( 'NONE', #984, 39.37007874015748143 ) ;
#1083 = EDGE_CURVE ( 'NONE', #212, #880, #1781, .T. ) ;
#1084 = DIRECTION ( 'NONE',  ( 0.000000000000000000, -1.000000000000000000, 0.000000000000000000 ) ) ;
#1085 = VECTOR ( 'NONE', #10, 39.37007874015748143 ) ;
#1086 = DIRECTION ( 'NONE',  ( 1.000000000000000000, 0.000000000000000000, 0.000000000000000000 ) ) ;
#1087 = EDGE_LOOP ( 'NONE', ( #714, #1431, #1706, #642 ) ) ;
#1088 = AXIS2_PLACEMENT_3D ( 'NONE', #963, #1501, #1524 ) ;
#1089 = DIRECTION ( 'NONE',  ( 0.000000000000000000, 0.000000000000000000, -1.000000000000000000 ) ) ;
#1090 = LINE ( 'NONE', #745, #1265 ) ;
#1091 = VECTOR ( 'NONE', #2161, 39.37007874015748143 ) ;
#1092 = ORIENTED_EDGE ( 'NONE', *, *, #738, .T. ) ;
#1093 = FACE_OUTER_BOUND ( 'NONE', #116, .T. ) ;
#1094 = CARTESIAN_POINT ( 'NONE',  ( 0.000000000000000000, 12.42499999999999893, 4.786964519424324299E-14 ) ) ;
#1095 = EDGE_CURVE ( 'NONE', #1590, #1985, #580, .T. ) ;
#1096 = DIRECTION ( 'NONE',  ( -0.000000000000000000, 1.000000000000000000, -3.491481338843133750E-15 ) ) ;
#1097 = ORIENTED_EDGE ( 'NONE', *, *, #1246, .T. ) ;
#1098 = LINE ( 'NONE', #1977, #1208 ) ;
#1099 = CARTESIAN_POINT ( 'NONE',  ( -9.500000000000000000, 12.48499999999999943, 0.000000000000000000 ) ) ;
#1100 = EDGE_LOOP ( 'NONE', ( #211, #890, #1739, #1139 ) ) ;
#1101 = DIRECTION ( 'NONE',  ( -0.000000000000000000, -0.000000000000000000, 1.000000000000000000 ) ) ;
#1102 = ORIENTED_EDGE ( 'NONE', *, *, #693, .T. ) ;
#1103 = CARTESIAN_POINT ( 'NONE',  ( 8.619999999999999218, 12.36499999999999844, 9.561467977824920278E-16 ) ) ;
#1104 = VECTOR ( 'NONE', #591, 39.37007874015748143 ) ;
#1105 = CARTESIAN_POINT ( 'NONE',  ( 9.274712636846508929, -12.48499999999999943, -0.05999999999999999778 ) ) ;
#1106 = VERTEX_POINT ( 'NONE', #382 ) ;
#1107 = APPROVAL_PERSON_ORGANIZATION ( #3, #305, #2119 ) ;
#1108 = VERTEX_POINT ( 'NONE', #699 ) ;
#1109 = DIRECTION ( 'NONE',  ( -1.000000000000000000, 0.000000000000000000, 0.000000000000000000 ) ) ;
#1110 = EDGE_CURVE ( 'NONE', #247, #212, #904, .T. ) ;
#1111 = ORIENTED_EDGE ( 'NONE', *, *, #1670, .F. ) ;
#1112 = DIRECTION ( 'NONE',  ( -1.000000000000000000, -0.000000000000000000, -0.000000000000000000 ) ) ;
#1113 = AXIS2_PLACEMENT_3D ( 'NONE', #1731, #2243, #675 ) ;
#1114 = EDGE_CURVE ( 'NONE', #1202, #1804, #40, .T. ) ;
#1115 = VECTOR ( 'NONE', #1756, 39.37007874015748143 ) ;
#1116 = ORIENTED_EDGE ( 'NONE', *, *, #1362, .F. ) ;
#1117 = DIRECTION ( 'NONE',  ( 1.000000000000000000, 0.000000000000000000, 0.000000000000000000 ) ) ;
#1118 = AXIS2_PLACEMENT_3D ( 'NONE', #132, #454, #1679 ) ;
#1119 = CARTESIAN_POINT ( 'NONE',  ( -2.749999999999999556, 2.455000000000000071, -0.05999999999999999778 ) ) ;
#1120 = AXIS2_PLACEMENT_3D ( 'NONE', #1131, #378, #1117 ) ;
#1121 = CARTESIAN_POINT ( 'NONE',  ( -8.869999999999999218, -12.48499999999999943, -0.05999999999999999778 ) ) ;
#1122 = ORIENTED_EDGE ( 'NONE', *, *, #1614, .F. ) ;
#1123 = FACE_OUTER_BOUND ( 'NONE', #1240, .T. ) ;
#1124 = CARTESIAN_POINT ( 'NONE',  ( 4.949999999999999289, 4.605000000000000426, -0.6300393700787404461 ) ) ;
#1125 = VECTOR ( 'NONE', #1512, 39.37007874015748143 ) ;
#1126 = ORIENTED_EDGE ( 'NONE', *, *, #1435, .T. ) ;
#1127 = CARTESIAN_POINT ( 'NONE',  ( 8.869999999999999218, 12.48499999999999943, -0.05999999999999999778 ) ) ;
#1128 = AXIS2_PLACEMENT_3D ( 'NONE', #1203, #1901, #854 ) ;
#1129 = ORIENTED_EDGE ( 'NONE', *, *, #932, .T. ) ;
#1130 = EDGE_CURVE ( 'NONE', #221, #351, #2276, .T. ) ;
#1131 = CARTESIAN_POINT ( 'NONE',  ( 9.119999999999999218, -12.50500000000000078, -0.05999999999999999778 ) ) ;
#1132 = DIRECTION ( 'NONE',  ( 1.000000000000000000, 0.000000000000000000, -0.000000000000000000 ) ) ;
#1133 = DIRECTION ( 'NONE',  ( 0.000000000000000000, 0.000000000000000000, 1.000000000000000000 ) ) ;
#1134 = VERTEX_POINT ( 'NONE', #1443 ) ;
#1135 = LINE ( 'NONE', #1826, #250 ) ;
#1136 = CARTESIAN_POINT ( 'NONE',  ( 5.049999999999998934, 4.605000000000000426, -0.6300393700787404461 ) ) ;
#1137 = ORIENTED_EDGE ( 'NONE', *, *, #962, .F. ) ;
#1138 = DIRECTION ( 'NONE',  ( 0.000000000000000000, 0.000000000000000000, 1.000000000000000000 ) ) ;
#1139 = ORIENTED_EDGE ( 'NONE', *, *, #1259, .F. ) ;
#1140 = DIRECTION ( 'NONE',  ( 0.000000000000000000, 3.834172622686683600E-15, -1.000000000000000000 ) ) ;
#1141 = APPROVAL ( #535, 'UNSPECIFIED' ) ;
#1142 = EDGE_CURVE ( 'NONE', #808, #736, #1264, .T. ) ;
#1143 = CARTESIAN_POINT ( 'NONE',  ( -8.619999999999999218, -12.36499999999999844, -0.1200000000000000372 ) ) ;
#1144 = LINE ( 'NONE', #822, #1782 ) ;
#1145 = ORIENTED_EDGE ( 'NONE', *, *, #1763, .F. ) ;
#1146 = ADVANCED_FACE ( 'NONE', ( #872 ), #565, .F. ) ;
#1147 = FACE_OUTER_BOUND ( 'NONE', #1231, .T. ) ;
#1148 = CARTESIAN_POINT ( 'NONE',  ( -8.870000000000000995, 12.36500000000000021, -0.05999999999999999778 ) ) ;
#1149 = VECTOR ( 'NONE', #1881, 39.37007874015748143 ) ;
#1150 = ORIENTED_EDGE ( 'NONE', *, *, #306, .T. ) ;
#1151 = CARTESIAN_POINT ( 'NONE',  ( 8.625999999999997669, -12.36499999999999844, -0.05999999999999999778 ) ) ;
#1152 = VERTEX_POINT ( 'NONE', #1400 ) ;
#1153 = CARTESIAN_POINT ( 'NONE',  ( -9.500000000000000000, -12.48499999999999943, -0.05999999999999999778 ) ) ;
#1154 = VECTOR ( 'NONE', #2170, 39.37007874015748143 ) ;
#1155 = CARTESIAN_POINT ( 'NONE',  ( 9.119999999999999218, 6.254999999999999893, -0.6300393700787404461 ) ) ;
#1156 = CARTESIAN_POINT ( 'NONE',  ( -8.619999999999999218, -12.35899999999999821, 0.000000000000000000 ) ) ;
#1157 = EDGE_CURVE ( 'NONE', #923, #1048, #971, .T. ) ;
#1158 = ORIENTED_EDGE ( 'NONE', *, *, #592, .T. ) ;
#1159 = CIRCLE ( 'NONE', #753, 0.1560000000000001941 ) ;
#1160 = CARTESIAN_POINT ( 'NONE',  ( -8.619999999999999218, -12.35899999999999821, -0.05999999999999904715 ) ) ;
#1161 = CARTESIAN_POINT ( 'NONE',  ( -8.619999999999999218, -12.48500000000000121, -0.6300000000000000044 ) ) ;
#1162 = VECTOR ( 'NONE', #1035, 39.37007874015748143 ) ;
#1163 = ORIENTED_EDGE ( 'NONE', *, *, #876, .F. ) ;
#1164 = CARTESIAN_POINT ( 'NONE',  ( -9.500000000000000000, -12.48499999999999943, 0.000000000000000000 ) ) ;
#1165 = EDGE_LOOP ( 'NONE', ( #2247, #2227, #828, #1632 ) ) ;
#1166 = CARTESIAN_POINT ( 'NONE',  ( -8.625999999999994117, 12.36500000000000021, -0.05999999999999999778 ) ) ;
#1167 = VECTOR ( 'NONE', #2094, 39.37007874015748143 ) ;
#1168 = AXIS2_PLACEMENT_3D ( 'NONE', #862, #530, #1954 ) ;
#1169 = CARTESIAN_POINT ( 'NONE',  ( 8.619999999999997442, 12.36499999999999844, -0.05999999999999904715 ) ) ;
#1170 = DIRECTION ( 'NONE',  ( 0.000000000000000000, 0.000000000000000000, 1.000000000000000000 ) ) ;
#1171 = ORIENTED_EDGE ( 'NONE', *, *, #1794, .F. ) ;
#1172 = EDGE_CURVE ( 'NONE', #630, #873, #350, .T. ) ;
#1173 = CARTESIAN_POINT ( 'NONE',  ( 8.965287363153491285, 12.48499999999999943, 0.000000000000000000 ) ) ;
#1174 = DIRECTION ( 'NONE',  ( 0.000000000000000000, 0.000000000000000000, 1.000000000000000000 ) ) ;
#1175 = EDGE_CURVE ( 'NONE', #11, #507, #1090, .T. ) ;
#1176 = ORIENTED_EDGE ( 'NONE', *, *, #2169, .F. ) ;
#1177 = CARTESIAN_POINT ( 'NONE',  ( -9.500000000000000000, -12.48499999999999943, -0.05999999999999999778 ) ) ;
#1178 = EDGE_CURVE ( 'NONE', #880, #161, #1324, .T. ) ;
#1179 = ORIENTED_EDGE ( 'NONE', *, *, #2124, .F. ) ;
#1180 = DIRECTION ( 'NONE',  ( -0.000000000000000000, 0.000000000000000000, 1.000000000000000000 ) ) ;
#1181 = DIRECTION ( 'NONE',  ( 1.000000000000000000, 0.000000000000000000, 0.000000000000000000 ) ) ;
#1182 = CARTESIAN_POINT ( 'NONE',  ( -8.869999999999999218, 12.48499999999999943, -0.05999999999999999778 ) ) ;
#1183 = ORIENTED_EDGE ( 'NONE', *, *, #735, .T. ) ;
#1184 = DIRECTION ( 'NONE',  ( 0.000000000000000000, -1.000000000000000000, 0.000000000000000000 ) ) ;
#1185 = CYLINDRICAL_SURFACE ( 'NONE', #1380, 0.1139999999999999347 ) ;
#1186 = ORIENTED_EDGE ( 'NONE', *, *, #1219, .T. ) ;
#1187 = FACE_OUTER_BOUND ( 'NONE', #278, .T. ) ;
#1188 = EDGE_CURVE ( 'NONE', #331, #573, #914, .T. ) ;
#1189 = EDGE_CURVE ( 'NONE', #1134, #1454, #82, .T. ) ;
#1190 = ORIENTED_EDGE ( 'NONE', *, *, #324, .F. ) ;
#1191 = LINE ( 'NONE', #1742, #1970 ) ;
#1192 = EDGE_CURVE ( 'NONE', #2034, #515, #402, .T. ) ;
#1193 = CC_DESIGN_SECURITY_CLASSIFICATION ( #1810, ( #1378 ) ) ;
#1194 = LINE ( 'NONE', #1690, #1955 ) ;
#1195 = DIRECTION ( 'NONE',  ( -0.000000000000000000, -0.000000000000000000, 1.000000000000000000 ) ) ;
#1196 = VECTOR ( 'NONE', #270, 39.37007874015748143 ) ;
#1197 = EDGE_LOOP ( 'NONE', ( #1363, #1965 ) ) ;
#1198 = CIRCLE ( 'NONE', #569, 0.1139999999999999347 ) ;
#1199 = CARTESIAN_POINT ( 'NONE',  ( -9.119999999999999218, -6.254999999999999893, -0.6300393700787404461 ) ) ;
#1200 = DIRECTION ( 'NONE',  ( 0.000000000000000000, 1.000000000000000000, 0.000000000000000000 ) ) ;
#1201 = AXIS2_PLACEMENT_3D ( 'NONE', #2044, #812, #1321 ) ;
#1202 = VERTEX_POINT ( 'NONE', #1813 ) ;
#1203 = CARTESIAN_POINT ( 'NONE',  ( 2.750000000000000444, -2.455000000000000515, -0.6300393700787404461 ) ) ;
#1204 = CIRCLE ( 'NONE', #1120, 0.1560000000000001941 ) ;
#1205 = EDGE_CURVE ( 'NONE', #585, #894, #48, .T. ) ;
#1206 = ORIENTED_EDGE ( 'NONE', *, *, #810, .F. ) ;
#1207 = CARTESIAN_POINT ( 'NONE',  ( -9.500000000000000000, -12.48499999999999943, -0.05999999999999999778 ) ) ;
#1208 = VECTOR ( 'NONE', #2013, 39.37007874015748143 ) ;
#1209 = PLANE ( 'NONE',  #2212 ) ;
#1210 = ADVANCED_FACE ( 'NONE', ( #1466 ), #610, .F. ) ;
#1211 = AXIS2_PLACEMENT_3D ( 'NONE', #2071, #817, #1544 ) ;
#1212 = DIRECTION ( 'NONE',  ( 1.000000000000000000, -0.000000000000000000, -0.000000000000000000 ) ) ;
#1213 = DIRECTION ( 'NONE',  ( 0.000000000000000000, -1.000000000000000000, -3.834172622686683600E-15 ) ) ;
#1214 = VERTEX_POINT ( 'NONE', #1297 ) ;
#1215 = CARTESIAN_POINT ( 'NONE',  ( 8.619999999999999218, -12.36499999999999844, -0.05999999999999999778 ) ) ;
#1216 = ORIENTED_EDGE ( 'NONE', *, *, #876, .T. ) ;
#1217 = CARTESIAN_POINT ( 'NONE',  ( -8.964000000000000412, -6.254999999999999893, -0.6300393700787404461 ) ) ;
#1218 = EDGE_CURVE ( 'NONE', #647, #844, #2159, .T. ) ;
#1219 = EDGE_CURVE ( 'NONE', #58, #2138, #1795, .T. ) ;
#1220 = CARTESIAN_POINT ( 'NONE',  ( 8.619999999999999218, 12.42499999999999893, -0.1199999999999998151 ) ) ;
#1221 = DIRECTION ( 'NONE',  ( 1.000000000000000000, 0.000000000000000000, 0.000000000000000000 ) ) ;
#1222 = EDGE_CURVE ( 'NONE', #2265, #988, #1634, .T. ) ;
#1223 = ORIENTED_EDGE ( 'NONE', *, *, #1393, .T. ) ;
#1224 = DIRECTION ( 'NONE',  ( 1.000000000000000000, 0.000000000000000000, 0.000000000000000000 ) ) ;
#1225 = EDGE_LOOP ( 'NONE', ( #1606, #1732, #688, #2046 ) ) ;
#1226 = DIRECTION ( 'NONE',  ( 1.000000000000000000, 0.000000000000000000, 0.000000000000000000 ) ) ;
#1227 = LINE ( 'NONE', #1052, #2032 ) ;
#1228 = ADVANCED_FACE ( 'NONE', ( #1999 ), #411, .T. ) ;
#1229 = CARTESIAN_POINT ( 'NONE',  ( 8.619999999999997442, 12.36499999999999844, 9.561467977824920278E-16 ) ) ;
#1230 = CARTESIAN_POINT ( 'NONE',  ( 8.620000000000000995, -12.48500000000000121, -0.6300000000000000044 ) ) ;
#1231 = EDGE_LOOP ( 'NONE', ( #42, #2158, #2210, #566 ) ) ;
#1232 = ADVANCED_FACE ( 'NONE', ( #1978 ), #230, .F. ) ;
#1233 = ORIENTED_EDGE ( 'NONE', *, *, #376, .T. ) ;
#1234 = CARTESIAN_POINT ( 'NONE',  ( 8.619999999999999218, 12.35899999999999821, -0.05999999999999904715 ) ) ;
#1235 = EDGE_LOOP ( 'NONE', ( #871, #1308, #1179, #1685 ) ) ;
#1236 = VECTOR ( 'NONE', #1710, 39.37007874015748143 ) ;
#1237 = LINE ( 'NONE', #692, #2259 ) ;
#1238 = CARTESIAN_POINT ( 'NONE',  ( -0.4459999999999990083, 4.644999999999999574, 0.000000000000000000 ) ) ;
#1239 = CYLINDRICAL_SURFACE ( 'NONE', #1381, 0.1140000000000000735 ) ;
#1240 = EDGE_LOOP ( 'NONE', ( #256, #2160, #1848, #71 ) ) ;
#1241 = AXIS2_PLACEMENT_3D ( 'NONE', #1888, #1721, #1528 ) ;
#1242 = EDGE_CURVE ( 'NONE', #1134, #1322, #258, .T. ) ;
#1243 = ORIENTED_EDGE ( 'NONE', *, *, #1435, .F. ) ;
#1244 = DIRECTION ( 'NONE',  ( 1.000000000000000000, 0.000000000000000000, 0.000000000000000000 ) ) ;
#1245 = EDGE_CURVE ( 'NONE', #2103, #917, #2179, .T. ) ;
#1246 = EDGE_CURVE ( 'NONE', #507, #1274, #1502, .T. ) ;
#1247 = ORIENTED_EDGE ( 'NONE', *, *, #2209, .F. ) ;
#1248 = LINE ( 'NONE', #1081, #1167 ) ;
#1249 = SECURITY_CLASSIFICATION_LEVEL ( 'unclassified' ) ;
#1250 = LINE ( 'NONE', #1788, #782 ) ;
#1251 = DIRECTION ( 'NONE',  ( -0.000000000000000000, -0.000000000000000000, 1.000000000000000000 ) ) ;
#1252 = DIRECTION ( 'NONE',  ( 1.000000000000000000, -0.000000000000000000, -0.000000000000000000 ) ) ;
#1253 = VERTEX_POINT ( 'NONE', #1987 ) ;
#1254 = CARTESIAN_POINT ( 'NONE',  ( -8.869999999999999218, 12.48499999999999943, 0.000000000000000000 ) ) ;
#1255 = EDGE_LOOP ( 'NONE', ( #906, #420, #1408, #2055 ) ) ;
#1256 = CARTESIAN_POINT ( 'NONE',  ( -8.625999999999994117, 12.36500000000000021, 0.000000000000000000 ) ) ;
#1257 = EDGE_CURVE ( 'NONE', #1931, #599, #2194, .T. ) ;
#1258 = DATE_AND_TIME ( #342, #1596 ) ;
#1259 = EDGE_CURVE ( 'NONE', #1465, #1688, #2015, .T. ) ;
#1260 = PLANE ( 'NONE',  #1846 ) ;
#1261 = CARTESIAN_POINT ( 'NONE',  ( -8.619999999999997442, -12.48500000000000121, -0.6300000000000000044 ) ) ;
#1262 = ORIENTED_EDGE ( 'NONE', *, *, #840, .T. ) ;
#1263 = DIRECTION ( 'NONE',  ( -0.000000000000000000, -0.000000000000000000, 1.000000000000000000 ) ) ;
#1264 = LINE ( 'NONE', #1409, #105 ) ;
#1265 = VECTOR ( 'NONE', #1660, 39.37007874015748143 ) ;
#1266 = ORIENTED_EDGE ( 'NONE', *, *, #792, .T. ) ;
#1267 = CARTESIAN_POINT ( 'NONE',  ( 8.965287363153491285, -12.48499999999999943, -0.05999999999999999778 ) ) ;
#1268 = PERSON_AND_ORGANIZATION ( #928, #922 ) ;
#1269 = CIRCLE ( 'NONE', #830, 0.1140000000000000735 ) ;
#1270 = EDGE_CURVE ( 'NONE', #72, #727, #964, .T. ) ;
#1271 = CARTESIAN_POINT ( 'NONE',  ( -8.619999999999997442, -12.42499999999999893, -0.1199999999999998151 ) ) ;
#1272 = VECTOR ( 'NONE', #384, 39.37007874015748143 ) ;
#1273 = DIRECTION ( 'NONE',  ( -1.000000000000000000, -0.000000000000000000, -0.000000000000000000 ) ) ;
#1274 = VERTEX_POINT ( 'NONE', #1361 ) ;
#1275 = ORIENTED_EDGE ( 'NONE', *, *, #467, .T. ) ;
#1276 = DIRECTION ( 'NONE',  ( 0.000000000000000000, -0.000000000000000000, -1.000000000000000000 ) ) ;
#1277 = VECTOR ( 'NONE', #413, 39.37007874015748143 ) ;
#1278 = ORIENTED_EDGE ( 'NONE', *, *, #1476, .T. ) ;
#1279 = FACE_OUTER_BOUND ( 'NONE', #1715, .T. ) ;
#1280 = ORIENTED_EDGE ( 'NONE', *, *, #1891, .T. ) ;
#1281 = LINE ( 'NONE', #1856, #1410 ) ;
#1282 = EDGE_CURVE ( 'NONE', #1545, #152, #1513, .T. ) ;
#1283 = LINE ( 'NONE', #950, #973 ) ;
#1284 = EDGE_LOOP ( 'NONE', ( #1504, #455, #992, #2167 ) ) ;
#1285 = ORIENTED_EDGE ( 'NONE', *, *, #1914, .F. ) ;
#1286 = EDGE_CURVE ( 'NONE', #2129, #880, #826, .T. ) ;
#1287 = CARTESIAN_POINT ( 'NONE',  ( -8.869999999999999218, -12.36500000000000021, -0.05999999999999999778 ) ) ;
#1288 = ORIENTED_EDGE ( 'NONE', *, *, #833, .F. ) ;
#1289 = FACE_OUTER_BOUND ( 'NONE', #1653, .T. ) ;
#1290 = ORIENTED_EDGE ( 'NONE', *, *, #1642, .F. ) ;
#1291 = FACE_BOUND ( 'NONE', #1299, .T. ) ;
#1292 = DIRECTION ( 'NONE',  ( 1.000000000000000000, 0.000000000000000000, 0.000000000000000000 ) ) ;
#1293 = VECTOR ( 'NONE', #276, 39.37007874015748143 ) ;
#1294 = DIRECTION ( 'NONE',  ( 1.000000000000000000, 0.000000000000000000, 0.000000000000000000 ) ) ;
#1295 = EDGE_LOOP ( 'NONE', ( #1007, #54, #383, #1066 ) ) ;
#1296 = FACE_OUTER_BOUND ( 'NONE', #1897, .T. ) ;
#1297 = CARTESIAN_POINT ( 'NONE',  ( -8.965287363153491285, 12.48499999999999943, -0.05999999999999999778 ) ) ;
#1298 = ADVANCED_FACE ( 'NONE', ( #135 ), #1029, .F. ) ;
#1299 = EDGE_LOOP ( 'NONE', ( #915, #945 ) ) ;
#1300 = CARTESIAN_POINT ( 'NONE',  ( -9.500000000000000000, 12.48499999999999943, -0.05999999999999999778 ) ) ;
#1301 = CIRCLE ( 'NONE', #676, 0.1560000000000001941 ) ;
#1302 = ORIENTED_EDGE ( 'NONE', *, *, #525, .F. ) ;
#1303 = FACE_OUTER_BOUND ( 'NONE', #732, .T. ) ;
#1304 = VECTOR ( 'NONE', #1536, 39.37007874015748143 ) ;
#1305 = LINE ( 'NONE', #1982, #1293 ) ;
#1306 = AXIS2_PLACEMENT_3D ( 'NONE', #2272, #2112, #539 ) ;
#1307 = DIRECTION ( 'NONE',  ( 0.000000000000000000, -1.000000000000000000, -3.491481338843133750E-15 ) ) ;
#1308 = ORIENTED_EDGE ( 'NONE', *, *, #1110, .F. ) ;
#1309 = ORIENTED_EDGE ( 'NONE', *, *, #500, .F. ) ;
#1310 = DIRECTION ( 'NONE',  ( 0.000000000000000000, 1.000000000000000000, 0.000000000000000000 ) ) ;
#1311 = VECTOR ( 'NONE', #2078, 39.37007874015748143 ) ;
#1312 = EDGE_CURVE ( 'NONE', #331, #1152, #1371, .T. ) ;
#1313 = ADVANCED_FACE ( 'NONE', ( #160 ), #1875, .F. ) ;
#1314 = ORIENTED_EDGE ( 'NONE', *, *, #147, .T. ) ;
#1315 = DIRECTION ( 'NONE',  ( -0.000000000000000000, -0.000000000000000000, 1.000000000000000000 ) ) ;
#1316 = ADVANCED_FACE ( 'NONE', ( #804 ), #2231, .T. ) ;
#1317 = VECTOR ( 'NONE', #1733, 39.37007874015748143 ) ;
#1318 = ORIENTED_EDGE ( 'NONE', *, *, #962, .T. ) ;
#1319 = FACE_BOUND ( 'NONE', #864, .T. ) ;
#1320 = CARTESIAN_POINT ( 'NONE',  ( -0.6739999999999991553, 4.644999999999999574, -0.05999999999999997696 ) ) ;
#1321 = DIRECTION ( 'NONE',  ( 0.000000000000000000, -0.000000000000000000, 1.000000000000000000 ) ) ;
#1322 = VERTEX_POINT ( 'NONE', #1718 ) ;
#1323 = PLANE ( 'NONE',  #359 ) ;
#1324 = LINE ( 'NONE', #223, #1635 ) ;
#1325 = ORIENTED_EDGE ( 'NONE', *, *, #612, .F. ) ;
#1326 = DIRECTION ( 'NONE',  ( 0.000000000000000000, 1.000000000000000000, 0.000000000000000000 ) ) ;
#1327 = EDGE_CURVE ( 'NONE', #313, #1387, #205, .T. ) ;
#1328 = PLANE ( 'NONE',  #26 ) ;
#1329 = CYLINDRICAL_SURFACE ( 'NONE', #919, 0.1560000000000001941 ) ;
#1330 = CARTESIAN_POINT ( 'NONE',  ( 9.119999999999999218, -12.50500000000000078, 0.000000000000000000 ) ) ;
#1331 = ORIENTED_EDGE ( 'NONE', *, *, #1864, .T. ) ;
#1332 = VECTOR ( 'NONE', #1644, 39.37007874015748143 ) ;
#1333 = CARTESIAN_POINT ( 'NONE',  ( 8.620000000000000995, -12.48500000000000121, -0.6300000000000000044 ) ) ;
#1334 = LINE ( 'NONE', #150, #713 ) ;
#1335 = VECTOR ( 'NONE', #1509, 39.37007874015748143 ) ;
#1336 = VERTEX_POINT ( 'NONE', #2057 ) ;
#1337 = PLANE ( 'NONE',  #1241 ) ;
#1338 = ORIENTED_EDGE ( 'NONE', *, *, #210, .T. ) ;
#1339 = CARTESIAN_POINT ( 'NONE',  ( -9.500000000000000000, -12.48499999999999943, -0.05999999999999999778 ) ) ;
#1340 = VECTOR ( 'NONE', #1671, 39.37007874015748143 ) ;
#1341 = DIRECTION ( 'NONE',  ( -0.000000000000000000, -3.834172622686683600E-15, -1.000000000000000000 ) ) ;
#1342 = AXIS2_PLACEMENT_3D ( 'NONE', #1657, #1631, #57 ) ;
#1343 = CARTESIAN_POINT ( 'NONE',  ( 9.274712636846508929, 12.48499999999999943, -0.05999999999999999778 ) ) ;
#1344 = ORIENTED_EDGE ( 'NONE', *, *, #1245, .T. ) ;
#1345 = CIRCLE ( 'NONE', #354, 0.04999999999999973910 ) ;
#1346 = CYLINDRICAL_SURFACE ( 'NONE', #1787, 0.04999999999999973910 ) ;
#1347 = FACE_OUTER_BOUND ( 'NONE', #1573, .T. ) ;
#1348 = EDGE_CURVE ( 'NONE', #1981, #2138, #1334, .T. ) ;
#1349 = VERTEX_POINT ( 'NONE', #1161 ) ;
#1350 = ADVANCED_BREP_SHAPE_REPRESENTATION ( 'PP22121-02-(16ga ANSI-61) - K48 - V0-R0', ( #949, #1526 ), #348 ) ;
#1351 = CARTESIAN_POINT ( 'NONE',  ( 9.275999999999999801, 6.254999999999999893, -0.05999999999999997696 ) ) ;
#1352 = ORIENTED_EDGE ( 'NONE', *, *, #423, .F. ) ;
#1353 = CARTESIAN_POINT ( 'NONE',  ( 9.119999999999999218, 6.254999999999999893, 0.000000000000000000 ) ) ;
#1354 = CIRCLE ( 'NONE', #1976, 0.1560000000000001941 ) ;
#1355 = LINE ( 'NONE', #835, #1917 ) ;
#1356 = LINE ( 'NONE', #312, #1422 ) ;
#1357 = EDGE_LOOP ( 'NONE', ( #677, #1663, #2114, #975 ) ) ;
#1358 = ADVANCED_FACE ( 'NONE', ( #315 ), #843, .T. ) ;
#1359 = ADVANCED_FACE ( 'NONE', ( #1347 ), #1185, .F. ) ;
#1360 = PLANE ( 'NONE',  #939 ) ;
#1361 = CARTESIAN_POINT ( 'NONE',  ( 2.750000000000000444, -2.455000000000000515, 0.000000000000000000 ) ) ;
#1362 = EDGE_CURVE ( 'NONE', #697, #2028, #1301, .T. ) ;
#1363 = ORIENTED_EDGE ( 'NONE', *, *, #1327, .F. ) ;
#1364 = DIRECTION ( 'NONE',  ( -0.000000000000000000, 1.000000000000000000, 0.000000000000000000 ) ) ;
#1365 = ORIENTED_EDGE ( 'NONE', *, *, #2096, .T. ) ;
#1366 = DIRECTION ( 'NONE',  ( 0.000000000000000000, -0.000000000000000000, 1.000000000000000000 ) ) ;
#1367 = CARTESIAN_POINT ( 'NONE',  ( 8.625999999999999446, 12.35899999999999821, 0.000000000000000000 ) ) ;
#1368 = LINE ( 'NONE', #620, #857 ) ;
#1369 = ORIENTED_EDGE ( 'NONE', *, *, #1876, .T. ) ;
#1370 = DIRECTION ( 'NONE',  ( 0.000000000000000000, 0.000000000000000000, 1.000000000000000000 ) ) ;
#1371 = LINE ( 'NONE', #1148, #240 ) ;
#1372 = ADVANCED_FACE ( 'NONE', ( #815 ), #2037, .T. ) ;
#1373 = VECTOR ( 'NONE', #1341, 39.37007874015748143 ) ;
#1374 = VERTEX_POINT ( 'NONE', #471 ) ;
#1375 = CARTESIAN_POINT ( 'NONE',  ( 8.619999999999999218, 12.42500000000000071, -0.6300000000000002265 ) ) ;
#1376 = ORIENTED_EDGE ( 'NONE', *, *, #735, .F. ) ;
#1377 = DIRECTION ( 'NONE',  ( -0.000000000000000000, -0.000000000000000000, 1.000000000000000000 ) ) ;
#1378 = PRODUCT_DEFINITION_FORMATION_WITH_SPECIFIED_SOURCE ( 'ANY', '', #1773, .NOT_KNOWN. ) ;
#1379 = DIRECTION ( 'NONE',  ( -0.000000000000000000, -0.000000000000000000, 1.000000000000000000 ) ) ;
#1380 = AXIS2_PLACEMENT_3D ( 'NONE', #851, #112, #2252 ) ;
#1381 = AXIS2_PLACEMENT_3D ( 'NONE', #209, #367, #540 ) ;
#1382 = FACE_OUTER_BOUND ( 'NONE', #1225, .T. ) ;
#1383 = CARTESIAN_POINT ( 'NONE',  ( 8.625999999999999446, 12.48499999999999943, -0.05999999999999904715 ) ) ;
#1384 = ORIENTED_EDGE ( 'NONE', *, *, #1983, .F. ) ;
#1385 = LINE ( 'NONE', #670, #1395 ) ;
#1386 = VECTOR ( 'NONE', #175, 39.37007874015748143 ) ;
#1387 = VERTEX_POINT ( 'NONE', #457 ) ;
#1388 = CC_DESIGN_PERSON_AND_ORGANIZATION_ASSIGNMENT ( #206, #1594, ( #1773 ) ) ;
#1389 = CARTESIAN_POINT ( 'NONE',  ( -8.619999999999995666, 12.36499999999999844, -0.1200000000000000372 ) ) ;
#1390 = ADVANCED_FACE ( 'NONE', ( #1705 ), #1553, .F. ) ;
#1391 = VECTOR ( 'NONE', #1212, 39.37007874015748143 ) ;
#1392 = DIRECTION ( 'NONE',  ( 1.000000000000000000, -0.000000000000000000, 0.000000000000000000 ) ) ;
#1393 = EDGE_CURVE ( 'NONE', #860, #1202, #1694, .T. ) ;
#1394 = AXIS2_PLACEMENT_3D ( 'NONE', #395, #1437, #1971 ) ;
#1395 = VECTOR ( 'NONE', #1878, 39.37007874015748143 ) ;
#1396 = LINE ( 'NONE', #2088, #322 ) ;
#1397 = CARTESIAN_POINT ( 'NONE',  ( -8.869999999999999218, -12.36500000000000021, 0.000000000000000000 ) ) ;
#1398 = ORIENTED_EDGE ( 'NONE', *, *, #705, .F. ) ;
#1399 = VERTEX_POINT ( 'NONE', #2217 ) ;
#1400 = CARTESIAN_POINT ( 'NONE',  ( -8.870000000000000995, 12.36500000000000021, 0.000000000000000000 ) ) ;
#1401 = ORIENTED_EDGE ( 'NONE', *, *, #1071, .T. ) ;
#1402 = CYLINDRICAL_SURFACE ( 'NONE', #724, 0.1200000000000019940 ) ;
#1403 = ADVANCED_FACE ( 'NONE', ( #1899 ), #1908, .F. ) ;
#1404 = DIRECTION ( 'NONE',  ( 0.000000000000000000, 0.000000000000000000, -1.000000000000000000 ) ) ;
#1405 = LINE ( 'NONE', #524, #1311 ) ;
#1406 = DIRECTION ( 'NONE',  ( 0.000000000000000000, -0.000000000000000000, 1.000000000000000000 ) ) ;
#1407 = ORIENTED_EDGE ( 'NONE', *, *, #1960, .F. ) ;
#1408 = ORIENTED_EDGE ( 'NONE', *, *, #173, .T. ) ;
#1409 = CARTESIAN_POINT ( 'NONE',  ( 8.619999999999999218, -12.36499999999999844, -0.05999999999999999778 ) ) ;
#1410 = VECTOR ( 'NONE', #775, 39.37007874015748143 ) ;
#1411 = ORIENTED_EDGE ( 'NONE', *, *, #334, .F. ) ;
#1412 = DIRECTION ( 'NONE',  ( 0.000000000000000000, -1.000000000000000000, 0.000000000000000000 ) ) ;
#1413 = COORDINATED_UNIVERSAL_TIME_OFFSET ( 6, 0, .BEHIND. ) ;
#1414 = EDGE_CURVE ( 'NONE', #169, #665, #869, .T. ) ;
#1415 = CARTESIAN_POINT ( 'NONE',  ( -8.625999999999999446, -12.36500000000000021, -0.05999999999999904715 ) ) ;
#1416 = LINE ( 'NONE', #167, #866 ) ;
#1417 = CARTESIAN_POINT ( 'NONE',  ( 0.4560000000000007936, 4.644999999999999574, 0.000000000000000000 ) ) ;
#1418 = ORIENTED_EDGE ( 'NONE', *, *, #570, .T. ) ;
#1419 = CIRCLE ( 'NONE', #1966, 0.1139999999999999347 ) ;
#1420 = ORIENTED_EDGE ( 'NONE', *, *, #472, .F. ) ;
#1421 = DIRECTION ( 'NONE',  ( -0.000000000000000000, -0.000000000000000000, 1.000000000000000000 ) ) ;
#1422 = VECTOR ( 'NONE', #997, 39.37007874015748143 ) ;
#1423 = EDGE_LOOP ( 'NONE', ( #1481, #414, #1137, #1514 ) ) ;
#1424 = AXIS2_PLACEMENT_3D ( 'NONE', #1580, #1736, #1755 ) ;
#1425 = FACE_OUTER_BOUND ( 'NONE', #46, .T. ) ;
#1426 = PERSON_AND_ORGANIZATION ( #928, #922 ) ;
#1427 = AXIS2_PLACEMENT_3D ( 'NONE', #1615, #401, #1623 ) ;
#1428 = DIRECTION ( 'NONE',  ( -1.000000000000000000, 0.000000000000000000, 0.000000000000000000 ) ) ;
#1429 = CARTESIAN_POINT ( 'NONE',  ( -8.870000000000000995, 12.36500000000000021, -0.05999999999999999778 ) ) ;
#1430 = CARTESIAN_POINT ( 'NONE',  ( 8.620000000000000995, -12.48499999999999943, -0.1199999999999995792 ) ) ;
#1431 = ORIENTED_EDGE ( 'NONE', *, *, #1083, .T. ) ;
#1432 = ADVANCED_FACE ( 'NONE', ( #336 ), #879, .T. ) ;
#1433 = ORIENTED_EDGE ( 'NONE', *, *, #1472, .F. ) ;
#1434 = CARTESIAN_POINT ( 'NONE',  ( -9.119999999999999218, -6.254999999999999893, 0.000000000000000000 ) ) ;
#1435 = EDGE_CURVE ( 'NONE', #1039, #1108, #859, .T. ) ;
#1436 = ORIENTED_EDGE ( 'NONE', *, *, #143, .F. ) ;
#1437 = DIRECTION ( 'NONE',  ( 0.000000000000000000, 0.000000000000000000, 1.000000000000000000 ) ) ;
#1438 = APPROVAL_ROLE ( '' ) ;
#1439 = CARTESIAN_POINT ( 'NONE',  ( -8.619999999999995666, 12.35899999999999821, 0.000000000000000000 ) ) ;
#1440 = DIRECTION ( 'NONE',  ( -0.000000000000000000, -0.000000000000000000, 1.000000000000000000 ) ) ;
#1441 = ORIENTED_EDGE ( 'NONE', *, *, #912, .T. ) ;
#1442 = CARTESIAN_POINT ( 'NONE',  ( -8.619999999999997442, -12.36499999999999844, -0.1200000000000000372 ) ) ;
#1443 = CARTESIAN_POINT ( 'NONE',  ( -8.869999999999999218, -12.36500000000000021, -0.05999999999999999778 ) ) ;
#1444 = EDGE_LOOP ( 'NONE', ( #1097, #1869, #528, #1285 ) ) ;
#1445 = LINE ( 'NONE', #2139, #2232 ) ;
#1446 = APPROVAL_ROLE ( '' ) ;
#1447 = AXIS2_PLACEMENT_3D ( 'NONE', #653, #1558, #1011 ) ;
#1448 = PLANE ( 'NONE',  #1523 ) ;
#1449 = CARTESIAN_POINT ( 'NONE',  ( -9.500000000000000000, 12.48499999999999943, 0.000000000000000000 ) ) ;
#1450 = ORIENTED_EDGE ( 'NONE', *, *, #2096, .F. ) ;
#1451 = CYLINDRICAL_SURFACE ( 'NONE', #2153, 0.04999999999999973910 ) ;
#1452 = CARTESIAN_POINT ( 'NONE',  ( -8.619999999999999218, 12.48500000000000121, -0.6300000000000000044 ) ) ;
#1453 = VECTOR ( 'NONE', #1036, 39.37007874015748143 ) ;
#1454 = VERTEX_POINT ( 'NONE', #1397 ) ;
#1455 = FACE_OUTER_BOUND ( 'NONE', #289, .T. ) ;
#1456 = CIRCLE ( 'NONE', #1424, 0.06000000000000099698 ) ;
#1457 = CC_DESIGN_PERSON_AND_ORGANIZATION_ASSIGNMENT ( #1948, #375, ( #1810 ) ) ;
#1458 = ADVANCED_FACE ( 'NONE', ( #1588 ), #1737, .F. ) ;
#1459 = ORIENTED_EDGE ( 'NONE', *, *, #1933, .F. ) ;
#1460 = EDGE_CURVE ( 'NONE', #1820, #331, #2089, .T. ) ;
#1461 = DIRECTION ( 'NONE',  ( 0.000000000000000000, 1.000000000000000000, 0.000000000000000000 ) ) ;
#1462 = VECTOR ( 'NONE', #257, 39.37007874015748143 ) ;
#1463 = DIRECTION ( 'NONE',  ( -0.000000000000000000, -0.000000000000000000, 1.000000000000000000 ) ) ;
#1464 = ORIENTED_EDGE ( 'NONE', *, *, #210, .F. ) ;
#1465 = VERTEX_POINT ( 'NONE', #2261 ) ;
#1466 = FACE_OUTER_BOUND ( 'NONE', #2215, .T. ) ;
#1467 = VECTOR ( 'NONE', #1616, 39.37007874015748143 ) ;
#1468 = ORIENTED_EDGE ( 'NONE', *, *, #1487, .T. ) ;
#1469 = CARTESIAN_POINT ( 'NONE',  ( 8.869999999999999218, -12.48499999999999943, -0.05999999999999999778 ) ) ;
#1470 = EDGE_LOOP ( 'NONE', ( #954, #1314, #100, #338 ) ) ;
#1471 = CARTESIAN_POINT ( 'NONE',  ( -8.965287363153491285, 12.48499999999999943, -0.05999999999999999778 ) ) ;
#1472 = EDGE_CURVE ( 'NONE', #516, #785, #1572, .T. ) ;
#1473 = LINE ( 'NONE', #581, #1002 ) ;
#1474 = DIRECTION ( 'NONE',  ( 0.000000000000000000, 0.000000000000000000, 1.000000000000000000 ) ) ;
#1475 = EDGE_LOOP ( 'NONE', ( #762, #2134, #1648, #700 ) ) ;
#1476 = EDGE_CURVE ( 'NONE', #479, #1920, #534, .T. ) ;
#1477 = ORIENTED_EDGE ( 'NONE', *, *, #1130, .F. ) ;
#1478 = DIRECTION ( 'NONE',  ( 1.000000000000000000, 0.000000000000000000, 0.000000000000000000 ) ) ;
#1479 = ORIENTED_EDGE ( 'NONE', *, *, #638, .F. ) ;
#1480 = LINE ( 'NONE', #1980, #1027 ) ;
#1481 = ORIENTED_EDGE ( 'NONE', *, *, #1348, .T. ) ;
#1482 = FACE_BOUND ( 'NONE', #1197, .T. ) ;
#1483 = CARTESIAN_POINT ( 'NONE',  ( 9.275999999999999801, 6.254999999999999893, 0.000000000000000000 ) ) ;
#1484 = CARTESIAN_POINT ( 'NONE',  ( -8.625999999999999446, -12.36500000000000021, 0.000000000000000000 ) ) ;
#1485 = ORIENTED_EDGE ( 'NONE', *, *, #1562, .F. ) ;
#1486 = ADVANCED_FACE ( 'NONE', ( #1942 ), #1239, .F. ) ;
#1487 = EDGE_CURVE ( 'NONE', #1945, #1134, #1075, .T. ) ;
#1488 = PLANE ( 'NONE',  #1427 ) ;
#1489 = DIRECTION ( 'NONE',  ( -0.000000000000000000, -0.000000000000000000, 1.000000000000000000 ) ) ;
#1490 = VERTEX_POINT ( 'NONE', #23 ) ;
#1491 = DIRECTION ( 'NONE',  ( -1.000000000000000000, 0.000000000000000000, -0.000000000000000000 ) ) ;
#1492 = AXIS2_PLACEMENT_3D ( 'NONE', #121, #2206, #446 ) ;
#1493 = AXIS2_PLACEMENT_3D ( 'NONE', #1863, #293, #990 ) ;
#1494 = ORIENTED_EDGE ( 'NONE', *, *, #839, .T. ) ;
#1495 = CARTESIAN_POINT ( 'NONE',  ( 2.750000000000000444, -2.455000000000000515, 0.000000000000000000 ) ) ;
#1496 = AXIS2_PLACEMENT_3D ( 'NONE', #2226, #1195, #2054 ) ;
#1497 = PLANE ( 'NONE',  #8 ) ;
#1498 = VECTOR ( 'NONE', #1912, 39.37007874015748143 ) ;
#1499 = DIRECTION ( 'NONE',  ( 0.000000000000000000, 0.000000000000000000, 1.000000000000000000 ) ) ;
#1500 = VERTEX_POINT ( 'NONE', #526 ) ;
#1501 = DIRECTION ( 'NONE',  ( -1.000000000000000000, -0.000000000000000000, -0.000000000000000000 ) ) ;
#1502 = LINE ( 'NONE', #2181, #1340 ) ;
#1503 = ADVANCED_FACE ( 'NONE', ( #1916 ), #6, .F. ) ;
#1504 = ORIENTED_EDGE ( 'NONE', *, *, #568, .F. ) ;
#1505 = CARTESIAN_POINT ( 'NONE',  ( 8.625999999999997669, 0.000000000000000000, -0.000000000000000000 ) ) ;
#1506 = VECTOR ( 'NONE', #2152, 39.37007874015748143 ) ;
#1507 = ORIENTED_EDGE ( 'NONE', *, *, #1625, .F. ) ;
#1508 = DIRECTION ( 'NONE',  ( 0.000000000000000000, 0.000000000000000000, 1.000000000000000000 ) ) ;
#1509 = DIRECTION ( 'NONE',  ( -0.000000000000000000, -1.000000000000000000, -0.000000000000000000 ) ) ;
#1510 = CARTESIAN_POINT ( 'NONE',  ( 2.549999999999999822, 4.604999999999999538, -0.6300393700787404461 ) ) ;
#1511 = EDGE_LOOP ( 'NONE', ( #184, #544, #802, #1582 ) ) ;
#1512 = DIRECTION ( 'NONE',  ( 0.000000000000000000, -1.000000000000000000, 0.000000000000000000 ) ) ;
#1513 = LINE ( 'NONE', #646, #1924 ) ;
#1514 = ORIENTED_EDGE ( 'NONE', *, *, #1712, .T. ) ;
#1515 = EDGE_CURVE ( 'NONE', #58, #1500, #679, .T. ) ;
#1516 = DIRECTION ( 'NONE',  ( -1.000000000000000000, 0.000000000000000000, 0.000000000000000000 ) ) ;
#1517 = ADVANCED_FACE ( 'NONE', ( #2099 ), #357, .T. ) ;
#1518 = EDGE_LOOP ( 'NONE', ( #1477, #300, #1223, #1702 ) ) ;
#1519 = LINE ( 'NONE', #1495, #1082 ) ;
#1520 = DIRECTION ( 'NONE',  ( 0.000000000000000000, -1.000000000000000000, 0.000000000000000000 ) ) ;
#1521 = LINE ( 'NONE', #1510, #1713 ) ;
#1522 = ORIENTED_EDGE ( 'NONE', *, *, #1933, .T. ) ;
#1523 = AXIS2_PLACEMENT_3D ( 'NONE', #2142, #571, #1597 ) ;
#1524 = DIRECTION ( 'NONE',  ( 0.000000000000000000, 0.000000000000000000, -1.000000000000000000 ) ) ;
#1525 = CARTESIAN_POINT ( 'NONE',  ( 4.999999999999999112, 4.605000000000000426, -0.6300393700787404461 ) ) ;
#1526 = AXIS2_PLACEMENT_3D ( 'NONE', #717, #176, #908 ) ;
#1527 = VERTEX_POINT ( 'NONE', #1417 ) ;
#1528 = DIRECTION ( 'NONE',  ( 0.000000000000000000, 0.000000000000000000, 1.000000000000000000 ) ) ;
#1529 = AXIS2_PLACEMENT_3D ( 'NONE', #781, #1489, #1109 ) ;
#1530 = ORIENTED_EDGE ( 'NONE', *, *, #1257, .T. ) ;
#1531 = DIRECTION ( 'NONE',  ( -0.000000000000000000, -0.000000000000000000, 1.000000000000000000 ) ) ;
#1532 = VECTOR ( 'NONE', #2148, 39.37007874015748143 ) ;
#1533 = EDGE_CURVE ( 'NONE', #917, #2103, #605, .T. ) ;
#1534 = EDGE_CURVE ( 'NONE', #2034, #169, #2220, .T. ) ;
#1535 = CARTESIAN_POINT ( 'NONE',  ( -0.4459999999999990083, 4.644999999999999574, -0.6300393700787404461 ) ) ;
#1536 = DIRECTION ( 'NONE',  ( -0.000000000000000000, 1.000000000000000000, 3.835990623682900600E-15 ) ) ;
#1537 = ORIENTED_EDGE ( 'NONE', *, *, #761, .T. ) ;
#1538 = ADVANCED_FACE ( 'NONE', ( #379 ), #899, .T. ) ;
#1539 = AXIS2_PLACEMENT_3D ( 'NONE', #1821, #617, #415 ) ;
#1540 = FACE_OUTER_BOUND ( 'NONE', #1518, .T. ) ;
#1541 = DIRECTION ( 'NONE',  ( 1.000000000000000000, 0.000000000000000000, 0.000000000000000000 ) ) ;
#1542 = VERTEX_POINT ( 'NONE', #227 ) ;
#1543 = AXIS2_PLACEMENT_3D ( 'NONE', #803, #1370, #456 ) ;
#1544 = DIRECTION ( 'NONE',  ( 0.000000000000000000, 0.000000000000000000, -1.000000000000000000 ) ) ;
#1545 = VERTEX_POINT ( 'NONE', #593 ) ;
#1546 = LINE ( 'NONE', #1217, #1747 ) ;
#1547 = VECTOR ( 'NONE', #1696, 39.37007874015748143 ) ;
#1548 = CARTESIAN_POINT ( 'NONE',  ( -8.619999999999999218, 12.48500000000000121, -0.6300000000000000044 ) ) ;
#1549 = CARTESIAN_POINT ( 'NONE',  ( -8.619999999999999218, 12.48499999999999943, -0.1199999999999995792 ) ) ;
#1550 = ORIENTED_EDGE ( 'NONE', *, *, #738, .F. ) ;
#1551 = CARTESIAN_POINT ( 'NONE',  ( -2.749999999999999556, 2.455000000000000071, -0.05999999999999997696 ) ) ;
#1552 = EDGE_CURVE ( 'NONE', #37, #1214, #387, .T. ) ;
#1553 = CYLINDRICAL_SURFACE ( 'NONE', #1493, 0.1139999999999999347 ) ;
#1554 = ORIENTED_EDGE ( 'NONE', *, *, #570, .F. ) ;
#1555 = DIRECTION ( 'NONE',  ( 0.000000000000000000, -1.000000000000000000, 0.000000000000000000 ) ) ;
#1556 = ORIENTED_EDGE ( 'NONE', *, *, #232, .F. ) ;
#1557 = CARTESIAN_POINT ( 'NONE',  ( 2.450000000000000178, 4.604999999999999538, -0.05999999999999997696 ) ) ;
#1558 = DIRECTION ( 'NONE',  ( 0.000000000000000000, 0.000000000000000000, 1.000000000000000000 ) ) ;
#1559 = EDGE_CURVE ( 'NONE', #1349, #650, #389, .T. ) ;
#1560 = DIRECTION ( 'NONE',  ( 0.000000000000000000, -0.000000000000000000, -1.000000000000000000 ) ) ;
#1561 = CARTESIAN_POINT ( 'NONE',  ( -9.119999999999999218, 12.50500000000000078, 0.000000000000000000 ) ) ;
#1562 = EDGE_CURVE ( 'NONE', #181, #736, #242, .T. ) ;
#1563 = AXIS2_PLACEMENT_3D ( 'NONE', #2132, #197, #560 ) ;
#1564 = ORIENTED_EDGE ( 'NONE', *, *, #2209, .T. ) ;
#1565 = PLANE ( 'NONE',  #328 ) ;
#1566 = EDGE_CURVE ( 'NONE', #2103, #1387, #767, .T. ) ;
#1567 = VERTEX_POINT ( 'NONE', #1105 ) ;
#1568 = CARTESIAN_POINT ( 'NONE',  ( -9.275999999999999801, -6.254999999999999893, -0.05999999999999997696 ) ) ;
#1569 = DIRECTION ( 'NONE',  ( -1.000000000000000000, 0.000000000000000000, 0.000000000000000000 ) ) ;
#1570 = VECTOR ( 'NONE', #514, 39.37007874015748143 ) ;
#1571 = DIRECTION ( 'NONE',  ( 1.000000000000000000, -0.000000000000000000, -0.000000000000000000 ) ) ;
#1572 = LINE ( 'NONE', #1581, #2146 ) ;
#1573 = EDGE_LOOP ( 'NONE', ( #1045, #771, #2186, #1748 ) ) ;
#1574 = CARTESIAN_POINT ( 'NONE',  ( -8.619999999999999218, 12.42499999999999893, -0.1199999999999998151 ) ) ;
#1575 = AXIS2_PLACEMENT_3D ( 'NONE', #244, #769, #47 ) ;
#1576 = ORIENTED_EDGE ( 'NONE', *, *, #2097, .F. ) ;
#1577 = FACE_OUTER_BOUND ( 'NONE', #2235, .T. ) ;
#1578 = APPLICATION_PROTOCOL_DEFINITION ( 'international standard', 'config_control_design', 1994, #140 ) ;
#1579 = VECTOR ( 'NONE', #545, 39.37007874015748143 ) ;
#1580 = CARTESIAN_POINT ( 'NONE',  ( -8.619999999999999218, -12.36499999999999844, -0.1200000000000000372 ) ) ;
#1581 = CARTESIAN_POINT ( 'NONE',  ( -8.965287363153491285, -12.48499999999999943, -0.05999999999999999778 ) ) ;
#1582 = ORIENTED_EDGE ( 'NONE', *, *, #1114, .T. ) ;
#1583 = CARTESIAN_POINT ( 'NONE',  ( -9.119999999999999218, -6.254999999999999893, 0.000000000000000000 ) ) ;
#1584 = ORIENTED_EDGE ( 'NONE', *, *, #776, .T. ) ;
#1585 = CARTESIAN_POINT ( 'NONE',  ( 8.625999999999999446, 12.35899999999999821, -0.05999999999999904715 ) ) ;
#1586 = PLANE ( 'NONE',  #1072 ) ;
#1587 = LINE ( 'NONE', #188, #1857 ) ;
#1588 = FACE_OUTER_BOUND ( 'NONE', #983, .T. ) ;
#1589 = VERTEX_POINT ( 'NONE', #1449 ) ;
#1590 = VERTEX_POINT ( 'NONE', #2156 ) ;
#1591 = CARTESIAN_POINT ( 'NONE',  ( -9.500000000000000000, 12.48499999999999943, -0.05999999999999999778 ) ) ;
#1592 = ORIENTED_EDGE ( 'NONE', *, *, #1774, .F. ) ;
#1593 = DIRECTION ( 'NONE',  ( 0.000000000000000000, 1.000000000000000000, 0.000000000000000000 ) ) ;
#1594 = PERSON_AND_ORGANIZATION_ROLE ( 'design_owner' ) ;
#1595 = EDGE_CURVE ( 'NONE', #1527, #86, #1419, .T. ) ;
#1596 = LOCAL_TIME ( 11, 58, 38.00000000000000000, #2131 ) ;
#1597 = DIRECTION ( 'NONE',  ( 0.000000000000000000, 0.000000000000000000, -1.000000000000000000 ) ) ;
#1598 = LINE ( 'NONE', #1229, #107 ) ;
#1599 = DIRECTION ( 'NONE',  ( -0.000000000000000000, -0.000000000000000000, 1.000000000000000000 ) ) ;
#1600 = EDGE_CURVE ( 'NONE', #1374, #221, #741, .T. ) ;
#1601 = ORIENTED_EDGE ( 'NONE', *, *, #1172, .T. ) ;
#1602 = AXIS2_PLACEMENT_3D ( 'NONE', #1928, #696, #346 ) ;
#1603 = ORIENTED_EDGE ( 'NONE', *, *, #748, .T. ) ;
#1604 = PLANE ( 'NONE',  #1792 ) ;
#1605 = VECTOR ( 'NONE', #2214, 39.37007874015748143 ) ;
#1606 = ORIENTED_EDGE ( 'NONE', *, *, #833, .T. ) ;
#1607 = AXIS2_PLACEMENT_3D ( 'NONE', #799, #1843, #1664 ) ;
#1608 = FACE_OUTER_BOUND ( 'NONE', #2190, .T. ) ;
#1609 = PERSON_AND_ORGANIZATION ( #928, #922 ) ;
#1610 = LINE ( 'NONE', #2121, #2250 ) ;
#1611 = ADVANCED_FACE ( 'NONE', ( #1994 ), #731, .F. ) ;
#1612 = DIRECTION ( 'NONE',  ( 0.000000000000000000, 0.000000000000000000, 1.000000000000000000 ) ) ;
#1613 = ORIENTED_EDGE ( 'NONE', *, *, #874, .T. ) ;
#1614 = EDGE_CURVE ( 'NONE', #1734, #2028, #2144, .T. ) ;
#1615 = CARTESIAN_POINT ( 'NONE',  ( 8.619999999999997442, -12.36499999999999844, -0.1200000000000000372 ) ) ;
#1616 = DIRECTION ( 'NONE',  ( 1.000000000000000000, 0.000000000000000000, 0.000000000000000000 ) ) ;
#1617 = ORIENTED_EDGE ( 'NONE', *, *, #1219, .F. ) ;
#1618 = DIRECTION ( 'NONE',  ( 0.000000000000000000, 1.000000000000000000, -3.834172622686683600E-15 ) ) ;
#1619 = DATE_TIME_ROLE ( 'creation_date' ) ;
#1620 = LINE ( 'NONE', #388, #344 ) ;
#1621 = DIRECTION ( 'NONE',  ( 1.000000000000000000, 0.000000000000000000, 0.000000000000000000 ) ) ;
#1622 = EDGE_LOOP ( 'NONE', ( #2003, #548, #30, #634 ) ) ;
#1623 = DIRECTION ( 'NONE',  ( -0.000000000000000000, 0.000000000000000000, -1.000000000000000000 ) ) ;
#1624 = CARTESIAN_POINT ( 'NONE',  ( 8.619999999999997442, -12.36499999999999844, -0.05999999999999904715 ) ) ;
#1625 = EDGE_CURVE ( 'NONE', #1590, #988, #1283, .T. ) ;
#1626 = ORIENTED_EDGE ( 'NONE', *, *, #1312, .F. ) ;
#1627 = CARTESIAN_POINT ( 'NONE',  ( 8.619999999999992113, -12.48499999999999943, -0.1199999999999995792 ) ) ;
#1628 = EDGE_CURVE ( 'NONE', #2125, #11, #1667, .T. ) ;
#1629 = ORIENTED_EDGE ( 'NONE', *, *, #2241, .F. ) ;
#1630 = DIRECTION ( 'NONE',  ( -0.000000000000000000, -0.000000000000000000, 1.000000000000000000 ) ) ;
#1631 = DIRECTION ( 'NONE',  ( 0.000000000000000000, -1.000000000000000000, 0.000000000000000000 ) ) ;
#1632 = ORIENTED_EDGE ( 'NONE', *, *, #290, .F. ) ;
#1633 = LINE ( 'NONE', #756, #1462 ) ;
#1634 = LINE ( 'NONE', #575, #892 ) ;
#1635 = VECTOR ( 'NONE', #770, 39.37007874015748143 ) ;
#1636 = ORIENTED_EDGE ( 'NONE', *, *, #423, .T. ) ;
#1637 = CC_DESIGN_DATE_AND_TIME_ASSIGNMENT ( #897, #1775, ( #1810 ) ) ;
#1638 = DIRECTION ( 'NONE',  ( -0.000000000000000000, 0.000000000000000000, 1.000000000000000000 ) ) ;
#1639 = EDGE_CURVE ( 'NONE', #1911, #80, #1198, .T. ) ;
#1640 = VECTOR ( 'NONE', #1009, 39.37007874015748143 ) ;
#1641 = EDGE_LOOP ( 'NONE', ( #119, #1017, #576, #408 ) ) ;
#1642 = EDGE_CURVE ( 'NONE', #1336, #1969, #2011, .T. ) ;
#1643 = LINE ( 'NONE', #2163, #62 ) ;
#1644 = DIRECTION ( 'NONE',  ( 8.087894779578809621E-30, 0.000000000000000000, 1.000000000000000000 ) ) ;
#1645 = VECTOR ( 'NONE', #999, 39.37007874015748143 ) ;
#1646 = CARTESIAN_POINT ( 'NONE',  ( -8.619999999999999218, -12.36499999999999844, 9.561467977824920278E-16 ) ) ;
#1647 = EDGE_LOOP ( 'NONE', ( #243, #193, #1771, #509 ) ) ;
#1648 = ORIENTED_EDGE ( 'NONE', *, *, #68, .F. ) ;
#1649 = VECTOR ( 'NONE', #1315, 39.37007874015748143 ) ;
#1650 = DIRECTION ( 'NONE',  ( 0.000000000000000000, -1.000000000000000000, 0.000000000000000000 ) ) ;
#1651 = ORIENTED_EDGE ( 'NONE', *, *, #2127, .F. ) ;
#1652 = CARTESIAN_POINT ( 'NONE',  ( 8.619999999999999218, -12.36499999999999844, 0.000000000000000000 ) ) ;
#1653 = EDGE_LOOP ( 'NONE', ( #837, #911, #271, #1384 ) ) ;
#1654 = FACE_BOUND ( 'NONE', #380, .T. ) ;
#1655 = EDGE_CURVE ( 'NONE', #1322, #1106, #79, .T. ) ;
#1656 = DIRECTION ( 'NONE',  ( 0.000000000000000000, 0.000000000000000000, 1.000000000000000000 ) ) ;
#1657 = CARTESIAN_POINT ( 'NONE',  ( -8.870000000000000995, 12.36500000000000021, -0.05999999999999999778 ) ) ;
#1658 = VERTEX_POINT ( 'NONE', #1799 ) ;
#1659 = CARTESIAN_POINT ( 'NONE',  ( 2.500000000000000000, 4.604999999999999538, -0.6300393700787404461 ) ) ;
#1660 = DIRECTION ( 'NONE',  ( 1.000000000000000000, 0.000000000000000000, 0.000000000000000000 ) ) ;
#1661 = VERTEX_POINT ( 'NONE', #920 ) ;
#1662 = CARTESIAN_POINT ( 'NONE',  ( -2.749999999999999556, 2.455000000000000071, -0.6300393700787404461 ) ) ;
#1663 = ORIENTED_EDGE ( 'NONE', *, *, #1008, .T. ) ;
#1664 = DIRECTION ( 'NONE',  ( -1.000000000000000000, 0.000000000000000000, -0.000000000000000000 ) ) ;
#1665 = CARTESIAN_POINT ( 'NONE',  ( 8.619999999999999218, 12.36499999999999844, -0.05999999999999904715 ) ) ;
#1666 = VECTOR ( 'NONE', #406, 39.37007874015748143 ) ;
#1667 = LINE ( 'NONE', #1974, #1079 ) ;
#1668 = ORIENTED_EDGE ( 'NONE', *, *, #94, .F. ) ;
#1669 = CARTESIAN_POINT ( 'NONE',  ( 2.500000000000000000, 4.604999999999999538, -0.6300393700787404461 ) ) ;
#1670 = EDGE_CURVE ( 'NONE', #1108, #589, #1984, .T. ) ;
#1671 = DIRECTION ( 'NONE',  ( -0.000000000000000000, -0.000000000000000000, 1.000000000000000000 ) ) ;
#1672 = VERTEX_POINT ( 'NONE', #1646 ) ;
#1673 = DIRECTION ( 'NONE',  ( -1.000000000000000000, -0.000000000000000000, -0.000000000000000000 ) ) ;
#1674 = AXIS2_PLACEMENT_3D ( 'NONE', #632, #1000, #302 ) ;
#1675 = VECTOR ( 'NONE', #2113, 39.37007874015748143 ) ;
#1676 = ORIENTED_EDGE ( 'NONE', *, *, #496, .F. ) ;
#1677 = LINE ( 'NONE', #1807, #102 ) ;
#1678 = LINE ( 'NONE', #106, #1335 ) ;
#1679 = DIRECTION ( 'NONE',  ( 1.000000000000000000, 0.000000000000000000, 0.000000000000000000 ) ) ;
#1680 = ORIENTED_EDGE ( 'NONE', *, *, #125, .F. ) ;
#1681 = AXIS2_PLACEMENT_3D ( 'NONE', #1014, #134, #96 ) ;
#1682 = CARTESIAN_POINT ( 'NONE',  ( 8.869999999999999218, -12.48499999999999943, -0.05999999999999999778 ) ) ;
#1683 = DIRECTION ( 'NONE',  ( -0.000000000000000000, -0.000000000000000000, 1.000000000000000000 ) ) ;
#1684 = EDGE_CURVE ( 'NONE', #2265, #161, #70, .T. ) ;
#1685 = ORIENTED_EDGE ( 'NONE', *, *, #1178, .F. ) ;
#1686 = FACE_OUTER_BOUND ( 'NONE', #2101, .T. ) ;
#1687 = AXIS2_PLACEMENT_3D ( 'NONE', #1177, #1555, #162 ) ;
#1688 = VERTEX_POINT ( 'NONE', #777 ) ;
#1689 = FACE_BOUND ( 'NONE', #154, .T. ) ;
#1690 = CARTESIAN_POINT ( 'NONE',  ( 8.619999999999999218, 0.000000000000000000, 0.000000000000000000 ) ) ;
#1691 = CARTESIAN_POINT ( 'NONE',  ( -9.500000000000000000, -12.48499999999999943, 0.000000000000000000 ) ) ;
#1692 = ORIENTED_EDGE ( 'NONE', *, *, #1712, .F. ) ;
#1693 = CARTESIAN_POINT ( 'NONE',  ( 0.4560000000000007936, 4.644999999999999574, -0.05999999999999997696 ) ) ;
#1694 = LINE ( 'NONE', #492, #318 ) ;
#1695 = VERTEX_POINT ( 'NONE', #1484 ) ;
#1696 = DIRECTION ( 'NONE',  ( 1.000000000000000000, 0.000000000000000000, 0.000000000000000000 ) ) ;
#1697 = EDGE_CURVE ( 'NONE', #494, #2204, #896, .T. ) ;
#1698 = VERTEX_POINT ( 'NONE', #960 ) ;
#1699 = DIRECTION ( 'NONE',  ( 0.000000000000000000, 0.000000000000000000, 1.000000000000000000 ) ) ;
#1700 = EDGE_CURVE ( 'NONE', #516, #1969, #139, .T. ) ;
#1701 = DIRECTION ( 'NONE',  ( 1.000000000000000000, 0.000000000000000000, 0.000000000000000000 ) ) ;
#1702 = ORIENTED_EDGE ( 'NONE', *, *, #925, .T. ) ;
#1703 = CIRCLE ( 'NONE', #1447, 0.04999999999999973910 ) ;
#1704 = PLANE ( 'NONE',  #1681 ) ;
#1705 = FACE_OUTER_BOUND ( 'NONE', #1165, .T. ) ;
#1706 = ORIENTED_EDGE ( 'NONE', *, *, #1286, .F. ) ;
#1707 = LINE ( 'NONE', #339, #218 ) ;
#1708 = AXIS2_PLACEMENT_3D ( 'NONE', #1850, #1015, #1174 ) ;
#1709 = VERTEX_POINT ( 'NONE', #1691 ) ;
#1710 = DIRECTION ( 'NONE',  ( 0.000000000000000000, 0.000000000000000000, 1.000000000000000000 ) ) ;
#1711 = FACE_OUTER_BOUND ( 'NONE', #2091, .T. ) ;
#1712 = EDGE_CURVE ( 'NONE', #589, #1981, #1356, .T. ) ;
#1713 = VECTOR ( 'NONE', #2022, 39.37007874015748143 ) ;
#1714 = FACE_OUTER_BOUND ( 'NONE', #711, .T. ) ;
#1715 = EDGE_LOOP ( 'NONE', ( #1102, #490, #1576, #930 ) ) ;
#1716 = AXIS2_PLACEMENT_3D ( 'NONE', #1074, #774, #970 ) ;
#1717 = DIRECTION ( 'NONE',  ( 0.000000000000000000, 1.000000000000000000, -0.000000000000000000 ) ) ;
#1718 = CARTESIAN_POINT ( 'NONE',  ( -8.869999999999999218, -12.48499999999999943, -0.05999999999999999778 ) ) ;
#1719 = ORIENTED_EDGE ( 'NONE', *, *, #840, .F. ) ;
#1720 = CIRCLE ( 'NONE', #1088, 0.1200000000000010225 ) ;
#1721 = DIRECTION ( 'NONE',  ( -1.000000000000000000, 0.000000000000000000, 0.000000000000000000 ) ) ;
#1722 = VERTEX_POINT ( 'NONE', #2238 ) ;
#1723 = DIRECTION ( 'NONE',  ( 0.000000000000000000, -1.000000000000000000, 3.699377491420295379E-15 ) ) ;
#1724 = AXIS2_PLACEMENT_3D ( 'NONE', #43, #364, #737 ) ;
#1725 = ADVANCED_FACE ( 'NONE', ( #118 ), #974, .T. ) ;
#1726 = EDGE_CURVE ( 'NONE', #80, #1911, #208, .T. ) ;
#1727 = LINE ( 'NONE', #811, #1149 ) ;
#1728 = EDGE_CURVE ( 'NONE', #1374, #152, #319, .T. ) ;
#1729 = EDGE_CURVE ( 'NONE', #2204, #1920, #1521, .T. ) ;
#1730 = LINE ( 'NONE', #674, #1391 ) ;
#1731 = CARTESIAN_POINT ( 'NONE',  ( 9.119999999999999218, -12.50500000000000078, -0.05999999999999999778 ) ) ;
#1732 = ORIENTED_EDGE ( 'NONE', *, *, #17, .T. ) ;
#1733 = DIRECTION ( 'NONE',  ( 0.000000000000000000, 0.000000000000000000, 1.000000000000000000 ) ) ;
#1734 = VERTEX_POINT ( 'NONE', #108 ) ;
#1735 = CARTESIAN_POINT ( 'NONE',  ( 2.750000000000000444, -2.455000000000000515, -0.05999999999999997696 ) ) ;
#1736 = DIRECTION ( 'NONE',  ( -1.000000000000000000, 0.000000000000000000, 0.000000000000000000 ) ) ;
#1737 = PLANE ( 'NONE',  #138 ) ;
#1738 = VECTOR ( 'NONE', #187, 39.37007874015748143 ) ;
#1739 = ORIENTED_EDGE ( 'NONE', *, *, #2241, .T. ) ;
#1740 = DIRECTION ( 'NONE',  ( 1.000000000000000000, 0.000000000000000000, 0.000000000000000000 ) ) ;
#1741 = VERTEX_POINT ( 'NONE', #1156 ) ;
#1742 = CARTESIAN_POINT ( 'NONE',  ( -8.619999999999999218, -12.48499999999999943, 4.807913407457382973E-14 ) ) ;
#1743 = VECTOR ( 'NONE', #586, 39.37007874015748143 ) ;
#1744 = AXIS2_PLACEMENT_3D ( 'NONE', #407, #1133, #1621 ) ;
#1745 = CARTESIAN_POINT ( 'NONE',  ( 8.619999999999997442, -12.42499999999999893, -0.1199999999999998151 ) ) ;
#1746 = DIRECTION ( 'NONE',  ( 1.000000000000000000, 0.000000000000000000, 0.000000000000000000 ) ) ;
#1747 = VECTOR ( 'NONE', #1377, 39.37007874015748143 ) ;
#1748 = ORIENTED_EDGE ( 'NONE', *, *, #705, .T. ) ;
#1749 = FACE_OUTER_BOUND ( 'NONE', #574, .T. ) ;
#1750 = VECTOR ( 'NONE', #269, 39.37007874015748143 ) ;
#1751 = ORIENTED_EDGE ( 'NONE', *, *, #849, .F. ) ;
#1752 = CARTESIAN_POINT ( 'NONE',  ( 8.619999999999999218, 12.35899999999999821, -0.05999999999999904715 ) ) ;
#1753 = VECTOR ( 'NONE', #1101, 39.37007874015748143 ) ;
#1754 = LINE ( 'NONE', #4, #310 ) ;
#1755 = DIRECTION ( 'NONE',  ( 0.000000000000000000, 0.000000000000000000, 1.000000000000000000 ) ) ;
#1756 = DIRECTION ( 'NONE',  ( -0.000000000000000000, -1.000000000000000000, 3.835990623682900600E-15 ) ) ;
#1757 = ORIENTED_EDGE ( 'NONE', *, *, #1393, .F. ) ;
#1758 = ORIENTED_EDGE ( 'NONE', *, *, #131, .T. ) ;
#1759 = CARTESIAN_POINT ( 'NONE',  ( -9.275999999999999801, -6.254999999999999893, 0.000000000000000000 ) ) ;
#1760 = ORIENTED_EDGE ( 'NONE', *, *, #638, .T. ) ;
#1761 = EDGE_CURVE ( 'NONE', #655, #1661, #2065, .T. ) ;
#1762 = CARTESIAN_POINT ( 'NONE',  ( 9.119999999999999218, 12.50500000000000078, -0.05999999999999999778 ) ) ;
#1763 = EDGE_CURVE ( 'NONE', #873, #2239, #465, .T. ) ;
#1764 = APPROVAL_DATE_TIME ( #559, #1141 ) ;
#1765 = EDGE_CURVE ( 'NONE', #1658, #759, #2203, .T. ) ;
#1766 = DIRECTION ( 'NONE',  ( 0.000000000000000000, 1.000000000000000000, 0.000000000000000000 ) ) ;
#1767 = DIRECTION ( 'NONE',  ( -0.000000000000000000, -0.000000000000000000, 1.000000000000000000 ) ) ;
#1768 = CARTESIAN_POINT ( 'NONE',  ( -9.500000000000000000, -12.48499999999999943, -0.05999999999999999778 ) ) ;
#1769 = ORIENTED_EDGE ( 'NONE', *, *, #125, .T. ) ;
#1770 = CYLINDRICAL_SURFACE ( 'NONE', #905, 0.1560000000000001941 ) ;
#1771 = ORIENTED_EDGE ( 'NONE', *, *, #261, .F. ) ;
#1772 = CARTESIAN_POINT ( 'NONE',  ( 8.965287363153491285, 12.48499999999999943, -0.05999999999999999778 ) ) ;
#1773 = PRODUCT ( 'PP22121-02-(16ga ANSI-61) - K48 - V0-R0', 'PP22121-02-(16ga ANSI-61) - K48 - V0-R0', '', ( #1051 ) ) ;
#1774 = EDGE_CURVE ( 'NONE', #2239, #1039, #2033, .T. ) ;
#1775 = DATE_TIME_ROLE ( 'classification_date' ) ;
#1776 = LINE ( 'NONE', #1271, #1738 ) ;
#1777 = DIRECTION ( 'NONE',  ( 0.000000000000000000, -1.000000000000000000, 3.491481338843134539E-15 ) ) ;
#1778 = EDGE_LOOP ( 'NONE', ( #773, #1262, #1216, #1411 ) ) ;
#1779 = VECTOR ( 'NONE', #1964, 39.37007874015748143 ) ;
#1780 = EDGE_LOOP ( 'NONE', ( #1601, #146, #722, #1365 ) ) ;
#1781 = LINE ( 'NONE', #2116, #292 ) ;
#1782 = VECTOR ( 'NONE', #654, 39.37007874015748143 ) ;
#1783 = ORIENTED_EDGE ( 'NONE', *, *, #385, .F. ) ;
#1784 = CIRCLE ( 'NONE', #461, 0.1560000000000001941 ) ;
#1785 = DIRECTION ( 'NONE',  ( -1.000000000000000000, 0.000000000000000000, 0.000000000000000000 ) ) ;
#1786 = APPROVAL_DATE_TIME ( #702, #305 ) ;
#1787 = AXIS2_PLACEMENT_3D ( 'NONE', #1669, #793, #2192 ) ;
#1788 = CARTESIAN_POINT ( 'NONE',  ( -9.500000000000000000, -12.48499999999999943, 0.000000000000000000 ) ) ;
#1789 = ADVANCED_FACE ( 'NONE', ( #299 ), #987, .F. ) ;
#1790 = DIRECTION ( 'NONE',  ( 0.000000000000000000, -1.000000000000000000, 0.000000000000000000 ) ) ;
#1791 = ORIENTED_EDGE ( 'NONE', *, *, #1642, .T. ) ;
#1792 = AXIS2_PLACEMENT_3D ( 'NONE', #725, #182, #882 ) ;
#1793 = EDGE_LOOP ( 'NONE', ( #744, #1158, #813, #594 ) ) ;
#1794 = EDGE_CURVE ( 'NONE', #1709, #1336, #1144, .T. ) ;
#1795 = LINE ( 'NONE', #1099, #1743 ) ;
#1796 = ORIENTED_EDGE ( 'NONE', *, *, #441, .F. ) ;
#1797 = DIRECTION ( 'NONE',  ( 0.000000000000000000, -0.000000000000000000, -1.000000000000000000 ) ) ;
#1798 = FACE_OUTER_BOUND ( 'NONE', #1087, .T. ) ;
#1799 = CARTESIAN_POINT ( 'NONE',  ( -8.625999999999999446, -12.35899999999999821, -0.05999999999999999778 ) ) ;
#1800 = ORIENTED_EDGE ( 'NONE', *, *, #157, .F. ) ;
#1801 = PRODUCT_RELATED_PRODUCT_CATEGORY ( 'detail', '', ( #1773 ) ) ;
#1802 = CARTESIAN_POINT ( 'NONE',  ( -9.274712636846508929, 12.48499999999999943, -0.05999999999999999778 ) ) ;
#1803 = DIRECTION ( 'NONE',  ( -1.000000000000000000, -0.000000000000000000, 0.000000000000000000 ) ) ;
#1804 = VERTEX_POINT ( 'NONE', #1343 ) ;
#1805 = DIRECTION ( 'NONE',  ( -1.000000000000000000, 0.000000000000000000, 0.000000000000000000 ) ) ;
#1806 = ORIENTED_EDGE ( 'NONE', *, *, #2005, .F. ) ;
#1807 = CARTESIAN_POINT ( 'NONE',  ( 8.619999999999997442, -12.36499999999999844, -0.05999999999999904715 ) ) ;
#1808 = DIRECTION ( 'NONE',  ( -7.284927983104581378E-14, 0.000000000000000000, 1.000000000000000000 ) ) ;
#1809 = CARTESIAN_POINT ( 'NONE',  ( 8.619999999999999218, 12.36500000000000021, -0.05999999999999999778 ) ) ;
#1810 = SECURITY_CLASSIFICATION ( '', '', #1249 ) ;
#1811 = ORIENTED_EDGE ( 'NONE', *, *, #558, .F. ) ;
#1812 = EDGE_LOOP ( 'NONE', ( #2263, #1879 ) ) ;
#1813 = CARTESIAN_POINT ( 'NONE',  ( 9.500000000000000000, 12.48499999999999943, -0.05999999999999999778 ) ) ;
#1814 = EDGE_CURVE ( 'NONE', #247, #988, #629, .T. ) ;
#1815 = EDGE_CURVE ( 'NONE', #1567, #1374, #288, .T. ) ;
#1816 = ORIENTED_EDGE ( 'NONE', *, *, #1533, .F. ) ;
#1817 = LINE ( 'NONE', #248, #1753 ) ;
#1818 = EDGE_CURVE ( 'NONE', #1688, #844, #791, .T. ) ;
#1819 = AXIS2_PLACEMENT_3D ( 'NONE', #1936, #1412, #1797 ) ;
#1820 = VERTEX_POINT ( 'NONE', #1182 ) ;
#1821 = CARTESIAN_POINT ( 'NONE',  ( -9.500000000000000000, 12.48499999999999943, -0.05999999999999999778 ) ) ;
#1822 = LINE ( 'NONE', #1665, #1332 ) ;
#1823 = AXIS2_PLACEMENT_3D ( 'NONE', #1199, #666, #120 ) ;
#1824 = CARTESIAN_POINT ( 'NONE',  ( -8.619999999999999218, 12.48500000000000121, -0.6300000000000000044 ) ) ;
#1825 = ORIENTED_EDGE ( 'NONE', *, *, #1614, .T. ) ;
#1826 = CARTESIAN_POINT ( 'NONE',  ( 8.965287363153491285, -12.48499999999999943, -0.05999999999999999778 ) ) ;
#1827 = CIRCLE ( 'NONE', #1724, 0.1139999999999999347 ) ;
#1828 = DIRECTION ( 'NONE',  ( -0.000000000000000000, -0.000000000000000000, 1.000000000000000000 ) ) ;
#1829 = EDGE_LOOP ( 'NONE', ( #475, #723, #790, #190 ) ) ;
#1830 = LINE ( 'NONE', #588, #656 ) ;
#1831 = EDGE_CURVE ( 'NONE', #759, #1695, #443, .T. ) ;
#1832 = ORIENTED_EDGE ( 'NONE', *, *, #1729, .F. ) ;
#1833 = FACE_OUTER_BOUND ( 'NONE', #2117, .T. ) ;
#1834 = ADVANCED_FACE ( 'NONE', ( #1714 ), #664, .F. ) ;
#1835 = CARTESIAN_POINT ( 'NONE',  ( -2.749999999999999556, 2.455000000000000071, 0.000000000000000000 ) ) ;
#1836 = DIRECTION ( 'NONE',  ( -1.000000000000000000, 0.000000000000000000, 0.000000000000000000 ) ) ;
#1837 = ORIENTED_EDGE ( 'NONE', *, *, #912, .F. ) ;
#1838 = CARTESIAN_POINT ( 'NONE',  ( 0.000000000000000000, -12.48500000000000121, -0.6300000000000000044 ) ) ;
#1839 = CARTESIAN_POINT ( 'NONE',  ( -9.500000000000000000, -12.48499999999999943, -0.05999999999999999778 ) ) ;
#1840 = ORIENTED_EDGE ( 'NONE', *, *, #1844, .F. ) ;
#1841 = DIRECTION ( 'NONE',  ( 0.000000000000000000, 0.000000000000000000, 1.000000000000000000 ) ) ;
#1842 = ORIENTED_EDGE ( 'NONE', *, *, #2169, .T. ) ;
#1843 = DIRECTION ( 'NONE',  ( 0.000000000000000000, 0.000000000000000000, -1.000000000000000000 ) ) ;
#1844 = EDGE_CURVE ( 'NONE', #1698, #573, #1368, .T. ) ;
#1845 = CARTESIAN_POINT ( 'NONE',  ( -9.119999999999999218, -6.254999999999999893, -0.05999999999999997696 ) ) ;
#1846 = AXIS2_PLACEMENT_3D ( 'NONE', #219, #537, #909 ) ;
#1847 = CARTESIAN_POINT ( 'NONE',  ( 9.274712636846508929, -12.48499999999999943, -0.05999999999999999778 ) ) ;
#1848 = ORIENTED_EDGE ( 'NONE', *, *, #1192, .T. ) ;
#1849 = LINE ( 'NONE', #657, #1645 ) ;
#1850 = CARTESIAN_POINT ( 'NONE',  ( -8.619999999999995666, 12.36499999999999844, -0.05999999999999904715 ) ) ;
#1851 = ORIENTED_EDGE ( 'NONE', *, *, #1728, .F. ) ;
#1852 = DIRECTION ( 'NONE',  ( 1.000000000000000000, 0.000000000000000000, 0.000000000000000000 ) ) ;
#1853 = AXIS2_PLACEMENT_3D ( 'NONE', #1042, #1064, #1746 ) ;
#1854 = ORIENTED_EDGE ( 'NONE', *, *, #943, .F. ) ;
#1855 = LINE ( 'NONE', #297, #1498 ) ;
#1856 = CARTESIAN_POINT ( 'NONE',  ( 0.000000000000000000, -12.35899999999999821, -0.000000000000000000 ) ) ;
#1857 = VECTOR ( 'NONE', #326, 39.37007874015748143 ) ;
#1858 = CARTESIAN_POINT ( 'NONE',  ( -9.500000000000000000, 12.48499999999999943, -0.05999999999999999778 ) ) ;
#1859 = EDGE_LOOP ( 'NONE', ( #2135, #74, #2115, #2051 ) ) ;
#1860 = EDGE_CURVE ( 'NONE', #169, #969, #1754, .T. ) ;
#1861 = EDGE_CURVE ( 'NONE', #585, #181, #1227, .T. ) ;
#1862 = LINE ( 'NONE', #814, #2229 ) ;
#1863 = CARTESIAN_POINT ( 'NONE',  ( 0.5700000000000007283, 4.644999999999999574, -0.6300393700787404461 ) ) ;
#1864 = EDGE_CURVE ( 'NONE', #2129, #2265, #1610, .T. ) ;
#1865 = AXIS2_PLACEMENT_3D ( 'NONE', #557, #1618, #216 ) ;
#1866 = EDGE_LOOP ( 'NONE', ( #846, #1629 ) ) ;
#1867 = LINE ( 'NONE', #474, #506 ) ;
#1868 = VECTOR ( 'NONE', #1326, 39.37007874015748143 ) ;
#1869 = ORIENTED_EDGE ( 'NONE', *, *, #374, .T. ) ;
#1870 = FACE_OUTER_BOUND ( 'NONE', #1793, .T. ) ;
#1871 = CARTESIAN_POINT ( 'NONE',  ( -8.869999999999999218, -12.48499999999999943, -0.05999999999999999778 ) ) ;
#1872 = DIRECTION ( 'NONE',  ( 0.000000000000000000, 1.000000000000000000, 0.000000000000000000 ) ) ;
#1873 = EDGE_LOOP ( 'NONE', ( #1479, #400 ) ) ;
#1874 = FACE_OUTER_BOUND ( 'NONE', #1295, .T. ) ;
#1875 = CYLINDRICAL_SURFACE ( 'NONE', #93, 0.04999999999999973910 ) ;
#1876 = EDGE_CURVE ( 'NONE', #969, #403, #1776, .T. ) ;
#1877 = ORIENTED_EDGE ( 'NONE', *, *, #1095, .F. ) ;
#1878 = DIRECTION ( 'NONE',  ( 0.000000000000000000, 1.000000000000000000, 0.000000000000000000 ) ) ;
#1879 = ORIENTED_EDGE ( 'NONE', *, *, #1726, .T. ) ;
#1880 = DIRECTION ( 'NONE',  ( -0.000000000000000000, -0.000000000000000000, 1.000000000000000000 ) ) ;
#1881 = DIRECTION ( 'NONE',  ( 1.000000000000000000, 0.000000000000000000, 0.000000000000000000 ) ) ;
#1882 = CARTESIAN_POINT ( 'NONE',  ( -8.625999999999999446, 0.000000000000000000, -0.000000000000000000 ) ) ;
#1883 = ORIENTED_EDGE ( 'NONE', *, *, #1670, .T. ) ;
#1884 = AXIS2_PLACEMENT_3D ( 'NONE', #1143, #604, #2031 ) ;
#1885 = CYLINDRICAL_SURFACE ( 'NONE', #1823, 0.1560000000000001941 ) ;
#1886 = DIRECTION ( 'NONE',  ( -0.000000000000000000, -0.000000000000000000, 1.000000000000000000 ) ) ;
#1887 = ORIENTED_EDGE ( 'NONE', *, *, #376, .F. ) ;
#1888 = CARTESIAN_POINT ( 'NONE',  ( -2.749999999999999556, -2.455000000000000515, -0.6300393700787404461 ) ) ;
#1889 = VECTOR ( 'NONE', #392, 39.37007874015748143 ) ;
#1890 = ORIENTED_EDGE ( 'NONE', *, *, #2195, .T. ) ;
#1891 = EDGE_CURVE ( 'NONE', #163, #894, #550, .T. ) ;
#1892 = EDGE_CURVE ( 'NONE', #680, #1399, #1620, .T. ) ;
#1893 = DIRECTION ( 'NONE',  ( 0.000000000000000000, 3.834172622686683600E-15, 1.000000000000000000 ) ) ;
#1894 = DIRECTION ( 'NONE',  ( 0.000000000000000000, 0.000000000000000000, -1.000000000000000000 ) ) ;
#1895 = AXIS2_PLACEMENT_3D ( 'NONE', #2177, #267, #606 ) ;
#1896 = CARTESIAN_POINT ( 'NONE',  ( 0.000000000000000000, 12.35899999999999821, 0.000000000000000000 ) ) ;
#1897 = EDGE_LOOP ( 'NONE', ( #998, #296, #553, #1751 ) ) ;
#1898 = CARTESIAN_POINT ( 'NONE',  ( 8.965287363153491285, -12.48499999999999943, 0.000000000000000000 ) ) ;
#1899 = FACE_OUTER_BOUND ( 'NONE', #816, .T. ) ;
#1900 = ORIENTED_EDGE ( 'NONE', *, *, #1600, .T. ) ;
#1901 = DIRECTION ( 'NONE',  ( 1.000000000000000000, -0.000000000000000000, 0.000000000000000000 ) ) ;
#1902 = EDGE_LOOP ( 'NONE', ( #1407, #1401, #60, #1668 ) ) ;
#1903 = CYLINDRICAL_SURFACE ( 'NONE', #536, 0.06000000000000099698 ) ;
#1904 = VECTOR ( 'NONE', #891, 39.37007874015748143 ) ;
#1905 = ADVANCED_FACE ( 'NONE', ( #1949 ), #1586, .T. ) ;
#1906 = CARTESIAN_POINT ( 'NONE',  ( -9.119999999999999218, 12.50500000000000078, -0.05999999999999999778 ) ) ;
#1907 = DIRECTION ( 'NONE',  ( -1.000000000000000000, -0.000000000000000000, -0.000000000000000000 ) ) ;
#1908 = PLANE ( 'NONE',  #98 ) ;
#1909 = EDGE_LOOP ( 'NONE', ( #1290, #1171, #1783, #2145 ) ) ;
#1910 = DIRECTION ( 'NONE',  ( 0.000000000000000000, -0.000000000000000000, 1.000000000000000000 ) ) ;
#1911 = VERTEX_POINT ( 'NONE', #523 ) ;
#1912 = DIRECTION ( 'NONE',  ( 1.000000000000000000, -0.000000000000000000, -0.000000000000000000 ) ) ;
#1913 =( CONVERSION_BASED_UNIT ( 'INCH', #2258 ) LENGTH_UNIT ( ) NAMED_UNIT ( #493 ) );
#1914 = EDGE_CURVE ( 'NONE', #507, #1490, #35, .T. ) ;
#1915 = LINE ( 'NONE', #366, #2082 ) ;
#1916 = FACE_OUTER_BOUND ( 'NONE', #1423, .T. ) ;
#1917 = VECTOR ( 'NONE', #1034, 39.37007874015748143 ) ;
#1918 = ORIENTED_EDGE ( 'NONE', *, *, #1515, .F. ) ;
#1919 = CARTESIAN_POINT ( 'NONE',  ( -9.119999999999999218, -6.254999999999999893, -0.6300393700787404461 ) ) ;
#1920 = VERTEX_POINT ( 'NONE', #730 ) ;
#1921 = LINE ( 'NONE', #1752, #538 ) ;
#1922 = CC_DESIGN_APPROVAL ( #1141, ( #1378 ) ) ;
#1923 = PERSON_AND_ORGANIZATION ( #928, #922 ) ;
#1924 = VECTOR ( 'NONE', #978, 39.37007874015748143 ) ;
#1925 = DIRECTION ( 'NONE',  ( -1.000000000000000000, 0.000000000000000000, 0.000000000000000000 ) ) ;
#1926 = VECTOR ( 'NONE', #1307, 39.37007874015748143 ) ;
#1927 = DIRECTION ( 'NONE',  ( -1.000000000000000000, -0.000000000000000000, -0.000000000000000000 ) ) ;
#1928 = CARTESIAN_POINT ( 'NONE',  ( 8.869999999999999218, 12.48499999999999943, -0.05999999999999999778 ) ) ;
#1929 = AXIS2_PLACEMENT_3D ( 'NONE', #551, #1251, #858 ) ;
#1930 = EDGE_CURVE ( 'NONE', #1722, #247, #2067, .T. ) ;
#1931 = VERTEX_POINT ( 'NONE', #1439 ) ;
#1932 = FACE_OUTER_BOUND ( 'NONE', #1357, .T. ) ;
#1933 = EDGE_CURVE ( 'NONE', #961, #1253, #598, .T. ) ;
#1934 = CIRCLE ( 'NONE', #1543, 0.1560000000000001941 ) ;
#1935 = ORIENTED_EDGE ( 'NONE', *, *, #1794, .T. ) ;
#1936 = CARTESIAN_POINT ( 'NONE',  ( 8.619999999999999218, 12.36500000000000021, -0.05999999999999999778 ) ) ;
#1937 = APPLICATION_CONTEXT ( 'configuration controlled 3d designs of mechanical parts and assemblies' ) ;
#1938 = APPROVAL_STATUS ( 'not_yet_approved' ) ;
#1939 = AXIS2_PLACEMENT_3D ( 'NONE', #235, #1491, #1638 ) ;
#1940 = CARTESIAN_POINT ( 'NONE',  ( 9.119999999999999218, 6.254999999999999893, -0.05999999999999997696 ) ) ;
#1941 = LINE ( 'NONE', #720, #682 ) ;
#1942 = FACE_OUTER_BOUND ( 'NONE', #1622, .T. ) ;
#1943 = ORIENTED_EDGE ( 'NONE', *, *, #1460, .T. ) ;
#1944 = CYLINDRICAL_SURFACE ( 'NONE', #2080, 0.1560000000000001941 ) ;
#1945 = VERTEX_POINT ( 'NONE', #1415 ) ;
#1946 = LINE ( 'NONE', #2106, #758 ) ;
#1947 = EDGE_CURVE ( 'NONE', #1589, #1709, #1250, .T. ) ;
#1948 = PERSON_AND_ORGANIZATION ( #928, #922 ) ;
#1949 = FACE_OUTER_BOUND ( 'NONE', #1235, .T. ) ;
#1950 = PLANE ( 'NONE',  #1607 ) ;
#1951 = DIRECTION ( 'NONE',  ( 0.000000000000000000, 0.000000000000000000, 1.000000000000000000 ) ) ;
#1952 = EDGE_LOOP ( 'NONE', ( #1556, #1275, #669, #805 ) ) ;
#1953 = ORIENTED_EDGE ( 'NONE', *, *, #333, .T. ) ;
#1954 = DIRECTION ( 'NONE',  ( 0.000000000000000000, 0.000000000000000000, -1.000000000000000000 ) ) ;
#1955 = VECTOR ( 'NONE', #488, 39.37007874015748143 ) ;
#1956 = ADVANCED_FACE ( 'NONE', ( #1798 ), #1260, .F. ) ;
#1957 = ORIENTED_EDGE ( 'NONE', *, *, #615, .F. ) ;
#1958 = CARTESIAN_POINT ( 'NONE',  ( -8.619999999999999218, -12.35899999999999821, -0.05999999999999904715 ) ) ;
#1959 = APPROVAL_DATE_TIME ( #1258, #113 ) ;
#1960 = EDGE_CURVE ( 'NONE', #1253, #961, #743, .T. ) ;
#1961 = ADVANCED_FACE ( 'NONE', ( #740 ), #1448, .T. ) ;
#1962 = ADVANCED_FACE ( 'NONE', ( #719 ), #1973, .F. ) ;
#1963 = DIRECTION ( 'NONE',  ( 0.000000000000000000, 1.000000000000000000, 0.000000000000000000 ) ) ;
#1964 = DIRECTION ( 'NONE',  ( 1.000000000000000000, 0.000000000000000000, 0.000000000000000000 ) ) ;
#1965 = ORIENTED_EDGE ( 'NONE', *, *, #236, .F. ) ;
#1966 = AXIS2_PLACEMENT_3D ( 'NONE', #255, #935, #1086 ) ;
#1967 = VERTEX_POINT ( 'NONE', #2098 ) ;
#1968 = CARTESIAN_POINT ( 'NONE',  ( 8.619999999999997442, 12.36499999999999844, -0.1200000000000000372 ) ) ;
#1969 = VERTEX_POINT ( 'NONE', #2271 ) ;
#1970 = VECTOR ( 'NONE', #486, 39.37007874015748143 ) ;
#1971 = DIRECTION ( 'NONE',  ( 1.000000000000000000, 0.000000000000000000, 0.000000000000000000 ) ) ;
#1972 = CLOSED_SHELL ( 'NONE', ( #1390, #1486, #2128, #1022, #49, #159, #90, #2100, #422, #1023, #1372, #852, #409, #360, #1004, #543, #127, #309, #1316, #2001, #1538, #1961, #1611, #584, #980, #1228, #65, #1432, #1725, #372, #95, #1517, #2244, #428, #643, #898, #2228, #1834, #1503, #1298, #1058, #2270, #452, #780, #690, #1146, #1956, #2201, #1458, #1905, #1210, #22, #2030, #21, #511, #2058, #1232, #668, #1358, #1403, #1006, #265, #900, #838, #38, #1313, #89, #1962, #1789, #1359 ) ) ;
#1973 = CYLINDRICAL_SURFACE ( 'NONE', #273, 0.1560000000000001941 ) ;
#1974 = CARTESIAN_POINT ( 'NONE',  ( -2.749999999999999556, -2.455000000000000515, -0.05999999999999997696 ) ) ;
#1975 = VERTEX_POINT ( 'NONE', #694 ) ;
#1976 = AXIS2_PLACEMENT_3D ( 'NONE', #1434, #192, #1038 ) ;
#1977 = CARTESIAN_POINT ( 'NONE',  ( 8.965287363153491285, 12.48499999999999943, -0.05999999999999999778 ) ) ;
#1978 = FACE_OUTER_BOUND ( 'NONE', #746, .T. ) ;
#1979 = ORIENTED_EDGE ( 'NONE', *, *, #1270, .F. ) ;
#1980 = CARTESIAN_POINT ( 'NONE',  ( -9.500000000000000000, 12.48499999999999943, 0.000000000000000000 ) ) ;
#1981 = VERTEX_POINT ( 'NONE', #355 ) ;
#1982 = CARTESIAN_POINT ( 'NONE',  ( 8.625999999999999446, 12.35899999999999821, -0.05999999999999904715 ) ) ;
#1983 = EDGE_CURVE ( 'NONE', #361, #1985, #1822, .T. ) ;
#1984 = LINE ( 'NONE', #1809, #1779 ) ;
#1985 = VERTEX_POINT ( 'NONE', #1103 ) ;
#1986 = ORIENTED_EDGE ( 'NONE', *, *, #958, .F. ) ;
#1987 = CARTESIAN_POINT ( 'NONE',  ( 8.964000000000000412, 6.254999999999999893, -0.05999999999999997696 ) ) ;
#1988 = VERTEX_POINT ( 'NONE', #1483 ) ;
#1989 = CARTESIAN_POINT ( 'NONE',  ( -9.119999999999999218, -12.50500000000000078, 0.000000000000000000 ) ) ;
#1990 = VECTOR ( 'NONE', #1808, 39.37007874015748143 ) ;
#1991 = VERTEX_POINT ( 'NONE', #1835 ) ;
#1992 = DIRECTION ( 'NONE',  ( 0.000000000000000000, 0.000000000000000000, -1.000000000000000000 ) ) ;
#1993 = CARTESIAN_POINT ( 'NONE',  ( -8.619999999999999218, 12.42499999999999893, -0.06000000000000001860 ) ) ;
#1994 = FACE_OUTER_BOUND ( 'NONE', #901, .T. ) ;
#1995 = LOCAL_TIME ( 11, 58, 38.00000000000000000, #520 ) ;
#1996 = EDGE_LOOP ( 'NONE', ( #1043, #750, #459, #180 ) ) ;
#1997 = VECTOR ( 'NONE', #757, 39.37007874015748143 ) ;
#1998 = DIRECTION ( 'NONE',  ( 0.000000000000000000, -1.000000000000000000, 3.841661241090305920E-15 ) ) ;
#1999 = FACE_OUTER_BOUND ( 'NONE', #439, .T. ) ;
#2000 = EDGE_CURVE ( 'NONE', #1722, #599, #69, .T. ) ;
#2001 = ADVANCED_FACE ( 'NONE', ( #2009 ), #266, .T. ) ;
#2002 = VECTOR ( 'NONE', #640, 39.37007874015748143 ) ;
#2003 = ORIENTED_EDGE ( 'NONE', *, *, #1245, .F. ) ;
#2004 = DIRECTION ( 'NONE',  ( -1.000000000000000000, 0.000000000000000000, 0.000000000000000000 ) ) ;
#2005 = EDGE_CURVE ( 'NONE', #579, #1931, #442, .T. ) ;
#2006 = VECTOR ( 'NONE', #1907, 39.37007874015748143 ) ;
#2007 = VERTEX_POINT ( 'NONE', #752 ) ;
#2008 = FACE_OUTER_BOUND ( 'NONE', #2245, .T. ) ;
#2009 = FACE_OUTER_BOUND ( 'NONE', #940, .T. ) ;
#2010 = VECTOR ( 'NONE', #2216, 39.37007874015748143 ) ;
#2011 = LINE ( 'NONE', #910, #2257 ) ;
#2012 = ORIENTED_EDGE ( 'NONE', *, *, #748, .F. ) ;
#2013 = DIRECTION ( 'NONE',  ( -0.000000000000000000, -0.000000000000000000, 1.000000000000000000 ) ) ;
#2014 = AXIS2_PLACEMENT_3D ( 'NONE', #2017, #747, #1138 ) ;
#2015 = LINE ( 'NONE', #1136, #1196 ) ;
#2016 = EDGE_LOOP ( 'NONE', ( #320, #1003, #63, #1013 ) ) ;
#2017 = CARTESIAN_POINT ( 'NONE',  ( 8.619999999999992113, -12.36499999999999844, -0.1200000000000000372 ) ) ;
#2018 = EDGE_CURVE ( 'NONE', #1672, #515, #55, .T. ) ;
#2019 = ORIENTED_EDGE ( 'NONE', *, *, #1312, .T. ) ;
#2020 = CARTESIAN_POINT ( 'NONE',  ( 9.500000000000000000, 12.48499999999999943, 0.000000000000000000 ) ) ;
#2021 = CARTESIAN_POINT ( 'NONE',  ( -8.619999999999995666, 12.36499999999999844, -0.05999999999999904715 ) ) ;
#2022 = DIRECTION ( 'NONE',  ( -0.000000000000000000, -0.000000000000000000, 1.000000000000000000 ) ) ;
#2023 = EDGE_LOOP ( 'NONE', ( #2162, #1890, #2218, #262 ) ) ;
#2024 = DIRECTION ( 'NONE',  ( 0.000000000000000000, -0.000000000000000000, -1.000000000000000000 ) ) ;
#2025 = DIRECTION ( 'NONE',  ( 1.000000000000000000, 0.000000000000000000, 0.000000000000000000 ) ) ;
#2026 = ORIENTED_EDGE ( 'NONE', *, *, #1205, .F. ) ;
#2027 = DIRECTION ( 'NONE',  ( -1.000000000000000000, -0.000000000000000000, -0.000000000000000000 ) ) ;
#2028 = VERTEX_POINT ( 'NONE', #254 ) ;
#2029 = DIRECTION ( 'NONE',  ( 0.000000000000000000, 1.000000000000000000, 0.000000000000000000 ) ) ;
#2030 = ADVANCED_FACE ( 'NONE', ( #766 ), #959, .F. ) ;
#2031 = DIRECTION ( 'NONE',  ( -0.000000000000000000, 0.000000000000000000, -1.000000000000000000 ) ) ;
#2032 = VECTOR ( 'NONE', #877, 39.37007874015748143 ) ;
#2033 = LINE ( 'NONE', #789, #716 ) ;
#2034 = VERTEX_POINT ( 'NONE', #88 ) ;
#2035 = EDGE_CURVE ( 'NONE', #466, #2007, #50, .T. ) ;
#2036 = PLANE ( 'NONE',  #214 ) ;
#2037 = PLANE ( 'NONE',  #18 ) ;
#2038 = EDGE_LOOP ( 'NONE', ( #2049, #966, #1806, #1441 ) ) ;
#2039 = LINE ( 'NONE', #1031, #253 ) ;
#2040 = VECTOR ( 'NONE', #2166, 39.37007874015748143 ) ;
#2041 = EDGE_LOOP ( 'NONE', ( #853, #1369, #1537, #1325 ) ) ;
#2042 = DIRECTION ( 'NONE',  ( -1.000000000000000000, 0.000000000000000000, 0.000000000000000000 ) ) ;
#2043 = CARTESIAN_POINT ( 'NONE',  ( -8.619999999999999218, 12.48499999999999943, -0.05999999999999978961 ) ) ;
#2044 = CARTESIAN_POINT ( 'NONE',  ( -9.500000000000000000, 12.48499999999999943, -0.05999999999999999778 ) ) ;
#2045 = EDGE_CURVE ( 'NONE', #1945, #1658, #1473, .T. ) ;
#2046 = ORIENTED_EDGE ( 'NONE', *, *, #1175, .F. ) ;
#2047 = CARTESIAN_POINT ( 'NONE',  ( -9.500000000000000000, -12.48499999999999943, -0.05999999999999999778 ) ) ;
#2048 = CARTESIAN_POINT ( 'NONE',  ( -8.625999999999999446, -12.48499999999999943, -0.05999999999999904715 ) ) ;
#2049 = ORIENTED_EDGE ( 'NONE', *, *, #472, .T. ) ;
#2050 = LINE ( 'NONE', #845, #547 ) ;
#2051 = ORIENTED_EDGE ( 'NONE', *, *, #1552, .F. ) ;
#2052 = DIRECTION ( 'NONE',  ( 0.000000000000000000, 0.000000000000000000, 1.000000000000000000 ) ) ;
#2053 = DIRECTION ( 'NONE',  ( -0.000000000000000000, -0.000000000000000000, 1.000000000000000000 ) ) ;
#2054 = DIRECTION ( 'NONE',  ( -1.000000000000000000, 0.000000000000000000, 0.000000000000000000 ) ) ;
#2055 = ORIENTED_EDGE ( 'NONE', *, *, #2045, .T. ) ;
#2056 = LINE ( 'NONE', #491, #2010 ) ;
#2057 = CARTESIAN_POINT ( 'NONE',  ( -9.274712636846508929, -12.48499999999999943, 0.000000000000000000 ) ) ;
#2058 = ADVANCED_FACE ( 'NONE', ( #2176 ), #453, .F. ) ;
#2059 = DESIGN_CONTEXT ( 'detailed design', #140, 'design' ) ;
#2060 = ORIENTED_EDGE ( 'NONE', *, *, #1348, .F. ) ;
#2061 = FACE_OUTER_BOUND ( 'NONE', #1444, .T. ) ;
#2062 = EDGE_LOOP ( 'NONE', ( #1398, #284 ) ) ;
#2063 = CARTESIAN_POINT ( 'NONE',  ( -8.625999999999999446, -12.35899999999999821, -0.05999999999999904715 ) ) ;
#2064 = CARTESIAN_POINT ( 'NONE',  ( 8.619999999999999218, 12.48500000000000121, -0.6300000000000000044 ) ) ;
#2065 = LINE ( 'NONE', #1858, #1605 ) ;
#2066 = ORIENTED_EDGE ( 'NONE', *, *, #1892, .F. ) ;
#2067 = CIRCLE ( 'NONE', #343, 0.06000000000000098310 ) ;
#2068 = DIRECTION ( 'NONE',  ( 1.000000000000000000, 0.000000000000000000, 0.000000000000000000 ) ) ;
#2069 = DIRECTION ( 'NONE',  ( 0.000000000000000000, 0.000000000000000000, 1.000000000000000000 ) ) ;
#2070 = ORIENTED_EDGE ( 'NONE', *, *, #1566, .F. ) ;
#2071 = CARTESIAN_POINT ( 'NONE',  ( 8.869999999999999218, -12.48499999999999943, -0.05999999999999999778 ) ) ;
#2072 = VECTOR ( 'NONE', #421, 39.37007874015748143 ) ;
#2073 = ORIENTED_EDGE ( 'NONE', *, *, #2000, .F. ) ;
#2074 = PLANE ( 'NONE',  #177 ) ;
#2075 = EDGE_CURVE ( 'NONE', #1741, #759, #1281, .T. ) ;
#2076 = FACE_OUTER_BOUND ( 'NONE', #1859, .T. ) ;
#2077 = VECTOR ( 'NONE', #1699, 39.37007874015748143 ) ;
#2078 = DIRECTION ( 'NONE',  ( 0.000000000000000000, 0.000000000000000000, -1.000000000000000000 ) ) ;
#2079 = DIRECTION ( 'NONE',  ( 0.000000000000000000, 3.834172622686683600E-15, -1.000000000000000000 ) ) ;
#2080 = AXIS2_PLACEMENT_3D ( 'NONE', #1919, #734, #1740 ) ;
#2081 = EDGE_LOOP ( 'NONE', ( #191, #1344 ) ) ;
#2082 = VECTOR ( 'NONE', #1571, 39.37007874015748143 ) ;
#2083 = CARTESIAN_POINT ( 'NONE',  ( -9.275999999999999801, -6.254999999999999893, -0.6300393700787404461 ) ) ;
#2084 = CIRCLE ( 'NONE', #1394, 0.04999999999999973910 ) ;
#2085 = ORIENTED_EDGE ( 'NONE', *, *, #1242, .F. ) ;
#2086 = CARTESIAN_POINT ( 'NONE',  ( 8.625999999999999446, 12.35899999999999821, -0.05999999999999999778 ) ) ;
#2087 = DIRECTION ( 'NONE',  ( -0.000000000000000000, -0.000000000000000000, 1.000000000000000000 ) ) ;
#2088 = CARTESIAN_POINT ( 'NONE',  ( -9.500000000000000000, 12.48499999999999943, 0.000000000000000000 ) ) ;
#2089 = LINE ( 'NONE', #552, #1675 ) ;
#2090 = ORIENTED_EDGE ( 'NONE', *, *, #1774, .T. ) ;
#2091 = EDGE_LOOP ( 'NONE', ( #27, #1163, #1418, #2154 ) ) ;
#2092 = CARTESIAN_POINT ( 'NONE',  ( 8.625999999999999446, 12.36500000000000021, 0.000000000000000000 ) ) ;
#2093 = ORIENTED_EDGE ( 'NONE', *, *, #947, .T. ) ;
#2094 = DIRECTION ( 'NONE',  ( -0.000000000000000000, -0.000000000000000000, 1.000000000000000000 ) ) ;
#2095 = APPLICATION_PROTOCOL_DEFINITION ( 'international standard', 'config_control_design', 1994, #1937 ) ;
#2096 = EDGE_CURVE ( 'NONE', #473, #630, #1305, .T. ) ;
#2097 = EDGE_CURVE ( 'NONE', #2125, #1991, #800, .T. ) ;
#2098 = CARTESIAN_POINT ( 'NONE',  ( 8.620000000000000995, -12.48500000000000121, -0.6300000000000000044 ) ) ;
#2099 = FACE_OUTER_BOUND ( 'NONE', #1647, .T. ) ;
#2100 = ADVANCED_FACE ( 'NONE', ( #788 ), #1497, .T. ) ;
#2101 = EDGE_LOOP ( 'NONE', ( #1433, #981, #691, #2262 ) ) ;
#2102 = AXIS2_PLACEMENT_3D ( 'NONE', #416, #1132, #78 ) ;
#2103 = VERTEX_POINT ( 'NONE', #1320 ) ;
#2104 = DIRECTION ( 'NONE',  ( 0.000000000000000000, 0.000000000000000000, 1.000000000000000000 ) ) ;
#2105 = ORIENTED_EDGE ( 'NONE', *, *, #615, .T. ) ;
#2106 = CARTESIAN_POINT ( 'NONE',  ( -8.869999999999999218, -12.48499999999999943, 0.000000000000000000 ) ) ;
#2107 = AXIS2_PLACEMENT_3D ( 'NONE', #1452, #794, #597 ) ;
#2108 =( NAMED_UNIT ( * ) PLANE_ANGLE_UNIT ( ) SI_UNIT ( $, .RADIAN. ) );
#2109 = VECTOR ( 'NONE', #754, 39.37007874015748143 ) ;
#2110 = DIRECTION ( 'NONE',  ( -0.000000000000000000, -1.000000000000000000, -0.000000000000000000 ) ) ;
#2111 = VECTOR ( 'NONE', #277, 39.37007874015748143 ) ;
#2112 = DIRECTION ( 'NONE',  ( 0.000000000000000000, 1.000000000000000000, -0.000000000000000000 ) ) ;
#2113 = DIRECTION ( 'NONE',  ( -9.106159978880892383E-15, -1.000000000000000000, 0.000000000000000000 ) ) ;
#2114 = ORIENTED_EDGE ( 'NONE', *, *, #1026, .T. ) ;
#2115 = ORIENTED_EDGE ( 'NONE', *, *, #427, .T. ) ;
#2116 = CARTESIAN_POINT ( 'NONE',  ( 8.619999999999999218, 12.42500000000000071, -0.6300000000000002265 ) ) ;
#2117 = EDGE_LOOP ( 'NONE', ( #742, #83, #671, #340, #1247, #621, #1550, #2168, #9, #282, #1851, #1900, #2196, #435, #1918, #1186, #2060, #861, #1592, #1145, #228, #1338, #624, #1986, #2066, #347, #532, #1825, #1116, #710, #251, #1935, #1206, #2093, #1957, #855 ) ) ;
#2118 = CARTESIAN_POINT ( 'NONE',  ( -8.619999999999999218, -12.36499999999999844, -0.05999999999999904715 ) ) ;
#2119 = APPROVAL_ROLE ( '' ) ;
#2120 = VECTOR ( 'NONE', #460, 39.37007874015748143 ) ;
#2121 = CARTESIAN_POINT ( 'NONE',  ( 0.000000000000000000, 12.48500000000000121, -0.6300000000000000044 ) ) ;
#2122 = LINE ( 'NONE', #868, #2006 ) ;
#2123 = CARTESIAN_POINT ( 'NONE',  ( 0.000000000000000000, 12.48499999999999943, 4.807913407457382973E-14 ) ) ;
#2124 = EDGE_CURVE ( 'NONE', #161, #247, #972, .T. ) ;
#2125 = VERTEX_POINT ( 'NONE', #1119 ) ;
#2126 = FACE_OUTER_BOUND ( 'NONE', #587, .T. ) ;
#2127 = EDGE_CURVE ( 'NONE', #1991, #1542, #1678, .T. ) ;
#2128 = ADVANCED_FACE ( 'NONE', ( #2202 ), #1329, .F. ) ;
#2129 = VERTEX_POINT ( 'NONE', #2064 ) ;
#2130 = CARTESIAN_POINT ( 'NONE',  ( 4.949999999999999289, 4.605000000000000426, -0.05999999999999997696 ) ) ;
#2131 = COORDINATED_UNIVERSAL_TIME_OFFSET ( 6, 0, .BEHIND. ) ;
#2132 = CARTESIAN_POINT ( 'NONE',  ( 9.119999999999999218, 6.254999999999999893, -0.05999999999999997696 ) ) ;
#2133 = DIRECTION ( 'NONE',  ( 0.000000000000000000, 0.000000000000000000, -1.000000000000000000 ) ) ;
#2134 = ORIENTED_EDGE ( 'NONE', *, *, #1860, .F. ) ;
#2135 = ORIENTED_EDGE ( 'NONE', *, *, #2268, .T. ) ;
#2136 = DIRECTION ( 'NONE',  ( -1.000000000000000000, -0.000000000000000000, -0.000000000000000000 ) ) ;
#2137 = VECTOR ( 'NONE', #1428, 39.37007874015748143 ) ;
#2138 = VERTEX_POINT ( 'NONE', #464 ) ;
#2139 = CARTESIAN_POINT ( 'NONE',  ( 9.500000000000000000, -12.48499999999999943, -0.05999999999999999778 ) ) ;
#2140 = CALENDAR_DATE ( 2026, 24, 6 ) ;
#2141 = APPROVAL_PERSON_ORGANIZATION ( #739, #1141, #1446 ) ;
#2142 = CARTESIAN_POINT ( 'NONE',  ( 8.619999999999999218, 12.35899999999999821, -0.05999999999999904715 ) ) ;
#2143 = VECTOR ( 'NONE', #1828, 39.37007874015748143 ) ;
#2144 = LINE ( 'NONE', #399, #531 ) ;
#2145 = ORIENTED_EDGE ( 'NONE', *, *, #943, .T. ) ;
#2146 = VECTOR ( 'NONE', #36, 39.37007874015748143 ) ;
#2147 = DIRECTION ( 'NONE',  ( 1.000000000000000000, 0.000000000000000000, 0.000000000000000000 ) ) ;
#2148 = DIRECTION ( 'NONE',  ( -0.000000000000000000, -0.000000000000000000, 1.000000000000000000 ) ) ;
#2149 = CIRCLE ( 'NONE', #649, 0.06000000000000098310 ) ;
#2150 = ORIENTED_EDGE ( 'NONE', *, *, #441, .T. ) ;
#2151 = VECTOR ( 'NONE', #431, 39.37007874015748143 ) ;
#2152 = DIRECTION ( 'NONE',  ( -1.000000000000000000, -0.000000000000000000, -0.000000000000000000 ) ) ;
#2153 = AXIS2_PLACEMENT_3D ( 'NONE', #1659, #81, #2147 ) ;
#2154 = ORIENTED_EDGE ( 'NONE', *, *, #385, .T. ) ;
#2155 = CARTESIAN_POINT ( 'NONE',  ( -8.625999999999994117, 12.35899999999999821, -0.05999999999999904715 ) ) ;
#2156 = CARTESIAN_POINT ( 'NONE',  ( 8.619999999999999218, 12.48499999999999943, -0.1199999999999995931 ) ) ;
#2157 = ORIENTED_EDGE ( 'NONE', *, *, #196, .T. ) ;
#2158 = ORIENTED_EDGE ( 'NONE', *, *, #2075, .T. ) ;
#2159 = LINE ( 'NONE', #1124, #1532 ) ;
#2160 = ORIENTED_EDGE ( 'NONE', *, *, #1534, .F. ) ;
#2161 = DIRECTION ( 'NONE',  ( 0.000000000000000000, 1.000000000000000000, 0.000000000000000000 ) ) ;
#2162 = ORIENTED_EDGE ( 'NONE', *, *, #1983, .T. ) ;
#2163 = CARTESIAN_POINT ( 'NONE',  ( 8.619999999999999218, 12.48499999999999943, 4.807913407457382973E-14 ) ) ;
#2164 = CARTESIAN_POINT ( 'NONE',  ( -2.749999999999999556, 2.455000000000000071, -0.6300393700787404461 ) ) ;
#2165 = EDGE_CURVE ( 'NONE', #969, #650, #165, .T. ) ;
#2166 = DIRECTION ( 'NONE',  ( -0.000000000000000000, -0.000000000000000000, 1.000000000000000000 ) ) ;
#2167 = ORIENTED_EDGE ( 'NONE', *, *, #834, .T. ) ;
#2168 = ORIENTED_EDGE ( 'NONE', *, *, #834, .F. ) ;
#2169 = EDGE_CURVE ( 'NONE', #1567, #860, #1727, .T. ) ;
#2170 = DIRECTION ( 'NONE',  ( 0.000000000000000000, 0.000000000000000000, 1.000000000000000000 ) ) ;
#2171 = ORIENTED_EDGE ( 'NONE', *, *, #1761, .T. ) ;
#2172 = CARTESIAN_POINT ( 'NONE',  ( -8.625999999999999446, -12.35899999999999821, 0.000000000000000000 ) ) ;
#2173 = VECTOR ( 'NONE', #1379, 39.37007874015748143 ) ;
#2174 = EDGE_LOOP ( 'NONE', ( #462, #994, #437, #410 ) ) ;
#2175 = FACE_BOUND ( 'NONE', #316, .T. ) ;
#2176 = FACE_OUTER_BOUND ( 'NONE', #1996, .T. ) ;
#2177 = CARTESIAN_POINT ( 'NONE',  ( 2.500000000000000000, 4.604999999999999538, -0.05999999999999997696 ) ) ;
#2178 = VERTEX_POINT ( 'NONE', #821 ) ;
#2179 = CIRCLE ( 'NONE', #1529, 0.1140000000000000735 ) ;
#2180 = ORIENTED_EDGE ( 'NONE', *, *, #2005, .T. ) ;
#2181 = CARTESIAN_POINT ( 'NONE',  ( 2.750000000000000444, -2.455000000000000515, -0.6300393700787404461 ) ) ;
#2182 = VECTOR ( 'NONE', #1294, 39.37007874015748143 ) ;
#2183 = ORIENTED_EDGE ( 'NONE', *, *, #1188, .T. ) ;
#2184 = DIRECTION ( 'NONE',  ( 0.000000000000000000, -0.000000000000000000, 1.000000000000000000 ) ) ;
#2185 = AXIS2_PLACEMENT_3D ( 'NONE', #878, #5, #1560 ) ;
#2186 = ORIENTED_EDGE ( 'NONE', *, *, #290, .T. ) ;
#2187 = FACE_OUTER_BOUND ( 'NONE', #303, .T. ) ;
#2188 = CARTESIAN_POINT ( 'NONE',  ( 8.619999999999997442, -12.35899999999999821, -0.05999999999999904715 ) ) ;
#2189 = CARTESIAN_POINT ( 'NONE',  ( -8.869999999999999218, 12.48499999999999943, -0.05999999999999999778 ) ) ;
#2190 = EDGE_LOOP ( 'NONE', ( #1464, #1877, #2275, #1800 ) ) ;
#2191 = VECTOR ( 'NONE', #907, 39.37007874015748143 ) ;
#2192 = DIRECTION ( 'NONE',  ( 1.000000000000000000, 0.000000000000000000, 0.000000000000000000 ) ) ;
#2193 = VECTOR ( 'NONE', #784, 39.37007874015748143 ) ;
#2194 = LINE ( 'NONE', #938, #644 ) ;
#2195 = EDGE_CURVE ( 'NONE', #1985, #873, #1194, .T. ) ;
#2196 = ORIENTED_EDGE ( 'NONE', *, *, #1130, .T. ) ;
#2197 = CARTESIAN_POINT ( 'NONE',  ( 8.869999999999999218, -12.48499999999999943, 0.000000000000000000 ) ) ;
#2198 = EDGE_CURVE ( 'NONE', #361, #1722, #512, .T. ) ;
#2199 = ORIENTED_EDGE ( 'NONE', *, *, #568, .T. ) ;
#2200 = LINE ( 'NONE', #1471, #2151 ) ;
#2201 = ADVANCED_FACE ( 'NONE', ( #144 ), #1209, .F. ) ;
#2202 = FACE_OUTER_BOUND ( 'NONE', #1902, .T. ) ;
#2203 = LINE ( 'NONE', #1025, #2002 ) ;
#2204 = VERTEX_POINT ( 'NONE', #323 ) ;
#2205 = CARTESIAN_POINT ( 'NONE',  ( 8.625999999999999446, 12.35899999999999821, -0.05999999999999904715 ) ) ;
#2206 = DIRECTION ( 'NONE',  ( 0.000000000000000000, 1.000000000000000000, -3.834172622686683600E-15 ) ) ;
#2207 = ORIENTED_EDGE ( 'NONE', *, *, #41, .F. ) ;
#2208 = CARTESIAN_POINT ( 'NONE',  ( -8.964000000000000412, -6.254999999999999893, 0.000000000000000000 ) ) ;
#2209 = EDGE_CURVE ( 'NONE', #894, #515, #477, .T. ) ;
#2210 = ORIENTED_EDGE ( 'NONE', *, *, #1765, .F. ) ;
#2211 = PLANE ( 'NONE',  #1539 ) ;
#2212 = AXIS2_PLACEMENT_3D ( 'NONE', #2043, #1392, #1894 ) ;
#2213 = PLANE ( 'NONE',  #886 ) ;
#2214 = DIRECTION ( 'NONE',  ( -1.000000000000000000, -0.000000000000000000, -0.000000000000000000 ) ) ;
#2215 = EDGE_LOOP ( 'NONE', ( #418, #483, #307, #583 ) ) ;
#2216 = DIRECTION ( 'NONE',  ( -0.000000000000000000, 3.834172622686683600E-15, 1.000000000000000000 ) ) ;
#2217 = CARTESIAN_POINT ( 'NONE',  ( -8.625999999999994117, 12.35899999999999821, -0.000000000000000000 ) ) ;
#2218 = ORIENTED_EDGE ( 'NONE', *, *, #1172, .F. ) ;
#2219 = LINE ( 'NONE', #153, #2120 ) ;
#2220 = CIRCLE ( 'NONE', #497, 0.06000000000000099698 ) ;
#2221 = ORIENTED_EDGE ( 'NONE', *, *, #1761, .F. ) ;
#2222 = CARTESIAN_POINT ( 'NONE',  ( 2.450000000000000178, 4.604999999999999538, 0.000000000000000000 ) ) ;
#2223 = EDGE_CURVE ( 'NONE', #80, #1527, #1355, .T. ) ;
#2224 = VECTOR ( 'NONE', #1893, 39.37007874015748143 ) ;
#2225 = PLANE ( 'NONE',  #965 ) ;
#2226 = CARTESIAN_POINT ( 'NONE',  ( 0.5700000000000007283, 4.644999999999999574, -0.05999999999999997696 ) ) ;
#2227 = ORIENTED_EDGE ( 'NONE', *, *, #2223, .T. ) ;
#2228 = ADVANCED_FACE ( 'NONE', ( #673 ), #2225, .F. ) ;
#2229 = VECTOR ( 'NONE', #622, 39.37007874015748143 ) ;
#2230 = LINE ( 'NONE', #1160, #1125 ) ;
#2231 = PLANE ( 'NONE',  #1708 ) ;
#2232 = VECTOR ( 'NONE', #567, 39.37007874015748143 ) ;
#2233 = ORIENTED_EDGE ( 'NONE', *, *, #1861, .F. ) ;
#2234 = CARTESIAN_POINT ( 'NONE',  ( -8.619999999999990337, 12.48499999999999943, -0.1199999999999995792 ) ) ;
#2235 = EDGE_LOOP ( 'NONE', ( #2150, #222, #141, #329 ) ) ;
#2236 = PLANE ( 'NONE',  #502 ) ;
#2237 = LINE ( 'NONE', #663, #2173 ) ;
#2238 = CARTESIAN_POINT ( 'NONE',  ( -8.620000000000000995, 12.36500000000000021, -0.05999999999999999778 ) ) ;
#2239 = VERTEX_POINT ( 'NONE', #1367 ) ;
#2240 = EDGE_CURVE ( 'NONE', #917, #313, #1024, .T. ) ;
#2241 = EDGE_CURVE ( 'NONE', #844, #1688, #1703, .T. ) ;
#2242 = DIRECTION ( 'NONE',  ( -1.000000000000000000, 0.000000000000000000, 0.000000000000000000 ) ) ;
#2243 = DIRECTION ( 'NONE',  ( -0.000000000000000000, -0.000000000000000000, 1.000000000000000000 ) ) ;
#2244 = ADVANCED_FACE ( 'NONE', ( #1711 ), #2213, .T. ) ;
#2245 = EDGE_LOOP ( 'NONE', ( #1032, #1564, #136, #1636 ) ) ;
#2246 = PLANE ( 'NONE',  #1211 ) ;
#2247 = ORIENTED_EDGE ( 'NONE', *, *, #1726, .F. ) ;
#2248 = CARTESIAN_POINT ( 'NONE',  ( 8.619999999999999218, -12.36499999999999844, 0.000000000000000000 ) ) ;
#2249 = CARTESIAN_POINT ( 'NONE',  ( -9.500000000000000000, -12.48499999999999943, -0.05999999999999999778 ) ) ;
#2250 = VECTOR ( 'NONE', #19, 39.37007874015748143 ) ;
#2251 = CARTESIAN_POINT ( 'NONE',  ( 8.625999999999997669, -12.35899999999999821, -0.05999999999999999778 ) ) ;
#2252 = DIRECTION ( 'NONE',  ( 1.000000000000000000, 0.000000000000000000, 0.000000000000000000 ) ) ;
#2253 = ORIENTED_EDGE ( 'NONE', *, *, #68, .T. ) ;
#2254 = DIRECTION ( 'NONE',  ( -0.000000000000000000, 1.000000000000000000, -0.000000000000000000 ) ) ;
#2255 = ORIENTED_EDGE ( 'NONE', *, *, #1697, .T. ) ;
#2256 = DIRECTION ( 'NONE',  ( -1.000000000000000000, 0.000000000000000000, -0.000000000000000000 ) ) ;
#2257 = VECTOR ( 'NONE', #2133, 39.37007874015748143 ) ;
#2258 = LENGTH_MEASURE_WITH_UNIT ( LENGTH_MEASURE( 0.02539999999999999897 ), #996 );
#2259 = VECTOR ( 'NONE', #1785, 39.37007874015748143 ) ;
#2260 = DIRECTION ( 'NONE',  ( 0.000000000000000000, 0.000000000000000000, 1.000000000000000000 ) ) ;
#2261 = CARTESIAN_POINT ( 'NONE',  ( 5.049999999999998934, 4.605000000000000426, -0.05999999999999997696 ) ) ;
#2262 = ORIENTED_EDGE ( 'NONE', *, *, #947, .F. ) ;
#2263 = ORIENTED_EDGE ( 'NONE', *, *, #1639, .T. ) ;
#2264 = DIRECTION ( 'NONE',  ( 1.000000000000000000, 0.000000000000000000, 0.000000000000000000 ) ) ;
#2265 = VERTEX_POINT ( 'NONE', #1548 ) ;
#2266 = CC_DESIGN_PERSON_AND_ORGANIZATION_ASSIGNMENT ( #1426, #885, ( #1378 ) ) ;
#2267 = CARTESIAN_POINT ( 'NONE',  ( 4.999999999999999112, 4.605000000000000426, -0.05999999999999997696 ) ) ;
#2268 = EDGE_CURVE ( 'NONE', #37, #697, #2237, .T. ) ;
#2269 = DATE_AND_TIME ( #353, #968 ) ;
#2270 = ADVANCED_FACE ( 'NONE', ( #2076 ), #503, .F. ) ;
#2271 = CARTESIAN_POINT ( 'NONE',  ( -9.274712636846508929, -12.48499999999999943, -0.05999999999999999778 ) ) ;
#2272 = CARTESIAN_POINT ( 'NONE',  ( -8.619999999999995666, 12.35899999999999821, -0.05999999999999904715 ) ) ;
#2273 = CARTESIAN_POINT ( 'NONE',  ( 8.625999999999999446, 12.36500000000000021, -0.05999999999999999778 ) ) ;
#2274 = ORIENTED_EDGE ( 'NONE', *, *, #1697, .F. ) ;
#2275 = ORIENTED_EDGE ( 'NONE', *, *, #1625, .T. ) ;
#2276 = LINE ( 'NONE', #712, #1085 ) ;
ENDSEC;
END-ISO-10303-21;
