ISO-10303-21;
HEADER;
FILE_DESCRIPTION (( 'STEP AP214' ),
    '1' );
FILE_NAME ('12-D-6078-05-(16gacr ANSI-61) - K48 - V0-R0.STEP',
    '2026-07-09T23:31:34',
    ( '' ),
    ( '' ),
    'SwSTEP 2.0',
    'SolidWorks 2024',
    '' );
FILE_SCHEMA (( 'AUTOMOTIVE_DESIGN' ));
ENDSEC;

DATA;
#1 = ORIENTED_EDGE ( 'NONE', *, *, #486, .T. ) ;
#2 = CARTESIAN_POINT ( 'NONE',  ( -14.40500000000001890, -0.9700000000000005285, -0.05999999999999999778 ) ) ;
#3 = EDGE_CURVE ( 'NONE', #1622, #1405, #149, .T. ) ;
#4 = EDGE_LOOP ( 'NONE', ( #1149, #701 ) ) ;
#5 = CARTESIAN_POINT ( 'NONE',  ( -6.656512405791645216E-17, 1.159999999999999032, 4.347201589917909385E-15 ) ) ;
#6 = LINE ( 'NONE', #142, #124 ) ;
#7 = ORIENTED_EDGE ( 'NONE', *, *, #1116, .T. ) ;
#8 = ORIENTED_EDGE ( 'NONE', *, *, #1571, .T. ) ;
#9 = LINE ( 'NONE', #1648, #318 ) ;
#10 = VECTOR ( 'NONE', #620, 39.37007874015748143 ) ;
#11 = AXIS2_PLACEMENT_3D ( 'NONE', #5, #685, #1411 ) ;
#12 = CARTESIAN_POINT ( 'NONE',  ( 14.28499999999998238, -0.9699999999999969758, -0.05999999999999901246 ) ) ;
#13 = CIRCLE ( 'NONE', #952, 0.1559999999999991116 ) ;
#14 = ORIENTED_EDGE ( 'NONE', *, *, #700, .T. ) ;
#15 = EDGE_CURVE ( 'NONE', #436, #712, #1463, .T. ) ;
#16 = DIRECTION ( 'NONE',  ( -3.167359992654216647E-15, 0.000000000000000000, -1.000000000000000000 ) ) ;
#17 = DIRECTION ( 'NONE',  ( -1.000000000000000000, -1.243314098782923538E-16, 4.430276251636460138E-31 ) ) ;
#18 = VECTOR ( 'NONE', #1569, 39.37007874015748143 ) ;
#19 = DIRECTION ( 'NONE',  ( 0.000000000000000000, -0.000000000000000000, -1.000000000000000000 ) ) ;
#20 = VECTOR ( 'NONE', #1446, 39.37007874015748143 ) ;
#21 = ORIENTED_EDGE ( 'NONE', *, *, #185, .F. ) ;
#22 = AXIS2_PLACEMENT_3D ( 'NONE', #80, #1360, #212 ) ;
#23 = VERTEX_POINT ( 'NONE', #1444 ) ;
#24 = DIRECTION ( 'NONE',  ( 1.000000000000000000, 0.000000000000000000, -0.000000000000000000 ) ) ;
#25 = PLANE ( 'NONE',  #1101 ) ;
#26 = CARTESIAN_POINT ( 'NONE',  ( -14.28200000000001779, 1.220000000000000862, -0.7500000000000001110 ) ) ;
#27 = DIRECTION ( 'NONE',  ( 0.000000000000000000, 1.000000000000000000, 0.000000000000000000 ) ) ;
#28 = ORIENTED_EDGE ( 'NONE', *, *, #102, .T. ) ;
#29 = EDGE_CURVE ( 'NONE', #1653, #757, #578, .T. ) ;
#30 = ORIENTED_EDGE ( 'NONE', *, *, #1375, .T. ) ;
#31 = PLANE ( 'NONE',  #853 ) ;
#32 = EDGE_LOOP ( 'NONE', ( #474, #1032, #535, #951 ) ) ;
#33 = PLANE ( 'NONE',  #422 ) ;
#34 = DIRECTION ( 'NONE',  ( -0.000000000000000000, -3.563279991735993925E-15, 1.000000000000000000 ) ) ;
#35 = ORIENTED_EDGE ( 'NONE', *, *, #631, .T. ) ;
#36 = ORIENTED_EDGE ( 'NONE', *, *, #1231, .F. ) ;
#37 = EDGE_CURVE ( 'NONE', #189, #710, #1436, .T. ) ;
#38 = VECTOR ( 'NONE', #291, 39.37007874015748143 ) ;
#39 = DIRECTION ( 'NONE',  ( 0.000000000000000000, 0.000000000000000000, -1.000000000000000000 ) ) ;
#40 = CARTESIAN_POINT ( 'NONE',  ( 14.34499999999998288, 0.9699999999999948663, 4.562582069418394489E-14 ) ) ;
#41 = CARTESIAN_POINT ( 'NONE',  ( 14.28199999999997871, 1.099999999999999423, -0.06000000000000095535 ) ) ;
#42 = VECTOR ( 'NONE', #1085, 39.37007874015748143 ) ;
#43 = ORIENTED_EDGE ( 'NONE', *, *, #805, .T. ) ;
#44 = AXIS2_PLACEMENT_3D ( 'NONE', #1223, #1509, #106 ) ;
#45 = AXIS2_PLACEMENT_3D ( 'NONE', #694, #717, #1334 ) ;
#46 = ORIENTED_EDGE ( 'NONE', *, *, #1374, .F. ) ;
#47 = AXIS2_PLACEMENT_3D ( 'NONE', #1035, #1303, #272 ) ;
#48 = EDGE_CURVE ( 'NONE', #137, #896, #563, .T. ) ;
#49 = CARTESIAN_POINT ( 'NONE',  ( 14.28199999999998226, -1.220000000000002860, -0.7500000000000001110 ) ) ;
#50 = DIRECTION ( 'NONE',  ( 0.000000000000000000, -1.000000000000000000, 0.000000000000000000 ) ) ;
#51 = EDGE_LOOP ( 'NONE', ( #750, #693, #1016, #78 ) ) ;
#52 = VERTEX_POINT ( 'NONE', #668 ) ;
#53 = LINE ( 'NONE', #1568, #1078 ) ;
#54 = FACE_OUTER_BOUND ( 'NONE', #180, .T. ) ;
#55 = ADVANCED_FACE ( 'NONE', ( #54 ), #25, .T. ) ;
#56 = LINE ( 'NONE', #441, #506 ) ;
#57 = ORIENTED_EDGE ( 'NONE', *, *, #1458, .T. ) ;
#58 = LINE ( 'NONE', #948, #715 ) ;
#59 = EDGE_LOOP ( 'NONE', ( #484, #920, #759, #165 ) ) ;
#60 = FACE_OUTER_BOUND ( 'NONE', #429, .T. ) ;
#61 = CARTESIAN_POINT ( 'NONE',  ( -13.90900000000002024, 0.000000000000000000, -0.7500000000000003331 ) ) ;
#62 = CARTESIAN_POINT ( 'NONE',  ( -14.40500000000001890, -0.9700000000000005285, -0.1199999999999996209 ) ) ;
#63 = LINE ( 'NONE', #973, #20 ) ;
#64 = ADVANCED_FACE ( 'NONE', ( #283 ), #804, .T. ) ;
#65 = ORIENTED_EDGE ( 'NONE', *, *, #1521, .F. ) ;
#66 = LINE ( 'NONE', #974, #226 ) ;
#67 = VECTOR ( 'NONE', #426, 39.37007874015748143 ) ;
#68 = EDGE_CURVE ( 'NONE', #1390, #680, #327, .T. ) ;
#69 = VECTOR ( 'NONE', #34, 39.37007874015748143 ) ;
#70 = ORIENTED_EDGE ( 'NONE', *, *, #281, .F. ) ;
#71 = DIRECTION ( 'NONE',  ( 1.000000000000000000, 0.000000000000000000, 0.000000000000000000 ) ) ;
#72 = AXIS2_PLACEMENT_3D ( 'NONE', #265, #247, #1042 ) ;
#73 = VECTOR ( 'NONE', #465, 39.37007874015748143 ) ;
#74 = PRESENTATION_STYLE_ASSIGNMENT (( #290 ) ) ;
#75 = FACE_OUTER_BOUND ( 'NONE', #1527, .T. ) ;
#76 = CARTESIAN_POINT ( 'NONE',  ( -14.28200000000001779, 0.9759999999999948717, -0.05999999999999999778 ) ) ;
#77 = ORIENTED_EDGE ( 'NONE', *, *, #1491, .F. ) ;
#78 = ORIENTED_EDGE ( 'NONE', *, *, #374, .F. ) ;
#79 = ADVANCED_FACE ( 'NONE', ( #1626 ), #716, .F. ) ;
#80 = CARTESIAN_POINT ( 'NONE',  ( 14.28199999999997338, -1.100000000000002531, -0.1199999999999995515 ) ) ;
#81 = CARTESIAN_POINT ( 'NONE',  ( 14.40499999999998515, -0.9699999999999969758, -0.7500000000000001110 ) ) ;
#82 = DIRECTION ( 'NONE',  ( 0.000000000000000000, 1.000000000000000000, -0.000000000000000000 ) ) ;
#83 = VERTEX_POINT ( 'NONE', #335 ) ;
#84 = FACE_OUTER_BOUND ( 'NONE', #663, .T. ) ;
#85 = ORIENTED_EDGE ( 'NONE', *, *, #131, .T. ) ;
#86 = CARTESIAN_POINT ( 'NONE',  ( -14.28200000000001424, -1.100000000000002531, -0.06000000000000129535 ) ) ;
#87 = LINE ( 'NONE', #864, #800 ) ;
#88 = EDGE_CURVE ( 'NONE', #592, #436, #482, .T. ) ;
#89 = DIRECTION ( 'NONE',  ( 0.000000000000000000, 0.000000000000000000, 1.000000000000000000 ) ) ;
#90 = LINE ( 'NONE', #1603, #929 ) ;
#91 = DIRECTION ( 'NONE',  ( 0.000000000000000000, 1.000000000000000000, 3.491481338843134539E-15 ) ) ;
#92 = ORIENTED_EDGE ( 'NONE', *, *, #1064, .F. ) ;
#93 = LINE ( 'NONE', #854, #1564 ) ;
#94 = ORIENTED_EDGE ( 'NONE', *, *, #1305, .F. ) ;
#95 = DIRECTION ( 'NONE',  ( 1.000000000000000000, 0.000000000000000000, 0.000000000000000000 ) ) ;
#96 = AXIS2_PLACEMENT_3D ( 'NONE', #1156, #935, #806 ) ;
#97 = VECTOR ( 'NONE', #764, 39.37007874015748143 ) ;
#98 = CARTESIAN_POINT ( 'NONE',  ( -14.28200000000001779, -1.160000000000003917, 4.347201589917926740E-15 ) ) ;
#99 = AXIS2_PLACEMENT_3D ( 'NONE', #1386, #240, #874 ) ;
#100 = DIRECTION ( 'NONE',  ( 0.000000000000000000, 0.000000000000000000, -1.000000000000000000 ) ) ;
#101 = DIRECTION ( 'NONE',  ( -0.000000000000000000, -0.000000000000000000, 1.000000000000000000 ) ) ;
#102 = EDGE_CURVE ( 'NONE', #1417, #261, #147, .T. ) ;
#103 = ORIENTED_EDGE ( 'NONE', *, *, #772, .T. ) ;
#104 = CARTESIAN_POINT ( 'NONE',  ( 14.27899999999998215, -0.9699999999999969758, -0.05999999999999901246 ) ) ;
#105 = ORIENTED_EDGE ( 'NONE', *, *, #732, .T. ) ;
#106 = DIRECTION ( 'NONE',  ( -1.000000000000000000, 0.000000000000000000, 3.130242492740249268E-15 ) ) ;
#107 = DIRECTION ( 'NONE',  ( 5.738372763613492398E-17, -1.000000000000000000, -3.491481338843133750E-15 ) ) ;
#108 = CARTESIAN_POINT ( 'NONE',  ( -14.40500000000001890, 0.9759999999999948717, -0.05999999999999901246 ) ) ;
#109 = ORIENTED_EDGE ( 'NONE', *, *, #523, .T. ) ;
#110 = EDGE_CURVE ( 'NONE', #1007, #314, #1496, .T. ) ;
#111 = DIRECTION ( 'NONE',  ( 0.000000000000000000, 0.000000000000000000, -1.000000000000000000 ) ) ;
#112 = ORIENTED_EDGE ( 'NONE', *, *, #1198, .T. ) ;
#113 = DIRECTION ( 'NONE',  ( 0.000000000000000000, -1.000000000000000000, 0.000000000000000000 ) ) ;
#114 = DIRECTION ( 'NONE',  ( 0.000000000000000000, 0.000000000000000000, -1.000000000000000000 ) ) ;
#115 = CARTESIAN_POINT ( 'NONE',  ( 14.28199999999998049, 1.099999999999999423, -0.1200000000000001760 ) ) ;
#116 = CARTESIAN_POINT ( 'NONE',  ( -14.34500000000001840, 0.9699999999999948663, -0.1199999999999998151 ) ) ;
#117 = DIRECTION ( 'NONE',  ( 0.000000000000000000, 0.000000000000000000, 1.000000000000000000 ) ) ;
#118 = ADVANCED_FACE ( 'NONE', ( #75 ), #1469, .F. ) ;
#119 = ORIENTED_EDGE ( 'NONE', *, *, #150, .F. ) ;
#120 = ADVANCED_FACE ( 'NONE', ( #353 ), #832, .F. ) ;
#121 = ORIENTED_EDGE ( 'NONE', *, *, #1478, .F. ) ;
#122 = VECTOR ( 'NONE', #861, 39.37007874015748143 ) ;
#123 = FACE_OUTER_BOUND ( 'NONE', #159, .T. ) ;
#124 = VECTOR ( 'NONE', #268, 39.37007874015748143 ) ;
#125 = DIRECTION ( 'NONE',  ( -1.000000000000000000, 0.000000000000000000, -3.167359992654216647E-15 ) ) ;
#126 = AXIS2_PLACEMENT_3D ( 'NONE', #566, #1059, #1320 ) ;
#127 = DIRECTION ( 'NONE',  ( -0.000000000000000000, 0.000000000000000000, -1.000000000000000000 ) ) ;
#128 = CARTESIAN_POINT ( 'NONE',  ( 14.28499999999998238, 0.9699999999999945333, -0.1199999999999999956 ) ) ;
#129 = ORIENTED_EDGE ( 'NONE', *, *, #971, .T. ) ;
#130 = ORIENTED_EDGE ( 'NONE', *, *, #1056, .T. ) ;
#131 = EDGE_CURVE ( 'NONE', #314, #191, #1368, .T. ) ;
#132 = CARTESIAN_POINT ( 'NONE',  ( 14.28199999999997338, -1.100000000000002531, -0.1199999999999995515 ) ) ;
#133 = FACE_OUTER_BOUND ( 'NONE', #1132, .T. ) ;
#134 = DIRECTION ( 'NONE',  ( -0.000000000000000000, 1.000000000000000000, -0.000000000000000000 ) ) ;
#135 = CARTESIAN_POINT ( 'NONE',  ( -14.40500000000002068, -0.9700000000000005285, -0.7499999999999998890 ) ) ;
#136 = EDGE_LOOP ( 'NONE', ( #28, #641 ) ) ;
#137 = VERTEX_POINT ( 'NONE', #839 ) ;
#138 = DIRECTION ( 'NONE',  ( -1.000000000000000000, -1.243314098782923291E-16, -0.000000000000000000 ) ) ;
#139 = DIRECTION ( 'NONE',  ( 1.000000000000000000, 0.000000000000000000, 3.130242492740249268E-15 ) ) ;
#140 = VERTEX_POINT ( 'NONE', #727 ) ;
#141 = DIRECTION ( 'NONE',  ( 1.243314098782923538E-16, -1.000000000000000000, 0.000000000000000000 ) ) ;
#142 = CARTESIAN_POINT ( 'NONE',  ( -14.28200000000001779, 1.220000000000000862, -0.7500000000000001110 ) ) ;
#143 = EDGE_LOOP ( 'NONE', ( #1560, #901, #1588, #993 ) ) ;
#144 = EDGE_LOOP ( 'NONE', ( #1493, #1471, #1302, #1545 ) ) ;
#145 = DIRECTION ( 'NONE',  ( 0.000000000000000000, 0.000000000000000000, -1.000000000000000000 ) ) ;
#146 = VECTOR ( 'NONE', #1199, 39.37007874015748143 ) ;
#147 = CIRCLE ( 'NONE', #560, 0.1559999999999991116 ) ;
#148 = VECTOR ( 'NONE', #1297, 39.37007874015748143 ) ;
#149 = LINE ( 'NONE', #448, #1347 ) ;
#150 = EDGE_CURVE ( 'NONE', #52, #1449, #1341, .T. ) ;
#151 = AXIS2_PLACEMENT_3D ( 'NONE', #1529, #1146, #139 ) ;
#152 = CARTESIAN_POINT ( 'NONE',  ( -14.40500000000001890, 0.9759999999999948717, -0.05999999999999901246 ) ) ;
#153 = ORIENTED_EDGE ( 'NONE', *, *, #1039, .F. ) ;
#154 = EDGE_LOOP ( 'NONE', ( #677, #244, #835, #70 ) ) ;
#155 = ORIENTED_EDGE ( 'NONE', *, *, #1437, .T. ) ;
#156 = LINE ( 'NONE', #654, #424 ) ;
#157 = ADVANCED_FACE ( 'NONE', ( #1595 ), #609, .F. ) ;
#158 = EDGE_LOOP ( 'NONE', ( #1370, #580, #363, #1040 ) ) ;
#159 = EDGE_LOOP ( 'NONE', ( #947, #656, #941, #960 ) ) ;
#160 = CARTESIAN_POINT ( 'NONE',  ( 14.28499999999998238, 0.9699999999999945333, -0.05999999999999901246 ) ) ;
#161 = CARTESIAN_POINT ( 'NONE',  ( -14.28200000000000536, 1.099999999999999423, 0.000000000000000000 ) ) ;
#162 = ORIENTED_EDGE ( 'NONE', *, *, #1491, .T. ) ;
#163 = LINE ( 'NONE', #459, #1486 ) ;
#164 = ORIENTED_EDGE ( 'NONE', *, *, #1189, .F. ) ;
#165 = ORIENTED_EDGE ( 'NONE', *, *, #942, .T. ) ;
#166 = EDGE_CURVE ( 'NONE', #1372, #385, #90, .T. ) ;
#167 = VECTOR ( 'NONE', #39, 39.37007874015748143 ) ;
#168 = VERTEX_POINT ( 'NONE', #1225 ) ;
#169 = DIRECTION ( 'NONE',  ( 0.000000000000000000, 0.000000000000000000, 1.000000000000000000 ) ) ;
#170 = CIRCLE ( 'NONE', #798, 0.06000000000000099698 ) ;
#171 = ORIENTED_EDGE ( 'NONE', *, *, #669, .F. ) ;
#172 = VECTOR ( 'NONE', #891, 39.37007874015748143 ) ;
#173 = AXIS2_PLACEMENT_3D ( 'NONE', #483, #1121, #492 ) ;
#174 = VERTEX_POINT ( 'NONE', #1618 ) ;
#175 = VECTOR ( 'NONE', #145, 39.37007874015748143 ) ;
#176 = EDGE_CURVE ( 'NONE', #23, #1323, #395, .T. ) ;
#177 = DIRECTION ( 'NONE',  ( 0.000000000000000000, 0.000000000000000000, 1.000000000000000000 ) ) ;
#178 = ORIENTED_EDGE ( 'NONE', *, *, #1374, .T. ) ;
#179 = LINE ( 'NONE', #1343, #1161 ) ;
#180 = EDGE_LOOP ( 'NONE', ( #814, #1203, #968, #30 ) ) ;
#181 = PLANE ( 'NONE',  #1239 ) ;
#182 = EDGE_LOOP ( 'NONE', ( #825, #1581, #1397, #1310 ) ) ;
#183 = DIRECTION ( 'NONE',  ( 1.000000000000000000, -1.084066664152469232E-15, 0.000000000000000000 ) ) ;
#184 = DIRECTION ( 'NONE',  ( -0.000000000000000000, -0.000000000000000000, 1.000000000000000000 ) ) ;
#185 = EDGE_CURVE ( 'NONE', #1420, #998, #1361, .T. ) ;
#186 = DIRECTION ( 'NONE',  ( -1.000000000000000000, -1.243314098782922059E-16, 3.347384112107870257E-17 ) ) ;
#187 = CARTESIAN_POINT ( 'NONE',  ( -14.34500000000001840, -0.9700000000000000844, -0.1199999999999998151 ) ) ;
#188 = EDGE_CURVE ( 'NONE', #1007, #1221, #707, .T. ) ;
#189 = VERTEX_POINT ( 'NONE', #458 ) ;
#190 = PLANE ( 'NONE',  #1376 ) ;
#191 = VERTEX_POINT ( 'NONE', #972 ) ;
#192 = CARTESIAN_POINT ( 'NONE',  ( 14.28499999999998238, -0.9699999999999967537, -0.1199999999999999956 ) ) ;
#193 = LINE ( 'NONE', #431, #1380 ) ;
#194 = DIRECTION ( 'NONE',  ( 0.000000000000000000, 1.000000000000000000, 0.000000000000000000 ) ) ;
#195 = CARTESIAN_POINT ( 'NONE',  ( 14.40499999999998337, 0.9699999999999939782, -0.1199999999999996209 ) ) ;
#196 = EDGE_LOOP ( 'NONE', ( #863, #1108, #1552, #737 ) ) ;
#197 = EDGE_CURVE ( 'NONE', #1194, #860, #964, .T. ) ;
#198 = VECTOR ( 'NONE', #530, 39.37007874015748143 ) ;
#199 = VECTOR ( 'NONE', #1541, 39.37007874015748143 ) ;
#200 = ORIENTED_EDGE ( 'NONE', *, *, #374, .T. ) ;
#201 = VECTOR ( 'NONE', #610, 39.37007874015748143 ) ;
#202 = CARTESIAN_POINT ( 'NONE',  ( 14.28199999999998226, -0.9759999999999970921, -0.05999999999999999778 ) ) ;
#203 = CARTESIAN_POINT ( 'NONE',  ( 14.28199999999996095, -1.100000000000002531, -0.1199999999999995515 ) ) ;
#204 = CARTESIAN_POINT ( 'NONE',  ( -14.06500000000001904, 0.000000000000000000, -0.06000000000000004635 ) ) ;
#205 = DIRECTION ( 'NONE',  ( 0.000000000000000000, 0.000000000000000000, -1.000000000000000000 ) ) ;
#206 = ORIENTED_EDGE ( 'NONE', *, *, #1599, .T. ) ;
#207 = CARTESIAN_POINT ( 'NONE',  ( 14.27899999999998215, 0.9759999999999945386, -0.05999999999999901246 ) ) ;
#208 = ADVANCED_FACE ( 'NONE', ( #213 ), #471, .T. ) ;
#209 = ORIENTED_EDGE ( 'NONE', *, *, #3, .T. ) ;
#210 = DIRECTION ( 'NONE',  ( 0.000000000000000000, 1.000000000000000000, 3.699377491420405031E-15 ) ) ;
#211 = PLANE ( 'NONE',  #692 ) ;
#212 = DIRECTION ( 'NONE',  ( 0.000000000000000000, 0.000000000000000000, 1.000000000000000000 ) ) ;
#213 = FACE_OUTER_BOUND ( 'NONE', #526, .T. ) ;
#214 = DIRECTION ( 'NONE',  ( 1.000000000000000000, 0.000000000000000000, 0.000000000000000000 ) ) ;
#215 = PLANE ( 'NONE',  #771 ) ;
#216 = ORIENTED_EDGE ( 'NONE', *, *, #841, .F. ) ;
#217 = EDGE_CURVE ( 'NONE', #358, #1195, #657, .T. ) ;
#218 = LINE ( 'NONE', #352, #1434 ) ;
#219 = CARTESIAN_POINT ( 'NONE',  ( -14.28200000000001779, -1.220000000000004192, -0.05999999999999999778 ) ) ;
#220 = CARTESIAN_POINT ( 'NONE',  ( -14.40500000000001890, -0.9700000000000005285, -0.05999999999999978961 ) ) ;
#221 = ORIENTED_EDGE ( 'NONE', *, *, #498, .T. ) ;
#222 = DIRECTION ( 'NONE',  ( 0.000000000000000000, 0.000000000000000000, 1.000000000000000000 ) ) ;
#223 = DIRECTION ( 'NONE',  ( 0.000000000000000000, 0.000000000000000000, -1.000000000000000000 ) ) ;
#224 = AXIS2_PLACEMENT_3D ( 'NONE', #49, #1579, #440 ) ;
#225 = EDGE_LOOP ( 'NONE', ( #321, #1066, #409, #1592 ) ) ;
#226 = VECTOR ( 'NONE', #1492, 39.37007874015748143 ) ;
#227 = LINE ( 'NONE', #601, #1513 ) ;
#228 = VECTOR ( 'NONE', #910, 39.37007874015748143 ) ;
#229 = VECTOR ( 'NONE', #1578, 39.37007874015748143 ) ;
#230 = LINE ( 'NONE', #754, #803 ) ;
#231 = EDGE_CURVE ( 'NONE', #615, #757, #1047, .T. ) ;
#232 = VECTOR ( 'NONE', #1367, 39.37007874015748143 ) ;
#233 = AXIS2_PLACEMENT_3D ( 'NONE', #132, #24, #650 ) ;
#234 = DIRECTION ( 'NONE',  ( 0.000000000000000000, -9.106159978880726722E-15, 1.000000000000000000 ) ) ;
#235 = ORIENTED_EDGE ( 'NONE', *, *, #110, .F. ) ;
#236 = DIRECTION ( 'NONE',  ( 0.000000000000000000, 0.000000000000000000, 1.000000000000000000 ) ) ;
#237 = EDGE_LOOP ( 'NONE', ( #1498, #235, #437, #488 ) ) ;
#238 = LINE ( 'NONE', #1504, #1326 ) ;
#239 = EDGE_CURVE ( 'NONE', #860, #1012, #503, .T. ) ;
#240 = DIRECTION ( 'NONE',  ( -0.000000000000000000, 0.000000000000000000, 1.000000000000000000 ) ) ;
#241 = EDGE_CURVE ( 'NONE', #385, #350, #1033, .T. ) ;
#242 = FACE_OUTER_BOUND ( 'NONE', #1124, .T. ) ;
#243 = CARTESIAN_POINT ( 'NONE',  ( 14.40499999999998337, -0.9699999999999969758, -0.1199999999999996486 ) ) ;
#244 = ORIENTED_EDGE ( 'NONE', *, *, #1293, .F. ) ;
#245 =( NAMED_UNIT ( * ) PLANE_ANGLE_UNIT ( ) SI_UNIT ( $, .RADIAN. ) );
#246 = ADVANCED_BREP_SHAPE_REPRESENTATION ( '12-D-6078-05-(16gacr ANSI-61) - K48 - V0-R0', ( #1379, #1544 ), #287 ) ;
#247 = DIRECTION ( 'NONE',  ( -1.000000000000000000, 0.000000000000000000, 0.000000000000000000 ) ) ;
#248 = PLANE ( 'NONE',  #96 ) ;
#249 = PLANE ( 'NONE',  #1640 ) ;
#250 = ADVANCED_FACE ( 'NONE', ( #883 ), #551, .F. ) ;
#251 = ORIENTED_EDGE ( 'NONE', *, *, #349, .F. ) ;
#252 = EDGE_LOOP ( 'NONE', ( #687, #1481, #1169, #276 ) ) ;
#253 = VECTOR ( 'NONE', #1104, 39.37007874015748143 ) ;
#254 = DIRECTION ( 'NONE',  ( -1.243314098782923538E-16, 1.000000000000000000, -3.491481338843133750E-15 ) ) ;
#255 = AXIS2_PLACEMENT_3D ( 'NONE', #325, #379, #510 ) ;
#256 = CARTESIAN_POINT ( 'NONE',  ( 14.28199999999998226, -1.220000000000000639, -0.05999999999999999778 ) ) ;
#257 = CIRCLE ( 'NONE', #173, 0.05999999999999920675 ) ;
#258 = VECTOR ( 'NONE', #113, 39.37007874015748143 ) ;
#259 = DIRECTION ( 'NONE',  ( -3.167359992654217435E-15, 0.000000000000000000, 1.000000000000000000 ) ) ;
#260 = PLANE ( 'NONE',  #1079 ) ;
#261 = VERTEX_POINT ( 'NONE', #1385 ) ;
#262 = EDGE_CURVE ( 'NONE', #1206, #493, #1158, .T. ) ;
#263 = ORIENTED_EDGE ( 'NONE', *, *, #540, .T. ) ;
#264 = CARTESIAN_POINT ( 'NONE',  ( 14.27899999999998215, 0.9699999999999945333, -0.05999999999999901246 ) ) ;
#265 = CARTESIAN_POINT ( 'NONE',  ( -14.28200000000001424, -1.100000000000002531, -0.1199999999999995515 ) ) ;
#266 = ORIENTED_EDGE ( 'NONE', *, *, #1178, .T. ) ;
#267 = DIRECTION ( 'NONE',  ( -0.000000000000000000, -0.000000000000000000, 1.000000000000000000 ) ) ;
#268 = DIRECTION ( 'NONE',  ( 0.000000000000000000, 3.563279991735993925E-15, -1.000000000000000000 ) ) ;
#269 = ORIENTED_EDGE ( 'NONE', *, *, #29, .T. ) ;
#270 = VERTEX_POINT ( 'NONE', #1473 ) ;
#271 = DIRECTION ( 'NONE',  ( -1.000000000000000000, 0.000000000000000000, -0.000000000000000000 ) ) ;
#272 = DIRECTION ( 'NONE',  ( 0.000000000000000000, -0.000000000000000000, 1.000000000000000000 ) ) ;
#273 = ADVANCED_FACE ( 'NONE', ( #969 ), #1346, .F. ) ;
#274 = PLANE ( 'NONE',  #749 ) ;
#275 = DIRECTION ( 'NONE',  ( -0.000000000000000000, 1.000000000000000000, -0.000000000000000000 ) ) ;
#276 = ORIENTED_EDGE ( 'NONE', *, *, #1342, .F. ) ;
#277 = ORIENTED_EDGE ( 'NONE', *, *, #942, .F. ) ;
#278 = DIRECTION ( 'NONE',  ( 0.000000000000000000, -1.000000000000000000, 0.000000000000000000 ) ) ;
#279 = VECTOR ( 'NONE', #1454, 39.37007874015748143 ) ;
#280 = LINE ( 'NONE', #256, #1273 ) ;
#281 = EDGE_CURVE ( 'NONE', #1061, #478, #724, .T. ) ;
#282 = AXIS2_PLACEMENT_3D ( 'NONE', #671, #1175, #1167 ) ;
#283 = FACE_OUTER_BOUND ( 'NONE', #1173, .T. ) ;
#284 = CARTESIAN_POINT ( 'NONE',  ( -14.27900000000001590, -0.9700000000000000844, -0.05999999999999901246 ) ) ;
#285 = VECTOR ( 'NONE', #691, 39.37007874015748143 ) ;
#286 = DIRECTION ( 'NONE',  ( 1.000000000000000000, -0.000000000000000000, -0.000000000000000000 ) ) ;
#287 =( GEOMETRIC_REPRESENTATION_CONTEXT ( 3 ) GLOBAL_UNCERTAINTY_ASSIGNED_CONTEXT ( ( #1030 ) ) GLOBAL_UNIT_ASSIGNED_CONTEXT ( ( #1519, #245, #944 ) ) REPRESENTATION_CONTEXT ( 'NONE', 'WORKASPACE' ) );
#288 = EDGE_LOOP ( 'NONE', ( #688, #697, #1490, #907 ) ) ;
#289 = ORIENTED_EDGE ( 'NONE', *, *, #1531, .T. ) ;
#290 = SURFACE_STYLE_USAGE ( .BOTH. , #439 ) ;
#291 = DIRECTION ( 'NONE',  ( 0.000000000000000000, -3.563279991735993925E-15, 1.000000000000000000 ) ) ;
#292 = EDGE_CURVE ( 'NONE', #782, #1194, #53, .T. ) ;
#293 = CARTESIAN_POINT ( 'NONE',  ( -14.28200000000001779, 1.220000000000000862, -0.7500000000000001110 ) ) ;
#294 = CARTESIAN_POINT ( 'NONE',  ( -14.28200000000000536, 1.159999999999998588, -0.1199999999999999539 ) ) ;
#295 = ORIENTED_EDGE ( 'NONE', *, *, #88, .T. ) ;
#296 = ADVANCED_FACE ( 'NONE', ( #816 ), #1196, .T. ) ;
#297 = ORIENTED_EDGE ( 'NONE', *, *, #1619, .T. ) ;
#298 = DIRECTION ( 'NONE',  ( -0.000000000000000000, -1.000000000000000000, -0.000000000000000000 ) ) ;
#299 = LENGTH_MEASURE_WITH_UNIT ( LENGTH_MEASURE( 0.02539999999999999897 ), #831 );
#300 = ORIENTED_EDGE ( 'NONE', *, *, #923, .T. ) ;
#301 = DIRECTION ( 'NONE',  ( 5.738372763613492398E-17, -1.000000000000000000, 0.000000000000000000 ) ) ;
#302 = DIRECTION ( 'NONE',  ( -1.000000000000000000, 1.332608777397192331E-14, 0.000000000000000000 ) ) ;
#303 = ORIENTED_EDGE ( 'NONE', *, *, #485, .T. ) ;
#304 = ADVANCED_FACE ( 'NONE', ( #60 ), #908, .F. ) ;
#305 = ORIENTED_EDGE ( 'NONE', *, *, #433, .F. ) ;
#306 = LINE ( 'NONE', #823, #400 ) ;
#307 = VECTOR ( 'NONE', #401, 39.37007874015748143 ) ;
#308 = CYLINDRICAL_SURFACE ( 'NONE', #45, 0.1559999999999991116 ) ;
#309 = AXIS2_PLACEMENT_3D ( 'NONE', #817, #1147, #546 ) ;
#310 = VERTEX_POINT ( 'NONE', #536 ) ;
#311 = AXIS2_PLACEMENT_3D ( 'NONE', #494, #1503, #469 ) ;
#312 = LINE ( 'NONE', #704, #662 ) ;
#313 = AXIS2_PLACEMENT_3D ( 'NONE', #924, #1537, #794 ) ;
#314 = VERTEX_POINT ( 'NONE', #116 ) ;
#315 = DIRECTION ( 'NONE',  ( 0.000000000000000000, -1.000000000000000000, 0.000000000000000000 ) ) ;
#316 = ADVANCED_FACE ( 'NONE', ( #1128, #1524, #1394 ), #248, .F. ) ;
#317 = EDGE_CURVE ( 'NONE', #1605, #1007, #170, .T. ) ;
#318 = VECTOR ( 'NONE', #254, 39.37007874015748143 ) ;
#319 = PRODUCT_CONTEXT ( 'NONE', #1441, 'mechanical' ) ;
#320 = DIRECTION ( 'NONE',  ( 0.000000000000000000, 0.000000000000000000, 1.000000000000000000 ) ) ;
#321 = ORIENTED_EDGE ( 'NONE', *, *, #241, .F. ) ;
#322 = ORIENTED_EDGE ( 'NONE', *, *, #621, .F. ) ;
#323 = DIRECTION ( 'NONE',  ( 0.000000000000000000, -0.000000000000000000, 1.000000000000000000 ) ) ;
#324 = EDGE_LOOP ( 'NONE', ( #1227, #1413, #289, #768 ) ) ;
#325 = CARTESIAN_POINT ( 'NONE',  ( 14.06499999999998529, 0.000000000000000000, 0.000000000000000000 ) ) ;
#326 = ADVANCED_FACE ( 'NONE', ( #1312 ), #33, .T. ) ;
#327 = LINE ( 'NONE', #1505, #527 ) ;
#328 = PLANE ( 'NONE',  #1034 ) ;
#329 = ORIENTED_EDGE ( 'NONE', *, *, #602, .T. ) ;
#330 = DIRECTION ( 'NONE',  ( -0.000000000000000000, -0.000000000000000000, 1.000000000000000000 ) ) ;
#331 = ORIENTED_EDGE ( 'NONE', *, *, #433, .T. ) ;
#332 = CARTESIAN_POINT ( 'NONE',  ( -14.06500000000001904, 0.000000000000000000, -0.06000000000000004635 ) ) ;
#333 = DIMENSIONAL_EXPONENTS ( 1.000000000000000000, 0.000000000000000000, 0.000000000000000000, 0.000000000000000000, 0.000000000000000000, 0.000000000000000000, 0.000000000000000000 ) ;
#334 = PLANE ( 'NONE',  #1163 ) ;
#335 = CARTESIAN_POINT ( 'NONE',  ( 14.28199999999998226, -1.160000000000003029, -0.7500000000000002220 ) ) ;
#336 = EDGE_CURVE ( 'NONE', #1314, #350, #538, .T. ) ;
#337 = CARTESIAN_POINT ( 'NONE',  ( 14.27899999999998215, 0.000000000000000000, 0.000000000000000000 ) ) ;
#338 = EDGE_LOOP ( 'NONE', ( #178, #766, #1457, #770 ) ) ;
#339 = CARTESIAN_POINT ( 'NONE',  ( 14.28199999999998226, 1.219999999999999973, -0.05999999999999978961 ) ) ;
#340 = VECTOR ( 'NONE', #1363, 39.37007874015748143 ) ;
#341 = VECTOR ( 'NONE', #236, 39.37007874015748143 ) ;
#342 = EDGE_LOOP ( 'NONE', ( #774, #1624, #329, #529 ) ) ;
#343 = FACE_OUTER_BOUND ( 'NONE', #1565, .T. ) ;
#344 = DIRECTION ( 'NONE',  ( -1.000000000000000000, 1.332608777397192646E-14, 0.000000000000000000 ) ) ;
#345 = LINE ( 'NONE', #734, #258 ) ;
#346 = DIRECTION ( 'NONE',  ( 1.000000000000000000, 0.000000000000000000, 0.000000000000000000 ) ) ;
#347 = CARTESIAN_POINT ( 'NONE',  ( 14.28199999999998226, 1.220000000000002416, -0.7500000000000001110 ) ) ;
#348 = EDGE_LOOP ( 'NONE', ( #1576, #937, #263, #1266 ) ) ;
#349 = EDGE_CURVE ( 'NONE', #1372, #1314, #1539, .T. ) ;
#350 = VERTEX_POINT ( 'NONE', #1306 ) ;
#351 = DIRECTION ( 'NONE',  ( 1.332608777397192646E-14, 1.000000000000000000, 0.000000000000000000 ) ) ;
#352 = CARTESIAN_POINT ( 'NONE',  ( -14.28200000000001779, -1.220000000000006635, -0.7500000000000001110 ) ) ;
#353 = FACE_OUTER_BOUND ( 'NONE', #966, .T. ) ;
#354 = LINE ( 'NONE', #1258, #201 ) ;
#355 = VERTEX_POINT ( 'NONE', #293 ) ;
#356 = CARTESIAN_POINT ( 'NONE',  ( -14.28200000000001779, -0.9760000000000000897, -0.05999999999999999778 ) ) ;
#357 = PLANE ( 'NONE',  #1188 ) ;
#358 = VERTEX_POINT ( 'NONE', #1036 ) ;
#359 = EDGE_CURVE ( 'NONE', #1290, #1646, #1511, .T. ) ;
#360 = CARTESIAN_POINT ( 'NONE',  ( 14.28199999999998049, 1.220000000000000195, -0.1199999999999999956 ) ) ;
#361 = FACE_OUTER_BOUND ( 'NONE', #632, .T. ) ;
#362 = CARTESIAN_POINT ( 'NONE',  ( -14.28500000000001613, 0.9699999999999948663, -0.05999999999999901246 ) ) ;
#363 = ORIENTED_EDGE ( 'NONE', *, *, #1619, .F. ) ;
#364 = DIRECTION ( 'NONE',  ( 1.000000000000000000, 1.243314098782923538E-16, -4.430276251636460138E-31 ) ) ;
#365 = ORIENTED_EDGE ( 'NONE', *, *, #1254, .F. ) ;
#366 = AXIS2_PLACEMENT_3D ( 'NONE', #1352, #1333, #866 ) ;
#367 = PRODUCT_DEFINITION_CONTEXT ( 'detailed design', #900, 'design' ) ;
#368 = CARTESIAN_POINT ( 'NONE',  ( -14.28200000000001779, 1.219999999999998419, -0.05999999999999999778 ) ) ;
#369 = AXIS2_PLACEMENT_3D ( 'NONE', #1249, #351, #344 ) ;
#370 = ADVANCED_FACE ( 'NONE', ( #812 ), #1445, .F. ) ;
#371 = MECHANICAL_DESIGN_GEOMETRIC_PRESENTATION_REPRESENTATION (  '', ( #1351 ), #565 ) ;
#372 = CARTESIAN_POINT ( 'NONE',  ( -14.28200000000001602, -1.100000000000002531, -0.1199999999999995515 ) ) ;
#373 = VECTOR ( 'NONE', #407, 39.37007874015748143 ) ;
#374 = EDGE_CURVE ( 'NONE', #1195, #1221, #1322, .T. ) ;
#375 = DIRECTION ( 'NONE',  ( 1.000000000000000000, 5.738372763613499793E-17, -1.912790921204497774E-17 ) ) ;
#376 = LINE ( 'NONE', #736, #427 ) ;
#377 = CARTESIAN_POINT ( 'NONE',  ( -14.28200000000001602, -1.100000000000002531, -1.297627796990524979E-15 ) ) ;
#378 = LINE ( 'NONE', #758, #172 ) ;
#379 = DIRECTION ( 'NONE',  ( 0.000000000000000000, 0.000000000000000000, 1.000000000000000000 ) ) ;
#380 = ORIENTED_EDGE ( 'NONE', *, *, #890, .T. ) ;
#381 = CARTESIAN_POINT ( 'NONE',  ( -14.40500000000001890, 0.9699999999999948663, 0.000000000000000000 ) ) ;
#382 = EDGE_CURVE ( 'NONE', #779, #1100, #1548, .T. ) ;
#383 = DIRECTION ( 'NONE',  ( 1.000000000000000000, 0.000000000000000000, -0.000000000000000000 ) ) ;
#384 = VERTEX_POINT ( 'NONE', #1183 ) ;
#385 = VERTEX_POINT ( 'NONE', #524 ) ;
#386 = CARTESIAN_POINT ( 'NONE',  ( -14.28500000000001613, -0.9700000000000000844, -0.1199999999999999956 ) ) ;
#387 = FACE_OUTER_BOUND ( 'NONE', #705, .T. ) ;
#388 = ADVANCED_FACE ( 'NONE', ( #1557 ), #1427, .F. ) ;
#389 = EDGE_CURVE ( 'NONE', #808, #1318, #926, .T. ) ;
#390 = CARTESIAN_POINT ( 'NONE',  ( 14.27899999999998215, -0.9699999999999969758, -0.05999999999999999778 ) ) ;
#391 = FACE_OUTER_BOUND ( 'NONE', #252, .T. ) ;
#392 = ORIENTED_EDGE ( 'NONE', *, *, #1019, .F. ) ;
#393 = CLOSED_SHELL ( 'NONE', ( #820, #495, #316, #913, #157, #740, #1263, #120, #1423, #79, #608, #763, #1447, #208, #1407, #296, #992, #1251, #55, #1168, #1010, #250, #599, #852, #514, #326, #1072, #370, #1207, #549, #118, #762, #1315, #1570, #962, #1309, #673, #455, #1647, #559, #1285, #1155, #571, #421, #949, #708, #64, #1638, #273, #718, #756, #1125, #1510, #304, #1561, #1582, #999, #388 ) ) ;
#394 = VERTEX_POINT ( 'NONE', #1287 ) ;
#395 = CIRCLE ( 'NONE', #1590, 0.06000000000000101780 ) ;
#396 = CARTESIAN_POINT ( 'NONE',  ( 14.28199999999998226, 1.220000000000000195, 0.000000000000000000 ) ) ;
#397 = AXIS2_PLACEMENT_3D ( 'NONE', #1631, #1112, #489 ) ;
#398 = LINE ( 'NONE', #408, #1542 ) ;
#399 = VECTOR ( 'NONE', #1399, 39.37007874015748143 ) ;
#400 = VECTOR ( 'NONE', #1197, 39.37007874015748143 ) ;
#401 = DIRECTION ( 'NONE',  ( 1.000000000000000000, 5.738372763613499793E-17, -1.912790921204497774E-17 ) ) ;
#402 = DIRECTION ( 'NONE',  ( -0.000000000000000000, 0.000000000000000000, 1.000000000000000000 ) ) ;
#403 = VERTEX_POINT ( 'NONE', #1174 ) ;
#404 = EDGE_CURVE ( 'NONE', #934, #270, #553, .T. ) ;
#405 = ORIENTED_EDGE ( 'NONE', *, *, #1521, .T. ) ;
#406 = CARTESIAN_POINT ( 'NONE',  ( -7.230349682153005672E-17, 1.219999999999999307, -0.1199999999999997319 ) ) ;
#407 = DIRECTION ( 'NONE',  ( -5.738372763613492398E-17, 1.000000000000000000, 3.613946018757868503E-15 ) ) ;
#408 = CARTESIAN_POINT ( 'NONE',  ( -14.28200000000001779, 1.159999999999998144, 4.347201589917906230E-15 ) ) ;
#409 = ORIENTED_EDGE ( 'NONE', *, *, #349, .T. ) ;
#410 = CARTESIAN_POINT ( 'NONE',  ( -0.000000000000000000, 0.9759999999999948717, 0.000000000000000000 ) ) ;
#411 = CARTESIAN_POINT ( 'NONE',  ( 14.28199999999998226, -1.220000000000003082, -0.7499999999999998890 ) ) ;
#412 = EDGE_LOOP ( 'NONE', ( #305, #92, #295, #1630 ) ) ;
#413 = ORIENTED_EDGE ( 'NONE', *, *, #1551, .F. ) ;
#414 = EDGE_CURVE ( 'NONE', #938, #1176, #1058, .T. ) ;
#415 = CARTESIAN_POINT ( 'NONE',  ( -14.28200000000001779, 1.219999999999998419, -0.1199999999999995376 ) ) ;
#416 = LINE ( 'NONE', #1547, #904 ) ;
#417 = CARTESIAN_POINT ( 'NONE',  ( -14.06500000000001904, 0.000000000000000000, -0.7500000000000003331 ) ) ;
#418 = DIRECTION ( 'NONE',  ( 1.000000000000000000, 0.000000000000000000, 0.000000000000000000 ) ) ;
#419 = ORIENTED_EDGE ( 'NONE', *, *, #1520, .T. ) ;
#420 = ORIENTED_EDGE ( 'NONE', *, *, #1145, .F. ) ;
#421 = ADVANCED_FACE ( 'NONE', ( #1573 ), #434, .T. ) ;
#422 = AXIS2_PLACEMENT_3D ( 'NONE', #26, #659, #301 ) ;
#423 = EDGE_CURVE ( 'NONE', #1420, #137, #918, .T. ) ;
#424 = VECTOR ( 'NONE', #1037, 39.37007874015748143 ) ;
#425 = ORIENTED_EDGE ( 'NONE', *, *, #1087, .T. ) ;
#426 = DIRECTION ( 'NONE',  ( 0.000000000000000000, -1.000000000000000000, 0.000000000000000000 ) ) ;
#427 = VECTOR ( 'NONE', #101, 39.37007874015748143 ) ;
#428 = CARTESIAN_POINT ( 'NONE',  ( 14.06499999999998529, 0.000000000000000000, 0.000000000000000000 ) ) ;
#429 = EDGE_LOOP ( 'NONE', ( #1274, #1393, #454, #1299 ) ) ;
#430 = ORIENTED_EDGE ( 'NONE', *, *, #838, .F. ) ;
#431 = CARTESIAN_POINT ( 'NONE',  ( -14.40500000000002068, -0.9700000000000005285, -0.7500000000000001110 ) ) ;
#432 = CARTESIAN_POINT ( 'NONE',  ( -14.27900000000001590, -0.9700000000000000844, -0.05999999999999901246 ) ) ;
#433 = EDGE_CURVE ( 'NONE', #1308, #168, #1020, .T. ) ;
#434 = PLANE ( 'NONE',  #1269 ) ;
#435 = CARTESIAN_POINT ( 'NONE',  ( 14.40499999999998337, -0.9699999999999969758, -0.05999999999999999778 ) ) ;
#436 = VERTEX_POINT ( 'NONE', #377 ) ;
#437 = ORIENTED_EDGE ( 'NONE', *, *, #841, .T. ) ;
#438 = CARTESIAN_POINT ( 'NONE',  ( -14.28500000000001613, 0.9699999999999948663, -0.1199999999999999956 ) ) ;
#439 = SURFACE_SIDE_STYLE ('',( #699 ) ) ;
#440 = DIRECTION ( 'NONE',  ( 0.000000000000000000, 1.000000000000000000, -3.491481338843134539E-15 ) ) ;
#441 = CARTESIAN_POINT ( 'NONE',  ( -14.28200000000001779, -1.220000000000004192, -0.05999999999999999778 ) ) ;
#442 = EDGE_CURVE ( 'NONE', #1472, #1195, #1260, .T. ) ;
#443 = ORIENTED_EDGE ( 'NONE', *, *, #591, .T. ) ;
#444 = DIRECTION ( 'NONE',  ( 3.491481338843134539E-15, 0.000000000000000000, -1.000000000000000000 ) ) ;
#445 = ORIENTED_EDGE ( 'NONE', *, *, #1117, .F. ) ;
#446 = SHAPE_DEFINITION_REPRESENTATION ( #1265, #246 ) ;
#447 = DIRECTION ( 'NONE',  ( -0.000000000000000000, 1.000000000000000000, -0.000000000000000000 ) ) ;
#448 = CARTESIAN_POINT ( 'NONE',  ( 14.28199999999997871, 1.099999999999999423, -9.561467977824920278E-16 ) ) ;
#449 = AXIS2_PLACEMENT_3D ( 'NONE', #593, #1482, #584 ) ;
#450 = ORIENTED_EDGE ( 'NONE', *, *, #1520, .F. ) ;
#451 = VECTOR ( 'NONE', #320, 39.37007874015748143 ) ;
#452 = CARTESIAN_POINT ( 'NONE',  ( 14.06499999999998529, 0.000000000000000000, -0.7500000000000003331 ) ) ;
#453 = CIRCLE ( 'NONE', #22, 0.05999999999999826999 ) ;
#454 = ORIENTED_EDGE ( 'NONE', *, *, #1377, .F. ) ;
#455 = ADVANCED_FACE ( 'NONE', ( #1465 ), #181, .T. ) ;
#456 = DIRECTION ( 'NONE',  ( 1.000000000000000000, 5.738372763613492398E-17, 4.379057701015054319E-47 ) ) ;
#457 = CARTESIAN_POINT ( 'NONE',  ( -14.28200000000001779, 1.219999999999998419, -0.05999999999999999778 ) ) ;
#458 = CARTESIAN_POINT ( 'NONE',  ( 14.28199999999998226, -0.9759999999999970921, 0.000000000000000000 ) ) ;
#459 = CARTESIAN_POINT ( 'NONE',  ( -14.40500000000001890, 0.9699999999999948663, -0.05999999999999999778 ) ) ;
#460 = EDGE_LOOP ( 'NONE', ( #365, #958, #129, #419 ) ) ;
#461 = ORIENTED_EDGE ( 'NONE', *, *, #1608, .F. ) ;
#462 = DIRECTION ( 'NONE',  ( -1.000000000000000000, 0.000000000000000000, -3.491481338843133750E-15 ) ) ;
#463 = DIRECTION ( 'NONE',  ( 1.000000000000000000, 0.000000000000000000, 3.169856808907805887E-15 ) ) ;
#464 = EDGE_CURVE ( 'NONE', #921, #1405, #93, .T. ) ;
#465 = DIRECTION ( 'NONE',  ( -1.000000000000000000, 1.084066664152469232E-15, 0.000000000000000000 ) ) ;
#466 = CARTESIAN_POINT ( 'NONE',  ( -14.34500000000001840, 0.9699999999999948663, -0.1199999999999998151 ) ) ;
#467 = ORIENTED_EDGE ( 'NONE', *, *, #1219, .F. ) ;
#468 = CARTESIAN_POINT ( 'NONE',  ( 14.40499999999998515, 0.9699999999999948663, -0.7499999999999998890 ) ) ;
#469 = DIRECTION ( 'NONE',  ( 0.000000000000000000, 3.563279991735993925E-15, 1.000000000000000000 ) ) ;
#470 = DIRECTION ( 'NONE',  ( 0.000000000000000000, 0.000000000000000000, 1.000000000000000000 ) ) ;
#471 = PLANE ( 'NONE',  #822 ) ;
#472 = CARTESIAN_POINT ( 'NONE',  ( -14.28500000000001613, -0.9699999999999974198, 0.000000000000000000 ) ) ;
#473 = EDGE_CURVE ( 'NONE', #1323, #385, #66, .T. ) ;
#474 = ORIENTED_EDGE ( 'NONE', *, *, #1641, .F. ) ;
#475 = DIRECTION ( 'NONE',  ( 3.167359992654217435E-15, -0.000000000000000000, -1.000000000000000000 ) ) ;
#476 = AXIS2_PLACEMENT_3D ( 'NONE', #1589, #730, #323 ) ;
#477 = AXIS2_PLACEMENT_3D ( 'NONE', #600, #836, #886 ) ;
#478 = VERTEX_POINT ( 'NONE', #1099 ) ;
#479 = AXIS2_PLACEMENT_3D ( 'NONE', #220, #1105, #1252 ) ;
#480 = AXIS2_PLACEMENT_3D ( 'NONE', #386, #1422, #1398 ) ;
#481 = DIRECTION ( 'NONE',  ( 1.084066664152469232E-15, 1.000000000000000000, -0.000000000000000000 ) ) ;
#482 = LINE ( 'NONE', #988, #10 ) ;
#483 = CARTESIAN_POINT ( 'NONE',  ( -14.28200000000000891, 1.099999999999999423, -0.1200000000000001760 ) ) ;
#484 = ORIENTED_EDGE ( 'NONE', *, *, #414, .F. ) ;
#485 = EDGE_CURVE ( 'NONE', #1318, #1308, #58, .T. ) ;
#486 = EDGE_CURVE ( 'NONE', #1221, #930, #1236, .T. ) ;
#487 = CARTESIAN_POINT ( 'NONE',  ( -14.40500000000002068, 0.9699999999999948663, -0.7500000000000001110 ) ) ;
#488 = ORIENTED_EDGE ( 'NONE', *, *, #1415, .T. ) ;
#489 = DIRECTION ( 'NONE',  ( -1.000000000000000000, 0.000000000000000000, 3.130242492740249268E-15 ) ) ;
#490 = DIRECTION ( 'NONE',  ( 0.000000000000000000, 0.000000000000000000, 1.000000000000000000 ) ) ;
#491 = DIRECTION ( 'NONE',  ( 1.000000000000000000, 5.738372763613492398E-17, 4.379057701015054319E-47 ) ) ;
#492 = DIRECTION ( 'NONE',  ( 0.000000000000000000, 0.000000000000000000, -1.000000000000000000 ) ) ;
#493 = VERTEX_POINT ( 'NONE', #612 ) ;
#494 = CARTESIAN_POINT ( 'NONE',  ( 1.442244354588193700E-16, -1.160000000000002141, 4.347201589917920429E-15 ) ) ;
#495 = ADVANCED_FACE ( 'NONE', ( #84 ), #1604, .F. ) ;
#496 = ORIENTED_EDGE ( 'NONE', *, *, #1220, .T. ) ;
#497 = FACE_OUTER_BOUND ( 'NONE', #51, .T. ) ;
#498 = EDGE_CURVE ( 'NONE', #1472, #140, #983, .T. ) ;
#499 = DIRECTION ( 'NONE',  ( 0.000000000000000000, 0.000000000000000000, 1.000000000000000000 ) ) ;
#500 = CARTESIAN_POINT ( 'NONE',  ( 14.28499999999998238, 0.9699999999999939782, -0.1199999999999999956 ) ) ;
#501 = DIRECTION ( 'NONE',  ( 0.000000000000000000, -1.000000000000000000, -0.000000000000000000 ) ) ;
#502 = ORIENTED_EDGE ( 'NONE', *, *, #1189, .T. ) ;
#503 = CIRCLE ( 'NONE', #1029, 0.1200000000000009948 ) ;
#504 = VECTOR ( 'NONE', #259, 39.37007874015748143 ) ;
#505 = EDGE_CURVE ( 'NONE', #746, #384, #312, .T. ) ;
#506 = VECTOR ( 'NONE', #1205, 39.37007874015748143 ) ;
#507 =( LENGTH_UNIT ( ) NAMED_UNIT ( * ) SI_UNIT ( $, .METRE. ) );
#508 = DIRECTION ( 'NONE',  ( 1.000000000000000000, 0.000000000000000000, 0.000000000000000000 ) ) ;
#509 = CARTESIAN_POINT ( 'NONE',  ( -14.28500000000001613, 0.9699999999999948663, -0.05999999999999901246 ) ) ;
#510 = DIRECTION ( 'NONE',  ( 1.000000000000000000, 0.000000000000000000, 0.000000000000000000 ) ) ;
#511 = EDGE_LOOP ( 'NONE', ( #119, #450, #1084, #1209 ) ) ;
#512 = EDGE_LOOP ( 'NONE', ( #413, #1358, #266, #445 ) ) ;
#513 = FACE_OUTER_BOUND ( 'NONE', #655, .T. ) ;
#514 = ADVANCED_FACE ( 'NONE', ( #1202 ), #215, .T. ) ;
#515 = ORIENTED_EDGE ( 'NONE', *, *, #1629, .T. ) ;
#516 = DIRECTION ( 'NONE',  ( 1.243314098782923538E-16, -1.000000000000000000, 3.613946018757868503E-15 ) ) ;
#517 = CYLINDRICAL_SURFACE ( 'NONE', #640, 0.1199999999999992600 ) ;
#518 = PLANE ( 'NONE',  #664 ) ;
#519 = ORIENTED_EDGE ( 'NONE', *, *, #890, .F. ) ;
#520 = EDGE_LOOP ( 'NONE', ( #322, #1086, #1150, #206 ) ) ;
#521 = CARTESIAN_POINT ( 'NONE',  ( -14.40500000000002068, -0.9700000000000005285, -0.7500000000000001110 ) ) ;
#522 = DIRECTION ( 'NONE',  ( -2.665217554794385292E-14, 1.000000000000000000, 0.000000000000000000 ) ) ;
#523 = EDGE_CURVE ( 'NONE', #140, #168, #1356, .T. ) ;
#524 = CARTESIAN_POINT ( 'NONE',  ( 14.28499999999998238, 0.9699999999999945333, -0.05999999999999901246 ) ) ;
#525 = CARTESIAN_POINT ( 'NONE',  ( 13.90899999999998471, 1.910449006669871703E-17, -0.7500000000000003331 ) ) ;
#526 = EDGE_LOOP ( 'NONE', ( #1179, #797, #105, #14 ) ) ;
#527 = VECTOR ( 'NONE', #1215, 39.37007874015748143 ) ;
#528 = VECTOR ( 'NONE', #1296, 39.37007874015748143 ) ;
#529 = ORIENTED_EDGE ( 'NONE', *, *, #1425, .T. ) ;
#530 = DIRECTION ( 'NONE',  ( 0.000000000000000000, -1.000000000000000000, 0.000000000000000000 ) ) ;
#531 = AXIS2_PLACEMENT_3D ( 'NONE', #192, #1606, #1210 ) ;
#532 = LINE ( 'NONE', #415, #1276 ) ;
#533 = CARTESIAN_POINT ( 'NONE',  ( -14.22100000000001785, 1.910449006669883413E-17, 0.000000000000000000 ) ) ;
#534 = VECTOR ( 'NONE', #1216, 39.37007874015748143 ) ;
#535 = ORIENTED_EDGE ( 'NONE', *, *, #464, .F. ) ;
#536 = CARTESIAN_POINT ( 'NONE',  ( 14.27899999999998215, -0.9759999999999970921, 0.000000000000000000 ) ) ;
#537 = AXIS2_PLACEMENT_3D ( 'NONE', #203, #726, #499 ) ;
#538 = LINE ( 'NONE', #1562, #528 ) ;
#539 = DIRECTION ( 'NONE',  ( -0.000000000000000000, -0.000000000000000000, 1.000000000000000000 ) ) ;
#540 = EDGE_CURVE ( 'NONE', #830, #746, #959, .T. ) ;
#541 = ORIENTED_EDGE ( 'NONE', *, *, #1064, .T. ) ;
#542 = ORIENTED_EDGE ( 'NONE', *, *, #602, .F. ) ;
#543 = DIRECTION ( 'NONE',  ( 0.000000000000000000, 1.000000000000000000, 0.000000000000000000 ) ) ;
#544 = DIRECTION ( 'NONE',  ( -0.000000000000000000, 3.563279991735993925E-15, -1.000000000000000000 ) ) ;
#545 = CARTESIAN_POINT ( 'NONE',  ( -14.28200000000001424, -1.100000000000002531, -1.297627796990524979E-15 ) ) ;
#546 = DIRECTION ( 'NONE',  ( 0.000000000000000000, 0.000000000000000000, 1.000000000000000000 ) ) ;
#547 = CARTESIAN_POINT ( 'NONE',  ( 14.27899999999998215, 0.9759999999999945386, -0.05999999999999901246 ) ) ;
#548 = ORIENTED_EDGE ( 'NONE', *, *, #1135, .F. ) ;
#549 = ADVANCED_FACE ( 'NONE', ( #843 ), #1218, .T. ) ;
#550 = EDGE_LOOP ( 'NONE', ( #1170, #65, #300, #1534 ) ) ;
#551 = PLANE ( 'NONE',  #1538 ) ;
#552 = EDGE_CURVE ( 'NONE', #1045, #782, #834, .T. ) ;
#553 = LINE ( 'NONE', #40, #1002 ) ;
#554 = CARTESIAN_POINT ( 'NONE',  ( -14.28200000000001779, 1.219999999999998419, 0.000000000000000000 ) ) ;
#555 = EDGE_LOOP ( 'NONE', ( #35, #153, #1119, #1235 ) ) ;
#556 = EDGE_LOOP ( 'NONE', ( #1253, #1535, #1283, #573 ) ) ;
#557 = DIRECTION ( 'NONE',  ( -0.000000000000000000, -1.000000000000000000, -0.000000000000000000 ) ) ;
#558 = CARTESIAN_POINT ( 'NONE',  ( 0.000000000000000000, 0.000000000000000000, 0.000000000000000000 ) ) ;
#559 = ADVANCED_FACE ( 'NONE', ( #1336 ), #190, .F. ) ;
#560 = AXIS2_PLACEMENT_3D ( 'NONE', #204, #1090, #1233 ) ;
#561 = CARTESIAN_POINT ( 'NONE',  ( 14.27899999999998215, 0.9699999999999945333, -0.05999999999999901246 ) ) ;
#562 = AXIS2_PLACEMENT_3D ( 'NONE', #1003, #134, #117 ) ;
#563 = LINE ( 'NONE', #1057, #1294 ) ;
#564 = DIRECTION ( 'NONE',  ( 3.167359992654217435E-15, 0.000000000000000000, -1.000000000000000000 ) ) ;
#565 =( GEOMETRIC_REPRESENTATION_CONTEXT ( 3 ) GLOBAL_UNCERTAINTY_ASSIGNED_CONTEXT ( ( #1177 ) ) GLOBAL_UNIT_ASSIGNED_CONTEXT ( ( #1331, #585, #1435 ) ) REPRESENTATION_CONTEXT ( 'NONE', 'WORKASPACE' ) );
#566 = CARTESIAN_POINT ( 'NONE',  ( -14.06500000000001904, 0.000000000000000000, 0.000000000000000000 ) ) ;
#567 = AXIS2_PLACEMENT_3D ( 'NONE', #1017, #1041, #1136 ) ;
#568 = ORIENTED_EDGE ( 'NONE', *, *, #1008, .T. ) ;
#569 = ORIENTED_EDGE ( 'NONE', *, *, #473, .T. ) ;
#570 = LINE ( 'NONE', #706, #18 ) ;
#571 = ADVANCED_FACE ( 'NONE', ( #1118 ), #646, .T. ) ;
#572 = DIRECTION ( 'NONE',  ( -1.000000000000000000, 0.000000000000000000, -0.000000000000000000 ) ) ;
#573 = ORIENTED_EDGE ( 'NONE', *, *, #912, .T. ) ;
#574 = ORIENTED_EDGE ( 'NONE', *, *, #176, .T. ) ;
#575 = APPLICATION_PROTOCOL_DEFINITION ( 'draft international standard', 'automotive_design', 1998, #1441 ) ;
#576 = DIMENSIONAL_EXPONENTS ( 1.000000000000000000, 0.000000000000000000, 0.000000000000000000, 0.000000000000000000, 0.000000000000000000, 0.000000000000000000, 0.000000000000000000 ) ;
#577 = CARTESIAN_POINT ( 'NONE',  ( 14.28199999999996983, -1.160000000000000808, -0.1199999999999993294 ) ) ;
#578 = LINE ( 'NONE', #1295, #38 ) ;
#579 = PLANE ( 'NONE',  #1246 ) ;
#580 = ORIENTED_EDGE ( 'NONE', *, *, #1500, .F. ) ;
#581 = EDGE_CURVE ( 'NONE', #934, #1045, #1139, .T. ) ;
#582 = DIRECTION ( 'NONE',  ( -5.738372763613492398E-17, 1.000000000000000000, 0.000000000000000000 ) ) ;
#583 = EDGE_LOOP ( 'NONE', ( #1559, #1523, #1530, #200 ) ) ;
#584 = DIRECTION ( 'NONE',  ( 0.000000000000000000, 0.000000000000000000, -1.000000000000000000 ) ) ;
#585 =( NAMED_UNIT ( * ) PLANE_ANGLE_UNIT ( ) SI_UNIT ( $, .RADIAN. ) );
#586 = VECTOR ( 'NONE', #1166, 39.37007874015748143 ) ;
#587 = DIRECTION ( 'NONE',  ( -0.000000000000000000, -1.000000000000000000, -0.000000000000000000 ) ) ;
#588 = DIRECTION ( 'NONE',  ( 1.000000000000000000, 0.000000000000000000, 0.000000000000000000 ) ) ;
#589 = ORIENTED_EDGE ( 'NONE', *, *, #1475, .T. ) ;
#590 = CARTESIAN_POINT ( 'NONE',  ( -14.40500000000001890, -0.9700000000000005285, -0.05999999999999978961 ) ) ;
#591 = EDGE_CURVE ( 'NONE', #174, #137, #1013, .T. ) ;
#592 = VERTEX_POINT ( 'NONE', #1644 ) ;
#593 = CARTESIAN_POINT ( 'NONE',  ( 14.28199999999998049, 1.099999999999999423, -0.1200000000000001760 ) ) ;
#594 = FACE_OUTER_BOUND ( 'NONE', #684, .T. ) ;
#595 = DIRECTION ( 'NONE',  ( 0.000000000000000000, 1.000000000000000000, 0.000000000000000000 ) ) ;
#596 = CARTESIAN_POINT ( 'NONE',  ( -7.000814771608454833E-17, 1.219999999999998863, 4.556690470248496913E-15 ) ) ;
#597 = DIRECTION ( 'NONE',  ( -1.456985596620959442E-13, 0.000000000000000000, 1.000000000000000000 ) ) ;
#598 = ORIENTED_EDGE ( 'NONE', *, *, #1649, .T. ) ;
#599 = ADVANCED_FACE ( 'NONE', ( #1651 ), #517, .T. ) ;
#600 = CARTESIAN_POINT ( 'NONE',  ( -14.06500000000001904, 0.000000000000000000, -0.7500000000000003331 ) ) ;
#601 = CARTESIAN_POINT ( 'NONE',  ( 14.27899999999998215, -0.9759999999999970921, -0.05999999999999901246 ) ) ;
#602 = EDGE_CURVE ( 'NONE', #1111, #712, #378, .T. ) ;
#603 = LINE ( 'NONE', #98, #1594 ) ;
#604 = DIRECTION ( 'NONE',  ( -3.167359992654217435E-15, -0.000000000000000000, 1.000000000000000000 ) ) ;
#605 = FACE_OUTER_BOUND ( 'NONE', #1613, .T. ) ;
#606 = ORIENTED_EDGE ( 'NONE', *, *, #581, .T. ) ;
#607 = CARTESIAN_POINT ( 'NONE',  ( 14.27899999999998215, 0.9759999999999945386, -0.05999999999999901246 ) ) ;
#608 = ADVANCED_FACE ( 'NONE', ( #1507 ), #357, .F. ) ;
#609 = PLANE ( 'NONE',  #1211 ) ;
#610 = DIRECTION ( 'NONE',  ( -1.000000000000000000, -2.665217554794384661E-14, -0.000000000000000000 ) ) ;
#611 = ORIENTED_EDGE ( 'NONE', *, *, #1071, .T. ) ;
#612 = CARTESIAN_POINT ( 'NONE',  ( 13.90899999999998471, 1.910449006669883413E-17, -0.06000000000000004635 ) ) ;
#613 = VECTOR ( 'NONE', #516, 39.37007874015748143 ) ;
#614 = VECTOR ( 'NONE', #286, 39.37007874015748143 ) ;
#615 = VERTEX_POINT ( 'NONE', #1130 ) ;
#616 = VECTOR ( 'NONE', #302, 39.37007874015748143 ) ;
#617 = CARTESIAN_POINT ( 'NONE',  ( 14.28199999999998226, 0.9759999999999945386, -0.05999999999999901246 ) ) ;
#618 = PRODUCT_DEFINITION_FORMATION_WITH_SPECIFIED_SOURCE ( 'ANY', '', #1635, .NOT_KNOWN. ) ;
#619 = DIRECTION ( 'NONE',  ( -1.000000000000000000, 1.084066664152469232E-15, 0.000000000000000000 ) ) ;
#620 = DIRECTION ( 'NONE',  ( -8.087894779579178162E-30, 0.000000000000000000, 1.000000000000000000 ) ) ;
#621 = EDGE_CURVE ( 'NONE', #1420, #83, #1261, .T. ) ;
#622 = DIRECTION ( 'NONE',  ( 0.000000000000000000, 1.000000000000000000, 0.000000000000000000 ) ) ;
#623 = VERTEX_POINT ( 'NONE', #390 ) ;
#624 = PLANE ( 'NONE',  #311 ) ;
#625 = ORIENTED_EDGE ( 'NONE', *, *, #1048, .F. ) ;
#626 = DIRECTION ( 'NONE',  ( 0.000000000000000000, 3.563279991735993925E-15, 1.000000000000000000 ) ) ;
#627 = CARTESIAN_POINT ( 'NONE',  ( 14.28199999999998049, 1.099999999999999423, -0.1200000000000001760 ) ) ;
#628 = DIRECTION ( 'NONE',  ( 1.000000000000000000, -1.084066664152469232E-15, 0.000000000000000000 ) ) ;
#629 = ORIENTED_EDGE ( 'NONE', *, *, #217, .T. ) ;
#630 = DIRECTION ( 'NONE',  ( -1.243314098782923538E-16, 1.000000000000000000, 0.000000000000000000 ) ) ;
#631 = EDGE_CURVE ( 'NONE', #1264, #23, #780, .T. ) ;
#632 = EDGE_LOOP ( 'NONE', ( #729, #783, #171, #36 ) ) ;
#633 = CARTESIAN_POINT ( 'NONE',  ( 14.28199999999998049, 1.099999999999999423, -9.561467977824920278E-16 ) ) ;
#634 = DIRECTION ( 'NONE',  ( 0.000000000000000000, 0.000000000000000000, -1.000000000000000000 ) ) ;
#635 = CARTESIAN_POINT ( 'NONE',  ( -14.27900000000001590, 0.9699999999999948663, -0.05999999999999999778 ) ) ;
#636 = DIRECTION ( 'NONE',  ( 1.000000000000000000, 0.000000000000000000, 0.000000000000000000 ) ) ;
#637 = ORIENTED_EDGE ( 'NONE', *, *, #1531, .F. ) ;
#638 = AXIS2_PLACEMENT_3D ( 'NONE', #1050, #678, #670 ) ;
#639 = PRODUCT_RELATED_PRODUCT_CATEGORY ( 'part', '', ( #1635 ) ) ;
#640 = AXIS2_PLACEMENT_3D ( 'NONE', #1021, #1280, #653 ) ;
#641 = ORIENTED_EDGE ( 'NONE', *, *, #838, .T. ) ;
#642 = AXIS2_PLACEMENT_3D ( 'NONE', #1244, #82, #1489 ) ;
#643 = CARTESIAN_POINT ( 'NONE',  ( -14.28500000000001613, -0.9700000000000000844, -0.05999999999999901246 ) ) ;
#644 = EDGE_CURVE ( 'NONE', #314, #648, #878, .T. ) ;
#645 = ORIENTED_EDGE ( 'NONE', *, *, #651, .T. ) ;
#646 = PLANE ( 'NONE',  #824 ) ;
#647 = FACE_BOUND ( 'NONE', #4, .T. ) ;
#648 = VERTEX_POINT ( 'NONE', #509 ) ;
#649 = ORIENTED_EDGE ( 'NONE', *, *, #262, .T. ) ;
#650 = DIRECTION ( 'NONE',  ( -0.000000000000000000, 0.000000000000000000, -1.000000000000000000 ) ) ;
#651 = EDGE_CURVE ( 'NONE', #930, #403, #1623, .T. ) ;
#652 = CYLINDRICAL_SURFACE ( 'NONE', #151, 0.06000000000000099698 ) ;
#653 = DIRECTION ( 'NONE',  ( 0.000000000000000000, 1.000000000000000000, 3.557093741750364512E-15 ) ) ;
#654 = CARTESIAN_POINT ( 'NONE',  ( -14.28200000000001779, -1.220000000000004192, 0.000000000000000000 ) ) ;
#655 = EDGE_LOOP ( 'NONE', ( #1421, #606, #789, #1187 ) ) ;
#656 = ORIENTED_EDGE ( 'NONE', *, *, #651, .F. ) ;
#657 = LINE ( 'NONE', #1151, #198 ) ;
#658 = CARTESIAN_POINT ( 'NONE',  ( 14.34499999999998465, -0.9699999999999969758, -0.7500000000000003331 ) ) ;
#659 = DIRECTION ( 'NONE',  ( -1.000000000000000000, -5.738372763613492398E-17, -2.044742885370673842E-31 ) ) ;
#660 = CARTESIAN_POINT ( 'NONE',  ( 14.34499999999998288, 0.9699999999999945333, -0.1199999999999998151 ) ) ;
#661 = VERTEX_POINT ( 'NONE', #487 ) ;
#662 = VECTOR ( 'NONE', #1612, 39.37007874015748143 ) ;
#663 = EDGE_LOOP ( 'NONE', ( #731, #1430, #1364, #420 ) ) ;
#664 = AXIS2_PLACEMENT_3D ( 'NONE', #936, #402, #418 ) ;
#665 = PLANE ( 'NONE',  #1192 ) ;
#666 = VECTOR ( 'NONE', #508, 39.37007874015748143 ) ;
#667 = LINE ( 'NONE', #786, #775 ) ;
#668 = CARTESIAN_POINT ( 'NONE',  ( -14.28200000000001779, 1.160000000000000808, -0.7500000000000003331 ) ) ;
#669 = EDGE_CURVE ( 'NONE', #1502, #314, #1628, .T. ) ;
#670 = DIRECTION ( 'NONE',  ( 1.000000000000000000, 0.000000000000000000, 0.000000000000000000 ) ) ;
#671 = CARTESIAN_POINT ( 'NONE',  ( 1.516843200515168994E-16, -1.220000000000002194, 4.556690470248507957E-15 ) ) ;
#672 = ORIENTED_EDGE ( 'NONE', *, *, #1106, .F. ) ;
#673 = ADVANCED_FACE ( 'NONE', ( #869 ), #249, .T. ) ;
#674 = ORIENTED_EDGE ( 'NONE', *, *, #442, .F. ) ;
#675 = DIRECTION ( 'NONE',  ( 0.000000000000000000, 0.000000000000000000, -1.000000000000000000 ) ) ;
#676 = DIRECTION ( 'NONE',  ( -0.000000000000000000, -1.000000000000000000, -0.000000000000000000 ) ) ;
#677 = ORIENTED_EDGE ( 'NONE', *, *, #1500, .T. ) ;
#678 = DIRECTION ( 'NONE',  ( 0.000000000000000000, 0.000000000000000000, 1.000000000000000000 ) ) ;
#679 = LINE ( 'NONE', #813, #69 ) ;
#680 = VERTEX_POINT ( 'NONE', #635 ) ;
#681 = EDGE_CURVE ( 'NONE', #1405, #615, #1031, .T. ) ;
#682 = EDGE_LOOP ( 'NONE', ( #77, #943, #1052, #1159 ) ) ;
#683 = FACE_OUTER_BOUND ( 'NONE', #928, .T. ) ;
#684 = EDGE_LOOP ( 'NONE', ( #1185, #496, #1518, #1448 ) ) ;
#685 = DIRECTION ( 'NONE',  ( -5.738372763613492398E-17, 1.000000000000000000, 3.563279991735993925E-15 ) ) ;
#686 = CARTESIAN_POINT ( 'NONE',  ( -14.28200000000001602, -1.160000000000000808, -0.1199999999999993294 ) ) ;
#687 = ORIENTED_EDGE ( 'NONE', *, *, #197, .T. ) ;
#688 = ORIENTED_EDGE ( 'NONE', *, *, #3, .F. ) ;
#689 = EDGE_CURVE ( 'NONE', #174, #436, #748, .T. ) ;
#690 = VECTOR ( 'NONE', #491, 39.37007874015748143 ) ;
#691 = DIRECTION ( 'NONE',  ( 5.738372763613492398E-17, -1.000000000000000000, -3.491481338843133750E-15 ) ) ;
#692 = AXIS2_PLACEMENT_3D ( 'NONE', #368, #95, #713 ) ;
#693 = ORIENTED_EDGE ( 'NONE', *, *, #980, .F. ) ;
#694 = CARTESIAN_POINT ( 'NONE',  ( 14.06499999999998529, 0.000000000000000000, -0.7500000000000003331 ) ) ;
#695 = VECTOR ( 'NONE', #490, 39.37007874015748143 ) ;
#696 = ORIENTED_EDGE ( 'NONE', *, *, #1649, .F. ) ;
#697 = ORIENTED_EDGE ( 'NONE', *, *, #805, .F. ) ;
#698 = DIRECTION ( 'NONE',  ( 0.000000000000000000, -0.000000000000000000, -1.000000000000000000 ) ) ;
#699 = SURFACE_STYLE_FILL_AREA ( #1213 ) ;
#700 = EDGE_CURVE ( 'NONE', #623, #394, #1247, .T. ) ;
#701 = ORIENTED_EDGE ( 'NONE', *, *, #359, .F. ) ;
#702 = DIRECTION ( 'NONE',  ( 0.000000000000000000, 1.000000000000000000, -0.000000000000000000 ) ) ;
#703 = EDGE_LOOP ( 'NONE', ( #1038, #515, #43, #1597 ) ) ;
#704 = CARTESIAN_POINT ( 'NONE',  ( 14.28199999999998226, 0.9759999999999945386, -0.05999999999999999778 ) ) ;
#705 = EDGE_LOOP ( 'NONE', ( #121, #739, #1381, #57 ) ) ;
#706 = CARTESIAN_POINT ( 'NONE',  ( 14.40499999999998515, -0.9699999999999969758, -0.7500000000000001110 ) ) ;
#707 = LINE ( 'NONE', #62, #1053 ) ;
#708 = ADVANCED_FACE ( 'NONE', ( #242 ), #624, .T. ) ;
#709 = LINE ( 'NONE', #337, #1432 ) ;
#710 = VERTEX_POINT ( 'NONE', #202 ) ;
#711 = DIRECTION ( 'NONE',  ( 1.000000000000000000, -1.084066664152469232E-15, 0.000000000000000000 ) ) ;
#712 = VERTEX_POINT ( 'NONE', #725 ) ;
#713 = DIRECTION ( 'NONE',  ( 0.000000000000000000, 0.000000000000000000, -1.000000000000000000 ) ) ;
#714 = FILL_AREA_STYLE_COLOUR ( '', #1593 ) ;
#715 = VECTOR ( 'NONE', #1092, 39.37007874015748143 ) ;
#716 = PLANE ( 'NONE',  #743 ) ;
#717 = DIRECTION ( 'NONE',  ( -0.000000000000000000, -0.000000000000000000, 1.000000000000000000 ) ) ;
#718 = ADVANCED_FACE ( 'NONE', ( #497 ), #1366, .T. ) ;
#719 = EDGE_LOOP ( 'NONE', ( #1611, #1282, #303, #331 ) ) ;
#720 = CIRCLE ( 'NONE', #126, 0.1559999999999991116 ) ;
#721 = DIRECTION ( 'NONE',  ( 1.000000000000000000, 5.738372763613492398E-17, 2.044742885370673842E-31 ) ) ;
#722 = EDGE_CURVE ( 'NONE', #1314, #1162, #871, .T. ) ;
#723 = ORIENTED_EDGE ( 'NONE', *, *, #961, .F. ) ;
#724 = LINE ( 'NONE', #1450, #1103 ) ;
#725 = CARTESIAN_POINT ( 'NONE',  ( 14.28199999999998226, -1.100000000000002531, 0.000000000000000000 ) ) ;
#726 = DIRECTION ( 'NONE',  ( 1.000000000000000000, -0.000000000000000000, -0.000000000000000000 ) ) ;
#727 = CARTESIAN_POINT ( 'NONE',  ( -14.27900000000001590, -0.9760000000000000897, 0.000000000000000000 ) ) ;
#728 = CARTESIAN_POINT ( 'NONE',  ( 14.28199999999998049, 1.159999999999998588, -0.1199999999999999539 ) ) ;
#729 = ORIENTED_EDGE ( 'NONE', *, *, #1501, .T. ) ;
#730 = DIRECTION ( 'NONE',  ( 0.000000000000000000, 1.000000000000000000, 0.000000000000000000 ) ) ;
#731 = ORIENTED_EDGE ( 'NONE', *, *, #1198, .F. ) ;
#732 = EDGE_CURVE ( 'NONE', #887, #623, #227, .T. ) ;
#733 = CARTESIAN_POINT ( 'NONE',  ( 14.40499999999998515, 0.9699999999999948663, -0.7499999999999998890 ) ) ;
#734 = CARTESIAN_POINT ( 'NONE',  ( 14.28199999999998226, 1.220000000000000195, -0.05999999999999999778 ) ) ;
#735 = CARTESIAN_POINT ( 'NONE',  ( 14.28199999999998226, -1.160000000000000808, -0.1199999999999998151 ) ) ;
#736 = CARTESIAN_POINT ( 'NONE',  ( 14.22099999999998410, 0.000000000000000000, -0.7500000000000003331 ) ) ;
#737 = ORIENTED_EDGE ( 'NONE', *, *, #784, .F. ) ;
#738 = DIRECTION ( 'NONE',  ( -1.000000000000000000, 0.000000000000000000, -3.491481338843134539E-15 ) ) ;
#739 = ORIENTED_EDGE ( 'NONE', *, *, #1475, .F. ) ;
#740 = ADVANCED_FACE ( 'NONE', ( #1339 ), #211, .F. ) ;
#741 = CARTESIAN_POINT ( 'NONE',  ( -14.40500000000002068, 0.9699999999999948663, -0.7500000000000001110 ) ) ;
#742 = CARTESIAN_POINT ( 'NONE',  ( 14.28499999999998238, -0.9699999999999969758, -0.1199999999999999956 ) ) ;
#743 = AXIS2_PLACEMENT_3D ( 'NONE', #1204, #1096, #1476 ) ;
#744 = CARTESIAN_POINT ( 'NONE',  ( -14.28500000000001613, -0.9700000000000000844, -0.05999999999999901246 ) ) ;
#745 = VECTOR ( 'NONE', #1171, 39.37007874015748143 ) ;
#746 = VERTEX_POINT ( 'NONE', #617 ) ;
#747 = DIRECTION ( 'NONE',  ( 0.000000000000000000, 0.000000000000000000, 1.000000000000000000 ) ) ;
#748 = CIRCLE ( 'NONE', #1431, 0.1199999999999982747 ) ;
#749 = AXIS2_PLACEMENT_3D ( 'NONE', #2, #522, #1018 ) ;
#750 = ORIENTED_EDGE ( 'NONE', *, *, #217, .F. ) ;
#751 = VECTOR ( 'NONE', #755, 39.37007874015748143 ) ;
#752 = CARTESIAN_POINT ( 'NONE',  ( 14.27899999999998215, 0.000000000000000000, 0.000000000000000000 ) ) ;
#753 = AXIS2_PLACEMENT_3D ( 'NONE', #372, #881, #470 ) ;
#754 = CARTESIAN_POINT ( 'NONE',  ( -14.28200000000001779, 1.220000000000000862, -0.7500000000000001110 ) ) ;
#755 = DIRECTION ( 'NONE',  ( 0.000000000000000000, 1.010986847447351203E-30, 1.000000000000000000 ) ) ;
#756 = ADVANCED_FACE ( 'NONE', ( #976 ), #1238, .F. ) ;
#757 = VERTEX_POINT ( 'NONE', #360 ) ;
#758 = CARTESIAN_POINT ( 'NONE',  ( 14.28199999999996983, -1.100000000000002531, -0.06000000000000129535 ) ) ;
#759 = ORIENTED_EDGE ( 'NONE', *, *, #150, .T. ) ;
#760 = LINE ( 'NONE', #1257, #984 ) ;
#761 = FACE_OUTER_BOUND ( 'NONE', #719, .T. ) ;
#762 = ADVANCED_FACE ( 'NONE', ( #1494 ), #1094, .T. ) ;
#763 = ADVANCED_FACE ( 'NONE', ( #594 ), #1373, .F. ) ;
#764 = DIRECTION ( 'NONE',  ( 1.000000000000000000, 0.000000000000000000, -3.491481338843133750E-15 ) ) ;
#765 = FACE_OUTER_BOUND ( 'NONE', #892, .T. ) ;
#766 = ORIENTED_EDGE ( 'NONE', *, *, #317, .T. ) ;
#767 = CARTESIAN_POINT ( 'NONE',  ( -1.058049064212790058E-15, -0.9759999999999816600, 0.000000000000000000 ) ) ;
#768 = ORIENTED_EDGE ( 'NONE', *, *, #1467, .T. ) ;
#769 = CARTESIAN_POINT ( 'NONE',  ( 14.34499999999998288, 0.000000000000000000, 4.562582069418394489E-14 ) ) ;
#770 = ORIENTED_EDGE ( 'NONE', *, *, #644, .T. ) ;
#771 = AXIS2_PLACEMENT_3D ( 'NONE', #339, #721, #582 ) ;
#772 = EDGE_CURVE ( 'NONE', #23, #860, #1088, .T. ) ;
#773 = AXIS2_PLACEMENT_3D ( 'NONE', #1371, #1388, #223 ) ;
#774 = ORIENTED_EDGE ( 'NONE', *, *, #423, .F. ) ;
#775 = VECTOR ( 'NONE', #1165, 39.37007874015748143 ) ;
#776 = DIRECTION ( 'NONE',  ( -5.738372763613492398E-17, 1.000000000000000000, 3.613946018757868503E-15 ) ) ;
#777 = VECTOR ( 'NONE', #1495, 39.37007874015748143 ) ;
#778 = DIRECTION ( 'NONE',  ( -1.000000000000000000, 1.332608777397192331E-14, 0.000000000000000000 ) ) ;
#779 = VERTEX_POINT ( 'NONE', #856 ) ;
#780 = LINE ( 'NONE', #1122, #504 ) ;
#781 = CARTESIAN_POINT ( 'NONE',  ( 14.40499999999998515, -0.9699999999999969758, -0.7500000000000001110 ) ) ;
#782 = VERTEX_POINT ( 'NONE', #733 ) ;
#783 = ORIENTED_EDGE ( 'NONE', *, *, #131, .F. ) ;
#784 = EDGE_CURVE ( 'NONE', #355, #1653, #87, .T. ) ;
#785 = LINE ( 'NONE', #916, #175 ) ;
#786 = CARTESIAN_POINT ( 'NONE',  ( -14.28200000000001424, -1.160000000000004361, -0.1199999999999988576 ) ) ;
#787 = DIRECTION ( 'NONE',  ( 1.000000000000000000, 0.000000000000000000, 0.000000000000000000 ) ) ;
#788 = CARTESIAN_POINT ( 'NONE',  ( 14.27899999999998215, -0.9759999999999970921, -0.05999999999999999778 ) ) ;
#789 = ORIENTED_EDGE ( 'NONE', *, *, #552, .T. ) ;
#790 = ORIENTED_EDGE ( 'NONE', *, *, #176, .F. ) ;
#791 = CARTESIAN_POINT ( 'NONE',  ( 14.06499999999998529, 0.000000000000000000, -0.06000000000000004635 ) ) ;
#792 = LINE ( 'NONE', #396, #957 ) ;
#793 = EDGE_CURVE ( 'NONE', #782, #270, #1272, .T. ) ;
#794 = DIRECTION ( 'NONE',  ( 0.000000000000000000, 0.000000000000000000, 1.000000000000000000 ) ) ;
#795 = EDGE_CURVE ( 'NONE', #1598, #1046, #1566, .T. ) ;
#796 = PLANE ( 'NONE',  #1107 ) ;
#797 = ORIENTED_EDGE ( 'NONE', *, *, #1467, .F. ) ;
#798 = AXIS2_PLACEMENT_3D ( 'NONE', #909, #940, #169 ) ;
#799 = EDGE_LOOP ( 'NONE', ( #519, #1464, #1556, #1442 ) ) ;
#800 = VECTOR ( 'NONE', #456, 39.37007874015748143 ) ;
#801 = CARTESIAN_POINT ( 'NONE',  ( 14.28199999999998226, 1.220000000000002416, -0.7500000000000001110 ) ) ;
#802 = VECTOR ( 'NONE', #981, 39.37007874015748143 ) ;
#803 = VECTOR ( 'NONE', #107, 39.37007874015748143 ) ;
#804 = PLANE ( 'NONE',  #224 ) ;
#805 = EDGE_CURVE ( 'NONE', #757, #1622, #1004, .T. ) ;
#806 = DIRECTION ( 'NONE',  ( 1.000000000000000000, 0.000000000000000000, 0.000000000000000000 ) ) ;
#807 = CARTESIAN_POINT ( 'NONE',  ( -14.22100000000001785, 1.910449006669871703E-17, -0.7500000000000003331 ) ) ;
#808 = VERTEX_POINT ( 'NONE', #1222 ) ;
#809 = ORIENTED_EDGE ( 'NONE', *, *, #1425, .F. ) ;
#810 = CARTESIAN_POINT ( 'NONE',  ( -14.27900000000001590, 0.9759999999999948717, -0.05999999999999999778 ) ) ;
#811 = CARTESIAN_POINT ( 'NONE',  ( 14.28199999999998226, -0.9759999999999970921, -0.05999999999999999778 ) ) ;
#812 = FACE_OUTER_BOUND ( 'NONE', #59, .T. ) ;
#813 = CARTESIAN_POINT ( 'NONE',  ( 14.28199999999998226, 1.159999999999999698, 4.347201589917911752E-15 ) ) ;
#814 = ORIENTED_EDGE ( 'NONE', *, *, #498, .F. ) ;
#815 = ORIENTED_EDGE ( 'NONE', *, *, #795, .F. ) ;
#816 = FACE_OUTER_BOUND ( 'NONE', #348, .T. ) ;
#817 = CARTESIAN_POINT ( 'NONE',  ( -14.28500000000001613, -0.9699999999999995293, -0.1199999999999999956 ) ) ;
#818 = ORIENTED_EDGE ( 'NONE', *, *, #1144, .F. ) ;
#819 = ORIENTED_EDGE ( 'NONE', *, *, #1629, .F. ) ;
#820 = ADVANCED_FACE ( 'NONE', ( #765 ), #1077, .F. ) ;
#821 = DIRECTION ( 'NONE',  ( 1.000000000000000000, 0.000000000000000000, 0.000000000000000000 ) ) ;
#822 = AXIS2_PLACEMENT_3D ( 'NONE', #979, #346, #114 ) ;
#823 = CARTESIAN_POINT ( 'NONE',  ( -14.34500000000002018, 0.000000000000000000, -0.7500000000000003331 ) ) ;
#824 = AXIS2_PLACEMENT_3D ( 'NONE', #1636, #364, #630 ) ;
#825 = ORIENTED_EDGE ( 'NONE', *, *, #1601, .F. ) ;
#826 = VECTOR ( 'NONE', #895, 39.37007874015748143 ) ;
#827 = DIRECTION ( 'NONE',  ( -0.000000000000000000, 0.000000000000000000, 1.000000000000000000 ) ) ;
#828 = CIRCLE ( 'NONE', #753, 0.05999999999999826999 ) ;
#829 = ORIENTED_EDGE ( 'NONE', *, *, #1342, .T. ) ;
#830 = VERTEX_POINT ( 'NONE', #607 ) ;
#831 =( LENGTH_UNIT ( ) NAMED_UNIT ( * ) SI_UNIT ( $, .METRE. ) );
#832 = PLANE ( 'NONE',  #366 ) ;
#833 = ORIENTED_EDGE ( 'NONE', *, *, #188, .T. ) ;
#834 = LINE ( 'NONE', #1228, #1400 ) ;
#835 = ORIENTED_EDGE ( 'NONE', *, *, #1437, .F. ) ;
#836 = DIRECTION ( 'NONE',  ( -0.000000000000000000, -0.000000000000000000, 1.000000000000000000 ) ) ;
#837 = LINE ( 'NONE', #1340, #229 ) ;
#838 = EDGE_CURVE ( 'NONE', #261, #1417, #13, .T. ) ;
#839 = CARTESIAN_POINT ( 'NONE',  ( 14.28199999999996095, -1.220000000000000862, -0.1199999999999991074 ) ) ;
#840 = CARTESIAN_POINT ( 'NONE',  ( 1.442244354588196905E-16, -1.160000000000004805, -0.7500000000000003331 ) ) ;
#841 = EDGE_CURVE ( 'NONE', #1007, #403, #1389, .T. ) ;
#842 = EDGE_LOOP ( 'NONE', ( #1245, #1141, #1070, #162 ) ) ;
#843 = FACE_OUTER_BOUND ( 'NONE', #143, .T. ) ;
#844 = ORIENTED_EDGE ( 'NONE', *, *, #359, .T. ) ;
#845 = CARTESIAN_POINT ( 'NONE',  ( -14.34500000000001840, -0.9700000000000005285, 4.562582069418405218E-14 ) ) ;
#846 = LINE ( 'NONE', #857, #1133 ) ;
#847 = VECTOR ( 'NONE', #222, 39.37007874015748143 ) ;
#848 = CARTESIAN_POINT ( 'NONE',  ( -14.34500000000001840, -0.9700000000000005285, -0.1199999999999998151 ) ) ;
#849 = DIRECTION ( 'NONE',  ( 0.000000000000000000, -1.000000000000000000, 3.699377491420463406E-15 ) ) ;
#850 = VECTOR ( 'NONE', #539, 39.37007874015748143 ) ;
#851 = EDGE_LOOP ( 'NONE', ( #649, #112 ) ) ;
#852 = ADVANCED_FACE ( 'NONE', ( #343 ), #1014, .F. ) ;
#853 = AXIS2_PLACEMENT_3D ( 'NONE', #1268, #125, #1137 ) ;
#854 = CARTESIAN_POINT ( 'NONE',  ( -14.28200000000000536, 1.099999999999999423, -0.06000000000000095535 ) ) ;
#855 = ORIENTED_EDGE ( 'NONE', *, *, #15, .F. ) ;
#856 = CARTESIAN_POINT ( 'NONE',  ( -14.28200000000001779, 0.9759999999999948717, 0.000000000000000000 ) ) ;
#857 = CARTESIAN_POINT ( 'NONE',  ( 14.28499999999998238, -0.9699999999999967537, 9.902948977032954413E-16 ) ) ;
#858 = CARTESIAN_POINT ( 'NONE',  ( -6.656512405791660007E-17, 1.160000000000001696, -0.7500000000000003331 ) ) ;
#859 = CARTESIAN_POINT ( 'NONE',  ( 14.22099999999998410, 0.000000000000000000, -0.06000000000000004635 ) ) ;
#860 = VERTEX_POINT ( 'NONE', #243 ) ;
#861 = DIRECTION ( 'NONE',  ( -3.167359992654217435E-15, -0.000000000000000000, -1.000000000000000000 ) ) ;
#862 = PRODUCT_DEFINITION ( 'UNKNOWN', '', #618, #367 ) ;
#863 = ORIENTED_EDGE ( 'NONE', *, *, #971, .F. ) ;
#864 = CARTESIAN_POINT ( 'NONE',  ( 14.28199999999998226, 1.220000000000002416, -0.7500000000000001110 ) ) ;
#865 = DIRECTION ( 'NONE',  ( 3.167359992654217435E-15, -0.000000000000000000, 1.000000000000000000 ) ) ;
#866 = DIRECTION ( 'NONE',  ( 0.000000000000000000, -0.000000000000000000, -1.000000000000000000 ) ) ;
#867 = DIRECTION ( 'NONE',  ( -1.000000000000000000, 0.000000000000000000, 0.000000000000000000 ) ) ;
#868 = ORIENTED_EDGE ( 'NONE', *, *, #382, .F. ) ;
#869 = FACE_OUTER_BOUND ( 'NONE', #555, .T. ) ;
#870 = ORIENTED_EDGE ( 'NONE', *, *, #689, .F. ) ;
#871 = LINE ( 'NONE', #752, #1271 ) ;
#872 = EDGE_CURVE ( 'NONE', #592, #1111, #1230, .T. ) ;
#873 = DIRECTION ( 'NONE',  ( 0.000000000000000000, -0.000000000000000000, 1.000000000000000000 ) ) ;
#874 = DIRECTION ( 'NONE',  ( 1.000000000000000000, 0.000000000000000000, 0.000000000000000000 ) ) ;
#875 = VECTOR ( 'NONE', #194, 39.37007874015748143 ) ;
#876 = ORIENTED_EDGE ( 'NONE', *, *, #1332, .F. ) ;
#877 = DIRECTION ( 'NONE',  ( 3.167359992654217435E-15, 0.000000000000000000, 1.000000000000000000 ) ) ;
#878 = CIRCLE ( 'NONE', #562, 0.06000000000000099698 ) ;
#879 = AXIS2_PLACEMENT_3D ( 'NONE', #347, #1234, #91 ) ;
#880 = ORIENTED_EDGE ( 'NONE', *, *, #1241, .T. ) ;
#881 = DIRECTION ( 'NONE',  ( -1.000000000000000000, 0.000000000000000000, 0.000000000000000000 ) ) ;
#882 = EDGE_CURVE ( 'NONE', #493, #1598, #1439, .T. ) ;
#883 = FACE_OUTER_BOUND ( 'NONE', #703, .T. ) ;
#884 = LINE ( 'NONE', #744, #1404 ) ;
#885 = CARTESIAN_POINT ( 'NONE',  ( -14.28200000000001602, -1.100000000000002531, -0.1199999999999995515 ) ) ;
#886 = DIRECTION ( 'NONE',  ( 1.000000000000000000, 0.000000000000000000, 0.000000000000000000 ) ) ;
#887 = VERTEX_POINT ( 'NONE', #788 ) ;
#888 = EDGE_CURVE ( 'NONE', #779, #1405, #1288, .T. ) ;
#889 = FACE_OUTER_BOUND ( 'NONE', #1098, .T. ) ;
#890 = EDGE_CURVE ( 'NONE', #261, #1290, #1428, .T. ) ;
#891 = DIRECTION ( 'NONE',  ( 1.456985596620982666E-13, 0.000000000000000000, 1.000000000000000000 ) ) ;
#892 = EDGE_LOOP ( 'NONE', ( #430, #380, #844, #876 ) ) ;
#893 = ORIENTED_EDGE ( 'NONE', *, *, #442, .T. ) ;
#894 = LINE ( 'NONE', #381, #1462 ) ;
#895 = DIRECTION ( 'NONE',  ( -0.000000000000000000, -1.000000000000000000, -0.000000000000000000 ) ) ;
#896 = VERTEX_POINT ( 'NONE', #411 ) ;
#897 = DIRECTION ( 'NONE',  ( 1.000000000000000000, -0.000000000000000000, 3.169856808907805887E-15 ) ) ;
#898 = FACE_BOUND ( 'NONE', #1093, .T. ) ;
#899 = EDGE_CURVE ( 'NONE', #830, #1162, #1148, .T. ) ;
#900 = APPLICATION_CONTEXT ( 'automotive_design' ) ;
#901 = ORIENTED_EDGE ( 'NONE', *, *, #950, .F. ) ;
#902 = AXIS2_PLACEMENT_3D ( 'NONE', #438, #315, #698 ) ;
#903 = CIRCLE ( 'NONE', #1055, 0.1200000000000010086 ) ;
#904 = VECTOR ( 'NONE', #917, 39.37007874015748143 ) ;
#905 = FACE_OUTER_BOUND ( 'NONE', #342, .T. ) ;
#906 = VECTOR ( 'NONE', #138, 39.37007874015748143 ) ;
#907 = ORIENTED_EDGE ( 'NONE', *, *, #681, .F. ) ;
#908 = PLANE ( 'NONE',  #978 ) ;
#909 = CARTESIAN_POINT ( 'NONE',  ( -14.28500000000001613, -0.9700000000000000844, -0.1199999999999999956 ) ) ;
#910 = DIRECTION ( 'NONE',  ( 0.000000000000000000, 0.000000000000000000, 1.000000000000000000 ) ) ;
#911 = VERTEX_POINT ( 'NONE', #919 ) ;
#912 = EDGE_CURVE ( 'NONE', #1046, #1598, #1402, .T. ) ;
#913 = ADVANCED_FACE ( 'NONE', ( #647, #898, #1027 ), #518, .T. ) ;
#914 = ORIENTED_EDGE ( 'NONE', *, *, #1123, .T. ) ;
#915 = CARTESIAN_POINT ( 'NONE',  ( 14.28499999999998238, -0.9699999999999969758, -0.1199999999999999956 ) ) ;
#916 = CARTESIAN_POINT ( 'NONE',  ( -14.28200000000001779, 0.9759999999999948717, -0.05999999999999999778 ) ) ;
#917 = DIRECTION ( 'NONE',  ( 1.000000000000000000, 0.000000000000000000, -3.491481338843133750E-15 ) ) ;
#918 = LINE ( 'NONE', #1418, #613 ) ;
#919 = CARTESIAN_POINT ( 'NONE',  ( 14.28199999999998049, 1.099999999999999423, -0.06000000000000095535 ) ) ;
#920 = ORIENTED_EDGE ( 'NONE', *, *, #1254, .T. ) ;
#921 = VERTEX_POINT ( 'NONE', #1307 ) ;
#922 = CARTESIAN_POINT ( 'NONE',  ( 14.28199999999998226, -1.220000000000003082, -0.7500000000000001110 ) ) ;
#923 = EDGE_CURVE ( 'NONE', #911, #1622, #1533, .T. ) ;
#924 = CARTESIAN_POINT ( 'NONE',  ( -14.27900000000001590, 0.9759999999999948717, -0.05999999999999901246 ) ) ;
#925 = DIRECTION ( 'NONE',  ( -1.000000000000000000, -0.000000000000000000, -0.000000000000000000 ) ) ;
#926 = LINE ( 'NONE', #284, #67 ) ;
#927 = DIRECTION ( 'NONE',  ( 0.000000000000000000, 0.000000000000000000, 1.000000000000000000 ) ) ;
#928 = EDGE_LOOP ( 'NONE', ( #985, #251, #598, #1440 ) ) ;
#929 = VECTOR ( 'NONE', #995, 39.37007874015748143 ) ;
#930 = VERTEX_POINT ( 'NONE', #135 ) ;
#931 = VECTOR ( 'NONE', #877, 39.37007874015748143 ) ;
#932 = AXIS2_PLACEMENT_3D ( 'NONE', #1226, #867, #849 ) ;
#933 = EDGE_CURVE ( 'NONE', #436, #168, #156, .T. ) ;
#934 = VERTEX_POINT ( 'NONE', #660 ) ;
#935 = DIRECTION ( 'NONE',  ( -0.000000000000000000, 0.000000000000000000, 1.000000000000000000 ) ) ;
#936 = CARTESIAN_POINT ( 'NONE',  ( 0.000000000000000000, 0.000000000000000000, 0.000000000000000000 ) ) ;
#937 = ORIENTED_EDGE ( 'NONE', *, *, #899, .F. ) ;
#938 = VERTEX_POINT ( 'NONE', #294 ) ;
#939 = ORIENTED_EDGE ( 'NONE', *, *, #1599, .F. ) ;
#940 = DIRECTION ( 'NONE',  ( 0.000000000000000000, -1.000000000000000000, 0.000000000000000000 ) ) ;
#941 = ORIENTED_EDGE ( 'NONE', *, *, #1377, .T. ) ;
#942 = EDGE_CURVE ( 'NONE', #1449, #1176, #679, .T. ) ;
#943 = ORIENTED_EDGE ( 'NONE', *, *, #1293, .T. ) ;
#944 =( NAMED_UNIT ( * ) SI_UNIT ( $, .STERADIAN. ) SOLID_ANGLE_UNIT ( ) );
#945 = DIRECTION ( 'NONE',  ( 0.000000000000000000, 0.000000000000000000, -1.000000000000000000 ) ) ;
#946 = ORIENTED_EDGE ( 'NONE', *, *, #1357, .T. ) ;
#947 = ORIENTED_EDGE ( 'NONE', *, *, #1415, .F. ) ;
#948 = CARTESIAN_POINT ( 'NONE',  ( -14.27900000000001590, -0.9760000000000000897, -0.05999999999999901246 ) ) ;
#949 = ADVANCED_FACE ( 'NONE', ( #1281 ), #1419, .F. ) ;
#950 = EDGE_CURVE ( 'NONE', #385, #934, #1300, .T. ) ;
#951 = ORIENTED_EDGE ( 'NONE', *, *, #1357, .F. ) ;
#952 = AXIS2_PLACEMENT_3D ( 'NONE', #332, #1262, #975 ) ;
#953 = LINE ( 'NONE', #1325, #1516 ) ;
#954 = VECTOR ( 'NONE', #1443, 39.37007874015748143 ) ;
#955 = VECTOR ( 'NONE', #543, 39.37007874015748143 ) ;
#956 = LINE ( 'NONE', #840, #982 ) ;
#957 = VECTOR ( 'NONE', #278, 39.37007874015748143 ) ;
#958 = ORIENTED_EDGE ( 'NONE', *, *, #1601, .T. ) ;
#959 = LINE ( 'NONE', #207, #1186 ) ;
#960 = ORIENTED_EDGE ( 'NONE', *, *, #1231, .T. ) ;
#961 = EDGE_CURVE ( 'NONE', #189, #712, #1403, .T. ) ;
#962 = ADVANCED_FACE ( 'NONE', ( #391 ), #260, .T. ) ;
#963 = CARTESIAN_POINT ( 'NONE',  ( 14.27899999999998215, 0.9699999999999945333, -0.05999999999999901246 ) ) ;
#964 = LINE ( 'NONE', #81, #1455 ) ;
#965 = FACE_OUTER_BOUND ( 'NONE', #196, .T. ) ;
#966 = EDGE_LOOP ( 'NONE', ( #502, #8, #1396, #1073 ) ) ;
#967 = CARTESIAN_POINT ( 'NONE',  ( 14.40499999999998515, 0.9699999999999948663, -0.7500000000000001110 ) ) ;
#968 = ORIENTED_EDGE ( 'NONE', *, *, #389, .T. ) ;
#969 = FACE_OUTER_BOUND ( 'NONE', #1329, .T. ) ;
#970 = CARTESIAN_POINT ( 'NONE',  ( -14.27900000000001590, 0.9699999999999948663, 0.000000000000000000 ) ) ;
#971 = EDGE_CURVE ( 'NONE', #615, #355, #6, .T. ) ;
#972 = CARTESIAN_POINT ( 'NONE',  ( -14.40500000000001890, 0.9699999999999948663, -0.1199999999999996486 ) ) ;
#973 = CARTESIAN_POINT ( 'NONE',  ( 14.34499999999998288, 0.9699999999999948663, -0.1199999999999998151 ) ) ;
#974 = CARTESIAN_POINT ( 'NONE',  ( 14.28499999999998238, -0.9699999999999967537, -0.05999999999999901246 ) ) ;
#975 = DIRECTION ( 'NONE',  ( 1.000000000000000000, 0.000000000000000000, 0.000000000000000000 ) ) ;
#976 = FACE_OUTER_BOUND ( 'NONE', #338, .T. ) ;
#977 = LINE ( 'NONE', #987, #232 ) ;
#978 = AXIS2_PLACEMENT_3D ( 'NONE', #1154, #1259, #16 ) ;
#979 = CARTESIAN_POINT ( 'NONE',  ( 14.27899999999998215, -0.9759999999999970921, -0.05999999999999901246 ) ) ;
#980 = EDGE_CURVE ( 'NONE', #191, #358, #903, .T. ) ;
#981 = DIRECTION ( 'NONE',  ( -0.000000000000000000, 1.000000000000000000, -0.000000000000000000 ) ) ;
#982 = VECTOR ( 'NONE', #1091, 39.37007874015748143 ) ;
#983 = LINE ( 'NONE', #1110, #340 ) ;
#984 = VECTOR ( 'NONE', #865, 39.37007874015748143 ) ;
#985 = ORIENTED_EDGE ( 'NONE', *, *, #722, .F. ) ;
#986 = DIRECTION ( 'NONE',  ( 0.000000000000000000, 1.000000000000000000, 0.000000000000000000 ) ) ;
#987 = CARTESIAN_POINT ( 'NONE',  ( -14.27900000000001590, 0.9759999999999948717, -0.05999999999999901246 ) ) ;
#988 = CARTESIAN_POINT ( 'NONE',  ( -14.28200000000001602, -1.100000000000002531, -0.06000000000000129535 ) ) ;
#989 = CARTESIAN_POINT ( 'NONE',  ( 14.40499999999998515, -0.9699999999999969758, -0.7500000000000001110 ) ) ;
#990 = ORIENTED_EDGE ( 'NONE', *, *, #1387, .T. ) ;
#991 = CARTESIAN_POINT ( 'NONE',  ( 14.40499999999998337, 0.9699999999999948663, -0.1199999999999996209 ) ) ;
#992 = ADVANCED_FACE ( 'NONE', ( #1549 ), #796, .T. ) ;
#993 = ORIENTED_EDGE ( 'NONE', *, *, #1117, .T. ) ;
#994 = DIRECTION ( 'NONE',  ( -0.000000000000000000, 1.000000000000000000, 0.000000000000000000 ) ) ;
#995 = DIRECTION ( 'NONE',  ( 1.000000000000000000, -0.000000000000000000, -0.000000000000000000 ) ) ;
#996 = CARTESIAN_POINT ( 'NONE',  ( 1.058049064212820824E-15, 0.9760000000000099707, 0.000000000000000000 ) ) ;
#997 = CARTESIAN_POINT ( 'NONE',  ( 14.28199999999998226, -1.220000000000000862, -0.1199999999999995931 ) ) ;
#998 = VERTEX_POINT ( 'NONE', #686 ) ;
#999 = ADVANCED_FACE ( 'NONE', ( #1470 ), #308, .F. ) ;
#1000 = LINE ( 'NONE', #1512, #777 ) ;
#1001 = CARTESIAN_POINT ( 'NONE',  ( 14.28199999999996983, -1.100000000000002531, -0.06000000000000129535 ) ) ;
#1002 = VECTOR ( 'NONE', #564, 39.37007874015748143 ) ;
#1003 = CARTESIAN_POINT ( 'NONE',  ( -14.28500000000001613, 0.9699999999999948663, -0.1199999999999999956 ) ) ;
#1004 = CIRCLE ( 'NONE', #449, 0.1199999999999992462 ) ;
#1005 = CARTESIAN_POINT ( 'NONE',  ( 14.28199999999997871, 1.099999999999999423, -0.1200000000000001760 ) ) ;
#1006 = VECTOR ( 'NONE', #184, 39.37007874015748143 ) ;
#1007 = VERTEX_POINT ( 'NONE', #187 ) ;
#1008 = EDGE_CURVE ( 'NONE', #83, #478, #956, .T. ) ;
#1009 = LENGTH_MEASURE_WITH_UNIT ( LENGTH_MEASURE( 0.02539999999999999897 ), #507 );
#1010 = ADVANCED_FACE ( 'NONE', ( #1083 ), #328, .T. ) ;
#1011 = LINE ( 'NONE', #1304, #1515 ) ;
#1012 = VERTEX_POINT ( 'NONE', #1065 ) ;
#1013 = LINE ( 'NONE', #997, #1540 ) ;
#1014 = CYLINDRICAL_SURFACE ( 'NONE', #1212, 0.05999999999999922062 ) ;
#1015 = EDGE_LOOP ( 'NONE', ( #392, #1311, #1054, #829 ) ) ;
#1016 = ORIENTED_EDGE ( 'NONE', *, *, #1275, .T. ) ;
#1017 = CARTESIAN_POINT ( 'NONE',  ( -14.34500000000001840, 0.000000000000000000, 4.562582069418405218E-14 ) ) ;
#1018 = DIRECTION ( 'NONE',  ( -1.000000000000000000, -2.665217554794385292E-14, 0.000000000000000000 ) ) ;
#1019 = EDGE_CURVE ( 'NONE', #270, #1264, #179, .T. ) ;
#1020 = LINE ( 'NONE', #356, #847 ) ;
#1021 = CARTESIAN_POINT ( 'NONE',  ( 14.28199999999997871, 1.099999999999999423, -0.1200000000000001760 ) ) ;
#1022 = DIRECTION ( 'NONE',  ( -0.000000000000000000, -1.000000000000000000, -0.000000000000000000 ) ) ;
#1023 = ORIENTED_EDGE ( 'NONE', *, *, #950, .T. ) ;
#1024 = ORIENTED_EDGE ( 'NONE', *, *, #389, .F. ) ;
#1025 = DIRECTION ( 'NONE',  ( -1.000000000000000000, 0.000000000000000000, 3.491481338843134539E-15 ) ) ;
#1026 = CARTESIAN_POINT ( 'NONE',  ( -14.28200000000001779, 1.159999999999998588, -0.1199999999999996764 ) ) ;
#1027 = FACE_OUTER_BOUND ( 'NONE', #1067, .T. ) ;
#1028 = EDGE_LOOP ( 'NONE', ( #868, #1138, #1583, #589 ) ) ;
#1029 = AXIS2_PLACEMENT_3D ( 'NONE', #915, #557, #675 ) ;
#1030 = UNCERTAINTY_MEASURE_WITH_UNIT (LENGTH_MEASURE( 1.000000000000000082E-05 ), #1519, 'distance_accuracy_value', 'NONE');
#1031 = CIRCLE ( 'NONE', #773, 0.1199999999999992462 ) ;
#1032 = ORIENTED_EDGE ( 'NONE', *, *, #888, .T. ) ;
#1033 = LINE ( 'NONE', #160, #745 ) ;
#1034 = AXIS2_PLACEMENT_3D ( 'NONE', #1328, #572, #827 ) ;
#1035 = CARTESIAN_POINT ( 'NONE',  ( 14.40499999999998337, 0.9699999999999948663, -0.05999999999999978961 ) ) ;
#1036 = CARTESIAN_POINT ( 'NONE',  ( -14.28500000000001613, 0.9699999999999948663, 9.902948977032954413E-16 ) ) ;
#1037 = DIRECTION ( 'NONE',  ( 0.000000000000000000, 1.000000000000000000, 0.000000000000000000 ) ) ;
#1038 = ORIENTED_EDGE ( 'NONE', *, *, #1123, .F. ) ;
#1039 = EDGE_CURVE ( 'NONE', #934, #23, #63, .T. ) ;
#1040 = ORIENTED_EDGE ( 'NONE', *, *, #48, .F. ) ;
#1041 = DIRECTION ( 'NONE',  ( 1.000000000000000000, 0.000000000000000000, -3.167359992654216647E-15 ) ) ;
#1042 = DIRECTION ( 'NONE',  ( 0.000000000000000000, -1.000000000000000000, 3.557093741750392911E-15 ) ) ;
#1043 = DIRECTION ( 'NONE',  ( 1.000000000000000000, 0.000000000000000000, 0.000000000000000000 ) ) ;
#1044 = DIRECTION ( 'NONE',  ( 0.000000000000000000, 0.000000000000000000, 1.000000000000000000 ) ) ;
#1045 = VERTEX_POINT ( 'NONE', #195 ) ;
#1046 = VERTEX_POINT ( 'NONE', #1313 ) ;
#1047 = LINE ( 'NONE', #406, #1298 ) ;
#1048 = EDGE_CURVE ( 'NONE', #911, #921, #1477, .T. ) ;
#1049 = FACE_OUTER_BOUND ( 'NONE', #144, .T. ) ;
#1050 = CARTESIAN_POINT ( 'NONE',  ( -14.06500000000001904, 0.000000000000000000, 0.000000000000000000 ) ) ;
#1051 = CARTESIAN_POINT ( 'NONE',  ( 14.28199999999998049, 1.099999999999999423, -0.06000000000000095535 ) ) ;
#1052 = ORIENTED_EDGE ( 'NONE', *, *, #689, .T. ) ;
#1053 = VECTOR ( 'NONE', #1082, 39.37007874015748143 ) ;
#1054 = ORIENTED_EDGE ( 'NONE', *, *, #292, .T. ) ;
#1055 = AXIS2_PLACEMENT_3D ( 'NONE', #1157, #275, #927 ) ;
#1056 = EDGE_CURVE ( 'NONE', #310, #394, #709, .T. ) ;
#1057 = CARTESIAN_POINT ( 'NONE',  ( 14.28199999999998226, -1.220000000000000639, -0.05999999999999978961 ) ) ;
#1058 = LINE ( 'NONE', #1026, #307 ) ;
#1059 = DIRECTION ( 'NONE',  ( 0.000000000000000000, 0.000000000000000000, 1.000000000000000000 ) ) ;
#1060 = ORIENTED_EDGE ( 'NONE', *, *, #1180, .T. ) ;
#1061 = VERTEX_POINT ( 'NONE', #1200 ) ;
#1062 = LINE ( 'NONE', #457, #954 ) ;
#1063 = VERTEX_POINT ( 'NONE', #76 ) ;
#1064 = EDGE_CURVE ( 'NONE', #592, #1308, #56, .T. ) ;
#1065 = CARTESIAN_POINT ( 'NONE',  ( 14.28499999999998238, -0.9699999999999969758, 9.902948977032954413E-16 ) ) ;
#1066 = ORIENTED_EDGE ( 'NONE', *, *, #166, .F. ) ;
#1067 = EDGE_LOOP ( 'NONE', ( #1248, #1586, #1479, #1408, #629, #674, #221, #109, #1345, #1277, #723, #880, #130, #1182, #1330, #1567, #1550, #1060, #461, #209 ) ) ;
#1068 = CARTESIAN_POINT ( 'NONE',  ( 14.27899999999998215, 0.9759999999999945386, -0.05999999999999901246 ) ) ;
#1069 = CARTESIAN_POINT ( 'NONE',  ( -13.90900000000002024, 0.000000000000000000, -0.06000000000000004635 ) ) ;
#1070 = ORIENTED_EDGE ( 'NONE', *, *, #185, .T. ) ;
#1071 = EDGE_CURVE ( 'NONE', #648, #680, #163, .T. ) ;
#1072 = ADVANCED_FACE ( 'NONE', ( #965 ), #579, .T. ) ;
#1073 = ORIENTED_EDGE ( 'NONE', *, *, #1071, .F. ) ;
#1074 = CARTESIAN_POINT ( 'NONE',  ( -0.000000000000000000, -0.9760000000000000897, 0.000000000000000000 ) ) ;
#1075 = EDGE_CURVE ( 'NONE', #1646, #1290, #720, .T. ) ;
#1076 = ORIENTED_EDGE ( 'NONE', *, *, #872, .F. ) ;
#1077 = CYLINDRICAL_SURFACE ( 'NONE', #477, 0.1559999999999991116 ) ;
#1078 = VECTOR ( 'NONE', #298, 39.37007874015748143 ) ;
#1079 = AXIS2_PLACEMENT_3D ( 'NONE', #781, #1412, #19 ) ;
#1080 = LINE ( 'NONE', #1468, #285 ) ;
#1081 = PRESENTATION_LAYER_ASSIGNMENT (  '', '', ( #1351 ) ) ;
#1082 = DIRECTION ( 'NONE',  ( -1.000000000000000000, 0.000000000000000000, 3.169856808907805887E-15 ) ) ;
#1083 = FACE_OUTER_BOUND ( 'NONE', #182, .T. ) ;
#1084 = ORIENTED_EDGE ( 'NONE', *, *, #784, .T. ) ;
#1085 = DIRECTION ( 'NONE',  ( -1.000000000000000000, 0.000000000000000000, 0.000000000000000000 ) ) ;
#1086 = ORIENTED_EDGE ( 'NONE', *, *, #423, .T. ) ;
#1087 = EDGE_CURVE ( 'NONE', #1323, #623, #1574, .T. ) ;
#1088 = LINE ( 'NONE', #1600, #1459 ) ;
#1089 = LINE ( 'NONE', #1602, #73 ) ;
#1090 = DIRECTION ( 'NONE',  ( -0.000000000000000000, 0.000000000000000000, 1.000000000000000000 ) ) ;
#1091 = DIRECTION ( 'NONE',  ( -1.000000000000000000, -1.243314098782923291E-16, 0.000000000000000000 ) ) ;
#1092 = DIRECTION ( 'NONE',  ( -1.000000000000000000, 0.000000000000000000, 0.000000000000000000 ) ) ;
#1093 = EDGE_LOOP ( 'NONE', ( #1575, #815 ) ) ;
#1094 = CYLINDRICAL_SURFACE ( 'NONE', #531, 0.1200000000000019940 ) ;
#1095 = CARTESIAN_POINT ( 'NONE',  ( 14.40499999999998337, -0.9759999999999972031, -0.05999999999999901246 ) ) ;
#1096 = DIRECTION ( 'NONE',  ( -1.000000000000000000, 0.000000000000000000, -0.000000000000000000 ) ) ;
#1097 = DIRECTION ( 'NONE',  ( 0.000000000000000000, -1.010986847447351203E-30, 1.000000000000000000 ) ) ;
#1098 = EDGE_LOOP ( 'NONE', ( #548, #672, #990, #893 ) ) ;
#1099 = CARTESIAN_POINT ( 'NONE',  ( -14.28200000000001602, -1.160000000000006581, -0.7500000000000003331 ) ) ;
#1100 = VERTEX_POINT ( 'NONE', #1610 ) ;
#1101 = AXIS2_PLACEMENT_3D ( 'NONE', #432, #1426, #1193 ) ;
#1102 = FACE_OUTER_BOUND ( 'NONE', #1217, .T. ) ;
#1103 = VECTOR ( 'NONE', #1577, 39.37007874015748143 ) ;
#1104 = DIRECTION ( 'NONE',  ( -1.000000000000000000, 0.000000000000000000, 3.169856808907805887E-15 ) ) ;
#1105 = DIRECTION ( 'NONE',  ( 0.000000000000000000, -1.000000000000000000, 0.000000000000000000 ) ) ;
#1106 = EDGE_CURVE ( 'NONE', #808, #1605, #354, .T. ) ;
#1107 = AXIS2_PLACEMENT_3D ( 'NONE', #152, #50, #1587 ) ;
#1108 = ORIENTED_EDGE ( 'NONE', *, *, #231, .T. ) ;
#1109 = AXIS2_PLACEMENT_3D ( 'NONE', #115, #214, #205 ) ;
#1110 = CARTESIAN_POINT ( 'NONE',  ( -14.27900000000001590, 0.000000000000000000, 0.000000000000000000 ) ) ;
#1111 = VERTEX_POINT ( 'NONE', #1001 ) ;
#1112 = DIRECTION ( 'NONE',  ( -0.000000000000000000, 1.000000000000000000, -0.000000000000000000 ) ) ;
#1113 = CARTESIAN_POINT ( 'NONE',  ( 14.27899999999998215, -0.9759999999999970921, -0.05999999999999901246 ) ) ;
#1114 = DIRECTION ( 'NONE',  ( 0.000000000000000000, 0.000000000000000000, -1.000000000000000000 ) ) ;
#1115 = LINE ( 'NONE', #996, #1301 ) ;
#1116 = EDGE_CURVE ( 'NONE', #921, #938, #257, .T. ) ;
#1117 = EDGE_CURVE ( 'NONE', #350, #1045, #1460, .T. ) ;
#1118 = FACE_OUTER_BOUND ( 'NONE', #520, .T. ) ;
#1119 = ORIENTED_EDGE ( 'NONE', *, *, #404, .T. ) ;
#1120 = LINE ( 'NONE', #1113, #695 ) ;
#1121 = DIRECTION ( 'NONE',  ( -1.000000000000000000, -0.000000000000000000, -0.000000000000000000 ) ) ;
#1122 = CARTESIAN_POINT ( 'NONE',  ( 14.34499999999998288, -0.9699999999999969758, 4.562582069418394489E-14 ) ) ;
#1123 = EDGE_CURVE ( 'NONE', #1176, #911, #1643, .T. ) ;
#1124 = EDGE_LOOP ( 'NONE', ( #155, #21, #1433, #568 ) ) ;
#1125 = ADVANCED_FACE ( 'NONE', ( #605 ), #1362, .T. ) ;
#1126 = CARTESIAN_POINT ( 'NONE',  ( 14.27899999999998215, 0.9759999999999945386, 0.000000000000000000 ) ) ;
#1127 = AXIS2_PLACEMENT_3D ( 'NONE', #417, #267, #787 ) ;
#1128 = FACE_BOUND ( 'NONE', #136, .T. ) ;
#1129 = CARTESIAN_POINT ( 'NONE',  ( -14.40500000000001890, -0.9700000000000005285, 0.000000000000000000 ) ) ;
#1130 = CARTESIAN_POINT ( 'NONE',  ( -14.28199999999999648, 1.219999999999998641, -0.1199999999999997319 ) ) ;
#1131 = VECTOR ( 'NONE', #1338, 39.37007874015748143 ) ;
#1132 = EDGE_LOOP ( 'NONE', ( #569, #1023, #1229, #574 ) ) ;
#1133 = VECTOR ( 'NONE', #1224, 39.37007874015748143 ) ;
#1134 = EDGE_LOOP ( 'NONE', ( #269, #819, #277, #1508 ) ) ;
#1135 = EDGE_CURVE ( 'NONE', #1605, #1195, #884, .T. ) ;
#1136 = DIRECTION ( 'NONE',  ( -3.167359992654216647E-15, 0.000000000000000000, -1.000000000000000000 ) ) ;
#1137 = DIRECTION ( 'NONE',  ( -3.167359992654216647E-15, 0.000000000000000000, 1.000000000000000000 ) ) ;
#1138 = ORIENTED_EDGE ( 'NONE', *, *, #1641, .T. ) ;
#1139 = LINE ( 'NONE', #991, #1615 ) ;
#1140 = DIRECTION ( 'NONE',  ( 0.000000000000000000, 0.000000000000000000, -1.000000000000000000 ) ) ;
#1141 = ORIENTED_EDGE ( 'NONE', *, *, #1554, .T. ) ;
#1142 = ORIENTED_EDGE ( 'NONE', *, *, #1048, .T. ) ;
#1143 = PLANE ( 'NONE',  #567 ) ;
#1144 = EDGE_CURVE ( 'NONE', #1323, #1012, #1354, .T. ) ;
#1145 = EDGE_CURVE ( 'NONE', #1206, #1046, #376, .T. ) ;
#1146 = DIRECTION ( 'NONE',  ( -0.000000000000000000, -1.000000000000000000, -0.000000000000000000 ) ) ;
#1147 = DIRECTION ( 'NONE',  ( 0.000000000000000000, -1.000000000000000000, 0.000000000000000000 ) ) ;
#1148 = LINE ( 'NONE', #547, #228 ) ;
#1149 = ORIENTED_EDGE ( 'NONE', *, *, #1075, .F. ) ;
#1150 = ORIENTED_EDGE ( 'NONE', *, *, #48, .T. ) ;
#1151 = CARTESIAN_POINT ( 'NONE',  ( -14.28500000000001613, 0.9699999999999945333, 9.902948977032954413E-16 ) ) ;
#1152 = DIRECTION ( 'NONE',  ( -3.491481338843134539E-15, 0.000000000000000000, -1.000000000000000000 ) ) ;
#1153 = CARTESIAN_POINT ( 'NONE',  ( -14.27900000000001590, -0.9760000000000000897, -0.05999999999999901246 ) ) ;
#1154 = CARTESIAN_POINT ( 'NONE',  ( -14.40500000000001890, 0.000000000000000000, 4.583530957451463891E-14 ) ) ;
#1155 = ADVANCED_FACE ( 'NONE', ( #1497 ), #1627, .F. ) ;
#1156 = CARTESIAN_POINT ( 'NONE',  ( 0.000000000000000000, 0.000000000000000000, -0.05999999999999999778 ) ) ;
#1157 = CARTESIAN_POINT ( 'NONE',  ( -14.28500000000001613, 0.9699999999999948663, -0.1199999999999999956 ) ) ;
#1158 = CIRCLE ( 'NONE', #1242, 0.1559999999999991116 ) ;
#1159 = ORIENTED_EDGE ( 'NONE', *, *, #88, .F. ) ;
#1160 = AXIS2_PLACEMENT_3D ( 'NONE', #428, #1044, #1558 ) ;
#1161 = VECTOR ( 'NONE', #1596, 39.37007874015748143 ) ;
#1162 = VERTEX_POINT ( 'NONE', #1126 ) ;
#1163 = AXIS2_PLACEMENT_3D ( 'NONE', #741, #994, #873 ) ;
#1164 = LINE ( 'NONE', #922, #906 ) ;
#1165 = DIRECTION ( 'NONE',  ( 1.243314098782923538E-16, -1.000000000000000000, 3.613946018757868503E-15 ) ) ;
#1166 = DIRECTION ( 'NONE',  ( 0.000000000000000000, 0.000000000000000000, 1.000000000000000000 ) ) ;
#1167 = DIRECTION ( 'NONE',  ( 0.000000000000000000, 3.563279991735993925E-15, 1.000000000000000000 ) ) ;
#1168 = ADVANCED_FACE ( 'NONE', ( #761 ), #1621, .T. ) ;
#1169 = ORIENTED_EDGE ( 'NONE', *, *, #631, .F. ) ;
#1170 = ORIENTED_EDGE ( 'NONE', *, *, #505, .F. ) ;
#1171 = DIRECTION ( 'NONE',  ( 0.000000000000000000, 9.106159978880726722E-15, 1.000000000000000000 ) ) ;
#1172 = CARTESIAN_POINT ( 'NONE',  ( -14.40500000000001890, -0.9699999999999995293, -0.1199999999999996209 ) ) ;
#1173 = EDGE_LOOP ( 'NONE', ( #1414, #939, #297, #1337 ) ) ;
#1174 = CARTESIAN_POINT ( 'NONE',  ( -14.34500000000002018, -0.9700000000000005285, -0.7500000000000002220 ) ) ;
#1175 = DIRECTION ( 'NONE',  ( -1.243314098782923291E-16, 1.000000000000000000, -3.563279991735993925E-15 ) ) ;
#1176 = VERTEX_POINT ( 'NONE', #728 ) ;
#1177 = UNCERTAINTY_MEASURE_WITH_UNIT (LENGTH_MEASURE( 1.000000000000000082E-05 ), #1331, 'distance_accuracy_value', 'NONE');
#1178 = EDGE_CURVE ( 'NONE', #860, #1045, #1514, .T. ) ;
#1179 = ORIENTED_EDGE ( 'NONE', *, *, #1056, .F. ) ;
#1180 = EDGE_CURVE ( 'NONE', #1162, #384, #1115, .T. ) ;
#1181 = PLANE ( 'NONE',  #1353 ) ;
#1182 = ORIENTED_EDGE ( 'NONE', *, *, #1220, .F. ) ;
#1183 = CARTESIAN_POINT ( 'NONE',  ( 14.28199999999998226, 0.9759999999999945386, 0.000000000000000000 ) ) ;
#1184 = DIRECTION ( 'NONE',  ( -5.738372763613492398E-17, 1.000000000000000000, 3.563279991735993925E-15 ) ) ;
#1185 = ORIENTED_EDGE ( 'NONE', *, *, #1144, .T. ) ;
#1186 = VECTOR ( 'NONE', #711, 39.37007874015748143 ) ;
#1187 = ORIENTED_EDGE ( 'NONE', *, *, #793, .T. ) ;
#1188 = AXIS2_PLACEMENT_3D ( 'NONE', #1525, #501, #111 ) ;
#1189 = EDGE_CURVE ( 'NONE', #648, #358, #1506, .T. ) ;
#1190 = AXIS2_PLACEMENT_3D ( 'NONE', #500, #622, #634 ) ;
#1191 = LINE ( 'NONE', #1452, #451 ) ;
#1192 = AXIS2_PLACEMENT_3D ( 'NONE', #521, #1152, #1025 ) ;
#1193 = DIRECTION ( 'NONE',  ( 0.000000000000000000, 0.000000000000000000, 1.000000000000000000 ) ) ;
#1194 = VERTEX_POINT ( 'NONE', #989 ) ;
#1195 = VERTEX_POINT ( 'NONE', #472 ) ;
#1196 = PLANE ( 'NONE',  #1348 ) ;
#1197 = DIRECTION ( 'NONE',  ( 0.000000000000000000, 1.000000000000000000, 0.000000000000000000 ) ) ;
#1198 = EDGE_CURVE ( 'NONE', #493, #1206, #1617, .T. ) ;
#1199 = DIRECTION ( 'NONE',  ( 1.000000000000000000, -0.000000000000000000, -0.000000000000000000 ) ) ;
#1200 = CARTESIAN_POINT ( 'NONE',  ( -14.28200000000001602, -1.220000000000006635, -0.7500000000000001110 ) ) ;
#1201 = ORIENTED_EDGE ( 'NONE', *, *, #961, .T. ) ;
#1202 = FACE_OUTER_BOUND ( 'NONE', #1134, .T. ) ;
#1203 = ORIENTED_EDGE ( 'NONE', *, *, #1387, .F. ) ;
#1204 = CARTESIAN_POINT ( 'NONE',  ( 14.28199999999998226, 1.220000000000000195, -0.05999999999999999778 ) ) ;
#1205 = DIRECTION ( 'NONE',  ( 0.000000000000000000, 1.000000000000000000, 0.000000000000000000 ) ) ;
#1206 = VERTEX_POINT ( 'NONE', #859 ) ;
#1207 = ADVANCED_FACE ( 'NONE', ( #1634 ), #1522, .T. ) ;
#1208 = CARTESIAN_POINT ( 'NONE',  ( -14.28200000000001602, -1.100000000000002531, -0.1199999999999995515 ) ) ;
#1209 = ORIENTED_EDGE ( 'NONE', *, *, #1365, .T. ) ;
#1210 = DIRECTION ( 'NONE',  ( 1.000000000000000000, 0.000000000000000000, 3.130242492740249268E-15 ) ) ;
#1211 = AXIS2_PLACEMENT_3D ( 'NONE', #219, #1243, #100 ) ;
#1212 = AXIS2_PLACEMENT_3D ( 'NONE', #1005, #636, #210 ) ;
#1213 = FILL_AREA_STYLE ('',( #714 ) ) ;
#1214 = VECTOR ( 'NONE', #1097, 39.37007874015748143 ) ;
#1215 = DIRECTION ( 'NONE',  ( 0.000000000000000000, -1.000000000000000000, 0.000000000000000000 ) ) ;
#1216 = DIRECTION ( 'NONE',  ( -1.000000000000000000, -0.000000000000000000, -0.000000000000000000 ) ) ;
#1217 = EDGE_LOOP ( 'NONE', ( #542, #94, #1335, #1201 ) ) ;
#1218 = PLANE ( 'NONE',  #476 ) ;
#1219 = EDGE_CURVE ( 'NONE', #1063, #1390, #1378, .T. ) ;
#1220 = EDGE_CURVE ( 'NONE', #1012, #394, #1011, .T. ) ;
#1221 = VERTEX_POINT ( 'NONE', #1172 ) ;
#1222 = CARTESIAN_POINT ( 'NONE',  ( -14.27900000000001590, -0.9700000000000000844, -0.05999999999999901246 ) ) ;
#1223 = CARTESIAN_POINT ( 'NONE',  ( -14.28500000000001613, 0.9699999999999945333, -0.1199999999999999956 ) ) ;
#1224 = DIRECTION ( 'NONE',  ( 0.000000000000000000, 1.000000000000000000, 0.000000000000000000 ) ) ;
#1225 = CARTESIAN_POINT ( 'NONE',  ( -14.28200000000001779, -0.9760000000000000897, 0.000000000000000000 ) ) ;
#1226 = CARTESIAN_POINT ( 'NONE',  ( -14.28200000000001424, -1.100000000000002531, -0.1199999999999995515 ) ) ;
#1227 = ORIENTED_EDGE ( 'NONE', *, *, #1241, .F. ) ;
#1228 = CARTESIAN_POINT ( 'NONE',  ( 14.40499999999998337, 0.9699999999999948663, -0.05999999999999978961 ) ) ;
#1229 = ORIENTED_EDGE ( 'NONE', *, *, #1039, .T. ) ;
#1230 = LINE ( 'NONE', #86, #614 ) ;
#1231 = EDGE_CURVE ( 'NONE', #661, #1502, #416, .T. ) ;
#1232 = FACE_OUTER_BOUND ( 'NONE', #237, .T. ) ;
#1233 = DIRECTION ( 'NONE',  ( 1.000000000000000000, 0.000000000000000000, 0.000000000000000000 ) ) ;
#1234 = DIRECTION ( 'NONE',  ( -2.003542141948220875E-31, 3.491481338843134539E-15, -1.000000000000000000 ) ) ;
#1235 = ORIENTED_EDGE ( 'NONE', *, *, #1019, .T. ) ;
#1236 = LINE ( 'NONE', #590, #122 ) ;
#1237 = ORIENTED_EDGE ( 'NONE', *, *, #980, .T. ) ;
#1238 = CYLINDRICAL_SURFACE ( 'NONE', #397, 0.06000000000000099698 ) ;
#1239 = AXIS2_PLACEMENT_3D ( 'NONE', #967, #444, #738 ) ;
#1240 = PLANE ( 'NONE',  #1620 ) ;
#1241 = EDGE_CURVE ( 'NONE', #189, #310, #1410, .T. ) ;
#1242 = AXIS2_PLACEMENT_3D ( 'NONE', #791, #1553, #71 ) ;
#1243 = DIRECTION ( 'NONE',  ( 1.000000000000000000, -0.000000000000000000, 0.000000000000000000 ) ) ;
#1244 = CARTESIAN_POINT ( 'NONE',  ( -14.27900000000001590, -0.9760000000000000897, -0.05999999999999901246 ) ) ;
#1245 = ORIENTED_EDGE ( 'NONE', *, *, #872, .T. ) ;
#1246 = AXIS2_PLACEMENT_3D ( 'NONE', #596, #1184, #1580 ) ;
#1247 = LINE ( 'NONE', #104, #341 ) ;
#1248 = ORIENTED_EDGE ( 'NONE', *, *, #888, .F. ) ;
#1249 = CARTESIAN_POINT ( 'NONE',  ( 14.40499999999998337, -0.9699999999999969758, -0.05999999999999999778 ) ) ;
#1250 = FACE_OUTER_BOUND ( 'NONE', #324, .T. ) ;
#1251 = ADVANCED_FACE ( 'NONE', ( #387 ), #1416, .T. ) ;
#1252 = DIRECTION ( 'NONE',  ( 0.000000000000000000, 0.000000000000000000, -1.000000000000000000 ) ) ;
#1253 = ORIENTED_EDGE ( 'NONE', *, *, #882, .F. ) ;
#1254 = EDGE_CURVE ( 'NONE', #938, #52, #398, .T. ) ;
#1255 = DIRECTION ( 'NONE',  ( 1.000000000000000000, 1.243314098782922059E-16, -3.347384112107870257E-17 ) ) ;
#1256 = EDGE_LOOP ( 'NONE', ( #855, #870, #443, #809 ) ) ;
#1257 = CARTESIAN_POINT ( 'NONE',  ( -14.40500000000002068, 0.9699999999999948663, -0.7500000000000001110 ) ) ;
#1258 = CARTESIAN_POINT ( 'NONE',  ( -14.40500000000001890, -0.9700000000000005285, -0.05999999999999999778 ) ) ;
#1259 = DIRECTION ( 'NONE',  ( 1.000000000000000000, 0.000000000000000000, -3.167359992654216647E-15 ) ) ;
#1260 = LINE ( 'NONE', #1129, #279 ) ;
#1261 = LINE ( 'NONE', #1532, #1484 ) ;
#1262 = DIRECTION ( 'NONE',  ( -0.000000000000000000, 0.000000000000000000, 1.000000000000000000 ) ) ;
#1263 = ADVANCED_FACE ( 'NONE', ( #889 ), #274, .F. ) ;
#1264 = VERTEX_POINT ( 'NONE', #658 ) ;
#1265 = PRODUCT_DEFINITION_SHAPE ( 'NONE', 'NONE',  #862 ) ;
#1266 = ORIENTED_EDGE ( 'NONE', *, *, #505, .T. ) ;
#1267 = FACE_OUTER_BOUND ( 'NONE', #583, .T. ) ;
#1268 = CARTESIAN_POINT ( 'NONE',  ( 14.40499999999998337, 0.000000000000000000, 4.583530957451452532E-14 ) ) ;
#1269 = AXIS2_PLACEMENT_3D ( 'NONE', #1319, #17, #141 ) ;
#1270 = DIRECTION ( 'NONE',  ( -1.000000000000000000, 0.000000000000000000, -3.167359992654216647E-15 ) ) ;
#1271 = VECTOR ( 'NONE', #1359, 39.37007874015748143 ) ;
#1272 = LINE ( 'NONE', #468, #1456 ) ;
#1273 = VECTOR ( 'NONE', #676, 39.37007874015748143 ) ;
#1274 = ORIENTED_EDGE ( 'NONE', *, *, #1275, .F. ) ;
#1275 = EDGE_CURVE ( 'NONE', #191, #1221, #1279, .T. ) ;
#1276 = VECTOR ( 'NONE', #776, 39.37007874015748143 ) ;
#1277 = ORIENTED_EDGE ( 'NONE', *, *, #15, .T. ) ;
#1278 = CARTESIAN_POINT ( 'NONE',  ( -13.90900000000002024, 0.000000000000000000, 0.000000000000000000 ) ) ;
#1279 = LINE ( 'NONE', #1292, #826 ) ;
#1280 = DIRECTION ( 'NONE',  ( 1.000000000000000000, 0.000000000000000000, 0.000000000000000000 ) ) ;
#1281 = FACE_OUTER_BOUND ( 'NONE', #158, .T. ) ;
#1282 = ORIENTED_EDGE ( 'NONE', *, *, #1375, .F. ) ;
#1283 = ORIENTED_EDGE ( 'NONE', *, *, #1145, .T. ) ;
#1284 = LINE ( 'NONE', #264, #955 ) ;
#1285 = ADVANCED_FACE ( 'NONE', ( #1424 ), #1392, .T. ) ;
#1286 = CARTESIAN_POINT ( 'NONE',  ( -14.28200000000001779, -0.9760000000000000897, -0.05999999999999901246 ) ) ;
#1287 = CARTESIAN_POINT ( 'NONE',  ( 14.27899999999998215, -0.9699999999999969758, 0.000000000000000000 ) ) ;
#1288 = LINE ( 'NONE', #554, #199 ) ;
#1289 = ORIENTED_EDGE ( 'NONE', *, *, #540, .F. ) ;
#1290 = VERTEX_POINT ( 'NONE', #533 ) ;
#1291 = LINE ( 'NONE', #1528, #373 ) ;
#1292 = CARTESIAN_POINT ( 'NONE',  ( -14.40500000000001890, -0.9700000000000005285, -0.1199999999999996209 ) ) ;
#1293 = EDGE_CURVE ( 'NONE', #998, #174, #667, .T. ) ;
#1294 = VECTOR ( 'NONE', #1572, 39.37007874015748143 ) ;
#1295 = CARTESIAN_POINT ( 'NONE',  ( 14.28199999999998226, 1.219999999999999973, -0.05999999999999978961 ) ) ;
#1296 = DIRECTION ( 'NONE',  ( 1.000000000000000000, -0.000000000000000000, -0.000000000000000000 ) ) ;
#1297 = DIRECTION ( 'NONE',  ( 8.087894779579049243E-30, 0.000000000000000000, 1.000000000000000000 ) ) ;
#1298 = VECTOR ( 'NONE', #375, 39.37007874015748143 ) ;
#1299 = ORIENTED_EDGE ( 'NONE', *, *, #486, .F. ) ;
#1300 = CIRCLE ( 'NONE', #1349, 0.06000000000000101780 ) ;
#1301 = VECTOR ( 'NONE', #628, 39.37007874015748143 ) ;
#1302 = ORIENTED_EDGE ( 'NONE', *, *, #292, .F. ) ;
#1303 = DIRECTION ( 'NONE',  ( 0.000000000000000000, 1.000000000000000000, 0.000000000000000000 ) ) ;
#1304 = CARTESIAN_POINT ( 'NONE',  ( 14.40499999999998337, -0.9699999999999969758, 0.000000000000000000 ) ) ;
#1305 = EDGE_CURVE ( 'NONE', #710, #1111, #280, .T. ) ;
#1306 = CARTESIAN_POINT ( 'NONE',  ( 14.28499999999998238, 0.9699999999999948663, 0.000000000000000000 ) ) ;
#1307 = CARTESIAN_POINT ( 'NONE',  ( -14.28200000000000536, 1.099999999999999423, -0.06000000000000095535 ) ) ;
#1308 = VERTEX_POINT ( 'NONE', #1286 ) ;
#1309 = ADVANCED_FACE ( 'NONE', ( #1049 ), #31, .F. ) ;
#1310 = ORIENTED_EDGE ( 'NONE', *, *, #681, .T. ) ;
#1311 = ORIENTED_EDGE ( 'NONE', *, *, #793, .F. ) ;
#1312 = FACE_OUTER_BOUND ( 'NONE', #460, .T. ) ;
#1313 = CARTESIAN_POINT ( 'NONE',  ( 14.22099999999998410, 0.000000000000000000, 0.000000000000000000 ) ) ;
#1314 = VERTEX_POINT ( 'NONE', #1650 ) ;
#1315 = ADVANCED_FACE ( 'NONE', ( #133 ), #652, .F. ) ;
#1316 = EDGE_LOOP ( 'NONE', ( #467, #946, #625, #405, #1289, #696, #1327, #1637, #425, #1466, #637, #1321, #1076, #541, #1355, #1024, #1383, #46, #611, #1453 ) ) ;
#1317 = DIRECTION ( 'NONE',  ( 1.000000000000000000, 0.000000000000000000, 0.000000000000000000 ) ) ;
#1318 = VERTEX_POINT ( 'NONE', #1153 ) ;
#1319 = CARTESIAN_POINT ( 'NONE',  ( -14.28200000000001779, -1.220000000000006413, -0.7500000000000001110 ) ) ;
#1320 = DIRECTION ( 'NONE',  ( 1.000000000000000000, 0.000000000000000000, 0.000000000000000000 ) ) ;
#1321 = ORIENTED_EDGE ( 'NONE', *, *, #1305, .T. ) ;
#1322 = CIRCLE ( 'NONE', #309, 0.1200000000000010086 ) ;
#1323 = VERTEX_POINT ( 'NONE', #12 ) ;
#1324 = VECTOR ( 'NONE', #1563, 39.37007874015748143 ) ;
#1325 = CARTESIAN_POINT ( 'NONE',  ( -14.27900000000001590, -0.9700000000000000844, -0.05999999999999901246 ) ) ;
#1326 = VECTOR ( 'NONE', #89, 39.37007874015748143 ) ;
#1327 = ORIENTED_EDGE ( 'NONE', *, *, #166, .T. ) ;
#1328 = CARTESIAN_POINT ( 'NONE',  ( -14.28200000000000891, 1.099999999999999423, -0.1200000000000001760 ) ) ;
#1329 = EDGE_LOOP ( 'NONE', ( #1344, #85, #1237, #164 ) ) ;
#1330 = ORIENTED_EDGE ( 'NONE', *, *, #1551, .T. ) ;
#1331 =( CONVERSION_BASED_UNIT ( 'INCH', #299 ) LENGTH_UNIT ( ) NAMED_UNIT ( #576 ) );
#1332 = EDGE_CURVE ( 'NONE', #1417, #1646, #1461, .T. ) ;
#1333 = DIRECTION ( 'NONE',  ( 0.000000000000000000, -1.000000000000000000, 0.000000000000000000 ) ) ;
#1334 = DIRECTION ( 'NONE',  ( 1.000000000000000000, 0.000000000000000000, 0.000000000000000000 ) ) ;
#1335 = ORIENTED_EDGE ( 'NONE', *, *, #37, .F. ) ;
#1336 = FACE_OUTER_BOUND ( 'NONE', #682, .T. ) ;
#1337 = ORIENTED_EDGE ( 'NONE', *, *, #281, .T. ) ;
#1338 = DIRECTION ( 'NONE',  ( -3.167359992654217435E-15, 0.000000000000000000, -1.000000000000000000 ) ) ;
#1339 = FACE_OUTER_BOUND ( 'NONE', #32, .T. ) ;
#1340 = CARTESIAN_POINT ( 'NONE',  ( -14.28500000000001613, 0.9699999999999945333, -0.05999999999999901246 ) ) ;
#1341 = LINE ( 'NONE', #858, #690 ) ;
#1342 = EDGE_CURVE ( 'NONE', #1194, #1264, #570, .T. ) ;
#1343 = CARTESIAN_POINT ( 'NONE',  ( 14.34499999999998465, 0.000000000000000000, -0.7500000000000003331 ) ) ;
#1344 = ORIENTED_EDGE ( 'NONE', *, *, #644, .F. ) ;
#1345 = ORIENTED_EDGE ( 'NONE', *, *, #933, .F. ) ;
#1346 = PLANE ( 'NONE',  #902 ) ;
#1347 = VECTOR ( 'NONE', #925, 39.37007874015748143 ) ;
#1348 = AXIS2_PLACEMENT_3D ( 'NONE', #1068, #1584, #183 ) ;
#1349 = AXIS2_PLACEMENT_3D ( 'NONE', #128, #27, #1140 ) ;
#1350 = DIRECTION ( 'NONE',  ( -0.000000000000000000, 3.563279991735993925E-15, 1.000000000000000000 ) ) ;
#1351 = STYLED_ITEM ( 'NONE', ( #74 ), #1379 ) ;
#1352 = CARTESIAN_POINT ( 'NONE',  ( -14.40500000000001890, 0.9699999999999948663, -0.05999999999999999778 ) ) ;
#1353 = AXIS2_PLACEMENT_3D ( 'NONE', #561, #1317, #945 ) ;
#1354 = LINE ( 'NONE', #1642, #1214 ) ;
#1355 = ORIENTED_EDGE ( 'NONE', *, *, #485, .F. ) ;
#1356 = LINE ( 'NONE', #1074, #42 ) ;
#1357 = EDGE_CURVE ( 'NONE', #1063, #921, #1062, .T. ) ;
#1358 = ORIENTED_EDGE ( 'NONE', *, *, #239, .F. ) ;
#1359 = DIRECTION ( 'NONE',  ( 0.000000000000000000, 1.000000000000000000, -0.000000000000000000 ) ) ;
#1360 = DIRECTION ( 'NONE',  ( 1.000000000000000000, -0.000000000000000000, -0.000000000000000000 ) ) ;
#1361 = LINE ( 'NONE', #735, #1639 ) ;
#1362 = PLANE ( 'NONE',  #479 ) ;
#1363 = DIRECTION ( 'NONE',  ( 0.000000000000000000, -1.000000000000000000, 0.000000000000000000 ) ) ;
#1364 = ORIENTED_EDGE ( 'NONE', *, *, #795, .T. ) ;
#1365 = EDGE_CURVE ( 'NONE', #1653, #1449, #1080, .T. ) ;
#1366 = CYLINDRICAL_SURFACE ( 'NONE', #44, 0.1200000000000019940 ) ;
#1367 = DIRECTION ( 'NONE',  ( 0.000000000000000000, 0.000000000000000000, 1.000000000000000000 ) ) ;
#1368 = LINE ( 'NONE', #466, #253 ) ;
#1369 = CARTESIAN_POINT ( 'NONE',  ( 14.40499999999998337, 0.9699999999999948663, -0.1199999999999996209 ) ) ;
#1370 = ORIENTED_EDGE ( 'NONE', *, *, #591, .F. ) ;
#1371 = CARTESIAN_POINT ( 'NONE',  ( -14.28199999999999648, 1.099999999999999423, -0.1200000000000001760 ) ) ;
#1372 = VERTEX_POINT ( 'NONE', #963 ) ;
#1373 = PLANE ( 'NONE',  #369 ) ;
#1374 = EDGE_CURVE ( 'NONE', #648, #1605, #837, .T. ) ;
#1375 = EDGE_CURVE ( 'NONE', #1318, #140, #1191, .T. ) ;
#1376 = AXIS2_PLACEMENT_3D ( 'NONE', #1208, #383, #127 ) ;
#1377 = EDGE_CURVE ( 'NONE', #930, #661, #193, .T. ) ;
#1378 = LINE ( 'NONE', #108, #666 ) ;
#1379 = MANIFOLD_SOLID_BREP ( 'Cortar-Extruir2', #393 ) ;
#1380 = VECTOR ( 'NONE', #447, 39.37007874015748143 ) ;
#1381 = ORIENTED_EDGE ( 'NONE', *, *, #68, .T. ) ;
#1382 = DIRECTION ( 'NONE',  ( -1.000000000000000000, 0.000000000000000000, 0.000000000000000000 ) ) ;
#1383 = ORIENTED_EDGE ( 'NONE', *, *, #1106, .T. ) ;
#1384 = DIRECTION ( 'NONE',  ( -1.000000000000000000, 0.000000000000000000, 0.000000000000000000 ) ) ;
#1385 = CARTESIAN_POINT ( 'NONE',  ( -14.22100000000001785, 1.910449006669883413E-17, -0.06000000000000004635 ) ) ;
#1386 = CARTESIAN_POINT ( 'NONE',  ( 14.06499999999998529, 0.000000000000000000, -0.06000000000000004635 ) ) ;
#1387 = EDGE_CURVE ( 'NONE', #808, #1472, #953, .T. ) ;
#1388 = DIRECTION ( 'NONE',  ( -1.000000000000000000, -0.000000000000000000, -0.000000000000000000 ) ) ;
#1389 = LINE ( 'NONE', #845, #1131 ) ;
#1390 = VERTEX_POINT ( 'NONE', #810 ) ;
#1391 = DIRECTION ( 'NONE',  ( 1.000000000000000000, 0.000000000000000000, 0.000000000000000000 ) ) ;
#1392 = CYLINDRICAL_SURFACE ( 'NONE', #72, 0.1199999999999983163 ) ;
#1393 = ORIENTED_EDGE ( 'NONE', *, *, #1501, .F. ) ;
#1394 = FACE_OUTER_BOUND ( 'NONE', #1316, .T. ) ;
#1395 = CARTESIAN_POINT ( 'NONE',  ( -14.40500000000002068, -0.9700000000000005285, -0.7499999999999998890 ) ) ;
#1396 = ORIENTED_EDGE ( 'NONE', *, *, #1458, .F. ) ;
#1397 = ORIENTED_EDGE ( 'NONE', *, *, #464, .T. ) ;
#1398 = DIRECTION ( 'NONE',  ( 0.000000000000000000, -0.000000000000000000, -1.000000000000000000 ) ) ;
#1399 = DIRECTION ( 'NONE',  ( -1.000000000000000000, 1.084066664152469232E-15, 0.000000000000000000 ) ) ;
#1400 = VECTOR ( 'NONE', #475, 39.37007874015748143 ) ;
#1401 = DIRECTION ( 'NONE',  ( 0.000000000000000000, -3.563279991735993925E-15, -1.000000000000000000 ) ) ;
#1402 = CIRCLE ( 'NONE', #1160, 0.1559999999999991116 ) ;
#1403 = LINE ( 'NONE', #1652, #1591 ) ;
#1404 = VECTOR ( 'NONE', #234, 39.37007874015748143 ) ;
#1405 = VERTEX_POINT ( 'NONE', #161 ) ;
#1406 = CIRCLE ( 'NONE', #537, 0.1199999999999982747 ) ;
#1407 = ADVANCED_FACE ( 'NONE', ( #683 ), #1181, .T. ) ;
#1408 = ORIENTED_EDGE ( 'NONE', *, *, #1571, .F. ) ;
#1409 = PLANE ( 'NONE',  #233 ) ;
#1410 = LINE ( 'NONE', #767, #399 ) ;
#1411 = DIRECTION ( 'NONE',  ( 0.000000000000000000, -3.563279991735993925E-15, 1.000000000000000000 ) ) ;
#1412 = DIRECTION ( 'NONE',  ( 0.000000000000000000, -1.000000000000000000, 0.000000000000000000 ) ) ;
#1413 = ORIENTED_EDGE ( 'NONE', *, *, #37, .T. ) ;
#1414 = ORIENTED_EDGE ( 'NONE', *, *, #1008, .F. ) ;
#1415 = EDGE_CURVE ( 'NONE', #403, #1502, #306, .T. ) ;
#1416 = PLANE ( 'NONE',  #313 ) ;
#1417 = VERTEX_POINT ( 'NONE', #1069 ) ;
#1418 = CARTESIAN_POINT ( 'NONE',  ( 14.28199999999998226, -1.220000000000000862, -0.1199999999999996070 ) ) ;
#1419 = PLANE ( 'NONE',  #282 ) ;
#1420 = VERTEX_POINT ( 'NONE', #577 ) ;
#1421 = ORIENTED_EDGE ( 'NONE', *, *, #404, .F. ) ;
#1422 = DIRECTION ( 'NONE',  ( 0.000000000000000000, -1.000000000000000000, 0.000000000000000000 ) ) ;
#1423 = ADVANCED_FACE ( 'NONE', ( #1102 ), #1240, .F. ) ;
#1424 = FACE_OUTER_BOUND ( 'NONE', #1256, .T. ) ;
#1425 = EDGE_CURVE ( 'NONE', #712, #137, #1406, .T. ) ;
#1426 = DIRECTION ( 'NONE',  ( -1.000000000000000000, 0.000000000000000000, 0.000000000000000000 ) ) ;
#1427 = CYLINDRICAL_SURFACE ( 'NONE', #1127, 0.1559999999999991116 ) ;
#1428 = LINE ( 'NONE', #807, #1324 ) ;
#1429 = VECTOR ( 'NONE', #1043, 39.37007874015748143 ) ;
#1430 = ORIENTED_EDGE ( 'NONE', *, *, #882, .T. ) ;
#1431 = AXIS2_PLACEMENT_3D ( 'NONE', #885, #1382, #747 ) ;
#1432 = VECTOR ( 'NONE', #702, 39.37007874015748143 ) ;
#1433 = ORIENTED_EDGE ( 'NONE', *, *, #621, .T. ) ;
#1434 = VECTOR ( 'NONE', #1350, 39.37007874015748143 ) ;
#1435 =( NAMED_UNIT ( * ) SI_UNIT ( $, .STERADIAN. ) SOLID_ANGLE_UNIT ( ) );
#1436 = LINE ( 'NONE', #811, #167 ) ;
#1437 = EDGE_CURVE ( 'NONE', #478, #998, #603, .T. ) ;
#1438 = CARTESIAN_POINT ( 'NONE',  ( 14.27899999999998215, 0.9699999999999945333, -0.05999999999999901246 ) ) ;
#1439 = LINE ( 'NONE', #525, #850 ) ;
#1440 = ORIENTED_EDGE ( 'NONE', *, *, #899, .T. ) ;
#1441 = APPLICATION_CONTEXT ( 'automotive_design' ) ;
#1442 = ORIENTED_EDGE ( 'NONE', *, *, #1075, .T. ) ;
#1443 = DIRECTION ( 'NONE',  ( -0.000000000000000000, 1.000000000000000000, -0.000000000000000000 ) ) ;
#1444 = CARTESIAN_POINT ( 'NONE',  ( 14.34499999999998288, -0.9699999999999969758, -0.1199999999999998151 ) ) ;
#1445 = PLANE ( 'NONE',  #11 ) ;
#1446 = DIRECTION ( 'NONE',  ( 0.000000000000000000, -1.000000000000000000, 0.000000000000000000 ) ) ;
#1447 = ADVANCED_FACE ( 'NONE', ( #1250 ), #1616, .T. ) ;
#1448 = ORIENTED_EDGE ( 'NONE', *, *, #1087, .F. ) ;
#1449 = VERTEX_POINT ( 'NONE', #1474 ) ;
#1450 = CARTESIAN_POINT ( 'NONE',  ( -14.28200000000001424, -1.220000000000006413, -0.7500000000000001110 ) ) ;
#1451 = APPLICATION_PROTOCOL_DEFINITION ( 'draft international standard', 'automotive_design', 1998, #900 ) ;
#1452 = CARTESIAN_POINT ( 'NONE',  ( -14.27900000000001590, -0.9760000000000000897, -0.05999999999999901246 ) ) ;
#1453 = ORIENTED_EDGE ( 'NONE', *, *, #68, .F. ) ;
#1454 = DIRECTION ( 'NONE',  ( -1.000000000000000000, -2.665217554794384661E-14, -0.000000000000000000 ) ) ;
#1455 = VECTOR ( 'NONE', #604, 39.37007874015748143 ) ;
#1456 = VECTOR ( 'NONE', #462, 39.37007874015748143 ) ;
#1457 = ORIENTED_EDGE ( 'NONE', *, *, #110, .T. ) ;
#1458 = EDGE_CURVE ( 'NONE', #680, #1543, #238, .T. ) ;
#1459 = VECTOR ( 'NONE', #463, 39.37007874015748143 ) ;
#1460 = CIRCLE ( 'NONE', #1190, 0.1200000000000009948 ) ;
#1461 = LINE ( 'NONE', #61, #1006 ) ;
#1462 = VECTOR ( 'NONE', #1391, 39.37007874015748143 ) ;
#1463 = LINE ( 'NONE', #545, #146 ) ;
#1464 = ORIENTED_EDGE ( 'NONE', *, *, #102, .F. ) ;
#1465 = FACE_OUTER_BOUND ( 'NONE', #1015, .T. ) ;
#1466 = ORIENTED_EDGE ( 'NONE', *, *, #732, .F. ) ;
#1467 = EDGE_CURVE ( 'NONE', #887, #310, #1120, .T. ) ;
#1468 = CARTESIAN_POINT ( 'NONE',  ( 14.28199999999998226, 1.220000000000002416, -0.7500000000000001110 ) ) ;
#1469 = PLANE ( 'NONE',  #1614 ) ;
#1470 = FACE_OUTER_BOUND ( 'NONE', #556, .T. ) ;
#1471 = ORIENTED_EDGE ( 'NONE', *, *, #197, .F. ) ;
#1472 = VERTEX_POINT ( 'NONE', #1607 ) ;
#1473 = CARTESIAN_POINT ( 'NONE',  ( 14.34499999999998465, 0.9699999999999948663, -0.7500000000000002220 ) ) ;
#1474 = CARTESIAN_POINT ( 'NONE',  ( 14.28199999999998226, 1.160000000000002585, -0.7500000000000003331 ) ) ;
#1475 = EDGE_CURVE ( 'NONE', #1390, #1100, #977, .T. ) ;
#1476 = DIRECTION ( 'NONE',  ( -0.000000000000000000, 0.000000000000000000, 1.000000000000000000 ) ) ;
#1477 = LINE ( 'NONE', #41, #534 ) ;
#1478 = EDGE_CURVE ( 'NONE', #1100, #1543, #1000, .T. ) ;
#1479 = ORIENTED_EDGE ( 'NONE', *, *, #1478, .T. ) ;
#1480 = DIRECTION ( 'NONE',  ( 1.000000000000000000, 0.000000000000000000, 0.000000000000000000 ) ) ;
#1481 = ORIENTED_EDGE ( 'NONE', *, *, #772, .F. ) ;
#1482 = DIRECTION ( 'NONE',  ( 1.000000000000000000, 0.000000000000000000, 0.000000000000000000 ) ) ;
#1483 = AXIS2_PLACEMENT_3D ( 'NONE', #452, #330, #1480 ) ;
#1484 = VECTOR ( 'NONE', #1401, 39.37007874015748143 ) ;
#1485 = CARTESIAN_POINT ( 'NONE',  ( -14.34500000000002018, 0.9699999999999948663, -0.7500000000000003331 ) ) ;
#1486 = VECTOR ( 'NONE', #588, 39.37007874015748143 ) ;
#1487 = CARTESIAN_POINT ( 'NONE',  ( 14.28499999999998238, -0.9699999999999969758, -0.1199999999999999956 ) ) ;
#1488 = AXIS2_PLACEMENT_3D ( 'NONE', #1095, #481, #619 ) ;
#1489 = DIRECTION ( 'NONE',  ( 0.000000000000000000, 0.000000000000000000, 1.000000000000000000 ) ) ;
#1490 = ORIENTED_EDGE ( 'NONE', *, *, #231, .F. ) ;
#1491 = EDGE_CURVE ( 'NONE', #998, #592, #828, .T. ) ;
#1492 = DIRECTION ( 'NONE',  ( 0.000000000000000000, 1.000000000000000000, 0.000000000000000000 ) ) ;
#1493 = ORIENTED_EDGE ( 'NONE', *, *, #1178, .F. ) ;
#1494 = FACE_OUTER_BOUND ( 'NONE', #512, .T. ) ;
#1495 = DIRECTION ( 'NONE',  ( 0.000000000000000000, -1.000000000000000000, 0.000000000000000000 ) ) ;
#1496 = LINE ( 'NONE', #848, #875 ) ;
#1497 = FACE_OUTER_BOUND ( 'NONE', #842, .T. ) ;
#1498 = ORIENTED_EDGE ( 'NONE', *, *, #669, .T. ) ;
#1499 = CARTESIAN_POINT ( 'NONE',  ( -14.34500000000001840, 0.9699999999999948663, 4.562582069418405218E-14 ) ) ;
#1500 = EDGE_CURVE ( 'NONE', #1061, #174, #218, .T. ) ;
#1501 = EDGE_CURVE ( 'NONE', #661, #191, #760, .T. ) ;
#1502 = VERTEX_POINT ( 'NONE', #1485 ) ;
#1503 = DIRECTION ( 'NONE',  ( -1.243314098782923291E-16, 1.000000000000000000, -3.563279991735993925E-15 ) ) ;
#1504 = CARTESIAN_POINT ( 'NONE',  ( -14.27900000000001590, 0.9699999999999948663, -0.05999999999999901246 ) ) ;
#1505 = CARTESIAN_POINT ( 'NONE',  ( -14.27900000000001590, 0.9759999999999948717, -0.05999999999999901246 ) ) ;
#1506 = LINE ( 'NONE', #362, #751 ) ;
#1507 = FACE_OUTER_BOUND ( 'NONE', #225, .T. ) ;
#1508 = ORIENTED_EDGE ( 'NONE', *, *, #1365, .F. ) ;
#1509 = DIRECTION ( 'NONE',  ( -0.000000000000000000, 1.000000000000000000, -0.000000000000000000 ) ) ;
#1510 = ADVANCED_FACE ( 'NONE', ( #361 ), #334, .T. ) ;
#1511 = CIRCLE ( 'NONE', #638, 0.1559999999999991116 ) ;
#1512 = CARTESIAN_POINT ( 'NONE',  ( -14.27900000000001590, 0.000000000000000000, 0.000000000000000000 ) ) ;
#1513 = VECTOR ( 'NONE', #986, 39.37007874015748143 ) ;
#1514 = LINE ( 'NONE', #1369, #802 ) ;
#1515 = VECTOR ( 'NONE', #778, 39.37007874015748143 ) ;
#1516 = VECTOR ( 'NONE', #177, 39.37007874015748143 ) ;
#1517 = DIRECTION ( 'NONE',  ( -3.167359992654216647E-15, 0.000000000000000000, 1.000000000000000000 ) ) ;
#1518 = ORIENTED_EDGE ( 'NONE', *, *, #700, .F. ) ;
#1519 =( CONVERSION_BASED_UNIT ( 'INCH', #1009 ) LENGTH_UNIT ( ) NAMED_UNIT ( #333 ) );
#1520 = EDGE_CURVE ( 'NONE', #355, #52, #230, .T. ) ;
#1521 = EDGE_CURVE ( 'NONE', #911, #746, #345, .T. ) ;
#1522 = PLANE ( 'NONE',  #879 ) ;
#1523 = ORIENTED_EDGE ( 'NONE', *, *, #317, .F. ) ;
#1524 = FACE_BOUND ( 'NONE', #851, .T. ) ;
#1525 = CARTESIAN_POINT ( 'NONE',  ( 14.40499999999998337, 0.9699999999999948663, -0.05999999999999999778 ) ) ;
#1526 = ORIENTED_EDGE ( 'NONE', *, *, #239, .T. ) ;
#1527 = EDGE_LOOP ( 'NONE', ( #790, #103, #1526, #818 ) ) ;
#1528 = CARTESIAN_POINT ( 'NONE',  ( 14.28199999999997871, 1.160000000000000142, -0.1200000000000002176 ) ) ;
#1529 = CARTESIAN_POINT ( 'NONE',  ( 14.28499999999998238, -0.9699999999999967537, -0.1199999999999999956 ) ) ;
#1530 = ORIENTED_EDGE ( 'NONE', *, *, #1135, .T. ) ;
#1531 = EDGE_CURVE ( 'NONE', #710, #887, #1089, .T. ) ;
#1532 = CARTESIAN_POINT ( 'NONE',  ( 14.28199999999998226, -1.160000000000000364, 4.347201589917914118E-15 ) ) ;
#1533 = LINE ( 'NONE', #1051, #148 ) ;
#1534 = ORIENTED_EDGE ( 'NONE', *, *, #1608, .T. ) ;
#1535 = ORIENTED_EDGE ( 'NONE', *, *, #262, .F. ) ;
#1536 = PLANE ( 'NONE',  #480 ) ;
#1537 = DIRECTION ( 'NONE',  ( -1.000000000000000000, 0.000000000000000000, 0.000000000000000000 ) ) ;
#1538 = AXIS2_PLACEMENT_3D ( 'NONE', #627, #271, #1633 ) ;
#1539 = LINE ( 'NONE', #1438, #586 ) ;
#1540 = VECTOR ( 'NONE', #1255, 39.37007874015748143 ) ;
#1541 = DIRECTION ( 'NONE',  ( -0.000000000000000000, 1.000000000000000000, -0.000000000000000000 ) ) ;
#1542 = VECTOR ( 'NONE', #544, 39.37007874015748143 ) ;
#1543 = VERTEX_POINT ( 'NONE', #970 ) ;
#1544 = AXIS2_PLACEMENT_3D ( 'NONE', #558, #1585, #821 ) ;
#1545 = ORIENTED_EDGE ( 'NONE', *, *, #552, .F. ) ;
#1546 = PLANE ( 'NONE',  #47 ) ;
#1547 = CARTESIAN_POINT ( 'NONE',  ( -14.40500000000002068, 0.9699999999999948663, -0.7500000000000001110 ) ) ;
#1548 = LINE ( 'NONE', #410, #1429 ) ;
#1549 = FACE_OUTER_BOUND ( 'NONE', #1028, .T. ) ;
#1550 = ORIENTED_EDGE ( 'NONE', *, *, #722, .T. ) ;
#1551 = EDGE_CURVE ( 'NONE', #1012, #350, #846, .T. ) ;
#1552 = ORIENTED_EDGE ( 'NONE', *, *, #29, .F. ) ;
#1553 = DIRECTION ( 'NONE',  ( -0.000000000000000000, 0.000000000000000000, 1.000000000000000000 ) ) ;
#1554 = EDGE_CURVE ( 'NONE', #1111, #1420, #453, .T. ) ;
#1555 = CARTESIAN_POINT ( 'NONE',  ( 13.90899999999998471, 1.910449006669883413E-17, 0.000000000000000000 ) ) ;
#1556 = ORIENTED_EDGE ( 'NONE', *, *, #1332, .T. ) ;
#1557 = FACE_OUTER_BOUND ( 'NONE', #799, .T. ) ;
#1558 = DIRECTION ( 'NONE',  ( 1.000000000000000000, 0.000000000000000000, 0.000000000000000000 ) ) ;
#1559 = ORIENTED_EDGE ( 'NONE', *, *, #188, .F. ) ;
#1560 = ORIENTED_EDGE ( 'NONE', *, *, #581, .F. ) ;
#1561 = ADVANCED_FACE ( 'NONE', ( #1232 ), #1143, .T. ) ;
#1562 = CARTESIAN_POINT ( 'NONE',  ( 14.40499999999998337, 0.9699999999999948663, 0.000000000000000000 ) ) ;
#1563 = DIRECTION ( 'NONE',  ( -0.000000000000000000, -0.000000000000000000, 1.000000000000000000 ) ) ;
#1564 = VECTOR ( 'NONE', #597, 39.37007874015748143 ) ;
#1565 = EDGE_LOOP ( 'NONE', ( #1142, #7, #1645, #914 ) ) ;
#1566 = CIRCLE ( 'NONE', #255, 0.1559999999999991116 ) ;
#1567 = ORIENTED_EDGE ( 'NONE', *, *, #336, .F. ) ;
#1568 = CARTESIAN_POINT ( 'NONE',  ( 14.40499999999998515, 0.9699999999999948663, -0.7500000000000001110 ) ) ;
#1569 = DIRECTION ( 'NONE',  ( -1.000000000000000000, 0.000000000000000000, -3.491481338843133750E-15 ) ) ;
#1570 = ADVANCED_FACE ( 'NONE', ( #513 ), #1546, .T. ) ;
#1571 = EDGE_CURVE ( 'NONE', #358, #1543, #894, .T. ) ;
#1572 = DIRECTION ( 'NONE',  ( -0.000000000000000000, -3.563279991735993925E-15, -1.000000000000000000 ) ) ;
#1573 = FACE_OUTER_BOUND ( 'NONE', #154, .T. ) ;
#1574 = LINE ( 'NONE', #435, #616 ) ;
#1575 = ORIENTED_EDGE ( 'NONE', *, *, #912, .F. ) ;
#1576 = ORIENTED_EDGE ( 'NONE', *, *, #1180, .F. ) ;
#1577 = DIRECTION ( 'NONE',  ( -1.243314098782923538E-16, 1.000000000000000000, -3.491481338843133750E-15 ) ) ;
#1578 = DIRECTION ( 'NONE',  ( 0.000000000000000000, -1.000000000000000000, 0.000000000000000000 ) ) ;
#1579 = DIRECTION ( 'NONE',  ( 4.341007974221145230E-31, -3.491481338843134539E-15, -1.000000000000000000 ) ) ;
#1580 = DIRECTION ( 'NONE',  ( 0.000000000000000000, -3.563279991735993925E-15, 1.000000000000000000 ) ) ;
#1581 = ORIENTED_EDGE ( 'NONE', *, *, #1116, .F. ) ;
#1582 = ADVANCED_FACE ( 'NONE', ( #123 ), #665, .T. ) ;
#1583 = ORIENTED_EDGE ( 'NONE', *, *, #1219, .T. ) ;
#1584 = DIRECTION ( 'NONE',  ( -1.084066664152469232E-15, -1.000000000000000000, 0.000000000000000000 ) ) ;
#1585 = DIRECTION ( 'NONE',  ( 0.000000000000000000, 0.000000000000000000, 1.000000000000000000 ) ) ;
#1586 = ORIENTED_EDGE ( 'NONE', *, *, #382, .T. ) ;
#1587 = DIRECTION ( 'NONE',  ( 0.000000000000000000, -0.000000000000000000, -1.000000000000000000 ) ) ;
#1588 = ORIENTED_EDGE ( 'NONE', *, *, #241, .T. ) ;
#1589 = CARTESIAN_POINT ( 'NONE',  ( 14.28499999999998238, 0.9699999999999945333, -0.1199999999999999956 ) ) ;
#1590 = AXIS2_PLACEMENT_3D ( 'NONE', #1487, #587, #1114 ) ;
#1591 = VECTOR ( 'NONE', #1022, 39.37007874015748143 ) ;
#1592 = ORIENTED_EDGE ( 'NONE', *, *, #336, .T. ) ;
#1593 = COLOUR_RGB ( '',0.7921568627450980005, 0.8196078431372548767, 0.9333333333333333481 ) ;
#1594 = VECTOR ( 'NONE', #626, 39.37007874015748143 ) ;
#1595 = FACE_OUTER_BOUND ( 'NONE', #412, .T. ) ;
#1596 = DIRECTION ( 'NONE',  ( 0.000000000000000000, -1.000000000000000000, 0.000000000000000000 ) ) ;
#1597 = ORIENTED_EDGE ( 'NONE', *, *, #923, .F. ) ;
#1598 = VERTEX_POINT ( 'NONE', #1555 ) ;
#1599 = EDGE_CURVE ( 'NONE', #896, #83, #9, .T. ) ;
#1600 = CARTESIAN_POINT ( 'NONE',  ( 14.34499999999998288, -0.9699999999999969758, -0.1199999999999998151 ) ) ;
#1601 = EDGE_CURVE ( 'NONE', #938, #615, #532, .T. ) ;
#1602 = CARTESIAN_POINT ( 'NONE',  ( 14.40499999999998337, -0.9759999999999972031, -0.05999999999999901246 ) ) ;
#1603 = CARTESIAN_POINT ( 'NONE',  ( 14.40499999999998337, 0.9699999999999948663, -0.05999999999999999778 ) ) ;
#1604 = CYLINDRICAL_SURFACE ( 'NONE', #1483, 0.1559999999999991116 ) ;
#1605 = VERTEX_POINT ( 'NONE', #643 ) ;
#1606 = DIRECTION ( 'NONE',  ( -0.000000000000000000, -1.000000000000000000, -0.000000000000000000 ) ) ;
#1607 = CARTESIAN_POINT ( 'NONE',  ( -14.27900000000001590, -0.9700000000000000844, 0.000000000000000000 ) ) ;
#1608 = EDGE_CURVE ( 'NONE', #1622, #384, #792, .T. ) ;
#1609 = DIRECTION ( 'NONE',  ( 0.000000000000000000, -0.000000000000000000, 1.000000000000000000 ) ) ;
#1610 = CARTESIAN_POINT ( 'NONE',  ( -14.27900000000001590, 0.9759999999999948717, 0.000000000000000000 ) ) ;
#1611 = ORIENTED_EDGE ( 'NONE', *, *, #523, .F. ) ;
#1612 = DIRECTION ( 'NONE',  ( 0.000000000000000000, 0.000000000000000000, 1.000000000000000000 ) ) ;
#1613 = EDGE_LOOP ( 'NONE', ( #216, #833, #1, #645 ) ) ;
#1614 = AXIS2_PLACEMENT_3D ( 'NONE', #742, #595, #1609 ) ;
#1615 = VECTOR ( 'NONE', #897, 39.37007874015748143 ) ;
#1616 = PLANE ( 'NONE',  #1488 ) ;
#1617 = CIRCLE ( 'NONE', #99, 0.1559999999999991116 ) ;
#1618 = CARTESIAN_POINT ( 'NONE',  ( -14.28200000000001602, -1.220000000000004414, -0.1199999999999986217 ) ) ;
#1619 = EDGE_CURVE ( 'NONE', #896, #1061, #1164, .T. ) ;
#1620 = AXIS2_PLACEMENT_3D ( 'NONE', #1625, #1384, #1632 ) ;
#1621 = PLANE ( 'NONE',  #642 ) ;
#1622 = VERTEX_POINT ( 'NONE', #633 ) ;
#1623 = LINE ( 'NONE', #1395, #97 ) ;
#1624 = ORIENTED_EDGE ( 'NONE', *, *, #1554, .F. ) ;
#1625 = CARTESIAN_POINT ( 'NONE',  ( 14.28199999999998226, -1.220000000000000639, -0.05999999999999999778 ) ) ;
#1626 = FACE_OUTER_BOUND ( 'NONE', #550, .T. ) ;
#1627 = CYLINDRICAL_SURFACE ( 'NONE', #932, 0.05999999999999826999 ) ;
#1628 = LINE ( 'NONE', #1499, #931 ) ;
#1629 = EDGE_CURVE ( 'NONE', #1176, #757, #1291, .T. ) ;
#1630 = ORIENTED_EDGE ( 'NONE', *, *, #933, .T. ) ;
#1631 = CARTESIAN_POINT ( 'NONE',  ( -14.28500000000001613, 0.9699999999999945333, -0.1199999999999999956 ) ) ;
#1632 = DIRECTION ( 'NONE',  ( 0.000000000000000000, 0.000000000000000000, 1.000000000000000000 ) ) ;
#1633 = DIRECTION ( 'NONE',  ( -0.000000000000000000, 0.000000000000000000, 1.000000000000000000 ) ) ;
#1634 = FACE_OUTER_BOUND ( 'NONE', #511, .T. ) ;
#1635 = PRODUCT ( '12-D-6078-05-(16gacr ANSI-61) - K48 - V0-R0', '12-D-6078-05-(16gacr ANSI-61) - K48 - V0-R0', '', ( #319 ) ) ;
#1636 = CARTESIAN_POINT ( 'NONE',  ( 14.28199999999998226, -1.220000000000000417, -0.05999999999999978961 ) ) ;
#1637 = ORIENTED_EDGE ( 'NONE', *, *, #473, .F. ) ;
#1638 = ADVANCED_FACE ( 'NONE', ( #1267 ), #1536, .T. ) ;
#1639 = VECTOR ( 'NONE', #186, 39.37007874015748143 ) ;
#1640 = AXIS2_PLACEMENT_3D ( 'NONE', #769, #1270, #1517 ) ;
#1641 = EDGE_CURVE ( 'NONE', #779, #1063, #785, .T. ) ;
#1642 = CARTESIAN_POINT ( 'NONE',  ( 14.28499999999998238, -0.9699999999999969758, -0.05999999999999901246 ) ) ;
#1643 = CIRCLE ( 'NONE', #1109, 0.05999999999999920675 ) ;
#1644 = CARTESIAN_POINT ( 'NONE',  ( -14.28200000000001602, -1.100000000000002531, -0.06000000000000129535 ) ) ;
#1645 = ORIENTED_EDGE ( 'NONE', *, *, #414, .T. ) ;
#1646 = VERTEX_POINT ( 'NONE', #1278 ) ;
#1647 = ADVANCED_FACE ( 'NONE', ( #905 ), #1409, .T. ) ;
#1648 = CARTESIAN_POINT ( 'NONE',  ( 14.28199999999998226, -1.220000000000002860, -0.7499999999999998890 ) ) ;
#1649 = EDGE_CURVE ( 'NONE', #1372, #830, #1284, .T. ) ;
#1650 = CARTESIAN_POINT ( 'NONE',  ( 14.27899999999998215, 0.9699999999999945333, 0.000000000000000000 ) ) ;
#1651 = FACE_OUTER_BOUND ( 'NONE', #288, .T. ) ;
#1652 = CARTESIAN_POINT ( 'NONE',  ( 14.28199999999998226, -1.220000000000000639, 0.000000000000000000 ) ) ;
#1653 = VERTEX_POINT ( 'NONE', #801 ) ;
ENDSEC;
END-ISO-10303-21;
