ISO-10303-21;
HEADER;
FILE_DESCRIPTION (( 'STEP AP214' ),
    '1' );
FILE_NAME ('PP22114-06-(12gacr ANSI-61) - K48 - V1-R0.STEP',
    '2026-08-04T16:42:38',
    ( '' ),
    ( '' ),
    'SwSTEP 2.0',
    'SolidWorks 2024',
    '' );
FILE_SCHEMA (( 'AUTOMOTIVE_DESIGN' ));
ENDSEC;

DATA;
#1 = CARTESIAN_POINT ( 'NONE',  ( -17.30000000000000071, -4.520000000000002238, -0.2699999999999970757 ) ) ;
#2 = CARTESIAN_POINT ( 'NONE',  ( 17.19500000000000028, -7.337161150346988236, -0.1049999999999993577 ) ) ;
#3 = ORIENTED_EDGE ( 'NONE', *, *, #708, .T. ) ;
#4 = CARTESIAN_POINT ( 'NONE',  ( 8.804999999999997939, -3.660000000000000142, 0.000000000000000000 ) ) ;
#5 = EDGE_CURVE ( 'NONE', #341, #2137, #601, .T. ) ;
#6 = CARTESIAN_POINT ( 'NONE',  ( 8.804999999999997939, -2.340000000000000302, 0.000000000000000000 ) ) ;
#7 = CARTESIAN_POINT ( 'NONE',  ( -12.90500000000000469, -5.470000000000000639, -0.1050000000000001071 ) ) ;
#8 = ORIENTED_EDGE ( 'NONE', *, *, #281, .T. ) ;
#9 = DIRECTION ( 'NONE',  ( 1.000000000000000000, -2.185478394931411758E-15, 0.000000000000000000 ) ) ;
#10 = ADVANCED_FACE ( 'NONE', ( #1708 ), #2281, .F. ) ;
#11 = ORIENTED_EDGE ( 'NONE', *, *, #69, .F. ) ;
#12 = ORIENTED_EDGE ( 'NONE', *, *, #2183, .F. ) ;
#13 = CARTESIAN_POINT ( 'NONE',  ( 8.804999999999996163, 3.660000000000000142, -3.090000000000001190 ) ) ;
#14 = AXIS2_PLACEMENT_3D ( 'NONE', #1738, #1414, #2862 ) ;
#15 = CARTESIAN_POINT ( 'NONE',  ( 14.18499999999999517, -3.660000000000000142, -3.090000000000001190 ) ) ;
#16 = PLANE ( 'NONE',  #909 ) ;
#17 = ORIENTED_EDGE ( 'NONE', *, *, #3408, .T. ) ;
#18 = VECTOR ( 'NONE', #1792, 39.37007874015748143 ) ;
#19 = CARTESIAN_POINT ( 'NONE',  ( 6.594999999999997087, 2.849999999999999201, -3.090000000000001190 ) ) ;
#20 = CARTESIAN_POINT ( 'NONE',  ( -14.67500000000000249, 2.729999999999999538, -3.090000000000001190 ) ) ;
#21 = ORIENTED_EDGE ( 'NONE', *, *, #1019, .T. ) ;
#22 = CARTESIAN_POINT ( 'NONE',  ( 14.18499999999999694, 3.660000000000000142, -3.090000000000001190 ) ) ;
#23 = LINE ( 'NONE', #58, #1468 ) ;
#24 = LINE ( 'NONE', #352, #2138 ) ;
#25 = ORIENTED_EDGE ( 'NONE', *, *, #1843, .T. ) ;
#26 = EDGE_CURVE ( 'NONE', #1227, #1323, #82, .T. ) ;
#27 = CARTESIAN_POINT ( 'NONE',  ( -17.30000000000000071, -1.720000000000002860, -0.4999999999999970579 ) ) ;
#28 = CARTESIAN_POINT ( 'NONE',  ( 8.804999999999997939, 2.340000000000000302, -3.090000000000001190 ) ) ;
#30 = EDGE_CURVE ( 'NONE', #143, #3000, #2587, .T. ) ;
#29 = ORIENTED_EDGE ( 'NONE', *, *, #794, .T. ) ;
#31 = VECTOR ( 'NONE', #137, 39.37007874015748143 ) ;
#32 = SURFACE_SIDE_STYLE ('',( #861 ) ) ;
#33 = FACE_OUTER_BOUND ( 'NONE', #547, .T. ) ;
#34 = AXIS2_PLACEMENT_3D ( 'NONE', #1810, #2048, #391 ) ;
#35 = ORIENTED_EDGE ( 'NONE', *, *, #1471, .F. ) ;
#36 = LINE ( 'NONE', #1991, #3344 ) ;
#37 = DIRECTION ( 'NONE',  ( 0.000000000000000000, -0.000000000000000000, -1.000000000000000000 ) ) ;
#38 = VERTEX_POINT ( 'NONE', #1670 ) ;
#39 = FACE_OUTER_BOUND ( 'NONE', #641, .T. ) ;
#40 = DIRECTION ( 'NONE',  ( 0.000000000000000000, 0.000000000000000000, 1.000000000000000000 ) ) ;
#41 = CARTESIAN_POINT ( 'NONE',  ( 17.15499999999999758, -7.365000000000002878, -0.7500000000000004441 ) ) ;
#42 = CIRCLE ( 'NONE', #1270, 0.09999999999999947820 ) ;
#43 = VERTEX_POINT ( 'NONE', #3063 ) ;
#44 = PLANE ( 'NONE',  #1066 ) ;
#45 = ORIENTED_EDGE ( 'NONE', *, *, #3287, .F. ) ;
#46 = EDGE_CURVE ( 'NONE', #439, #3010, #2813, .T. ) ;
#47 = EDGE_LOOP ( 'NONE', ( #387, #2516, #693, #1971 ) ) ;
#48 = PLANE ( 'NONE',  #933 ) ;
#49 = CARTESIAN_POINT ( 'NONE',  ( 17.15499999999999758, 7.469999999999999751, -3.090000000000001190 ) ) ;
#50 = EDGE_CURVE ( 'NONE', #2501, #3327, #2021, .T. ) ;
#51 = DIMENSIONAL_EXPONENTS ( 1.000000000000000000, 0.000000000000000000, 0.000000000000000000, 0.000000000000000000, 0.000000000000000000, 0.000000000000000000, 0.000000000000000000 ) ;
#52 = ORIENTED_EDGE ( 'NONE', *, *, #1519, .F. ) ;
#53 = EDGE_CURVE ( 'NONE', #1470, #2928, #307, .T. ) ;
#54 = FACE_OUTER_BOUND ( 'NONE', #1421, .T. ) ;
#55 = ORIENTED_EDGE ( 'NONE', *, *, #967, .F. ) ;
#56 = AXIS2_PLACEMENT_3D ( 'NONE', #1009, #1552, #167 ) ;
#57 = CARTESIAN_POINT ( 'NONE',  ( -17.30000000000000071, 2.603910208837011264E-15, 0.000000000000000000 ) ) ;
#58 = CARTESIAN_POINT ( 'NONE',  ( 17.19500000000000028, -7.220000000000001528, -0.1049999999999993577 ) ) ;
#59 = DIRECTION ( 'NONE',  ( 1.000000000000000000, 0.000000000000000000, 0.000000000000000000 ) ) ;
#60 = AXIS2_PLACEMENT_3D ( 'NONE', #3123, #2285, #3396 ) ;
#61 = ORIENTED_EDGE ( 'NONE', *, *, #2893, .T. ) ;
#62 = DIRECTION ( 'NONE',  ( 0.000000000000000000, 1.000000000000000000, -0.000000000000000000 ) ) ;
#63 = CARTESIAN_POINT ( 'NONE',  ( 17.40499999999999758, -7.470000000000002416, -0.2099999999999998812 ) ) ;
#64 = ORIENTED_EDGE ( 'NONE', *, *, #498, .F. ) ;
#65 = CARTESIAN_POINT ( 'NONE',  ( -17.19500000000000384, -7.220000000000001528, -0.2099999999999957734 ) ) ;
#66 = DIRECTION ( 'NONE',  ( -1.000000000000000000, 0.000000000000000000, -0.000000000000000000 ) ) ;
#67 = ORIENTED_EDGE ( 'NONE', *, *, #3045, .T. ) ;
#68 = AXIS2_PLACEMENT_3D ( 'NONE', #874, #2019, #1431 ) ;
#69 = EDGE_CURVE ( 'NONE', #3601, #816, #42, .T. ) ;
#70 = FACE_OUTER_BOUND ( 'NONE', #1233, .T. ) ;
#71 = AXIS2_PLACEMENT_3D ( 'NONE', #3005, #3589, #1301 ) ;
#72 = ORIENTED_EDGE ( 'NONE', *, *, #2379, .T. ) ;
#73 = ADVANCED_FACE ( 'NONE', ( #858 ), #356, .F. ) ;
#74 = CARTESIAN_POINT ( 'NONE',  ( -17.19500000000000384, 7.259999999999999787, 3.039180892951492757E-15 ) ) ;
#75 = FACE_OUTER_BOUND ( 'NONE', #1348, .T. ) ;
#76 = DIRECTION ( 'NONE',  ( -0.000000000000000000, -0.000000000000000000, 1.000000000000000000 ) ) ;
#77 = CARTESIAN_POINT ( 'NONE',  ( -0.000000000000000000, -7.365000000000002878, -0.7500000000000004441 ) ) ;
#78 = AXIS2_PLACEMENT_3D ( 'NONE', #984, #1787, #2634 ) ;
#79 = ORIENTED_EDGE ( 'NONE', *, *, #2484, .F. ) ;
#80 = AXIS2_PLACEMENT_3D ( 'NONE', #3170, #2954, #170 ) ;
#81 = CARTESIAN_POINT ( 'NONE',  ( 14.33813121871934904, 2.340000000000000302, 0.000000000000000000 ) ) ;
#82 = LINE ( 'NONE', #581, #159 ) ;
#83 = CARTESIAN_POINT ( 'NONE',  ( 14.33813121871934904, 2.500000000000000000, 0.000000000000000000 ) ) ;
#84 = DIRECTION ( 'NONE',  ( 0.000000000000000000, -1.000000000000000000, -0.000000000000000000 ) ) ;
#85 = FACE_OUTER_BOUND ( 'NONE', #1294, .T. ) ;
#86 = ORIENTED_EDGE ( 'NONE', *, *, #654, .F. ) ;
#87 = VERTEX_POINT ( 'NONE', #3393 ) ;
#88 = AXIS2_PLACEMENT_3D ( 'NONE', #2403, #1573, #997 ) ;
#89 = CIRCLE ( 'NONE', #1486, 0.2099999999999989930 ) ;
#90 = CARTESIAN_POINT ( 'NONE',  ( -12.90500000000000469, -5.470000000000000639, -3.090000000000001190 ) ) ;
#91 = EDGE_CURVE ( 'NONE', #2928, #2010, #3081, .T. ) ;
#92 = ORIENTED_EDGE ( 'NONE', *, *, #429, .F. ) ;
#93 = DIRECTION ( 'NONE',  ( 0.000000000000000000, 1.000000000000000000, 3.491481338843132961E-15 ) ) ;
#94 = CARTESIAN_POINT ( 'NONE',  ( 14.49813121871934918, -2.500000000000001332, 0.000000000000000000 ) ) ;
#95 = FACE_OUTER_BOUND ( 'NONE', #114, .T. ) ;
#96 = EDGE_CURVE ( 'NONE', #168, #2010, #1396, .T. ) ;
#97 = LINE ( 'NONE', #2621, #910 ) ;
#98 = ORIENTED_EDGE ( 'NONE', *, *, #598, .F. ) ;
#99 = CARTESIAN_POINT ( 'NONE',  ( 14.33813121871934904, -2.660000000000001030, -3.090000000000001190 ) ) ;
#100 = DIRECTION ( 'NONE',  ( 1.000000000000000000, 0.000000000000000000, 0.000000000000000000 ) ) ;
#101 = CARTESIAN_POINT ( 'NONE',  ( 17.15499999999999758, 7.469999999999999751, -0.7499999999999998890 ) ) ;
#102 = CARTESIAN_POINT ( 'NONE',  ( 17.19500000000000028, 7.219999999999999751, 0.000000000000000000 ) ) ;
#103 = ORIENTED_EDGE ( 'NONE', *, *, #316, .T. ) ;
#104 = EDGE_LOOP ( 'NONE', ( #2469, #3274, #802, #3523 ) ) ;
#105 = VERTEX_POINT ( 'NONE', #1432 ) ;
#106 = DIRECTION ( 'NONE',  ( 1.000000000000000000, 0.000000000000000000, 0.000000000000000000 ) ) ;
#107 = ORIENTED_EDGE ( 'NONE', *, *, #2664, .T. ) ;
#108 = LINE ( 'NONE', #3144, #1979 ) ;
#109 = EDGE_CURVE ( 'NONE', #1108, #1772, #1462, .T. ) ;
#110 = DIRECTION ( 'NONE',  ( 0.000000000000000000, 0.000000000000000000, -1.000000000000000000 ) ) ;
#111 = AXIS2_PLACEMENT_3D ( 'NONE', #2190, #1363, #1633 ) ;
#112 = CARTESIAN_POINT ( 'NONE',  ( -16.27000000000000668, 3.749999999999999112, -3.090000000000001190 ) ) ;
#113 = LINE ( 'NONE', #132, #1626 ) ;
#114 = EDGE_LOOP ( 'NONE', ( #3158, #248, #575, #382 ) ) ;
#115 = VECTOR ( 'NONE', #408, 39.37007874015748143 ) ;
#116 = ADVANCED_FACE ( 'NONE', ( #2848 ), #671, .F. ) ;
#117 = CARTESIAN_POINT ( 'NONE',  ( -17.02500000000000213, 7.259999999999999787, 0.000000000000000000 ) ) ;
#118 = CARTESIAN_POINT ( 'NONE',  ( -17.40500000000000114, 7.259999999999999787, -0.5000000000000004441 ) ) ;
#119 = LINE ( 'NONE', #2334, #737 ) ;
#120 = VECTOR ( 'NONE', #2591, 39.37007874015748143 ) ;
#121 = EDGE_CURVE ( 'NONE', #785, #1882, #1535, .T. ) ;
#122 = CARTESIAN_POINT ( 'NONE',  ( -16.27000000000001023, 2.499999999999999112, 0.000000000000000000 ) ) ;
#123 = VERTEX_POINT ( 'NONE', #1815 ) ;
#124 = ORIENTED_EDGE ( 'NONE', *, *, #1632, .T. ) ;
#125 = VERTEX_POINT ( 'NONE', #154 ) ;
#126 = DIRECTION ( 'NONE',  ( -0.000000000000000000, 0.000000000000000000, 1.000000000000000000 ) ) ;
#127 = ORIENTED_EDGE ( 'NONE', *, *, #2052, .T. ) ;
#128 = PLANE ( 'NONE',  #1164 ) ;
#129 = CARTESIAN_POINT ( 'NONE',  ( -17.02500000000000213, -7.220000000000001528, -3.090000000000001190 ) ) ;
#130 = AXIS2_PLACEMENT_3D ( 'NONE', #2885, #3554, #2424 ) ;
#131 = CARTESIAN_POINT ( 'NONE',  ( -16.17500000000000426, 3.749999999999999112, -3.090000000000001190 ) ) ;
#132 = CARTESIAN_POINT ( 'NONE',  ( -0.000000000000000000, -1.340000000000000524, -0.1049999999999999961 ) ) ;
#133 = ORIENTED_EDGE ( 'NONE', *, *, #1769, .T. ) ;
#134 = DIRECTION ( 'NONE',  ( -0.000000000000000000, 0.000000000000000000, 1.000000000000000000 ) ) ;
#135 = VECTOR ( 'NONE', #3325, 39.37007874015748143 ) ;
#136 = DIRECTION ( 'NONE',  ( 1.000000000000000000, 0.000000000000000000, 0.000000000000000000 ) ) ;
#137 = DIRECTION ( 'NONE',  ( -0.000000000000000000, -0.000000000000000000, 1.000000000000000000 ) ) ;
#138 = EDGE_CURVE ( 'NONE', #1752, #668, #649, .T. ) ;
#139 = CIRCLE ( 'NONE', #2245, 0.1899999999999997524 ) ;
#140 = PLANE ( 'NONE',  #3032 ) ;
#141 = EDGE_LOOP ( 'NONE', ( #2151, #795 ) ) ;
#142 = EDGE_CURVE ( 'NONE', #3051, #1825, #900, .T. ) ;
#143 = VERTEX_POINT ( 'NONE', #1269 ) ;
#144 = VERTEX_POINT ( 'NONE', #2659 ) ;
#145 = DIRECTION ( 'NONE',  ( 1.000000000000000000, -0.000000000000000000, -0.000000000000000000 ) ) ;
#146 = ADVANCED_FACE ( 'NONE', ( #376 ), #2070, .F. ) ;
#147 = ORIENTED_EDGE ( 'NONE', *, *, #749, .F. ) ;
#148 = FACE_BOUND ( 'NONE', #3291, .T. ) ;
#149 = CIRCLE ( 'NONE', #3243, 0.09999999999999947820 ) ;
#150 = CARTESIAN_POINT ( 'NONE',  ( -0.1850000000000045774, 4.970000000000001528, -3.090000000000001190 ) ) ;
#151 = DIRECTION ( 'NONE',  ( -0.000000000000000000, -0.000000000000000000, 1.000000000000000000 ) ) ;
#152 = EDGE_LOOP ( 'NONE', ( #79, #3468 ) ) ;
#153 = DIRECTION ( 'NONE',  ( -0.000000000000000000, -0.000000000000000000, 1.000000000000000000 ) ) ;
#154 = CARTESIAN_POINT ( 'NONE',  ( -17.40500000000000469, -7.220000000000001528, -0.2099999999999958566 ) ) ;
#155 = CARTESIAN_POINT ( 'NONE',  ( -17.30000000000000071, -4.520000000000002238, 0.000000000000000000 ) ) ;
#156 = ADVANCED_FACE ( 'NONE', ( #395 ), #1286, .F. ) ;
#157 = ORIENTED_EDGE ( 'NONE', *, *, #2514, .F. ) ;
#158 = VERTEX_POINT ( 'NONE', #1218 ) ;
#159 = VECTOR ( 'NONE', #2244, 39.37007874015748143 ) ;
#160 = EDGE_LOOP ( 'NONE', ( #362, #2961, #3302, #1636 ) ) ;
#161 = ADVANCED_FACE ( 'NONE', ( #3190 ), #996, .T. ) ;
#162 = CARTESIAN_POINT ( 'NONE',  ( 8.644999999999997797, 2.660000000000000586, 0.000000000000000000 ) ) ;
#163 = ORIENTED_EDGE ( 'NONE', *, *, #2864, .T. ) ;
#164 = ORIENTED_EDGE ( 'NONE', *, *, #880, .F. ) ;
#165 = EDGE_CURVE ( 'NONE', #3394, #1026, #728, .T. ) ;
#166 = CARTESIAN_POINT ( 'NONE',  ( 17.15499999999999758, 7.259999999999999787, -0.1050000000000004541 ) ) ;
#167 = DIRECTION ( 'NONE',  ( 1.092739197465705287E-15, -1.000000000000000000, 0.000000000000000000 ) ) ;
#168 = VERTEX_POINT ( 'NONE', #2402 ) ;
#169 = LINE ( 'NONE', #485, #2762 ) ;
#170 = DIRECTION ( 'NONE',  ( -3.388338596792882053E-15, 0.000000000000000000, 1.000000000000000000 ) ) ;
#171 = CARTESIAN_POINT ( 'NONE',  ( -10.90500000000000469, 4.969999999999999751, -0.1050000000000001071 ) ) ;
#172 = AXIS2_PLACEMENT_3D ( 'NONE', #603, #1165, #3139 ) ;
#173 = CARTESIAN_POINT ( 'NONE',  ( -11.34500000000000419, 4.969999999999999751, 0.000000000000000000 ) ) ;
#174 = ORIENTED_EDGE ( 'NONE', *, *, #2247, .F. ) ;
#175 = AXIS2_PLACEMENT_3D ( 'NONE', #1976, #558, #2807 ) ;
#176 = ORIENTED_EDGE ( 'NONE', *, *, #1843, .F. ) ;
#177 = ORIENTED_EDGE ( 'NONE', *, *, #392, .F. ) ;
#178 = CARTESIAN_POINT ( 'NONE',  ( 14.18499999999999694, -2.340000000000001190, 0.000000000000000000 ) ) ;
#179 = EDGE_CURVE ( 'NONE', #1911, #3375, #707, .T. ) ;
#180 = ORIENTED_EDGE ( 'NONE', *, *, #2326, .T. ) ;
#181 = ORIENTED_EDGE ( 'NONE', *, *, #5, .T. ) ;
#182 = CARTESIAN_POINT ( 'NONE',  ( -0.5850000000000026290, 4.970000000000003304, 0.000000000000000000 ) ) ;
#183 = LINE ( 'NONE', #516, #3210 ) ;
#184 = EDGE_CURVE ( 'NONE', #490, #87, #3514, .T. ) ;
#185 = ORIENTED_EDGE ( 'NONE', *, *, #121, .T. ) ;
#186 = CIRCLE ( 'NONE', #657, 0.1050000000000001071 ) ;
#187 = DIRECTION ( 'NONE',  ( -0.000000000000000000, -0.000000000000000000, 1.000000000000000000 ) ) ;
#188 = DIRECTION ( 'NONE',  ( 1.000000000000000000, 0.000000000000000000, 0.000000000000000000 ) ) ;
#189 = CARTESIAN_POINT ( 'NONE',  ( -16.27000000000001023, -2.500000000000000444, 0.000000000000000000 ) ) ;
#190 = VECTOR ( 'NONE', #3460, 39.37007874015748143 ) ;
#191 = VECTOR ( 'NONE', #613, 39.37007874015748143 ) ;
#192 = DIRECTION ( 'NONE',  ( -1.000000000000000000, 0.000000000000000000, -5.203519987931978849E-15 ) ) ;
#193 = ORIENTED_EDGE ( 'NONE', *, *, #1341, .F. ) ;
#194 = CIRCLE ( 'NONE', #372, 0.09499999999999994560 ) ;
#195 = ORIENTED_EDGE ( 'NONE', *, *, #478, .T. ) ;
#196 = VECTOR ( 'NONE', #3262, 39.37007874015748143 ) ;
#197 = PLANE ( 'NONE',  #758 ) ;
#198 = CARTESIAN_POINT ( 'NONE',  ( 14.18499999999999694, -2.340000000000001190, 0.000000000000000000 ) ) ;
#199 = CARTESIAN_POINT ( 'NONE',  ( -17.02500000000000213, 7.364999999999998437, 2.531088931804282259E-14 ) ) ;
#200 = ORIENTED_EDGE ( 'NONE', *, *, #3314, .F. ) ;
#201 = ORIENTED_EDGE ( 'NONE', *, *, #703, .F. ) ;
#202 = EDGE_CURVE ( 'NONE', #496, #1208, #2110, .T. ) ;
#203 = PLANE ( 'NONE',  #1418 ) ;
#204 = DIRECTION ( 'NONE',  ( -1.505150409732376264E-16, -1.000000000000000000, 0.000000000000000000 ) ) ;
#205 = ORIENTED_EDGE ( 'NONE', *, *, #1632, .F. ) ;
#206 = VECTOR ( 'NONE', #531, 39.37007874015748143 ) ;
#207 = DIRECTION ( 'NONE',  ( 1.000000000000000000, 0.000000000000000000, 0.000000000000000000 ) ) ;
#208 = ADVANCED_FACE ( 'NONE', ( #689 ), #3205, .F. ) ;
#209 = FACE_OUTER_BOUND ( 'NONE', #423, .T. ) ;
#210 = AXIS2_PLACEMENT_3D ( 'NONE', #3571, #1069, #2186 ) ;
#211 = DIRECTION ( 'NONE',  ( 1.000000000000000000, 0.000000000000000000, 0.000000000000000000 ) ) ;
#212 = CARTESIAN_POINT ( 'NONE',  ( 16.96499999999999631, -3.750000000000000888, -3.090000000000001190 ) ) ;
#213 = ORIENTED_EDGE ( 'NONE', *, *, #1788, .F. ) ;
#214 = VERTEX_POINT ( 'NONE', #3462 ) ;
#215 = CARTESIAN_POINT ( 'NONE',  ( 17.15499999999999758, 7.469999999999999751, -0.2099999999999996592 ) ) ;
#216 = CARTESIAN_POINT ( 'NONE',  ( 17.16499999999999559, -3.750000000000000888, -0.1050000000000001071 ) ) ;
#217 = DIRECTION ( 'NONE',  ( -1.000000000000000000, 0.000000000000000000, -0.000000000000000000 ) ) ;
#218 = ORIENTED_EDGE ( 'NONE', *, *, #1476, .T. ) ;
#219 = LINE ( 'NONE', #239, #2299 ) ;
#220 = CARTESIAN_POINT ( 'NONE',  ( 8.804999999999997939, 1.340000000000000524, 0.000000000000000000 ) ) ;
#221 = VERTEX_POINT ( 'NONE', #960 ) ;
#222 = LINE ( 'NONE', #1334, #3575 ) ;
#223 = CARTESIAN_POINT ( 'NONE',  ( 17.19499999999999673, 7.220000000000001528, -0.1049999999999993439 ) ) ;
#224 = DIRECTION ( 'NONE',  ( 0.000000000000000000, -1.000000000000000000, 0.000000000000000000 ) ) ;
#225 = EDGE_CURVE ( 'NONE', #757, #373, #3524, .T. ) ;
#226 = LINE ( 'NONE', #2404, #1464 ) ;
#227 = CIRCLE ( 'NONE', #1281, 0.09500000000000027867 ) ;
#228 = ORIENTED_EDGE ( 'NONE', *, *, #2685, .F. ) ;
#229 = VECTOR ( 'NONE', #591, 39.37007874015748143 ) ;
#231 = ADVANCED_FACE ( 'NONE', ( #1521 ), #2643, .F. ) ;
#230 = ORIENTED_EDGE ( 'NONE', *, *, #3426, .F. ) ;
#232 = AXIS2_PLACEMENT_3D ( 'NONE', #463, #1331, #2454 ) ;
#233 = CARTESIAN_POINT ( 'NONE',  ( -17.40500000000000114, 7.259999999999999787, -0.5000000000000004441 ) ) ;
#234 = DIRECTION ( 'NONE',  ( -0.000000000000000000, -0.000000000000000000, 1.000000000000000000 ) ) ;
#235 = DIRECTION ( 'NONE',  ( 0.000000000000000000, 0.000000000000000000, 1.000000000000000000 ) ) ;
#236 = VERTEX_POINT ( 'NONE', #2090 ) ;
#237 = AXIS2_PLACEMENT_3D ( 'NONE', #1157, #3404, #2790 ) ;
#238 = DIRECTION ( 'NONE',  ( 1.000000000000000000, 0.000000000000000000, 0.000000000000000000 ) ) ;
#239 = CARTESIAN_POINT ( 'NONE',  ( -16.27000000000001023, -3.750000000000000888, -3.090000000000001190 ) ) ;
#240 = DIRECTION ( 'NONE',  ( 1.000000000000000000, 0.000000000000000000, 0.000000000000000000 ) ) ;
#241 = EDGE_LOOP ( 'NONE', ( #964, #2460 ) ) ;
#242 = CARTESIAN_POINT ( 'NONE',  ( 8.804999999999997939, -1.340000000000000524, -0.1050000000000001071 ) ) ;
#243 = CARTESIAN_POINT ( 'NONE',  ( -5.605000000000003091, 2.849999999999999201, 0.000000000000000000 ) ) ;
#244 = FACE_OUTER_BOUND ( 'NONE', #1169, .T. ) ;
#245 = EDGE_LOOP ( 'NONE', ( #2888, #1671, #3488, #3354 ) ) ;
#246 = VECTOR ( 'NONE', #3100, 39.37007874015748143 ) ;
#247 = CARTESIAN_POINT ( 'NONE',  ( -16.08000000000000895, -2.500000000000000444, 0.000000000000000000 ) ) ;
#248 = ORIENTED_EDGE ( 'NONE', *, *, #634, .T. ) ;
#249 = AXIS2_PLACEMENT_3D ( 'NONE', #595, #1102, #3350 ) ;
#250 = EDGE_CURVE ( 'NONE', #43, #2549, #2935, .T. ) ;
#251 = ORIENTED_EDGE ( 'NONE', *, *, #2535, .T. ) ;
#252 = VECTOR ( 'NONE', #3547, 39.37007874015748143 ) ;
#253 = CARTESIAN_POINT ( 'NONE',  ( 6.594999999999997975, -5.850000000000000533, -0.1050000000000001071 ) ) ;
#254 = PLANE ( 'NONE',  #825 ) ;
#255 = EDGE_CURVE ( 'NONE', #1093, #2049, #520, .T. ) ;
#256 = AXIS2_PLACEMENT_3D ( 'NONE', #573, #1678, #296 ) ;
#257 = CARTESIAN_POINT ( 'NONE',  ( 14.18499999999999694, -2.660000000000001030, 0.000000000000000000 ) ) ;
#258 = ORIENTED_EDGE ( 'NONE', *, *, #2624, .F. ) ;
#259 = AXIS2_PLACEMENT_3D ( 'NONE', #1252, #2367, #977 ) ;
#260 = LINE ( 'NONE', #1934, #3581 ) ;
#261 = CARTESIAN_POINT ( 'NONE',  ( 17.15499999999999758, -7.260000000000001563, -0.2100000000000028511 ) ) ;
#262 = VERTEX_POINT ( 'NONE', #1572 ) ;
#263 = DIRECTION ( 'NONE',  ( 1.000000000000000000, 0.000000000000000000, 0.000000000000000000 ) ) ;
#264 = CARTESIAN_POINT ( 'NONE',  ( -16.08000000000000895, -2.500000000000000444, -0.1050000000000001071 ) ) ;
#265 = CARTESIAN_POINT ( 'NONE',  ( 8.804999999999996163, 3.660000000000000142, -0.1050000000000001071 ) ) ;
#266 = VECTOR ( 'NONE', #1579, 39.37007874015748143 ) ;
#267 = VERTEX_POINT ( 'NONE', #781 ) ;
#268 = CARTESIAN_POINT ( 'NONE',  ( -0.4900000000000023781, 4.970000000000003304, -0.1050000000000001071 ) ) ;
#269 = AXIS2_PLACEMENT_3D ( 'NONE', #920, #3147, #1720 ) ;
#270 = EDGE_LOOP ( 'NONE', ( #3231, #676, #2315, #2283, #2669, #1452, #2103, #2226, #2031, #2841, #103, #2718 ) ) ;
#271 = VERTEX_POINT ( 'NONE', #264 ) ;
#272 = EDGE_CURVE ( 'NONE', #1752, #348, #1088, .T. ) ;
#273 = LINE ( 'NONE', #2429, #1804 ) ;
#274 = CYLINDRICAL_SURFACE ( 'NONE', #3565, 0.09499999999999994560 ) ;
#275 = DIRECTION ( 'NONE',  ( -0.000000000000000000, -0.000000000000000000, 1.000000000000000000 ) ) ;
#276 = ORIENTED_EDGE ( 'NONE', *, *, #1276, .F. ) ;
#277 = EDGE_CURVE ( 'NONE', #855, #1416, #3534, .T. ) ;
#278 = DIRECTION ( 'NONE',  ( -0.000000000000000000, -1.000000000000000000, -0.000000000000000000 ) ) ;
#279 = CARTESIAN_POINT ( 'NONE',  ( -16.17500000000000426, 3.749999999999999112, 0.000000000000000000 ) ) ;
#280 = VERTEX_POINT ( 'NONE', #1906 ) ;
#281 = EDGE_CURVE ( 'NONE', #2433, #3520, #2201, .T. ) ;
#282 = DIRECTION ( 'NONE',  ( -1.256022066052534822E-16, 1.000000000000000000, -0.000000000000000000 ) ) ;
#283 = DIRECTION ( 'NONE',  ( -1.505150409732376510E-16, -1.000000000000000000, 0.000000000000000000 ) ) ;
#284 = CYLINDRICAL_SURFACE ( 'NONE', #564, 0.09500000000000008438 ) ;
#285 = ORIENTED_EDGE ( 'NONE', *, *, #478, .F. ) ;
#286 = EDGE_CURVE ( 'NONE', #602, #125, #2166, .T. ) ;
#287 = DIRECTION ( 'NONE',  ( -0.000000000000000000, 1.000000000000000000, 3.388338596792882053E-15 ) ) ;
#288 = DIRECTION ( 'NONE',  ( 1.000000000000000000, 0.000000000000000000, 0.000000000000000000 ) ) ;
#289 = ORIENTED_EDGE ( 'NONE', *, *, #2178, .T. ) ;
#290 = CARTESIAN_POINT ( 'NONE',  ( -17.40500000000000114, 7.259999999999999787, -0.5000000000000004441 ) ) ;
#291 = CIRCLE ( 'NONE', #2627, 0.09500000000000008438 ) ;
#292 = CARTESIAN_POINT ( 'NONE',  ( -16.17500000000001137, -2.500000000000000444, 0.000000000000000000 ) ) ;
#293 = CARTESIAN_POINT ( 'NONE',  ( 8.644999999999994245, -2.660000000000001030, -0.1050000000000001071 ) ) ;
#294 = ORIENTED_EDGE ( 'NONE', *, *, #2850, .T. ) ;
#295 = VECTOR ( 'NONE', #2106, 39.37007874015748143 ) ;
#296 = DIRECTION ( 'NONE',  ( -0.000000000000000000, 0.000000000000000000, 1.000000000000000000 ) ) ;
#297 = EDGE_CURVE ( 'NONE', #1545, #2635, #2125, .T. ) ;
#298 = CYLINDRICAL_SURFACE ( 'NONE', #2974, 0.09999999999999947820 ) ;
#299 = ORIENTED_EDGE ( 'NONE', *, *, #2437, .T. ) ;
#300 = CIRCLE ( 'NONE', #710, 0.1049999999999990108 ) ;
#301 = CARTESIAN_POINT ( 'NONE',  ( 17.40499999999999758, -7.220000000000001528, -3.090000000000001190 ) ) ;
#302 = PLANE ( 'NONE',  #1011 ) ;
#303 = ADVANCED_FACE ( 'NONE', ( #3038 ), #2497, .F. ) ;
#304 = LINE ( 'NONE', #2313, #2257 ) ;
#305 = ORIENTED_EDGE ( 'NONE', *, *, #2331, .T. ) ;
#306 = CARTESIAN_POINT ( 'NONE',  ( 8.644999999999994245, 2.340000000000000302, 0.000000000000000000 ) ) ;
#307 = LINE ( 'NONE', #28, #2851 ) ;
#308 = ORIENTED_EDGE ( 'NONE', *, *, #3179, .T. ) ;
#309 = AXIS2_PLACEMENT_3D ( 'NONE', #923, #3224, #134 ) ;
#310 = DIRECTION ( 'NONE',  ( -0.000000000000000000, 0.000000000000000000, 1.000000000000000000 ) ) ;
#311 = ORIENTED_EDGE ( 'NONE', *, *, #50, .F. ) ;
#312 = AXIS2_PLACEMENT_3D ( 'NONE', #1683, #2562, #40 ) ;
#313 = DIRECTION ( 'NONE',  ( -0.000000000000000000, -0.000000000000000000, 1.000000000000000000 ) ) ;
#314 = FACE_OUTER_BOUND ( 'NONE', #1101, .T. ) ;
#315 = VERTEX_POINT ( 'NONE', #1375 ) ;
#316 = EDGE_CURVE ( 'NONE', #2630, #1443, #760, .T. ) ;
#317 = CARTESIAN_POINT ( 'NONE',  ( 17.30000000000000071, -7.220000000000001528, -0.2099999999999980216 ) ) ;
#318 = PRODUCT_DEFINITION_CONTEXT ( 'detailed design', #3261, 'design' ) ;
#319 = DIRECTION ( 'NONE',  ( 0.000000000000000000, 1.000000000000000000, -3.388338596792882053E-15 ) ) ;
#320 = LINE ( 'NONE', #1427, #3364 ) ;
#321 = EDGE_LOOP ( 'NONE', ( #2763, #2838, #1733, #3276 ) ) ;
#322 = EDGE_CURVE ( 'NONE', #459, #2577, #1872, .T. ) ;
#323 = DIRECTION ( 'NONE',  ( 1.000000000000000000, 0.000000000000000000, 0.000000000000000000 ) ) ;
#324 = DIRECTION ( 'NONE',  ( 0.000000000000000000, -1.000000000000000000, 0.000000000000000000 ) ) ;
#325 = EDGE_LOOP ( 'NONE', ( #1183, #830, #1163, #2622 ) ) ;
#326 = EDGE_CURVE ( 'NONE', #1963, #1138, #139, .T. ) ;
#327 = VECTOR ( 'NONE', #3207, 39.37007874015748143 ) ;
#328 = CARTESIAN_POINT ( 'NONE',  ( -16.17500000000001137, -3.750000000000000888, -3.090000000000001190 ) ) ;
#329 = PLANE ( 'NONE',  #2222 ) ;
#330 = VERTEX_POINT ( 'NONE', #2147 ) ;
#331 = LINE ( 'NONE', #3366, #2182 ) ;
#332 = ORIENTED_EDGE ( 'NONE', *, *, #3463, .T. ) ;
#333 = DIMENSIONAL_EXPONENTS ( 1.000000000000000000, 0.000000000000000000, 0.000000000000000000, 0.000000000000000000, 0.000000000000000000, 0.000000000000000000, 0.000000000000000000 ) ;
#334 = LINE ( 'NONE', #2496, #3050 ) ;
#335 = CARTESIAN_POINT ( 'NONE',  ( -17.40500000000000114, 1.720000000000000195, -0.2699999999999970757 ) ) ;
#336 = CARTESIAN_POINT ( 'NONE',  ( 8.644999999999994245, 2.500000000000000000, -0.1050000000000001071 ) ) ;
#337 = ORIENTED_EDGE ( 'NONE', *, *, #3109, .T. ) ;
#338 = CARTESIAN_POINT ( 'NONE',  ( 17.40500000000000114, 7.469999999999996199, -0.7500000000000001110 ) ) ;
#339 = DIRECTION ( 'NONE',  ( 1.000000000000000000, -1.063651364263581690E-31, -3.139153109640060835E-17 ) ) ;
#340 = ADVANCED_FACE ( 'NONE', ( #3245 ), #744, .F. ) ;
#341 = VERTEX_POINT ( 'NONE', #243 ) ;
#342 = DIRECTION ( 'NONE',  ( -0.000000000000000000, -0.000000000000000000, 1.000000000000000000 ) ) ;
#343 = FACE_OUTER_BOUND ( 'NONE', #245, .T. ) ;
#344 = EDGE_CURVE ( 'NONE', #1138, #1025, #486, .T. ) ;
#345 = ORIENTED_EDGE ( 'NONE', *, *, #3003, .F. ) ;
#346 = DIRECTION ( 'NONE',  ( 1.505150409732376510E-16, 1.000000000000000000, 0.000000000000000000 ) ) ;
#347 = CIRCLE ( 'NONE', #1224, 0.4400000000000007794 ) ;
#348 = VERTEX_POINT ( 'NONE', #223 ) ;
#349 = DIRECTION ( 'NONE',  ( 1.000000000000000000, 0.000000000000000000, 0.000000000000000000 ) ) ;
#350 = DIRECTION ( 'NONE',  ( -1.000000000000000000, -0.000000000000000000, -0.000000000000000000 ) ) ;
#351 = DIRECTION ( 'NONE',  ( -1.000000000000000000, 0.000000000000000000, 0.000000000000000000 ) ) ;
#352 = CARTESIAN_POINT ( 'NONE',  ( 8.804999999999997939, -1.340000000000000524, -3.090000000000001190 ) ) ;
#353 = VECTOR ( 'NONE', #1176, 39.37007874015748143 ) ;
#354 = ORIENTED_EDGE ( 'NONE', *, *, #1325, .T. ) ;
#355 = DIRECTION ( 'NONE',  ( -0.000000000000000000, -0.000000000000000000, 1.000000000000000000 ) ) ;
#356 = CYLINDRICAL_SURFACE ( 'NONE', #1731, 0.09500000000000027867 ) ;
#357 = LINE ( 'NONE', #1503, #442 ) ;
#358 = FACE_OUTER_BOUND ( 'NONE', #2000, .T. ) ;
#359 = ADVANCED_FACE ( 'NONE', ( #209 ), #1624, .F. ) ;
#360 = CARTESIAN_POINT ( 'NONE',  ( 14.33813121871934904, -2.660000000000001030, -0.1049999999999999961 ) ) ;
#361 = ORIENTED_EDGE ( 'NONE', *, *, #3604, .F. ) ;
#362 = ORIENTED_EDGE ( 'NONE', *, *, #3157, .F. ) ;
#363 = AXIS2_PLACEMENT_3D ( 'NONE', #998, #2113, #3230 ) ;
#364 = EDGE_CURVE ( 'NONE', #3303, #1641, #2422, .T. ) ;
#365 = DIRECTION ( 'NONE',  ( 1.000000000000000000, 0.000000000000000000, 0.000000000000000000 ) ) ;
#366 = ORIENTED_EDGE ( 'NONE', *, *, #1256, .T. ) ;
#367 = AXIS2_PLACEMENT_3D ( 'NONE', #131, #3165, #665 ) ;
#368 =( NAMED_UNIT ( * ) PLANE_ANGLE_UNIT ( ) SI_UNIT ( $, .RADIAN. ) );
#369 = CARTESIAN_POINT ( 'NONE',  ( 6.594999999999997087, 2.849999999999999201, 0.000000000000000000 ) ) ;
#370 = CARTESIAN_POINT ( 'NONE',  ( 8.644999999999994245, 2.340000000000000302, -3.090000000000001190 ) ) ;
#371 = CYLINDRICAL_SURFACE ( 'NONE', #1226, 0.1600000000000004752 ) ;
#372 = AXIS2_PLACEMENT_3D ( 'NONE', #1548, #1845, #2946 ) ;
#373 = VERTEX_POINT ( 'NONE', #1050 ) ;
#374 = VECTOR ( 'NONE', #2843, 39.37007874015748143 ) ;
#375 = DIRECTION ( 'NONE',  ( 1.000000000000000000, 0.000000000000000000, 0.000000000000000000 ) ) ;
#376 = FACE_OUTER_BOUND ( 'NONE', #325, .T. ) ;
#377 = CARTESIAN_POINT ( 'NONE',  ( 17.27216115034698873, 7.259999999999999787, -0.1050000000000004541 ) ) ;
#378 = LINE ( 'NONE', #927, #2804 ) ;
#379 = FACE_BOUND ( 'NONE', #2163, .T. ) ;
#380 = ORIENTED_EDGE ( 'NONE', *, *, #612, .F. ) ;
#381 = EDGE_CURVE ( 'NONE', #901, #3549, #3006, .T. ) ;
#382 = ORIENTED_EDGE ( 'NONE', *, *, #1952, .F. ) ;
#383 = VECTOR ( 'NONE', #1042, 39.37007874015748143 ) ;
#384 = AXIS2_PLACEMENT_3D ( 'NONE', #1591, #224, #1105 ) ;
#385 = DIRECTION ( 'NONE',  ( -1.000000000000000000, 1.505150409732376510E-16, 0.000000000000000000 ) ) ;
#386 = EDGE_CURVE ( 'NONE', #963, #2382, #1068, .T. ) ;
#387 = ORIENTED_EDGE ( 'NONE', *, *, #3609, .F. ) ;
#388 = DIRECTION ( 'NONE',  ( -0.000000000000000000, 0.000000000000000000, 1.000000000000000000 ) ) ;
#389 = DIRECTION ( 'NONE',  ( 0.000000000000000000, 0.000000000000000000, 1.000000000000000000 ) ) ;
#390 = CARTESIAN_POINT ( 'NONE',  ( -17.30000000000000071, -7.220000000000001528, -0.2099999999999957734 ) ) ;
#391 = DIRECTION ( 'NONE',  ( 1.000000000000000000, 0.000000000000000000, 0.000000000000000000 ) ) ;
#392 = EDGE_CURVE ( 'NONE', #1857, #855, #3331, .T. ) ;
#393 = VERTEX_POINT ( 'NONE', #2294 ) ;
#394 = LINE ( 'NONE', #1538, #2821 ) ;
#395 = FACE_OUTER_BOUND ( 'NONE', #2135, .T. ) ;
#396 = CARTESIAN_POINT ( 'NONE',  ( -7.315000000000002167, 2.729999999999999538, -0.1050000000000001071 ) ) ;
#397 = LINE ( 'NONE', #2037, #2993 ) ;
#398 = ORIENTED_EDGE ( 'NONE', *, *, #1104, .T. ) ;
#399 = ORIENTED_EDGE ( 'NONE', *, *, #1529, .F. ) ;
#400 = ORIENTED_EDGE ( 'NONE', *, *, #1562, .T. ) ;
#401 = CARTESIAN_POINT ( 'NONE',  ( 8.804999999999997939, -2.660000000000001030, -3.090000000000001190 ) ) ;
#402 = ORIENTED_EDGE ( 'NONE', *, *, #386, .T. ) ;
#403 = FACE_BOUND ( 'NONE', #1975, .T. ) ;
#404 = DIRECTION ( 'NONE',  ( -1.000000000000000000, 0.000000000000000000, 1.626099996228726381E-16 ) ) ;
#405 = EDGE_CURVE ( 'NONE', #889, #43, #3370, .T. ) ;
#406 = AXIS2_PLACEMENT_3D ( 'NONE', #1859, #2486, #768 ) ;
#407 = CARTESIAN_POINT ( 'NONE',  ( 17.15499999999999758, -7.220000000000001528, 0.000000000000000000 ) ) ;
#408 = DIRECTION ( 'NONE',  ( 1.505150409732376264E-16, 1.000000000000000000, 0.000000000000000000 ) ) ;
#409 = ORIENTED_EDGE ( 'NONE', *, *, #1364, .T. ) ;
#410 = AXIS2_PLACEMENT_3D ( 'NONE', #3439, #2672, #1249 ) ;
#411 = CARTESIAN_POINT ( 'NONE',  ( -17.19500000000000384, 7.219999999999999751, -0.1049999999999969569 ) ) ;
#412 = EDGE_CURVE ( 'NONE', #1470, #168, #2826, .T. ) ;
#413 = DIRECTION ( 'NONE',  ( 0.000000000000000000, 0.000000000000000000, -1.000000000000000000 ) ) ;
#414 = LINE ( 'NONE', #1219, #2839 ) ;
#415 = AXIS2_PLACEMENT_3D ( 'NONE', #831, #3058, #3095 ) ;
#416 = CARTESIAN_POINT ( 'NONE',  ( 17.15499999999999758, 7.219999999999999751, 0.000000000000000000 ) ) ;
#417 = EDGE_CURVE ( 'NONE', #3375, #143, #1458, .T. ) ;
#418 = ORIENTED_EDGE ( 'NONE', *, *, #617, .F. ) ;
#419 = ORIENTED_EDGE ( 'NONE', *, *, #836, .F. ) ;
#420 = EDGE_LOOP ( 'NONE', ( #11, #2538, #2776, #2100 ) ) ;
#421 = CARTESIAN_POINT ( 'NONE',  ( 0.000000000000000000, 7.365000000000001101, -0.7500000000000004441 ) ) ;
#422 = CIRCLE ( 'NONE', #2464, 0.1899999999999997524 ) ;
#423 = EDGE_LOOP ( 'NONE', ( #2270, #2121, #2734, #3319 ) ) ;
#424 = DIRECTION ( 'NONE',  ( -0.000000000000000000, -0.000000000000000000, 1.000000000000000000 ) ) ;
#425 = DIRECTION ( 'NONE',  ( -0.000000000000000000, 0.000000000000000000, 1.000000000000000000 ) ) ;
#426 = DIRECTION ( 'NONE',  ( 1.000000000000000000, 0.000000000000000000, 0.000000000000000000 ) ) ;
#427 = ORIENTED_EDGE ( 'NONE', *, *, #3016, .T. ) ;
#428 = VECTOR ( 'NONE', #2744, 39.37007874015748143 ) ;
#429 = EDGE_CURVE ( 'NONE', #2577, #3035, #577, .T. ) ;
#430 = DIRECTION ( 'NONE',  ( -0.000000000000000000, -0.000000000000000000, 1.000000000000000000 ) ) ;
#431 = VECTOR ( 'NONE', #145, 39.37007874015748143 ) ;
#432 = CARTESIAN_POINT ( 'NONE',  ( 14.18499999999999694, 0.000000000000000000, -0.1049999999999999961 ) ) ;
#433 = PLANE ( 'NONE',  #854 ) ;
#434 = AXIS2_PLACEMENT_3D ( 'NONE', #1797, #2918, #413 ) ;
#435 = ADVANCED_FACE ( 'NONE', ( #1441 ), #1702, .F. ) ;
#436 = DIRECTION ( 'NONE',  ( 0.000000000000000000, 0.000000000000000000, 1.000000000000000000 ) ) ;
#437 = ORIENTED_EDGE ( 'NONE', *, *, #1364, .F. ) ;
#438 = ORIENTED_EDGE ( 'NONE', *, *, #2535, .F. ) ;
#440 = ADVANCED_FACE ( 'NONE', ( #3351 ), #2791, .T. ) ;
#439 = VERTEX_POINT ( 'NONE', #6 ) ;
#441 = DIRECTION ( 'NONE',  ( 0.000000000000000000, 0.000000000000000000, 1.000000000000000000 ) ) ;
#442 = VECTOR ( 'NONE', #2131, 39.37007874015748143 ) ;
#443 = ORIENTED_EDGE ( 'NONE', *, *, #1837, .T. ) ;
#444 = ORIENTED_EDGE ( 'NONE', *, *, #1321, .T. ) ;
#445 = VECTOR ( 'NONE', #815, 39.37007874015748143 ) ;
#446 = CARTESIAN_POINT ( 'NONE',  ( 8.644999999999994245, -2.660000000000001030, -3.090000000000001190 ) ) ;
#447 = FACE_OUTER_BOUND ( 'NONE', #3141, .T. ) ;
#448 = ORIENTED_EDGE ( 'NONE', *, *, #454, .F. ) ;
#449 = FACE_OUTER_BOUND ( 'NONE', #2795, .T. ) ;
#450 = DIRECTION ( 'NONE',  ( 1.000000000000000000, -1.040703997586395770E-14, -2.081407995172791540E-14 ) ) ;
#451 = CARTESIAN_POINT ( 'NONE',  ( 17.15499999999999758, -7.220000000000001528, -3.090000000000001190 ) ) ;
#452 = CARTESIAN_POINT ( 'NONE',  ( 16.96499999999999631, -3.750000000000000888, 0.000000000000000000 ) ) ;
#453 = ORIENTED_EDGE ( 'NONE', *, *, #1956, .F. ) ;
#454 = EDGE_CURVE ( 'NONE', #1709, #1221, #1103, .T. ) ;
#455 = EDGE_LOOP ( 'NONE', ( #2557, #1737, #541, #2077 ) ) ;
#456 = ORIENTED_EDGE ( 'NONE', *, *, #344, .T. ) ;
#457 = ADVANCED_FACE ( 'NONE', ( #887 ), #1961, .F. ) ;
#458 = CARTESIAN_POINT ( 'NONE',  ( -8.905000000000002913, -5.470000000000000639, -0.1050000000000001071 ) ) ;
#459 = VERTEX_POINT ( 'NONE', #2015 ) ;
#460 = EDGE_LOOP ( 'NONE', ( #3478, #3415, #1582, #2389 ) ) ;
#461 = EDGE_CURVE ( 'NONE', #855, #2923, #3461, .T. ) ;
#462 = DIRECTION ( 'NONE',  ( 0.000000000000000000, 0.000000000000000000, 1.000000000000000000 ) ) ;
#463 = CARTESIAN_POINT ( 'NONE',  ( 0.004999999999995166297, 4.970000000000001528, -0.1050000000000001071 ) ) ;
#464 = VERTEX_POINT ( 'NONE', #1158 ) ;
#465 = CARTESIAN_POINT ( 'NONE',  ( -16.17500000000001137, -3.750000000000000888, -0.1050000000000001071 ) ) ;
#466 = CARTESIAN_POINT ( 'NONE',  ( 8.644999999999994245, 2.500000000000000000, -3.090000000000001190 ) ) ;
#467 = PLANE ( 'NONE',  #2253 ) ;
#468 = VECTOR ( 'NONE', #1838, 39.37007874015748143 ) ;
#469 = DIRECTION ( 'NONE',  ( 1.000000000000000000, 0.000000000000000000, 0.000000000000000000 ) ) ;
#470 = EDGE_LOOP ( 'NONE', ( #1980, #3040, #1308, #3015 ) ) ;
#471 = VECTOR ( 'NONE', #851, 39.37007874015748143 ) ;
#472 = EDGE_LOOP ( 'NONE', ( #305, #2710, #86, #3250 ) ) ;
#473 = ORIENTED_EDGE ( 'NONE', *, *, #1565, .F. ) ;
#474 = ADVANCED_FACE ( 'NONE', ( #1391 ), #302, .F. ) ;
#475 = DIRECTION ( 'NONE',  ( -0.000000000000000000, -0.000000000000000000, 1.000000000000000000 ) ) ;
#476 = CARTESIAN_POINT ( 'NONE',  ( 8.804999999999997939, -1.340000000000000524, 0.000000000000000000 ) ) ;
#477 = EDGE_LOOP ( 'NONE', ( #929, #2419, #3424, #2673 ) ) ;
#478 = EDGE_CURVE ( 'NONE', #1820, #2767, #3059, .T. ) ;
#479 = DIRECTION ( 'NONE',  ( 0.000000000000000000, 0.000000000000000000, 1.000000000000000000 ) ) ;
#480 = ORIENTED_EDGE ( 'NONE', *, *, #2867, .T. ) ;
#481 = LINE ( 'NONE', #1297, #2357 ) ;
#482 = DIRECTION ( 'NONE',  ( 3.575514893035031481E-31, 2.375519994490634875E-15, -1.000000000000000000 ) ) ;
#483 = ORIENTED_EDGE ( 'NONE', *, *, #2933, .T. ) ;
#484 = VECTOR ( 'NONE', #1707, 39.37007874015748143 ) ;
#485 = CARTESIAN_POINT ( 'NONE',  ( 14.18499999999999694, -1.340000000000000524, -3.090000000000001190 ) ) ;
#486 = LINE ( 'NONE', #1355, #2592 ) ;
#487 = DIRECTION ( 'NONE',  ( 0.000000000000000000, -1.000000000000000000, 0.000000000000000000 ) ) ;
#488 = VECTOR ( 'NONE', #2671, 39.37007874015748143 ) ;
#489 = DIRECTION ( 'NONE',  ( 1.000000000000000000, 0.000000000000000000, 0.000000000000000000 ) ) ;
#490 = VERTEX_POINT ( 'NONE', #2259 ) ;
#491 = VERTEX_POINT ( 'NONE', #2547 ) ;
#492 = LINE ( 'NONE', #3597, #1167 ) ;
#493 = DIRECTION ( 'NONE',  ( -1.000000000000000000, 0.000000000000000000, 0.000000000000000000 ) ) ;
#494 = CARTESIAN_POINT ( 'NONE',  ( 8.804999999999996163, 2.660000000000000142, -3.090000000000001190 ) ) ;
#495 = EDGE_CURVE ( 'NONE', #820, #602, #2003, .T. ) ;
#496 = VERTEX_POINT ( 'NONE', #1666 ) ;
#497 = CARTESIAN_POINT ( 'NONE',  ( 17.40499999999999758, -7.220000000000001528, -0.7499999999999998890 ) ) ;
#498 = EDGE_CURVE ( 'NONE', #1994, #3257, #1888, .T. ) ;
#499 = PLANE ( 'NONE',  #1984 ) ;
#500 = ORIENTED_EDGE ( 'NONE', *, *, #3385, .T. ) ;
#501 = VECTOR ( 'NONE', #275, 39.37007874015748143 ) ;
#502 = CYLINDRICAL_SURFACE ( 'NONE', #2698, 0.4399999999999996692 ) ;
#503 = CARTESIAN_POINT ( 'NONE',  ( -17.02500000000000213, 7.470000000000000639, -0.7500000000000001110 ) ) ;
#504 = EDGE_CURVE ( 'NONE', #2159, #3450, #23, .T. ) ;
#505 = DIRECTION ( 'NONE',  ( 0.000000000000000000, -1.000000000000000000, -0.000000000000000000 ) ) ;
#506 = CARTESIAN_POINT ( 'NONE',  ( 17.27216115034698873, 7.259999999999999787, -4.780733988912460139E-16 ) ) ;
#507 = ORIENTED_EDGE ( 'NONE', *, *, #2264, .T. ) ;
#508 = EDGE_LOOP ( 'NONE', ( #1647, #1456, #2207, #35 ) ) ;
#509 = LINE ( 'NONE', #233, #701 ) ;
#510 = FACE_BOUND ( 'NONE', #3592, .T. ) ;
#511 = DIRECTION ( 'NONE',  ( 1.000000000000000000, 0.000000000000000000, 0.000000000000000000 ) ) ;
#512 = VECTOR ( 'NONE', #2833, 39.37007874015748143 ) ;
#513 = EDGE_LOOP ( 'NONE', ( #1153, #1685 ) ) ;
#514 = SHAPE_DEFINITION_REPRESENTATION ( #2771, #3508 ) ;
#515 = DIRECTION ( 'NONE',  ( -0.000000000000000000, 1.000000000000000000, -0.000000000000000000 ) ) ;
#516 = CARTESIAN_POINT ( 'NONE',  ( 17.15499999999999758, -7.220000000000001528, 0.000000000000000000 ) ) ;
#517 = ORIENTED_EDGE ( 'NONE', *, *, #922, .T. ) ;
#518 = EDGE_CURVE ( 'NONE', #1332, #87, #1140, .T. ) ;
#519 = CARTESIAN_POINT ( 'NONE',  ( -5.605000000000003091, 2.849999999999999201, -3.090000000000001190 ) ) ;
#520 = LINE ( 'NONE', #3590, #1830 ) ;
#521 = FACE_OUTER_BOUND ( 'NONE', #1273, .T. ) ;
#522 = EDGE_CURVE ( 'NONE', #2670, #2856, #596, .T. ) ;
#523 = CYLINDRICAL_SURFACE ( 'NONE', #1580, 0.09499999999999994560 ) ;
#524 = VERTEX_POINT ( 'NONE', #2929 ) ;
#525 = ORIENTED_EDGE ( 'NONE', *, *, #326, .F. ) ;
#526 = APPLICATION_CONTEXT ( 'automotive_design' ) ;
#527 = CIRCLE ( 'NONE', #1866, 0.1050000000000012312 ) ;
#528 = DIRECTION ( 'NONE',  ( -0.000000000000000000, 0.000000000000000000, 1.000000000000000000 ) ) ;
#529 = CARTESIAN_POINT ( 'NONE',  ( 0.000000000000000000, 0.000000000000000000, -0.1049999999999999961 ) ) ;
#530 = VECTOR ( 'NONE', #1729, 39.37007874015748143 ) ;
#531 = DIRECTION ( 'NONE',  ( 1.000000000000000000, 0.000000000000000000, 0.000000000000000000 ) ) ;
#532 = VERTEX_POINT ( 'NONE', #2602 ) ;
#533 = AXIS2_PLACEMENT_3D ( 'NONE', #1494, #3162, #349 ) ;
#534 = LINE ( 'NONE', #1172, #135 ) ;
#535 = DIRECTION ( 'NONE',  ( 0.000000000000000000, -1.000000000000000000, 0.000000000000000000 ) ) ;
#536 = ORIENTED_EDGE ( 'NONE', *, *, #769, .T. ) ;
#537 = CARTESIAN_POINT ( 'NONE',  ( 8.644999999999997797, 2.660000000000000586, -3.090000000000001190 ) ) ;
#538 = DIRECTION ( 'NONE',  ( 1.000000000000000000, 0.000000000000000000, 0.000000000000000000 ) ) ;
#539 = CARTESIAN_POINT ( 'NONE',  ( 8.644999999999997797, 2.660000000000000586, -0.1050000000000001071 ) ) ;
#540 = EDGE_CURVE ( 'NONE', #2189, #3511, #2876, .T. ) ;
#541 = ORIENTED_EDGE ( 'NONE', *, *, #774, .T. ) ;
#542 = VECTOR ( 'NONE', #817, 39.37007874015748143 ) ;
#543 = CARTESIAN_POINT ( 'NONE',  ( 8.644999999999994245, 2.340000000000000302, 0.000000000000000000 ) ) ;
#544 = ORIENTED_EDGE ( 'NONE', *, *, #461, .F. ) ;
#545 = CIRCLE ( 'NONE', #2118, 0.2100000000000012135 ) ;
#546 = EDGE_CURVE ( 'NONE', #2142, #3610, #841, .T. ) ;
#547 = EDGE_LOOP ( 'NONE', ( #3613, #3213, #2868, #1412 ) ) ;
#548 = AXIS2_PLACEMENT_3D ( 'NONE', #775, #3566, #3033 ) ;
#549 = PLANE ( 'NONE',  #1744 ) ;
#550 = FACE_BOUND ( 'NONE', #846, .T. ) ;
#551 = CARTESIAN_POINT ( 'NONE',  ( -17.30000000000000071, 2.486320333076669627E-15, -0.4999999999999991118 ) ) ;
#552 = EDGE_CURVE ( 'NONE', #2171, #1278, #2656, .T. ) ;
#553 = VERTEX_POINT ( 'NONE', #644 ) ;
#554 = AXIS2_PLACEMENT_3D ( 'NONE', #466, #2970, #3281 ) ;
#555 = DIRECTION ( 'NONE',  ( 1.000000000000000000, 0.000000000000000000, -3.491481338843132961E-15 ) ) ;
#556 = PLANE ( 'NONE',  #3498 ) ;
#557 = ORIENTED_EDGE ( 'NONE', *, *, #1883, .T. ) ;
#558 = DIRECTION ( 'NONE',  ( -3.491481338843132961E-15, -2.351797515206832258E-16, -1.000000000000000000 ) ) ;
#559 = CARTESIAN_POINT ( 'NONE',  ( -17.02500000000000213, -7.470000000000000639, -3.090000000000001190 ) ) ;
#560 = DIRECTION ( 'NONE',  ( 1.000000000000000000, -2.185478394931412547E-15, 0.000000000000000000 ) ) ;
#561 = CIRCLE ( 'NONE', #1484, 0.1600000000000004752 ) ;
#562 = ORIENTED_EDGE ( 'NONE', *, *, #2664, .F. ) ;
#563 = CARTESIAN_POINT ( 'NONE',  ( 17.15499999999999758, 7.469999999999999751, -3.090000000000001190 ) ) ;
#564 = AXIS2_PLACEMENT_3D ( 'NONE', #2532, #1442, #1459 ) ;
#565 = CARTESIAN_POINT ( 'NONE',  ( -0.5850000000000026290, 4.970000000000003304, -3.090000000000001190 ) ) ;
#566 = ORIENTED_EDGE ( 'NONE', *, *, #1902, .T. ) ;
#567 = LINE ( 'NONE', #2521, #2921 ) ;
#568 = EDGE_CURVE ( 'NONE', #1389, #221, #2066, .T. ) ;
#569 = DIRECTION ( 'NONE',  ( 0.000000000000000000, 0.000000000000000000, 1.000000000000000000 ) ) ;
#570 = LINE ( 'NONE', #2505, #206 ) ;
#571 = ORIENTED_EDGE ( 'NONE', *, *, #885, .F. ) ;
#572 = EDGE_CURVE ( 'NONE', #1389, #2058, #3476, .T. ) ;
#573 = CARTESIAN_POINT ( 'NONE',  ( 8.804999999999997939, 2.340000000000000302, -3.090000000000001190 ) ) ;
#574 = FACE_OUTER_BOUND ( 'NONE', #2666, .T. ) ;
#575 = ORIENTED_EDGE ( 'NONE', *, *, #2132, .T. ) ;
#576 = DIRECTION ( 'NONE',  ( 3.414809992080342927E-15, 1.000000000000000000, 0.000000000000000000 ) ) ;
#577 = LINE ( 'NONE', #335, #374 ) ;
#578 = CARTESIAN_POINT ( 'NONE',  ( 17.40499999999999758, 7.469999999999996199, -0.2099999999999976885 ) ) ;
#579 = ORIENTED_EDGE ( 'NONE', *, *, #277, .F. ) ;
#580 = DIRECTION ( 'NONE',  ( 0.000000000000000000, 0.000000000000000000, 1.000000000000000000 ) ) ;
#581 = CARTESIAN_POINT ( 'NONE',  ( -10.46500000000000341, 4.969999999999999751, -3.090000000000001190 ) ) ;
#582 = EDGE_LOOP ( 'NONE', ( #2388, #1343 ) ) ;
#583 = CARTESIAN_POINT ( 'NONE',  ( 8.644999999999997797, 2.660000000000000586, -3.090000000000001190 ) ) ;
#584 = CIRCLE ( 'NONE', #2038, 0.1600000000000004752 ) ;
#585 = CARTESIAN_POINT ( 'NONE',  ( 14.18499999999999694, 2.340000000000000302, -3.090000000000001190 ) ) ;
#586 = CARTESIAN_POINT ( 'NONE',  ( -5.605000000000003979, -5.850000000000000533, -3.090000000000001190 ) ) ;
#587 = ADVANCED_FACE ( 'NONE', ( #702 ), #1534, .F. ) ;
#588 = EDGE_LOOP ( 'NONE', ( #285, #3545, #2849, #2878 ) ) ;
#589 = AXIS2_PLACEMENT_3D ( 'NONE', #261, #240, #776 ) ;
#590 = CYLINDRICAL_SURFACE ( 'NONE', #2470, 0.1049999999999990108 ) ;
#591 = DIRECTION ( 'NONE',  ( 1.505150409732376264E-16, 1.000000000000000000, -2.351797515206837681E-16 ) ) ;
#592 = EDGE_CURVE ( 'NONE', #2987, #459, #956, .T. ) ;
#593 = ORIENTED_EDGE ( 'NONE', *, *, #2466, .T. ) ;
#594 = AXIS2_PLACEMENT_3D ( 'NONE', #611, #1718, #1457 ) ;
#595 = CARTESIAN_POINT ( 'NONE',  ( 17.27216115034698873, 7.259999999999999787, -0.2100000000000005473 ) ) ;
#596 = LINE ( 'NONE', #2085, #2939 ) ;
#597 = DIRECTION ( 'NONE',  ( -0.000000000000000000, 0.000000000000000000, 1.000000000000000000 ) ) ;
#598 = EDGE_CURVE ( 'NONE', #2075, #2230, #1230, .T. ) ;
#599 = ORIENTED_EDGE ( 'NONE', *, *, #297, .T. ) ;
#600 = CARTESIAN_POINT ( 'NONE',  ( 8.804999999999997939, -2.660000000000001030, -3.090000000000001190 ) ) ;
#601 = LINE ( 'NONE', #2519, #3194 ) ;
#602 = VERTEX_POINT ( 'NONE', #390 ) ;
#603 = CARTESIAN_POINT ( 'NONE',  ( 17.15499999999999758, 7.219999999999999751, -3.090000000000001190 ) ) ;
#604 = AXIS2_PLACEMENT_3D ( 'NONE', #907, #287, #2536 ) ;
#605 = DIRECTION ( 'NONE',  ( -0.000000000000000000, -0.000000000000000000, 1.000000000000000000 ) ) ;
#606 = VERTEX_POINT ( 'NONE', #685 ) ;
#607 = VECTOR ( 'NONE', #2543, 39.37007874015748143 ) ;
#608 = CARTESIAN_POINT ( 'NONE',  ( 17.15499999999999758, 7.259999999999999787, 0.000000000000000000 ) ) ;
#609 = AXIS2_PLACEMENT_3D ( 'NONE', #2730, #2772, #1891 ) ;
#610 = EDGE_LOOP ( 'NONE', ( #786, #1795, #21, #2994 ) ) ;
#611 = CARTESIAN_POINT ( 'NONE',  ( 0.004999999999995166297, 4.970000000000001528, -3.090000000000001190 ) ) ;
#612 = EDGE_CURVE ( 'NONE', #373, #315, #2029, .T. ) ;
#613 = DIRECTION ( 'NONE',  ( -0.000000000000000000, -0.000000000000000000, 1.000000000000000000 ) ) ;
#614 = CARTESIAN_POINT ( 'NONE',  ( -17.40500000000000114, 2.588106129534821809E-15, -0.2099999999999969391 ) ) ;
#615 = EDGE_LOOP ( 'NONE', ( #1118, #1280, #2695, #2788 ) ) ;
#616 = FACE_OUTER_BOUND ( 'NONE', #588, .T. ) ;
#617 = EDGE_CURVE ( 'NONE', #602, #1026, #3186, .T. ) ;
#618 = CARTESIAN_POINT ( 'NONE',  ( 8.804999999999997939, -2.660000000000001030, 0.000000000000000000 ) ) ;
#619 = ORIENTED_EDGE ( 'NONE', *, *, #3600, .T. ) ;
#620 = VECTOR ( 'NONE', #1376, 39.37007874015748143 ) ;
#621 = DIRECTION ( 'NONE',  ( -1.000000000000000000, -5.122214988120478891E-15, 0.000000000000000000 ) ) ;
#622 = PLANE ( 'NONE',  #1232 ) ;
#623 = VERTEX_POINT ( 'NONE', #2913 ) ;
#624 = CARTESIAN_POINT ( 'NONE',  ( 14.33813121871934904, 2.500000000000000000, 0.000000000000000000 ) ) ;
#625 = VERTEX_POINT ( 'NONE', #407 ) ;
#626 = DIRECTION ( 'NONE',  ( 0.000000000000000000, -1.000000000000000000, 3.414809992080325572E-15 ) ) ;
#627 = DIRECTION ( 'NONE',  ( 1.000000000000000000, 0.000000000000000000, 0.000000000000000000 ) ) ;
#628 = FACE_OUTER_BOUND ( 'NONE', #767, .T. ) ;
#629 = ORIENTED_EDGE ( 'NONE', *, *, #2785, .T. ) ;
#630 = EDGE_CURVE ( 'NONE', #1963, #2116, #1265, .T. ) ;
#631 = LINE ( 'NONE', #2262, #1639 ) ;
#632 = CARTESIAN_POINT ( 'NONE',  ( 14.49813121871934918, -2.500000000000001332, -3.090000000000001190 ) ) ;
#634 = EDGE_CURVE ( 'NONE', #2195, #393, #2620, .T. ) ;
#633 = VERTEX_POINT ( 'NONE', #1515 ) ;
#635 = CARTESIAN_POINT ( 'NONE',  ( 14.49813121871934918, 2.500000000000000000, 0.000000000000000000 ) ) ;
#636 = CARTESIAN_POINT ( 'NONE',  ( 14.18499999999999694, -1.340000000000000524, -3.090000000000001190 ) ) ;
#637 = ORIENTED_EDGE ( 'NONE', *, *, #1152, .F. ) ;
#638 = EDGE_LOOP ( 'NONE', ( #1946, #3427, #3483, #562, #1403, #448, #2306, #876, #3198, #1499, #2221, #276, #1001 ) ) ;
#639 = PLANE ( 'NONE',  #3232 ) ;
#640 = AXIS2_PLACEMENT_3D ( 'NONE', #2233, #2787, #3326 ) ;
#641 = EDGE_LOOP ( 'NONE', ( #1524, #3255, #3011, #3161 ) ) ;
#642 = LINE ( 'NONE', #1790, #1621 ) ;
#643 = LINE ( 'NONE', #1229, #3214 ) ;
#644 = CARTESIAN_POINT ( 'NONE',  ( 8.804999999999997939, -2.660000000000001030, -0.1050000000000001071 ) ) ;
#645 = LINE ( 'NONE', #793, #2160 ) ;
#646 = VECTOR ( 'NONE', #1168, 39.37007874015748143 ) ;
#647 = ORIENTED_EDGE ( 'NONE', *, *, #1497, .F. ) ;
#648 = LINE ( 'NONE', #994, #3106 ) ;
#649 = LINE ( 'NONE', #2608, #1017 ) ;
#650 = ADVANCED_FACE ( 'NONE', ( #2104 ), #3220, .F. ) ;
#651 = PLANE ( 'NONE',  #796 ) ;
#652 = CARTESIAN_POINT ( 'NONE',  ( -17.40500000000000114, 7.259999999999999787, -0.5000000000000004441 ) ) ;
#653 = FACE_OUTER_BOUND ( 'NONE', #982, .T. ) ;
#654 = EDGE_CURVE ( 'NONE', #1044, #2551, #2311, .T. ) ;
#655 = EDGE_LOOP ( 'NONE', ( #2153, #3540 ) ) ;
#656 = ORIENTED_EDGE ( 'NONE', *, *, #3515, .F. ) ;
#657 = AXIS2_PLACEMENT_3D ( 'NONE', #3249, #1306, #1053 ) ;
#658 = ADVANCED_FACE ( 'NONE', ( #95 ), #937, .F. ) ;
#659 = CARTESIAN_POINT ( 'NONE',  ( 14.18499999999999517, 1.340000000000000524, 0.000000000000000000 ) ) ;
#660 = AXIS2_PLACEMENT_3D ( 'NONE', #3204, #2316, #1216 ) ;
#661 = ORIENTED_EDGE ( 'NONE', *, *, #1404, .F. ) ;
#662 = VECTOR ( 'NONE', #973, 39.37007874015748143 ) ;
#663 = FACE_BOUND ( 'NONE', #638, .T. ) ;
#664 = CYLINDRICAL_SURFACE ( 'NONE', #995, 0.2100000000000002143 ) ;
#665 = DIRECTION ( 'NONE',  ( 1.000000000000000000, 0.000000000000000000, 0.000000000000000000 ) ) ;
#666 = LINE ( 'NONE', #2603, #1373 ) ;
#667 = CIRCLE ( 'NONE', #2704, 0.09999999999999947820 ) ;
#668 = VERTEX_POINT ( 'NONE', #1774 ) ;
#669 = VECTOR ( 'NONE', #1177, 39.37007874015748143 ) ;
#670 = FACE_OUTER_BOUND ( 'NONE', #3175, .T. ) ;
#671 = CYLINDRICAL_SURFACE ( 'NONE', #2769, 0.09499999999999994560 ) ;
#672 = DIRECTION ( 'NONE',  ( 0.000000000000000000, -0.000000000000000000, 1.000000000000000000 ) ) ;
#673 = LINE ( 'NONE', #2370, #3556 ) ;
#674 = ORIENTED_EDGE ( 'NONE', *, *, #1451, .T. ) ;
#675 = ORIENTED_EDGE ( 'NONE', *, *, #3357, .F. ) ;
#676 = ORIENTED_EDGE ( 'NONE', *, *, #3579, .T. ) ;
#677 = VECTOR ( 'NONE', #1061, 39.37007874015748143 ) ;
#678 = ADVANCED_FACE ( 'NONE', ( #1496 ), #1247, .F. ) ;
#679 = VECTOR ( 'NONE', #3098, 39.37007874015748143 ) ;
#680 = PLANE ( 'NONE',  #2242 ) ;
#681 = ORIENTED_EDGE ( 'NONE', *, *, #1919, .F. ) ;
#682 = EDGE_CURVE ( 'NONE', #1207, #2767, #2764, .T. ) ;
#683 = DIRECTION ( 'NONE',  ( 1.000000000000000000, 0.000000000000000000, 0.000000000000000000 ) ) ;
#684 = LINE ( 'NONE', #1791, #2748 ) ;
#685 = CARTESIAN_POINT ( 'NONE',  ( -5.605000000000003091, 2.849999999999999201, -0.1049999999999999961 ) ) ;
#686 = FACE_OUTER_BOUND ( 'NONE', #1887, .T. ) ;
#687 = EDGE_LOOP ( 'NONE', ( #2114, #195, #2900, #1110 ) ) ;
#688 = CARTESIAN_POINT ( 'NONE',  ( -17.19500000000000384, 7.259999999999999787, -0.1049999999999969291 ) ) ;
#689 = FACE_OUTER_BOUND ( 'NONE', #1057, .T. ) ;
#690 = FACE_OUTER_BOUND ( 'NONE', #1846, .T. ) ;
#691 = CARTESIAN_POINT ( 'NONE',  ( -17.02500000000000213, -7.470000000000003304, -0.7500000000000001110 ) ) ;
#692 = ORIENTED_EDGE ( 'NONE', *, *, #412, .T. ) ;
#693 = ORIENTED_EDGE ( 'NONE', *, *, #2910, .T. ) ;
#694 = ORIENTED_EDGE ( 'NONE', *, *, #3604, .T. ) ;
#695 = CARTESIAN_POINT ( 'NONE',  ( -17.19500000000000384, 7.219999999999999751, -0.1049999999999969569 ) ) ;
#696 = EDGE_CURVE ( 'NONE', #348, #1332, #1130, .T. ) ;
#697 = VERTEX_POINT ( 'NONE', #1618 ) ;
#698 = FACE_BOUND ( 'NONE', #1189, .T. ) ;
#699 = PRODUCT_DEFINITION_FORMATION_WITH_SPECIFIED_SOURCE ( 'ANY', '', #1074, .NOT_KNOWN. ) ;
#700 = CARTESIAN_POINT ( 'NONE',  ( 0.4999999999999972800, 4.970000000000003304, 0.000000000000000000 ) ) ;
#701 = VECTOR ( 'NONE', #2463, 39.37007874015748143 ) ;
#702 = FACE_OUTER_BOUND ( 'NONE', #460, .T. ) ;
#703 = EDGE_CURVE ( 'NONE', #2301, #1278, #2416, .T. ) ;
#704 = CARTESIAN_POINT ( 'NONE',  ( 14.33813121871934904, -2.500000000000001332, -3.090000000000001190 ) ) ;
#705 = VECTOR ( 'NONE', #1387, 39.37007874015748143 ) ;
#706 = CARTESIAN_POINT ( 'NONE',  ( 8.804999999999997939, 2.340000000000000302, 0.000000000000000000 ) ) ;
#707 = LINE ( 'NONE', #2675, #2887 ) ;
#708 = EDGE_CURVE ( 'NONE', #3087, #3295, #3403, .T. ) ;
#709 = CARTESIAN_POINT ( 'NONE',  ( -17.02500000000000213, -7.365000000000002878, -0.7500000000000004441 ) ) ;
#710 = AXIS2_PLACEMENT_3D ( 'NONE', #2579, #2046, #918 ) ;
#711 =( NAMED_UNIT ( * ) SI_UNIT ( $, .STERADIAN. ) SOLID_ANGLE_UNIT ( ) );
#712 = ORIENTED_EDGE ( 'NONE', *, *, #1727, .F. ) ;
#713 = ORIENTED_EDGE ( 'NONE', *, *, #2056, .T. ) ;
#714 = ORIENTED_EDGE ( 'NONE', *, *, #3045, .F. ) ;
#715 = DIRECTION ( 'NONE',  ( -0.000000000000000000, 0.000000000000000000, 1.000000000000000000 ) ) ;
#716 = VECTOR ( 'NONE', #62, 39.37007874015748143 ) ;
#717 = ORIENTED_EDGE ( 'NONE', *, *, #2471, .T. ) ;
#718 = CARTESIAN_POINT ( 'NONE',  ( -16.17500000000001137, -2.500000000000000444, -0.1050000000000001071 ) ) ;
#719 = ORIENTED_EDGE ( 'NONE', *, *, #2491, .T. ) ;
#720 = AXIS2_PLACEMENT_3D ( 'NONE', #2383, #2917, #1251 ) ;
#721 = DIRECTION ( 'NONE',  ( -0.000000000000000000, -0.000000000000000000, 1.000000000000000000 ) ) ;
#722 = DIRECTION ( 'NONE',  ( 1.000000000000000000, 0.000000000000000000, 0.000000000000000000 ) ) ;
#723 = ORIENTED_EDGE ( 'NONE', *, *, #2269, .T. ) ;
#724 = VECTOR ( 'NONE', #881, 39.37007874015748143 ) ;
#725 = EDGE_CURVE ( 'NONE', #2462, #1323, #3169, .T. ) ;
#726 = CARTESIAN_POINT ( 'NONE',  ( 8.804999999999997939, 0.000000000000000000, -0.1049999999999999961 ) ) ;
#727 = AXIS2_PLACEMENT_3D ( 'NONE', #1696, #313, #3381 ) ;
#728 = LINE ( 'NONE', #2350, #3410 ) ;
#729 = DIRECTION ( 'NONE',  ( 0.000000000000000000, 0.000000000000000000, 1.000000000000000000 ) ) ;
#730 = VECTOR ( 'NONE', #3151, 39.37007874015748143 ) ;
#731 = ADVANCED_FACE ( 'NONE', ( #2472 ), #203, .F. ) ;
#732 = DIRECTION ( 'NONE',  ( -3.491481338843132961E-15, -2.351797515206832258E-16, -1.000000000000000000 ) ) ;
#733 = ORIENTED_EDGE ( 'NONE', *, *, #2914, .T. ) ;
#734 = ORIENTED_EDGE ( 'NONE', *, *, #2132, .F. ) ;
#735 = VERTEX_POINT ( 'NONE', #809 ) ;
#736 = PLANE ( 'NONE',  #2413 ) ;
#737 = VECTOR ( 'NONE', #1556, 39.37007874015748143 ) ;
#738 = ORIENTED_EDGE ( 'NONE', *, *, #3509, .F. ) ;
#739 = AXIS2_PLACEMENT_3D ( 'NONE', #2498, #560, #1356 ) ;
#740 = DIRECTION ( 'NONE',  ( 1.000000000000000000, 0.000000000000000000, 0.000000000000000000 ) ) ;
#741 = CARTESIAN_POINT ( 'NONE',  ( -0.4900000000000023781, 4.970000000000003304, -3.090000000000001190 ) ) ;
#742 = ORIENTED_EDGE ( 'NONE', *, *, #2399, .T. ) ;
#743 = LINE ( 'NONE', #3280, #2409 ) ;
#744 = CYLINDRICAL_SURFACE ( 'NONE', #554, 0.1600000000000004752 ) ;
#745 = CARTESIAN_POINT ( 'NONE',  ( -16.27000000000001023, -2.500000000000000444, -3.090000000000001190 ) ) ;
#746 = EDGE_CURVE ( 'NONE', #2947, #1709, #3586, .T. ) ;
#747 = CARTESIAN_POINT ( 'NONE',  ( -16.17500000000001137, 2.499999999999999112, 0.000000000000000000 ) ) ;
#748 = ORIENTED_EDGE ( 'NONE', *, *, #819, .F. ) ;
#749 = EDGE_CURVE ( 'NONE', #1550, #105, #1901, .T. ) ;
#750 = ORIENTED_EDGE ( 'NONE', *, *, #2789, .T. ) ;
#751 = EDGE_LOOP ( 'NONE', ( #892, #3485, #896, #3265 ) ) ;
#752 = CARTESIAN_POINT ( 'NONE',  ( -17.02500000000000213, -7.470000000000000639, -0.2099999999999985767 ) ) ;
#753 = ORIENTED_EDGE ( 'NONE', *, *, #696, .T. ) ;
#754 = ORIENTED_EDGE ( 'NONE', *, *, #552, .F. ) ;
#755 = CARTESIAN_POINT ( 'NONE',  ( 0.000000000000000000, 2.849999999999999201, -0.1049999999999999961 ) ) ;
#756 = LINE ( 'NONE', #2745, #2568 ) ;
#757 = VERTEX_POINT ( 'NONE', #1045 ) ;
#758 = AXIS2_PLACEMENT_3D ( 'NONE', #1344, #2720, #1577 ) ;
#759 = DIRECTION ( 'NONE',  ( 1.000000000000000000, 0.000000000000000000, 0.000000000000000000 ) ) ;
#760 = LINE ( 'NONE', #3570, #2009 ) ;
#761 = CARTESIAN_POINT ( 'NONE',  ( 17.16499999999999559, -3.750000000000000888, -3.090000000000001190 ) ) ;
#762 = VECTOR ( 'NONE', #1029, 39.37007874015748143 ) ;
#763 = DIRECTION ( 'NONE',  ( -0.000000000000000000, -0.000000000000000000, 1.000000000000000000 ) ) ;
#764 = EDGE_CURVE ( 'NONE', #1716, #1857, #1567, .T. ) ;
#765 = ORIENTED_EDGE ( 'NONE', *, *, #179, .T. ) ;
#766 = CIRCLE ( 'NONE', #2341, 0.09499999999999994560 ) ;
#767 = EDGE_LOOP ( 'NONE', ( #675, #2613, #791, #2777 ) ) ;
#768 = DIRECTION ( 'NONE',  ( 0.000000000000000000, 0.000000000000000000, -1.000000000000000000 ) ) ;
#769 = EDGE_CURVE ( 'NONE', #2080, #958, #2161, .T. ) ;
#770 = CARTESIAN_POINT ( 'NONE',  ( 17.15499999999999758, 7.469999999999999751, -0.2099999999999996592 ) ) ;
#771 = LINE ( 'NONE', #199, #1133 ) ;
#772 = ORIENTED_EDGE ( 'NONE', *, *, #2169, .T. ) ;
#773 = ORIENTED_EDGE ( 'NONE', *, *, #3329, .F. ) ;
#774 = EDGE_CURVE ( 'NONE', #1840, #606, #1603, .T. ) ;
#775 = CARTESIAN_POINT ( 'NONE',  ( -17.40500000000000469, -7.220000000000001528, -3.090000000000001190 ) ) ;
#776 = DIRECTION ( 'NONE',  ( 0.000000000000000000, 0.000000000000000000, 1.000000000000000000 ) ) ;
#777 = ORIENTED_EDGE ( 'NONE', *, *, #2173, .F. ) ;
#778 = VECTOR ( 'NONE', #153, 39.37007874015748143 ) ;
#779 = ADVANCED_FACE ( 'NONE', ( #1551 ), #3277, .F. ) ;
#780 = DIRECTION ( 'NONE',  ( -0.000000000000000000, -0.000000000000000000, 1.000000000000000000 ) ) ;
#781 = CARTESIAN_POINT ( 'NONE',  ( -9.345000000000002416, -5.470000000000000639, -0.1050000000000001071 ) ) ;
#782 = PLANE ( 'NONE',  #739 ) ;
#783 = VECTOR ( 'NONE', #1661, 39.37007874015748143 ) ;
#784 = LINE ( 'NONE', #212, #1525 ) ;
#785 = VERTEX_POINT ( 'NONE', #2688 ) ;
#786 = ORIENTED_EDGE ( 'NONE', *, *, #1740, .F. ) ;
#787 = CARTESIAN_POINT ( 'NONE',  ( 17.15499999999999758, 7.469999999999999751, 0.000000000000000000 ) ) ;
#788 = CARTESIAN_POINT ( 'NONE',  ( -8.905000000000002913, -5.470000000000000639, -0.1050000000000001071 ) ) ;
#789 = DIRECTION ( 'NONE',  ( 1.000000000000000000, 0.000000000000000000, 0.000000000000000000 ) ) ;
#790 = EDGE_CURVE ( 'NONE', #491, #236, #481, .T. ) ;
#791 = ORIENTED_EDGE ( 'NONE', *, *, #2901, .T. ) ;
#792 = CARTESIAN_POINT ( 'NONE',  ( -17.40500000000000114, 4.520000000000000462, -0.4999999999999998335 ) ) ;
#793 = CARTESIAN_POINT ( 'NONE',  ( -16.08000000000000540, 3.749999999999999112, -3.090000000000001190 ) ) ;
#794 = EDGE_CURVE ( 'NONE', #2564, #2206, #3001, .T. ) ;
#795 = ORIENTED_EDGE ( 'NONE', *, *, #2652, .F. ) ;
#796 = AXIS2_PLACEMENT_3D ( 'NONE', #1096, #1635, #1932 ) ;
#797 = DIRECTION ( 'NONE',  ( -0.000000000000000000, 0.000000000000000000, 1.000000000000000000 ) ) ;
#798 = DIRECTION ( 'NONE',  ( 1.000000000000000000, 0.000000000000000000, 0.000000000000000000 ) ) ;
#799 = DIRECTION ( 'NONE',  ( -1.000000000000000000, 0.000000000000000000, -3.491481338843134539E-15 ) ) ;
#800 = DIRECTION ( 'NONE',  ( 1.000000000000000000, 0.000000000000000000, 0.000000000000000000 ) ) ;
#801 = EDGE_LOOP ( 'NONE', ( #2092, #1560, #2944, #1223 ) ) ;
#802 = ORIENTED_EDGE ( 'NONE', *, *, #179, .F. ) ;
#803 = CARTESIAN_POINT ( 'NONE',  ( 17.40499999999999758, 7.470000000000000639, -0.7500000000000001110 ) ) ;
#804 = DIRECTION ( 'NONE',  ( -0.000000000000000000, 0.000000000000000000, 1.000000000000000000 ) ) ;
#805 = CARTESIAN_POINT ( 'NONE',  ( 17.06500000000000128, 3.749999999999999112, -0.1050000000000001071 ) ) ;
#806 = VECTOR ( 'NONE', #1181, 39.37007874015748143 ) ;
#807 = VERTEX_POINT ( 'NONE', #497 ) ;
#808 = PRODUCT_DEFINITION ( 'UNKNOWN', '', #699, #318 ) ;
#809 = CARTESIAN_POINT ( 'NONE',  ( 0.4999999999999972800, 4.970000000000003304, -0.1050000000000001071 ) ) ;
#810 = CYLINDRICAL_SURFACE ( 'NONE', #2282, 0.09500000000000008438 ) ;
#811 = ORIENTED_EDGE ( 'NONE', *, *, #1541, .T. ) ;
#812 = CARTESIAN_POINT ( 'NONE',  ( 17.06499999999999773, -3.750000000000000888, -0.1050000000000001071 ) ) ;
#813 = EDGE_CURVE ( 'NONE', #2574, #1820, #2828, .T. ) ;
#814 = DIRECTION ( 'NONE',  ( -0.000000000000000000, -0.000000000000000000, 1.000000000000000000 ) ) ;
#815 = DIRECTION ( 'NONE',  ( -0.000000000000000000, -0.000000000000000000, 1.000000000000000000 ) ) ;
#816 = VERTEX_POINT ( 'NONE', #3308 ) ;
#817 = DIRECTION ( 'NONE',  ( -0.000000000000000000, -0.000000000000000000, 1.000000000000000000 ) ) ;
#818 = CIRCLE ( 'NONE', #1802, 0.09499999999999994560 ) ;
#819 = EDGE_CURVE ( 'NONE', #1812, #785, #219, .T. ) ;
#820 = VERTEX_POINT ( 'NONE', #1063 ) ;
#821 = VECTOR ( 'NONE', #3028, 39.37007874015748143 ) ;
#822 = VERTEX_POINT ( 'NONE', #2179 ) ;
#823 = DIRECTION ( 'NONE',  ( 1.000000000000000000, 0.000000000000000000, 0.000000000000000000 ) ) ;
#824 = LINE ( 'NONE', #1931, #1342 ) ;
#825 = AXIS2_PLACEMENT_3D ( 'NONE', #3048, #1095, #2191 ) ;
#826 = DIRECTION ( 'NONE',  ( -1.000000000000000000, 1.256022066052534822E-16, 0.000000000000000000 ) ) ;
#827 = VERTEX_POINT ( 'NONE', #1349 ) ;
#828 = CARTESIAN_POINT ( 'NONE',  ( 14.33813121871935259, -2.340000000000001190, -0.1050000000000001071 ) ) ;
#829 = DIRECTION ( 'NONE',  ( 0.000000000000000000, -2.375519994490634875E-15, 1.000000000000000000 ) ) ;
#830 = ORIENTED_EDGE ( 'NONE', *, *, #1814, .T. ) ;
#831 = CARTESIAN_POINT ( 'NONE',  ( -14.67500000000000249, 2.729999999999999538, -3.090000000000001190 ) ) ;
#832 = CARTESIAN_POINT ( 'NONE',  ( -17.02500000000000213, -7.260000000000001563, -0.2099999999999972722 ) ) ;
#833 = CARTESIAN_POINT ( 'NONE',  ( 14.18499999999999694, 2.340000000000000302, -3.090000000000001190 ) ) ;
#834 = ORIENTED_EDGE ( 'NONE', *, *, #316, .F. ) ;
#835 = VECTOR ( 'NONE', #1669, 39.37007874015748143 ) ;
#836 = EDGE_CURVE ( 'NONE', #1208, #2301, #36, .T. ) ;
#837 = FACE_OUTER_BOUND ( 'NONE', #2941, .T. ) ;
#838 = VERTEX_POINT ( 'NONE', #1 ) ;
#840 = EDGE_CURVE ( 'NONE', #2058, #3079, #2802, .T. ) ;
#839 = ORIENTED_EDGE ( 'NONE', *, *, #2667, .F. ) ;
#841 = CIRCLE ( 'NONE', #953, 0.4400000000000007794 ) ;
#842 =( CONVERSION_BASED_UNIT ( 'INCH', #911 ) LENGTH_UNIT ( ) NAMED_UNIT ( #51 ) );
#843 = FACE_BOUND ( 'NONE', #455, .T. ) ;
#844 = AXIS2_PLACEMENT_3D ( 'NONE', #2391, #1002, #2448 ) ;
#845 = LINE ( 'NONE', #1951, #2489 ) ;
#847 = ADVANCED_FACE ( 'NONE', ( #2289 ), #590, .F. ) ;
#846 = EDGE_LOOP ( 'NONE', ( #3065, #3574 ) ) ;
#848 = FACE_OUTER_BOUND ( 'NONE', #3127, .T. ) ;
#849 = CARTESIAN_POINT ( 'NONE',  ( 17.15499999999999758, 7.259999999999999787, -0.1050000000000004541 ) ) ;
#850 = ORIENTED_EDGE ( 'NONE', *, *, #2379, .F. ) ;
#851 = DIRECTION ( 'NONE',  ( 0.000000000000000000, 1.000000000000000000, 0.000000000000000000 ) ) ;
#852 = CARTESIAN_POINT ( 'NONE',  ( 8.644999999999997797, 2.660000000000000586, 0.000000000000000000 ) ) ;
#853 = DIRECTION ( 'NONE',  ( 0.000000000000000000, 1.000000000000000000, -3.491481338843132961E-15 ) ) ;
#854 = AXIS2_PLACEMENT_3D ( 'NONE', #1798, #2676, #1836 ) ;
#855 = VERTEX_POINT ( 'NONE', #3602 ) ;
#856 = LINE ( 'NONE', #2280, #1819 ) ;
#857 = CIRCLE ( 'NONE', #269, 0.09999999999999947820 ) ;
#858 = FACE_OUTER_BOUND ( 'NONE', #687, .T. ) ;
#859 = ADVANCED_FACE ( 'NONE', ( #54 ), #1098, .T. ) ;
#860 = ORIENTED_EDGE ( 'NONE', *, *, #1166, .F. ) ;
#861 = SURFACE_STYLE_FILL_AREA ( #3360 ) ;
#862 = FACE_BOUND ( 'NONE', #160, .T. ) ;
#863 = EDGE_CURVE ( 'NONE', #3159, #105, #2213, .T. ) ;
#864 = DIRECTION ( 'NONE',  ( 0.000000000000000000, 1.000000000000000000, -3.491481338843132961E-15 ) ) ;
#865 = ORIENTED_EDGE ( 'NONE', *, *, #495, .T. ) ;
#866 = ADVANCED_FACE ( 'NONE', ( #898 ), #1116, .F. ) ;
#867 = CARTESIAN_POINT ( 'NONE',  ( -9.345000000000002416, -5.470000000000000639, -3.090000000000001190 ) ) ;
#868 = CARTESIAN_POINT ( 'NONE',  ( -17.02500000000000213, 7.219999999999999751, -3.090000000000001190 ) ) ;
#869 = ORIENTED_EDGE ( 'NONE', *, *, #3397, .F. ) ;
#870 = FACE_OUTER_BOUND ( 'NONE', #3268, .T. ) ;
#871 = CARTESIAN_POINT ( 'NONE',  ( 17.30000000000000071, 7.219999999999999751, -0.2099999999999980216 ) ) ;
#872 = LINE ( 'NONE', #614, #2719 ) ;
#873 = ORIENTED_EDGE ( 'NONE', *, *, #1293, .T. ) ;
#874 = CARTESIAN_POINT ( 'NONE',  ( 17.15499999999999758, -7.220000000000001528, -3.090000000000001190 ) ) ;
#875 = EDGE_LOOP ( 'NONE', ( #579, #177, #2907, #2339 ) ) ;
#876 = ORIENTED_EDGE ( 'NONE', *, *, #2780, .F. ) ;
#877 = DIRECTION ( 'NONE',  ( -0.000000000000000000, 0.000000000000000000, 1.000000000000000000 ) ) ;
#878 = LINE ( 'NONE', #1712, #1630 ) ;
#879 = ORIENTED_EDGE ( 'NONE', *, *, #2984, .F. ) ;
#880 = EDGE_CURVE ( 'NONE', #697, #2372, #534, .T. ) ;
#881 = DIRECTION ( 'NONE',  ( 3.388338596792882053E-15, 0.000000000000000000, -1.000000000000000000 ) ) ;
#882 = DIRECTION ( 'NONE',  ( -0.000000000000000000, -0.000000000000000000, 1.000000000000000000 ) ) ;
#883 = ORIENTED_EDGE ( 'NONE', *, *, #863, .F. ) ;
#884 = AXIS2_PLACEMENT_3D ( 'NONE', #129, #2345, #2064 ) ;
#885 = EDGE_CURVE ( 'NONE', #2987, #2665, #331, .T. ) ;
#886 = PLANE ( 'NONE',  #415 ) ;
#887 = FACE_OUTER_BOUND ( 'NONE', #47, .T. ) ;
#888 = DIRECTION ( 'NONE',  ( -1.256022066052534822E-16, 1.000000000000000000, -0.000000000000000000 ) ) ;
#889 = VERTEX_POINT ( 'NONE', #828 ) ;
#890 = LINE ( 'NONE', #338, #2115 ) ;
#891 = ORIENTED_EDGE ( 'NONE', *, *, #3600, .F. ) ;
#892 = ORIENTED_EDGE ( 'NONE', *, *, #3329, .T. ) ;
#893 = CARTESIAN_POINT ( 'NONE',  ( 14.18499999999999517, -3.660000000000000142, -0.1050000000000001071 ) ) ;
#894 = DIRECTION ( 'NONE',  ( 0.000000000000000000, -1.000000000000000000, 0.000000000000000000 ) ) ;
#895 = AXIS2_PLACEMENT_3D ( 'NONE', #182, #2397, #1867 ) ;
#896 = ORIENTED_EDGE ( 'NONE', *, *, #3532, .F. ) ;
#897 = VECTOR ( 'NONE', #2683, 39.37007874015748143 ) ;
#898 = FACE_OUTER_BOUND ( 'NONE', #2412, .T. ) ;
#899 = EDGE_CURVE ( 'NONE', #267, #3558, #1638, .T. ) ;
#900 = CIRCLE ( 'NONE', #1652, 0.4400000000000007794 ) ;
#901 = VERTEX_POINT ( 'NONE', #2492 ) ;
#902 = DIRECTION ( 'NONE',  ( -1.000000000000000000, 0.000000000000000000, 1.626099996228726381E-16 ) ) ;
#903 = DIRECTION ( 'NONE',  ( 0.000000000000000000, 3.388338596792882053E-15, 1.000000000000000000 ) ) ;
#904 = EDGE_CURVE ( 'NONE', #3316, #341, #2765, .T. ) ;
#905 = DIRECTION ( 'NONE',  ( 1.505150409732376264E-16, 1.000000000000000000, -1.505150409732376510E-16 ) ) ;
#906 = ORIENTED_EDGE ( 'NONE', *, *, #2241, .T. ) ;
#907 = CARTESIAN_POINT ( 'NONE',  ( 0.000000000000000000, 7.364999999999998437, 2.531088931804282259E-14 ) ) ;
#908 = DIRECTION ( 'NONE',  ( 0.000000000000000000, -0.000000000000000000, -1.000000000000000000 ) ) ;
#909 = AXIS2_PLACEMENT_3D ( 'NONE', #1760, #3341, #2883 ) ;
#910 = VECTOR ( 'NONE', #938, 39.37007874015748143 ) ;
#911 = LENGTH_MEASURE_WITH_UNIT ( LENGTH_MEASURE( 0.02539999999999999897 ), #2303 );
#912 = FACE_OUTER_BOUND ( 'NONE', #1022, .T. ) ;
#913 = ORIENTED_EDGE ( 'NONE', *, *, #1446, .T. ) ;
#914 = CARTESIAN_POINT ( 'NONE',  ( -14.67500000000000249, 2.729999999999999538, 0.000000000000000000 ) ) ;
#915 = EDGE_LOOP ( 'NONE', ( #712, #3136, #308, #2317 ) ) ;
#916 = CARTESIAN_POINT ( 'NONE',  ( 0.000000000000000000, 0.000000000000000000, 0.000000000000000000 ) ) ;
#917 = EDGE_CURVE ( 'NONE', #496, #1398, #260, .T. ) ;
#918 = DIRECTION ( 'NONE',  ( 0.000000000000000000, 0.000000000000000000, 1.000000000000000000 ) ) ;
#919 = DIRECTION ( 'NONE',  ( 0.000000000000000000, -0.000000000000000000, 1.000000000000000000 ) ) ;
#920 = CARTESIAN_POINT ( 'NONE',  ( 17.06499999999999773, -3.750000000000000888, 0.000000000000000000 ) ) ;
#921 = ORIENTED_EDGE ( 'NONE', *, *, #2356, .T. ) ;
#922 = EDGE_CURVE ( 'NONE', #3520, #2501, #2942, .T. ) ;
#923 = CARTESIAN_POINT ( 'NONE',  ( 17.15499999999999758, 7.469999999999999751, -3.090000000000001190 ) ) ;
#924 = DIRECTION ( 'NONE',  ( 0.000000000000000000, -1.000000000000000000, 0.000000000000000000 ) ) ;
#925 = DIRECTION ( 'NONE',  ( 1.000000000000000000, 0.000000000000000000, 0.000000000000000000 ) ) ;
#926 = ADVANCED_FACE ( 'NONE', ( #848 ), #1955, .F. ) ;
#927 = CARTESIAN_POINT ( 'NONE',  ( -17.19500000000000384, -7.220000000000001528, 0.000000000000000000 ) ) ;
#928 = CARTESIAN_POINT ( 'NONE',  ( -17.30000000000000071, -7.220000000000001528, 0.000000000000000000 ) ) ;
#929 = ORIENTED_EDGE ( 'NONE', *, *, #1481, .F. ) ;
#930 = ORIENTED_EDGE ( 'NONE', *, *, #1148, .F. ) ;
#931 = CIRCLE ( 'NONE', #2451, 0.09499999999999994560 ) ;
#932 = DIRECTION ( 'NONE',  ( 0.000000000000000000, 0.000000000000000000, 1.000000000000000000 ) ) ;
#933 = AXIS2_PLACEMENT_3D ( 'NONE', #290, #3067, #2267 ) ;
#934 = ORIENTED_EDGE ( 'NONE', *, *, #225, .F. ) ;
#935 =( NAMED_UNIT ( * ) SI_UNIT ( $, .STERADIAN. ) SOLID_ANGLE_UNIT ( ) );
#936 = LINE ( 'NONE', #3163, #2165 ) ;
#937 = CYLINDRICAL_SURFACE ( 'NONE', #367, 0.09499999999999994560 ) ;
#938 = DIRECTION ( 'NONE',  ( -1.000000000000000000, 1.505150409732376510E-16, 3.491481338843132961E-15 ) ) ;
#939 = AXIS2_PLACEMENT_3D ( 'NONE', #1211, #1310, #1195 ) ;
#940 = EDGE_LOOP ( 'NONE', ( #2170, #1284, #2145, #1222 ) ) ;
#941 = CARTESIAN_POINT ( 'NONE',  ( -7.315000000000002167, -1.461313935916204509E-15, -0.1049999999999999961 ) ) ;
#942 = DIRECTION ( 'NONE',  ( -0.000000000000000000, 1.000000000000000000, 0.000000000000000000 ) ) ;
#943 = DIRECTION ( 'NONE',  ( 0.000000000000000000, 0.000000000000000000, 1.000000000000000000 ) ) ;
#944 = ADVANCED_FACE ( 'NONE', ( #3089 ), #2525, .F. ) ;
#945 = DIRECTION ( 'NONE',  ( 0.000000000000000000, 0.000000000000000000, 1.000000000000000000 ) ) ;
#946 = VERTEX_POINT ( 'NONE', #2254 ) ;
#947 = ADVANCED_FACE ( 'NONE', ( #3107 ), #1973, .F. ) ;
#948 = EDGE_LOOP ( 'NONE', ( #345, #2338, #1290, #205 ) ) ;
#949 = ORIENTED_EDGE ( 'NONE', *, *, #790, .F. ) ;
#950 = AXIS2_PLACEMENT_3D ( 'NONE', #2847, #2812, #1964 ) ;
#951 = LINE ( 'NONE', #2323, #1014 ) ;
#952 = ORIENTED_EDGE ( 'NONE', *, *, #2667, .T. ) ;
#953 = AXIS2_PLACEMENT_3D ( 'NONE', #3457, #425, #2047 ) ;
#954 = FACE_BOUND ( 'NONE', #2648, .T. ) ;
#955 = CARTESIAN_POINT ( 'NONE',  ( -16.27000000000001023, 2.499999999999999112, -3.090000000000001190 ) ) ;
#956 = LINE ( 'NONE', #2328, #2997 ) ;
#957 = LINE ( 'NONE', #2639, #1601 ) ;
#958 = VERTEX_POINT ( 'NONE', #608 ) ;
#959 = LINE ( 'NONE', #976, #2235 ) ;
#960 = CARTESIAN_POINT ( 'NONE',  ( -7.315000000000002167, 2.729999999999999538, 0.000000000000000000 ) ) ;
#961 = DIRECTION ( 'NONE',  ( 1.000000000000000000, 0.000000000000000000, 0.000000000000000000 ) ) ;
#962 = EDGE_CURVE ( 'NONE', #3010, #1949, #1944, .T. ) ;
#963 = VERTEX_POINT ( 'NONE', #2307 ) ;
#964 = ORIENTED_EDGE ( 'NONE', *, *, #3421, .F. ) ;
#965 = ORIENTED_EDGE ( 'NONE', *, *, #1471, .T. ) ;
#966 = AXIS2_PLACEMENT_3D ( 'NONE', #3445, #729, #2936 ) ;
#967 = EDGE_CURVE ( 'NONE', #221, #1379, #1244, .T. ) ;
#968 = DIRECTION ( 'NONE',  ( 0.000000000000000000, 0.000000000000000000, -1.000000000000000000 ) ) ;
#969 = ORIENTED_EDGE ( 'NONE', *, *, #202, .F. ) ;
#970 = CARTESIAN_POINT ( 'NONE',  ( 16.96499999999999986, 3.749999999999999112, -0.1050000000000001071 ) ) ;
#971 = ADVANCED_FACE ( 'NONE', ( #2043 ), #680, .F. ) ;
#972 = FACE_BOUND ( 'NONE', #3449, .T. ) ;
#973 = DIRECTION ( 'NONE',  ( -1.000000000000000000, 0.000000000000000000, 0.000000000000000000 ) ) ;
#974 = DIRECTION ( 'NONE',  ( -1.000000000000000000, 0.000000000000000000, -3.388338596792882053E-15 ) ) ;
#975 = ORIENTED_EDGE ( 'NONE', *, *, #3509, .T. ) ;
#976 = CARTESIAN_POINT ( 'NONE',  ( -0.000000000000000000, 2.340000000000000302, -0.1049999999999999961 ) ) ;
#977 = DIRECTION ( 'NONE',  ( 1.000000000000000000, 0.000000000000000000, 0.000000000000000000 ) ) ;
#978 = VECTOR ( 'NONE', #924, 39.37007874015748143 ) ;
#979 = CARTESIAN_POINT ( 'NONE',  ( -17.40500000000000469, -7.220000000000001528, 0.000000000000000000 ) ) ;
#980 = DIRECTION ( 'NONE',  ( 1.000000000000000000, 0.000000000000000000, 0.000000000000000000 ) ) ;
#981 = ORIENTED_EDGE ( 'NONE', *, *, #46, .F. ) ;
#982 = EDGE_LOOP ( 'NONE', ( #2834, #2426, #1915, #453, #983, #337, #1690, #3124, #3434, #1000, #869, #2141 ) ) ;
#983 = ORIENTED_EDGE ( 'NONE', *, *, #1993, .F. ) ;
#984 = CARTESIAN_POINT ( 'NONE',  ( 8.644999999999994245, -2.500000000000001332, -3.090000000000001190 ) ) ;
#985 = EDGE_CURVE ( 'NONE', #2309, #1767, #3348, .T. ) ;
#986 = VERTEX_POINT ( 'NONE', #659 ) ;
#987 = CARTESIAN_POINT ( 'NONE',  ( -17.30000000000000071, -4.520000000000002238, -0.4999999999999980016 ) ) ;
#988 = ORIENTED_EDGE ( 'NONE', *, *, #322, .F. ) ;
#989 = CIRCLE ( 'NONE', #2335, 0.09499999999999994560 ) ;
#990 = CARTESIAN_POINT ( 'NONE',  ( -8.465000000000003411, -5.470000000000000639, -3.090000000000001190 ) ) ;
#991 = CARTESIAN_POINT ( 'NONE',  ( -5.605000000000003091, 2.849999999999999201, -3.090000000000001190 ) ) ;
#992 = ADVANCED_FACE ( 'NONE', ( #2615 ), #1805, .F. ) ;
#993 = VERTEX_POINT ( 'NONE', #2360 ) ;
#994 = CARTESIAN_POINT ( 'NONE',  ( 0.000000000000000000, 2.660000000000000142, -0.1049999999999999961 ) ) ;
#995 = AXIS2_PLACEMENT_3D ( 'NONE', #3145, #902, #626 ) ;
#996 = PLANE ( 'NONE',  #80 ) ;
#997 = DIRECTION ( 'NONE',  ( 1.000000000000000000, 0.000000000000000000, 3.414809992080361465E-15 ) ) ;
#998 = CARTESIAN_POINT ( 'NONE',  ( 0.004999999999995166297, 4.970000000000001528, 0.000000000000000000 ) ) ;
#999 = EDGE_LOOP ( 'NONE', ( #1894, #3252, #2741, #2553 ) ) ;
#1000 = ORIENTED_EDGE ( 'NONE', *, *, #1877, .F. ) ;
#1001 = ORIENTED_EDGE ( 'NONE', *, *, #522, .F. ) ;
#1002 = DIRECTION ( 'NONE',  ( 1.000000000000000000, 0.000000000000000000, 0.000000000000000000 ) ) ;
#1003 = CIRCLE ( 'NONE', #1413, 0.09500000000000008438 ) ;
#1004 = EDGE_LOOP ( 'NONE', ( #2373, #865, #2055, #2687 ) ) ;
#1005 = APPLICATION_PROTOCOL_DEFINITION ( 'draft international standard', 'automotive_design', 1998, #526 ) ;
#1006 = ORIENTED_EDGE ( 'NONE', *, *, #1833, .F. ) ;
#1007 = ADVANCED_FACE ( 'NONE', ( #1771 ), #2909, .F. ) ;
#1008 = CARTESIAN_POINT ( 'NONE',  ( 14.18499999999999694, 2.660000000000000142, -3.090000000000001190 ) ) ;
#1009 = CARTESIAN_POINT ( 'NONE',  ( 8.804999999999997939, -1.340000000000000524, -3.090000000000001190 ) ) ;
#1010 = ORIENTED_EDGE ( 'NONE', *, *, #2036, .T. ) ;
#1011 = AXIS2_PLACEMENT_3D ( 'NONE', #3388, #3097, #1719 ) ;
#1012 = CYLINDRICAL_SURFACE ( 'NONE', #2297, 0.09499999999999994560 ) ;
#1013 = ADVANCED_FACE ( 'NONE', ( #2576 ), #3433, .F. ) ;
#1014 = VECTOR ( 'NONE', #2061, 39.37007874015748143 ) ;
#1015 = CARTESIAN_POINT ( 'NONE',  ( 0.000000000000000000, -2.660000000000001030, -0.1049999999999999961 ) ) ;
#1016 = CARTESIAN_POINT ( 'NONE',  ( 17.15499999999999758, 7.364999999999998437, 2.531088931804282259E-14 ) ) ;
#1017 = VECTOR ( 'NONE', #3480, 39.37007874015748143 ) ;
#1018 = FACE_OUTER_BOUND ( 'NONE', #1784, .T. ) ;
#1019 = EDGE_CURVE ( 'NONE', #1825, #3051, #2589, .T. ) ;
#1020 = ORIENTED_EDGE ( 'NONE', *, *, #165, .F. ) ;
#1021 = VERTEX_POINT ( 'NONE', #1209 ) ;
#1022 = EDGE_LOOP ( 'NONE', ( #2022, #2869, #1676, #147 ) ) ;
#1023 = LINE ( 'NONE', #3582, #266 ) ;
#1024 = AXIS2_PLACEMENT_3D ( 'NONE', #2702, #441, #789 ) ;
#1025 = VERTEX_POINT ( 'NONE', #2855 ) ;
#1026 = VERTEX_POINT ( 'NONE', #2891 ) ;
#1027 = VECTOR ( 'NONE', #487, 39.37007874015748143 ) ;
#1028 = DIRECTION ( 'NONE',  ( 0.000000000000000000, -0.000000000000000000, -1.000000000000000000 ) ) ;
#1029 = DIRECTION ( 'NONE',  ( -1.000000000000000000, -0.000000000000000000, -0.000000000000000000 ) ) ;
#1030 = EDGE_LOOP ( 'NONE', ( #3203, #2524, #1080, #2567 ) ) ;
#1031 = ADVANCED_FACE ( 'NONE', ( #70 ), #639, .F. ) ;
#1032 = DIRECTION ( 'NONE',  ( 0.000000000000000000, 0.000000000000000000, 1.000000000000000000 ) ) ;
#1033 = CARTESIAN_POINT ( 'NONE',  ( -17.40500000000000114, 1.720000000000000195, -0.2699999999999970757 ) ) ;
#1034 = DIRECTION ( 'NONE',  ( 0.000000000000000000, 0.000000000000000000, 1.000000000000000000 ) ) ;
#1035 = ADVANCED_FACE ( 'NONE', ( #2871 ), #1491, .F. ) ;
#1036 = LINE ( 'NONE', #3519, #2696 ) ;
#1037 = ORIENTED_EDGE ( 'NONE', *, *, #2065, .F. ) ;
#1039 = EDGE_CURVE ( 'NONE', #3549, #3043, #1191, .T. ) ;
#1038 = ORIENTED_EDGE ( 'NONE', *, *, #552, .T. ) ;
#1040 = CARTESIAN_POINT ( 'NONE',  ( -14.31499999999999773, -4.520000000000003126, -0.2699999999999970757 ) ) ;
#1041 = FACE_BOUND ( 'NONE', #3177, .T. ) ;
#1042 = DIRECTION ( 'NONE',  ( 1.000000000000000000, 0.000000000000000000, 0.000000000000000000 ) ) ;
#1043 = EDGE_LOOP ( 'NONE', ( #3099, #2296, #1106, #1900 ) ) ;
#1044 = VERTEX_POINT ( 'NONE', #1261 ) ;
#1045 = CARTESIAN_POINT ( 'NONE',  ( -17.02500000000000213, 7.259999999999999787, -0.1050000000000004541 ) ) ;
#1046 = CARTESIAN_POINT ( 'NONE',  ( 17.15499999999999758, -7.220000000000001528, -3.090000000000001190 ) ) ;
#1047 = ORIENTED_EDGE ( 'NONE', *, *, #3133, .F. ) ;
#1048 = COLOUR_RGB ( '',0.7921568627450980005, 0.8196078431372548767, 0.9333333333333333481 ) ;
#1049 = CARTESIAN_POINT ( 'NONE',  ( -17.40500000000000114, 4.519999999999999574, -0.2699999999999970757 ) ) ;
#1050 = CARTESIAN_POINT ( 'NONE',  ( -17.02500000000000213, 7.364999999999999325, -0.2100000000000002143 ) ) ;
#1051 = DIRECTION ( 'NONE',  ( 0.000000000000000000, -0.000000000000000000, -1.000000000000000000 ) ) ;
#1052 = VECTOR ( 'NONE', #2126, 39.37007874015748143 ) ;
#1053 = DIRECTION ( 'NONE',  ( 0.000000000000000000, 0.000000000000000000, 1.000000000000000000 ) ) ;
#1054 = ORIENTED_EDGE ( 'NONE', *, *, #2736, .F. ) ;
#1055 = EDGE_CURVE ( 'NONE', #3079, #3019, #2342, .T. ) ;
#1056 = AXIS2_PLACEMENT_3D ( 'NONE', #22, #263, #1425 ) ;
#1057 = EDGE_LOOP ( 'NONE', ( #2432, #251, #1748, #2814 ) ) ;
#1058 = DIRECTION ( 'NONE',  ( -1.000000000000000000, 1.505150409732376510E-16, -0.000000000000000000 ) ) ;
#1059 = DIRECTION ( 'NONE',  ( 0.000000000000000000, 0.000000000000000000, 1.000000000000000000 ) ) ;
#1060 = ADVANCED_FACE ( 'NONE', ( #2596 ), #1225, .F. ) ;
#1061 = DIRECTION ( 'NONE',  ( 1.092739197465705287E-15, -1.000000000000000000, 0.000000000000000000 ) ) ;
#1062 = EDGE_LOOP ( 'NONE', ( #418, #2678, #1329, #1933, #566, #2992, #873, #3286, #694, #127, #3530, #3595 ) ) ;
#1063 = CARTESIAN_POINT ( 'NONE',  ( -17.19500000000000384, -7.220000000000001528, -0.1049999999999945838 ) ) ;
#1064 = CARTESIAN_POINT ( 'NONE',  ( -17.30000000000000071, 4.519999999999999574, -0.2699999999999970757 ) ) ;
#1065 = ORIENTED_EDGE ( 'NONE', *, *, #69, .T. ) ;
#1066 = AXIS2_PLACEMENT_3D ( 'NONE', #2223, #9, #2831 ) ;
#1067 = CARTESIAN_POINT ( 'NONE',  ( -12.46500000000000341, -5.470000000000000639, 0.000000000000000000 ) ) ;
#1068 = LINE ( 'NONE', #3298, #1592 ) ;
#1069 = DIRECTION ( 'NONE',  ( 0.000000000000000000, -1.000000000000000000, 0.000000000000000000 ) ) ;
#1070 = VECTOR ( 'NONE', #1478, 39.37007874015748143 ) ;
#1071 = DIRECTION ( 'NONE',  ( 0.000000000000000000, 0.000000000000000000, 1.000000000000000000 ) ) ;
#1072 = ORIENTED_EDGE ( 'NONE', *, *, #2371, .F. ) ;
#1073 = VECTOR ( 'NONE', #3551, 39.37007874015748143 ) ;
#1074 = PRODUCT ( 'PP22114-06-(12gacr ANSI-61) - K48 - V1-R0', 'PP22114-06-(12gacr ANSI-61) - K48 - V1-R0', '', ( #1295 ) ) ;
#1075 = EDGE_LOOP ( 'NONE', ( #157, #1600, #1240, #765 ) ) ;
#1076 = EDGE_CURVE ( 'NONE', #1767, #123, #951, .T. ) ;
#1077 = CARTESIAN_POINT ( 'NONE',  ( 14.18499999999999694, 0.000000000000000000, -0.1049999999999999961 ) ) ;
#1078 = CARTESIAN_POINT ( 'NONE',  ( 14.33813121871934904, -2.500000000000001332, -0.1050000000000001071 ) ) ;
#1079 = FACE_OUTER_BOUND ( 'NONE', #1863, .T. ) ;
#1080 = ORIENTED_EDGE ( 'NONE', *, *, #1519, .T. ) ;
#1081 = EDGE_CURVE ( 'NONE', #2889, #2068, #3196, .T. ) ;
#1082 = DIRECTION ( 'NONE',  ( -0.000000000000000000, 0.000000000000000000, 1.000000000000000000 ) ) ;
#1083 = CARTESIAN_POINT ( 'NONE',  ( -17.40500000000000114, 2.619714288139201114E-15, 3.666055405785289629E-16 ) ) ;
#1084 = EDGE_LOOP ( 'NONE', ( #2916, #2595, #834, #294 ) ) ;
#1085 = EDGE_CURVE ( 'NONE', #3303, #1709, #1598, .T. ) ;
#1086 = AXIS2_PLACEMENT_3D ( 'NONE', #1336, #1034, #211 ) ;
#1087 = FACE_OUTER_BOUND ( 'NONE', #1424, .T. ) ;
#1088 = LINE ( 'NONE', #2439, #3057 ) ;
#1089 = CARTESIAN_POINT ( 'NONE',  ( -10.90500000000000469, -5.470000000000000639, -0.1050000000000001071 ) ) ;
#1090 = ORIENTED_EDGE ( 'NONE', *, *, #3489, .T. ) ;
#1091 = CARTESIAN_POINT ( 'NONE',  ( 14.33813121871934904, 2.500000000000000000, -0.1050000000000001071 ) ) ;
#1092 = EDGE_LOOP ( 'NONE', ( #3493, #163, #2251, #2181 ) ) ;
#1093 = VERTEX_POINT ( 'NONE', #178 ) ;
#1094 = CARTESIAN_POINT ( 'NONE',  ( -8.465000000000003411, -5.470000000000000639, -0.1050000000000001071 ) ) ;
#1095 = DIRECTION ( 'NONE',  ( 1.000000000000000000, 0.000000000000000000, 0.000000000000000000 ) ) ;
#1096 = CARTESIAN_POINT ( 'NONE',  ( 0.000000000000000000, 7.469999999999998863, 2.567749485862135254E-14 ) ) ;
#1097 = ORIENTED_EDGE ( 'NONE', *, *, #696, .F. ) ;
#1098 = CYLINDRICAL_SURFACE ( 'NONE', #1710, 0.2100000000000002143 ) ;
#1099 = EDGE_CURVE ( 'NONE', #267, #2189, #3056, .T. ) ;
#1100 = LINE ( 'NONE', #1568, #2337 ) ;
#1101 = EDGE_LOOP ( 'NONE', ( #1173, #719, #29, #3192 ) ) ;
#1102 = DIRECTION ( 'NONE',  ( 1.000000000000000000, 0.000000000000000000, 0.000000000000000000 ) ) ;
#1103 = LINE ( 'NONE', #852, #669 ) ;
#1104 = EDGE_CURVE ( 'NONE', #2195, #633, #194, .T. ) ;
#1105 = DIRECTION ( 'NONE',  ( 0.000000000000000000, -0.000000000000000000, -1.000000000000000000 ) ) ;
#1106 = ORIENTED_EDGE ( 'NONE', *, *, #863, .T. ) ;
#1107 = LINE ( 'NONE', #600, #484 ) ;
#1108 = VERTEX_POINT ( 'NONE', #2722 ) ;
#1109 = CIRCLE ( 'NONE', #406, 0.2100000000000000755 ) ;
#1110 = ORIENTED_EDGE ( 'NONE', *, *, #2020, .F. ) ;
#1111 = LINE ( 'NONE', #3614, #1686 ) ;
#1112 = CARTESIAN_POINT ( 'NONE',  ( 14.33813121871935081, 2.660000000000000142, -0.1050000000000001071 ) ) ;
#1113 = VECTOR ( 'NONE', #3378, 39.37007874015748143 ) ;
#1114 = DIRECTION ( 'NONE',  ( 1.092739197465705287E-15, -1.000000000000000000, 0.000000000000000000 ) ) ;
#1115 = ORIENTED_EDGE ( 'NONE', *, *, #2964, .F. ) ;
#1116 = PLANE ( 'NONE',  #3116 ) ;
#1117 = DIRECTION ( 'NONE',  ( -0.000000000000000000, -0.000000000000000000, 1.000000000000000000 ) ) ;
#1118 = ORIENTED_EDGE ( 'NONE', *, *, #3532, .T. ) ;
#1119 = ADVANCED_FACE ( 'NONE', ( #2963 ), #1346, .F. ) ;
#1120 = DIRECTION ( 'NONE',  ( -1.000000000000000000, 1.505150409732376264E-16, 0.000000000000000000 ) ) ;
#1121 = DIRECTION ( 'NONE',  ( 0.000000000000000000, -1.000000000000000000, 0.000000000000000000 ) ) ;
#1122 = DIRECTION ( 'NONE',  ( -1.000000000000000000, 0.000000000000000000, 0.000000000000000000 ) ) ;
#1123 = ORIENTED_EDGE ( 'NONE', *, *, #2353, .F. ) ;
#1124 = AXIS2_PLACEMENT_3D ( 'NONE', #747, #2150, #1893 ) ;
#1125 = ADVANCED_FACE ( 'NONE', ( #3273 ), #736, .F. ) ;
#1126 = LINE ( 'NONE', #3335, #835 ) ;
#1127 = EDGE_LOOP ( 'NONE', ( #3307, #180, #1242, #3188 ) ) ;
#1128 = CIRCLE ( 'NONE', #3228, 0.09499999999999994560 ) ;
#1129 = ORIENTED_EDGE ( 'NONE', *, *, #3563, .T. ) ;
#1130 = CIRCLE ( 'NONE', #1646, 0.1049999999999990108 ) ;
#1131 = CYLINDRICAL_SURFACE ( 'NONE', #1566, 0.09499999999999994560 ) ;
#1132 = DIRECTION ( 'NONE',  ( -0.000000000000000000, 1.000000000000000000, 0.000000000000000000 ) ) ;
#1133 = VECTOR ( 'NONE', #1824, 39.37007874015748143 ) ;
#1134 = DIRECTION ( 'NONE',  ( 0.000000000000000000, 0.000000000000000000, -1.000000000000000000 ) ) ;
#1135 = ORIENTED_EDGE ( 'NONE', *, *, #2846, .T. ) ;
#1136 = DIRECTION ( 'NONE',  ( -1.256022066052534822E-16, 1.000000000000000000, 0.000000000000000000 ) ) ;
#1137 = CARTESIAN_POINT ( 'NONE',  ( -5.605000000000003979, -5.850000000000000533, 0.000000000000000000 ) ) ;
#1138 = VERTEX_POINT ( 'NONE', #2175 ) ;
#1139 = CYLINDRICAL_SURFACE ( 'NONE', #249, 0.2100000000000002143 ) ;
#1140 = LINE ( 'NONE', #871, #1530 ) ;
#1141 = DIRECTION ( 'NONE',  ( 0.000000000000000000, -3.491481338843132961E-15, -1.000000000000000000 ) ) ;
#1142 = EDGE_CURVE ( 'NONE', #1840, #3316, #3215, .T. ) ;
#1143 = AXIS2_PLACEMENT_3D ( 'NONE', #171, #1816, #1287 ) ;
#1144 = EDGE_LOOP ( 'NONE', ( #1289, #2746 ) ) ;
#1145 = CYLINDRICAL_SURFACE ( 'NONE', #3456, 0.1050000000000012035 ) ;
#1146 = VECTOR ( 'NONE', #2809, 39.37007874015748143 ) ;
#1147 = DIRECTION ( 'NONE',  ( -0.000000000000000000, -0.000000000000000000, 1.000000000000000000 ) ) ;
#1148 = EDGE_CURVE ( 'NONE', #3347, #1786, #667, .T. ) ;
#1149 = ORIENTED_EDGE ( 'NONE', *, *, #2604, .F. ) ;
#1150 = CARTESIAN_POINT ( 'NONE',  ( -17.40500000000000114, -4.520000000000002238, -0.2699999999999970757 ) ) ;
#1151 = DIRECTION ( 'NONE',  ( 1.000000000000000000, 0.000000000000000000, 0.000000000000000000 ) ) ;
#1152 = EDGE_CURVE ( 'NONE', #373, #3549, #771, .T. ) ;
#1153 = ORIENTED_EDGE ( 'NONE', *, *, #3377, .T. ) ;
#1154 = DIRECTION ( 'NONE',  ( -1.000000000000000000, -0.000000000000000000, -0.000000000000000000 ) ) ;
#1155 = DIRECTION ( 'NONE',  ( 0.000000000000000000, 0.000000000000000000, 1.000000000000000000 ) ) ;
#1156 = ORIENTED_EDGE ( 'NONE', *, *, #2984, .T. ) ;
#1157 = CARTESIAN_POINT ( 'NONE',  ( -10.90500000000000469, -5.470000000000000639, -3.090000000000001190 ) ) ;
#1158 = CARTESIAN_POINT ( 'NONE',  ( 6.594999999999997975, -5.850000000000000533, 0.000000000000000000 ) ) ;
#1159 = DIRECTION ( 'NONE',  ( 0.000000000000000000, 2.375519994490641975E-15, -1.000000000000000000 ) ) ;
#1160 = ORIENTED_EDGE ( 'NONE', *, *, #2964, .T. ) ;
#1161 = CARTESIAN_POINT ( 'NONE',  ( -0.6800000000000028244, 4.970000000000003304, 0.000000000000000000 ) ) ;
#1162 = VERTEX_POINT ( 'NONE', #2467 ) ;
#1163 = ORIENTED_EDGE ( 'NONE', *, *, #568, .F. ) ;
#1164 = AXIS2_PLACEMENT_3D ( 'NONE', #916, #2377, #3454 ) ;
#1165 = DIRECTION ( 'NONE',  ( 0.000000000000000000, -1.000000000000000000, 0.000000000000000000 ) ) ;
#1166 = EDGE_CURVE ( 'NONE', #2206, #2911, #3525, .T. ) ;
#1167 = VECTOR ( 'NONE', #2757, 39.37007874015748143 ) ;
#1168 = DIRECTION ( 'NONE',  ( -0.000000000000000000, -0.000000000000000000, 1.000000000000000000 ) ) ;
#1169 = EDGE_LOOP ( 'NONE', ( #400, #3132, #1631, #1653 ) ) ;
#1170 = AXIS2_PLACEMENT_3D ( 'NONE', #2898, #974, #2086 ) ;
#1171 = EDGE_CURVE ( 'NONE', #986, #2670, #1023, .T. ) ;
#1172 = CARTESIAN_POINT ( 'NONE',  ( -11.34500000000000419, -5.470000000000000639, -3.090000000000001190 ) ) ;
#1173 = ORIENTED_EDGE ( 'NONE', *, *, #2247, .T. ) ;
#1174 = VECTOR ( 'NONE', #493, 39.37007874015748143 ) ;
#1175 = EDGE_CURVE ( 'NONE', #1801, #439, #3562, .T. ) ;
#1176 = DIRECTION ( 'NONE',  ( -0.000000000000000000, -0.000000000000000000, 1.000000000000000000 ) ) ;
#1177 = DIRECTION ( 'NONE',  ( -1.000000000000000000, 3.414809992080342138E-15, -0.000000000000000000 ) ) ;
#1178 = CARTESIAN_POINT ( 'NONE',  ( 14.33813121871935081, 2.660000000000000142, 0.000000000000000000 ) ) ;
#1179 = ORIENTED_EDGE ( 'NONE', *, *, #703, .T. ) ;
#1180 = DIRECTION ( 'NONE',  ( -0.000000000000000000, -0.000000000000000000, 1.000000000000000000 ) ) ;
#1181 = DIRECTION ( 'NONE',  ( -1.000000000000000000, -5.122214988120478103E-15, -0.000000000000000000 ) ) ;
#1182 = VECTOR ( 'NONE', #800, 39.37007874015748143 ) ;
#1183 = ORIENTED_EDGE ( 'NONE', *, *, #3253, .T. ) ;
#1184 = CARTESIAN_POINT ( 'NONE',  ( 1.198598307220215275E-14, -2.340000000000045599, -0.1049999999999999961 ) ) ;
#1185 = CIRCLE ( 'NONE', #1822, 0.4399999999999996692 ) ;
#1186 = LINE ( 'NONE', #1692, #2686 ) ;
#1187 = VECTOR ( 'NONE', #1196, 39.37007874015748143 ) ;
#1188 = EDGE_CURVE ( 'NONE', #2911, #1026, #1311, .T. ) ;
#1189 = EDGE_LOOP ( 'NONE', ( #2663, #2199 ) ) ;
#1190 = AXIS2_PLACEMENT_3D ( 'NONE', #1732, #3452, #126 ) ;
#1191 = LINE ( 'NONE', #421, #431 ) ;
#1192 = EDGE_CURVE ( 'NONE', #3558, #3511, #2600, .T. ) ;
#1193 = EDGE_LOOP ( 'NONE', ( #1129, #557 ) ) ;
#1194 = DIRECTION ( 'NONE',  ( 1.505150409732376264E-16, 1.000000000000000000, 0.000000000000000000 ) ) ;
#1195 = DIRECTION ( 'NONE',  ( 1.000000000000000000, 0.000000000000000000, 0.000000000000000000 ) ) ;
#1196 = DIRECTION ( 'NONE',  ( 1.000000000000000000, -0.000000000000000000, -0.000000000000000000 ) ) ;
#1197 = CARTESIAN_POINT ( 'NONE',  ( -16.17500000000000426, 3.749999999999999112, -0.1050000000000001071 ) ) ;
#1198 = EDGE_CURVE ( 'NONE', #2137, #464, #2140, .T. ) ;
#1199 = ORIENTED_EDGE ( 'NONE', *, *, #138, .F. ) ;
#1200 = CARTESIAN_POINT ( 'NONE',  ( -17.02500000000000213, 7.259999999999999787, 0.000000000000000000 ) ) ;
#1201 = DIRECTION ( 'NONE',  ( 1.000000000000000000, 0.000000000000000000, 0.000000000000000000 ) ) ;
#1202 = AXIS2_PLACEMENT_3D ( 'NONE', #1485, #2609, #1134 ) ;
#1203 = DIRECTION ( 'NONE',  ( -1.000000000000000000, -0.000000000000000000, -0.000000000000000000 ) ) ;
#1204 = VECTOR ( 'NONE', #2260, 39.37007874015748143 ) ;
#1205 = FACE_OUTER_BOUND ( 'NONE', #1858, .T. ) ;
#1206 = CARTESIAN_POINT ( 'NONE',  ( -17.40500000000000469, -7.220000000000001528, -3.090000000000001190 ) ) ;
#1207 = VERTEX_POINT ( 'NONE', #2156 ) ;
#1208 = VERTEX_POINT ( 'NONE', #1898 ) ;
#1209 = CARTESIAN_POINT ( 'NONE',  ( 14.18499999999999694, 3.660000000000000142, -0.1050000000000001071 ) ) ;
#1210 = ORIENTED_EDGE ( 'NONE', *, *, #592, .T. ) ;
#1211 = CARTESIAN_POINT ( 'NONE',  ( 17.06499999999999773, -3.750000000000000888, -3.090000000000001190 ) ) ;
#1212 = EDGE_CURVE ( 'NONE', #143, #855, #1616, .T. ) ;
#1213 = CARTESIAN_POINT ( 'NONE',  ( -14.31499999999999773, -1.720000000000003526, -0.2699999999999970757 ) ) ;
#1214 = DIRECTION ( 'NONE',  ( -0.000000000000000000, -0.000000000000000000, 1.000000000000000000 ) ) ;
#1215 = EDGE_LOOP ( 'NONE', ( #2376, #734 ) ) ;
#1216 = DIRECTION ( 'NONE',  ( 0.000000000000000000, 0.000000000000000000, 1.000000000000000000 ) ) ;
#1217 = EDGE_CURVE ( 'NONE', #2767, #1207, #2368, .T. ) ;
#1218 = CARTESIAN_POINT ( 'NONE',  ( 14.18499999999999694, -2.660000000000001030, 0.000000000000000000 ) ) ;
#1219 = CARTESIAN_POINT ( 'NONE',  ( 17.19500000000000028, 7.219999999999999751, 0.000000000000000000 ) ) ;
#1220 = CARTESIAN_POINT ( 'NONE',  ( 14.18499999999999694, -2.660000000000001030, -0.1050000000000001071 ) ) ;
#1221 = VERTEX_POINT ( 'NONE', #162 ) ;
#1222 = ORIENTED_EDGE ( 'NONE', *, *, #840, .T. ) ;
#1223 = ORIENTED_EDGE ( 'NONE', *, *, #2867, .F. ) ;
#1224 = AXIS2_PLACEMENT_3D ( 'NONE', #1614, #1596, #3270 ) ;
#1225 = CYLINDRICAL_SURFACE ( 'NONE', #2475, 0.4400000000000007794 ) ;
#1226 = AXIS2_PLACEMENT_3D ( 'NONE', #704, #151, #426 ) ;
#1227 = VERTEX_POINT ( 'NONE', #1277 ) ;
#1228 = CYLINDRICAL_SURFACE ( 'NONE', #533, 0.4400000000000007794 ) ;
#1229 = CARTESIAN_POINT ( 'NONE',  ( 0.000000000000000000, -5.850000000000000533, -0.1049999999999999961 ) ) ;
#1230 = LINE ( 'NONE', #3146, #1766 ) ;
#1231 = LINE ( 'NONE', #3166, #1052 ) ;
#1232 = AXIS2_PLACEMENT_3D ( 'NONE', #3104, #1436, #2555 ) ;
#1233 = EDGE_LOOP ( 'NONE', ( #1038, #500, #3004, #3372 ) ) ;
#1234 = EDGE_CURVE ( 'NONE', #1550, #1332, #3236, .T. ) ;
#1235 = LINE ( 'NONE', #2349, #190 ) ;
#1236 = DIRECTION ( 'NONE',  ( 0.000000000000000000, 1.000000000000000000, 3.252199992457453057E-15 ) ) ;
#1237 = DIRECTION ( 'NONE',  ( 1.000000000000000000, 0.000000000000000000, 0.000000000000000000 ) ) ;
#1238 = ADVANCED_FACE ( 'NONE', ( #1079 ), #1402, .F. ) ;
#1239 = DIRECTION ( 'NONE',  ( 1.000000000000000000, 0.000000000000000000, 0.000000000000000000 ) ) ;
#1240 = ORIENTED_EDGE ( 'NONE', *, *, #1303, .F. ) ;
#1241 = ORIENTED_EDGE ( 'NONE', *, *, #2441, .T. ) ;
#1242 = ORIENTED_EDGE ( 'NONE', *, *, #2060, .T. ) ;
#1243 = AXIS2_PLACEMENT_3D ( 'NONE', #2074, #2647, #2386 ) ;
#1244 = LINE ( 'NONE', #914, #2006 ) ;
#1245 = ORIENTED_EDGE ( 'NONE', *, *, #3470, .T. ) ;
#1246 = LINE ( 'NONE', #2618, #1749 ) ;
#1247 = PLANE ( 'NONE',  #1300 ) ;
#1248 = VECTOR ( 'NONE', #1644, 39.37007874015748143 ) ;
#1249 = DIRECTION ( 'NONE',  ( 0.000000000000000000, -0.000000000000000000, -1.000000000000000000 ) ) ;
#1250 = ORIENTED_EDGE ( 'NONE', *, *, #46, .T. ) ;
#1251 = DIRECTION ( 'NONE',  ( 0.000000000000000000, 1.000000000000000000, 3.491481338843132961E-15 ) ) ;
#1252 = CARTESIAN_POINT ( 'NONE',  ( -10.90500000000000469, 4.969999999999999751, -3.090000000000001190 ) ) ;
#1253 = CARTESIAN_POINT ( 'NONE',  ( 14.18500000000000405, -3.100101103210209643E-14, -0.1049999999999999961 ) ) ;
#1254 = PLANE ( 'NONE',  #1981 ) ;
#1255 = ORIENTED_EDGE ( 'NONE', *, *, #1171, .T. ) ;
#1256 = EDGE_CURVE ( 'NONE', #2923, #1443, #2588, .T. ) ;
#1257 = EDGE_LOOP ( 'NONE', ( #906, #1010, #2593, #1595 ) ) ;
#1258 = ORIENTED_EDGE ( 'NONE', *, *, #1039, .F. ) ;
#1259 = VECTOR ( 'NONE', #3552, 39.37007874015748143 ) ;
#1260 = EDGE_CURVE ( 'NONE', #158, #3440, #570, .T. ) ;
#1261 = CARTESIAN_POINT ( 'NONE',  ( 8.644999999999994245, 2.340000000000000302, -0.1050000000000001071 ) ) ;
#1262 = ORIENTED_EDGE ( 'NONE', *, *, #1234, .T. ) ;
#1263 = FACE_BOUND ( 'NONE', #1875, .T. ) ;
#1264 = EDGE_CURVE ( 'NONE', #2632, #158, #2782, .T. ) ;
#1265 = LINE ( 'NONE', #150, #3577 ) ;
#1266 = CARTESIAN_POINT ( 'NONE',  ( -14.67500000000000249, 2.729999999999999538, 0.000000000000000000 ) ) ;
#1267 = ORIENTED_EDGE ( 'NONE', *, *, #725, .F. ) ;
#1268 = LINE ( 'NONE', #941, #1763 ) ;
#1269 = CARTESIAN_POINT ( 'NONE',  ( -17.02500000000000213, -7.470000000000000639, -0.2099999999999985767 ) ) ;
#1270 = AXIS2_PLACEMENT_3D ( 'NONE', #1739, #2863, #1201 ) ;
#1271 = CARTESIAN_POINT ( 'NONE',  ( 17.15499999999999758, -7.260000000000001563, 0.000000000000000000 ) ) ;
#1272 = CARTESIAN_POINT ( 'NONE',  ( 14.49813121871934918, -2.500000000000001332, -0.1050000000000001071 ) ) ;
#1273 = EDGE_LOOP ( 'NONE', ( #1377, #3459, #3588, #1437 ) ) ;
#1274 = VERTEX_POINT ( 'NONE', #3428 ) ;
#1275 = EDGE_LOOP ( 'NONE', ( #200, #1576, #2612, #2044 ) ) ;
#1276 = EDGE_CURVE ( 'NONE', #2856, #2309, #561, .T. ) ;
#1277 = CARTESIAN_POINT ( 'NONE',  ( -10.46500000000000341, 4.969999999999999751, -0.1050000000000001071 ) ) ;
#1278 = VERTEX_POINT ( 'NONE', #1675 ) ;
#1279 = EDGE_CURVE ( 'NONE', #3061, #2137, #3599, .T. ) ;
#1280 = ORIENTED_EDGE ( 'NONE', *, *, #3021, .T. ) ;
#1281 = AXIS2_PLACEMENT_3D ( 'NONE', #3217, #388, #683 ) ;
#1282 = DIRECTION ( 'NONE',  ( 1.000000000000000000, -1.505150409732293680E-16, -3.491481338843132961E-15 ) ) ;
#1283 = CARTESIAN_POINT ( 'NONE',  ( 8.644999999999994245, -2.660000000000001030, 0.000000000000000000 ) ) ;
#1284 = ORIENTED_EDGE ( 'NONE', *, *, #2890, .T. ) ;
#1285 = CARTESIAN_POINT ( 'NONE',  ( 0.004999999999995166297, 4.970000000000001528, -3.090000000000001190 ) ) ;
#1286 = PLANE ( 'NONE',  #1713 ) ;
#1287 = DIRECTION ( 'NONE',  ( 1.000000000000000000, 0.000000000000000000, 0.000000000000000000 ) ) ;
#1288 = DIRECTION ( 'NONE',  ( -0.000000000000000000, 0.000000000000000000, 1.000000000000000000 ) ) ;
#1289 = ORIENTED_EDGE ( 'NONE', *, *, #1148, .T. ) ;
#1290 = ORIENTED_EDGE ( 'NONE', *, *, #2556, .T. ) ;
#1291 = VERTEX_POINT ( 'NONE', #293 ) ;
#1292 = CARTESIAN_POINT ( 'NONE',  ( -17.30000000000000071, 2.486320333076669627E-15, -0.4999999999999991118 ) ) ;
#1293 = EDGE_CURVE ( 'NONE', #2665, #491, #2192, .T. ) ;
#1294 = EDGE_LOOP ( 'NONE', ( #2188, #1307, #2829, #1924 ) ) ;
#1295 = PRODUCT_CONTEXT ( 'NONE', #526, 'mechanical' ) ;
#1296 = ORIENTED_EDGE ( 'NONE', *, *, #417, .T. ) ;
#1297 = CARTESIAN_POINT ( 'NONE',  ( -17.30000000000000071, 1.719999999999999751, 4.085894390523897333E-15 ) ) ;
#1298 = ADVANCED_FACE ( 'NONE', ( #2523 ), #651, .T. ) ;
#1299 = CARTESIAN_POINT ( 'NONE',  ( -17.19500000000000384, 7.219999999999999751, -0.2099999999999981326 ) ) ;
#1300 = AXIS2_PLACEMENT_3D ( 'NONE', #1008, #2124, #1848 ) ;
#1301 = DIRECTION ( 'NONE',  ( 1.000000000000000000, 0.000000000000000000, 0.000000000000000000 ) ) ;
#1302 = DIRECTION ( 'NONE',  ( 1.000000000000000000, 0.000000000000000000, 0.000000000000000000 ) ) ;
#1303 = EDGE_CURVE ( 'NONE', #1911, #1716, #3306, .T. ) ;
#1304 = DIRECTION ( 'NONE',  ( 0.000000000000000000, -1.000000000000000000, 0.000000000000000000 ) ) ;
#1305 = AXIS2_PLACEMENT_3D ( 'NONE', #3607, #283, #2513 ) ;
#1306 = DIRECTION ( 'NONE',  ( 1.000000000000000000, 0.000000000000000000, 0.000000000000000000 ) ) ;
#1307 = ORIENTED_EDGE ( 'NONE', *, *, #495, .F. ) ;
#1308 = ORIENTED_EDGE ( 'NONE', *, *, #2331, .F. ) ;
#1309 = DIRECTION ( 'NONE',  ( -1.000000000000000000, -0.000000000000000000, -0.000000000000000000 ) ) ;
#1310 = DIRECTION ( 'NONE',  ( -0.000000000000000000, -0.000000000000000000, 1.000000000000000000 ) ) ;
#1311 = LINE ( 'NONE', #3290, #2952 ) ;
#1312 = CIRCLE ( 'NONE', #3066, 0.4400000000000007794 ) ;
#1313 = ORIENTED_EDGE ( 'NONE', *, *, #2081, .T. ) ;
#1314 = AXIS2_PLACEMENT_3D ( 'NONE', #1197, #3389, #2238 ) ;
#1315 = DIRECTION ( 'NONE',  ( 0.000000000000000000, -1.000000000000000000, 0.000000000000000000 ) ) ;
#1316 = DIRECTION ( 'NONE',  ( 1.000000000000000000, 0.000000000000000000, 0.000000000000000000 ) ) ;
#1317 = EDGE_LOOP ( 'NONE', ( #1818, #2343, #456, #717 ) ) ;
#1318 = EDGE_CURVE ( 'NONE', #2080, #757, #1657, .T. ) ;
#1319 = CARTESIAN_POINT ( 'NONE',  ( 9.083394578933813696E-15, 2.660000000000029896, -0.1049999999999999961 ) ) ;
#1320 = DIRECTION ( 'NONE',  ( 1.000000000000000000, 0.000000000000000000, 0.000000000000000000 ) ) ;
#1321 = EDGE_CURVE ( 'NONE', #816, #3601, #149, .T. ) ;
#1322 = DIRECTION ( 'NONE',  ( 1.000000000000000000, 0.000000000000000000, 0.000000000000000000 ) ) ;
#1323 = VERTEX_POINT ( 'NONE', #1914 ) ;
#1324 = ORIENTED_EDGE ( 'NONE', *, *, #121, .F. ) ;
#1325 = EDGE_CURVE ( 'NONE', #2372, #524, #1312, .T. ) ;
#1326 = CARTESIAN_POINT ( 'NONE',  ( -14.67500000000000249, -2.739999999999999769, -3.090000000000001190 ) ) ;
#1327 = FACE_BOUND ( 'NONE', #582, .T. ) ;
#1328 = DIRECTION ( 'NONE',  ( 1.505150409732376264E-16, 1.000000000000000000, -2.351797515206837681E-16 ) ) ;
#1329 = ORIENTED_EDGE ( 'NONE', *, *, #2149, .T. ) ;
#1330 = DIRECTION ( 'NONE',  ( -0.000000000000000000, -0.000000000000000000, 1.000000000000000000 ) ) ;
#1331 = DIRECTION ( 'NONE',  ( -0.000000000000000000, 0.000000000000000000, 1.000000000000000000 ) ) ;
#1332 = VERTEX_POINT ( 'NONE', #2210 ) ;
#1333 = PRESENTATION_LAYER_ASSIGNMENT (  '', '', ( #3149 ) ) ;
#1334 = CARTESIAN_POINT ( 'NONE',  ( -14.31499999999999773, -4.520000000000003126, -0.2699999999999970757 ) ) ;
#1335 = DIRECTION ( 'NONE',  ( 0.000000000000000000, -1.000000000000000000, -3.491481338843132961E-15 ) ) ;
#1336 = CARTESIAN_POINT ( 'NONE',  ( -10.90500000000000469, 4.969999999999999751, 0.000000000000000000 ) ) ;
#1337 = EDGE_CURVE ( 'NONE', #2407, #87, #2542, .T. ) ;
#1338 = VECTOR ( 'NONE', #882, 39.37007874015748143 ) ;
#1339 = LINE ( 'NONE', #3300, #1182 ) ;
#1340 = ORIENTED_EDGE ( 'NONE', *, *, #2785, .F. ) ;
#1341 = EDGE_CURVE ( 'NONE', #2975, #3211, #3152, .T. ) ;
#1342 = VECTOR ( 'NONE', #3615, 39.37007874015748143 ) ;
#1343 = ORIENTED_EDGE ( 'NONE', *, *, #1607, .T. ) ;
#1344 = CARTESIAN_POINT ( 'NONE',  ( -5.605000000000003979, -5.850000000000000533, -3.090000000000001190 ) ) ;
#1345 = FACE_BOUND ( 'NONE', #1966, .T. ) ;
#1346 = PLANE ( 'NONE',  #844 ) ;
#1347 = ADVANCED_FACE ( 'NONE', ( #3030 ), #16, .F. ) ;
#1348 = EDGE_LOOP ( 'NONE', ( #3432, #930, #124, #2655 ) ) ;
#1349 = CARTESIAN_POINT ( 'NONE',  ( 14.33813121871934904, 2.340000000000000302, -0.1049999999999999961 ) ) ;
#1350 = AXIS2_PLACEMENT_3D ( 'NONE', #3264, #1874, #2991 ) ;
#1351 = LINE ( 'NONE', #3294, #2452 ) ;
#1352 = ORIENTED_EDGE ( 'NONE', *, *, #277, .T. ) ;
#1353 = CIRCLE ( 'NONE', #660, 0.2100000000000000755 ) ;
#1354 = DIRECTION ( 'NONE',  ( -0.000000000000000000, -0.000000000000000000, 1.000000000000000000 ) ) ;
#1355 = CARTESIAN_POINT ( 'NONE',  ( 0.1949999999999949274, 4.970000000000001528, -3.090000000000001190 ) ) ;
#1356 = DIRECTION ( 'NONE',  ( 2.185478394931412547E-15, 1.000000000000000000, 0.000000000000000000 ) ) ;
#1357 = VECTOR ( 'NONE', #3491, 39.37007874015748143 ) ;
#1358 = ORIENTED_EDGE ( 'NONE', *, *, #2212, .F. ) ;
#1359 = LINE ( 'NONE', #2481, #2645 ) ;
#1360 = ORIENTED_EDGE ( 'NONE', *, *, #1451, .F. ) ;
#1361 = VECTOR ( 'NONE', #2858, 39.37007874015748143 ) ;
#1362 = ORIENTED_EDGE ( 'NONE', *, *, #746, .T. ) ;
#1363 = DIRECTION ( 'NONE',  ( 1.000000000000000000, 0.000000000000000000, 0.000000000000000000 ) ) ;
#1364 = EDGE_CURVE ( 'NONE', #491, #459, #845, .T. ) ;
#1365 = LINE ( 'NONE', #2487, #2926 ) ;
#1366 = DIRECTION ( 'NONE',  ( -0.000000000000000000, 0.000000000000000000, 1.000000000000000000 ) ) ;
#1367 = ORIENTED_EDGE ( 'NONE', *, *, #2495, .F. ) ;
#1368 = EDGE_CURVE ( 'NONE', #144, #3402, #3070, .T. ) ;
#1369 = VECTOR ( 'NONE', #2980, 39.37007874015748143 ) ;
#1370 = CARTESIAN_POINT ( 'NONE',  ( -14.67500000000000249, 0.000000000000000000, -0.1049999999999999961 ) ) ;
#1371 = FACE_OUTER_BOUND ( 'NONE', #2127, .T. ) ;
#1372 = ORIENTED_EDGE ( 'NONE', *, *, #1337, .T. ) ;
#1373 = VECTOR ( 'NONE', #1214, 39.37007874015748143 ) ;
#1374 = DIRECTION ( 'NONE',  ( -0.000000000000000000, -0.000000000000000000, 1.000000000000000000 ) ) ;
#1375 = CARTESIAN_POINT ( 'NONE',  ( 17.15499999999999758, 7.364999999999999325, -0.2100000000000002143 ) ) ;
#1376 = DIRECTION ( 'NONE',  ( -0.000000000000000000, -0.000000000000000000, 1.000000000000000000 ) ) ;
#1377 = ORIENTED_EDGE ( 'NONE', *, *, #96, .T. ) ;
#1378 = CARTESIAN_POINT ( 'NONE',  ( 14.18499999999999694, 2.340000000000000302, 0.000000000000000000 ) ) ;
#1379 = VERTEX_POINT ( 'NONE', #1694 ) ;
#1380 = EDGE_LOOP ( 'NONE', ( #1262, #2290, #2358, #811 ) ) ;
#1381 = DIRECTION ( 'NONE',  ( 1.000000000000000000, 0.000000000000000000, 0.000000000000000000 ) ) ;
#1382 = DIRECTION ( 'NONE',  ( 1.000000000000000000, 0.000000000000000000, 0.000000000000000000 ) ) ;
#1383 = DIRECTION ( 'NONE',  ( 1.505150409732376264E-16, 1.000000000000000000, -2.351797515206837681E-16 ) ) ;
#1384 = EDGE_CURVE ( 'NONE', #963, #1772, #357, .T. ) ;
#1385 = ORIENTED_EDGE ( 'NONE', *, *, #2218, .F. ) ;
#1386 = DIRECTION ( 'NONE',  ( 0.000000000000000000, -1.000000000000000000, 0.000000000000000000 ) ) ;
#1387 = DIRECTION ( 'NONE',  ( 0.000000000000000000, 1.000000000000000000, 0.000000000000000000 ) ) ;
#1388 = EDGE_CURVE ( 'NONE', #2010, #986, #3497, .T. ) ;
#1389 = VERTEX_POINT ( 'NONE', #396 ) ;
#1390 = LINE ( 'NONE', #1643, #3154 ) ;
#1391 = FACE_OUTER_BOUND ( 'NONE', #2157, .T. ) ;
#1392 = DIRECTION ( 'NONE',  ( 0.000000000000000000, -1.000000000000000000, 0.000000000000000000 ) ) ;
#1393 = ORIENTED_EDGE ( 'NONE', *, *, #2252, .T. ) ;
#1394 = VECTOR ( 'NONE', #1986, 39.37007874015748143 ) ;
#1395 = PLANE ( 'NONE',  #950 ) ;
#1396 = LINE ( 'NONE', #2537, #512 ) ;
#1397 = CIRCLE ( 'NONE', #2629, 0.09499999999999994560 ) ;
#1398 = VERTEX_POINT ( 'NONE', #2385 ) ;
#1399 = CARTESIAN_POINT ( 'NONE',  ( -10.90500000000000469, 4.969999999999999751, -0.1050000000000001071 ) ) ;
#1400 = FACE_OUTER_BOUND ( 'NONE', #270, .T. ) ;
#1401 = AXIS2_PLACEMENT_3D ( 'NONE', #49, #66, #310 ) ;
#1402 = PLANE ( 'NONE',  #2485 ) ;
#1403 = ORIENTED_EDGE ( 'NONE', *, *, #1492, .F. ) ;
#1404 = EDGE_CURVE ( 'NONE', #1895, #1443, #2920, .T. ) ;
#1405 = DIRECTION ( 'NONE',  ( 1.000000000000000000, 0.000000000000000000, 3.252199992457486978E-15 ) ) ;
#1406 = DIRECTION ( 'NONE',  ( 1.000000000000000000, 0.000000000000000000, 0.000000000000000000 ) ) ;
#1407 = ORIENTED_EDGE ( 'NONE', *, *, #3292, .F. ) ;
#1408 = DIRECTION ( 'NONE',  ( -1.505150409732376264E-16, -1.000000000000000000, 0.000000000000000000 ) ) ;
#1409 = ADVANCED_FACE ( 'NONE', ( #690 ), #433, .F. ) ;
#1410 = DIRECTION ( 'NONE',  ( -1.000000000000000000, 1.063651364263581690E-31, 3.139153109640060835E-17 ) ) ;
#1411 = PLANE ( 'NONE',  #2428 ) ;
#1412 = ORIENTED_EDGE ( 'NONE', *, *, #540, .F. ) ;
#1413 = AXIS2_PLACEMENT_3D ( 'NONE', #2662, #945, #2054 ) ;
#1414 = DIRECTION ( 'NONE',  ( -1.000000000000000000, -0.000000000000000000, -0.000000000000000000 ) ) ;
#1415 = EDGE_CURVE ( 'NONE', #3440, #3327, #1839, .T. ) ;
#1416 = VERTEX_POINT ( 'NONE', #709 ) ;
#1417 = EDGE_LOOP ( 'NONE', ( #3, #2123 ) ) ;
#1418 = AXIS2_PLACEMENT_3D ( 'NONE', #2434, #3017, #1028 ) ;
#1419 = LINE ( 'NONE', #1184, #3091 ) ;
#1420 = PLANE ( 'NONE',  #2740 ) ;
#1421 = EDGE_LOOP ( 'NONE', ( #1123, #1527, #3311, #2796 ) ) ;
#1422 = DIRECTION ( 'NONE',  ( 1.000000000000000000, 1.256022066052534822E-16, 0.000000000000000000 ) ) ;
#1423 = PLANE ( 'NONE',  #2565 ) ;
#1424 = EDGE_LOOP ( 'NONE', ( #3031, #3323, #2374, #3527 ) ) ;
#1425 = DIRECTION ( 'NONE',  ( 0.000000000000000000, 0.000000000000000000, -1.000000000000000000 ) ) ;
#1426 = DIRECTION ( 'NONE',  ( 0.000000000000000000, 0.000000000000000000, -1.000000000000000000 ) ) ;
#1427 = CARTESIAN_POINT ( 'NONE',  ( 6.594999999999997087, 8.283465525616462944E-16, -0.1049999999999999961 ) ) ;
#1428 = VECTOR ( 'NONE', #799, 39.37007874015748143 ) ;
#1429 = ORIENTED_EDGE ( 'NONE', *, *, #1152, .T. ) ;
#1430 = ADVANCED_FACE ( 'NONE', ( #2626 ), #467, .F. ) ;
#1431 = DIRECTION ( 'NONE',  ( 0.000000000000000000, -0.000000000000000000, 1.000000000000000000 ) ) ;
#1432 = CARTESIAN_POINT ( 'NONE',  ( 17.30000000000000071, -7.220000000000002416, -0.7500000000000004441 ) ) ;
#1434 = ADVANCED_FACE ( 'NONE', ( #3481 ), #2072, .T. ) ;
#1433 = ORIENTED_EDGE ( 'NONE', *, *, #2065, .T. ) ;
#1435 = DIRECTION ( 'NONE',  ( 1.000000000000000000, 0.000000000000000000, 0.000000000000000000 ) ) ;
#1436 = DIRECTION ( 'NONE',  ( 3.491481338843134539E-15, 0.000000000000000000, -1.000000000000000000 ) ) ;
#1437 = ORIENTED_EDGE ( 'NONE', *, *, #2466, .F. ) ;
#1438 = DIRECTION ( 'NONE',  ( -0.000000000000000000, 1.000000000000000000, -1.626099996228743390E-16 ) ) ;
#1439 = ORIENTED_EDGE ( 'NONE', *, *, #53, .T. ) ;
#1440 = LINE ( 'NONE', #1700, #2937 ) ;
#1441 = FACE_OUTER_BOUND ( 'NONE', #2240, .T. ) ;
#1442 = DIRECTION ( 'NONE',  ( -0.000000000000000000, -0.000000000000000000, 1.000000000000000000 ) ) ;
#1443 = VERTEX_POINT ( 'NONE', #3171 ) ;
#1444 = DIRECTION ( 'NONE',  ( -1.000000000000000000, 0.000000000000000000, 0.000000000000000000 ) ) ;
#1445 = DIRECTION ( 'NONE',  ( -0.000000000000000000, -0.000000000000000000, 1.000000000000000000 ) ) ;
#1446 = EDGE_CURVE ( 'NONE', #123, #330, #119, .T. ) ;
#1447 = ORIENTED_EDGE ( 'NONE', *, *, #1794, .T. ) ;
#1448 = DIRECTION ( 'NONE',  ( -1.000000000000000000, 0.000000000000000000, 0.000000000000000000 ) ) ;
#1449 = CIRCLE ( 'NONE', #1509, 0.09500000000000008438 ) ;
#1450 = DIRECTION ( 'NONE',  ( -0.000000000000000000, 0.000000000000000000, 1.000000000000000000 ) ) ;
#1451 = EDGE_CURVE ( 'NONE', #1227, #2631, #2716, .T. ) ;
#1452 = ORIENTED_EDGE ( 'NONE', *, *, #1318, .F. ) ;
#1453 = VECTOR ( 'NONE', #2174, 39.37007874015748143 ) ;
#1454 = EDGE_CURVE ( 'NONE', #3043, #315, #3516, .T. ) ;
#1455 = DIRECTION ( 'NONE',  ( 1.000000000000000000, 0.000000000000000000, 0.000000000000000000 ) ) ;
#1456 = ORIENTED_EDGE ( 'NONE', *, *, #1264, .T. ) ;
#1457 = DIRECTION ( 'NONE',  ( 1.000000000000000000, 0.000000000000000000, 0.000000000000000000 ) ) ;
#1458 = LINE ( 'NONE', #559, #1361 ) ;
#1459 = DIRECTION ( 'NONE',  ( 1.000000000000000000, 0.000000000000000000, 0.000000000000000000 ) ) ;
#1460 = ORIENTED_EDGE ( 'NONE', *, *, #2652, .T. ) ;
#1461 = CARTESIAN_POINT ( 'NONE',  ( 17.15499999999999758, -7.220000000000001528, -3.090000000000001190 ) ) ;
#1462 = LINE ( 'NONE', #618, #978 ) ;
#1463 = DIRECTION ( 'NONE',  ( -1.256022066052534822E-16, -1.000000000000000000, 0.000000000000000000 ) ) ;
#1464 = VECTOR ( 'NONE', #1649, 39.37007874015748143 ) ;
#1465 = PLANE ( 'NONE',  #172 ) ;
#1466 = VECTOR ( 'NONE', #1995, 39.37007874015748143 ) ;
#1467 = LINE ( 'NONE', #3156, #120 ) ;
#1468 = VECTOR ( 'NONE', #2276, 39.37007874015748143 ) ;
#1469 = EDGE_LOOP ( 'NONE', ( #2818, #753, #2480, #2136 ) ) ;
#1470 = VERTEX_POINT ( 'NONE', #2904 ) ;
#1471 = EDGE_CURVE ( 'NONE', #2382, #2433, #1522, .T. ) ;
#1472 = VECTOR ( 'NONE', #2998, 39.37007874015748143 ) ;
#1473 = CARTESIAN_POINT ( 'NONE',  ( -12.90500000000000469, -5.470000000000000639, 0.000000000000000000 ) ) ;
#1474 = VECTOR ( 'NONE', #1922, 39.37007874015748143 ) ;
#1475 = ORIENTED_EDGE ( 'NONE', *, *, #2173, .T. ) ;
#1476 = EDGE_CURVE ( 'NONE', #2968, #532, #2112, .T. ) ;
#1477 = DIRECTION ( 'NONE',  ( 1.000000000000000000, 0.000000000000000000, 0.000000000000000000 ) ) ;
#1478 = DIRECTION ( 'NONE',  ( -0.000000000000000000, -0.000000000000000000, 1.000000000000000000 ) ) ;
#1479 = CARTESIAN_POINT ( 'NONE',  ( 16.96499999999999986, 3.749999999999999112, 0.000000000000000000 ) ) ;
#1480 = ORIENTED_EDGE ( 'NONE', *, *, #3109, .F. ) ;
#1481 = EDGE_CURVE ( 'NONE', #1274, #1545, #2351, .T. ) ;
#1482 = PLANE ( 'NONE',  #309 ) ;
#1483 = DIRECTION ( 'NONE',  ( -0.000000000000000000, -0.000000000000000000, 1.000000000000000000 ) ) ;
#1484 = AXIS2_PLACEMENT_3D ( 'NONE', #83, #2760, #2488 ) ;
#1485 = CARTESIAN_POINT ( 'NONE',  ( 17.19500000000000028, 7.220000000000001528, -0.2099999999999983824 ) ) ;
#1486 = AXIS2_PLACEMENT_3D ( 'NONE', #3332, #505, #1609 ) ;
#1487 = CARTESIAN_POINT ( 'NONE',  ( -0.000000000000000000, 1.340000000000000524, -0.1049999999999999961 ) ) ;
#1488 = EDGE_LOOP ( 'NONE', ( #1594, #2735, #380, #1429 ) ) ;
#1489 = ORIENTED_EDGE ( 'NONE', *, *, #2854, .T. ) ;
#1490 = ORIENTED_EDGE ( 'NONE', *, *, #1833, .T. ) ;
#1491 = PLANE ( 'NONE',  #1648 ) ;
#1492 = EDGE_CURVE ( 'NONE', #1221, #2551, #2017, .T. ) ;
#1493 = VERTEX_POINT ( 'NONE', #101 ) ;
#1494 = CARTESIAN_POINT ( 'NONE',  ( -10.90500000000000469, -5.470000000000000639, -3.090000000000001190 ) ) ;
#1495 = DIRECTION ( 'NONE',  ( 0.000000000000000000, -1.000000000000000000, 3.252199992457453057E-15 ) ) ;
#1496 = FACE_OUTER_BOUND ( 'NONE', #801, .T. ) ;
#1497 = EDGE_CURVE ( 'NONE', #1162, #3394, #3227, .T. ) ;
#1498 = CARTESIAN_POINT ( 'NONE',  ( -16.27000000000001023, -3.750000000000000888, -0.1050000000000001071 ) ) ;
#1499 = ORIENTED_EDGE ( 'NONE', *, *, #1076, .F. ) ;
#1500 = DIRECTION ( 'NONE',  ( 0.000000000000000000, 0.000000000000000000, 1.000000000000000000 ) ) ;
#1501 = DIRECTION ( 'NONE',  ( -0.000000000000000000, -0.000000000000000000, 1.000000000000000000 ) ) ;
#1502 = EDGE_CURVE ( 'NONE', #2407, #348, #414, .T. ) ;
#1503 = CARTESIAN_POINT ( 'NONE',  ( 8.804999999999997939, -3.660000000000000142, -3.090000000000001190 ) ) ;
#1504 = DIRECTION ( 'NONE',  ( -0.000000000000000000, 2.375519994490634875E-15, -1.000000000000000000 ) ) ;
#1505 = ORIENTED_EDGE ( 'NONE', *, *, #1703, .T. ) ;
#1506 = ORIENTED_EDGE ( 'NONE', *, *, #3397, .T. ) ;
#1507 = VECTOR ( 'NONE', #3182, 39.37007874015748143 ) ;
#1508 = ORIENTED_EDGE ( 'NONE', *, *, #2893, .F. ) ;
#1509 = AXIS2_PLACEMENT_3D ( 'NONE', #2677, #1288, #3482 ) ;
#1510 = DIRECTION ( 'NONE',  ( 1.000000000000000000, 0.000000000000000000, 0.000000000000000000 ) ) ;
#1511 = AXIS2_PLACEMENT_3D ( 'NONE', #3018, #3034, #2418 ) ;
#1512 = ORIENTED_EDGE ( 'NONE', *, *, #2128, .F. ) ;
#1513 = DIRECTION ( 'NONE',  ( -0.000000000000000000, 0.000000000000000000, 1.000000000000000000 ) ) ;
#1514 = FACE_OUTER_BOUND ( 'NONE', #3368, .T. ) ;
#1515 = CARTESIAN_POINT ( 'NONE',  ( -16.08000000000000540, 3.749999999999999112, -0.1050000000000001071 ) ) ;
#1516 = CARTESIAN_POINT ( 'NONE',  ( 17.15499999999999758, -7.470000000000003304, -0.7500000000000001110 ) ) ;
#1517 = AXIS2_PLACEMENT_3D ( 'NONE', #1734, #404, #1495 ) ;
#1518 = ORIENTED_EDGE ( 'NONE', *, *, #1415, .T. ) ;
#1519 = EDGE_CURVE ( 'NONE', #2408, #280, #2193, .T. ) ;
#1520 = CARTESIAN_POINT ( 'NONE',  ( -17.30000000000000071, 7.219999999999999751, -0.5000000000000007772 ) ) ;
#1521 = FACE_OUTER_BOUND ( 'NONE', #2321, .T. ) ;
#1522 = LINE ( 'NONE', #1253, #1599 ) ;
#1523 = LINE ( 'NONE', #1487, #2293 ) ;
#1524 = ORIENTED_EDGE ( 'NONE', *, *, #568, .T. ) ;
#1525 = VECTOR ( 'NONE', #3538, 39.37007874015748143 ) ;
#1526 = ORIENTED_EDGE ( 'NONE', *, *, #3441, .F. ) ;
#1527 = ORIENTED_EDGE ( 'NONE', *, *, #3557, .F. ) ;
#1528 = AXIS2_PLACEMENT_3D ( 'NONE', #1610, #1071, #2972 ) ;
#1529 = EDGE_CURVE ( 'NONE', #3596, #838, #2661, .T. ) ;
#1530 = VECTOR ( 'NONE', #1977, 39.37007874015748143 ) ;
#1531 = DIRECTION ( 'NONE',  ( -1.000000000000000000, -0.000000000000000000, -0.000000000000000000 ) ) ;
#1532 = ORIENTED_EDGE ( 'NONE', *, *, #2646, .T. ) ;
#1533 = AXIS2_PLACEMENT_3D ( 'NONE', #3130, #2219, #627 ) ;
#1534 = PLANE ( 'NONE',  #1823 ) ;
#1535 = CIRCLE ( 'NONE', #2830, 0.09499999999999994560 ) ;
#1536 = PLANE ( 'NONE',  #1170 ) ;
#1537 = ORIENTED_EDGE ( 'NONE', *, *, #2178, .F. ) ;
#1538 = CARTESIAN_POINT ( 'NONE',  ( -17.40500000000000469, -7.260000000000001563, 2.868440393347476478E-15 ) ) ;
#1539 = CARTESIAN_POINT ( 'NONE',  ( -16.17500000000001137, -3.750000000000000888, -3.090000000000001190 ) ) ;
#1540 = DIRECTION ( 'NONE',  ( -0.000000000000000000, -0.000000000000000000, 1.000000000000000000 ) ) ;
#1541 = EDGE_CURVE ( 'NONE', #490, #1550, #3536, .T. ) ;
#1542 = DIRECTION ( 'NONE',  ( 1.000000000000000000, 0.000000000000000000, 0.000000000000000000 ) ) ;
#1543 = ORIENTED_EDGE ( 'NONE', *, *, #3309, .F. ) ;
#1544 = EDGE_CURVE ( 'NONE', #2230, #2670, #2167, .T. ) ;
#1545 = VERTEX_POINT ( 'NONE', #189 ) ;
#1546 = ORIENTED_EDGE ( 'NONE', *, *, #1558, .F. ) ;
#1547 = VECTOR ( 'NONE', #1304, 39.37007874015748143 ) ;
#1548 = CARTESIAN_POINT ( 'NONE',  ( -16.17500000000000426, 3.749999999999999112, -0.1050000000000001071 ) ) ;
#1549 = ORIENTED_EDGE ( 'NONE', *, *, #3248, .F. ) ;
#1550 = VERTEX_POINT ( 'NONE', #3023 ) ;
#1551 = FACE_OUTER_BOUND ( 'NONE', #2483, .T. ) ;
#1552 = DIRECTION ( 'NONE',  ( -1.000000000000000000, -1.092739197465705287E-15, 0.000000000000000000 ) ) ;
#1553 = ORIENTED_EDGE ( 'NONE', *, *, #1919, .T. ) ;
#1554 = DIRECTION ( 'NONE',  ( 1.000000000000000000, 0.000000000000000000, 0.000000000000000000 ) ) ;
#1555 = CARTESIAN_POINT ( 'NONE',  ( -12.90500000000000469, -5.470000000000000639, 0.000000000000000000 ) ) ;
#1556 = DIRECTION ( 'NONE',  ( -0.000000000000000000, 1.000000000000000000, -0.000000000000000000 ) ) ;
#1557 = DIRECTION ( 'NONE',  ( -1.000000000000000000, 0.000000000000000000, 3.491481338843132961E-15 ) ) ;
#1558 = EDGE_CURVE ( 'NONE', #3211, #439, #3299, .T. ) ;
#1559 = ORIENTED_EDGE ( 'NONE', *, *, #202, .T. ) ;
#1560 = ORIENTED_EDGE ( 'NONE', *, *, #1076, .T. ) ;
#1561 = ORIENTED_EDGE ( 'NONE', *, *, #2819, .T. ) ;
#1562 = EDGE_CURVE ( 'NONE', #2433, #158, #2750, .T. ) ;
#1563 = DIRECTION ( 'NONE',  ( -0.000000000000000000, 0.000000000000000000, 1.000000000000000000 ) ) ;
#1564 = ORIENTED_EDGE ( 'NONE', *, *, #1751, .T. ) ;
#1565 = EDGE_CURVE ( 'NONE', #1323, #2462, #1899, .T. ) ;
#1566 = AXIS2_PLACEMENT_3D ( 'NONE', #328, #2007, #2590 ) ;
#1567 = LINE ( 'NONE', #2985, #428 ) ;
#1568 = CARTESIAN_POINT ( 'NONE',  ( -14.67500000000000249, -2.739999999999999769, 0.000000000000000000 ) ) ;
#1569 = ORIENTED_EDGE ( 'NONE', *, *, #26, .T. ) ;
#1570 = FACE_OUTER_BOUND ( 'NONE', #1317, .T. ) ;
#1571 = VECTOR ( 'NONE', #350, 39.37007874015748143 ) ;
#1572 = CARTESIAN_POINT ( 'NONE',  ( -7.315000000000001279, -2.739999999999999769, 0.000000000000000000 ) ) ;
#1573 = DIRECTION ( 'NONE',  ( -0.000000000000000000, -1.000000000000000000, -0.000000000000000000 ) ) ;
#1574 = LINE ( 'NONE', #306, #3223 ) ;
#1575 = ORIENTED_EDGE ( 'NONE', *, *, #3296, .T. ) ;
#1576 = ORIENTED_EDGE ( 'NONE', *, *, #708, .F. ) ;
#1577 = DIRECTION ( 'NONE',  ( 0.000000000000000000, -0.000000000000000000, -1.000000000000000000 ) ) ;
#1578 = LINE ( 'NONE', #198, #1571 ) ;
#1579 = DIRECTION ( 'NONE',  ( 2.185478394931411364E-15, 1.000000000000000000, -0.000000000000000000 ) ) ;
#1580 = AXIS2_PLACEMENT_3D ( 'NONE', #3008, #763, #1322 ) ;
#1581 = ADVANCED_FACE ( 'NONE', ( #521 ), #2202, .F. ) ;
#1582 = ORIENTED_EDGE ( 'NONE', *, *, #2356, .F. ) ;
#1583 = ORIENTED_EDGE ( 'NONE', *, *, #2183, .T. ) ;
#1584 = CARTESIAN_POINT ( 'NONE',  ( -0.5850000000000026290, 4.970000000000003304, -0.1050000000000001071 ) ) ;
#1585 = CARTESIAN_POINT ( 'NONE',  ( -17.30000000000000071, 4.519999999999999574, 1.073735037509766094E-14 ) ) ;
#1586 = EDGE_CURVE ( 'NONE', #1668, #3303, #2423, .T. ) ;
#1587 = ORIENTED_EDGE ( 'NONE', *, *, #3470, .F. ) ;
#1588 = AXIS2_PLACEMENT_3D ( 'NONE', #3507, #462, #2706 ) ;
#1589 = DIRECTION ( 'NONE',  ( 1.000000000000000000, 0.000000000000000000, 0.000000000000000000 ) ) ;
#1590 = DIRECTION ( 'NONE',  ( 1.000000000000000000, 0.000000000000000000, 0.000000000000000000 ) ) ;
#1591 = CARTESIAN_POINT ( 'NONE',  ( 17.15499999999999758, 7.219999999999999751, -3.090000000000001190 ) ) ;
#1592 = VECTOR ( 'NONE', #798, 39.37007874015748143 ) ;
#1593 = CARTESIAN_POINT ( 'NONE',  ( -17.40500000000000114, 1.720000000000000195, -0.2699999999999970757 ) ) ;
#1594 = ORIENTED_EDGE ( 'NONE', *, *, #1039, .T. ) ;
#1595 = ORIENTED_EDGE ( 'NONE', *, *, #1055, .F. ) ;
#1596 = DIRECTION ( 'NONE',  ( -0.000000000000000000, 0.000000000000000000, 1.000000000000000000 ) ) ;
#1597 = DIRECTION ( 'NONE',  ( -0.000000000000000000, 0.000000000000000000, 1.000000000000000000 ) ) ;
#1598 = LINE ( 'NONE', #494, #897 ) ;
#1599 = VECTOR ( 'NONE', #2053, 39.37007874015748143 ) ;
#1600 = ORIENTED_EDGE ( 'NONE', *, *, #1746, .F. ) ;
#1601 = VECTOR ( 'NONE', #1756, 39.37007874015748143 ) ;
#1602 = EDGE_CURVE ( 'NONE', #1911, #3000, #2440, .T. ) ;
#1603 = LINE ( 'NONE', #755, #2410 ) ;
#1604 = FACE_OUTER_BOUND ( 'NONE', #1663, .T. ) ;
#1605 = ORIENTED_EDGE ( 'NONE', *, *, #3256, .F. ) ;
#1606 = DIRECTION ( 'NONE',  ( -0.000000000000000000, 0.000000000000000000, 1.000000000000000000 ) ) ;
#1607 = EDGE_CURVE ( 'NONE', #697, #2387, #3246, .T. ) ;
#1608 = CARTESIAN_POINT ( 'NONE',  ( -17.30000000000000071, -7.220000000000001528, -0.2099999999999957734 ) ) ;
#1609 = DIRECTION ( 'NONE',  ( 0.000000000000000000, 0.000000000000000000, 1.000000000000000000 ) ) ;
#1610 = CARTESIAN_POINT ( 'NONE',  ( 17.06499999999999773, -3.750000000000000888, 0.000000000000000000 ) ) ;
#1611 = ADVANCED_FACE ( 'NONE', ( #1923 ), #782, .F. ) ;
#1612 = ORIENTED_EDGE ( 'NONE', *, *, #2789, .F. ) ;
#1613 = ORIENTED_EDGE ( 'NONE', *, *, #3256, .T. ) ;
#1614 = CARTESIAN_POINT ( 'NONE',  ( -10.90500000000000469, -5.470000000000000639, -0.1050000000000001071 ) ) ;
#1615 = FACE_BOUND ( 'NONE', #3237, .T. ) ;
#1616 = LINE ( 'NONE', #752, #2778 ) ;
#1617 = ORIENTED_EDGE ( 'NONE', *, *, #1142, .F. ) ;
#1618 = CARTESIAN_POINT ( 'NONE',  ( -11.34500000000000419, -5.470000000000000639, -0.1050000000000001071 ) ) ;
#1619 = DIRECTION ( 'NONE',  ( 0.000000000000000000, 0.000000000000000000, -1.000000000000000000 ) ) ;
#1620 = ORIENTED_EDGE ( 'NONE', *, *, #2800, .F. ) ;
#1621 = VECTOR ( 'NONE', #424, 39.37007874015748143 ) ;
#1622 = AXIS2_PLACEMENT_3D ( 'NONE', #65, #84, #3395 ) ;
#1623 = DIRECTION ( 'NONE',  ( -0.000000000000000000, 1.000000000000000000, 0.000000000000000000 ) ) ;
#1624 = CYLINDRICAL_SURFACE ( 'NONE', #2653, 0.1600000000000004752 ) ;
#1625 = CARTESIAN_POINT ( 'NONE',  ( 17.15499999999999758, -7.470000000000000639, -3.090000000000001190 ) ) ;
#1626 = VECTOR ( 'NONE', #3510, 39.37007874015748143 ) ;
#1627 = ADVANCED_FACE ( 'NONE', ( #1892 ), #3263, .F. ) ;
#1628 = CARTESIAN_POINT ( 'NONE',  ( 17.15499999999999758, -7.220000000000001528, -0.1050000000000001071 ) ) ;
#1629 = ORIENTED_EDGE ( 'NONE', *, *, #3463, .F. ) ;
#1630 = VECTOR ( 'NONE', #2816, 39.37007874015748143 ) ;
#1632 = EDGE_CURVE ( 'NONE', #3347, #1783, #3315, .T. ) ;
#1631 = ORIENTED_EDGE ( 'NONE', *, *, #2854, .F. ) ;
#1633 = DIRECTION ( 'NONE',  ( 0.000000000000000000, 0.000000000000000000, -1.000000000000000000 ) ) ;
#1634 = CARTESIAN_POINT ( 'NONE',  ( -16.17500000000001137, 2.499999999999999112, -3.090000000000001190 ) ) ;
#1635 = DIRECTION ( 'NONE',  ( -0.000000000000000000, 1.000000000000000000, 3.388338596792882053E-15 ) ) ;
#1637 = EDGE_CURVE ( 'NONE', #2080, #1752, #2220, .T. ) ;
#1636 = ORIENTED_EDGE ( 'NONE', *, *, #904, .F. ) ;
#1638 = LINE ( 'NONE', #867, #607 ) ;
#1639 = VECTOR ( 'NONE', #3373, 39.37007874015748143 ) ;
#1640 = CARTESIAN_POINT ( 'NONE',  ( -0.1850000000000045774, 4.970000000000001528, -0.1050000000000001071 ) ) ;
#1641 = VERTEX_POINT ( 'NONE', #539 ) ;
#1642 = AXIS2_PLACEMENT_3D ( 'NONE', #519, #1623, #2747 ) ;
#1643 = CARTESIAN_POINT ( 'NONE',  ( 17.16499999999999915, 3.749999999999999112, -3.090000000000001190 ) ) ;
#1644 = DIRECTION ( 'NONE',  ( -0.000000000000000000, -2.375519994490641975E-15, 1.000000000000000000 ) ) ;
#1645 = DIRECTION ( 'NONE',  ( 1.000000000000000000, 0.000000000000000000, 0.000000000000000000 ) ) ;
#1646 = AXIS2_PLACEMENT_3D ( 'NONE', #2143, #515, #3293 ) ;
#1647 = ORIENTED_EDGE ( 'NONE', *, *, #3441, .T. ) ;
#1648 = AXIS2_PLACEMENT_3D ( 'NONE', #3471, #106, #968 ) ;
#1649 = DIRECTION ( 'NONE',  ( 1.000000000000000000, 0.000000000000000000, 3.491481338843134539E-15 ) ) ;
#1650 = ORIENTED_EDGE ( 'NONE', *, *, #405, .F. ) ;
#1651 = EDGE_CURVE ( 'NONE', #38, #3450, #89, .T. ) ;
#1652 = AXIS2_PLACEMENT_3D ( 'NONE', #1555, #2051, #100 ) ;
#1653 = ORIENTED_EDGE ( 'NONE', *, *, #281, .F. ) ;
#1654 = LINE ( 'NONE', #1326, #3267 ) ;
#1655 = PLANE ( 'NONE',  #2633 ) ;
#1656 = ADVANCED_FACE ( 'NONE', ( #2731 ), #2458, .F. ) ;
#1657 = LINE ( 'NONE', #377, #1954 ) ;
#1658 = ORIENTED_EDGE ( 'NONE', *, *, #2825, .T. ) ;
#1659 = EDGE_CURVE ( 'NONE', #946, #1828, #1844, .T. ) ;
#1660 = AXIS2_PLACEMENT_3D ( 'NONE', #3014, #235, #2668 ) ;
#1661 = DIRECTION ( 'NONE',  ( 0.000000000000000000, -1.000000000000000000, 0.000000000000000000 ) ) ;
#1662 = CARTESIAN_POINT ( 'NONE',  ( 14.18499999999999694, -2.340000000000001190, -3.090000000000001190 ) ) ;
#1663 = EDGE_LOOP ( 'NONE', ( #2684, #3502, #332, #3212 ) ) ;
#1664 = VECTOR ( 'NONE', #3039, 39.37007874015748143 ) ;
#1665 = CYLINDRICAL_SURFACE ( 'NONE', #237, 0.4400000000000007794 ) ;
#1666 = CARTESIAN_POINT ( 'NONE',  ( -17.40500000000000469, -7.220000000000001528, -0.4999999999999970579 ) ) ;
#1667 = FACE_OUTER_BOUND ( 'NONE', #1741, .T. ) ;
#1668 = VERTEX_POINT ( 'NONE', #265 ) ;
#1669 = DIRECTION ( 'NONE',  ( -1.000000000000000000, -0.000000000000000000, -0.000000000000000000 ) ) ;
#1670 = CARTESIAN_POINT ( 'NONE',  ( 17.40499999999999758, -7.220000000000001528, -0.2099999999999974942 ) ) ;
#1671 = ORIENTED_EDGE ( 'NONE', *, *, #522, .T. ) ;
#1672 = ADVANCED_FACE ( 'NONE', ( #244 ), #1941, .F. ) ;
#1673 = CARTESIAN_POINT ( 'NONE',  ( 17.06500000000000128, 3.749999999999999112, -3.090000000000001190 ) ) ;
#1674 = DIRECTION ( 'NONE',  ( 1.000000000000000000, 0.000000000000000000, 0.000000000000000000 ) ) ;
#1675 = CARTESIAN_POINT ( 'NONE',  ( -17.40500000000000114, -1.720000000000002860, -0.2699999999999970757 ) ) ;
#1676 = ORIENTED_EDGE ( 'NONE', *, *, #2619, .F. ) ;
#1677 = ADVANCED_FACE ( 'NONE', ( #2859 ), #1411, .F. ) ;
#1678 = DIRECTION ( 'NONE',  ( -1.000000000000000000, 0.000000000000000000, -0.000000000000000000 ) ) ;
#1679 = CARTESIAN_POINT ( 'NONE',  ( 17.06500000000000128, 3.749999999999999112, -3.090000000000001190 ) ) ;
#1680 = ORIENTED_EDGE ( 'NONE', *, *, #2594, .F. ) ;
#1681 = EDGE_CURVE ( 'NONE', #2075, #986, #2792, .T. ) ;
#1682 = DIRECTION ( 'NONE',  ( -1.000000000000000000, 3.414809992080342927E-15, 0.000000000000000000 ) ) ;
#1683 = CARTESIAN_POINT ( 'NONE',  ( -17.19500000000000384, -7.220000000000001528, -0.2099999999999957734 ) ) ;
#1684 = PLANE ( 'NONE',  #2605 ) ;
#1685 = ORIENTED_EDGE ( 'NONE', *, *, #1099, .T. ) ;
#1686 = VECTOR ( 'NONE', #1912, 39.37007874015748143 ) ;
#1687 = CARTESIAN_POINT ( 'NONE',  ( 17.15499999999999758, -7.260000000000001563, -0.2100000000000028511 ) ) ;
#1688 = DIRECTION ( 'NONE',  ( -1.256022066052534822E-16, -1.000000000000000000, 0.000000000000000000 ) ) ;
#1689 = VECTOR ( 'NONE', #2381, 39.37007874015748143 ) ;
#1690 = ORIENTED_EDGE ( 'NONE', *, *, #2441, .F. ) ;
#1691 = FILL_AREA_STYLE_COLOUR ( '', #1048 ) ;
#1692 = CARTESIAN_POINT ( 'NONE',  ( -17.02500000000000213, 7.364999999999999325, -0.2100000000000002143 ) ) ;
#1693 = CIRCLE ( 'NONE', #2570, 0.4399999999999996692 ) ;
#1694 = CARTESIAN_POINT ( 'NONE',  ( -14.67500000000000249, 2.729999999999999538, 0.000000000000000000 ) ) ;
#1695 = ORIENTED_EDGE ( 'NONE', *, *, #2484, .T. ) ;
#1696 = CARTESIAN_POINT ( 'NONE',  ( -16.17500000000000426, 3.749999999999999112, -3.090000000000001190 ) ) ;
#1697 = EDGE_CURVE ( 'NONE', #1783, #2528, #857, .T. ) ;
#1698 = LINE ( 'NONE', #868, #2743 ) ;
#1699 = ORIENTED_EDGE ( 'NONE', *, *, #2491, .F. ) ;
#1700 = CARTESIAN_POINT ( 'NONE',  ( 14.33813121871935081, 2.660000000000000142, -3.090000000000001190 ) ) ;
#1701 = UNCERTAINTY_MEASURE_WITH_UNIT (LENGTH_MEASURE( 1.000000000000000082E-05 ), #3435, 'distance_accuracy_value', 'NONE');
#1702 = PLANE ( 'NONE',  #1305 ) ;
#1703 = EDGE_CURVE ( 'NONE', #2975, #1801, #24, .T. ) ;
#1704 = CARTESIAN_POINT ( 'NONE',  ( 17.16499999999999559, -3.750000000000000888, 0.000000000000000000 ) ) ;
#1705 = EDGE_LOOP ( 'NONE', ( #637, #975, #3044, #1757 ) ) ;
#1706 = VECTOR ( 'NONE', #2442, 39.37007874015748143 ) ;
#1707 = DIRECTION ( 'NONE',  ( -0.000000000000000000, -0.000000000000000000, 1.000000000000000000 ) ) ;
#1708 = FACE_OUTER_BOUND ( 'NONE', #3072, .T. ) ;
#1709 = VERTEX_POINT ( 'NONE', #1998 ) ;
#1710 = AXIS2_PLACEMENT_3D ( 'NONE', #3399, #1438, #3053 ) ;
#1711 = DIRECTION ( 'NONE',  ( 1.000000000000000000, 0.000000000000000000, 0.000000000000000000 ) ) ;
#1712 = CARTESIAN_POINT ( 'NONE',  ( 0.6899999999999973932, 4.970000000000003304, -3.090000000000001190 ) ) ;
#1713 = AXIS2_PLACEMENT_3D ( 'NONE', #2333, #942, #3496 ) ;
#1714 = EDGE_LOOP ( 'NONE', ( #483, #1575, #3617, #1650 ) ) ;
#1715 = CARTESIAN_POINT ( 'NONE',  ( 8.644999999999994245, -2.500000000000001332, 0.000000000000000000 ) ) ;
#1716 = VERTEX_POINT ( 'NONE', #41 ) ;
#1717 = ADVANCED_FACE ( 'NONE', ( #1667 ), #284, .F. ) ;
#1718 = DIRECTION ( 'NONE',  ( -0.000000000000000000, -0.000000000000000000, 1.000000000000000000 ) ) ;
#1719 = DIRECTION ( 'NONE',  ( -1.000000000000000000, -5.122214988120478891E-15, 0.000000000000000000 ) ) ;
#1720 = DIRECTION ( 'NONE',  ( 1.000000000000000000, 0.000000000000000000, 0.000000000000000000 ) ) ;
#1721 = VECTOR ( 'NONE', #3616, 39.37007874015748143 ) ;
#1722 = ORIENTED_EDGE ( 'NONE', *, *, #2128, .T. ) ;
#1723 = EDGE_CURVE ( 'NONE', #1641, #1044, #2073, .T. ) ;
#1724 = CARTESIAN_POINT ( 'NONE',  ( -0.5850000000000026290, 4.970000000000003304, -3.090000000000001190 ) ) ;
#1725 = EDGE_LOOP ( 'NONE', ( #2225, #913, #2076, #2040 ) ) ;
#1726 = EDGE_LOOP ( 'NONE', ( #3216, #839, #661, #1433 ) ) ;
#1727 = EDGE_CURVE ( 'NONE', #3601, #1828, #2277, .T. ) ;
#1728 = CARTESIAN_POINT ( 'NONE',  ( -10.46500000000000341, -5.470000000000000639, -0.1050000000000001071 ) ) ;
#1729 = DIRECTION ( 'NONE',  ( -0.000000000000000000, -0.000000000000000000, 1.000000000000000000 ) ) ;
#1730 = ORIENTED_EDGE ( 'NONE', *, *, #2825, .F. ) ;
#1731 = AXIS2_PLACEMENT_3D ( 'NONE', #565, #3101, #288 ) ;
#1732 = CARTESIAN_POINT ( 'NONE',  ( 8.804999999999996163, 3.660000000000000142, -3.090000000000001190 ) ) ;
#1733 = ORIENTED_EDGE ( 'NONE', *, *, #1384, .F. ) ;
#1734 = CARTESIAN_POINT ( 'NONE',  ( -17.40500000000000469, -7.260000000000001563, -0.2099999999999972167 ) ) ;
#1735 = CARTESIAN_POINT ( 'NONE',  ( 8.804999999999997939, 0.000000000000000000, -0.1049999999999999961 ) ) ;
#1736 = DIRECTION ( 'NONE',  ( 0.000000000000000000, -0.000000000000000000, -1.000000000000000000 ) ) ;
#1737 = ORIENTED_EDGE ( 'NONE', *, *, #1785, .T. ) ;
#1738 = CARTESIAN_POINT ( 'NONE',  ( -17.02500000000000213, -7.260000000000001563, -0.2099999999999972722 ) ) ;
#1739 = CARTESIAN_POINT ( 'NONE',  ( 17.06500000000000128, 3.749999999999999112, -0.1050000000000001071 ) ) ;
#1740 = EDGE_CURVE ( 'NONE', #3610, #2142, #2783, .T. ) ;
#1741 = EDGE_LOOP ( 'NONE', ( #2474, #443, #3218, #1629 ) ) ;
#1742 = VECTOR ( 'NONE', #1194, 39.37007874015748143 ) ;
#1743 = DIRECTION ( 'NONE',  ( 0.000000000000000000, 0.000000000000000000, 1.000000000000000000 ) ) ;
#1744 = AXIS2_PLACEMENT_3D ( 'NONE', #1040, #2208, #3338 ) ;
#1745 = CYLINDRICAL_SURFACE ( 'NONE', #60, 0.4399999999999996692 ) ;
#1746 = EDGE_CURVE ( 'NONE', #1716, #1416, #1962, .T. ) ;
#1747 = ORIENTED_EDGE ( 'NONE', *, *, #2736, .T. ) ;
#1748 = ORIENTED_EDGE ( 'NONE', *, *, #1318, .T. ) ;
#1749 = VECTOR ( 'NONE', #475, 39.37007874015748143 ) ;
#1750 = CARTESIAN_POINT ( 'NONE',  ( -14.31499999999999773, -1.720000000000003526, -0.2699999999999970757 ) ) ;
#1751 = EDGE_CURVE ( 'NONE', #633, #2195, #2899, .T. ) ;
#1752 = VERTEX_POINT ( 'NONE', #3115 ) ;
#1753 = CARTESIAN_POINT ( 'NONE',  ( -13.34500000000000597, -5.470000000000000639, -0.1050000000000001071 ) ) ;
#1754 = CARTESIAN_POINT ( 'NONE',  ( -16.27000000000001023, 2.499999999999999112, -0.1050000000000001071 ) ) ;
#1755 = CARTESIAN_POINT ( 'NONE',  ( -17.40500000000000114, 7.364999999999999325, -0.2100000000000002143 ) ) ;
#1756 = DIRECTION ( 'NONE',  ( -1.997695059352295155E-16, 1.000000000000000000, -0.000000000000000000 ) ) ;
#1757 = ORIENTED_EDGE ( 'NONE', *, *, #381, .T. ) ;
#1758 = DIRECTION ( 'NONE',  ( 1.000000000000000000, -0.000000000000000000, -1.626099996228726381E-16 ) ) ;
#1759 = CARTESIAN_POINT ( 'NONE',  ( 17.27216115034698873, 7.259999999999999787, -0.2100000000000005473 ) ) ;
#1760 = CARTESIAN_POINT ( 'NONE',  ( 8.804999999999997939, -1.340000000000000524, -3.090000000000001190 ) ) ;
#1761 = VECTOR ( 'NONE', #355, 39.37007874015748143 ) ;
#1762 = LINE ( 'NONE', #691, #3572 ) ;
#1763 = VECTOR ( 'NONE', #2902, 39.37007874015748143 ) ;
#1764 = ADVANCED_FACE ( 'NONE', ( #3352 ), #1684, .T. ) ;
#1765 = FACE_BOUND ( 'NONE', #655, .T. ) ;
#1766 = VECTOR ( 'NONE', #3438, 39.37007874015748143 ) ;
#1767 = VERTEX_POINT ( 'NONE', #1178 ) ;
#1768 = ORIENTED_EDGE ( 'NONE', *, *, #3489, .F. ) ;
#1769 = EDGE_CURVE ( 'NONE', #38, #87, #3078, .T. ) ;
#1770 = VECTOR ( 'NONE', #1880, 39.37007874015748143 ) ;
#1771 = FACE_OUTER_BOUND ( 'NONE', #321, .T. ) ;
#1772 = VERTEX_POINT ( 'NONE', #2295 ) ;
#1773 = LINE ( 'NONE', #2310, #2042 ) ;
#1774 = CARTESIAN_POINT ( 'NONE',  ( 17.15499999999999758, 7.219999999999999751, 0.000000000000000000 ) ) ;
#1775 = CARTESIAN_POINT ( 'NONE',  ( 17.15499999999999758, -7.260000000000001563, 0.000000000000000000 ) ) ;
#1776 = ORIENTED_EDGE ( 'NONE', *, *, #1651, .T. ) ;
#1777 = CARTESIAN_POINT ( 'NONE',  ( 14.33813121871934904, -2.500000000000001332, 0.000000000000000000 ) ) ;
#1778 = DIRECTION ( 'NONE',  ( -1.000000000000000000, -0.000000000000000000, -0.000000000000000000 ) ) ;
#1779 = AXIS2_PLACEMENT_3D ( 'NONE', #2369, #943, #1237 ) ;
#1780 = CARTESIAN_POINT ( 'NONE',  ( 8.804999999999997939, 1.340000000000000524, 0.000000000000000000 ) ) ;
#1781 = AXIS2_PLACEMENT_3D ( 'NONE', #1908, #2693, #1645 ) ;
#1782 = DIRECTION ( 'NONE',  ( 0.000000000000000000, -0.000000000000000000, 1.000000000000000000 ) ) ;
#1783 = VERTEX_POINT ( 'NONE', #1704 ) ;
#1784 = EDGE_LOOP ( 'NONE', ( #3522, #1768, #1135, #3374 ) ) ;
#1785 = EDGE_CURVE ( 'NONE', #2215, #1840, #320, .T. ) ;
#1786 = VERTEX_POINT ( 'NONE', #2030 ) ;
#1787 = DIRECTION ( 'NONE',  ( -0.000000000000000000, -0.000000000000000000, 1.000000000000000000 ) ) ;
#1788 = EDGE_CURVE ( 'NONE', #1332, #3159, #304, .T. ) ;
#1789 = VERTEX_POINT ( 'NONE', #2548 ) ;
#1790 = CARTESIAN_POINT ( 'NONE',  ( -13.34500000000000597, -5.470000000000000639, -3.090000000000001190 ) ) ;
#1791 = CARTESIAN_POINT ( 'NONE',  ( 8.644999999999997797, -2.340000000000001190, -3.090000000000001190 ) ) ;
#1792 = DIRECTION ( 'NONE',  ( 1.505150409732376264E-16, 1.000000000000000000, -1.505150409732376510E-16 ) ) ;
#1793 = DIRECTION ( 'NONE',  ( 1.000000000000000000, 0.000000000000000000, 0.000000000000000000 ) ) ;
#1794 = EDGE_CURVE ( 'NONE', #125, #3394, #872, .T. ) ;
#1795 = ORIENTED_EDGE ( 'NONE', *, *, #3609, .T. ) ;
#1796 = PLANE ( 'NONE',  #720 ) ;
#1797 = CARTESIAN_POINT ( 'NONE',  ( -17.02500000000000213, 7.259999999999999787, -0.2100000000000005473 ) ) ;
#1798 = CARTESIAN_POINT ( 'NONE',  ( -17.40500000000000114, 7.219999999999999751, -3.090000000000001190 ) ) ;
#1799 = DIRECTION ( 'NONE',  ( 0.000000000000000000, -1.000000000000000000, 3.491481338843132961E-15 ) ) ;
#1800 = ORIENTED_EDGE ( 'NONE', *, *, #1607, .F. ) ;
#1801 = VERTEX_POINT ( 'NONE', #3131 ) ;
#1802 = AXIS2_PLACEMENT_3D ( 'NONE', #718, #1513, #2027 ) ;
#1803 = ORIENTED_EDGE ( 'NONE', *, *, #764, .T. ) ;
#1804 = VECTOR ( 'NONE', #1309, 39.37007874015748143 ) ;
#1805 = CYLINDRICAL_SURFACE ( 'NONE', #78, 0.1600000000000004752 ) ;
#1806 = CIRCLE ( 'NONE', #589, 0.2100000000000000755 ) ;
#1807 = ORIENTED_EDGE ( 'NONE', *, *, #1337, .F. ) ;
#1808 = ADVANCED_FACE ( 'NONE', ( #628 ), #3423, .F. ) ;
#1809 = DIRECTION ( 'NONE',  ( 1.505150409732376264E-16, 1.000000000000000000, -2.351797515206837681E-16 ) ) ;
#1810 = CARTESIAN_POINT ( 'NONE',  ( 14.33813121871934904, -2.500000000000001332, -3.090000000000001190 ) ) ;
#1811 = AXIS2_PLACEMENT_3D ( 'NONE', #292, #569, #1674 ) ;
#1812 = VERTEX_POINT ( 'NONE', #1498 ) ;
#1813 = LINE ( 'NONE', #2934, #1938 ) ;
#1814 = EDGE_CURVE ( 'NONE', #262, #221, #957, .T. ) ;
#1815 = CARTESIAN_POINT ( 'NONE',  ( 14.18499999999999694, 2.660000000000000142, 0.000000000000000000 ) ) ;
#1816 = DIRECTION ( 'NONE',  ( -0.000000000000000000, 0.000000000000000000, 1.000000000000000000 ) ) ;
#1817 = DIRECTION ( 'NONE',  ( -0.000000000000000000, 1.000000000000000000, 0.000000000000000000 ) ) ;
#1818 = ORIENTED_EDGE ( 'NONE', *, *, #630, .F. ) ;
#1819 = VECTOR ( 'NONE', #3392, 39.37007874015748143 ) ;
#1820 = VERTEX_POINT ( 'NONE', #2930 ) ;
#1821 = ORIENTED_EDGE ( 'NONE', *, *, #1175, .F. ) ;
#1822 = AXIS2_PLACEMENT_3D ( 'NONE', #2674, #1032, #1589 ) ;
#1823 = AXIS2_PLACEMENT_3D ( 'NONE', #2581, #2897, #919 ) ;
#1824 = DIRECTION ( 'NONE',  ( 0.000000000000000000, 3.388338596792882053E-15, -1.000000000000000000 ) ) ;
#1825 = VERTEX_POINT ( 'NONE', #2877 ) ;
#1826 = AXIS2_PLACEMENT_3D ( 'NONE', #1473, #3126, #2654 ) ;
#1827 = CARTESIAN_POINT ( 'NONE',  ( -17.30000000000000071, 2.603910208837011264E-15, -0.2699999999999970757 ) ) ;
#1828 = VERTEX_POINT ( 'NONE', #1479 ) ;
#1829 = DIRECTION ( 'NONE',  ( 0.000000000000000000, -0.000000000000000000, -1.000000000000000000 ) ) ;
#1830 = VECTOR ( 'NONE', #2989, 39.37007874015748143 ) ;
#1831 = DIRECTION ( 'NONE',  ( -0.000000000000000000, 0.000000000000000000, 1.000000000000000000 ) ) ;
#1832 = ORIENTED_EDGE ( 'NONE', *, *, #165, .T. ) ;
#1833 = EDGE_CURVE ( 'NONE', #3596, #1208, #97, .T. ) ;
#1834 = LINE ( 'NONE', #2658, #3339 ) ;
#1835 = DIRECTION ( 'NONE',  ( 1.000000000000000000, 1.997695059352295648E-16, 0.000000000000000000 ) ) ;
#1836 = DIRECTION ( 'NONE',  ( 0.000000000000000000, -0.000000000000000000, -1.000000000000000000 ) ) ;
#1837 = EDGE_CURVE ( 'NONE', #735, #3257, #666, .T. ) ;
#1838 = DIRECTION ( 'NONE',  ( 1.000000000000000000, 0.000000000000000000, 0.000000000000000000 ) ) ;
#1839 = CIRCLE ( 'NONE', #1779, 0.1600000000000004752 ) ;
#1840 = VERTEX_POINT ( 'NONE', #3201 ) ;
#1841 = ORIENTED_EDGE ( 'NONE', *, *, #322, .T. ) ;
#1843 = EDGE_CURVE ( 'NONE', #2549, #2975, #113, .T. ) ;
#1842 = ORIENTED_EDGE ( 'NONE', *, *, #344, .F. ) ;
#1844 = CIRCLE ( 'NONE', #1781, 0.09999999999999947820 ) ;
#1845 = DIRECTION ( 'NONE',  ( -0.000000000000000000, 0.000000000000000000, 1.000000000000000000 ) ) ;
#1846 = EDGE_LOOP ( 'NONE', ( #2263, #1832, #3026, #1747 ) ) ;
#1847 = CARTESIAN_POINT ( 'NONE',  ( 0.000000000000000000, 0.000000000000000000, 0.000000000000000000 ) ) ;
#1848 = DIRECTION ( 'NONE',  ( 0.000000000000000000, -0.000000000000000000, 1.000000000000000000 ) ) ;
#1849 = CARTESIAN_POINT ( 'NONE',  ( 0.5949999999999973088, 4.970000000000003304, -3.090000000000001190 ) ) ;
#1850 = ORIENTED_EDGE ( 'NONE', *, *, #272, .F. ) ;
#1851 = CYLINDRICAL_SURFACE ( 'NONE', #71, 0.09499999999999994560 ) ;
#1852 = CARTESIAN_POINT ( 'NONE',  ( 14.33813121871934904, 2.500000000000000000, -3.090000000000001190 ) ) ;
#1853 = CARTESIAN_POINT ( 'NONE',  ( 8.644999999999994245, 2.500000000000000000, 0.000000000000000000 ) ) ;
#1854 = DIRECTION ( 'NONE',  ( 0.000000000000000000, 0.000000000000000000, 1.000000000000000000 ) ) ;
#1855 = ORIENTED_EDGE ( 'NONE', *, *, #504, .T. ) ;
#1856 = ADVANCED_FACE ( 'NONE', ( #686 ), #1536, .F. ) ;
#1857 = VERTEX_POINT ( 'NONE', #2067 ) ;
#1858 = EDGE_LOOP ( 'NONE', ( #2806, #1097, #3413, #1372 ) ) ;
#1859 = CARTESIAN_POINT ( 'NONE',  ( -17.02500000000000213, 7.259999999999999787, -0.2100000000000005473 ) ) ;
#1860 = FACE_OUTER_BOUND ( 'NONE', #3412, .T. ) ;
#1861 = ADVANCED_FACE ( 'NONE', ( #2915 ), #371, .F. ) ;
#1862 = CARTESIAN_POINT ( 'NONE',  ( 17.30000000000000071, 7.219999999999999751, 5.897403327718011231E-14 ) ) ;
#1863 = EDGE_LOOP ( 'NONE', ( #2455, #181, #2444, #3279 ) ) ;
#1864 = AXIS2_PLACEMENT_3D ( 'NONE', #1399, #877, #1711 ) ;
#1865 = ORIENTED_EDGE ( 'NONE', *, *, #364, .T. ) ;
#1866 = AXIS2_PLACEMENT_3D ( 'NONE', #1299, #2435, #1619 ) ;
#1867 = DIRECTION ( 'NONE',  ( 1.000000000000000000, 0.000000000000000000, 0.000000000000000000 ) ) ;
#1868 = LINE ( 'NONE', #741, #2922 ) ;
#1869 = ORIENTED_EDGE ( 'NONE', *, *, #2836, .F. ) ;
#1870 = DIRECTION ( 'NONE',  ( 0.000000000000000000, 0.000000000000000000, -1.000000000000000000 ) ) ;
#1871 = CIRCLE ( 'NONE', #1811, 0.09499999999999994560 ) ;
#1872 = LINE ( 'NONE', #1033, #1248 ) ;
#1873 = CARTESIAN_POINT ( 'NONE',  ( 17.15499999999999758, 0.000000000000000000, -0.1049999999999999961 ) ) ;
#1874 = DIRECTION ( 'NONE',  ( -0.000000000000000000, 0.000000000000000000, 1.000000000000000000 ) ) ;
#1875 = EDGE_LOOP ( 'NONE', ( #3431, #2845, #681, #55 ) ) ;
#1876 = ORIENTED_EDGE ( 'NONE', *, *, #1993, .T. ) ;
#1877 = EDGE_CURVE ( 'NONE', #3501, #2906, #1231, .T. ) ;
#1878 = CARTESIAN_POINT ( 'NONE',  ( 14.18499999999999694, 2.340000000000000302, -0.1050000000000001071 ) ) ;
#1879 = CARTESIAN_POINT ( 'NONE',  ( -0.000000000000000000, -7.220000000000001528, -0.1049999999999999961 ) ) ;
#1880 = DIRECTION ( 'NONE',  ( -0.000000000000000000, -0.000000000000000000, 1.000000000000000000 ) ) ;
#1881 = VECTOR ( 'NONE', #3425, 39.37007874015748143 ) ;
#1882 = VERTEX_POINT ( 'NONE', #2347 ) ;
#1883 = EDGE_CURVE ( 'NONE', #1274, #271, #1397, .T. ) ;
#1884 = ORIENTED_EDGE ( 'NONE', *, *, #1081, .F. ) ;
#1885 = DIRECTION ( 'NONE',  ( -3.575514893035041991E-31, -2.375519994490641975E-15, 1.000000000000000000 ) ) ;
#1886 = FACE_OUTER_BOUND ( 'NONE', #1084, .T. ) ;
#1887 = EDGE_LOOP ( 'NONE', ( #1620, #3526, #3453, #1047 ) ) ;
#1888 = CIRCLE ( 'NONE', #2239, 0.09500000000000008438 ) ;
#1889 = ADVANCED_FACE ( 'NONE', ( #447 ), #2657, .F. ) ;
#1890 = DIRECTION ( 'NONE',  ( 1.000000000000000000, 0.000000000000000000, 0.000000000000000000 ) ) ;
#1891 = DIRECTION ( 'NONE',  ( 1.000000000000000000, 0.000000000000000000, 0.000000000000000000 ) ) ;
#1892 = FACE_OUTER_BOUND ( 'NONE', #1380, .T. ) ;
#1893 = DIRECTION ( 'NONE',  ( 1.000000000000000000, 0.000000000000000000, 0.000000000000000000 ) ) ;
#1894 = ORIENTED_EDGE ( 'NONE', *, *, #634, .F. ) ;
#1895 = VERTEX_POINT ( 'NONE', #1775 ) ;
#1896 = DIRECTION ( 'NONE',  ( 0.000000000000000000, -1.000000000000000000, 0.000000000000000000 ) ) ;
#1897 = FACE_BOUND ( 'NONE', #2450, .T. ) ;
#1898 = CARTESIAN_POINT ( 'NONE',  ( -17.40500000000000114, -4.520000000000002238, -0.4999999999999970579 ) ) ;
#1899 = CIRCLE ( 'NONE', #1086, 0.4400000000000007794 ) ;
#1900 = ORIENTED_EDGE ( 'NONE', *, *, #2619, .T. ) ;
#1901 = LINE ( 'NONE', #2196, #2586 ) ;
#1902 = EDGE_CURVE ( 'NONE', #838, #2171, #2398, .T. ) ;
#1903 = PLANE ( 'NONE',  #1511 ) ;
#1904 = ORIENTED_EDGE ( 'NONE', *, *, #1902, .F. ) ;
#1905 = DIRECTION ( 'NONE',  ( 1.000000000000000000, 0.000000000000000000, 0.000000000000000000 ) ) ;
#1906 = CARTESIAN_POINT ( 'NONE',  ( -16.08000000000000895, 2.499999999999999112, 0.000000000000000000 ) ) ;
#1907 = EDGE_CURVE ( 'NONE', #3295, #3087, #3269, .T. ) ;
#1908 = CARTESIAN_POINT ( 'NONE',  ( 17.06500000000000128, 3.749999999999999112, 0.000000000000000000 ) ) ;
#1909 = LINE ( 'NONE', #2733, #542 ) ;
#1910 = ORIENTED_EDGE ( 'NONE', *, *, #392, .T. ) ;
#1911 = VERTEX_POINT ( 'NONE', #1516 ) ;
#1912 = DIRECTION ( 'NONE',  ( -0.000000000000000000, -0.000000000000000000, 1.000000000000000000 ) ) ;
#1913 = LINE ( 'NONE', #2504, #2395 ) ;
#1914 = CARTESIAN_POINT ( 'NONE',  ( -10.46500000000000341, 4.969999999999999751, 0.000000000000000000 ) ) ;
#1915 = ORIENTED_EDGE ( 'NONE', *, *, #2836, .T. ) ;
#1916 = DIRECTION ( 'NONE',  ( -1.000000000000000000, 0.000000000000000000, 0.000000000000000000 ) ) ;
#1917 = DIRECTION ( 'NONE',  ( -0.000000000000000000, -0.000000000000000000, 1.000000000000000000 ) ) ;
#1918 = EDGE_LOOP ( 'NONE', ( #593, #3568, #733, #1090, #1532, #480, #723, #3418, #2499, #1865, #3075, #1658, #692 ) ) ;
#1919 = EDGE_CURVE ( 'NONE', #1379, #993, #3477, .T. ) ;
#1920 = CIRCLE ( 'NONE', #1622, 0.2100000000000011857 ) ;
#1921 = LINE ( 'NONE', #2292, #1926 ) ;
#1922 = DIRECTION ( 'NONE',  ( 0.000000000000000000, -3.388338596792882053E-15, -1.000000000000000000 ) ) ;
#1923 = FACE_OUTER_BOUND ( 'NONE', #508, .T. ) ;
#1924 = ORIENTED_EDGE ( 'NONE', *, *, #2353, .T. ) ;
#1925 = EDGE_CURVE ( 'NONE', #606, #341, #3492, .T. ) ;
#1926 = VECTOR ( 'NONE', #282, 39.37007874015748143 ) ;
#1927 = CARTESIAN_POINT ( 'NONE',  ( 14.18499999999999694, 2.660000000000000142, -0.1050000000000001071 ) ) ;
#1928 = ORIENTED_EDGE ( 'NONE', *, *, #3309, .T. ) ;
#1929 = ORIENTED_EDGE ( 'NONE', *, *, #53, .F. ) ;
#1930 = CARTESIAN_POINT ( 'NONE',  ( 0.5949999999999973088, 4.970000000000003304, -0.1050000000000001071 ) ) ;
#1931 = CARTESIAN_POINT ( 'NONE',  ( -17.40500000000000114, 7.219999999999999751, 0.000000000000000000 ) ) ;
#1932 = DIRECTION ( 'NONE',  ( 0.000000000000000000, -3.388338596792882053E-15, 1.000000000000000000 ) ) ;
#1933 = ORIENTED_EDGE ( 'NONE', *, *, #1529, .T. ) ;
#1934 = CARTESIAN_POINT ( 'NONE',  ( -17.40500000000000114, -7.220000000000001528, -0.4999999999999970579 ) ) ;
#1935 = CIRCLE ( 'NONE', #363, 0.1899999999999997524 ) ;
#1936 = LINE ( 'NONE', #1662, #1338 ) ;
#1937 = ORIENTED_EDGE ( 'NONE', *, *, #836, .T. ) ;
#1938 = VECTOR ( 'NONE', #430, 39.37007874015748143 ) ;
#1939 = PLANE ( 'NONE',  #1056 ) ;
#1940 = DIRECTION ( 'NONE',  ( -1.000000000000000000, -0.000000000000000000, -0.000000000000000000 ) ) ;
#1941 = PLANE ( 'NONE',  #1959 ) ;
#1942 = VECTOR ( 'NONE', #3258, 39.37007874015748143 ) ;
#1943 = EDGE_LOOP ( 'NONE', ( #629, #1447, #647, #2177, #1699, #92, #988, #2924, #3451, #201, #419, #969 ) ) ;
#1944 = CIRCLE ( 'NONE', #2302, 0.1600000000000004752 ) ;
#1945 = FACE_OUTER_BOUND ( 'NONE', #1004, .T. ) ;
#1946 = ORIENTED_EDGE ( 'NONE', *, *, #1171, .F. ) ;
#1947 = VECTOR ( 'NONE', #351, 39.37007874015748143 ) ;
#1948 = ADVANCED_FACE ( 'NONE', ( #3221 ), #2950, .F. ) ;
#1949 = VERTEX_POINT ( 'NONE', #1283 ) ;
#1950 = FACE_OUTER_BOUND ( 'NONE', #1983, .T. ) ;
#1951 = CARTESIAN_POINT ( 'NONE',  ( -17.40500000000000114, 1.720000000000000195, -0.4999999999999991673 ) ) ;
#1952 = EDGE_CURVE ( 'NONE', #633, #3260, #645, .T. ) ;
#1953 = ORIENTED_EDGE ( 'NONE', *, *, #904, .T. ) ;
#1954 = VECTOR ( 'NONE', #1203, 39.37007874015748143 ) ;
#1955 = PLANE ( 'NONE',  #256 ) ;
#1956 = EDGE_CURVE ( 'NONE', #625, #1895, #183, .T. ) ;
#1957 = FACE_OUTER_BOUND ( 'NONE', #420, .T. ) ;
#1958 = ORIENTED_EDGE ( 'NONE', *, *, #255, .T. ) ;
#1959 = AXIS2_PLACEMENT_3D ( 'NONE', #3060, #1392, #1736 ) ;
#1960 = FACE_OUTER_BOUND ( 'NONE', #470, .T. ) ;
#1961 = CYLINDRICAL_SURFACE ( 'NONE', #1533, 0.4400000000000007794 ) ;
#1962 = LINE ( 'NONE', #77, #2955 ) ;
#1963 = VERTEX_POINT ( 'NONE', #1640 ) ;
#1964 = DIRECTION ( 'NONE',  ( 0.000000000000000000, 3.388338596792882053E-15, 1.000000000000000000 ) ) ;
#1965 = ORIENTED_EDGE ( 'NONE', *, *, #3296, .F. ) ;
#1966 = EDGE_LOOP ( 'NONE', ( #402, #965, #8, #517, #3472, #2606, #3583, #25, #2482, #72, #742, #2756, #1561 ) ) ;
#1967 = CARTESIAN_POINT ( 'NONE',  ( 14.18499999999999694, 2.660000000000000142, -3.090000000000001190 ) ) ;
#1968 = ADVANCED_FACE ( 'NONE', ( #1886 ), #1903, .F. ) ;
#1969 = LINE ( 'NONE', #2540, #646 ) ;
#1970 = CARTESIAN_POINT ( 'NONE',  ( -0.000000000000000000, 7.469999999999999751, -0.2099999999999998812 ) ) ;
#1971 = ORIENTED_EDGE ( 'NONE', *, *, #142, .T. ) ;
#1972 = ADVANCED_FACE ( 'NONE', ( #2725 ), #499, .T. ) ;
#1973 = CYLINDRICAL_SURFACE ( 'NONE', #727, 0.09499999999999994560 ) ;
#1974 = CARTESIAN_POINT ( 'NONE',  ( 17.15499999999999758, 7.219999999999999751, -3.090000000000001190 ) ) ;
#1975 = EDGE_LOOP ( 'NONE', ( #2108, #2261 ) ) ;
#1976 = CARTESIAN_POINT ( 'NONE',  ( -17.40500000000000114, 7.259999999999999787, -0.5000000000000004441 ) ) ;
#1977 = DIRECTION ( 'NONE',  ( 1.000000000000000000, 0.000000000000000000, 5.203519987931978849E-15 ) ) ;
#1978 = DIRECTION ( 'NONE',  ( -0.000000000000000000, 0.000000000000000000, 1.000000000000000000 ) ) ;
#1979 = VECTOR ( 'NONE', #93, 39.37007874015748143 ) ;
#1980 = ORIENTED_EDGE ( 'NONE', *, *, #1085, .T. ) ;
#1981 = AXIS2_PLACEMENT_3D ( 'NONE', #2940, #1817, #1782 ) ;
#1982 = PLANE ( 'NONE',  #604 ) ;
#1983 = EDGE_LOOP ( 'NONE', ( #1296, #3466, #1352, #3105 ) ) ;
#1984 = AXIS2_PLACEMENT_3D ( 'NONE', #1083, #2709, #204 ) ;
#1985 = ORIENTED_EDGE ( 'NONE', *, *, #412, .F. ) ;
#1986 = DIRECTION ( 'NONE',  ( -0.000000000000000000, -0.000000000000000000, 1.000000000000000000 ) ) ;
#1987 = PLANE ( 'NONE',  #1401 ) ;
#1988 = CIRCLE ( 'NONE', #2982, 0.1600000000000004752 ) ;
#1989 = EDGE_CURVE ( 'NONE', #1026, #2889, #527, .T. ) ;
#1990 = ORIENTED_EDGE ( 'NONE', *, *, #2149, .F. ) ;
#1991 = CARTESIAN_POINT ( 'NONE',  ( -17.40500000000000114, -4.520000000000002238, -0.4999999999999970579 ) ) ;
#1992 = DIRECTION ( 'NONE',  ( 1.505150409732376510E-16, 1.000000000000000000, 2.375519994490634875E-15 ) ) ;
#1993 = EDGE_CURVE ( 'NONE', #3450, #625, #3259, .T. ) ;
#1994 = VERTEX_POINT ( 'NONE', #3529 ) ;
#1995 = DIRECTION ( 'NONE',  ( 1.000000000000000000, 0.000000000000000000, 0.000000000000000000 ) ) ;
#1996 = CIRCLE ( 'NONE', #2406, 0.1050000000000001071 ) ;
#1997 = CARTESIAN_POINT ( 'NONE',  ( 0.000000000000000000, -7.365000000000001101, 2.531088931804283205E-14 ) ) ;
#1998 = CARTESIAN_POINT ( 'NONE',  ( 8.804999999999996163, 2.660000000000000142, 0.000000000000000000 ) ) ;
#1999 = ADVANCED_FACE ( 'NONE', ( #1371 ), #3603, .F. ) ;
#2000 = EDGE_LOOP ( 'NONE', ( #12, #2810, #185, #1587 ) ) ;
#2001 = AXIS2_PLACEMENT_3D ( 'NONE', #2146, #780, #1890 ) ;
#2002 = PLANE ( 'NONE',  #68 ) ;
#2003 = CIRCLE ( 'NONE', #312, 0.1050000000000012035 ) ;
#2004 = CARTESIAN_POINT ( 'NONE',  ( 8.644999999999997797, -2.340000000000001190, 0.000000000000000000 ) ) ;
#2005 = ORIENTED_EDGE ( 'NONE', *, *, #1198, .T. ) ;
#2006 = VECTOR ( 'NONE', #1531, 39.37007874015748143 ) ;
#2007 = DIRECTION ( 'NONE',  ( -0.000000000000000000, -0.000000000000000000, 1.000000000000000000 ) ) ;
#2008 = PLANE ( 'NONE',  #2101 ) ;
#2009 = VECTOR ( 'NONE', #2749, 39.37007874015748143 ) ;
#2010 = VERTEX_POINT ( 'NONE', #220 ) ;
#2011 = DIRECTION ( 'NONE',  ( 1.000000000000000000, -1.505150409732376510E-16, -3.491481338843132961E-15 ) ) ;
#2012 = VERTEX_POINT ( 'NONE', #1064 ) ;
#2013 = CYLINDRICAL_SURFACE ( 'NONE', #939, 0.09999999999999947820 ) ;
#2014 = EDGE_CURVE ( 'NONE', #606, #3061, #756, .T. ) ;
#2015 = CARTESIAN_POINT ( 'NONE',  ( -17.40500000000000114, 1.720000000000000862, -0.4999999999999991673 ) ) ;
#2016 = CARTESIAN_POINT ( 'NONE',  ( 17.40499999999999758, -7.470000000000003304, -0.7500000000000001110 ) ) ;
#2017 = CIRCLE ( 'NONE', #3301, 0.1600000000000004752 ) ;
#2018 = ORIENTED_EDGE ( 'NONE', *, *, #3021, .F. ) ;
#2019 = DIRECTION ( 'NONE',  ( -0.000000000000000000, 1.000000000000000000, 0.000000000000000000 ) ) ;
#2020 = EDGE_CURVE ( 'NONE', #2574, #1207, #1868, .T. ) ;
#2021 = LINE ( 'NONE', #632, #2266 ) ;
#2022 = ORIENTED_EDGE ( 'NONE', *, *, #1541, .F. ) ;
#2023 = CARTESIAN_POINT ( 'NONE',  ( 17.19500000000000028, -7.220000000000001528, 0.000000000000000000 ) ) ;
#2024 = ORIENTED_EDGE ( 'NONE', *, *, #2271, .F. ) ;
#2025 = DIRECTION ( 'NONE',  ( 0.000000000000000000, 0.000000000000000000, 1.000000000000000000 ) ) ;
#2026 = EDGE_LOOP ( 'NONE', ( #1505, #2726, #1546, #193 ) ) ;
#2027 = DIRECTION ( 'NONE',  ( 1.000000000000000000, 0.000000000000000000, 0.000000000000000000 ) ) ;
#2028 = DIRECTION ( 'NONE',  ( -0.000000000000000000, -0.000000000000000000, 1.000000000000000000 ) ) ;
#2029 = LINE ( 'NONE', #1755, #1187 ) ;
#2030 = CARTESIAN_POINT ( 'NONE',  ( 16.96499999999999631, -3.750000000000000888, -0.1050000000000001071 ) ) ;
#2031 = ORIENTED_EDGE ( 'NONE', *, *, #2088, .F. ) ;
#2032 = EDGE_CURVE ( 'NONE', #1138, #1963, #3386, .T. ) ;
#2033 = DIRECTION ( 'NONE',  ( 0.000000000000000000, 0.000000000000000000, -1.000000000000000000 ) ) ;
#2034 = CARTESIAN_POINT ( 'NONE',  ( 17.40499999999999758, 7.219999999999999751, -3.090000000000001190 ) ) ;
#2035 = CARTESIAN_POINT ( 'NONE',  ( -5.605000000000003091, 2.849999999999999201, -3.090000000000001190 ) ) ;
#2036 = EDGE_CURVE ( 'NONE', #993, #262, #1100, .T. ) ;
#2037 = CARTESIAN_POINT ( 'NONE',  ( -17.40500000000000114, 4.520000000000000462, -0.4999999999999998335 ) ) ;
#2038 = AXIS2_PLACEMENT_3D ( 'NONE', #3103, #3465, #980 ) ;
#2039 = DIRECTION ( 'NONE',  ( 0.000000000000000000, -0.000000000000000000, 1.000000000000000000 ) ) ;
#2040 = ORIENTED_EDGE ( 'NONE', *, *, #2269, .F. ) ;
#2041 = EDGE_LOOP ( 'NONE', ( #3251, #1553, #2981, #2324 ) ) ;
#2042 = VECTOR ( 'NONE', #2028, 39.37007874015748143 ) ;
#2043 = FACE_OUTER_BOUND ( 'NONE', #1705, .T. ) ;
#2044 = ORIENTED_EDGE ( 'NONE', *, *, #2594, .T. ) ;
#2045 = FACE_OUTER_BOUND ( 'NONE', #2860, .T. ) ;
#2046 = DIRECTION ( 'NONE',  ( 0.000000000000000000, -1.000000000000000000, -0.000000000000000000 ) ) ;
#2047 = DIRECTION ( 'NONE',  ( 1.000000000000000000, 0.000000000000000000, 0.000000000000000000 ) ) ;
#2048 = DIRECTION ( 'NONE',  ( -0.000000000000000000, -0.000000000000000000, 1.000000000000000000 ) ) ;
#2049 = VERTEX_POINT ( 'NONE', #3567 ) ;
#2050 = LINE ( 'NONE', #726, #1881 ) ;
#2051 = DIRECTION ( 'NONE',  ( 0.000000000000000000, 0.000000000000000000, 1.000000000000000000 ) ) ;
#2052 = EDGE_CURVE ( 'NONE', #2012, #2206, #2689, .T. ) ;
#2053 = DIRECTION ( 'NONE',  ( 2.185478394931412547E-15, 1.000000000000000000, 0.000000000000000000 ) ) ;
#2054 = DIRECTION ( 'NONE',  ( 1.000000000000000000, 0.000000000000000000, 0.000000000000000000 ) ) ;
#2055 = ORIENTED_EDGE ( 'NONE', *, *, #617, .T. ) ;
#2056 = EDGE_CURVE ( 'NONE', #901, #144, #3548, .T. ) ;
#2057 = VECTOR ( 'NONE', #1282, 39.37007874015748143 ) ;
#2058 = VERTEX_POINT ( 'NONE', #2180 ) ;
#2059 = VERTEX_POINT ( 'NONE', #3310 ) ;
#2060 = EDGE_CURVE ( 'NONE', #2853, #2968, #1351, .T. ) ;
#2061 = DIRECTION ( 'NONE',  ( -1.000000000000000000, -0.000000000000000000, -0.000000000000000000 ) ) ;
#2062 = EDGE_LOOP ( 'NONE', ( #921, #1362, #2754, #3055 ) ) ;
#2063 = FACE_BOUND ( 'NONE', #1215, .T. ) ;
#2064 = DIRECTION ( 'NONE',  ( 0.000000000000000000, 0.000000000000000000, -1.000000000000000000 ) ) ;
#2065 = EDGE_CURVE ( 'NONE', #1895, #3000, #1806, .T. ) ;
#2066 = LINE ( 'NONE', #3200, #3229 ) ;
#2067 = CARTESIAN_POINT ( 'NONE',  ( 17.15499999999999758, -7.365000000000001990, -0.2099999999999968836 ) ) ;
#2068 = VERTEX_POINT ( 'NONE', #3587 ) ;
#2069 = DIRECTION ( 'NONE',  ( 1.000000000000000000, 0.000000000000000000, 0.000000000000000000 ) ) ;
#2070 = PLANE ( 'NONE',  #2305 ) ;
#2071 = VECTOR ( 'NONE', #1540, 39.37007874015748143 ) ;
#2072 = CYLINDRICAL_SURFACE ( 'NONE', #88, 0.2099999999999980216 ) ;
#2073 = CIRCLE ( 'NONE', #2314, 0.1600000000000004752 ) ;
#2074 = CARTESIAN_POINT ( 'NONE',  ( 17.15499999999999758, -7.220000000000001528, -3.090000000000001190 ) ) ;
#2075 = VERTEX_POINT ( 'NONE', #3002 ) ;
#2076 = ORIENTED_EDGE ( 'NONE', *, *, #3380, .F. ) ;
#2077 = ORIENTED_EDGE ( 'NONE', *, *, #2014, .T. ) ;
#2078 = ADVANCED_FACE ( 'NONE', ( #1604 ), #810, .F. ) ;
#2079 = DIRECTION ( 'NONE',  ( -0.000000000000000000, -0.000000000000000000, 1.000000000000000000 ) ) ;
#2080 = VERTEX_POINT ( 'NONE', #849 ) ;
#2081 = EDGE_CURVE ( 'NONE', #43, #1093, #1936, .T. ) ;
#2082 = FACE_BOUND ( 'NONE', #152, .T. ) ;
#2083 = AXIS2_PLACEMENT_3D ( 'NONE', #2300, #3135, #908 ) ;
#2084 = DIRECTION ( 'NONE',  ( -1.000000000000000000, 1.505150409732376510E-16, -0.000000000000000000 ) ) ;
#2085 = CARTESIAN_POINT ( 'NONE',  ( 14.18499999999999694, 2.340000000000000302, 0.000000000000000000 ) ) ;
#2086 = DIRECTION ( 'NONE',  ( -3.388338596792882053E-15, 0.000000000000000000, 1.000000000000000000 ) ) ;
#2087 = ORIENTED_EDGE ( 'NONE', *, *, #1368, .F. ) ;
#2088 = EDGE_CURVE ( 'NONE', #2159, #348, #2544, .T. ) ;
#2089 = CARTESIAN_POINT ( 'NONE',  ( -17.02500000000000213, -7.260000000000001563, -0.1049999999999971928 ) ) ;
#2090 = CARTESIAN_POINT ( 'NONE',  ( -17.30000000000000071, 1.720000000000000195, -0.2699999999999970757 ) ) ;
#2091 = DIRECTION ( 'NONE',  ( -2.081407995172785229E-14, 1.040703997586392614E-14, -1.000000000000000000 ) ) ;
#2092 = ORIENTED_EDGE ( 'NONE', *, *, #3093, .T. ) ;
#2093 = ORIENTED_EDGE ( 'NONE', *, *, #2032, .T. ) ;
#2094 = AXIS2_PLACEMENT_3D ( 'NONE', #1847, #479, #238 ) ;
#2095 = ORIENTED_EDGE ( 'NONE', *, *, #2850, .F. ) ;
#2096 = VECTOR ( 'NONE', #3304, 39.37007874015748143 ) ;
#2097 = DIRECTION ( 'NONE',  ( -0.000000000000000000, 0.000000000000000000, 1.000000000000000000 ) ) ;
#2098 = EDGE_CURVE ( 'NONE', #623, #3501, #1698, .T. ) ;
#2099 = AXIS2_PLACEMENT_3D ( 'NONE', #1046, #2144, #2473 ) ;
#2100 = ORIENTED_EDGE ( 'NONE', *, *, #3179, .F. ) ;
#2101 = AXIS2_PLACEMENT_3D ( 'NONE', #585, #894, #2268 ) ;
#2102 = LINE ( 'NONE', #74, #1507 ) ;
#2103 = ORIENTED_EDGE ( 'NONE', *, *, #1637, .T. ) ;
#2104 = FACE_OUTER_BOUND ( 'NONE', #615, .T. ) ;
#2105 = ADVANCED_FACE ( 'NONE', ( #574 ), #2803, .F. ) ;
#2106 = DIRECTION ( 'NONE',  ( -0.000000000000000000, -0.000000000000000000, 1.000000000000000000 ) ) ;
#2107 = VECTOR ( 'NONE', #110, 39.37007874015748143 ) ;
#2108 = ORIENTED_EDGE ( 'NONE', *, *, #1659, .F. ) ;
#2109 = DIRECTION ( 'NONE',  ( -0.000000000000000000, -0.000000000000000000, 1.000000000000000000 ) ) ;
#2110 = LINE ( 'NONE', #118, #730 ) ;
#2111 = ADVANCED_FACE ( 'NONE', ( #1957 ), #298, .F. ) ;
#2112 = LINE ( 'NONE', #979, #2660 ) ;
#2113 = DIRECTION ( 'NONE',  ( 0.000000000000000000, 0.000000000000000000, 1.000000000000000000 ) ) ;
#2114 = ORIENTED_EDGE ( 'NONE', *, *, #3585, .F. ) ;
#2115 = VECTOR ( 'NONE', #3119, 39.37007874015748143 ) ;
#2116 = VERTEX_POINT ( 'NONE', #2527 ) ;
#2117 = ORIENTED_EDGE ( 'NONE', *, *, #1081, .T. ) ;
#2118 = AXIS2_PLACEMENT_3D ( 'NONE', #2691, #2401, #1870 ) ;
#2119 = AXIS2_PLACEMENT_3D ( 'NONE', #3239, #2966, #740 ) ;
#2120 = CARTESIAN_POINT ( 'NONE',  ( 17.15499999999999758, 7.469999999999999751, -3.090000000000001190 ) ) ;
#2121 = ORIENTED_EDGE ( 'NONE', *, *, #3504, .T. ) ;
#2122 = AXIS2_PLACEMENT_3D ( 'NONE', #401, #2927, #3142 ) ;
#2123 = ORIENTED_EDGE ( 'NONE', *, *, #1907, .T. ) ;
#2124 = DIRECTION ( 'NONE',  ( -0.000000000000000000, 1.000000000000000000, 0.000000000000000000 ) ) ;
#2125 = CIRCLE ( 'NONE', #2476, 0.09499999999999994560 ) ;
#2126 = DIRECTION ( 'NONE',  ( -0.000000000000000000, 1.000000000000000000, -0.000000000000000000 ) ) ;
#2127 = EDGE_LOOP ( 'NONE', ( #1803, #17, #2680, #3505 ) ) ;
#2128 = EDGE_CURVE ( 'NONE', #1882, #785, #3324, .T. ) ;
#2129 = CYLINDRICAL_SURFACE ( 'NONE', #2879, 0.1899999999999997524 ) ;
#2130 = CARTESIAN_POINT ( 'NONE',  ( 0.004999999999995166297, 4.970000000000001528, -0.1050000000000001071 ) ) ;
#2131 = DIRECTION ( 'NONE',  ( -0.000000000000000000, -0.000000000000000000, 1.000000000000000000 ) ) ;
#2132 = EDGE_CURVE ( 'NONE', #393, #3260, #931, .T. ) ;
#2133 = DIRECTION ( 'NONE',  ( 0.000000000000000000, 1.000000000000000000, -0.000000000000000000 ) ) ;
#2134 = VECTOR ( 'NONE', #1328, 39.37007874015748143 ) ;
#2135 = EDGE_LOOP ( 'NONE', ( #218, #3333, #2948, #3506 ) ) ;
#2136 = ORIENTED_EDGE ( 'NONE', *, *, #3248, .T. ) ;
#2137 = VERTEX_POINT ( 'NONE', #1137 ) ;
#2138 = VECTOR ( 'NONE', #2844, 39.37007874015748143 ) ;
#2139 = ADVANCED_FACE ( 'NONE', ( #3346 ), #556, .F. ) ;
#2140 = LINE ( 'NONE', #3544, #383 ) ;
#2141 = ORIENTED_EDGE ( 'NONE', *, *, #3557, .T. ) ;
#2142 = VERTEX_POINT ( 'NONE', #3367 ) ;
#2143 = CARTESIAN_POINT ( 'NONE',  ( 17.19500000000000028, 7.220000000000001528, -0.2099999999999983824 ) ) ;
#2144 = DIRECTION ( 'NONE',  ( -1.000000000000000000, 0.000000000000000000, -0.000000000000000000 ) ) ;
#2145 = ORIENTED_EDGE ( 'NONE', *, *, #572, .T. ) ;
#2146 = CARTESIAN_POINT ( 'NONE',  ( -10.90500000000000469, 4.969999999999999751, -3.090000000000001190 ) ) ;
#2147 = CARTESIAN_POINT ( 'NONE',  ( 14.18499999999999694, 3.660000000000000142, 0.000000000000000000 ) ) ;
#2148 = CARTESIAN_POINT ( 'NONE',  ( 8.804999999999997939, 1.340000000000000524, -3.090000000000001190 ) ) ;
#2149 = EDGE_CURVE ( 'NONE', #1398, #3596, #3090, .T. ) ;
#2150 = DIRECTION ( 'NONE',  ( 0.000000000000000000, 0.000000000000000000, 1.000000000000000000 ) ) ;
#2151 = ORIENTED_EDGE ( 'NONE', *, *, #2471, .F. ) ;
#2152 = ADVANCED_FACE ( 'NONE', ( #314 ), #1423, .F. ) ;
#2153 = ORIENTED_EDGE ( 'NONE', *, *, #2960, .F. ) ;
#2154 = CARTESIAN_POINT ( 'NONE',  ( -17.30000000000000071, 4.520000000000000462, -0.4999999999999998335 ) ) ;
#2155 = FACE_BOUND ( 'NONE', #1918, .T. ) ;
#2156 = CARTESIAN_POINT ( 'NONE',  ( -0.4900000000000023781, 4.970000000000003304, 0.000000000000000000 ) ) ;
#2157 = EDGE_LOOP ( 'NONE', ( #3576, #1250, #773, #850 ) ) ;
#2158 = VECTOR ( 'NONE', #1743, 39.37007874015748143 ) ;
#2159 = VERTEX_POINT ( 'NONE', #3054 ) ;
#2160 = VECTOR ( 'NONE', #1917, 39.37007874015748143 ) ;
#2161 = LINE ( 'NONE', #166, #1942 ) ;
#2162 = CARTESIAN_POINT ( 'NONE',  ( -17.02500000000000213, 7.469999999999999751, -3.090000000000001190 ) ) ;
#2163 = EDGE_LOOP ( 'NONE', ( #64, #1367 ) ) ;
#2164 = CYLINDRICAL_SURFACE ( 'NONE', #2001, 0.4400000000000007794 ) ;
#2165 = VECTOR ( 'NONE', #2084, 39.37007874015748143 ) ;
#2166 = LINE ( 'NONE', #1608, #196 ) ;
#2167 = LINE ( 'NONE', #833, #1259 ) ;
#2168 = DIRECTION ( 'NONE',  ( -0.000000000000000000, -0.000000000000000000, 1.000000000000000000 ) ) ;
#2169 = EDGE_CURVE ( 'NONE', #3402, #315, #2509, .T. ) ;
#2170 = ORIENTED_EDGE ( 'NONE', *, *, #1055, .T. ) ;
#2171 = VERTEX_POINT ( 'NONE', #2446 ) ;
#2172 = LINE ( 'NONE', #787, #2279 ) ;
#2173 = EDGE_CURVE ( 'NONE', #2215, #464, #1111, .T. ) ;
#2174 = DIRECTION ( 'NONE',  ( 0.000000000000000000, -1.000000000000000000, -1.626099996228743292E-14 ) ) ;
#2175 = CARTESIAN_POINT ( 'NONE',  ( 0.1949999999999949274, 4.970000000000001528, -0.1050000000000001071 ) ) ;
#2176 = CIRCLE ( 'NONE', #14, 0.2100000000000000755 ) ;
#2177 = ORIENTED_EDGE ( 'NONE', *, *, #2264, .F. ) ;
#2178 = EDGE_CURVE ( 'NONE', #2049, #1801, #273, .T. ) ;
#2179 = CARTESIAN_POINT ( 'NONE',  ( -17.02500000000000213, -7.220000000000001528, -0.1050000000000001071 ) ) ;
#2180 = CARTESIAN_POINT ( 'NONE',  ( -14.67500000000000249, 2.729999999999999538, -0.1049999999999999961 ) ) ;
#2181 = ORIENTED_EDGE ( 'NONE', *, *, #2098, .T. ) ;
#2182 = VECTOR ( 'NONE', #2011, 39.37007874015748143 ) ;
#2183 = EDGE_CURVE ( 'NONE', #1812, #2059, #989, .T. ) ;
#2184 = CARTESIAN_POINT ( 'NONE',  ( -5.605000000000003979, -5.850000000000000533, -0.1050000000000001071 ) ) ;
#2185 = CARTESIAN_POINT ( 'NONE',  ( -17.02500000000000213, -7.365000000000001101, 2.531088931804283205E-14 ) ) ;
#2186 = DIRECTION ( 'NONE',  ( 0.000000000000000000, -0.000000000000000000, -1.000000000000000000 ) ) ;
#2187 = PLANE ( 'NONE',  #1350 ) ;
#2188 = ORIENTED_EDGE ( 'NONE', *, *, #286, .F. ) ;
#2189 = VERTEX_POINT ( 'NONE', #1094 ) ;
#2190 = CARTESIAN_POINT ( 'NONE',  ( -17.02500000000000213, 7.469999999999999751, -3.090000000000001190 ) ) ;
#2191 = DIRECTION ( 'NONE',  ( 0.000000000000000000, 0.000000000000000000, -1.000000000000000000 ) ) ;
#2192 = LINE ( 'NONE', #551, #2425 ) ;
#2193 = CIRCLE ( 'NONE', #966, 0.09499999999999994560 ) ;
#2194 = EDGE_CURVE ( 'NONE', #2058, #1379, #492, .T. ) ;
#2195 = VERTEX_POINT ( 'NONE', #3012 ) ;
#2196 = CARTESIAN_POINT ( 'NONE',  ( 17.30000000000000071, 0.000000000000000000, -0.7500000000000004441 ) ) ;
#2197 = DIRECTION ( 'NONE',  ( -0.000000000000000000, -0.000000000000000000, 1.000000000000000000 ) ) ;
#2198 = ADVANCED_FACE ( 'NONE', ( #2227 ), #2977, .F. ) ;
#2199 = ORIENTED_EDGE ( 'NONE', *, *, #2556, .F. ) ;
#2200 = DIRECTION ( 'NONE',  ( 1.000000000000000000, 0.000000000000000000, 0.000000000000000000 ) ) ;
#2201 = LINE ( 'NONE', #1015, #3176 ) ;
#2202 = PLANE ( 'NONE',  #3125 ) ;
#2203 = ADVANCED_FACE ( 'NONE', ( #2995 ), #549, .F. ) ;
#2204 = ORIENTED_EDGE ( 'NONE', *, *, #880, .T. ) ;
#2205 = DIRECTION ( 'NONE',  ( 1.000000000000000000, 0.000000000000000000, 0.000000000000000000 ) ) ;
#2206 = VERTEX_POINT ( 'NONE', #2154 ) ;
#2207 = ORIENTED_EDGE ( 'NONE', *, *, #1562, .F. ) ;
#2208 = DIRECTION ( 'NONE',  ( -0.000000000000000000, 0.000000000000000000, 1.000000000000000000 ) ) ;
#2209 = DIRECTION ( 'NONE',  ( 0.000000000000000000, 0.000000000000000000, -1.000000000000000000 ) ) ;
#2210 = CARTESIAN_POINT ( 'NONE',  ( 17.30000000000000071, 7.219999999999999751, -0.2099999999999980216 ) ) ;
#2211 = ORIENTED_EDGE ( 'NONE', *, *, #2864, .F. ) ;
#2212 = EDGE_CURVE ( 'NONE', #2387, #697, #347, .T. ) ;
#2213 = LINE ( 'NONE', #2820, #724 ) ;
#2214 = DIRECTION ( 'NONE',  ( 0.000000000000000000, -1.000000000000000000, 0.000000000000000000 ) ) ;
#2215 = VERTEX_POINT ( 'NONE', #253 ) ;
#2216 = VECTOR ( 'NONE', #3376, 39.37007874015748143 ) ;
#2217 = CARTESIAN_POINT ( 'NONE',  ( 17.19500000000000028, -7.337161150346988236, 6.146657985744592735E-16 ) ) ;
#2218 = EDGE_CURVE ( 'NONE', #2906, #144, #1109, .T. ) ;
#2219 = DIRECTION ( 'NONE',  ( -0.000000000000000000, -0.000000000000000000, 1.000000000000000000 ) ) ;
#2220 = LINE ( 'NONE', #1873, #1027 ) ;
#2221 = ORIENTED_EDGE ( 'NONE', *, *, #985, .F. ) ;
#2222 = AXIS2_PLACEMENT_3D ( 'NONE', #636, #3085, #2320 ) ;
#2223 = CARTESIAN_POINT ( 'NONE',  ( 14.18499999999999694, 2.340000000000000302, -3.090000000000001190 ) ) ;
#2224 = ADVANCED_FACE ( 'NONE', ( #3288 ), #197, .F. ) ;
#2225 = ORIENTED_EDGE ( 'NONE', *, *, #2291, .T. ) ;
#2226 = ORIENTED_EDGE ( 'NONE', *, *, #272, .T. ) ;
#2227 = FACE_OUTER_BOUND ( 'NONE', #3238, .T. ) ;
#2228 = FACE_BOUND ( 'NONE', #1193, .T. ) ;
#2229 = CARTESIAN_POINT ( 'NONE',  ( 17.15499999999999758, -7.470000000000003304, -0.7500000000000001110 ) ) ;
#2230 = VERTEX_POINT ( 'NONE', #1878 ) ;
#2231 = CARTESIAN_POINT ( 'NONE',  ( -17.40500000000000114, 7.219999999999999751, -3.090000000000001190 ) ) ;
#2232 = CIRCLE ( 'NONE', #1124, 0.09499999999999994560 ) ;
#2233 = CARTESIAN_POINT ( 'NONE',  ( -16.17500000000001137, -3.750000000000000888, 0.000000000000000000 ) ) ;
#2234 = ORIENTED_EDGE ( 'NONE', *, *, #142, .F. ) ;
#2235 = VECTOR ( 'NONE', #2069, 39.37007874015748143 ) ;
#2236 = PLANE ( 'NONE',  #2468 ) ;
#2237 = CARTESIAN_POINT ( 'NONE',  ( 17.40499999999999758, -7.365000000000001990, -0.2100000000000002143 ) ) ;
#2238 = DIRECTION ( 'NONE',  ( 1.000000000000000000, 0.000000000000000000, 0.000000000000000000 ) ) ;
#2239 = AXIS2_PLACEMENT_3D ( 'NONE', #2808, #3405, #2531 ) ;
#2240 = EDGE_LOOP ( 'NONE', ( #1490, #1937, #714, #399 ) ) ;
#2241 = EDGE_CURVE ( 'NONE', #3079, #993, #1654, .T. ) ;
#2242 = AXIS2_PLACEMENT_3D ( 'NONE', #3180, #3487, #3160 ) ;
#2243 = CARTESIAN_POINT ( 'NONE',  ( -17.40500000000000469, -7.220000000000001528, -3.090000000000001190 ) ) ;
#2244 = DIRECTION ( 'NONE',  ( -0.000000000000000000, -0.000000000000000000, 1.000000000000000000 ) ) ;
#2245 = AXIS2_PLACEMENT_3D ( 'NONE', #2130, #2712, #188 ) ;
#2247 = EDGE_CURVE ( 'NONE', #2012, #3035, #3560, .T. ) ;
#2246 = EDGE_LOOP ( 'NONE', ( #2274, #772, #3027, #619 ) ) ;
#2248 = CARTESIAN_POINT ( 'NONE',  ( -11.34500000000000419, -5.470000000000000639, 0.000000000000000000 ) ) ;
#2249 = FACE_BOUND ( 'NONE', #2506, .T. ) ;
#2250 = DIRECTION ( 'NONE',  ( -1.000000000000000000, 1.505150409732293680E-16, 3.491481338843132961E-15 ) ) ;
#2252 = EDGE_CURVE ( 'NONE', #958, #668, #2172, .T. ) ;
#2251 = ORIENTED_EDGE ( 'NONE', *, *, #2641, .F. ) ;
#2253 = AXIS2_PLACEMENT_3D ( 'NONE', #451, #2956, #672 ) ;
#2254 = CARTESIAN_POINT ( 'NONE',  ( 17.16499999999999915, 3.749999999999999112, 0.000000000000000000 ) ) ;
#2255 = DIRECTION ( 'NONE',  ( -1.000000000000000000, 0.000000000000000000, -0.000000000000000000 ) ) ;
#2256 = ORIENTED_EDGE ( 'NONE', *, *, #250, .F. ) ;
#2257 = VECTOR ( 'NONE', #3371, 39.37007874015748143 ) ;
#2258 = FACE_OUTER_BOUND ( 'NONE', #3484, .T. ) ;
#2259 = CARTESIAN_POINT ( 'NONE',  ( 17.40500000000000114, 7.219999999999999751, -0.7500000000000001110 ) ) ;
#2260 = DIRECTION ( 'NONE',  ( -0.000000000000000000, -0.000000000000000000, 1.000000000000000000 ) ) ;
#2261 = ORIENTED_EDGE ( 'NONE', *, *, #3401, .F. ) ;
#2262 = CARTESIAN_POINT ( 'NONE',  ( -17.40500000000000114, 7.219999999999999751, -0.5000000000000004441 ) ) ;
#2263 = ORIENTED_EDGE ( 'NONE', *, *, #1497, .T. ) ;
#2264 = EDGE_CURVE ( 'NONE', #2564, #1162, #509, .T. ) ;
#2265 = ORIENTED_EDGE ( 'NONE', *, *, #1883, .F. ) ;
#2266 = VECTOR ( 'NONE', #1445, 39.37007874015748143 ) ;
#2267 = DIRECTION ( 'NONE',  ( -1.000000000000000000, 0.000000000000000000, 3.491481338843132961E-15 ) ) ;
#2268 = DIRECTION ( 'NONE',  ( 0.000000000000000000, -0.000000000000000000, -1.000000000000000000 ) ) ;
#2269 = EDGE_CURVE ( 'NONE', #2651, #1021, #3578, .T. ) ;
#2270 = ORIENTED_EDGE ( 'NONE', *, *, #2646, .F. ) ;
#2271 = EDGE_CURVE ( 'NONE', #901, #1493, #2779, .T. ) ;
#2272 = CARTESIAN_POINT ( 'NONE',  ( 14.33813121871934904, -2.500000000000001332, -0.1050000000000001071 ) ) ;
#2273 = DIRECTION ( 'NONE',  ( 1.000000000000000000, 0.000000000000000000, 0.000000000000000000 ) ) ;
#2274 = ORIENTED_EDGE ( 'NONE', *, *, #2708, .T. ) ;
#2275 = FACE_OUTER_BOUND ( 'NONE', #3234, .T. ) ;
#2276 = DIRECTION ( 'NONE',  ( 0.000000000000000000, 0.000000000000000000, 1.000000000000000000 ) ) ;
#2277 = LINE ( 'NONE', #2515, #679 ) ;
#2278 = ORIENTED_EDGE ( 'NONE', *, *, #682, .F. ) ;
#2279 = VECTOR ( 'NONE', #1896, 39.37007874015748143 ) ;
#2280 = CARTESIAN_POINT ( 'NONE',  ( -11.34500000000000419, 4.969999999999999751, -3.090000000000001190 ) ) ;
#2281 = PLANE ( 'NONE',  #2083 ) ;
#2282 = AXIS2_PLACEMENT_3D ( 'NONE', #1849, #2197, #2967 ) ;
#2283 = ORIENTED_EDGE ( 'NONE', *, *, #2624, .T. ) ;
#2284 = CARTESIAN_POINT ( 'NONE',  ( -17.02500000000000213, -7.260000000000001563, -0.1049999999999971928 ) ) ;
#2285 = DIRECTION ( 'NONE',  ( -0.000000000000000000, -0.000000000000000000, 1.000000000000000000 ) ) ;
#2286 = AXIS2_PLACEMENT_3D ( 'NONE', #3271, #1059, #3340 ) ;
#2287 = ORIENTED_EDGE ( 'NONE', *, *, #1212, .F. ) ;
#2288 = EDGE_CURVE ( 'NONE', #3284, #735, #291, .T. ) ;
#2289 = FACE_OUTER_BOUND ( 'NONE', #1469, .T. ) ;
#2290 = ORIENTED_EDGE ( 'NONE', *, *, #518, .T. ) ;
#2291 = EDGE_CURVE ( 'NONE', #2651, #123, #2503, .T. ) ;
#2292 = CARTESIAN_POINT ( 'NONE',  ( 6.594999999999997087, 2.849999999999999201, 0.000000000000000000 ) ) ;
#2293 = VECTOR ( 'NONE', #1239, 39.37007874015748143 ) ;
#2294 = CARTESIAN_POINT ( 'NONE',  ( -16.27000000000000668, 3.749999999999999112, 0.000000000000000000 ) ) ;
#2295 = CARTESIAN_POINT ( 'NONE',  ( 8.804999999999997939, -3.660000000000000142, 0.000000000000000000 ) ) ;
#2296 = ORIENTED_EDGE ( 'NONE', *, *, #2552, .T. ) ;
#2297 = AXIS2_PLACEMENT_3D ( 'NONE', #3550, #187, #2420 ) ;
#2298 = LINE ( 'NONE', #3411, #716 ) ;
#2299 = VECTOR ( 'NONE', #1330, 39.37007874015748143 ) ;
#2300 = CARTESIAN_POINT ( 'NONE',  ( 8.804999999999997939, -3.660000000000000142, -3.090000000000001190 ) ) ;
#2301 = VERTEX_POINT ( 'NONE', #1150 ) ;
#2302 = AXIS2_PLACEMENT_3D ( 'NONE', #1715, #932, #3417 ) ;
#2303 =( LENGTH_UNIT ( ) NAMED_UNIT ( * ) SI_UNIT ( $, .METRE. ) );
#2304 = DIRECTION ( 'NONE',  ( 0.000000000000000000, 1.000000000000000000, 5.203519987931924418E-15 ) ) ;
#2305 = AXIS2_PLACEMENT_3D ( 'NONE', #3226, #1835, #2384 ) ;
#2306 = ORIENTED_EDGE ( 'NONE', *, *, #746, .F. ) ;
#2307 = CARTESIAN_POINT ( 'NONE',  ( 8.804999999999997939, -3.660000000000000142, -0.1050000000000001071 ) ) ;
#2308 = ADVANCED_FACE ( 'NONE', ( #2554 ), #2835, .F. ) ;
#2309 = VERTEX_POINT ( 'NONE', #635 ) ;
#2310 = CARTESIAN_POINT ( 'NONE',  ( -7.315000000000001279, -2.739999999999999769, -3.090000000000001190 ) ) ;
#2311 = LINE ( 'NONE', #370, #1070 ) ;
#2312 = ADVANCED_FACE ( 'NONE', ( #1205 ), #1465, .F. ) ;
#2313 = CARTESIAN_POINT ( 'NONE',  ( 17.30000000000000071, 7.469999999999996199, -0.2099999999999980216 ) ) ;
#2314 = AXIS2_PLACEMENT_3D ( 'NONE', #336, #1978, #2563 ) ;
#2315 = ORIENTED_EDGE ( 'NONE', *, *, #2870, .F. ) ;
#2316 = DIRECTION ( 'NONE',  ( 1.000000000000000000, 0.000000000000000000, 0.000000000000000000 ) ) ;
#2317 = ORIENTED_EDGE ( 'NONE', *, *, #1659, .T. ) ;
#2318 = ADVANCED_FACE ( 'NONE', ( #2797 ), #48, .T. ) ;
#2319 = DIRECTION ( 'NONE',  ( 1.000000000000000000, -0.000000000000000000, -1.626099996228726381E-16 ) ) ;
#2320 = DIRECTION ( 'NONE',  ( 0.000000000000000000, 0.000000000000000000, -1.000000000000000000 ) ) ;
#2321 = EDGE_LOOP ( 'NONE', ( #1612, #1360, #1569, #3143 ) ) ;
#2322 = ORIENTED_EDGE ( 'NONE', *, *, #1785, .F. ) ;
#2323 = CARTESIAN_POINT ( 'NONE',  ( 14.18499999999999694, 2.660000000000000142, 0.000000000000000000 ) ) ;
#2324 = ORIENTED_EDGE ( 'NONE', *, *, #840, .F. ) ;
#2325 = DIRECTION ( 'NONE',  ( -1.000000000000000000, 0.000000000000000000, 0.000000000000000000 ) ) ;
#2326 = EDGE_CURVE ( 'NONE', #2923, #2853, #2571, .T. ) ;
#2327 = PLANE ( 'NONE',  #884 ) ;
#2328 = CARTESIAN_POINT ( 'NONE',  ( -17.40500000000000114, 7.259999999999999787, -0.5000000000000004441 ) ) ;
#2329 = CARTESIAN_POINT ( 'NONE',  ( -16.17500000000001137, -2.500000000000000444, -0.1050000000000001071 ) ) ;
#2330 = EDGE_LOOP ( 'NONE', ( #1160, #289, #3111, #176 ) ) ;
#2331 = EDGE_CURVE ( 'NONE', #1641, #1221, #2865, .T. ) ;
#2332 = LINE ( 'NONE', #2880, #1761 ) ;
#2333 = CARTESIAN_POINT ( 'NONE',  ( -17.40500000000000469, -7.220000000000001528, -3.090000000000001190 ) ) ;
#2334 = CARTESIAN_POINT ( 'NONE',  ( 14.18499999999999694, 3.660000000000000142, 0.000000000000000000 ) ) ;
#2335 = AXIS2_PLACEMENT_3D ( 'NONE', #3542, #528, #2699 ) ;
#2336 = EDGE_CURVE ( 'NONE', #1021, #1668, #567, .T. ) ;
#2337 = VECTOR ( 'NONE', #1316, 39.37007874015748143 ) ;
#2338 = ORIENTED_EDGE ( 'NONE', *, *, #2572, .T. ) ;
#2339 = ORIENTED_EDGE ( 'NONE', *, *, #1746, .T. ) ;
#2340 = EDGE_LOOP ( 'NONE', ( #3121, #2872, #2427, #2018, #3337, #981, #1821, #1537, #3092, #1965, #2774, #3469, #2640 ) ) ;
#2341 = AXIS2_PLACEMENT_3D ( 'NONE', #2430, #389, #1477 ) ;
#2342 = LINE ( 'NONE', #2375, #3172 ) ;
#2343 = ORIENTED_EDGE ( 'NONE', *, *, #2032, .F. ) ;
#2344 = CARTESIAN_POINT ( 'NONE',  ( -9.345000000000002416, -5.470000000000000639, 0.000000000000000000 ) ) ;
#2345 = DIRECTION ( 'NONE',  ( 1.000000000000000000, 0.000000000000000000, 0.000000000000000000 ) ) ;
#2346 = CARTESIAN_POINT ( 'NONE',  ( -17.30000000000000426, -7.260000000000001563, -0.2099999999999958566 ) ) ;
#2347 = CARTESIAN_POINT ( 'NONE',  ( -16.08000000000000895, -3.750000000000000888, 0.000000000000000000 ) ) ;
#2348 = ORIENTED_EDGE ( 'NONE', *, *, #1989, .F. ) ;
#2349 = CARTESIAN_POINT ( 'NONE',  ( -12.46500000000000341, -5.470000000000000639, -3.090000000000001190 ) ) ;
#2350 = CARTESIAN_POINT ( 'NONE',  ( -17.40500000000000114, 7.219999999999999751, -0.2099999999999958566 ) ) ;
#2351 = LINE ( 'NONE', #745, #31 ) ;
#2352 = VECTOR ( 'NONE', #2109, 39.37007874015748143 ) ;
#2353 = EDGE_CURVE ( 'NONE', #532, #125, #1920, .T. ) ;
#2354 = PLANE ( 'NONE',  #1243 ) ;
#2355 = ORIENTED_EDGE ( 'NONE', *, *, #749, .T. ) ;
#2356 = EDGE_CURVE ( 'NONE', #1668, #2947, #2539, .T. ) ;
#2357 = VECTOR ( 'NONE', #1885, 39.37007874015748143 ) ;
#2358 = ORIENTED_EDGE ( 'NONE', *, *, #184, .F. ) ;
#2359 = ORIENTED_EDGE ( 'NONE', *, *, #813, .T. ) ;
#2360 = CARTESIAN_POINT ( 'NONE',  ( -14.67500000000000249, -2.739999999999999769, 0.000000000000000000 ) ) ;
#2361 = EDGE_LOOP ( 'NONE', ( #748, #879, #1245, #1722 ) ) ;
#2362 = LENGTH_MEASURE_WITH_UNIT ( LENGTH_MEASURE( 0.02539999999999999897 ), #2873 );
#2363 = CARTESIAN_POINT ( 'NONE',  ( -10.46500000000000341, -5.470000000000000639, -3.090000000000001190 ) ) ;
#2364 = CARTESIAN_POINT ( 'NONE',  ( 0.000000000000000000, 2.729999999999999538, -0.1049999999999999961 ) ) ;
#2365 = DIRECTION ( 'NONE',  ( -0.000000000000000000, 0.000000000000000000, 1.000000000000000000 ) ) ;
#2366 = EDGE_LOOP ( 'NONE', ( #230, #1855, #1876, #2095 ) ) ;
#2367 = DIRECTION ( 'NONE',  ( -0.000000000000000000, -0.000000000000000000, 1.000000000000000000 ) ) ;
#2368 = CIRCLE ( 'NONE', #1660, 0.09500000000000027867 ) ;
#2369 = CARTESIAN_POINT ( 'NONE',  ( 14.33813121871934904, -2.500000000000001332, 0.000000000000000000 ) ) ;
#2370 = CARTESIAN_POINT ( 'NONE',  ( 0.000000000000000000, -2.660000000000001030, -0.1049999999999999961 ) ) ;
#2371 = EDGE_CURVE ( 'NONE', #2631, #1227, #2511, .T. ) ;
#2372 = VERTEX_POINT ( 'NONE', #2248 ) ;
#2373 = ORIENTED_EDGE ( 'NONE', *, *, #2870, .T. ) ;
#2374 = ORIENTED_EDGE ( 'NONE', *, *, #540, .T. ) ;
#2375 = CARTESIAN_POINT ( 'NONE',  ( 0.000000000000000000, -2.739999999999999769, -0.1049999999999999961 ) ) ;
#2376 = ORIENTED_EDGE ( 'NONE', *, *, #3225, .F. ) ;
#2377 = DIRECTION ( 'NONE',  ( -0.000000000000000000, 0.000000000000000000, 1.000000000000000000 ) ) ;
#2378 = CLOSED_SHELL ( 'NONE', ( #3486, #3183, #1717, #73, #3041, #1060, #3553, #658, #3025, #2392, #2575, #359, #2111, #303, #1808, #1627, #2105, #3475, #1125, #1999, #1968, #1430, #2529, #1889, #1409, #971, #1119, #779, #156, #1035, #3363, #2318, #3128, #3334, #3541, #3088, #208, #1298, #2713, #2919, #1434, #847, #1856, #161, #3467, #3272, #3202, #2728, #440, #1764, #859, #2732, #1972, #3083, #2421, #146, #731, #2139, #3153, #1611, #10, #1007, #650, #992, #474, #1948, #1347, #3446, #2461, #1861, #1672, #3197, #2308, #2761, #1581, #926, #1656, #340, #3114, #1013, #587, #3138, #678, #2559, #3494, #2978, #116, #3353, #947, #3174, #457, #944, #2224, #1238, #2938, #231, #2805, #2078, #2999, #2957, #2203, #1031, #435, #2597, #2152, #1677, #3219, #3537, #2198, #866, #2751, #2508, #2832, #2312 ) ) ;
#2379 = EDGE_CURVE ( 'NONE', #3211, #1789, #1419, .T. ) ;
#2380 = DIRECTION ( 'NONE',  ( -0.000000000000000000, -0.000000000000000000, 1.000000000000000000 ) ) ;
#2381 = DIRECTION ( 'NONE',  ( 0.000000000000000000, -1.000000000000000000, 0.000000000000000000 ) ) ;
#2382 = VERTEX_POINT ( 'NONE', #893 ) ;
#2383 = CARTESIAN_POINT ( 'NONE',  ( 17.40499999999999758, 7.470000000000000639, -0.7500000000000001110 ) ) ;
#2384 = DIRECTION ( 'NONE',  ( -1.997695059352295648E-16, 1.000000000000000000, 0.000000000000000000 ) ) ;
#2385 = CARTESIAN_POINT ( 'NONE',  ( -17.30000000000000071, -7.220000000000001528, -0.4999999999999973910 ) ) ;
#2386 = DIRECTION ( 'NONE',  ( -0.000000000000000000, 0.000000000000000000, 1.000000000000000000 ) ) ;
#2387 = VERTEX_POINT ( 'NONE', #1728 ) ;
#2388 = ORIENTED_EDGE ( 'NONE', *, *, #2212, .T. ) ;
#2389 = ORIENTED_EDGE ( 'NONE', *, *, #2336, .F. ) ;
#2390 = AXIS2_PLACEMENT_3D ( 'NONE', #1673, #342, #1435 ) ;
#2391 = CARTESIAN_POINT ( 'NONE',  ( -17.02500000000000213, 7.469999999999999751, -3.090000000000001190 ) ) ;
#2392 = ADVANCED_FACE ( 'NONE', ( #358 ), #1131, .F. ) ;
#2393 = ORIENTED_EDGE ( 'NONE', *, *, #3069, .T. ) ;
#2394 = MANIFOLD_SOLID_BREP ( 'Cortar-Extruir3', #2378 ) ;
#2395 = VECTOR ( 'NONE', #3561, 39.37007874015748143 ) ;
#2396 = ORIENTED_EDGE ( 'NONE', *, *, #3157, .T. ) ;
#2397 = DIRECTION ( 'NONE',  ( 0.000000000000000000, 0.000000000000000000, 1.000000000000000000 ) ) ;
#2398 = LINE ( 'NONE', #3458, #115 ) ;
#2399 = EDGE_CURVE ( 'NONE', #1789, #1291, #584, .T. ) ;
#2400 = ORIENTED_EDGE ( 'NONE', *, *, #30, .T. ) ;
#2401 = DIRECTION ( 'NONE',  ( -0.000000000000000000, 1.000000000000000000, -0.000000000000000000 ) ) ;
#2402 = CARTESIAN_POINT ( 'NONE',  ( 8.804999999999997939, 1.340000000000000524, -0.1050000000000001071 ) ) ;
#2403 = CARTESIAN_POINT ( 'NONE',  ( 17.19500000000000028, -7.337161150346988236, -0.2099999999999983824 ) ) ;
#2404 = CARTESIAN_POINT ( 'NONE',  ( 17.40500000000000114, -7.220000000000002416, -0.7500000000000001110 ) ) ;
#2405 = EDGE_LOOP ( 'NONE', ( #1072, #750, #2494, #2793 ) ) ;
#2406 = AXIS2_PLACEMENT_3D ( 'NONE', #1687, #3134, #580 ) ;
#2407 = VERTEX_POINT ( 'NONE', #102 ) ;
#2408 = VERTEX_POINT ( 'NONE', #122 ) ;
#2409 = VECTOR ( 'NONE', #1905, 39.37007874015748143 ) ;
#2410 = VECTOR ( 'NONE', #1916, 39.37007874015748143 ) ;
#2411 = CARTESIAN_POINT ( 'NONE',  ( 17.06499999999999773, -3.750000000000000888, -0.1050000000000001071 ) ) ;
#2412 = EDGE_LOOP ( 'NONE', ( #1884, #2348, #1020, #427 ) ) ;
#2413 = AXIS2_PLACEMENT_3D ( 'NONE', #2120, #217, #1563 ) ;
#2414 = ORIENTED_EDGE ( 'NONE', *, *, #1142, .T. ) ;
#2415 = EDGE_CURVE ( 'NONE', #532, #820, #378, .T. ) ;
#2416 = LINE ( 'NONE', #3528, #488 ) ;
#2417 = VECTOR ( 'NONE', #1501, 39.37007874015748143 ) ;
#2418 = DIRECTION ( 'NONE',  ( -0.000000000000000000, 0.000000000000000000, 1.000000000000000000 ) ) ;
#2419 = ORIENTED_EDGE ( 'NONE', *, *, #3563, .F. ) ;
#2420 = DIRECTION ( 'NONE',  ( 1.000000000000000000, 0.000000000000000000, 0.000000000000000000 ) ) ;
#2421 = ADVANCED_FACE ( 'NONE', ( #2905 ), #140, .T. ) ;
#2422 = LINE ( 'NONE', #1319, #1073 ) ;
#2423 = LINE ( 'NONE', #2990, #1547 ) ;
#2424 = DIRECTION ( 'NONE',  ( 0.000000000000000000, -0.000000000000000000, 1.000000000000000000 ) ) ;
#2425 = VECTOR ( 'NONE', #1383, 39.37007874015748143 ) ;
#2426 = ORIENTED_EDGE ( 'NONE', *, *, #2060, .F. ) ;
#2427 = ORIENTED_EDGE ( 'NONE', *, *, #109, .F. ) ;
#2428 = AXIS2_PLACEMENT_3D ( 'NONE', #2827, #3406, #1159 ) ;
#2429 = CARTESIAN_POINT ( 'NONE',  ( 8.804999999999997939, -1.340000000000000524, 0.000000000000000000 ) ) ;
#2430 = CARTESIAN_POINT ( 'NONE',  ( -16.17500000000000426, 3.749999999999999112, 0.000000000000000000 ) ) ;
#2431 = DIRECTION ( 'NONE',  ( 1.000000000000000000, 0.000000000000000000, 0.000000000000000000 ) ) ;
#2432 = ORIENTED_EDGE ( 'NONE', *, *, #612, .T. ) ;
#2433 = VERTEX_POINT ( 'NONE', #1220 ) ;
#2434 = CARTESIAN_POINT ( 'NONE',  ( -14.67500000000000249, -2.739999999999999769, -3.090000000000001190 ) ) ;
#2435 = DIRECTION ( 'NONE',  ( -0.000000000000000000, 1.000000000000000000, -0.000000000000000000 ) ) ;
#2436 = ORIENTED_EDGE ( 'NONE', *, *, #774, .F. ) ;
#2437 = EDGE_CURVE ( 'NONE', #735, #3284, #1449, .T. ) ;
#2438 = CARTESIAN_POINT ( 'NONE',  ( -17.02500000000000213, -7.220000000000001528, 0.000000000000000000 ) ) ;
#2439 = CARTESIAN_POINT ( 'NONE',  ( -0.000000000000000000, 7.219999999999999751, -0.1049999999999999961 ) ) ;
#2440 = LINE ( 'NONE', #1625, #445 ) ;
#2441 = EDGE_CURVE ( 'NONE', #668, #2407, #3209, .T. ) ;
#2442 = DIRECTION ( 'NONE',  ( -1.000000000000000000, -0.000000000000000000, -0.000000000000000000 ) ) ;
#2443 = ORIENTED_EDGE ( 'NONE', *, *, #2685, .T. ) ;
#2445 = EDGE_CURVE ( 'NONE', #1291, #553, #673, .T. ) ;
#2444 = ORIENTED_EDGE ( 'NONE', *, *, #1279, .F. ) ;
#2446 = CARTESIAN_POINT ( 'NONE',  ( -17.30000000000000071, -1.720000000000002860, -0.2699999999999970757 ) ) ;
#2447 = LINE ( 'NONE', #15, #2517 ) ;
#2448 = DIRECTION ( 'NONE',  ( 0.000000000000000000, 0.000000000000000000, -1.000000000000000000 ) ) ;
#2449 =( GEOMETRIC_REPRESENTATION_CONTEXT ( 3 ) GLOBAL_UNCERTAINTY_ASSIGNED_CONTEXT ( ( #1701 ) ) GLOBAL_UNIT_ASSIGNED_CONTEXT ( ( #3435, #368, #935 ) ) REPRESENTATION_CONTEXT ( 'NONE', 'WORKASPACE' ) );
#2450 = EDGE_LOOP ( 'NONE', ( #1156, #1583 ) ) ;
#2451 = AXIS2_PLACEMENT_3D ( 'NONE', #279, #1155, #2273 ) ;
#2452 = VECTOR ( 'NONE', #2766, 39.37007874015748143 ) ;
#2453 = CARTESIAN_POINT ( 'NONE',  ( 8.804999999999996163, 3.660000000000000142, 0.000000000000000000 ) ) ;
#2454 = DIRECTION ( 'NONE',  ( 1.000000000000000000, 0.000000000000000000, 0.000000000000000000 ) ) ;
#2455 = ORIENTED_EDGE ( 'NONE', *, *, #1925, .T. ) ;
#2456 = DIRECTION ( 'NONE',  ( -1.000000000000000000, 1.505150409732376510E-16, -0.000000000000000000 ) ) ;
#2457 = DIRECTION ( 'NONE',  ( 0.000000000000000000, 0.000000000000000000, 1.000000000000000000 ) ) ;
#2458 = PLANE ( 'NONE',  #210 ) ;
#2459 = FACE_OUTER_BOUND ( 'NONE', #3233, .T. ) ;
#2460 = ORIENTED_EDGE ( 'NONE', *, *, #297, .F. ) ;
#2461 = ADVANCED_FACE ( 'NONE', ( #2958 ), #1254, .F. ) ;
#2462 = VERTEX_POINT ( 'NONE', #173 ) ;
#2463 = DIRECTION ( 'NONE',  ( 1.505150409732376264E-16, 1.000000000000000000, -2.351797515206837681E-16 ) ) ;
#2464 = AXIS2_PLACEMENT_3D ( 'NONE', #3042, #1854, #469 ) ;
#2465 = DIRECTION ( 'NONE',  ( 1.000000000000000000, 0.000000000000000000, 0.000000000000000000 ) ) ;
#2466 = EDGE_CURVE ( 'NONE', #168, #2075, #1523, .T. ) ;
#2467 = CARTESIAN_POINT ( 'NONE',  ( -17.40500000000000114, 7.219999999999999751, -0.5000000000000006661 ) ) ;
#2468 = AXIS2_PLACEMENT_3D ( 'NONE', #57, #1120, #1408 ) ;
#2469 = ORIENTED_EDGE ( 'NONE', *, *, #30, .F. ) ;
#2470 = AXIS2_PLACEMENT_3D ( 'NONE', #2558, #278, #1405 ) ;
#2471 = EDGE_CURVE ( 'NONE', #1025, #2116, #1935, .T. ) ;
#2472 = FACE_OUTER_BOUND ( 'NONE', #1257, .T. ) ;
#2473 = DIRECTION ( 'NONE',  ( -0.000000000000000000, 0.000000000000000000, 1.000000000000000000 ) ) ;
#2474 = ORIENTED_EDGE ( 'NONE', *, *, #2437, .F. ) ;
#2475 = AXIS2_PLACEMENT_3D ( 'NONE', #90, #2079, #1455 ) ;
#2476 = AXIS2_PLACEMENT_3D ( 'NONE', #3313, #2457, #2692 ) ;
#2477 = FACE_OUTER_BOUND ( 'NONE', #477, .T. ) ;
#2478 = DIRECTION ( 'NONE',  ( 0.000000000000000000, 1.000000000000000000, -0.000000000000000000 ) ) ;
#2479 = CARTESIAN_POINT ( 'NONE',  ( 17.40500000000000114, 7.219999999999999751, -0.7500000000000001110 ) ) ;
#2480 = ORIENTED_EDGE ( 'NONE', *, *, #1788, .T. ) ;
#2481 = CARTESIAN_POINT ( 'NONE',  ( -17.02500000000000213, 0.000000000000000000, -0.1049999999999999961 ) ) ;
#2482 = ORIENTED_EDGE ( 'NONE', *, *, #1341, .T. ) ;
#2483 = EDGE_LOOP ( 'NONE', ( #656, #2823, #1340, #2717 ) ) ;
#2484 = EDGE_CURVE ( 'NONE', #524, #2372, #3285, .T. ) ;
#2485 = AXIS2_PLACEMENT_3D ( 'NONE', #2035, #826, #1463 ) ;
#2486 = DIRECTION ( 'NONE',  ( -1.000000000000000000, -0.000000000000000000, -0.000000000000000000 ) ) ;
#2487 = CARTESIAN_POINT ( 'NONE',  ( -17.40500000000000114, -1.720000000000002860, -0.2699999999999970757 ) ) ;
#2488 = DIRECTION ( 'NONE',  ( 1.000000000000000000, 0.000000000000000000, 0.000000000000000000 ) ) ;
#2489 = VECTOR ( 'NONE', #2250, 39.37007874015748143 ) ;
#2490 = ORIENTED_EDGE ( 'NONE', *, *, #1368, .T. ) ;
#2491 = EDGE_CURVE ( 'NONE', #3035, #2564, #397, .T. ) ;
#2492 = CARTESIAN_POINT ( 'NONE',  ( -17.02500000000000213, 7.469999999999999751, -0.7500000000000002220 ) ) ;
#2493 = DIRECTION ( 'NONE',  ( -1.256022066052534822E-16, -1.000000000000000000, 0.000000000000000000 ) ) ;
#2494 = ORIENTED_EDGE ( 'NONE', *, *, #725, .T. ) ;
#2495 = EDGE_CURVE ( 'NONE', #3257, #1994, #1003, .T. ) ;
#2496 = CARTESIAN_POINT ( 'NONE',  ( -16.08000000000000895, 2.499999999999999112, -3.090000000000001190 ) ) ;
#2497 = CYLINDRICAL_SURFACE ( 'NONE', #609, 0.09999999999999947820 ) ;
#2498 = CARTESIAN_POINT ( 'NONE',  ( 14.18499999999999694, -2.660000000000001030, -3.090000000000001190 ) ) ;
#2499 = ORIENTED_EDGE ( 'NONE', *, *, #1586, .T. ) ;
#2500 = FACE_OUTER_BOUND ( 'NONE', #104, .T. ) ;
#2501 = VERTEX_POINT ( 'NONE', #1272 ) ;
#2502 = EDGE_LOOP ( 'NONE', ( #1054, #860, #2703, #507 ) ) ;
#2503 = LINE ( 'NONE', #1967, #1394 ) ;
#2504 = CARTESIAN_POINT ( 'NONE',  ( 14.18499999999999694, 3.660000000000000142, -3.090000000000001190 ) ) ;
#2505 = CARTESIAN_POINT ( 'NONE',  ( 14.18499999999999694, -2.660000000000001030, 0.000000000000000000 ) ) ;
#2506 = EDGE_LOOP ( 'NONE', ( #473, #1267 ) ) ;
#2507 = DIRECTION ( 'NONE',  ( 0.000000000000000000, 0.000000000000000000, 1.000000000000000000 ) ) ;
#2508 = ADVANCED_FACE ( 'NONE', ( #2628 ), #2354, .F. ) ;
#2509 = LINE ( 'NONE', #215, #821 ) ;
#2510 = ORIENTED_EDGE ( 'NONE', *, *, #2271, .T. ) ;
#2511 = CIRCLE ( 'NONE', #1864, 0.4400000000000007794 ) ;
#2512 = DIRECTION ( 'NONE',  ( -0.000000000000000000, -0.000000000000000000, 1.000000000000000000 ) ) ;
#2513 = DIRECTION ( 'NONE',  ( 1.000000000000000000, -1.505150409732376510E-16, 0.000000000000000000 ) ) ;
#2514 = EDGE_CURVE ( 'NONE', #1416, #3375, #1762, .T. ) ;
#2515 = CARTESIAN_POINT ( 'NONE',  ( 16.96499999999999986, 3.749999999999999112, -3.090000000000001190 ) ) ;
#2516 = ORIENTED_EDGE ( 'NONE', *, *, #546, .F. ) ;
#2517 = VECTOR ( 'NONE', #605, 39.37007874015748143 ) ;
#2518 = FACE_OUTER_BOUND ( 'NONE', #3178, .T. ) ;
#2519 = CARTESIAN_POINT ( 'NONE',  ( -5.605000000000003091, 2.849999999999999201, 0.000000000000000000 ) ) ;
#2520 = ORIENTED_EDGE ( 'NONE', *, *, #1293, .F. ) ;
#2521 = CARTESIAN_POINT ( 'NONE',  ( 0.000000000000000000, 3.660000000000000142, -0.1049999999999999961 ) ) ;
#2522 = FACE_BOUND ( 'NONE', #2690, .T. ) ;
#2523 = FACE_OUTER_BOUND ( 'NONE', #3102, .T. ) ;
#2524 = ORIENTED_EDGE ( 'NONE', *, *, #3314, .T. ) ;
#2525 = PLANE ( 'NONE',  #3521 ) ;
#2526 = AXIS2_PLACEMENT_3D ( 'NONE', #1724, #1180, #375 ) ;
#2527 = CARTESIAN_POINT ( 'NONE',  ( -0.1850000000000045774, 4.970000000000001528, 0.000000000000000000 ) ) ;
#2528 = VERTEX_POINT ( 'NONE', #452 ) ;
#2529 = ADVANCED_FACE ( 'NONE', ( #3499 ), #3155, .F. ) ;
#2530 = FACE_OUTER_BOUND ( 'NONE', #1725, .T. ) ;
#2531 = DIRECTION ( 'NONE',  ( 1.000000000000000000, 0.000000000000000000, 0.000000000000000000 ) ) ;
#2532 = CARTESIAN_POINT ( 'NONE',  ( 0.5949999999999973088, 4.970000000000003304, -3.090000000000001190 ) ) ;
#2533 = VECTOR ( 'NONE', #721, 39.37007874015748143 ) ;
#2534 = ORIENTED_EDGE ( 'NONE', *, *, #1217, .F. ) ;
#2535 = EDGE_CURVE ( 'NONE', #315, #2080, #186, .T. ) ;
#2536 = DIRECTION ( 'NONE',  ( 0.000000000000000000, -3.388338596792882053E-15, 1.000000000000000000 ) ) ;
#2537 = CARTESIAN_POINT ( 'NONE',  ( 8.804999999999997939, 1.340000000000000524, -3.090000000000001190 ) ) ;
#2538 = ORIENTED_EDGE ( 'NONE', *, *, #1727, .T. ) ;
#2539 = LINE ( 'NONE', #13, #2216 ) ;
#2540 = CARTESIAN_POINT ( 'NONE',  ( -16.08000000000000895, -3.750000000000000888, -3.090000000000001190 ) ) ;
#2541 = ORIENTED_EDGE ( 'NONE', *, *, #381, .F. ) ;
#2542 = CIRCLE ( 'NONE', #1202, 0.2099999999999989930 ) ;
#2543 = DIRECTION ( 'NONE',  ( -0.000000000000000000, -0.000000000000000000, 1.000000000000000000 ) ) ;
#2544 = LINE ( 'NONE', #2, #705 ) ;
#2545 = ORIENTED_EDGE ( 'NONE', *, *, #1681, .T. ) ;
#2546 = FACE_OUTER_BOUND ( 'NONE', #2801, .T. ) ;
#2547 = CARTESIAN_POINT ( 'NONE',  ( -17.30000000000000071, 1.720000000000000195, -0.4999999999999995004 ) ) ;
#2548 = CARTESIAN_POINT ( 'NONE',  ( 8.644999999999997797, -2.340000000000001190, -0.1050000000000001071 ) ) ;
#2549 = VERTEX_POINT ( 'NONE', #2775 ) ;
#2550 = CARTESIAN_POINT ( 'NONE',  ( -17.19500000000000384, 7.259999999999999787, -0.2099999999999981326 ) ) ;
#2551 = VERTEX_POINT ( 'NONE', #543 ) ;
#2552 = EDGE_CURVE ( 'NONE', #38, #3159, #1036, .T. ) ;
#2553 = ORIENTED_EDGE ( 'NONE', *, *, #3225, .T. ) ;
#2554 = FACE_OUTER_BOUND ( 'NONE', #915, .T. ) ;
#2555 = DIRECTION ( 'NONE',  ( -1.000000000000000000, 0.000000000000000000, -3.491481338843134539E-15 ) ) ;
#2556 = EDGE_CURVE ( 'NONE', #2528, #1783, #3512, .T. ) ;
#2557 = ORIENTED_EDGE ( 'NONE', *, *, #3292, .T. ) ;
#2558 = CARTESIAN_POINT ( 'NONE',  ( 17.19500000000000028, -7.337161150346988236, -0.2099999999999983824 ) ) ;
#2559 = ADVANCED_FACE ( 'NONE', ( #1018 ), #2715, .F. ) ;
#2560 = ORIENTED_EDGE ( 'NONE', *, *, #2169, .F. ) ;
#2561 = PLANE ( 'NONE',  #175 ) ;
#2562 = DIRECTION ( 'NONE',  ( 0.000000000000000000, -1.000000000000000000, -0.000000000000000000 ) ) ;
#2563 = DIRECTION ( 'NONE',  ( 1.000000000000000000, 0.000000000000000000, 0.000000000000000000 ) ) ;
#2564 = VERTEX_POINT ( 'NONE', #2694 ) ;
#2565 = AXIS2_PLACEMENT_3D ( 'NONE', #3382, #1992, #829 ) ;
#2566 = CYLINDRICAL_SURFACE ( 'NONE', #2526, 0.09500000000000027867 ) ;
#2567 = ORIENTED_EDGE ( 'NONE', *, *, #3064, .F. ) ;
#2568 = VECTOR ( 'NONE', #2493, 39.37007874015748143 ) ;
#2569 = ORIENTED_EDGE ( 'NONE', *, *, #2552, .F. ) ;
#2570 = AXIS2_PLACEMENT_3D ( 'NONE', #788, #804, #3289 ) ;
#2571 = LINE ( 'NONE', #2284, #2158 ) ;
#2572 = EDGE_CURVE ( 'NONE', #1786, #2528, #784, .T. ) ;
#2573 = CARTESIAN_POINT ( 'NONE',  ( 14.49813121871934918, 2.500000000000000000, -3.090000000000001190 ) ) ;
#2574 = VERTEX_POINT ( 'NONE', #268 ) ;
#2575 = ADVANCED_FACE ( 'NONE', ( #2459 ), #523, .F. ) ;
#2576 = FACE_OUTER_BOUND ( 'NONE', #2062, .T. ) ;
#2577 = VERTEX_POINT ( 'NONE', #1593 ) ;
#2578 = CARTESIAN_POINT ( 'NONE',  ( -17.02500000000000213, 7.365000000000001101, -0.7500000000000004441 ) ) ;
#2579 = CARTESIAN_POINT ( 'NONE',  ( 17.19500000000000028, -7.220000000000001528, -0.2099999999999983824 ) ) ;
#2580 = AXIS2_PLACEMENT_3D ( 'NONE', #3429, #436, #2611 ) ;
#2581 = CARTESIAN_POINT ( 'NONE',  ( 8.804999999999996163, 3.660000000000000142, -3.090000000000001190 ) ) ;
#2582 = CARTESIAN_POINT ( 'NONE',  ( 14.18499999999999517, 1.340000000000000524, -3.090000000000001190 ) ) ;
#2583 = ORIENTED_EDGE ( 'NONE', *, *, #1384, .T. ) ;
#2584 = CIRCLE ( 'NONE', #3342, 0.09999999999999947820 ) ;
#2585 = LINE ( 'NONE', #99, #778 ) ;
#2586 = VECTOR ( 'NONE', #1315, 39.37007874015748143 ) ;
#2587 = LINE ( 'NONE', #63, #2727 ) ;
#2588 = LINE ( 'NONE', #3049, #2895 ) ;
#2589 = CIRCLE ( 'NONE', #1826, 0.4400000000000007794 ) ;
#2590 = DIRECTION ( 'NONE',  ( 1.000000000000000000, 0.000000000000000000, 0.000000000000000000 ) ) ;
#2591 = DIRECTION ( 'NONE',  ( -0.000000000000000000, -0.000000000000000000, 1.000000000000000000 ) ) ;
#2592 = VECTOR ( 'NONE', #3022, 39.37007874015748143 ) ;
#2593 = ORIENTED_EDGE ( 'NONE', *, *, #3253, .F. ) ;
#2594 = EDGE_CURVE ( 'NONE', #280, #2408, #2232, .T. ) ;
#2595 = ORIENTED_EDGE ( 'NONE', *, *, #1404, .T. ) ;
#2596 = FACE_OUTER_BOUND ( 'NONE', #610, .T. ) ;
#2597 = ADVANCED_FACE ( 'NONE', ( #3573 ), #2187, .F. ) ;
#2598 = EDGE_LOOP ( 'NONE', ( #409, #1841, #1605, #949 ) ) ;
#2599 = CARTESIAN_POINT ( 'NONE',  ( -0.000000000000000000, -7.220000000000001528, -0.1049999999999999961 ) ) ;
#2600 = CIRCLE ( 'NONE', #1024, 0.4399999999999996692 ) ;
#2601 = DIRECTION ( 'NONE',  ( -0.000000000000000000, -0.000000000000000000, 1.000000000000000000 ) ) ;
#2602 = CARTESIAN_POINT ( 'NONE',  ( -17.19500000000000384, -7.220000000000001528, 0.000000000000000000 ) ) ;
#2603 = CARTESIAN_POINT ( 'NONE',  ( 0.4999999999999972800, 4.970000000000003304, -3.090000000000001190 ) ) ;
#2604 = EDGE_CURVE ( 'NONE', #958, #2906, #3593, .T. ) ;
#2605 = AXIS2_PLACEMENT_3D ( 'NONE', #2016, #1141, #853 ) ;
#2606 = ORIENTED_EDGE ( 'NONE', *, *, #405, .T. ) ;
#2607 = LINE ( 'NONE', #1461, #2352 ) ;
#2608 = CARTESIAN_POINT ( 'NONE',  ( 17.15499999999999758, 7.219999999999999751, -3.090000000000001190 ) ) ;
#2609 = DIRECTION ( 'NONE',  ( -0.000000000000000000, 1.000000000000000000, -0.000000000000000000 ) ) ;
#2610 = EDGE_CURVE ( 'NONE', #822, #2968, #1909, .T. ) ;
#2611 = DIRECTION ( 'NONE',  ( 1.000000000000000000, 0.000000000000000000, 0.000000000000000000 ) ) ;
#2612 = ORIENTED_EDGE ( 'NONE', *, *, #3064, .T. ) ;
#2613 = ORIENTED_EDGE ( 'NONE', *, *, #50, .T. ) ;
#2614 = EDGE_LOOP ( 'NONE', ( #3117, #536, #1393, #1199 ) ) ;
#2615 = FACE_OUTER_BOUND ( 'NONE', #751, .T. ) ;
#2616 = ORIENTED_EDGE ( 'NONE', *, *, #1544, .F. ) ;
#2617 = LINE ( 'NONE', #2599, #3206 ) ;
#2618 = CARTESIAN_POINT ( 'NONE',  ( -16.08000000000000895, -2.500000000000000444, -3.090000000000001190 ) ) ;
#2619 = EDGE_CURVE ( 'NONE', #105, #807, #226, .T. ) ;
#2620 = LINE ( 'NONE', #112, #1357 ) ;
#2621 = CARTESIAN_POINT ( 'NONE',  ( -17.40500000000000469, -4.520000000000002238, -0.4999999999999976685 ) ) ;
#2622 = ORIENTED_EDGE ( 'NONE', *, *, #2890, .F. ) ;
#2623 = DIRECTION ( 'NONE',  ( 1.000000000000000000, 0.000000000000000000, 0.000000000000000000 ) ) ;
#2624 = EDGE_CURVE ( 'NONE', #2889, #623, #1339, .T. ) ;
#2625 = DIRECTION ( 'NONE',  ( 1.000000000000000000, 0.000000000000000000, 0.000000000000000000 ) ) ;
#2626 = FACE_OUTER_BOUND ( 'NONE', #2366, .T. ) ;
#2627 = AXIS2_PLACEMENT_3D ( 'NONE', #1930, #3046, #1381 ) ;
#2628 = FACE_OUTER_BOUND ( 'NONE', #1726, .T. ) ;
#2629 = AXIS2_PLACEMENT_3D ( 'NONE', #2329, #1831, #722 ) ;
#2630 = VERTEX_POINT ( 'NONE', #1628 ) ;
#2631 = VERTEX_POINT ( 'NONE', #3024 ) ;
#2632 = VERTEX_POINT ( 'NONE', #2753 ) ;
#2633 = AXIS2_PLACEMENT_3D ( 'NONE', #529, #3013, #2465 ) ;
#2634 = DIRECTION ( 'NONE',  ( 1.000000000000000000, 0.000000000000000000, 0.000000000000000000 ) ) ;
#2635 = VERTEX_POINT ( 'NONE', #247 ) ;
#2636 = LINE ( 'NONE', #1827, #1742 ) ;
#2637 = CARTESIAN_POINT ( 'NONE',  ( 8.804999999999997939, -2.340000000000000302, -0.1050000000000001071 ) ) ;
#2638 = DIRECTION ( 'NONE',  ( 0.000000000000000000, -1.000000000000000000, 0.000000000000000000 ) ) ;
#2639 = CARTESIAN_POINT ( 'NONE',  ( -7.315000000000002167, 2.729999999999999538, 0.000000000000000000 ) ) ;
#2640 = ORIENTED_EDGE ( 'NONE', *, *, #1260, .F. ) ;
#2641 = EDGE_CURVE ( 'NONE', #623, #757, #1359, .T. ) ;
#2642 = LINE ( 'NONE', #688, #2932 ) ;
#2643 = CYLINDRICAL_SURFACE ( 'NONE', #259, 0.4400000000000007794 ) ;
#2644 = DIRECTION ( 'NONE',  ( 1.000000000000000000, 0.000000000000000000, 0.000000000000000000 ) ) ;
#2645 = VECTOR ( 'NONE', #2133, 39.37007874015748143 ) ;
#2646 = EDGE_CURVE ( 'NONE', #3148, #3398, #3164, .T. ) ;
#2647 = DIRECTION ( 'NONE',  ( -1.000000000000000000, 0.000000000000000000, -0.000000000000000000 ) ) ;
#2648 = EDGE_LOOP ( 'NONE', ( #1680, #52 ) ) ;
#2649 = VECTOR ( 'NONE', #1154, 39.37007874015748143 ) ;
#2650 = EDGE_LOOP ( 'NONE', ( #3379, #544, #2287, #2443 ) ) ;
#2652 = EDGE_CURVE ( 'NONE', #2116, #1025, #422, .T. ) ;
#2651 = VERTEX_POINT ( 'NONE', #1927 ) ;
#2653 = AXIS2_PLACEMENT_3D ( 'NONE', #1852, #814, #1302 ) ;
#2654 = DIRECTION ( 'NONE',  ( 1.000000000000000000, 0.000000000000000000, 0.000000000000000000 ) ) ;
#2655 = ORIENTED_EDGE ( 'NONE', *, *, #1697, .T. ) ;
#2656 = LINE ( 'NONE', #1213, #2701 ) ;
#2657 = PLANE ( 'NONE',  #410 ) ;
#2658 = CARTESIAN_POINT ( 'NONE',  ( -0.000000000000000000, 2.340000000000000302, -0.1049999999999999961 ) ) ;
#2659 = CARTESIAN_POINT ( 'NONE',  ( -17.02500000000000213, 7.469999999999999751, -0.2099999999999996592 ) ) ;
#2660 = VECTOR ( 'NONE', #3247, 39.37007874015748143 ) ;
#2661 = LINE ( 'NONE', #155, #3009 ) ;
#2662 = CARTESIAN_POINT ( 'NONE',  ( 0.5949999999999973088, 4.970000000000003304, 0.000000000000000000 ) ) ;
#2663 = ORIENTED_EDGE ( 'NONE', *, *, #1697, .F. ) ;
#2664 = EDGE_CURVE ( 'NONE', #2551, #2928, #1574, .T. ) ;
#2665 = VERTEX_POINT ( 'NONE', #27 ) ;
#2666 = EDGE_LOOP ( 'NONE', ( #1241, #2925, #1850, #3082 ) ) ;
#2667 = EDGE_CURVE ( 'NONE', #1443, #1857, #1996, .T. ) ;
#2668 = DIRECTION ( 'NONE',  ( 1.000000000000000000, 0.000000000000000000, 0.000000000000000000 ) ) ;
#2669 = ORIENTED_EDGE ( 'NONE', *, *, #2641, .T. ) ;
#2670 = VERTEX_POINT ( 'NONE', #1378 ) ;
#2671 = DIRECTION ( 'NONE',  ( 0.000000000000000000, 1.000000000000000000, 0.000000000000000000 ) ) ;
#2672 = DIRECTION ( 'NONE',  ( 0.000000000000000000, -1.000000000000000000, 0.000000000000000000 ) ) ;
#2673 = ORIENTED_EDGE ( 'NONE', *, *, #3421, .T. ) ;
#2674 = CARTESIAN_POINT ( 'NONE',  ( -8.905000000000002913, -5.470000000000000639, 0.000000000000000000 ) ) ;
#2675 = CARTESIAN_POINT ( 'NONE',  ( 17.40499999999999758, -7.470000000000003304, -0.7500000000000001110 ) ) ;
#2676 = DIRECTION ( 'NONE',  ( 0.000000000000000000, -1.000000000000000000, 0.000000000000000000 ) ) ;
#2677 = CARTESIAN_POINT ( 'NONE',  ( 0.5949999999999973088, 4.970000000000003304, -0.1050000000000001071 ) ) ;
#2678 = ORIENTED_EDGE ( 'NONE', *, *, #3515, .T. ) ;
#2679 = EDGE_LOOP ( 'NONE', ( #1512, #1324 ) ) ;
#2680 = ORIENTED_EDGE ( 'NONE', *, *, #1602, .F. ) ;
#2681 = EDGE_CURVE ( 'NONE', #2923, #822, #2298, .T. ) ;
#2682 = VECTOR ( 'NONE', #823, 39.37007874015748143 ) ;
#2683 = DIRECTION ( 'NONE',  ( -0.000000000000000000, -0.000000000000000000, 1.000000000000000000 ) ) ;
#2684 = ORIENTED_EDGE ( 'NONE', *, *, #1837, .F. ) ;
#2685 = EDGE_CURVE ( 'NONE', #143, #2853, #2176, .T. ) ;
#2686 = VECTOR ( 'NONE', #2304, 39.37007874015748143 ) ;
#2687 = ORIENTED_EDGE ( 'NONE', *, *, #1989, .T. ) ;
#2688 = CARTESIAN_POINT ( 'NONE',  ( -16.27000000000001023, -3.750000000000000888, 0.000000000000000000 ) ) ;
#2689 = LINE ( 'NONE', #1585, #3442 ) ;
#2690 = EDGE_LOOP ( 'NONE', ( #2278, #2534 ) ) ;
#2691 = CARTESIAN_POINT ( 'NONE',  ( -17.19500000000000384, 7.219999999999999751, -0.2099999999999981326 ) ) ;
#2692 = DIRECTION ( 'NONE',  ( 1.000000000000000000, 0.000000000000000000, 0.000000000000000000 ) ) ;
#2693 = DIRECTION ( 'NONE',  ( 0.000000000000000000, 0.000000000000000000, 1.000000000000000000 ) ) ;
#2694 = CARTESIAN_POINT ( 'NONE',  ( -17.40500000000000114, 4.520000000000000462, -0.4999999999999998335 ) ) ;
#2695 = ORIENTED_EDGE ( 'NONE', *, *, #2755, .F. ) ;
#2696 = VECTOR ( 'NONE', #192, 39.37007874015748143 ) ;
#2697 = ORIENTED_EDGE ( 'NONE', *, *, #2708, .F. ) ;
#2698 = AXIS2_PLACEMENT_3D ( 'NONE', #3569, #1354, #1554 ) ;
#2699 = DIRECTION ( 'NONE',  ( 1.000000000000000000, 0.000000000000000000, 0.000000000000000000 ) ) ;
#2700 = CARTESIAN_POINT ( 'NONE',  ( -16.08000000000000540, 3.749999999999999112, 0.000000000000000000 ) ) ;
#2701 = VECTOR ( 'NONE', #3422, 39.37007874015748143 ) ;
#2702 = CARTESIAN_POINT ( 'NONE',  ( -8.905000000000002913, -5.470000000000000639, 0.000000000000000000 ) ) ;
#2703 = ORIENTED_EDGE ( 'NONE', *, *, #794, .F. ) ;
#2704 = AXIS2_PLACEMENT_3D ( 'NONE', #2411, #715, #2431 ) ;
#2705 = ORIENTED_EDGE ( 'NONE', *, *, #1234, .F. ) ;
#2706 = DIRECTION ( 'NONE',  ( 1.000000000000000000, 0.000000000000000000, 0.000000000000000000 ) ) ;
#2707 = AXIS2_PLACEMENT_3D ( 'NONE', #1759, #2882, #1236 ) ;
#2708 = EDGE_CURVE ( 'NONE', #1493, #3402, #3080, .T. ) ;
#2709 = DIRECTION ( 'NONE',  ( -1.000000000000000000, 1.505150409732376264E-16, 0.000000000000000000 ) ) ;
#2710 = ORIENTED_EDGE ( 'NONE', *, *, #1492, .T. ) ;
#2711 = CARTESIAN_POINT ( 'NONE',  ( 17.15499999999999758, -7.470000000000000639, -0.2099999999999985767 ) ) ;
#2712 = DIRECTION ( 'NONE',  ( -0.000000000000000000, 0.000000000000000000, 1.000000000000000000 ) ) ;
#2713 = ADVANCED_FACE ( 'NONE', ( #2794 ), #1982, .F. ) ;
#2714 = DIRECTION ( 'NONE',  ( 0.000000000000000000, 0.000000000000000000, 1.000000000000000000 ) ) ;
#2715 = CYLINDRICAL_SURFACE ( 'NONE', #2758, 0.1600000000000004752 ) ;
#2716 = CIRCLE ( 'NONE', #1143, 0.4400000000000007794 ) ;
#2717 = ORIENTED_EDGE ( 'NONE', *, *, #917, .T. ) ;
#2718 = ORIENTED_EDGE ( 'NONE', *, *, #1256, .F. ) ;
#2719 = VECTOR ( 'NONE', #905, 39.37007874015748143 ) ;
#2720 = DIRECTION ( 'NONE',  ( 0.000000000000000000, -1.000000000000000000, 0.000000000000000000 ) ) ;
#2721 = CARTESIAN_POINT ( 'NONE',  ( 14.33813121871934904, -2.660000000000001030, 0.000000000000000000 ) ) ;
#2722 = CARTESIAN_POINT ( 'NONE',  ( 8.804999999999997939, -2.660000000000001030, 0.000000000000000000 ) ) ;
#2723 = ORIENTED_EDGE ( 'NONE', *, *, #3585, .T. ) ;
#2724 = DIRECTION ( 'NONE',  ( 1.000000000000000000, 0.000000000000000000, 0.000000000000000000 ) ) ;
#2725 = FACE_OUTER_BOUND ( 'NONE', #1943, .T. ) ;
#2726 = ORIENTED_EDGE ( 'NONE', *, *, #1175, .T. ) ;
#2727 = VECTOR ( 'NONE', #339, 39.37007874015748143 ) ;
#2728 = ADVANCED_FACE ( 'NONE', ( #2500 ), #1395, .F. ) ;
#2729 = CARTESIAN_POINT ( 'NONE',  ( 17.15499999999999758, 7.365000000000001101, -0.7500000000000004441 ) ) ;
#2730 = CARTESIAN_POINT ( 'NONE',  ( 17.06499999999999773, -3.750000000000000888, -3.090000000000001190 ) ) ;
#2731 = FACE_OUTER_BOUND ( 'NONE', #3539, .T. ) ;
#2732 = ADVANCED_FACE ( 'NONE', ( #1945 ), #1145, .F. ) ;
#2733 = CARTESIAN_POINT ( 'NONE',  ( -17.02500000000000213, -7.220000000000001528, -3.090000000000001190 ) ) ;
#2734 = ORIENTED_EDGE ( 'NONE', *, *, #985, .T. ) ;
#2735 = ORIENTED_EDGE ( 'NONE', *, *, #1454, .T. ) ;
#2736 = EDGE_CURVE ( 'NONE', #2911, #1162, #631, .T. ) ;
#2737 = DIRECTION ( 'NONE',  ( -0.000000000000000000, -0.000000000000000000, 1.000000000000000000 ) ) ;
#2738 = FACE_BOUND ( 'NONE', #3365, .T. ) ;
#2739 = DIRECTION ( 'NONE',  ( 0.000000000000000000, 1.000000000000000000, 1.626099996228743292E-14 ) ) ;
#2740 = AXIS2_PLACEMENT_3D ( 'NONE', #1206, #1132, #2039 ) ;
#2741 = ORIENTED_EDGE ( 'NONE', *, *, #1952, .T. ) ;
#2742 = VECTOR ( 'NONE', #3084, 39.37007874015748143 ) ;
#2743 = VECTOR ( 'NONE', #1117, 39.37007874015748143 ) ;
#2744 = DIRECTION ( 'NONE',  ( 0.000000000000000000, 3.388338596792882053E-15, 1.000000000000000000 ) ) ;
#2745 = CARTESIAN_POINT ( 'NONE',  ( -5.605000000000003091, 7.040003680224462422E-16, -0.1049999999999999961 ) ) ;
#2746 = ORIENTED_EDGE ( 'NONE', *, *, #3003, .T. ) ;
#2747 = DIRECTION ( 'NONE',  ( 0.000000000000000000, -0.000000000000000000, 1.000000000000000000 ) ) ;
#2748 = VECTOR ( 'NONE', #2912, 39.37007874015748143 ) ;
#2749 = DIRECTION ( 'NONE',  ( 0.000000000000000000, -1.000000000000000000, 0.000000000000000000 ) ) ;
#2750 = LINE ( 'NONE', #3007, #3473 ) ;
#2751 = ADVANCED_FACE ( 'NONE', ( #837 ), #2002, .F. ) ;
#2752 = EDGE_LOOP ( 'NONE', ( #3222, #1559, #1006, #1990 ) ) ;
#2753 = CARTESIAN_POINT ( 'NONE',  ( 14.18499999999999517, -3.660000000000000142, 0.000000000000000000 ) ) ;
#2754 = ORIENTED_EDGE ( 'NONE', *, *, #1085, .F. ) ;
#2755 = EDGE_CURVE ( 'NONE', #553, #1108, #1107, .T. ) ;
#2756 = ORIENTED_EDGE ( 'NONE', *, *, #2445, .T. ) ;
#2757 = DIRECTION ( 'NONE',  ( -0.000000000000000000, -0.000000000000000000, 1.000000000000000000 ) ) ;
#2758 = AXIS2_PLACEMENT_3D ( 'NONE', #3283, #2168, #489 ) ;
#2759 = FACE_BOUND ( 'NONE', #940, .T. ) ;
#2760 = DIRECTION ( 'NONE',  ( 0.000000000000000000, 0.000000000000000000, 1.000000000000000000 ) ) ;
#2761 = ADVANCED_FACE ( 'NONE', ( #2518 ), #44, .F. ) ;
#2762 = VECTOR ( 'NONE', #3312, 39.37007874015748143 ) ;
#2763 = ORIENTED_EDGE ( 'NONE', *, *, #2755, .T. ) ;
#2764 = CIRCLE ( 'NONE', #895, 0.09500000000000027867 ) ;
#2765 = LINE ( 'NONE', #2840, #2649 ) ;
#2766 = DIRECTION ( 'NONE',  ( -0.000000000000000000, 1.000000000000000000, -0.000000000000000000 ) ) ;
#2767 = VERTEX_POINT ( 'NONE', #1161 ) ;
#2768 = AXIS2_PLACEMENT_3D ( 'NONE', #624, #2025, #1510 ) ;
#2769 = AXIS2_PLACEMENT_3D ( 'NONE', #1539, #1483, #2625 ) ;
#2770 = DIRECTION ( 'NONE',  ( -0.000000000000000000, -0.000000000000000000, 1.000000000000000000 ) ) ;
#2771 = PRODUCT_DEFINITION_SHAPE ( 'NONE', 'NONE',  #808 ) ;
#2772 = DIRECTION ( 'NONE',  ( -0.000000000000000000, -0.000000000000000000, 1.000000000000000000 ) ) ;
#2773 = DIRECTION ( 'NONE',  ( -0.000000000000000000, 0.000000000000000000, 1.000000000000000000 ) ) ;
#2774 = ORIENTED_EDGE ( 'NONE', *, *, #2901, .F. ) ;
#2775 = CARTESIAN_POINT ( 'NONE',  ( 14.18499999999999694, -1.340000000000000524, -0.1050000000000001071 ) ) ;
#2776 = ORIENTED_EDGE ( 'NONE', *, *, #3401, .T. ) ;
#2777 = ORIENTED_EDGE ( 'NONE', *, *, #2933, .F. ) ;
#2778 = VECTOR ( 'NONE', #2739, 39.37007874015748143 ) ;
#2779 = LINE ( 'NONE', #803, #2682 ) ;
#2780 = EDGE_CURVE ( 'NONE', #330, #2947, #1126, .T. ) ;
#2781 = FACE_OUTER_BOUND ( 'NONE', #1275, .T. ) ;
#2782 = LINE ( 'NONE', #257, #1721 ) ;
#2783 = CIRCLE ( 'NONE', #3071, 0.4400000000000007794 ) ;
#2784 = ORIENTED_EDGE ( 'NONE', *, *, #630, .T. ) ;
#2785 = EDGE_CURVE ( 'NONE', #496, #125, #3062, .T. ) ;
#2786 = DIRECTION ( 'NONE',  ( -0.000000000000000000, 0.000000000000000000, 1.000000000000000000 ) ) ;
#2787 = DIRECTION ( 'NONE',  ( 0.000000000000000000, 0.000000000000000000, 1.000000000000000000 ) ) ;
#2788 = ORIENTED_EDGE ( 'NONE', *, *, #2445, .F. ) ;
#2789 = EDGE_CURVE ( 'NONE', #2631, #2462, #856, .T. ) ;
#2790 = DIRECTION ( 'NONE',  ( 1.000000000000000000, 0.000000000000000000, 0.000000000000000000 ) ) ;
#2791 = PLANE ( 'NONE',  #3349 ) ;
#2792 = LINE ( 'NONE', #2582, #1204 ) ;
#2793 = ORIENTED_EDGE ( 'NONE', *, *, #26, .F. ) ;
#2794 = FACE_OUTER_BOUND ( 'NONE', #1488, .T. ) ;
#2795 = EDGE_LOOP ( 'NONE', ( #2414, #1953, #3612, #2436 ) ) ;
#2796 = ORIENTED_EDGE ( 'NONE', *, *, #1794, .F. ) ;
#2797 = FACE_OUTER_BOUND ( 'NONE', #2502, .T. ) ;
#2798 = FACE_BOUND ( 'NONE', #1144, .T. ) ;
#2799 = DIRECTION ( 'NONE',  ( 0.000000000000000000, 0.000000000000000000, 1.000000000000000000 ) ) ;
#2800 = EDGE_CURVE ( 'NONE', #490, #807, #890, .T. ) ;
#2801 = EDGE_LOOP ( 'NONE', ( #164, #1358, #1928, #1695 ) ) ;
#2802 = LINE ( 'NONE', #1370, #783 ) ;
#2803 = PLANE ( 'NONE',  #2861 ) ;
#2804 = VECTOR ( 'NONE', #3448, 39.37007874015748143 ) ;
#2805 = ADVANCED_FACE ( 'NONE', ( #616 ), #2566, .F. ) ;
#2806 = ORIENTED_EDGE ( 'NONE', *, *, #518, .F. ) ;
#2807 = DIRECTION ( 'NONE',  ( -1.000000000000000000, 0.000000000000000000, 3.491481338843132961E-15 ) ) ;
#2808 = CARTESIAN_POINT ( 'NONE',  ( 0.5949999999999973088, 4.970000000000003304, 0.000000000000000000 ) ) ;
#2809 = DIRECTION ( 'NONE',  ( -0.000000000000000000, 1.000000000000000000, -0.000000000000000000 ) ) ;
#2810 = ORIENTED_EDGE ( 'NONE', *, *, #819, .T. ) ;
#2811 = VECTOR ( 'NONE', #2601, 39.37007874015748143 ) ;
#2812 = DIRECTION ( 'NONE',  ( 0.000000000000000000, 1.000000000000000000, -3.388338596792882053E-15 ) ) ;
#2813 = LINE ( 'NONE', #2004, #806 ) ;
#2814 = ORIENTED_EDGE ( 'NONE', *, *, #225, .T. ) ;
#2815 = SURFACE_STYLE_USAGE ( .BOTH. , #32 ) ;
#2816 = DIRECTION ( 'NONE',  ( -0.000000000000000000, -0.000000000000000000, 1.000000000000000000 ) ) ;
#2817 = CARTESIAN_POINT ( 'NONE',  ( -10.90500000000000469, -5.470000000000000639, 0.000000000000000000 ) ) ;
#2818 = ORIENTED_EDGE ( 'NONE', *, *, #2088, .T. ) ;
#2819 = EDGE_CURVE ( 'NONE', #553, #963, #2050, .T. ) ;
#2820 = CARTESIAN_POINT ( 'NONE',  ( 17.30000000000000071, -7.220000000000001528, 5.897403327718011231E-14 ) ) ;
#2821 = VECTOR ( 'NONE', #1758, 39.37007874015748143 ) ;
#2822 = CARTESIAN_POINT ( 'NONE',  ( -17.30000000000000071, 2.486320333076669627E-15, -0.4999999999999991118 ) ) ;
#2823 = ORIENTED_EDGE ( 'NONE', *, *, #286, .T. ) ;
#2824 = LINE ( 'NONE', #2217, #471 ) ;
#2825 = EDGE_CURVE ( 'NONE', #1044, #1470, #1834, .T. ) ;
#2826 = LINE ( 'NONE', #1735, #2945 ) ;
#2827 = CARTESIAN_POINT ( 'NONE',  ( -14.31499999999999773, 1.719999999999999751, -0.2699999999999970757 ) ) ;
#2828 = CIRCLE ( 'NONE', #2881, 0.09500000000000027867 ) ;
#2829 = ORIENTED_EDGE ( 'NONE', *, *, #2415, .F. ) ;
#2830 = AXIS2_PLACEMENT_3D ( 'NONE', #2903, #3444, #136 ) ;
#2831 = DIRECTION ( 'NONE',  ( 2.185478394931411758E-15, 1.000000000000000000, 0.000000000000000000 ) ) ;
#2832 = ADVANCED_FACE ( 'NONE', ( #670 ), #1482, .F. ) ;
#2833 = DIRECTION ( 'NONE',  ( -0.000000000000000000, -0.000000000000000000, 1.000000000000000000 ) ) ;
#2834 = ORIENTED_EDGE ( 'NONE', *, *, #1476, .F. ) ;
#2835 = CYLINDRICAL_SURFACE ( 'NONE', #2390, 0.09999999999999947820 ) ;
#2836 = EDGE_CURVE ( 'NONE', #2853, #1895, #394, .T. ) ;
#2837 = FACE_OUTER_BOUND ( 'NONE', #3241, .T. ) ;
#2838 = ORIENTED_EDGE ( 'NONE', *, *, #109, .T. ) ;
#2839 = VECTOR ( 'NONE', #2091, 39.37007874015748143 ) ;
#2840 = CARTESIAN_POINT ( 'NONE',  ( -5.605000000000003091, 2.849999999999999201, 0.000000000000000000 ) ) ;
#2841 = ORIENTED_EDGE ( 'NONE', *, *, #3426, .T. ) ;
#2842 = FACE_OUTER_BOUND ( 'NONE', #1062, .T. ) ;
#2843 = DIRECTION ( 'NONE',  ( 0.000000000000000000, 1.000000000000000000, 0.000000000000000000 ) ) ;
#2844 = DIRECTION ( 'NONE',  ( -0.000000000000000000, -0.000000000000000000, 1.000000000000000000 ) ) ;
#2845 = ORIENTED_EDGE ( 'NONE', *, *, #2036, .F. ) ;
#2846 = EDGE_CURVE ( 'NONE', #827, #2856, #2332, .T. ) ;
#2847 = CARTESIAN_POINT ( 'NONE',  ( 0.000000000000000000, -7.470000000000000639, 2.567749485862136200E-14 ) ) ;
#2848 = FACE_OUTER_BOUND ( 'NONE', #2361, .T. ) ;
#2850 = EDGE_CURVE ( 'NONE', #2630, #625, #2607, .T. ) ;
#2849 = ORIENTED_EDGE ( 'NONE', *, *, #2020, .T. ) ;
#2851 = VECTOR ( 'NONE', #1147, 39.37007874015748143 ) ;
#2852 = CARTESIAN_POINT ( 'NONE',  ( -17.02500000000000213, 7.219999999999999751, 0.000000000000000000 ) ) ;
#2854 = EDGE_CURVE ( 'NONE', #3520, #3440, #2585, .T. ) ;
#2853 = VERTEX_POINT ( 'NONE', #3443 ) ;
#2855 = CARTESIAN_POINT ( 'NONE',  ( 0.1949999999999949274, 4.970000000000001528, 0.000000000000000000 ) ) ;
#2856 = VERTEX_POINT ( 'NONE', #81 ) ;
#2857 = LINE ( 'NONE', #2363, #2811 ) ;
#2858 = DIRECTION ( 'NONE',  ( -0.000000000000000000, -0.000000000000000000, 1.000000000000000000 ) ) ;
#2859 = FACE_OUTER_BOUND ( 'NONE', #2598, .T. ) ;
#2860 = EDGE_LOOP ( 'NONE', ( #1800, #2204, #354, #1543 ) ) ;
#2861 = AXIS2_PLACEMENT_3D ( 'NONE', #1974, #2214, #37 ) ;
#2862 = DIRECTION ( 'NONE',  ( 0.000000000000000000, 0.000000000000000000, -1.000000000000000000 ) ) ;
#2863 = DIRECTION ( 'NONE',  ( -0.000000000000000000, 0.000000000000000000, 1.000000000000000000 ) ) ;
#2864 = EDGE_CURVE ( 'NONE', #2906, #757, #3168, .T. ) ;
#2865 = LINE ( 'NONE', #583, #2742 ) ;
#2866 = LINE ( 'NONE', #928, #1113 ) ;
#2867 = EDGE_CURVE ( 'NONE', #3398, #2651, #648, .T. ) ;
#2868 = ORIENTED_EDGE ( 'NONE', *, *, #1192, .T. ) ;
#2869 = ORIENTED_EDGE ( 'NONE', *, *, #2800, .T. ) ;
#2870 = EDGE_CURVE ( 'NONE', #2889, #820, #2642, .T. ) ;
#2871 = FACE_OUTER_BOUND ( 'NONE', #1127, .T. ) ;
#2872 = ORIENTED_EDGE ( 'NONE', *, *, #3069, .F. ) ;
#2873 =( LENGTH_UNIT ( ) NAMED_UNIT ( * ) SI_UNIT ( $, .METRE. ) );
#2874 = LINE ( 'NONE', #955, #3036 ) ;
#2875 = VECTOR ( 'NONE', #3355, 39.37007874015748143 ) ;
#2876 = LINE ( 'NONE', #990, #2533 ) ;
#2877 = CARTESIAN_POINT ( 'NONE',  ( -13.34500000000000597, -5.470000000000000639, 0.000000000000000000 ) ) ;
#2878 = ORIENTED_EDGE ( 'NONE', *, *, #682, .T. ) ;
#2879 = AXIS2_PLACEMENT_3D ( 'NONE', #1285, #3244, #759 ) ;
#2880 = CARTESIAN_POINT ( 'NONE',  ( 14.33813121871934904, 2.340000000000000302, -3.090000000000001190 ) ) ;
#2881 = AXIS2_PLACEMENT_3D ( 'NONE', #1584, #1082, #2724 ) ;
#2882 = DIRECTION ( 'NONE',  ( 1.000000000000000000, 0.000000000000000000, 0.000000000000000000 ) ) ;
#2883 = DIRECTION ( 'NONE',  ( 0.000000000000000000, -0.000000000000000000, 1.000000000000000000 ) ) ;
#2884 = AXIS2_PLACEMENT_3D ( 'NONE', #458, #2097, #511 ) ;
#2885 = CARTESIAN_POINT ( 'NONE',  ( 17.15499999999999758, -7.220000000000001528, -3.090000000000001190 ) ) ;
#2886 = FACE_BOUND ( 'NONE', #141, .T. ) ;
#2887 = VECTOR ( 'NONE', #1778, 39.37007874015748143 ) ;
#2888 = ORIENTED_EDGE ( 'NONE', *, *, #1544, .T. ) ;
#2889 = VERTEX_POINT ( 'NONE', #411 ) ;
#2890 = EDGE_CURVE ( 'NONE', #3019, #1389, #1268, .T. ) ;
#2891 = CARTESIAN_POINT ( 'NONE',  ( -17.30000000000000071, 7.219999999999998863, -0.2099999999999980216 ) ) ;
#2892 = EDGE_LOOP ( 'NONE', ( #891, #1258, #2541, #2510 ) ) ;
#2893 = EDGE_CURVE ( 'NONE', #3402, #958, #1353, .T. ) ;
#2894 = FACE_BOUND ( 'NONE', #2340, .T. ) ;
#2895 = VECTOR ( 'NONE', #2319, 39.37007874015748143 ) ;
#2896 = CYLINDRICAL_SURFACE ( 'NONE', #1517, 0.1050000000000001071 ) ;
#2897 = DIRECTION ( 'NONE',  ( -0.000000000000000000, 1.000000000000000000, 0.000000000000000000 ) ) ;
#2898 = CARTESIAN_POINT ( 'NONE',  ( 17.40499999999999758, 0.000000000000000000, 5.934063881775863595E-14 ) ) ;
#2899 = CIRCLE ( 'NONE', #1314, 0.09499999999999994560 ) ;
#2900 = ORIENTED_EDGE ( 'NONE', *, *, #1217, .T. ) ;
#2901 = EDGE_CURVE ( 'NONE', #3327, #214, #3517, .T. ) ;
#2902 = DIRECTION ( 'NONE',  ( -1.997695059352295648E-16, 1.000000000000000000, -0.000000000000000000 ) ) ;
#2903 = CARTESIAN_POINT ( 'NONE',  ( -16.17500000000001137, -3.750000000000000888, 0.000000000000000000 ) ) ;
#2904 = CARTESIAN_POINT ( 'NONE',  ( 8.804999999999997939, 2.340000000000000302, -0.1050000000000001071 ) ) ;
#2905 = FACE_OUTER_BOUND ( 'NONE', #2752, .T. ) ;
#2906 = VERTEX_POINT ( 'NONE', #117 ) ;
#2907 = ORIENTED_EDGE ( 'NONE', *, *, #764, .F. ) ;
#2908 = EDGE_LOOP ( 'NONE', ( #2705, #2355, #883, #213 ) ) ;
#2909 = PLANE ( 'NONE',  #2122 ) ;
#2910 = EDGE_CURVE ( 'NONE', #2142, #3051, #1235, .T. ) ;
#2911 = VERTEX_POINT ( 'NONE', #1520 ) ;
#2912 = DIRECTION ( 'NONE',  ( -0.000000000000000000, -0.000000000000000000, 1.000000000000000000 ) ) ;
#2913 = CARTESIAN_POINT ( 'NONE',  ( -17.02500000000000213, 7.219999999999999751, -0.1050000000000001071 ) ) ;
#2914 = EDGE_CURVE ( 'NONE', #2230, #827, #959, .T. ) ;
#2915 = FACE_OUTER_BOUND ( 'NONE', #2951, .T. ) ;
#2916 = ORIENTED_EDGE ( 'NONE', *, *, #1956, .T. ) ;
#2917 = DIRECTION ( 'NONE',  ( 0.000000000000000000, 3.491481338843132961E-15, -1.000000000000000000 ) ) ;
#2918 = DIRECTION ( 'NONE',  ( -1.000000000000000000, -0.000000000000000000, -0.000000000000000000 ) ) ;
#2919 = ADVANCED_FACE ( 'NONE', ( #3189 ), #1796, .T. ) ;
#2920 = LINE ( 'NONE', #1271, #327 ) ;
#2921 = VECTOR ( 'NONE', #1448, 39.37007874015748143 ) ;
#2922 = VECTOR ( 'NONE', #2986, 39.37007874015748143 ) ;
#2923 = VERTEX_POINT ( 'NONE', #2089 ) ;
#2924 = ORIENTED_EDGE ( 'NONE', *, *, #592, .F. ) ;
#2925 = ORIENTED_EDGE ( 'NONE', *, *, #1502, .T. ) ;
#2926 = VECTOR ( 'NONE', #2209, 39.37007874015748143 ) ;
#2927 = DIRECTION ( 'NONE',  ( -1.000000000000000000, 0.000000000000000000, -0.000000000000000000 ) ) ;
#2928 = VERTEX_POINT ( 'NONE', #706 ) ;
#2929 = CARTESIAN_POINT ( 'NONE',  ( -10.46500000000000341, -5.470000000000000639, 0.000000000000000000 ) ) ;
#2930 = CARTESIAN_POINT ( 'NONE',  ( -0.6800000000000028244, 4.970000000000003304, -0.1050000000000001071 ) ) ;
#2931 = EDGE_LOOP ( 'NONE', ( #2359, #2723 ) ) ;
#2932 = VECTOR ( 'NONE', #3150, 39.37007874015748143 ) ;
#2933 = EDGE_CURVE ( 'NONE', #889, #214, #1813, .T. ) ;
#2934 = CARTESIAN_POINT ( 'NONE',  ( 14.33813121871935259, -2.340000000000001190, -3.090000000000001190 ) ) ;
#2935 = LINE ( 'NONE', #432, #3235 ) ;
#2936 = DIRECTION ( 'NONE',  ( 1.000000000000000000, 0.000000000000000000, 0.000000000000000000 ) ) ;
#2937 = VECTOR ( 'NONE', #2770, 39.37007874015748143 ) ;
#2938 = ADVANCED_FACE ( 'NONE', ( #449 ), #2988, .F. ) ;
#2939 = VECTOR ( 'NONE', #2949, 39.37007874015748143 ) ;
#2940 = CARTESIAN_POINT ( 'NONE',  ( 14.18499999999999694, -2.340000000000001190, -3.090000000000001190 ) ) ;
#2941 = EDGE_LOOP ( 'NONE', ( #3390, #1549, #2569, #1776 ) ) ;
#2942 = CIRCLE ( 'NONE', #3407, 0.1600000000000004752 ) ;
#2943 = ORIENTED_EDGE ( 'NONE', *, *, #326, .T. ) ;
#2944 = ORIENTED_EDGE ( 'NONE', *, *, #2291, .F. ) ;
#2945 = VECTOR ( 'NONE', #1121, 39.37007874015748143 ) ;
#2946 = DIRECTION ( 'NONE',  ( 1.000000000000000000, 0.000000000000000000, 0.000000000000000000 ) ) ;
#2947 = VERTEX_POINT ( 'NONE', #2969 ) ;
#2948 = ORIENTED_EDGE ( 'NONE', *, *, #3579, .F. ) ;
#2949 = DIRECTION ( 'NONE',  ( 1.000000000000000000, 0.000000000000000000, 0.000000000000000000 ) ) ;
#2950 = PLANE ( 'NONE',  #56 ) ;
#2951 = EDGE_LOOP ( 'NONE', ( #311, #3605, #1489, #1518 ) ) ;
#2952 = VECTOR ( 'NONE', #3503, 39.37007874015748143 ) ;
#2953 = CARTESIAN_POINT ( 'NONE',  ( 8.644999999999997797, -2.340000000000001190, 0.000000000000000000 ) ) ;
#2954 = DIRECTION ( 'NONE',  ( -1.000000000000000000, 0.000000000000000000, -3.388338596792882053E-15 ) ) ;
#2955 = VECTOR ( 'NONE', #1122, 39.37007874015748143 ) ;
#2956 = DIRECTION ( 'NONE',  ( -0.000000000000000000, 1.000000000000000000, 0.000000000000000000 ) ) ;
#2957 = ADVANCED_FACE ( 'NONE', ( #1087 ), #502, .F. ) ;
#2958 = FACE_OUTER_BOUND ( 'NONE', #1714, .T. ) ;
#2959 = ORIENTED_EDGE ( 'NONE', *, *, #1651, .F. ) ;
#2960 = EDGE_CURVE ( 'NONE', #3511, #3558, #1185, .T. ) ;
#2961 = ORIENTED_EDGE ( 'NONE', *, *, #1198, .F. ) ;
#2962 = ORIENTED_EDGE ( 'NONE', *, *, #461, .T. ) ;
#2963 = FACE_OUTER_BOUND ( 'NONE', #1092, .T. ) ;
#2964 = EDGE_CURVE ( 'NONE', #2549, #2049, #169, .T. ) ;
#2965 = EDGE_LOOP ( 'NONE', ( #1475, #2396, #1617, #2322 ) ) ;
#2966 = DIRECTION ( 'NONE',  ( -0.000000000000000000, 0.000000000000000000, 1.000000000000000000 ) ) ;
#2967 = DIRECTION ( 'NONE',  ( 1.000000000000000000, 0.000000000000000000, 0.000000000000000000 ) ) ;
#2968 = VERTEX_POINT ( 'NONE', #2438 ) ;
#2969 = CARTESIAN_POINT ( 'NONE',  ( 8.804999999999996163, 3.660000000000000142, 0.000000000000000000 ) ) ;
#2970 = DIRECTION ( 'NONE',  ( -0.000000000000000000, -0.000000000000000000, 1.000000000000000000 ) ) ;
#2971 = CARTESIAN_POINT ( 'NONE',  ( -17.40500000000000114, 7.219999999999999751, -3.090000000000001190 ) ) ;
#2972 = DIRECTION ( 'NONE',  ( 1.000000000000000000, 0.000000000000000000, 0.000000000000000000 ) ) ;
#2973 = ORIENTED_EDGE ( 'NONE', *, *, #1019, .F. ) ;
#2974 = AXIS2_PLACEMENT_3D ( 'NONE', #1679, #3074, #1406 ) ;
#2975 = VERTEX_POINT ( 'NONE', #242 ) ;
#2976 = ORIENTED_EDGE ( 'NONE', *, *, #769, .F. ) ;
#2977 = PLANE ( 'NONE',  #111 ) ;
#2978 = ADVANCED_FACE ( 'NONE', ( #2477 ), #1851, .F. ) ;
#2979 = CARTESIAN_POINT ( 'NONE',  ( 0.6899999999999973932, 4.970000000000003304, -0.1050000000000001071 ) ) ;
#2980 = DIRECTION ( 'NONE',  ( -3.388338596792882053E-15, 0.000000000000000000, 1.000000000000000000 ) ) ;
#2981 = ORIENTED_EDGE ( 'NONE', *, *, #2241, .F. ) ;
#2982 = AXIS2_PLACEMENT_3D ( 'NONE', #1078, #1597, #1382 ) ;
#2983 = ORIENTED_EDGE ( 'NONE', *, *, #386, .F. ) ;
#2984 = EDGE_CURVE ( 'NONE', #2059, #1812, #1128, .T. ) ;
#2985 = CARTESIAN_POINT ( 'NONE',  ( 17.15499999999999758, -7.365000000000001101, 2.531088931804283205E-14 ) ) ;
#2986 = DIRECTION ( 'NONE',  ( -0.000000000000000000, -0.000000000000000000, 1.000000000000000000 ) ) ;
#2987 = VERTEX_POINT ( 'NONE', #3020 ) ;
#2988 = PLANE ( 'NONE',  #1642 ) ;
#2989 = DIRECTION ( 'NONE',  ( -0.000000000000000000, 1.000000000000000000, -0.000000000000000000 ) ) ;
#2990 = CARTESIAN_POINT ( 'NONE',  ( 8.804999999999996163, 0.000000000000000000, -0.1049999999999999961 ) ) ;
#2991 = DIRECTION ( 'NONE',  ( 1.000000000000000000, 0.000000000000000000, 0.000000000000000000 ) ) ;
#2992 = ORIENTED_EDGE ( 'NONE', *, *, #3266, .T. ) ;
#2993 = VECTOR ( 'NONE', #1504, 39.37007874015748143 ) ;
#2994 = ORIENTED_EDGE ( 'NONE', *, *, #2910, .F. ) ;
#2995 = FACE_OUTER_BOUND ( 'NONE', #3167, .T. ) ;
#2996 = CARTESIAN_POINT ( 'NONE',  ( 17.15499999999999758, -7.365000000000001990, -0.2099999999999968836 ) ) ;
#2997 = VECTOR ( 'NONE', #1809, 39.37007874015748143 ) ;
#2998 = DIRECTION ( 'NONE',  ( 0.000000000000000000, 0.000000000000000000, 1.000000000000000000 ) ) ;
#2999 = ADVANCED_FACE ( 'NONE', ( #1570 ), #2129, .F. ) ;
#3000 = VERTEX_POINT ( 'NONE', #2711 ) ;
#3001 = LINE ( 'NONE', #792, #2057 ) ;
#3002 = CARTESIAN_POINT ( 'NONE',  ( 14.18499999999999517, 1.340000000000000524, -0.1050000000000001071 ) ) ;
#3003 = EDGE_CURVE ( 'NONE', #1786, #3347, #2584, .T. ) ;
#3004 = ORIENTED_EDGE ( 'NONE', *, *, #885, .T. ) ;
#3005 = CARTESIAN_POINT ( 'NONE',  ( -16.17500000000001137, -2.500000000000000444, -3.090000000000001190 ) ) ;
#3006 = LINE ( 'NONE', #503, #3118 ) ;
#3007 = CARTESIAN_POINT ( 'NONE',  ( 14.18499999999999694, -2.660000000000001030, -3.090000000000001190 ) ) ;
#3008 = CARTESIAN_POINT ( 'NONE',  ( -16.17500000000001137, -2.500000000000000444, -3.090000000000001190 ) ) ;
#3009 = VECTOR ( 'NONE', #2714, 39.37007874015748143 ) ;
#3010 = VERTEX_POINT ( 'NONE', #2953 ) ;
#3011 = ORIENTED_EDGE ( 'NONE', *, *, #2194, .F. ) ;
#3012 = CARTESIAN_POINT ( 'NONE',  ( -16.27000000000000668, 3.749999999999999112, -0.1050000000000001071 ) ) ;
#3013 = DIRECTION ( 'NONE',  ( -0.000000000000000000, 0.000000000000000000, 1.000000000000000000 ) ) ;
#3014 = CARTESIAN_POINT ( 'NONE',  ( -0.5850000000000026290, 4.970000000000003304, 0.000000000000000000 ) ) ;
#3015 = ORIENTED_EDGE ( 'NONE', *, *, #364, .F. ) ;
#3016 = EDGE_CURVE ( 'NONE', #3394, #2068, #545, .T. ) ;
#3017 = DIRECTION ( 'NONE',  ( 0.000000000000000000, -1.000000000000000000, 0.000000000000000000 ) ) ;
#3018 = CARTESIAN_POINT ( 'NONE',  ( 17.15499999999999758, -7.220000000000001528, -3.090000000000001190 ) ) ;
#3019 = VERTEX_POINT ( 'NONE', #3513 ) ;
#3020 = CARTESIAN_POINT ( 'NONE',  ( -17.40500000000000114, -1.720000000000002860, -0.4999999999999970579 ) ) ;
#3021 = EDGE_CURVE ( 'NONE', #1949, #1108, #743, .T. ) ;
#3022 = DIRECTION ( 'NONE',  ( -0.000000000000000000, -0.000000000000000000, 1.000000000000000000 ) ) ;
#3023 = CARTESIAN_POINT ( 'NONE',  ( 17.30000000000000071, 7.219999999999999751, -0.7500000000000004441 ) ) ;
#3024 = CARTESIAN_POINT ( 'NONE',  ( -11.34500000000000419, 4.969999999999999751, -0.1050000000000001071 ) ) ;
#3025 = ADVANCED_FACE ( 'NONE', ( #3297 ), #1012, .F. ) ;
#3026 = ORIENTED_EDGE ( 'NONE', *, *, #1188, .F. ) ;
#3027 = ORIENTED_EDGE ( 'NONE', *, *, #1454, .F. ) ;
#3028 = DIRECTION ( 'NONE',  ( 0.000000000000000000, -1.000000000000000000, -5.203519987931924418E-15 ) ) ;
#3029 = FACE_BOUND ( 'NONE', #1417, .T. ) ;
#3030 = FACE_OUTER_BOUND ( 'NONE', #2330, .T. ) ;
#3031 = ORIENTED_EDGE ( 'NONE', *, *, #899, .F. ) ;
#3032 = AXIS2_PLACEMENT_3D ( 'NONE', #652, #732, #1557 ) ;
#3033 = DIRECTION ( 'NONE',  ( 0.000000000000000000, -0.000000000000000000, 1.000000000000000000 ) ) ;
#3034 = DIRECTION ( 'NONE',  ( -1.000000000000000000, 0.000000000000000000, -0.000000000000000000 ) ) ;
#3035 = VERTEX_POINT ( 'NONE', #1049 ) ;
#3036 = VECTOR ( 'NONE', #3185, 39.37007874015748143 ) ;
#3037 = CARTESIAN_POINT ( 'NONE',  ( -16.08000000000000895, 2.499999999999999112, -0.1050000000000001071 ) ) ;
#3038 = FACE_OUTER_BOUND ( 'NONE', #948, .T. ) ;
#3039 = DIRECTION ( 'NONE',  ( -0.000000000000000000, -0.000000000000000000, 1.000000000000000000 ) ) ;
#3040 = ORIENTED_EDGE ( 'NONE', *, *, #454, .T. ) ;
#3041 = ADVANCED_FACE ( 'NONE', ( #3533 ), #2164, .F. ) ;
#3042 = CARTESIAN_POINT ( 'NONE',  ( 0.004999999999995166297, 4.970000000000001528, 0.000000000000000000 ) ) ;
#3043 = VERTEX_POINT ( 'NONE', #2729 ) ;
#3045 = EDGE_CURVE ( 'NONE', #838, #2301, #222, .T. ) ;
#3044 = ORIENTED_EDGE ( 'NONE', *, *, #2056, .F. ) ;
#3046 = DIRECTION ( 'NONE',  ( -0.000000000000000000, 0.000000000000000000, 1.000000000000000000 ) ) ;
#3047 = AXIS2_PLACEMENT_3D ( 'NONE', #1091, #3317, #2205 ) ;
#3048 = CARTESIAN_POINT ( 'NONE',  ( -17.02500000000000213, -7.220000000000001528, -3.090000000000001190 ) ) ;
#3049 = CARTESIAN_POINT ( 'NONE',  ( -17.40500000000000469, -7.260000000000001563, -0.1049999999999971095 ) ) ;
#3050 = VECTOR ( 'NONE', #1374, 39.37007874015748143 ) ;
#3051 = VERTEX_POINT ( 'NONE', #1067 ) ;
#3052 = AXIS2_PLACEMENT_3D ( 'NONE', #832, #1940, #1426 ) ;
#3053 = DIRECTION ( 'NONE',  ( -1.000000000000000000, 0.000000000000000000, 0.000000000000000000 ) ) ;
#3054 = CARTESIAN_POINT ( 'NONE',  ( 17.19500000000000028, -7.220000000000001528, -0.1049999999999993577 ) ) ;
#3055 = ORIENTED_EDGE ( 'NONE', *, *, #1586, .F. ) ;
#3056 = CIRCLE ( 'NONE', #2884, 0.4399999999999996692 ) ;
#3057 = VECTOR ( 'NONE', #538, 39.37007874015748143 ) ;
#3058 = DIRECTION ( 'NONE',  ( -0.000000000000000000, 1.000000000000000000, 0.000000000000000000 ) ) ;
#3059 = LINE ( 'NONE', #3077, #191 ) ;
#3060 = CARTESIAN_POINT ( 'NONE',  ( 14.18499999999999694, -2.660000000000001030, -3.090000000000001190 ) ) ;
#3061 = VERTEX_POINT ( 'NONE', #2184 ) ;
#3062 = LINE ( 'NONE', #2243, #2875 ) ;
#3063 = CARTESIAN_POINT ( 'NONE',  ( 14.18499999999999694, -2.340000000000001190, -0.1050000000000001071 ) ) ;
#3064 = EDGE_CURVE ( 'NONE', #3087, #280, #334, .T. ) ;
#3065 = ORIENTED_EDGE ( 'NONE', *, *, #546, .T. ) ;
#3066 = AXIS2_PLACEMENT_3D ( 'NONE', #2817, #2799, #925 ) ;
#3067 = DIRECTION ( 'NONE',  ( -3.491481338843132961E-15, -2.351797515206832258E-16, -1.000000000000000000 ) ) ;
#3068 = LINE ( 'NONE', #2996, #1453 ) ;
#3069 = EDGE_CURVE ( 'NONE', #1772, #2632, #3606, .T. ) ;
#3070 = LINE ( 'NONE', #1970, #3594 ) ;
#3071 = AXIS2_PLACEMENT_3D ( 'NONE', #7, #597, #59 ) ;
#3072 = EDGE_LOOP ( 'NONE', ( #2583, #2393, #1526, #2983 ) ) ;
#3073 = DIRECTION ( 'NONE',  ( 0.000000000000000000, -0.000000000000000000, -1.000000000000000000 ) ) ;
#3074 = DIRECTION ( 'NONE',  ( -0.000000000000000000, -0.000000000000000000, 1.000000000000000000 ) ) ;
#3075 = ORIENTED_EDGE ( 'NONE', *, *, #1723, .T. ) ;
#3076 = PLANE ( 'NONE',  #3328 ) ;
#3077 = CARTESIAN_POINT ( 'NONE',  ( -0.6800000000000028244, 4.970000000000003304, -3.090000000000001190 ) ) ;
#3078 = LINE ( 'NONE', #578, #1146 ) ;
#3079 = VERTEX_POINT ( 'NONE', #3387 ) ;
#3080 = LINE ( 'NONE', #563, #246 ) ;
#3081 = LINE ( 'NONE', #3120, #3137 ) ;
#3082 = ORIENTED_EDGE ( 'NONE', *, *, #138, .T. ) ;
#3083 = ADVANCED_FACE ( 'NONE', ( #2842 ), #2236, .F. ) ;
#3084 = DIRECTION ( 'NONE',  ( -0.000000000000000000, -0.000000000000000000, 1.000000000000000000 ) ) ;
#3085 = DIRECTION ( 'NONE',  ( 1.000000000000000000, 0.000000000000000000, 0.000000000000000000 ) ) ;
#3086 = DIRECTION ( 'NONE',  ( 1.000000000000000000, 0.000000000000000000, 0.000000000000000000 ) ) ;
#3087 = VERTEX_POINT ( 'NONE', #3037 ) ;
#3088 = ADVANCED_FACE ( 'NONE', ( #2258 ), #1139, .T. ) ;
#3089 = FACE_OUTER_BOUND ( 'NONE', #2965, .T. ) ;
#3090 = LINE ( 'NONE', #2822, #229 ) ;
#3091 = VECTOR ( 'NONE', #621, 39.37007874015748143 ) ;
#3092 = ORIENTED_EDGE ( 'NONE', *, *, #255, .F. ) ;
#3093 = EDGE_CURVE ( 'NONE', #3398, #1767, #1440, .T. ) ;
#3094 = AXIS2_PLACEMENT_3D ( 'NONE', #3187, #2365, #1793 ) ;
#3095 = DIRECTION ( 'NONE',  ( 0.000000000000000000, -0.000000000000000000, 1.000000000000000000 ) ) ;
#3096 = UNCERTAINTY_MEASURE_WITH_UNIT (LENGTH_MEASURE( 1.000000000000000082E-05 ), #842, 'distance_accuracy_value', 'NONE');
#3097 = DIRECTION ( 'NONE',  ( -5.122214988120478891E-15, 1.000000000000000000, 0.000000000000000000 ) ) ;
#3098 = DIRECTION ( 'NONE',  ( -0.000000000000000000, -0.000000000000000000, 1.000000000000000000 ) ) ;
#3099 = ORIENTED_EDGE ( 'NONE', *, *, #3133, .T. ) ;
#3100 = DIRECTION ( 'NONE',  ( -0.000000000000000000, -0.000000000000000000, 1.000000000000000000 ) ) ;
#3101 = DIRECTION ( 'NONE',  ( -0.000000000000000000, -0.000000000000000000, 1.000000000000000000 ) ) ;
#3102 = EDGE_LOOP ( 'NONE', ( #2697, #2024, #713, #2490 ) ) ;
#3103 = CARTESIAN_POINT ( 'NONE',  ( 8.644999999999994245, -2.500000000000001332, -0.1050000000000001071 ) ) ;
#3104 = CARTESIAN_POINT ( 'NONE',  ( 17.40500000000000114, 7.469999999999996199, -0.7500000000000001110 ) ) ;
#3105 = ORIENTED_EDGE ( 'NONE', *, *, #2514, .T. ) ;
#3106 = VECTOR ( 'NONE', #3495, 39.37007874015748143 ) ;
#3107 = FACE_OUTER_BOUND ( 'NONE', #999, .T. ) ;
#3108 = VECTOR ( 'NONE', #2033, 39.37007874015748143 ) ;
#3109 = EDGE_CURVE ( 'NONE', #3450, #2407, #2824, .T. ) ;
#3110 = DIRECTION ( 'NONE',  ( -0.000000000000000000, 0.000000000000000000, 1.000000000000000000 ) ) ;
#3111 = ORIENTED_EDGE ( 'NONE', *, *, #1703, .F. ) ;
#3112 = CYLINDRICAL_SURFACE ( 'NONE', #594, 0.1899999999999997524 ) ;
#3113 = CARTESIAN_POINT ( 'NONE',  ( -0.000000000000000000, -2.340000000000001190, -0.1049999999999999961 ) ) ;
#3114 = ADVANCED_FACE ( 'NONE', ( #1960 ), #3076, .F. ) ;
#3115 = CARTESIAN_POINT ( 'NONE',  ( 17.15499999999999758, 7.219999999999999751, -0.1050000000000001071 ) ) ;
#3116 = AXIS2_PLACEMENT_3D ( 'NONE', #2231, #1386, #3073 ) ;
#3117 = ORIENTED_EDGE ( 'NONE', *, *, #1637, .F. ) ;
#3118 = VECTOR ( 'NONE', #1335, 39.37007874015748143 ) ;
#3119 = DIRECTION ( 'NONE',  ( -0.000000000000000000, -1.000000000000000000, -0.000000000000000000 ) ) ;
#3120 = CARTESIAN_POINT ( 'NONE',  ( 8.804999999999997939, 2.340000000000000302, 0.000000000000000000 ) ) ;
#3121 = ORIENTED_EDGE ( 'NONE', *, *, #1264, .F. ) ;
#3122 = PRESENTATION_STYLE_ASSIGNMENT (( #2815 ) ) ;
#3123 = CARTESIAN_POINT ( 'NONE',  ( -8.905000000000002913, -5.470000000000000639, -3.090000000000001190 ) ) ;
#3124 = ORIENTED_EDGE ( 'NONE', *, *, #2252, .F. ) ;
#3125 = AXIS2_PLACEMENT_3D ( 'NONE', #2148, #3282, #1051 ) ;
#3126 = DIRECTION ( 'NONE',  ( 0.000000000000000000, 0.000000000000000000, 1.000000000000000000 ) ) ;
#3127 = EDGE_LOOP ( 'NONE', ( #1439, #3356, #3409, #1985 ) ) ;
#3128 = ADVANCED_FACE ( 'NONE', ( #870 ), #2561, .T. ) ;
#3129 = FACE_OUTER_BOUND ( 'NONE', #2650, .T. ) ;
#3130 = CARTESIAN_POINT ( 'NONE',  ( -12.90500000000000469, -5.470000000000000639, -3.090000000000001190 ) ) ;
#3131 = CARTESIAN_POINT ( 'NONE',  ( 8.804999999999997939, -1.340000000000000524, 0.000000000000000000 ) ) ;
#3132 = ORIENTED_EDGE ( 'NONE', *, *, #1260, .T. ) ;
#3133 = EDGE_CURVE ( 'NONE', #807, #38, #3369, .T. ) ;
#3134 = DIRECTION ( 'NONE',  ( 1.000000000000000000, 0.000000000000000000, 0.000000000000000000 ) ) ;
#3135 = DIRECTION ( 'NONE',  ( 0.000000000000000000, -1.000000000000000000, 0.000000000000000000 ) ) ;
#3136 = ORIENTED_EDGE ( 'NONE', *, *, #1321, .F. ) ;
#3137 = VECTOR ( 'NONE', #324, 39.37007874015748143 ) ;
#3138 = ADVANCED_FACE ( 'NONE', ( #2530 ), #1939, .F. ) ;
#3139 = DIRECTION ( 'NONE',  ( 0.000000000000000000, -0.000000000000000000, -1.000000000000000000 ) ) ;
#3140 = FACE_OUTER_BOUND ( 'NONE', #2614, .T. ) ;
#3141 = EDGE_LOOP ( 'NONE', ( #258, #2117, #1506, #3384 ) ) ;
#3142 = DIRECTION ( 'NONE',  ( -0.000000000000000000, 0.000000000000000000, 1.000000000000000000 ) ) ;
#3143 = ORIENTED_EDGE ( 'NONE', *, *, #1565, .T. ) ;
#3144 = CARTESIAN_POINT ( 'NONE',  ( 17.15499999999999758, 7.470000000000000639, -0.7500000000000001110 ) ) ;
#3145 = CARTESIAN_POINT ( 'NONE',  ( -17.40500000000000469, -7.260000000000001563, -0.2099999999999972167 ) ) ;
#3146 = CARTESIAN_POINT ( 'NONE',  ( 14.18499999999999339, -3.100101103210205857E-14, -0.1049999999999999961 ) ) ;
#3147 = DIRECTION ( 'NONE',  ( 0.000000000000000000, 0.000000000000000000, 1.000000000000000000 ) ) ;
#3148 = VERTEX_POINT ( 'NONE', #3330 ) ;
#3149 = STYLED_ITEM ( 'NONE', ( #3122 ), #2394 ) ;
#3150 = DIRECTION ( 'NONE',  ( 0.000000000000000000, -1.000000000000000000, 1.626099996228743390E-16 ) ) ;
#3151 = DIRECTION ( 'NONE',  ( 1.505150409732376264E-16, 1.000000000000000000, -2.351797515206837681E-16 ) ) ;
#3152 = LINE ( 'NONE', #3322, #3359 ) ;
#3153 = ADVANCED_FACE ( 'NONE', ( #39 ), #886, .F. ) ;
#3154 = VECTOR ( 'NONE', #2512, 39.37007874015748143 ) ;
#3155 = PLANE ( 'NONE',  #130 ) ;
#3156 = CARTESIAN_POINT ( 'NONE',  ( 8.644999999999994245, -2.660000000000001030, -3.090000000000001190 ) ) ;
#3157 = EDGE_CURVE ( 'NONE', #464, #3316, #1921, .T. ) ;
#3158 = ORIENTED_EDGE ( 'NONE', *, *, #1104, .F. ) ;
#3159 = VERTEX_POINT ( 'NONE', #317 ) ;
#3160 = DIRECTION ( 'NONE',  ( 0.000000000000000000, 0.000000000000000000, -1.000000000000000000 ) ) ;
#3161 = ORIENTED_EDGE ( 'NONE', *, *, #572, .F. ) ;
#3162 = DIRECTION ( 'NONE',  ( -0.000000000000000000, -0.000000000000000000, 1.000000000000000000 ) ) ;
#3163 = CARTESIAN_POINT ( 'NONE',  ( -14.31499999999999773, 1.719999999999999751, -0.2699999999999970757 ) ) ;
#3164 = CIRCLE ( 'NONE', #3047, 0.1600000000000004752 ) ;
#3165 = DIRECTION ( 'NONE',  ( -0.000000000000000000, -0.000000000000000000, 1.000000000000000000 ) ) ;
#3166 = CARTESIAN_POINT ( 'NONE',  ( -17.02500000000000213, 7.469999999999999751, 0.000000000000000000 ) ) ;
#3167 = EDGE_LOOP ( 'NONE', ( #67, #1179, #754, #1904 ) ) ;
#3168 = LINE ( 'NONE', #1200, #3108 ) ;
#3169 = CIRCLE ( 'NONE', #1588, 0.4400000000000007794 ) ;
#3170 = CARTESIAN_POINT ( 'NONE',  ( 17.30000000000000071, 0.000000000000000000, 5.897403327718011231E-14 ) ) ;
#3171 = CARTESIAN_POINT ( 'NONE',  ( 17.15499999999999758, -7.260000000000001563, -0.1050000000000027439 ) ) ;
#3172 = VECTOR ( 'NONE', #365, 39.37007874015748143 ) ;
#3173 =( NAMED_UNIT ( * ) PLANE_ANGLE_UNIT ( ) SI_UNIT ( $, .RADIAN. ) );
#3174 = ADVANCED_FACE ( 'NONE', ( #2546 ), #1665, .F. ) ;
#3175 = EDGE_LOOP ( 'NONE', ( #2976, #438, #2560, #61 ) ) ;
#3176 = VECTOR ( 'NONE', #1590, 39.37007874015748143 ) ;
#3177 = EDGE_LOOP ( 'NONE', ( #3564, #299 ) ) ;
#3178 = EDGE_LOOP ( 'NONE', ( #2545, #1255, #2616, #98 ) ) ;
#3179 = EDGE_CURVE ( 'NONE', #816, #946, #1390, .T. ) ;
#3180 = CARTESIAN_POINT ( 'NONE',  ( -17.02500000000000213, 7.469999999999999751, -3.090000000000001190 ) ) ;
#3181 = ORIENTED_EDGE ( 'NONE', *, *, #2371, .T. ) ;
#3182 = DIRECTION ( 'NONE',  ( 0.000000000000000000, -1.000000000000000000, 1.626099996228743390E-16 ) ) ;
#3183 = ADVANCED_FACE ( 'NONE', ( #2275 ), #3112, .F. ) ;
#3184 = VECTOR ( 'NONE', #3191, 39.37007874015748143 ) ;
#3185 = DIRECTION ( 'NONE',  ( -0.000000000000000000, -0.000000000000000000, 1.000000000000000000 ) ) ;
#3186 = LINE ( 'NONE', #2346, #18 ) ;
#3187 = CARTESIAN_POINT ( 'NONE',  ( -16.17500000000001137, 2.499999999999999112, -0.1050000000000001071 ) ) ;
#3188 = ORIENTED_EDGE ( 'NONE', *, *, #2610, .F. ) ;
#3189 = FACE_OUTER_BOUND ( 'NONE', #2892, .T. ) ;
#3190 = FACE_OUTER_BOUND ( 'NONE', #2908, .T. ) ;
#3191 = DIRECTION ( 'NONE',  ( 0.000000000000000000, -3.388338596792882053E-15, 1.000000000000000000 ) ) ;
#3192 = ORIENTED_EDGE ( 'NONE', *, *, #2052, .F. ) ;
#3193 = ORIENTED_EDGE ( 'NONE', *, *, #1279, .T. ) ;
#3194 = VECTOR ( 'NONE', #1688, 39.37007874015748143 ) ;
#3195 = EDGE_LOOP ( 'NONE', ( #3193, #2005, #777, #1407 ) ) ;
#3196 = LINE ( 'NONE', #695, #1472 ) ;
#3197 = ADVANCED_FACE ( 'NONE', ( #75 ), #2013, .F. ) ;
#3198 = ORIENTED_EDGE ( 'NONE', *, *, #1446, .F. ) ;
#3199 = CARTESIAN_POINT ( 'NONE',  ( -17.30000000000000071, -1.720000000000002860, 0.000000000000000000 ) ) ;
#3200 = CARTESIAN_POINT ( 'NONE',  ( -7.315000000000002167, 2.729999999999999538, -3.090000000000001190 ) ) ;
#3201 = CARTESIAN_POINT ( 'NONE',  ( 6.594999999999997087, 2.849999999999999201, -0.1050000000000001071 ) ) ;
#3202 = ADVANCED_FACE ( 'NONE', ( #1514 ), #2896, .F. ) ;
#3203 = ORIENTED_EDGE ( 'NONE', *, *, #1907, .F. ) ;
#3204 = CARTESIAN_POINT ( 'NONE',  ( 17.15499999999999758, 7.259999999999999787, -0.2100000000000005473 ) ) ;
#3205 = CYLINDRICAL_SURFACE ( 'NONE', #2707, 0.1050000000000001071 ) ;
#3206 = VECTOR ( 'NONE', #2325, 39.37007874015748143 ) ;
#3207 = DIRECTION ( 'NONE',  ( 0.000000000000000000, 0.000000000000000000, -1.000000000000000000 ) ) ;
#3208 = VECTOR ( 'NONE', #1058, 39.37007874015748143 ) ;
#3209 = LINE ( 'NONE', #416, #468 ) ;
#3210 = VECTOR ( 'NONE', #535, 39.37007874015748143 ) ;
#3211 = VERTEX_POINT ( 'NONE', #2637 ) ;
#3212 = ORIENTED_EDGE ( 'NONE', *, *, #498, .T. ) ;
#3213 = ORIENTED_EDGE ( 'NONE', *, *, #899, .T. ) ;
#3214 = VECTOR ( 'NONE', #3455, 39.37007874015748143 ) ;
#3215 = LINE ( 'NONE', #3254, #1770 ) ;
#3216 = ORIENTED_EDGE ( 'NONE', *, *, #3408, .F. ) ;
#3217 = CARTESIAN_POINT ( 'NONE',  ( -0.5850000000000026290, 4.970000000000003304, -0.1050000000000001071 ) ) ;
#3218 = ORIENTED_EDGE ( 'NONE', *, *, #2495, .T. ) ;
#3219 = ADVANCED_FACE ( 'NONE', ( #3129 ), #2327, .F. ) ;
#3220 = PLANE ( 'NONE',  #3518 ) ;
#3221 = FACE_OUTER_BOUND ( 'NONE', #2026, .T. ) ;
#3222 = ORIENTED_EDGE ( 'NONE', *, *, #917, .F. ) ;
#3223 = VECTOR ( 'NONE', #323, 39.37007874015748143 ) ;
#3224 = DIRECTION ( 'NONE',  ( -1.000000000000000000, 0.000000000000000000, -0.000000000000000000 ) ) ;
#3225 = EDGE_CURVE ( 'NONE', #3260, #393, #766, .T. ) ;
#3226 = CARTESIAN_POINT ( 'NONE',  ( -7.315000000000002167, 2.729999999999999538, -3.090000000000001190 ) ) ;
#3227 = LINE ( 'NONE', #2971, #2071 ) ;
#3228 = AXIS2_PLACEMENT_3D ( 'NONE', #465, #1606, #2200 ) ;
#3229 = VECTOR ( 'NONE', #76, 39.37007874015748143 ) ;
#3230 = DIRECTION ( 'NONE',  ( 1.000000000000000000, 0.000000000000000000, 0.000000000000000000 ) ) ;
#3231 = ORIENTED_EDGE ( 'NONE', *, *, #2681, .T. ) ;
#3232 = AXIS2_PLACEMENT_3D ( 'NONE', #1750, #346, #385 ) ;
#3233 = EDGE_LOOP ( 'NONE', ( #2265, #3336, #599, #45 ) ) ;
#3234 = EDGE_LOOP ( 'NONE', ( #525, #2784, #1460, #1842 ) ) ;
#3235 = VECTOR ( 'NONE', #2478, 39.37007874015748143 ) ;
#3236 = LINE ( 'NONE', #1862, #1369 ) ;
#3237 = EDGE_LOOP ( 'NONE', ( #1564, #398 ) ) ;
#3238 = EDGE_LOOP ( 'NONE', ( #738, #934, #2211, #3318 ) ) ;
#3239 = CARTESIAN_POINT ( 'NONE',  ( -16.17500000000001137, 2.499999999999999112, -0.1050000000000001071 ) ) ;
#3240 = CARTESIAN_POINT ( 'NONE',  ( 17.15499999999999758, -7.220000000000001528, 0.000000000000000000 ) ) ;
#3241 = EDGE_LOOP ( 'NONE', ( #1313, #1958, #1115, #2256 ) ) ;
#3242 = PRODUCT_RELATED_PRODUCT_CATEGORY ( 'part', '', ( #1074 ) ) ;
#3243 = AXIS2_PLACEMENT_3D ( 'NONE', #805, #1366, #3362 ) ;
#3244 = DIRECTION ( 'NONE',  ( -0.000000000000000000, -0.000000000000000000, 1.000000000000000000 ) ) ;
#3245 = FACE_OUTER_BOUND ( 'NONE', #472, .T. ) ;
#3246 = CIRCLE ( 'NONE', #3535, 0.4400000000000007794 ) ;
#3247 = DIRECTION ( 'NONE',  ( -1.000000000000000000, -0.000000000000000000, -0.000000000000000000 ) ) ;
#3248 = EDGE_CURVE ( 'NONE', #3159, #2159, #300, .T. ) ;
#3249 = CARTESIAN_POINT ( 'NONE',  ( 17.15499999999999758, 7.259999999999999787, -0.2100000000000005473 ) ) ;
#3250 = ORIENTED_EDGE ( 'NONE', *, *, #1723, .F. ) ;
#3251 = ORIENTED_EDGE ( 'NONE', *, *, #2194, .T. ) ;
#3253 = EDGE_CURVE ( 'NONE', #3019, #262, #1773, .T. ) ;
#3252 = ORIENTED_EDGE ( 'NONE', *, *, #1751, .F. ) ;
#3254 = CARTESIAN_POINT ( 'NONE',  ( 6.594999999999997087, 2.849999999999999201, -3.090000000000001190 ) ) ;
#3256 = EDGE_CURVE ( 'NONE', #236, #2577, #936, .T. ) ;
#3255 = ORIENTED_EDGE ( 'NONE', *, *, #967, .T. ) ;
#3257 = VERTEX_POINT ( 'NONE', #700 ) ;
#3258 = DIRECTION ( 'NONE',  ( 0.000000000000000000, 0.000000000000000000, 1.000000000000000000 ) ) ;
#3259 = LINE ( 'NONE', #3240, #762 ) ;
#3260 = VERTEX_POINT ( 'NONE', #2700 ) ;
#3261 = APPLICATION_CONTEXT ( 'automotive_design' ) ;
#3262 = DIRECTION ( 'NONE',  ( -1.000000000000000000, 0.000000000000000000, -6.504399984914838469E-16 ) ) ;
#3263 = PLANE ( 'NONE',  #384 ) ;
#3264 = CARTESIAN_POINT ( 'NONE',  ( -14.31499999999999773, 1.719999999999999751, -0.2699999999999970757 ) ) ;
#3265 = ORIENTED_EDGE ( 'NONE', *, *, #2399, .F. ) ;
#3266 = EDGE_CURVE ( 'NONE', #2171, #2665, #3420, .T. ) ;
#3267 = VECTOR ( 'NONE', #2737, 39.37007874015748143 ) ;
#3268 = EDGE_LOOP ( 'NONE', ( #437, #2520, #571, #1210 ) ) ;
#3269 = CIRCLE ( 'NONE', #3094, 0.09499999999999994560 ) ;
#3270 = DIRECTION ( 'NONE',  ( 1.000000000000000000, 0.000000000000000000, 0.000000000000000000 ) ) ;
#3271 = CARTESIAN_POINT ( 'NONE',  ( 17.06500000000000128, 3.749999999999999112, 0.000000000000000000 ) ) ;
#3272 = ADVANCED_FACE ( 'NONE', ( #1860 ), #664, .T. ) ;
#3273 = FACE_OUTER_BOUND ( 'NONE', #2246, .T. ) ;
#3274 = ORIENTED_EDGE ( 'NONE', *, *, #417, .F. ) ;
#3275 = AXIS2_PLACEMENT_3D ( 'NONE', #3430, #1450, #1151 ) ;
#3276 = ORIENTED_EDGE ( 'NONE', *, *, #2819, .F. ) ;
#3277 = PLANE ( 'NONE',  #548 ) ;
#3278 = DIRECTION ( 'NONE',  ( -0.000000000000000000, -0.000000000000000000, 1.000000000000000000 ) ) ;
#3279 = ORIENTED_EDGE ( 'NONE', *, *, #2014, .F. ) ;
#3280 = CARTESIAN_POINT ( 'NONE',  ( 8.644999999999994245, -2.660000000000001030, 0.000000000000000000 ) ) ;
#3281 = DIRECTION ( 'NONE',  ( 1.000000000000000000, 0.000000000000000000, 0.000000000000000000 ) ) ;
#3282 = DIRECTION ( 'NONE',  ( 0.000000000000000000, -1.000000000000000000, 0.000000000000000000 ) ) ;
#3283 = CARTESIAN_POINT ( 'NONE',  ( 14.33813121871934904, 2.500000000000000000, -3.090000000000001190 ) ) ;
#3284 = VERTEX_POINT ( 'NONE', #2979 ) ;
#3285 = CIRCLE ( 'NONE', #2580, 0.4400000000000007794 ) ;
#3286 = ORIENTED_EDGE ( 'NONE', *, *, #790, .T. ) ;
#3287 = EDGE_CURVE ( 'NONE', #271, #2635, #1246, .T. ) ;
#3288 = FACE_OUTER_BOUND ( 'NONE', #3195, .T. ) ;
#3289 = DIRECTION ( 'NONE',  ( 1.000000000000000000, 0.000000000000000000, 0.000000000000000000 ) ) ;
#3290 = CARTESIAN_POINT ( 'NONE',  ( -17.30000000000000071, 7.219999999999999751, 0.000000000000000000 ) ) ;
#3291 = EDGE_LOOP ( 'NONE', ( #2234, #2973 ) ) ;
#3292 = EDGE_CURVE ( 'NONE', #3061, #2215, #643, .T. ) ;
#3293 = DIRECTION ( 'NONE',  ( 0.000000000000000000, 0.000000000000000000, -1.000000000000000000 ) ) ;
#3294 = CARTESIAN_POINT ( 'NONE',  ( -17.02500000000000213, -7.220000000000001528, 0.000000000000000000 ) ) ;
#3295 = VERTEX_POINT ( 'NONE', #1754 ) ;
#3296 = EDGE_CURVE ( 'NONE', #214, #1093, #1578, .T. ) ;
#3297 = FACE_OUTER_BOUND ( 'NONE', #1030, .T. ) ;
#3298 = CARTESIAN_POINT ( 'NONE',  ( 0.000000000000000000, -3.660000000000000142, -0.1049999999999999961 ) ) ;
#3299 = LINE ( 'NONE', #3591, #620 ) ;
#3300 = CARTESIAN_POINT ( 'NONE',  ( -0.000000000000000000, 7.219999999999999751, -0.1049999999999999961 ) ) ;
#3301 = AXIS2_PLACEMENT_3D ( 'NONE', #1853, #3464, #2644 ) ;
#3302 = ORIENTED_EDGE ( 'NONE', *, *, #5, .F. ) ;
#3303 = VERTEX_POINT ( 'NONE', #3436 ) ;
#3304 = DIRECTION ( 'NONE',  ( 0.000000000000000000, 1.000000000000000000, -0.000000000000000000 ) ) ;
#3305 = CARTESIAN_POINT ( 'NONE',  ( -17.02500000000000213, -7.470000000000000639, -0.7499999999999998890 ) ) ;
#3306 = LINE ( 'NONE', #2229, #3531 ) ;
#3307 = ORIENTED_EDGE ( 'NONE', *, *, #2681, .F. ) ;
#3308 = CARTESIAN_POINT ( 'NONE',  ( 17.16499999999999915, 3.749999999999999112, -0.1050000000000001071 ) ) ;
#3309 = EDGE_CURVE ( 'NONE', #2387, #524, #2857, .T. ) ;
#3310 = CARTESIAN_POINT ( 'NONE',  ( -16.08000000000000895, -3.750000000000000888, -0.1050000000000001071 ) ) ;
#3311 = ORIENTED_EDGE ( 'NONE', *, *, #3016, .F. ) ;
#3312 = DIRECTION ( 'NONE',  ( -0.000000000000000000, -0.000000000000000000, 1.000000000000000000 ) ) ;
#3313 = CARTESIAN_POINT ( 'NONE',  ( -16.17500000000001137, -2.500000000000000444, 0.000000000000000000 ) ) ;
#3314 = EDGE_CURVE ( 'NONE', #3295, #2408, #2874, .T. ) ;
#3315 = LINE ( 'NONE', #761, #1664 ) ;
#3316 = VERTEX_POINT ( 'NONE', #369 ) ;
#3317 = DIRECTION ( 'NONE',  ( -0.000000000000000000, 0.000000000000000000, 1.000000000000000000 ) ) ;
#3318 = ORIENTED_EDGE ( 'NONE', *, *, #2218, .T. ) ;
#3319 = ORIENTED_EDGE ( 'NONE', *, *, #3093, .F. ) ;
#3320 = CARTESIAN_POINT ( 'NONE',  ( -14.31499999999999773, 4.519999999999999574, -0.2699999999999970757 ) ) ;
#3321 = CARTESIAN_POINT ( 'NONE',  ( -17.40500000000000114, 7.219999999999999751, -0.2099999999999958566 ) ) ;
#3322 = CARTESIAN_POINT ( 'NONE',  ( 8.804999999999996163, 9.621568633685530657E-15, -0.1049999999999999961 ) ) ;
#3323 = ORIENTED_EDGE ( 'NONE', *, *, #3377, .F. ) ;
#3324 = CIRCLE ( 'NONE', #640, 0.09499999999999994560 ) ;
#3325 = DIRECTION ( 'NONE',  ( -0.000000000000000000, -0.000000000000000000, 1.000000000000000000 ) ) ;
#3326 = DIRECTION ( 'NONE',  ( 1.000000000000000000, 0.000000000000000000, 0.000000000000000000 ) ) ;
#3327 = VERTEX_POINT ( 'NONE', #94 ) ;
#3328 = AXIS2_PLACEMENT_3D ( 'NONE', #537, #576, #1682 ) ;
#3329 = EDGE_CURVE ( 'NONE', #1789, #3010, #684, .T. ) ;
#3330 = CARTESIAN_POINT ( 'NONE',  ( 14.49813121871934918, 2.500000000000000000, -0.1050000000000001071 ) ) ;
#3331 = LINE ( 'NONE', #2237, #3584 ) ;
#3332 = CARTESIAN_POINT ( 'NONE',  ( 17.19500000000000028, -7.220000000000001528, -0.2099999999999983824 ) ) ;
#3333 = ORIENTED_EDGE ( 'NONE', *, *, #2415, .T. ) ;
#3334 = ADVANCED_FACE ( 'NONE', ( #3474, #972, #1041, #3598, #510, #843, #550, #1327, #1615, #3029, #1897, #2228, #2155, #2738, #2798, #1345, #2759, #1400 ), #1655, .F. ) ;
#3335 = CARTESIAN_POINT ( 'NONE',  ( 8.804999999999996163, 3.660000000000000142, 0.000000000000000000 ) ) ;
#3336 = ORIENTED_EDGE ( 'NONE', *, *, #1481, .T. ) ;
#3337 = ORIENTED_EDGE ( 'NONE', *, *, #962, .F. ) ;
#3338 = DIRECTION ( 'NONE',  ( 1.000000000000000000, 0.000000000000000000, 0.000000000000000000 ) ) ;
#3339 = VECTOR ( 'NONE', #3479, 39.37007874015748143 ) ;
#3340 = DIRECTION ( 'NONE',  ( 1.000000000000000000, 0.000000000000000000, 0.000000000000000000 ) ) ;
#3341 = DIRECTION ( 'NONE',  ( -0.000000000000000000, 1.000000000000000000, 0.000000000000000000 ) ) ;
#3342 = AXIS2_PLACEMENT_3D ( 'NONE', #812, #797, #207 ) ;
#3343 = EDGE_LOOP ( 'NONE', ( #1613, #3500, #174, #361 ) ) ;
#3344 = VECTOR ( 'NONE', #2507, 39.37007874015748143 ) ;
#3345 = DIRECTION ( 'NONE',  ( 1.000000000000000000, 0.000000000000000000, 0.000000000000000000 ) ) ;
#3346 = FACE_OUTER_BOUND ( 'NONE', #2041, .T. ) ;
#3347 = VERTEX_POINT ( 'NONE', #216 ) ;
#3348 = CIRCLE ( 'NONE', #2768, 0.1600000000000004752 ) ;
#3349 = AXIS2_PLACEMENT_3D ( 'NONE', #1997, #319, #903 ) ;
#3350 = DIRECTION ( 'NONE',  ( 0.000000000000000000, 1.000000000000000000, 3.414809992080325572E-15 ) ) ;
#3351 = FACE_OUTER_BOUND ( 'NONE', #875, .T. ) ;
#3352 = FACE_OUTER_BOUND ( 'NONE', #1075, .T. ) ;
#3353 = ADVANCED_FACE ( 'NONE', ( #2781 ), #274, .F. ) ;
#3354 = ORIENTED_EDGE ( 'NONE', *, *, #2914, .F. ) ;
#3355 = DIRECTION ( 'NONE',  ( -0.000000000000000000, -0.000000000000000000, 1.000000000000000000 ) ) ;
#3356 = ORIENTED_EDGE ( 'NONE', *, *, #91, .T. ) ;
#3357 = EDGE_CURVE ( 'NONE', #2501, #889, #1988, .T. ) ;
#3358 = ORIENTED_EDGE ( 'NONE', *, *, #654, .T. ) ;
#3359 = VECTOR ( 'NONE', #1114, 39.37007874015748143 ) ;
#3360 = FILL_AREA_STYLE ('',( #1691 ) ) ;
#3361 = LINE ( 'NONE', #2573, #530 ) ;
#3362 = DIRECTION ( 'NONE',  ( 1.000000000000000000, 0.000000000000000000, 0.000000000000000000 ) ) ;
#3363 = ADVANCED_FACE ( 'NONE', ( #1950 ), #254, .F. ) ;
#3364 = VECTOR ( 'NONE', #888, 39.37007874015748143 ) ;
#3365 = EDGE_LOOP ( 'NONE', ( #444, #1065 ) ) ;
#3366 = CARTESIAN_POINT ( 'NONE',  ( -17.40500000000000469, -1.720000000000003526, -0.4999999999999983347 ) ) ;
#3367 = CARTESIAN_POINT ( 'NONE',  ( -12.46500000000000341, -5.470000000000000639, -0.1050000000000001071 ) ) ;
#3368 = EDGE_LOOP ( 'NONE', ( #1910, #2962, #366, #952 ) ) ;
#3369 = LINE ( 'NONE', #301, #353 ) ;
#3370 = LINE ( 'NONE', #3113, #1947 ) ;
#3371 = DIRECTION ( 'NONE',  ( 0.000000000000000000, -1.000000000000000000, 0.000000000000000000 ) ) ;
#3372 = ORIENTED_EDGE ( 'NONE', *, *, #3266, .F. ) ;
#3373 = DIRECTION ( 'NONE',  ( -1.000000000000000000, 0.000000000000000000, 3.491481338843132961E-15 ) ) ;
#3374 = ORIENTED_EDGE ( 'NONE', *, *, #1276, .T. ) ;
#3375 = VERTEX_POINT ( 'NONE', #3305 ) ;
#3376 = DIRECTION ( 'NONE',  ( -0.000000000000000000, -0.000000000000000000, 1.000000000000000000 ) ) ;
#3377 = EDGE_CURVE ( 'NONE', #2189, #267, #1693, .T. ) ;
#3378 = DIRECTION ( 'NONE',  ( 0.000000000000000000, 0.000000000000000000, -1.000000000000000000 ) ) ;
#3379 = ORIENTED_EDGE ( 'NONE', *, *, #2326, .F. ) ;
#3380 = EDGE_CURVE ( 'NONE', #1021, #330, #1913, .T. ) ;
#3381 = DIRECTION ( 'NONE',  ( 1.000000000000000000, 0.000000000000000000, 0.000000000000000000 ) ) ;
#3382 = CARTESIAN_POINT ( 'NONE',  ( -14.31499999999999773, 4.519999999999999574, -0.4999999999999998335 ) ) ;
#3383 =( GEOMETRIC_REPRESENTATION_CONTEXT ( 3 ) GLOBAL_UNCERTAINTY_ASSIGNED_CONTEXT ( ( #3096 ) ) GLOBAL_UNIT_ASSIGNED_CONTEXT ( ( #842, #3173, #711 ) ) REPRESENTATION_CONTEXT ( 'NONE', 'WORKASPACE' ) );
#3384 = ORIENTED_EDGE ( 'NONE', *, *, #2098, .F. ) ;
#3385 = EDGE_CURVE ( 'NONE', #1278, #2987, #1365, .T. ) ;
#3386 = CIRCLE ( 'NONE', #232, 0.1899999999999997524 ) ;
#3387 = CARTESIAN_POINT ( 'NONE',  ( -14.67500000000000249, -2.739999999999999769, -0.1050000000000001071 ) ) ;
#3388 = CARTESIAN_POINT ( 'NONE',  ( 8.644999999999997797, -2.340000000000001190, -3.090000000000001190 ) ) ;
#3389 = DIRECTION ( 'NONE',  ( -0.000000000000000000, 0.000000000000000000, 1.000000000000000000 ) ) ;
#3390 = ORIENTED_EDGE ( 'NONE', *, *, #504, .F. ) ;
#3391 = CIRCLE ( 'NONE', #2286, 0.09999999999999947820 ) ;
#3392 = DIRECTION ( 'NONE',  ( -0.000000000000000000, -0.000000000000000000, 1.000000000000000000 ) ) ;
#3393 = CARTESIAN_POINT ( 'NONE',  ( 17.40499999999999758, 7.219999999999999751, -0.2099999999999974942 ) ) ;
#3394 = VERTEX_POINT ( 'NONE', #3321 ) ;
#3395 = DIRECTION ( 'NONE',  ( 0.000000000000000000, 0.000000000000000000, 1.000000000000000000 ) ) ;
#3396 = DIRECTION ( 'NONE',  ( 1.000000000000000000, 0.000000000000000000, 0.000000000000000000 ) ) ;
#3397 = EDGE_CURVE ( 'NONE', #2068, #3501, #824, .T. ) ;
#3398 = VERTEX_POINT ( 'NONE', #1112 ) ;
#3399 = CARTESIAN_POINT ( 'NONE',  ( -17.19500000000000384, 7.259999999999999787, -0.2099999999999981326 ) ) ;
#3400 = AXIS2_PLACEMENT_3D ( 'NONE', #1777, #1500, #2623 ) ;
#3401 = EDGE_CURVE ( 'NONE', #1828, #946, #3391, .T. ) ;
#3402 = VERTEX_POINT ( 'NONE', #770 ) ;
#3403 = CIRCLE ( 'NONE', #2119, 0.09499999999999994560 ) ;
#3404 = DIRECTION ( 'NONE',  ( -0.000000000000000000, -0.000000000000000000, 1.000000000000000000 ) ) ;
#3405 = DIRECTION ( 'NONE',  ( 0.000000000000000000, 0.000000000000000000, 1.000000000000000000 ) ) ;
#3406 = DIRECTION ( 'NONE',  ( -1.505150409732376510E-16, -1.000000000000000000, -2.375519994490641975E-15 ) ) ;
#3407 = AXIS2_PLACEMENT_3D ( 'NONE', #2272, #2786, #3345 ) ;
#3408 = EDGE_CURVE ( 'NONE', #1857, #3000, #3068, .T. ) ;
#3409 = ORIENTED_EDGE ( 'NONE', *, *, #96, .F. ) ;
#3410 = VECTOR ( 'NONE', #450, 39.37007874015748143 ) ;
#3411 = CARTESIAN_POINT ( 'NONE',  ( -17.02500000000000213, 0.000000000000000000, -0.1049999999999999961 ) ) ;
#3412 = EDGE_LOOP ( 'NONE', ( #228, #2400, #1037, #1869 ) ) ;
#3413 = ORIENTED_EDGE ( 'NONE', *, *, #1502, .F. ) ;
#3414 = CARTESIAN_POINT ( 'NONE',  ( -8.465000000000003411, -5.470000000000000639, 0.000000000000000000 ) ) ;
#3415 = ORIENTED_EDGE ( 'NONE', *, *, #2780, .T. ) ;
#3416 = VECTOR ( 'NONE', #961, 39.37007874015748143 ) ;
#3417 = DIRECTION ( 'NONE',  ( 1.000000000000000000, 0.000000000000000000, 0.000000000000000000 ) ) ;
#3418 = ORIENTED_EDGE ( 'NONE', *, *, #2336, .T. ) ;
#3419 = FACE_BOUND ( 'NONE', #241, .T. ) ;
#3420 = LINE ( 'NONE', #3199, #2107 ) ;
#3421 = EDGE_CURVE ( 'NONE', #2635, #1545, #1871, .T. ) ;
#3422 = DIRECTION ( 'NONE',  ( -1.000000000000000000, 1.505150409732376510E-16, -0.000000000000000000 ) ) ;
#3423 = CYLINDRICAL_SURFACE ( 'NONE', #34, 0.1600000000000004752 ) ;
#3424 = ORIENTED_EDGE ( 'NONE', *, *, #3287, .T. ) ;
#3425 = DIRECTION ( 'NONE',  ( 0.000000000000000000, -1.000000000000000000, 0.000000000000000000 ) ) ;
#3426 = EDGE_CURVE ( 'NONE', #2159, #2630, #3543, .T. ) ;
#3427 = ORIENTED_EDGE ( 'NONE', *, *, #1388, .F. ) ;
#3428 = CARTESIAN_POINT ( 'NONE',  ( -16.27000000000001023, -2.500000000000000444, -0.1050000000000001071 ) ) ;
#3429 = CARTESIAN_POINT ( 'NONE',  ( -10.90500000000000469, -5.470000000000000639, 0.000000000000000000 ) ) ;
#3430 = CARTESIAN_POINT ( 'NONE',  ( 14.33813121871934904, 2.500000000000000000, -0.1050000000000001071 ) ) ;
#3431 = ORIENTED_EDGE ( 'NONE', *, *, #1814, .F. ) ;
#3432 = ORIENTED_EDGE ( 'NONE', *, *, #2572, .F. ) ;
#3433 = PLANE ( 'NONE',  #1190 ) ;
#3434 = ORIENTED_EDGE ( 'NONE', *, *, #2604, .T. ) ;
#3435 =( CONVERSION_BASED_UNIT ( 'INCH', #2362 ) LENGTH_UNIT ( ) NAMED_UNIT ( #333 ) );
#3436 = CARTESIAN_POINT ( 'NONE',  ( 8.804999999999996163, 2.660000000000000142, -0.1050000000000001071 ) ) ;
#3437 = MECHANICAL_DESIGN_GEOMETRIC_PRESENTATION_REPRESENTATION (  '', ( #3149 ), #3383 ) ;
#3438 = DIRECTION ( 'NONE',  ( 2.185478394931411758E-15, 1.000000000000000000, 0.000000000000000000 ) ) ;
#3439 = CARTESIAN_POINT ( 'NONE',  ( -17.40500000000000114, 7.219999999999999751, -3.090000000000001190 ) ) ;
#3440 = VERTEX_POINT ( 'NONE', #2721 ) ;
#3441 = EDGE_CURVE ( 'NONE', #2382, #2632, #2447, .T. ) ;
#3442 = VECTOR ( 'NONE', #482, 39.37007874015748143 ) ;
#3443 = CARTESIAN_POINT ( 'NONE',  ( -17.02500000000000213, -7.260000000000001563, 0.000000000000000000 ) ) ;
#3444 = DIRECTION ( 'NONE',  ( 0.000000000000000000, 0.000000000000000000, 1.000000000000000000 ) ) ;
#3445 = CARTESIAN_POINT ( 'NONE',  ( -16.17500000000001137, 2.499999999999999112, 0.000000000000000000 ) ) ;
#3446 = ADVANCED_FACE ( 'NONE', ( #2837 ), #329, .F. ) ;
#3447 = CIRCLE ( 'NONE', #3275, 0.1600000000000004752 ) ;
#3448 = DIRECTION ( 'NONE',  ( 0.000000000000000000, 0.000000000000000000, -1.000000000000000000 ) ) ;
#3449 = EDGE_LOOP ( 'NONE', ( #2093, #2943 ) ) ;
#3450 = VERTEX_POINT ( 'NONE', #2023 ) ;
#3451 = ORIENTED_EDGE ( 'NONE', *, *, #3385, .F. ) ;
#3452 = DIRECTION ( 'NONE',  ( -1.000000000000000000, 0.000000000000000000, -0.000000000000000000 ) ) ;
#3453 = ORIENTED_EDGE ( 'NONE', *, *, #1769, .F. ) ;
#3454 = DIRECTION ( 'NONE',  ( 1.000000000000000000, 0.000000000000000000, 0.000000000000000000 ) ) ;
#3455 = DIRECTION ( 'NONE',  ( 1.000000000000000000, 0.000000000000000000, 0.000000000000000000 ) ) ;
#3456 = AXIS2_PLACEMENT_3D ( 'NONE', #2550, #3611, #1444 ) ;
#3457 = CARTESIAN_POINT ( 'NONE',  ( -12.90500000000000469, -5.470000000000000639, -0.1050000000000001071 ) ) ;
#3458 = CARTESIAN_POINT ( 'NONE',  ( -17.30000000000000071, 2.603910208837011264E-15, -0.2699999999999970757 ) ) ;
#3459 = ORIENTED_EDGE ( 'NONE', *, *, #1388, .T. ) ;
#3460 = DIRECTION ( 'NONE',  ( -0.000000000000000000, -0.000000000000000000, 1.000000000000000000 ) ) ;
#3461 = CIRCLE ( 'NONE', #3052, 0.1050000000000001071 ) ;
#3462 = CARTESIAN_POINT ( 'NONE',  ( 14.33813121871935259, -2.340000000000001190, 0.000000000000000000 ) ) ;
#3463 = EDGE_CURVE ( 'NONE', #3284, #1994, #878, .T. ) ;
#3464 = DIRECTION ( 'NONE',  ( 0.000000000000000000, 0.000000000000000000, 1.000000000000000000 ) ) ;
#3465 = DIRECTION ( 'NONE',  ( -0.000000000000000000, 0.000000000000000000, 1.000000000000000000 ) ) ;
#3466 = ORIENTED_EDGE ( 'NONE', *, *, #1212, .T. ) ;
#3467 = ADVANCED_FACE ( 'NONE', ( #912 ), #622, .T. ) ;
#3468 = ORIENTED_EDGE ( 'NONE', *, *, #1325, .F. ) ;
#3469 = ORIENTED_EDGE ( 'NONE', *, *, #1415, .F. ) ;
#3470 = EDGE_CURVE ( 'NONE', #2059, #1882, #1969, .T. ) ;
#3471 = CARTESIAN_POINT ( 'NONE',  ( -17.02500000000000213, -7.220000000000001528, -3.090000000000001190 ) ) ;
#3472 = ORIENTED_EDGE ( 'NONE', *, *, #3357, .T. ) ;
#3473 = VECTOR ( 'NONE', #3608, 39.37007874015748143 ) ;
#3474 = FACE_BOUND ( 'NONE', #513, .T. ) ;
#3475 = ADVANCED_FACE ( 'NONE', ( #3140 ), #1987, .F. ) ;
#3476 = LINE ( 'NONE', #2364, #662 ) ;
#3477 = LINE ( 'NONE', #1266, #1689 ) ;
#3478 = ORIENTED_EDGE ( 'NONE', *, *, #3380, .T. ) ;
#3479 = DIRECTION ( 'NONE',  ( 1.000000000000000000, 0.000000000000000000, 0.000000000000000000 ) ) ;
#3480 = DIRECTION ( 'NONE',  ( -0.000000000000000000, -0.000000000000000000, 1.000000000000000000 ) ) ;
#3481 = FACE_OUTER_BOUND ( 'NONE', #3555, .T. ) ;
#3482 = DIRECTION ( 'NONE',  ( 1.000000000000000000, 0.000000000000000000, 0.000000000000000000 ) ) ;
#3483 = ORIENTED_EDGE ( 'NONE', *, *, #91, .F. ) ;
#3484 = EDGE_LOOP ( 'NONE', ( #1508, #2087, #1385, #1149 ) ) ;
#3485 = ORIENTED_EDGE ( 'NONE', *, *, #962, .T. ) ;
#3486 = ADVANCED_FACE ( 'NONE', ( #33 ), #1745, .F. ) ;
#3487 = DIRECTION ( 'NONE',  ( 1.000000000000000000, 0.000000000000000000, 0.000000000000000000 ) ) ;
#3488 = ORIENTED_EDGE ( 'NONE', *, *, #2846, .F. ) ;
#3489 = EDGE_CURVE ( 'NONE', #827, #3148, #3447, .T. ) ;
#3490 = FACE_BOUND ( 'NONE', #2679, .T. ) ;
#3491 = DIRECTION ( 'NONE',  ( -0.000000000000000000, -0.000000000000000000, 1.000000000000000000 ) ) ;
#3492 = LINE ( 'NONE', #991, #295 ) ;
#3493 = ORIENTED_EDGE ( 'NONE', *, *, #1877, .T. ) ;
#3494 = ADVANCED_FACE ( 'NONE', ( #343 ), #2008, .F. ) ;
#3495 = DIRECTION ( 'NONE',  ( -1.000000000000000000, 0.000000000000000000, 0.000000000000000000 ) ) ;
#3496 = DIRECTION ( 'NONE',  ( 0.000000000000000000, -0.000000000000000000, 1.000000000000000000 ) ) ;
#3497 = LINE ( 'NONE', #1780, #3416 ) ;
#3498 = AXIS2_PLACEMENT_3D ( 'NONE', #20, #2255, #3110 ) ;
#3499 = FACE_OUTER_BOUND ( 'NONE', #1043, .T. ) ;
#3500 = ORIENTED_EDGE ( 'NONE', *, *, #429, .T. ) ;
#3501 = VERTEX_POINT ( 'NONE', #2852 ) ;
#3502 = ORIENTED_EDGE ( 'NONE', *, *, #2288, .F. ) ;
#3503 = DIRECTION ( 'NONE',  ( 0.000000000000000000, 0.000000000000000000, 1.000000000000000000 ) ) ;
#3504 = EDGE_CURVE ( 'NONE', #3148, #2309, #3361, .T. ) ;
#3505 = ORIENTED_EDGE ( 'NONE', *, *, #1303, .T. ) ;
#3506 = ORIENTED_EDGE ( 'NONE', *, *, #2610, .T. ) ;
#3507 = CARTESIAN_POINT ( 'NONE',  ( -10.90500000000000469, 4.969999999999999751, 0.000000000000000000 ) ) ;
#3508 = ADVANCED_BREP_SHAPE_REPRESENTATION ( 'PP22114-06-(12gacr ANSI-61) - K48 - V1-R0', ( #2394, #2094 ), #2449 ) ;
#3509 = EDGE_CURVE ( 'NONE', #373, #144, #1186, .T. ) ;
#3510 = DIRECTION ( 'NONE',  ( -1.000000000000000000, 0.000000000000000000, 0.000000000000000000 ) ) ;
#3511 = VERTEX_POINT ( 'NONE', #3414 ) ;
#3512 = CIRCLE ( 'NONE', #1528, 0.09999999999999947820 ) ;
#3513 = CARTESIAN_POINT ( 'NONE',  ( -7.315000000000001279, -2.739999999999999769, -0.1050000000000001071 ) ) ;
#3514 = LINE ( 'NONE', #2034, #2417 ) ;
#3515 = EDGE_CURVE ( 'NONE', #602, #1398, #2866, .T. ) ;
#3516 = LINE ( 'NONE', #1016, #3184 ) ;
#3517 = CIRCLE ( 'NONE', #3400, 0.1600000000000004752 ) ;
#3518 = AXIS2_PLACEMENT_3D ( 'NONE', #446, #2638, #1829 ) ;
#3519 = CARTESIAN_POINT ( 'NONE',  ( 17.40499999999999758, -7.220000000000001528, -0.2099999999999974942 ) ) ;
#3520 = VERTEX_POINT ( 'NONE', #360 ) ;
#3521 = AXIS2_PLACEMENT_3D ( 'NONE', #19, #1422, #1136 ) ;
#3522 = ORIENTED_EDGE ( 'NONE', *, *, #3504, .F. ) ;
#3523 = ORIENTED_EDGE ( 'NONE', *, *, #1602, .T. ) ;
#3524 = CIRCLE ( 'NONE', #434, 0.1050000000000001071 ) ;
#3525 = LINE ( 'NONE', #1292, #2134 ) ;
#3526 = ORIENTED_EDGE ( 'NONE', *, *, #184, .T. ) ;
#3527 = ORIENTED_EDGE ( 'NONE', *, *, #2960, .T. ) ;
#3528 = CARTESIAN_POINT ( 'NONE',  ( -17.40500000000000114, -4.520000000000002238, -0.2699999999999970757 ) ) ;
#3529 = CARTESIAN_POINT ( 'NONE',  ( 0.6899999999999973932, 4.970000000000003304, 0.000000000000000000 ) ) ;
#3530 = ORIENTED_EDGE ( 'NONE', *, *, #1166, .T. ) ;
#3531 = VECTOR ( 'NONE', #864, 39.37007874015748143 ) ;
#3532 = EDGE_CURVE ( 'NONE', #1291, #1949, #1467, .T. ) ;
#3533 = FACE_OUTER_BOUND ( 'NONE', #2405, .T. ) ;
#3534 = LINE ( 'NONE', #2185, #1474 ) ;
#3535 = AXIS2_PLACEMENT_3D ( 'NONE', #1089, #2773, #1320 ) ;
#3536 = LINE ( 'NONE', #2479, #1428 ) ;
#3537 = ADVANCED_FACE ( 'NONE', ( #85 ), #1420, .F. ) ;
#3538 = DIRECTION ( 'NONE',  ( -0.000000000000000000, -0.000000000000000000, 1.000000000000000000 ) ) ;
#3539 = EDGE_LOOP ( 'NONE', ( #3358, #107, #1929, #1730 ) ) ;
#3540 = ORIENTED_EDGE ( 'NONE', *, *, #1192, .F. ) ;
#3541 = ADVANCED_FACE ( 'NONE', ( #653, #1765, #2886, #379, #2522, #2249, #862, #148, #2082, #2063, #954, #3490, #3419, #663, #403, #698, #2894, #1263 ), #128, .T. ) ;
#3542 = CARTESIAN_POINT ( 'NONE',  ( -16.17500000000001137, -3.750000000000000888, -0.1050000000000001071 ) ) ;
#3543 = LINE ( 'NONE', #1879, #1174 ) ;
#3544 = CARTESIAN_POINT ( 'NONE',  ( -5.605000000000003979, -5.850000000000000533, 0.000000000000000000 ) ) ;
#3545 = ORIENTED_EDGE ( 'NONE', *, *, #813, .F. ) ;
#3546 = APPLICATION_PROTOCOL_DEFINITION ( 'draft international standard', 'automotive_design', 1998, #3261 ) ;
#3547 = DIRECTION ( 'NONE',  ( 0.000000000000000000, -1.000000000000000000, 0.000000000000000000 ) ) ;
#3548 = LINE ( 'NONE', #2162, #3559 ) ;
#3549 = VERTEX_POINT ( 'NONE', #2578 ) ;
#3550 = CARTESIAN_POINT ( 'NONE',  ( -16.17500000000001137, 2.499999999999999112, -3.090000000000001190 ) ) ;
#3551 = DIRECTION ( 'NONE',  ( -1.000000000000000000, 3.414809992080342927E-15, -0.000000000000000000 ) ) ;
#3552 = DIRECTION ( 'NONE',  ( -0.000000000000000000, -0.000000000000000000, 1.000000000000000000 ) ) ;
#3553 = ADVANCED_FACE ( 'NONE', ( #2045 ), #1228, .F. ) ;
#3554 = DIRECTION ( 'NONE',  ( -0.000000000000000000, 1.000000000000000000, 0.000000000000000000 ) ) ;
#3555 = EDGE_LOOP ( 'NONE', ( #1807, #1480, #2959, #133 ) ) ;
#3556 = VECTOR ( 'NONE', #1542, 39.37007874015748143 ) ;
#3557 = EDGE_CURVE ( 'NONE', #2068, #532, #2102, .T. ) ;
#3558 = VERTEX_POINT ( 'NONE', #2344 ) ;
#3559 = VECTOR ( 'NONE', #3278, 39.37007874015748143 ) ;
#3560 = LINE ( 'NONE', #3320, #3208 ) ;
#3561 = DIRECTION ( 'NONE',  ( -0.000000000000000000, -0.000000000000000000, 1.000000000000000000 ) ) ;
#3562 = LINE ( 'NONE', #476, #677 ) ;
#3563 = EDGE_CURVE ( 'NONE', #271, #1274, #818, .T. ) ;
#3564 = ORIENTED_EDGE ( 'NONE', *, *, #2288, .T. ) ;
#3565 = AXIS2_PLACEMENT_3D ( 'NONE', #1634, #234, #3580 ) ;
#3566 = DIRECTION ( 'NONE',  ( -0.000000000000000000, 1.000000000000000000, 0.000000000000000000 ) ) ;
#3567 = CARTESIAN_POINT ( 'NONE',  ( 14.18499999999999694, -1.340000000000000524, 0.000000000000000000 ) ) ;
#3568 = ORIENTED_EDGE ( 'NONE', *, *, #598, .T. ) ;
#3569 = CARTESIAN_POINT ( 'NONE',  ( -8.905000000000002913, -5.470000000000000639, -3.090000000000001190 ) ) ;
#3570 = CARTESIAN_POINT ( 'NONE',  ( 17.15499999999999758, 0.000000000000000000, -0.1049999999999999961 ) ) ;
#3571 = CARTESIAN_POINT ( 'NONE',  ( 8.644999999999994245, 2.340000000000000302, -3.090000000000001190 ) ) ;
#3572 = VECTOR ( 'NONE', #1799, 39.37007874015748143 ) ;
#3573 = FACE_OUTER_BOUND ( 'NONE', #3343, .T. ) ;
#3574 = ORIENTED_EDGE ( 'NONE', *, *, #1740, .T. ) ;
#3575 = VECTOR ( 'NONE', #2456, 39.37007874015748143 ) ;
#3576 = ORIENTED_EDGE ( 'NONE', *, *, #1558, .T. ) ;
#3577 = VECTOR ( 'NONE', #2380, 39.37007874015748143 ) ;
#3578 = LINE ( 'NONE', #1077, #2096 ) ;
#3579 = EDGE_CURVE ( 'NONE', #822, #820, #2617, .T. ) ;
#3580 = DIRECTION ( 'NONE',  ( 1.000000000000000000, 0.000000000000000000, 0.000000000000000000 ) ) ;
#3581 = VECTOR ( 'NONE', #555, 39.37007874015748143 ) ;
#3582 = CARTESIAN_POINT ( 'NONE',  ( 14.18499999999999694, 2.340000000000000302, 0.000000000000000000 ) ) ;
#3583 = ORIENTED_EDGE ( 'NONE', *, *, #250, .T. ) ;
#3584 = VECTOR ( 'NONE', #1410, 39.37007874015748143 ) ;
#3585 = EDGE_CURVE ( 'NONE', #1820, #2574, #227, .T. ) ;
#3586 = LINE ( 'NONE', #2453, #252 ) ;
#3587 = CARTESIAN_POINT ( 'NONE',  ( -17.19500000000000384, 7.219999999999999751, 0.000000000000000000 ) ) ;
#3588 = ORIENTED_EDGE ( 'NONE', *, *, #1681, .F. ) ;
#3589 = DIRECTION ( 'NONE',  ( -0.000000000000000000, -0.000000000000000000, 1.000000000000000000 ) ) ;
#3590 = CARTESIAN_POINT ( 'NONE',  ( 14.18499999999999694, -1.340000000000000524, 0.000000000000000000 ) ) ;
#3591 = CARTESIAN_POINT ( 'NONE',  ( 8.804999999999997939, -2.340000000000000302, -3.090000000000001190 ) ) ;
#3592 = EDGE_LOOP ( 'NONE', ( #674, #3181 ) ) ;
#3593 = LINE ( 'NONE', #506, #1706 ) ;
#3594 = VECTOR ( 'NONE', #3086, 39.37007874015748143 ) ;
#3595 = ORIENTED_EDGE ( 'NONE', *, *, #1188, .T. ) ;
#3596 = VERTEX_POINT ( 'NONE', #987 ) ;
#3597 = CARTESIAN_POINT ( 'NONE',  ( -14.67500000000000249, 2.729999999999999538, -3.090000000000001190 ) ) ;
#3598 = FACE_BOUND ( 'NONE', #2931, .T. ) ;
#3599 = LINE ( 'NONE', #586, #501 ) ;
#3600 = EDGE_CURVE ( 'NONE', #3043, #1493, #108, .T. ) ;
#3601 = VERTEX_POINT ( 'NONE', #970 ) ;
#3602 = CARTESIAN_POINT ( 'NONE',  ( -17.02500000000000213, -7.365000000000001990, -0.2099999999999968836 ) ) ;
#3603 = PLANE ( 'NONE',  #2099 ) ;
#3604 = EDGE_CURVE ( 'NONE', #236, #2012, #2636, .T. ) ;
#3605 = ORIENTED_EDGE ( 'NONE', *, *, #922, .F. ) ;
#3606 = LINE ( 'NONE', #4, #1466 ) ;
#3607 = CARTESIAN_POINT ( 'NONE',  ( -14.31499999999999773, -4.520000000000003126, -0.4999999999999970579 ) ) ;
#3608 = DIRECTION ( 'NONE',  ( -0.000000000000000000, -0.000000000000000000, 1.000000000000000000 ) ) ;
#3609 = EDGE_CURVE ( 'NONE', #3610, #1825, #642, .T. ) ;
#3610 = VERTEX_POINT ( 'NONE', #1753 ) ;
#3611 = DIRECTION ( 'NONE',  ( -0.000000000000000000, 1.000000000000000000, -1.626099996228743390E-16 ) ) ;
#3612 = ORIENTED_EDGE ( 'NONE', *, *, #1925, .F. ) ;
#3613 = ORIENTED_EDGE ( 'NONE', *, *, #1099, .F. ) ;
#3614 = CARTESIAN_POINT ( 'NONE',  ( 6.594999999999997975, -5.850000000000000533, -3.090000000000001190 ) ) ;
#3615 = DIRECTION ( 'NONE',  ( 1.000000000000000000, 0.000000000000000000, 0.000000000000000000 ) ) ;
#3616 = DIRECTION ( 'NONE',  ( 2.185478394931412547E-15, 1.000000000000000000, -0.000000000000000000 ) ) ;
#3617 = ORIENTED_EDGE ( 'NONE', *, *, #2081, .F. ) ;
ENDSEC;
END-ISO-10303-21;
