ISO-10303-21;
HEADER;
FILE_DESCRIPTION (( 'STEP AP214' ),
    '1' );
FILE_NAME ('P19500-18-(12gacr ANSI-61) - K47 - V1-R0.STEP',
    '2026-08-03T19:29:44',
    ( '' ),
    ( '' ),
    'SwSTEP 2.0',
    'SolidWorks 2024',
    '' );
FILE_SCHEMA (( 'AUTOMOTIVE_DESIGN' ));
ENDSEC;

DATA;
#1 = VERTEX_POINT ( 'NONE', #387 ) ;
#2 = DIRECTION ( 'NONE',  ( -6.138984255425309662E-17, 1.000000000000000000, 0.000000000000000000 ) ) ;
#3 = ORIENTED_EDGE ( 'NONE', *, *, #99, .T. ) ;
#4 = DIRECTION ( 'NONE',  ( 0.000000000000000000, 0.000000000000000000, 1.000000000000000000 ) ) ;
#5 = AXIS2_PLACEMENT_3D ( 'NONE', #739, #1182, #45 ) ;
#6 = EDGE_CURVE ( 'NONE', #1180, #2092, #1322, .T. ) ;
#7 = ADVANCED_FACE ( 'NONE', ( #723 ), #515, .F. ) ;
#8 = EDGE_LOOP ( 'NONE', ( #152, #2720, #119, #2762 ) ) ;
#9 = CARTESIAN_POINT ( 'NONE',  ( 2.535000000000005471, 0.000000000000000000, -0.1049999999999999961 ) ) ;
#10 = CARTESIAN_POINT ( 'NONE',  ( 21.19500000000000739, -7.219999999999998863, -0.2099999999999980216 ) ) ;
#11 = CARTESIAN_POINT ( 'NONE',  ( -2.039999999999993374, 1.500000000000009326, 0.000000000000000000 ) ) ;
#12 = ORIENTED_EDGE ( 'NONE', *, *, #719, .F. ) ;
#13 = CARTESIAN_POINT ( 'NONE',  ( 8.005000000000004334, -3.680000000000004601, 0.000000000000000000 ) ) ;
#14 = DIRECTION ( 'NONE',  ( 1.000000000000000000, 0.000000000000000000, 1.626099996228726381E-16 ) ) ;
#15 = VERTEX_POINT ( 'NONE', #1626 ) ;
#16 = CARTESIAN_POINT ( 'NONE',  ( 21.19500000000000739, -7.219999999999999751, 9.561467977824920278E-16 ) ) ;
#17 = EDGE_LOOP ( 'NONE', ( #887, #1159 ) ) ;
#18 = CARTESIAN_POINT ( 'NONE',  ( -21.06499999999999773, -3.750000000000003997, -0.7500000000000004441 ) ) ;
#19 = ORIENTED_EDGE ( 'NONE', *, *, #467, .F. ) ;
#20 = EDGE_CURVE ( 'NONE', #1141, #1435, #1183, .T. ) ;
#21 = VECTOR ( 'NONE', #1559, 39.37007874015748143 ) ;
#22 = AXIS2_PLACEMENT_3D ( 'NONE', #1044, #1472, #1914 ) ;
#23 = LINE ( 'NONE', #2585, #490 ) ;
#24 = EDGE_CURVE ( 'NONE', #1076, #1435, #924, .T. ) ;
#25 = DIRECTION ( 'NONE',  ( -1.000000000000000000, 0.000000000000000000, 0.000000000000000000 ) ) ;
#26 = FACE_OUTER_BOUND ( 'NONE', #1103, .T. ) ;
#27 = VERTEX_POINT ( 'NONE', #1166 ) ;
#28 = DIRECTION ( 'NONE',  ( 1.000000000000000000, 0.000000000000000000, 0.000000000000000000 ) ) ;
#29 = LINE ( 'NONE', #1196, #1038 ) ;
#30 = ORIENTED_EDGE ( 'NONE', *, *, #1228, .F. ) ;
#31 = FACE_OUTER_BOUND ( 'NONE', #2747, .T. ) ;
#32 = ORIENTED_EDGE ( 'NONE', *, *, #577, .F. ) ;
#33 = FACE_OUTER_BOUND ( 'NONE', #1161, .T. ) ;
#34 = ORIENTED_EDGE ( 'NONE', *, *, #1504, .T. ) ;
#35 = FACE_OUTER_BOUND ( 'NONE', #2519, .T. ) ;
#36 = DIRECTION ( 'NONE',  ( 0.000000000000000000, -0.000000000000000000, -1.000000000000000000 ) ) ;
#37 = DIRECTION ( 'NONE',  ( 1.000000000000000000, 0.000000000000000000, 0.000000000000000000 ) ) ;
#38 = LINE ( 'NONE', #983, #2899 ) ;
#39 = VECTOR ( 'NONE', #2217, 39.37007874015748143 ) ;
#40 = EDGE_CURVE ( 'NONE', #1107, #2722, #2338, .T. ) ;
#41 = VECTOR ( 'NONE', #966, 39.37007874015748143 ) ;
#42 = EDGE_CURVE ( 'NONE', #27, #1624, #1901, .T. ) ;
#43 = ORIENTED_EDGE ( 'NONE', *, *, #270, .T. ) ;
#44 = CARTESIAN_POINT ( 'NONE',  ( -2.164999999999987157, 1.500000000000009326, 0.000000000000000000 ) ) ;
#45 = DIRECTION ( 'NONE',  ( 1.000000000000000000, 0.000000000000000000, 0.000000000000000000 ) ) ;
#46 = AXIS2_PLACEMENT_3D ( 'NONE', #746, #2596, #2365 ) ;
#47 = VECTOR ( 'NONE', #275, 39.37007874015748143 ) ;
#48 = VERTEX_POINT ( 'NONE', #2547 ) ;
#49 = FACE_BOUND ( 'NONE', #2767, .T. ) ;
#50 = VERTEX_POINT ( 'NONE', #2109 ) ;
#51 = CARTESIAN_POINT ( 'NONE',  ( 21.02500000000000568, 7.220000000000002416, 0.000000000000000000 ) ) ;
#52 = ORIENTED_EDGE ( 'NONE', *, *, #1357, .F. ) ;
#53 = LINE ( 'NONE', #1698, #1448 ) ;
#54 = LINE ( 'NONE', #1024, #1888 ) ;
#55 = CARTESIAN_POINT ( 'NONE',  ( -21.15499999999999758, -7.470000000000005969, -0.7500000000000001110 ) ) ;
#56 = FACE_OUTER_BOUND ( 'NONE', #2148, .T. ) ;
#57 = CARTESIAN_POINT ( 'NONE',  ( 21.19500000000000739, 7.220000000000002416, -0.1049999999999999961 ) ) ;
#58 = CARTESIAN_POINT ( 'NONE',  ( -13.99499999999999744, 5.000000000000002665, -0.7500000000000004441 ) ) ;
#59 = EDGE_CURVE ( 'NONE', #1694, #1843, #1437, .T. ) ;
#60 = VERTEX_POINT ( 'NONE', #1872 ) ;
#61 = FACE_BOUND ( 'NONE', #474, .T. ) ;
#62 = ORIENTED_EDGE ( 'NONE', *, *, #577, .T. ) ;
#63 = EDGE_CURVE ( 'NONE', #2627, #48, #29, .T. ) ;
#64 = DIRECTION ( 'NONE',  ( -0.000000000000000000, -0.000000000000000000, 1.000000000000000000 ) ) ;
#65 = EDGE_LOOP ( 'NONE', ( #702, #486 ) ) ;
#66 = LINE ( 'NONE', #508, #2366 ) ;
#67 = LINE ( 'NONE', #307, #2569 ) ;
#68 = DIRECTION ( 'NONE',  ( -0.000000000000000000, -0.000000000000000000, 1.000000000000000000 ) ) ;
#69 = PLANE ( 'NONE',  #2509 ) ;
#70 = ORIENTED_EDGE ( 'NONE', *, *, #2522, .F. ) ;
#71 = CYLINDRICAL_SURFACE ( 'NONE', #1463, 0.1249999999999927974 ) ;
#72 = DIRECTION ( 'NONE',  ( 1.000000000000000000, 0.000000000000000000, 0.000000000000000000 ) ) ;
#73 = CIRCLE ( 'NONE', #475, 0.2099999999999989930 ) ;
#74 = VERTEX_POINT ( 'NONE', #709 ) ;
#75 = FACE_BOUND ( 'NONE', #373, .T. ) ;
#76 = ORIENTED_EDGE ( 'NONE', *, *, #194, .F. ) ;
#77 = VECTOR ( 'NONE', #1746, 39.37007874015748143 ) ;
#78 = EDGE_CURVE ( 'NONE', #1770, #15, #2840, .T. ) ;
#79 = EDGE_CURVE ( 'NONE', #1694, #2694, #1858, .T. ) ;
#80 = ORIENTED_EDGE ( 'NONE', *, *, #1317, .F. ) ;
#81 = CIRCLE ( 'NONE', #1112, 0.4399999999999996692 ) ;
#82 = CARTESIAN_POINT ( 'NONE',  ( -11.97499999999998010, 1.500000000000030198, 0.000000000000000000 ) ) ;
#83 = DIRECTION ( 'NONE',  ( 0.000000000000000000, 0.000000000000000000, 1.000000000000000000 ) ) ;
#84 = DIRECTION ( 'NONE',  ( -0.000000000000000000, -0.000000000000000000, 1.000000000000000000 ) ) ;
#85 = ORIENTED_EDGE ( 'NONE', *, *, #2198, .T. ) ;
#86 = LINE ( 'NONE', #116, #39 ) ;
#87 = DIRECTION ( 'NONE',  ( 0.000000000000000000, 0.000000000000000000, -1.000000000000000000 ) ) ;
#88 = VECTOR ( 'NONE', #1192, 39.37007874015748143 ) ;
#89 = AXIS2_PLACEMENT_3D ( 'NONE', #1426, #2, #1889 ) ;
#90 = ORIENTED_EDGE ( 'NONE', *, *, #2672, .T. ) ;
#91 = CIRCLE ( 'NONE', #2826, 0.09999999999999947820 ) ;
#92 = DIRECTION ( 'NONE',  ( 0.000000000000000000, 0.000000000000000000, 1.000000000000000000 ) ) ;
#93 = ORIENTED_EDGE ( 'NONE', *, *, #1373, .F. ) ;
#94 = CARTESIAN_POINT ( 'NONE',  ( -21.15499999999999758, -7.260000000000000675, -0.1049999999999986777 ) ) ;
#95 = CIRCLE ( 'NONE', #1417, 0.09999999999999947820 ) ;
#96 = EDGE_LOOP ( 'NONE', ( #1290, #1501 ) ) ;
#97 = CARTESIAN_POINT ( 'NONE',  ( -21.19500000000000028, -7.220000000000004192, -0.2099999999999987432 ) ) ;
#98 = EDGE_CURVE ( 'NONE', #748, #873, #2561, .T. ) ;
#99 = EDGE_CURVE ( 'NONE', #403, #1617, #482, .T. ) ;
#100 = DIRECTION ( 'NONE',  ( 0.000000000000000000, 0.000000000000000000, -1.000000000000000000 ) ) ;
#101 =( NAMED_UNIT ( * ) PLANE_ANGLE_UNIT ( ) SI_UNIT ( $, .RADIAN. ) );
#102 = CARTESIAN_POINT ( 'NONE',  ( -21.29999999999999716, -7.220000000000004192, -0.2099999999999980216 ) ) ;
#103 = DIRECTION ( 'NONE',  ( -1.000000000000000000, 0.000000000000000000, 0.000000000000000000 ) ) ;
#104 = CARTESIAN_POINT ( 'NONE',  ( -13.55499999999999616, 5.000000000000002665, 0.000000000000000000 ) ) ;
#105 = ORIENTED_EDGE ( 'NONE', *, *, #2881, .F. ) ;
#106 = DIRECTION ( 'NONE',  ( 0.000000000000000000, 1.000000000000000000, 0.000000000000000000 ) ) ;
#107 = ORIENTED_EDGE ( 'NONE', *, *, #2915, .F. ) ;
#108 = ORIENTED_EDGE ( 'NONE', *, *, #1974, .T. ) ;
#109 = CARTESIAN_POINT ( 'NONE',  ( -21.30000000000000426, -7.220000000000004192, -0.7500000000000004441 ) ) ;
#110 = ADVANCED_FACE ( 'NONE', ( #1231 ), #2359, .T. ) ;
#111 = CARTESIAN_POINT ( 'NONE',  ( -21.19500000000000028, 7.220000000000002416, -0.2099999999999987432 ) ) ;
#112 = LINE ( 'NONE', #146, #645 ) ;
#113 = CARTESIAN_POINT ( 'NONE',  ( 21.30000000000000782, -4.520000000000001350, -0.2700000000000010725 ) ) ;
#114 = EDGE_CURVE ( 'NONE', #616, #2627, #2638, .T. ) ;
#115 = EDGE_CURVE ( 'NONE', #882, #2612, #2125, .T. ) ;
#116 = CARTESIAN_POINT ( 'NONE',  ( -21.30000000000000426, -7.220000000000004192, -0.7500000000000004441 ) ) ;
#117 = CYLINDRICAL_SURFACE ( 'NONE', #2361, 0.09999999999999947820 ) ;
#118 = CIRCLE ( 'NONE', #168, 0.4399999999999996692 ) ;
#119 = ORIENTED_EDGE ( 'NONE', *, *, #1721, .T. ) ;
#120 = DIRECTION ( 'NONE',  ( -0.000000000000000000, -2.766428348014441609E-15, 1.000000000000000000 ) ) ;
#121 = ORIENTED_EDGE ( 'NONE', *, *, #131, .T. ) ;
#122 = FACE_OUTER_BOUND ( 'NONE', #133, .T. ) ;
#123 = CARTESIAN_POINT ( 'NONE',  ( -11.39499999999999780, -1.900000000000004130, -0.7500000000000004441 ) ) ;
#124 = ORIENTED_EDGE ( 'NONE', *, *, #1974, .F. ) ;
#125 = AXIS2_PLACEMENT_3D ( 'NONE', #1309, #158, #1097 ) ;
#126 = CYLINDRICAL_SURFACE ( 'NONE', #125, 0.1249999999999938799 ) ;
#127 = DIRECTION ( 'NONE',  ( 1.000000000000000000, 0.000000000000000000, 0.000000000000000000 ) ) ;
#128 = DIRECTION ( 'NONE',  ( 0.000000000000000000, 0.000000000000000000, 1.000000000000000000 ) ) ;
#129 = CARTESIAN_POINT ( 'NONE',  ( -11.97499999999999432, -1.499999999999970024, 0.000000000000000000 ) ) ;
#130 = CARTESIAN_POINT ( 'NONE',  ( -21.15499999999999758, 7.469999999999996199, 2.567749485862135254E-14 ) ) ;
#131 = EDGE_CURVE ( 'NONE', #150, #2755, #714, .T. ) ;
#132 = EDGE_CURVE ( 'NONE', #2382, #1843, #2328, .T. ) ;
#133 = EDGE_LOOP ( 'NONE', ( #1304, #1815, #236, #863 ) ) ;
#134 = DIRECTION ( 'NONE',  ( 1.000000000000000000, 9.988475296761473310E-17, 0.000000000000000000 ) ) ;
#135 = ORIENTED_EDGE ( 'NONE', *, *, #560, .F. ) ;
#136 = EDGE_CURVE ( 'NONE', #48, #1950, #2014, .T. ) ;
#137 = VECTOR ( 'NONE', #1405, 39.37007874015748143 ) ;
#138 = VECTOR ( 'NONE', #339, 39.37007874015748143 ) ;
#139 = AXIS2_PLACEMENT_3D ( 'NONE', #1885, #2886, #738 ) ;
#140 = LINE ( 'NONE', #1996, #342 ) ;
#141 = VERTEX_POINT ( 'NONE', #2779 ) ;
#142 = DIRECTION ( 'NONE',  ( -6.776677193585764106E-15, -3.388338596792882053E-15, -1.000000000000000000 ) ) ;
#143 = AXIS2_PLACEMENT_3D ( 'NONE', #177, #2250, #1756 ) ;
#144 = EDGE_LOOP ( 'NONE', ( #758, #3008, #90, #902 ) ) ;
#145 = CARTESIAN_POINT ( 'NONE',  ( -2.494999999999996110, -1.900000000000003464, -0.7500000000000004441 ) ) ;
#146 = CARTESIAN_POINT ( 'NONE',  ( 21.02500000000000568, -7.469999999999998863, -0.2099999999999998812 ) ) ;
#147 = DIRECTION ( 'NONE',  ( 1.000000000000000000, 0.000000000000000000, 0.000000000000000000 ) ) ;
#148 = DIRECTION ( 'NONE',  ( -0.000000000000000000, 1.000000000000000000, -0.000000000000000000 ) ) ;
#149 = VECTOR ( 'NONE', #529, 39.37007874015748143 ) ;
#150 = VERTEX_POINT ( 'NONE', #104 ) ;
#151 = DIRECTION ( 'NONE',  ( -1.000000000000000000, -0.000000000000000000, -0.000000000000000000 ) ) ;
#152 = ORIENTED_EDGE ( 'NONE', *, *, #2239, .T. ) ;
#153 = EDGE_CURVE ( 'NONE', #311, #2995, #1755, .T. ) ;
#154 = ORIENTED_EDGE ( 'NONE', *, *, #560, .T. ) ;
#155 = PLANE ( 'NONE',  #549 ) ;
#156 = ORIENTED_EDGE ( 'NONE', *, *, #2521, .T. ) ;
#157 = EDGE_CURVE ( 'NONE', #2514, #2164, #357, .T. ) ;
#158 = DIRECTION ( 'NONE',  ( -0.000000000000000000, -0.000000000000000000, 1.000000000000000000 ) ) ;
#159 = CIRCLE ( 'NONE', #2938, 0.1250000000000004441 ) ;
#160 = ORIENTED_EDGE ( 'NONE', *, *, #1565, .T. ) ;
#161 = LINE ( 'NONE', #145, #2385 ) ;
#162 = DIRECTION ( 'NONE',  ( 1.000000000000000000, 0.000000000000000000, 0.000000000000000000 ) ) ;
#163 = FACE_OUTER_BOUND ( 'NONE', #2660, .T. ) ;
#164 = FACE_OUTER_BOUND ( 'NONE', #2412, .T. ) ;
#165 = VERTEX_POINT ( 'NONE', #1274 ) ;
#166 = DIRECTION ( 'NONE',  ( -1.000000000000000000, -1.295328588745500776E-16, 2.590657177491003956E-17 ) ) ;
#167 = EDGE_LOOP ( 'NONE', ( #611, #455, #3020, #2376 ) ) ;
#168 = AXIS2_PLACEMENT_3D ( 'NONE', #2016, #649, #414 ) ;
#169 = AXIS2_PLACEMENT_3D ( 'NONE', #1485, #2442, #2203 ) ;
#170 = ORIENTED_EDGE ( 'NONE', *, *, #2140, .T. ) ;
#171 = CARTESIAN_POINT ( 'NONE',  ( -20.96499999999999986, 3.750000000000000888, 0.000000000000000000 ) ) ;
#172 = VERTEX_POINT ( 'NONE', #2409 ) ;
#173 = DIRECTION ( 'NONE',  ( 0.000000000000000000, 0.000000000000000000, 1.000000000000000000 ) ) ;
#174 = ADVANCED_FACE ( 'NONE', ( #1289 ), #2396, .F. ) ;
#175 = EDGE_CURVE ( 'NONE', #2814, #2382, #2667, .T. ) ;
#176 = ORIENTED_EDGE ( 'NONE', *, *, #520, .T. ) ;
#177 = CARTESIAN_POINT ( 'NONE',  ( 21.40500000000000469, 7.220000000000002416, -0.5000000000000000000 ) ) ;
#178 = CARTESIAN_POINT ( 'NONE',  ( 0.000000000000000000, 0.000000000000000000, 0.000000000000000000 ) ) ;
#179 = LINE ( 'NONE', #1116, #2756 ) ;
#180 = EDGE_CURVE ( 'NONE', #2056, #2990, #818, .T. ) ;
#181 = CARTESIAN_POINT ( 'NONE',  ( -16.99499999999999744, 5.000000000000002665, 0.000000000000000000 ) ) ;
#182 = CARTESIAN_POINT ( 'NONE',  ( -21.15499999999999758, 7.259999999999999787, -0.2100000000000034617 ) ) ;
#183 = VERTEX_POINT ( 'NONE', #832 ) ;
#184 = DIRECTION ( 'NONE',  ( -0.000000000000000000, -0.000000000000000000, 1.000000000000000000 ) ) ;
#185 = EDGE_LOOP ( 'NONE', ( #416, #776 ) ) ;
#186 = ORIENTED_EDGE ( 'NONE', *, *, #78, .T. ) ;
#187 = CARTESIAN_POINT ( 'NONE',  ( 21.19500000000000739, -7.219999999999998863, 9.561467977824920278E-16 ) ) ;
#188 = ORIENTED_EDGE ( 'NONE', *, *, #633, .F. ) ;
#189 = CARTESIAN_POINT ( 'NONE',  ( 20.27000000000001023, -2.500000000000003997, -0.1049999999999999684 ) ) ;
#190 = AXIS2_PLACEMENT_3D ( 'NONE', #2897, #817, #1769 ) ;
#191 = VECTOR ( 'NONE', #120, 39.37007874015748143 ) ;
#192 = EDGE_LOOP ( 'NONE', ( #2701, #2610, #1729, #121 ) ) ;
#193 = VECTOR ( 'NONE', #2953, 39.37007874015748143 ) ;
#194 = EDGE_CURVE ( 'NONE', #873, #472, #609, .T. ) ;
#195 = EDGE_CURVE ( 'NONE', #410, #2651, #1595, .T. ) ;
#196 = DIRECTION ( 'NONE',  ( 1.000000000000000000, 6.138984255425309662E-17, 0.000000000000000000 ) ) ;
#197 = DIRECTION ( 'NONE',  ( 0.000000000000000000, 0.000000000000000000, -1.000000000000000000 ) ) ;
#198 = CARTESIAN_POINT ( 'NONE',  ( 2.535000000000005471, -3.680000000000005045, -0.7500000000000004441 ) ) ;
#199 = VECTOR ( 'NONE', #2492, 39.37007874015748143 ) ;
#200 = ORIENTED_EDGE ( 'NONE', *, *, #310, .T. ) ;
#201 = CARTESIAN_POINT ( 'NONE',  ( 21.02500000000000213, 7.470000000000003304, -0.7500000000000001110 ) ) ;
#202 = ORIENTED_EDGE ( 'NONE', *, *, #2784, .T. ) ;
#203 = VERTEX_POINT ( 'NONE', #313 ) ;
#204 = DIRECTION ( 'NONE',  ( 0.000000000000000000, 0.000000000000000000, 1.000000000000000000 ) ) ;
#205 = ORIENTED_EDGE ( 'NONE', *, *, #1056, .T. ) ;
#206 = DIRECTION ( 'NONE',  ( -1.000000000000000000, 0.000000000000000000, -3.491481338843132961E-15 ) ) ;
#207 = EDGE_LOOP ( 'NONE', ( #826, #2516, #1363, #424 ) ) ;
#208 = CARTESIAN_POINT ( 'NONE',  ( 21.30000000000000782, 4.520000000000001350, -0.5000000000000000000 ) ) ;
#209 = DIRECTION ( 'NONE',  ( 0.000000000000000000, 0.000000000000000000, 1.000000000000000000 ) ) ;
#210 = EDGE_CURVE ( 'NONE', #2764, #1534, #573, .T. ) ;
#211 = CARTESIAN_POINT ( 'NONE',  ( -21.40499999999999758, -7.220000000000004192, -0.2099999999999973554 ) ) ;
#212 = DIRECTION ( 'NONE',  ( 0.000000000000000000, 0.000000000000000000, -1.000000000000000000 ) ) ;
#213 = DIRECTION ( 'NONE',  ( 0.000000000000000000, 1.000000000000000000, 0.000000000000000000 ) ) ;
#214 = ADVANCED_FACE ( 'NONE', ( #1059 ), #2157, .F. ) ;
#215 = EDGE_CURVE ( 'NONE', #282, #1617, #2262, .T. ) ;
#216 = EDGE_LOOP ( 'NONE', ( #1078, #1259, #1832, #52 ) ) ;
#217 = CARTESIAN_POINT ( 'NONE',  ( -21.40500000000000114, 7.220000000000002416, -0.7500000000000001110 ) ) ;
#218 = VERTEX_POINT ( 'NONE', #2423 ) ;
#219 = ORIENTED_EDGE ( 'NONE', *, *, #2044, .F. ) ;
#220 = FACE_OUTER_BOUND ( 'NONE', #1962, .T. ) ;
#221 = ORIENTED_EDGE ( 'NONE', *, *, #1922, .F. ) ;
#222 = CARTESIAN_POINT ( 'NONE',  ( 21.40500000000000469, 7.220000000000002416, -0.5000000000000000000 ) ) ;
#223 = VECTOR ( 'NONE', #2868, 39.37007874015748143 ) ;
#224 = ORIENTED_EDGE ( 'NONE', *, *, #948, .T. ) ;
#225 = CARTESIAN_POINT ( 'NONE',  ( -20.96499999999999986, -3.750000000000003997, 0.000000000000000000 ) ) ;
#226 = APPLICATION_PROTOCOL_DEFINITION ( 'draft international standard', 'automotive_design', 1998, #2623 ) ;
#227 = VECTOR ( 'NONE', #604, 39.37007874015748143 ) ;
#228 = DIRECTION ( 'NONE',  ( -1.000000000000000000, -1.036262870996401089E-16, 8.758115402030106693E-47 ) ) ;
#229 = CARTESIAN_POINT ( 'NONE',  ( 20.17500000000001137, 3.750000000000000888, -0.7500000000000004441 ) ) ;
#230 = DIRECTION ( 'NONE',  ( -0.000000000000000000, -0.000000000000000000, 1.000000000000000000 ) ) ;
#231 = ORIENTED_EDGE ( 'NONE', *, *, #2751, .T. ) ;
#232 = FACE_OUTER_BOUND ( 'NONE', #2099, .T. ) ;
#233 = CARTESIAN_POINT ( 'NONE',  ( 2.535000000000005471, -3.680000000000005045, 0.000000000000000000 ) ) ;
#234 = ADVANCED_FACE ( 'NONE', ( #327 ), #117, .F. ) ;
#235 = EDGE_CURVE ( 'NONE', #2722, #1107, #667, .T. ) ;
#236 = ORIENTED_EDGE ( 'NONE', *, *, #20, .T. ) ;
#237 = DIRECTION ( 'NONE',  ( 0.000000000000000000, -1.000000000000000000, 0.000000000000000000 ) ) ;
#238 = ORIENTED_EDGE ( 'NONE', *, *, #861, .T. ) ;
#239 = PLANE ( 'NONE',  #1879 ) ;
#240 = ORIENTED_EDGE ( 'NONE', *, *, #2819, .F. ) ;
#241 = VECTOR ( 'NONE', #2062, 39.37007874015748143 ) ;
#242 = AXIS2_PLACEMENT_3D ( 'NONE', #2984, #905, #1390 ) ;
#243 = VECTOR ( 'NONE', #545, 39.37007874015748143 ) ;
#244 = PRODUCT_DEFINITION_CONTEXT ( 'detailed design', #2623, 'design' ) ;
#245 = DIRECTION ( 'NONE',  ( 0.000000000000000000, 0.000000000000000000, -1.000000000000000000 ) ) ;
#246 = PLANE ( 'NONE',  #1610 ) ;
#247 = ORIENTED_EDGE ( 'NONE', *, *, #2696, .T. ) ;
#248 = DIRECTION ( 'NONE',  ( 6.776677193585765683E-15, 0.000000000000000000, 1.000000000000000000 ) ) ;
#249 = CARTESIAN_POINT ( 'NONE',  ( 21.40500000000000469, 1.720000000000001306, -0.5000000000000003331 ) ) ;
#250 = VECTOR ( 'NONE', #655, 39.37007874015748143 ) ;
#251 = ADVANCED_FACE ( 'NONE', ( #1031 ), #2143, .F. ) ;
#252 = DIRECTION ( 'NONE',  ( -0.000000000000000000, -0.000000000000000000, 1.000000000000000000 ) ) ;
#253 = EDGE_LOOP ( 'NONE', ( #2687, #2368, #32, #1327 ) ) ;
#254 = LINE ( 'NONE', #1187, #1285 ) ;
#255 = VECTOR ( 'NONE', #469, 39.37007874015748143 ) ;
#256 = ORIENTED_EDGE ( 'NONE', *, *, #2896, .F. ) ;
#257 =( LENGTH_UNIT ( ) NAMED_UNIT ( * ) SI_UNIT ( $, .METRE. ) );
#258 = DIRECTION ( 'NONE',  ( 0.000000000000000000, -1.000000000000000000, -3.491481338843132961E-15 ) ) ;
#259 = FACE_OUTER_BOUND ( 'NONE', #567, .T. ) ;
#260 = VERTEX_POINT ( 'NONE', #789 ) ;
#261 = PLANE ( 'NONE',  #2732 ) ;
#262 = DIRECTION ( 'NONE',  ( 1.000000000000000000, 0.000000000000000000, 0.000000000000000000 ) ) ;
#263 = VERTEX_POINT ( 'NONE', #2622 ) ;
#264 = DIRECTION ( 'NONE',  ( 0.000000000000000000, -1.000000000000000000, 0.000000000000000000 ) ) ;
#265 = ORIENTED_EDGE ( 'NONE', *, *, #194, .T. ) ;
#266 = DIRECTION ( 'NONE',  ( -0.000000000000000000, -0.000000000000000000, 1.000000000000000000 ) ) ;
#267 = EDGE_LOOP ( 'NONE', ( #418, #2235 ) ) ;
#268 = CARTESIAN_POINT ( 'NONE',  ( 21.19500000000000739, -7.219999999999998863, -0.2099999999999980216 ) ) ;
#269 = EDGE_CURVE ( 'NONE', #1596, #882, #2061, .T. ) ;
#270 = EDGE_CURVE ( 'NONE', #2841, #1152, #2851, .T. ) ;
#271 = VECTOR ( 'NONE', #769, 39.37007874015748143 ) ;
#272 = VECTOR ( 'NONE', #1532, 39.37007874015748143 ) ;
#273 = CARTESIAN_POINT ( 'NONE',  ( 21.02500000000000568, 7.470000000000000639, -1.168021431365194011E-13 ) ) ;
#274 = CARTESIAN_POINT ( 'NONE',  ( 0.000000000000000000, -1.815000000000004166, -0.1049999999999999961 ) ) ;
#275 = DIRECTION ( 'NONE',  ( -0.000000000000000000, -0.000000000000000000, 1.000000000000000000 ) ) ;
#276 = EDGE_CURVE ( 'NONE', #2348, #2902, #1015, .T. ) ;
#277 = ORIENTED_EDGE ( 'NONE', *, *, #1620, .F. ) ;
#278 = CARTESIAN_POINT ( 'NONE',  ( -11.43499999999999872, 5.000000000000002665, 0.000000000000000000 ) ) ;
#279 = DIRECTION ( 'NONE',  ( 0.000000000000000000, 1.000000000000000000, 3.414809992080361465E-15 ) ) ;
#280 = CIRCLE ( 'NONE', #2369, 0.09499999999999994560 ) ;
#281 = FACE_BOUND ( 'NONE', #1237, .T. ) ;
#282 = VERTEX_POINT ( 'NONE', #1937 ) ;
#283 = FACE_OUTER_BOUND ( 'NONE', #2677, .T. ) ;
#284 = CYLINDRICAL_SURFACE ( 'NONE', #1528, 0.1250000000000004441 ) ;
#285 = ORIENTED_EDGE ( 'NONE', *, *, #1487, .T. ) ;
#286 = SURFACE_STYLE_USAGE ( .BOTH. , #321 ) ;
#287 = EDGE_CURVE ( 'NONE', #1711, #2841, #1461, .T. ) ;
#288 = EDGE_CURVE ( 'NONE', #2253, #544, #2117, .T. ) ;
#289 = CARTESIAN_POINT ( 'NONE',  ( -21.15499999999999758, 7.469999999999998863, -0.7500000000000001110 ) ) ;
#290 = FACE_OUTER_BOUND ( 'NONE', #1194, .T. ) ;
#291 = DIRECTION ( 'NONE',  ( -1.295328588745501762E-16, 1.000000000000000000, -3.388338596792881264E-15 ) ) ;
#292 = AXIS2_PLACEMENT_3D ( 'NONE', #1881, #1377, #1821 ) ;
#293 = AXIS2_PLACEMENT_3D ( 'NONE', #2441, #148, #1058 ) ;
#294 = CIRCLE ( 'NONE', #1700, 0.09499999999999994560 ) ;
#295 = EDGE_LOOP ( 'NONE', ( #364, #1105, #3012, #135 ) ) ;
#296 = CARTESIAN_POINT ( 'NONE',  ( -11.72500000000000675, 1.500000000000030198, -0.7500000000000004441 ) ) ;
#297 = DIRECTION ( 'NONE',  ( -0.000000000000000000, -0.000000000000000000, -1.000000000000000000 ) ) ;
#298 = CIRCLE ( 'NONE', #1989, 0.09999999999999947820 ) ;
#299 = AXIS2_PLACEMENT_3D ( 'NONE', #2481, #1284, #2197 ) ;
#300 = VECTOR ( 'NONE', #324, 39.37007874015748143 ) ;
#301 = ORIENTED_EDGE ( 'NONE', *, *, #670, .T. ) ;
#302 = CARTESIAN_POINT ( 'NONE',  ( 0.000000000000000000, 0.000000000000000000, 0.000000000000000000 ) ) ;
#303 = ORIENTED_EDGE ( 'NONE', *, *, #332, .T. ) ;
#304 = FACE_OUTER_BOUND ( 'NONE', #973, .T. ) ;
#305 = ORIENTED_EDGE ( 'NONE', *, *, #961, .F. ) ;
#306 = CARTESIAN_POINT ( 'NONE',  ( -21.19500000000000028, 7.220000000000002416, -0.2099999999999987432 ) ) ;
#307 = CARTESIAN_POINT ( 'NONE',  ( -14.43499999999999872, 5.000000000000002665, -0.7500000000000004441 ) ) ;
#308 = DIRECTION ( 'NONE',  ( -1.000000000000000000, 0.000000000000000000, -0.000000000000000000 ) ) ;
#309 = CARTESIAN_POINT ( 'NONE',  ( -21.15499999999999758, 7.469999999999996199, -0.1049999999999999961 ) ) ;
#310 = EDGE_CURVE ( 'NONE', #1265, #2445, #1008, .T. ) ;
#311 = VERTEX_POINT ( 'NONE', #1190 ) ;
#312 = CARTESIAN_POINT ( 'NONE',  ( 21.02500000000000213, -7.470000000000000639, -0.7500000000000001110 ) ) ;
#313 = CARTESIAN_POINT ( 'NONE',  ( 21.40500000000000469, 7.220000000000002416, -0.5000000000000000000 ) ) ;
#314 = ADVANCED_FACE ( 'NONE', ( #2387 ), #1021, .T. ) ;
#315 = ADVANCED_FACE ( 'NONE', ( #1924 ), #2847, .T. ) ;
#316 = ORIENTED_EDGE ( 'NONE', *, *, #1188, .T. ) ;
#317 = CARTESIAN_POINT ( 'NONE',  ( -21.29999999999999716, 0.000000000000000000, 1.450547753287032716E-13 ) ) ;
#318 = VERTEX_POINT ( 'NONE', #1431 ) ;
#319 = DIRECTION ( 'NONE',  ( 1.000000000000000000, 1.295328588745501762E-16, 8.758115402030106693E-47 ) ) ;
#320 = ORIENTED_EDGE ( 'NONE', *, *, #98, .T. ) ;
#321 = SURFACE_SIDE_STYLE ('',( #1418 ) ) ;
#322 = CARTESIAN_POINT ( 'NONE',  ( 20.27000000000001023, 2.500000000000000444, -0.7500000000000004441 ) ) ;
#323 = CARTESIAN_POINT ( 'NONE',  ( 21.40500000000000469, 4.520000000000001350, -0.2699999999999999623 ) ) ;
#324 = DIRECTION ( 'NONE',  ( 1.000000000000000000, 0.000000000000000000, 0.000000000000000000 ) ) ;
#325 = ORIENTED_EDGE ( 'NONE', *, *, #2450, .T. ) ;
#326 = LINE ( 'NONE', #771, #1611 ) ;
#327 = FACE_OUTER_BOUND ( 'NONE', #2795, .T. ) ;
#328 = AXIS2_PLACEMENT_3D ( 'NONE', #1068, #1981, #2695 ) ;
#329 = ORIENTED_EDGE ( 'NONE', *, *, #2119, .T. ) ;
#330 = FACE_BOUND ( 'NONE', #1976, .T. ) ;
#331 = VERTEX_POINT ( 'NONE', #489 ) ;
#332 = EDGE_CURVE ( 'NONE', #680, #2009, #2613, .T. ) ;
#333 = EDGE_CURVE ( 'NONE', #1978, #1667, #73, .T. ) ;
#334 = ORIENTED_EDGE ( 'NONE', *, *, #2144, .T. ) ;
#335 = PLANE ( 'NONE',  #2904 ) ;
#336 = DIRECTION ( 'NONE',  ( 0.000000000000000000, -1.219574997171546326E-16, 1.000000000000000000 ) ) ;
#337 = PLANE ( 'NONE',  #492 ) ;
#338 = LINE ( 'NONE', #2406, #2434 ) ;
#339 = DIRECTION ( 'NONE',  ( -0.000000000000000000, -0.000000000000000000, 1.000000000000000000 ) ) ;
#340 = DIRECTION ( 'NONE',  ( 0.000000000000000000, 0.000000000000000000, 1.000000000000000000 ) ) ;
#341 = AXIS2_PLACEMENT_3D ( 'NONE', #2685, #2471, #2486 ) ;
#342 = VECTOR ( 'NONE', #237, 39.37007874015748143 ) ;
#343 = ORIENTED_EDGE ( 'NONE', *, *, #367, .T. ) ;
#344 = VECTOR ( 'NONE', #1146, 39.37007874015748143 ) ;
#345 = DIRECTION ( 'NONE',  ( 1.000000000000000000, 0.000000000000000000, -6.776677193585764106E-15 ) ) ;
#346 = VERTEX_POINT ( 'NONE', #2353 ) ;
#347 = ADVANCED_FACE ( 'NONE', ( #35 ), #554, .F. ) ;
#348 = ORIENTED_EDGE ( 'NONE', *, *, #1447, .F. ) ;
#349 = CIRCLE ( 'NONE', #2187, 0.2099999999999978828 ) ;
#350 = LINE ( 'NONE', #2662, #2314 ) ;
#351 = EDGE_CURVE ( 'NONE', #787, #1624, #66, .T. ) ;
#352 = MANIFOLD_SOLID_BREP ( 'Cortar-Extruir3', #2240 ) ;
#353 = CARTESIAN_POINT ( 'NONE',  ( -4.994999999999996554, 5.000000000000002665, 0.000000000000000000 ) ) ;
#354 = CARTESIAN_POINT ( 'NONE',  ( -14.43499999999999872, 5.000000000000002665, -0.1049999999999999684 ) ) ;
#355 = DIRECTION ( 'NONE',  ( 1.000000000000000000, 0.000000000000000000, 0.000000000000000000 ) ) ;
#356 = FACE_OUTER_BOUND ( 'NONE', #1355, .T. ) ;
#357 = LINE ( 'NONE', #806, #2803 ) ;
#358 = AXIS2_PLACEMENT_3D ( 'NONE', #2690, #614, #1119 ) ;
#359 = EDGE_LOOP ( 'NONE', ( #2719, #743, #320, #2891 ) ) ;
#360 = DIRECTION ( 'NONE',  ( 1.000000000000000000, -0.000000000000000000, -0.000000000000000000 ) ) ;
#361 = ORIENTED_EDGE ( 'NONE', *, *, #175, .T. ) ;
#362 = DIRECTION ( 'NONE',  ( 0.000000000000000000, 0.000000000000000000, -1.000000000000000000 ) ) ;
#363 = DIRECTION ( 'NONE',  ( 0.000000000000000000, 3.388338596792881264E-15, 1.000000000000000000 ) ) ;
#364 = ORIENTED_EDGE ( 'NONE', *, *, #1522, .T. ) ;
#365 = CARTESIAN_POINT ( 'NONE',  ( -21.15499999999999403, -7.470000000000004192, -0.1049999999999999961 ) ) ;
#366 = CARTESIAN_POINT ( 'NONE',  ( -21.40503937007874313, 4.520000000000001350, -0.2699999999999999623 ) ) ;
#367 = EDGE_CURVE ( 'NONE', #1478, #2742, #53, .T. ) ;
#368 = EDGE_CURVE ( 'NONE', #218, #403, #1254, .T. ) ;
#369 = LINE ( 'NONE', #2496, #2436 ) ;
#370 = CARTESIAN_POINT ( 'NONE',  ( -11.39499999999999780, 1.899999999999995914, -0.1049999999999999961 ) ) ;
#371 = PLANE ( 'NONE',  #639 ) ;
#372 = DIRECTION ( 'NONE',  ( -1.000000000000000000, 0.000000000000000000, 0.000000000000000000 ) ) ;
#373 = EDGE_LOOP ( 'NONE', ( #1551, #305, #76, #1202 ) ) ;
#374 = CYLINDRICAL_SURFACE ( 'NONE', #1324, 0.09499999999999994560 ) ;
#375 = ORIENTED_EDGE ( 'NONE', *, *, #861, .F. ) ;
#376 = LINE ( 'NONE', #2721, #2336 ) ;
#377 = ORIENTED_EDGE ( 'NONE', *, *, #419, .F. ) ;
#378 = CARTESIAN_POINT ( 'NONE',  ( -21.15499999999999758, 7.364999999999996660, -0.1049999999999999961 ) ) ;
#379 = ORIENTED_EDGE ( 'NONE', *, *, #1922, .T. ) ;
#380 = VECTOR ( 'NONE', #2367, 39.37007874015748143 ) ;
#381 = CARTESIAN_POINT ( 'NONE',  ( -21.15499999999999758, 7.364999999999997549, -0.2100000000000002143 ) ) ;
#382 = CARTESIAN_POINT ( 'NONE',  ( 21.02500000000000213, -7.470000000000000639, -0.7499999999999998890 ) ) ;
#383 = EDGE_CURVE ( 'NONE', #2292, #2386, #2679, .T. ) ;
#384 = LINE ( 'NONE', #650, #2625 ) ;
#385 = ORIENTED_EDGE ( 'NONE', *, *, #1388, .F. ) ;
#386 = LINE ( 'NONE', #1977, #1660 ) ;
#387 = CARTESIAN_POINT ( 'NONE',  ( -21.16499999999999915, -3.750000000000003997, 0.000000000000000000 ) ) ;
#388 = AXIS2_PLACEMENT_3D ( 'NONE', #2926, #1577, #1312 ) ;
#389 = AXIS2_PLACEMENT_3D ( 'NONE', #181, #2744, #675 ) ;
#390 = VECTOR ( 'NONE', #2809, 39.37007874015748143 ) ;
#391 = ORIENTED_EDGE ( 'NONE', *, *, #1073, .T. ) ;
#392 = CARTESIAN_POINT ( 'NONE',  ( 21.02500000000000568, 7.470000000000000639, -0.1049999999999999961 ) ) ;
#393 = EDGE_LOOP ( 'NONE', ( #1255, #1686, #696, #1368 ) ) ;
#394 = DIRECTION ( 'NONE',  ( -1.000000000000000000, 0.000000000000000000, 0.000000000000000000 ) ) ;
#395 = AXIS2_PLACEMENT_3D ( 'NONE', #55, #1450, #2586 ) ;
#396 = EDGE_LOOP ( 'NONE', ( #1907, #2552 ) ) ;
#397 = AXIS2_PLACEMENT_3D ( 'NONE', #2490, #1351, #2267 ) ;
#398 = LINE ( 'NONE', #586, #790 ) ;
#399 = DIRECTION ( 'NONE',  ( 6.776677193585764106E-15, -0.000000000000000000, 1.000000000000000000 ) ) ;
#400 = DIRECTION ( 'NONE',  ( -0.000000000000000000, -0.000000000000000000, 1.000000000000000000 ) ) ;
#401 = CARTESIAN_POINT ( 'NONE',  ( 21.02500000000000568, -7.219999999999999751, -0.1049999999999999961 ) ) ;
#402 = VECTOR ( 'NONE', #1638, 39.37007874015748143 ) ;
#403 = VERTEX_POINT ( 'NONE', #2432 ) ;
#404 = CARTESIAN_POINT ( 'NONE',  ( -21.19500000000000028, 7.220000000000002416, 2.390366994456230070E-16 ) ) ;
#405 = ORIENTED_EDGE ( 'NONE', *, *, #1393, .T. ) ;
#406 = EDGE_CURVE ( 'NONE', #466, #2812, #812, .T. ) ;
#407 = ADVANCED_FACE ( 'NONE', ( #2478 ), #126, .F. ) ;
#408 = ORIENTED_EDGE ( 'NONE', *, *, #1560, .F. ) ;
#409 = CARTESIAN_POINT ( 'NONE',  ( 20.27000000000001023, -2.500000000000003997, -0.7500000000000004441 ) ) ;
#410 = VERTEX_POINT ( 'NONE', #2418 ) ;
#411 = CARTESIAN_POINT ( 'NONE',  ( -21.15499999999999758, 7.259999999999999787, -0.1050000000000055334 ) ) ;
#412 = ORIENTED_EDGE ( 'NONE', *, *, #175, .F. ) ;
#413 = FACE_OUTER_BOUND ( 'NONE', #1763, .T. ) ;
#414 = DIRECTION ( 'NONE',  ( -1.000000000000000000, 0.000000000000000000, 0.000000000000000000 ) ) ;
#415 = DIRECTION ( 'NONE',  ( 1.000000000000000000, 0.000000000000000000, 0.000000000000000000 ) ) ;
#416 = ORIENTED_EDGE ( 'NONE', *, *, #703, .F. ) ;
#417 = LINE ( 'NONE', #1305, #1707 ) ;
#418 = ORIENTED_EDGE ( 'NONE', *, *, #210, .F. ) ;
#419 = EDGE_CURVE ( 'NONE', #2064, #2402, #821, .T. ) ;
#420 = EDGE_CURVE ( 'NONE', #2890, #2357, #1296, .T. ) ;
#421 = AXIS2_PLACEMENT_3D ( 'NONE', #590, #2854, #2455 ) ;
#422 = ORIENTED_EDGE ( 'NONE', *, *, #1393, .F. ) ;
#423 = CARTESIAN_POINT ( 'NONE',  ( 21.02500000000000213, 7.259999999999999787, 1.297627796990524979E-15 ) ) ;
#424 = ORIENTED_EDGE ( 'NONE', *, *, #876, .F. ) ;
#425 = CARTESIAN_POINT ( 'NONE',  ( 21.40500000000000469, 7.220000000000002416, -0.5000000000000000000 ) ) ;
#426 = VECTOR ( 'NONE', #536, 39.37007874015748143 ) ;
#427 = ORIENTED_EDGE ( 'NONE', *, *, #1560, .T. ) ;
#428 = DIRECTION ( 'NONE',  ( 0.000000000000000000, 0.000000000000000000, -1.000000000000000000 ) ) ;
#429 = AXIS2_PLACEMENT_3D ( 'NONE', #2320, #2305, #4 ) ;
#430 = DIRECTION ( 'NONE',  ( -1.000000000000000000, 0.000000000000000000, 0.000000000000000000 ) ) ;
#431 = DIRECTION ( 'NONE',  ( 0.000000000000000000, 0.000000000000000000, 1.000000000000000000 ) ) ;
#432 = ORIENTED_EDGE ( 'NONE', *, *, #1282, .T. ) ;
#433 = CARTESIAN_POINT ( 'NONE',  ( 20.27000000000001023, 3.750000000000000888, -0.1049999999999999684 ) ) ;
#434 = ORIENTED_EDGE ( 'NONE', *, *, #1525, .T. ) ;
#435 = ORIENTED_EDGE ( 'NONE', *, *, #132, .T. ) ;
#436 = DIRECTION ( 'NONE',  ( -1.000000000000000000, 0.000000000000000000, 6.829619984160722930E-15 ) ) ;
#437 = ORIENTED_EDGE ( 'NONE', *, *, #1915, .T. ) ;
#438 = DIRECTION ( 'NONE',  ( 0.000000000000000000, 0.000000000000000000, 1.000000000000000000 ) ) ;
#439 = CIRCLE ( 'NONE', #542, 0.09499999999999994560 ) ;
#440 = EDGE_CURVE ( 'NONE', #141, #811, #350, .T. ) ;
#441 = AXIS2_PLACEMENT_3D ( 'NONE', #949, #716, #415 ) ;
#442 = VECTOR ( 'NONE', #2989, 39.37007874015748143 ) ;
#443 = ORIENTED_EDGE ( 'NONE', *, *, #1019, .F. ) ;
#444 = AXIS2_PLACEMENT_3D ( 'NONE', #1604, #1147, #2996 ) ;
#445 = AXIS2_PLACEMENT_3D ( 'NONE', #717, #212, #2745 ) ;
#446 = CIRCLE ( 'NONE', #980, 0.1249999999999862332 ) ;
#447 = EDGE_CURVE ( 'NONE', #2717, #1265, #585, .T. ) ;
#448 = CARTESIAN_POINT ( 'NONE',  ( -21.19500000000000028, -7.220000000000004192, -0.2099999999999987432 ) ) ;
#449 = ADVANCED_FACE ( 'NONE', ( #1998 ), #1775, .F. ) ;
#450 = CARTESIAN_POINT ( 'NONE',  ( 20.08000000000001251, 3.750000000000000888, -0.1049999999999999684 ) ) ;
#451 = CARTESIAN_POINT ( 'NONE',  ( 3.675758909208227897E-16, 3.680000000000005045, -0.1049999999999999961 ) ) ;
#452 = ORIENTED_EDGE ( 'NONE', *, *, #2557, .T. ) ;
#453 = DIRECTION ( 'NONE',  ( 0.000000000000000000, -1.000000000000000000, 0.000000000000000000 ) ) ;
#454 = ORIENTED_EDGE ( 'NONE', *, *, #719, .T. ) ;
#455 = ORIENTED_EDGE ( 'NONE', *, *, #42, .T. ) ;
#456 = DIRECTION ( 'NONE',  ( 0.000000000000000000, 0.000000000000000000, 1.000000000000000000 ) ) ;
#457 = EDGE_LOOP ( 'NONE', ( #1399, #896, #727, #1588, #1934, #2332, #108, #774, #2921, #2595, #1184, #2006 ) ) ;
#458 = DIRECTION ( 'NONE',  ( 1.000000000000000000, 0.000000000000000000, 0.000000000000000000 ) ) ;
#459 = VECTOR ( 'NONE', #1580, 39.37007874015748143 ) ;
#460 = ORIENTED_EDGE ( 'NONE', *, *, #2784, .F. ) ;
#461 = PLANE ( 'NONE',  #2032 ) ;
#462 = ADVANCED_FACE ( 'NONE', ( #860 ), #1508, .F. ) ;
#463 = ADVANCED_FACE ( 'NONE', ( #568 ), #335, .T. ) ;
#464 = DIRECTION ( 'NONE',  ( 1.000000000000000000, 6.138984255425309662E-17, 0.000000000000000000 ) ) ;
#465 = PLANE ( 'NONE',  #1366 ) ;
#466 = VERTEX_POINT ( 'NONE', #1281 ) ;
#467 = EDGE_CURVE ( 'NONE', #1873, #1554, #2905, .T. ) ;
#468 = CARTESIAN_POINT ( 'NONE',  ( 20.08000000000001251, -3.750000000000003997, -0.1049999999999999684 ) ) ;
#469 = DIRECTION ( 'NONE',  ( -1.626099996228760400E-16, 0.000000000000000000, 1.000000000000000000 ) ) ;
#470 = VERTEX_POINT ( 'NONE', #109 ) ;
#471 = CARTESIAN_POINT ( 'NONE',  ( -20.96499999999999986, -3.750000000000003997, -0.1049999999999999684 ) ) ;
#472 = VERTEX_POINT ( 'NONE', #1052 ) ;
#473 = CARTESIAN_POINT ( 'NONE',  ( -11.39499999999999780, -1.900000000000004130, 0.000000000000000000 ) ) ;
#474 = EDGE_LOOP ( 'NONE', ( #2564, #2362 ) ) ;
#475 = AXIS2_PLACEMENT_3D ( 'NONE', #306, #975, #1238 ) ;
#476 = CARTESIAN_POINT ( 'NONE',  ( -16.99499999999999744, 5.000000000000002665, -0.1049999999999999684 ) ) ;
#477 = CARTESIAN_POINT ( 'NONE',  ( 2.535000000000005471, -3.680000000000005045, -0.1049999999999999684 ) ) ;
#478 = CYLINDRICAL_SURFACE ( 'NONE', #1224, 0.4400000000000007794 ) ;
#479 = EDGE_CURVE ( 'NONE', #2472, #1575, #827, .T. ) ;
#480 = EDGE_LOOP ( 'NONE', ( #2107, #1859, #846, #219 ) ) ;
#481 = CARTESIAN_POINT ( 'NONE',  ( 21.02500000000000213, -7.469999999999998863, -0.2099999999999998812 ) ) ;
#482 = LINE ( 'NONE', #756, #1474 ) ;
#483 = ADVANCED_FACE ( 'NONE', ( #1524 ), #2210, .F. ) ;
#484 = ORIENTED_EDGE ( 'NONE', *, *, #1794, .F. ) ;
#485 = CARTESIAN_POINT ( 'NONE',  ( 20.17500000000001137, 2.500000000000000444, 0.000000000000000000 ) ) ;
#486 = ORIENTED_EDGE ( 'NONE', *, *, #2916, .F. ) ;
#487 = FACE_OUTER_BOUND ( 'NONE', #2991, .T. ) ;
#488 = ORIENTED_EDGE ( 'NONE', *, *, #1073, .F. ) ;
#489 = CARTESIAN_POINT ( 'NONE',  ( 20.27000000000001023, 2.500000000000000444, 0.000000000000000000 ) ) ;
#490 = VECTOR ( 'NONE', #1432, 39.37007874015748143 ) ;
#491 = VECTOR ( 'NONE', #1537, 39.37007874015748143 ) ;
#492 = AXIS2_PLACEMENT_3D ( 'NONE', #1897, #308, #1433 ) ;
#493 = LINE ( 'NONE', #2340, #88 ) ;
#494 = DIRECTION ( 'NONE',  ( -0.000000000000000000, -1.000000000000000000, -0.000000000000000000 ) ) ;
#495 = CARTESIAN_POINT ( 'NONE',  ( 12.19000000000000128, -1.815000000000004166, -0.1049999999999999684 ) ) ;
#496 = VECTOR ( 'NONE', #1286, 39.37007874015748143 ) ;
#497 = ORIENTED_EDGE ( 'NONE', *, *, #1883, .F. ) ;
#498 = DIRECTION ( 'NONE',  ( 1.000000000000000000, 0.000000000000000000, 0.000000000000000000 ) ) ;
#499 = DIRECTION ( 'NONE',  ( 1.000000000000000000, 0.000000000000000000, 1.626099996228726381E-16 ) ) ;
#500 = AXIS2_PLACEMENT_3D ( 'NONE', #2829, #2347, #1369 ) ;
#501 = ORIENTED_EDGE ( 'NONE', *, *, #2145, .F. ) ;
#502 = LINE ( 'NONE', #1627, #2179 ) ;
#503 = ORIENTED_EDGE ( 'NONE', *, *, #2294, .F. ) ;
#504 = ADVANCED_FACE ( 'NONE', ( #2923 ), #847, .F. ) ;
#505 = EDGE_CURVE ( 'NONE', #2742, #2256, #684, .T. ) ;
#506 = CYLINDRICAL_SURFACE ( 'NONE', #918, 0.1249999999999938799 ) ;
#507 = EDGE_CURVE ( 'NONE', #2877, #1096, #81, .T. ) ;
#508 = CARTESIAN_POINT ( 'NONE',  ( 21.02500000000000213, 7.470000000000003304, -0.7500000000000001110 ) ) ;
#509 = VECTOR ( 'NONE', #319, 39.37007874015748143 ) ;
#510 = CARTESIAN_POINT ( 'NONE',  ( 21.02500000000000568, 7.470000000000000639, -0.1049999999999999961 ) ) ;
#511 = CARTESIAN_POINT ( 'NONE',  ( -21.19500000000000028, -7.220000000000004192, 0.000000000000000000 ) ) ;
#512 = CARTESIAN_POINT ( 'NONE',  ( -21.40503937007874313, -1.720000000000001306, -0.2700000000000007394 ) ) ;
#513 = EDGE_LOOP ( 'NONE', ( #1352, #1864 ) ) ;
#514 = DIRECTION ( 'NONE',  ( -1.295328588745501762E-16, 1.000000000000000000, -3.491481338843132961E-15 ) ) ;
#515 = CYLINDRICAL_SURFACE ( 'NONE', #5, 0.4400000000000007794 ) ;
#516 = EDGE_LOOP ( 'NONE', ( #1247, #2326, #581, #1549 ) ) ;
#517 = FACE_BOUND ( 'NONE', #1410, .T. ) ;
#518 = VERTEX_POINT ( 'NONE', #2023 ) ;
#519 = DIRECTION ( 'NONE',  ( 1.000000000000000000, -0.000000000000000000, -1.626099996228726381E-16 ) ) ;
#520 = EDGE_CURVE ( 'NONE', #2348, #2710, #3004, .T. ) ;
#521 = ORIENTED_EDGE ( 'NONE', *, *, #1722, .F. ) ;
#522 = CARTESIAN_POINT ( 'NONE',  ( 21.19500000000000739, -7.219999999999999751, -0.1049999999999990108 ) ) ;
#523 = UNCERTAINTY_MEASURE_WITH_UNIT (LENGTH_MEASURE( 1.000000000000000082E-05 ), #2230, 'distance_accuracy_value', 'NONE');
#524 = PLANE ( 'NONE',  #2480 ) ;
#525 = DIRECTION ( 'NONE',  ( 1.000000000000000000, -0.000000000000000000, -0.000000000000000000 ) ) ;
#526 = CARTESIAN_POINT ( 'NONE',  ( -21.15499999999999758, 7.469999999999996199, -0.1049999999999999961 ) ) ;
#527 = VERTEX_POINT ( 'NONE', #915 ) ;
#528 = CARTESIAN_POINT ( 'NONE',  ( 21.02500000000000568, -7.260000000000000675, -0.1049999999999999961 ) ) ;
#529 = DIRECTION ( 'NONE',  ( -0.000000000000000000, -0.000000000000000000, 1.000000000000000000 ) ) ;
#530 = ORIENTED_EDGE ( 'NONE', *, *, #2521, .F. ) ;
#531 = FACE_BOUND ( 'NONE', #2593, .T. ) ;
#532 = EDGE_LOOP ( 'NONE', ( #2274, #2414, #2929, #944 ) ) ;
#533 = DIRECTION ( 'NONE',  ( 1.036262870996401089E-16, -1.000000000000000000, -3.491481338843132961E-15 ) ) ;
#534 = ORIENTED_EDGE ( 'NONE', *, *, #63, .T. ) ;
#535 = ADVANCED_FACE ( 'NONE', ( #1629 ), #1615, .F. ) ;
#536 = DIRECTION ( 'NONE',  ( 0.000000000000000000, 1.000000000000000000, 0.000000000000000000 ) ) ;
#537 = DIRECTION ( 'NONE',  ( 0.000000000000000000, 0.000000000000000000, -1.000000000000000000 ) ) ;
#538 = EDGE_CURVE ( 'NONE', #2024, #183, #2994, .T. ) ;
#539 = ADVANCED_FACE ( 'NONE', ( #2979 ), #2551, .F. ) ;
#540 = LINE ( 'NONE', #2355, #1223 ) ;
#541 = CARTESIAN_POINT ( 'NONE',  ( 20.08000000000001251, -3.750000000000003997, 0.000000000000000000 ) ) ;
#542 = AXIS2_PLACEMENT_3D ( 'NONE', #1835, #1606, #2555 ) ;
#543 = VECTOR ( 'NONE', #2395, 39.37007874015748143 ) ;
#544 = VERTEX_POINT ( 'NONE', #2741 ) ;
#545 = DIRECTION ( 'NONE',  ( -1.000000000000000000, 0.000000000000000000, -3.491481338843132961E-15 ) ) ;
#546 = DIRECTION ( 'NONE',  ( 0.000000000000000000, 0.000000000000000000, -1.000000000000000000 ) ) ;
#547 = VECTOR ( 'NONE', #1778, 39.37007874015748143 ) ;
#548 = EDGE_LOOP ( 'NONE', ( #2190, #2209 ) ) ;
#549 = AXIS2_PLACEMENT_3D ( 'NONE', #392, #2257, #2977 ) ;
#550 = FACE_BOUND ( 'NONE', #1067, .T. ) ;
#551 = VERTEX_POINT ( 'NONE', #2520 ) ;
#552 = CYLINDRICAL_SURFACE ( 'NONE', #2218, 0.09999999999999947820 ) ;
#553 = EDGE_LOOP ( 'NONE', ( #2689, #408 ) ) ;
#554 = PLANE ( 'NONE',  #2559 ) ;
#555 = AXIS2_PLACEMENT_3D ( 'NONE', #954, #1214, #1408 ) ;
#556 = LINE ( 'NONE', #2167, #1462 ) ;
#557 = CARTESIAN_POINT ( 'NONE',  ( -14.43499999999999872, 5.000000000000002665, 0.000000000000000000 ) ) ;
#558 = LINE ( 'NONE', #1735, #300 ) ;
#559 = EDGE_CURVE ( 'NONE', #1639, #1798, #2086, .T. ) ;
#560 = EDGE_CURVE ( 'NONE', #680, #968, #901, .T. ) ;
#561 = ORIENTED_EDGE ( 'NONE', *, *, #1244, .T. ) ;
#562 = DIRECTION ( 'NONE',  ( 1.000000000000000000, -0.000000000000000000, -0.000000000000000000 ) ) ;
#563 = DIRECTION ( 'NONE',  ( 1.000000000000000000, 0.000000000000000000, 0.000000000000000000 ) ) ;
#564 = ORIENTED_EDGE ( 'NONE', *, *, #2506, .T. ) ;
#565 = DIRECTION ( 'NONE',  ( 1.000000000000000000, 0.000000000000000000, 0.000000000000000000 ) ) ;
#566 = ORIENTED_EDGE ( 'NONE', *, *, #157, .F. ) ;
#567 = EDGE_LOOP ( 'NONE', ( #443, #1614, #170, #1964 ) ) ;
#568 = FACE_OUTER_BOUND ( 'NONE', #1677, .T. ) ;
#569 = CIRCLE ( 'NONE', #2800, 0.4399999999999996692 ) ;
#570 = CARTESIAN_POINT ( 'NONE',  ( -21.15499999999999758, 7.220000000000002416, 0.000000000000000000 ) ) ;
#571 = LINE ( 'NONE', #274, #933 ) ;
#572 = DIRECTION ( 'NONE',  ( 0.000000000000000000, 0.000000000000000000, 1.000000000000000000 ) ) ;
#573 = CIRCLE ( 'NONE', #421, 0.4399999999999996692 ) ;
#574 = EDGE_LOOP ( 'NONE', ( #1952, #2545, #2912, #2753 ) ) ;
#575 = LINE ( 'NONE', #1692, #835 ) ;
#576 = DIRECTION ( 'NONE',  ( 0.000000000000000000, -1.000000000000000000, 0.000000000000000000 ) ) ;
#577 = EDGE_CURVE ( 'NONE', #2866, #665, #1129, .T. ) ;
#578 = AXIS2_PLACEMENT_3D ( 'NONE', #1717, #2584, #797 ) ;
#579 = ORIENTED_EDGE ( 'NONE', *, *, #2634, .F. ) ;
#580 = FACE_BOUND ( 'NONE', #2966, .T. ) ;
#581 = ORIENTED_EDGE ( 'NONE', *, *, #1264, .T. ) ;
#582 = ADVANCED_FACE ( 'NONE', ( #2507 ), #1400, .T. ) ;
#583 = LINE ( 'NONE', #1506, #2278 ) ;
#584 = EDGE_LOOP ( 'NONE', ( #105, #2206, #2499, #2981 ) ) ;
#585 = LINE ( 'NONE', #2181, #1106 ) ;
#586 = CARTESIAN_POINT ( 'NONE',  ( 21.30000000000000782, -1.720000000000001306, -0.2700000000000007394 ) ) ;
#587 = FACE_OUTER_BOUND ( 'NONE', #2319, .T. ) ;
#588 = DIRECTION ( 'NONE',  ( 1.000000000000000000, 0.000000000000000000, 0.000000000000000000 ) ) ;
#589 = LINE ( 'NONE', #2202, #1221 ) ;
#590 = CARTESIAN_POINT ( 'NONE',  ( -7.994999999999998330, 5.000000000000002665, -0.1049999999999999684 ) ) ;
#591 = AXIS2_PLACEMENT_3D ( 'NONE', #2193, #362, #921 ) ;
#592 = CIRCLE ( 'NONE', #1411, 0.09499999999999994560 ) ;
#593 = AXIS2_PLACEMENT_3D ( 'NONE', #2693, #668, #363 ) ;
#594 = AXIS2_PLACEMENT_3D ( 'NONE', #1592, #2293, #917 ) ;
#595 = ORIENTED_EDGE ( 'NONE', *, *, #666, .T. ) ;
#596 = CIRCLE ( 'NONE', #2182, 0.09999999999999947820 ) ;
#597 = VECTOR ( 'NONE', #1720, 39.37007874015748143 ) ;
#598 = DIRECTION ( 'NONE',  ( -0.000000000000000000, -1.000000000000000000, -0.000000000000000000 ) ) ;
#599 = VERTEX_POINT ( 'NONE', #1385 ) ;
#600 = CARTESIAN_POINT ( 'NONE',  ( 21.02500000000000213, 7.259999999999999787, -0.2099999999999966060 ) ) ;
#601 = ADVANCED_FACE ( 'NONE', ( #1816 ), #2057, .T. ) ;
#602 = ADVANCED_FACE ( 'NONE', ( #1343 ), #239, .F. ) ;
#603 = ORIENTED_EDGE ( 'NONE', *, *, #1670, .T. ) ;
#604 = DIRECTION ( 'NONE',  ( -0.000000000000000000, -0.000000000000000000, 1.000000000000000000 ) ) ;
#605 = DIRECTION ( 'NONE',  ( -0.000000000000000000, -0.000000000000000000, 1.000000000000000000 ) ) ;
#606 = DIRECTION ( 'NONE',  ( -1.000000000000000000, -6.138984255425309662E-17, -0.000000000000000000 ) ) ;
#607 = CYLINDRICAL_SURFACE ( 'NONE', #2856, 0.1249999999999862332 ) ;
#608 = DIRECTION ( 'NONE',  ( 0.000000000000000000, 0.000000000000000000, -1.000000000000000000 ) ) ;
#609 = LINE ( 'NONE', #2686, #272 ) ;
#610 = AXIS2_PLACEMENT_3D ( 'NONE', #1005, #2335, #2114 ) ;
#611 = ORIENTED_EDGE ( 'NONE', *, *, #2026, .F. ) ;
#612 = CARTESIAN_POINT ( 'NONE',  ( -21.15499999999999758, 7.259999999999999787, -0.1049999999999999961 ) ) ;
#613 = VERTEX_POINT ( 'NONE', #929 ) ;
#614 = DIRECTION ( 'NONE',  ( -0.000000000000000000, -0.000000000000000000, 1.000000000000000000 ) ) ;
#615 = CARTESIAN_POINT ( 'NONE',  ( -13.55499999999999616, 5.000000000000002665, -0.1049999999999999684 ) ) ;
#616 = VERTEX_POINT ( 'NONE', #189 ) ;
#617 = ADVANCED_FACE ( 'NONE', ( #1846 ), #2783, .F. ) ;
#618 = CARTESIAN_POINT ( 'NONE',  ( 21.30000000000000782, -7.219999999999998863, -0.2099999999999980216 ) ) ;
#619 = DIRECTION ( 'NONE',  ( -1.000000000000000000, 0.000000000000000000, 0.000000000000000000 ) ) ;
#620 = CARTESIAN_POINT ( 'NONE',  ( 21.40500000000000469, -1.720000000000001306, -0.5000000000000000000 ) ) ;
#621 = EDGE_CURVE ( 'NONE', #331, #1554, #280, .T. ) ;
#622 = CYLINDRICAL_SURFACE ( 'NONE', #293, 0.2099999999999980216 ) ;
#623 = AXIS2_PLACEMENT_3D ( 'NONE', #1725, #1710, #72 ) ;
#624 = ORIENTED_EDGE ( 'NONE', *, *, #507, .F. ) ;
#625 = DIRECTION ( 'NONE',  ( -1.000000000000000000, 0.000000000000000000, 1.626099996228726381E-16 ) ) ;
#626 = ORIENTED_EDGE ( 'NONE', *, *, #383, .T. ) ;
#627 = VECTOR ( 'NONE', #2244, 39.37007874015748143 ) ;
#628 = DIRECTION ( 'NONE',  ( -0.000000000000000000, -0.000000000000000000, 1.000000000000000000 ) ) ;
#629 = CARTESIAN_POINT ( 'NONE',  ( -21.15499999999999758, -7.260000000000000675, -0.2099999999999966060 ) ) ;
#630 = DIRECTION ( 'NONE',  ( -0.000000000000000000, -0.000000000000000000, 1.000000000000000000 ) ) ;
#631 = DIRECTION ( 'NONE',  ( 0.000000000000000000, -0.000000000000000000, 1.000000000000000000 ) ) ;
#632 = CARTESIAN_POINT ( 'NONE',  ( -21.15499999999999403, -7.470000000000004192, 0.000000000000000000 ) ) ;
#633 = EDGE_CURVE ( 'NONE', #1344, #318, #777, .T. ) ;
#634 = ADVANCED_FACE ( 'NONE', ( #1236 ), #2815, .F. ) ;
#635 = CARTESIAN_POINT ( 'NONE',  ( 15.82000000000000206, -1.815000000000004166, -0.1049999999999999684 ) ) ;
#636 = ORIENTED_EDGE ( 'NONE', *, *, #2469, .F. ) ;
#637 = CARTESIAN_POINT ( 'NONE',  ( 8.005000000000004334, -3.680000000000004601, -0.1049999999999999684 ) ) ;
#638 = ORIENTED_EDGE ( 'NONE', *, *, #505, .F. ) ;
#639 = AXIS2_PLACEMENT_3D ( 'NONE', #2454, #2249, #851 ) ;
#640 = CIRCLE ( 'NONE', #2029, 0.09499999999999994560 ) ;
#641 = AXIS2_PLACEMENT_3D ( 'NONE', #1053, #100, #1749 ) ;
#642 = VERTEX_POINT ( 'NONE', #1248 ) ;
#643 = VERTEX_POINT ( 'NONE', #2098 ) ;
#644 = DIRECTION ( 'NONE',  ( -1.000000000000000000, 9.988475296761473310E-17, 0.000000000000000000 ) ) ;
#645 = VECTOR ( 'NONE', #1767, 39.37007874015748143 ) ;
#646 = VERTEX_POINT ( 'NONE', #1683 ) ;
#647 = VECTOR ( 'NONE', #151, 39.37007874015748143 ) ;
#648 = PLANE ( 'NONE',  #143 ) ;
#649 = DIRECTION ( 'NONE',  ( 0.000000000000000000, 0.000000000000000000, -1.000000000000000000 ) ) ;
#650 = CARTESIAN_POINT ( 'NONE',  ( -21.40500000000000114, -7.220000000000004192, -0.7499999999999998890 ) ) ;
#651 = VECTOR ( 'NONE', #1666, 39.37007874015748143 ) ;
#652 = ADVANCED_FACE ( 'NONE', ( #713 ), #506, .F. ) ;
#653 = ADVANCED_FACE ( 'NONE', ( #33 ), #552, .F. ) ;
#654 = ORIENTED_EDGE ( 'NONE', *, *, #63, .F. ) ;
#655 = DIRECTION ( 'NONE',  ( 0.000000000000000000, 0.000000000000000000, 1.000000000000000000 ) ) ;
#656 = EDGE_LOOP ( 'NONE', ( #1310, #890 ) ) ;
#657 = LINE ( 'NONE', #409, #1414 ) ;
#658 = ORIENTED_EDGE ( 'NONE', *, *, #1742, .F. ) ;
#659 = CARTESIAN_POINT ( 'NONE',  ( 21.02500000000000568, 7.220000000000002416, -0.1049999999999999961 ) ) ;
#660 = EDGE_LOOP ( 'NONE', ( #2888, #715, #1630, #809 ) ) ;
#661 = FACE_OUTER_BOUND ( 'NONE', #1018, .T. ) ;
#662 = CARTESIAN_POINT ( 'NONE',  ( 21.40500000000000469, -4.520000000000001350, -0.2700000000000010725 ) ) ;
#663 = ORIENTED_EDGE ( 'NONE', *, *, #153, .T. ) ;
#664 = CARTESIAN_POINT ( 'NONE',  ( 21.40500000000000469, 7.220000000000002416, -0.2099999999999980216 ) ) ;
#665 = VERTEX_POINT ( 'NONE', #51 ) ;
#666 = EDGE_CURVE ( 'NONE', #2056, #2995, #1657, .T. ) ;
#667 = CIRCLE ( 'NONE', #1057, 0.4400000000000007794 ) ;
#668 = DIRECTION ( 'NONE',  ( -1.295328588745501762E-16, 1.000000000000000000, -3.388338596792881264E-15 ) ) ;
#669 = EDGE_LOOP ( 'NONE', ( #2195, #916 ) ) ;
#670 = EDGE_CURVE ( 'NONE', #2386, #1212, #971, .T. ) ;
#671 = EDGE_CURVE ( 'NONE', #1016, #466, #747, .T. ) ;
#672 = DIRECTION ( 'NONE',  ( -0.000000000000000000, -0.000000000000000000, 1.000000000000000000 ) ) ;
#673 = ORIENTED_EDGE ( 'NONE', *, *, #2734, .T. ) ;
#674 = CYLINDRICAL_SURFACE ( 'NONE', #594, 0.2099999999999980216 ) ;
#675 = DIRECTION ( 'NONE',  ( 1.000000000000000000, 0.000000000000000000, 0.000000000000000000 ) ) ;
#676 = DIRECTION ( 'NONE',  ( -1.000000000000000000, -1.036262870996401089E-16, 8.758115402030106693E-47 ) ) ;
#677 = LINE ( 'NONE', #1179, #2525 ) ;
#678 = ORIENTED_EDGE ( 'NONE', *, *, #989, .F. ) ;
#679 = DIRECTION ( 'NONE',  ( 0.000000000000000000, 2.766428348014441609E-15, -1.000000000000000000 ) ) ;
#680 = VERTEX_POINT ( 'NONE', #1877 ) ;
#681 = ORIENTED_EDGE ( 'NONE', *, *, #59, .F. ) ;
#682 = CARTESIAN_POINT ( 'NONE',  ( 21.02500000000000924, -7.260000000000000675, -0.2100000000000034617 ) ) ;
#683 = ORIENTED_EDGE ( 'NONE', *, *, #763, .F. ) ;
#684 = LINE ( 'NONE', #1602, #1876 ) ;
#685 = VECTOR ( 'NONE', #718, 39.37007874015748143 ) ;
#686 = AXIS2_PLACEMENT_3D ( 'NONE', #476, #1403, #1162 ) ;
#687 = VECTOR ( 'NONE', #986, 39.37007874015748143 ) ;
#688 = ADVANCED_FACE ( 'NONE', ( #1458 ), #1863, .F. ) ;
#689 = EDGE_LOOP ( 'NONE', ( #1174, #2646, #34, #700 ) ) ;
#690 = CIRCLE ( 'NONE', #242, 0.4400000000000007794 ) ;
#691 = CIRCLE ( 'NONE', #838, 0.09999999999999947820 ) ;
#692 = LINE ( 'NONE', #1618, #2876 ) ;
#693 = DIRECTION ( 'NONE',  ( 6.138984255425309662E-17, -1.000000000000000000, 0.000000000000000000 ) ) ;
#694 = FACE_OUTER_BOUND ( 'NONE', #660, .T. ) ;
#695 = DIRECTION ( 'NONE',  ( -1.000000000000000000, 0.000000000000000000, -3.491481338843132961E-15 ) ) ;
#696 = ORIENTED_EDGE ( 'NONE', *, *, #2819, .T. ) ;
#697 = DIRECTION ( 'NONE',  ( 0.000000000000000000, -2.766428348014441609E-15, 1.000000000000000000 ) ) ;
#698 = CARTESIAN_POINT ( 'NONE',  ( 21.02500000000000924, 7.259999999999999787, -0.2099999999999966060 ) ) ;
#699 = DIRECTION ( 'NONE',  ( 0.000000000000000000, 1.000000000000000000, -0.000000000000000000 ) ) ;
#700 = ORIENTED_EDGE ( 'NONE', *, *, #215, .T. ) ;
#701 = CARTESIAN_POINT ( 'NONE',  ( 20.17500000000001137, -3.750000000000003997, -0.7500000000000004441 ) ) ;
#702 = ORIENTED_EDGE ( 'NONE', *, *, #1318, .F. ) ;
#703 = EDGE_CURVE ( 'NONE', #165, #1966, #899, .T. ) ;
#704 = AXIS2_PLACEMENT_3D ( 'NONE', #2954, #1768, #877 ) ;
#705 = CARTESIAN_POINT ( 'NONE',  ( 21.02500000000000924, -7.260000000000000675, -0.2100000000000034617 ) ) ;
#706 = LINE ( 'NONE', #3000, #2681 ) ;
#707 = ORIENTED_EDGE ( 'NONE', *, *, #2260, .T. ) ;
#708 = DIRECTION ( 'NONE',  ( 0.000000000000000000, 0.000000000000000000, -1.000000000000000000 ) ) ;
#709 = CARTESIAN_POINT ( 'NONE',  ( 21.30000000000000782, 1.720000000000001306, -0.2700000000000003508 ) ) ;
#710 = ORIENTED_EDGE ( 'NONE', *, *, #79, .T. ) ;
#711 = LINE ( 'NONE', #2303, #2832 ) ;
#712 = ORIENTED_EDGE ( 'NONE', *, *, #989, .T. ) ;
#713 = FACE_OUTER_BOUND ( 'NONE', #1777, .T. ) ;
#714 = CIRCLE ( 'NONE', #2947, 0.4400000000000007794 ) ;
#715 = ORIENTED_EDGE ( 'NONE', *, *, #720, .T. ) ;
#716 = DIRECTION ( 'NONE',  ( 0.000000000000000000, 0.000000000000000000, 1.000000000000000000 ) ) ;
#717 = CARTESIAN_POINT ( 'NONE',  ( 20.17500000000001137, -2.500000000000003997, -0.1049999999999999684 ) ) ;
#718 = DIRECTION ( 'NONE',  ( -0.000000000000000000, -0.000000000000000000, 1.000000000000000000 ) ) ;
#719 = EDGE_CURVE ( 'NONE', #1875, #203, #1906, .T. ) ;
#720 = EDGE_CURVE ( 'NONE', #1639, #2812, #2447, .T. ) ;
#721 = ORIENTED_EDGE ( 'NONE', *, *, #2183, .T. ) ;
#722 = CARTESIAN_POINT ( 'NONE',  ( -21.40499999999999758, 7.220000000000002416, -0.1049999999999999961 ) ) ;
#723 = FACE_OUTER_BOUND ( 'NONE', #2085, .T. ) ;
#724 = ADVANCED_FACE ( 'NONE', ( #304 ), #284, .F. ) ;
#725 = ORIENTED_EDGE ( 'NONE', *, *, #742, .T. ) ;
#726 = CARTESIAN_POINT ( 'NONE',  ( -21.40503937007874313, -1.720000000000001306, -0.5000000000000000000 ) ) ;
#727 = ORIENTED_EDGE ( 'NONE', *, *, #2372, .T. ) ;
#728 = DIRECTION ( 'NONE',  ( -0.000000000000000000, -1.000000000000000000, -0.000000000000000000 ) ) ;
#729 = ORIENTED_EDGE ( 'NONE', *, *, #1738, .F. ) ;
#730 =( NAMED_UNIT ( * ) SI_UNIT ( $, .STERADIAN. ) SOLID_ANGLE_UNIT ( ) );
#731 = VECTOR ( 'NONE', #2511, 39.37007874015748143 ) ;
#732 = CIRCLE ( 'NONE', #2972, 0.09499999999999994560 ) ;
#733 = VECTOR ( 'NONE', #2892, 39.37007874015748143 ) ;
#734 = DIRECTION ( 'NONE',  ( 0.000000000000000000, -1.000000000000000000, 0.000000000000000000 ) ) ;
#735 = DIRECTION ( 'NONE',  ( 0.000000000000000000, -1.000000000000000000, 0.000000000000000000 ) ) ;
#736 = CARTESIAN_POINT ( 'NONE',  ( -21.19500000000000028, 7.220000000000002416, -0.1049999999999997324 ) ) ;
#737 = ORIENTED_EDGE ( 'NONE', *, *, #1151, .F. ) ;
#738 = DIRECTION ( 'NONE',  ( 0.000000000000000000, 0.000000000000000000, 1.000000000000000000 ) ) ;
#739 = CARTESIAN_POINT ( 'NONE',  ( -16.99499999999999744, 5.000000000000002665, -0.7500000000000004441 ) ) ;
#740 = AXIS2_PLACEMENT_3D ( 'NONE', #908, #1608, #708 ) ;
#741 = ADVANCED_FACE ( 'NONE', ( #487 ), #2798, .F. ) ;
#742 = EDGE_CURVE ( 'NONE', #2337, #410, #254, .T. ) ;
#743 = ORIENTED_EDGE ( 'NONE', *, *, #2765, .T. ) ;
#744 = DIRECTION ( 'NONE',  ( 0.000000000000000000, 0.000000000000000000, 1.000000000000000000 ) ) ;
#745 = ORIENTED_EDGE ( 'NONE', *, *, #1388, .T. ) ;
#746 = CARTESIAN_POINT ( 'NONE',  ( -11.84999999999999254, 1.500000000000030198, -0.7500000000000004441 ) ) ;
#747 = LINE ( 'NONE', #1697, #2045 ) ;
#748 = VERTEX_POINT ( 'NONE', #2845 ) ;
#749 = CARTESIAN_POINT ( 'NONE',  ( -21.40499999999999758, -7.220000000000004192, 1.454213808692818078E-13 ) ) ;
#750 = AXIS2_PLACEMENT_3D ( 'NONE', #1200, #2149, #1891 ) ;
#751 = LINE ( 'NONE', #1527, #2964 ) ;
#752 = DIRECTION ( 'NONE',  ( -1.036262870996401089E-16, 1.000000000000000000, 3.391901413832837195E-15 ) ) ;
#753 = CARTESIAN_POINT ( 'NONE',  ( -5.434999999999996056, 5.000000000000002665, -0.1049999999999999684 ) ) ;
#754 = ORIENTED_EDGE ( 'NONE', *, *, #2370, .T. ) ;
#755 = CARTESIAN_POINT ( 'NONE',  ( 21.40500000000000469, -7.219999999999997975, -0.5000000000000000000 ) ) ;
#756 = CARTESIAN_POINT ( 'NONE',  ( -17.43499999999999872, 5.000000000000002665, -0.7500000000000004441 ) ) ;
#757 = EDGE_CURVE ( 'NONE', #551, #796, #1218, .T. ) ;
#758 = ORIENTED_EDGE ( 'NONE', *, *, #1867, .T. ) ;
#759 = FACE_BOUND ( 'NONE', #2523, .T. ) ;
#760 = ORIENTED_EDGE ( 'NONE', *, *, #2488, .F. ) ;
#761 = FACE_OUTER_BOUND ( 'NONE', #2271, .T. ) ;
#762 = ADVANCED_FACE ( 'NONE', ( #761 ), #2875, .F. ) ;
#763 = EDGE_CURVE ( 'NONE', #2256, #2735, #1262, .T. ) ;
#764 = ORIENTED_EDGE ( 'NONE', *, *, #2576, .T. ) ;
#765 = DIRECTION ( 'NONE',  ( -0.000000000000000000, -0.000000000000000000, 1.000000000000000000 ) ) ;
#766 = AXIS2_PLACEMENT_3D ( 'NONE', #58, #999, #1693 ) ;
#767 = CARTESIAN_POINT ( 'NONE',  ( -2.039999999999993374, 1.500000000000009326, -0.1049999999999999684 ) ) ;
#768 = CARTESIAN_POINT ( 'NONE',  ( -21.15499999999999758, 7.364999999999997549, -0.2100000000000031286 ) ) ;
#769 = DIRECTION ( 'NONE',  ( -6.776677193585764106E-15, -0.000000000000000000, -1.000000000000000000 ) ) ;
#770 = CIRCLE ( 'NONE', #1925, 0.4400000000000007794 ) ;
#771 = CARTESIAN_POINT ( 'NONE',  ( -21.19500000000000028, 7.220000000000002416, -0.1049999999999997324 ) ) ;
#772 = DIRECTION ( 'NONE',  ( 1.000000000000000000, 0.000000000000000000, 0.000000000000000000 ) ) ;
#773 = AXIS2_PLACEMENT_3D ( 'NONE', #2831, #728, #2859 ) ;
#774 = ORIENTED_EDGE ( 'NONE', *, *, #2011, .T. ) ;
#775 = LINE ( 'NONE', #2191, #2280 ) ;
#776 = ORIENTED_EDGE ( 'NONE', *, *, #2932, .F. ) ;
#777 = LINE ( 'NONE', #2581, #1065 ) ;
#778 = ORIENTED_EDGE ( 'NONE', *, *, #2712, .T. ) ;
#779 = DIRECTION ( 'NONE',  ( -1.000000000000000000, 0.000000000000000000, -1.626099996228726381E-16 ) ) ;
#780 = EDGE_CURVE ( 'NONE', #2472, #2337, #1279, .T. ) ;
#781 = ADVANCED_FACE ( 'NONE', ( #122 ), #2265, .F. ) ;
#782 = AXIS2_PLACEMENT_3D ( 'NONE', #2483, #2714, #631 ) ;
#783 = DIRECTION ( 'NONE',  ( 3.618092476219944899E-31, -3.491481338843132961E-15, 1.000000000000000000 ) ) ;
#784 = DIRECTION ( 'NONE',  ( 0.000000000000000000, -0.000000000000000000, 1.000000000000000000 ) ) ;
#785 = CARTESIAN_POINT ( 'NONE',  ( -11.97499999999999432, -1.499999999999970024, -0.7500000000000004441 ) ) ;
#786 = AXIS2_PLACEMENT_3D ( 'NONE', #1926, #1674, #36 ) ;
#787 = VERTEX_POINT ( 'NONE', #2746 ) ;
#788 = LINE ( 'NONE', #2823, #2527 ) ;
#789 = CARTESIAN_POINT ( 'NONE',  ( 21.40500000000000469, 4.520000000000001350, -0.5000000000000000000 ) ) ;
#790 = VECTOR ( 'NONE', #864, 39.37007874015748143 ) ;
#791 = ORIENTED_EDGE ( 'NONE', *, *, #406, .T. ) ;
#792 = AXIS2_PLACEMENT_3D ( 'NONE', #927, #2518, #436 ) ;
#793 = FACE_BOUND ( 'NONE', #553, .T. ) ;
#794 = EDGE_LOOP ( 'NONE', ( #1189, #938, #1384, #1887 ) ) ;
#795 = DIRECTION ( 'NONE',  ( 1.626099996228726381E-16, 0.000000000000000000, 1.000000000000000000 ) ) ;
#796 = VERTEX_POINT ( 'NONE', #1348 ) ;
#797 = DIRECTION ( 'NONE',  ( 0.000000000000000000, -0.000000000000000000, 1.000000000000000000 ) ) ;
#798 = VECTOR ( 'NONE', #2573, 39.37007874015748143 ) ;
#799 = ADVANCED_FACE ( 'NONE', ( #2031 ), #1293, .F. ) ;
#800 = CARTESIAN_POINT ( 'NONE',  ( 21.30000000000000782, -7.219999999999997975, -0.5000000000000003331 ) ) ;
#801 = DIRECTION ( 'NONE',  ( 0.000000000000000000, 0.000000000000000000, -1.000000000000000000 ) ) ;
#802 = CARTESIAN_POINT ( 'NONE',  ( 21.40500000000000469, 7.220000000000002416, -0.2099999999999980216 ) ) ;
#803 = ORIENTED_EDGE ( 'NONE', *, *, #1429, .F. ) ;
#804 = EDGE_CURVE ( 'NONE', #1798, #2449, #2980, .T. ) ;
#805 = FACE_OUTER_BOUND ( 'NONE', #1784, .T. ) ;
#806 = CARTESIAN_POINT ( 'NONE',  ( 21.30000000000000782, -1.720000000000001306, -0.5000000000000000000 ) ) ;
#807 = ORIENTED_EDGE ( 'NONE', *, *, #1619, .T. ) ;
#808 = PLANE ( 'NONE',  #1124 ) ;
#809 = ORIENTED_EDGE ( 'NONE', *, *, #1776, .T. ) ;
#810 = CARTESIAN_POINT ( 'NONE',  ( 2.535000000000005471, 3.680000000000005045, -0.7500000000000004441 ) ) ;
#811 = VERTEX_POINT ( 'NONE', #1965 ) ;
#812 = LINE ( 'NONE', #378, #627 ) ;
#813 = CARTESIAN_POINT ( 'NONE',  ( 15.82000000000000206, -1.815000000000004166, -0.7500000000000004441 ) ) ;
#814 = LINE ( 'NONE', #865, #496 ) ;
#815 = DIRECTION ( 'NONE',  ( -1.000000000000000000, 0.000000000000000000, 0.000000000000000000 ) ) ;
#816 = AXIS2_PLACEMENT_3D ( 'NONE', #2189, #2640, #1737 ) ;
#817 = DIRECTION ( 'NONE',  ( 0.000000000000000000, 1.000000000000000000, 0.000000000000000000 ) ) ;
#818 = LINE ( 'NONE', #1499, #1543 ) ;
#819 = EDGE_CURVE ( 'NONE', #60, #2814, #1953, .T. ) ;
#820 = EDGE_CURVE ( 'NONE', #912, #646, #583, .T. ) ;
#821 = CIRCLE ( 'NONE', #2512, 0.1249999999999862332 ) ;
#822 = ORIENTED_EDGE ( 'NONE', *, *, #780, .T. ) ;
#823 = CYLINDRICAL_SURFACE ( 'NONE', #2036, 0.2099999999999980216 ) ;
#824 = VERTEX_POINT ( 'NONE', #2446 ) ;
#825 = EDGE_CURVE ( 'NONE', #642, #1673, #1839, .T. ) ;
#826 = ORIENTED_EDGE ( 'NONE', *, *, #1619, .F. ) ;
#827 = LINE ( 'NONE', #365, #77 ) ;
#828 = DIRECTION ( 'NONE',  ( 0.000000000000000000, 0.000000000000000000, 1.000000000000000000 ) ) ;
#829 = FACE_OUTER_BOUND ( 'NONE', #216, .T. ) ;
#830 = DIRECTION ( 'NONE',  ( 1.000000000000000000, -0.000000000000000000, -0.000000000000000000 ) ) ;
#831 = CARTESIAN_POINT ( 'NONE',  ( -4.994999999999996554, 5.000000000000002665, -0.1049999999999999684 ) ) ;
#832 = CARTESIAN_POINT ( 'NONE',  ( -11.39499999999999780, -1.900000000000004130, 0.000000000000000000 ) ) ;
#833 = VECTOR ( 'NONE', #230, 39.37007874015748143 ) ;
#834 = AXIS2_PLACEMENT_3D ( 'NONE', #289, #783, #258 ) ;
#835 = VECTOR ( 'NONE', #562, 39.37007874015748143 ) ;
#836 = ORIENTED_EDGE ( 'NONE', *, *, #1373, .T. ) ;
#837 = AXIS2_PLACEMENT_3D ( 'NONE', #1622, #431, #2760 ) ;
#838 = AXIS2_PLACEMENT_3D ( 'NONE', #2603, #572, #1042 ) ;
#839 = CARTESIAN_POINT ( 'NONE',  ( 21.40500000000000469, -7.219999999999998863, -0.5000000000000000000 ) ) ;
#840 = ORIENTED_EDGE ( 'NONE', *, *, #1113, .T. ) ;
#841 = ADVANCED_FACE ( 'NONE', ( #26 ), #246, .F. ) ;
#842 = EDGE_CURVE ( 'NONE', #172, #50, #2761, .T. ) ;
#843 = AXIS2_PLACEMENT_3D ( 'NONE', #2961, #1108, #2706 ) ;
#844 = CARTESIAN_POINT ( 'NONE',  ( 21.40500000000000469, 7.220000000000002416, -0.5000000000000000000 ) ) ;
#845 = CARTESIAN_POINT ( 'NONE',  ( -21.15499999999999758, -7.365000000000006430, -0.7500000000000004441 ) ) ;
#846 = ORIENTED_EDGE ( 'NONE', *, *, #2951, .F. ) ;
#847 = CYLINDRICAL_SURFACE ( 'NONE', #2073, 0.09499999999999994560 ) ;
#848 = CARTESIAN_POINT ( 'NONE',  ( 1.166407008530810906E-16, -1.900000000000003242, -0.1049999999999999961 ) ) ;
#849 = PLANE ( 'NONE',  #782 ) ;
#850 = PLANE ( 'NONE',  #704 ) ;
#851 = DIRECTION ( 'NONE',  ( 0.000000000000000000, 3.388338596792882842E-15, -1.000000000000000000 ) ) ;
#852 = ORIENTED_EDGE ( 'NONE', *, *, #1079, .T. ) ;
#853 = FACE_OUTER_BOUND ( 'NONE', #1469, .T. ) ;
#854 = EDGE_LOOP ( 'NONE', ( #1329, #942, #2600, #2268 ) ) ;
#855 = AXIS2_PLACEMENT_3D ( 'NONE', #1513, #1792, #2439 ) ;
#856 = ADVANCED_FACE ( 'NONE', ( #2792 ), #2282, .F. ) ;
#857 = ORIENTED_EDGE ( 'NONE', *, *, #2881, .T. ) ;
#858 = DIRECTION ( 'NONE',  ( 1.000000000000000000, 0.000000000000000000, 0.000000000000000000 ) ) ;
#859 = ORIENTED_EDGE ( 'NONE', *, *, #2788, .F. ) ;
#860 = FACE_OUTER_BOUND ( 'NONE', #8, .T. ) ;
#861 = EDGE_CURVE ( 'NONE', #2012, #796, #1460, .T. ) ;
#862 = EDGE_CURVE ( 'NONE', #2855, #1517, #677, .T. ) ;
#863 = ORIENTED_EDGE ( 'NONE', *, *, #24, .F. ) ;
#864 = DIRECTION ( 'NONE',  ( 0.000000000000000000, -1.000000000000000000, -1.219574997171546326E-16 ) ) ;
#865 = CARTESIAN_POINT ( 'NONE',  ( 21.30000000000000782, 4.520000000000001350, -0.2699999999999999623 ) ) ;
#866 = DIRECTION ( 'NONE',  ( 0.000000000000000000, 0.000000000000000000, 1.000000000000000000 ) ) ;
#867 = DIRECTION ( 'NONE',  ( 0.000000000000000000, 0.000000000000000000, -1.000000000000000000 ) ) ;
#868 = ORIENTED_EDGE ( 'NONE', *, *, #180, .T. ) ;
#869 = DIRECTION ( 'NONE',  ( -0.000000000000000000, -1.000000000000000000, -0.000000000000000000 ) ) ;
#870 = VERTEX_POINT ( 'NONE', #2105 ) ;
#871 = ORIENTED_EDGE ( 'NONE', *, *, #538, .F. ) ;
#872 = CARTESIAN_POINT ( 'NONE',  ( 20.27000000000001023, 2.500000000000000444, -0.1049999999999999684 ) ) ;
#873 = VERTEX_POINT ( 'NONE', #1163 ) ;
#874 = CARTESIAN_POINT ( 'NONE',  ( 21.40500000000000469, -7.219999999999999751, -0.1049999999999999961 ) ) ;
#875 = ORIENTED_EDGE ( 'NONE', *, *, #1726, .F. ) ;
#876 = EDGE_CURVE ( 'NONE', #2944, #1667, #951, .T. ) ;
#877 = DIRECTION ( 'NONE',  ( 0.000000000000000000, 0.000000000000000000, -1.000000000000000000 ) ) ;
#878 = LINE ( 'NONE', #1736, #2820 ) ;
#879 = VECTOR ( 'NONE', #606, 39.37007874015748143 ) ;
#880 = EDGE_LOOP ( 'NONE', ( #2321, #1229, #1603, #1048 ) ) ;
#881 = CARTESIAN_POINT ( 'NONE',  ( -21.40503937007874313, -4.520000000000001350, -0.2700000000000010725 ) ) ;
#882 = VERTEX_POINT ( 'NONE', #2298 ) ;
#883 = AXIS2_PLACEMENT_3D ( 'NONE', #831, #608, #103 ) ;
#884 = VECTOR ( 'NONE', #1654, 39.37007874015748143 ) ;
#885 = CIRCLE ( 'NONE', #1842, 0.1049999999999990108 ) ;
#886 = DIRECTION ( 'NONE',  ( 1.000000000000000000, -0.000000000000000000, 6.123233995736767268E-17 ) ) ;
#887 = ORIENTED_EDGE ( 'NONE', *, *, #235, .F. ) ;
#888 = CARTESIAN_POINT ( 'NONE',  ( -21.15499999999999758, -7.260000000000000675, -0.2099999999999966060 ) ) ;
#889 = AXIS2_PLACEMENT_3D ( 'NONE', #1512, #128, #162 ) ;
#890 = ORIENTED_EDGE ( 'NONE', *, *, #2199, .F. ) ;
#891 = VECTOR ( 'NONE', #360, 39.37007874015748143 ) ;
#892 = DIRECTION ( 'NONE',  ( -0.000000000000000000, -0.000000000000000000, 1.000000000000000000 ) ) ;
#893 = EDGE_CURVE ( 'NONE', #2694, #2382, #1623, .T. ) ;
#894 = CARTESIAN_POINT ( 'NONE',  ( 21.40500000000000469, -7.219999999999997975, -0.5000000000000000000 ) ) ;
#895 = EDGE_CURVE ( 'NONE', #1435, #1798, #2587, .T. ) ;
#896 = ORIENTED_EDGE ( 'NONE', *, *, #2915, .T. ) ;
#897 = CARTESIAN_POINT ( 'NONE',  ( 20.17500000000001137, 3.750000000000000888, -0.1049999999999999684 ) ) ;
#898 = ORIENTED_EDGE ( 'NONE', *, *, #1647, .T. ) ;
#899 = CIRCLE ( 'NONE', #750, 0.4400000000000007794 ) ;
#900 = EDGE_LOOP ( 'NONE', ( #285, #1899, #579, #2914, #501, #2204, #2501, #1386, #1359, #725, #803, #188 ) ) ;
#901 = LINE ( 'NONE', #2291, #1785 ) ;
#902 = ORIENTED_EDGE ( 'NONE', *, *, #1392, .F. ) ;
#903 = DIRECTION ( 'NONE',  ( -1.036262870996401089E-16, 1.000000000000000000, 0.000000000000000000 ) ) ;
#904 = LINE ( 'NONE', #211, #241 ) ;
#905 = DIRECTION ( 'NONE',  ( 0.000000000000000000, 0.000000000000000000, -1.000000000000000000 ) ) ;
#906 = DIRECTION ( 'NONE',  ( 1.000000000000000000, -0.000000000000000000, -0.000000000000000000 ) ) ;
#907 = ORIENTED_EDGE ( 'NONE', *, *, #2986, .T. ) ;
#908 = CARTESIAN_POINT ( 'NONE',  ( 21.02500000000000213, 7.259999999999999787, -0.2099999999999966060 ) ) ;
#909 = EDGE_LOOP ( 'NONE', ( #721, #2580, #361, #1372 ) ) ;
#910 = EDGE_CURVE ( 'NONE', #2164, #1478, #3018, .T. ) ;
#911 = EDGE_CURVE ( 'NONE', #60, #2550, #1136, .T. ) ;
#912 = VERTEX_POINT ( 'NONE', #495 ) ;
#913 = DIRECTION ( 'NONE',  ( 0.000000000000000000, 1.000000000000000000, 0.000000000000000000 ) ) ;
#914 = ORIENTED_EDGE ( 'NONE', *, *, #2010, .F. ) ;
#915 = CARTESIAN_POINT ( 'NONE',  ( -21.15499999999999758, 7.220000000000002416, -0.1049999999999999961 ) ) ;
#916 = ORIENTED_EDGE ( 'NONE', *, *, #948, .F. ) ;
#917 = DIRECTION ( 'NONE',  ( 0.000000000000000000, -1.000000000000000000, 3.414809992080361465E-15 ) ) ;
#918 = AXIS2_PLACEMENT_3D ( 'NONE', #2611, #1642, #1442 ) ;
#919 = CARTESIAN_POINT ( 'NONE',  ( -21.06499999999999773, -3.750000000000003997, -0.1049999999999999684 ) ) ;
#920 = FACE_OUTER_BOUND ( 'NONE', #1774, .T. ) ;
#921 = DIRECTION ( 'NONE',  ( -1.000000000000000000, 0.000000000000000000, 0.000000000000000000 ) ) ;
#922 = EDGE_LOOP ( 'NONE', ( #2952, #375 ) ) ;
#923 = PLANE ( 'NONE',  #2874 ) ;
#924 = LINE ( 'NONE', #2606, #255 ) ;
#925 = ADVANCED_FACE ( 'NONE', ( #259 ), #465, .F. ) ;
#926 = ORIENTED_EDGE ( 'NONE', *, *, #1703, .F. ) ;
#927 = CARTESIAN_POINT ( 'NONE',  ( -21.19500000000000028, 7.220000000000002416, -0.2099999999999987432 ) ) ;
#928 = ORIENTED_EDGE ( 'NONE', *, *, #2911, .T. ) ;
#929 = CARTESIAN_POINT ( 'NONE',  ( -21.16499999999999915, -3.750000000000003997, -0.1049999999999999684 ) ) ;
#930 = CIRCLE ( 'NONE', #341, 0.1250000000000004441 ) ;
#931 = AXIS2_PLACEMENT_3D ( 'NONE', #312, #2108, #2853 ) ;
#932 = ORIENTED_EDGE ( 'NONE', *, *, #215, .F. ) ;
#933 = VECTOR ( 'NONE', #25, 39.37007874015748143 ) ;
#934 = FACE_OUTER_BOUND ( 'NONE', #2548, .T. ) ;
#935 = VECTOR ( 'NONE', #744, 39.37007874015748143 ) ;
#936 = LINE ( 'NONE', #1853, #2080 ) ;
#937 = DIRECTION ( 'NONE',  ( 1.000000000000000000, -9.988475296761473310E-17, 0.000000000000000000 ) ) ;
#938 = ORIENTED_EDGE ( 'NONE', *, *, #1170, .T. ) ;
#939 = DIRECTION ( 'NONE',  ( -1.000000000000000000, -0.000000000000000000, -1.626099996228726381E-16 ) ) ;
#940 = CARTESIAN_POINT ( 'NONE',  ( 21.02500000000000213, 7.259999999999999787, -0.2099999999999966060 ) ) ;
#941 = AXIS2_PLACEMENT_3D ( 'NONE', #2591, #2079, #2316 ) ;
#942 = ORIENTED_EDGE ( 'NONE', *, *, #40, .T. ) ;
#943 = CARTESIAN_POINT ( 'NONE',  ( 20.08000000000001251, 2.500000000000000444, 0.000000000000000000 ) ) ;
#944 = ORIENTED_EDGE ( 'NONE', *, *, #1007, .F. ) ;
#945 = DIRECTION ( 'NONE',  ( 1.000000000000000000, 0.000000000000000000, 0.000000000000000000 ) ) ;
#946 = ORIENTED_EDGE ( 'NONE', *, *, #1721, .F. ) ;
#947 = EDGE_CURVE ( 'NONE', #1534, #1884, #1855, .T. ) ;
#948 = EDGE_CURVE ( 'NONE', #2253, #1770, #439, .T. ) ;
#949 = CARTESIAN_POINT ( 'NONE',  ( -2.039999999999993374, 1.500000000000009326, 0.000000000000000000 ) ) ;
#950 = DIRECTION ( 'NONE',  ( 0.000000000000000000, 0.000000000000000000, -1.000000000000000000 ) ) ;
#951 = LINE ( 'NONE', #736, #974 ) ;
#952 = EDGE_LOOP ( 'NONE', ( #836, #2127, #1929, #928 ) ) ;
#953 = FACE_OUTER_BOUND ( 'NONE', #393, .T. ) ;
#954 = CARTESIAN_POINT ( 'NONE',  ( 20.17500000000001137, -2.500000000000003997, -0.1049999999999999684 ) ) ;
#955 = FACE_OUTER_BOUND ( 'NONE', #1128, .T. ) ;
#956 = ORIENTED_EDGE ( 'NONE', *, *, #2025, .F. ) ;
#957 = CARTESIAN_POINT ( 'NONE',  ( -1.914999999999999369, 1.500000000000009326, -0.7500000000000004441 ) ) ;
#958 = EDGE_LOOP ( 'NONE', ( #2192, #1091, #379, #1817 ) ) ;
#959 = CARTESIAN_POINT ( 'NONE',  ( -21.15499999999999758, 7.259999999999999787, -0.2100000000000034617 ) ) ;
#960 =( GEOMETRIC_REPRESENTATION_CONTEXT ( 3 ) GLOBAL_UNCERTAINTY_ASSIGNED_CONTEXT ( ( #2339 ) ) GLOBAL_UNIT_ASSIGNED_CONTEXT ( ( #2100, #1220, #730 ) ) REPRESENTATION_CONTEXT ( 'NONE', 'WORKASPACE' ) );
#961 = EDGE_CURVE ( 'NONE', #472, #811, #2311, .T. ) ;
#962 = EDGE_CURVE ( 'NONE', #1571, #2620, #1149, .T. ) ;
#963 = DIRECTION ( 'NONE',  ( -1.000000000000000000, 0.000000000000000000, 0.000000000000000000 ) ) ;
#964 = CARTESIAN_POINT ( 'NONE',  ( 21.40500000000000469, 7.220000000000002416, -0.1049999999999999961 ) ) ;
#965 = ORIENTED_EDGE ( 'NONE', *, *, #332, .F. ) ;
#966 = DIRECTION ( 'NONE',  ( 0.000000000000000000, 0.000000000000000000, -1.000000000000000000 ) ) ;
#967 = CARTESIAN_POINT ( 'NONE',  ( 21.02500000000000213, 7.365000000000002878, -0.7500000000000004441 ) ) ;
#968 = VERTEX_POINT ( 'NONE', #2775 ) ;
#969 = DIRECTION ( 'NONE',  ( 1.000000000000000000, -0.000000000000000000, 0.000000000000000000 ) ) ;
#970 = ORIENTED_EDGE ( 'NONE', *, *, #1921, .F. ) ;
#971 = LINE ( 'NONE', #2401, #509 ) ;
#972 = AXIS2_PLACEMENT_3D ( 'NONE', #178, #2542, #2308 ) ;
#973 = EDGE_LOOP ( 'NONE', ( #1716, #2960, #2931, #316 ) ) ;
#974 = VECTOR ( 'NONE', #2818, 39.37007874015748143 ) ;
#975 = DIRECTION ( 'NONE',  ( -0.000000000000000000, 1.000000000000000000, -0.000000000000000000 ) ) ;
#976 = VECTOR ( 'NONE', #228, 39.37007874015748143 ) ;
#977 = VECTOR ( 'NONE', #1364, 39.37007874015748143 ) ;
#978 = CIRCLE ( 'NONE', #2678, 0.1049999999999979283 ) ;
#979 = CIRCLE ( 'NONE', #299, 0.1049999999999990108 ) ;
#980 = AXIS2_PLACEMENT_3D ( 'NONE', #1434, #2894, #815 ) ;
#981 = LINE ( 'NONE', #322, #2178 ) ;
#982 = LINE ( 'NONE', #1494, #1797 ) ;
#983 = CARTESIAN_POINT ( 'NONE',  ( -21.15499999999999758, 7.220000000000002416, -0.1049999999999999961 ) ) ;
#984 = EDGE_CURVE ( 'NONE', #203, #2357, #706, .T. ) ;
#985 = ORIENTED_EDGE ( 'NONE', *, *, #1317, .T. ) ;
#986 = DIRECTION ( 'NONE',  ( -0.000000000000000000, -0.000000000000000000, 1.000000000000000000 ) ) ;
#987 = DIRECTION ( 'NONE',  ( -0.000000000000000000, -0.000000000000000000, 1.000000000000000000 ) ) ;
#988 = ADVANCED_FACE ( 'NONE', ( #1391 ), #478, .F. ) ;
#989 = EDGE_CURVE ( 'NONE', #1334, #2830, #691, .T. ) ;
#990 = ORIENTED_EDGE ( 'NONE', *, *, #1470, .T. ) ;
#991 = FACE_BOUND ( 'NONE', #2251, .T. ) ;
#992 = EDGE_LOOP ( 'NONE', ( #1682, #2304 ) ) ;
#993 = CARTESIAN_POINT ( 'NONE',  ( -2.494999999999996110, 1.899999999999996358, -0.7500000000000004441 ) ) ;
#994 = ORIENTED_EDGE ( 'NONE', *, *, #2161, .F. ) ;
#995 = DIRECTION ( 'NONE',  ( 0.000000000000000000, 0.000000000000000000, 1.000000000000000000 ) ) ;
#996 = DIRECTION ( 'NONE',  ( 0.000000000000000000, 0.000000000000000000, 1.000000000000000000 ) ) ;
#997 = EDGE_LOOP ( 'NONE', ( #2769, #2782, #432, #1723 ) ) ;
#998 = LINE ( 'NONE', #1930, #687 ) ;
#999 = DIRECTION ( 'NONE',  ( -0.000000000000000000, -0.000000000000000000, 1.000000000000000000 ) ) ;
#1000 = EDGE_LOOP ( 'NONE', ( #1923, #1696 ) ) ;
#1001 = FACE_BOUND ( 'NONE', #96, .T. ) ;
#1002 = EDGE_LOOP ( 'NONE', ( #2578, #840, #2007, #1601 ) ) ;
#1003 = PRODUCT_DEFINITION ( 'UNKNOWN', '', #2673, #244 ) ;
#1004 = EDGE_CURVE ( 'NONE', #1107, #1966, #338, .T. ) ;
#1005 = CARTESIAN_POINT ( 'NONE',  ( -2.040000000000000480, -1.499999999999992006, -0.7500000000000004441 ) ) ;
#1006 = ORIENTED_EDGE ( 'NONE', *, *, #1722, .T. ) ;
#1007 = EDGE_CURVE ( 'NONE', #2944, #527, #558, .T. ) ;
#1008 = LINE ( 'NONE', #749, #2704 ) ;
#1009 = VECTOR ( 'NONE', #765, 39.37007874015748143 ) ;
#1010 = DIRECTION ( 'NONE',  ( -0.000000000000000000, -0.000000000000000000, 1.000000000000000000 ) ) ;
#1011 = DIRECTION ( 'NONE',  ( 0.000000000000000000, 0.000000000000000000, -1.000000000000000000 ) ) ;
#1012 = CARTESIAN_POINT ( 'NONE',  ( 21.02500000000000568, -7.364999999999998437, -0.1049999999999999961 ) ) ;
#1013 = ORIENTED_EDGE ( 'NONE', *, *, #2713, .F. ) ;
#1014 = CARTESIAN_POINT ( 'NONE',  ( -21.40499999999999758, 7.220000000000002416, -0.2099999999999973277 ) ) ;
#1015 = LINE ( 'NONE', #1931, #223 ) ;
#1016 = VERTEX_POINT ( 'NONE', #1495 ) ;
#1017 = FACE_BOUND ( 'NONE', #1782, .T. ) ;
#1018 = EDGE_LOOP ( 'NONE', ( #857, #2241, #1536, #791 ) ) ;
#1019 = EDGE_CURVE ( 'NONE', #2020, #410, #2169, .T. ) ;
#1020 = ORIENTED_EDGE ( 'NONE', *, *, #195, .F. ) ;
#1021 = PLANE ( 'NONE',  #578 ) ;
#1022 = ADVANCED_FACE ( 'NONE', ( #2665 ), #1271, .F. ) ;
#1023 = VECTOR ( 'NONE', #2848, 39.37007874015748143 ) ;
#1024 = CARTESIAN_POINT ( 'NONE',  ( -21.40499999999999758, 7.220000000000002416, 1.454213808692818078E-13 ) ) ;
#1025 = AXIS2_PLACEMENT_3D ( 'NONE', #2549, #699, #2318 ) ;
#1026 = FACE_OUTER_BOUND ( 'NONE', #2495, .T. ) ;
#1027 = DIRECTION ( 'NONE',  ( 0.000000000000000000, 0.000000000000000000, -1.000000000000000000 ) ) ;
#1028 = AXIS2_PLACEMENT_3D ( 'NONE', #2636, #995, #2138 ) ;
#1029 = ORIENTED_EDGE ( 'NONE', *, *, #911, .F. ) ;
#1030 = LINE ( 'NONE', #1948, #41 ) ;
#1031 = FACE_OUTER_BOUND ( 'NONE', #2180, .T. ) ;
#1032 = AXIS2_PLACEMENT_3D ( 'NONE', #2941, #1558, #2001 ) ;
#1033 = ORIENTED_EDGE ( 'NONE', *, *, #671, .F. ) ;
#1034 = FACE_BOUND ( 'NONE', #17, .T. ) ;
#1035 = ORIENTED_EDGE ( 'NONE', *, *, #2177, .T. ) ;
#1036 = ORIENTED_EDGE ( 'NONE', *, *, #1358, .T. ) ;
#1037 = DIRECTION ( 'NONE',  ( 0.000000000000000000, -1.000000000000000000, 0.000000000000000000 ) ) ;
#1038 = VECTOR ( 'NONE', #987, 39.37007874015748143 ) ;
#1039 = DIRECTION ( 'NONE',  ( -0.000000000000000000, -0.000000000000000000, 1.000000000000000000 ) ) ;
#1040 = EDGE_CURVE ( 'NONE', #527, #1639, #1945, .T. ) ;
#1041 = EDGE_CURVE ( 'NONE', #263, #599, #1482, .T. ) ;
#1042 = DIRECTION ( 'NONE',  ( 1.000000000000000000, 0.000000000000000000, 0.000000000000000000 ) ) ;
#1043 = FACE_OUTER_BOUND ( 'NONE', #1947, .T. ) ;
#1044 = CARTESIAN_POINT ( 'NONE',  ( 8.005000000000004334, -3.680000000000004601, -0.7500000000000004441 ) ) ;
#1045 = EDGE_CURVE ( 'NONE', #2223, #1875, #2884, .T. ) ;
#1046 = EDGE_LOOP ( 'NONE', ( #1856, #1523, #2097, #1903 ) ) ;
#1047 = CARTESIAN_POINT ( 'NONE',  ( -17.43499999999999872, 5.000000000000002665, 0.000000000000000000 ) ) ;
#1048 = ORIENTED_EDGE ( 'NONE', *, *, #1825, .T. ) ;
#1049 = DIRECTION ( 'NONE',  ( -1.626099996228726381E-16, 0.000000000000000000, 1.000000000000000000 ) ) ;
#1050 = ADVANCED_BREP_SHAPE_REPRESENTATION ( 'P19500-18-(12gacr ANSI-61) - K47 - V1-R0', ( #352, #972 ), #2176 ) ;
#1051 = EDGE_LOOP ( 'NONE', ( #1827, #1607, #2407, #2946 ) ) ;
#1052 = CARTESIAN_POINT ( 'NONE',  ( 15.82000000000000206, -1.815000000000004166, 0.000000000000000000 ) ) ;
#1053 = CARTESIAN_POINT ( 'NONE',  ( -11.85000000000000142, -1.499999999999970024, -0.1049999999999999684 ) ) ;
#1054 = DIRECTION ( 'NONE',  ( 1.000000000000000000, 0.000000000000000000, 0.000000000000000000 ) ) ;
#1055 = CYLINDRICAL_SURFACE ( 'NONE', #2608, 0.09499999999999994560 ) ;
#1056 = EDGE_CURVE ( 'NONE', #2710, #1503, #2865, .T. ) ;
#1057 = AXIS2_PLACEMENT_3D ( 'NONE', #2910, #87, #372 ) ;
#1058 = DIRECTION ( 'NONE',  ( -1.000000000000000000, 0.000000000000000000, 6.829619984160722930E-15 ) ) ;
#1059 = FACE_OUTER_BOUND ( 'NONE', #192, .T. ) ;
#1060 = COLOUR_RGB ( '',0.7921568627450980005, 0.8196078431372548767, 0.9333333333333333481 ) ;
#1061 = ORIENTED_EDGE ( 'NONE', *, *, #1829, .T. ) ;
#1062 = CARTESIAN_POINT ( 'NONE',  ( -1.915000000000000036, -1.499999999999992006, 0.000000000000000000 ) ) ;
#1063 = ORIENTED_EDGE ( 'NONE', *, *, #910, .F. ) ;
#1064 = DIRECTION ( 'NONE',  ( 1.000000000000000000, 0.000000000000000000, 0.000000000000000000 ) ) ;
#1065 = VECTOR ( 'NONE', #2629, 39.37007874015748143 ) ;
#1066 = DIRECTION ( 'NONE',  ( 1.000000000000000000, 0.000000000000000000, 0.000000000000000000 ) ) ;
#1067 = EDGE_LOOP ( 'NONE', ( #1295, #2604, #1186, #2562 ) ) ;
#1068 = CARTESIAN_POINT ( 'NONE',  ( 2.535000000000005471, -3.680000000000005045, -0.7500000000000004441 ) ) ;
#1069 = DIRECTION ( 'NONE',  ( 0.000000000000000000, 0.000000000000000000, 1.000000000000000000 ) ) ;
#1070 = PLANE ( 'NONE',  #1982 ) ;
#1071 = CARTESIAN_POINT ( 'NONE',  ( -2.040000000000000480, -1.499999999999992006, 0.000000000000000000 ) ) ;
#1072 = PLANE ( 'NONE',  #190 ) ;
#1073 = EDGE_CURVE ( 'NONE', #1673, #642, #446, .T. ) ;
#1074 = VECTOR ( 'NONE', #1118, 39.37007874015748143 ) ;
#1075 = VECTOR ( 'NONE', #1230, 39.37007874015748143 ) ;
#1076 = VERTEX_POINT ( 'NONE', #2356 ) ;
#1077 = CARTESIAN_POINT ( 'NONE',  ( -21.15499999999999758, -7.260000000000000675, -0.2099999999999966060 ) ) ;
#1078 = ORIENTED_EDGE ( 'NONE', *, *, #210, .T. ) ;
#1079 = EDGE_CURVE ( 'NONE', #2037, #1152, #1898, .T. ) ;
#1080 = EDGE_CURVE ( 'NONE', #1711, #2037, #2531, .T. ) ;
#1081 = DIRECTION ( 'NONE',  ( -0.000000000000000000, -0.000000000000000000, 1.000000000000000000 ) ) ;
#1082 = ORIENTED_EDGE ( 'NONE', *, *, #1040, .T. ) ;
#1083 = DIRECTION ( 'NONE',  ( 1.000000000000000000, 0.000000000000000000, 0.000000000000000000 ) ) ;
#1084 = VERTEX_POINT ( 'NONE', #1706 ) ;
#1085 = CARTESIAN_POINT ( 'NONE',  ( 20.17500000000001137, -3.750000000000003997, -0.1049999999999999684 ) ) ;
#1086 = DIRECTION ( 'NONE',  ( -1.295328588745501762E-16, 1.000000000000000000, -3.491481338843132961E-15 ) ) ;
#1087 = CARTESIAN_POINT ( 'NONE',  ( 20.17500000000001137, 3.750000000000000888, -0.7500000000000004441 ) ) ;
#1088 = CARTESIAN_POINT ( 'NONE',  ( -2.039999999999993374, 1.500000000000009326, -0.1049999999999999684 ) ) ;
#1089 = ORIENTED_EDGE ( 'NONE', *, *, #505, .T. ) ;
#1090 = FACE_OUTER_BOUND ( 'NONE', #2258, .T. ) ;
#1091 = ORIENTED_EDGE ( 'NONE', *, *, #763, .T. ) ;
#1092 = CIRCLE ( 'NONE', #1862, 0.09499999999999994560 ) ;
#1093 = EDGE_CURVE ( 'NONE', #527, #2477, #38, .T. ) ;
#1094 = ORIENTED_EDGE ( 'NONE', *, *, #893, .T. ) ;
#1095 = CARTESIAN_POINT ( 'NONE',  ( 20.17500000000001137, -3.750000000000003997, 0.000000000000000000 ) ) ;
#1096 = VERTEX_POINT ( 'NONE', #753 ) ;
#1097 = DIRECTION ( 'NONE',  ( 1.000000000000000000, 0.000000000000000000, 0.000000000000000000 ) ) ;
#1098 = EDGE_LOOP ( 'NONE', ( #385, #946, #1292, #93 ) ) ;
#1099 = LINE ( 'NONE', #1540, #2283 ) ;
#1100 = LINE ( 'NONE', #1331, #1314 ) ;
#1101 = DIRECTION ( 'NONE',  ( 0.000000000000000000, 0.000000000000000000, 1.000000000000000000 ) ) ;
#1102 = FACE_OUTER_BOUND ( 'NONE', #2313, .T. ) ;
#1103 = EDGE_LOOP ( 'NONE', ( #277, #1804, #62, #898 ) ) ;
#1104 = CARTESIAN_POINT ( 'NONE',  ( 21.40500000000000469, -1.720000000000001306, -0.5000000000000000000 ) ) ;
#1105 = ORIENTED_EDGE ( 'NONE', *, *, #633, .T. ) ;
#1106 = VECTOR ( 'NONE', #2462, 39.37007874015748143 ) ;
#1107 = VERTEX_POINT ( 'NONE', #1451 ) ;
#1108 = DIRECTION ( 'NONE',  ( -0.000000000000000000, -0.000000000000000000, 1.000000000000000000 ) ) ;
#1109 = ORIENTED_EDGE ( 'NONE', *, *, #1902, .T. ) ;
#1110 = PRODUCT_DEFINITION_SHAPE ( 'NONE', 'NONE',  #1003 ) ;
#1111 = DIRECTION ( 'NONE',  ( 0.000000000000000000, 0.000000000000000000, -1.000000000000000000 ) ) ;
#1112 = AXIS2_PLACEMENT_3D ( 'NONE', #2040, #1111, #2754 ) ;
#1113 = EDGE_CURVE ( 'NONE', #1503, #2074, #1468, .T. ) ;
#1114 = VERTEX_POINT ( 'NONE', #541 ) ;
#1115 = DIRECTION ( 'NONE',  ( -1.000000000000000000, 0.000000000000000000, 0.000000000000000000 ) ) ;
#1116 = CARTESIAN_POINT ( 'NONE',  ( -1.166407008530806962E-16, 1.899999999999996581, -0.1049999999999999961 ) ) ;
#1117 = ADVANCED_FACE ( 'NONE', ( #2637 ), #1241, .F. ) ;
#1118 = DIRECTION ( 'NONE',  ( 0.000000000000000000, 1.000000000000000000, 0.000000000000000000 ) ) ;
#1119 = DIRECTION ( 'NONE',  ( 1.000000000000000000, 0.000000000000000000, 0.000000000000000000 ) ) ;
#1120 = ORIENTED_EDGE ( 'NONE', *, *, #2397, .F. ) ;
#1121 = LINE ( 'NONE', #2901, #647 ) ;
#1122 = ORIENTED_EDGE ( 'NONE', *, *, #406, .F. ) ;
#1123 = CIRCLE ( 'NONE', #2869, 0.1249999999999938799 ) ;
#1124 = AXIS2_PLACEMENT_3D ( 'NONE', #1502, #1800, #1568 ) ;
#1125 = AXIS2_PLACEMENT_3D ( 'NONE', #2104, #1820, #1645 ) ;
#1126 = VECTOR ( 'NONE', #2421, 39.37007874015748143 ) ;
#1127 = DIRECTION ( 'NONE',  ( -0.000000000000000000, -0.000000000000000000, 1.000000000000000000 ) ) ;
#1128 = EDGE_LOOP ( 'NONE', ( #822, #1870, #348, #1591 ) ) ;
#1129 = LINE ( 'NONE', #659, #1831 ) ;
#1130 = ORIENTED_EDGE ( 'NONE', *, *, #1318, .T. ) ;
#1131 = VECTOR ( 'NONE', #1553, 39.37007874015748143 ) ;
#1132 = PLANE ( 'NONE',  #444 ) ;
#1133 = EDGE_CURVE ( 'NONE', #912, #873, #1227, .T. ) ;
#1134 = ADVANCED_FACE ( 'NONE', ( #56 ), #69, .T. ) ;
#1135 = DIRECTION ( 'NONE',  ( -0.000000000000000000, -0.000000000000000000, 1.000000000000000000 ) ) ;
#1136 = LINE ( 'NONE', #451, #2675 ) ;
#1137 = ORIENTED_EDGE ( 'NONE', *, *, #2488, .T. ) ;
#1138 = CARTESIAN_POINT ( 'NONE',  ( 21.30000000000000782, -7.219999999999999751, -1.997361267266427069E-14 ) ) ;
#1139 = VERTEX_POINT ( 'NONE', #1780 ) ;
#1140 = AXIS2_PLACEMENT_3D ( 'NONE', #1428, #2384, #2565 ) ;
#1141 = VERTEX_POINT ( 'NONE', #2968 ) ;
#1142 = CARTESIAN_POINT ( 'NONE',  ( -21.15499999999999403, -7.220000000000004192, -0.1049999999999999961 ) ) ;
#1143 = ORIENTED_EDGE ( 'NONE', *, *, #1671, .F. ) ;
#1144 = DIRECTION ( 'NONE',  ( 0.000000000000000000, -0.000000000000000000, -1.000000000000000000 ) ) ;
#1145 = ORIENTED_EDGE ( 'NONE', *, *, #1684, .T. ) ;
#1146 = DIRECTION ( 'NONE',  ( 0.000000000000000000, 0.000000000000000000, 1.000000000000000000 ) ) ;
#1147 = DIRECTION ( 'NONE',  ( -1.000000000000000000, 0.000000000000000000, -0.000000000000000000 ) ) ;
#1148 = CARTESIAN_POINT ( 'NONE',  ( -21.40499999999999758, 0.000000000000000000, 1.454213808692818078E-13 ) ) ;
#1149 = LINE ( 'NONE', #2063, #833 ) ;
#1150 = EDGE_CURVE ( 'NONE', #2092, #1169, #2231, .T. ) ;
#1151 = EDGE_CURVE ( 'NONE', #1084, #260, #2942, .T. ) ;
#1152 = VERTEX_POINT ( 'NONE', #129 ) ;
#1153 = DIRECTION ( 'NONE',  ( 0.000000000000000000, -0.000000000000000000, -1.000000000000000000 ) ) ;
#1154 = ORIENTED_EDGE ( 'NONE', *, *, #1188, .F. ) ;
#1155 = AXIS2_PLACEMENT_3D ( 'NONE', #1949, #546, #2887 ) ;
#1156 = EDGE_CURVE ( 'NONE', #1217, #2056, #179, .T. ) ;
#1157 = ORIENTED_EDGE ( 'NONE', *, *, #2145, .T. ) ;
#1158 = CARTESIAN_POINT ( 'NONE',  ( -21.40503937007874313, -1.720000000000001306, -0.2700000000000007394 ) ) ;
#1159 = ORIENTED_EDGE ( 'NONE', *, *, #40, .F. ) ;
#1160 = DIRECTION ( 'NONE',  ( 3.491481338843132961E-15, 0.000000000000000000, -1.000000000000000000 ) ) ;
#1161 = EDGE_LOOP ( 'NONE', ( #1878, #1669, #427, #2033 ) ) ;
#1162 = DIRECTION ( 'NONE',  ( -1.000000000000000000, 0.000000000000000000, 0.000000000000000000 ) ) ;
#1163 = CARTESIAN_POINT ( 'NONE',  ( 12.19000000000000128, -1.815000000000004166, 0.000000000000000000 ) ) ;
#1164 = ORIENTED_EDGE ( 'NONE', *, *, #2312, .T. ) ;
#1165 = CYLINDRICAL_SURFACE ( 'NONE', #1986, 0.09499999999999994560 ) ;
#1166 = CARTESIAN_POINT ( 'NONE',  ( 21.02500000000000213, 7.364999999999997549, -0.2099999999999962452 ) ) ;
#1167 = ORIENTED_EDGE ( 'NONE', *, *, #2712, .F. ) ;
#1168 = DIRECTION ( 'NONE',  ( 0.000000000000000000, -1.000000000000000000, -1.219574997171546326E-16 ) ) ;
#1169 = VERTEX_POINT ( 'NONE', #620 ) ;
#1170 = EDGE_CURVE ( 'NONE', #1534, #2764, #118, .T. ) ;
#1171 = CARTESIAN_POINT ( 'NONE',  ( 2.535000000000005471, 3.680000000000005045, -0.7500000000000004441 ) ) ;
#1172 = CIRCLE ( 'NONE', #1840, 0.09499999999999994560 ) ;
#1173 = VECTOR ( 'NONE', #453, 39.37007874015748143 ) ;
#1174 = ORIENTED_EDGE ( 'NONE', *, *, #99, .F. ) ;
#1175 = VECTOR ( 'NONE', #2185, 39.37007874015748143 ) ;
#1176 = VECTOR ( 'NONE', #166, 39.37007874015748143 ) ;
#1177 = DIRECTION ( 'NONE',  ( -0.000000000000000000, -0.000000000000000000, 1.000000000000000000 ) ) ;
#1178 = CARTESIAN_POINT ( 'NONE',  ( -21.15499999999999758, 7.364999999999998437, -0.7500000000000004441 ) ) ;
#1179 = CARTESIAN_POINT ( 'NONE',  ( 20.27000000000001023, -3.750000000000003997, -0.7500000000000004441 ) ) ;
#1180 = VERTEX_POINT ( 'NONE', #1545 ) ;
#1181 = DIRECTION ( 'NONE',  ( 0.000000000000000000, 0.000000000000000000, 1.000000000000000000 ) ) ;
#1182 = DIRECTION ( 'NONE',  ( -0.000000000000000000, -0.000000000000000000, 1.000000000000000000 ) ) ;
#1183 = CIRCLE ( 'NONE', #1576, 0.2099999999999978828 ) ;
#1184 = ORIENTED_EDGE ( 'NONE', *, *, #420, .T. ) ;
#1185 = CARTESIAN_POINT ( 'NONE',  ( -21.15499999999999403, -7.470000000000004192, -0.1049999999999999961 ) ) ;
#1186 = ORIENTED_EDGE ( 'NONE', *, *, #820, .F. ) ;
#1187 = CARTESIAN_POINT ( 'NONE',  ( -21.15499999999999758, -7.260000000000000675, 1.297627796990524979E-15 ) ) ;
#1188 = EDGE_CURVE ( 'NONE', #1641, #2612, #1201, .T. ) ;
#1189 = ORIENTED_EDGE ( 'NONE', *, *, #947, .F. ) ;
#1190 = CARTESIAN_POINT ( 'NONE',  ( -2.494999999999996110, -1.900000000000003464, 0.000000000000000000 ) ) ;
#1191 = ADVANCED_FACE ( 'NONE', ( #1346 ), #1055, .F. ) ;
#1192 = DIRECTION ( 'NONE',  ( 1.000000000000000000, 0.000000000000000000, 0.000000000000000000 ) ) ;
#1193 = DIRECTION ( 'NONE',  ( -1.000000000000000000, 0.000000000000000000, 0.000000000000000000 ) ) ;
#1194 = EDGE_LOOP ( 'NONE', ( #1308, #1394, #1365, #1727 ) ) ;
#1195 = PLANE ( 'NONE',  #931 ) ;
#1196 = CARTESIAN_POINT ( 'NONE',  ( 20.08000000000001251, -2.500000000000003997, -0.7500000000000004441 ) ) ;
#1197 = ORIENTED_EDGE ( 'NONE', *, *, #1547, .F. ) ;
#1198 = PLANE ( 'NONE',  #2965 ) ;
#1199 = ORIENTED_EDGE ( 'NONE', *, *, #351, .T. ) ;
#1200 = CARTESIAN_POINT ( 'NONE',  ( -10.99499999999999744, 5.000000000000002665, 0.000000000000000000 ) ) ;
#1201 = CIRCLE ( 'NONE', #2166, 0.1250000000000004441 ) ;
#1202 = ORIENTED_EDGE ( 'NONE', *, *, #98, .F. ) ;
#1203 = ADVANCED_FACE ( 'NONE', ( #1530 ), #607, .F. ) ;
#1204 = DIRECTION ( 'NONE',  ( 0.000000000000000000, -0.000000000000000000, 1.000000000000000000 ) ) ;
#1205 = VECTOR ( 'NONE', #142, 39.37007874015748143 ) ;
#1206 = DIRECTION ( 'NONE',  ( -6.776677193585765683E-15, 3.388338596792882053E-15, -1.000000000000000000 ) ) ;
#1207 = EDGE_CURVE ( 'NONE', #2337, #2150, #1988, .T. ) ;
#1208 = EDGE_CURVE ( 'NONE', #1455, #150, #2729, .T. ) ;
#1209 = LINE ( 'NONE', #2602, #1892 ) ;
#1210 = CARTESIAN_POINT ( 'NONE',  ( -11.85000000000000142, -1.499999999999970024, -0.1049999999999999684 ) ) ;
#1211 = AXIS2_PLACEMENT_3D ( 'NONE', #1171, #2723, #644 ) ;
#1212 = VERTEX_POINT ( 'NONE', #382 ) ;
#1213 = CARTESIAN_POINT ( 'NONE',  ( -13.99499999999999744, 5.000000000000002665, -0.1049999999999999684 ) ) ;
#1214 = DIRECTION ( 'NONE',  ( 0.000000000000000000, 0.000000000000000000, -1.000000000000000000 ) ) ;
#1215 = ORIENTED_EDGE ( 'NONE', *, *, #2334, .T. ) ;
#1216 = CARTESIAN_POINT ( 'NONE',  ( -21.19500000000000028, 7.220000000000002416, -0.2099999999999987432 ) ) ;
#1217 = VERTEX_POINT ( 'NONE', #370 ) ;
#1218 = LINE ( 'NONE', #957, #2837 ) ;
#1219 = EDGE_LOOP ( 'NONE', ( #303, #2431, #990, #2261 ) ) ;
#1220 =( NAMED_UNIT ( * ) PLANE_ANGLE_UNIT ( ) SI_UNIT ( $, .RADIAN. ) );
#1221 = VECTOR ( 'NONE', #2909, 39.37007874015748143 ) ;
#1222 = AXIS2_PLACEMENT_3D ( 'NONE', #2300, #1181, #2065 ) ;
#1223 = VECTOR ( 'NONE', #68, 39.37007874015748143 ) ;
#1224 = AXIS2_PLACEMENT_3D ( 'NONE', #2323, #1928, #2650 ) ;
#1225 = FACE_OUTER_BOUND ( 'NONE', #1680, .T. ) ;
#1226 = CARTESIAN_POINT ( 'NONE',  ( -4.994999999999996554, 5.000000000000002665, 0.000000000000000000 ) ) ;
#1227 = LINE ( 'NONE', #2139, #2360 ) ;
#1228 = EDGE_CURVE ( 'NONE', #2755, #150, #770, .T. ) ;
#1229 = ORIENTED_EDGE ( 'NONE', *, *, #2118, .F. ) ;
#1230 = DIRECTION ( 'NONE',  ( -0.000000000000000000, -0.000000000000000000, 1.000000000000000000 ) ) ;
#1231 = FACE_OUTER_BOUND ( 'NONE', #2703, .T. ) ;
#1232 = ADVANCED_FACE ( 'NONE', ( #2453 ), #1332, .F. ) ;
#1233 = ORIENTED_EDGE ( 'NONE', *, *, #1156, .F. ) ;
#1234 = PLANE ( 'NONE',  #2325 ) ;
#1235 = EDGE_LOOP ( 'NONE', ( #391, #1278, #1932, #956 ) ) ;
#1236 = FACE_OUTER_BOUND ( 'NONE', #1219, .T. ) ;
#1237 = EDGE_LOOP ( 'NONE', ( #1905, #2641 ) ) ;
#1238 = DIRECTION ( 'NONE',  ( 0.000000000000000000, 0.000000000000000000, 1.000000000000000000 ) ) ;
#1239 = CARTESIAN_POINT ( 'NONE',  ( -21.15499999999999758, -7.260000000000000675, 1.297627796990524979E-15 ) ) ;
#1240 = CARTESIAN_POINT ( 'NONE',  ( 21.30000000000000782, 7.220000000000002416, -0.2099999999999980216 ) ) ;
#1241 = PLANE ( 'NONE',  #1443 ) ;
#1242 = DIRECTION ( 'NONE',  ( -0.000000000000000000, -0.000000000000000000, 1.000000000000000000 ) ) ;
#1243 = DIRECTION ( 'NONE',  ( -0.000000000000000000, -0.000000000000000000, 1.000000000000000000 ) ) ;
#1244 = EDGE_CURVE ( 'NONE', #2612, #1641, #159, .T. ) ;
#1245 = ORIENTED_EDGE ( 'NONE', *, *, #368, .T. ) ;
#1246 = DIRECTION ( 'NONE',  ( -0.000000000000000000, 1.000000000000000000, -0.000000000000000000 ) ) ;
#1247 = ORIENTED_EDGE ( 'NONE', *, *, #1810, .T. ) ;
#1248 = CARTESIAN_POINT ( 'NONE',  ( -11.97499999999998010, 1.500000000000030198, -0.1049999999999999684 ) ) ;
#1249 = ORIENTED_EDGE ( 'NONE', *, *, #1584, .F. ) ;
#1250 = DIRECTION ( 'NONE',  ( 6.776677193585764106E-15, -0.000000000000000000, 1.000000000000000000 ) ) ;
#1251 = DIRECTION ( 'NONE',  ( -1.000000000000000000, 0.000000000000000000, 0.000000000000000000 ) ) ;
#1252 = CARTESIAN_POINT ( 'NONE',  ( -21.40503937007874313, 1.720000000000001306, -0.5000000000000003331 ) ) ;
#1253 = CARTESIAN_POINT ( 'NONE',  ( 21.02500000000000924, -7.260000000000000675, -0.1050000000000055334 ) ) ;
#1254 = CIRCLE ( 'NONE', #2808, 0.4400000000000007794 ) ;
#1255 = ORIENTED_EDGE ( 'NONE', *, *, #3009, .F. ) ;
#1256 = CARTESIAN_POINT ( 'NONE',  ( -11.39499999999999780, 1.899999999999995914, 0.000000000000000000 ) ) ;
#1257 = DIRECTION ( 'NONE',  ( -0.000000000000000000, -0.000000000000000000, 1.000000000000000000 ) ) ;
#1258 = AXIS2_PLACEMENT_3D ( 'NONE', #888, #2538, #1805 ) ;
#1259 = ORIENTED_EDGE ( 'NONE', *, *, #947, .T. ) ;
#1260 = DIRECTION ( 'NONE',  ( -6.776677193585764106E-15, 0.000000000000000000, -1.000000000000000000 ) ) ;
#1261 = EDGE_LOOP ( 'NONE', ( #422, #1801 ) ) ;
#1262 = LINE ( 'NONE', #844, #459 ) ;
#1263 = ADVANCED_FACE ( 'NONE', ( #163 ), #850, .F. ) ;
#1264 = EDGE_CURVE ( 'NONE', #544, #15, #1092, .T. ) ;
#1265 = VERTEX_POINT ( 'NONE', #1287 ) ;
#1266 = DIRECTION ( 'NONE',  ( 0.000000000000000000, 0.000000000000000000, -1.000000000000000000 ) ) ;
#1267 = VECTOR ( 'NONE', #1206, 39.37007874015748143 ) ;
#1268 = DIRECTION ( 'NONE',  ( 0.000000000000000000, -1.000000000000000000, -1.219574997171546326E-16 ) ) ;
#1269 = AXIS2_PLACEMENT_3D ( 'NONE', #2739, #1127, #1326 ) ;
#1270 = DIRECTION ( 'NONE',  ( -0.000000000000000000, -1.000000000000000000, -0.000000000000000000 ) ) ;
#1271 = PLANE ( 'NONE',  #1990 ) ;
#1272 = VECTOR ( 'NONE', #2711, 39.37007874015748143 ) ;
#1273 = LINE ( 'NONE', #1754, #2324 ) ;
#1274 = CARTESIAN_POINT ( 'NONE',  ( -10.55499999999999794, 5.000000000000002665, 0.000000000000000000 ) ) ;
#1275 = VECTOR ( 'NONE', #399, 39.37007874015748143 ) ;
#1276 = EDGE_LOOP ( 'NONE', ( #1708, #2175, #1109, #1790 ) ) ;
#1277 = CIRCLE ( 'NONE', #2087, 0.1049999999999990108 ) ;
#1278 = ORIENTED_EDGE ( 'NONE', *, *, #2392, .T. ) ;
#1279 = LINE ( 'NONE', #94, #2692 ) ;
#1280 = VERTEX_POINT ( 'NONE', #113 ) ;
#1281 = CARTESIAN_POINT ( 'NONE',  ( -21.15499999999999758, 7.364999999999998437, -0.7500000000000004441 ) ) ;
#1282 = EDGE_CURVE ( 'NONE', #1936, #2814, #1970, .T. ) ;
#1283 = ADVANCED_FACE ( 'NONE', ( #2213 ), #674, .T. ) ;
#1284 = DIRECTION ( 'NONE',  ( 0.000000000000000000, 1.000000000000000000, 0.000000000000000000 ) ) ;
#1285 = VECTOR ( 'NONE', #519, 39.37007874015748143 ) ;
#1286 = DIRECTION ( 'NONE',  ( 0.000000000000000000, -1.000000000000000000, -1.219574997171546326E-16 ) ) ;
#1287 = CARTESIAN_POINT ( 'NONE',  ( -21.40500000000000114, -7.220000000000004192, -0.7499999999999998890 ) ) ;
#1288 = DIRECTION ( 'NONE',  ( -0.000000000000000000, -1.000000000000000000, -0.000000000000000000 ) ) ;
#1289 = FACE_OUTER_BOUND ( 'NONE', #144, .T. ) ;
#1290 = ORIENTED_EDGE ( 'NONE', *, *, #2933, .F. ) ;
#1291 = DIRECTION ( 'NONE',  ( 1.000000000000000000, 0.000000000000000000, 0.000000000000000000 ) ) ;
#1292 = ORIENTED_EDGE ( 'NONE', *, *, #1041, .F. ) ;
#1293 = CYLINDRICAL_SURFACE ( 'NONE', #358, 0.4400000000000007794 ) ;
#1294 = LINE ( 'NONE', #2949, #2429 ) ;
#1295 = ORIENTED_EDGE ( 'NONE', *, *, #1851, .F. ) ;
#1296 = LINE ( 'NONE', #2937, #2661 ) ;
#1297 = ADVANCED_FACE ( 'NONE', ( #2524 ), #1132, .F. ) ;
#1298 = CARTESIAN_POINT ( 'NONE',  ( 20.17500000000001137, -2.500000000000003997, 0.000000000000000000 ) ) ;
#1299 = DIRECTION ( 'NONE',  ( -0.000000000000000000, -0.000000000000000000, 1.000000000000000000 ) ) ;
#1300 = CARTESIAN_POINT ( 'NONE',  ( 21.40500000000000469, 7.220000000000002416, -0.5000000000000000000 ) ) ;
#1301 = EDGE_CURVE ( 'NONE', #1336, #2472, #978, .T. ) ;
#1302 = EDGE_CURVE ( 'NONE', #183, #311, #1375, .T. ) ;
#1303 = CARTESIAN_POINT ( 'NONE',  ( 21.40500000000000469, 1.720000000000001306, -0.5000000000000000000 ) ) ;
#1304 = ORIENTED_EDGE ( 'NONE', *, *, #1776, .F. ) ;
#1305 = CARTESIAN_POINT ( 'NONE',  ( 0.000000000000000000, 1.814999999999995506, -0.1049999999999999961 ) ) ;
#1306 = ORIENTED_EDGE ( 'NONE', *, *, #2397, .T. ) ;
#1307 = CARTESIAN_POINT ( 'NONE',  ( 21.02500000000000568, -7.469999999999998863, 0.000000000000000000 ) ) ;
#1308 = ORIENTED_EDGE ( 'NONE', *, *, #276, .F. ) ;
#1309 = CARTESIAN_POINT ( 'NONE',  ( -2.039999999999993374, 1.500000000000009326, -0.7500000000000004441 ) ) ;
#1310 = ORIENTED_EDGE ( 'NONE', *, *, #368, .F. ) ;
#1311 = PLANE ( 'NONE',  #2680 ) ;
#1312 = DIRECTION ( 'NONE',  ( 1.000000000000000000, 0.000000000000000000, 0.000000000000000000 ) ) ;
#1313 = DIRECTION ( 'NONE',  ( 0.000000000000000000, 0.000000000000000000, 1.000000000000000000 ) ) ;
#1314 = VECTOR ( 'NONE', #2247, 39.37007874015748143 ) ;
#1315 = CYLINDRICAL_SURFACE ( 'NONE', #2227, 0.09499999999999994560 ) ;
#1316 = VECTOR ( 'NONE', #2716, 39.37007874015748143 ) ;
#1317 = EDGE_CURVE ( 'NONE', #2902, #2445, #2922, .T. ) ;
#1318 = EDGE_CURVE ( 'NONE', #870, #1139, #298, .T. ) ;
#1319 = ORIENTED_EDGE ( 'NONE', *, *, #2599, .F. ) ;
#1320 = CIRCLE ( 'NONE', #445, 0.09499999999999994560 ) ;
#1321 = PLANE ( 'NONE',  #397 ) ;
#1322 = LINE ( 'NONE', #249, #1712 ) ;
#1323 = ADVANCED_FACE ( 'NONE', ( #661 ), #2276, .F. ) ;
#1324 = AXIS2_PLACEMENT_3D ( 'NONE', #2736, #1550, #2019 ) ;
#1325 = ORIENTED_EDGE ( 'NONE', *, *, #1019, .T. ) ;
#1326 = DIRECTION ( 'NONE',  ( 1.000000000000000000, 0.000000000000000000, 0.000000000000000000 ) ) ;
#1327 = ORIENTED_EDGE ( 'NONE', *, *, #2416, .F. ) ;
#1328 = DIRECTION ( 'NONE',  ( -1.000000000000000000, 0.000000000000000000, 1.626099996228726381E-16 ) ) ;
#1329 = ORIENTED_EDGE ( 'NONE', *, *, #1004, .F. ) ;
#1330 = CARTESIAN_POINT ( 'NONE',  ( -21.15499999999999758, -7.260000000000000675, -0.1049999999999986777 ) ) ;
#1331 = CARTESIAN_POINT ( 'NONE',  ( -5.434999999999996056, 5.000000000000002665, -0.7500000000000004441 ) ) ;
#1332 = CYLINDRICAL_SURFACE ( 'NONE', #855, 0.1249999999999927974 ) ;
#1333 = CARTESIAN_POINT ( 'NONE',  ( 20.17500000000001137, -2.500000000000003997, -0.7500000000000004441 ) ) ;
#1334 = VERTEX_POINT ( 'NONE', #171 ) ;
#1335 = DIRECTION ( 'NONE',  ( 9.988475296761473310E-17, -1.000000000000000000, 0.000000000000000000 ) ) ;
#1336 = VERTEX_POINT ( 'NONE', #2270 ) ;
#1337 = EDGE_CURVE ( 'NONE', #1520, #1884, #569, .T. ) ;
#1338 = VECTOR ( 'NONE', #1354, 39.37007874015748143 ) ;
#1339 = ORIENTED_EDGE ( 'NONE', *, *, #1703, .T. ) ;
#1340 = CARTESIAN_POINT ( 'NONE',  ( 8.005000000000004334, 3.680000000000004601, -0.7500000000000004441 ) ) ;
#1341 = ORIENTED_EDGE ( 'NONE', *, *, #559, .F. ) ;
#1342 = ADVANCED_FACE ( 'NONE', ( #2460 ), #1787, .F. ) ;
#1343 = FACE_OUTER_BOUND ( 'NONE', #574, .T. ) ;
#1344 = VERTEX_POINT ( 'NONE', #187 ) ;
#1345 = CARTESIAN_POINT ( 'NONE',  ( 21.02500000000000568, 7.470000000000000639, 0.000000000000000000 ) ) ;
#1346 = FACE_OUTER_BOUND ( 'NONE', #516, .T. ) ;
#1347 = CARTESIAN_POINT ( 'NONE',  ( -11.39499999999999780, -1.900000000000004130, -0.7500000000000004441 ) ) ;
#1348 = CARTESIAN_POINT ( 'NONE',  ( -1.914999999999999369, 1.500000000000009326, 0.000000000000000000 ) ) ;
#1349 = AXIS2_PLACEMENT_3D ( 'NONE', #2345, #1838, #262 ) ;
#1350 = ORIENTED_EDGE ( 'NONE', *, *, #1465, .F. ) ;
#1351 = DIRECTION ( 'NONE',  ( 0.000000000000000000, -1.000000000000000000, 0.000000000000000000 ) ) ;
#1352 = ORIENTED_EDGE ( 'NONE', *, *, #2177, .F. ) ;
#1353 = EDGE_LOOP ( 'NONE', ( #707, #437, #673, #1382 ) ) ;
#1354 = DIRECTION ( 'NONE',  ( -0.000000000000000000, -0.000000000000000000, 1.000000000000000000 ) ) ;
#1355 = EDGE_LOOP ( 'NONE', ( #1759, #2299, #85, #2237 ) ) ;
#1356 = DIRECTION ( 'NONE',  ( 0.000000000000000000, 1.000000000000000000, -0.000000000000000000 ) ) ;
#1357 = EDGE_CURVE ( 'NONE', #2764, #1520, #2752, .T. ) ;
#1358 = EDGE_CURVE ( 'NONE', #2890, #1875, #376, .T. ) ;
#1359 = ORIENTED_EDGE ( 'NONE', *, *, #1207, .F. ) ;
#1360 = DIRECTION ( 'NONE',  ( -1.000000000000000000, -0.000000000000000000, 6.722570487708308394E-15 ) ) ;
#1361 = DIRECTION ( 'NONE',  ( -1.000000000000000000, 0.000000000000000000, 0.000000000000000000 ) ) ;
#1362 = CARTESIAN_POINT ( 'NONE',  ( -21.15499999999999758, -7.260000000000000675, -0.1049999999999986777 ) ) ;
#1363 = ORIENTED_EDGE ( 'NONE', *, *, #333, .T. ) ;
#1364 = DIRECTION ( 'NONE',  ( 1.000000000000000000, 1.295328588745500776E-16, -2.590657177491003956E-17 ) ) ;
#1365 = ORIENTED_EDGE ( 'NONE', *, *, #1447, .T. ) ;
#1366 = AXIS2_PLACEMENT_3D ( 'NONE', #2568, #1193, #2047 ) ;
#1367 = AXIS2_PLACEMENT_3D ( 'NONE', #705, #3016, #2758 ) ;
#1368 = ORIENTED_EDGE ( 'NONE', *, *, #2802, .T. ) ;
#1369 = DIRECTION ( 'NONE',  ( 0.000000000000000000, 0.000000000000000000, -1.000000000000000000 ) ) ;
#1370 = ORIENTED_EDGE ( 'NONE', *, *, #1867, .F. ) ;
#1371 = DIRECTION ( 'NONE',  ( -1.000000000000000000, 0.000000000000000000, 0.000000000000000000 ) ) ;
#1372 = ORIENTED_EDGE ( 'NONE', *, *, #893, .F. ) ;
#1373 = EDGE_CURVE ( 'NONE', #518, #263, #1572, .T. ) ;
#1374 = EDGE_CURVE ( 'NONE', #616, #1950, #657, .T. ) ;
#1375 = LINE ( 'NONE', #2743, #2133 ) ;
#1376 = DIRECTION ( 'NONE',  ( -1.000000000000000000, 0.000000000000000000, 0.000000000000000000 ) ) ;
#1377 = DIRECTION ( 'NONE',  ( -1.000000000000000000, -1.295328588745265104E-16, 6.776677193585765683E-15 ) ) ;
#1378 = ORIENTED_EDGE ( 'NONE', *, *, #2522, .T. ) ;
#1379 = DIRECTION ( 'NONE',  ( -0.000000000000000000, -0.000000000000000000, 1.000000000000000000 ) ) ;
#1380 = ORIENTED_EDGE ( 'NONE', *, *, #1851, .T. ) ;
#1381 = AXIS2_PLACEMENT_3D ( 'NONE', #600, #1760, #1049 ) ;
#1382 = ORIENTED_EDGE ( 'NONE', *, *, #862, .F. ) ;
#1383 = FACE_OUTER_BOUND ( 'NONE', #1714, .T. ) ;
#1384 = ORIENTED_EDGE ( 'NONE', *, *, #1357, .T. ) ;
#1385 = CARTESIAN_POINT ( 'NONE',  ( 21.02500000000000924, -7.364999999999998437, -0.2100000000000031286 ) ) ;
#1386 = ORIENTED_EDGE ( 'NONE', *, *, #2215, .F. ) ;
#1387 = CARTESIAN_POINT ( 'NONE',  ( -11.39499999999999780, -1.900000000000004130, -0.7500000000000004441 ) ) ;
#1388 = EDGE_CURVE ( 'NONE', #1336, #518, #2222, .T. ) ;
#1389 = DIRECTION ( 'NONE',  ( -1.000000000000000000, 0.000000000000000000, 0.000000000000000000 ) ) ;
#1390 = DIRECTION ( 'NONE',  ( -1.000000000000000000, 0.000000000000000000, 0.000000000000000000 ) ) ;
#1391 = FACE_OUTER_BOUND ( 'NONE', #2221, .T. ) ;
#1392 = EDGE_CURVE ( 'NONE', #2550, #1936, #2935, .T. ) ;
#1393 = EDGE_CURVE ( 'NONE', #1517, #1114, #732, .T. ) ;
#1394 = ORIENTED_EDGE ( 'NONE', *, *, #1743, .F. ) ;
#1395 = DIRECTION ( 'NONE',  ( 0.000000000000000000, 0.000000000000000000, -1.000000000000000000 ) ) ;
#1396 = DIRECTION ( 'NONE',  ( 0.000000000000000000, 0.000000000000000000, -1.000000000000000000 ) ) ;
#1397 = ORIENTED_EDGE ( 'NONE', *, *, #1995, .F. ) ;
#1398 = CARTESIAN_POINT ( 'NONE',  ( 21.19500000000000739, -7.219999999999998863, -0.1049999999999990108 ) ) ;
#1399 = ORIENTED_EDGE ( 'NONE', *, *, #2615, .T. ) ;
#1400 = PLANE ( 'NONE',  #2811 ) ;
#1401 = ORIENTED_EDGE ( 'NONE', *, *, #276, .T. ) ;
#1402 = PRODUCT_CONTEXT ( 'NONE', #2048, 'mechanical' ) ;
#1403 = DIRECTION ( 'NONE',  ( 0.000000000000000000, 0.000000000000000000, -1.000000000000000000 ) ) ;
#1404 = LINE ( 'NONE', #1178, #1567 ) ;
#1405 = DIRECTION ( 'NONE',  ( -0.000000000000000000, -0.000000000000000000, 1.000000000000000000 ) ) ;
#1406 = EDGE_LOOP ( 'NONE', ( #2799, #1319, #1490, #1061 ) ) ;
#1407 = CARTESIAN_POINT ( 'NONE',  ( 21.40500000000000469, -7.219999999999998863, -0.5000000000000000000 ) ) ;
#1408 = DIRECTION ( 'NONE',  ( -1.000000000000000000, 0.000000000000000000, 0.000000000000000000 ) ) ;
#1409 = ADVANCED_FACE ( 'NONE', ( #1979 ), #1803, .F. ) ;
#1410 = EDGE_LOOP ( 'NONE', ( #2426, #1233, #1890, #2534 ) ) ;
#1411 = AXIS2_PLACEMENT_3D ( 'NONE', #2971, #2998, #1808 ) ;
#1412 = DIRECTION ( 'NONE',  ( 1.000000000000000000, 0.000000000000000000, 0.000000000000000000 ) ) ;
#1413 = ORIENTED_EDGE ( 'NONE', *, *, #479, .T. ) ;
#1414 = VECTOR ( 'NONE', #628, 39.37007874015748143 ) ;
#1415 = DIRECTION ( 'NONE',  ( -0.000000000000000000, -0.000000000000000000, 1.000000000000000000 ) ) ;
#1416 = AXIS2_PLACEMENT_3D ( 'NONE', #1481, #1270, #801 ) ;
#1417 = AXIS2_PLACEMENT_3D ( 'NONE', #1734, #2664, #619 ) ;
#1418 = SURFACE_STYLE_FILL_AREA ( #2833 ) ;
#1419 = VECTOR ( 'NONE', #869, 39.37007874015748143 ) ;
#1420 = LINE ( 'NONE', #1909, #1984 ) ;
#1421 = DIRECTION ( 'NONE',  ( -1.000000000000000000, -0.000000000000000000, -1.626099996228726381E-16 ) ) ;
#1422 = ORIENTED_EDGE ( 'NONE', *, *, #235, .T. ) ;
#1423 = LINE ( 'NONE', #1138, #1940 ) ;
#1424 = CARTESIAN_POINT ( 'NONE',  ( 8.005000000000004334, -3.680000000000004601, -0.7500000000000004441 ) ) ;
#1425 = ADVANCED_FACE ( 'NONE', ( #1762 ), #155, .F. ) ;
#1426 = CARTESIAN_POINT ( 'NONE',  ( -11.39499999999999780, 1.899999999999995914, -0.7500000000000004441 ) ) ;
#1427 = ORIENTED_EDGE ( 'NONE', *, *, #538, .T. ) ;
#1428 = CARTESIAN_POINT ( 'NONE',  ( -21.15499999999999758, 7.259999999999999787, -0.2100000000000034617 ) ) ;
#1429 = EDGE_CURVE ( 'NONE', #318, #410, #2504, .T. ) ;
#1430 = ORIENTED_EDGE ( 'NONE', *, *, #131, .F. ) ;
#1431 = CARTESIAN_POINT ( 'NONE',  ( 21.02500000000000568, -7.219999999999999751, 0.000000000000000000 ) ) ;
#1432 = DIRECTION ( 'NONE',  ( 1.000000000000000000, -0.000000000000000000, -0.000000000000000000 ) ) ;
#1433 = DIRECTION ( 'NONE',  ( -0.000000000000000000, 0.000000000000000000, 1.000000000000000000 ) ) ;
#1434 = CARTESIAN_POINT ( 'NONE',  ( -11.84999999999999254, 1.500000000000030198, -0.1049999999999999684 ) ) ;
#1435 = VERTEX_POINT ( 'NONE', #423 ) ;
#1436 = DIRECTION ( 'NONE',  ( 0.000000000000000000, -1.000000000000000000, 0.000000000000000000 ) ) ;
#1437 = LINE ( 'NONE', #1424, #149 ) ;
#1438 = ORIENTED_EDGE ( 'NONE', *, *, #2765, .F. ) ;
#1439 = FACE_BOUND ( 'NONE', #185, .T. ) ;
#1440 = ORIENTED_EDGE ( 'NONE', *, *, #1616, .T. ) ;
#1441 = LINE ( 'NONE', #1345, #193 ) ;
#1442 = DIRECTION ( 'NONE',  ( 1.000000000000000000, 0.000000000000000000, 0.000000000000000000 ) ) ;
#1443 = AXIS2_PLACEMENT_3D ( 'NONE', #1676, #291, #2154 ) ;
#1444 = ORIENTED_EDGE ( 'NONE', *, *, #842, .T. ) ;
#1445 = LENGTH_MEASURE_WITH_UNIT ( LENGTH_MEASURE( 0.02539999999999999897 ), #257 );
#1446 = ADVANCED_FACE ( 'NONE', ( #2008 ), #2038, .T. ) ;
#1447 = EDGE_CURVE ( 'NONE', #1575, #2150, #1294, .T. ) ;
#1448 = VECTOR ( 'NONE', #1908, 39.37007874015748143 ) ;
#1449 = CARTESIAN_POINT ( 'NONE',  ( 2.535000000000005471, -3.680000000000005045, 0.000000000000000000 ) ) ;
#1450 = DIRECTION ( 'NONE',  ( 1.000000000000000000, 1.295328588745265104E-16, -6.776677193585765683E-15 ) ) ;
#1451 = CARTESIAN_POINT ( 'NONE',  ( -11.43499999999999872, 5.000000000000002665, -0.1049999999999999684 ) ) ;
#1452 = ORIENTED_EDGE ( 'NONE', *, *, #1045, .F. ) ;
#1453 = DIRECTION ( 'NONE',  ( -1.000000000000000000, 0.000000000000000000, 0.000000000000000000 ) ) ;
#1454 = CARTESIAN_POINT ( 'NONE',  ( 12.19000000000000128, -1.815000000000004166, 0.000000000000000000 ) ) ;
#1455 = VERTEX_POINT ( 'NONE', #615 ) ;
#1456 = FACE_BOUND ( 'NONE', #669, .T. ) ;
#1457 = ORIENTED_EDGE ( 'NONE', *, *, #2119, .F. ) ;
#1458 = FACE_OUTER_BOUND ( 'NONE', #1912, .T. ) ;
#1459 = VERTEX_POINT ( 'NONE', #872 ) ;
#1460 = CIRCLE ( 'NONE', #1983, 0.1249999999999938799 ) ;
#1461 = LINE ( 'NONE', #1659, #1919 ) ;
#1462 = VECTOR ( 'NONE', #537, 39.37007874015748143 ) ;
#1463 = AXIS2_PLACEMENT_3D ( 'NONE', #1678, #1242, #2639 ) ;
#1464 = CIRCLE ( 'NONE', #641, 0.1249999999999927974 ) ;
#1465 = EDGE_CURVE ( 'NONE', #824, #183, #2208, .T. ) ;
#1466 = DIRECTION ( 'NONE',  ( -1.000000000000000000, -1.036262870996400350E-16, -2.590657177491005189E-17 ) ) ;
#1467 = LINE ( 'NONE', #2121, #1701 ) ;
#1468 = LINE ( 'NONE', #2850, #271 ) ;
#1469 = EDGE_LOOP ( 'NONE', ( #1573, #2668, #265, #2110 ) ) ;
#1470 = EDGE_CURVE ( 'NONE', #2890, #2489, #140, .T. ) ;
#1471 = CARTESIAN_POINT ( 'NONE',  ( 21.02500000000000213, 7.365000000000001101, -0.2099999999999991318 ) ) ;
#1472 = DIRECTION ( 'NONE',  ( 1.000000000000000000, -0.000000000000000000, 0.000000000000000000 ) ) ;
#1473 = EDGE_LOOP ( 'NONE', ( #247, #1033, #2503, #1199 ) ) ;
#1474 = VECTOR ( 'NONE', #2810, 39.37007874015748143 ) ;
#1475 = FACE_BOUND ( 'NONE', #2458, .T. ) ;
#1476 = ORIENTED_EDGE ( 'NONE', *, *, #757, .F. ) ;
#1477 = DIRECTION ( 'NONE',  ( 1.000000000000000000, 0.000000000000000000, 0.000000000000000000 ) ) ;
#1478 = VERTEX_POINT ( 'NONE', #2331 ) ;
#1479 = DIRECTION ( 'NONE',  ( -0.000000000000000000, -0.000000000000000000, 1.000000000000000000 ) ) ;
#1480 = DIRECTION ( 'NONE',  ( -6.776677193585764106E-15, 0.000000000000000000, -1.000000000000000000 ) ) ;
#1481 = CARTESIAN_POINT ( 'NONE',  ( 21.19500000000000739, -7.219999999999998863, -0.2099999999999980216 ) ) ;
#1482 = LINE ( 'NONE', #1012, #2827 ) ;
#1483 = ORIENTED_EDGE ( 'NONE', *, *, #1671, .T. ) ;
#1484 = CARTESIAN_POINT ( 'NONE',  ( 20.27000000000001023, -2.500000000000003997, 0.000000000000000000 ) ) ;
#1485 = CARTESIAN_POINT ( 'NONE',  ( -16.99499999999999744, 5.000000000000002665, 0.000000000000000000 ) ) ;
#1486 = ADVANCED_FACE ( 'NONE', ( #220 ), #1198, .F. ) ;
#1487 = EDGE_CURVE ( 'NONE', #1344, #643, #1826, .T. ) ;
#1488 = ORIENTED_EDGE ( 'NONE', *, *, #420, .F. ) ;
#1489 = FACE_BOUND ( 'NONE', #65, .T. ) ;
#1490 = ORIENTED_EDGE ( 'NONE', *, *, #1620, .T. ) ;
#1491 = ORIENTED_EDGE ( 'NONE', *, *, #1040, .F. ) ;
#1492 = AXIS2_PLACEMENT_3D ( 'NONE', #1516, #1243, #563 ) ;
#1493 = CARTESIAN_POINT ( 'NONE',  ( -7.994999999999998330, 5.000000000000002665, -0.7500000000000004441 ) ) ;
#1494 = CARTESIAN_POINT ( 'NONE',  ( -21.15499999999999758, 7.469999999999996199, -0.2099999999999998812 ) ) ;
#1495 = CARTESIAN_POINT ( 'NONE',  ( -21.15499999999999758, 7.469999999999998863, -0.7499999999999998890 ) ) ;
#1496 = AXIS2_PLACEMENT_3D ( 'NONE', #874, #1764, #2708 ) ;
#1497 = ORIENTED_EDGE ( 'NONE', *, *, #1093, .T. ) ;
#1498 = CARTESIAN_POINT ( 'NONE',  ( -8.434999999999998721, 5.000000000000002665, 0.000000000000000000 ) ) ;
#1499 = CARTESIAN_POINT ( 'NONE',  ( -2.494999999999996110, 0.000000000000000000, -0.1049999999999999961 ) ) ;
#1500 = AXIS2_PLACEMENT_3D ( 'NONE', #222, #1160, #2072 ) ;
#1501 = ORIENTED_EDGE ( 'NONE', *, *, #1264, .F. ) ;
#1502 = CARTESIAN_POINT ( 'NONE',  ( 0.000000000000000000, 0.000000000000000000, -0.1049999999999999961 ) ) ;
#1503 = VERTEX_POINT ( 'NONE', #2084 ) ;
#1504 = EDGE_CURVE ( 'NONE', #218, #282, #502, .T. ) ;
#1505 = ADVANCED_FACE ( 'NONE', ( #955 ), #2055, .F. ) ;
#1506 = CARTESIAN_POINT ( 'NONE',  ( 12.19000000000000128, 0.000000000000000000, -0.1049999999999999961 ) ) ;
#1507 = ORIENTED_EDGE ( 'NONE', *, *, #1995, .T. ) ;
#1508 = CYLINDRICAL_SURFACE ( 'NONE', #1971, 0.1049999999999979283 ) ;
#1509 = CIRCLE ( 'NONE', #2427, 0.1249999999999938799 ) ;
#1510 = DIRECTION ( 'NONE',  ( -0.000000000000000000, -0.000000000000000000, 1.000000000000000000 ) ) ;
#1511 = VECTOR ( 'NONE', #264, 39.37007874015748143 ) ;
#1512 = CARTESIAN_POINT ( 'NONE',  ( 20.17500000000001137, 3.750000000000000888, 0.000000000000000000 ) ) ;
#1513 = CARTESIAN_POINT ( 'NONE',  ( -11.85000000000000142, -1.499999999999970024, -0.7500000000000004441 ) ) ;
#1514 = VECTOR ( 'NONE', #735, 39.37007874015748143 ) ;
#1515 = DIRECTION ( 'NONE',  ( 8.758115402030106693E-47, -3.388338596792882842E-15, 1.000000000000000000 ) ) ;
#1516 = CARTESIAN_POINT ( 'NONE',  ( -13.99499999999999744, 5.000000000000002665, -0.7500000000000004441 ) ) ;
#1517 = VERTEX_POINT ( 'NONE', #1600 ) ;
#1518 = CIRCLE ( 'NONE', #1222, 0.1249999999999927974 ) ;
#1519 = LINE ( 'NONE', #1783, #1419 ) ;
#1520 = VERTEX_POINT ( 'NONE', #2096 ) ;
#1521 = DIRECTION ( 'NONE',  ( 0.000000000000000000, 1.000000000000000000, 0.000000000000000000 ) ) ;
#1522 = EDGE_CURVE ( 'NONE', #680, #1344, #1874, .T. ) ;
#1523 = ORIENTED_EDGE ( 'NONE', *, *, #2067, .T. ) ;
#1524 = FACE_OUTER_BOUND ( 'NONE', #909, .T. ) ;
#1525 = EDGE_CURVE ( 'NONE', #2514, #1169, #2766, .T. ) ;
#1526 = ADVANCED_FACE ( 'NONE', ( #31 ), #2579, .F. ) ;
#1527 = CARTESIAN_POINT ( 'NONE',  ( 12.19000000000000128, 1.814999999999995506, 0.000000000000000000 ) ) ;
#1528 = AXIS2_PLACEMENT_3D ( 'NONE', #1672, #2597, #945 ) ;
#1529 = CARTESIAN_POINT ( 'NONE',  ( -2.494999999999996110, -1.900000000000003464, -0.1049999999999999684 ) ) ;
#1530 = FACE_OUTER_BOUND ( 'NONE', #1051, .T. ) ;
#1531 = CARTESIAN_POINT ( 'NONE',  ( -4.994999999999996554, 5.000000000000002665, -0.7500000000000004441 ) ) ;
#1532 = DIRECTION ( 'NONE',  ( 1.000000000000000000, 0.000000000000000000, 0.000000000000000000 ) ) ;
#1533 = LINE ( 'NONE', #2554, #1753 ) ;
#1534 = VERTEX_POINT ( 'NONE', #2111 ) ;
#1535 = CARTESIAN_POINT ( 'NONE',  ( 21.40500000000000469, 7.220000000000002416, 0.000000000000000000 ) ) ;
#1536 = ORIENTED_EDGE ( 'NONE', *, *, #671, .T. ) ;
#1537 = DIRECTION ( 'NONE',  ( -0.000000000000000000, -0.000000000000000000, 1.000000000000000000 ) ) ;
#1538 = ORIENTED_EDGE ( 'NONE', *, *, #742, .F. ) ;
#1539 = DIRECTION ( 'NONE',  ( 0.000000000000000000, 0.000000000000000000, -1.000000000000000000 ) ) ;
#1540 = CARTESIAN_POINT ( 'NONE',  ( -21.16499999999999915, 3.750000000000000888, -0.7500000000000004441 ) ) ;
#1541 = ADVANCED_FACE ( 'NONE', ( #1383 ), #2796, .F. ) ;
#1542 = ADVANCED_FACE ( 'NONE', ( #2289 ), #1613, .F. ) ;
#1543 = VECTOR ( 'NONE', #576, 39.37007874015748143 ) ;
#1544 = CARTESIAN_POINT ( 'NONE',  ( -21.40503937007874313, 1.720000000000001306, -0.5000000000000003331 ) ) ;
#1545 = CARTESIAN_POINT ( 'NONE',  ( 21.40500000000000469, 1.720000000000001306, -0.2700000000000003508 ) ) ;
#1546 = DIRECTION ( 'NONE',  ( 1.000000000000000000, 0.000000000000000000, 0.000000000000000000 ) ) ;
#1547 = EDGE_CURVE ( 'NONE', #2020, #599, #1895, .T. ) ;
#1548 = VECTOR ( 'NONE', #400, 39.37007874015748143 ) ;
#1549 = ORIENTED_EDGE ( 'NONE', *, *, #78, .F. ) ;
#1550 = DIRECTION ( 'NONE',  ( -0.000000000000000000, -0.000000000000000000, 1.000000000000000000 ) ) ;
#1551 = ORIENTED_EDGE ( 'NONE', *, *, #2450, .F. ) ;
#1552 = ORIENTED_EDGE ( 'NONE', *, *, #2183, .F. ) ;
#1553 = DIRECTION ( 'NONE',  ( -6.776677193585764106E-15, -3.388338596792882053E-15, -1.000000000000000000 ) ) ;
#1554 = VERTEX_POINT ( 'NONE', #943 ) ;
#1555 = CARTESIAN_POINT ( 'NONE',  ( -21.15499999999999403, -7.470000000000004192, 1.690381008889281442E-13 ) ) ;
#1556 = ORIENTED_EDGE ( 'NONE', *, *, #2372, .F. ) ;
#1557 = LINE ( 'NONE', #848, #1175 ) ;
#1558 = DIRECTION ( 'NONE',  ( 0.000000000000000000, 0.000000000000000000, 1.000000000000000000 ) ) ;
#1559 = DIRECTION ( 'NONE',  ( -0.000000000000000000, -1.000000000000000000, -0.000000000000000000 ) ) ;
#1560 = EDGE_CURVE ( 'NONE', #1, #2620, #3023, .T. ) ;
#1561 = CIRCLE ( 'NONE', #2676, 0.09499999999999994560 ) ;
#1562 = DIRECTION ( 'NONE',  ( -1.000000000000000000, 0.000000000000000000, 0.000000000000000000 ) ) ;
#1563 = CIRCLE ( 'NONE', #686, 0.4400000000000007794 ) ;
#1564 = AXIS2_PLACEMENT_3D ( 'NONE', #1407, #2052, #679 ) ;
#1565 = EDGE_CURVE ( 'NONE', #1212, #2651, #711, .T. ) ;
#1566 = ORIENTED_EDGE ( 'NONE', *, *, #1374, .T. ) ;
#1567 = VECTOR ( 'NONE', #676, 39.37007874015748143 ) ;
#1568 = DIRECTION ( 'NONE',  ( -1.000000000000000000, 0.000000000000000000, -0.000000000000000000 ) ) ;
#1569 = ORIENTED_EDGE ( 'NONE', *, *, #20, .F. ) ;
#1570 = VECTOR ( 'NONE', #184, 39.37007874015748143 ) ;
#1571 = VERTEX_POINT ( 'NONE', #471 ) ;
#1572 = LINE ( 'NONE', #2476, #199 ) ;
#1573 = ORIENTED_EDGE ( 'NONE', *, *, #2789, .T. ) ;
#1574 = CARTESIAN_POINT ( 'NONE',  ( 20.17500000000001137, 2.500000000000000444, 0.000000000000000000 ) ) ;
#1575 = VERTEX_POINT ( 'NONE', #1142 ) ;
#1576 = AXIS2_PLACEMENT_3D ( 'NONE', #940, #14, #1396 ) ;
#1577 = DIRECTION ( 'NONE',  ( -0.000000000000000000, -0.000000000000000000, 1.000000000000000000 ) ) ;
#1578 = DIRECTION ( 'NONE',  ( 1.000000000000000000, 0.000000000000000000, 0.000000000000000000 ) ) ;
#1579 = DIRECTION ( 'NONE',  ( 1.295328588745494860E-16, -1.000000000000000000, 3.391901413832837195E-15 ) ) ;
#1580 = DIRECTION ( 'NONE',  ( -0.000000000000000000, -1.000000000000000000, -0.000000000000000000 ) ) ;
#1581 = ORIENTED_EDGE ( 'NONE', *, *, #1302, .F. ) ;
#1582 = LINE ( 'NONE', #2702, #891 ) ;
#1583 = ORIENTED_EDGE ( 'NONE', *, *, #2860, .T. ) ;
#1584 = EDGE_CURVE ( 'NONE', #2976, #2514, #1640, .T. ) ;
#1585 = ADVANCED_FACE ( 'NONE', ( #2992 ), #2781, .F. ) ;
#1586 = EDGE_LOOP ( 'NONE', ( #2226, #2939 ) ) ;
#1587 = DIRECTION ( 'NONE',  ( 0.000000000000000000, 0.000000000000000000, 1.000000000000000000 ) ) ;
#1588 = ORIENTED_EDGE ( 'NONE', *, *, #1584, .T. ) ;
#1589 = EDGE_CURVE ( 'NONE', #1554, #331, #640, .T. ) ;
#1590 = CARTESIAN_POINT ( 'NONE',  ( -21.40500000000000114, 7.220000000000002416, -0.7500000000000001110 ) ) ;
#1591 = ORIENTED_EDGE ( 'NONE', *, *, #479, .F. ) ;
#1592 = CARTESIAN_POINT ( 'NONE',  ( -21.15499999999999758, -7.260000000000000675, -0.2099999999999966060 ) ) ;
#1593 = DIRECTION ( 'NONE',  ( 1.000000000000000000, 0.000000000000000000, 0.000000000000000000 ) ) ;
#1594 = DIRECTION ( 'NONE',  ( 1.000000000000000000, 0.000000000000000000, 0.000000000000000000 ) ) ;
#1595 = CIRCLE ( 'NONE', #816, 0.2099999999999978828 ) ;
#1596 = VERTEX_POINT ( 'NONE', #1681 ) ;
#1597 = DIRECTION ( 'NONE',  ( 1.000000000000000000, 0.000000000000000000, 0.000000000000000000 ) ) ;
#1598 = ORIENTED_EDGE ( 'NONE', *, *, #1244, .F. ) ;
#1599 = ADVANCED_FACE ( 'NONE', ( #1904 ), #1234, .T. ) ;
#1600 = CARTESIAN_POINT ( 'NONE',  ( 20.27000000000001023, -3.750000000000003997, 0.000000000000000000 ) ) ;
#1601 = ORIENTED_EDGE ( 'NONE', *, *, #2393, .F. ) ;
#1602 = CARTESIAN_POINT ( 'NONE',  ( 21.40500000000000469, -4.520000000000001350, -0.5000000000000002220 ) ) ;
#1603 = ORIENTED_EDGE ( 'NONE', *, *, #447, .F. ) ;
#1604 = CARTESIAN_POINT ( 'NONE',  ( 21.40500000000000469, 0.000000000000000000, 3.666055405785289629E-16 ) ) ;
#1605 = CARTESIAN_POINT ( 'NONE',  ( 20.17500000000001137, 2.500000000000000444, -0.1049999999999999684 ) ) ;
#1606 = DIRECTION ( 'NONE',  ( 0.000000000000000000, 0.000000000000000000, -1.000000000000000000 ) ) ;
#1607 = ORIENTED_EDGE ( 'NONE', *, *, #825, .T. ) ;
#1608 = DIRECTION ( 'NONE',  ( 1.000000000000000000, 0.000000000000000000, 1.626099996228726381E-16 ) ) ;
#1609 = ORIENTED_EDGE ( 'NONE', *, *, #1080, .T. ) ;
#1610 = AXIS2_PLACEMENT_3D ( 'NONE', #964, #1635, #2806 ) ;
#1611 = VECTOR ( 'NONE', #2156, 39.37007874015748143 ) ;
#1612 = VECTOR ( 'NONE', #525, 39.37007874015748143 ) ;
#1613 = CYLINDRICAL_SURFACE ( 'NONE', #792, 0.1049999999999990108 ) ;
#1614 = ORIENTED_EDGE ( 'NONE', *, *, #2144, .F. ) ;
#1615 = PLANE ( 'NONE',  #2116 ) ;
#1616 = EDGE_CURVE ( 'NONE', #824, #1217, #775, .T. ) ;
#1617 = VERTEX_POINT ( 'NONE', #1047 ) ;
#1618 = CARTESIAN_POINT ( 'NONE',  ( -21.29999999999999716, 7.220000000000002416, -0.2099999999999980216 ) ) ;
#1619 = EDGE_CURVE ( 'NONE', #1503, #2944, #1277, .T. ) ;
#1620 = EDGE_CURVE ( 'NONE', #2009, #643, #2413, .T. ) ;
#1621 = LINE ( 'NONE', #1819, #2771 ) ;
#1622 = CARTESIAN_POINT ( 'NONE',  ( 20.17500000000001137, -3.750000000000003997, 0.000000000000000000 ) ) ;
#1623 = LINE ( 'NONE', #198, #685 ) ;
#1624 = VERTEX_POINT ( 'NONE', #2842 ) ;
#1625 = CARTESIAN_POINT ( 'NONE',  ( 8.005000000000004334, 0.000000000000000000, -0.1049999999999999961 ) ) ;
#1626 = CARTESIAN_POINT ( 'NONE',  ( 20.27000000000001023, 3.750000000000000888, 0.000000000000000000 ) ) ;
#1627 = CARTESIAN_POINT ( 'NONE',  ( -16.55499999999999616, 5.000000000000002665, -0.7500000000000004441 ) ) ;
#1628 = ORIENTED_EDGE ( 'NONE', *, *, #1670, .F. ) ;
#1629 = FACE_OUTER_BOUND ( 'NONE', #1002, .T. ) ;
#1630 = ORIENTED_EDGE ( 'NONE', *, *, #2470, .T. ) ;
#1631 = SHAPE_DEFINITION_REPRESENTATION ( #1110, #1050 ) ;
#1632 = ADVANCED_FACE ( 'NONE', ( #2174, #1017, #1001, #2872, #1951, #1668, #793, #2857, #75, #531, #759, #49, #1439, #281, #1933, #2129, #1713, #1917, #2381 ), #2594, .F. ) ;
#1633 = ADVANCED_FACE ( 'NONE', ( #1695, #2642, #1456, #2609, #991, #61, #2626, #1489, #550, #330, #1475, #2657, #1034, #2399, #2889, #2425, #580, #517, #1728 ), #808, .T. ) ;
#1634 = PLANE ( 'NONE',  #1748 ) ;
#1635 = DIRECTION ( 'NONE',  ( 0.000000000000000000, -1.000000000000000000, -0.000000000000000000 ) ) ;
#1636 = EDGE_LOOP ( 'NONE', ( #1444, #231, #2973, #107 ) ) ;
#1637 = FACE_OUTER_BOUND ( 'NONE', #532, .T. ) ;
#1638 = DIRECTION ( 'NONE',  ( -1.000000000000000000, -9.988475296761473310E-17, 0.000000000000000000 ) ) ;
#1639 = VERTEX_POINT ( 'NONE', #612 ) ;
#1640 = LINE ( 'NONE', #2563, #1511 ) ;
#1641 = VERTEX_POINT ( 'NONE', #1062 ) ;
#1642 = DIRECTION ( 'NONE',  ( -0.000000000000000000, -0.000000000000000000, 1.000000000000000000 ) ) ;
#1643 = VECTOR ( 'NONE', #438, 39.37007874015748143 ) ;
#1644 = CARTESIAN_POINT ( 'NONE',  ( 21.30000000000000782, 0.000000000000000000, -0.5000000000000003331 ) ) ;
#1645 = DIRECTION ( 'NONE',  ( 1.000000000000000000, 0.000000000000000000, -3.491481338843132961E-15 ) ) ;
#1646 = DIRECTION ( 'NONE',  ( 1.000000000000000000, -0.000000000000000000, -0.000000000000000000 ) ) ;
#1647 = EDGE_CURVE ( 'NONE', #665, #643, #2718, .T. ) ;
#1648 = ORIENTED_EDGE ( 'NONE', *, *, #287, .F. ) ;
#1649 = FACE_OUTER_BOUND ( 'NONE', #2705, .T. ) ;
#1650 = CARTESIAN_POINT ( 'NONE',  ( -2.165000000000000924, -1.499999999999992006, -0.7500000000000004441 ) ) ;
#1651 = EDGE_CURVE ( 'NONE', #2722, #165, #2913, .T. ) ;
#1652 = ORIENTED_EDGE ( 'NONE', *, *, #2697, .F. ) ;
#1653 = CIRCLE ( 'NONE', #2134, 0.09499999999999994560 ) ;
#1654 = DIRECTION ( 'NONE',  ( 1.000000000000000000, -0.000000000000000000, -0.000000000000000000 ) ) ;
#1655 = EDGE_LOOP ( 'NONE', ( #1538, #658, #2088, #1020 ) ) ;
#1656 = AXIS2_PLACEMENT_3D ( 'NONE', #302, #2147, #2159 ) ;
#1657 = LINE ( 'NONE', #993, #380 ) ;
#1658 = CIRCLE ( 'NONE', #2574, 0.09499999999999994560 ) ;
#1659 = CARTESIAN_POINT ( 'NONE',  ( -11.72500000000000853, -1.499999999999970024, -0.7500000000000004441 ) ) ;
#1660 = VECTOR ( 'NONE', #2945, 39.37007874015748143 ) ;
#1661 = DIRECTION ( 'NONE',  ( -0.000000000000000000, -0.000000000000000000, 1.000000000000000000 ) ) ;
#1662 = DIRECTION ( 'NONE',  ( 0.000000000000000000, -1.000000000000000000, -1.219574997171546326E-16 ) ) ;
#1663 = CARTESIAN_POINT ( 'NONE',  ( -21.40503937007874313, 4.520000000000001350, -0.2699999999999999623 ) ) ;
#1664 = ORIENTED_EDGE ( 'NONE', *, *, #2844, .T. ) ;
#1665 = DIRECTION ( 'NONE',  ( 0.000000000000000000, 0.000000000000000000, -1.000000000000000000 ) ) ;
#1666 = DIRECTION ( 'NONE',  ( -6.776677193585765683E-15, 3.388338596792882053E-15, -1.000000000000000000 ) ) ;
#1667 = VERTEX_POINT ( 'NONE', #404 ) ;
#1668 = FACE_BOUND ( 'NONE', #1261, .T. ) ;
#1669 = ORIENTED_EDGE ( 'NONE', *, *, #2273, .T. ) ;
#1670 = EDGE_CURVE ( 'NONE', #2735, #2223, #2688, .T. ) ;
#1671 = EDGE_CURVE ( 'NONE', #870, #1334, #386, .T. ) ;
#1672 = CARTESIAN_POINT ( 'NONE',  ( -2.040000000000000480, -1.499999999999992006, -0.7500000000000004441 ) ) ;
#1673 = VERTEX_POINT ( 'NONE', #1993 ) ;
#1674 = DIRECTION ( 'NONE',  ( 0.000000000000000000, -1.000000000000000000, 0.000000000000000000 ) ) ;
#1675 = LINE ( 'NONE', #1880, #1514 ) ;
#1676 = CARTESIAN_POINT ( 'NONE',  ( 9.676104557928898900E-16, -7.470000000000000639, 2.567749485862135569E-14 ) ) ;
#1677 = EDGE_LOOP ( 'NONE', ( #1806, #2738, #1401, #985 ) ) ;
#1678 = CARTESIAN_POINT ( 'NONE',  ( -11.85000000000000142, -1.499999999999970024, -0.7500000000000004441 ) ) ;
#1679 = CARTESIAN_POINT ( 'NONE',  ( -13.99499999999999744, 5.000000000000002665, 0.000000000000000000 ) ) ;
#1680 = EDGE_LOOP ( 'NONE', ( #2707, #1089, #729, #124 ) ) ;
#1681 = CARTESIAN_POINT ( 'NONE',  ( -1.915000000000000036, -1.499999999999992006, -0.1049999999999999684 ) ) ;
#1682 = ORIENTED_EDGE ( 'NONE', *, *, #2506, .F. ) ;
#1683 = CARTESIAN_POINT ( 'NONE',  ( 12.19000000000000128, 1.814999999999995506, -0.1049999999999999961 ) ) ;
#1684 = EDGE_CURVE ( 'NONE', #646, #141, #417, .T. ) ;
#1685 = ADVANCED_FACE ( 'NONE', ( #2005 ), #374, .F. ) ;
#1686 = ORIENTED_EDGE ( 'NONE', *, *, #2161, .T. ) ;
#1687 = CARTESIAN_POINT ( 'NONE',  ( -16.99499999999999744, 5.000000000000002665, -0.1049999999999999684 ) ) ;
#1688 = ADVANCED_FACE ( 'NONE', ( #2220 ), #2473, .F. ) ;
#1689 = CARTESIAN_POINT ( 'NONE',  ( -21.19500000000000028, -7.220000000000004192, -0.1049999999999999961 ) ) ;
#1690 = LINE ( 'NONE', #323, #2530 ) ;
#1691 = DIRECTION ( 'NONE',  ( -0.000000000000000000, -0.000000000000000000, 1.000000000000000000 ) ) ;
#1692 = CARTESIAN_POINT ( 'NONE',  ( -21.40503937007874313, 1.720000000000001306, -0.2700000000000003508 ) ) ;
#1693 = DIRECTION ( 'NONE',  ( 1.000000000000000000, 0.000000000000000000, 0.000000000000000000 ) ) ;
#1694 = VERTEX_POINT ( 'NONE', #637 ) ;
#1695 = FACE_BOUND ( 'NONE', #2959, .T. ) ;
#1696 = ORIENTED_EDGE ( 'NONE', *, *, #2351, .F. ) ;
#1697 = CARTESIAN_POINT ( 'NONE',  ( -21.15499999999999758, 7.469999999999998863, -0.7499999999999998890 ) ) ;
#1698 = CARTESIAN_POINT ( 'NONE',  ( 21.40500000000000469, -1.720000000000001306, -0.2700000000000007394 ) ) ;
#1699 = AXIS2_PLACEMENT_3D ( 'NONE', #919, #2264, #1376 ) ;
#1700 = AXIS2_PLACEMENT_3D ( 'NONE', #897, #1395, #2093 ) ;
#1701 = VECTOR ( 'NONE', #2389, 39.37007874015748143 ) ;
#1702 = DIRECTION ( 'NONE',  ( 0.000000000000000000, 0.000000000000000000, -1.000000000000000000 ) ) ;
#1703 = EDGE_CURVE ( 'NONE', #203, #260, #1519, .T. ) ;
#1704 = ADVANCED_FACE ( 'NONE', ( #853 ), #1321, .F. ) ;
#1705 = PLANE ( 'NONE',  #395 ) ;
#1706 = CARTESIAN_POINT ( 'NONE',  ( 21.30000000000000782, 4.520000000000001350, -0.5000000000000003331 ) ) ;
#1707 = VECTOR ( 'NONE', #2457, 39.37007874015748143 ) ;
#1708 = ORIENTED_EDGE ( 'NONE', *, *, #2955, .T. ) ;
#1709 = CARTESIAN_POINT ( 'NONE',  ( 21.40500000000000469, 4.520000000000001350, -0.5000000000000000000 ) ) ;
#1710 = DIRECTION ( 'NONE',  ( 0.000000000000000000, 0.000000000000000000, 1.000000000000000000 ) ) ;
#1711 = VERTEX_POINT ( 'NONE', #1740 ) ;
#1712 = VECTOR ( 'NONE', #297, 39.37007874015748143 ) ;
#1713 = FACE_BOUND ( 'NONE', #2287, .T. ) ;
#1714 = EDGE_LOOP ( 'NONE', ( #2493, #595, #907, #2993 ) ) ;
#1715 = DIRECTION ( 'NONE',  ( -1.000000000000000000, -0.000000000000000000, -1.626099996228726381E-16 ) ) ;
#1716 = ORIENTED_EDGE ( 'NONE', *, *, #115, .F. ) ;
#1717 = CARTESIAN_POINT ( 'NONE',  ( 21.19500000000000739, 7.220000000000002416, -0.2099999999999980216 ) ) ;
#1718 = DIRECTION ( 'NONE',  ( -1.000000000000000000, 0.000000000000000000, 0.000000000000000000 ) ) ;
#1719 = LINE ( 'NONE', #1252, #1612 ) ;
#1720 = DIRECTION ( 'NONE',  ( 0.000000000000000000, 1.000000000000000000, 0.000000000000000000 ) ) ;
#1721 = EDGE_CURVE ( 'NONE', #599, #1336, #2444, .T. ) ;
#1722 = EDGE_CURVE ( 'NONE', #1169, #1478, #1771, .T. ) ;
#1723 = ORIENTED_EDGE ( 'NONE', *, *, #819, .F. ) ;
#1724 = CYLINDRICAL_SURFACE ( 'NONE', #1841, 0.09999999999999947820 ) ;
#1725 = CARTESIAN_POINT ( 'NONE',  ( -11.85000000000000142, -1.499999999999970024, 0.000000000000000000 ) ) ;
#1726 = EDGE_CURVE ( 'NONE', #1280, #2742, #2958, .T. ) ;
#1727 = ORIENTED_EDGE ( 'NONE', *, *, #2215, .T. ) ;
#1728 = FACE_OUTER_BOUND ( 'NONE', #2346, .T. ) ;
#1729 = ORIENTED_EDGE ( 'NONE', *, *, #1208, .T. ) ;
#1730 = ORIENTED_EDGE ( 'NONE', *, *, #270, .F. ) ;
#1731 = VECTOR ( 'NONE', #830, 39.37007874015748143 ) ;
#1732 = DIRECTION ( 'NONE',  ( -0.000000000000000000, -0.000000000000000000, 1.000000000000000000 ) ) ;
#1733 = LINE ( 'NONE', #2228, #547 ) ;
#1734 = CARTESIAN_POINT ( 'NONE',  ( -21.06499999999999773, 3.750000000000000888, -0.1049999999999999684 ) ) ;
#1735 = CARTESIAN_POINT ( 'NONE',  ( -21.40499999999999758, 7.220000000000002416, -0.1049999999999999961 ) ) ;
#1736 = CARTESIAN_POINT ( 'NONE',  ( -21.15499999999999758, -7.365000000000003766, -0.2099999999999991318 ) ) ;
#1737 = DIRECTION ( 'NONE',  ( 0.000000000000000000, 0.000000000000000000, 1.000000000000000000 ) ) ;
#1738 = EDGE_CURVE ( 'NONE', #2301, #2256, #1582, .T. ) ;
#1739 = ORIENTED_EDGE ( 'NONE', *, *, #2469, .T. ) ;
#1740 = CARTESIAN_POINT ( 'NONE',  ( -11.72500000000000853, -1.499999999999970024, -0.1049999999999999684 ) ) ;
#1741 = ORIENTED_EDGE ( 'NONE', *, *, #467, .T. ) ;
#1742 = EDGE_CURVE ( 'NONE', #2292, #2337, #349, .T. ) ;
#1743 = EDGE_CURVE ( 'NONE', #1575, #2348, #1121, .T. ) ;
#1744 = DIRECTION ( 'NONE',  ( -0.000000000000000000, -0.000000000000000000, 1.000000000000000000 ) ) ;
#1745 = ORIENTED_EDGE ( 'NONE', *, *, #2592, .T. ) ;
#1746 = DIRECTION ( 'NONE',  ( 0.000000000000000000, 1.000000000000000000, 0.000000000000000000 ) ) ;
#1747 = VECTOR ( 'NONE', #906, 39.37007874015748143 ) ;
#1748 = AXIS2_PLACEMENT_3D ( 'NONE', #1347, #693, #464 ) ;
#1749 = DIRECTION ( 'NONE',  ( -1.000000000000000000, 0.000000000000000000, 0.000000000000000000 ) ) ;
#1750 = CIRCLE ( 'NONE', #2919, 0.4400000000000007794 ) ;
#1751 = CARTESIAN_POINT ( 'NONE',  ( 21.30000000000000782, 1.720000000000001306, -0.5000000000000003331 ) ) ;
#1752 = DIRECTION ( 'NONE',  ( 1.000000000000000000, 6.138984255425309662E-17, 0.000000000000000000 ) ) ;
#1753 = VECTOR ( 'NONE', #2341, 39.37007874015748143 ) ;
#1754 = CARTESIAN_POINT ( 'NONE',  ( 21.02500000000000568, -7.469999999999998863, -0.1049999999999999961 ) ) ;
#1755 = LINE ( 'NONE', #1961, #2415 ) ;
#1756 = DIRECTION ( 'NONE',  ( -1.000000000000000000, 0.000000000000000000, -3.491481338843132961E-15 ) ) ;
#1757 = ORIENTED_EDGE ( 'NONE', *, *, #2275, .T. ) ;
#1758 = DIRECTION ( 'NONE',  ( 1.000000000000000000, -0.000000000000000000, -0.000000000000000000 ) ) ;
#1759 = ORIENTED_EDGE ( 'NONE', *, *, #2370, .F. ) ;
#1760 = DIRECTION ( 'NONE',  ( -1.000000000000000000, 0.000000000000000000, -1.626099996228726381E-16 ) ) ;
#1761 = ADVANCED_FACE ( 'NONE', ( #1090 ), #823, .T. ) ;
#1762 = FACE_OUTER_BOUND ( 'NONE', #253, .T. ) ;
#1763 = EDGE_LOOP ( 'NONE', ( #1861, #1954, #859, #1556 ) ) ;
#1764 = DIRECTION ( 'NONE',  ( 0.000000000000000000, 1.000000000000000000, 0.000000000000000000 ) ) ;
#1765 = ADVANCED_FACE ( 'NONE', ( #1823 ), #261, .F. ) ;
#1766 = DIRECTION ( 'NONE',  ( 1.000000000000000000, 0.000000000000000000, 0.000000000000000000 ) ) ;
#1767 = DIRECTION ( 'NONE',  ( 1.295328588745494860E-16, -1.000000000000000000, 3.391901413832837195E-15 ) ) ;
#1768 = DIRECTION ( 'NONE',  ( 1.000000000000000000, -0.000000000000000000, 0.000000000000000000 ) ) ;
#1769 = DIRECTION ( 'NONE',  ( 0.000000000000000000, -0.000000000000000000, 1.000000000000000000 ) ) ;
#1770 = VERTEX_POINT ( 'NONE', #433 ) ;
#1771 = LINE ( 'NONE', #1104, #250 ) ;
#1772 = VERTEX_POINT ( 'NONE', #468 ) ;
#1773 = ORIENTED_EDGE ( 'NONE', *, *, #2895, .T. ) ;
#1774 = EDGE_LOOP ( 'NONE', ( #2051, #224, #186, #2456 ) ) ;
#1775 = PLANE ( 'NONE',  #1496 ) ;
#1776 = EDGE_CURVE ( 'NONE', #27, #1076, #2582, .T. ) ;
#1777 = EDGE_LOOP ( 'NONE', ( #2740, #1999, #238, #1476 ) ) ;
#1778 = DIRECTION ( 'NONE',  ( -0.000000000000000000, -0.000000000000000000, 1.000000000000000000 ) ) ;
#1779 = CARTESIAN_POINT ( 'NONE',  ( -11.39499999999999780, 1.899999999999995914, 0.000000000000000000 ) ) ;
#1780 = CARTESIAN_POINT ( 'NONE',  ( -21.16499999999999915, 3.750000000000000888, -0.1049999999999999684 ) ) ;
#1781 = CARTESIAN_POINT ( 'NONE',  ( 21.30000000000000782, -7.219999999999997975, -0.2099999999999980216 ) ) ;
#1782 = EDGE_LOOP ( 'NONE', ( #1154, #1598 ) ) ;
#1783 = CARTESIAN_POINT ( 'NONE',  ( 21.40500000000000469, 7.220000000000002416, -0.5000000000000000000 ) ) ;
#1784 = EDGE_LOOP ( 'NONE', ( #1609, #852, #2266, #1648 ) ) ;
#1785 = VECTOR ( 'NONE', #1371, 39.37007874015748143 ) ;
#1786 = ORIENTED_EDGE ( 'NONE', *, *, #1302, .T. ) ;
#1787 = CYLINDRICAL_SURFACE ( 'NONE', #843, 0.09999999999999947820 ) ;
#1788 = ORIENTED_EDGE ( 'NONE', *, *, #6, .F. ) ;
#1789 = DIRECTION ( 'NONE',  ( -0.000000000000000000, -0.000000000000000000, 1.000000000000000000 ) ) ;
#1790 = ORIENTED_EDGE ( 'NONE', *, *, #1041, .T. ) ;
#1791 = LINE ( 'NONE', #2907, #1275 ) ;
#1792 = DIRECTION ( 'NONE',  ( -0.000000000000000000, -0.000000000000000000, 1.000000000000000000 ) ) ;
#1793 = CIRCLE ( 'NONE', #883, 0.4399999999999996692 ) ;
#1794 = EDGE_CURVE ( 'NONE', #1152, #2841, #1518, .T. ) ;
#1795 = EDGE_CURVE ( 'NONE', #2292, #2651, #2286, .T. ) ;
#1796 = CARTESIAN_POINT ( 'NONE',  ( -11.39499999999999780, 1.899999999999995914, -0.7500000000000004441 ) ) ;
#1797 = VECTOR ( 'NONE', #752, 39.37007874015748143 ) ;
#1798 = VERTEX_POINT ( 'NONE', #3002 ) ;
#1799 = CIRCLE ( 'NONE', #889, 0.09499999999999994560 ) ;
#1800 = DIRECTION ( 'NONE',  ( 0.000000000000000000, 0.000000000000000000, -1.000000000000000000 ) ) ;
#1801 = ORIENTED_EDGE ( 'NONE', *, *, #2734, .F. ) ;
#1802 = VECTOR ( 'NONE', #2448, 39.37007874015748143 ) ;
#1803 = CYLINDRICAL_SURFACE ( 'NONE', #1269, 0.4400000000000007794 ) ;
#1804 = ORIENTED_EDGE ( 'NONE', *, *, #2430, .F. ) ;
#1805 = DIRECTION ( 'NONE',  ( -1.626099996228726381E-16, 0.000000000000000000, -1.000000000000000000 ) ) ;
#1806 = ORIENTED_EDGE ( 'NONE', *, *, #2312, .F. ) ;
#1807 = CARTESIAN_POINT ( 'NONE',  ( -13.99499999999999744, 5.000000000000002665, 0.000000000000000000 ) ) ;
#1808 = DIRECTION ( 'NONE',  ( -1.000000000000000000, 0.000000000000000000, 0.000000000000000000 ) ) ;
#1809 = EDGE_CURVE ( 'NONE', #2402, #2064, #2229, .T. ) ;
#1810 = EDGE_CURVE ( 'NONE', #1770, #2253, #294, .T. ) ;
#1811 = CARTESIAN_POINT ( 'NONE',  ( 20.08000000000001251, 2.500000000000000444, -0.1049999999999999684 ) ) ;
#1812 = EDGE_LOOP ( 'NONE', ( #710, #1094, #435, #681 ) ) ;
#1813 = ORIENTED_EDGE ( 'NONE', *, *, #132, .F. ) ;
#1814 = CARTESIAN_POINT ( 'NONE',  ( -7.994999999999998330, 5.000000000000002665, 0.000000000000000000 ) ) ;
#1815 = ORIENTED_EDGE ( 'NONE', *, *, #2026, .T. ) ;
#1816 = FACE_OUTER_BOUND ( 'NONE', #2285, .T. ) ;
#1817 = ORIENTED_EDGE ( 'NONE', *, *, #2011, .F. ) ;
#1818 = DIRECTION ( 'NONE',  ( -1.000000000000000000, 0.000000000000000000, 1.626099996228726381E-16 ) ) ;
#1819 = CARTESIAN_POINT ( 'NONE',  ( -21.40499999999999758, -7.220000000000004192, 0.000000000000000000 ) ) ;
#1820 = DIRECTION ( 'NONE',  ( 3.491481338843132961E-15, -0.000000000000000000, 1.000000000000000000 ) ) ;
#1821 = DIRECTION ( 'NONE',  ( 6.776677193585765683E-15, 0.000000000000000000, 1.000000000000000000 ) ) ;
#1822 = ORIENTED_EDGE ( 'NONE', *, *, #984, .F. ) ;
#1823 = FACE_OUTER_BOUND ( 'NONE', #167, .T. ) ;
#1824 = ORIENTED_EDGE ( 'NONE', *, *, #447, .T. ) ;
#1825 = EDGE_CURVE ( 'NONE', #2717, #2074, #2560, .T. ) ;
#1826 = LINE ( 'NONE', #16, #2234 ) ;
#1827 = ORIENTED_EDGE ( 'NONE', *, *, #2392, .F. ) ;
#1828 = EDGE_CURVE ( 'NONE', #2583, #2489, #1423, .T. ) ;
#1829 = EDGE_CURVE ( 'NONE', #643, #1875, #2081, .T. ) ;
#1830 = DIRECTION ( 'NONE',  ( -0.000000000000000000, -0.000000000000000000, -1.000000000000000000 ) ) ;
#1831 = VECTOR ( 'NONE', #1789, 39.37007874015748143 ) ;
#1832 = ORIENTED_EDGE ( 'NONE', *, *, #2969, .T. ) ;
#1833 = DIRECTION ( 'NONE',  ( 0.000000000000000000, 0.000000000000000000, 1.000000000000000000 ) ) ;
#1834 = LINE ( 'NONE', #2076, #976 ) ;
#1835 = CARTESIAN_POINT ( 'NONE',  ( 20.17500000000001137, 3.750000000000000888, -0.1049999999999999684 ) ) ;
#1836 = ORIENTED_EDGE ( 'NONE', *, *, #2416, .T. ) ;
#1837 = CARTESIAN_POINT ( 'NONE',  ( 15.82000000000000206, 0.000000000000000000, -0.1049999999999999961 ) ) ;
#1838 = DIRECTION ( 'NONE',  ( 0.000000000000000000, 0.000000000000000000, 1.000000000000000000 ) ) ;
#1839 = CIRCLE ( 'NONE', #591, 0.1249999999999862332 ) ;
#1840 = AXIS2_PLACEMENT_3D ( 'NONE', #1605, #197, #1389 ) ;
#1841 = AXIS2_PLACEMENT_3D ( 'NONE', #2422, #2358, #28 ) ;
#1842 = AXIS2_PLACEMENT_3D ( 'NONE', #10, #494, #950 ) ;
#1843 = VERTEX_POINT ( 'NONE', #13 ) ;
#1844 = DIRECTION ( 'NONE',  ( 6.776677193585764106E-15, 3.388338596792882053E-15, 1.000000000000000000 ) ) ;
#1845 = EDGE_LOOP ( 'NONE', ( #2780, #626, #301, #160 ) ) ;
#1846 = FACE_OUTER_BOUND ( 'NONE', #997, .T. ) ;
#1847 = ADVANCED_FACE ( 'NONE', ( #1649 ), #2572, .T. ) ;
#1848 = ADVANCED_FACE ( 'NONE', ( #1637 ), #923, .F. ) ;
#1849 = ORIENTED_EDGE ( 'NONE', *, *, #1079, .F. ) ;
#1850 = FACE_OUTER_BOUND ( 'NONE', #1235, .T. ) ;
#1851 = EDGE_CURVE ( 'NONE', #141, #2115, #2315, .T. ) ;
#1852 = AXIS2_PLACEMENT_3D ( 'NONE', #698, #499, #279 ) ;
#1853 = CARTESIAN_POINT ( 'NONE',  ( -21.16499999999999915, -3.750000000000003997, -0.7500000000000004441 ) ) ;
#1854 = DIRECTION ( 'NONE',  ( 0.000000000000000000, 1.000000000000000000, 3.252199992457520505E-15 ) ) ;
#1855 = LINE ( 'NONE', #2985, #137 ) ;
#1856 = ORIENTED_EDGE ( 'NONE', *, *, #1301, .F. ) ;
#1857 = CARTESIAN_POINT ( 'NONE',  ( 21.19500000000000739, 7.220000000000002416, -0.2099999999999980216 ) ) ;
#1858 = LINE ( 'NONE', #2794, #402 ) ;
#1859 = ORIENTED_EDGE ( 'NONE', *, *, #1056, .F. ) ;
#1860 = CARTESIAN_POINT ( 'NONE',  ( -21.06499999999999773, -3.750000000000003997, 0.000000000000000000 ) ) ;
#1861 = ORIENTED_EDGE ( 'NONE', *, *, #1941, .T. ) ;
#1862 = AXIS2_PLACEMENT_3D ( 'NONE', #2497, #2263, #355 ) ;
#1863 = CYLINDRICAL_SURFACE ( 'NONE', #2194, 0.09499999999999994560 ) ;
#1864 = ORIENTED_EDGE ( 'NONE', *, *, #2254, .F. ) ;
#1865 = ADVANCED_FACE ( 'NONE', ( #953 ), #2533, .F. ) ;
#1866 = CARTESIAN_POINT ( 'NONE',  ( 21.30000000000000782, -1.720000000000001306, -0.2700000000000007394 ) ) ;
#1867 = EDGE_CURVE ( 'NONE', #2550, #1694, #2974, .T. ) ;
#1868 = CARTESIAN_POINT ( 'NONE',  ( -21.40500000000000114, 7.220000000000002416, -0.7500000000000001110 ) ) ;
#1869 = CARTESIAN_POINT ( 'NONE',  ( 21.02500000000000924, 7.259999999999999787, 1.297627796990524979E-15 ) ) ;
#1870 = ORIENTED_EDGE ( 'NONE', *, *, #1207, .T. ) ;
#1871 = CARTESIAN_POINT ( 'NONE',  ( -11.84999999999999254, 1.500000000000030198, 0.000000000000000000 ) ) ;
#1872 = CARTESIAN_POINT ( 'NONE',  ( 2.535000000000005471, 3.680000000000005045, -0.1049999999999999961 ) ) ;
#1873 = VERTEX_POINT ( 'NONE', #1811 ) ;
#1874 = LINE ( 'NONE', #1398, #2821 ) ;
#1875 = VERTEX_POINT ( 'NONE', #664 ) ;
#1876 = VECTOR ( 'NONE', #1830, 39.37007874015748143 ) ;
#1877 = CARTESIAN_POINT ( 'NONE',  ( 21.19500000000000739, -7.219999999999998863, -0.1049999999999990108 ) ) ;
#1878 = ORIENTED_EDGE ( 'NONE', *, *, #2277, .T. ) ;
#1879 = AXIS2_PLACEMENT_3D ( 'NONE', #3011, #1356, #173 ) ;
#1880 = CARTESIAN_POINT ( 'NONE',  ( -21.19500000000000028, 7.220000000000002416, 2.390366994456230070E-16 ) ) ;
#1881 = CARTESIAN_POINT ( 'NONE',  ( 21.02500000000000568, -7.469999999999998863, -0.1049999999999996353 ) ) ;
#1882 = ADVANCED_FACE ( 'NONE', ( #232 ), #1165, .F. ) ;
#1883 = EDGE_CURVE ( 'NONE', #1076, #1639, #2515, .T. ) ;
#1884 = VERTEX_POINT ( 'NONE', #1498 ) ;
#1885 = CARTESIAN_POINT ( 'NONE',  ( 12.19000000000000128, -1.815000000000004166, -0.7500000000000004441 ) ) ;
#1886 = DIRECTION ( 'NONE',  ( -0.000000000000000000, -0.000000000000000000, 1.000000000000000000 ) ) ;
#1887 = ORIENTED_EDGE ( 'NONE', *, *, #1337, .T. ) ;
#1888 = VECTOR ( 'NONE', #1480, 39.37007874015748143 ) ;
#1889 = DIRECTION ( 'NONE',  ( -1.000000000000000000, -6.138984255425309662E-17, 0.000000000000000000 ) ) ;
#1890 = ORIENTED_EDGE ( 'NONE', *, *, #1616, .F. ) ;
#1891 = DIRECTION ( 'NONE',  ( 1.000000000000000000, 0.000000000000000000, 0.000000000000000000 ) ) ;
#1892 = VECTOR ( 'NONE', #1086, 39.37007874015748143 ) ;
#1893 = VECTOR ( 'NONE', #2375, 39.37007874015748143 ) ;
#1894 = ORIENTED_EDGE ( 'NONE', *, *, #2067, .F. ) ;
#1895 = CIRCLE ( 'NONE', #1946, 0.1049999999999979283 ) ;
#1896 = DIRECTION ( 'NONE',  ( 0.000000000000000000, 3.388338596792882842E-15, -1.000000000000000000 ) ) ;
#1897 = CARTESIAN_POINT ( 'NONE',  ( 21.30000000000000782, 0.000000000000000000, 0.000000000000000000 ) ) ;
#1898 = LINE ( 'NONE', #785, #47 ) ;
#1899 = ORIENTED_EDGE ( 'NONE', *, *, #1647, .F. ) ;
#1900 = LINE ( 'NONE', #755, #243 ) ;
#1901 = LINE ( 'NONE', #967, #651 ) ;
#1902 = EDGE_CURVE ( 'NONE', #1212, #263, #788, .T. ) ;
#1903 = ORIENTED_EDGE ( 'NONE', *, *, #780, .F. ) ;
#1904 = FACE_OUTER_BOUND ( 'NONE', #480, .T. ) ;
#1905 = ORIENTED_EDGE ( 'NONE', *, *, #1337, .F. ) ;
#1906 = LINE ( 'NONE', #2132, #2588 ) ;
#1907 = ORIENTED_EDGE ( 'NONE', *, *, #269, .F. ) ;
#1908 = DIRECTION ( 'NONE',  ( 0.000000000000000000, -1.000000000000000000, -1.219574997171546326E-16 ) ) ;
#1909 = CARTESIAN_POINT ( 'NONE',  ( -21.15499999999999758, 7.469999999999997975, -0.2099999999999998812 ) ) ;
#1910 = CARTESIAN_POINT ( 'NONE',  ( -4.554999999999997051, 5.000000000000002665, -0.1049999999999999684 ) ) ;
#1911 = DIRECTION ( 'NONE',  ( 0.000000000000000000, 0.000000000000000000, -1.000000000000000000 ) ) ;
#1912 = EDGE_LOOP ( 'NONE', ( #654, #778, #1566, #564 ) ) ;
#1913 = CARTESIAN_POINT ( 'NONE',  ( 8.005000000000004334, 3.680000000000004601, 0.000000000000000000 ) ) ;
#1914 = DIRECTION ( 'NONE',  ( 0.000000000000000000, 0.000000000000000000, -1.000000000000000000 ) ) ;
#1915 = EDGE_CURVE ( 'NONE', #1772, #1114, #998, .T. ) ;
#1916 = EDGE_LOOP ( 'NONE', ( #256, #2858, #1137, #80 ) ) ;
#1917 = FACE_BOUND ( 'NONE', #2988, .T. ) ;
#1918 = ORIENTED_EDGE ( 'NONE', *, *, #115, .T. ) ;
#1919 = VECTOR ( 'NONE', #1479, 39.37007874015748143 ) ;
#1920 = DIRECTION ( 'NONE',  ( -0.000000000000000000, -0.000000000000000000, -1.000000000000000000 ) ) ;
#1921 = EDGE_CURVE ( 'NONE', #260, #50, #2867, .T. ) ;
#1922 = EDGE_CURVE ( 'NONE', #2735, #2583, #1900, .T. ) ;
#1923 = ORIENTED_EDGE ( 'NONE', *, *, #2049, .F. ) ;
#1924 = FACE_OUTER_BOUND ( 'NONE', #584, .T. ) ;
#1925 = AXIS2_PLACEMENT_3D ( 'NONE', #1807, #1313, #147 ) ;
#1926 = CARTESIAN_POINT ( 'NONE',  ( -21.40503937007874313, -4.520000000000001350, -0.5000000000000002220 ) ) ;
#1927 = DIRECTION ( 'NONE',  ( 1.000000000000000000, 0.000000000000000000, 0.000000000000000000 ) ) ;
#1928 = DIRECTION ( 'NONE',  ( -0.000000000000000000, -0.000000000000000000, 1.000000000000000000 ) ) ;
#1929 = ORIENTED_EDGE ( 'NONE', *, *, #670, .F. ) ;
#1930 = CARTESIAN_POINT ( 'NONE',  ( 20.08000000000001251, -3.750000000000003997, -0.7500000000000004441 ) ) ;
#1931 = CARTESIAN_POINT ( 'NONE',  ( -21.19500000000000028, -7.220000000000004192, -0.1049999999999997324 ) ) ;
#1932 = ORIENTED_EDGE ( 'NONE', *, *, #1809, .T. ) ;
#1933 = FACE_BOUND ( 'NONE', #922, .T. ) ;
#1934 = ORIENTED_EDGE ( 'NONE', *, *, #157, .T. ) ;
#1935 = VECTOR ( 'NONE', #2371, 39.37007874015748143 ) ;
#1936 = VERTEX_POINT ( 'NONE', #1913 ) ;
#1937 = CARTESIAN_POINT ( 'NONE',  ( -16.55499999999999616, 5.000000000000002665, 0.000000000000000000 ) ) ;
#1938 = AXIS2_PLACEMENT_3D ( 'NONE', #2405, #2864, #784 ) ;
#1939 = ADVANCED_FACE ( 'NONE', ( #805 ), #71, .F. ) ;
#1940 = VECTOR ( 'NONE', #697, 39.37007874015748143 ) ;
#1941 = EDGE_CURVE ( 'NONE', #74, #1180, #575, .T. ) ;
#1942 = CIRCLE ( 'NONE', #1416, 0.2099999999999989930 ) ;
#1943 = CARTESIAN_POINT ( 'NONE',  ( -11.97499999999998010, 1.500000000000030198, -0.7500000000000004441 ) ) ;
#1944 = CARTESIAN_POINT ( 'NONE',  ( -21.06499999999999773, 3.750000000000000888, 0.000000000000000000 ) ) ;
#1945 = LINE ( 'NONE', #526, #1126 ) ;
#1946 = AXIS2_PLACEMENT_3D ( 'NONE', #682, #3007, #204 ) ;
#1947 = EDGE_LOOP ( 'NONE', ( #2962, #2903, #1739, #240 ) ) ;
#1948 = CARTESIAN_POINT ( 'NONE',  ( 21.30000000000000782, -4.520000000000001350, -0.5000000000000002220 ) ) ;
#1949 = CARTESIAN_POINT ( 'NONE',  ( -2.040000000000000480, -1.499999999999992006, -0.1049999999999999684 ) ) ;
#1950 = VERTEX_POINT ( 'NONE', #1484 ) ;
#1951 = FACE_BOUND ( 'NONE', #992, .T. ) ;
#1952 = ORIENTED_EDGE ( 'NONE', *, *, #1151, .T. ) ;
#1953 = LINE ( 'NONE', #810, #2225 ) ;
#1954 = ORIENTED_EDGE ( 'NONE', *, *, #6, .T. ) ;
#1955 = DIRECTION ( 'NONE',  ( 0.000000000000000000, -0.000000000000000000, -1.000000000000000000 ) ) ;
#1956 = ADVANCED_FACE ( 'NONE', ( #2621 ), #1195, .F. ) ;
#1957 = DIRECTION ( 'NONE',  ( -1.000000000000000000, -0.000000000000000000, -0.000000000000000000 ) ) ;
#1958 = DIRECTION ( 'NONE',  ( 6.776677193585764106E-15, 3.388338596792882053E-15, 1.000000000000000000 ) ) ;
#1959 = ADVANCED_FACE ( 'NONE', ( #2839 ), #1724, .F. ) ;
#1960 = CARTESIAN_POINT ( 'NONE',  ( -2.494999999999996110, 1.899999999999996358, -0.1049999999999999684 ) ) ;
#1961 = CARTESIAN_POINT ( 'NONE',  ( -2.494999999999996110, -1.900000000000003464, 0.000000000000000000 ) ) ;
#1962 = EDGE_LOOP ( 'NONE', ( #2978, #343, #875, #2571 ) ) ;
#1963 = CARTESIAN_POINT ( 'NONE',  ( 21.19500000000000739, 7.220000000000002416, -0.1049999999999990108 ) ) ;
#1964 = ORIENTED_EDGE ( 'NONE', *, *, #1429, .T. ) ;
#1965 = CARTESIAN_POINT ( 'NONE',  ( 15.82000000000000206, 1.814999999999995506, 0.000000000000000000 ) ) ;
#1966 = VERTEX_POINT ( 'NONE', #278 ) ;
#1967 = CARTESIAN_POINT ( 'NONE',  ( -11.84999999999999254, 1.500000000000030198, 0.000000000000000000 ) ) ;
#1968 = CARTESIAN_POINT ( 'NONE',  ( -2.165000000000000924, -1.499999999999992006, 0.000000000000000000 ) ) ;
#1969 = DIRECTION ( 'NONE',  ( 0.000000000000000000, 0.000000000000000000, 1.000000000000000000 ) ) ;
#1970 = LINE ( 'NONE', #2908, #2645 ) ;
#1971 = AXIS2_PLACEMENT_3D ( 'NONE', #629, #1328, #2647 ) ;
#1972 = DIRECTION ( 'NONE',  ( -0.000000000000000000, -0.000000000000000000, 1.000000000000000000 ) ) ;
#1973 = DIRECTION ( 'NONE',  ( 0.000000000000000000, 1.000000000000000000, 0.000000000000000000 ) ) ;
#1974 = EDGE_CURVE ( 'NONE', #1280, #2301, #1030, .T. ) ;
#1975 = ADVANCED_FACE ( 'NONE', ( #2652 ), #2408, .F. ) ;
#1976 = EDGE_LOOP ( 'NONE', ( #1370, #1029, #1552, #2558 ) ) ;
#1977 = CARTESIAN_POINT ( 'NONE',  ( -20.96499999999999986, 3.750000000000000888, -0.7500000000000004441 ) ) ;
#1978 = VERTEX_POINT ( 'NONE', #1014 ) ;
#1979 = FACE_OUTER_BOUND ( 'NONE', #689, .T. ) ;
#1980 = ORIENTED_EDGE ( 'NONE', *, *, #2575, .F. ) ;
#1981 = DIRECTION ( 'NONE',  ( -1.000000000000000000, 0.000000000000000000, 0.000000000000000000 ) ) ;
#1982 = AXIS2_PLACEMENT_3D ( 'NONE', #1544, #1987, #2015 ) ;
#1983 = AXIS2_PLACEMENT_3D ( 'NONE', #11, #2544, #2342 ) ;
#1984 = VECTOR ( 'NONE', #1466, 39.37007874015748143 ) ;
#1985 = FACE_OUTER_BOUND ( 'NONE', #207, .T. ) ;
#1986 = AXIS2_PLACEMENT_3D ( 'NONE', #2078, #1379, #1597 ) ;
#1987 = DIRECTION ( 'NONE',  ( 0.000000000000000000, -1.000000000000000000, 0.000000000000000000 ) ) ;
#1988 = LINE ( 'NONE', #632, #2997 ) ;
#1989 = AXIS2_PLACEMENT_3D ( 'NONE', #2757, #428, #1361 ) ;
#1990 = AXIS2_PLACEMENT_3D ( 'NONE', #309, #2186, #1027 ) ;
#1991 = CARTESIAN_POINT ( 'NONE',  ( -11.72500000000000675, 1.500000000000030198, 0.000000000000000000 ) ) ;
#1992 = ORIENTED_EDGE ( 'NONE', *, *, #2860, .F. ) ;
#1993 = CARTESIAN_POINT ( 'NONE',  ( -11.72500000000000675, 1.500000000000030198, -0.1049999999999999684 ) ) ;
#1994 = ORIENTED_EDGE ( 'NONE', *, *, #2895, .F. ) ;
#1995 = EDGE_CURVE ( 'NONE', #1455, #2936, #1750, .T. ) ;
#1996 = CARTESIAN_POINT ( 'NONE',  ( 21.30000000000000782, 7.220000000000002416, -0.2099999999999980216 ) ) ;
#1997 = ORIENTED_EDGE ( 'NONE', *, *, #1829, .F. ) ;
#1998 = FACE_OUTER_BOUND ( 'NONE', #295, .T. ) ;
#1999 = ORIENTED_EDGE ( 'NONE', *, *, #2575, .T. ) ;
#2000 = PLANE ( 'NONE',  #2433 ) ;
#2001 = DIRECTION ( 'NONE',  ( 1.000000000000000000, 0.000000000000000000, 0.000000000000000000 ) ) ;
#2002 = DIRECTION ( 'NONE',  ( 0.000000000000000000, -0.000000000000000000, 1.000000000000000000 ) ) ;
#2003 = DIRECTION ( 'NONE',  ( -0.000000000000000000, -0.000000000000000000, 1.000000000000000000 ) ) ;
#2004 = ORIENTED_EDGE ( 'NONE', *, *, #2696, .F. ) ;
#2005 = FACE_OUTER_BOUND ( 'NONE', #2777, .T. ) ;
#2006 = ORIENTED_EDGE ( 'NONE', *, *, #2411, .T. ) ;
#2007 = ORIENTED_EDGE ( 'NONE', *, *, #1825, .F. ) ;
#2008 = FACE_OUTER_BOUND ( 'NONE', #1098, .T. ) ;
#2009 = VERTEX_POINT ( 'NONE', #57 ) ;
#2010 = EDGE_CURVE ( 'NONE', #2944, #2348, #326, .T. ) ;
#2011 = EDGE_CURVE ( 'NONE', #2301, #2583, #2590, .T. ) ;
#2012 = VERTEX_POINT ( 'NONE', #44 ) ;
#2013 = CARTESIAN_POINT ( 'NONE',  ( 8.005000000000004334, 3.680000000000004601, -0.1049999999999999684 ) ) ;
#2014 = CIRCLE ( 'NONE', #1349, 0.09499999999999994560 ) ;
#2015 = DIRECTION ( 'NONE',  ( 0.000000000000000000, -0.000000000000000000, -1.000000000000000000 ) ) ;
#2016 = CARTESIAN_POINT ( 'NONE',  ( -7.994999999999998330, 5.000000000000002665, -0.1049999999999999684 ) ) ;
#2017 = LINE ( 'NONE', #401, #138 ) ;
#2018 = ORIENTED_EDGE ( 'NONE', *, *, #1045, .T. ) ;
#2019 = DIRECTION ( 'NONE',  ( 1.000000000000000000, 0.000000000000000000, 0.000000000000000000 ) ) ;
#2020 = VERTEX_POINT ( 'NONE', #528 ) ;
#2021 = CARTESIAN_POINT ( 'NONE',  ( -7.554999999999998828, 5.000000000000002665, -0.7500000000000004441 ) ) ;
#2022 = ORIENTED_EDGE ( 'NONE', *, *, #2672, .F. ) ;
#2023 = CARTESIAN_POINT ( 'NONE',  ( -21.15499999999999758, -7.365000000000006430, -0.7500000000000004441 ) ) ;
#2024 = VERTEX_POINT ( 'NONE', #1256 ) ;
#2025 = EDGE_CURVE ( 'NONE', #1673, #2064, #2377, .T. ) ;
#2026 = EDGE_CURVE ( 'NONE', #27, #1141, #2142, .T. ) ;
#2027 = DIRECTION ( 'NONE',  ( 0.000000000000000000, 1.000000000000000000, 0.000000000000000000 ) ) ;
#2028 = AXIS2_PLACEMENT_3D ( 'NONE', #1531, #1177, #1593 ) ;
#2029 = AXIS2_PLACEMENT_3D ( 'NONE', #485, #92, #565 ) ;
#2030 = DIRECTION ( 'NONE',  ( -6.776677193585764106E-15, 0.000000000000000000, -1.000000000000000000 ) ) ;
#2031 = FACE_OUTER_BOUND ( 'NONE', #854, .T. ) ;
#2032 = AXIS2_PLACEMENT_3D ( 'NONE', #1387, #1115, #2307 ) ;
#2033 = ORIENTED_EDGE ( 'NONE', *, *, #962, .F. ) ;
#2034 = DIRECTION ( 'NONE',  ( 1.000000000000000000, 0.000000000000000000, 0.000000000000000000 ) ) ;
#2035 = ORIENTED_EDGE ( 'NONE', *, *, #367, .F. ) ;
#2036 = AXIS2_PLACEMENT_3D ( 'NONE', #2669, #598, #1291 ) ;
#2037 = VERTEX_POINT ( 'NONE', #2171 ) ;
#2038 = PLANE ( 'NONE',  #593 ) ;
#2039 = ORIENTED_EDGE ( 'NONE', *, *, #42, .F. ) ;
#2040 = CARTESIAN_POINT ( 'NONE',  ( -4.994999999999996554, 5.000000000000002665, -0.1049999999999999684 ) ) ;
#2041 = ORIENTED_EDGE ( 'NONE', *, *, #1487, .F. ) ;
#2042 = APPLICATION_PROTOCOL_DEFINITION ( 'draft international standard', 'automotive_design', 1998, #2048 ) ;
#2043 = CARTESIAN_POINT ( 'NONE',  ( -21.15499999999999758, 7.469999999999996199, -0.1049999999999996353 ) ) ;
#2044 = EDGE_CURVE ( 'NONE', #2074, #470, #86, .T. ) ;
#2045 = VECTOR ( 'NONE', #533, 39.37007874015748143 ) ;
#2046 = FACE_OUTER_BOUND ( 'NONE', #2398, .T. ) ;
#2047 = DIRECTION ( 'NONE',  ( 0.000000000000000000, 0.000000000000000000, 1.000000000000000000 ) ) ;
#2048 = APPLICATION_CONTEXT ( 'automotive_design' ) ;
#2049 = EDGE_CURVE ( 'NONE', #551, #2352, #1123, .T. ) ;
#2050 = EDGE_CURVE ( 'NONE', #1016, #2449, #2928, .T. ) ;
#2051 = ORIENTED_EDGE ( 'NONE', *, *, #288, .F. ) ;
#2052 = DIRECTION ( 'NONE',  ( 9.658932952339059618E-30, -1.000000000000000000, -2.766428348014441609E-15 ) ) ;
#2053 = ORIENTED_EDGE ( 'NONE', *, *, #2788, .T. ) ;
#2054 = EDGE_LOOP ( 'NONE', ( #1730, #484 ) ) ;
#2055 = PLANE ( 'NONE',  #2487 ) ;
#2056 = VERTEX_POINT ( 'NONE', #1960 ) ;
#2057 = PLANE ( 'NONE',  #1500 ) ;
#2058 = EDGE_LOOP ( 'NONE', ( #530, #2245, #1483, #712 ) ) ;
#2059 = DIMENSIONAL_EXPONENTS ( 1.000000000000000000, 0.000000000000000000, 0.000000000000000000, 0.000000000000000000, 0.000000000000000000, 0.000000000000000000, 0.000000000000000000 ) ;
#2060 = CARTESIAN_POINT ( 'NONE',  ( -21.15499999999999758, -7.260000000000000675, -0.2099999999999966060 ) ) ;
#2061 = CIRCLE ( 'NONE', #1155, 0.1250000000000004441 ) ;
#2062 = DIRECTION ( 'NONE',  ( -1.000000000000000000, -0.000000000000000000, 6.722570487708308394E-15 ) ) ;
#2063 = CARTESIAN_POINT ( 'NONE',  ( -20.96499999999999986, -3.750000000000003997, -0.7500000000000004441 ) ) ;
#2064 = VERTEX_POINT ( 'NONE', #1991 ) ;
#2065 = DIRECTION ( 'NONE',  ( 1.000000000000000000, 0.000000000000000000, 0.000000000000000000 ) ) ;
#2066 = ADVANCED_FACE ( 'NONE', ( #164 ), #1072, .F. ) ;
#2067 = EDGE_CURVE ( 'NONE', #1336, #2292, #878, .T. ) ;
#2068 = EDGE_LOOP ( 'NONE', ( #1341, #1491, #1497, #1157 ) ) ;
#2069 = DIRECTION ( 'NONE',  ( 0.000000000000000000, -1.219574997171546326E-16, 1.000000000000000000 ) ) ;
#2070 = ORIENTED_EDGE ( 'NONE', *, *, #2986, .F. ) ;
#2071 = EDGE_CURVE ( 'NONE', #1217, #2024, #2956, .T. ) ;
#2072 = DIRECTION ( 'NONE',  ( -1.000000000000000000, 0.000000000000000000, -3.491481338843132961E-15 ) ) ;
#2073 = AXIS2_PLACEMENT_3D ( 'NONE', #701, #672, #458 ) ;
#2074 = VERTEX_POINT ( 'NONE', #2731 ) ;
#2075 = CARTESIAN_POINT ( 'NONE',  ( 20.08000000000001251, -2.500000000000003997, -0.1049999999999999684 ) ) ;
#2076 = CARTESIAN_POINT ( 'NONE',  ( -7.740883646343118134E-16, 7.470000000000000639, -0.7500000000000001110 ) ) ;
#2077 = ORIENTED_EDGE ( 'NONE', *, *, #862, .T. ) ;
#2078 = CARTESIAN_POINT ( 'NONE',  ( 20.17500000000001137, -3.750000000000003997, -0.7500000000000004441 ) ) ;
#2079 = DIRECTION ( 'NONE',  ( 0.000000000000000000, 0.000000000000000000, -1.000000000000000000 ) ) ;
#2080 = VECTOR ( 'NONE', #1135, 39.37007874015748143 ) ;
#2081 = CIRCLE ( 'NONE', #2383, 0.2099999999999989930 ) ;
#2082 = AXIS2_PLACEMENT_3D ( 'NONE', #353, #1069, #1766 ) ;
#2083 = ADVANCED_FACE ( 'NONE', ( #356 ), #371, .F. ) ;
#2084 = CARTESIAN_POINT ( 'NONE',  ( -21.29999999999999716, 7.220000000000002416, -0.2099999999999980216 ) ) ;
#2085 = EDGE_LOOP ( 'NONE', ( #1245, #3, #2290, #2975 ) ) ;
#2086 = LINE ( 'NONE', #411, #1643 ) ;
#2087 = AXIS2_PLACEMENT_3D ( 'NONE', #1216, #1246, #2363 ) ;
#2088 = ORIENTED_EDGE ( 'NONE', *, *, #1795, .T. ) ;
#2089 = CARTESIAN_POINT ( 'NONE',  ( 21.40500000000000469, -7.219999999999997975, -0.2099999999999980216 ) ) ;
#2090 = CARTESIAN_POINT ( 'NONE',  ( -21.29999999999999716, -7.220000000000004192, -0.2099999999999980216 ) ) ;
#2091 = DIRECTION ( 'NONE',  ( -0.000000000000000000, -0.000000000000000000, 1.000000000000000000 ) ) ;
#2092 = VERTEX_POINT ( 'NONE', #1303 ) ;
#2093 = DIRECTION ( 'NONE',  ( -1.000000000000000000, 0.000000000000000000, 0.000000000000000000 ) ) ;
#2094 = DIRECTION ( 'NONE',  ( -0.000000000000000000, -1.000000000000000000, -0.000000000000000000 ) ) ;
#2095 = ORIENTED_EDGE ( 'NONE', *, *, #1651, .F. ) ;
#2096 = CARTESIAN_POINT ( 'NONE',  ( -7.554999999999998828, 5.000000000000002665, 0.000000000000000000 ) ) ;
#2097 = ORIENTED_EDGE ( 'NONE', *, *, #1742, .T. ) ;
#2098 = CARTESIAN_POINT ( 'NONE',  ( 21.19500000000000739, 7.220000000000002416, 0.000000000000000000 ) ) ;
#2099 = EDGE_LOOP ( 'NONE', ( #2934, #2317, #2077, #405 ) ) ;
#2100 =( CONVERSION_BASED_UNIT ( 'INCH', #1445 ) LENGTH_UNIT ( ) NAMED_UNIT ( #2733 ) );
#2101 = ADVANCED_FACE ( 'NONE', ( #2700 ), #622, .T. ) ;
#2102 = ADVANCED_FACE ( 'NONE', ( #1102 ), #1315, .F. ) ;
#2103 = CARTESIAN_POINT ( 'NONE',  ( -2.164999999999987157, 1.500000000000009326, -0.1049999999999999684 ) ) ;
#2104 = CARTESIAN_POINT ( 'NONE',  ( -21.40500000000000114, -7.220000000000004192, -0.7500000000000001110 ) ) ;
#2105 = CARTESIAN_POINT ( 'NONE',  ( -20.96499999999999986, 3.750000000000000888, -0.1049999999999999684 ) ) ;
#2106 = EDGE_CURVE ( 'NONE', #882, #1596, #930, .T. ) ;
#2107 = ORIENTED_EDGE ( 'NONE', *, *, #1113, .F. ) ;
#2108 = DIRECTION ( 'NONE',  ( -4.522615595274931671E-31, 3.491481338843132961E-15, 1.000000000000000000 ) ) ;
#2109 = CARTESIAN_POINT ( 'NONE',  ( 21.40500000000000469, 4.520000000000001350, -0.2699999999999999623 ) ) ;
#2110 = ORIENTED_EDGE ( 'NONE', *, *, #2557, .F. ) ;
#2111 = CARTESIAN_POINT ( 'NONE',  ( -8.434999999999998721, 5.000000000000002665, -0.1049999999999999684 ) ) ;
#2112 = ORIENTED_EDGE ( 'NONE', *, *, #2955, .F. ) ;
#2113 = MECHANICAL_DESIGN_GEOMETRIC_PRESENTATION_REPRESENTATION (  '', ( #2214 ), #960 ) ;
#2114 = DIRECTION ( 'NONE',  ( 1.000000000000000000, 0.000000000000000000, 0.000000000000000000 ) ) ;
#2115 = VERTEX_POINT ( 'NONE', #635 ) ;
#2116 = AXIS2_PLACEMENT_3D ( 'NONE', #1590, #2963, #1144 ) ;
#2117 = LINE ( 'NONE', #2862, #1009 ) ;
#2118 = EDGE_CURVE ( 'NONE', #1265, #470, #384, .T. ) ;
#2119 = EDGE_CURVE ( 'NONE', #2489, #2223, #2943, .T. ) ;
#2120 = CARTESIAN_POINT ( 'NONE',  ( -21.40499999999999758, -7.220000000000004192, -0.2099999999999973277 ) ) ;
#2121 = CARTESIAN_POINT ( 'NONE',  ( -4.554999999999997051, 5.000000000000002665, -0.7500000000000004441 ) ) ;
#2122 = DIRECTION ( 'NONE',  ( -1.000000000000000000, 0.000000000000000000, 0.000000000000000000 ) ) ;
#2123 = ORIENTED_EDGE ( 'NONE', *, *, #2118, .T. ) ;
#2124 = DIRECTION ( 'NONE',  ( 0.000000000000000000, 0.000000000000000000, 1.000000000000000000 ) ) ;
#2125 = LINE ( 'NONE', #1650, #798 ) ;
#2126 = VECTOR ( 'NONE', #213, 39.37007874015748143 ) ;
#2127 = ORIENTED_EDGE ( 'NONE', *, *, #1902, .F. ) ;
#2128 = CIRCLE ( 'NONE', #389, 0.4400000000000007794 ) ;
#2129 = FACE_BOUND ( 'NONE', #2054, .T. ) ;
#2130 = ORIENTED_EDGE ( 'NONE', *, *, #804, .F. ) ;
#2131 = AXIS2_PLACEMENT_3D ( 'NONE', #2748, #2778, #498 ) ;
#2132 = CARTESIAN_POINT ( 'NONE',  ( 21.40500000000000469, 7.220000000000002416, -0.1049999999999996353 ) ) ;
#2133 = VECTOR ( 'NONE', #196, 39.37007874015748143 ) ;
#2134 = AXIS2_PLACEMENT_3D ( 'NONE', #1085, #2246, #1718 ) ;
#2135 = AXIS2_PLACEMENT_3D ( 'NONE', #1210, #1911, #2122 ) ;
#2136 = ORIENTED_EDGE ( 'NONE', *, *, #2932, .T. ) ;
#2137 = LINE ( 'NONE', #1943, #1935 ) ;
#2138 = DIRECTION ( 'NONE',  ( 1.000000000000000000, 0.000000000000000000, 0.000000000000000000 ) ) ;
#2139 = CARTESIAN_POINT ( 'NONE',  ( 12.19000000000000128, -1.815000000000004166, -0.7500000000000004441 ) ) ;
#2140 = EDGE_CURVE ( 'NONE', #968, #318, #2017, .T. ) ;
#2141 = ORIENTED_EDGE ( 'NONE', *, *, #153, .F. ) ;
#2142 = LINE ( 'NONE', #1471, #543 ) ;
#2143 = CYLINDRICAL_SURFACE ( 'NONE', #766, 0.4400000000000007794 ) ;
#2144 = EDGE_CURVE ( 'NONE', #968, #2020, #1273, .T. ) ;
#2145 = EDGE_CURVE ( 'NONE', #2477, #1798, #589, .T. ) ;
#2146 = ORIENTED_EDGE ( 'NONE', *, *, #287, .T. ) ;
#2147 = DIRECTION ( 'NONE',  ( 0.000000000000000000, 0.000000000000000000, -1.000000000000000000 ) ) ;
#2148 = EDGE_LOOP ( 'NONE', ( #1488, #1036, #454, #2643 ) ) ;
#2149 = DIRECTION ( 'NONE',  ( 0.000000000000000000, 0.000000000000000000, 1.000000000000000000 ) ) ;
#2150 = VERTEX_POINT ( 'NONE', #2188 ) ;
#2151 = DIRECTION ( 'NONE',  ( 0.000000000000000000, 1.000000000000000000, 0.000000000000000000 ) ) ;
#2152 = FACE_OUTER_BOUND ( 'NONE', #1473, .T. ) ;
#2153 = CARTESIAN_POINT ( 'NONE',  ( 21.02500000000000568, 7.220000000000002416, -0.1049999999999999961 ) ) ;
#2154 = DIRECTION ( 'NONE',  ( 0.000000000000000000, 3.388338596792881264E-15, 1.000000000000000000 ) ) ;
#2155 = ORIENTED_EDGE ( 'NONE', *, *, #2951, .T. ) ;
#2156 = DIRECTION ( 'NONE',  ( 0.000000000000000000, -1.000000000000000000, 0.000000000000000000 ) ) ;
#2157 = CYLINDRICAL_SURFACE ( 'NONE', #1492, 0.4400000000000007794 ) ;
#2158 = ORIENTED_EDGE ( 'NONE', *, *, #2393, .T. ) ;
#2159 = DIRECTION ( 'NONE',  ( -1.000000000000000000, 0.000000000000000000, -0.000000000000000000 ) ) ;
#2160 = EDGE_LOOP ( 'NONE', ( #760, #2158, #1824, #200 ) ) ;
#2161 = EDGE_CURVE ( 'NONE', #1096, #2877, #1793, .T. ) ;
#2162 = ADVANCED_FACE ( 'NONE', ( #1043 ), #2666, .F. ) ;
#2163 = CARTESIAN_POINT ( 'NONE',  ( 20.17500000000001137, -2.500000000000003997, -0.7500000000000004441 ) ) ;
#2164 = VERTEX_POINT ( 'NONE', #1866 ) ;
#2165 = PRESENTATION_STYLE_ASSIGNMENT (( #286 ) ) ;
#2166 = AXIS2_PLACEMENT_3D ( 'NONE', #1071, #866, #2484 ) ;
#2167 = CARTESIAN_POINT ( 'NONE',  ( 21.30000000000000782, 1.720000000000001306, -0.5000000000000003331 ) ) ;
#2168 = CARTESIAN_POINT ( 'NONE',  ( 2.535000000000005471, 3.680000000000005045, 0.000000000000000000 ) ) ;
#2169 = LINE ( 'NONE', #1253, #2284 ) ;
#2170 = ORIENTED_EDGE ( 'NONE', *, *, #825, .F. ) ;
#2171 = CARTESIAN_POINT ( 'NONE',  ( -11.97499999999999432, -1.499999999999970024, -0.1049999999999999684 ) ) ;
#2172 = CARTESIAN_POINT ( 'NONE',  ( -21.06499999999999773, -3.750000000000003997, -0.7500000000000004441 ) ) ;
#2173 = ORIENTED_EDGE ( 'NONE', *, *, #1374, .F. ) ;
#2174 = FACE_BOUND ( 'NONE', #2749, .T. ) ;
#2175 = ORIENTED_EDGE ( 'NONE', *, *, #1565, .F. ) ;
#2176 =( GEOMETRIC_REPRESENTATION_CONTEXT ( 3 ) GLOBAL_UNCERTAINTY_ASSIGNED_CONTEXT ( ( #523 ) ) GLOBAL_UNIT_ASSIGNED_CONTEXT ( ( #2230, #101, #2893 ) ) REPRESENTATION_CONTEXT ( 'NONE', 'WORKASPACE' ) );
#2177 = EDGE_CURVE ( 'NONE', #1459, #1873, #1172, .T. ) ;
#2178 = VECTOR ( 'NONE', #1661, 39.37007874015748143 ) ;
#2179 = VECTOR ( 'NONE', #252, 39.37007874015748143 ) ;
#2180 = EDGE_LOOP ( 'NONE', ( #1507, #1215, #2424, #2243 ) ) ;
#2181 = CARTESIAN_POINT ( 'NONE',  ( -21.40500000000000114, 0.000000000000000000, -0.7500000000000001110 ) ) ;
#2182 = AXIS2_PLACEMENT_3D ( 'NONE', #2835, #1011, #963 ) ;
#2183 = EDGE_CURVE ( 'NONE', #2694, #60, #2528, .T. ) ;
#2184 = CIRCLE ( 'NONE', #2577, 0.4400000000000007794 ) ;
#2185 = DIRECTION ( 'NONE',  ( -1.000000000000000000, -6.138984255425309662E-17, 0.000000000000000000 ) ) ;
#2186 = DIRECTION ( 'NONE',  ( 1.000000000000000000, 0.000000000000000000, 0.000000000000000000 ) ) ;
#2187 = AXIS2_PLACEMENT_3D ( 'NONE', #1077, #625, #2236 ) ;
#2188 = CARTESIAN_POINT ( 'NONE',  ( -21.15499999999999403, -7.220000000000004192, 0.000000000000000000 ) ) ;
#2189 = CARTESIAN_POINT ( 'NONE',  ( 21.02500000000000924, -7.260000000000000675, -0.2100000000000034617 ) ) ;
#2190 = ORIENTED_EDGE ( 'NONE', *, *, #1080, .F. ) ;
#2191 = CARTESIAN_POINT ( 'NONE',  ( -11.39499999999999780, 0.000000000000000000, -0.1049999999999999961 ) ) ;
#2192 = ORIENTED_EDGE ( 'NONE', *, *, #1738, .T. ) ;
#2193 = CARTESIAN_POINT ( 'NONE',  ( -11.84999999999999254, 1.500000000000030198, -0.1049999999999999684 ) ) ;
#2194 = AXIS2_PLACEMENT_3D ( 'NONE', #2163, #1415, #2349 ) ;
#2195 = ORIENTED_EDGE ( 'NONE', *, *, #1810, .F. ) ;
#2196 = CARTESIAN_POINT ( 'NONE',  ( 20.08000000000001251, 2.500000000000000444, -0.7500000000000004441 ) ) ;
#2197 = DIRECTION ( 'NONE',  ( 0.000000000000000000, 0.000000000000000000, -1.000000000000000000 ) ) ;
#2198 = EDGE_CURVE ( 'NONE', #787, #1016, #1834, .T. ) ;
#2199 = EDGE_CURVE ( 'NONE', #403, #218, #1563, .T. ) ;
#2200 = CARTESIAN_POINT ( 'NONE',  ( -21.19500000000000028, 7.220000000000002416, -0.1049999999999997324 ) ) ;
#2201 = DIRECTION ( 'NONE',  ( -0.000000000000000000, -0.000000000000000000, 1.000000000000000000 ) ) ;
#2202 = CARTESIAN_POINT ( 'NONE',  ( -21.15499999999999758, 7.469999999999996199, 0.000000000000000000 ) ) ;
#2203 = DIRECTION ( 'NONE',  ( 1.000000000000000000, 0.000000000000000000, 0.000000000000000000 ) ) ;
#2204 = ORIENTED_EDGE ( 'NONE', *, *, #2428, .F. ) ;
#2205 = CARTESIAN_POINT ( 'NONE',  ( -10.55499999999999794, 5.000000000000002665, -0.7500000000000004441 ) ) ;
#2206 = ORIENTED_EDGE ( 'NONE', *, *, #720, .F. ) ;
#2207 = CARTESIAN_POINT ( 'NONE',  ( 20.17500000000001137, 2.500000000000000444, -0.7500000000000004441 ) ) ;
#2208 = LINE ( 'NONE', #123, #491 ) ;
#2209 = ORIENTED_EDGE ( 'NONE', *, *, #2576, .F. ) ;
#2210 = PLANE ( 'NONE',  #328 ) ;
#2211 = CYLINDRICAL_SURFACE ( 'NONE', #2924, 0.4399999999999996692 ) ;
#2212 = CYLINDRICAL_SURFACE ( 'NONE', #388, 0.4399999999999996692 ) ;
#2213 = FACE_OUTER_BOUND ( 'NONE', #1655, .T. ) ;
#2214 = STYLED_ITEM ( 'NONE', ( #2165 ), #352 ) ;
#2215 = EDGE_CURVE ( 'NONE', #2150, #2902, #1621, .T. ) ;
#2216 = ADVANCED_FACE ( 'NONE', ( #2773 ), #2804, .T. ) ;
#2217 = DIRECTION ( 'NONE',  ( -0.000000000000000000, -1.000000000000000000, -0.000000000000000000 ) ) ;
#2218 = AXIS2_PLACEMENT_3D ( 'NONE', #18, #64, #1477 ) ;
#2219 = ORIENTED_EDGE ( 'NONE', *, *, #269, .T. ) ;
#2220 = FACE_OUTER_BOUND ( 'NONE', #1812, .T. ) ;
#2221 = EDGE_LOOP ( 'NONE', ( #1422, #2656, #2136, #2095 ) ) ;
#2222 = LINE ( 'NONE', #845, #1131 ) ;
#2223 = VERTEX_POINT ( 'NONE', #2089 ) ;
#2224 = DIRECTION ( 'NONE',  ( 0.000000000000000000, 0.000000000000000000, 1.000000000000000000 ) ) ;
#2225 = VECTOR ( 'NONE', #2674, 39.37007874015748143 ) ;
#2226 = ORIENTED_EDGE ( 'NONE', *, *, #621, .F. ) ;
#2227 = AXIS2_PLACEMENT_3D ( 'NONE', #1333, #2003, #1546 ) ;
#2228 = CARTESIAN_POINT ( 'NONE',  ( -2.164999999999987157, 1.500000000000009326, -0.7500000000000004441 ) ) ;
#2229 = CIRCLE ( 'NONE', #3015, 0.1249999999999862332 ) ;
#2230 =( CONVERSION_BASED_UNIT ( 'INCH', #2728 ) LENGTH_UNIT ( ) NAMED_UNIT ( #2059 ) );
#2231 = LINE ( 'NONE', #1300, #21 ) ;
#2232 = CIRCLE ( 'NONE', #837, 0.09499999999999994560 ) ;
#2233 = DIRECTION ( 'NONE',  ( 1.000000000000000000, 0.000000000000000000, -3.491481338843132961E-15 ) ) ;
#2234 = VECTOR ( 'NONE', #913, 39.37007874015748143 ) ;
#2235 = ORIENTED_EDGE ( 'NONE', *, *, #1170, .F. ) ;
#2236 = DIRECTION ( 'NONE',  ( 0.000000000000000000, 0.000000000000000000, 1.000000000000000000 ) ) ;
#2237 = ORIENTED_EDGE ( 'NONE', *, *, #2050, .T. ) ;
#2238 = ADVANCED_FACE ( 'NONE', ( #2046 ), #1634, .F. ) ;
#2239 = EDGE_CURVE ( 'NONE', #2472, #2020, #2309, .T. ) ;
#2240 = CLOSED_SHELL ( 'NONE', ( #2654, #741, #1191, #762, #2102, #504, #653, #1342, #251, #7, #988, #2970, #652, #1939, #2162, #2655, #601, #1633, #1632, #841, #449, #2801, #1848, #925, #1505, #1425, #1022, #315, #781, #110, #2691, #1765, #1323, #2083, #2373, #2333, #2216, #539, #1283, #462, #2828, #856, #1117, #1446, #1956, #463, #2502, #2101, #1542, #535, #2066, #2255, #1599, #2730, #314, #347, #1761, #634, #1134, #1847, #1297, #2882, #582, #1263, #2238, #2619, #1541, #1865, #1232, #407, #2598, #799, #1409, #214, #174, #1688, #483, #617, #1526, #1704, #1975, #2987, #1959, #234, #1882, #688, #1685, #2750, #724, #1203, #1585, #1486, #2350, #602, #2541, #3010 ) ) ;
#2241 = ORIENTED_EDGE ( 'NONE', *, *, #2050, .F. ) ;
#2242 = DIRECTION ( 'NONE',  ( -0.000000000000000000, -1.000000000000000000, -0.000000000000000000 ) ) ;
#2243 = ORIENTED_EDGE ( 'NONE', *, *, #1208, .F. ) ;
#2244 = DIRECTION ( 'NONE',  ( 8.758115402030106693E-47, -3.388338596792882842E-15, 1.000000000000000000 ) ) ;
#2245 = ORIENTED_EDGE ( 'NONE', *, *, #2916, .T. ) ;
#2246 = DIRECTION ( 'NONE',  ( 0.000000000000000000, 0.000000000000000000, -1.000000000000000000 ) ) ;
#2247 = DIRECTION ( 'NONE',  ( -0.000000000000000000, -0.000000000000000000, 1.000000000000000000 ) ) ;
#2248 = CARTESIAN_POINT ( 'NONE',  ( -2.040000000000000480, -1.499999999999992006, 0.000000000000000000 ) ) ;
#2249 = DIRECTION ( 'NONE',  ( 1.036262870996401089E-16, -1.000000000000000000, -3.388338596792882842E-15 ) ) ;
#2250 = DIRECTION ( 'NONE',  ( 3.491481338843132961E-15, 0.000000000000000000, -1.000000000000000000 ) ) ;
#2251 = EDGE_LOOP ( 'NONE', ( #2269, #1167 ) ) ;
#2252 = CARTESIAN_POINT ( 'NONE',  ( 21.02500000000000213, -7.364999999999998437, -0.2100000000000002143 ) ) ;
#2253 = VERTEX_POINT ( 'NONE', #450 ) ;
#2254 = EDGE_CURVE ( 'NONE', #1873, #1459, #1561, .T. ) ;
#2255 = ADVANCED_FACE ( 'NONE', ( #2553 ), #2281, .F. ) ;
#2256 = VERTEX_POINT ( 'NONE', #2543 ) ;
#2257 = DIRECTION ( 'NONE',  ( -1.000000000000000000, 0.000000000000000000, -0.000000000000000000 ) ) ;
#2258 = EDGE_LOOP ( 'NONE', ( #2041, #460, #2018, #1997 ) ) ;
#2259 = DIRECTION ( 'NONE',  ( 1.000000000000000000, 0.000000000000000000, 0.000000000000000000 ) ) ;
#2260 = EDGE_CURVE ( 'NONE', #2855, #1772, #592, .T. ) ;
#2261 = ORIENTED_EDGE ( 'NONE', *, *, #2713, .T. ) ;
#2262 = CIRCLE ( 'NONE', #169, 0.4400000000000007794 ) ;
#2263 = DIRECTION ( 'NONE',  ( 0.000000000000000000, 0.000000000000000000, 1.000000000000000000 ) ) ;
#2264 = DIRECTION ( 'NONE',  ( 0.000000000000000000, 0.000000000000000000, -1.000000000000000000 ) ) ;
#2265 = PLANE ( 'NONE',  #1381 ) ;
#2266 = ORIENTED_EDGE ( 'NONE', *, *, #1794, .T. ) ;
#2267 = DIRECTION ( 'NONE',  ( 0.000000000000000000, -0.000000000000000000, -1.000000000000000000 ) ) ;
#2268 = ORIENTED_EDGE ( 'NONE', *, *, #703, .T. ) ;
#2269 = ORIENTED_EDGE ( 'NONE', *, *, #114, .F. ) ;
#2270 = CARTESIAN_POINT ( 'NONE',  ( -21.15499999999999758, -7.364999999999998437, -0.2099999999999962452 ) ) ;
#2271 = EDGE_LOOP ( 'NONE', ( #1035, #1741, #2624, #1120 ) ) ;
#2272 = DIRECTION ( 'NONE',  ( 3.491481338843132961E-15, 0.000000000000000000, -1.000000000000000000 ) ) ;
#2273 = EDGE_CURVE ( 'NONE', #613, #1, #936, .T. ) ;
#2274 = ORIENTED_EDGE ( 'NONE', *, *, #876, .T. ) ;
#2275 = EDGE_CURVE ( 'NONE', #796, #2012, #2918, .T. ) ;
#2276 = PLANE ( 'NONE',  #2410 ) ;
#2277 = EDGE_CURVE ( 'NONE', #1571, #613, #3014, .T. ) ;
#2278 = VECTOR ( 'NONE', #1521, 39.37007874015748143 ) ;
#2279 = AXIS2_PLACEMENT_3D ( 'NONE', #1148, #2322, #2030 ) ;
#2280 = VECTOR ( 'NONE', #106, 39.37007874015748143 ) ;
#2281 = PLANE ( 'NONE',  #2279 ) ;
#2282 = PLANE ( 'NONE',  #292 ) ;
#2283 = VECTOR ( 'NONE', #630, 39.37007874015748143 ) ;
#2284 = VECTOR ( 'NONE', #996, 39.37007874015748143 ) ;
#2285 = EDGE_LOOP ( 'NONE', ( #2053, #2838, #2900, #1249 ) ) ;
#2286 = LINE ( 'NONE', #481, #977 ) ;
#2287 = EDGE_LOOP ( 'NONE', ( #2532, #636 ) ) ;
#2288 = ORIENTED_EDGE ( 'NONE', *, *, #962, .T. ) ;
#2289 = FACE_OUTER_BOUND ( 'NONE', #2957, .T. ) ;
#2290 = ORIENTED_EDGE ( 'NONE', *, *, #2294, .T. ) ;
#2291 = CARTESIAN_POINT ( 'NONE',  ( 21.40500000000000469, -7.219999999999999751, -0.1049999999999999961 ) ) ;
#2292 = VERTEX_POINT ( 'NONE', #2790 ) ;
#2293 = DIRECTION ( 'NONE',  ( -1.000000000000000000, 0.000000000000000000, 1.626099996228726381E-16 ) ) ;
#2294 = EDGE_CURVE ( 'NONE', #1617, #282, #2128, .T. ) ;
#2295 = AXIS2_PLACEMENT_3D ( 'NONE', #2207, #1744, #1064 ) ;
#2296 = DIRECTION ( 'NONE',  ( -1.000000000000000000, -0.000000000000000000, -0.000000000000000000 ) ) ;
#2297 = DIRECTION ( 'NONE',  ( 1.000000000000000000, 0.000000000000000000, 1.626099996228726381E-16 ) ) ;
#2298 = CARTESIAN_POINT ( 'NONE',  ( -2.165000000000000924, -1.499999999999992006, -0.1049999999999999684 ) ) ;
#2299 = ORIENTED_EDGE ( 'NONE', *, *, #2435, .T. ) ;
#2300 = CARTESIAN_POINT ( 'NONE',  ( -11.85000000000000142, -1.499999999999970024, 0.000000000000000000 ) ) ;
#2301 = VERTEX_POINT ( 'NONE', #2983 ) ;
#2302 = ORIENTED_EDGE ( 'NONE', *, *, #2430, .T. ) ;
#2303 = CARTESIAN_POINT ( 'NONE',  ( 21.02500000000000568, -7.469999999999998863, -1.168021431365194011E-13 ) ) ;
#2304 = ORIENTED_EDGE ( 'NONE', *, *, #136, .F. ) ;
#2305 = DIRECTION ( 'NONE',  ( 0.000000000000000000, -1.000000000000000000, 0.000000000000000000 ) ) ;
#2306 = ORIENTED_EDGE ( 'NONE', *, *, #2470, .F. ) ;
#2307 = DIRECTION ( 'NONE',  ( 0.000000000000000000, 0.000000000000000000, 1.000000000000000000 ) ) ;
#2308 = DIRECTION ( 'NONE',  ( 1.000000000000000000, 0.000000000000000000, 0.000000000000000000 ) ) ;
#2309 = LINE ( 'NONE', #1362, #731 ) ;
#2310 = CARTESIAN_POINT ( 'NONE',  ( -10.55499999999999794, 5.000000000000002665, -0.1049999999999999684 ) ) ;
#2311 = LINE ( 'NONE', #2529, #2126 ) ;
#2312 = EDGE_CURVE ( 'NONE', #2710, #2445, #904, .T. ) ;
#2313 = EDGE_LOOP ( 'NONE', ( #2786, #534, #2797, #2173 ) ) ;
#2314 = VECTOR ( 'NONE', #1732, 39.37007874015748143 ) ;
#2315 = LINE ( 'NONE', #1837, #442 ) ;
#2316 = DIRECTION ( 'NONE',  ( -1.000000000000000000, 0.000000000000000000, 0.000000000000000000 ) ) ;
#2317 = ORIENTED_EDGE ( 'NONE', *, *, #2464, .T. ) ;
#2318 = DIRECTION ( 'NONE',  ( 0.000000000000000000, 0.000000000000000000, 1.000000000000000000 ) ) ;
#2319 = EDGE_LOOP ( 'NONE', ( #1145, #2443, #325, #1438 ) ) ;
#2320 = CARTESIAN_POINT ( 'NONE',  ( -21.19500000000000028, -7.220000000000004192, -0.2099999999999987432 ) ) ;
#2321 = ORIENTED_EDGE ( 'NONE', *, *, #2044, .T. ) ;
#2322 = DIRECTION ( 'NONE',  ( 1.000000000000000000, 0.000000000000000000, -6.776677193585764106E-15 ) ) ;
#2323 = CARTESIAN_POINT ( 'NONE',  ( -10.99499999999999744, 5.000000000000002665, -0.7500000000000004441 ) ) ;
#2324 = VECTOR ( 'NONE', #1288, 39.37007874015748143 ) ;
#2325 = AXIS2_PLACEMENT_3D ( 'NONE', #317, #345, #1260 ) ;
#2326 = ORIENTED_EDGE ( 'NONE', *, *, #288, .T. ) ;
#2327 = DIRECTION ( 'NONE',  ( 0.000000000000000000, -1.000000000000000000, 0.000000000000000000 ) ) ;
#2328 = LINE ( 'NONE', #233, #2659 ) ;
#2329 = CIRCLE ( 'NONE', #1028, 0.09999999999999947820 ) ;
#2330 = CIRCLE ( 'NONE', #1032, 0.4399999999999996692 ) ;
#2331 = CARTESIAN_POINT ( 'NONE',  ( 21.40500000000000469, -1.720000000000001306, -0.2700000000000007394 ) ) ;
#2332 = ORIENTED_EDGE ( 'NONE', *, *, #2556, .T. ) ;
#2333 = ADVANCED_FACE ( 'NONE', ( #2152 ), #2816, .F. ) ;
#2334 = EDGE_CURVE ( 'NONE', #2936, #2755, #67, .T. ) ;
#2335 = DIRECTION ( 'NONE',  ( -0.000000000000000000, -0.000000000000000000, 1.000000000000000000 ) ) ;
#2336 = VECTOR ( 'NONE', #886, 39.37007874015748143 ) ;
#2337 = VERTEX_POINT ( 'NONE', #1239 ) ;
#2338 = CIRCLE ( 'NONE', #941, 0.4400000000000007794 ) ;
#2339 = UNCERTAINTY_MEASURE_WITH_UNIT (LENGTH_MEASURE( 1.000000000000000082E-05 ), #2100, 'distance_accuracy_value', 'NONE');
#2340 = CARTESIAN_POINT ( 'NONE',  ( -21.40499999999999758, 7.220000000000002416, 0.000000000000000000 ) ) ;
#2341 = DIRECTION ( 'NONE',  ( 0.000000000000000000, 1.000000000000000000, 0.000000000000000000 ) ) ;
#2342 = DIRECTION ( 'NONE',  ( 1.000000000000000000, 0.000000000000000000, 0.000000000000000000 ) ) ;
#2343 = EDGE_LOOP ( 'NONE', ( #2112, #1197, #1325, #2589 ) ) ;
#2344 = DIRECTION ( 'NONE',  ( -1.000000000000000000, -1.036262870996637748E-16, 6.776677193585765683E-15 ) ) ;
#2345 = CARTESIAN_POINT ( 'NONE',  ( 20.17500000000001137, -2.500000000000003997, 0.000000000000000000 ) ) ;
#2346 = EDGE_LOOP ( 'NONE', ( #2302, #965, #154, #334, #2861, #1413, #2822, #914, #2479, #1082, #497, #1836 ) ) ;
#2347 = DIRECTION ( 'NONE',  ( 1.000000000000000000, -0.000000000000000000, 0.000000000000000000 ) ) ;
#2348 = VERTEX_POINT ( 'NONE', #1689 ) ;
#2349 = DIRECTION ( 'NONE',  ( 1.000000000000000000, 0.000000000000000000, 0.000000000000000000 ) ) ;
#2350 = ADVANCED_FACE ( 'NONE', ( #1225 ), #2635, .F. ) ;
#2351 = EDGE_CURVE ( 'NONE', #2352, #551, #1509, .T. ) ;
#2352 = VERTEX_POINT ( 'NONE', #2103 ) ;
#2353 = CARTESIAN_POINT ( 'NONE',  ( -4.554999999999997051, 5.000000000000002665, 0.000000000000000000 ) ) ;
#2354 = LINE ( 'NONE', #273, #1267 ) ;
#2355 = CARTESIAN_POINT ( 'NONE',  ( 12.19000000000000128, 1.814999999999995506, -0.7500000000000004441 ) ) ;
#2356 = CARTESIAN_POINT ( 'NONE',  ( 21.02500000000000568, 7.259999999999999787, -0.1049999999999999961 ) ) ;
#2357 = VERTEX_POINT ( 'NONE', #2388 ) ;
#2358 = DIRECTION ( 'NONE',  ( -0.000000000000000000, -0.000000000000000000, 1.000000000000000000 ) ) ;
#2359 = CYLINDRICAL_SURFACE ( 'NONE', #1852, 0.2099999999999980216 ) ;
#2360 = VECTOR ( 'NONE', #1691, 39.37007874015748143 ) ;
#2361 = AXIS2_PLACEMENT_3D ( 'NONE', #2172, #1257, #772 ) ;
#2362 = ORIENTED_EDGE ( 'NONE', *, *, #2464, .F. ) ;
#2363 = DIRECTION ( 'NONE',  ( 0.000000000000000000, 0.000000000000000000, 1.000000000000000000 ) ) ;
#2364 = ORIENTED_EDGE ( 'NONE', *, *, #2254, .T. ) ;
#2365 = DIRECTION ( 'NONE',  ( 1.000000000000000000, 0.000000000000000000, 0.000000000000000000 ) ) ;
#2366 = VECTOR ( 'NONE', #2403, 39.37007874015748143 ) ;
#2367 = DIRECTION ( 'NONE',  ( -0.000000000000000000, -0.000000000000000000, 1.000000000000000000 ) ) ;
#2368 = ORIENTED_EDGE ( 'NONE', *, *, #2634, .T. ) ;
#2369 = AXIS2_PLACEMENT_3D ( 'NONE', #1574, #2494, #2259 ) ;
#2370 = EDGE_CURVE ( 'NONE', #1141, #2449, #1420, .T. ) ;
#2371 = DIRECTION ( 'NONE',  ( -0.000000000000000000, -0.000000000000000000, 1.000000000000000000 ) ) ;
#2372 = EDGE_CURVE ( 'NONE', #74, #2976, #556, .T. ) ;
#2373 = ADVANCED_FACE ( 'NONE', ( #2601 ), #524, .T. ) ;
#2374 = CARTESIAN_POINT ( 'NONE',  ( -11.72500000000000853, -1.499999999999970024, 0.000000000000000000 ) ) ;
#2375 = DIRECTION ( 'NONE',  ( -0.000000000000000000, 1.000000000000000000, -0.000000000000000000 ) ) ;
#2376 = ORIENTED_EDGE ( 'NONE', *, *, #2435, .F. ) ;
#2377 = LINE ( 'NONE', #296, #1075 ) ;
#2378 = DIRECTION ( 'NONE',  ( 1.000000000000000000, 0.000000000000000000, 0.000000000000000000 ) ) ;
#2379 = VECTOR ( 'NONE', #1646, 39.37007874015748143 ) ;
#2380 = ORIENTED_EDGE ( 'NONE', *, *, #2911, .F. ) ;
#2381 = FACE_OUTER_BOUND ( 'NONE', #900, .T. ) ;
#2382 = VERTEX_POINT ( 'NONE', #1449 ) ;
#2383 = AXIS2_PLACEMENT_3D ( 'NONE', #1857, #2793, #2763 ) ;
#2384 = DIRECTION ( 'NONE',  ( -1.000000000000000000, -0.000000000000000000, -1.626099996228726381E-16 ) ) ;
#2385 = VECTOR ( 'NONE', #1510, 39.37007874015748143 ) ;
#2386 = VERTEX_POINT ( 'NONE', #2616 ) ;
#2387 = FACE_OUTER_BOUND ( 'NONE', #1406, .T. ) ;
#2388 = CARTESIAN_POINT ( 'NONE',  ( 21.30000000000000782, 7.220000000000002416, -0.5000000000000003331 ) ) ;
#2389 = DIRECTION ( 'NONE',  ( -0.000000000000000000, -0.000000000000000000, 1.000000000000000000 ) ) ;
#2390 = DIRECTION ( 'NONE',  ( 0.000000000000000000, 1.000000000000000000, 0.000000000000000000 ) ) ;
#2391 = VECTOR ( 'NONE', #1886, 39.37007874015748143 ) ;
#2392 = EDGE_CURVE ( 'NONE', #642, #2402, #2137, .T. ) ;
#2393 = EDGE_CURVE ( 'NONE', #1978, #2717, #54, .T. ) ;
#2394 = ORIENTED_EDGE ( 'NONE', *, *, #2751, .F. ) ;
#2395 = DIRECTION ( 'NONE',  ( -1.036262870996407992E-16, 1.000000000000000000, 3.391901413832837195E-15 ) ) ;
#2396 = PLANE ( 'NONE',  #22 ) ;
#2397 = EDGE_CURVE ( 'NONE', #1459, #331, #981, .T. ) ;
#2398 = EDGE_LOOP ( 'NONE', ( #1745, #2400, #1786, #70 ) ) ;
#2399 = FACE_BOUND ( 'NONE', #267, .T. ) ;
#2400 = ORIENTED_EDGE ( 'NONE', *, *, #1465, .T. ) ;
#2401 = CARTESIAN_POINT ( 'NONE',  ( 9.676104557928902844E-16, -7.470000000000003304, -0.7500000000000001110 ) ) ;
#2402 = VERTEX_POINT ( 'NONE', #82 ) ;
#2403 = DIRECTION ( 'NONE',  ( 1.036262870996401089E-16, -1.000000000000000000, -3.491481338843132961E-15 ) ) ;
#2404 = CARTESIAN_POINT ( 'NONE',  ( -7.632076044888493605E-16, 7.364999999999998437, 2.531088931804283205E-14 ) ) ;
#2405 = CARTESIAN_POINT ( 'NONE',  ( -21.40499999999999758, -7.220000000000004192, -0.1049999999999999961 ) ) ;
#2406 = CARTESIAN_POINT ( 'NONE',  ( -11.43499999999999872, 5.000000000000002665, -0.7500000000000004441 ) ) ;
#2407 = ORIENTED_EDGE ( 'NONE', *, *, #2025, .T. ) ;
#2408 = PLANE ( 'NONE',  #139 ) ;
#2409 = CARTESIAN_POINT ( 'NONE',  ( 21.30000000000000782, 4.520000000000001350, -0.2699999999999999623 ) ) ;
#2410 = AXIS2_PLACEMENT_3D ( 'NONE', #2043, #2982, #903 ) ;
#2411 = EDGE_CURVE ( 'NONE', #2357, #1084, #2880, .T. ) ;
#2412 = EDGE_LOOP ( 'NONE', ( #1164, #2474, #2123, #2155 ) ) ;
#2413 = LINE ( 'NONE', #1963, #935 ) ;
#2414 = ORIENTED_EDGE ( 'NONE', *, *, #2428, .T. ) ;
#2415 = VECTOR ( 'NONE', #1973, 39.37007874015748143 ) ;
#2416 = EDGE_CURVE ( 'NONE', #1076, #2866, #2567, .T. ) ;
#2417 = ORIENTED_EDGE ( 'NONE', *, *, #440, .F. ) ;
#2418 = CARTESIAN_POINT ( 'NONE',  ( 21.02500000000000568, -7.260000000000000675, 0.000000000000000000 ) ) ;
#2419 = CARTESIAN_POINT ( 'NONE',  ( 21.30000000000000782, -1.720000000000001306, -0.5000000000000003331 ) ) ;
#2420 = FACE_OUTER_BOUND ( 'NONE', #457, .T. ) ;
#2421 = DIRECTION ( 'NONE',  ( -0.000000000000000000, 1.000000000000000000, -0.000000000000000000 ) ) ;
#2422 = CARTESIAN_POINT ( 'NONE',  ( -21.06499999999999773, 3.750000000000000888, -0.7500000000000004441 ) ) ;
#2423 = CARTESIAN_POINT ( 'NONE',  ( -16.55499999999999616, 5.000000000000002665, -0.1049999999999999684 ) ) ;
#2424 = ORIENTED_EDGE ( 'NONE', *, *, #1228, .T. ) ;
#2425 = FACE_BOUND ( 'NONE', #548, .T. ) ;
#2426 = ORIENTED_EDGE ( 'NONE', *, *, #180, .F. ) ;
#2427 = AXIS2_PLACEMENT_3D ( 'NONE', #767, #1702, #1251 ) ;
#2428 = EDGE_CURVE ( 'NONE', #1667, #2477, #493, .T. ) ;
#2429 = VECTOR ( 'NONE', #1081, 39.37007874015748143 ) ;
#2430 = EDGE_CURVE ( 'NONE', #2866, #2009, #23, .T. ) ;
#2431 = ORIENTED_EDGE ( 'NONE', *, *, #2599, .T. ) ;
#2432 = CARTESIAN_POINT ( 'NONE',  ( -17.43499999999999872, 5.000000000000002665, -0.1049999999999999684 ) ) ;
#2433 = AXIS2_PLACEMENT_3D ( 'NONE', #111, #2925, #2940 ) ;
#2434 = VECTOR ( 'NONE', #84, 39.37007874015748143 ) ;
#2435 = EDGE_CURVE ( 'NONE', #1141, #787, #2354, .T. ) ;
#2436 = VECTOR ( 'NONE', #1299, 39.37007874015748143 ) ;
#2437 = LINE ( 'NONE', #813, #2485 ) ;
#2438 = CARTESIAN_POINT ( 'NONE',  ( -10.99499999999999744, 5.000000000000002665, 0.000000000000000000 ) ) ;
#2439 = DIRECTION ( 'NONE',  ( 1.000000000000000000, 0.000000000000000000, 0.000000000000000000 ) ) ;
#2440 = VECTOR ( 'NONE', #2242, 39.37007874015748143 ) ;
#2441 = CARTESIAN_POINT ( 'NONE',  ( -21.19500000000000028, 7.220000000000002416, -0.2099999999999987432 ) ) ;
#2442 = DIRECTION ( 'NONE',  ( 0.000000000000000000, 0.000000000000000000, 1.000000000000000000 ) ) ;
#2443 = ORIENTED_EDGE ( 'NONE', *, *, #440, .T. ) ;
#2444 = LINE ( 'NONE', #2252, #1176 ) ;
#2445 = VERTEX_POINT ( 'NONE', #2120 ) ;
#2446 = CARTESIAN_POINT ( 'NONE',  ( -11.39499999999999780, -1.900000000000004130, -0.1049999999999999684 ) ) ;
#2447 = CIRCLE ( 'NONE', #1140, 0.1049999999999979561 ) ;
#2448 = DIRECTION ( 'NONE',  ( -0.000000000000000000, -0.000000000000000000, 1.000000000000000000 ) ) ;
#2449 = VERTEX_POINT ( 'NONE', #2834 ) ;
#2450 = EDGE_CURVE ( 'NONE', #811, #748, #751, .T. ) ;
#2451 = CARTESIAN_POINT ( 'NONE',  ( -5.434999999999996056, 5.000000000000002665, 0.000000000000000000 ) ) ;
#2452 = CARTESIAN_POINT ( 'NONE',  ( -2.494999999999996110, 1.899999999999996358, 0.000000000000000000 ) ) ;
#2453 = FACE_OUTER_BOUND ( 'NONE', #2852, .T. ) ;
#2454 = CARTESIAN_POINT ( 'NONE',  ( -7.740883646343115176E-16, 7.469999999999998863, 2.567749485862136200E-14 ) ) ;
#2455 = DIRECTION ( 'NONE',  ( -1.000000000000000000, 0.000000000000000000, 0.000000000000000000 ) ) ;
#2456 = ORIENTED_EDGE ( 'NONE', *, *, #2933, .T. ) ;
#2457 = DIRECTION ( 'NONE',  ( 1.000000000000000000, 0.000000000000000000, 0.000000000000000000 ) ) ;
#2458 = EDGE_LOOP ( 'NONE', ( #1397, #1652 ) ) ;
#2459 = VECTOR ( 'NONE', #2653, 39.37007874015748143 ) ;
#2460 = FACE_OUTER_BOUND ( 'NONE', #2873, .T. ) ;
#2461 = ORIENTED_EDGE ( 'NONE', *, *, #1809, .F. ) ;
#2462 = DIRECTION ( 'NONE',  ( 0.000000000000000000, -1.000000000000000000, 0.000000000000000000 ) ) ;
#2463 = ORIENTED_EDGE ( 'NONE', *, *, #2071, .T. ) ;
#2464 = EDGE_CURVE ( 'NONE', #1772, #2855, #1653, .T. ) ;
#2465 = FACE_OUTER_BOUND ( 'NONE', #1636, .T. ) ;
#2466 =( LENGTH_UNIT ( ) NAMED_UNIT ( * ) SI_UNIT ( $, .METRE. ) );
#2467 = PRODUCT ( 'P19500-18-(12gacr ANSI-61) - K47 - V1-R0', 'P19500-18-(12gacr ANSI-61) - K47 - V1-R0', '', ( #1402 ) ) ;
#2468 = CARTESIAN_POINT ( 'NONE',  ( -13.55499999999999616, 5.000000000000002665, -0.7500000000000004441 ) ) ;
#2469 = EDGE_CURVE ( 'NONE', #2491, #346, #2776, .T. ) ;
#2470 = EDGE_CURVE ( 'NONE', #2812, #27, #2682, .T. ) ;
#2471 = DIRECTION ( 'NONE',  ( 0.000000000000000000, 0.000000000000000000, -1.000000000000000000 ) ) ;
#2472 = VERTEX_POINT ( 'NONE', #1330 ) ;
#2473 = PLANE ( 'NONE',  #2632 ) ;
#2474 = ORIENTED_EDGE ( 'NONE', *, *, #310, .F. ) ;
#2475 = EDGE_LOOP ( 'NONE', ( #2394, #970, #926, #12, #1452, #1628, #683, #638, #2035, #521, #3001, #1788 ) ) ;
#2476 = CARTESIAN_POINT ( 'NONE',  ( 21.02500000000000213, -7.365000000000001101, -0.7500000000000004441 ) ) ;
#2477 = VERTEX_POINT ( 'NONE', #570 ) ;
#2478 = FACE_OUTER_BOUND ( 'NONE', #2539, .T. ) ;
#2479 = ORIENTED_EDGE ( 'NONE', *, *, #1007, .T. ) ;
#2480 = AXIS2_PLACEMENT_3D ( 'NONE', #2404, #2863, #1896 ) ;
#2481 = CARTESIAN_POINT ( 'NONE',  ( 21.19500000000000739, 7.220000000000002416, -0.2099999999999980216 ) ) ;
#2482 = VECTOR ( 'NONE', #2124, 39.37007874015748143 ) ;
#2483 = CARTESIAN_POINT ( 'NONE',  ( 12.19000000000000128, 1.814999999999995506, -0.7500000000000004441 ) ) ;
#2484 = DIRECTION ( 'NONE',  ( 1.000000000000000000, 0.000000000000000000, 0.000000000000000000 ) ) ;
#2485 = VECTOR ( 'NONE', #1039, 39.37007874015748143 ) ;
#2486 = DIRECTION ( 'NONE',  ( -1.000000000000000000, 0.000000000000000000, 0.000000000000000000 ) ) ;
#2487 = AXIS2_PLACEMENT_3D ( 'NONE', #1185, #969, #2536 ) ;
#2488 = EDGE_CURVE ( 'NONE', #1978, #2445, #2698, .T. ) ;
#2489 = VERTEX_POINT ( 'NONE', #618 ) ;
#2490 = CARTESIAN_POINT ( 'NONE',  ( 12.19000000000000128, -1.815000000000004166, -0.7500000000000004441 ) ) ;
#2491 = VERTEX_POINT ( 'NONE', #2451 ) ;
#2492 = DIRECTION ( 'NONE',  ( 1.000000000000000000, 1.295328588745501762E-16, 8.758115402030106693E-47 ) ) ;
#2493 = ORIENTED_EDGE ( 'NONE', *, *, #1156, .T. ) ;
#2494 = DIRECTION ( 'NONE',  ( 0.000000000000000000, 0.000000000000000000, 1.000000000000000000 ) ) ;
#2495 = EDGE_LOOP ( 'NONE', ( #1894, #745, #2380, #2885 ) ) ;
#2496 = CARTESIAN_POINT ( 'NONE',  ( -1.915000000000000036, -1.499999999999992006, -0.7500000000000004441 ) ) ;
#2497 = CARTESIAN_POINT ( 'NONE',  ( 20.17500000000001137, 3.750000000000000888, 0.000000000000000000 ) ) ;
#2498 = CARTESIAN_POINT ( 'NONE',  ( 20.17500000000001137, 2.500000000000000444, -0.1049999999999999684 ) ) ;
#2499 = ORIENTED_EDGE ( 'NONE', *, *, #559, .T. ) ;
#2500 = CARTESIAN_POINT ( 'NONE',  ( 2.535000000000005471, -3.680000000000005045, -0.7500000000000004441 ) ) ;
#2501 = ORIENTED_EDGE ( 'NONE', *, *, #2896, .T. ) ;
#2502 = ADVANCED_FACE ( 'NONE', ( #1985 ), #2000, .F. ) ;
#2503 = ORIENTED_EDGE ( 'NONE', *, *, #2198, .F. ) ;
#2504 = LINE ( 'NONE', #1307, #2440 ) ;
#2505 = EDGE_LOOP ( 'NONE', ( #2535, #1994 ) ) ;
#2506 = EDGE_CURVE ( 'NONE', #1950, #48, #1658, .T. ) ;
#2507 = FACE_OUTER_BOUND ( 'NONE', #958, .T. ) ;
#2508 = ORIENTED_EDGE ( 'NONE', *, *, #1522, .F. ) ;
#2509 = AXIS2_PLACEMENT_3D ( 'NONE', #2618, #2390, #2002 ) ;
#2510 = DIRECTION ( 'NONE',  ( 0.000000000000000000, -1.000000000000000000, 0.000000000000000000 ) ) ;
#2511 = DIRECTION ( 'NONE',  ( 1.000000000000000000, -0.000000000000000000, -1.626099996228726381E-16 ) ) ;
#2512 = AXIS2_PLACEMENT_3D ( 'NONE', #1967, #2224, #1083 ) ;
#2513 = CYLINDRICAL_SURFACE ( 'NONE', #2727, 0.1049999999999979283 ) ;
#2514 = VERTEX_POINT ( 'NONE', #2419 ) ;
#2515 = LINE ( 'NONE', #3021, #2772 ) ;
#2516 = ORIENTED_EDGE ( 'NONE', *, *, #2614, .T. ) ;
#2517 = VECTOR ( 'NONE', #2768, 39.37007874015748143 ) ;
#2518 = DIRECTION ( 'NONE',  ( -0.000000000000000000, 1.000000000000000000, -0.000000000000000000 ) ) ;
#2519 = EDGE_LOOP ( 'NONE', ( #1013, #329, #202, #2508 ) ) ;
#2520 = CARTESIAN_POINT ( 'NONE',  ( -1.914999999999999369, 1.500000000000009326, -0.1049999999999999684 ) ) ;
#2521 = EDGE_CURVE ( 'NONE', #1139, #2830, #1099, .T. ) ;
#2522 = EDGE_CURVE ( 'NONE', #2990, #311, #161, .T. ) ;
#2523 = EDGE_LOOP ( 'NONE', ( #1430, #30 ) ) ;
#2524 = FACE_OUTER_BOUND ( 'NONE', #2475, .T. ) ;
#2525 = VECTOR ( 'NONE', #2091, 39.37007874015748143 ) ;
#2526 = VECTOR ( 'NONE', #734, 39.37007874015748143 ) ;
#2527 = VECTOR ( 'NONE', #514, 39.37007874015748143 ) ;
#2528 = LINE ( 'NONE', #9, #1074 ) ;
#2529 = CARTESIAN_POINT ( 'NONE',  ( 15.82000000000000206, -1.815000000000004166, 0.000000000000000000 ) ) ;
#2530 = VECTOR ( 'NONE', #1662, 39.37007874015748143 ) ;
#2531 = CIRCLE ( 'NONE', #2135, 0.1249999999999927974 ) ;
#2532 = ORIENTED_EDGE ( 'NONE', *, *, #2802, .F. ) ;
#2533 = CYLINDRICAL_SURFACE ( 'NONE', #2131, 0.4399999999999991140 ) ;
#2534 = ORIENTED_EDGE ( 'NONE', *, *, #2592, .F. ) ;
#2535 = ORIENTED_EDGE ( 'NONE', *, *, #2277, .F. ) ;
#2536 = DIRECTION ( 'NONE',  ( 0.000000000000000000, 0.000000000000000000, -1.000000000000000000 ) ) ;
#2537 = ORIENTED_EDGE ( 'NONE', *, *, #895, .F. ) ;
#2538 = DIRECTION ( 'NONE',  ( 1.000000000000000000, 0.000000000000000000, -1.626099996228726381E-16 ) ) ;
#2539 = EDGE_LOOP ( 'NONE', ( #1980, #2726, #2737, #1757 ) ) ;
#2540 = LINE ( 'NONE', #208, #344 ) ;
#2541 = ADVANCED_FACE ( 'NONE', ( #2465 ), #1311, .F. ) ;
#2542 = DIRECTION ( 'NONE',  ( 0.000000000000000000, 0.000000000000000000, 1.000000000000000000 ) ) ;
#2543 = CARTESIAN_POINT ( 'NONE',  ( 21.40500000000000469, -4.520000000000001350, -0.5000000000000000000 ) ) ;
#2544 = DIRECTION ( 'NONE',  ( 0.000000000000000000, 0.000000000000000000, 1.000000000000000000 ) ) ;
#2545 = ORIENTED_EDGE ( 'NONE', *, *, #1921, .T. ) ;
#2546 = DIRECTION ( 'NONE',  ( 0.000000000000000000, 0.000000000000000000, 1.000000000000000000 ) ) ;
#2547 = CARTESIAN_POINT ( 'NONE',  ( 20.08000000000001251, -2.500000000000003997, 0.000000000000000000 ) ) ;
#2548 = EDGE_LOOP ( 'NONE', ( #1440, #2463, #1427, #1350 ) ) ;
#2549 = CARTESIAN_POINT ( 'NONE',  ( -21.40503937007874313, -1.720000000000001306, -0.5000000000000000000 ) ) ;
#2550 = VERTEX_POINT ( 'NONE', #2013 ) ;
#2551 = PLANE ( 'NONE',  #1258 ) ;
#2552 = ORIENTED_EDGE ( 'NONE', *, *, #2106, .F. ) ;
#2553 = FACE_OUTER_BOUND ( 'NONE', #2160, .T. ) ;
#2554 = CARTESIAN_POINT ( 'NONE',  ( 8.005000000000004334, -3.680000000000004601, 0.000000000000000000 ) ) ;
#2555 = DIRECTION ( 'NONE',  ( -1.000000000000000000, 0.000000000000000000, 0.000000000000000000 ) ) ;
#2556 = EDGE_CURVE ( 'NONE', #2164, #1280, #398, .T. ) ;
#2557 = EDGE_CURVE ( 'NONE', #2115, #472, #2437, .T. ) ;
#2558 = ORIENTED_EDGE ( 'NONE', *, *, #79, .F. ) ;
#2559 = AXIS2_PLACEMENT_3D ( 'NONE', #268, #2151, #1204 ) ;
#2560 = LINE ( 'NONE', #217, #390 ) ;
#2561 = LINE ( 'NONE', #1454, #2785 ) ;
#2562 = ORIENTED_EDGE ( 'NONE', *, *, #2789, .F. ) ;
#2563 = CARTESIAN_POINT ( 'NONE',  ( 21.30000000000000782, 0.000000000000000000, -0.5000000000000003331 ) ) ;
#2564 = ORIENTED_EDGE ( 'NONE', *, *, #2260, .F. ) ;
#2565 = DIRECTION ( 'NONE',  ( 0.000000000000000000, 0.000000000000000000, -1.000000000000000000 ) ) ;
#2566 = ORIENTED_EDGE ( 'NONE', *, *, #2010, .T. ) ;
#2567 = LINE ( 'NONE', #510, #2526 ) ;
#2568 = CARTESIAN_POINT ( 'NONE',  ( 21.02500000000000568, -7.469999999999998863, -0.1049999999999999961 ) ) ;
#2569 = VECTOR ( 'NONE', #1010, 39.37007874015748143 ) ;
#2570 = AXIS2_PLACEMENT_3D ( 'NONE', #1860, #456, #1412 ) ;
#2571 = ORIENTED_EDGE ( 'NONE', *, *, #2556, .F. ) ;
#2572 = PLANE ( 'NONE',  #1564 ) ;
#2573 = DIRECTION ( 'NONE',  ( -0.000000000000000000, -0.000000000000000000, 1.000000000000000000 ) ) ;
#2574 = AXIS2_PLACEMENT_3D ( 'NONE', #1298, #828, #2906 ) ;
#2575 = EDGE_CURVE ( 'NONE', #2352, #2012, #1733, .T. ) ;
#2576 = EDGE_CURVE ( 'NONE', #2037, #1711, #1464, .T. ) ;
#2577 = AXIS2_PLACEMENT_3D ( 'NONE', #2438, #1969, #1054 ) ;
#2578 = ORIENTED_EDGE ( 'NONE', *, *, #2614, .F. ) ;
#2579 = PLANE ( 'NONE',  #500 ) ;
#2580 = ORIENTED_EDGE ( 'NONE', *, *, #819, .T. ) ;
#2581 = CARTESIAN_POINT ( 'NONE',  ( 21.40500000000000469, -7.219999999999999751, 0.000000000000000000 ) ) ;
#2582 = CIRCLE ( 'NONE', #740, 0.1049999999999979283 ) ;
#2583 = VERTEX_POINT ( 'NONE', #800 ) ;
#2584 = DIRECTION ( 'NONE',  ( 0.000000000000000000, 1.000000000000000000, 0.000000000000000000 ) ) ;
#2585 = CARTESIAN_POINT ( 'NONE',  ( 21.40500000000000469, 7.220000000000002416, -0.1049999999999999961 ) ) ;
#2586 = DIRECTION ( 'NONE',  ( -6.776677193585765683E-15, 0.000000000000000000, -1.000000000000000000 ) ) ;
#2587 = LINE ( 'NONE', #1869, #2770 ) ;
#2588 = VECTOR ( 'NONE', #1920, 39.37007874015748143 ) ;
#2589 = ORIENTED_EDGE ( 'NONE', *, *, #195, .T. ) ;
#2590 = LINE ( 'NONE', #2605, #2628 ) ;
#2591 = CARTESIAN_POINT ( 'NONE',  ( -10.99499999999999744, 5.000000000000002665, -0.1049999999999999684 ) ) ;
#2592 = EDGE_CURVE ( 'NONE', #2990, #824, #1557, .T. ) ;
#2593 = EDGE_LOOP ( 'NONE', ( #2607, #2022, #1813, #412 ) ) ;
#2594 = PLANE ( 'NONE',  #1656 ) ;
#2595 = ORIENTED_EDGE ( 'NONE', *, *, #1470, .F. ) ;
#2596 = DIRECTION ( 'NONE',  ( -0.000000000000000000, -0.000000000000000000, 1.000000000000000000 ) ) ;
#2597 = DIRECTION ( 'NONE',  ( -0.000000000000000000, -0.000000000000000000, 1.000000000000000000 ) ) ;
#2598 = ADVANCED_FACE ( 'NONE', ( #2648 ), #2211, .F. ) ;
#2599 = EDGE_CURVE ( 'NONE', #2009, #2890, #979, .T. ) ;
#2600 = ORIENTED_EDGE ( 'NONE', *, *, #1651, .T. ) ;
#2601 = FACE_OUTER_BOUND ( 'NONE', #2948, .T. ) ;
#2602 = CARTESIAN_POINT ( 'NONE',  ( -21.15499999999999758, -7.470000000000005969, -0.7500000000000001110 ) ) ;
#2603 = CARTESIAN_POINT ( 'NONE',  ( -21.06499999999999773, 3.750000000000000888, 0.000000000000000000 ) ) ;
#2604 = ORIENTED_EDGE ( 'NONE', *, *, #1684, .F. ) ;
#2605 = CARTESIAN_POINT ( 'NONE',  ( 21.30000000000000782, 0.000000000000000000, -0.5000000000000003331 ) ) ;
#2606 = CARTESIAN_POINT ( 'NONE',  ( 21.02500000000000213, 7.259999999999999787, -0.1049999999999986777 ) ) ;
#2607 = ORIENTED_EDGE ( 'NONE', *, *, #1282, .F. ) ;
#2608 = AXIS2_PLACEMENT_3D ( 'NONE', #1087, #2201, #2715 ) ;
#2609 = FACE_BOUND ( 'NONE', #513, .T. ) ;
#2610 = ORIENTED_EDGE ( 'NONE', *, *, #2697, .T. ) ;
#2611 = CARTESIAN_POINT ( 'NONE',  ( -2.039999999999993374, 1.500000000000009326, -0.7500000000000004441 ) ) ;
#2612 = VERTEX_POINT ( 'NONE', #1968 ) ;
#2613 = LINE ( 'NONE', #522, #426 ) ;
#2614 = EDGE_CURVE ( 'NONE', #1503, #1978, #692, .T. ) ;
#2615 = EDGE_CURVE ( 'NONE', #1084, #172, #2540, .T. ) ;
#2616 = CARTESIAN_POINT ( 'NONE',  ( -21.15499999999999758, -7.470000000000005969, -0.7500000000000001110 ) ) ;
#2617 = PLANE ( 'NONE',  #1938 ) ;
#2618 = CARTESIAN_POINT ( 'NONE',  ( 21.40500000000000469, 7.220000000000002416, -0.1049999999999996353 ) ) ;
#2619 = ADVANCED_FACE ( 'NONE', ( #934 ), #461, .F. ) ;
#2620 = VERTEX_POINT ( 'NONE', #225 ) ;
#2621 = FACE_OUTER_BOUND ( 'NONE', #952, .T. ) ;
#2622 = CARTESIAN_POINT ( 'NONE',  ( 21.02500000000000213, -7.365000000000001101, -0.7500000000000004441 ) ) ;
#2623 = APPLICATION_CONTEXT ( 'automotive_design' ) ;
#2624 = ORIENTED_EDGE ( 'NONE', *, *, #1589, .T. ) ;
#2625 = VECTOR ( 'NONE', #2233, 39.37007874015748143 ) ;
#2626 = FACE_BOUND ( 'NONE', #2505, .T. ) ;
#2627 = VERTEX_POINT ( 'NONE', #2075 ) ;
#2628 = VECTOR ( 'NONE', #1436, 39.37007874015748143 ) ;
#2629 = DIRECTION ( 'NONE',  ( -1.000000000000000000, 0.000000000000000000, 0.000000000000000000 ) ) ;
#2630 = CIRCLE ( 'NONE', #3019, 0.4399999999999991140 ) ;
#2631 = ORIENTED_EDGE ( 'NONE', *, *, #621, .T. ) ;
#2632 = AXIS2_PLACEMENT_3D ( 'NONE', #2500, #1335, #134 ) ;
#2633 = FILL_AREA_STYLE_COLOUR ( '', #1060 ) ;
#2634 = EDGE_CURVE ( 'NONE', #1435, #665, #1441, .T. ) ;
#2635 = PLANE ( 'NONE',  #786 ) ;
#2636 = CARTESIAN_POINT ( 'NONE',  ( -21.06499999999999773, -3.750000000000003997, 0.000000000000000000 ) ) ;
#2637 = FACE_OUTER_BOUND ( 'NONE', #1845, .T. ) ;
#2638 = CIRCLE ( 'NONE', #555, 0.09499999999999994560 ) ;
#2639 = DIRECTION ( 'NONE',  ( 1.000000000000000000, 0.000000000000000000, 0.000000000000000000 ) ) ;
#2640 = DIRECTION ( 'NONE',  ( 1.000000000000000000, -0.000000000000000000, -1.626099996228726381E-16 ) ) ;
#2641 = ORIENTED_EDGE ( 'NONE', *, *, #2969, .F. ) ;
#2642 = FACE_BOUND ( 'NONE', #396, .T. ) ;
#2643 = ORIENTED_EDGE ( 'NONE', *, *, #984, .T. ) ;
#2644 = DIRECTION ( 'NONE',  ( 0.000000000000000000, 0.000000000000000000, -1.000000000000000000 ) ) ;
#2645 = VECTOR ( 'NONE', #2684, 39.37007874015748143 ) ;
#2646 = ORIENTED_EDGE ( 'NONE', *, *, #2199, .T. ) ;
#2647 = DIRECTION ( 'NONE',  ( 0.000000000000000000, -1.000000000000000000, 3.252199992457520505E-15 ) ) ;
#2648 = FACE_OUTER_BOUND ( 'NONE', #794, .T. ) ;
#2649 = CARTESIAN_POINT ( 'NONE',  ( -7.554999999999998828, 5.000000000000002665, -0.1049999999999999684 ) ) ;
#2650 = DIRECTION ( 'NONE',  ( 1.000000000000000000, 0.000000000000000000, 0.000000000000000000 ) ) ;
#2651 = VERTEX_POINT ( 'NONE', #3013 ) ;
#2652 = FACE_OUTER_BOUND ( 'NONE', #359, .T. ) ;
#2653 = DIRECTION ( 'NONE',  ( -0.000000000000000000, -1.000000000000000000, -0.000000000000000000 ) ) ;
#2654 = ADVANCED_FACE ( 'NONE', ( #1850 ), #2787, .F. ) ;
#2655 = ADVANCED_FACE ( 'NONE', ( #283 ), #648, .T. ) ;
#2656 = ORIENTED_EDGE ( 'NONE', *, *, #1004, .T. ) ;
#2657 = FACE_BOUND ( 'NONE', #656, .T. ) ;
#2658 = ORIENTED_EDGE ( 'NONE', *, *, #666, .F. ) ;
#2659 = VECTOR ( 'NONE', #3003, 39.37007874015748143 ) ;
#2660 = EDGE_LOOP ( 'NONE', ( #868, #1378, #663, #2658 ) ) ;
#2661 = VECTOR ( 'NONE', #1266, 39.37007874015748143 ) ;
#2662 = CARTESIAN_POINT ( 'NONE',  ( 15.82000000000000206, 1.814999999999995506, -0.7500000000000004441 ) ) ;
#2663 = CARTESIAN_POINT ( 'NONE',  ( -21.40499999999999758, -7.220000000000004192, -0.2099999999999973277 ) ) ;
#2664 = DIRECTION ( 'NONE',  ( 0.000000000000000000, 0.000000000000000000, -1.000000000000000000 ) ) ;
#2665 = FACE_OUTER_BOUND ( 'NONE', #2068, .T. ) ;
#2666 = CYLINDRICAL_SURFACE ( 'NONE', #2028, 0.4399999999999991140 ) ;
#2667 = LINE ( 'NONE', #2898, #2459 ) ;
#2668 = ORIENTED_EDGE ( 'NONE', *, *, #1133, .T. ) ;
#2669 = CARTESIAN_POINT ( 'NONE',  ( 21.19500000000000739, -7.219999999999999751, -0.2099999999999980216 ) ) ;
#2670 = ORIENTED_EDGE ( 'NONE', *, *, #2411, .F. ) ;
#2671 = PRODUCT_RELATED_PRODUCT_CATEGORY ( 'part', '', ( #2467 ) ) ;
#2672 = EDGE_CURVE ( 'NONE', #1843, #1936, #1533, .T. ) ;
#2673 = PRODUCT_DEFINITION_FORMATION_WITH_SPECIFIED_SOURCE ( 'ANY', '', #2467, .NOT_KNOWN. ) ;
#2674 = DIRECTION ( 'NONE',  ( -0.000000000000000000, -0.000000000000000000, 1.000000000000000000 ) ) ;
#2675 = VECTOR ( 'NONE', #937, 39.37007874015748143 ) ;
#2676 = AXIS2_PLACEMENT_3D ( 'NONE', #2498, #245, #430 ) ;
#2677 = EDGE_LOOP ( 'NONE', ( #737, #2670, #1822, #1339 ) ) ;
#2678 = AXIS2_PLACEMENT_3D ( 'NONE', #2060, #1818, #1833 ) ;
#2679 = LINE ( 'NONE', #1555, #1205 ) ;
#2680 = AXIS2_PLACEMENT_3D ( 'NONE', #366, #336, #1268 ) ;
#2681 = VECTOR ( 'NONE', #695, 39.37007874015748143 ) ;
#2682 = LINE ( 'NONE', #381, #1272 ) ;
#2683 = LINE ( 'NONE', #1779, #879 ) ;
#2684 = DIRECTION ( 'NONE',  ( -1.000000000000000000, 9.988475296761475775E-17, -0.000000000000000000 ) ) ;
#2685 = CARTESIAN_POINT ( 'NONE',  ( -2.040000000000000480, -1.499999999999992006, -0.1049999999999999684 ) ) ;
#2686 = CARTESIAN_POINT ( 'NONE',  ( 12.19000000000000128, -1.815000000000004166, 0.000000000000000000 ) ) ;
#2687 = ORIENTED_EDGE ( 'NONE', *, *, #24, .T. ) ;
#2688 = LINE ( 'NONE', #839, #191 ) ;
#2689 = ORIENTED_EDGE ( 'NONE', *, *, #2844, .F. ) ;
#2690 = CARTESIAN_POINT ( 'NONE',  ( -10.99499999999999744, 5.000000000000002665, -0.7500000000000004441 ) ) ;
#2691 = ADVANCED_FACE ( 'NONE', ( #694 ), #2513, .F. ) ;
#2692 = VECTOR ( 'NONE', #795, 39.37007874015748143 ) ;
#2693 = CARTESIAN_POINT ( 'NONE',  ( 9.540095056110622923E-16, -7.365000000000001101, 2.531088931804282574E-14 ) ) ;
#2694 = VERTEX_POINT ( 'NONE', #477 ) ;
#2695 = DIRECTION ( 'NONE',  ( 0.000000000000000000, 0.000000000000000000, 1.000000000000000000 ) ) ;
#2696 = EDGE_CURVE ( 'NONE', #1624, #466, #1404, .T. ) ;
#2697 = EDGE_CURVE ( 'NONE', #2936, #1455, #690, .T. ) ;
#2698 = LINE ( 'NONE', #2663, #733 ) ;
#2699 = CARTESIAN_POINT ( 'NONE',  ( -21.40503937007874313, 4.520000000000001350, -0.5000000000000000000 ) ) ;
#2700 = FACE_OUTER_BOUND ( 'NONE', #1916, .T. ) ;
#2701 = ORIENTED_EDGE ( 'NONE', *, *, #2334, .F. ) ;
#2702 = CARTESIAN_POINT ( 'NONE',  ( -21.40503937007874313, -4.520000000000001350, -0.5000000000000002220 ) ) ;
#2703 = EDGE_LOOP ( 'NONE', ( #2537, #1569, #754, #2130 ) ) ;
#2704 = VECTOR ( 'NONE', #1250, 39.37007874015748143 ) ;
#2705 = EDGE_LOOP ( 'NONE', ( #603, #1457, #2846, #221 ) ) ;
#2706 = DIRECTION ( 'NONE',  ( 1.000000000000000000, 0.000000000000000000, 0.000000000000000000 ) ) ;
#2707 = ORIENTED_EDGE ( 'NONE', *, *, #1726, .T. ) ;
#2708 = DIRECTION ( 'NONE',  ( 0.000000000000000000, -0.000000000000000000, 1.000000000000000000 ) ) ;
#2709 = AXIS2_PLACEMENT_3D ( 'NONE', #959, #779, #2879 ) ;
#2710 = VERTEX_POINT ( 'NONE', #2090 ) ;
#2711 = DIRECTION ( 'NONE',  ( 1.000000000000000000, 1.036262870996400350E-16, 2.590657177491005189E-17 ) ) ;
#2712 = EDGE_CURVE ( 'NONE', #2627, #616, #1320, .T. ) ;
#2713 = EDGE_CURVE ( 'NONE', #2489, #680, #885, .T. ) ;
#2714 = DIRECTION ( 'NONE',  ( -0.000000000000000000, 1.000000000000000000, 0.000000000000000000 ) ) ;
#2715 = DIRECTION ( 'NONE',  ( 1.000000000000000000, 0.000000000000000000, 0.000000000000000000 ) ) ;
#2716 = DIRECTION ( 'NONE',  ( 1.000000000000000000, 9.489538071265739929E-30, 6.123233995736767268E-17 ) ) ;
#2717 = VERTEX_POINT ( 'NONE', #1868 ) ;
#2718 = LINE ( 'NONE', #1535, #2725 ) ;
#2719 = ORIENTED_EDGE ( 'NONE', *, *, #820, .T. ) ;
#2720 = ORIENTED_EDGE ( 'NONE', *, *, #1547, .T. ) ;
#2721 = CARTESIAN_POINT ( 'NONE',  ( 21.40500000000000469, 7.220000000000002416, -0.2099999999999980216 ) ) ;
#2722 = VERTEX_POINT ( 'NONE', #2310 ) ;
#2723 = DIRECTION ( 'NONE',  ( 9.988475296761473310E-17, 1.000000000000000000, 0.000000000000000000 ) ) ;
#2724 = VECTOR ( 'NONE', #1972, 39.37007874015748143 ) ;
#2725 = VECTOR ( 'NONE', #1758, 39.37007874015748143 ) ;
#2726 = ORIENTED_EDGE ( 'NONE', *, *, #2351, .T. ) ;
#2727 = AXIS2_PLACEMENT_3D ( 'NONE', #2791, #2297, #1854 ) ;
#2728 = LENGTH_MEASURE_WITH_UNIT ( LENGTH_MEASURE( 0.02539999999999999897 ), #2466 );
#2729 = LINE ( 'NONE', #2468, #1548 ) ;
#2730 = ADVANCED_FACE ( 'NONE', ( #2999 ), #2805, .F. ) ;
#2731 = CARTESIAN_POINT ( 'NONE',  ( -21.30000000000000426, 7.220000000000002416, -0.7500000000000004441 ) ) ;
#2732 = AXIS2_PLACEMENT_3D ( 'NONE', #201, #2344, #248 ) ;
#2733 = DIMENSIONAL_EXPONENTS ( 1.000000000000000000, 0.000000000000000000, 0.000000000000000000, 0.000000000000000000, 0.000000000000000000, 0.000000000000000000, 0.000000000000000000 ) ;
#2734 = EDGE_CURVE ( 'NONE', #1114, #1517, #2232, .T. ) ;
#2735 = VERTEX_POINT ( 'NONE', #894 ) ;
#2736 = CARTESIAN_POINT ( 'NONE',  ( 20.17500000000001137, 2.500000000000000444, -0.7500000000000004441 ) ) ;
#2737 = ORIENTED_EDGE ( 'NONE', *, *, #757, .T. ) ;
#2738 = ORIENTED_EDGE ( 'NONE', *, *, #520, .F. ) ;
#2739 = CARTESIAN_POINT ( 'NONE',  ( -16.99499999999999744, 5.000000000000002665, -0.7500000000000004441 ) ) ;
#2740 = ORIENTED_EDGE ( 'NONE', *, *, #2049, .T. ) ;
#2741 = CARTESIAN_POINT ( 'NONE',  ( 20.08000000000001251, 3.750000000000000888, 0.000000000000000000 ) ) ;
#2742 = VERTEX_POINT ( 'NONE', #662 ) ;
#2743 = CARTESIAN_POINT ( 'NONE',  ( -11.39499999999999780, -1.900000000000004130, 0.000000000000000000 ) ) ;
#2744 = DIRECTION ( 'NONE',  ( 0.000000000000000000, 0.000000000000000000, 1.000000000000000000 ) ) ;
#2745 = DIRECTION ( 'NONE',  ( -1.000000000000000000, 0.000000000000000000, 0.000000000000000000 ) ) ;
#2746 = CARTESIAN_POINT ( 'NONE',  ( 21.02500000000000213, 7.470000000000003304, -0.7500000000000001110 ) ) ;
#2747 = EDGE_LOOP ( 'NONE', ( #1380, #452, #2843, #2417 ) ) ;
#2748 = CARTESIAN_POINT ( 'NONE',  ( -4.994999999999996554, 5.000000000000002665, -0.7500000000000004441 ) ) ;
#2749 = EDGE_LOOP ( 'NONE', ( #377, #2461 ) ) ;
#2750 = ADVANCED_FACE ( 'NONE', ( #920 ), #2774, .F. ) ;
#2751 = EDGE_CURVE ( 'NONE', #50, #1180, #1690, .T. ) ;
#2752 = LINE ( 'NONE', #2021, #1338 ) ;
#2753 = ORIENTED_EDGE ( 'NONE', *, *, #2615, .F. ) ;
#2754 = DIRECTION ( 'NONE',  ( -1.000000000000000000, 0.000000000000000000, 0.000000000000000000 ) ) ;
#2755 = VERTEX_POINT ( 'NONE', #557 ) ;
#2756 = VECTOR ( 'NONE', #1752, 39.37007874015748143 ) ;
#2757 = CARTESIAN_POINT ( 'NONE',  ( -21.06499999999999773, 3.750000000000000888, -0.1049999999999999684 ) ) ;
#2758 = DIRECTION ( 'NONE',  ( -1.626099996228726381E-16, 0.000000000000000000, -1.000000000000000000 ) ) ;
#2759 = PRESENTATION_LAYER_ASSIGNMENT (  '', '', ( #2214 ) ) ;
#2760 = DIRECTION ( 'NONE',  ( 1.000000000000000000, 0.000000000000000000, 0.000000000000000000 ) ) ;
#2761 = LINE ( 'NONE', #1663, #1747 ) ;
#2762 = ORIENTED_EDGE ( 'NONE', *, *, #1301, .T. ) ;
#2763 = DIRECTION ( 'NONE',  ( 0.000000000000000000, 0.000000000000000000, -1.000000000000000000 ) ) ;
#2764 = VERTEX_POINT ( 'NONE', #2649 ) ;
#2765 = EDGE_CURVE ( 'NONE', #646, #748, #540, .T. ) ;
#2766 = LINE ( 'NONE', #726, #884 ) ;
#2767 = EDGE_LOOP ( 'NONE', ( #932, #503 ) ) ;
#2768 = DIRECTION ( 'NONE',  ( -0.000000000000000000, -1.000000000000000000, -0.000000000000000000 ) ) ;
#2769 = ORIENTED_EDGE ( 'NONE', *, *, #911, .T. ) ;
#2770 = VECTOR ( 'NONE', #1421, 39.37007874015748143 ) ;
#2771 = VECTOR ( 'NONE', #2296, 39.37007874015748143 ) ;
#2772 = VECTOR ( 'NONE', #939, 39.37007874015748143 ) ;
#2773 = FACE_OUTER_BOUND ( 'NONE', #2343, .T. ) ;
#2774 = CYLINDRICAL_SURFACE ( 'NONE', #2967, 0.09499999999999994560 ) ;
#2775 = CARTESIAN_POINT ( 'NONE',  ( 21.02500000000000568, -7.219999999999999751, -0.1049999999999999961 ) ) ;
#2776 = CIRCLE ( 'NONE', #2082, 0.4399999999999991140 ) ;
#2777 = EDGE_LOOP ( 'NONE', ( #19, #2364, #1306, #2631 ) ) ;
#2778 = DIRECTION ( 'NONE',  ( -0.000000000000000000, -0.000000000000000000, 1.000000000000000000 ) ) ;
#2779 = CARTESIAN_POINT ( 'NONE',  ( 15.82000000000000206, 1.814999999999995506, -0.1049999999999999684 ) ) ;
#2780 = ORIENTED_EDGE ( 'NONE', *, *, #1795, .F. ) ;
#2781 = PLANE ( 'NONE',  #1025 ) ;
#2782 = ORIENTED_EDGE ( 'NONE', *, *, #1392, .T. ) ;
#2783 = PLANE ( 'NONE',  #1211 ) ;
#2784 = EDGE_CURVE ( 'NONE', #2223, #1344, #1942, .T. ) ;
#2785 = VECTOR ( 'NONE', #2094, 39.37007874015748143 ) ;
#2786 = ORIENTED_EDGE ( 'NONE', *, *, #114, .T. ) ;
#2787 = CYLINDRICAL_SURFACE ( 'NONE', #46, 0.1249999999999862332 ) ;
#2788 = EDGE_CURVE ( 'NONE', #2976, #2092, #1719, .T. ) ;
#2789 = EDGE_CURVE ( 'NONE', #2115, #912, #571, .T. ) ;
#2790 = CARTESIAN_POINT ( 'NONE',  ( -21.15499999999999403, -7.470000000000005080, -0.2099999999999987710 ) ) ;
#2791 = CARTESIAN_POINT ( 'NONE',  ( 21.02500000000000924, 7.259999999999999787, -0.2099999999999966060 ) ) ;
#2792 = FACE_OUTER_BOUND ( 'NONE', #1276, .T. ) ;
#2793 = DIRECTION ( 'NONE',  ( 0.000000000000000000, 1.000000000000000000, 0.000000000000000000 ) ) ;
#2794 = CARTESIAN_POINT ( 'NONE',  ( 3.675758909208227897E-16, -3.680000000000005045, -0.1049999999999999961 ) ) ;
#2795 = EDGE_LOOP ( 'NONE', ( #2950, #1773, #2288, #1664 ) ) ;
#2796 = PLANE ( 'NONE',  #89 ) ;
#2797 = ORIENTED_EDGE ( 'NONE', *, *, #136, .T. ) ;
#2798 = CYLINDRICAL_SURFACE ( 'NONE', #610, 0.1250000000000004441 ) ;
#2799 = ORIENTED_EDGE ( 'NONE', *, *, #1358, .F. ) ;
#2800 = AXIS2_PLACEMENT_3D ( 'NONE', #1814, #2920, #858 ) ;
#2801 = ADVANCED_FACE ( 'NONE', ( #290 ), #2617, .F. ) ;
#2802 = EDGE_CURVE ( 'NONE', #346, #2491, #2630, .T. ) ;
#2803 = VECTOR ( 'NONE', #340, 39.37007874015748143 ) ;
#2804 = PLANE ( 'NONE',  #1367 ) ;
#2805 = PLANE ( 'NONE',  #1125 ) ;
#2806 = DIRECTION ( 'NONE',  ( 0.000000000000000000, 0.000000000000000000, -1.000000000000000000 ) ) ;
#2807 = ORIENTED_EDGE ( 'NONE', *, *, #3005, .F. ) ;
#2808 = AXIS2_PLACEMENT_3D ( 'NONE', #1687, #1539, #394 ) ;
#2809 = DIRECTION ( 'NONE',  ( 1.000000000000000000, 0.000000000000000000, -3.491481338843132961E-15 ) ) ;
#2810 = DIRECTION ( 'NONE',  ( -0.000000000000000000, -0.000000000000000000, 1.000000000000000000 ) ) ;
#2811 = AXIS2_PLACEMENT_3D ( 'NONE', #425, #2272, #206 ) ;
#2812 = VERTEX_POINT ( 'NONE', #768 ) ;
#2813 = DIRECTION ( 'NONE',  ( 0.000000000000000000, 0.000000000000000000, 1.000000000000000000 ) ) ;
#2814 = VERTEX_POINT ( 'NONE', #2168 ) ;
#2815 = CYLINDRICAL_SURFACE ( 'NONE', #773, 0.1049999999999990108 ) ;
#2816 = PLANE ( 'NONE',  #834 ) ;
#2817 = CARTESIAN_POINT ( 'NONE',  ( -21.16499999999999915, 3.750000000000000888, 0.000000000000000000 ) ) ;
#2818 = DIRECTION ( 'NONE',  ( 0.000000000000000000, 0.000000000000000000, 1.000000000000000000 ) ) ;
#2819 = EDGE_CURVE ( 'NONE', #2877, #346, #1467, .T. ) ;
#2820 = VECTOR ( 'NONE', #1579, 39.37007874015748143 ) ;
#2821 = VECTOR ( 'NONE', #2813, 39.37007874015748143 ) ;
#2822 = ORIENTED_EDGE ( 'NONE', *, *, #1743, .T. ) ;
#2823 = CARTESIAN_POINT ( 'NONE',  ( 21.02500000000000213, -7.470000000000000639, -0.7499999999999998890 ) ) ;
#2824 = DIRECTION ( 'NONE',  ( 0.000000000000000000, 0.000000000000000000, 1.000000000000000000 ) ) ;
#2825 = AXIS2_PLACEMENT_3D ( 'NONE', #448, #2510, #209 ) ;
#2826 = AXIS2_PLACEMENT_3D ( 'NONE', #1944, #2883, #37 ) ;
#2827 = VECTOR ( 'NONE', #1958, 39.37007874015748143 ) ;
#2828 = ADVANCED_FACE ( 'NONE', ( #1026 ), #1705, .F. ) ;
#2829 = CARTESIAN_POINT ( 'NONE',  ( 15.82000000000000206, -1.815000000000004166, -0.7500000000000004441 ) ) ;
#2830 = VERTEX_POINT ( 'NONE', #2817 ) ;
#2831 = CARTESIAN_POINT ( 'NONE',  ( 21.19500000000000739, -7.219999999999999751, -0.2099999999999980216 ) ) ;
#2832 = VECTOR ( 'NONE', #1844, 39.37007874015748143 ) ;
#2833 = FILL_AREA_STYLE ('',( #2633 ) ) ;
#2834 = CARTESIAN_POINT ( 'NONE',  ( -21.15499999999999758, 7.469999999999997975, -0.2100000000000027400 ) ) ;
#2835 = CARTESIAN_POINT ( 'NONE',  ( -21.06499999999999773, -3.750000000000003997, -0.1049999999999999684 ) ) ;
#2836 = DIRECTION ( 'NONE',  ( -0.000000000000000000, -0.000000000000000000, 1.000000000000000000 ) ) ;
#2837 = VECTOR ( 'NONE', #266, 39.37007874015748143 ) ;
#2838 = ORIENTED_EDGE ( 'NONE', *, *, #1150, .T. ) ;
#2839 = FACE_OUTER_BOUND ( 'NONE', #2058, .T. ) ;
#2840 = LINE ( 'NONE', #3022, #2391 ) ;
#2841 = VERTEX_POINT ( 'NONE', #2374 ) ;
#2842 = CARTESIAN_POINT ( 'NONE',  ( 21.02500000000000213, 7.365000000000002878, -0.7500000000000004441 ) ) ;
#2843 = ORIENTED_EDGE ( 'NONE', *, *, #961, .T. ) ;
#2844 = EDGE_CURVE ( 'NONE', #2620, #1, #2329, .T. ) ;
#2845 = CARTESIAN_POINT ( 'NONE',  ( 12.19000000000000128, 1.814999999999995506, 0.000000000000000000 ) ) ;
#2846 = ORIENTED_EDGE ( 'NONE', *, *, #1828, .F. ) ;
#2847 = PLANE ( 'NONE',  #2709 ) ;
#2848 = DIRECTION ( 'NONE',  ( 0.000000000000000000, -1.000000000000000000, 0.000000000000000000 ) ) ;
#2849 = CARTESIAN_POINT ( 'NONE',  ( 20.27000000000001023, -3.750000000000003997, -0.1049999999999999684 ) ) ;
#2850 = CARTESIAN_POINT ( 'NONE',  ( -21.30000000000000426, 7.220000000000002416, -0.7500000000000007772 ) ) ;
#2851 = CIRCLE ( 'NONE', #623, 0.1249999999999927974 ) ;
#2852 = EDGE_LOOP ( 'NONE', ( #1849, #764, #2146, #43 ) ) ;
#2853 = DIRECTION ( 'NONE',  ( 0.000000000000000000, -1.000000000000000000, 3.491481338843132961E-15 ) ) ;
#2854 = DIRECTION ( 'NONE',  ( 0.000000000000000000, 0.000000000000000000, -1.000000000000000000 ) ) ;
#2855 = VERTEX_POINT ( 'NONE', #2849 ) ;
#2856 = AXIS2_PLACEMENT_3D ( 'NONE', #2927, #892, #588 ) ;
#2857 = FACE_BOUND ( 'NONE', #2870, .T. ) ;
#2858 = ORIENTED_EDGE ( 'NONE', *, *, #333, .F. ) ;
#2859 = DIRECTION ( 'NONE',  ( 1.000000000000000000, 0.000000000000000000, 0.000000000000000000 ) ) ;
#2860 = EDGE_CURVE ( 'NONE', #2830, #1334, #91, .T. ) ;
#2861 = ORIENTED_EDGE ( 'NONE', *, *, #2239, .F. ) ;
#2862 = CARTESIAN_POINT ( 'NONE',  ( 20.08000000000001251, 3.750000000000000888, -0.7500000000000004441 ) ) ;
#2863 = DIRECTION ( 'NONE',  ( 1.036262870996401089E-16, -1.000000000000000000, -3.388338596792882842E-15 ) ) ;
#2864 = DIRECTION ( 'NONE',  ( -0.000000000000000000, 1.000000000000000000, 0.000000000000000000 ) ) ;
#2865 = LINE ( 'NONE', #102, #597 ) ;
#2866 = VERTEX_POINT ( 'NONE', #2153 ) ;
#2867 = LINE ( 'NONE', #1709, #2482 ) ;
#2868 = DIRECTION ( 'NONE',  ( 0.000000000000000000, 0.000000000000000000, 1.000000000000000000 ) ) ;
#2869 = AXIS2_PLACEMENT_3D ( 'NONE', #1088, #867, #1562 ) ;
#2870 = EDGE_LOOP ( 'NONE', ( #678, #1992 ) ) ;
#2871 = VECTOR ( 'NONE', #1515, 39.37007874015748143 ) ;
#2872 = FACE_BOUND ( 'NONE', #1586, .T. ) ;
#2873 = EDGE_LOOP ( 'NONE', ( #1130, #156, #1583, #1143 ) ) ;
#2874 = AXIS2_PLACEMENT_3D ( 'NONE', #722, #2327, #1153 ) ;
#2875 = CYLINDRICAL_SURFACE ( 'NONE', #2295, 0.09499999999999994560 ) ;
#2876 = VECTOR ( 'NONE', #1360, 39.37007874015748143 ) ;
#2877 = VERTEX_POINT ( 'NONE', #1910 ) ;
#2878 = VECTOR ( 'NONE', #2930, 39.37007874015748143 ) ;
#2879 = DIRECTION ( 'NONE',  ( -1.626099996228726381E-16, 0.000000000000000000, 1.000000000000000000 ) ) ;
#2880 = LINE ( 'NONE', #1644, #1023 ) ;
#2881 = EDGE_CURVE ( 'NONE', #2812, #2449, #982, .T. ) ;
#2882 = ADVANCED_FACE ( 'NONE', ( #2420 ), #337, .T. ) ;
#2883 = DIRECTION ( 'NONE',  ( 0.000000000000000000, 0.000000000000000000, 1.000000000000000000 ) ) ;
#2884 = LINE ( 'NONE', #802, #1893 ) ;
#2885 = ORIENTED_EDGE ( 'NONE', *, *, #383, .F. ) ;
#2886 = DIRECTION ( 'NONE',  ( -1.000000000000000000, 0.000000000000000000, 0.000000000000000000 ) ) ;
#2887 = DIRECTION ( 'NONE',  ( -1.000000000000000000, 0.000000000000000000, 0.000000000000000000 ) ) ;
#2888 = ORIENTED_EDGE ( 'NONE', *, *, #1883, .T. ) ;
#2889 = FACE_BOUND ( 'NONE', #1000, .T. ) ;
#2890 = VERTEX_POINT ( 'NONE', #1240 ) ;
#2891 = ORIENTED_EDGE ( 'NONE', *, *, #1133, .F. ) ;
#2892 = DIRECTION ( 'NONE',  ( -0.000000000000000000, -1.000000000000000000, -0.000000000000000000 ) ) ;
#2893 =( NAMED_UNIT ( * ) SI_UNIT ( $, .STERADIAN. ) SOLID_ANGLE_UNIT ( ) );
#2894 = DIRECTION ( 'NONE',  ( 0.000000000000000000, 0.000000000000000000, -1.000000000000000000 ) ) ;
#2895 = EDGE_CURVE ( 'NONE', #613, #1571, #596, .T. ) ;
#2896 = EDGE_CURVE ( 'NONE', #1667, #2902, #1675, .T. ) ;
#2897 = CARTESIAN_POINT ( 'NONE',  ( -21.40499999999999758, -7.220000000000004192, -0.1049999999999996353 ) ) ;
#2898 = CARTESIAN_POINT ( 'NONE',  ( 2.535000000000005471, -3.680000000000005045, 0.000000000000000000 ) ) ;
#2899 = VECTOR ( 'NONE', #2836, 39.37007874015748143 ) ;
#2900 = ORIENTED_EDGE ( 'NONE', *, *, #1525, .F. ) ;
#2901 = CARTESIAN_POINT ( 'NONE',  ( -21.40499999999999758, -7.220000000000004192, -0.1049999999999999961 ) ) ;
#2902 = VERTEX_POINT ( 'NONE', #511 ) ;
#2903 = ORIENTED_EDGE ( 'NONE', *, *, #3009, .T. ) ;
#2904 = AXIS2_PLACEMENT_3D ( 'NONE', #97, #1037, #1955 ) ;
#2905 = LINE ( 'NONE', #2196, #227 ) ;
#2906 = DIRECTION ( 'NONE',  ( 1.000000000000000000, 0.000000000000000000, 0.000000000000000000 ) ) ;
#2907 = CARTESIAN_POINT ( 'NONE',  ( -21.29999999999999716, -7.220000000000004192, -0.1050000000000003431 ) ) ;
#2908 = CARTESIAN_POINT ( 'NONE',  ( 2.535000000000005471, 3.680000000000005045, 0.000000000000000000 ) ) ;
#2909 = DIRECTION ( 'NONE',  ( -0.000000000000000000, 1.000000000000000000, -0.000000000000000000 ) ) ;
#2910 = CARTESIAN_POINT ( 'NONE',  ( -10.99499999999999744, 5.000000000000002665, -0.1049999999999999684 ) ) ;
#2911 = EDGE_CURVE ( 'NONE', #2386, #518, #1209, .T. ) ;
#2912 = ORIENTED_EDGE ( 'NONE', *, *, #842, .F. ) ;
#2913 = LINE ( 'NONE', #2205, #1570 ) ;
#2914 = ORIENTED_EDGE ( 'NONE', *, *, #895, .T. ) ;
#2915 = EDGE_CURVE ( 'NONE', #172, #74, #814, .T. ) ;
#2916 = EDGE_CURVE ( 'NONE', #1139, #870, #95, .T. ) ;
#2917 = AXIS2_PLACEMENT_3D ( 'NONE', #182, #1715, #2644 ) ;
#2918 = CIRCLE ( 'NONE', #441, 0.1249999999999938799 ) ;
#2919 = AXIS2_PLACEMENT_3D ( 'NONE', #1213, #1665, #1453 ) ;
#2920 = DIRECTION ( 'NONE',  ( 0.000000000000000000, 0.000000000000000000, 1.000000000000000000 ) ) ;
#2921 = ORIENTED_EDGE ( 'NONE', *, *, #1828, .T. ) ;
#2922 = CIRCLE ( 'NONE', #2825, 0.2099999999999989930 ) ;
#2923 = FACE_OUTER_BOUND ( 'NONE', #1353, .T. ) ;
#2924 = AXIS2_PLACEMENT_3D ( 'NONE', #1493, #605, #127 ) ;
#2925 = DIRECTION ( 'NONE',  ( 0.000000000000000000, -1.000000000000000000, 0.000000000000000000 ) ) ;
#2926 = CARTESIAN_POINT ( 'NONE',  ( -7.994999999999998330, 5.000000000000002665, -0.7500000000000004441 ) ) ;
#2927 = CARTESIAN_POINT ( 'NONE',  ( -11.84999999999999254, 1.500000000000030198, -0.7500000000000004441 ) ) ;
#2928 = LINE ( 'NONE', #130, #2871 ) ;
#2929 = ORIENTED_EDGE ( 'NONE', *, *, #1093, .F. ) ;
#2930 = DIRECTION ( 'NONE',  ( 1.000000000000000000, -0.000000000000000000, -0.000000000000000000 ) ) ;
#2931 = ORIENTED_EDGE ( 'NONE', *, *, #3005, .T. ) ;
#2932 = EDGE_CURVE ( 'NONE', #1966, #165, #2184, .T. ) ;
#2933 = EDGE_CURVE ( 'NONE', #15, #544, #1799, .T. ) ;
#2934 = ORIENTED_EDGE ( 'NONE', *, *, #1915, .F. ) ;
#2935 = LINE ( 'NONE', #1340, #1802 ) ;
#2936 = VERTEX_POINT ( 'NONE', #354 ) ;
#2937 = CARTESIAN_POINT ( 'NONE',  ( 21.30000000000000782, 7.220000000000002416, 0.000000000000000000 ) ) ;
#2938 = AXIS2_PLACEMENT_3D ( 'NONE', #2248, #1101, #1578 ) ;
#2939 = ORIENTED_EDGE ( 'NONE', *, *, #1589, .F. ) ;
#2940 = DIRECTION ( 'NONE',  ( 0.000000000000000000, -0.000000000000000000, -1.000000000000000000 ) ) ;
#2941 = CARTESIAN_POINT ( 'NONE',  ( -7.994999999999998330, 5.000000000000002665, 0.000000000000000000 ) ) ;
#2942 = LINE ( 'NONE', #2699, #1731 ) ;
#2943 = LINE ( 'NONE', #1781, #1316 ) ;
#2944 = VERTEX_POINT ( 'NONE', #2200 ) ;
#2945 = DIRECTION ( 'NONE',  ( -0.000000000000000000, -0.000000000000000000, 1.000000000000000000 ) ) ;
#2946 = ORIENTED_EDGE ( 'NONE', *, *, #419, .T. ) ;
#2947 = AXIS2_PLACEMENT_3D ( 'NONE', #1679, #2824, #2378 ) ;
#2948 = EDGE_LOOP ( 'NONE', ( #2039, #2306, #1122, #2004 ) ) ;
#2949 = CARTESIAN_POINT ( 'NONE',  ( -21.15499999999999403, -7.220000000000004192, -0.1049999999999999961 ) ) ;
#2950 = ORIENTED_EDGE ( 'NONE', *, *, #2273, .F. ) ;
#2951 = EDGE_CURVE ( 'NONE', #470, #2710, #1791, .T. ) ;
#2952 = ORIENTED_EDGE ( 'NONE', *, *, #2275, .F. ) ;
#2953 = DIRECTION ( 'NONE',  ( 0.000000000000000000, -1.000000000000000000, 0.000000000000000000 ) ) ;
#2954 = CARTESIAN_POINT ( 'NONE',  ( -2.494999999999996110, -1.900000000000003464, -0.7500000000000004441 ) ) ;
#2955 = EDGE_CURVE ( 'NONE', #599, #2651, #112, .T. ) ;
#2956 = LINE ( 'NONE', #1796, #2724 ) ;
#2957 = EDGE_LOOP ( 'NONE', ( #2566, #176, #205, #807 ) ) ;
#2958 = LINE ( 'NONE', #881, #2878 ) ;
#2959 = EDGE_LOOP ( 'NONE', ( #488, #2170 ) ) ;
#2960 = ORIENTED_EDGE ( 'NONE', *, *, #2106, .T. ) ;
#2961 = CARTESIAN_POINT ( 'NONE',  ( -21.06499999999999773, 3.750000000000000888, -0.7500000000000004441 ) ) ;
#2962 = ORIENTED_EDGE ( 'NONE', *, *, #507, .T. ) ;
#2963 = DIRECTION ( 'NONE',  ( 0.000000000000000000, -1.000000000000000000, 0.000000000000000000 ) ) ;
#2964 = VECTOR ( 'NONE', #1957, 39.37007874015748143 ) ;
#2965 = AXIS2_PLACEMENT_3D ( 'NONE', #1158, #2069, #1168 ) ;
#2966 = EDGE_LOOP ( 'NONE', ( #624, #994 ) ) ;
#2967 = AXIS2_PLACEMENT_3D ( 'NONE', #229, #3017, #1594 ) ;
#2968 = CARTESIAN_POINT ( 'NONE',  ( 21.02500000000000568, 7.470000000000002416, -0.2099999999999987710 ) ) ;
#2969 = EDGE_CURVE ( 'NONE', #1884, #1520, #2330, .T. ) ;
#2970 = ADVANCED_FACE ( 'NONE', ( #829 ), #2212, .F. ) ;
#2971 = CARTESIAN_POINT ( 'NONE',  ( 20.17500000000001137, -3.750000000000003997, -0.1049999999999999684 ) ) ;
#2972 = AXIS2_PLACEMENT_3D ( 'NONE', #1095, #1587, #1066 ) ;
#2973 = ORIENTED_EDGE ( 'NONE', *, *, #1941, .F. ) ;
#2974 = LINE ( 'NONE', #1625, #1173 ) ;
#2975 = ORIENTED_EDGE ( 'NONE', *, *, #1504, .F. ) ;
#2976 = VERTEX_POINT ( 'NONE', #1751 ) ;
#2977 = DIRECTION ( 'NONE',  ( -0.000000000000000000, 0.000000000000000000, 1.000000000000000000 ) ) ;
#2978 = ORIENTED_EDGE ( 'NONE', *, *, #910, .T. ) ;
#2979 = FACE_OUTER_BOUND ( 'NONE', #1046, .T. ) ;
#2980 = CIRCLE ( 'NONE', #2917, 0.2099999999999979383 ) ;
#2981 = ORIENTED_EDGE ( 'NONE', *, *, #804, .T. ) ;
#2982 = DIRECTION ( 'NONE',  ( 1.000000000000000000, 1.036262870996401089E-16, 3.511209482220509327E-31 ) ) ;
#2983 = CARTESIAN_POINT ( 'NONE',  ( 21.30000000000000782, -4.520000000000001350, -0.5000000000000003331 ) ) ;
#2984 = CARTESIAN_POINT ( 'NONE',  ( -13.99499999999999744, 5.000000000000002665, -0.1049999999999999684 ) ) ;
#2985 = CARTESIAN_POINT ( 'NONE',  ( -8.434999999999998721, 5.000000000000002665, -0.7500000000000004441 ) ) ;
#2986 = EDGE_CURVE ( 'NONE', #2995, #2024, #2683, .T. ) ;
#2987 = ADVANCED_FACE ( 'NONE', ( #587 ), #849, .F. ) ;
#2988 = EDGE_LOOP ( 'NONE', ( #2070, #2141, #1581, #871 ) ) ;
#2989 = DIRECTION ( 'NONE',  ( 0.000000000000000000, -1.000000000000000000, 0.000000000000000000 ) ) ;
#2990 = VERTEX_POINT ( 'NONE', #1529 ) ;
#2991 = EDGE_LOOP ( 'NONE', ( #2219, #1918, #561, #2807 ) ) ;
#2992 = FACE_OUTER_BOUND ( 'NONE', #3006, .T. ) ;
#2993 = ORIENTED_EDGE ( 'NONE', *, *, #2071, .F. ) ;
#2994 = LINE ( 'NONE', #473, #2517 ) ;
#2995 = VERTEX_POINT ( 'NONE', #2452 ) ;
#2996 = DIRECTION ( 'NONE',  ( -0.000000000000000000, 0.000000000000000000, 1.000000000000000000 ) ) ;
#2997 = VECTOR ( 'NONE', #2027, 39.37007874015748143 ) ;
#2998 = DIRECTION ( 'NONE',  ( 0.000000000000000000, 0.000000000000000000, -1.000000000000000000 ) ) ;
#2999 = FACE_OUTER_BOUND ( 'NONE', #880, .T. ) ;
#3000 = CARTESIAN_POINT ( 'NONE',  ( 21.40500000000000469, 7.220000000000002416, -0.5000000000000000000 ) ) ;
#3001 = ORIENTED_EDGE ( 'NONE', *, *, #1150, .F. ) ;
#3002 = CARTESIAN_POINT ( 'NONE',  ( -21.15499999999999758, 7.259999999999999787, 0.000000000000000000 ) ) ;
#3003 = DIRECTION ( 'NONE',  ( 1.000000000000000000, 9.988475296761475775E-17, 0.000000000000000000 ) ) ;
#3004 = CIRCLE ( 'NONE', #429, 0.1049999999999990108 ) ;
#3005 = EDGE_CURVE ( 'NONE', #1596, #1641, #369, .T. ) ;
#3006 = EDGE_LOOP ( 'NONE', ( #434, #1006, #1063, #566 ) ) ;
#3007 = DIRECTION ( 'NONE',  ( 1.000000000000000000, -0.000000000000000000, -1.626099996228726381E-16 ) ) ;
#3008 = ORIENTED_EDGE ( 'NONE', *, *, #59, .T. ) ;
#3009 = EDGE_CURVE ( 'NONE', #1096, #2491, #1100, .T. ) ;
#3010 = ADVANCED_FACE ( 'NONE', ( #413 ), #1070, .F. ) ;
#3011 = CARTESIAN_POINT ( 'NONE',  ( -21.40503937007874313, 4.520000000000001350, -0.5000000000000000000 ) ) ;
#3012 = ORIENTED_EDGE ( 'NONE', *, *, #2140, .F. ) ;
#3013 = CARTESIAN_POINT ( 'NONE',  ( 21.02500000000000924, -7.469999999999998863, -0.2100000000000027400 ) ) ;
#3014 = CIRCLE ( 'NONE', #1699, 0.09999999999999947820 ) ;
#3015 = AXIS2_PLACEMENT_3D ( 'NONE', #1871, #2546, #2034 ) ;
#3016 = DIRECTION ( 'NONE',  ( 1.000000000000000000, 0.000000000000000000, -1.626099996228726381E-16 ) ) ;
#3017 = DIRECTION ( 'NONE',  ( -0.000000000000000000, -0.000000000000000000, 1.000000000000000000 ) ) ;
#3018 = LINE ( 'NONE', #512, #2379 ) ;
#3019 = AXIS2_PLACEMENT_3D ( 'NONE', #1226, #83, #1927 ) ;
#3020 = ORIENTED_EDGE ( 'NONE', *, *, #351, .F. ) ;
#3021 = CARTESIAN_POINT ( 'NONE',  ( 21.02500000000000924, 7.259999999999999787, -0.1049999999999986777 ) ) ;
#3022 = CARTESIAN_POINT ( 'NONE',  ( 20.27000000000001023, 3.750000000000000888, -0.7500000000000004441 ) ) ;
#3023 = CIRCLE ( 'NONE', #2570, 0.09999999999999947820 ) ;
ENDSEC;
END-ISO-10303-21;
