ISO-10303-21;
HEADER;
FILE_DESCRIPTION (( 'STEP AP214' ),
    '1' );
FILE_NAME ('17-D-6004-02 (20260304).STEP',
    '2026-07-10T18:04:50',
    ( '' ),
    ( '' ),
    'SwSTEP 2.0',
    'SolidWorks 2024',
    '' );
FILE_SCHEMA (( 'AUTOMOTIVE_DESIGN' ));
ENDSEC;

DATA;
#1 = EDGE_CURVE ( 'NONE', #603, #761, #690, .T. ) ;
#2 = EDGE_LOOP ( 'NONE', ( #1696, #1185, #721, #405 ) ) ;
#3 = CARTESIAN_POINT ( 'NONE',  ( -14.68999999999999417, -10.84499999999999886, -0.1199999999999998151 ) ) ;
#4 = CARTESIAN_POINT ( 'NONE',  ( 14.69599999999998552, 10.77899999999999814, 0.000000000000000000 ) ) ;
#5 = ORIENTED_EDGE ( 'NONE', *, *, #1414, .F. ) ;
#6 = LINE ( 'NONE', #1166, #1732 ) ;
#7 = DIRECTION ( 'NONE',  ( 0.000000000000000000, -0.000000000000000000, 1.000000000000000000 ) ) ;
#8 = CARTESIAN_POINT ( 'NONE',  ( -14.69000000000000306, 10.78500000000000014, 0.000000000000000000 ) ) ;
#9 = CARTESIAN_POINT ( 'NONE',  ( -14.68999999999999417, -10.78499999999999837, 9.902948977032954413E-16 ) ) ;
#10 = EDGE_CURVE ( 'NONE', #1613, #1128, #972, .T. ) ;
#11 = ORIENTED_EDGE ( 'NONE', *, *, #834, .T. ) ;
#12 = CARTESIAN_POINT ( 'NONE',  ( 7.409999999999994813, 10.56500000000000128, -0.7500000000000003331 ) ) ;
#13 = ADVANCED_FACE ( 'NONE', ( #837 ), #145, .T. ) ;
#14 = VECTOR ( 'NONE', #1531, 39.37007874015748143 ) ;
#15 = VERTEX_POINT ( 'NONE', #8 ) ;
#16 = VECTOR ( 'NONE', #1179, 39.37007874015748143 ) ;
#17 = CARTESIAN_POINT ( 'NONE',  ( 14.69599999999997664, 0.000000000000000000, -0.000000000000000000 ) ) ;
#18 = CARTESIAN_POINT ( 'NONE',  ( -7.434000000000006381, -10.56500000000000128, -0.7500000000000003331 ) ) ;
#19 = CARTESIAN_POINT ( 'NONE',  ( -14.88000000000000256, 10.78500000000000014, -0.1199999999999987188 ) ) ;
#20 = CIRCLE ( 'NONE', #1039, 0.1560000000000001941 ) ;
#21 = ORIENTED_EDGE ( 'NONE', *, *, #1378, .T. ) ;
#22 = LINE ( 'NONE', #1342, #1789 ) ;
#23 = ADVANCED_FACE ( 'NONE', ( #1495 ), #114, .T. ) ;
#24 = ORIENTED_EDGE ( 'NONE', *, *, #998, .T. ) ;
#25 = LINE ( 'NONE', #33, #714 ) ;
#26 = DIRECTION ( 'NONE',  ( -1.000000000000000000, 0.000000000000000000, 0.000000000000000000 ) ) ;
#27 = DIRECTION ( 'NONE',  ( -3.167359992654217435E-15, -0.000000000000000000, -1.000000000000000000 ) ) ;
#28 = LINE ( 'NONE', #1721, #1349 ) ;
#29 = VERTEX_POINT ( 'NONE', #395 ) ;
#30 = CARTESIAN_POINT ( 'NONE',  ( 14.68999999999998529, 10.77899999999999814, -0.05999999999999901246 ) ) ;
#31 = ORIENTED_EDGE ( 'NONE', *, *, #1213, .F. ) ;
#32 = ADVANCED_FACE ( 'NONE', ( #949 ), #748, .F. ) ;
#33 = CARTESIAN_POINT ( 'NONE',  ( 14.68999999999998529, 10.78499999999999837, -0.05999999999999901246 ) ) ;
#34 = DIRECTION ( 'NONE',  ( 0.000000000000000000, -0.000000000000000000, -1.000000000000000000 ) ) ;
#35 = DIRECTION ( 'NONE',  ( -0.000000000000000000, -0.000000000000000000, 1.000000000000000000 ) ) ;
#36 = CARTESIAN_POINT ( 'NONE',  ( 14.93999999999999595, -10.78499999999999837, -0.1199999999999996486 ) ) ;
#37 = ORIENTED_EDGE ( 'NONE', *, *, #1378, .F. ) ;
#38 = LINE ( 'NONE', #59, #571 ) ;
#39 = VECTOR ( 'NONE', #1455, 39.37007874015748143 ) ;
#40 = ORIENTED_EDGE ( 'NONE', *, *, #1277, .T. ) ;
#41 = VECTOR ( 'NONE', #1704, 39.37007874015748143 ) ;
#42 = VECTOR ( 'NONE', #784, 39.37007874015748143 ) ;
#43 = EDGE_CURVE ( 'NONE', #68, #185, #431, .T. ) ;
#44 = CARTESIAN_POINT ( 'NONE',  ( -14.68999999999997641, 10.90499999999999936, -0.1199999999999996209 ) ) ;
#45 = SURFACE_STYLE_FILL_AREA ( #1700 ) ;
#46 = VECTOR ( 'NONE', #995, 39.37007874015748143 ) ;
#47 = EDGE_CURVE ( 'NONE', #1259, #938, #846, .T. ) ;
#48 = DIRECTION ( 'NONE',  ( 1.000000000000000000, 0.000000000000000000, 0.000000000000000000 ) ) ;
#49 = CARTESIAN_POINT ( 'NONE',  ( 14.93999999999999773, -10.78499999999999837, -0.7500000000000001110 ) ) ;
#50 = AXIS2_PLACEMENT_3D ( 'NONE', #1052, #1446, #363 ) ;
#51 = VERTEX_POINT ( 'NONE', #1273 ) ;
#52 = CARTESIAN_POINT ( 'NONE',  ( -14.69000000000000483, 10.84500000000000064, -0.7500000000000002220 ) ) ;
#53 = ORIENTED_EDGE ( 'NONE', *, *, #1568, .F. ) ;
#54 = FACE_OUTER_BOUND ( 'NONE', #909, .T. ) ;
#55 = DIRECTION ( 'NONE',  ( -3.167359992654216647E-15, 0.000000000000000000, -1.000000000000000000 ) ) ;
#56 = LINE ( 'NONE', #1307, #1555 ) ;
#57 = CARTESIAN_POINT ( 'NONE',  ( 14.68999999999998174, 10.90500000000000114, -0.7500000000000001110 ) ) ;
#58 = EDGE_CURVE ( 'NONE', #80, #342, #1412, .T. ) ;
#59 = CARTESIAN_POINT ( 'NONE',  ( 14.68999999999998529, 0.000000000000000000, 0.000000000000000000 ) ) ;
#60 = ORIENTED_EDGE ( 'NONE', *, *, #876, .F. ) ;
#61 = CARTESIAN_POINT ( 'NONE',  ( -7.590000000000006075, 10.56500000000000128, -0.7500000000000003331 ) ) ;
#62 = CARTESIAN_POINT ( 'NONE',  ( 7.409999999999994813, -10.56500000000000128, -0.06000000000000004635 ) ) ;
#63 = CARTESIAN_POINT ( 'NONE',  ( 14.93999999999999595, 10.78500000000000014, 0.000000000000000000 ) ) ;
#64 = CARTESIAN_POINT ( 'NONE',  ( 14.69599999999998552, 10.78500000000000014, -0.05999999999999999778 ) ) ;
#65 = VERTEX_POINT ( 'NONE', #1674 ) ;
#66 = ADVANCED_FACE ( 'NONE', ( #192 ), #1703, .T. ) ;
#67 = PLANE ( 'NONE',  #107 ) ;
#68 = VERTEX_POINT ( 'NONE', #990 ) ;
#69 = EDGE_CURVE ( 'NONE', #658, #68, #741, .T. ) ;
#70 = CIRCLE ( 'NONE', #946, 0.1560000000000001941 ) ;
#71 = CARTESIAN_POINT ( 'NONE',  ( -14.94000000000000838, 10.78500000000000014, -0.7500000000000001110 ) ) ;
#72 = SHAPE_DEFINITION_REPRESENTATION ( #484, #1137 ) ;
#73 = VECTOR ( 'NONE', #1133, 39.37007874015748143 ) ;
#74 = VECTOR ( 'NONE', #687, 39.37007874015748143 ) ;
#75 = FACE_OUTER_BOUND ( 'NONE', #134, .T. ) ;
#76 = DIRECTION ( 'NONE',  ( 0.000000000000000000, 0.000000000000000000, -1.000000000000000000 ) ) ;
#77 = VECTOR ( 'NONE', #760, 39.37007874015748143 ) ;
#78 = ORIENTED_EDGE ( 'NONE', *, *, #104, .T. ) ;
#79 = DIRECTION ( 'NONE',  ( 0.000000000000000000, 0.000000000000000000, 1.000000000000000000 ) ) ;
#80 = VERTEX_POINT ( 'NONE', #1301 ) ;
#81 = EDGE_CURVE ( 'NONE', #694, #915, #295, .T. ) ;
#82 = ORIENTED_EDGE ( 'NONE', *, *, #633, .T. ) ;
#83 = CARTESIAN_POINT ( 'NONE',  ( 14.68999999999999062, -10.84500000000000064, -0.7500000000000002220 ) ) ;
#84 = PLANE ( 'NONE',  #1321 ) ;
#85 = CYLINDRICAL_SURFACE ( 'NONE', #851, 0.06000000000000099698 ) ;
#86 = VERTEX_POINT ( 'NONE', #1114 ) ;
#87 = FACE_OUTER_BOUND ( 'NONE', #819, .T. ) ;
#88 = VERTEX_POINT ( 'NONE', #288 ) ;
#89 = ORIENTED_EDGE ( 'NONE', *, *, #1713, .F. ) ;
#90 = CARTESIAN_POINT ( 'NONE',  ( -14.88000000000000789, 10.78499999999999837, -0.7500000000000003331 ) ) ;
#91 = LINE ( 'NONE', #1194, #1471 ) ;
#92 = ADVANCED_FACE ( 'NONE', ( #1546 ), #872, .F. ) ;
#93 = CARTESIAN_POINT ( 'NONE',  ( -14.94000000000000128, -10.78500000000000192, -0.05999999999999978961 ) ) ;
#94 = FACE_BOUND ( 'NONE', #351, .T. ) ;
#95 = ORIENTED_EDGE ( 'NONE', *, *, #1369, .T. ) ;
#96 = CARTESIAN_POINT ( 'NONE',  ( -14.69599999999999618, -10.77899999999999814, -0.05999999999999901246 ) ) ;
#97 = ORIENTED_EDGE ( 'NONE', *, *, #470, .T. ) ;
#98 = EDGE_LOOP ( 'NONE', ( #441, #1439, #1245, #724 ) ) ;
#99 = CARTESIAN_POINT ( 'NONE',  ( -14.68999999999999595, -10.78499999999999837, 9.902948977032954413E-16 ) ) ;
#100 = EDGE_CURVE ( 'NONE', #650, #1237, #1436, .T. ) ;
#101 = DIRECTION ( 'NONE',  ( -1.000000000000000000, -1.013202779291335526E-16, 0.000000000000000000 ) ) ;
#102 = VECTOR ( 'NONE', #1339, 39.37007874015748143 ) ;
#103 = PLANE ( 'NONE',  #1578 ) ;
#104 = EDGE_CURVE ( 'NONE', #121, #1082, #719, .T. ) ;
#105 = ORIENTED_EDGE ( 'NONE', *, *, #265, .T. ) ;
#106 = DIRECTION ( 'NONE',  ( -1.000000000000000000, 0.000000000000000000, 0.000000000000000000 ) ) ;
#107 = AXIS2_PLACEMENT_3D ( 'NONE', #1569, #884, #1423 ) ;
#108 = ORIENTED_EDGE ( 'NONE', *, *, #381, .F. ) ;
#109 = ORIENTED_EDGE ( 'NONE', *, *, #1119, .T. ) ;
#110 = DIRECTION ( 'NONE',  ( -1.000000000000000000, -1.013202779291335280E-16, 3.169856808907805887E-15 ) ) ;
#111 = AXIS2_PLACEMENT_3D ( 'NONE', #804, #826, #1382 ) ;
#112 = LINE ( 'NONE', #662, #653 ) ;
#113 = LINE ( 'NONE', #246, #1444 ) ;
#114 = PLANE ( 'NONE',  #333 ) ;
#115 = DIRECTION ( 'NONE',  ( 1.000000000000000000, 0.000000000000000000, 0.000000000000000000 ) ) ;
#116 = EDGE_CURVE ( 'NONE', #277, #1259, #1428, .T. ) ;
#117 = ORIENTED_EDGE ( 'NONE', *, *, #998, .F. ) ;
#118 = EDGE_LOOP ( 'NONE', ( #1069, #1192, #963, #1210 ) ) ;
#119 = DIRECTION ( 'NONE',  ( -1.000000000000000000, 0.000000000000000000, 0.000000000000000000 ) ) ;
#120 = CARTESIAN_POINT ( 'NONE',  ( -14.68999999999998529, 10.77899999999999814, -0.05999999999999901246 ) ) ;
#121 = VERTEX_POINT ( 'NONE', #1684 ) ;
#122 = CARTESIAN_POINT ( 'NONE',  ( 14.93999999999999773, 10.78500000000000014, -0.7499999999999998890 ) ) ;
#123 = EDGE_CURVE ( 'NONE', #29, #303, #439, .T. ) ;
#124 = ORIENTED_EDGE ( 'NONE', *, *, #1222, .F. ) ;
#125 = EDGE_CURVE ( 'NONE', #1161, #15, #1691, .T. ) ;
#126 = ORIENTED_EDGE ( 'NONE', *, *, #842, .F. ) ;
#127 = PLANE ( 'NONE',  #1582 ) ;
#128 = CARTESIAN_POINT ( 'NONE',  ( 7.409999999999994813, -10.56500000000000128, 0.000000000000000000 ) ) ;
#129 = ORIENTED_EDGE ( 'NONE', *, *, #1267, .F. ) ;
#130 = DIRECTION ( 'NONE',  ( 1.000000000000000000, 0.000000000000000000, -0.000000000000000000 ) ) ;
#131 = AXIS2_PLACEMENT_3D ( 'NONE', #1539, #855, #727 ) ;
#132 = ORIENTED_EDGE ( 'NONE', *, *, #1779, .F. ) ;
#133 = CIRCLE ( 'NONE', #1380, 0.06000000000000099698 ) ;
#134 = EDGE_LOOP ( 'NONE', ( #211, #31, #427, #1498 ) ) ;
#135 = EDGE_CURVE ( 'NONE', #51, #712, #1000, .T. ) ;
#136 = DIRECTION ( 'NONE',  ( 0.000000000000000000, 1.456985596620916276E-13, 1.000000000000000000 ) ) ;
#137 = DIRECTION ( 'NONE',  ( 0.000000000000000000, 0.000000000000000000, -1.000000000000000000 ) ) ;
#138 = ORIENTED_EDGE ( 'NONE', *, *, #805, .F. ) ;
#139 = DIRECTION ( 'NONE',  ( 0.000000000000000000, 0.000000000000000000, 1.000000000000000000 ) ) ;
#140 = DIRECTION ( 'NONE',  ( 0.000000000000000000, 1.000000000000000000, 0.000000000000000000 ) ) ;
#141 = ORIENTED_EDGE ( 'NONE', *, *, #1, .T. ) ;
#142 = ADVANCED_FACE ( 'NONE', ( #307 ), #170, .F. ) ;
#143 = DIRECTION ( 'NONE',  ( -3.167359992654216647E-15, 0.000000000000000000, -1.000000000000000000 ) ) ;
#144 = PLANE ( 'NONE',  #1549 ) ;
#145 = PLANE ( 'NONE',  #217 ) ;
#146 = DIRECTION ( 'NONE',  ( -0.000000000000000000, 0.000000000000000000, -1.000000000000000000 ) ) ;
#147 = ORIENTED_EDGE ( 'NONE', *, *, #236, .F. ) ;
#148 = FACE_OUTER_BOUND ( 'NONE', #781, .T. ) ;
#149 = VERTEX_POINT ( 'NONE', #601 ) ;
#150 = CARTESIAN_POINT ( 'NONE',  ( -14.68999999999999595, -10.78499999999999837, -0.1199999999999999956 ) ) ;
#151 = LINE ( 'NONE', #705, #1762 ) ;
#152 = EDGE_CURVE ( 'NONE', #284, #358, #1151, .T. ) ;
#153 = CARTESIAN_POINT ( 'NONE',  ( -14.88000000000000256, 10.78500000000000014, 4.732035829025402343E-14 ) ) ;
#154 = LINE ( 'NONE', #1266, #1168 ) ;
#155 = ORIENTED_EDGE ( 'NONE', *, *, #1769, .F. ) ;
#156 = DIRECTION ( 'NONE',  ( -1.000000000000000000, -0.000000000000000000, -0.000000000000000000 ) ) ;
#157 = CIRCLE ( 'NONE', #1435, 0.1200000000000010086 ) ;
#158 = AXIS2_PLACEMENT_3D ( 'NONE', #1781, #119, #947 ) ;
#159 = ORIENTED_EDGE ( 'NONE', *, *, #1096, .F. ) ;
#160 = VECTOR ( 'NONE', #242, 39.37007874015748143 ) ;
#161 = PLANE ( 'NONE',  #304 ) ;
#162 = DIRECTION ( 'NONE',  ( 3.167359992654217435E-15, -3.209177947573435973E-31, 1.000000000000000000 ) ) ;
#163 = DIRECTION ( 'NONE',  ( -1.000000000000000000, 0.000000000000000000, 0.000000000000000000 ) ) ;
#164 = ORIENTED_EDGE ( 'NONE', *, *, #224, .F. ) ;
#165 = EDGE_CURVE ( 'NONE', #1613, #761, #1017, .T. ) ;
#166 = CARTESIAN_POINT ( 'NONE',  ( -14.68999999999999950, 10.90499999999999936, -0.1199999999999998151 ) ) ;
#167 = VERTEX_POINT ( 'NONE', #1327 ) ;
#168 = CARTESIAN_POINT ( 'NONE',  ( 0.000000000000000000, 10.84499999999999886, 3.454006071989423475E-14 ) ) ;
#169 = PRESENTATION_STYLE_ASSIGNMENT (( #718 ) ) ;
#170 = CYLINDRICAL_SURFACE ( 'NONE', #1029, 0.1560000000000001941 ) ;
#171 = DIRECTION ( 'NONE',  ( 1.266943997061687132E-14, -3.167359992654217435E-15, 1.000000000000000000 ) ) ;
#172 = EDGE_LOOP ( 'NONE', ( #1148, #1567, #523, #274 ) ) ;
#173 = CARTESIAN_POINT ( 'NONE',  ( 7.565999999999994508, -10.56500000000000128, -0.7500000000000003331 ) ) ;
#174 = ADVANCED_FACE ( 'NONE', ( #337 ), #1169, .T. ) ;
#175 = VERTEX_POINT ( 'NONE', #237 ) ;
#176 = EDGE_CURVE ( 'NONE', #342, #358, #1643, .T. ) ;
#177 = DIRECTION ( 'NONE',  ( 0.000000000000000000, 0.000000000000000000, 1.000000000000000000 ) ) ;
#178 = CARTESIAN_POINT ( 'NONE',  ( 14.68999999999999062, -10.84499999999999886, -0.1199999999999998151 ) ) ;
#179 = DIRECTION ( 'NONE',  ( -0.000000000000000000, 0.000000000000000000, 1.000000000000000000 ) ) ;
#180 = LINE ( 'NONE', #1712, #999 ) ;
#181 = ORIENTED_EDGE ( 'NONE', *, *, #527, .T. ) ;
#182 = DIRECTION ( 'NONE',  ( 0.000000000000000000, 0.000000000000000000, -1.000000000000000000 ) ) ;
#183 = CIRCLE ( 'NONE', #417, 0.1200000000000010086 ) ;
#184 = DIMENSIONAL_EXPONENTS ( 1.000000000000000000, 0.000000000000000000, 0.000000000000000000, 0.000000000000000000, 0.000000000000000000, 0.000000000000000000, 0.000000000000000000 ) ;
#185 = VERTEX_POINT ( 'NONE', #1046 ) ;
#186 = AXIS2_PLACEMENT_3D ( 'NONE', #1374, #130, #146 ) ;
#187 = VECTOR ( 'NONE', #27, 39.37007874015748143 ) ;
#188 = DIRECTION ( 'NONE',  ( 0.000000000000000000, 3.167359992654217435E-15, 1.000000000000000000 ) ) ;
#189 = DIRECTION ( 'NONE',  ( 0.000000000000000000, -0.000000000000000000, 1.000000000000000000 ) ) ;
#190 = ADVANCED_FACE ( 'NONE', ( #75 ), #474, .T. ) ;
#191 = AXIS2_PLACEMENT_3D ( 'NONE', #1718, #334, #481 ) ;
#192 = FACE_OUTER_BOUND ( 'NONE', #611, .T. ) ;
#193 = DIRECTION ( 'NONE',  ( 0.000000000000000000, 0.000000000000000000, 1.000000000000000000 ) ) ;
#194 = CIRCLE ( 'NONE', #50, 0.1560000000000001941 ) ;
#195 = UNCERTAINTY_MEASURE_WITH_UNIT (LENGTH_MEASURE( 1.000000000000000082E-05 ), #1343, 'distance_accuracy_value', 'NONE');
#196 = ORIENTED_EDGE ( 'NONE', *, *, #43, .F. ) ;
#197 = CARTESIAN_POINT ( 'NONE',  ( 14.81999999999999318, -10.78499999999999837, -0.1199999999999999956 ) ) ;
#198 = COLOUR_RGB ( '',0.7921568627450980005, 0.8196078431372548767, 0.9333333333333333481 ) ;
#199 = ORIENTED_EDGE ( 'NONE', *, *, #1197, .T. ) ;
#200 = DIRECTION ( 'NONE',  ( 0.000000000000000000, -0.000000000000000000, -1.000000000000000000 ) ) ;
#201 = EDGE_CURVE ( 'NONE', #399, #1655, #1463, .T. ) ;
#202 = CARTESIAN_POINT ( 'NONE',  ( -7.590000000000006075, 10.56500000000000128, 0.000000000000000000 ) ) ;
#203 = LINE ( 'NONE', #1755, #39 ) ;
#204 = ORIENTED_EDGE ( 'NONE', *, *, #388, .T. ) ;
#205 = DIRECTION ( 'NONE',  ( -1.000000000000000000, -0.000000000000000000, -0.000000000000000000 ) ) ;
#206 = ORIENTED_EDGE ( 'NONE', *, *, #675, .T. ) ;
#207 = CARTESIAN_POINT ( 'NONE',  ( -14.69599999999999618, -10.77899999999999814, -0.05999999999999901246 ) ) ;
#208 = PRODUCT_CONTEXT ( 'NONE', #1285, 'mechanical' ) ;
#209 = CARTESIAN_POINT ( 'NONE',  ( -14.68999999999999417, -10.90500000000000114, -0.7500000000000001110 ) ) ;
#210 = LINE ( 'NONE', #1171, #703 ) ;
#211 = ORIENTED_EDGE ( 'NONE', *, *, #10, .T. ) ;
#212 = DIRECTION ( 'NONE',  ( 0.000000000000000000, 1.000000000000000000, -0.000000000000000000 ) ) ;
#213 = ADVANCED_FACE ( 'NONE', ( #1599 ), #84, .T. ) ;
#214 = VERTEX_POINT ( 'NONE', #793 ) ;
#215 = ORIENTED_EDGE ( 'NONE', *, *, #1361, .T. ) ;
#216 = DIRECTION ( 'NONE',  ( 0.000000000000000000, 1.000000000000000000, -3.491481338843134539E-15 ) ) ;
#217 = AXIS2_PLACEMENT_3D ( 'NONE', #698, #248, #1253 ) ;
#218 = CARTESIAN_POINT ( 'NONE',  ( 14.81999999999999318, -10.78499999999999481, -0.1199999999999999956 ) ) ;
#219 = DIRECTION ( 'NONE',  ( -1.000000000000000000, 0.000000000000000000, 3.491481338843134539E-15 ) ) ;
#220 = VECTOR ( 'NONE', #1135, 39.37007874015748143 ) ;
#221 = PRODUCT_DEFINITION_FORMATION_WITH_SPECIFIED_SOURCE ( 'ANY', '', #456, .NOT_KNOWN. ) ;
#222 = EDGE_LOOP ( 'NONE', ( #1642, #1776, #765, #350 ) ) ;
#223 = CARTESIAN_POINT ( 'NONE',  ( -14.68999999999998529, 0.000000000000000000, 0.000000000000000000 ) ) ;
#224 = EDGE_CURVE ( 'NONE', #961, #175, #616, .T. ) ;
#225 = VERTEX_POINT ( 'NONE', #1605 ) ;
#226 = VERTEX_POINT ( 'NONE', #503 ) ;
#227 = CARTESIAN_POINT ( 'NONE',  ( -14.94000000000000483, 10.78500000000000014, -0.05999999999999999778 ) ) ;
#228 = DIRECTION ( 'NONE',  ( 0.000000000000000000, 0.000000000000000000, 1.000000000000000000 ) ) ;
#229 = DIRECTION ( 'NONE',  ( -3.167359992654217435E-15, 0.000000000000000000, -1.000000000000000000 ) ) ;
#230 = ORIENTED_EDGE ( 'NONE', *, *, #402, .T. ) ;
#231 = CARTESIAN_POINT ( 'NONE',  ( 14.68999999999998529, 10.77899999999999814, -0.05999999999999901246 ) ) ;
#232 = ORIENTED_EDGE ( 'NONE', *, *, #1036, .T. ) ;
#233 = EDGE_LOOP ( 'NONE', ( #105, #614, #1275, #1550 ) ) ;
#234 = CARTESIAN_POINT ( 'NONE',  ( 14.68999999999998529, 10.78499999999999837, -0.1199999999999999956 ) ) ;
#235 = DIRECTION ( 'NONE',  ( -1.000000000000000000, -0.000000000000000000, -0.000000000000000000 ) ) ;
#236 = EDGE_CURVE ( 'NONE', #685, #961, #1592, .T. ) ;
#237 = CARTESIAN_POINT ( 'NONE',  ( 14.81999999999999318, 10.78500000000000014, 0.000000000000000000 ) ) ;
#238 = DIRECTION ( 'NONE',  ( 1.000000000000000000, 0.000000000000000000, 0.000000000000000000 ) ) ;
#239 = ORIENTED_EDGE ( 'NONE', *, *, #152, .T. ) ;
#240 = DIRECTION ( 'NONE',  ( 0.000000000000000000, 0.000000000000000000, -1.000000000000000000 ) ) ;
#241 = ORIENTED_EDGE ( 'NONE', *, *, #1105, .T. ) ;
#242 = DIRECTION ( 'NONE',  ( 1.000000000000000000, 0.000000000000000000, 0.000000000000000000 ) ) ;
#243 = AXIS2_PLACEMENT_3D ( 'NONE', #1181, #354, #1209 ) ;
#244 = EDGE_CURVE ( 'NONE', #1741, #841, #899, .T. ) ;
#245 = LINE ( 'NONE', #521, #1233 ) ;
#246 = CARTESIAN_POINT ( 'NONE',  ( 14.68999999999999062, -10.90500000000000114, -0.7499999999999998890 ) ) ;
#247 = VECTOR ( 'NONE', #830, 39.37007874015748143 ) ;
#248 = DIRECTION ( 'NONE',  ( 1.000000000000000000, 0.000000000000000000, 0.000000000000000000 ) ) ;
#249 = DIRECTION ( 'NONE',  ( -1.000000000000000000, 0.000000000000000000, 0.000000000000000000 ) ) ;
#250 = AXIS2_PLACEMENT_3D ( 'NONE', #1149, #835, #143 ) ;
#251 = ORIENTED_EDGE ( 'NONE', *, *, #470, .F. ) ;
#252 = ORIENTED_EDGE ( 'NONE', *, *, #665, .T. ) ;
#253 = CARTESIAN_POINT ( 'NONE',  ( -7.590000000000006075, 10.56500000000000128, 0.000000000000000000 ) ) ;
#254 = LINE ( 'NONE', #548, #1752 ) ;
#255 = EDGE_CURVE ( 'NONE', #1486, #226, #827, .T. ) ;
#256 = ORIENTED_EDGE ( 'NONE', *, *, #898, .F. ) ;
#257 = LINE ( 'NONE', #1394, #1260 ) ;
#258 = EDGE_CURVE ( 'NONE', #86, #399, #56, .T. ) ;
#259 = EDGE_LOOP ( 'NONE', ( #1295, #681, #109, #1508 ) ) ;
#260 = ORIENTED_EDGE ( 'NONE', *, *, #265, .F. ) ;
#261 = CARTESIAN_POINT ( 'NONE',  ( -7.746000000000006658, -10.56500000000000128, -0.7500000000000003331 ) ) ;
#262 = CARTESIAN_POINT ( 'NONE',  ( 0.000000000000000000, 10.90499999999999936, 3.474954960022482149E-14 ) ) ;
#263 = ORIENTED_EDGE ( 'NONE', *, *, #436, .T. ) ;
#264 = CARTESIAN_POINT ( 'NONE',  ( 14.68999999999998529, 10.78499999999999837, 9.902948977032954413E-16 ) ) ;
#265 = EDGE_CURVE ( 'NONE', #553, #378, #637, .T. ) ;
#266 = ORIENTED_EDGE ( 'NONE', *, *, #901, .F. ) ;
#267 = LINE ( 'NONE', #825, #74 ) ;
#268 = DIRECTION ( 'NONE',  ( 1.000000000000000000, 0.000000000000000000, 0.000000000000000000 ) ) ;
#269 = AXIS2_PLACEMENT_3D ( 'NONE', #1072, #486, #629 ) ;
#270 = VECTOR ( 'NONE', #1519, 39.37007874015748143 ) ;
#271 = EDGE_LOOP ( 'NONE', ( #829, #97, #1305, #1368 ) ) ;
#272 = DIRECTION ( 'NONE',  ( 0.000000000000000000, 1.000000000000000000, 0.000000000000000000 ) ) ;
#273 = VECTOR ( 'NONE', #1132, 39.37007874015748143 ) ;
#274 = ORIENTED_EDGE ( 'NONE', *, *, #1322, .F. ) ;
#275 = PLANE ( 'NONE',  #335 ) ;
#276 = ADVANCED_FACE ( 'NONE', ( #1739 ), #1336, .T. ) ;
#277 = VERTEX_POINT ( 'NONE', #1753 ) ;
#278 = CIRCLE ( 'NONE', #743, 0.1560000000000001941 ) ;
#279 = FACE_OUTER_BOUND ( 'NONE', #877, .T. ) ;
#280 = LINE ( 'NONE', #120, #737 ) ;
#281 = DIRECTION ( 'NONE',  ( -0.000000000000000000, 3.167359992654217435E-15, 1.000000000000000000 ) ) ;
#282 = CARTESIAN_POINT ( 'NONE',  ( -14.82000000000000206, 10.78500000000000014, 2.083034095169000729E-15 ) ) ;
#283 = DIRECTION ( 'NONE',  ( 0.000000000000000000, 1.000000000000000000, 3.130242492740249268E-15 ) ) ;
#284 = VERTEX_POINT ( 'NONE', #512 ) ;
#285 = EDGE_CURVE ( 'NONE', #1182, #700, #1063, .T. ) ;
#286 = DIRECTION ( 'NONE',  ( 0.000000000000000000, 1.000000000000000000, -3.167359992654216647E-15 ) ) ;
#287 = EDGE_CURVE ( 'NONE', #496, #1319, #376, .T. ) ;
#288 = CARTESIAN_POINT ( 'NONE',  ( -14.69599999999998552, 10.77899999999999814, -0.000000000000000000 ) ) ;
#289 = LINE ( 'NONE', #1246, #1059 ) ;
#290 = CARTESIAN_POINT ( 'NONE',  ( -14.94000000000000128, -10.78500000000000192, -0.1199999999999996209 ) ) ;
#291 = ORIENTED_EDGE ( 'NONE', *, *, #710, .T. ) ;
#292 = DIRECTION ( 'NONE',  ( 9.502079977962653095E-15, 0.000000000000000000, 1.000000000000000000 ) ) ;
#293 = DIRECTION ( 'NONE',  ( 0.000000000000000000, 1.000000000000000000, 0.000000000000000000 ) ) ;
#294 = EDGE_CURVE ( 'NONE', #1486, #985, #1159, .T. ) ;
#295 = LINE ( 'NONE', #316, #1465 ) ;
#296 = CARTESIAN_POINT ( 'NONE',  ( -14.82000000000000206, 10.78499999999999837, 2.083034095169000729E-15 ) ) ;
#297 = VECTOR ( 'NONE', #268, 39.37007874015748143 ) ;
#298 = VECTOR ( 'NONE', #1482, 39.37007874015748143 ) ;
#299 = ORIENTED_EDGE ( 'NONE', *, *, #689, .F. ) ;
#300 = CARTESIAN_POINT ( 'NONE',  ( 14.93999999999999595, 10.78500000000000014, -0.1199999999999996209 ) ) ;
#301 = VECTOR ( 'NONE', #396, 39.37007874015748143 ) ;
#302 = VECTOR ( 'NONE', #460, 39.37007874015748143 ) ;
#303 = VERTEX_POINT ( 'NONE', #383 ) ;
#304 = AXIS2_PLACEMENT_3D ( 'NONE', #717, #582, #1271 ) ;
#305 = DIRECTION ( 'NONE',  ( 1.000000000000000000, 0.000000000000000000, -0.000000000000000000 ) ) ;
#306 = PLANE ( 'NONE',  #1529 ) ;
#307 = FACE_OUTER_BOUND ( 'NONE', #648, .T. ) ;
#308 = CARTESIAN_POINT ( 'NONE',  ( 14.93999999999999773, 10.78500000000000014, -0.7500000000000001110 ) ) ;
#309 = EDGE_CURVE ( 'NONE', #658, #1084, #1235, .T. ) ;
#310 = ORIENTED_EDGE ( 'NONE', *, *, #493, .F. ) ;
#311 = DIRECTION ( 'NONE',  ( 1.000000000000000000, -0.000000000000000000, -0.000000000000000000 ) ) ;
#312 = EDGE_CURVE ( 'NONE', #1347, #1075, #670, .T. ) ;
#313 = ORIENTED_EDGE ( 'NONE', *, *, #878, .F. ) ;
#314 = CARTESIAN_POINT ( 'NONE',  ( 0.000000000000000000, -10.84499999999999886, 3.454006071989423475E-14 ) ) ;
#315 =( NAMED_UNIT ( * ) PLANE_ANGLE_UNIT ( ) SI_UNIT ( $, .RADIAN. ) );
#316 = CARTESIAN_POINT ( 'NONE',  ( -14.69599999999999618, 0.000000000000000000, -0.000000000000000000 ) ) ;
#317 = LINE ( 'NONE', #720, #1641 ) ;
#318 = PRODUCT_DEFINITION_CONTEXT ( 'detailed design', #1042, 'design' ) ;
#319 = ORIENTED_EDGE ( 'NONE', *, *, #1769, .T. ) ;
#320 = CARTESIAN_POINT ( 'NONE',  ( -7.590000000000006075, -10.56500000000000128, 0.000000000000000000 ) ) ;
#321 = EDGE_CURVE ( 'NONE', #358, #342, #421, .T. ) ;
#322 = EDGE_LOOP ( 'NONE', ( #1021, #1065, #319, #632 ) ) ;
#323 = PLANE ( 'NONE',  #1234 ) ;
#324 = LINE ( 'NONE', #178, #430 ) ;
#325 = DIRECTION ( 'NONE',  ( 0.000000000000000000, 0.000000000000000000, -1.000000000000000000 ) ) ;
#326 = DIRECTION ( 'NONE',  ( -1.000000000000000000, 0.000000000000000000, 3.130242492740249268E-15 ) ) ;
#327 = EDGE_LOOP ( 'NONE', ( #159, #831, #348, #498 ) ) ;
#328 = AXIS2_PLACEMENT_3D ( 'NONE', #377, #929, #1449 ) ;
#329 = CARTESIAN_POINT ( 'NONE',  ( -14.69000000000000306, 10.78500000000000014, -0.05999999999999999778 ) ) ;
#330 = VERTEX_POINT ( 'NONE', #1509 ) ;
#331 = CIRCLE ( 'NONE', #770, 0.06000000000000099698 ) ;
#332 = ADVANCED_FACE ( 'NONE', ( #279 ), #1243, .T. ) ;
#333 = AXIS2_PLACEMENT_3D ( 'NONE', #664, #531, #1639 ) ;
#334 = DIRECTION ( 'NONE',  ( -1.000000000000000000, 0.000000000000000000, 0.000000000000000000 ) ) ;
#335 = AXIS2_PLACEMENT_3D ( 'NONE', #434, #140, #849 ) ;
#336 = EDGE_CURVE ( 'NONE', #1082, #175, #937, .T. ) ;
#337 = FACE_OUTER_BOUND ( 'NONE', #1190, .T. ) ;
#338 = DIRECTION ( 'NONE',  ( 0.000000000000000000, 0.000000000000000000, 1.000000000000000000 ) ) ;
#339 = ORIENTED_EDGE ( 'NONE', *, *, #176, .F. ) ;
#340 = CARTESIAN_POINT ( 'NONE',  ( -14.68999999999999062, 10.78499999999999837, -0.1199999999999999956 ) ) ;
#341 = AXIS2_PLACEMENT_3D ( 'NONE', #1262, #293, #189 ) ;
#342 = VERTEX_POINT ( 'NONE', #1502 ) ;
#343 = ADVANCED_FACE ( 'NONE', ( #1527 ), #127, .T. ) ;
#344 = CARTESIAN_POINT ( 'NONE',  ( -14.82000000000000206, 10.78500000000000014, -0.05999999999999791611 ) ) ;
#345 = EDGE_CURVE ( 'NONE', #915, #225, #655, .T. ) ;
#346 = DIRECTION ( 'NONE',  ( 1.000000000000000000, -0.000000000000000000, -0.000000000000000000 ) ) ;
#347 = FACE_OUTER_BOUND ( 'NONE', #1470, .T. ) ;
#348 = ORIENTED_EDGE ( 'NONE', *, *, #1490, .T. ) ;
#349 = PLANE ( 'NONE',  #854 ) ;
#350 = ORIENTED_EDGE ( 'NONE', *, *, #345, .T. ) ;
#351 = EDGE_LOOP ( 'NONE', ( #848, #1748 ) ) ;
#352 = DIRECTION ( 'NONE',  ( 1.000000000000000000, 0.000000000000000000, 0.000000000000000000 ) ) ;
#353 = DIRECTION ( 'NONE',  ( 0.000000000000000000, 0.000000000000000000, 1.000000000000000000 ) ) ;
#354 = DIRECTION ( 'NONE',  ( 0.000000000000000000, 3.491481338843134539E-15, -1.000000000000000000 ) ) ;
#355 = ADVANCED_FACE ( 'NONE', ( #1364 ), #1766, .F. ) ;
#356 = EDGE_LOOP ( 'NONE', ( #639, #1340 ) ) ;
#357 = CARTESIAN_POINT ( 'NONE',  ( 14.69599999999998552, 10.78500000000000014, 0.000000000000000000 ) ) ;
#358 = VERTEX_POINT ( 'NONE', #803 ) ;
#359 = CIRCLE ( 'NONE', #1637, 0.06000000000000101780 ) ;
#360 = VECTOR ( 'NONE', #1283, 39.37007874015748143 ) ;
#361 = EDGE_LOOP ( 'NONE', ( #1665, #759, #994, #155 ) ) ;
#362 = CARTESIAN_POINT ( 'NONE',  ( -14.82000000000000206, 10.78499999999999837, -0.05999999999999791611 ) ) ;
#363 = DIRECTION ( 'NONE',  ( 1.000000000000000000, 0.000000000000000000, 0.000000000000000000 ) ) ;
#364 = CIRCLE ( 'NONE', #1061, 0.06000000000000099698 ) ;
#365 = DIRECTION ( 'NONE',  ( 0.000000000000000000, 0.000000000000000000, 1.000000000000000000 ) ) ;
#366 = PLANE ( 'NONE',  #1493 ) ;
#367 = AXIS2_PLACEMENT_3D ( 'NONE', #1690, #1150, #1281 ) ;
#368 = ORIENTED_EDGE ( 'NONE', *, *, #1116, .F. ) ;
#369 = EDGE_CURVE ( 'NONE', #1386, #1384, #537, .T. ) ;
#370 = DIRECTION ( 'NONE',  ( 1.000000000000000000, 0.000000000000000000, 0.000000000000000000 ) ) ;
#371 = ORIENTED_EDGE ( 'NONE', *, *, #1300, .F. ) ;
#372 = ADVANCED_FACE ( 'NONE', ( #1071 ), #1088, .F. ) ;
#373 = VERTEX_POINT ( 'NONE', #959 ) ;
#374 = CARTESIAN_POINT ( 'NONE',  ( -14.69599999999999618, -10.90499999999999936, -0.05999999999999901246 ) ) ;
#375 = LENGTH_MEASURE_WITH_UNIT ( LENGTH_MEASURE( 0.02539999999999999897 ), #510 );
#376 = LINE ( 'NONE', #928, #944 ) ;
#377 = CARTESIAN_POINT ( 'NONE',  ( 14.81999999999999318, -10.78499999999999481, -0.1199999999999999956 ) ) ;
#378 = VERTEX_POINT ( 'NONE', #1646 ) ;
#379 = CARTESIAN_POINT ( 'NONE',  ( 14.93999999999999595, 10.78500000000000014, -0.05999999999999999778 ) ) ;
#380 = ORIENTED_EDGE ( 'NONE', *, *, #345, .F. ) ;
#381 = EDGE_CURVE ( 'NONE', #605, #650, #267, .T. ) ;
#382 = CARTESIAN_POINT ( 'NONE',  ( -7.590000000000006075, -10.56500000000000128, -0.06000000000000004635 ) ) ;
#383 = CARTESIAN_POINT ( 'NONE',  ( 14.87999999999999368, -10.78499999999999837, -0.1199999999999998151 ) ) ;
#384 = ORIENTED_EDGE ( 'NONE', *, *, #723, .T. ) ;
#385 = CARTESIAN_POINT ( 'NONE',  ( 14.93999999999999595, 10.78500000000000014, -0.05999999999999978961 ) ) ;
#386 = ORIENTED_EDGE ( 'NONE', *, *, #1579, .T. ) ;
#387 = VECTOR ( 'NONE', #76, 39.37007874015748143 ) ;
#388 = EDGE_CURVE ( 'NONE', #29, #700, #245, .T. ) ;
#389 = VECTOR ( 'NONE', #473, 39.37007874015748143 ) ;
#390 = DIRECTION ( 'NONE',  ( 1.000000000000000000, 0.000000000000000000, 0.000000000000000000 ) ) ;
#391 = CARTESIAN_POINT ( 'NONE',  ( -14.68999999999999595, -10.90500000000000114, -0.7500000000000001110 ) ) ;
#392 = ADVANCED_FACE ( 'NONE', ( #1661 ), #554, .F. ) ;
#393 = VECTOR ( 'NONE', #1675, 39.37007874015748143 ) ;
#394 = CLOSED_SHELL ( 'NONE', ( #766, #1598, #142, #372, #1513, #911, #355, #645, #590, #1443, #213, #780, #502, #622, #1559, #1632, #964, #955, #1702, #1447, #600, #958, #581, #92, #1220, #747, #23, #426, #1545, #525, #1456, #715, #1657, #174, #1432, #1666, #1738, #32, #657, #668, #1178, #422, #332, #1724, #13, #190, #821, #462, #559, #66, #1389, #1279, #1424, #276, #343, #546, #1679, #1504, #613, #1011, #392, #1634 ) ) ;
#395 = CARTESIAN_POINT ( 'NONE',  ( 14.87999999999999368, 10.78499999999998593, -0.1199999999999998151 ) ) ;
#396 = DIRECTION ( 'NONE',  ( 0.000000000000000000, -1.000000000000000000, 0.000000000000000000 ) ) ;
#397 = AXIS2_PLACEMENT_3D ( 'NONE', #12, #1118, #926 ) ;
#398 = ORIENTED_EDGE ( 'NONE', *, *, #1309, .T. ) ;
#399 = VERTEX_POINT ( 'NONE', #1627 ) ;
#400 = DIRECTION ( 'NONE',  ( 1.000000000000000000, 0.000000000000000000, 0.000000000000000000 ) ) ;
#401 = CARTESIAN_POINT ( 'NONE',  ( 0.000000000000000000, 10.77899999999999814, 0.000000000000000000 ) ) ;
#402 = EDGE_CURVE ( 'NONE', #700, #1075, #112, .T. ) ;
#403 = VERTEX_POINT ( 'NONE', #968 ) ;
#404 = CARTESIAN_POINT ( 'NONE',  ( 14.68999999999998529, 10.78499999999999837, -0.1199999999999999956 ) ) ;
#405 = ORIENTED_EDGE ( 'NONE', *, *, #1392, .T. ) ;
#406 = VERTEX_POINT ( 'NONE', #1216 ) ;
#407 = DIRECTION ( 'NONE',  ( -1.000000000000000000, -0.000000000000000000, -0.000000000000000000 ) ) ;
#408 = DIRECTION ( 'NONE',  ( 1.000000000000000000, 0.000000000000000000, 0.000000000000000000 ) ) ;
#409 = ORIENTED_EDGE ( 'NONE', *, *, #411, .T. ) ;
#410 = CARTESIAN_POINT ( 'NONE',  ( 7.409999999999994813, -10.56500000000000128, 0.000000000000000000 ) ) ;
#411 = EDGE_CURVE ( 'NONE', #86, #1741, #133, .T. ) ;
#412 = ORIENTED_EDGE ( 'NONE', *, *, #758, .T. ) ;
#413 = CARTESIAN_POINT ( 'NONE',  ( 14.87999999999999723, 10.78500000000000014, -0.7500000000000002220 ) ) ;
#414 = ORIENTED_EDGE ( 'NONE', *, *, #1716, .F. ) ;
#415 = DIRECTION ( 'NONE',  ( 0.000000000000000000, -1.000000000000000000, 0.000000000000000000 ) ) ;
#416 = FACE_OUTER_BOUND ( 'NONE', #361, .T. ) ;
#417 = AXIS2_PLACEMENT_3D ( 'NONE', #1775, #1356, #1244 ) ;
#418 = CIRCLE ( 'NONE', #707, 0.1560000000000001941 ) ;
#419 = DIRECTION ( 'NONE',  ( -1.000000000000000000, 0.000000000000000000, 0.000000000000000000 ) ) ;
#420 = LINE ( 'NONE', #1238, #247 ) ;
#421 = CIRCLE ( 'NONE', #568, 0.1560000000000001941 ) ;
#422 = ADVANCED_FACE ( 'NONE', ( #1280 ), #725, .F. ) ;
#423 = VERTEX_POINT ( 'NONE', #1682 ) ;
#424 = DIRECTION ( 'NONE',  ( 0.000000000000000000, 0.000000000000000000, 1.000000000000000000 ) ) ;
#425 = VECTOR ( 'NONE', #595, 39.37007874015748143 ) ;
#426 = ADVANCED_FACE ( 'NONE', ( #863 ), #1537, .T. ) ;
#427 = ORIENTED_EDGE ( 'NONE', *, *, #556, .F. ) ;
#428 = LINE ( 'NONE', #979, #680 ) ;
#429 = DIRECTION ( 'NONE',  ( 0.000000000000000000, 1.000000000000000000, 0.000000000000000000 ) ) ;
#430 = VECTOR ( 'NONE', #844, 39.37007874015748143 ) ;
#431 = LINE ( 'NONE', #18, #1292 ) ;
#432 = DIRECTION ( 'NONE',  ( 0.000000000000000000, 0.000000000000000000, -1.000000000000000000 ) ) ;
#433 = EDGE_LOOP ( 'NONE', ( #21, #731, #204, #230 ) ) ;
#434 = CARTESIAN_POINT ( 'NONE',  ( 14.81999999999999318, 10.78499999999999126, -0.1199999999999999956 ) ) ;
#435 = ORIENTED_EDGE ( 'NONE', *, *, #845, .F. ) ;
#436 = EDGE_CURVE ( 'NONE', #823, #1386, #588, .T. ) ;
#437 = DIRECTION ( 'NONE',  ( -0.000000000000000000, -0.000000000000000000, 1.000000000000000000 ) ) ;
#438 = DIRECTION ( 'NONE',  ( -1.013202779291335526E-16, 1.000000000000000000, 4.379057701015054319E-47 ) ) ;
#439 = LINE ( 'NONE', #583, #273 ) ;
#440 = LINE ( 'NONE', #296, #1407 ) ;
#441 = ORIENTED_EDGE ( 'NONE', *, *, #1654, .T. ) ;
#442 = LINE ( 'NONE', #173, #1204 ) ;
#443 = VERTEX_POINT ( 'NONE', #1015 ) ;
#444 = EDGE_CURVE ( 'NONE', #1518, #652, #1250, .T. ) ;
#445 = DIRECTION ( 'NONE',  ( -1.000000000000000000, -3.317633492325157990E-29, 9.502079977962653095E-15 ) ) ;
#446 = CARTESIAN_POINT ( 'NONE',  ( -14.88000000000000256, -1.507645735585507486E-15, 4.732035829025401712E-14 ) ) ;
#447 = EDGE_CURVE ( 'NONE', #1609, #1319, #1418, .T. ) ;
#448 = CARTESIAN_POINT ( 'NONE',  ( 14.68999999999998529, 10.78499999999999837, 9.902948977032954413E-16 ) ) ;
#449 = CARTESIAN_POINT ( 'NONE',  ( -14.69000000000000483, 10.90500000000000114, -0.7500000000000001110 ) ) ;
#450 = UNCERTAINTY_MEASURE_WITH_UNIT (LENGTH_MEASURE( 1.000000000000000082E-05 ), #1710, 'distance_accuracy_value', 'NONE');
#451 = ORIENTED_EDGE ( 'NONE', *, *, #878, .T. ) ;
#452 = DIRECTION ( 'NONE',  ( -0.000000000000000000, -1.000000000000000000, -0.000000000000000000 ) ) ;
#453 = VECTOR ( 'NONE', #953, 39.37007874015748143 ) ;
#454 = AXIS2_PLACEMENT_3D ( 'NONE', #1355, #1101, #1491 ) ;
#455 = EDGE_LOOP ( 'NONE', ( #660, #371, #1735, #1790 ) ) ;
#456 = PRODUCT ( '17-D-6004-02 (20260304)', '17-D-6004-02 (20260304)', '', ( #208 ) ) ;
#457 = AXIS2_PLACEMENT_3D ( 'NONE', #62, #1590, #1617 ) ;
#458 = DIRECTION ( 'NONE',  ( 0.000000000000000000, -3.167359992654216647E-15, 1.000000000000000000 ) ) ;
#459 = CARTESIAN_POINT ( 'NONE',  ( 14.68999999999997641, -10.84499999999999886, -0.1199999999999998151 ) ) ;
#460 = DIRECTION ( 'NONE',  ( 0.000000000000000000, 1.000000000000000000, 0.000000000000000000 ) ) ;
#461 = LINE ( 'NONE', #1010, #1552 ) ;
#462 = ADVANCED_FACE ( 'NONE', ( #1138 ), #466, .T. ) ;
#463 = ORIENTED_EDGE ( 'NONE', *, *, #1745, .T. ) ;
#464 = FACE_BOUND ( 'NONE', #1239, .T. ) ;
#465 = ORIENTED_EDGE ( 'NONE', *, *, #579, .F. ) ;
#466 = PLANE ( 'NONE',  #914 ) ;
#467 = DIRECTION ( 'NONE',  ( -0.000000000000000000, -0.000000000000000000, 1.000000000000000000 ) ) ;
#468 = CARTESIAN_POINT ( 'NONE',  ( 14.69599999999997664, -10.77899999999999814, -0.000000000000000000 ) ) ;
#469 = VERTEX_POINT ( 'NONE', #1110 ) ;
#470 = EDGE_CURVE ( 'NONE', #469, #1003, #364, .T. ) ;
#471 = CARTESIAN_POINT ( 'NONE',  ( 14.69599999999998552, 10.77899999999999814, -0.05999999999999901246 ) ) ;
#472 = ORIENTED_EDGE ( 'NONE', *, *, #1309, .F. ) ;
#473 = DIRECTION ( 'NONE',  ( 0.000000000000000000, 8.087894779578809621E-30, 1.000000000000000000 ) ) ;
#474 = PLANE ( 'NONE',  #800 ) ;
#475 = CARTESIAN_POINT ( 'NONE',  ( -14.68999999999999595, 0.000000000000000000, 0.000000000000000000 ) ) ;
#476 = ORIENTED_EDGE ( 'NONE', *, *, #176, .T. ) ;
#477 = FACE_OUTER_BOUND ( 'NONE', #815, .T. ) ;
#478 = VECTOR ( 'NONE', #1028, 39.37007874015748143 ) ;
#479 = EDGE_CURVE ( 'NONE', #1278, #1768, #1709, .T. ) ;
#480 = ORIENTED_EDGE ( 'NONE', *, *, #923, .F. ) ;
#481 = DIRECTION ( 'NONE',  ( 0.000000000000000000, 0.000000000000000000, 1.000000000000000000 ) ) ;
#482 = CARTESIAN_POINT ( 'NONE',  ( 14.68999999999999062, -10.90500000000000114, -0.7500000000000001110 ) ) ;
#483 = CIRCLE ( 'NONE', #1352, 0.1200000000000009948 ) ;
#484 = PRODUCT_DEFINITION_SHAPE ( 'NONE', 'NONE',  #1332 ) ;
#485 = CARTESIAN_POINT ( 'NONE',  ( 14.68999999999997641, -10.77899999999999814, -0.05999999999999901246 ) ) ;
#486 = DIRECTION ( 'NONE',  ( 1.000000000000000000, 0.000000000000000000, 0.000000000000000000 ) ) ;
#487 = ORIENTED_EDGE ( 'NONE', *, *, #1745, .F. ) ;
#488 = DIRECTION ( 'NONE',  ( 3.167359992654217435E-15, -0.000000000000000000, -1.000000000000000000 ) ) ;
#489 = AXIS2_PLACEMENT_3D ( 'NONE', #446, #1544, #55 ) ;
#490 = ORIENTED_EDGE ( 'NONE', *, *, #732, .T. ) ;
#491 = LINE ( 'NONE', #906, #1783 ) ;
#492 = DIRECTION ( 'NONE',  ( 0.000000000000000000, 0.000000000000000000, -1.000000000000000000 ) ) ;
#493 = EDGE_CURVE ( 'NONE', #605, #406, #428, .T. ) ;
#494 = DIRECTION ( 'NONE',  ( 1.000000000000000000, 0.000000000000000000, 3.130242492740249268E-15 ) ) ;
#495 = DIRECTION ( 'NONE',  ( 0.000000000000000000, -1.000000000000000000, 0.000000000000000000 ) ) ;
#496 = VERTEX_POINT ( 'NONE', #987 ) ;
#497 = CARTESIAN_POINT ( 'NONE',  ( 14.69599999999998552, 10.77899999999999814, -0.05999999999999901246 ) ) ;
#498 = ORIENTED_EDGE ( 'NONE', *, *, #517, .F. ) ;
#499 = ORIENTED_EDGE ( 'NONE', *, *, #381, .T. ) ;
#500 = DIRECTION ( 'NONE',  ( 0.000000000000000000, 0.000000000000000000, -1.000000000000000000 ) ) ;
#501 = DIRECTION ( 'NONE',  ( 1.000000000000000000, 0.000000000000000000, 0.000000000000000000 ) ) ;
#502 = ADVANCED_FACE ( 'NONE', ( #1543 ), #161, .T. ) ;
#503 = CARTESIAN_POINT ( 'NONE',  ( 7.565999999999994508, -10.56500000000000128, -0.06000000000000004635 ) ) ;
#504 = DIRECTION ( 'NONE',  ( -0.000000000000000000, 1.000000000000000000, -0.000000000000000000 ) ) ;
#505 = ORIENTED_EDGE ( 'NONE', *, *, #1222, .T. ) ;
#506 = DIRECTION ( 'NONE',  ( 1.000000000000000000, 0.000000000000000000, 0.000000000000000000 ) ) ;
#507 = EDGE_LOOP ( 'NONE', ( #572, #1043 ) ) ;
#508 = AXIS2_PLACEMENT_3D ( 'NONE', #550, #847, #558 ) ;
#509 = FACE_OUTER_BOUND ( 'NONE', #630, .T. ) ;
#510 =( LENGTH_UNIT ( ) NAMED_UNIT ( * ) SI_UNIT ( $, .METRE. ) );
#511 = VECTOR ( 'NONE', #467, 39.37007874015748143 ) ;
#512 = CARTESIAN_POINT ( 'NONE',  ( -7.746000000000006658, 10.56500000000000128, -0.06000000000000004635 ) ) ;
#513 = LINE ( 'NONE', #647, #1404 ) ;
#514 = AXIS2_PLACEMENT_3D ( 'NONE', #791, #897, #501 ) ;
#515 = ORIENTED_EDGE ( 'NONE', *, *, #1076, .F. ) ;
#516 = LINE ( 'NONE', #1359, #1087 ) ;
#517 = EDGE_CURVE ( 'NONE', #214, #1161, #25, .T. ) ;
#518 = ORIENTED_EDGE ( 'NONE', *, *, #1713, .T. ) ;
#519 = ORIENTED_EDGE ( 'NONE', *, *, #1312, .T. ) ;
#520 = LINE ( 'NONE', #1489, #160 ) ;
#521 = CARTESIAN_POINT ( 'NONE',  ( 14.87999999999999368, 10.78500000000000014, 4.732035829025398556E-14 ) ) ;
#522 = CARTESIAN_POINT ( 'NONE',  ( -14.68999999999998529, 10.78499999999999837, -0.05999999999999901246 ) ) ;
#523 = ORIENTED_EDGE ( 'NONE', *, *, #1756, .F. ) ;
#524 = CARTESIAN_POINT ( 'NONE',  ( -14.69599999999999618, -10.77899999999999814, -0.05999999999999999778 ) ) ;
#525 = ADVANCED_FACE ( 'NONE', ( #1689 ), #1553, .F. ) ;
#526 = ORIENTED_EDGE ( 'NONE', *, *, #104, .F. ) ;
#527 = EDGE_CURVE ( 'NONE', #618, #443, #1007, .T. ) ;
#528 = ORIENTED_EDGE ( 'NONE', *, *, #1361, .F. ) ;
#529 = DIRECTION ( 'NONE',  ( 0.000000000000000000, -0.000000000000000000, 1.000000000000000000 ) ) ;
#530 = CARTESIAN_POINT ( 'NONE',  ( 14.69599999999997664, -10.78500000000000014, 0.000000000000000000 ) ) ;
#531 = DIRECTION ( 'NONE',  ( 1.000000000000000000, 4.423511323100209906E-29, -1.266943997061687132E-14 ) ) ;
#532 = DIRECTION ( 'NONE',  ( 0.000000000000000000, 0.000000000000000000, 1.000000000000000000 ) ) ;
#533 = ORIENTED_EDGE ( 'NONE', *, *, #312, .T. ) ;
#534 = AXIS2_PLACEMENT_3D ( 'NONE', #262, #1801, #1510 ) ;
#535 = EDGE_CURVE ( 'NONE', #895, #51, #1571, .T. ) ;
#536 = AXIS2_PLACEMENT_3D ( 'NONE', #374, #790, #1764 ) ;
#537 = LINE ( 'NONE', #1224, #453 ) ;
#538 = PLANE ( 'NONE',  #808 ) ;
#539 = VECTOR ( 'NONE', #488, 39.37007874015748143 ) ;
#540 = AXIS2_PLACEMENT_3D ( 'NONE', #1315, #775, #628 ) ;
#541 = ORIENTED_EDGE ( 'NONE', *, *, #285, .F. ) ;
#542 = DIRECTION ( 'NONE',  ( 0.000000000000000000, -1.000000000000000000, 0.000000000000000000 ) ) ;
#543 = VECTOR ( 'NONE', #643, 39.37007874015748143 ) ;
#544 = VERTEX_POINT ( 'NONE', #44 ) ;
#545 = ORIENTED_EDGE ( 'NONE', *, *, #1654, .F. ) ;
#546 = ADVANCED_FACE ( 'NONE', ( #1390 ), #599, .F. ) ;
#547 = CARTESIAN_POINT ( 'NONE',  ( -7.590000000000006075, 10.56500000000000128, -0.7500000000000003331 ) ) ;
#548 = CARTESIAN_POINT ( 'NONE',  ( -14.69599999999998552, 0.000000000000000000, -0.000000000000000000 ) ) ;
#549 = ORIENTED_EDGE ( 'NONE', *, *, #135, .T. ) ;
#550 = CARTESIAN_POINT ( 'NONE',  ( 14.68999999999998529, 10.78499999999999837, -0.1199999999999999956 ) ) ;
#551 = ORIENTED_EDGE ( 'NONE', *, *, #116, .F. ) ;
#552 = DIRECTION ( 'NONE',  ( 0.000000000000000000, -1.456985596620916276E-13, 1.000000000000000000 ) ) ;
#553 = VERTEX_POINT ( 'NONE', #695 ) ;
#554 = CYLINDRICAL_SURFACE ( 'NONE', #454, 0.1560000000000001941 ) ;
#555 = DIRECTION ( 'NONE',  ( 0.000000000000000000, -1.000000000000000000, 0.000000000000000000 ) ) ;
#556 = EDGE_CURVE ( 'NONE', #761, #1198, #6, .T. ) ;
#557 = VERTEX_POINT ( 'NONE', #606 ) ;
#558 = DIRECTION ( 'NONE',  ( 0.000000000000000000, 1.000000000000000000, 3.130242492740249268E-15 ) ) ;
#559 = ADVANCED_FACE ( 'NONE', ( #1453 ), #773, .T. ) ;
#560 = ORIENTED_EDGE ( 'NONE', *, *, #1105, .F. ) ;
#561 = CARTESIAN_POINT ( 'NONE',  ( -7.590000000000006075, -10.56500000000000128, 0.000000000000000000 ) ) ;
#562 = ORIENTED_EDGE ( 'NONE', *, *, #814, .F. ) ;
#563 = DIRECTION ( 'NONE',  ( 3.167359992654217435E-15, -3.209177947573435973E-31, 1.000000000000000000 ) ) ;
#564 = LINE ( 'NONE', #1095, #892 ) ;
#565 = AXIS2_PLACEMENT_3D ( 'NONE', #991, #1302, #326 ) ;
#566 = DIRECTION ( 'NONE',  ( 0.000000000000000000, -1.000000000000000000, 0.000000000000000000 ) ) ;
#567 = DIRECTION ( 'NONE',  ( 1.000000000000000000, -0.000000000000000000, -0.000000000000000000 ) ) ;
#568 = AXIS2_PLACEMENT_3D ( 'NONE', #253, #1345, #390 ) ;
#569 = EDGE_CURVE ( 'NONE', #403, #1156, #1326, .T. ) ;
#570 = DIRECTION ( 'NONE',  ( 1.000000000000000000, 0.000000000000000000, 0.000000000000000000 ) ) ;
#571 = VECTOR ( 'NONE', #730, 39.37007874015748143 ) ;
#572 = ORIENTED_EDGE ( 'NONE', *, *, #1772, .F. ) ;
#573 = DIRECTION ( 'NONE',  ( 0.000000000000000000, 3.167359992654216647E-15, 1.000000000000000000 ) ) ;
#574 = DIRECTION ( 'NONE',  ( 1.000000000000000000, -0.000000000000000000, -0.000000000000000000 ) ) ;
#575 = DIRECTION ( 'NONE',  ( -1.000000000000000000, 0.000000000000000000, -3.167359992654216647E-15 ) ) ;
#576 = DIRECTION ( 'NONE',  ( -3.167359992654217435E-15, 0.000000000000000000, 1.000000000000000000 ) ) ;
#577 = ORIENTED_EDGE ( 'NONE', *, *, #1119, .F. ) ;
#578 = FACE_OUTER_BOUND ( 'NONE', #1091, .T. ) ;
#579 = EDGE_CURVE ( 'NONE', #1259, #605, #615, .T. ) ;
#580 = ORIENTED_EDGE ( 'NONE', *, *, #723, .F. ) ;
#581 = ADVANCED_FACE ( 'NONE', ( #509 ), #1580, .T. ) ;
#582 = DIRECTION ( 'NONE',  ( -1.000000000000000000, 0.000000000000000000, 0.000000000000000000 ) ) ;
#583 = CARTESIAN_POINT ( 'NONE',  ( 14.87999999999999368, 10.78500000000000014, -0.1199999999999998151 ) ) ;
#584 = CARTESIAN_POINT ( 'NONE',  ( 14.68999999999999062, -10.84499999999999886, 3.454006071989423475E-14 ) ) ;
#585 = EDGE_LOOP ( 'NONE', ( #642, #1006, #5, #1459 ) ) ;
#586 = DIRECTION ( 'NONE',  ( 0.000000000000000000, 1.000000000000000000, 0.000000000000000000 ) ) ;
#587 = ORIENTED_EDGE ( 'NONE', *, *, #633, .F. ) ;
#588 = LINE ( 'NONE', #1398, #1145 ) ;
#589 = CYLINDRICAL_SURFACE ( 'NONE', #367, 0.06000000000000099698 ) ;
#590 = ADVANCED_FACE ( 'NONE', ( #1461 ), #896, .T. ) ;
#591 = CARTESIAN_POINT ( 'NONE',  ( -7.434000000000006381, 10.56500000000000128, -0.7500000000000003331 ) ) ;
#592 = LINE ( 'NONE', #584, #73 ) ;
#593 = VECTOR ( 'NONE', #1174, 39.37007874015748143 ) ;
#594 = ORIENTED_EDGE ( 'NONE', *, *, #556, .T. ) ;
#595 = DIRECTION ( 'NONE',  ( 1.000000000000000000, -0.000000000000000000, 3.169856808907805887E-15 ) ) ;
#596 = AXIS2_PLACEMENT_3D ( 'NONE', #1401, #575, #1565 ) ;
#597 = AXIS2_PLACEMENT_3D ( 'NONE', #150, #305, #843 ) ;
#598 = ORIENTED_EDGE ( 'NONE', *, *, #898, .T. ) ;
#599 = PLANE ( 'NONE',  #250 ) ;
#600 = ADVANCED_FACE ( 'NONE', ( #762 ), #1314, .T. ) ;
#601 = CARTESIAN_POINT ( 'NONE',  ( -14.69000000000000661, 10.90500000000000114, -0.7500000000000001110 ) ) ;
#602 = DIRECTION ( 'NONE',  ( -0.000000000000000000, -1.000000000000000000, -0.000000000000000000 ) ) ;
#603 = VERTEX_POINT ( 'NONE', #83 ) ;
#604 = DIRECTION ( 'NONE',  ( 0.000000000000000000, 0.000000000000000000, 1.000000000000000000 ) ) ;
#605 = VERTEX_POINT ( 'NONE', #71 ) ;
#606 = CARTESIAN_POINT ( 'NONE',  ( -14.68999999999998529, 10.84499999999999886, -0.1199999999999998151 ) ) ;
#607 = CARTESIAN_POINT ( 'NONE',  ( 14.68999999999998529, 10.78499999999999837, -0.05999999999999901246 ) ) ;
#608 = CARTESIAN_POINT ( 'NONE',  ( 14.93999999999999773, 10.78500000000000014, -0.7499999999999998890 ) ) ;
#609 = LINE ( 'NONE', #475, #1258 ) ;
#610 = EDGE_CURVE ( 'NONE', #403, #469, #634, .T. ) ;
#611 = EDGE_LOOP ( 'NONE', ( #1481, #251, #206, #669 ) ) ;
#612 = LINE ( 'NONE', #300, #425 ) ;
#613 = ADVANCED_FACE ( 'NONE', ( #54 ), #1186, .F. ) ;
#614 = ORIENTED_EDGE ( 'NONE', *, *, #1568, .T. ) ;
#615 = LINE ( 'NONE', #1306, #543 ) ;
#616 = LINE ( 'NONE', #63, #711 ) ;
#617 = PLANE ( 'NONE',  #243 ) ;
#618 = VERTEX_POINT ( 'NONE', #916 ) ;
#619 = AXIS2_PLACEMENT_3D ( 'NONE', #1618, #755, #1728 ) ;
#620 = CARTESIAN_POINT ( 'NONE',  ( -14.69599999999999618, -10.78500000000000192, -0.05999999999999901246 ) ) ;
#621 = AXIS2_PLACEMENT_3D ( 'NONE', #1445, #745, #1727 ) ;
#622 = ADVANCED_FACE ( 'NONE', ( #1589 ), #1597, .T. ) ;
#623 = ORIENTED_EDGE ( 'NONE', *, *, #201, .F. ) ;
#624 = AXIS2_PLACEMENT_3D ( 'NONE', #1792, #810, #529 ) ;
#625 = CARTESIAN_POINT ( 'NONE',  ( -14.69599999999999618, -10.90499999999999936, -0.05999999999999901246 ) ) ;
#626 = APPLICATION_PROTOCOL_DEFINITION ( 'draft international standard', 'automotive_design', 1998, #1285 ) ;
#627 = AXIS2_PLACEMENT_3D ( 'NONE', #340, #205, #1163 ) ;
#628 = DIRECTION ( 'NONE',  ( -1.000000000000000000, 0.000000000000000000, 0.000000000000000000 ) ) ;
#629 = DIRECTION ( 'NONE',  ( 0.000000000000000000, 0.000000000000000000, -1.000000000000000000 ) ) ;
#630 = EDGE_LOOP ( 'NONE', ( #930, #266, #1395, #384 ) ) ;
#631 = LINE ( 'NONE', #1067, #967 ) ;
#632 = ORIENTED_EDGE ( 'NONE', *, *, #1076, .T. ) ;
#633 = EDGE_CURVE ( 'NONE', #966, #974, #1051, .T. ) ;
#634 = LINE ( 'NONE', #362, #16 ) ;
#635 = FACE_OUTER_BOUND ( 'NONE', #1521, .T. ) ;
#636 = EDGE_CURVE ( 'NONE', #966, #469, #491, .T. ) ;
#637 = LINE ( 'NONE', #1180, #42 ) ;
#638 = DIRECTION ( 'NONE',  ( 0.000000000000000000, 0.000000000000000000, -1.000000000000000000 ) ) ;
#639 = ORIENTED_EDGE ( 'NONE', *, *, #710, .F. ) ;
#640 = CARTESIAN_POINT ( 'NONE',  ( -7.590000000000006075, 10.56500000000000128, -0.06000000000000004635 ) ) ;
#641 = ORIENTED_EDGE ( 'NONE', *, *, #309, .T. ) ;
#642 = ORIENTED_EDGE ( 'NONE', *, *, #336, .F. ) ;
#643 = DIRECTION ( 'NONE',  ( -1.013202779291335526E-16, 1.000000000000000000, 4.379057701015054319E-47 ) ) ;
#644 = CARTESIAN_POINT ( 'NONE',  ( -7.590000000000006075, 10.56500000000000128, -0.06000000000000004635 ) ) ;
#645 = ADVANCED_FACE ( 'NONE', ( #1062 ), #1473, .F. ) ;
#646 = DIRECTION ( 'NONE',  ( 1.013202779291335526E-16, -1.000000000000000000, -3.209177947573435973E-31 ) ) ;
#647 = CARTESIAN_POINT ( 'NONE',  ( 14.69599999999997664, -10.77899999999999814, -0.05999999999999901246 ) ) ;
#648 = EDGE_LOOP ( 'NONE', ( #1376, #1027, #1393, #60 ) ) ;
#649 = CARTESIAN_POINT ( 'NONE',  ( -14.82000000000000206, 10.78500000000000014, -0.1199999999999989131 ) ) ;
#650 = VERTEX_POINT ( 'NONE', #90 ) ;
#651 = VECTOR ( 'NONE', #249, 39.37007874015748143 ) ;
#652 = VERTEX_POINT ( 'NONE', #1193 ) ;
#653 = VECTOR ( 'NONE', #415, 39.37007874015748143 ) ;
#654 = VECTOR ( 'NONE', #871, 39.37007874015748143 ) ;
#655 = LINE ( 'NONE', #1516, #1175 ) ;
#656 = FACE_OUTER_BOUND ( 'NONE', #893, .T. ) ;
#657 = ADVANCED_FACE ( 'NONE', ( #1750 ), #323, .T. ) ;
#658 = VERTEX_POINT ( 'NONE', #1240 ) ;
#659 = CARTESIAN_POINT ( 'NONE',  ( 7.409999999999994813, -10.56500000000000128, -0.7500000000000003331 ) ) ;
#660 = ORIENTED_EDGE ( 'NONE', *, *, #1242, .T. ) ;
#661 = ORIENTED_EDGE ( 'NONE', *, *, #1187, .F. ) ;
#662 = CARTESIAN_POINT ( 'NONE',  ( 14.87999999999999723, 0.000000000000000000, -0.7500000000000003331 ) ) ;
#663 = DIRECTION ( 'NONE',  ( -1.000000000000000000, 0.000000000000000000, 0.000000000000000000 ) ) ;
#664 = CARTESIAN_POINT ( 'NONE',  ( 14.68999999999999062, 10.90499999999999936, -0.05999999999999978961 ) ) ;
#665 = EDGE_CURVE ( 'NONE', #1363, #1386, #22, .T. ) ;
#666 = CARTESIAN_POINT ( 'NONE',  ( -14.68999999999999595, -10.78499999999999837, -0.1199999999999999956 ) ) ;
#667 = ORIENTED_EDGE ( 'NONE', *, *, #1335, .T. ) ;
#668 = ADVANCED_FACE ( 'NONE', ( #148 ), #1387, .T. ) ;
#669 = ORIENTED_EDGE ( 'NONE', *, *, #689, .T. ) ;
#670 = LINE ( 'NONE', #1381, #771 ) ;
#671 = DIRECTION ( 'NONE',  ( 0.000000000000000000, 1.000000000000000000, -3.491481338843134539E-15 ) ) ;
#672 = EDGE_LOOP ( 'NONE', ( #124, #925, #1452, #983 ) ) ;
#673 = DIRECTION ( 'NONE',  ( 1.013202779291332322E-16, -1.000000000000000000, -1.013202779291338485E-16 ) ) ;
#674 = EDGE_LOOP ( 'NONE', ( #339, #992 ) ) ;
#675 = EDGE_CURVE ( 'NONE', #469, #225, #1107, .T. ) ;
#676 = AXIS2_PLACEMENT_3D ( 'NONE', #410, #962, #115 ) ;
#677 = CARTESIAN_POINT ( 'NONE',  ( -14.94000000000000661, 10.78500000000000014, -0.7500000000000001110 ) ) ;
#678 = FACE_OUTER_BOUND ( 'NONE', #833, .T. ) ;
#679 = VECTOR ( 'NONE', #865, 39.37007874015748143 ) ;
#680 = VECTOR ( 'NONE', #563, 39.37007874015748143 ) ;
#681 = ORIENTED_EDGE ( 'NONE', *, *, #936, .T. ) ;
#682 = LINE ( 'NONE', #1115, #1729 ) ;
#683 = ORIENTED_EDGE ( 'NONE', *, *, #857, .F. ) ;
#684 = DIRECTION ( 'NONE',  ( 0.000000000000000000, 0.000000000000000000, -1.000000000000000000 ) ) ;
#685 = VERTEX_POINT ( 'NONE', #4 ) ;
#686 = EDGE_CURVE ( 'NONE', #88, #1479, #1070, .T. ) ;
#687 = DIRECTION ( 'NONE',  ( 1.000000000000000000, 1.013202779291335280E-16, -3.491481338843133750E-15 ) ) ;
#688 = LINE ( 'NONE', #401, #297 ) ;
#689 = EDGE_CURVE ( 'NONE', #225, #277, #1316, .T. ) ;
#690 = LINE ( 'NONE', #1663, #1757 ) ;
#691 = LINE ( 'NONE', #1785, #14 ) ;
#692 = ORIENTED_EDGE ( 'NONE', *, *, #834, .F. ) ;
#693 = DIRECTION ( 'NONE',  ( 0.000000000000000000, 0.000000000000000000, -1.000000000000000000 ) ) ;
#694 = VERTEX_POINT ( 'NONE', #1798 ) ;
#695 = CARTESIAN_POINT ( 'NONE',  ( -14.68999999999999595, -10.77899999999999814, -0.05999999999999999778 ) ) ;
#696 = FACE_OUTER_BOUND ( 'NONE', #795, .T. ) ;
#697 = EDGE_CURVE ( 'NONE', #1003, #277, #1522, .T. ) ;
#698 = CARTESIAN_POINT ( 'NONE',  ( 14.68999999999999062, -10.90499999999999936, -0.05999999999999978961 ) ) ;
#699 = PLANE ( 'NONE',  #186 ) ;
#700 = VERTEX_POINT ( 'NONE', #413 ) ;
#701 = DIRECTION ( 'NONE',  ( 1.000000000000000000, -0.000000000000000000, -0.000000000000000000 ) ) ;
#702 = ORIENTED_EDGE ( 'NONE', *, *, #43, .T. ) ;
#703 = VECTOR ( 'NONE', #1317, 39.37007874015748143 ) ;
#704 = CARTESIAN_POINT ( 'NONE',  ( 7.253999999999994230, 10.56500000000000128, -0.7500000000000003331 ) ) ;
#705 = CARTESIAN_POINT ( 'NONE',  ( -14.88000000000000433, -1.507645735585507683E-15, -0.7500000000000003331 ) ) ;
#706 = AXIS2_PLACEMENT_3D ( 'NONE', #887, #754, #216 ) ;
#707 = AXIS2_PLACEMENT_3D ( 'NONE', #640, #1348, #931 ) ;
#708 = CARTESIAN_POINT ( 'NONE',  ( 14.81999999999999318, -10.78499999999999481, -0.05999999999999901246 ) ) ;
#709 = DIRECTION ( 'NONE',  ( 0.000000000000000000, 0.000000000000000000, 1.000000000000000000 ) ) ;
#710 = EDGE_CURVE ( 'NONE', #68, #658, #942, .T. ) ;
#711 = VECTOR ( 'NONE', #346, 39.37007874015748143 ) ;
#712 = VERTEX_POINT ( 'NONE', #1248 ) ;
#713 = FACE_OUTER_BOUND ( 'NONE', #1758, .T. ) ;
#714 = VECTOR ( 'NONE', #1130, 39.37007874015748143 ) ;
#715 = ADVANCED_FACE ( 'NONE', ( #965 ), #275, .T. ) ;
#716 = ORIENTED_EDGE ( 'NONE', *, *, #1162, .F. ) ;
#717 = CARTESIAN_POINT ( 'NONE',  ( -14.68999999999999595, -10.77899999999999814, -0.05999999999999901246 ) ) ;
#718 = SURFACE_STYLE_USAGE ( .BOTH. , #734 ) ;
#719 = LINE ( 'NONE', #708, #302 ) ;
#720 = CARTESIAN_POINT ( 'NONE',  ( 14.93999999999999595, -10.78500000000000014, -0.05999999999999999778 ) ) ;
#721 = ORIENTED_EDGE ( 'NONE', *, *, #287, .F. ) ;
#722 = LINE ( 'NONE', #1004, #478 ) ;
#723 = EDGE_CURVE ( 'NONE', #15, #544, #483, .T. ) ;
#724 = ORIENTED_EDGE ( 'NONE', *, *, #527, .F. ) ;
#725 = PLANE ( 'NONE',  #597 ) ;
#726 = CARTESIAN_POINT ( 'NONE',  ( 14.69599999999997664, -10.78500000000000014, -0.05999999999999999778 ) ) ;
#727 = DIRECTION ( 'NONE',  ( -0.000000000000000000, 0.000000000000000000, 1.000000000000000000 ) ) ;
#728 = FACE_OUTER_BOUND ( 'NONE', #1705, .T. ) ;
#729 = ORIENTED_EDGE ( 'NONE', *, *, #535, .F. ) ;
#730 = DIRECTION ( 'NONE',  ( 0.000000000000000000, -1.000000000000000000, 0.000000000000000000 ) ) ;
#731 = ORIENTED_EDGE ( 'NONE', *, *, #123, .F. ) ;
#732 = EDGE_CURVE ( 'NONE', #185, #1084, #70, .T. ) ;
#733 = DIRECTION ( 'NONE',  ( 1.000000000000000000, -0.000000000000000000, -0.000000000000000000 ) ) ;
#734 = SURFACE_SIDE_STYLE ('',( #45 ) ) ;
#735 = CARTESIAN_POINT ( 'NONE',  ( -14.94000000000000483, -10.78500000000000192, -0.7499999999999998890 ) ) ;
#736 = CARTESIAN_POINT ( 'NONE',  ( 14.68999999999999062, 10.90499999999999936, -0.05999999999999978961 ) ) ;
#737 = VECTOR ( 'NONE', #1673, 39.37007874015748143 ) ;
#738 = VECTOR ( 'NONE', #1468, 39.37007874015748143 ) ;
#739 = ORIENTED_EDGE ( 'NONE', *, *, #1716, .T. ) ;
#740 = LINE ( 'NONE', #1451, #77 ) ;
#741 = CIRCLE ( 'NONE', #1499, 0.1560000000000001941 ) ;
#742 = ORIENTED_EDGE ( 'NONE', *, *, #336, .T. ) ;
#743 = AXIS2_PLACEMENT_3D ( 'NONE', #644, #492, #783 ) ;
#744 = PRODUCT_RELATED_PRODUCT_CATEGORY ( 'part', '', ( #456 ) ) ;
#745 = DIRECTION ( 'NONE',  ( -1.000000000000000000, 0.000000000000000000, -0.000000000000000000 ) ) ;
#746 = FACE_OUTER_BOUND ( 'NONE', #932, .T. ) ;
#747 = ADVANCED_FACE ( 'NONE', ( #578 ), #975, .F. ) ;
#748 = PLANE ( 'NONE',  #596 ) ;
#749 = LINE ( 'NONE', #308, #41 ) ;
#750 = AXIS2_PLACEMENT_3D ( 'NONE', #1131, #574, #1434 ) ;
#751 = ORIENTED_EDGE ( 'NONE', *, *, #1252, .F. ) ;
#752 = LINE ( 'NONE', #1561, #1030 ) ;
#753 = ORIENTED_EDGE ( 'NONE', *, *, #517, .T. ) ;
#754 = DIRECTION ( 'NONE',  ( 0.000000000000000000, -3.491481338843134539E-15, -1.000000000000000000 ) ) ;
#755 = DIRECTION ( 'NONE',  ( 0.000000000000000000, 0.000000000000000000, -1.000000000000000000 ) ) ;
#756 = DIRECTION ( 'NONE',  ( 0.000000000000000000, 1.000000000000000000, 0.000000000000000000 ) ) ;
#757 = CARTESIAN_POINT ( 'NONE',  ( -14.88000000000000256, -10.78500000000000192, 4.732035829025401712E-14 ) ) ;
#758 = EDGE_CURVE ( 'NONE', #809, #86, #840, .T. ) ;
#759 = ORIENTED_EDGE ( 'NONE', *, *, #923, .T. ) ;
#760 = DIRECTION ( 'NONE',  ( 1.000000000000000000, 0.000000000000000000, 3.169856808907805887E-15 ) ) ;
#761 = VERTEX_POINT ( 'NONE', #1354 ) ;
#762 = FACE_OUTER_BOUND ( 'NONE', #862, .T. ) ;
#763 = DIRECTION ( 'NONE',  ( -1.000000000000000000, 0.000000000000000000, 0.000000000000000000 ) ) ;
#764 = CYLINDRICAL_SURFACE ( 'NONE', #328, 0.06000000000000099698 ) ;
#765 = ORIENTED_EDGE ( 'NONE', *, *, #1090, .F. ) ;
#766 = ADVANCED_FACE ( 'NONE', ( #1396 ), #1257, .F. ) ;
#767 = FACE_OUTER_BOUND ( 'NONE', #1223, .T. ) ;
#768 = VECTOR ( 'NONE', #1020, 39.37007874015748143 ) ;
#769 = EDGE_LOOP ( 'NONE', ( #934, #310, #465, #551 ) ) ;
#770 = AXIS2_PLACEMENT_3D ( 'NONE', #649, #1200, #1734 ) ;
#771 = VECTOR ( 'NONE', #1652, 39.37007874015748143 ) ;
#772 = EDGE_LOOP ( 'NONE', ( #519, #24, #1136, #1787 ) ) ;
#773 = PLANE ( 'NONE',  #706 ) ;
#774 = VECTOR ( 'NONE', #110, 39.37007874015748143 ) ;
#775 = DIRECTION ( 'NONE',  ( 0.000000000000000000, 0.000000000000000000, -1.000000000000000000 ) ) ;
#776 = FACE_BOUND ( 'NONE', #1570, .T. ) ;
#777 = EDGE_LOOP ( 'NONE', ( #683, #1515, #263, #1333 ) ) ;
#778 = CARTESIAN_POINT ( 'NONE',  ( -14.88000000000000256, -10.78499999999998948, -0.1199999999999987188 ) ) ;
#779 = EDGE_LOOP ( 'NONE', ( #1146, #1505, #1596, #1073 ) ) ;
#780 = ADVANCED_FACE ( 'NONE', ( #713 ), #1616, .T. ) ;
#781 = EDGE_LOOP ( 'NONE', ( #941, #541, #40, #533 ) ) ;
#782 = DIRECTION ( 'NONE',  ( 0.000000000000000000, -1.000000000000000000, 0.000000000000000000 ) ) ;
#783 = DIRECTION ( 'NONE',  ( -1.000000000000000000, 0.000000000000000000, 0.000000000000000000 ) ) ;
#784 = DIRECTION ( 'NONE',  ( 0.000000000000000000, 0.000000000000000000, 1.000000000000000000 ) ) ;
#785 = CARTESIAN_POINT ( 'NONE',  ( 7.253999999999994230, -10.56500000000000128, -0.06000000000000004635 ) ) ;
#786 = ORIENTED_EDGE ( 'NONE', *, *, #258, .F. ) ;
#787 = FACE_OUTER_BOUND ( 'NONE', #1603, .T. ) ;
#788 = VERTEX_POINT ( 'NONE', #99 ) ;
#789 = ORIENTED_EDGE ( 'NONE', *, *, #81, .F. ) ;
#790 = DIRECTION ( 'NONE',  ( 1.000000000000000000, 0.000000000000000000, 0.000000000000000000 ) ) ;
#791 = CARTESIAN_POINT ( 'NONE',  ( 0.000000000000000000, 0.000000000000000000, 0.000000000000000000 ) ) ;
#792 = EDGE_CURVE ( 'NONE', #149, #1363, #520, .T. ) ;
#793 = CARTESIAN_POINT ( 'NONE',  ( 14.68999999999999417, 10.78500000000000014, -0.05999999999999999778 ) ) ;
#794 = FACE_OUTER_BOUND ( 'NONE', #1108, .T. ) ;
#795 = EDGE_LOOP ( 'NONE', ( #291, #641, #598, #196 ) ) ;
#796 = DIRECTION ( 'NONE',  ( -1.000000000000000000, -1.013202779291335280E-16, 3.169856808907805887E-15 ) ) ;
#797 = ORIENTED_EDGE ( 'NONE', *, *, #1681, .T. ) ;
#798 = VECTOR ( 'NONE', #79, 39.37007874015748143 ) ;
#799 = LINE ( 'NONE', #166, #220 ) ;
#800 = AXIS2_PLACEMENT_3D ( 'NONE', #1746, #1454, #1037 ) ;
#801 = EDGE_CURVE ( 'NONE', #557, #544, #799, .T. ) ;
#802 = VECTOR ( 'NONE', #1288, 39.37007874015748143 ) ;
#803 = CARTESIAN_POINT ( 'NONE',  ( -7.746000000000006658, 10.56500000000000128, 0.000000000000000000 ) ) ;
#804 = CARTESIAN_POINT ( 'NONE',  ( 7.409999999999994813, 10.56500000000000128, -0.7500000000000003331 ) ) ;
#805 = EDGE_CURVE ( 'NONE', #1347, #1278, #722, .T. ) ;
#806 = ORIENTED_EDGE ( 'NONE', *, *, #1779, .T. ) ;
#807 = PLANE ( 'NONE',  #1026 ) ;
#808 = AXIS2_PLACEMENT_3D ( 'NONE', #960, #1089, #1647 ) ;
#809 = VERTEX_POINT ( 'NONE', #1155 ) ;
#810 = DIRECTION ( 'NONE',  ( -0.000000000000000000, 1.000000000000000000, 0.000000000000000000 ) ) ;
#811 = CYLINDRICAL_SURFACE ( 'NONE', #1270, 0.1560000000000001941 ) ;
#812 = ORIENTED_EDGE ( 'NONE', *, *, #411, .F. ) ;
#813 = LINE ( 'NONE', #1640, #270 ) ;
#814 = EDGE_CURVE ( 'NONE', #1134, #822, #1013, .T. ) ;
#815 = EDGE_LOOP ( 'NONE', ( #943, #380, #789, #53, #1405, #1341, #716, #1477, #1353, #515, #1214, #164, #147, #1366, #313, #839, #117, #1154, #1797, #368 ) ) ;
#816 = EDGE_LOOP ( 'NONE', ( #1229, #1714, #623, #1511 ) ) ;
#817 = DIRECTION ( 'NONE',  ( -0.000000000000000000, -0.000000000000000000, 1.000000000000000000 ) ) ;
#818 = CARTESIAN_POINT ( 'NONE',  ( 14.93999999999999595, -10.78500000000000014, -0.05999999999999999778 ) ) ;
#819 = EDGE_LOOP ( 'NONE', ( #1056, #1379, #1218, #1577 ) ) ;
#820 = CARTESIAN_POINT ( 'NONE',  ( -14.68999999999999595, -10.84499999999999886, -0.1199999999999998151 ) ) ;
#821 = ADVANCED_FACE ( 'NONE', ( #869 ), #67, .F. ) ;
#822 = VERTEX_POINT ( 'NONE', #1276 ) ;
#823 = VERTEX_POINT ( 'NONE', #52 ) ;
#824 = CIRCLE ( 'NONE', #1786, 0.1560000000000001941 ) ;
#825 = CARTESIAN_POINT ( 'NONE',  ( -14.94000000000000661, 10.78499999999999837, -0.7500000000000001110 ) ) ;
#826 = DIRECTION ( 'NONE',  ( -0.000000000000000000, -0.000000000000000000, 1.000000000000000000 ) ) ;
#827 = CIRCLE ( 'NONE', #540, 0.1560000000000001941 ) ;
#828 = AXIS2_PLACEMENT_3D ( 'NONE', #1261, #445, #292 ) ;
#829 = ORIENTED_EDGE ( 'NONE', *, *, #610, .T. ) ;
#830 = DIRECTION ( 'NONE',  ( 1.000000000000000000, 0.000000000000000000, 0.000000000000000000 ) ) ;
#831 = ORIENTED_EDGE ( 'NONE', *, *, #1300, .T. ) ;
#832 = CARTESIAN_POINT ( 'NONE',  ( 14.93999999999999773, 10.78500000000000014, -0.7500000000000001110 ) ) ;
#833 = EDGE_LOOP ( 'NONE', ( #1773, #1068, #181, #806 ) ) ;
#834 = EDGE_CURVE ( 'NONE', #822, #214, #1286, .T. ) ;
#835 = DIRECTION ( 'NONE',  ( 1.000000000000000000, 1.013202779291335280E-16, -3.167359992654216647E-15 ) ) ;
#836 = FACE_OUTER_BOUND ( 'NONE', #322, .T. ) ;
#837 = FACE_OUTER_BOUND ( 'NONE', #1514, .T. ) ;
#838 = CARTESIAN_POINT ( 'NONE',  ( 14.69599999999998552, 10.77899999999999814, -0.05999999999999999778 ) ) ;
#839 = ORIENTED_EDGE ( 'NONE', *, *, #125, .T. ) ;
#840 = LINE ( 'NONE', #935, #1005 ) ;
#841 = VERTEX_POINT ( 'NONE', #1440 ) ;
#842 = EDGE_CURVE ( 'NONE', #1003, #1237, #1694, .T. ) ;
#843 = DIRECTION ( 'NONE',  ( -0.000000000000000000, 0.000000000000000000, -1.000000000000000000 ) ) ;
#844 = DIRECTION ( 'NONE',  ( -1.000000000000000000, 0.000000000000000000, 0.000000000000000000 ) ) ;
#845 = EDGE_CURVE ( 'NONE', #1278, #1231, #971, .T. ) ;
#846 = LINE ( 'NONE', #735, #679 ) ;
#847 = DIRECTION ( 'NONE',  ( 1.000000000000000000, 0.000000000000000000, 0.000000000000000000 ) ) ;
#848 = ORIENTED_EDGE ( 'NONE', *, *, #986, .F. ) ;
#849 = DIRECTION ( 'NONE',  ( 0.000000000000000000, -0.000000000000000000, 1.000000000000000000 ) ) ;
#850 = EDGE_LOOP ( 'NONE', ( #905, #1241, #1526, #1099 ) ) ;
#851 = AXIS2_PLACEMENT_3D ( 'NONE', #1346, #504, #1740 ) ;
#852 = CARTESIAN_POINT ( 'NONE',  ( -14.82000000000000206, -10.78499999999999304, -0.1199999999999989131 ) ) ;
#853 = VECTOR ( 'NONE', #552, 39.37007874015748143 ) ;
#854 = AXIS2_PLACEMENT_3D ( 'NONE', #1330, #1622, #1742 ) ;
#855 = DIRECTION ( 'NONE',  ( -1.000000000000000000, 0.000000000000000000, -0.000000000000000000 ) ) ;
#856 = DIRECTION ( 'NONE',  ( -9.502079977962653095E-15, 3.167359992654217435E-15, -1.000000000000000000 ) ) ;
#857 = EDGE_CURVE ( 'NONE', #557, #1384, #752, .T. ) ;
#858 = AXIS2_PLACEMENT_3D ( 'NONE', #93, #646, #1195 ) ;
#859 = ORIENTED_EDGE ( 'NONE', *, *, #945, .F. ) ;
#860 = CARTESIAN_POINT ( 'NONE',  ( -14.68999999999999595, -10.78499999999999837, -0.05999999999999901246 ) ) ;
#861 = VECTOR ( 'NONE', #1759, 39.37007874015748143 ) ;
#862 = EDGE_LOOP ( 'NONE', ( #1350, #1324, #977, #1633 ) ) ;
#863 = FACE_OUTER_BOUND ( 'NONE', #1615, .T. ) ;
#864 = DIRECTION ( 'NONE',  ( -1.000000000000000000, -0.000000000000000000, -0.000000000000000000 ) ) ;
#865 = DIRECTION ( 'NONE',  ( 1.000000000000000000, 1.013202779291335280E-16, -3.491481338843133750E-15 ) ) ;
#866 = DIRECTION ( 'NONE',  ( -4.074802675093501422E-30, 1.000000000000000000, 3.169856808907805887E-15 ) ) ;
#867 = ORIENTED_EDGE ( 'NONE', *, *, #697, .T. ) ;
#868 = EDGE_CURVE ( 'NONE', #1082, #29, #1494, .T. ) ;
#869 = FACE_OUTER_BOUND ( 'NONE', #172, .T. ) ;
#870 = EDGE_LOOP ( 'NONE', ( #883, #138, #1310, #1670 ) ) ;
#871 = DIRECTION ( 'NONE',  ( -0.000000000000000000, -0.000000000000000000, 1.000000000000000000 ) ) ;
#872 = PLANE ( 'NONE',  #131 ) ;
#873 = CARTESIAN_POINT ( 'NONE',  ( -14.94000000000000661, -10.78500000000000192, -0.7499999999999998890 ) ) ;
#874 = EDGE_LOOP ( 'NONE', ( #1625, #952, #742, #241 ) ) ;
#875 = DIRECTION ( 'NONE',  ( 0.000000000000000000, 0.000000000000000000, -1.000000000000000000 ) ) ;
#876 = EDGE_CURVE ( 'NONE', #226, #373, #442, .T. ) ;
#877 = EDGE_LOOP ( 'NONE', ( #661, #1680, #1778, #414 ) ) ;
#878 = EDGE_CURVE ( 'NONE', #1161, #65, #38, .T. ) ;
#879 = CARTESIAN_POINT ( 'NONE',  ( 14.87999999999999368, 0.000000000000000000, 4.732035829025398556E-14 ) ) ;
#880 = DIRECTION ( 'NONE',  ( 0.000000000000000000, -0.000000000000000000, -1.000000000000000000 ) ) ;
#881 = CARTESIAN_POINT ( 'NONE',  ( -14.69599999999998552, 10.77899999999999814, -0.05999999999999901246 ) ) ;
#882 = VECTOR ( 'NONE', #856, 39.37007874015748143 ) ;
#883 = ORIENTED_EDGE ( 'NONE', *, *, #479, .F. ) ;
#884 = DIRECTION ( 'NONE',  ( 0.000000000000000000, 1.000000000000000000, -3.167359992654216647E-15 ) ) ;
#885 = VECTOR ( 'NONE', #1619, 39.37007874015748143 ) ;
#886 = ORIENTED_EDGE ( 'NONE', *, *, #1791, .T. ) ;
#887 = CARTESIAN_POINT ( 'NONE',  ( 14.68999999999999062, -10.90500000000000114, -0.7500000000000001110 ) ) ;
#888 = LINE ( 'NONE', #482, #918 ) ;
#889 = EDGE_CURVE ( 'NONE', #29, #1768, #612, .T. ) ;
#890 = PLANE ( 'NONE',  #619 ) ;
#891 = DIRECTION ( 'NONE',  ( 0.000000000000000000, 1.000000000000000000, -3.491481338843134539E-15 ) ) ;
#892 = VECTOR ( 'NONE', #1517, 39.37007874015748143 ) ;
#893 = EDGE_LOOP ( 'NONE', ( #1784, #859, #1173, #252 ) ) ;
#894 = DIRECTION ( 'NONE',  ( -1.000000000000000000, 0.000000000000000000, -0.000000000000000000 ) ) ;
#895 = VERTEX_POINT ( 'NONE', #1587 ) ;
#896 = PLANE ( 'NONE',  #1406 ) ;
#897 = DIRECTION ( 'NONE',  ( 0.000000000000000000, 0.000000000000000000, 1.000000000000000000 ) ) ;
#898 = EDGE_CURVE ( 'NONE', #1084, #185, #1500, .T. ) ;
#899 = LINE ( 'NONE', #919, #1525 ) ;
#900 = CARTESIAN_POINT ( 'NONE',  ( -14.82000000000000206, 10.78500000000000014, -0.1199999999999989131 ) ) ;
#901 = EDGE_CURVE ( 'NONE', #902, #557, #1411, .T. ) ;
#902 = VERTEX_POINT ( 'NONE', #329 ) ;
#903 = DIRECTION ( 'NONE',  ( 0.000000000000000000, 1.000000000000000000, 0.000000000000000000 ) ) ;
#904 = ORIENTED_EDGE ( 'NONE', *, *, #936, .F. ) ;
#905 = ORIENTED_EDGE ( 'NONE', *, *, #569, .T. ) ;
#906 = CARTESIAN_POINT ( 'NONE',  ( -14.94000000000000128, -10.78500000000000192, -0.05999999999999999778 ) ) ;
#907 = CARTESIAN_POINT ( 'NONE',  ( 14.69599999999998552, 0.000000000000000000, -0.000000000000000000 ) ) ;
#908 = CARTESIAN_POINT ( 'NONE',  ( -14.94000000000000483, -10.78500000000000192, -0.7500000000000001110 ) ) ;
#909 = EDGE_LOOP ( 'NONE', ( #1373, #886, #1338, #476 ) ) ;
#910 = PLANE ( 'NONE',  #1523 ) ;
#911 = ADVANCED_FACE ( 'NONE', ( #464, #993, #1723, #1715, #477 ), #1430, .F. ) ;
#912 = AXIS2_PLACEMENT_3D ( 'NONE', #404, #1512, #432 ) ;
#913 = ORIENTED_EDGE ( 'NONE', *, *, #100, .F. ) ;
#914 = AXIS2_PLACEMENT_3D ( 'NONE', #314, #286, #573 ) ;
#915 = VERTEX_POINT ( 'NONE', #1548 ) ;
#916 = CARTESIAN_POINT ( 'NONE',  ( 7.565999999999994508, 10.56500000000000128, -0.06000000000000004635 ) ) ;
#917 = DIRECTION ( 'NONE',  ( 0.000000000000000000, -8.087894779578809621E-30, 1.000000000000000000 ) ) ;
#918 = VECTOR ( 'NONE', #235, 39.37007874015748143 ) ;
#919 = CARTESIAN_POINT ( 'NONE',  ( 14.68999999999999062, -10.90499999999999936, -0.1199999999999996209 ) ) ;
#920 = DIRECTION ( 'NONE',  ( -1.456985596620916276E-13, 0.000000000000000000, 1.000000000000000000 ) ) ;
#921 = ORIENTED_EDGE ( 'NONE', *, *, #1576, .T. ) ;
#922 = CARTESIAN_POINT ( 'NONE',  ( 14.69599999999998552, 10.77899999999999814, -0.05999999999999901246 ) ) ;
#923 = EDGE_CURVE ( 'NONE', #303, #1278, #740, .T. ) ;
#924 = ORIENTED_EDGE ( 'NONE', *, *, #1129, .T. ) ;
#925 = ORIENTED_EDGE ( 'NONE', *, *, #1213, .T. ) ;
#926 = DIRECTION ( 'NONE',  ( 1.000000000000000000, 0.000000000000000000, 0.000000000000000000 ) ) ;
#927 =( NAMED_UNIT ( * ) PLANE_ANGLE_UNIT ( ) SI_UNIT ( $, .RADIAN. ) );
#928 = CARTESIAN_POINT ( 'NONE',  ( 14.69599999999997664, -10.77899999999999814, -0.05999999999999901246 ) ) ;
#929 = DIRECTION ( 'NONE',  ( -0.000000000000000000, -1.000000000000000000, -0.000000000000000000 ) ) ;
#930 = ORIENTED_EDGE ( 'NONE', *, *, #801, .F. ) ;
#931 = DIRECTION ( 'NONE',  ( -1.000000000000000000, 0.000000000000000000, 0.000000000000000000 ) ) ;
#932 = EDGE_LOOP ( 'NONE', ( #1648, #126, #1031, #463 ) ) ;
#933 = EDGE_CURVE ( 'NONE', #809, #788, #1311, .T. ) ;
#934 = ORIENTED_EDGE ( 'NONE', *, *, #1129, .F. ) ;
#935 = CARTESIAN_POINT ( 'NONE',  ( -14.68999999999999417, -10.78499999999999837, -0.05999999999999901246 ) ) ;
#936 = EDGE_CURVE ( 'NONE', #1237, #406, #516, .T. ) ;
#937 = LINE ( 'NONE', #1371, #1002 ) ;
#938 = VERTEX_POINT ( 'NONE', #1770 ) ;
#939 = CARTESIAN_POINT ( 'NONE',  ( 14.87999999999999723, -10.78499999999999837, -0.7500000000000003331 ) ) ;
#940 = VECTOR ( 'NONE', #229, 39.37007874015748143 ) ;
#941 = ORIENTED_EDGE ( 'NONE', *, *, #402, .F. ) ;
#942 = CIRCLE ( 'NONE', #1671, 0.1560000000000001941 ) ;
#943 = ORIENTED_EDGE ( 'NONE', *, *, #1255, .T. ) ;
#944 = VECTOR ( 'NONE', #1484, 39.37007874015748143 ) ;
#945 = EDGE_CURVE ( 'NONE', #149, #823, #631, .T. ) ;
#946 = AXIS2_PLACEMENT_3D ( 'NONE', #561, #424, #570 ) ;
#947 = DIRECTION ( 'NONE',  ( 0.000000000000000000, -1.000000000000000000, 3.130242492740249268E-15 ) ) ;
#948 = PLANE ( 'NONE',  #534 ) ;
#949 = FACE_OUTER_BOUND ( 'NONE', #870, .T. ) ;
#950 = CARTESIAN_POINT ( 'NONE',  ( -7.746000000000006658, -10.56500000000000128, 0.000000000000000000 ) ) ;
#951 = EDGE_LOOP ( 'NONE', ( #1397, #95, #260, #1743 ) ) ;
#952 = ORIENTED_EDGE ( 'NONE', *, *, #868, .F. ) ;
#953 = DIRECTION ( 'NONE',  ( 1.266943997061687132E-14, -3.167359992654217435E-15, 1.000000000000000000 ) ) ;
#954 = FACE_OUTER_BOUND ( 'NONE', #1562, .T. ) ;
#955 = ADVANCED_FACE ( 'NONE', ( #1183 ), #349, .T. ) ;
#956 = EDGE_LOOP ( 'NONE', ( #1457, #256 ) ) ;
#957 = CARTESIAN_POINT ( 'NONE',  ( -14.82000000000000206, 10.78500000000000014, -0.1199999999999989131 ) ) ;
#958 = ADVANCED_FACE ( 'NONE', ( #787 ), #807, .T. ) ;
#959 = CARTESIAN_POINT ( 'NONE',  ( 7.565999999999994508, -10.56500000000000128, 0.000000000000000000 ) ) ;
#960 = CARTESIAN_POINT ( 'NONE',  ( 14.93999999999999595, 10.78500000000000014, -0.05999999999999999778 ) ) ;
#961 = VERTEX_POINT ( 'NONE', #357 ) ;
#962 = DIRECTION ( 'NONE',  ( 0.000000000000000000, 0.000000000000000000, 1.000000000000000000 ) ) ;
#963 = ORIENTED_EDGE ( 'NONE', *, *, #1197, .F. ) ;
#964 = ADVANCED_FACE ( 'NONE', ( #767 ), #910, .T. ) ;
#965 = FACE_OUTER_BOUND ( 'NONE', #874, .T. ) ;
#966 = VERTEX_POINT ( 'NONE', #620 ) ;
#967 = VECTOR ( 'NONE', #1610, 39.37007874015748143 ) ;
#968 = CARTESIAN_POINT ( 'NONE',  ( -14.82000000000000206, 10.78500000000000014, -0.05999999999999791611 ) ) ;
#969 = PLANE ( 'NONE',  #1765 ) ;
#970 = VECTOR ( 'NONE', #162, 39.37007874015748143 ) ;
#971 = CIRCLE ( 'NONE', #1585, 0.1200000000000009948 ) ;
#972 = LINE ( 'NONE', #1530, #1112 ) ;
#973 = CARTESIAN_POINT ( 'NONE',  ( -14.94000000000000483, -10.78500000000000192, -0.1199999999999996209 ) ) ;
#974 = VERTEX_POINT ( 'NONE', #524 ) ;
#975 = CYLINDRICAL_SURFACE ( 'NONE', #1760, 0.06000000000000099698 ) ;
#976 = EDGE_CURVE ( 'NONE', #1134, #685, #1049, .T. ) ;
#977 = ORIENTED_EDGE ( 'NONE', *, *, #1414, .T. ) ;
#978 = AXIS2_PLACEMENT_3D ( 'NONE', #988, #26, #1564 ) ;
#979 = CARTESIAN_POINT ( 'NONE',  ( -14.94000000000000838, 10.78500000000000014, -0.7500000000000001110 ) ) ;
#980 = LINE ( 'NONE', #1793, #1375 ) ;
#981 = CARTESIAN_POINT ( 'NONE',  ( -14.82000000000000206, -10.78499999999999304, -0.1199999999999989131 ) ) ;
#982 = CARTESIAN_POINT ( 'NONE',  ( -14.68999999999999595, -10.90499999999999936, -0.1199999999999996486 ) ) ;
#983 = ORIENTED_EDGE ( 'NONE', *, *, #933, .F. ) ;
#984 = CARTESIAN_POINT ( 'NONE',  ( -14.82000000000000206, -10.78499999999998948, -0.05999999999999791611 ) ) ;
#985 = VERTEX_POINT ( 'NONE', #1749 ) ;
#986 = EDGE_CURVE ( 'NONE', #80, #284, #418, .T. ) ;
#987 = CARTESIAN_POINT ( 'NONE',  ( 14.69599999999997664, -10.77899999999999814, -0.05999999999999999778 ) ) ;
#988 = CARTESIAN_POINT ( 'NONE',  ( -14.68999999999998529, 10.78499999999999837, -0.05999999999999901246 ) ) ;
#989 = EDGE_CURVE ( 'NONE', #403, #51, #1595, .T. ) ;
#990 = CARTESIAN_POINT ( 'NONE',  ( -7.434000000000006381, -10.56500000000000128, -0.06000000000000004635 ) ) ;
#991 = CARTESIAN_POINT ( 'NONE',  ( -14.82000000000000206, 10.78499999999999837, -0.1199999999999989131 ) ) ;
#992 = ORIENTED_EDGE ( 'NONE', *, *, #321, .F. ) ;
#993 = FACE_BOUND ( 'NONE', #956, .T. ) ;
#994 = ORIENTED_EDGE ( 'NONE', *, *, #845, .T. ) ;
#995 = DIRECTION ( 'NONE',  ( 0.000000000000000000, 1.000000000000000000, 0.000000000000000000 ) ) ;
#996 = PLANE ( 'NONE',  #489 ) ;
#997 = VECTOR ( 'NONE', #1737, 39.37007874015748143 ) ;
#998 = EDGE_CURVE ( 'NONE', #1479, #15, #1478, .T. ) ;
#999 = VECTOR ( 'NONE', #1294, 39.37007874015748143 ) ;
#1000 = LINE ( 'NONE', #1557, #1410 ) ;
#1001 = CYLINDRICAL_SURFACE ( 'NONE', #565, 0.1200000000000019940 ) ;
#1002 = VECTOR ( 'NONE', #136, 39.37007874015748143 ) ;
#1003 = VERTEX_POINT ( 'NONE', #778 ) ;
#1004 = CARTESIAN_POINT ( 'NONE',  ( 14.93999999999999773, -10.78500000000000014, -0.7500000000000001110 ) ) ;
#1005 = VECTOR ( 'NONE', #701, 39.37007874015748143 ) ;
#1006 = ORIENTED_EDGE ( 'NONE', *, *, #1036, .F. ) ;
#1007 = LINE ( 'NONE', #1563, #654 ) ;
#1008 = FACE_OUTER_BOUND ( 'NONE', #772, .T. ) ;
#1009 = CARTESIAN_POINT ( 'NONE',  ( -7.590000000000006075, -10.56500000000000128, -0.06000000000000004635 ) ) ;
#1010 = CARTESIAN_POINT ( 'NONE',  ( 14.68999999999999062, -10.90499999999999936, -0.05999999999999978961 ) ) ;
#1011 = ADVANCED_FACE ( 'NONE', ( #87 ), #1191, .F. ) ;
#1012 = ORIENTED_EDGE ( 'NONE', *, *, #1242, .F. ) ;
#1013 = LINE ( 'NONE', #471, #1551 ) ;
#1014 = ORIENTED_EDGE ( 'NONE', *, *, #1141, .F. ) ;
#1015 = CARTESIAN_POINT ( 'NONE',  ( 7.565999999999994508, 10.56500000000000128, 0.000000000000000000 ) ) ;
#1016 =( NAMED_UNIT ( * ) SI_UNIT ( $, .STERADIAN. ) SOLID_ANGLE_UNIT ( ) );
#1017 = LINE ( 'NONE', #209, #1469 ) ;
#1018 = LINE ( 'NONE', #881, #1023 ) ;
#1019 = ORIENTED_EDGE ( 'NONE', *, *, #479, .T. ) ;
#1020 = DIRECTION ( 'NONE',  ( -1.013202779291332322E-16, 1.000000000000000000, 1.013202779291338485E-16 ) ) ;
#1021 = ORIENTED_EDGE ( 'NONE', *, *, #1153, .F. ) ;
#1022 = DIRECTION ( 'NONE',  ( -1.000000000000000000, -0.000000000000000000, -0.000000000000000000 ) ) ;
#1023 = VECTOR ( 'NONE', #193, 39.37007874015748143 ) ;
#1024 = DIRECTION ( 'NONE',  ( -0.000000000000000000, -0.000000000000000000, 1.000000000000000000 ) ) ;
#1025 = DIRECTION ( 'NONE',  ( 1.000000000000000000, 0.000000000000000000, 0.000000000000000000 ) ) ;
#1026 = AXIS2_PLACEMENT_3D ( 'NONE', #231, #370, #1458 ) ;
#1027 = ORIENTED_EDGE ( 'NONE', *, *, #294, .T. ) ;
#1028 = DIRECTION ( 'NONE',  ( -3.167359992654217435E-15, -0.000000000000000000, 1.000000000000000000 ) ) ;
#1029 = AXIS2_PLACEMENT_3D ( 'NONE', #1293, #35, #48 ) ;
#1030 = VECTOR ( 'NONE', #311, 39.37007874015748143 ) ;
#1031 = ORIENTED_EDGE ( 'NONE', *, *, #1492, .T. ) ;
#1032 = EDGE_CURVE ( 'NONE', #974, #694, #1058, .T. ) ;
#1033 = DIRECTION ( 'NONE',  ( -0.000000000000000000, -0.000000000000000000, 1.000000000000000000 ) ) ;
#1034 = CARTESIAN_POINT ( 'NONE',  ( 14.93999999999999595, 10.78499999999997883, -0.1199999999999996209 ) ) ;
#1035 = CARTESIAN_POINT ( 'NONE',  ( 7.253999999999994230, 10.56500000000000128, -0.06000000000000004635 ) ) ;
#1036 = EDGE_CURVE ( 'NONE', #330, #1082, #1487, .T. ) ;
#1037 = DIRECTION ( 'NONE',  ( 0.000000000000000000, 0.000000000000000000, 1.000000000000000000 ) ) ;
#1038 = LINE ( 'NONE', #757, #940 ) ;
#1039 = AXIS2_PLACEMENT_3D ( 'NONE', #1236, #137, #663 ) ;
#1040 = ORIENTED_EDGE ( 'NONE', *, *, #1524, .F. ) ;
#1041 = CARTESIAN_POINT ( 'NONE',  ( 14.93999999999999595, -10.78500000000000014, 0.000000000000000000 ) ) ;
#1042 = APPLICATION_CONTEXT ( 'automotive_design' ) ;
#1043 = ORIENTED_EDGE ( 'NONE', *, *, #255, .F. ) ;
#1044 = CARTESIAN_POINT ( 'NONE',  ( 14.68999999999997641, -10.78499999999999837, -0.05999999999999901246 ) ) ;
#1045 = EDGE_CURVE ( 'NONE', #1237, #403, #331, .T. ) ;
#1046 = CARTESIAN_POINT ( 'NONE',  ( -7.434000000000006381, -10.56500000000000128, 0.000000000000000000 ) ) ;
#1047 = FACE_OUTER_BOUND ( 'NONE', #816, .T. ) ;
#1048 = ORIENTED_EDGE ( 'NONE', *, *, #1165, .T. ) ;
#1049 = LINE ( 'NONE', #922, #798 ) ;
#1050 = ORIENTED_EDGE ( 'NONE', *, *, #901, .T. ) ;
#1051 = LINE ( 'NONE', #625, #997 ) ;
#1052 = CARTESIAN_POINT ( 'NONE',  ( 7.409999999999994813, 10.56500000000000128, 0.000000000000000000 ) ) ;
#1053 = DIRECTION ( 'NONE',  ( -0.000000000000000000, -1.000000000000000000, -0.000000000000000000 ) ) ;
#1054 = DIRECTION ( 'NONE',  ( 0.000000000000000000, -1.000000000000000000, 0.000000000000000000 ) ) ;
#1055 = EDGE_CURVE ( 'NONE', #1518, #618, #824, .T. ) ;
#1056 = ORIENTED_EDGE ( 'NONE', *, *, #294, .F. ) ;
#1057 = AXIS2_PLACEMENT_3D ( 'NONE', #1485, #238, #638 ) ;
#1058 = LINE ( 'NONE', #96, #593 ) ;
#1059 = VECTOR ( 'NONE', #1656, 39.37007874015748143 ) ;
#1060 = ORIENTED_EDGE ( 'NONE', *, *, #610, .F. ) ;
#1061 = AXIS2_PLACEMENT_3D ( 'NONE', #852, #1672, #177 ) ;
#1062 = FACE_OUTER_BOUND ( 'NONE', #850, .T. ) ;
#1063 = LINE ( 'NONE', #608, #885 ) ;
#1064 = LINE ( 'NONE', #64, #387 ) ;
#1065 = ORIENTED_EDGE ( 'NONE', *, *, #1290, .F. ) ;
#1066 = EDGE_CURVE ( 'NONE', #1768, #1182, #1630, .T. ) ;
#1067 = CARTESIAN_POINT ( 'NONE',  ( -14.69000000000000483, 10.90500000000000114, -0.7500000000000001110 ) ) ;
#1068 = ORIENTED_EDGE ( 'NONE', *, *, #1055, .T. ) ;
#1069 = ORIENTED_EDGE ( 'NONE', *, *, #201, .T. ) ;
#1070 = LINE ( 'NONE', #1678, #298 ) ;
#1071 = FACE_OUTER_BOUND ( 'NONE', #1415, .T. ) ;
#1072 = CARTESIAN_POINT ( 'NONE',  ( 14.68999999999998529, 10.78499999999999837, -0.1199999999999999956 ) ) ;
#1073 = ORIENTED_EDGE ( 'NONE', *, *, #165, .T. ) ;
#1074 = DIRECTION ( 'NONE',  ( -0.000000000000000000, -0.000000000000000000, 1.000000000000000000 ) ) ;
#1075 = VERTEX_POINT ( 'NONE', #939 ) ;
#1076 = EDGE_CURVE ( 'NONE', #1231, #1609, #1496, .T. ) ;
#1077 = DIRECTION ( 'NONE',  ( 1.000000000000000000, -0.000000000000000000, -0.000000000000000000 ) ) ;
#1078 = DIRECTION ( 'NONE',  ( 0.000000000000000000, -0.000000000000000000, 1.000000000000000000 ) ) ;
#1079 = ORIENTED_EDGE ( 'NONE', *, *, #1794, .T. ) ;
#1080 = CARTESIAN_POINT ( 'NONE',  ( 14.81999999999999318, -10.78499999999999837, 9.902948977032954413E-16 ) ) ;
#1081 = CIRCLE ( 'NONE', #269, 0.1200000000000009948 ) ;
#1082 = VERTEX_POINT ( 'NONE', #1385 ) ;
#1083 = VECTOR ( 'NONE', #903, 39.37007874015748143 ) ;
#1084 = VERTEX_POINT ( 'NONE', #950 ) ;
#1085 = EDGE_CURVE ( 'NONE', #985, #373, #1201, .T. ) ;
#1086 = AXIS2_PLACEMENT_3D ( 'NONE', #981, #1420, #880 ) ;
#1087 = VECTOR ( 'NONE', #796, 39.37007874015748143 ) ;
#1088 = CYLINDRICAL_SURFACE ( 'NONE', #1788, 0.1560000000000001941 ) ;
#1089 = DIRECTION ( 'NONE',  ( 0.000000000000000000, -1.000000000000000000, -0.000000000000000000 ) ) ;
#1090 = EDGE_CURVE ( 'NONE', #915, #966, #813, .T. ) ;
#1091 = EDGE_LOOP ( 'NONE', ( #797, #1050, #1501, #1284 ) ) ;
#1092 = DIRECTION ( 'NONE',  ( 1.456985596620916276E-13, 0.000000000000000000, 1.000000000000000000 ) ) ;
#1093 = ORIENTED_EDGE ( 'NONE', *, *, #123, .T. ) ;
#1094 = DIRECTION ( 'NONE',  ( -1.013202779291335526E-16, 1.000000000000000000, 6.418355895146871946E-31 ) ) ;
#1095 = CARTESIAN_POINT ( 'NONE',  ( -14.69599999999999618, -10.77899999999999814, -0.05999999999999901246 ) ) ;
#1096 = EDGE_CURVE ( 'NONE', #1384, #214, #1697, .T. ) ;
#1097 = EDGE_LOOP ( 'NONE', ( #412, #409, #518, #505 ) ) ;
#1098 = LINE ( 'NONE', #1506, #301 ) ;
#1099 = ORIENTED_EDGE ( 'NONE', *, *, #989, .F. ) ;
#1100 = CARTESIAN_POINT ( 'NONE',  ( -14.82000000000000206, -10.78499999999998060, -0.1199999999999989131 ) ) ;
#1101 = DIRECTION ( 'NONE',  ( -0.000000000000000000, -0.000000000000000000, 1.000000000000000000 ) ) ;
#1102 = CARTESIAN_POINT ( 'NONE',  ( -7.590000000000006075, -10.56500000000000128, -0.7500000000000003331 ) ) ;
#1103 = ORIENTED_EDGE ( 'NONE', *, *, #1085, .F. ) ;
#1104 = DIRECTION ( 'NONE',  ( 0.000000000000000000, 0.000000000000000000, -1.000000000000000000 ) ) ;
#1105 = EDGE_CURVE ( 'NONE', #175, #1768, #1291, .T. ) ;
#1106 = EDGE_LOOP ( 'NONE', ( #594, #89, #398, #141 ) ) ;
#1107 = LINE ( 'NONE', #984, #853 ) ;
#1108 = EDGE_LOOP ( 'NONE', ( #549, #386, #528, #1256 ) ) ;
#1109 = CIRCLE ( 'NONE', #1140, 0.06000000000000099698 ) ;
#1110 = CARTESIAN_POINT ( 'NONE',  ( -14.82000000000000206, -10.78500000000000192, -0.05999999999999999778 ) ) ;
#1111 = FACE_OUTER_BOUND ( 'NONE', #1771, .T. ) ;
#1112 = VECTOR ( 'NONE', #281, 39.37007874015748143 ) ;
#1113 = VECTOR ( 'NONE', #586, 39.37007874015748143 ) ;
#1114 = CARTESIAN_POINT ( 'NONE',  ( 14.68999999999999417, -10.78500000000000014, -0.05999999999999999778 ) ) ;
#1115 = CARTESIAN_POINT ( 'NONE',  ( 14.68999999999997641, -10.78499999999999837, -0.05999999999999901246 ) ) ;
#1116 = EDGE_CURVE ( 'NONE', #1156, #712, #420, .T. ) ;
#1117 = ORIENTED_EDGE ( 'NONE', *, *, #47, .F. ) ;
#1118 = DIRECTION ( 'NONE',  ( -0.000000000000000000, -0.000000000000000000, 1.000000000000000000 ) ) ;
#1119 = EDGE_CURVE ( 'NONE', #406, #1156, #157, .T. ) ;
#1120 = ORIENTED_EDGE ( 'NONE', *, *, #1736, .F. ) ;
#1121 = VECTOR ( 'NONE', #864, 39.37007874015748143 ) ;
#1122 = DIRECTION ( 'NONE',  ( -0.000000000000000000, 1.000000000000000000, -0.000000000000000000 ) ) ;
#1123 = DIRECTION ( 'NONE',  ( 0.000000000000000000, -1.000000000000000000, 0.000000000000000000 ) ) ;
#1124 = DIRECTION ( 'NONE',  ( -0.000000000000000000, -0.000000000000000000, 1.000000000000000000 ) ) ;
#1125 = CARTESIAN_POINT ( 'NONE',  ( 14.68999999999998529, 10.84499999999999886, -0.1199999999999998151 ) ) ;
#1126 = EDGE_LOOP ( 'NONE', ( #215, #1331, #1780, #921 ) ) ;
#1127 = CARTESIAN_POINT ( 'NONE',  ( 14.81999999999999318, 10.78499999999999126, -0.1199999999999999956 ) ) ;
#1128 = VERTEX_POINT ( 'NONE', #982 ) ;
#1129 = EDGE_CURVE ( 'NONE', #406, #277, #1219, .T. ) ;
#1130 = DIRECTION ( 'NONE',  ( 0.000000000000000000, 0.000000000000000000, 1.000000000000000000 ) ) ;
#1131 = CARTESIAN_POINT ( 'NONE',  ( 14.68999999999996753, -10.78499999999999837, -0.1199999999999999956 ) ) ;
#1132 = DIRECTION ( 'NONE',  ( 0.000000000000000000, -1.000000000000000000, 0.000000000000000000 ) ) ;
#1133 = DIRECTION ( 'NONE',  ( 0.000000000000000000, -3.167359992654217435E-15, -1.000000000000000000 ) ) ;
#1134 = VERTEX_POINT ( 'NONE', #838 ) ;
#1135 = DIRECTION ( 'NONE',  ( -3.056102006320133598E-30, 1.000000000000000000, 3.169856808907805887E-15 ) ) ;
#1136 = ORIENTED_EDGE ( 'NONE', *, *, #1480, .F. ) ;
#1137 = ADVANCED_BREP_SHAPE_REPRESENTATION ( '17-D-6004-02 (20260304)', ( #1708, #514 ), #1297 ) ;
#1138 = FACE_OUTER_BOUND ( 'NONE', #1106, .T. ) ;
#1139 = CARTESIAN_POINT ( 'NONE',  ( -14.68999999999999595, -10.77899999999999814, -0.05999999999999901246 ) ) ;
#1140 = AXIS2_PLACEMENT_3D ( 'NONE', #666, #1777, #532 ) ;
#1141 = EDGE_CURVE ( 'NONE', #902, #1431, #1098, .T. ) ;
#1142 = VECTOR ( 'NONE', #817, 39.37007874015748143 ) ;
#1143 = DIRECTION ( 'NONE',  ( -1.000000000000000000, 0.000000000000000000, 0.000000000000000000 ) ) ;
#1144 = LINE ( 'NONE', #736, #1754 ) ;
#1145 = VECTOR ( 'NONE', #733, 39.37007874015748143 ) ;
#1146 = ORIENTED_EDGE ( 'NONE', *, *, #1, .F. ) ;
#1147 = DIRECTION ( 'NONE',  ( -0.000000000000000000, -0.000000000000000000, 1.000000000000000000 ) ) ;
#1148 = ORIENTED_EDGE ( 'NONE', *, *, #1344, .F. ) ;
#1149 = CARTESIAN_POINT ( 'NONE',  ( -14.94000000000000483, -1.513724952261255357E-15, 4.752984717058460385E-14 ) ) ;
#1150 = DIRECTION ( 'NONE',  ( -1.000000000000000000, 0.000000000000000000, 0.000000000000000000 ) ) ;
#1151 = LINE ( 'NONE', #1711, #511 ) ;
#1152 = CARTESIAN_POINT ( 'NONE',  ( -14.68999999999998529, 10.77899999999999814, -0.05999999999999901246 ) ) ;
#1153 = EDGE_CURVE ( 'NONE', #1717, #1609, #691, .T. ) ;
#1154 = ORIENTED_EDGE ( 'NONE', *, *, #686, .F. ) ;
#1155 = CARTESIAN_POINT ( 'NONE',  ( -14.69000000000000128, -10.78500000000000192, -0.05999999999999999778 ) ) ;
#1156 = VERTEX_POINT ( 'NONE', #282 ) ;
#1157 = DIRECTION ( 'NONE',  ( 0.000000000000000000, -1.000000000000000000, 0.000000000000000000 ) ) ;
#1158 = PLANE ( 'NONE',  #341 ) ;
#1159 = LINE ( 'NONE', #1720, #1669 ) ;
#1160 = CARTESIAN_POINT ( 'NONE',  ( 14.81999999999999318, -10.78499999999999837, -0.1199999999999999956 ) ) ;
#1161 = VERTEX_POINT ( 'NONE', #264 ) ;
#1162 = EDGE_CURVE ( 'NONE', #1655, #1686, #257, .T. ) ;
#1163 = DIRECTION ( 'NONE',  ( 0.000000000000000000, 0.000000000000000000, -1.000000000000000000 ) ) ;
#1164 = ORIENTED_EDGE ( 'NONE', *, *, #312, .F. ) ;
#1165 = EDGE_CURVE ( 'NONE', #822, #65, #289, .T. ) ;
#1166 = CARTESIAN_POINT ( 'NONE',  ( -14.68999999999999950, -10.84499999999999886, 3.454006071989423475E-14 ) ) ;
#1167 = DIRECTION ( 'NONE',  ( 1.000000000000000000, 0.000000000000000000, 0.000000000000000000 ) ) ;
#1168 = VECTOR ( 'NONE', #576, 39.37007874015748143 ) ;
#1169 = CYLINDRICAL_SURFACE ( 'NONE', #1608, 0.1200000000000019940 ) ;
#1170 = AXIS2_PLACEMENT_3D ( 'NONE', #168, #1699, #458 ) ;
#1171 = CARTESIAN_POINT ( 'NONE',  ( 14.81999999999999318, -10.78499999999999481, 9.902948977032954413E-16 ) ) ;
#1172 = VECTOR ( 'NONE', #673, 39.37007874015748143 ) ;
#1173 = ORIENTED_EDGE ( 'NONE', *, *, #792, .T. ) ;
#1174 = DIRECTION ( 'NONE',  ( 0.000000000000000000, 0.000000000000000000, 1.000000000000000000 ) ) ;
#1175 = VECTOR ( 'NONE', #407, 39.37007874015748143 ) ;
#1176 = AXIS2_PLACEMENT_3D ( 'NONE', #320, #604, #1706 ) ;
#1177 = ORIENTED_EDGE ( 'NONE', *, *, #1357, .T. ) ;
#1178 = ADVANCED_FACE ( 'NONE', ( #1367 ), #699, .T. ) ;
#1179 = DIRECTION ( 'NONE',  ( 0.000000000000000000, -1.000000000000000000, 0.000000000000000000 ) ) ;
#1180 = CARTESIAN_POINT ( 'NONE',  ( -14.68999999999999595, -10.77899999999999814, -0.05999999999999901246 ) ) ;
#1181 = CARTESIAN_POINT ( 'NONE',  ( 14.68999999999998174, 10.90500000000000114, -0.7500000000000001110 ) ) ;
#1182 = VERTEX_POINT ( 'NONE', #122 ) ;
#1183 = FACE_OUTER_BOUND ( 'NONE', #1126, .T. ) ;
#1184 = ORIENTED_EDGE ( 'NONE', *, *, #1681, .F. ) ;
#1185 = ORIENTED_EDGE ( 'NONE', *, *, #447, .T. ) ;
#1186 = CYLINDRICAL_SURFACE ( 'NONE', #1438, 0.1560000000000001941 ) ;
#1187 = EDGE_CURVE ( 'NONE', #788, #1686, #1254, .T. ) ;
#1188 = DIRECTION ( 'NONE',  ( 1.000000000000000000, 0.000000000000000000, 0.000000000000000000 ) ) ;
#1189 = FACE_BOUND ( 'NONE', #356, .T. ) ;
#1190 = EDGE_LOOP ( 'NONE', ( #1645, #435, #1019, #560 ) ) ;
#1191 = CYLINDRICAL_SURFACE ( 'NONE', #1668, 0.1560000000000001941 ) ;
#1192 = ORIENTED_EDGE ( 'NONE', *, *, #1162, .T. ) ;
#1193 = CARTESIAN_POINT ( 'NONE',  ( 7.253999999999994230, 10.56500000000000128, 0.000000000000000000 ) ) ;
#1194 = CARTESIAN_POINT ( 'NONE',  ( 14.81999999999999318, -10.78499999999999837, -0.05999999999999901246 ) ) ;
#1195 = DIRECTION ( 'NONE',  ( 1.000000000000000000, 1.013202779291335526E-16, 0.000000000000000000 ) ) ;
#1196 = DIRECTION ( 'NONE',  ( 0.000000000000000000, -1.000000000000000000, 0.000000000000000000 ) ) ;
#1197 = EDGE_CURVE ( 'NONE', #86, #1686, #682, .T. ) ;
#1198 = VERTEX_POINT ( 'NONE', #820 ) ;
#1199 = VECTOR ( 'NONE', #920, 39.37007874015748143 ) ;
#1200 = DIRECTION ( 'NONE',  ( -0.000000000000000000, 1.000000000000000000, -0.000000000000000000 ) ) ;
#1201 = CIRCLE ( 'NONE', #676, 0.1560000000000001941 ) ;
#1202 = ORIENTED_EDGE ( 'NONE', *, *, #244, .T. ) ;
#1203 = VECTOR ( 'NONE', #1282, 39.37007874015748143 ) ;
#1204 = VECTOR ( 'NONE', #1147, 39.37007874015748143 ) ;
#1205 = DIRECTION ( 'NONE',  ( -1.000000000000000000, 0.000000000000000000, -3.491481338843134539E-15 ) ) ;
#1206 = APPLICATION_PROTOCOL_DEFINITION ( 'draft international standard', 'automotive_design', 1998, #1042 ) ;
#1207 = CIRCLE ( 'NONE', #457, 0.1560000000000001941 ) ;
#1208 = DIRECTION ( 'NONE',  ( -0.000000000000000000, -0.000000000000000000, 1.000000000000000000 ) ) ;
#1209 = DIRECTION ( 'NONE',  ( 0.000000000000000000, 1.000000000000000000, 3.491481338843134539E-15 ) ) ;
#1210 = ORIENTED_EDGE ( 'NONE', *, *, #258, .T. ) ;
#1211 = CARTESIAN_POINT ( 'NONE',  ( 7.409999999999994813, 10.56500000000000128, -0.06000000000000004635 ) ) ;
#1212 =( GEOMETRIC_REPRESENTATION_CONTEXT ( 3 ) GLOBAL_UNCERTAINTY_ASSIGNED_CONTEXT ( ( #450 ) ) GLOBAL_UNIT_ASSIGNED_CONTEXT ( ( #1710, #315, #1016 ) ) REPRESENTATION_CONTEXT ( 'NONE', 'WORKASPACE' ) );
#1213 = EDGE_CURVE ( 'NONE', #1198, #1128, #1796, .T. ) ;
#1214 = ORIENTED_EDGE ( 'NONE', *, *, #1467, .T. ) ;
#1215 = ORIENTED_EDGE ( 'NONE', *, *, #579, .T. ) ;
#1216 = CARTESIAN_POINT ( 'NONE',  ( -14.94000000000000661, 10.78500000000000014, -0.1199999999999974559 ) ) ;
#1217 = DIRECTION ( 'NONE',  ( 1.000000000000000000, 0.000000000000000000, 0.000000000000000000 ) ) ;
#1218 = ORIENTED_EDGE ( 'NONE', *, *, #876, .T. ) ;
#1219 = LINE ( 'NONE', #973, #1172 ) ;
#1220 = ADVANCED_FACE ( 'NONE', ( #1649 ), #1540, .T. ) ;
#1221 = ORIENTED_EDGE ( 'NONE', *, *, #1322, .T. ) ;
#1222 = EDGE_CURVE ( 'NONE', #1198, #809, #1109, .T. ) ;
#1223 = EDGE_LOOP ( 'NONE', ( #1048, #1249, #1442, #1795 ) ) ;
#1224 = CARTESIAN_POINT ( 'NONE',  ( 14.68999999999999062, 10.84499999999999886, -1.515740124484674640E-13 ) ) ;
#1225 = FACE_OUTER_BOUND ( 'NONE', #585, .T. ) ;
#1226 = ORIENTED_EDGE ( 'NONE', *, *, #1576, .F. ) ;
#1227 = CARTESIAN_POINT ( 'NONE',  ( 14.81999999999999318, 10.78499999999997883, -0.1199999999999999956 ) ) ;
#1228 = AXIS2_PLACEMENT_3D ( 'NONE', #908, #1464, #219 ) ;
#1229 = ORIENTED_EDGE ( 'NONE', *, *, #287, .T. ) ;
#1230 = VECTOR ( 'NONE', #338, 39.37007874015748143 ) ;
#1231 = VERTEX_POINT ( 'NONE', #1080 ) ;
#1232 = EDGE_CURVE ( 'NONE', #1319, #1655, #1558, .T. ) ;
#1233 = VECTOR ( 'NONE', #1800, 39.37007874015748143 ) ;
#1234 = AXIS2_PLACEMENT_3D ( 'NONE', #879, #1433, #1298 ) ;
#1235 = LINE ( 'NONE', #261, #1142 ) ;
#1236 = CARTESIAN_POINT ( 'NONE',  ( 7.409999999999994813, 10.56500000000000128, -0.06000000000000004635 ) ) ;
#1237 = VERTEX_POINT ( 'NONE', #19 ) ;
#1238 = CARTESIAN_POINT ( 'NONE',  ( -14.94000000000000483, 10.78500000000000014, 0.000000000000000000 ) ) ;
#1239 = EDGE_LOOP ( 'NONE', ( #132, #751 ) ) ;
#1240 = CARTESIAN_POINT ( 'NONE',  ( -7.746000000000006658, -10.56500000000000128, -0.06000000000000004635 ) ) ;
#1241 = ORIENTED_EDGE ( 'NONE', *, *, #1116, .T. ) ;
#1242 = EDGE_CURVE ( 'NONE', #1363, #423, #1144, .T. ) ;
#1243 = CYLINDRICAL_SURFACE ( 'NONE', #158, 0.1200000000000019940 ) ;
#1244 = DIRECTION ( 'NONE',  ( 0.000000000000000000, 0.000000000000000000, 1.000000000000000000 ) ) ;
#1245 = ORIENTED_EDGE ( 'NONE', *, *, #1252, .T. ) ;
#1246 = CARTESIAN_POINT ( 'NONE',  ( 14.68999999999998529, 10.77899999999999814, -0.05999999999999901246 ) ) ;
#1247 = ORIENTED_EDGE ( 'NONE', *, *, #801, .T. ) ;
#1248 = CARTESIAN_POINT ( 'NONE',  ( -14.69599999999998552, 10.78500000000000014, 0.000000000000000000 ) ) ;
#1249 = ORIENTED_EDGE ( 'NONE', *, *, #1536, .T. ) ;
#1250 = LINE ( 'NONE', #704, #1612 ) ;
#1251 = DIRECTION ( 'NONE',  ( 0.000000000000000000, 1.000000000000000000, 0.000000000000000000 ) ) ;
#1252 = EDGE_CURVE ( 'NONE', #652, #443, #1318, .T. ) ;
#1253 = DIRECTION ( 'NONE',  ( 0.000000000000000000, 0.000000000000000000, -1.000000000000000000 ) ) ;
#1254 = LINE ( 'NONE', #9, #1497 ) ;
#1255 = EDGE_CURVE ( 'NONE', #1156, #225, #440, .T. ) ;
#1256 = ORIENTED_EDGE ( 'NONE', *, *, #535, .T. ) ;
#1257 = CYLINDRICAL_SURFACE ( 'NONE', #397, 0.1560000000000001941 ) ;
#1258 = VECTOR ( 'NONE', #1402, 39.37007874015748143 ) ;
#1259 = VERTEX_POINT ( 'NONE', #873 ) ;
#1260 = VECTOR ( 'NONE', #542, 39.37007874015748143 ) ;
#1261 = CARTESIAN_POINT ( 'NONE',  ( -14.69000000000000483, 10.90500000000000114, -0.7500000000000001110 ) ) ;
#1262 = CARTESIAN_POINT ( 'NONE',  ( 14.93999999999999595, 10.78500000000000014, -0.05999999999999978961 ) ) ;
#1263 = VECTOR ( 'NONE', #365, 39.37007874015748143 ) ;
#1264 = AXIS2_PLACEMENT_3D ( 'NONE', #1127, #1575, #1304 ) ;
#1265 = CARTESIAN_POINT ( 'NONE',  ( -14.94000000000000483, -10.78500000000000192, -0.05999999999999978961 ) ) ;
#1266 = CARTESIAN_POINT ( 'NONE',  ( 14.87999999999999368, -10.78500000000000014, 4.732035829025398556E-14 ) ) ;
#1267 = EDGE_CURVE ( 'NONE', #557, #823, #1584, .T. ) ;
#1268 = DIRECTION ( 'NONE',  ( 0.000000000000000000, 0.000000000000000000, 1.000000000000000000 ) ) ;
#1269 = ORIENTED_EDGE ( 'NONE', *, *, #388, .F. ) ;
#1270 = AXIS2_PLACEMENT_3D ( 'NONE', #1102, #1372, #1217 ) ;
#1271 = DIRECTION ( 'NONE',  ( 0.000000000000000000, 0.000000000000000000, 1.000000000000000000 ) ) ;
#1272 = LENGTH_MEASURE_WITH_UNIT ( LENGTH_MEASURE( 0.02539999999999999897 ), #1409 );
#1273 = CARTESIAN_POINT ( 'NONE',  ( -14.69599999999998552, 10.78500000000000014, -0.05999999999999999778 ) ) ;
#1274 = DIRECTION ( 'NONE',  ( 0.000000000000000000, -1.000000000000000000, 0.000000000000000000 ) ) ;
#1275 = ORIENTED_EDGE ( 'NONE', *, *, #1032, .F. ) ;
#1276 = CARTESIAN_POINT ( 'NONE',  ( 14.68999999999998529, 10.77899999999999814, -0.05999999999999999778 ) ) ;
#1277 = EDGE_CURVE ( 'NONE', #1182, #1347, #749, .T. ) ;
#1278 = VERTEX_POINT ( 'NONE', #36 ) ;
#1279 = ADVANCED_FACE ( 'NONE', ( #728 ), #1001, .T. ) ;
#1280 = FACE_OUTER_BOUND ( 'NONE', #672, .T. ) ;
#1281 = DIRECTION ( 'NONE',  ( 0.000000000000000000, -1.000000000000000000, 3.130242492740249268E-15 ) ) ;
#1282 = DIRECTION ( 'NONE',  ( -1.000000000000000000, -0.000000000000000000, -0.000000000000000000 ) ) ;
#1283 = DIRECTION ( 'NONE',  ( -1.000000000000000000, 0.000000000000000000, 0.000000000000000000 ) ) ;
#1284 = ORIENTED_EDGE ( 'NONE', *, *, #1096, .T. ) ;
#1285 = APPLICATION_CONTEXT ( 'automotive_design' ) ;
#1286 = LINE ( 'NONE', #30, #1113 ) ;
#1287 = ORIENTED_EDGE ( 'NONE', *, *, #1255, .F. ) ;
#1288 = DIRECTION ( 'NONE',  ( 0.000000000000000000, 1.000000000000000000, 0.000000000000000000 ) ) ;
#1289 = PLANE ( 'NONE',  #978 ) ;
#1290 = EDGE_CURVE ( 'NONE', #121, #1717, #317, .T. ) ;
#1291 = CIRCLE ( 'NONE', #1581, 0.1200000000000009948 ) ;
#1292 = VECTOR ( 'NONE', #1572, 39.37007874015748143 ) ;
#1293 = CARTESIAN_POINT ( 'NONE',  ( 7.409999999999994813, -10.56500000000000128, -0.7500000000000003331 ) ) ;
#1294 = DIRECTION ( 'NONE',  ( 1.000000000000000000, -0.000000000000000000, -0.000000000000000000 ) ) ;
#1295 = ORIENTED_EDGE ( 'NONE', *, *, #1045, .F. ) ;
#1296 = DIRECTION ( 'NONE',  ( -1.000000000000000000, 0.000000000000000000, 0.000000000000000000 ) ) ;
#1297 =( GEOMETRIC_REPRESENTATION_CONTEXT ( 3 ) GLOBAL_UNCERTAINTY_ASSIGNED_CONTEXT ( ( #195 ) ) GLOBAL_UNIT_ASSIGNED_CONTEXT ( ( #1343, #927, #1483 ) ) REPRESENTATION_CONTEXT ( 'NONE', 'WORKASPACE' ) );
#1298 = DIRECTION ( 'NONE',  ( -3.167359992654216647E-15, 0.000000000000000000, 1.000000000000000000 ) ) ;
#1299 = FACE_OUTER_BOUND ( 'NONE', #1658, .T. ) ;
#1300 = EDGE_CURVE ( 'NONE', #1384, #423, #28, .T. ) ;
#1301 = CARTESIAN_POINT ( 'NONE',  ( -7.434000000000006381, 10.56500000000000128, -0.06000000000000004635 ) ) ;
#1302 = DIRECTION ( 'NONE',  ( -0.000000000000000000, 1.000000000000000000, -0.000000000000000000 ) ) ;
#1303 = ORIENTED_EDGE ( 'NONE', *, *, #309, .F. ) ;
#1304 = DIRECTION ( 'NONE',  ( 0.000000000000000000, 0.000000000000000000, -1.000000000000000000 ) ) ;
#1305 = ORIENTED_EDGE ( 'NONE', *, *, #842, .T. ) ;
#1306 = CARTESIAN_POINT ( 'NONE',  ( -14.94000000000000661, -10.78500000000000192, -0.7500000000000001110 ) ) ;
#1307 = CARTESIAN_POINT ( 'NONE',  ( 14.68999999999997641, -10.78499999999999837, -0.05999999999999901246 ) ) ;
#1308 = PLANE ( 'NONE',  #1228 ) ;
#1309 = EDGE_CURVE ( 'NONE', #1741, #603, #592, .T. ) ;
#1310 = ORIENTED_EDGE ( 'NONE', *, *, #1277, .F. ) ;
#1311 = LINE ( 'NONE', #860, #861 ) ;
#1312 = EDGE_CURVE ( 'NONE', #1431, #1479, #1692, .T. ) ;
#1313 = ORIENTED_EDGE ( 'NONE', *, *, #1055, .F. ) ;
#1314 = PLANE ( 'NONE',  #191 ) ;
#1315 = CARTESIAN_POINT ( 'NONE',  ( 7.409999999999994813, -10.56500000000000128, -0.06000000000000004635 ) ) ;
#1316 = CIRCLE ( 'NONE', #1323, 0.1200000000000010086 ) ;
#1317 = DIRECTION ( 'NONE',  ( 0.000000000000000000, 1.000000000000000000, 0.000000000000000000 ) ) ;
#1318 = CIRCLE ( 'NONE', #1377, 0.1560000000000001941 ) ;
#1319 = VERTEX_POINT ( 'NONE', #468 ) ;
#1320 = DIRECTION ( 'NONE',  ( 0.000000000000000000, 0.000000000000000000, 1.000000000000000000 ) ) ;
#1321 = AXIS2_PLACEMENT_3D ( 'NONE', #1448, #763, #353 ) ;
#1322 = EDGE_CURVE ( 'NONE', #841, #167, #461, .T. ) ;
#1323 = AXIS2_PLACEMENT_3D ( 'NONE', #1100, #1541, #1268 ) ;
#1324 = ORIENTED_EDGE ( 'NONE', *, *, #236, .T. ) ;
#1325 = ORIENTED_EDGE ( 'NONE', *, *, #1392, .F. ) ;
#1326 = LINE ( 'NONE', #344, #389 ) ;
#1327 = CARTESIAN_POINT ( 'NONE',  ( 14.68999999999999062, -10.90500000000000114, -0.7499999999999998890 ) ) ;
#1328 = FACE_OUTER_BOUND ( 'NONE', #259, .T. ) ;
#1329 = EDGE_LOOP ( 'NONE', ( #1629, #812, #199, #739 ) ) ;
#1330 = CARTESIAN_POINT ( 'NONE',  ( -14.68999999999998529, 10.77899999999999814, -0.05999999999999901246 ) ) ;
#1331 = ORIENTED_EDGE ( 'NONE', *, *, #686, .T. ) ;
#1332 = PRODUCT_DEFINITION ( 'UNKNOWN', '', #221, #318 ) ;
#1333 = ORIENTED_EDGE ( 'NONE', *, *, #369, .T. ) ;
#1334 = DIRECTION ( 'NONE',  ( 0.000000000000000000, -0.000000000000000000, -1.000000000000000000 ) ) ;
#1335 = EDGE_CURVE ( 'NONE', #544, #149, #1429, .T. ) ;
#1336 = PLANE ( 'NONE',  #858 ) ;
#1337 = FACE_BOUND ( 'NONE', #507, .T. ) ;
#1338 = ORIENTED_EDGE ( 'NONE', *, *, #58, .T. ) ;
#1339 = DIRECTION ( 'NONE',  ( 1.000000000000000000, -0.000000000000000000, -0.000000000000000000 ) ) ;
#1340 = ORIENTED_EDGE ( 'NONE', *, *, #69, .F. ) ;
#1341 = ORIENTED_EDGE ( 'NONE', *, *, #1187, .T. ) ;
#1342 = CARTESIAN_POINT ( 'NONE',  ( 14.68999999999998174, 10.90500000000000114, -0.7500000000000001110 ) ) ;
#1343 =( CONVERSION_BASED_UNIT ( 'INCH', #375 ) LENGTH_UNIT ( ) NAMED_UNIT ( #184 ) );
#1344 = EDGE_CURVE ( 'NONE', #1128, #841, #180, .T. ) ;
#1345 = DIRECTION ( 'NONE',  ( 0.000000000000000000, 0.000000000000000000, 1.000000000000000000 ) ) ;
#1346 = CARTESIAN_POINT ( 'NONE',  ( -14.82000000000000206, 10.78499999999999837, -0.1199999999999989131 ) ) ;
#1347 = VERTEX_POINT ( 'NONE', #49 ) ;
#1348 = DIRECTION ( 'NONE',  ( 0.000000000000000000, 0.000000000000000000, -1.000000000000000000 ) ) ;
#1349 = VECTOR ( 'NONE', #866, 39.37007874015748143 ) ;
#1350 = ORIENTED_EDGE ( 'NONE', *, *, #976, .T. ) ;
#1351 = AXIS2_PLACEMENT_3D ( 'NONE', #202, #228, #1188 ) ;
#1352 = AXIS2_PLACEMENT_3D ( 'NONE', #1403, #156, #693 ) ;
#1353 = ORIENTED_EDGE ( 'NONE', *, *, #447, .F. ) ;
#1354 = CARTESIAN_POINT ( 'NONE',  ( -14.68999999999999595, -10.84500000000000064, -0.7500000000000003331 ) ) ;
#1355 = CARTESIAN_POINT ( 'NONE',  ( -7.590000000000006075, -10.56500000000000128, -0.7500000000000003331 ) ) ;
#1356 = DIRECTION ( 'NONE',  ( -1.000000000000000000, 0.000000000000000000, 0.000000000000000000 ) ) ;
#1357 = EDGE_CURVE ( 'NONE', #303, #121, #359, .T. ) ;
#1358 = ORIENTED_EDGE ( 'NONE', *, *, #1165, .F. ) ;
#1359 = CARTESIAN_POINT ( 'NONE',  ( -14.88000000000000256, 10.78499999999999837, -0.1199999999999976225 ) ) ;
#1360 = MECHANICAL_DESIGN_GEOMETRIC_PRESENTATION_REPRESENTATION (  '', ( #1676 ), #1212 ) ;
#1361 = EDGE_CURVE ( 'NONE', #895, #88, #1018, .T. ) ;
#1362 = ORIENTED_EDGE ( 'NONE', *, *, #116, .T. ) ;
#1363 = VERTEX_POINT ( 'NONE', #57 ) ;
#1364 = FACE_OUTER_BOUND ( 'NONE', #222, .T. ) ;
#1365 = CARTESIAN_POINT ( 'NONE',  ( 14.69599999999998552, 10.90499999999999936, -0.05999999999999901246 ) ) ;
#1366 = ORIENTED_EDGE ( 'NONE', *, *, #1536, .F. ) ;
#1367 = FACE_OUTER_BOUND ( 'NONE', #1329, .T. ) ;
#1368 = ORIENTED_EDGE ( 'NONE', *, *, #1045, .T. ) ;
#1369 = EDGE_CURVE ( 'NONE', #788, #378, #609, .T. ) ;
#1370 = ORIENTED_EDGE ( 'NONE', *, *, #321, .T. ) ;
#1371 = CARTESIAN_POINT ( 'NONE',  ( 14.81999999999999318, 10.78499999999998593, -0.05999999999999901246 ) ) ;
#1372 = DIRECTION ( 'NONE',  ( -0.000000000000000000, -0.000000000000000000, 1.000000000000000000 ) ) ;
#1373 = ORIENTED_EDGE ( 'NONE', *, *, #152, .F. ) ;
#1374 = CARTESIAN_POINT ( 'NONE',  ( 14.68999999999998174, -10.78499999999999837, -0.1199999999999999956 ) ) ;
#1375 = VECTOR ( 'NONE', #1636, 39.37007874015748143 ) ;
#1376 = ORIENTED_EDGE ( 'NONE', *, *, #1772, .T. ) ;
#1377 = AXIS2_PLACEMENT_3D ( 'NONE', #1573, #709, #1025 ) ;
#1378 = EDGE_CURVE ( 'NONE', #1075, #303, #154, .T. ) ;
#1379 = ORIENTED_EDGE ( 'NONE', *, *, #255, .T. ) ;
#1380 = AXIS2_PLACEMENT_3D ( 'NONE', #1774, #1077, #1635 ) ;
#1381 = CARTESIAN_POINT ( 'NONE',  ( 14.93999999999999773, -10.78499999999999481, -0.7500000000000001110 ) ) ;
#1382 = DIRECTION ( 'NONE',  ( 1.000000000000000000, 0.000000000000000000, 0.000000000000000000 ) ) ;
#1383 = VECTOR ( 'NONE', #1427, 39.37007874015748143 ) ;
#1384 = VERTEX_POINT ( 'NONE', #1125 ) ;
#1385 = CARTESIAN_POINT ( 'NONE',  ( 14.81999999999999318, 10.78500000000000014, -0.05999999999999999778 ) ) ;
#1386 = VERTEX_POINT ( 'NONE', #1685 ) ;
#1387 = PLANE ( 'NONE',  #1726 ) ;
#1388 = EDGE_LOOP ( 'NONE', ( #1303, #1425, #702, #490 ) ) ;
#1389 = ADVANCED_FACE ( 'NONE', ( #1328 ), #366, .F. ) ;
#1390 = FACE_OUTER_BOUND ( 'NONE', #769, .T. ) ;
#1391 = CYLINDRICAL_SURFACE ( 'NONE', #111, 0.1560000000000001941 ) ;
#1392 = EDGE_CURVE ( 'NONE', #496, #1717, #513, .T. ) ;
#1393 = ORIENTED_EDGE ( 'NONE', *, *, #1085, .T. ) ;
#1394 = CARTESIAN_POINT ( 'NONE',  ( 14.68999999999997641, 0.000000000000000000, 0.000000000000000000 ) ) ;
#1395 = ORIENTED_EDGE ( 'NONE', *, *, #1480, .T. ) ;
#1396 = FACE_OUTER_BOUND ( 'NONE', #98, .T. ) ;
#1397 = ORIENTED_EDGE ( 'NONE', *, *, #933, .T. ) ;
#1398 = CARTESIAN_POINT ( 'NONE',  ( 0.000000000000000000, 10.84500000000000064, -0.7500000000000003331 ) ) ;
#1399 = LINE ( 'NONE', #1139, #1383 ) ;
#1400 = EDGE_CURVE ( 'NONE', #399, #496, #203, .T. ) ;
#1401 = CARTESIAN_POINT ( 'NONE',  ( 14.93999999999999595, 0.000000000000000000, 4.752984717058457230E-14 ) ) ;
#1402 = DIRECTION ( 'NONE',  ( 0.000000000000000000, 1.000000000000000000, 0.000000000000000000 ) ) ;
#1403 = CARTESIAN_POINT ( 'NONE',  ( -14.68999999999997641, 10.78499999999999837, -0.1199999999999999956 ) ) ;
#1404 = VECTOR ( 'NONE', #1196, 39.37007874015748143 ) ;
#1405 = ORIENTED_EDGE ( 'NONE', *, *, #1369, .F. ) ;
#1406 = AXIS2_PLACEMENT_3D ( 'NONE', #207, #1157, #200 ) ;
#1407 = VECTOR ( 'NONE', #1274, 39.37007874015748143 ) ;
#1408 = CARTESIAN_POINT ( 'NONE',  ( 14.93999999999999595, 10.78500000000000014, -0.1199999999999996209 ) ) ;
#1409 =( LENGTH_UNIT ( ) NAMED_UNIT ( * ) SI_UNIT ( $, .METRE. ) );
#1410 = VECTOR ( 'NONE', #179, 39.37007874015748143 ) ;
#1411 = CIRCLE ( 'NONE', #627, 0.06000000000000101780 ) ;
#1412 = LINE ( 'NONE', #591, #1698 ) ;
#1413 = CARTESIAN_POINT ( 'NONE',  ( -14.68999999999999950, 10.84499999999999886, 1.741256155961655861E-13 ) ) ;
#1414 = EDGE_CURVE ( 'NONE', #961, #330, #1064, .T. ) ;
#1415 = EDGE_LOOP ( 'NONE', ( #1799, #239, #1370, #1533 ) ) ;
#1416 = CARTESIAN_POINT ( 'NONE',  ( 0.000000000000000000, 0.000000000000000000, 0.000000000000000000 ) ) ;
#1417 = ORIENTED_EDGE ( 'NONE', *, *, #1490, .F. ) ;
#1418 = LINE ( 'NONE', #17, #46 ) ;
#1419 = LINE ( 'NONE', #607, #1121 ) ;
#1420 = DIRECTION ( 'NONE',  ( 0.000000000000000000, -1.000000000000000000, 0.000000000000000000 ) ) ;
#1421 = CARTESIAN_POINT ( 'NONE',  ( 0.000000000000000000, -10.77899999999999814, -0.000000000000000000 ) ) ;
#1422 = ORIENTED_EDGE ( 'NONE', *, *, #889, .T. ) ;
#1423 = DIRECTION ( 'NONE',  ( 0.000000000000000000, 3.167359992654216647E-15, 1.000000000000000000 ) ) ;
#1424 = ADVANCED_FACE ( 'NONE', ( #1747 ), #85, .F. ) ;
#1425 = ORIENTED_EDGE ( 'NONE', *, *, #69, .T. ) ;
#1426 = CARTESIAN_POINT ( 'NONE',  ( -14.69599999999998552, 10.77899999999999814, -0.05999999999999901246 ) ) ;
#1427 = DIRECTION ( 'NONE',  ( 0.000000000000000000, -1.000000000000000000, 0.000000000000000000 ) ) ;
#1428 = LINE ( 'NONE', #1265, #187 ) ;
#1429 = LINE ( 'NONE', #449, #1606 ) ;
#1430 = PLANE ( 'NONE',  #1644 ) ;
#1431 = VERTEX_POINT ( 'NONE', #1476 ) ;
#1432 = ADVANCED_FACE ( 'NONE', ( #1620 ), #764, .F. ) ;
#1433 = DIRECTION ( 'NONE',  ( -1.000000000000000000, 0.000000000000000000, -3.167359992654216647E-15 ) ) ;
#1434 = DIRECTION ( 'NONE',  ( 0.000000000000000000, -1.821231995776160175E-14, 1.000000000000000000 ) ) ;
#1435 = AXIS2_PLACEMENT_3D ( 'NONE', #957, #1664, #139 ) ;
#1436 = LINE ( 'NONE', #153, #970 ) ;
#1437 = DIRECTION ( 'NONE',  ( 0.000000000000000000, 0.000000000000000000, -1.000000000000000000 ) ) ;
#1438 = AXIS2_PLACEMENT_3D ( 'NONE', #61, #1033, #352 ) ;
#1439 = ORIENTED_EDGE ( 'NONE', *, *, #444, .T. ) ;
#1440 = CARTESIAN_POINT ( 'NONE',  ( 14.68999999999996753, -10.90499999999999936, -0.1199999999999996209 ) ) ;
#1441 = DIMENSIONAL_EXPONENTS ( 1.000000000000000000, 0.000000000000000000, 0.000000000000000000, 0.000000000000000000, 0.000000000000000000, 0.000000000000000000, 0.000000000000000000 ) ;
#1442 = ORIENTED_EDGE ( 'NONE', *, *, #976, .F. ) ;
#1443 = ADVANCED_FACE ( 'NONE', ( #1047 ), #103, .T. ) ;
#1444 = VECTOR ( 'NONE', #671, 39.37007874015748143 ) ;
#1445 = CARTESIAN_POINT ( 'NONE',  ( -14.68999999999999062, 10.78499999999999837, -0.1199999999999999956 ) ) ;
#1446 = DIRECTION ( 'NONE',  ( 0.000000000000000000, 0.000000000000000000, 1.000000000000000000 ) ) ;
#1447 = ADVANCED_FACE ( 'NONE', ( #794 ), #1628, .T. ) ;
#1448 = CARTESIAN_POINT ( 'NONE',  ( 14.69599999999997664, -10.77899999999999814, -0.05999999999999901246 ) ) ;
#1449 = DIRECTION ( 'NONE',  ( 1.000000000000000000, 0.000000000000000000, 3.130242492740249268E-15 ) ) ;
#1450 = EDGE_LOOP ( 'NONE', ( #78, #1594, #1093, #1177 ) ) ;
#1451 = CARTESIAN_POINT ( 'NONE',  ( 14.87999999999999368, -10.78499999999999481, -0.1199999999999998151 ) ) ;
#1452 = ORIENTED_EDGE ( 'NONE', *, *, #1591, .T. ) ;
#1453 = FACE_OUTER_BOUND ( 'NONE', #779, .T. ) ;
#1454 = DIRECTION ( 'NONE',  ( -1.000000000000000000, 0.000000000000000000, 0.000000000000000000 ) ) ;
#1455 = DIRECTION ( 'NONE',  ( 1.000000000000000000, 0.000000000000000000, 0.000000000000000000 ) ) ;
#1456 = ADVANCED_FACE ( 'NONE', ( #656 ), #617, .T. ) ;
#1457 = ORIENTED_EDGE ( 'NONE', *, *, #732, .F. ) ;
#1458 = DIRECTION ( 'NONE',  ( 0.000000000000000000, 0.000000000000000000, -1.000000000000000000 ) ) ;
#1459 = ORIENTED_EDGE ( 'NONE', *, *, #224, .T. ) ;
#1460 = ORIENTED_EDGE ( 'NONE', *, *, #1290, .T. ) ;
#1461 = FACE_OUTER_BOUND ( 'NONE', #233, .T. ) ;
#1462 = VECTOR ( 'NONE', #555, 39.37007874015748143 ) ;
#1463 = LINE ( 'NONE', #485, #1263 ) ;
#1464 = DIRECTION ( 'NONE',  ( -3.491481338843134539E-15, -3.537578596359695627E-31, -1.000000000000000000 ) ) ;
#1465 = VECTOR ( 'NONE', #566, 39.37007874015748143 ) ;
#1466 = ORIENTED_EDGE ( 'NONE', *, *, #1335, .F. ) ;
#1467 = EDGE_CURVE ( 'NONE', #1231, #175, #210, .T. ) ;
#1468 = DIRECTION ( 'NONE',  ( 1.000000000000000000, 0.000000000000000000, 0.000000000000000000 ) ) ;
#1469 = VECTOR ( 'NONE', #891, 39.37007874015748143 ) ;
#1470 = EDGE_LOOP ( 'NONE', ( #487, #1117, #1215, #499 ) ) ;
#1471 = VECTOR ( 'NONE', #917, 39.37007874015748143 ) ;
#1472 = ORIENTED_EDGE ( 'NONE', *, *, #285, .T. ) ;
#1473 = PLANE ( 'NONE',  #1556 ) ;
#1474 = LINE ( 'NONE', #1751, #1614 ) ;
#1475 = DIRECTION ( 'NONE',  ( 0.000000000000000000, 1.000000000000000000, 0.000000000000000000 ) ) ;
#1476 = CARTESIAN_POINT ( 'NONE',  ( -14.68999999999998529, 10.77899999999999814, -0.05999999999999999778 ) ) ;
#1477 = ORIENTED_EDGE ( 'NONE', *, *, #1232, .F. ) ;
#1478 = LINE ( 'NONE', #223, #1083 ) ;
#1479 = VERTEX_POINT ( 'NONE', #1767 ) ;
#1480 = EDGE_CURVE ( 'NONE', #902, #15, #1593, .T. ) ;
#1481 = ORIENTED_EDGE ( 'NONE', *, *, #697, .F. ) ;
#1482 = DIRECTION ( 'NONE',  ( 1.000000000000000000, 0.000000000000000000, 0.000000000000000000 ) ) ;
#1483 =( NAMED_UNIT ( * ) SI_UNIT ( $, .STERADIAN. ) SOLID_ANGLE_UNIT ( ) );
#1484 = DIRECTION ( 'NONE',  ( 0.000000000000000000, 0.000000000000000000, 1.000000000000000000 ) ) ;
#1485 = CARTESIAN_POINT ( 'NONE',  ( -14.69599999999998552, 10.77899999999999814, -0.05999999999999901246 ) ) ;
#1486 = VERTEX_POINT ( 'NONE', #785 ) ;
#1487 = LINE ( 'NONE', #379, #102 ) ;
#1488 = ORIENTED_EDGE ( 'NONE', *, *, #805, .T. ) ;
#1489 = CARTESIAN_POINT ( 'NONE',  ( 14.68999999999998174, 10.90500000000000114, -0.7500000000000001110 ) ) ;
#1490 = EDGE_CURVE ( 'NONE', #423, #1161, #1081, .T. ) ;
#1491 = DIRECTION ( 'NONE',  ( 1.000000000000000000, 0.000000000000000000, 0.000000000000000000 ) ) ;
#1492 = EDGE_CURVE ( 'NONE', #1003, #938, #1038, .T. ) ;
#1493 = AXIS2_PLACEMENT_3D ( 'NONE', #900, #1054, #1731 ) ;
#1494 = CIRCLE ( 'NONE', #1264, 0.06000000000000101780 ) ;
#1495 = FACE_OUTER_BOUND ( 'NONE', #455, .T. ) ;
#1496 = LINE ( 'NONE', #1041, #651 ) ;
#1497 = VECTOR ( 'NONE', #567, 39.37007874015748143 ) ;
#1498 = ORIENTED_EDGE ( 'NONE', *, *, #165, .F. ) ;
#1499 = AXIS2_PLACEMENT_3D ( 'NONE', #1009, #325, #1143 ) ;
#1500 = CIRCLE ( 'NONE', #1176, 0.1560000000000001941 ) ;
#1501 = ORIENTED_EDGE ( 'NONE', *, *, #857, .T. ) ;
#1502 = CARTESIAN_POINT ( 'NONE',  ( -7.434000000000006381, 10.56500000000000128, 0.000000000000000000 ) ) ;
#1503 = DIRECTION ( 'NONE',  ( 0.000000000000000000, -1.000000000000000000, 0.000000000000000000 ) ) ;
#1504 = ADVANCED_FACE ( 'NONE', ( #347 ), #1308, .T. ) ;
#1505 = ORIENTED_EDGE ( 'NONE', *, *, #1611, .F. ) ;
#1506 = CARTESIAN_POINT ( 'NONE',  ( -14.68999999999998529, 10.78499999999999837, -0.05999999999999901246 ) ) ;
#1507 = PRESENTATION_LAYER_ASSIGNMENT (  '', '', ( #1676 ) ) ;
#1508 = ORIENTED_EDGE ( 'NONE', *, *, #569, .F. ) ;
#1509 = CARTESIAN_POINT ( 'NONE',  ( 14.69599999999998552, 10.78500000000000014, -0.05999999999999901246 ) ) ;
#1510 = DIRECTION ( 'NONE',  ( 0.000000000000000000, -3.167359992654216647E-15, 1.000000000000000000 ) ) ;
#1511 = ORIENTED_EDGE ( 'NONE', *, *, #1400, .T. ) ;
#1512 = DIRECTION ( 'NONE',  ( 1.000000000000000000, 0.000000000000000000, 0.000000000000000000 ) ) ;
#1513 = ADVANCED_FACE ( 'NONE', ( #776, #1189, #1337, #94, #635 ), #890, .T. ) ;
#1514 = EDGE_LOOP ( 'NONE', ( #472, #1202, #1221, #1722 ) ) ;
#1515 = ORIENTED_EDGE ( 'NONE', *, *, #1267, .T. ) ;
#1516 = CARTESIAN_POINT ( 'NONE',  ( -14.94000000000000128, -10.78500000000000192, 0.000000000000000000 ) ) ;
#1517 = DIRECTION ( 'NONE',  ( 1.000000000000000000, 0.000000000000000000, 0.000000000000000000 ) ) ;
#1518 = VERTEX_POINT ( 'NONE', #1035 ) ;
#1519 = DIRECTION ( 'NONE',  ( 0.000000000000000000, 0.000000000000000000, -1.000000000000000000 ) ) ;
#1520 = CIRCLE ( 'NONE', #1695, 0.1560000000000001941 ) ;
#1521 = EDGE_LOOP ( 'NONE', ( #1660, #1060, #1688, #729, #1226, #1014, #1184, #692, #562, #1040, #232, #526, #1460, #1325, #1650, #786, #1707, #1120, #1631, #587 ) ) ;
#1522 = LINE ( 'NONE', #290, #774 ) ;
#1523 = AXIS2_PLACEMENT_3D ( 'NONE', #497, #212, #1320 ) ;
#1524 = EDGE_CURVE ( 'NONE', #330, #1134, #1653, .T. ) ;
#1525 = VECTOR ( 'NONE', #1583, 39.37007874015748143 ) ;
#1526 = ORIENTED_EDGE ( 'NONE', *, *, #135, .F. ) ;
#1527 = FACE_OUTER_BOUND ( 'NONE', #1624, .T. ) ;
#1528 = CARTESIAN_POINT ( 'NONE',  ( 14.81999999999999318, -10.78499999999999837, -0.1199999999999999956 ) ) ;
#1529 = AXIS2_PLACEMENT_3D ( 'NONE', #1554, #1123, #34 ) ;
#1530 = CARTESIAN_POINT ( 'NONE',  ( -14.68999999999999950, -10.90500000000000114, -0.7500000000000001110 ) ) ;
#1531 = DIRECTION ( 'NONE',  ( 0.000000000000000000, -0.000000000000000000, 1.000000000000000000 ) ) ;
#1532 = CIRCLE ( 'NONE', #750, 0.1200000000000010086 ) ;
#1533 = ORIENTED_EDGE ( 'NONE', *, *, #58, .F. ) ;
#1534 = DIRECTION ( 'NONE',  ( 1.000000000000000000, 0.000000000000000000, 0.000000000000000000 ) ) ;
#1535 = ORIENTED_EDGE ( 'NONE', *, *, #125, .F. ) ;
#1536 = EDGE_CURVE ( 'NONE', #65, #685, #688, .T. ) ;
#1537 = PLANE ( 'NONE',  #828 ) ;
#1538 = FACE_OUTER_BOUND ( 'NONE', #1097, .T. ) ;
#1539 = CARTESIAN_POINT ( 'NONE',  ( 14.68999999999998529, 10.78499999999999837, -0.1199999999999999956 ) ) ;
#1540 = CYLINDRICAL_SURFACE ( 'NONE', #508, 0.1200000000000019940 ) ;
#1541 = DIRECTION ( 'NONE',  ( 0.000000000000000000, -1.000000000000000000, 0.000000000000000000 ) ) ;
#1542 = EDGE_CURVE ( 'NONE', #373, #985, #1520, .T. ) ;
#1543 = FACE_OUTER_BOUND ( 'NONE', #951, .T. ) ;
#1544 = DIRECTION ( 'NONE',  ( 1.000000000000000000, 1.013202779291335280E-16, -3.167359992654216647E-15 ) ) ;
#1545 = ADVANCED_FACE ( 'NONE', ( #954 ), #948, .T. ) ;
#1546 = FACE_OUTER_BOUND ( 'NONE', #327, .T. ) ;
#1547 = DIRECTION ( 'NONE',  ( -9.502079977962653095E-15, 3.167359992654217435E-15, -1.000000000000000000 ) ) ;
#1548 = CARTESIAN_POINT ( 'NONE',  ( -14.69599999999999618, -10.78500000000000192, 0.000000000000000000 ) ) ;
#1549 = AXIS2_PLACEMENT_3D ( 'NONE', #818, #429, #1078 ) ;
#1550 = ORIENTED_EDGE ( 'NONE', *, *, #1623, .T. ) ;
#1551 = VECTOR ( 'NONE', #1296, 39.37007874015748143 ) ;
#1552 = VECTOR ( 'NONE', #1566, 39.37007874015748143 ) ;
#1553 = PLANE ( 'NONE',  #1170 ) ;
#1554 = CARTESIAN_POINT ( 'NONE',  ( 14.93999999999999773, -10.78500000000000014, -0.7500000000000001110 ) ) ;
#1555 = VECTOR ( 'NONE', #1475, 39.37007874015748143 ) ;
#1556 = AXIS2_PLACEMENT_3D ( 'NONE', #227, #782, #1334 ) ;
#1557 = CARTESIAN_POINT ( 'NONE',  ( -14.69599999999998552, 10.78500000000000014, -0.05999999999999999778 ) ) ;
#1558 = LINE ( 'NONE', #1421, #360 ) ;
#1559 = ADVANCED_FACE ( 'NONE', ( #836 ), #144, .F. ) ;
#1560 = ORIENTED_EDGE ( 'NONE', *, *, #1090, .T. ) ;
#1561 = CARTESIAN_POINT ( 'NONE',  ( -14.69000000000000306, 10.84499999999999886, -0.1199999999999998151 ) ) ;
#1562 = EDGE_LOOP ( 'NONE', ( #1466, #1079, #1012, #1733 ) ) ;
#1563 = CARTESIAN_POINT ( 'NONE',  ( 7.565999999999994508, 10.56500000000000128, -0.7500000000000003331 ) ) ;
#1564 = DIRECTION ( 'NONE',  ( 0.000000000000000000, 0.000000000000000000, 1.000000000000000000 ) ) ;
#1565 = DIRECTION ( 'NONE',  ( -3.167359992654216647E-15, 0.000000000000000000, 1.000000000000000000 ) ) ;
#1566 = DIRECTION ( 'NONE',  ( 0.000000000000000000, -3.167359992654217435E-15, -1.000000000000000000 ) ) ;
#1567 = ORIENTED_EDGE ( 'NONE', *, *, #10, .F. ) ;
#1568 = EDGE_CURVE ( 'NONE', #378, #694, #980, .T. ) ;
#1569 = CARTESIAN_POINT ( 'NONE',  ( 0.000000000000000000, -10.90499999999999936, 3.474954960022482149E-14 ) ) ;
#1570 = EDGE_LOOP ( 'NONE', ( #545, #1313 ) ) ;
#1571 = LINE ( 'NONE', #1426, #802 ) ;
#1572 = DIRECTION ( 'NONE',  ( -0.000000000000000000, -0.000000000000000000, 1.000000000000000000 ) ) ;
#1573 = CARTESIAN_POINT ( 'NONE',  ( 7.409999999999994813, 10.56500000000000128, 0.000000000000000000 ) ) ;
#1574 = ORIENTED_EDGE ( 'NONE', *, *, #1492, .F. ) ;
#1575 = DIRECTION ( 'NONE',  ( 0.000000000000000000, 1.000000000000000000, 0.000000000000000000 ) ) ;
#1576 = EDGE_CURVE ( 'NONE', #1431, #895, #280, .T. ) ;
#1577 = ORIENTED_EDGE ( 'NONE', *, *, #1542, .T. ) ;
#1578 = AXIS2_PLACEMENT_3D ( 'NONE', #1607, #495, #1600 ) ;
#1579 = EDGE_CURVE ( 'NONE', #712, #88, #254, .T. ) ;
#1580 = PLANE ( 'NONE',  #621 ) ;
#1581 = AXIS2_PLACEMENT_3D ( 'NONE', #1227, #272, #1104 ) ;
#1582 = AXIS2_PLACEMENT_3D ( 'NONE', #677, #1094, #101 ) ;
#1583 = DIRECTION ( 'NONE',  ( 0.000000000000000000, -1.000000000000000000, 3.169856808907805887E-15 ) ) ;
#1584 = LINE ( 'NONE', #1413, #882 ) ;
#1585 = AXIS2_PLACEMENT_3D ( 'NONE', #197, #452, #875 ) ;
#1586 = ORIENTED_EDGE ( 'NONE', *, *, #1032, .T. ) ;
#1587 = CARTESIAN_POINT ( 'NONE',  ( -14.69599999999998552, 10.77899999999999814, -0.05999999999999999778 ) ) ;
#1588 = ORIENTED_EDGE ( 'NONE', *, *, #1066, .T. ) ;
#1589 = FACE_OUTER_BOUND ( 'NONE', #118, .T. ) ;
#1590 = DIRECTION ( 'NONE',  ( 0.000000000000000000, 0.000000000000000000, -1.000000000000000000 ) ) ;
#1591 = EDGE_CURVE ( 'NONE', #1128, #788, #183, .T. ) ;
#1592 = LINE ( 'NONE', #907, #1730 ) ;
#1593 = LINE ( 'NONE', #522, #1199 ) ;
#1594 = ORIENTED_EDGE ( 'NONE', *, *, #868, .T. ) ;
#1595 = LINE ( 'NONE', #1602, #738 ) ;
#1596 = ORIENTED_EDGE ( 'NONE', *, *, #1756, .T. ) ;
#1597 = PLANE ( 'NONE',  #1638 ) ;
#1598 = ADVANCED_FACE ( 'NONE', ( #696 ), #811, .F. ) ;
#1599 = FACE_OUTER_BOUND ( 'NONE', #2, .T. ) ;
#1600 = DIRECTION ( 'NONE',  ( 0.000000000000000000, -0.000000000000000000, -1.000000000000000000 ) ) ;
#1601 = ORIENTED_EDGE ( 'NONE', *, *, #81, .T. ) ;
#1602 = CARTESIAN_POINT ( 'NONE',  ( -14.94000000000000483, 10.78500000000000014, -0.05999999999999999778 ) ) ;
#1603 = EDGE_LOOP ( 'NONE', ( #753, #451, #1358, #11 ) ) ;
#1604 = EDGE_LOOP ( 'NONE', ( #1535, #1417, #1761, #580 ) ) ;
#1605 = CARTESIAN_POINT ( 'NONE',  ( -14.82000000000000206, -10.78500000000000192, 0.000000000000000000 ) ) ;
#1606 = VECTOR ( 'NONE', #1547, 39.37007874015748143 ) ;
#1607 = CARTESIAN_POINT ( 'NONE',  ( 14.68999999999997641, -10.77899999999999814, -0.05999999999999901246 ) ) ;
#1608 = AXIS2_PLACEMENT_3D ( 'NONE', #218, #1053, #494 ) ;
#1609 = VERTEX_POINT ( 'NONE', #530 ) ;
#1610 = DIRECTION ( 'NONE',  ( -6.223015277861143089E-61, -1.000000000000000000, -3.491481338843134539E-15 ) ) ;
#1611 = EDGE_CURVE ( 'NONE', #167, #603, #113, .T. ) ;
#1612 = VECTOR ( 'NONE', #437, 39.37007874015748143 ) ;
#1613 = VERTEX_POINT ( 'NONE', #391 ) ;
#1614 = VECTOR ( 'NONE', #1167, 39.37007874015748143 ) ;
#1615 = EDGE_LOOP ( 'NONE', ( #129, #1247, #667, #1693 ) ) ;
#1616 = PLANE ( 'NONE',  #536 ) ;
#1617 = DIRECTION ( 'NONE',  ( -1.000000000000000000, 0.000000000000000000, 0.000000000000000000 ) ) ;
#1618 = CARTESIAN_POINT ( 'NONE',  ( 0.000000000000000000, 0.000000000000000000, -0.05999999999999999778 ) ) ;
#1619 = DIRECTION ( 'NONE',  ( -1.000000000000000000, 0.000000000000000000, -3.491481338843133750E-15 ) ) ;
#1620 = FACE_OUTER_BOUND ( 'NONE', #1450, .T. ) ;
#1621 = EDGE_LOOP ( 'NONE', ( #1574, #867, #1362, #1763 ) ) ;
#1622 = DIRECTION ( 'NONE',  ( 0.000000000000000000, 1.000000000000000000, -0.000000000000000000 ) ) ;
#1623 = EDGE_CURVE ( 'NONE', #974, #553, #564, .T. ) ;
#1624 = EDGE_LOOP ( 'NONE', ( #1725, #904, #913, #108 ) ) ;
#1625 = ORIENTED_EDGE ( 'NONE', *, *, #889, .F. ) ;
#1626 = DIRECTION ( 'NONE',  ( -1.121038771459853906E-44, -1.000000000000000000, -3.491481338843134539E-15 ) ) ;
#1627 = CARTESIAN_POINT ( 'NONE',  ( 14.68999999999997641, -10.77899999999999814, -0.05999999999999999778 ) ) ;
#1628 = PLANE ( 'NONE',  #1057 ) ;
#1629 = ORIENTED_EDGE ( 'NONE', *, *, #244, .F. ) ;
#1630 = LINE ( 'NONE', #385, #539 ) ;
#1631 = ORIENTED_EDGE ( 'NONE', *, *, #1623, .F. ) ;
#1632 = ADVANCED_FACE ( 'NONE', ( #1225 ), #538, .F. ) ;
#1633 = ORIENTED_EDGE ( 'NONE', *, *, #1524, .T. ) ;
#1634 = ADVANCED_FACE ( 'NONE', ( #678 ), #1391, .F. ) ;
#1635 = DIRECTION ( 'NONE',  ( 0.000000000000000000, -3.642463991552290689E-14, 1.000000000000000000 ) ) ;
#1636 = DIRECTION ( 'NONE',  ( -1.000000000000000000, 0.000000000000000000, 0.000000000000000000 ) ) ;
#1637 = AXIS2_PLACEMENT_3D ( 'NONE', #1160, #602, #1437 ) ;
#1638 = AXIS2_PLACEMENT_3D ( 'NONE', #1044, #1744, #500 ) ;
#1639 = DIRECTION ( 'NONE',  ( -1.266943997061687132E-14, 0.000000000000000000, -1.000000000000000000 ) ) ;
#1640 = CARTESIAN_POINT ( 'NONE',  ( -14.69599999999999618, -10.78500000000000192, -0.05999999999999999778 ) ) ;
#1641 = VECTOR ( 'NONE', #163, 39.37007874015748143 ) ;
#1642 = ORIENTED_EDGE ( 'NONE', *, *, #675, .F. ) ;
#1643 = CIRCLE ( 'NONE', #1351, 0.1560000000000001941 ) ;
#1644 = AXIS2_PLACEMENT_3D ( 'NONE', #1416, #182, #894 ) ;
#1645 = ORIENTED_EDGE ( 'NONE', *, *, #1467, .F. ) ;
#1646 = CARTESIAN_POINT ( 'NONE',  ( -14.68999999999999595, -10.77899999999999814, 0.000000000000000000 ) ) ;
#1647 = DIRECTION ( 'NONE',  ( 0.000000000000000000, 0.000000000000000000, -1.000000000000000000 ) ) ;
#1648 = ORIENTED_EDGE ( 'NONE', *, *, #100, .T. ) ;
#1649 = FACE_OUTER_BOUND ( 'NONE', #1604, .T. ) ;
#1650 = ORIENTED_EDGE ( 'NONE', *, *, #1400, .F. ) ;
#1651 = EDGE_LOOP ( 'NONE', ( #1677, #1103 ) ) ;
#1652 = DIRECTION ( 'NONE',  ( -1.000000000000000000, 0.000000000000000000, -3.491481338843133750E-15 ) ) ;
#1653 = LINE ( 'NONE', #1365, #1462 ) ;
#1654 = EDGE_CURVE ( 'NONE', #618, #1518, #20, .T. ) ;
#1655 = VERTEX_POINT ( 'NONE', #1662 ) ;
#1656 = DIRECTION ( 'NONE',  ( 0.000000000000000000, 0.000000000000000000, 1.000000000000000000 ) ) ;
#1657 = ADVANCED_FACE ( 'NONE', ( #416 ), #969, .F. ) ;
#1658 = EDGE_LOOP ( 'NONE', ( #1488, #480, #37, #1164 ) ) ;
#1659 = DIRECTION ( 'NONE',  ( 3.491481338843134539E-15, 0.000000000000000000, -1.000000000000000000 ) ) ;
#1660 = ORIENTED_EDGE ( 'NONE', *, *, #636, .T. ) ;
#1661 = FACE_OUTER_BOUND ( 'NONE', #1388, .T. ) ;
#1662 = CARTESIAN_POINT ( 'NONE',  ( 14.68999999999997641, -10.77899999999999814, -0.000000000000000000 ) ) ;
#1663 = CARTESIAN_POINT ( 'NONE',  ( 0.000000000000000000, -10.84500000000000064, -0.7500000000000003331 ) ) ;
#1664 = DIRECTION ( 'NONE',  ( -0.000000000000000000, 1.000000000000000000, -0.000000000000000000 ) ) ;
#1665 = ORIENTED_EDGE ( 'NONE', *, *, #1357, .F. ) ;
#1666 = ADVANCED_FACE ( 'NONE', ( #1111 ), #1158, .T. ) ;
#1667 = DIRECTION ( 'NONE',  ( -1.000000000000000000, 0.000000000000000000, 0.000000000000000000 ) ) ;
#1668 = AXIS2_PLACEMENT_3D ( 'NONE', #659, #1074, #506 ) ;
#1669 = VECTOR ( 'NONE', #1024, 39.37007874015748143 ) ;
#1670 = ORIENTED_EDGE ( 'NONE', *, *, #1066, .F. ) ;
#1671 = AXIS2_PLACEMENT_3D ( 'NONE', #382, #684, #1667 ) ;
#1672 = DIRECTION ( 'NONE',  ( 0.000000000000000000, -1.000000000000000000, 0.000000000000000000 ) ) ;
#1673 = DIRECTION ( 'NONE',  ( -1.000000000000000000, 0.000000000000000000, 0.000000000000000000 ) ) ;
#1674 = CARTESIAN_POINT ( 'NONE',  ( 14.68999999999998529, 10.77899999999999814, 0.000000000000000000 ) ) ;
#1675 = DIRECTION ( 'NONE',  ( 0.000000000000000000, -1.000000000000000000, 3.169856808907805887E-15 ) ) ;
#1676 = STYLED_ITEM ( 'NONE', ( #169 ), #1708 ) ;
#1677 = ORIENTED_EDGE ( 'NONE', *, *, #1542, .F. ) ;
#1678 = CARTESIAN_POINT ( 'NONE',  ( 0.000000000000000000, 10.77899999999999814, 0.000000000000000000 ) ) ;
#1679 = ADVANCED_FACE ( 'NONE', ( #746 ), #996, .T. ) ;
#1680 = ORIENTED_EDGE ( 'NONE', *, *, #1591, .F. ) ;
#1681 = EDGE_CURVE ( 'NONE', #214, #902, #1419, .T. ) ;
#1682 = CARTESIAN_POINT ( 'NONE',  ( 14.68999999999998707, 10.90499999999999936, -0.1199999999999996209 ) ) ;
#1683 = FILL_AREA_STYLE_COLOUR ( '', #198 ) ;
#1684 = CARTESIAN_POINT ( 'NONE',  ( 14.81999999999999318, -10.78499999999999837, -0.05999999999999901246 ) ) ;
#1685 = CARTESIAN_POINT ( 'NONE',  ( 14.68999999999998174, 10.84500000000000064, -0.7500000000000003331 ) ) ;
#1686 = VERTEX_POINT ( 'NONE', #1719 ) ;
#1687 = CARTESIAN_POINT ( 'NONE',  ( -14.88000000000000256, -10.78500000000000192, -0.1199999999999998151 ) ) ;
#1688 = ORIENTED_EDGE ( 'NONE', *, *, #989, .T. ) ;
#1689 = FACE_OUTER_BOUND ( 'NONE', #777, .T. ) ;
#1690 = CARTESIAN_POINT ( 'NONE',  ( -14.68999999999999417, -10.78499999999999837, -0.1199999999999999956 ) ) ;
#1691 = LINE ( 'NONE', #448, #1203 ) ;
#1692 = LINE ( 'NONE', #1152, #1230 ) ;
#1693 = ORIENTED_EDGE ( 'NONE', *, *, #945, .T. ) ;
#1694 = LINE ( 'NONE', #1687, #768 ) ;
#1695 = AXIS2_PLACEMENT_3D ( 'NONE', #128, #1782, #408 ) ;
#1696 = ORIENTED_EDGE ( 'NONE', *, *, #1153, .T. ) ;
#1697 = CIRCLE ( 'NONE', #912, 0.06000000000000101780 ) ;
#1698 = VECTOR ( 'NONE', #1124, 39.37007874015748143 ) ;
#1699 = DIRECTION ( 'NONE',  ( -0.000000000000000000, 1.000000000000000000, 3.167359992654216647E-15 ) ) ;
#1700 = FILL_AREA_STYLE ('',( #1683 ) ) ;
#1701 = VECTOR ( 'NONE', #1122, 39.37007874015748143 ) ;
#1702 = ADVANCED_FACE ( 'NONE', ( #1008 ), #1289, .T. ) ;
#1703 = PLANE ( 'NONE',  #1086 ) ;
#1704 = DIRECTION ( 'NONE',  ( -0.000000000000000000, -1.000000000000000000, -0.000000000000000000 ) ) ;
#1705 = EDGE_LOOP ( 'NONE', ( #1287, #577, #924, #299 ) ) ;
#1706 = DIRECTION ( 'NONE',  ( 1.000000000000000000, 0.000000000000000000, 0.000000000000000000 ) ) ;
#1707 = ORIENTED_EDGE ( 'NONE', *, *, #758, .F. ) ;
#1708 = MANIFOLD_SOLID_BREP ( 'Cortar-Extruir2', #394 ) ;
#1709 = LINE ( 'NONE', #1408, #1701 ) ;
#1710 =( CONVERSION_BASED_UNIT ( 'INCH', #1272 ) LENGTH_UNIT ( ) NAMED_UNIT ( #1441 ) );
#1711 = CARTESIAN_POINT ( 'NONE',  ( -7.746000000000006658, 10.56500000000000128, -0.7500000000000003331 ) ) ;
#1712 = CARTESIAN_POINT ( 'NONE',  ( 14.68999999999999062, -10.90499999999999936, -0.1199999999999996209 ) ) ;
#1713 = EDGE_CURVE ( 'NONE', #1741, #1198, #324, .T. ) ;
#1714 = ORIENTED_EDGE ( 'NONE', *, *, #1232, .T. ) ;
#1715 = FACE_BOUND ( 'NONE', #674, .T. ) ;
#1716 = EDGE_CURVE ( 'NONE', #1686, #841, #1532, .T. ) ;
#1717 = VERTEX_POINT ( 'NONE', #726 ) ;
#1718 = CARTESIAN_POINT ( 'NONE',  ( 14.69599999999998552, 10.90499999999999936, -0.05999999999999901246 ) ) ;
#1719 = CARTESIAN_POINT ( 'NONE',  ( 14.68999999999999417, -10.78500000000000014, 0.000000000000000000 ) ) ;
#1720 = CARTESIAN_POINT ( 'NONE',  ( 7.253999999999994230, -10.56500000000000128, -0.7500000000000003331 ) ) ;
#1721 = CARTESIAN_POINT ( 'NONE',  ( 14.68999999999998529, 10.84499999999999886, -0.1199999999999998151 ) ) ;
#1722 = ORIENTED_EDGE ( 'NONE', *, *, #1611, .T. ) ;
#1723 = FACE_BOUND ( 'NONE', #1651, .T. ) ;
#1724 = ADVANCED_FACE ( 'NONE', ( #1538 ), #589, .F. ) ;
#1725 = ORIENTED_EDGE ( 'NONE', *, *, #493, .T. ) ;
#1726 = AXIS2_PLACEMENT_3D ( 'NONE', #832, #1659, #1205 ) ;
#1727 = DIRECTION ( 'NONE',  ( -0.000000000000000000, 0.000000000000000000, 1.000000000000000000 ) ) ;
#1728 = DIRECTION ( 'NONE',  ( -1.000000000000000000, 0.000000000000000000, -0.000000000000000000 ) ) ;
#1729 = VECTOR ( 'NONE', #1092, 39.37007874015748143 ) ;
#1730 = VECTOR ( 'NONE', #756, 39.37007874015748143 ) ;
#1731 = DIRECTION ( 'NONE',  ( 0.000000000000000000, -0.000000000000000000, -1.000000000000000000 ) ) ;
#1732 = VECTOR ( 'NONE', #188, 39.37007874015748143 ) ;
#1733 = ORIENTED_EDGE ( 'NONE', *, *, #792, .F. ) ;
#1734 = DIRECTION ( 'NONE',  ( 0.000000000000000000, 0.000000000000000000, 1.000000000000000000 ) ) ;
#1735 = ORIENTED_EDGE ( 'NONE', *, *, #369, .F. ) ;
#1736 = EDGE_CURVE ( 'NONE', #553, #809, #1399, .T. ) ;
#1737 = DIRECTION ( 'NONE',  ( 0.000000000000000000, 1.000000000000000000, 0.000000000000000000 ) ) ;
#1738 = ADVANCED_FACE ( 'NONE', ( #1299 ), #306, .T. ) ;
#1739 = FACE_OUTER_BOUND ( 'NONE', #1621, .T. ) ;
#1740 = DIRECTION ( 'NONE',  ( -1.000000000000000000, 0.000000000000000000, 3.130242492740249268E-15 ) ) ;
#1741 = VERTEX_POINT ( 'NONE', #459 ) ;
#1742 = DIRECTION ( 'NONE',  ( 0.000000000000000000, 0.000000000000000000, 1.000000000000000000 ) ) ;
#1743 = ORIENTED_EDGE ( 'NONE', *, *, #1736, .T. ) ;
#1744 = DIRECTION ( 'NONE',  ( 1.000000000000000000, 0.000000000000000000, 0.000000000000000000 ) ) ;
#1745 = EDGE_CURVE ( 'NONE', #938, #650, #151, .T. ) ;
#1746 = CARTESIAN_POINT ( 'NONE',  ( -14.68999999999999950, -10.90500000000000114, -0.7500000000000001110 ) ) ;
#1747 = FACE_OUTER_BOUND ( 'NONE', #271, .T. ) ;
#1748 = ORIENTED_EDGE ( 'NONE', *, *, #1791, .F. ) ;
#1749 = CARTESIAN_POINT ( 'NONE',  ( 7.253999999999994230, -10.56500000000000128, 0.000000000000000000 ) ) ;
#1750 = FACE_OUTER_BOUND ( 'NONE', #433, .T. ) ;
#1751 = CARTESIAN_POINT ( 'NONE',  ( 0.000000000000000000, 10.90499999999999936, -0.1199999999999996209 ) ) ;
#1752 = VECTOR ( 'NONE', #1503, 39.37007874015748143 ) ;
#1753 = CARTESIAN_POINT ( 'NONE',  ( -14.94000000000000483, -10.78499999999998060, -0.1199999999999985384 ) ) ;
#1754 = VECTOR ( 'NONE', #171, 39.37007874015748143 ) ;
#1755 = CARTESIAN_POINT ( 'NONE',  ( 14.68999999999997641, -10.77899999999999814, -0.05999999999999901246 ) ) ;
#1756 = EDGE_CURVE ( 'NONE', #167, #1613, #888, .T. ) ;
#1757 = VECTOR ( 'NONE', #419, 39.37007874015748143 ) ;
#1758 = EDGE_LOOP ( 'NONE', ( #1586, #1601, #1560, #82 ) ) ;
#1759 = DIRECTION ( 'NONE',  ( -8.087894779578809621E-30, 0.000000000000000000, 1.000000000000000000 ) ) ;
#1760 = AXIS2_PLACEMENT_3D ( 'NONE', #234, #1534, #283 ) ;
#1761 = ORIENTED_EDGE ( 'NONE', *, *, #1794, .F. ) ;
#1762 = VECTOR ( 'NONE', #438, 39.37007874015748143 ) ;
#1763 = ORIENTED_EDGE ( 'NONE', *, *, #47, .T. ) ;
#1764 = DIRECTION ( 'NONE',  ( 0.000000000000000000, 0.000000000000000000, -1.000000000000000000 ) ) ;
#1765 = AXIS2_PLACEMENT_3D ( 'NONE', #1528, #1251, #7 ) ;
#1766 = PLANE ( 'NONE',  #624 ) ;
#1767 = CARTESIAN_POINT ( 'NONE',  ( -14.68999999999998529, 10.77899999999999814, 0.000000000000000000 ) ) ;
#1768 = VERTEX_POINT ( 'NONE', #1034 ) ;
#1769 = EDGE_CURVE ( 'NONE', #121, #1231, #91, .T. ) ;
#1770 = CARTESIAN_POINT ( 'NONE',  ( -14.88000000000000256, -10.78500000000000192, -0.7500000000000002220 ) ) ;
#1771 = EDGE_LOOP ( 'NONE', ( #1269, #1422, #1588, #1472 ) ) ;
#1772 = EDGE_CURVE ( 'NONE', #226, #1486, #1207, .T. ) ;
#1773 = ORIENTED_EDGE ( 'NONE', *, *, #444, .F. ) ;
#1774 = CARTESIAN_POINT ( 'NONE',  ( 14.68999999999998174, -10.78499999999999837, -0.1199999999999999956 ) ) ;
#1775 = CARTESIAN_POINT ( 'NONE',  ( -14.68999999999999595, -10.78499999999999837, -0.1199999999999999956 ) ) ;
#1776 = ORIENTED_EDGE ( 'NONE', *, *, #636, .F. ) ;
#1777 = DIRECTION ( 'NONE',  ( -1.000000000000000000, 0.000000000000000000, 0.000000000000000000 ) ) ;
#1778 = ORIENTED_EDGE ( 'NONE', *, *, #1344, .T. ) ;
#1779 = EDGE_CURVE ( 'NONE', #443, #652, #194, .T. ) ;
#1780 = ORIENTED_EDGE ( 'NONE', *, *, #1312, .F. ) ;
#1781 = CARTESIAN_POINT ( 'NONE',  ( -14.68999999999999417, -10.78499999999999837, -0.1199999999999999956 ) ) ;
#1782 = DIRECTION ( 'NONE',  ( 0.000000000000000000, 0.000000000000000000, 1.000000000000000000 ) ) ;
#1783 = VECTOR ( 'NONE', #1022, 39.37007874015748143 ) ;
#1784 = ORIENTED_EDGE ( 'NONE', *, *, #436, .F. ) ;
#1785 = CARTESIAN_POINT ( 'NONE',  ( 14.69599999999997664, -10.78500000000000014, -0.05999999999999999778 ) ) ;
#1786 = AXIS2_PLACEMENT_3D ( 'NONE', #1211, #240, #106 ) ;
#1787 = ORIENTED_EDGE ( 'NONE', *, *, #1141, .T. ) ;
#1788 = AXIS2_PLACEMENT_3D ( 'NONE', #547, #1208, #400 ) ;
#1789 = VECTOR ( 'NONE', #1626, 39.37007874015748143 ) ;
#1790 = ORIENTED_EDGE ( 'NONE', *, *, #665, .F. ) ;
#1791 = EDGE_CURVE ( 'NONE', #284, #80, #278, .T. ) ;
#1792 = CARTESIAN_POINT ( 'NONE',  ( -14.94000000000000128, -10.78500000000000192, -0.05999999999999999778 ) ) ;
#1793 = CARTESIAN_POINT ( 'NONE',  ( 0.000000000000000000, -10.77899999999999814, -0.000000000000000000 ) ) ;
#1794 = EDGE_CURVE ( 'NONE', #544, #423, #1474, .T. ) ;
#1795 = ORIENTED_EDGE ( 'NONE', *, *, #814, .T. ) ;
#1796 = LINE ( 'NONE', #3, #393 ) ;
#1797 = ORIENTED_EDGE ( 'NONE', *, *, #1579, .F. ) ;
#1798 = CARTESIAN_POINT ( 'NONE',  ( -14.69599999999999618, -10.77899999999999814, 0.000000000000000000 ) ) ;
#1799 = ORIENTED_EDGE ( 'NONE', *, *, #986, .T. ) ;
#1800 = DIRECTION ( 'NONE',  ( 3.167359992654217435E-15, 0.000000000000000000, -1.000000000000000000 ) ) ;
#1801 = DIRECTION ( 'NONE',  ( -0.000000000000000000, 1.000000000000000000, 3.167359992654216647E-15 ) ) ;
ENDSEC;
END-ISO-10303-21;
