ISO-10303-21;
HEADER;
FILE_DESCRIPTION (( 'STEP AP214' ),
    '1' );
FILE_NAME ('13-D-6328-01-(16gacr ANSI-61) - K48 - V0-R0.STEP',
    '2026-08-04T17:15:05',
    ( '' ),
    ( '' ),
    'SwSTEP 2.0',
    'SolidWorks 2024',
    '' );
FILE_SCHEMA (( 'AUTOMOTIVE_DESIGN' ));
ENDSEC;

DATA;
#1 = FACE_OUTER_BOUND ( 'NONE', #113, .T. ) ;
#2 = EDGE_CURVE ( 'NONE', #1295, #1131, #1442, .T. ) ;
#3 = DIRECTION ( 'NONE',  ( 0.000000000000000000, 0.000000000000000000, 1.000000000000000000 ) ) ;
#4 = CARTESIAN_POINT ( 'NONE',  ( -8.630999999999998451, 0.000000000000000000, -0.000000000000000000 ) ) ;
#5 = EDGE_CURVE ( 'NONE', #1680, #1327, #1179, .T. ) ;
#6 = VERTEX_POINT ( 'NONE', #83 ) ;
#7 = DIRECTION ( 'NONE',  ( -0.000000000000000000, -0.000000000000000000, 1.000000000000000000 ) ) ;
#8 = ORIENTED_EDGE ( 'NONE', *, *, #606, .T. ) ;
#9 = PLANE ( 'NONE',  #920 ) ;
#10 = CARTESIAN_POINT ( 'NONE',  ( -9.129999999999999005, -2.505000000000000782, -0.6300393700787444429 ) ) ;
#11 = LINE ( 'NONE', #164, #865 ) ;
#12 = LINE ( 'NONE', #1622, #1503 ) ;
#13 = FACE_OUTER_BOUND ( 'NONE', #1139, .T. ) ;
#14 = ORIENTED_EDGE ( 'NONE', *, *, #1044, .F. ) ;
#15 = EDGE_CURVE ( 'NONE', #1228, #372, #109, .T. ) ;
#16 = LINE ( 'NONE', #842, #654 ) ;
#17 = EDGE_LOOP ( 'NONE', ( #321, #1255, #843, #1480 ) ) ;
#18 = CARTESIAN_POINT ( 'NONE',  ( 8.630999999999993122, 4.984999999999999432, 0.000000000000000000 ) ) ;
#19 = DIRECTION ( 'NONE',  ( 1.000000000000000000, 0.000000000000000000, 0.000000000000000000 ) ) ;
#20 = AXIS2_PLACEMENT_3D ( 'NONE', #1579, #1698, #616 ) ;
#21 = VECTOR ( 'NONE', #180, 39.37007874015748143 ) ;
#22 = CARTESIAN_POINT ( 'NONE',  ( 8.624999999999998224, 4.858999999999999986, -0.05999999999999999778 ) ) ;
#23 = LINE ( 'NONE', #828, #1187 ) ;
#24 = CARTESIAN_POINT ( 'NONE',  ( -5.167500000000000426, -0.004999999999999531729, -1.070000000000000062 ) ) ;
#25 = EDGE_LOOP ( 'NONE', ( #1662, #1072, #984, #1191 ) ) ;
#26 = VECTOR ( 'NONE', #585, 39.37007874015748143 ) ;
#27 = DIRECTION ( 'NONE',  ( 0.000000000000000000, 0.000000000000000000, -1.000000000000000000 ) ) ;
#28 = ADVANCED_FACE ( 'NONE', ( #486 ), #633, .T. ) ;
#29 = ORIENTED_EDGE ( 'NONE', *, *, #120, .F. ) ;
#30 = DIRECTION ( 'NONE',  ( -1.000000000000000000, 0.000000000000000000, -0.000000000000000000 ) ) ;
#31 = PLANE ( 'NONE',  #665 ) ;
#32 = DIRECTION ( 'NONE',  ( 0.000000000000000000, -1.000000000000000000, -3.491481338843134539E-15 ) ) ;
#33 = DIRECTION ( 'NONE',  ( -0.000000000000000000, -0.000000000000000000, 1.000000000000000000 ) ) ;
#34 = PLANE ( 'NONE',  #1425 ) ;
#35 = DIMENSIONAL_EXPONENTS ( 1.000000000000000000, 0.000000000000000000, 0.000000000000000000, 0.000000000000000000, 0.000000000000000000, 0.000000000000000000, 0.000000000000000000 ) ;
#36 = ORIENTED_EDGE ( 'NONE', *, *, #765, .T. ) ;
#37 = DIRECTION ( 'NONE',  ( 0.000000000000000000, 0.000000000000000000, 1.000000000000000000 ) ) ;
#38 = ORIENTED_EDGE ( 'NONE', *, *, #323, .T. ) ;
#39 = DIRECTION ( 'NONE',  ( -1.000000000000000000, 0.000000000000000000, 0.000000000000000000 ) ) ;
#40 = DIRECTION ( 'NONE',  ( -1.000000000000000000, 0.000000000000000000, 0.000000000000000000 ) ) ;
#41 = EDGE_CURVE ( 'NONE', #618, #398, #1285, .T. ) ;
#42 = DIRECTION ( 'NONE',  ( 0.000000000000000000, 1.000000000000000000, 3.252199992457464495E-15 ) ) ;
#43 = CARTESIAN_POINT ( 'NONE',  ( -8.971254921336122123, -4.985000000000000320, 0.000000000000000000 ) ) ;
#44 = AXIS2_PLACEMENT_3D ( 'NONE', #1157, #1705, #507 ) ;
#45 = CARTESIAN_POINT ( 'NONE',  ( 9.500000000000000000, 4.984999999999999432, 0.000000000000000000 ) ) ;
#46 = ORIENTED_EDGE ( 'NONE', *, *, #551, .F. ) ;
#47 = VECTOR ( 'NONE', #773, 39.37007874015748143 ) ;
#48 = ORIENTED_EDGE ( 'NONE', *, *, #5, .T. ) ;
#49 = PLANE ( 'NONE',  #1007 ) ;
#50 = CARTESIAN_POINT ( 'NONE',  ( -8.624999999999998224, -4.865000000000001101, -0.1200000000000000372 ) ) ;
#51 = EDGE_CURVE ( 'NONE', #857, #520, #241, .T. ) ;
#52 = CARTESIAN_POINT ( 'NONE',  ( 8.630999999999998451, -4.859000000000000874, -0.06000000000000012962 ) ) ;
#53 = VERTEX_POINT ( 'NONE', #1590 ) ;
#54 = VECTOR ( 'NONE', #889, 39.37007874015748143 ) ;
#55 = ORIENTED_EDGE ( 'NONE', *, *, #1737, .F. ) ;
#56 = LINE ( 'NONE', #728, #334 ) ;
#57 = CIRCLE ( 'NONE', #1405, 0.1600000000000004752 ) ;
#58 = CARTESIAN_POINT ( 'NONE',  ( -8.624999999999998224, -4.865000000000001101, -0.06000000000000012962 ) ) ;
#59 = DIRECTION ( 'NONE',  ( -0.000000000000000000, 3.834172622686662300E-15, -1.000000000000000000 ) ) ;
#60 = ADVANCED_FACE ( 'NONE', ( #251 ), #1322, .T. ) ;
#61 = VERTEX_POINT ( 'NONE', #545 ) ;
#62 = ADVANCED_FACE ( 'NONE', ( #1331 ), #1197, .F. ) ;
#63 = ORIENTED_EDGE ( 'NONE', *, *, #1725, .T. ) ;
#64 = FACE_OUTER_BOUND ( 'NONE', #380, .T. ) ;
#65 = FACE_OUTER_BOUND ( 'NONE', #492, .T. ) ;
#66 = FACE_OUTER_BOUND ( 'NONE', #1713, .T. ) ;
#67 = AXIS2_PLACEMENT_3D ( 'NONE', #1465, #937, #946 ) ;
#68 = VERTEX_POINT ( 'NONE', #821 ) ;
#69 = ORIENTED_EDGE ( 'NONE', *, *, #1446, .T. ) ;
#70 = DIRECTION ( 'NONE',  ( 0.000000000000000000, 0.000000000000000000, -1.000000000000000000 ) ) ;
#71 = ORIENTED_EDGE ( 'NONE', *, *, #1512, .F. ) ;
#72 = CARTESIAN_POINT ( 'NONE',  ( -9.500000000000000000, 4.984999999999999432, -0.05999999999999999778 ) ) ;
#73 = LINE ( 'NONE', #609, #1388 ) ;
#74 = EDGE_LOOP ( 'NONE', ( #1430, #110, #29, #1303 ) ) ;
#75 = AXIS2_PLACEMENT_3D ( 'NONE', #572, #1230, #303 ) ;
#76 = AXIS2_PLACEMENT_3D ( 'NONE', #660, #1422, #752 ) ;
#77 = ORIENTED_EDGE ( 'NONE', *, *, #79, .T. ) ;
#78 = VECTOR ( 'NONE', #285, 39.37007874015748143 ) ;
#79 = EDGE_CURVE ( 'NONE', #1354, #1279, #540, .T. ) ;
#80 = DIRECTION ( 'NONE',  ( 0.000000000000000000, -1.000000000000000000, 0.000000000000000000 ) ) ;
#81 = DIRECTION ( 'NONE',  ( 0.000000000000000000, 1.000000000000000000, 0.000000000000000000 ) ) ;
#82 = DIRECTION ( 'NONE',  ( 0.000000000000000000, 1.000000000000000000, 0.000000000000000000 ) ) ;
#83 = CARTESIAN_POINT ( 'NONE',  ( 6.200000000000000178, -4.375000000000000888, 0.000000000000000000 ) ) ;
#84 = ORIENTED_EDGE ( 'NONE', *, *, #1586, .F. ) ;
#85 = LINE ( 'NONE', #1061, #748 ) ;
#86 = CARTESIAN_POINT ( 'NONE',  ( 8.624999999999998224, 4.864999999999999325, -0.1199999999999982747 ) ) ;
#87 = LINE ( 'NONE', #1158, #1170 ) ;
#88 = FACE_OUTER_BOUND ( 'NONE', #1529, .T. ) ;
#89 = CARTESIAN_POINT ( 'NONE',  ( -9.129999999999999005, -2.505000000000000782, 0.000000000000000000 ) ) ;
#90 = ADVANCED_FACE ( 'NONE', ( #1068 ), #1224, .T. ) ;
#91 = UNCERTAINTY_MEASURE_WITH_UNIT (LENGTH_MEASURE( 1.000000000000000082E-05 ), #951, 'distance_accuracy_value', 'NONE');
#92 = EDGE_LOOP ( 'NONE', ( #869, #158, #217, #1406 ) ) ;
#93 = ORIENTED_EDGE ( 'NONE', *, *, #1663, .F. ) ;
#94 = CARTESIAN_POINT ( 'NONE',  ( 8.630999999999998451, -4.859000000000000874, -0.06000000000000012962 ) ) ;
#95 = ORIENTED_EDGE ( 'NONE', *, *, #1173, .T. ) ;
#96 = LINE ( 'NONE', #1048, #750 ) ;
#97 = DIRECTION ( 'NONE',  ( -0.000000000000000000, -1.000000000000000000, -0.000000000000000000 ) ) ;
#98 = DIRECTION ( 'NONE',  ( -1.000000000000000000, 0.000000000000000000, 0.000000000000000000 ) ) ;
#99 = EDGE_CURVE ( 'NONE', #1441, #1624, #429, .T. ) ;
#100 = ORIENTED_EDGE ( 'NONE', *, *, #656, .F. ) ;
#101 = ORIENTED_EDGE ( 'NONE', *, *, #1272, .F. ) ;
#102 = VECTOR ( 'NONE', #839, 39.37007874015748143 ) ;
#103 = DIRECTION ( 'NONE',  ( -0.000000000000000000, 1.000000000000000000, 0.000000000000000000 ) ) ;
#104 = EDGE_LOOP ( 'NONE', ( #392, #1664, #167, #1011 ) ) ;
#105 = PLANE ( 'NONE',  #1062 ) ;
#106 = AXIS2_PLACEMENT_3D ( 'NONE', #647, #908, #502 ) ;
#107 = CYLINDRICAL_SURFACE ( 'NONE', #1167, 0.1560000000000001941 ) ;
#108 = DIRECTION ( 'NONE',  ( -0.000000000000000000, 0.000000000000000000, 1.000000000000000000 ) ) ;
#109 = LINE ( 'NONE', #116, #600 ) ;
#110 = ORIENTED_EDGE ( 'NONE', *, *, #2, .T. ) ;
#111 = EDGE_CURVE ( 'NONE', #128, #200, #677, .T. ) ;
#112 = CARTESIAN_POINT ( 'NONE',  ( -9.500000000000000000, 4.984999999999999432, 0.000000000000000000 ) ) ;
#113 = EDGE_LOOP ( 'NONE', ( #1743, #1348, #333, #661 ) ) ;
#114 = CARTESIAN_POINT ( 'NONE',  ( 8.624999999999998224, 4.858999999999999986, -0.05999999999999836714 ) ) ;
#115 = DIRECTION ( 'NONE',  ( 0.000000000000000000, 0.000000000000000000, -1.000000000000000000 ) ) ;
#116 = CARTESIAN_POINT ( 'NONE',  ( -9.500000000000000000, 4.984999999999999432, 0.000000000000000000 ) ) ;
#117 = CARTESIAN_POINT ( 'NONE',  ( 8.630999999999998451, 4.858999999999999986, -0.05999999999999836714 ) ) ;
#118 = ORIENTED_EDGE ( 'NONE', *, *, #286, .F. ) ;
#119 = FACE_OUTER_BOUND ( 'NONE', #17, .T. ) ;
#120 = EDGE_CURVE ( 'NONE', #637, #1131, #402, .T. ) ;
#121 = ORIENTED_EDGE ( 'NONE', *, *, #1004, .T. ) ;
#122 = VECTOR ( 'NONE', #823, 39.37007874015748143 ) ;
#123 = FACE_OUTER_BOUND ( 'NONE', #1420, .T. ) ;
#124 = DIRECTION ( 'NONE',  ( -1.000000000000000000, -0.000000000000000000, -1.422837496700139435E-16 ) ) ;
#125 = VECTOR ( 'NONE', #1041, 39.37007874015748143 ) ;
#126 = DIRECTION ( 'NONE',  ( 0.000000000000000000, 0.000000000000000000, -1.000000000000000000 ) ) ;
#127 = PLANE ( 'NONE',  #1145 ) ;
#128 = VERTEX_POINT ( 'NONE', #1641 ) ;
#129 = DIRECTION ( 'NONE',  ( 1.000000000000000000, 0.000000000000000000, 0.000000000000000000 ) ) ;
#130 = ORIENTED_EDGE ( 'NONE', *, *, #1013, .F. ) ;
#131 = EDGE_CURVE ( 'NONE', #569, #1043, #911, .T. ) ;
#132 = CARTESIAN_POINT ( 'NONE',  ( -8.624999999999998224, -4.865000000000001101, -0.1200000000000000372 ) ) ;
#133 = CIRCLE ( 'NONE', #1458, 0.1600000000000004752 ) ;
#134 = ADVANCED_FACE ( 'NONE', ( #794 ), #288, .T. ) ;
#135 = AXIS2_PLACEMENT_3D ( 'NONE', #202, #1275, #736 ) ;
#136 = AXIS2_PLACEMENT_3D ( 'NONE', #1394, #1291, #1550 ) ;
#137 = LINE ( 'NONE', #279, #877 ) ;
#138 = DIRECTION ( 'NONE',  ( 1.000000000000000000, 0.000000000000000000, 0.000000000000000000 ) ) ;
#139 = ORIENTED_EDGE ( 'NONE', *, *, #373, .T. ) ;
#140 = DIRECTION ( 'NONE',  ( -1.000000000000000000, -0.000000000000000000, -0.000000000000000000 ) ) ;
#141 = ORIENTED_EDGE ( 'NONE', *, *, #721, .F. ) ;
#142 = DIRECTION ( 'NONE',  ( 0.000000000000000000, 0.000000000000000000, 1.000000000000000000 ) ) ;
#143 = FACE_BOUND ( 'NONE', #717, .T. ) ;
#144 = LINE ( 'NONE', #730, #335 ) ;
#145 = EDGE_CURVE ( 'NONE', #1127, #1273, #154, .T. ) ;
#146 = ADVANCED_FACE ( 'NONE', ( #1482 ), #165, .F. ) ;
#147 = DIRECTION ( 'NONE',  ( 1.000000000000000000, 0.000000000000000000, 0.000000000000000000 ) ) ;
#148 = CARTESIAN_POINT ( 'NONE',  ( 8.624999999999998224, 4.985000000000001208, -0.6300000000000020028 ) ) ;
#149 = ORIENTED_EDGE ( 'NONE', *, *, #1374, .F. ) ;
#150 = DIRECTION ( 'NONE',  ( -0.000000000000000000, -0.000000000000000000, 1.000000000000000000 ) ) ;
#151 = ORIENTED_EDGE ( 'NONE', *, *, #1531, .T. ) ;
#152 = CARTESIAN_POINT ( 'NONE',  ( 0.000000000000000000, 0.000000000000000000, 0.000000000000000000 ) ) ;
#153 = FACE_OUTER_BOUND ( 'NONE', #327, .T. ) ;
#154 = CIRCLE ( 'NONE', #1585, 0.04749999999999997280 ) ;
#155 = DIRECTION ( 'NONE',  ( 1.000000000000000000, 0.000000000000000000, 0.000000000000000000 ) ) ;
#156 = DIRECTION ( 'NONE',  ( -1.000000000000000000, 0.000000000000000000, 0.000000000000000000 ) ) ;
#157 = EDGE_CURVE ( 'NONE', #718, #1441, #137, .T. ) ;
#158 = ORIENTED_EDGE ( 'NONE', *, *, #766, .F. ) ;
#159 = CARTESIAN_POINT ( 'NONE',  ( -9.500000000000000000, -4.985000000000000320, -0.05999999999999999778 ) ) ;
#160 = EDGE_LOOP ( 'NONE', ( #1634, #413, #234, #349 ) ) ;
#161 = CARTESIAN_POINT ( 'NONE',  ( -8.624999999999998224, 4.864999999999999325, -0.1200000000000007311 ) ) ;
#162 = FACE_BOUND ( 'NONE', #1618, .T. ) ;
#163 = AXIS2_PLACEMENT_3D ( 'NONE', #253, #1199, #619 ) ;
#164 = CARTESIAN_POINT ( 'NONE',  ( -8.630999999999998451, -4.985000000000000320, -0.06000000000000006023 ) ) ;
#165 = CYLINDRICAL_SURFACE ( 'NONE', #1050, 0.1600000000000004752 ) ;
#166 = FACE_OUTER_BOUND ( 'NONE', #672, .T. ) ;
#167 = ORIENTED_EDGE ( 'NONE', *, *, #1393, .F. ) ;
#168 = DIRECTION ( 'NONE',  ( -1.000000000000000000, 0.000000000000000000, 0.000000000000000000 ) ) ;
#169 = ORIENTED_EDGE ( 'NONE', *, *, #1652, .T. ) ;
#170 = EDGE_CURVE ( 'NONE', #1183, #1389, #1206, .T. ) ;
#171 = LINE ( 'NONE', #1233, #193 ) ;
#172 = DIRECTION ( 'NONE',  ( 0.000000000000000000, 0.000000000000000000, 1.000000000000000000 ) ) ;
#173 = LINE ( 'NONE', #1395, #1256 ) ;
#174 = DIRECTION ( 'NONE',  ( 0.000000000000000000, 3.834172622686655990E-15, 1.000000000000000000 ) ) ;
#175 = EDGE_LOOP ( 'NONE', ( #874, #1154, #271, #1593 ) ) ;
#176 = ORIENTED_EDGE ( 'NONE', *, *, #811, .T. ) ;
#177 = EDGE_CURVE ( 'NONE', #982, #68, #536, .T. ) ;
#178 = DIRECTION ( 'NONE',  ( 1.000000000000000000, 0.000000000000000000, 0.000000000000000000 ) ) ;
#179 = CIRCLE ( 'NONE', #406, 0.1600000000000004752 ) ;
#180 = DIRECTION ( 'NONE',  ( -1.000000000000000000, -0.000000000000000000, -0.000000000000000000 ) ) ;
#181 = DIRECTION ( 'NONE',  ( 1.000000000000000000, 0.000000000000000000, 1.422837496700139435E-16 ) ) ;
#182 = AXIS2_PLACEMENT_3D ( 'NONE', #977, #168, #37 ) ;
#183 = ORIENTED_EDGE ( 'NONE', *, *, #41, .F. ) ;
#184 = ORIENTED_EDGE ( 'NONE', *, *, #1670, .F. ) ;
#185 = CARTESIAN_POINT ( 'NONE',  ( 6.200000000000002842, 4.375000000000000000, 0.000000000000000000 ) ) ;
#186 = ORIENTED_EDGE ( 'NONE', *, *, #1114, .F. ) ;
#187 = EDGE_CURVE ( 'NONE', #618, #1131, #12, .T. ) ;
#188 = DIRECTION ( 'NONE',  ( 0.000000000000000000, 0.000000000000000000, 1.000000000000000000 ) ) ;
#189 = DIRECTION ( 'NONE',  ( 0.000000000000000000, 0.000000000000000000, 1.000000000000000000 ) ) ;
#190 = EDGE_CURVE ( 'NONE', #1032, #903, #659, .T. ) ;
#191 = VECTOR ( 'NONE', #82, 39.37007874015748143 ) ;
#192 = VERTEX_POINT ( 'NONE', #958 ) ;
#193 = VECTOR ( 'NONE', #955, 39.37007874015748143 ) ;
#194 = VECTOR ( 'NONE', #32, 39.37007874015748143 ) ;
#195 = VERTEX_POINT ( 'NONE', #686 ) ;
#196 = DIRECTION ( 'NONE',  ( 1.000000000000000000, 2.352939712942893366E-31, 8.215245099163032142E-46 ) ) ;
#197 = LINE ( 'NONE', #853, #1260 ) ;
#198 = LINE ( 'NONE', #731, #583 ) ;
#199 = EDGE_CURVE ( 'NONE', #581, #1603, #23, .T. ) ;
#200 = VERTEX_POINT ( 'NONE', #1527 ) ;
#201 = EDGE_LOOP ( 'NONE', ( #733, #1523 ) ) ;
#202 = CARTESIAN_POINT ( 'NONE',  ( -7.620000000000000107, -0.004999999999999536933, 0.000000000000000000 ) ) ;
#203 = CARTESIAN_POINT ( 'NONE',  ( 8.630999999999998451, 4.858999999999999986, -0.05999999999999836714 ) ) ;
#204 = DIRECTION ( 'NONE',  ( -0.000000000000000000, 0.000000000000000000, 1.000000000000000000 ) ) ;
#205 = ORIENTED_EDGE ( 'NONE', *, *, #872, .T. ) ;
#206 = EDGE_CURVE ( 'NONE', #1327, #873, #871, .T. ) ;
#207 = ORIENTED_EDGE ( 'NONE', *, *, #1469, .T. ) ;
#208 = VECTOR ( 'NONE', #431, 39.37007874015748143 ) ;
#209 = CARTESIAN_POINT ( 'NONE',  ( 2.270207316584575155E-30, -4.985000000000000320, 1.932283940442356902E-14 ) ) ;
#210 = ORIENTED_EDGE ( 'NONE', *, *, #238, .T. ) ;
#211 = LINE ( 'NONE', #58, #953 ) ;
#212 = LINE ( 'NONE', #1690, #805 ) ;
#213 = PRODUCT ( '13-D-6328-01-(16gacr ANSI-61) - K48 - V0-R0', '13-D-6328-01-(16gacr ANSI-61) - K48 - V0-R0', '', ( #1605 ) ) ;
#214 = ORIENTED_EDGE ( 'NONE', *, *, #485, .F. ) ;
#215 = VECTOR ( 'NONE', #1030, 39.37007874015748143 ) ;
#216 = AXIS2_PLACEMENT_3D ( 'NONE', #1504, #298, #830 ) ;
#217 = ORIENTED_EDGE ( 'NONE', *, *, #99, .F. ) ;
#218 = VECTOR ( 'NONE', #1112, 39.37007874015748143 ) ;
#219 = CYLINDRICAL_SURFACE ( 'NONE', #76, 0.1600000000000004752 ) ;
#220 = PLANE ( 'NONE',  #449 ) ;
#221 = ADVANCED_FACE ( 'NONE', ( #1684 ), #448, .T. ) ;
#222 = PLANE ( 'NONE',  #555 ) ;
#223 = CARTESIAN_POINT ( 'NONE',  ( -8.624999999999998224, 0.000000000000000000, 0.000000000000000000 ) ) ;
#224 = DIRECTION ( 'NONE',  ( 1.000000000000000000, 0.000000000000000000, 0.000000000000000000 ) ) ;
#225 = ORIENTED_EDGE ( 'NONE', *, *, #1103, .T. ) ;
#226 = ORIENTED_EDGE ( 'NONE', *, *, #274, .T. ) ;
#227 = DIRECTION ( 'NONE',  ( 1.000000000000000000, 0.000000000000000000, 1.422837496700139435E-16 ) ) ;
#228 = ORIENTED_EDGE ( 'NONE', *, *, #131, .F. ) ;
#229 = EDGE_CURVE ( 'NONE', #1100, #372, #179, .T. ) ;
#230 = CARTESIAN_POINT ( 'NONE',  ( -8.624999999999998224, -4.925000000000000711, -0.1199999999999998151 ) ) ;
#231 = CARTESIAN_POINT ( 'NONE',  ( 8.624999999999998224, -4.865000000000001101, -0.06000000000000012962 ) ) ;
#232 = DIRECTION ( 'NONE',  ( 0.000000000000000000, -1.000000000000000000, 0.000000000000000000 ) ) ;
#233 = VECTOR ( 'NONE', #776, 39.37007874015748143 ) ;
#234 = ORIENTED_EDGE ( 'NONE', *, *, #1552, .F. ) ;
#235 = DIRECTION ( 'NONE',  ( -0.000000000000000000, -0.000000000000000000, 1.000000000000000000 ) ) ;
#236 = ORIENTED_EDGE ( 'NONE', *, *, #1524, .T. ) ;
#237 = DIRECTION ( 'NONE',  ( 1.000000000000000000, 0.000000000000000000, 0.000000000000000000 ) ) ;
#238 = EDGE_CURVE ( 'NONE', #1447, #421, #73, .T. ) ;
#239 = CARTESIAN_POINT ( 'NONE',  ( 8.624999999999998224, 4.864999999999999325, -0.05999999999999836714 ) ) ;
#240 = EDGE_CURVE ( 'NONE', #68, #488, #740, .T. ) ;
#241 = LINE ( 'NONE', #767, #233 ) ;
#242 = ORIENTED_EDGE ( 'NONE', *, *, #427, .T. ) ;
#243 = AXIS2_PLACEMENT_3D ( 'NONE', #530, #1217, #354 ) ;
#244 = CARTESIAN_POINT ( 'NONE',  ( -7.572499999999999787, -0.004999999999999536933, 0.000000000000000000 ) ) ;
#245 = ORIENTED_EDGE ( 'NONE', *, *, #1552, .T. ) ;
#246 = DIRECTION ( 'NONE',  ( -0.000000000000000000, 0.000000000000000000, 1.000000000000000000 ) ) ;
#247 = AXIS2_PLACEMENT_3D ( 'NONE', #1638, #1212, #434 ) ;
#248 = VECTOR ( 'NONE', #1436, 39.37007874015748143 ) ;
#249 = DIRECTION ( 'NONE',  ( 0.000000000000000000, 1.000000000000000000, 0.000000000000000000 ) ) ;
#250 = DIRECTION ( 'NONE',  ( 0.000000000000000000, 0.000000000000000000, 1.000000000000000000 ) ) ;
#251 = FACE_OUTER_BOUND ( 'NONE', #1584, .T. ) ;
#252 = ADVANCED_FACE ( 'NONE', ( #595 ), #981, .F. ) ;
#253 = CARTESIAN_POINT ( 'NONE',  ( 8.624999999999998224, -4.985000000000002984, -0.6300000000000041123 ) ) ;
#254 = VERTEX_POINT ( 'NONE', #1380 ) ;
#255 = CARTESIAN_POINT ( 'NONE',  ( -8.630999999999998451, -4.859000000000000874, -0.06000000000000012962 ) ) ;
#256 = ORIENTED_EDGE ( 'NONE', *, *, #1479, .T. ) ;
#257 = FACE_OUTER_BOUND ( 'NONE', #1336, .T. ) ;
#258 = DIRECTION ( 'NONE',  ( 0.000000000000000000, 0.000000000000000000, 1.000000000000000000 ) ) ;
#259 = DIRECTION ( 'NONE',  ( 1.000000000000000000, 0.000000000000000000, 0.000000000000000000 ) ) ;
#260 = CARTESIAN_POINT ( 'NONE',  ( 6.200000000000002842, 4.375000000000000000, -1.070000000000000062 ) ) ;
#261 = ORIENTED_EDGE ( 'NONE', *, *, #1629, .T. ) ;
#262 = EDGE_CURVE ( 'NONE', #382, #128, #173, .T. ) ;
#263 = CARTESIAN_POINT ( 'NONE',  ( 8.624999999999998224, 4.864999999999999325, 1.639108796198557931E-15 ) ) ;
#264 = AXIS2_PLACEMENT_3D ( 'NONE', #797, #103, #636 ) ;
#265 = CARTESIAN_POINT ( 'NONE',  ( -9.500000000000000000, 4.984999999999999432, -0.05999999999999999778 ) ) ;
#266 = CIRCLE ( 'NONE', #1249, 0.04749999999999997280 ) ;
#267 = DIRECTION ( 'NONE',  ( -0.000000000000000000, -0.000000000000000000, 1.000000000000000000 ) ) ;
#268 = FACE_OUTER_BOUND ( 'NONE', #547, .T. ) ;
#269 = ORIENTED_EDGE ( 'NONE', *, *, #765, .F. ) ;
#270 = DIRECTION ( 'NONE',  ( -0.000000000000000000, -0.000000000000000000, 1.000000000000000000 ) ) ;
#271 = ORIENTED_EDGE ( 'NONE', *, *, #517, .T. ) ;
#272 = VECTOR ( 'NONE', #1387, 39.37007874015748143 ) ;
#273 = ADVANCED_FACE ( 'NONE', ( #1277 ), #1138, .T. ) ;
#274 = EDGE_CURVE ( 'NONE', #1354, #1471, #586, .T. ) ;
#275 = LINE ( 'NONE', #810, #78 ) ;
#276 = AXIS2_PLACEMENT_3D ( 'NONE', #86, #1658, #70 ) ;
#277 = VECTOR ( 'NONE', #917, 39.37007874015748143 ) ;
#278 = DIRECTION ( 'NONE',  ( -1.000000000000000000, 0.000000000000000000, 0.000000000000000000 ) ) ;
#279 = CARTESIAN_POINT ( 'NONE',  ( 8.624999999999998224, -4.985000000000000320, -0.05999999999999973410 ) ) ;
#280 = CARTESIAN_POINT ( 'NONE',  ( -8.624999999999998224, -4.859000000000000874, 0.000000000000000000 ) ) ;
#281 = VERTEX_POINT ( 'NONE', #43 ) ;
#282 = CARTESIAN_POINT ( 'NONE',  ( 8.624999999999998224, -4.865000000000001101, -0.06000000000000012962 ) ) ;
#283 = EDGE_LOOP ( 'NONE', ( #1514, #800, #225, #84 ) ) ;
#284 = FACE_BOUND ( 'NONE', #201, .T. ) ;
#285 = DIRECTION ( 'NONE',  ( 0.000000000000000000, -1.000000000000000000, -3.491481338843134539E-15 ) ) ;
#286 = EDGE_CURVE ( 'NONE', #1110, #1228, #1521, .T. ) ;
#287 = PLANE ( 'NONE',  #1232 ) ;
#288 = PLANE ( 'NONE',  #67 ) ;
#289 = PLANE ( 'NONE',  #695 ) ;
#290 = ORIENTED_EDGE ( 'NONE', *, *, #994, .F. ) ;
#291 = CARTESIAN_POINT ( 'NONE',  ( -8.624999999999998224, 4.864999999999999325, -0.1200000000000007311 ) ) ;
#292 = ORIENTED_EDGE ( 'NONE', *, *, #341, .T. ) ;
#293 = LENGTH_MEASURE_WITH_UNIT ( LENGTH_MEASURE( 0.02539999999999999897 ), #1301 );
#294 = DIRECTION ( 'NONE',  ( 0.000000000000000000, -3.834172622686662300E-15, 1.000000000000000000 ) ) ;
#295 = VECTOR ( 'NONE', #1493, 39.37007874015748143 ) ;
#296 = CARTESIAN_POINT ( 'NONE',  ( -3.839999999999997637, -4.375000000000000888, -1.070000000000000062 ) ) ;
#297 = DIRECTION ( 'NONE',  ( 1.000000000000000000, 0.000000000000000000, 0.000000000000000000 ) ) ;
#298 = DIRECTION ( 'NONE',  ( 1.000000000000000000, 0.000000000000000000, -0.000000000000000000 ) ) ;
#299 = EDGE_CURVE ( 'NONE', #922, #1487, #1410, .T. ) ;
#300 = VERTEX_POINT ( 'NONE', #996 ) ;
#301 = DIRECTION ( 'NONE',  ( 1.000000000000000000, 0.000000000000000000, 0.000000000000000000 ) ) ;
#302 = ORIENTED_EDGE ( 'NONE', *, *, #2, .F. ) ;
#303 = DIRECTION ( 'NONE',  ( 0.000000000000000000, 1.000000000000000000, 3.491481338843133750E-15 ) ) ;
#304 = CARTESIAN_POINT ( 'NONE',  ( 0.000000000000000000, -4.375000000000000888, -0.05999999999999999778 ) ) ;
#305 = DIMENSIONAL_EXPONENTS ( 1.000000000000000000, 0.000000000000000000, 0.000000000000000000, 0.000000000000000000, 0.000000000000000000, 0.000000000000000000, 0.000000000000000000 ) ;
#306 = CIRCLE ( 'NONE', #1282, 0.1560000000000001941 ) ;
#307 = DIRECTION ( 'NONE',  ( -1.000000000000000000, 0.000000000000000000, 0.000000000000000000 ) ) ;
#308 = DIRECTION ( 'NONE',  ( -0.000000000000000000, -0.000000000000000000, 1.000000000000000000 ) ) ;
#309 = AXIS2_PLACEMENT_3D ( 'NONE', #719, #1525, #1423 ) ;
#310 = CARTESIAN_POINT ( 'NONE',  ( 2.270207316584575155E-30, -4.925000000000000711, 1.911335052409298228E-14 ) ) ;
#311 = ORIENTED_EDGE ( 'NONE', *, *, #199, .F. ) ;
#312 = EDGE_CURVE ( 'NONE', #1043, #718, #973, .T. ) ;
#313 = LINE ( 'NONE', #407, #208 ) ;
#314 = VERTEX_POINT ( 'NONE', #847 ) ;
#315 = CARTESIAN_POINT ( 'NONE',  ( -9.500000000000000000, -4.985000000000000320, -0.05999999999999999778 ) ) ;
#316 = DIRECTION ( 'NONE',  ( -1.000000000000000000, 0.000000000000000000, 0.000000000000000000 ) ) ;
#317 = DIRECTION ( 'NONE',  ( 0.000000000000000000, 0.000000000000000000, 1.000000000000000000 ) ) ;
#318 = ORIENTED_EDGE ( 'NONE', *, *, #229, .T. ) ;
#319 = PRODUCT_DEFINITION_CONTEXT ( 'detailed design', #1184, 'design' ) ;
#320 = EDGE_CURVE ( 'NONE', #388, #520, #331, .T. ) ;
#321 = ORIENTED_EDGE ( 'NONE', *, *, #563, .F. ) ;
#322 = CARTESIAN_POINT ( 'NONE',  ( -5.167500000000000426, -0.004999999999999531729, -0.06000000000000004635 ) ) ;
#323 = EDGE_CURVE ( 'NONE', #443, #1438, #1029, .T. ) ;
#324 = DIRECTION ( 'NONE',  ( 0.000000000000000000, 1.000000000000000000, -3.491481338843134539E-15 ) ) ;
#325 = CARTESIAN_POINT ( 'NONE',  ( -9.129999999999999005, 5.004999999999999893, 0.000000000000000000 ) ) ;
#326 = EDGE_LOOP ( 'NONE', ( #1204, #1497, #1038, #1266 ) ) ;
#327 = EDGE_LOOP ( 'NONE', ( #1733, #1457, #948, #1117 ) ) ;
#328 = CARTESIAN_POINT ( 'NONE',  ( 9.500000000000000000, -4.985000000000000320, 0.000000000000000000 ) ) ;
#329 = EDGE_CURVE ( 'NONE', #61, #1100, #602, .T. ) ;
#330 = CARTESIAN_POINT ( 'NONE',  ( 6.200000000000002842, 4.375000000000000000, 0.000000000000000000 ) ) ;
#331 = LINE ( 'NONE', #862, #272 ) ;
#332 = VECTOR ( 'NONE', #249, 39.37007874015748143 ) ;
#333 = ORIENTED_EDGE ( 'NONE', *, *, #1616, .F. ) ;
#334 = VECTOR ( 'NONE', #196, 39.37007874015748143 ) ;
#335 = VECTOR ( 'NONE', #1559, 39.37007874015748143 ) ;
#336 = ORIENTED_EDGE ( 'NONE', *, *, #1501, .T. ) ;
#337 = CARTESIAN_POINT ( 'NONE',  ( -8.624999999999998224, 4.924999999999999822, -0.1199999999999998151 ) ) ;
#338 = ORIENTED_EDGE ( 'NONE', *, *, #551, .T. ) ;
#339 = AXIS2_PLACEMENT_3D ( 'NONE', #919, #250, #535 ) ;
#340 = LINE ( 'NONE', #1018, #54 ) ;
#341 = EDGE_CURVE ( 'NONE', #281, #200, #198, .T. ) ;
#342 = CARTESIAN_POINT ( 'NONE',  ( -8.630999999999998451, 4.984999999999999432, -0.06000000000000042105 ) ) ;
#343 = ORIENTED_EDGE ( 'NONE', *, *, #373, .F. ) ;
#344 = ORIENTED_EDGE ( 'NONE', *, *, #1265, .T. ) ;
#345 = CARTESIAN_POINT ( 'NONE',  ( 8.624999999999998224, -4.865000000000001101, -0.1200000000000000372 ) ) ;
#346 = ORIENTED_EDGE ( 'NONE', *, *, #385, .F. ) ;
#347 = LINE ( 'NONE', #462, #724 ) ;
#348 = CARTESIAN_POINT ( 'NONE',  ( 8.630999999999998451, -4.859000000000000874, 0.000000000000000000 ) ) ;
#349 = ORIENTED_EDGE ( 'NONE', *, *, #829, .T. ) ;
#350 = CIRCLE ( 'NONE', #1414, 0.04749999999999997280 ) ;
#351 = ADVANCED_FACE ( 'NONE', ( #66 ), #1675, .T. ) ;
#352 = ORIENTED_EDGE ( 'NONE', *, *, #1531, .F. ) ;
#353 = CIRCLE ( 'NONE', #943, 0.1600000000000004752 ) ;
#354 = DIRECTION ( 'NONE',  ( -1.000000000000000000, 0.000000000000000000, 0.000000000000000000 ) ) ;
#355 = DIRECTION ( 'NONE',  ( 1.000000000000000000, -0.000000000000000000, -0.000000000000000000 ) ) ;
#356 = VERTEX_POINT ( 'NONE', #1588 ) ;
#357 = DIRECTION ( 'NONE',  ( 0.000000000000000000, -1.000000000000000000, 0.000000000000000000 ) ) ;
#358 = DIRECTION ( 'NONE',  ( -0.000000000000000000, -0.000000000000000000, 1.000000000000000000 ) ) ;
#359 = CARTESIAN_POINT ( 'NONE',  ( -3.839999999999996749, 4.375000000000000000, -0.05999999999999999778 ) ) ;
#360 = ORIENTED_EDGE ( 'NONE', *, *, #1702, .F. ) ;
#361 = CIRCLE ( 'NONE', #446, 0.05999999999999990757 ) ;
#362 = EDGE_LOOP ( 'NONE', ( #1165, #998, #346, #592 ) ) ;
#363 = EDGE_CURVE ( 'NONE', #791, #1680, #784, .T. ) ;
#364 = ADVANCED_BREP_SHAPE_REPRESENTATION ( '13-D-6328-01-(16gacr ANSI-61) - K48 - V0-R0', ( #464, #339 ), #957 ) ;
#365 = VECTOR ( 'NONE', #357, 39.37007874015748143 ) ;
#366 = FACE_OUTER_BOUND ( 'NONE', #400, .T. ) ;
#367 = CARTESIAN_POINT ( 'NONE',  ( 9.500000000000000000, -4.985000000000000320, -0.05999999999999999778 ) ) ;
#368 = ORIENTED_EDGE ( 'NONE', *, *, #177, .F. ) ;
#369 = CARTESIAN_POINT ( 'NONE',  ( -8.630999999999998451, 4.858999999999999986, -0.06000000000000083045 ) ) ;
#370 = CARTESIAN_POINT ( 'NONE',  ( -8.624999999999998224, -4.859000000000000874, -0.06000000000000012962 ) ) ;
#371 = CARTESIAN_POINT ( 'NONE',  ( 9.119999999999999218, -5.005000000000001670, 0.000000000000000000 ) ) ;
#372 = VERTEX_POINT ( 'NONE', #511 ) ;
#373 = EDGE_CURVE ( 'NONE', #786, #1015, #1049, .T. ) ;
#374 = CARTESIAN_POINT ( 'NONE',  ( 8.624999999999998224, 4.864999999999999325, -0.1199999999999982747 ) ) ;
#375 = ORIENTED_EDGE ( 'NONE', *, *, #1359, .F. ) ;
#376 = EDGE_CURVE ( 'NONE', #1183, #404, #909, .T. ) ;
#377 = LINE ( 'NONE', #1166, #499 ) ;
#378 = CARTESIAN_POINT ( 'NONE',  ( -8.624999999999998224, 4.858999999999999986, -0.06000000000000083045 ) ) ;
#379 = ORIENTED_EDGE ( 'NONE', *, *, #190, .T. ) ;
#380 = EDGE_LOOP ( 'NONE', ( #1505, #651, #968, #236 ) ) ;
#381 = CARTESIAN_POINT ( 'NONE',  ( 8.630999999999998451, 4.858999999999999986, -0.05999999999999999778 ) ) ;
#382 = VERTEX_POINT ( 'NONE', #1710 ) ;
#383 = CARTESIAN_POINT ( 'NONE',  ( 9.278745078663870771, -4.985000000000000320, -0.05999999999999999778 ) ) ;
#384 = DIRECTION ( 'NONE',  ( 0.000000000000000000, 3.834172622686655990E-15, 1.000000000000000000 ) ) ;
#385 = EDGE_CURVE ( 'NONE', #550, #618, #1444, .T. ) ;
#386 = EDGE_CURVE ( 'NONE', #1537, #1438, #1572, .T. ) ;
#387 = CARTESIAN_POINT ( 'NONE',  ( -9.500000000000000000, -4.985000000000000320, -0.05999999999999999778 ) ) ;
#388 = VERTEX_POINT ( 'NONE', #370 ) ;
#389 = VECTOR ( 'NONE', #1637, 39.37007874015748143 ) ;
#390 = VECTOR ( 'NONE', #988, 39.37007874015748143 ) ;
#391 = CARTESIAN_POINT ( 'NONE',  ( -9.129999999999999005, -5.005000000000000782, -0.6300393700787444429 ) ) ;
#392 = ORIENTED_EDGE ( 'NONE', *, *, #1512, .T. ) ;
#393 = DIRECTION ( 'NONE',  ( 1.000000000000000000, 0.000000000000000000, 0.000000000000000000 ) ) ;
#394 = LINE ( 'NONE', #1464, #47 ) ;
#395 = EDGE_CURVE ( 'NONE', #569, #1648, #772, .T. ) ;
#396 = CARTESIAN_POINT ( 'NONE',  ( 8.630999999999998451, 0.000000000000000000, -0.000000000000000000 ) ) ;
#397 = DIRECTION ( 'NONE',  ( 0.000000000000000000, -0.000000000000000000, -1.000000000000000000 ) ) ;
#398 = VERTEX_POINT ( 'NONE', #348 ) ;
#399 = CARTESIAN_POINT ( 'NONE',  ( -9.288745078663875887, -4.985000000000000320, -0.6300393700787444429 ) ) ;
#400 = EDGE_LOOP ( 'NONE', ( #1678, #318, #885, #432 ) ) ;
#401 = LINE ( 'NONE', #114, #248 ) ;
#402 = LINE ( 'NONE', #1360, #295 ) ;
#403 = CARTESIAN_POINT ( 'NONE',  ( 8.624999999999998224, -4.865000000000001101, -0.06000000000000012962 ) ) ;
#404 = VERTEX_POINT ( 'NONE', #1560 ) ;
#405 = EDGE_CURVE ( 'NONE', #423, #382, #1014, .T. ) ;
#406 = AXIS2_PLACEMENT_3D ( 'NONE', #325, #204, #1244 ) ;
#407 = CARTESIAN_POINT ( 'NONE',  ( -3.839999999999997637, -4.375000000000000888, -1.070000000000000062 ) ) ;
#408 = EDGE_LOOP ( 'NONE', ( #311, #516, #997, #700 ) ) ;
#409 = VECTOR ( 'NONE', #1071, 39.37007874015748143 ) ;
#410 = CARTESIAN_POINT ( 'NONE',  ( -7.572499999999999787, -0.004999999999999536933, -0.06000000000000004635 ) ) ;
#411 = DIRECTION ( 'NONE',  ( 1.000000000000000000, -0.000000000000000000, -0.000000000000000000 ) ) ;
#412 = CARTESIAN_POINT ( 'NONE',  ( -8.624999999999998224, 4.858999999999999986, 0.000000000000000000 ) ) ;
#413 = ORIENTED_EDGE ( 'NONE', *, *, #41, .T. ) ;
#414 = DIRECTION ( 'NONE',  ( 0.000000000000000000, -1.000000000000000000, 0.000000000000000000 ) ) ;
#415 = EDGE_CURVE ( 'NONE', #531, #914, #1428, .T. ) ;
#416 = ORIENTED_EDGE ( 'NONE', *, *, #798, .F. ) ;
#417 = FACE_OUTER_BOUND ( 'NONE', #782, .T. ) ;
#418 = AXIS2_PLACEMENT_3D ( 'NONE', #1222, #19, #1093 ) ;
#419 = VECTOR ( 'NONE', #1269, 39.37007874015748143 ) ;
#420 = CARTESIAN_POINT ( 'NONE',  ( -9.500000000000000000, -4.985000000000000320, -0.05999999999999999778 ) ) ;
#421 = VERTEX_POINT ( 'NONE', #632 ) ;
#422 = DIRECTION ( 'NONE',  ( 0.000000000000000000, -1.000000000000000000, 0.000000000000000000 ) ) ;
#423 = VERTEX_POINT ( 'NONE', #1309 ) ;
#424 = DIRECTION ( 'NONE',  ( 0.000000000000000000, 0.000000000000000000, -1.000000000000000000 ) ) ;
#425 = EDGE_CURVE ( 'NONE', #1149, #655, #503, .T. ) ;
#426 = CYLINDRICAL_SURFACE ( 'NONE', #779, 0.1560000000000001941 ) ;
#427 = EDGE_CURVE ( 'NONE', #1624, #786, #1551, .T. ) ;
#428 = CARTESIAN_POINT ( 'NONE',  ( -8.624999999999998224, 4.985000000000001208, -0.6300000000000020028 ) ) ;
#429 = LINE ( 'NONE', #812, #1361 ) ;
#430 = VERTEX_POINT ( 'NONE', #673 ) ;
#431 = DIRECTION ( 'NONE',  ( -0.000000000000000000, -0.000000000000000000, 1.000000000000000000 ) ) ;
#432 = ORIENTED_EDGE ( 'NONE', *, *, #734, .F. ) ;
#433 = FACE_OUTER_BOUND ( 'NONE', #175, .T. ) ;
#434 = DIRECTION ( 'NONE',  ( 0.000000000000000000, 1.000000000000000000, 3.841661241090376129E-15 ) ) ;
#435 = AXIS2_PLACEMENT_3D ( 'NONE', #255, #1722, #1326 ) ;
#436 = DIRECTION ( 'NONE',  ( 0.000000000000000000, 0.000000000000000000, 1.000000000000000000 ) ) ;
#437 = ADVANCED_FACE ( 'NONE', ( #1418 ), #107, .F. ) ;
#438 = AXIS2_PLACEMENT_3D ( 'NONE', #910, #1293, #929 ) ;
#439 = DIRECTION ( 'NONE',  ( -1.000000000000000000, 0.000000000000000000, 0.000000000000000000 ) ) ;
#440 = LINE ( 'NONE', #24, #610 ) ;
#441 = EDGE_LOOP ( 'NONE', ( #245, #1218, #375, #8 ) ) ;
#442 = DIRECTION ( 'NONE',  ( 0.000000000000000000, 0.000000000000000000, 1.000000000000000000 ) ) ;
#443 = VERTEX_POINT ( 'NONE', #1040 ) ;
#444 = DIRECTION ( 'NONE',  ( 0.000000000000000000, -3.834172622686662300E-15, 1.000000000000000000 ) ) ;
#445 = AXIS2_PLACEMENT_3D ( 'NONE', #161, #1628, #1082 ) ;
#446 = AXIS2_PLACEMENT_3D ( 'NONE', #1340, #278, #1711 ) ;
#447 = CARTESIAN_POINT ( 'NONE',  ( -9.500000000000000000, 4.984999999999999432, -0.05999999999999999778 ) ) ;
#448 = PLANE ( 'NONE',  #711 ) ;
#449 = AXIS2_PLACEMENT_3D ( 'NONE', #1672, #1000, #593 ) ;
#450 = CIRCLE ( 'NONE', #1120, 0.1600000000000004752 ) ;
#451 = EDGE_CURVE ( 'NONE', #1144, #857, #212, .T. ) ;
#452 = ORIENTED_EDGE ( 'NONE', *, *, #860, .T. ) ;
#453 = ORIENTED_EDGE ( 'NONE', *, *, #1673, .T. ) ;
#454 = DIRECTION ( 'NONE',  ( 0.000000000000000000, 0.000000000000000000, 1.000000000000000000 ) ) ;
#455 = FACE_OUTER_BOUND ( 'NONE', #472, .T. ) ;
#456 = CARTESIAN_POINT ( 'NONE',  ( -9.288745078663875887, 4.984999999999999432, -0.6300393700787444429 ) ) ;
#457 = ORIENTED_EDGE ( 'NONE', *, *, #537, .F. ) ;
#458 = UNCERTAINTY_MEASURE_WITH_UNIT (LENGTH_MEASURE( 1.000000000000000082E-05 ), #494, 'distance_accuracy_value', 'NONE');
#459 = ORIENTED_EDGE ( 'NONE', *, *, #1302, .F. ) ;
#460 = ADVANCED_FACE ( 'NONE', ( #88 ), #901, .F. ) ;
#461 = CARTESIAN_POINT ( 'NONE',  ( 9.278745078663876100, -4.985000000000000320, 0.000000000000000000 ) ) ;
#462 = CARTESIAN_POINT ( 'NONE',  ( 8.961254921336124113, 4.984999999999999432, -0.6300393700787444429 ) ) ;
#463 = CARTESIAN_POINT ( 'NONE',  ( 8.630999999999998451, 0.000000000000000000, -0.000000000000000000 ) ) ;
#464 = MANIFOLD_SOLID_BREP ( 'Cortar-Extruir2', #1528 ) ;
#465 = EDGE_LOOP ( 'NONE', ( #48, #1518, #991, #186 ) ) ;
#466 = ORIENTED_EDGE ( 'NONE', *, *, #1338, .T. ) ;
#467 = EDGE_CURVE ( 'NONE', #480, #372, #1152, .T. ) ;
#468 = CARTESIAN_POINT ( 'NONE',  ( -8.624999999999998224, -4.859000000000000874, -0.06000000000000012962 ) ) ;
#469 = DIRECTION ( 'NONE',  ( 0.000000000000000000, 0.000000000000000000, 1.000000000000000000 ) ) ;
#470 = VECTOR ( 'NONE', #918, 39.37007874015748143 ) ;
#471 = CARTESIAN_POINT ( 'NONE',  ( -8.630999999999998451, 4.858999999999999986, -0.06000000000000083045 ) ) ;
#472 = EDGE_LOOP ( 'NONE', ( #95, #1653, #989, #514 ) ) ;
#473 = VERTEX_POINT ( 'NONE', #704 ) ;
#474 = DIRECTION ( 'NONE',  ( 0.000000000000000000, -0.000000000000000000, -1.000000000000000000 ) ) ;
#475 = ORIENTED_EDGE ( 'NONE', *, *, #1374, .T. ) ;
#476 = DIRECTION ( 'NONE',  ( 0.000000000000000000, -3.834172622686655990E-15, -1.000000000000000000 ) ) ;
#477 = CARTESIAN_POINT ( 'NONE',  ( -8.624999999999998224, -4.925000000000000711, 1.911335052409298228E-14 ) ) ;
#478 = ADVANCED_FACE ( 'NONE', ( #1239, #694, #1488, #284, #817 ), #9, .F. ) ;
#479 = ORIENTED_EDGE ( 'NONE', *, *, #1606, .F. ) ;
#480 = VERTEX_POINT ( 'NONE', #969 ) ;
#481 = CARTESIAN_POINT ( 'NONE',  ( -7.667500000000000426, -0.004999999999999531729, -0.06000000000000004635 ) ) ;
#482 = FACE_OUTER_BOUND ( 'NONE', #1063, .T. ) ;
#483 = CARTESIAN_POINT ( 'NONE',  ( 9.500000000000000000, 4.984999999999999432, -0.05999999999999999778 ) ) ;
#484 = DIRECTION ( 'NONE',  ( 1.000000000000000000, 0.000000000000000000, 0.000000000000000000 ) ) ;
#485 = EDGE_CURVE ( 'NONE', #939, #443, #1221, .T. ) ;
#486 = FACE_OUTER_BOUND ( 'NONE', #362, .T. ) ;
#487 = AXIS2_PLACEMENT_3D ( 'NONE', #1440, #235, #769 ) ;
#488 = VERTEX_POINT ( 'NONE', #18 ) ;
#489 = CIRCLE ( 'NONE', #1189, 0.04749999999999997280 ) ;
#490 = DIRECTION ( 'NONE',  ( -1.000000000000000000, -0.000000000000000000, -0.000000000000000000 ) ) ;
#491 = CARTESIAN_POINT ( 'NONE',  ( -7.620000000000000107, -0.004999999999999536933, 0.000000000000000000 ) ) ;
#492 = EDGE_LOOP ( 'NONE', ( #121, #959, #416, #1001 ) ) ;
#493 = DIRECTION ( 'NONE',  ( 1.000000000000000000, -0.000000000000000000, -0.000000000000000000 ) ) ;
#494 =( CONVERSION_BASED_UNIT ( 'INCH', #1178 ) LENGTH_UNIT ( ) NAMED_UNIT ( #35 ) );
#495 = VERTEX_POINT ( 'NONE', #835 ) ;
#496 = VECTOR ( 'NONE', #987, 39.37007874015748143 ) ;
#497 = EDGE_CURVE ( 'NONE', #1553, #1447, #832, .T. ) ;
#498 = ADVANCED_FACE ( 'NONE', ( #433 ), #1090, .T. ) ;
#499 = VECTOR ( 'NONE', #783, 39.37007874015748143 ) ;
#500 = CARTESIAN_POINT ( 'NONE',  ( 8.624999999999998224, -4.985000000000002984, -0.6300000000000041123 ) ) ;
#501 = ORIENTED_EDGE ( 'NONE', *, *, #99, .T. ) ;
#502 = DIRECTION ( 'NONE',  ( 0.000000000000000000, 0.000000000000000000, -1.000000000000000000 ) ) ;
#503 = LINE ( 'NONE', #483, #1196 ) ;
#504 =( NAMED_UNIT ( * ) PLANE_ANGLE_UNIT ( ) SI_UNIT ( $, .RADIAN. ) );
#505 = ORIENTED_EDGE ( 'NONE', *, *, #1393, .T. ) ;
#506 = ORIENTED_EDGE ( 'NONE', *, *, #1501, .F. ) ;
#507 = DIRECTION ( 'NONE',  ( 0.000000000000000000, -0.000000000000000000, 1.000000000000000000 ) ) ;
#508 = EDGE_CURVE ( 'NONE', #1208, #857, #1421, .T. ) ;
#509 = VERTEX_POINT ( 'NONE', #538 ) ;
#510 = CARTESIAN_POINT ( 'NONE',  ( -9.288745078663875887, 4.984999999999999432, 0.000000000000000000 ) ) ;
#511 = CARTESIAN_POINT ( 'NONE',  ( -8.971254921336122123, 4.984999999999999432, 0.000000000000000000 ) ) ;
#512 = ORIENTED_EDGE ( 'NONE', *, *, #1701, .F. ) ;
#513 = VECTOR ( 'NONE', #147, 39.37007874015748143 ) ;
#514 = ORIENTED_EDGE ( 'NONE', *, *, #1619, .F. ) ;
#515 = DIRECTION ( 'NONE',  ( 0.000000000000000000, 0.000000000000000000, 1.000000000000000000 ) ) ;
#516 = ORIENTED_EDGE ( 'NONE', *, *, #1673, .F. ) ;
#517 = EDGE_CURVE ( 'NONE', #770, #1495, #1156, .T. ) ;
#518 = DIRECTION ( 'NONE',  ( -6.908934844075557234E-77, -1.000000000000000000, 3.835990623682900600E-15 ) ) ;
#519 =( NAMED_UNIT ( * ) SI_UNIT ( $, .STERADIAN. ) SOLID_ANGLE_UNIT ( ) );
#520 = VERTEX_POINT ( 'NONE', #280 ) ;
#521 = CARTESIAN_POINT ( 'NONE',  ( 8.630999999999993122, -4.985000000000000320, -0.05999999999999999778 ) ) ;
#522 = ORIENTED_EDGE ( 'NONE', *, *, #199, .T. ) ;
#523 = PLANE ( 'NONE',  #264 ) ;
#524 = ORIENTED_EDGE ( 'NONE', *, *, #590, .F. ) ;
#525 = AXIS2_PLACEMENT_3D ( 'NONE', #468, #1010, #1557 ) ;
#526 = VECTOR ( 'NONE', #878, 39.37007874015748143 ) ;
#527 = DIRECTION ( 'NONE',  ( -1.000000000000000000, -0.000000000000000000, 0.000000000000000000 ) ) ;
#528 = EDGE_CURVE ( 'NONE', #1228, #1601, #1555, .T. ) ;
#529 = CARTESIAN_POINT ( 'NONE',  ( -5.120000000000000107, -0.004999999999999536933, -1.070000000000000062 ) ) ;
#530 = CARTESIAN_POINT ( 'NONE',  ( -7.620000000000000107, -0.004999999999999536933, -0.06000000000000004635 ) ) ;
#531 = VERTEX_POINT ( 'NONE', #412 ) ;
#532 = LINE ( 'NONE', #681, #941 ) ;
#533 = ORIENTED_EDGE ( 'NONE', *, *, #395, .F. ) ;
#534 = PLANE ( 'NONE',  #1656 ) ;
#535 = DIRECTION ( 'NONE',  ( 1.000000000000000000, 0.000000000000000000, 0.000000000000000000 ) ) ;
#536 = LINE ( 'NONE', #965, #513 ) ;
#537 = EDGE_CURVE ( 'NONE', #192, #1098, #669, .T. ) ;
#538 = CARTESIAN_POINT ( 'NONE',  ( -9.500000000000000000, -4.985000000000000320, 0.000000000000000000 ) ) ;
#539 = ORIENTED_EDGE ( 'NONE', *, *, #963, .T. ) ;
#540 = CIRCLE ( 'NONE', #1134, 0.04749999999999997280 ) ;
#541 = CARTESIAN_POINT ( 'NONE',  ( -9.285999999999999588, -2.505000000000000782, 0.000000000000000000 ) ) ;
#542 = EDGE_LOOP ( 'NONE', ( #1089, #927, #741, #512 ) ) ;
#543 = DIRECTION ( 'NONE',  ( 0.000000000000000000, 0.000000000000000000, 1.000000000000000000 ) ) ;
#544 = CARTESIAN_POINT ( 'NONE',  ( -9.500000000000000000, -4.985000000000000320, 0.000000000000000000 ) ) ;
#545 = CARTESIAN_POINT ( 'NONE',  ( -9.288745078663875887, 4.984999999999999432, -0.05999999999999999778 ) ) ;
#546 = CARTESIAN_POINT ( 'NONE',  ( -9.500000000000000000, -4.985000000000000320, -0.05999999999999999778 ) ) ;
#547 = EDGE_LOOP ( 'NONE', ( #904, #1059, #501, #242 ) ) ;
#548 = ADVANCED_FACE ( 'NONE', ( #1740 ), #813, .T. ) ;
#549 = CARTESIAN_POINT ( 'NONE',  ( -7.667500000000000426, -0.004999999999999531729, 0.000000000000000000 ) ) ;
#550 = VERTEX_POINT ( 'NONE', #521 ) ;
#551 = EDGE_CURVE ( 'NONE', #1273, #1127, #584, .T. ) ;
#552 = COLOUR_RGB ( '',0.7921568627450980005, 0.8196078431372548767, 0.9333333333333333481 ) ;
#553 = CARTESIAN_POINT ( 'NONE',  ( -8.624999999999998224, -4.865000000000001101, -0.06000000000000012962 ) ) ;
#554 = VECTOR ( 'NONE', #1305, 39.37007874015748143 ) ;
#555 = AXIS2_PLACEMENT_3D ( 'NONE', #746, #81, #1688 ) ;
#556 = FACE_OUTER_BOUND ( 'NONE', #925, .T. ) ;
#557 = DIRECTION ( 'NONE',  ( 1.000000000000000000, 0.000000000000000000, 0.000000000000000000 ) ) ;
#558 = ORIENTED_EDGE ( 'NONE', *, *, #240, .T. ) ;
#559 = VECTOR ( 'NONE', #124, 39.37007874015748143 ) ;
#560 = DIRECTION ( 'NONE',  ( -0.000000000000000000, -0.000000000000000000, 1.000000000000000000 ) ) ;
#561 = ORIENTED_EDGE ( 'NONE', *, *, #1290, .T. ) ;
#562 = DIRECTION ( 'NONE',  ( 1.000000000000000000, -7.590128106266488198E-33, 6.334719985308415494E-17 ) ) ;
#563 = EDGE_CURVE ( 'NONE', #1267, #655, #1467, .T. ) ;
#564 = ADVANCED_FACE ( 'NONE', ( #13 ), #127, .T. ) ;
#565 = DIRECTION ( 'NONE',  ( -0.000000000000000000, -0.000000000000000000, 1.000000000000000000 ) ) ;
#566 = CARTESIAN_POINT ( 'NONE',  ( -9.129999999999999005, 5.004999999999999893, -0.05999999999999997696 ) ) ;
#567 = CARTESIAN_POINT ( 'NONE',  ( 8.624999999999998224, -4.865000000000001101, -0.1200000000000000372 ) ) ;
#568 = DIRECTION ( 'NONE',  ( -1.000000000000000000, 0.000000000000000000, -1.422837496700139435E-16 ) ) ;
#569 = VERTEX_POINT ( 'NONE', #403 ) ;
#570 = PLANE ( 'NONE',  #1646 ) ;
#571 = ORIENTED_EDGE ( 'NONE', *, *, #1456, .F. ) ;
#572 = CARTESIAN_POINT ( 'NONE',  ( 8.624999999999998224, 4.985000000000001208, -0.6300000000000020028 ) ) ;
#573 = CARTESIAN_POINT ( 'NONE',  ( -8.624999999999998224, 4.864999999999999325, -0.06000000000000083045 ) ) ;
#574 = ADVANCED_FACE ( 'NONE', ( #366 ), #219, .F. ) ;
#575 = CIRCLE ( 'NONE', #487, 0.1600000000000004752 ) ;
#576 = CARTESIAN_POINT ( 'NONE',  ( -3.839999999999997637, -4.375000000000000888, -0.06000000000000004635 ) ) ;
#577 = VECTOR ( 'NONE', #422, 39.37007874015748143 ) ;
#578 = DIRECTION ( 'NONE',  ( -0.000000000000000000, -0.000000000000000000, 1.000000000000000000 ) ) ;
#579 = DIRECTION ( 'NONE',  ( 1.000000000000000000, 0.000000000000000000, 0.000000000000000000 ) ) ;
#580 = ORIENTED_EDGE ( 'NONE', *, *, #376, .T. ) ;
#581 = VERTEX_POINT ( 'NONE', #803 ) ;
#582 = CARTESIAN_POINT ( 'NONE',  ( -1.172940446902032091E-30, 4.924999999999999822, 1.911335052409300753E-14 ) ) ;
#583 = VECTOR ( 'NONE', #1270, 39.37007874015748143 ) ;
#584 = CIRCLE ( 'NONE', #243, 0.04749999999999997280 ) ;
#585 = DIRECTION ( 'NONE',  ( -0.000000000000000000, 3.834172622686655990E-15, 1.000000000000000000 ) ) ;
#586 = LINE ( 'NONE', #1122, #102 ) ;
#587 = AXIS2_PLACEMENT_3D ( 'NONE', #712, #40, #543 ) ;
#588 = VECTOR ( 'NONE', #324, 39.37007874015748143 ) ;
#589 = EDGE_CURVE ( 'NONE', #939, #770, #795, .T. ) ;
#590 = EDGE_CURVE ( 'NONE', #873, #1193, #85, .T. ) ;
#591 = ORIENTED_EDGE ( 'NONE', *, *, #145, .F. ) ;
#592 = ORIENTED_EDGE ( 'NONE', *, *, #975, .T. ) ;
#593 = DIRECTION ( 'NONE',  ( 0.000000000000000000, 0.000000000000000000, -1.000000000000000000 ) ) ;
#594 = CARTESIAN_POINT ( 'NONE',  ( -8.624999999999998224, 4.984999999999999432, -0.1200000000000002731 ) ) ;
#595 = FACE_OUTER_BOUND ( 'NONE', #751, .T. ) ;
#596 = ORIENTED_EDGE ( 'NONE', *, *, #177, .T. ) ;
#597 = ADVANCED_FACE ( 'NONE', ( #268 ), #1343, .T. ) ;
#598 = EDGE_LOOP ( 'NONE', ( #604, #950, #1703, #466 ) ) ;
#599 = PLANE ( 'NONE',  #525 ) ;
#600 = VECTOR ( 'NONE', #642, 39.37007874015748143 ) ;
#601 = DIRECTION ( 'NONE',  ( -1.000000000000000000, 0.000000000000000000, 0.000000000000000000 ) ) ;
#602 = LINE ( 'NONE', #456, #496 ) ;
#603 = ORIENTED_EDGE ( 'NONE', *, *, #111, .T. ) ;
#604 = ORIENTED_EDGE ( 'NONE', *, *, #1714, .T. ) ;
#605 = DIRECTION ( 'NONE',  ( 1.000000000000000000, 0.000000000000000000, 0.000000000000000000 ) ) ;
#606 = EDGE_CURVE ( 'NONE', #1648, #1448, #1600, .T. ) ;
#607 = EDGE_LOOP ( 'NONE', ( #1568, #596, #628, #1162 ) ) ;
#608 = LINE ( 'NONE', #203, #1313 ) ;
#609 = CARTESIAN_POINT ( 'NONE',  ( -8.624999999999998224, 4.924999999999999822, 1.911335052409300753E-14 ) ) ;
#610 = VECTOR ( 'NONE', #1371, 39.37007874015748143 ) ;
#611 = ORIENTED_EDGE ( 'NONE', *, *, #363, .F. ) ;
#612 = EDGE_LOOP ( 'NONE', ( #71, #866, #36, #1180 ) ) ;
#613 = DIRECTION ( 'NONE',  ( 0.000000000000000000, 3.834172622686655990E-15, 1.000000000000000000 ) ) ;
#614 = EDGE_CURVE ( 'NONE', #903, #1149, #1566, .T. ) ;
#615 = LINE ( 'NONE', #1417, #1571 ) ;
#616 = DIRECTION ( 'NONE',  ( -1.422837496700139435E-16, 0.000000000000000000, 1.000000000000000000 ) ) ;
#617 = ORIENTED_EDGE ( 'NONE', *, *, #206, .F. ) ;
#618 = VERTEX_POINT ( 'NONE', #1207 ) ;
#619 = DIRECTION ( 'NONE',  ( 0.000000000000000000, 1.000000000000000000, -3.491481338843133750E-15 ) ) ;
#620 = LINE ( 'NONE', #1433, #554 ) ;
#621 = ORIENTED_EDGE ( 'NONE', *, *, #1663, .T. ) ;
#622 = LINE ( 'NONE', #995, #365 ) ;
#623 = EDGE_CURVE ( 'NONE', #1487, #737, #1323, .T. ) ;
#624 = SURFACE_STYLE_USAGE ( .BOTH. , #1292 ) ;
#625 = AXIS2_PLACEMENT_3D ( 'NONE', #371, #649, #1051 ) ;
#626 = ADVANCED_FACE ( 'NONE', ( #1190 ), #1730, .F. ) ;
#627 = ORIENTED_EDGE ( 'NONE', *, *, #563, .T. ) ;
#628 = ORIENTED_EDGE ( 'NONE', *, *, #851, .F. ) ;
#629 = DIRECTION ( 'NONE',  ( 1.000000000000000000, 0.000000000000000000, 0.000000000000000000 ) ) ;
#630 = VERTEX_POINT ( 'NONE', #1124 ) ;
#631 = DIRECTION ( 'NONE',  ( 0.000000000000000000, 0.000000000000000000, 1.000000000000000000 ) ) ;
#632 = CARTESIAN_POINT ( 'NONE',  ( -8.624999999999998224, 4.925000000000001599, -0.6300000000000023359 ) ) ;
#633 = PLANE ( 'NONE',  #850 ) ;
#634 = EDGE_CURVE ( 'NONE', #1447, #939, #1661, .T. ) ;
#635 = VECTOR ( 'NONE', #900, 39.37007874015748143 ) ;
#636 = DIRECTION ( 'NONE',  ( 0.000000000000000000, -0.000000000000000000, 1.000000000000000000 ) ) ;
#637 = VERTEX_POINT ( 'NONE', #855 ) ;
#638 = PLANE ( 'NONE',  #1655 ) ;
#639 = CARTESIAN_POINT ( 'NONE',  ( -8.630999999999998451, -4.985000000000000320, -0.06000000000000006023 ) ) ;
#640 = CARTESIAN_POINT ( 'NONE',  ( 8.624999999999998224, 4.864999999999999325, -0.05999999999999836714 ) ) ;
#641 = AXIS2_PLACEMENT_3D ( 'NONE', #89, #108, #1031 ) ;
#642 = DIRECTION ( 'NONE',  ( -1.000000000000000000, -0.000000000000000000, -0.000000000000000000 ) ) ;
#643 = EDGE_LOOP ( 'NONE', ( #1547, #69, #1582, #336 ) ) ;
#644 = ADVANCED_FACE ( 'NONE', ( #1263 ), #289, .F. ) ;
#645 = FACE_OUTER_BOUND ( 'NONE', #104, .T. ) ;
#646 = ORIENTED_EDGE ( 'NONE', *, *, #376, .F. ) ;
#647 = CARTESIAN_POINT ( 'NONE',  ( 8.624999999999998224, -4.865000000000001101, -0.06000000000000012962 ) ) ;
#648 = DIRECTION ( 'NONE',  ( -1.944692274331607215E-62, 1.000000000000000000, 3.835990623682900600E-15 ) ) ;
#649 = DIRECTION ( 'NONE',  ( -0.000000000000000000, 0.000000000000000000, 1.000000000000000000 ) ) ;
#650 = DIRECTION ( 'NONE',  ( -1.000000000000000000, 0.000000000000000000, 0.000000000000000000 ) ) ;
#651 = ORIENTED_EDGE ( 'NONE', *, *, #51, .T. ) ;
#652 = AXIS2_PLACEMENT_3D ( 'NONE', #1365, #560, #671 ) ;
#653 = PLANE ( 'NONE',  #44 ) ;
#654 = VECTOR ( 'NONE', #1347, 39.37007874015748143 ) ;
#655 = VERTEX_POINT ( 'NONE', #45 ) ;
#656 = EDGE_CURVE ( 'NONE', #1279, #473, #440, .T. ) ;
#657 = DIRECTION ( 'NONE',  ( 0.000000000000000000, 0.000000000000000000, 1.000000000000000000 ) ) ;
#658 = CARTESIAN_POINT ( 'NONE',  ( -9.129999999999999005, -5.005000000000000782, 0.000000000000000000 ) ) ;
#659 = LINE ( 'NONE', #420, #738 ) ;
#660 = CARTESIAN_POINT ( 'NONE',  ( -9.129999999999999005, 5.004999999999999893, -0.6300393700787444429 ) ) ;
#661 = ORIENTED_EDGE ( 'NONE', *, *, #395, .T. ) ;
#662 = AXIS2_PLACEMENT_3D ( 'NONE', #260, #1333, #1396 ) ;
#663 = PLANE ( 'NONE',  #182 ) ;
#664 = ORIENTED_EDGE ( 'NONE', *, *, #1173, .F. ) ;
#665 = AXIS2_PLACEMENT_3D ( 'NONE', #582, #1102, #444 ) ;
#666 = CARTESIAN_POINT ( 'NONE',  ( 6.200000000000001954, -1.548567548408542626E-15, -0.05999999999999999778 ) ) ;
#667 = ADVANCED_FACE ( 'NONE', ( #1097 ), #1633, .F. ) ;
#668 = DIRECTION ( 'NONE',  ( -0.000000000000000000, -3.834172622686655990E-15, -1.000000000000000000 ) ) ;
#669 = LINE ( 'NONE', #1608, #1677 ) ;
#670 = ORIENTED_EDGE ( 'NONE', *, *, #1035, .F. ) ;
#671 = DIRECTION ( 'NONE',  ( -1.000000000000000000, 0.000000000000000000, 0.000000000000000000 ) ) ;
#672 = EDGE_LOOP ( 'NONE', ( #1372, #1169, #1125, #261 ) ) ;
#673 = CARTESIAN_POINT ( 'NONE',  ( -8.624999999999998224, 4.858999999999999986, -0.05999999999999999778 ) ) ;
#674 = DIRECTION ( 'NONE',  ( -1.000000000000000000, 0.000000000000000000, -0.000000000000000000 ) ) ;
#675 = CARTESIAN_POINT ( 'NONE',  ( -8.624999999999998224, -4.985000000000002984, -0.6300000000000020028 ) ) ;
#676 = ADVANCED_FACE ( 'NONE', ( #166 ), #34, .T. ) ;
#677 = LINE ( 'NONE', #1352, #938 ) ;
#678 = DIRECTION ( 'NONE',  ( 1.000000000000000000, 2.352939712942893366E-31, 8.215245099163032142E-46 ) ) ;
#679 = ADVANCED_FACE ( 'NONE', ( #974 ), #1513, .T. ) ;
#680 = ORIENTED_EDGE ( 'NONE', *, *, #170, .T. ) ;
#681 = CARTESIAN_POINT ( 'NONE',  ( -8.971254921336122123, -4.985000000000000320, -0.6300393700787444429 ) ) ;
#682 = ORIENTED_EDGE ( 'NONE', *, *, #1337, .F. ) ;
#683 = PLANE ( 'NONE',  #418 ) ;
#684 = SHAPE_DEFINITION_REPRESENTATION ( #1466, #364 ) ;
#685 = DIRECTION ( 'NONE',  ( 1.000000000000000000, 0.000000000000000000, 0.000000000000000000 ) ) ;
#686 = CARTESIAN_POINT ( 'NONE',  ( 8.961254921336124113, 4.984999999999999432, 0.000000000000000000 ) ) ;
#687 = DIRECTION ( 'NONE',  ( -1.248844797103663186E-16, -1.000000000000000000, 0.000000000000000000 ) ) ;
#688 = ORIENTED_EDGE ( 'NONE', *, *, #734, .T. ) ;
#689 = EDGE_CURVE ( 'NONE', #1098, #1603, #306, .T. ) ;
#690 = EDGE_CURVE ( 'NONE', #1015, #1144, #361, .T. ) ;
#691 = AXIS2_PLACEMENT_3D ( 'NONE', #716, #578, #1130 ) ;
#692 = LINE ( 'NONE', #806, #577 ) ;
#693 = ORIENTED_EDGE ( 'NONE', *, *, #1302, .T. ) ;
#694 = FACE_BOUND ( 'NONE', #1163, .T. ) ;
#695 = AXIS2_PLACEMENT_3D ( 'NONE', #1362, #1644, #687 ) ;
#696 = CARTESIAN_POINT ( 'NONE',  ( -3.839999999999997637, -4.375000000000000888, 0.000000000000000000 ) ) ;
#697 = VECTOR ( 'NONE', #1379, 39.37007874015748143 ) ;
#698 = LINE ( 'NONE', #706, #1092 ) ;
#699 = CARTESIAN_POINT ( 'NONE',  ( -7.620000000000000107, -0.004999999999999536933, -0.06000000000000004635 ) ) ;
#700 = ORIENTED_EDGE ( 'NONE', *, *, #689, .T. ) ;
#701 = CARTESIAN_POINT ( 'NONE',  ( 8.624999999999998224, 4.985000000000001208, -0.6300000000000020028 ) ) ;
#702 = EDGE_CURVE ( 'NONE', #1364, #922, #912, .T. ) ;
#703 = ORIENTED_EDGE ( 'NONE', *, *, #860, .F. ) ;
#704 = CARTESIAN_POINT ( 'NONE',  ( -5.167500000000000426, -0.004999999999999531729, 0.000000000000000000 ) ) ;
#705 = LINE ( 'NONE', #304, #723 ) ;
#706 = CARTESIAN_POINT ( 'NONE',  ( -8.624999999999998224, 4.858999999999999986, -0.06000000000000083045 ) ) ;
#707 = DIRECTION ( 'NONE',  ( -2.352939712942893366E-31, 1.000000000000000000, 3.834172622686662300E-15 ) ) ;
#708 = CARTESIAN_POINT ( 'NONE',  ( -9.129999999999999005, -2.505000000000000782, 0.000000000000000000 ) ) ;
#709 = VERTEX_POINT ( 'NONE', #1640 ) ;
#710 = EDGE_LOOP ( 'NONE', ( #1716, #228, #1316, #1286 ) ) ;
#711 = AXIS2_PLACEMENT_3D ( 'NONE', #1262, #707, #1667 ) ;
#712 = CARTESIAN_POINT ( 'NONE',  ( -8.624999999999998224, -4.985000000000002984, -0.6300000000000020028 ) ) ;
#713 = ADVANCED_FACE ( 'NONE', ( #1526 ), #1094, .F. ) ;
#714 = DIRECTION ( 'NONE',  ( -0.000000000000000000, -0.000000000000000000, 1.000000000000000000 ) ) ;
#715 = VECTOR ( 'NONE', #1108, 39.37007874015748143 ) ;
#716 = CARTESIAN_POINT ( 'NONE',  ( -7.620000000000000107, -0.004999999999999536933, -1.070000000000000062 ) ) ;
#717 = EDGE_LOOP ( 'NONE', ( #1462, #184 ) ) ;
#718 = VERTEX_POINT ( 'NONE', #986 ) ;
#719 = CARTESIAN_POINT ( 'NONE',  ( -5.120000000000000107, -0.004999999999999536933, -1.070000000000000062 ) ) ;
#720 = CARTESIAN_POINT ( 'NONE',  ( -8.624999999999998224, -4.865000000000001101, -1.195183497228115035E-16 ) ) ;
#721 = EDGE_CURVE ( 'NONE', #1471, #473, #1736, .T. ) ;
#722 = DIRECTION ( 'NONE',  ( -1.000000000000000000, 0.000000000000000000, 0.000000000000000000 ) ) ;
#723 = VECTOR ( 'NONE', #1242, 39.37007874015748143 ) ;
#724 = VECTOR ( 'NONE', #739, 39.37007874015748143 ) ;
#725 = ORIENTED_EDGE ( 'NONE', *, *, #1272, .T. ) ;
#726 = ORIENTED_EDGE ( 'NONE', *, *, #187, .T. ) ;
#727 = PRODUCT_DEFINITION_FORMATION_WITH_SPECIFIED_SOURCE ( 'ANY', '', #213, .NOT_KNOWN. ) ;
#728 = CARTESIAN_POINT ( 'NONE',  ( -1.172940446902032091E-30, 4.925000000000001599, -0.6300000000000023359 ) ) ;
#729 = ORIENTED_EDGE ( 'NONE', *, *, #899, .F. ) ;
#730 = CARTESIAN_POINT ( 'NONE',  ( 8.630999999999998451, -4.859000000000000874, -0.06000000000000012962 ) ) ;
#731 = CARTESIAN_POINT ( 'NONE',  ( -9.500000000000000000, -4.985000000000000320, 0.000000000000000000 ) ) ;
#732 = ADVANCED_FACE ( 'NONE', ( #980 ), #1223, .T. ) ;
#733 = ORIENTED_EDGE ( 'NONE', *, *, #689, .F. ) ;
#734 = EDGE_CURVE ( 'NONE', #61, #480, #133, .T. ) ;
#735 = ORIENTED_EDGE ( 'NONE', *, *, #51, .F. ) ;
#736 = DIRECTION ( 'NONE',  ( 1.000000000000000000, 0.000000000000000000, 0.000000000000000000 ) ) ;
#737 = VERTEX_POINT ( 'NONE', #22 ) ;
#738 = VECTOR ( 'NONE', #297, 39.37007874015748143 ) ;
#739 = DIRECTION ( 'NONE',  ( -0.000000000000000000, -0.000000000000000000, 1.000000000000000000 ) ) ;
#740 = LINE ( 'NONE', #463, #890 ) ;
#741 = ORIENTED_EDGE ( 'NONE', *, *, #1281, .T. ) ;
#742 = ORIENTED_EDGE ( 'NONE', *, *, #508, .F. ) ;
#743 = ADVANCED_FACE ( 'NONE', ( #455 ), #287, .F. ) ;
#744 = DIRECTION ( 'NONE',  ( -4.554076863760430722E-31, 1.000000000000000000, -3.834172622686655990E-15 ) ) ;
#745 = ORIENTED_EDGE ( 'NONE', *, *, #1338, .F. ) ;
#746 = CARTESIAN_POINT ( 'NONE',  ( -9.500000000000000000, 4.984999999999999432, -0.05999999999999999778 ) ) ;
#747 = DIRECTION ( 'NONE',  ( 0.000000000000000000, 0.000000000000000000, 1.000000000000000000 ) ) ;
#748 = VECTOR ( 'NONE', #490, 39.37007874015748143 ) ;
#749 = ORIENTED_EDGE ( 'NONE', *, *, #415, .F. ) ;
#750 = VECTOR ( 'NONE', #237, 39.37007874015748143 ) ;
#751 = EDGE_LOOP ( 'NONE', ( #149, #338, #151, #1225 ) ) ;
#752 = DIRECTION ( 'NONE',  ( 1.000000000000000000, 0.000000000000000000, 0.000000000000000000 ) ) ;
#753 = ADVANCED_FACE ( 'NONE', ( #556 ), #819, .F. ) ;
#754 = CARTESIAN_POINT ( 'NONE',  ( -9.500000000000000000, -4.985000000000000320, 0.000000000000000000 ) ) ;
#755 = ORIENTED_EDGE ( 'NONE', *, *, #1103, .F. ) ;
#756 = DIRECTION ( 'NONE',  ( 0.000000000000000000, 0.000000000000000000, 1.000000000000000000 ) ) ;
#757 = DIRECTION ( 'NONE',  ( -1.422837496700139435E-16, 0.000000000000000000, 1.000000000000000000 ) ) ;
#758 =( LENGTH_UNIT ( ) NAMED_UNIT ( * ) SI_UNIT ( $, .METRE. ) );
#759 = EDGE_LOOP ( 'NONE', ( #505, #101, #1188, #1434 ) ) ;
#760 = ORIENTED_EDGE ( 'NONE', *, *, #798, .T. ) ;
#761 = LINE ( 'NONE', #399, #1556 ) ;
#762 = ORIENTED_EDGE ( 'NONE', *, *, #329, .F. ) ;
#763 = LINE ( 'NONE', #1595, #277 ) ;
#764 = FILL_AREA_STYLE_COLOUR ( '', #552 ) ;
#765 = EDGE_CURVE ( 'NONE', #423, #200, #11, .T. ) ;
#766 = EDGE_CURVE ( 'NONE', #1624, #1208, #1213, .T. ) ;
#767 = CARTESIAN_POINT ( 'NONE',  ( -8.624999999999998224, 0.000000000000000000, 0.000000000000000000 ) ) ;
#768 = ORIENTED_EDGE ( 'NONE', *, *, #1435, .F. ) ;
#769 = DIRECTION ( 'NONE',  ( -1.000000000000000000, 0.000000000000000000, 0.000000000000000000 ) ) ;
#770 = VERTEX_POINT ( 'NONE', #428 ) ;
#771 = DIRECTION ( 'NONE',  ( 0.000000000000000000, -1.000000000000000000, 3.841661241090376129E-15 ) ) ;
#772 = LINE ( 'NONE', #231, #332 ) ;
#773 = DIRECTION ( 'NONE',  ( 1.000000000000000000, -0.000000000000000000, -0.000000000000000000 ) ) ;
#774 = VECTOR ( 'NONE', #97, 39.37007874015748143 ) ;
#775 = ADVANCED_FACE ( 'NONE', ( #1631 ), #964, .T. ) ;
#776 = DIRECTION ( 'NONE',  ( 0.000000000000000000, 1.000000000000000000, 0.000000000000000000 ) ) ;
#777 = MECHANICAL_DESIGN_GEOMETRIC_PRESENTATION_REPRESENTATION (  '', ( #1536 ), #1594 ) ;
#778 = ORIENTED_EDGE ( 'NONE', *, *, #1524, .F. ) ;
#779 = AXIS2_PLACEMENT_3D ( 'NONE', #10, #818, #826 ) ;
#780 = AXIS2_PLACEMENT_3D ( 'NONE', #1683, #1674, #469 ) ;
#781 = DIRECTION ( 'NONE',  ( 0.000000000000000000, 1.000000000000000000, 3.699377491420362432E-15 ) ) ;
#782 = EDGE_LOOP ( 'NONE', ( #882, #210, #1236, #1238 ) ) ;
#783 = DIRECTION ( 'NONE',  ( -1.000000000000000000, -0.000000000000000000, -1.422837496700139435E-16 ) ) ;
#784 = LINE ( 'NONE', #1320, #215 ) ;
#785 = LINE ( 'NONE', #1186, #1545 ) ;
#786 = VERTEX_POINT ( 'NONE', #827 ) ;
#787 = DIRECTION ( 'NONE',  ( 0.000000000000000000, 1.000000000000000000, 0.000000000000000000 ) ) ;
#788 = ORIENTED_EDGE ( 'NONE', *, *, #508, .T. ) ;
#789 = EDGE_CURVE ( 'NONE', #1295, #1267, #1368, .T. ) ;
#790 = DIRECTION ( 'NONE',  ( -0.000000000000000000, -0.000000000000000000, 1.000000000000000000 ) ) ;
#791 = VERTEX_POINT ( 'NONE', #576 ) ;
#792 = DIRECTION ( 'NONE',  ( -1.000000000000000000, -0.000000000000000000, -0.000000000000000000 ) ) ;
#793 = LINE ( 'NONE', #1455, #1095 ) ;
#794 = FACE_OUTER_BOUND ( 'NONE', #326, .T. ) ;
#795 = LINE ( 'NONE', #924, #1002 ) ;
#796 = ORIENTED_EDGE ( 'NONE', *, *, #690, .F. ) ;
#797 = CARTESIAN_POINT ( 'NONE',  ( -3.839999999999996749, 4.375000000000000000, -1.070000000000000062 ) ) ;
#798 = EDGE_CURVE ( 'NONE', #430, #531, #698, .T. ) ;
#799 = AXIS2_PLACEMENT_3D ( 'NONE', #291, #1227, #27 ) ;
#800 = ORIENTED_EDGE ( 'NONE', *, *, #1114, .T. ) ;
#801 = LINE ( 'NONE', #1073, #1259 ) ;
#802 = CARTESIAN_POINT ( 'NONE',  ( -9.500000000000000000, 4.984999999999999432, -0.05999999999999999778 ) ) ;
#803 = CARTESIAN_POINT ( 'NONE',  ( -9.285999999999999588, -2.505000000000000782, -0.05999999999999997696 ) ) ;
#804 = ORIENTED_EDGE ( 'NONE', *, *, #190, .F. ) ;
#805 = VECTOR ( 'NONE', #747, 39.37007874015748143 ) ;
#806 = CARTESIAN_POINT ( 'NONE',  ( 8.624999999999998224, 0.000000000000000000, 0.000000000000000000 ) ) ;
#807 = ORIENTED_EDGE ( 'NONE', *, *, #528, .F. ) ;
#808 = VECTOR ( 'NONE', #601, 39.37007874015748143 ) ;
#809 = EDGE_CURVE ( 'NONE', #770, #421, #1252, .T. ) ;
#810 = CARTESIAN_POINT ( 'NONE',  ( 8.624999999999998224, 4.985000000000001208, -0.6300000000000020028 ) ) ;
#811 = EDGE_CURVE ( 'NONE', #1324, #1110, #1351, .T. ) ;
#812 = CARTESIAN_POINT ( 'NONE',  ( 8.624999999999998224, -4.985000000000002984, -0.6300000000000041123 ) ) ;
#813 = PLANE ( 'NONE',  #923 ) ;
#814 = ORIENTED_EDGE ( 'NONE', *, *, #1337, .T. ) ;
#815 = LINE ( 'NONE', #1087, #1696 ) ;
#816 = ORIENTED_EDGE ( 'NONE', *, *, #1003, .F. ) ;
#817 = FACE_OUTER_BOUND ( 'NONE', #1669, .T. ) ;
#818 = DIRECTION ( 'NONE',  ( -0.000000000000000000, -0.000000000000000000, 1.000000000000000000 ) ) ;
#819 = CYLINDRICAL_SURFACE ( 'NONE', #1346, 0.05999999999999990757 ) ;
#820 = EDGE_CURVE ( 'NONE', #1441, #495, #1121, .T. ) ;
#821 = CARTESIAN_POINT ( 'NONE',  ( 8.630999999999998451, 4.858999999999999986, 0.000000000000000000 ) ) ;
#822 = ORIENTED_EDGE ( 'NONE', *, *, #975, .F. ) ;
#823 = DIRECTION ( 'NONE',  ( 0.000000000000000000, -1.000000000000000000, 0.000000000000000000 ) ) ;
#824 = ORIENTED_EDGE ( 'NONE', *, *, #405, .F. ) ;
#825 =( NAMED_UNIT ( * ) SI_UNIT ( $, .STERADIAN. ) SOLID_ANGLE_UNIT ( ) );
#826 = DIRECTION ( 'NONE',  ( 1.000000000000000000, 0.000000000000000000, 0.000000000000000000 ) ) ;
#827 = CARTESIAN_POINT ( 'NONE',  ( -8.624999999999998224, -4.925000000000002487, -0.6300000000000023359 ) ) ;
#828 = CARTESIAN_POINT ( 'NONE',  ( -9.285999999999999588, -2.505000000000000782, -0.6300393700787444429 ) ) ;
#829 = EDGE_CURVE ( 'NONE', #1448, #550, #144, .T. ) ;
#830 = DIRECTION ( 'NONE',  ( -0.000000000000000000, 0.000000000000000000, -1.000000000000000000 ) ) ;
#831 = EDGE_LOOP ( 'NONE', ( #1439, #1027, #693, #617 ) ) ;
#832 = CIRCLE ( 'NONE', #445, 0.05999999999999990757 ) ;
#833 = CARTESIAN_POINT ( 'NONE',  ( -8.630999999999998451, 4.858999999999999986, 0.000000000000000000 ) ) ;
#834 = ORIENTED_EDGE ( 'NONE', *, *, #312, .T. ) ;
#835 = CARTESIAN_POINT ( 'NONE',  ( 8.624999999999998224, -4.925000000000002487, -0.6300000000000042233 ) ) ;
#836 = VECTOR ( 'NONE', #678, 39.37007874015748143 ) ;
#837 = CARTESIAN_POINT ( 'NONE',  ( 8.961254921336118784, -4.985000000000000320, 0.000000000000000000 ) ) ;
#838 = DIRECTION ( 'NONE',  ( 0.000000000000000000, -1.000000000000000000, 0.000000000000000000 ) ) ;
#839 = DIRECTION ( 'NONE',  ( -0.000000000000000000, -0.000000000000000000, 1.000000000000000000 ) ) ;
#840 = CARTESIAN_POINT ( 'NONE',  ( -8.624999999999998224, 4.864999999999999325, -0.1200000000000007311 ) ) ;
#841 = EDGE_LOOP ( 'NONE', ( #290, #1671, #214, #1201 ) ) ;
#842 = CARTESIAN_POINT ( 'NONE',  ( 8.624999999999998224, -4.925000000000000711, -0.1199999999999998151 ) ) ;
#843 = ORIENTED_EDGE ( 'NONE', *, *, #614, .T. ) ;
#844 = EDGE_CURVE ( 'NONE', #1208, #718, #197, .T. ) ;
#845 = DIRECTION ( 'NONE',  ( 0.000000000000000000, 0.000000000000000000, -1.000000000000000000 ) ) ;
#846 = DIRECTION ( 'NONE',  ( 0.000000000000000000, -0.000000000000000000, -1.000000000000000000 ) ) ;
#847 = CARTESIAN_POINT ( 'NONE',  ( 8.624999999999998224, 4.924999999999999822, -0.1199999999999980527 ) ) ;
#848 = ORIENTED_EDGE ( 'NONE', *, *, #614, .F. ) ;
#849 = ORIENTED_EDGE ( 'NONE', *, *, #1004, .F. ) ;
#850 = AXIS2_PLACEMENT_3D ( 'NONE', #387, #232, #1581 ) ;
#851 = EDGE_CURVE ( 'NONE', #1487, #68, #608, .T. ) ;
#852 = LINE ( 'NONE', #754, #1570 ) ;
#853 = CARTESIAN_POINT ( 'NONE',  ( 8.624999999999998224, -4.985000000000000320, -0.1199999999999995931 ) ) ;
#854 = DIRECTION ( 'NONE',  ( 0.000000000000000000, 1.000000000000000000, 0.000000000000000000 ) ) ;
#855 = CARTESIAN_POINT ( 'NONE',  ( 8.961254921336124113, -4.985000000000000320, -0.05999999999999997696 ) ) ;
#856 = ORIENTED_EDGE ( 'NONE', *, *, #1606, .T. ) ;
#857 = VERTEX_POINT ( 'NONE', #720 ) ;
#858 = CARTESIAN_POINT ( 'NONE',  ( -9.500000000000000000, -4.985000000000000320, -0.05999999999999999778 ) ) ;
#859 = AXIS2_PLACEMENT_3D ( 'NONE', #52, #722, #1543 ) ;
#860 = EDGE_CURVE ( 'NONE', #581, #192, #896, .T. ) ;
#861 = CARTESIAN_POINT ( 'NONE',  ( 8.624999999999998224, 0.000000000000000000, 0.000000000000000000 ) ) ;
#862 = CARTESIAN_POINT ( 'NONE',  ( -8.624999999999998224, -4.859000000000000874, -0.06000000000000012962 ) ) ;
#863 = EDGE_CURVE ( 'NONE', #1364, #195, #347, .T. ) ;
#864 = CIRCLE ( 'NONE', #1708, 0.1199999999999999123 ) ;
#865 = VECTOR ( 'NONE', #436, 39.37007874015748143 ) ;
#866 = ORIENTED_EDGE ( 'NONE', *, *, #1194, .T. ) ;
#867 = ORIENTED_EDGE ( 'NONE', *, *, #517, .F. ) ;
#868 = CARTESIAN_POINT ( 'NONE',  ( 6.200000000000002842, 4.375000000000000000, -0.06000000000000004635 ) ) ;
#869 = ORIENTED_EDGE ( 'NONE', *, *, #844, .F. ) ;
#870 = CARTESIAN_POINT ( 'NONE',  ( 8.624999999999998224, 4.858999999999999986, 0.000000000000000000 ) ) ;
#871 = LINE ( 'NONE', #1253, #1473 ) ;
#872 = EDGE_CURVE ( 'NONE', #1043, #495, #1283, .T. ) ;
#873 = VERTEX_POINT ( 'NONE', #330 ) ;
#874 = ORIENTED_EDGE ( 'NONE', *, *, #1315, .F. ) ;
#875 = LINE ( 'NONE', #337, #1231 ) ;
#876 = ORIENTED_EDGE ( 'NONE', *, *, #15, .T. ) ;
#877 = VECTOR ( 'NONE', #668, 39.37007874015748143 ) ;
#878 = DIRECTION ( 'NONE',  ( -0.000000000000000000, -1.000000000000000000, -0.000000000000000000 ) ) ;
#879 = AXIS2_PLACEMENT_3D ( 'NONE', #1461, #629, #1317 ) ;
#880 = CARTESIAN_POINT ( 'NONE',  ( -8.624999999999998224, -4.985000000000002984, -0.6300000000000020028 ) ) ;
#881 = CIRCLE ( 'NONE', #641, 0.1560000000000001941 ) ;
#882 = ORIENTED_EDGE ( 'NONE', *, *, #1314, .F. ) ;
#883 = EDGE_CURVE ( 'NONE', #737, #982, #87, .T. ) ;
#884 = APPLICATION_CONTEXT ( 'automotive_design' ) ;
#885 = ORIENTED_EDGE ( 'NONE', *, *, #467, .F. ) ;
#886 = DIRECTION ( 'NONE',  ( 0.000000000000000000, -0.000000000000000000, -1.000000000000000000 ) ) ;
#887 = DIRECTION ( 'NONE',  ( 0.000000000000000000, 0.000000000000000000, 1.000000000000000000 ) ) ;
#888 = ORIENTED_EDGE ( 'NONE', *, *, #1254, .F. ) ;
#889 = DIRECTION ( 'NONE',  ( 1.000000000000000000, 0.000000000000000000, 0.000000000000000000 ) ) ;
#890 = VECTOR ( 'NONE', #854, 39.37007874015748143 ) ;
#891 = SURFACE_STYLE_FILL_AREA ( #1718 ) ;
#892 = CARTESIAN_POINT ( 'NONE',  ( 8.630999999999998451, 4.858999999999999986, -0.05999999999999836714 ) ) ;
#893 = VECTOR ( 'NONE', #650, 39.37007874015748143 ) ;
#894 = ORIENTED_EDGE ( 'NONE', *, *, #1023, .F. ) ;
#895 = VECTOR ( 'NONE', #294, 39.37007874015748143 ) ;
#896 = CIRCLE ( 'NONE', #136, 0.1560000000000001941 ) ;
#897 = ORIENTED_EDGE ( 'NONE', *, *, #5, .F. ) ;
#898 = LINE ( 'NONE', #1583, #1330 ) ;
#899 = EDGE_CURVE ( 'NONE', #1553, #430, #622, .T. ) ;
#900 = DIRECTION ( 'NONE',  ( -2.497689594207326371E-16, -1.000000000000000000, 0.000000000000000000 ) ) ;
#901 = PLANE ( 'NONE',  #20 ) ;
#902 = PLANE ( 'NONE',  #1416 ) ;
#903 = VERTEX_POINT ( 'NONE', #1276 ) ;
#904 = ORIENTED_EDGE ( 'NONE', *, *, #1652, .F. ) ;
#905 = DIRECTION ( 'NONE',  ( 0.000000000000000000, 0.000000000000000000, 1.000000000000000000 ) ) ;
#906 = EDGE_LOOP ( 'NONE', ( #561, #479, #1046, #539 ) ) ;
#907 = EDGE_CURVE ( 'NONE', #1389, #509, #1697, .T. ) ;
#908 = DIRECTION ( 'NONE',  ( 1.000000000000000000, 0.000000000000000000, 0.000000000000000000 ) ) ;
#909 = LINE ( 'NONE', #1019, #774 ) ;
#910 = CARTESIAN_POINT ( 'NONE',  ( -9.129999999999999005, -2.505000000000000782, -0.05999999999999997696 ) ) ;
#911 = CIRCLE ( 'NONE', #1642, 0.05999999999999990757 ) ;
#912 = LINE ( 'NONE', #447, #21 ) ;
#913 = EDGE_LOOP ( 'NONE', ( #524, #459, #670, #755 ) ) ;
#914 = VERTEX_POINT ( 'NONE', #1666 ) ;
#915 = CARTESIAN_POINT ( 'NONE',  ( 8.624999999999998224, -4.859000000000000874, 0.000000000000000000 ) ) ;
#916 = ORIENTED_EDGE ( 'NONE', *, *, #766, .T. ) ;
#917 = DIRECTION ( 'NONE',  ( -1.000000000000000000, -0.000000000000000000, -0.000000000000000000 ) ) ;
#918 = DIRECTION ( 'NONE',  ( 0.000000000000000000, 1.000000000000000000, -5.420333320762440826E-16 ) ) ;
#919 = CARTESIAN_POINT ( 'NONE',  ( 0.000000000000000000, 0.000000000000000000, 0.000000000000000000 ) ) ;
#920 = AXIS2_PLACEMENT_3D ( 'NONE', #152, #424, #30 ) ;
#921 = EDGE_CURVE ( 'NONE', #1407, #314, #615, .T. ) ;
#922 = VERTEX_POINT ( 'NONE', #1569 ) ;
#923 = AXIS2_PLACEMENT_3D ( 'NONE', #947, #1476, #397 ) ;
#924 = CARTESIAN_POINT ( 'NONE',  ( -8.624999999999998224, 4.985000000000001208, -0.6300000000000020028 ) ) ;
#925 = EDGE_LOOP ( 'NONE', ( #1116, #1107, #1065, #1723 ) ) ;
#926 = DIRECTION ( 'NONE',  ( -1.000000000000000000, 0.000000000000000000, 0.000000000000000000 ) ) ;
#927 = ORIENTED_EDGE ( 'NONE', *, *, #702, .T. ) ;
#928 = DIRECTION ( 'NONE',  ( 0.000000000000000000, 0.000000000000000000, -1.000000000000000000 ) ) ;
#929 = DIRECTION ( 'NONE',  ( -1.000000000000000000, 0.000000000000000000, 0.000000000000000000 ) ) ;
#930 = EDGE_LOOP ( 'NONE', ( #816, #897, #611, #664 ) ) ;
#931 = EDGE_CURVE ( 'NONE', #1144, #569, #211, .T. ) ;
#932 = CARTESIAN_POINT ( 'NONE',  ( 8.624999999999998224, -4.859000000000000874, -0.06000000000000012962 ) ) ;
#933 = ORIENTED_EDGE ( 'NONE', *, *, #1714, .F. ) ;
#934 = DIRECTION ( 'NONE',  ( -0.000000000000000000, -0.000000000000000000, 1.000000000000000000 ) ) ;
#935 = ORIENTED_EDGE ( 'NONE', *, *, #789, .T. ) ;
#936 = DIRECTION ( 'NONE',  ( -1.248844797103663186E-16, -1.000000000000000000, 0.000000000000000000 ) ) ;
#937 = DIRECTION ( 'NONE',  ( 1.000000000000000000, 0.000000000000000000, 0.000000000000000000 ) ) ;
#938 = VECTOR ( 'NONE', #1613, 39.37007874015748143 ) ;
#939 = VERTEX_POINT ( 'NONE', #594 ) ;
#940 = EDGE_CURVE ( 'NONE', #398, #1356, #1533, .T. ) ;
#941 = VECTOR ( 'NONE', #7, 39.37007874015748143 ) ;
#942 = CARTESIAN_POINT ( 'NONE',  ( -7.572499999999999787, -0.004999999999999536933, -1.070000000000000062 ) ) ;
#943 = AXIS2_PLACEMENT_3D ( 'NONE', #1610, #270, #1496 ) ;
#944 = EDGE_CURVE ( 'NONE', #1438, #982, #1012, .T. ) ;
#945 = LINE ( 'NONE', #1349, #1483 ) ;
#946 = DIRECTION ( 'NONE',  ( 0.000000000000000000, 0.000000000000000000, -1.000000000000000000 ) ) ;
#947 = CARTESIAN_POINT ( 'NONE',  ( -9.500000000000000000, -4.985000000000000320, -0.05999999999999999778 ) ) ;
#948 = ORIENTED_EDGE ( 'NONE', *, *, #921, .F. ) ;
#949 = DIRECTION ( 'NONE',  ( 0.000000000000000000, -0.000000000000000000, -1.000000000000000000 ) ) ;
#950 = ORIENTED_EDGE ( 'NONE', *, *, #497, .T. ) ;
#951 =( CONVERSION_BASED_UNIT ( 'INCH', #293 ) LENGTH_UNIT ( ) NAMED_UNIT ( #305 ) );
#952 = CIRCLE ( 'NONE', #135, 0.04749999999999997280 ) ;
#953 = VECTOR ( 'NONE', #493, 39.37007874015748143 ) ;
#954 = ADVANCED_FACE ( 'NONE', ( #65 ), #1137, .T. ) ;
#955 = DIRECTION ( 'NONE',  ( 1.000000000000000000, 0.000000000000000000, 0.000000000000000000 ) ) ;
#956 = CARTESIAN_POINT ( 'NONE',  ( 9.119999999999999218, 5.004999999999999893, -0.6300393700787444429 ) ) ;
#957 =( GEOMETRIC_REPRESENTATION_CONTEXT ( 3 ) GLOBAL_UNCERTAINTY_ASSIGNED_CONTEXT ( ( #458 ) ) GLOBAL_UNIT_ASSIGNED_CONTEXT ( ( #494, #504, #519 ) ) REPRESENTATION_CONTEXT ( 'NONE', 'WORKASPACE' ) );
#958 = CARTESIAN_POINT ( 'NONE',  ( -8.973999999999998423, -2.505000000000000782, -0.05999999999999997696 ) ) ;
#959 = ORIENTED_EDGE ( 'NONE', *, *, #1126, .T. ) ;
#960 = CARTESIAN_POINT ( 'NONE',  ( -9.500000000000000000, 4.984999999999999432, 0.000000000000000000 ) ) ;
#961 = VERTEX_POINT ( 'NONE', #1005 ) ;
#962 = CARTESIAN_POINT ( 'NONE',  ( 0.000000000000000000, 0.000000000000000000, -0.05999999999999999778 ) ) ;
#963 = EDGE_CURVE ( 'NONE', #1149, #961, #1542, .T. ) ;
#964 = PLANE ( 'NONE',  #1681 ) ;
#965 = CARTESIAN_POINT ( 'NONE',  ( 0.000000000000000000, 4.858999999999999986, 0.000000000000000000 ) ) ;
#966 = ORIENTED_EDGE ( 'NONE', *, *, #15, .F. ) ;
#967 = DIRECTION ( 'NONE',  ( -0.000000000000000000, -0.000000000000000000, 1.000000000000000000 ) ) ;
#968 = ORIENTED_EDGE ( 'NONE', *, *, #320, .F. ) ;
#969 = CARTESIAN_POINT ( 'NONE',  ( -8.971254921336122123, 4.984999999999999432, -0.05999999999999997696 ) ) ;
#970 = VECTOR ( 'NONE', #140, 39.37007874015748143 ) ;
#971 = FACE_OUTER_BOUND ( 'NONE', #1175, .T. ) ;
#972 = DIRECTION ( 'NONE',  ( 1.000000000000000000, 0.000000000000000000, -0.000000000000000000 ) ) ;
#973 = LINE ( 'NONE', #1510, #1086 ) ;
#974 = FACE_OUTER_BOUND ( 'NONE', #1016, .T. ) ;
#975 = EDGE_CURVE ( 'NONE', #550, #637, #340, .T. ) ;
#976 = ORIENTED_EDGE ( 'NONE', *, *, #274, .F. ) ;
#977 = CARTESIAN_POINT ( 'NONE',  ( -9.500000000000000000, -4.985000000000000320, -0.05999999999999999778 ) ) ;
#978 = ORIENTED_EDGE ( 'NONE', *, *, #1067, .F. ) ;
#979 = LINE ( 'NONE', #573, #218 ) ;
#980 = FACE_OUTER_BOUND ( 'NONE', #1148, .T. ) ;
#981 = CYLINDRICAL_SURFACE ( 'NONE', #691, 0.04749999999999997280 ) ;
#982 = VERTEX_POINT ( 'NONE', #870 ) ;
#983 = ADVANCED_FACE ( 'NONE', ( #1409 ), #222, .T. ) ;
#984 = ORIENTED_EDGE ( 'NONE', *, *, #1290, .F. ) ;
#985 = FACE_OUTER_BOUND ( 'NONE', #1507, .T. ) ;
#986 = CARTESIAN_POINT ( 'NONE',  ( 8.624999999999998224, -4.985000000000000320, -0.1199999999999995792 ) ) ;
#987 = DIRECTION ( 'NONE',  ( -0.000000000000000000, -0.000000000000000000, 1.000000000000000000 ) ) ;
#988 = DIRECTION ( 'NONE',  ( -4.997212941932031252E-47, 1.000000000000000000, 3.835990623682900600E-15 ) ) ;
#989 = ORIENTED_EDGE ( 'NONE', *, *, #1035, .T. ) ;
#990 = ADVANCED_FACE ( 'NONE', ( #482 ), #1426, .F. ) ;
#991 = ORIENTED_EDGE ( 'NONE', *, *, #590, .T. ) ;
#992 = AXIS2_PLACEMENT_3D ( 'NONE', #1075, #1369, #1096 ) ;
#993 = FACE_OUTER_BOUND ( 'NONE', #612, .T. ) ;
#994 = EDGE_CURVE ( 'NONE', #1438, #914, #377, .T. ) ;
#995 = CARTESIAN_POINT ( 'NONE',  ( -8.624999999999998224, 4.864999999999999325, -0.06000000000000083045 ) ) ;
#996 = CARTESIAN_POINT ( 'NONE',  ( -9.288745078663875887, -4.985000000000000320, 0.000000000000000000 ) ) ;
#997 = ORIENTED_EDGE ( 'NONE', *, *, #537, .T. ) ;
#998 = ORIENTED_EDGE ( 'NONE', *, *, #187, .F. ) ;
#999 = PRESENTATION_LAYER_ASSIGNMENT (  '', '', ( #1536 ) ) ;
#1000 = DIRECTION ( 'NONE',  ( 1.000000000000000000, -0.000000000000000000, 0.000000000000000000 ) ) ;
#1001 = ORIENTED_EDGE ( 'NONE', *, *, #1702, .T. ) ;
#1002 = VECTOR ( 'NONE', #1287, 39.37007874015748143 ) ;
#1003 = EDGE_CURVE ( 'NONE', #1327, #356, #1339, .T. ) ;
#1004 = EDGE_CURVE ( 'NONE', #1324, #1601, #1443, .T. ) ;
#1005 = CARTESIAN_POINT ( 'NONE',  ( 9.278745078663876100, 4.984999999999999432, -0.05999999999999997696 ) ) ;
#1006 = DIRECTION ( 'NONE',  ( 1.000000000000000000, 0.000000000000000000, 0.000000000000000000 ) ) ;
#1007 = AXIS2_PLACEMENT_3D ( 'NONE', #962, #845, #674 ) ;
#1008 = ORIENTED_EDGE ( 'NONE', *, *, #1639, .T. ) ;
#1009 = ORIENTED_EDGE ( 'NONE', *, *, #589, .T. ) ;
#1010 = DIRECTION ( 'NONE',  ( -1.000000000000000000, 0.000000000000000000, 0.000000000000000000 ) ) ;
#1011 = ORIENTED_EDGE ( 'NONE', *, *, #1479, .F. ) ;
#1012 = LINE ( 'NONE', #861, #419 ) ;
#1013 = EDGE_CURVE ( 'NONE', #737, #1537, #401, .T. ) ;
#1014 = LINE ( 'NONE', #639, #470 ) ;
#1015 = VERTEX_POINT ( 'NONE', #230 ) ;
#1016 = EDGE_LOOP ( 'NONE', ( #139, #1419, #205, #169 ) ) ;
#1017 = FACE_OUTER_BOUND ( 'NONE', #1172, .T. ) ;
#1018 = CARTESIAN_POINT ( 'NONE',  ( -9.500000000000000000, -4.985000000000000320, -0.05999999999999999778 ) ) ;
#1019 = CARTESIAN_POINT ( 'NONE',  ( -9.500000000000000000, -4.985000000000000320, -0.05999999999999999778 ) ) ;
#1020 = FACE_OUTER_BOUND ( 'NONE', #607, .T. ) ;
#1021 = ORIENTED_EDGE ( 'NONE', *, *, #829, .F. ) ;
#1022 = EDGE_CURVE ( 'NONE', #61, #1183, #1299, .T. ) ;
#1023 = EDGE_CURVE ( 'NONE', #1100, #1389, #763, .T. ) ;
#1024 = ORIENTED_EDGE ( 'NONE', *, *, #1565, .F. ) ;
#1025 = CARTESIAN_POINT ( 'NONE',  ( 9.500000000000000000, -4.985000000000000320, -0.05999999999999999778 ) ) ;
#1026 = CARTESIAN_POINT ( 'NONE',  ( 8.961254921336120560, 4.984999999999999432, -0.05999999999999999778 ) ) ;
#1027 = ORIENTED_EDGE ( 'NONE', *, *, #1619, .T. ) ;
#1028 = DIRECTION ( 'NONE',  ( -0.000000000000000000, -3.834172622686662300E-15, 1.000000000000000000 ) ) ;
#1029 = CIRCLE ( 'NONE', #1704, 0.1199999999999999123 ) ;
#1030 = DIRECTION ( 'NONE',  ( 1.248844797103663186E-16, 1.000000000000000000, 0.000000000000000000 ) ) ;
#1031 = DIRECTION ( 'NONE',  ( 1.000000000000000000, 0.000000000000000000, 0.000000000000000000 ) ) ;
#1032 = VERTEX_POINT ( 'NONE', #383 ) ;
#1033 = VECTOR ( 'NONE', #1538, 39.37007874015748143 ) ;
#1034 = ORIENTED_EDGE ( 'NONE', *, *, #1265, .F. ) ;
#1035 = EDGE_CURVE ( 'NONE', #1132, #6, #96, .T. ) ;
#1036 = DIRECTION ( 'NONE',  ( -0.000000000000000000, -0.000000000000000000, 1.000000000000000000 ) ) ;
#1037 = VECTOR ( 'NONE', #98, 39.37007874015748143 ) ;
#1038 = ORIENTED_EDGE ( 'NONE', *, *, #883, .F. ) ;
#1039 = DIRECTION ( 'NONE',  ( -1.000000000000000000, 0.000000000000000000, 0.000000000000000000 ) ) ;
#1040 = CARTESIAN_POINT ( 'NONE',  ( 8.624999999999998224, 4.984999999999999432, -0.1199999999999984829 ) ) ;
#1041 = DIRECTION ( 'NONE',  ( -1.000000000000000000, -8.758115402030106693E-47, 1.187759997245332081E-16 ) ) ;
#1042 = ORIENTED_EDGE ( 'NONE', *, *, #1281, .F. ) ;
#1043 = VERTEX_POINT ( 'NONE', #1707 ) ;
#1044 = EDGE_CURVE ( 'NONE', #195, #709, #450, .T. ) ;
#1045 = CARTESIAN_POINT ( 'NONE',  ( 0.000000000000000000, -4.859000000000000874, -0.000000000000000000 ) ) ;
#1046 = ORIENTED_EDGE ( 'NONE', *, *, #425, .F. ) ;
#1047 = ADVANCED_FACE ( 'NONE', ( #1 ), #1066, .T. ) ;
#1048 = CARTESIAN_POINT ( 'NONE',  ( -3.839999999999997637, -4.375000000000000888, 0.000000000000000000 ) ) ;
#1049 = LINE ( 'NONE', #477, #1141 ) ;
#1050 = AXIS2_PLACEMENT_3D ( 'NONE', #1632, #267, #259 ) ;
#1051 = DIRECTION ( 'NONE',  ( 1.000000000000000000, 0.000000000000000000, 0.000000000000000000 ) ) ;
#1052 = ORIENTED_EDGE ( 'NONE', *, *, #240, .F. ) ;
#1053 = CARTESIAN_POINT ( 'NONE',  ( -5.072499999999999787, -0.004999999999999536933, 0.000000000000000000 ) ) ;
#1054 = ORIENTED_EDGE ( 'NONE', *, *, #994, .T. ) ;
#1055 = CARTESIAN_POINT ( 'NONE',  ( 8.624999999999998224, -4.985000000000000320, -0.05999999999999973410 ) ) ;
#1056 = DIRECTION ( 'NONE',  ( 0.000000000000000000, 0.000000000000000000, 1.000000000000000000 ) ) ;
#1057 = ADVANCED_FACE ( 'NONE', ( #1185 ), #1319, .T. ) ;
#1058 = ADVANCED_FACE ( 'NONE', ( #1307 ), #534, .T. ) ;
#1059 = ORIENTED_EDGE ( 'NONE', *, *, #820, .F. ) ;
#1060 = VECTOR ( 'NONE', #787, 39.37007874015748143 ) ;
#1061 = CARTESIAN_POINT ( 'NONE',  ( -3.839999999999996749, 4.375000000000000000, 0.000000000000000000 ) ) ;
#1062 = AXIS2_PLACEMENT_3D ( 'NONE', #1055, #393, #928 ) ;
#1063 = EDGE_LOOP ( 'NONE', ( #1155, #475, #814, #352 ) ) ;
#1064 = PLANE ( 'NONE',  #879 ) ;
#1065 = ORIENTED_EDGE ( 'NONE', *, *, #1563, .T. ) ;
#1066 = PLANE ( 'NONE',  #106 ) ;
#1067 = EDGE_CURVE ( 'NONE', #1015, #1208, #801, .T. ) ;
#1068 = FACE_OUTER_BOUND ( 'NONE', #542, .T. ) ;
#1069 = DIRECTION ( 'NONE',  ( 0.000000000000000000, -1.000000000000000000, 0.000000000000000000 ) ) ;
#1070 = EDGE_LOOP ( 'NONE', ( #1085, #558, #1042, #1615 ) ) ;
#1071 = DIRECTION ( 'NONE',  ( -0.000000000000000000, -0.000000000000000000, 1.000000000000000000 ) ) ;
#1072 = ORIENTED_EDGE ( 'NONE', *, *, #1044, .T. ) ;
#1073 = CARTESIAN_POINT ( 'NONE',  ( -8.624999999999998224, -4.925000000000000711, -0.1199999999999998151 ) ) ;
#1074 = APPLICATION_PROTOCOL_DEFINITION ( 'draft international standard', 'automotive_design', 1998, #1184 ) ;
#1075 = CARTESIAN_POINT ( 'NONE',  ( -9.500000000000000000, 4.984999999999999432, -0.05999999999999999778 ) ) ;
#1076 = DIRECTION ( 'NONE',  ( 0.000000000000000000, 1.000000000000000000, 0.000000000000000000 ) ) ;
#1077 = ORIENTED_EDGE ( 'NONE', *, *, #170, .F. ) ;
#1078 = PRODUCT_DEFINITION ( 'UNKNOWN', '', #727, #319 ) ;
#1079 = ADVANCED_FACE ( 'NONE', ( #123 ), #105, .T. ) ;
#1080 = CARTESIAN_POINT ( 'NONE',  ( 8.624999999999998224, -4.859000000000000874, -0.06000000000000012962 ) ) ;
#1081 = ORIENTED_EDGE ( 'NONE', *, *, #1639, .F. ) ;
#1082 = DIRECTION ( 'NONE',  ( 0.000000000000000000, 0.000000000000000000, -1.000000000000000000 ) ) ;
#1083 = FACE_OUTER_BOUND ( 'NONE', #841, .T. ) ;
#1084 = DIRECTION ( 'NONE',  ( 0.000000000000000000, 0.000000000000000000, 1.000000000000000000 ) ) ;
#1085 = ORIENTED_EDGE ( 'NONE', *, *, #851, .T. ) ;
#1086 = VECTOR ( 'NONE', #1534, 39.37007874015748143 ) ;
#1087 = CARTESIAN_POINT ( 'NONE',  ( 6.200000000000000178, -4.375000000000000888, -1.070000000000000062 ) ) ;
#1088 = ADVANCED_FACE ( 'NONE', ( #257 ), #638, .T. ) ;
#1089 = ORIENTED_EDGE ( 'NONE', *, *, #863, .F. ) ;
#1090 = PLANE ( 'NONE',  #75 ) ;
#1091 = VECTOR ( 'NONE', #1128, 39.37007874015748143 ) ;
#1092 = VECTOR ( 'NONE', #172, 39.37007874015748143 ) ;
#1093 = DIRECTION ( 'NONE',  ( 0.000000000000000000, 0.000000000000000000, -1.000000000000000000 ) ) ;
#1094 = CYLINDRICAL_SURFACE ( 'NONE', #1373, 0.1600000000000004752 ) ;
#1095 = VECTOR ( 'NONE', #1597, 39.37007874015748143 ) ;
#1096 = DIRECTION ( 'NONE',  ( 0.000000000000000000, -0.000000000000000000, 1.000000000000000000 ) ) ;
#1097 = FACE_OUTER_BOUND ( 'NONE', #1294, .T. ) ;
#1098 = VERTEX_POINT ( 'NONE', #1717 ) ;
#1099 = LINE ( 'NONE', #282, #715 ) ;
#1100 = VERTEX_POINT ( 'NONE', #510 ) ;
#1101 = CARTESIAN_POINT ( 'NONE',  ( 7.601663982370088917E-18, 4.984999999999999432, -0.1199999999999990380 ) ) ;
#1102 = DIRECTION ( 'NONE',  ( -2.352939712942893366E-31, 1.000000000000000000, 3.834172622686662300E-15 ) ) ;
#1103 = EDGE_CURVE ( 'NONE', #1193, #1132, #1195, .T. ) ;
#1104 = DIRECTION ( 'NONE',  ( 0.000000000000000000, 0.000000000000000000, 1.000000000000000000 ) ) ;
#1105 = CARTESIAN_POINT ( 'NONE',  ( -5.120000000000000107, -0.004999999999999536933, -0.06000000000000004635 ) ) ;
#1106 = DIRECTION ( 'NONE',  ( -1.422837496700139435E-16, 0.000000000000000000, 1.000000000000000000 ) ) ;
#1107 = ORIENTED_EDGE ( 'NONE', *, *, #131, .T. ) ;
#1108 = DIRECTION ( 'NONE',  ( 0.000000000000000000, 0.000000000000000000, 1.000000000000000000 ) ) ;
#1109 = VECTOR ( 'NONE', #926, 39.37007874015748143 ) ;
#1110 = VERTEX_POINT ( 'NONE', #1472 ) ;
#1111 = VECTOR ( 'NONE', #442, 39.37007874015748143 ) ;
#1112 = DIRECTION ( 'NONE',  ( 0.000000000000000000, 0.000000000000000000, 1.000000000000000000 ) ) ;
#1113 = CARTESIAN_POINT ( 'NONE',  ( 8.624999999999998224, -4.865000000000001101, -0.1200000000000000372 ) ) ;
#1114 = EDGE_CURVE ( 'NONE', #1680, #1193, #945, .T. ) ;
#1115 = CARTESIAN_POINT ( 'NONE',  ( 8.630999999999998451, 4.984999999999999432, -0.05999999999999918593 ) ) ;
#1116 = ORIENTED_EDGE ( 'NONE', *, *, #931, .T. ) ;
#1117 = ORIENTED_EDGE ( 'NONE', *, *, #1216, .F. ) ;
#1118 = LINE ( 'NONE', #1280, #1427 ) ;
#1119 = CIRCLE ( 'NONE', #276, 0.05999999999999990757 ) ;
#1120 = AXIS2_PLACEMENT_3D ( 'NONE', #1452, #246, #1578 ) ;
#1121 = LINE ( 'NONE', #1659, #588 ) ;
#1122 = CARTESIAN_POINT ( 'NONE',  ( -5.072499999999999787, -0.004999999999999536933, -1.070000000000000062 ) ) ;
#1123 = ADVANCED_FACE ( 'NONE', ( #1630, #1508, #143, #1367, #162 ), #49, .T. ) ;
#1124 = CARTESIAN_POINT ( 'NONE',  ( -9.288745078663875887, -4.985000000000000320, -0.05999999999999997696 ) ) ;
#1125 = ORIENTED_EDGE ( 'NONE', *, *, #1182, .T. ) ;
#1126 = EDGE_CURVE ( 'NONE', #1601, #531, #171, .T. ) ;
#1127 = VERTEX_POINT ( 'NONE', #410 ) ;
#1128 = DIRECTION ( 'NONE',  ( 0.000000000000000000, 0.000000000000000000, 1.000000000000000000 ) ) ;
#1129 = DIRECTION ( 'NONE',  ( 1.000000000000000000, 4.554076863760440356E-31, 2.429992646729967215E-31 ) ) ;
#1130 = DIRECTION ( 'NONE',  ( 1.000000000000000000, 0.000000000000000000, 0.000000000000000000 ) ) ;
#1131 = VERTEX_POINT ( 'NONE', #837 ) ;
#1132 = VERTEX_POINT ( 'NONE', #696 ) ;
#1133 = ADVANCED_FACE ( 'NONE', ( #417 ), #31, .F. ) ;
#1134 = AXIS2_PLACEMENT_3D ( 'NONE', #1105, #126, #439 ) ;
#1135 = DIRECTION ( 'NONE',  ( -0.000000000000000000, -0.000000000000000000, 1.000000000000000000 ) ) ;
#1136 = EDGE_LOOP ( 'NONE', ( #591, #46 ) ) ;
#1137 = PLANE ( 'NONE',  #780 ) ;
#1138 = PLANE ( 'NONE',  #859 ) ;
#1139 = EDGE_LOOP ( 'NONE', ( #571, #379, #207, #1318 ) ) ;
#1140 = ORIENTED_EDGE ( 'NONE', *, *, #811, .F. ) ;
#1141 = VECTOR ( 'NONE', #384, 39.37007874015748143 ) ;
#1142 = ADVANCED_FACE ( 'NONE', ( #1083 ), #1621, .T. ) ;
#1143 = CARTESIAN_POINT ( 'NONE',  ( 8.630999999999998451, 4.984999999999999432, -0.05999999999999918593 ) ) ;
#1144 = VERTEX_POINT ( 'NONE', #553 ) ;
#1145 = AXIS2_PLACEMENT_3D ( 'NONE', #546, #1069, #886 ) ;
#1146 = DIRECTION ( 'NONE',  ( -1.000000000000000000, -0.000000000000000000, -0.000000000000000000 ) ) ;
#1147 = DIRECTION ( 'NONE',  ( 0.000000000000000000, -1.000000000000000000, 6.504399984914928991E-15 ) ) ;
#1148 = EDGE_LOOP ( 'NONE', ( #760, #1599, #1636, #1554 ) ) ;
#1149 = VERTEX_POINT ( 'NONE', #1385 ) ;
#1150 = DIRECTION ( 'NONE',  ( -1.000000000000000000, -0.000000000000000000, -0.000000000000000000 ) ) ;
#1151 = CARTESIAN_POINT ( 'NONE',  ( 0.000000000000000000, -4.859000000000000874, -0.000000000000000000 ) ) ;
#1152 = LINE ( 'NONE', #1498, #389 ) ;
#1153 = EDGE_CURVE ( 'NONE', #1495, #443, #1499, .T. ) ;
#1154 = ORIENTED_EDGE ( 'NONE', *, *, #809, .F. ) ;
#1155 = ORIENTED_EDGE ( 'NONE', *, *, #145, .T. ) ;
#1156 = LINE ( 'NONE', #148, #836 ) ;
#1157 = CARTESIAN_POINT ( 'NONE',  ( -9.500000000000000000, 4.984999999999999432, -0.05999999999999999778 ) ) ;
#1158 = CARTESIAN_POINT ( 'NONE',  ( 8.624999999999998224, 4.858999999999999986, -0.05999999999999836714 ) ) ;
#1159 = AXIS2_PLACEMENT_3D ( 'NONE', #391, #150, #129 ) ;
#1160 = PRESENTATION_STYLE_ASSIGNMENT (( #624 ) ) ;
#1161 = ADVANCED_FACE ( 'NONE', ( #971 ), #426, .F. ) ;
#1162 = ORIENTED_EDGE ( 'NONE', *, *, #623, .T. ) ;
#1163 = EDGE_LOOP ( 'NONE', ( #768, #682 ) ) ;
#1164 = FACE_OUTER_BOUND ( 'NONE', #1382, .T. ) ;
#1165 = ORIENTED_EDGE ( 'NONE', *, *, #120, .T. ) ;
#1166 = CARTESIAN_POINT ( 'NONE',  ( 8.624999999999998224, 4.864999999999999325, 1.639108796198557931E-15 ) ) ;
#1167 = AXIS2_PLACEMENT_3D ( 'NONE', #1168, #358, #1211 ) ;
#1168 = CARTESIAN_POINT ( 'NONE',  ( -9.129999999999999005, -2.505000000000000782, -0.6300393700787444429 ) ) ;
#1169 = ORIENTED_EDGE ( 'NONE', *, *, #497, .F. ) ;
#1170 = VECTOR ( 'NONE', #188, 39.37007874015748143 ) ;
#1171 = ADVANCED_FACE ( 'NONE', ( #1378 ), #1612, .T. ) ;
#1172 = EDGE_LOOP ( 'NONE', ( #77, #1257, #621, #976 ) ) ;
#1173 = EDGE_CURVE ( 'NONE', #356, #791, #705, .T. ) ;
#1174 = CARTESIAN_POINT ( 'NONE',  ( -7.667500000000000426, -0.004999999999999531729, -1.070000000000000062 ) ) ;
#1175 = EDGE_LOOP ( 'NONE', ( #703, #522, #1334, #457 ) ) ;
#1176 = CARTESIAN_POINT ( 'NONE',  ( -8.624999999999998224, 4.985000000000001208, -0.6300000000000020028 ) ) ;
#1177 = DIRECTION ( 'NONE',  ( 0.000000000000000000, 1.000000000000000000, -3.491481338843134539E-15 ) ) ;
#1178 = LENGTH_MEASURE_WITH_UNIT ( LENGTH_MEASURE( 0.02539999999999999897 ), #758 );
#1179 = LINE ( 'NONE', #1712, #1724 ) ;
#1180 = ORIENTED_EDGE ( 'NONE', *, *, #341, .F. ) ;
#1181 = CYLINDRICAL_SURFACE ( 'NONE', #1159, 0.1600000000000004752 ) ;
#1182 = EDGE_CURVE ( 'NONE', #1553, #914, #979, .T. ) ;
#1183 = VERTEX_POINT ( 'NONE', #1519 ) ;
#1184 = APPLICATION_CONTEXT ( 'automotive_design' ) ;
#1185 = FACE_OUTER_BOUND ( 'NONE', #1391, .T. ) ;
#1186 = CARTESIAN_POINT ( 'NONE',  ( 8.624999999999998224, 4.924999999999999822, -0.1199999999999987188 ) ) ;
#1187 = VECTOR ( 'NONE', #308, 39.37007874015748143 ) ;
#1188 = ORIENTED_EDGE ( 'NONE', *, *, #1241, .F. ) ;
#1189 = AXIS2_PLACEMENT_3D ( 'NONE', #1589, #115, #1719 ) ;
#1190 = FACE_OUTER_BOUND ( 'NONE', #831, .T. ) ;
#1191 = ORIENTED_EDGE ( 'NONE', *, *, #1544, .F. ) ;
#1192 = FACE_OUTER_BOUND ( 'NONE', #465, .T. ) ;
#1193 = VERTEX_POINT ( 'NONE', #1481 ) ;
#1194 = EDGE_CURVE ( 'NONE', #254, #423, #1649, .T. ) ;
#1195 = LINE ( 'NONE', #1604, #1623 ) ;
#1196 = VECTOR ( 'NONE', #142, 39.37007874015748143 ) ;
#1197 = CYLINDRICAL_SURFACE ( 'NONE', #1298, 0.04749999999999997280 ) ;
#1198 = VECTOR ( 'NONE', #1076, 39.37007874015748143 ) ;
#1199 = DIRECTION ( 'NONE',  ( -1.187759997245332081E-16, -3.491481338843133750E-15, -1.000000000000000000 ) ) ;
#1200 = VECTOR ( 'NONE', #178, 39.37007874015748143 ) ;
#1201 = ORIENTED_EDGE ( 'NONE', *, *, #1629, .F. ) ;
#1202 = VECTOR ( 'NONE', #42, 39.37007874015748143 ) ;
#1203 = CARTESIAN_POINT ( 'NONE',  ( -8.624999999999998224, -4.859000000000000874, -0.06000000000000012962 ) ) ;
#1204 = ORIENTED_EDGE ( 'NONE', *, *, #386, .T. ) ;
#1205 = DIRECTION ( 'NONE',  ( 1.000000000000000000, 0.000000000000000000, 0.000000000000000000 ) ) ;
#1206 = LINE ( 'NONE', #1214, #1274 ) ;
#1207 = CARTESIAN_POINT ( 'NONE',  ( 8.630999999999998451, -4.985000000000000320, 0.000000000000000000 ) ) ;
#1208 = VERTEX_POINT ( 'NONE', #1250 ) ;
#1209 = LINE ( 'NONE', #1203, #122 ) ;
#1210 = ORIENTED_EDGE ( 'NONE', *, *, #907, .F. ) ;
#1211 = DIRECTION ( 'NONE',  ( 1.000000000000000000, 0.000000000000000000, 0.000000000000000000 ) ) ;
#1212 = DIRECTION ( 'NONE',  ( 1.000000000000000000, 0.000000000000000000, 1.422837496700139435E-16 ) ) ;
#1213 = LINE ( 'NONE', #675, #26 ) ;
#1214 = CARTESIAN_POINT ( 'NONE',  ( -9.500000000000000000, 4.984999999999999432, -0.05999999999999999778 ) ) ;
#1215 = AXIS2_PLACEMENT_3D ( 'NONE', #802, #1341, #1739 ) ;
#1216 = EDGE_CURVE ( 'NONE', #1495, #1407, #275, .T. ) ;
#1217 = DIRECTION ( 'NONE',  ( 0.000000000000000000, 0.000000000000000000, -1.000000000000000000 ) ) ;
#1218 = ORIENTED_EDGE ( 'NONE', *, *, #940, .T. ) ;
#1219 = CARTESIAN_POINT ( 'NONE',  ( -8.624999999999998224, 4.864999999999999325, -0.05999999999999999778 ) ) ;
#1220 = ORIENTED_EDGE ( 'NONE', *, *, #820, .T. ) ;
#1221 = LINE ( 'NONE', #1101, #1451 ) ;
#1222 = CARTESIAN_POINT ( 'NONE',  ( 8.624999999999998224, 4.984999999999999432, -0.05999999999999867939 ) ) ;
#1223 = PLANE ( 'NONE',  #1654 ) ;
#1224 = PLANE ( 'NONE',  #992 ) ;
#1225 = ORIENTED_EDGE ( 'NONE', *, *, #1435, .T. ) ;
#1226 = VECTOR ( 'NONE', #1614, 39.37007874015748143 ) ;
#1227 = DIRECTION ( 'NONE',  ( -1.000000000000000000, -0.000000000000000000, -1.422837496700139435E-16 ) ) ;
#1228 = VERTEX_POINT ( 'NONE', #1357 ) ;
#1229 = ADVANCED_FACE ( 'NONE', ( #153 ), #683, .T. ) ;
#1230 = DIRECTION ( 'NONE',  ( 0.000000000000000000, 3.491481338843133750E-15, -1.000000000000000000 ) ) ;
#1231 = VECTOR ( 'NONE', #1288, 39.37007874015748143 ) ;
#1232 = AXIS2_PLACEMENT_3D ( 'NONE', #296, #838, #846 ) ;
#1233 = CARTESIAN_POINT ( 'NONE',  ( 0.000000000000000000, 4.858999999999999986, 0.000000000000000000 ) ) ;
#1234 = CARTESIAN_POINT ( 'NONE',  ( -8.624999999999998224, 4.985000000000001208, -0.6300000000000020028 ) ) ;
#1235 = DIRECTION ( 'NONE',  ( 1.000000000000000000, 0.000000000000000000, 0.000000000000000000 ) ) ;
#1236 = ORIENTED_EDGE ( 'NONE', *, *, #1315, .T. ) ;
#1237 = FACE_OUTER_BOUND ( 'NONE', #441, .T. ) ;
#1238 = ORIENTED_EDGE ( 'NONE', *, *, #921, .T. ) ;
#1239 = FACE_BOUND ( 'NONE', #913, .T. ) ;
#1240 = ADVANCED_FACE ( 'NONE', ( #1017 ), #1548, .F. ) ;
#1241 = EDGE_CURVE ( 'NONE', #404, #509, #1268, .T. ) ;
#1242 = DIRECTION ( 'NONE',  ( -1.000000000000000000, 0.000000000000000000, 0.000000000000000000 ) ) ;
#1243 = CARTESIAN_POINT ( 'NONE',  ( -8.630999999999998451, 4.858999999999999986, -0.06000000000000083045 ) ) ;
#1244 = DIRECTION ( 'NONE',  ( 1.000000000000000000, 0.000000000000000000, 0.000000000000000000 ) ) ;
#1245 = DIRECTION ( 'NONE',  ( -0.000000000000000000, 0.000000000000000000, 1.000000000000000000 ) ) ;
#1246 = EDGE_LOOP ( 'NONE', ( #1535, #1304, #1562, #867 ) ) ;
#1247 = VECTOR ( 'NONE', #905, 39.37007874015748143 ) ;
#1248 = ORIENTED_EDGE ( 'NONE', *, *, #1067, .T. ) ;
#1249 = AXIS2_PLACEMENT_3D ( 'NONE', #1580, #1056, #484 ) ;
#1250 = CARTESIAN_POINT ( 'NONE',  ( -8.624999999999998224, -4.985000000000000320, -0.1199999999999996070 ) ) ;
#1251 = ADVANCED_FACE ( 'NONE', ( #985 ), #220, .T. ) ;
#1252 = LINE ( 'NONE', #1234, #194 ) ;
#1253 = CARTESIAN_POINT ( 'NONE',  ( 6.200000000000002842, 4.375000000000000000, -1.070000000000000062 ) ) ;
#1254 = EDGE_CURVE ( 'NONE', #53, #718, #864, .T. ) ;
#1255 = ORIENTED_EDGE ( 'NONE', *, *, #1469, .F. ) ;
#1256 = VECTOR ( 'NONE', #189, 39.37007874015748143 ) ;
#1257 = ORIENTED_EDGE ( 'NONE', *, *, #656, .T. ) ;
#1258 = LINE ( 'NONE', #1408, #1540 ) ;
#1259 = VECTOR ( 'NONE', #518, 39.37007874015748143 ) ;
#1260 = VECTOR ( 'NONE', #1129, 39.37007874015748143 ) ;
#1261 = CARTESIAN_POINT ( 'NONE',  ( -9.500000000000000000, -4.985000000000000320, 0.000000000000000000 ) ) ;
#1262 = CARTESIAN_POINT ( 'NONE',  ( -1.172940446902032091E-30, 4.984999999999999432, 1.932283940442359742E-14 ) ) ;
#1263 = FACE_OUTER_BOUND ( 'NONE', #283, .T. ) ;
#1264 = PRODUCT_RELATED_PRODUCT_CATEGORY ( 'part', '', ( #213 ) ) ;
#1265 = EDGE_CURVE ( 'NONE', #1110, #480, #1118, .T. ) ;
#1266 = ORIENTED_EDGE ( 'NONE', *, *, #1013, .T. ) ;
#1267 = VERTEX_POINT ( 'NONE', #328 ) ;
#1268 = LINE ( 'NONE', #1532, #1738 ) ;
#1269 = DIRECTION ( 'NONE',  ( 0.000000000000000000, -1.000000000000000000, 0.000000000000000000 ) ) ;
#1270 = DIRECTION ( 'NONE',  ( 1.000000000000000000, 0.000000000000000000, 0.000000000000000000 ) ) ;
#1271 = ORIENTED_EDGE ( 'NONE', *, *, #386, .F. ) ;
#1272 = EDGE_CURVE ( 'NONE', #509, #300, #852, .T. ) ;
#1273 = VERTEX_POINT ( 'NONE', #481 ) ;
#1274 = VECTOR ( 'NONE', #3, 39.37007874015748143 ) ;
#1275 = DIRECTION ( 'NONE',  ( 0.000000000000000000, 0.000000000000000000, 1.000000000000000000 ) ) ;
#1276 = CARTESIAN_POINT ( 'NONE',  ( 9.500000000000000000, -4.985000000000000320, -0.05999999999999999778 ) ) ;
#1277 = FACE_OUTER_BOUND ( 'NONE', #160, .T. ) ;
#1278 = ORIENTED_EDGE ( 'NONE', *, *, #844, .T. ) ;
#1279 = VERTEX_POINT ( 'NONE', #322 ) ;
#1280 = CARTESIAN_POINT ( 'NONE',  ( -9.500000000000000000, 4.984999999999999432, -0.05999999999999999778 ) ) ;
#1281 = EDGE_CURVE ( 'NONE', #922, #488, #1392, .T. ) ;
#1282 = AXIS2_PLACEMENT_3D ( 'NONE', #708, #1245, #579 ) ;
#1283 = LINE ( 'NONE', #1402, #1516 ) ;
#1284 = DIRECTION ( 'NONE',  ( 0.000000000000000000, 0.000000000000000000, -1.000000000000000000 ) ) ;
#1285 = LINE ( 'NONE', #396, #1668 ) ;
#1286 = ORIENTED_EDGE ( 'NONE', *, *, #1254, .T. ) ;
#1287 = DIRECTION ( 'NONE',  ( 0.000000000000000000, 3.834172622686662300E-15, -1.000000000000000000 ) ) ;
#1288 = DIRECTION ( 'NONE',  ( 1.000000000000000000, -7.590128106266488198E-33, 6.334719985308415494E-17 ) ) ;
#1289 = ORIENTED_EDGE ( 'NONE', *, *, #157, .T. ) ;
#1290 = EDGE_CURVE ( 'NONE', #961, #709, #1258, .T. ) ;
#1291 = DIRECTION ( 'NONE',  ( -0.000000000000000000, -0.000000000000000000, 1.000000000000000000 ) ) ;
#1292 = SURFACE_SIDE_STYLE ('',( #891 ) ) ;
#1293 = DIRECTION ( 'NONE',  ( -0.000000000000000000, -0.000000000000000000, 1.000000000000000000 ) ) ;
#1294 = EDGE_LOOP ( 'NONE', ( #796, #1248, #788, #1539 ) ) ;
#1295 = VERTEX_POINT ( 'NONE', #461 ) ;
#1296 = CYLINDRICAL_SURFACE ( 'NONE', #1643, 0.05999999999999990757 ) ;
#1297 = ORIENTED_EDGE ( 'NONE', *, *, #1670, .T. ) ;
#1298 = AXIS2_PLACEMENT_3D ( 'NONE', #529, #33, #557 ) ;
#1299 = LINE ( 'NONE', #265, #1541 ) ;
#1300 = ADVANCED_FACE ( 'NONE', ( #993 ), #1665, .T. ) ;
#1301 =( LENGTH_UNIT ( ) NAMED_UNIT ( * ) SI_UNIT ( $, .METRE. ) );
#1302 = EDGE_CURVE ( 'NONE', #6, #873, #1400, .T. ) ;
#1303 = ORIENTED_EDGE ( 'NONE', *, *, #1576, .F. ) ;
#1304 = ORIENTED_EDGE ( 'NONE', *, *, #485, .T. ) ;
#1305 = DIRECTION ( 'NONE',  ( 0.000000000000000000, 0.000000000000000000, 1.000000000000000000 ) ) ;
#1306 = EDGE_LOOP ( 'NONE', ( #100, #1297, #226, #1700 ) ) ;
#1307 = FACE_OUTER_BOUND ( 'NONE', #1070, .T. ) ;
#1308 = VECTOR ( 'NONE', #1177, 39.37007874015748143 ) ;
#1309 = CARTESIAN_POINT ( 'NONE',  ( -8.630999999999998451, -4.985000000000000320, -0.06000000000000006023 ) ) ;
#1310 = APPLICATION_PROTOCOL_DEFINITION ( 'draft international standard', 'automotive_design', 1998, #884 ) ;
#1311 = DIRECTION ( 'NONE',  ( 0.000000000000000000, 1.000000000000000000, 0.000000000000000000 ) ) ;
#1312 = AXIS2_PLACEMENT_3D ( 'NONE', #209, #744, #613 ) ;
#1313 = VECTOR ( 'NONE', #756, 39.37007874015748143 ) ;
#1314 = EDGE_CURVE ( 'NONE', #1447, #314, #875, .T. ) ;
#1315 = EDGE_CURVE ( 'NONE', #421, #1407, #56, .T. ) ;
#1316 = ORIENTED_EDGE ( 'NONE', *, *, #1616, .T. ) ;
#1317 = DIRECTION ( 'NONE',  ( 0.000000000000000000, 0.000000000000000000, -1.000000000000000000 ) ) ;
#1318 = ORIENTED_EDGE ( 'NONE', *, *, #789, .F. ) ;
#1319 = CYLINDRICAL_SURFACE ( 'NONE', #1625, 0.1199999999999998151 ) ;
#1320 = CARTESIAN_POINT ( 'NONE',  ( -3.839999999999997193, 4.795564020878063753E-16, -0.05999999999999999778 ) ) ;
#1321 = LINE ( 'NONE', #1329, #125 ) ;
#1322 = PLANE ( 'NONE',  #1215 ) ;
#1323 = LINE ( 'NONE', #117, #893 ) ;
#1324 = VERTEX_POINT ( 'NONE', #1687 ) ;
#1325 = ADVANCED_FACE ( 'NONE', ( #64 ), #599, .T. ) ;
#1326 = DIRECTION ( 'NONE',  ( 0.000000000000000000, -0.000000000000000000, -1.000000000000000000 ) ) ;
#1327 = VERTEX_POINT ( 'NONE', #868 ) ;
#1328 = DIRECTION ( 'NONE',  ( 0.000000000000000000, 0.000000000000000000, 1.000000000000000000 ) ) ;
#1329 = CARTESIAN_POINT ( 'NONE',  ( -7.482887982645631231E-17, -4.925000000000002487, -0.6300000000000032241 ) ) ;
#1330 = VECTOR ( 'NONE', #1036, 39.37007874015748143 ) ;
#1331 = FACE_OUTER_BOUND ( 'NONE', #1306, .T. ) ;
#1332 = VECTOR ( 'NONE', #301, 39.37007874015748143 ) ;
#1333 = DIRECTION ( 'NONE',  ( 1.000000000000000000, -2.497689594207326371E-16, 0.000000000000000000 ) ) ;
#1334 = ORIENTED_EDGE ( 'NONE', *, *, #1689, .T. ) ;
#1335 = LINE ( 'NONE', #1045, #1109 ) ;
#1336 = EDGE_LOOP ( 'NONE', ( #1460, #1720, #1009, #1477 ) ) ;
#1337 = EDGE_CURVE ( 'NONE', #1609, #1384, #952, .T. ) ;
#1338 = EDGE_CURVE ( 'NONE', #314, #1537, #1119, .T. ) ;
#1339 = LINE ( 'NONE', #666, #635 ) ;
#1340 = CARTESIAN_POINT ( 'NONE',  ( -8.624999999999998224, -4.865000000000001101, -0.1200000000000000372 ) ) ;
#1341 = DIRECTION ( 'NONE',  ( 0.000000000000000000, 1.000000000000000000, 0.000000000000000000 ) ) ;
#1342 = AXIS2_PLACEMENT_3D ( 'NONE', #1620, #39, #1353 ) ;
#1343 = PLANE ( 'NONE',  #163 ) ;
#1344 = AXIS2_PLACEMENT_3D ( 'NONE', #858, #80, #474 ) ;
#1345 = ORIENTED_EDGE ( 'NONE', *, *, #872, .F. ) ;
#1346 = AXIS2_PLACEMENT_3D ( 'NONE', #50, #1386, #1358 ) ;
#1347 = DIRECTION ( 'NONE',  ( -1.000000000000000000, -4.554076863760440356E-31, -2.429992646729967215E-31 ) ) ;
#1348 = ORIENTED_EDGE ( 'NONE', *, *, #1598, .T. ) ;
#1349 = CARTESIAN_POINT ( 'NONE',  ( -3.839999999999996749, 4.375000000000000000, -1.070000000000000062 ) ) ;
#1350 = ADVANCED_FACE ( 'NONE', ( #1679 ), #1415, .F. ) ;
#1351 = LINE ( 'NONE', #1243, #1202 ) ;
#1352 = CARTESIAN_POINT ( 'NONE',  ( -8.630999999999998451, 0.000000000000000000, -0.000000000000000000 ) ) ;
#1353 = DIRECTION ( 'NONE',  ( 0.000000000000000000, 0.000000000000000000, 1.000000000000000000 ) ) ;
#1354 = VERTEX_POINT ( 'NONE', #1592 ) ;
#1355 = FACE_OUTER_BOUND ( 'NONE', #1685, .T. ) ;
#1356 = VERTEX_POINT ( 'NONE', #915 ) ;
#1357 = CARTESIAN_POINT ( 'NONE',  ( -8.630999999999998451, 4.984999999999999432, 0.000000000000000000 ) ) ;
#1358 = DIRECTION ( 'NONE',  ( 0.000000000000000000, -1.000000000000000000, 3.699377491420362432E-15 ) ) ;
#1359 = EDGE_CURVE ( 'NONE', #1648, #1356, #620, .T. ) ;
#1360 = CARTESIAN_POINT ( 'NONE',  ( 8.961254921336124113, -4.985000000000000320, -0.6300393700787444429 ) ) ;
#1361 = VECTOR ( 'NONE', #1475, 39.37007874015748143 ) ;
#1362 = CARTESIAN_POINT ( 'NONE',  ( -3.839999999999996749, 4.375000000000000000, -1.070000000000000062 ) ) ;
#1363 = ADVANCED_FACE ( 'NONE', ( #1449 ), #1296, .F. ) ;
#1364 = VERTEX_POINT ( 'NONE', #1026 ) ;
#1365 = CARTESIAN_POINT ( 'NONE',  ( 9.119999999999999218, 5.004999999999999893, -0.05999999999999997696 ) ) ;
#1366 = ORIENTED_EDGE ( 'NONE', *, *, #111, .F. ) ;
#1367 = FACE_OUTER_BOUND ( 'NONE', #1413, .T. ) ;
#1368 = LINE ( 'NONE', #544, #697 ) ;
#1369 = DIRECTION ( 'NONE',  ( 0.000000000000000000, 1.000000000000000000, 0.000000000000000000 ) ) ;
#1370 = AXIS2_PLACEMENT_3D ( 'NONE', #471, #1006, #1284 ) ;
#1371 = DIRECTION ( 'NONE',  ( -0.000000000000000000, -0.000000000000000000, 1.000000000000000000 ) ) ;
#1372 = ORIENTED_EDGE ( 'NONE', *, *, #634, .F. ) ;
#1373 = AXIS2_PLACEMENT_3D ( 'NONE', #956, #1509, #685 ) ;
#1374 = EDGE_CURVE ( 'NONE', #1273, #1609, #1567, .T. ) ;
#1375 = LINE ( 'NONE', #960, #970 ) ;
#1376 = ORIENTED_EDGE ( 'NONE', *, *, #1022, .T. ) ;
#1377 =( NAMED_UNIT ( * ) PLANE_ANGLE_UNIT ( ) SI_UNIT ( $, .RADIAN. ) );
#1378 = FACE_OUTER_BOUND ( 'NONE', #1424, .T. ) ;
#1379 = DIRECTION ( 'NONE',  ( 1.000000000000000000, 0.000000000000000000, 0.000000000000000000 ) ) ;
#1380 = CARTESIAN_POINT ( 'NONE',  ( -8.971254921336122123, -4.985000000000000320, -0.05999999999999999778 ) ) ;
#1381 = DIRECTION ( 'NONE',  ( -4.554076863760430722E-31, 1.000000000000000000, -3.834172622686655990E-15 ) ) ;
#1382 = EDGE_LOOP ( 'NONE', ( #762, #1376, #680, #894 ) ) ;
#1383 = ADVANCED_FACE ( 'NONE', ( #119 ), #1064, .T. ) ;
#1384 = VERTEX_POINT ( 'NONE', #244 ) ;
#1385 = CARTESIAN_POINT ( 'NONE',  ( 9.500000000000000000, 4.984999999999999432, -0.05999999999999999778 ) ) ;
#1386 = DIRECTION ( 'NONE',  ( -1.000000000000000000, 0.000000000000000000, 0.000000000000000000 ) ) ;
#1387 = DIRECTION ( 'NONE',  ( 0.000000000000000000, 0.000000000000000000, 1.000000000000000000 ) ) ;
#1388 = VECTOR ( 'NONE', #59, 39.37007874015748143 ) ;
#1389 = VERTEX_POINT ( 'NONE', #112 ) ;
#1390 = CIRCLE ( 'NONE', #652, 0.1600000000000004752 ) ;
#1391 = EDGE_LOOP ( 'NONE', ( #1081, #742, #1278, #888 ) ) ;
#1392 = LINE ( 'NONE', #1143, #1091 ) ;
#1393 = EDGE_CURVE ( 'NONE', #630, #300, #761, .T. ) ;
#1394 = CARTESIAN_POINT ( 'NONE',  ( -9.129999999999999005, -2.505000000000000782, -0.05999999999999997696 ) ) ;
#1395 = CARTESIAN_POINT ( 'NONE',  ( -8.630999999999998451, -4.859000000000000874, -0.06000000000000012962 ) ) ;
#1396 = DIRECTION ( 'NONE',  ( 2.497689594207326371E-16, 1.000000000000000000, 0.000000000000000000 ) ) ;
#1397 = ORIENTED_EDGE ( 'NONE', *, *, #963, .F. ) ;
#1398 = VECTOR ( 'NONE', #1454, 39.37007874015748143 ) ;
#1399 = ORIENTED_EDGE ( 'NONE', *, *, #931, .F. ) ;
#1400 = LINE ( 'NONE', #185, #1033 ) ;
#1401 = AXIS2_PLACEMENT_3D ( 'NONE', #1463, #1735, #1205 ) ;
#1402 = CARTESIAN_POINT ( 'NONE',  ( 8.624999999999998224, -4.925000000000000711, 1.911335052409298228E-14 ) ) ;
#1403 = ADVANCED_FACE ( 'NONE', ( #1470 ), #1732, .T. ) ;
#1404 = CARTESIAN_POINT ( 'NONE',  ( 8.624999999999998224, 4.864999999999999325, -0.1199999999999982747 ) ) ;
#1405 = AXIS2_PLACEMENT_3D ( 'NONE', #658, #1727, #224 ) ;
#1406 = ORIENTED_EDGE ( 'NONE', *, *, #157, .F. ) ;
#1407 = VERTEX_POINT ( 'NONE', #1715 ) ;
#1408 = CARTESIAN_POINT ( 'NONE',  ( 9.278745078663876100, 4.984999999999999432, -0.6300393700787444429 ) ) ;
#1409 = FACE_OUTER_BOUND ( 'NONE', #906, .T. ) ;
#1410 = LINE ( 'NONE', #1115, #1676 ) ;
#1411 = ORIENTED_EDGE ( 'NONE', *, *, #907, .T. ) ;
#1412 = ADVANCED_FACE ( 'NONE', ( #1164 ), #653, .T. ) ;
#1413 = EDGE_LOOP ( 'NONE', ( #688, #1034, #1140, #360, #729, #933, #130, #1484, #1692, #1706, #1577, #1397, #848, #804, #1657, #822, #1021, #1574, #533, #1399, #778, #506, #824, #1546, #256, #1024, #646, #1686 ) ) ;
#1414 = AXIS2_PLACEMENT_3D ( 'NONE', #491, #515, #1602 ) ;
#1415 = PLANE ( 'NONE',  #1312 ) ;
#1416 = AXIS2_PLACEMENT_3D ( 'NONE', #892, #1561, #258 ) ;
#1417 = CARTESIAN_POINT ( 'NONE',  ( 8.624999999999998224, 4.924999999999999822, 1.911335052409300753E-14 ) ) ;
#1418 = FACE_OUTER_BOUND ( 'NONE', #408, .T. ) ;
#1419 = ORIENTED_EDGE ( 'NONE', *, *, #1563, .F. ) ;
#1420 = EDGE_LOOP ( 'NONE', ( #1345, #834, #1289, #1220 ) ) ;
#1421 = CIRCLE ( 'NONE', #1342, 0.1199999999999999123 ) ;
#1422 = DIRECTION ( 'NONE',  ( -0.000000000000000000, -0.000000000000000000, 1.000000000000000000 ) ) ;
#1423 = DIRECTION ( 'NONE',  ( 1.000000000000000000, 0.000000000000000000, 0.000000000000000000 ) ) ;
#1424 = EDGE_LOOP ( 'NONE', ( #916, #978, #343, #1721 ) ) ;
#1425 = AXIS2_PLACEMENT_3D ( 'NONE', #840, #568, #1106 ) ;
#1426 = CYLINDRICAL_SURFACE ( 'NONE', #1401, 0.04749999999999997280 ) ;
#1427 = VECTOR ( 'NONE', #1150, 39.37007874015748143 ) ;
#1428 = LINE ( 'NONE', #223, #191 ) ;
#1429 = LINE ( 'NONE', #640, #559 ) ;
#1430 = ORIENTED_EDGE ( 'NONE', *, *, #1456, .T. ) ;
#1431 = ORIENTED_EDGE ( 'NONE', *, *, #467, .T. ) ;
#1432 = ADVANCED_FACE ( 'NONE', ( #1192 ), #523, .F. ) ;
#1433 = CARTESIAN_POINT ( 'NONE',  ( 8.624999999999998224, -4.859000000000000874, -0.06000000000000012962 ) ) ;
#1434 = ORIENTED_EDGE ( 'NONE', *, *, #1565, .T. ) ;
#1435 = EDGE_CURVE ( 'NONE', #1384, #1609, #350, .T. ) ;
#1436 = DIRECTION ( 'NONE',  ( 0.000000000000000000, 1.000000000000000000, 0.000000000000000000 ) ) ;
#1437 = CARTESIAN_POINT ( 'NONE',  ( 8.630999999999998451, -4.985000000000000320, -0.06000000000000006023 ) ) ;
#1438 = VERTEX_POINT ( 'NONE', #263 ) ;
#1439 = ORIENTED_EDGE ( 'NONE', *, *, #1003, .T. ) ;
#1440 = CARTESIAN_POINT ( 'NONE',  ( -9.129999999999999005, -5.005000000000000782, -0.05999999999999997696 ) ) ;
#1441 = VERTEX_POINT ( 'NONE', #500 ) ;
#1442 = CIRCLE ( 'NONE', #625, 0.1600000000000004752 ) ;
#1443 = LINE ( 'NONE', #369, #1485 ) ;
#1444 = LINE ( 'NONE', #1437, #1398 ) ;
#1445 = LINE ( 'NONE', #378, #1037 ) ;
#1446 = EDGE_CURVE ( 'NONE', #520, #128, #1335, .T. ) ;
#1447 = VERTEX_POINT ( 'NONE', #1695 ) ;
#1448 = VERTEX_POINT ( 'NONE', #94 ) ;
#1449 = FACE_OUTER_BOUND ( 'NONE', #598, .T. ) ;
#1450 = ORIENTED_EDGE ( 'NONE', *, *, #405, .T. ) ;
#1451 = VECTOR ( 'NONE', #562, 39.37007874015748143 ) ;
#1452 = CARTESIAN_POINT ( 'NONE',  ( 9.119999999999999218, 5.004999999999999893, 0.000000000000000000 ) ) ;
#1453 = VECTOR ( 'NONE', #138, 39.37007874015748143 ) ;
#1454 = DIRECTION ( 'NONE',  ( 0.000000000000000000, 0.000000000000000000, 1.000000000000000000 ) ) ;
#1455 = CARTESIAN_POINT ( 'NONE',  ( -9.500000000000000000, 4.984999999999999432, 0.000000000000000000 ) ) ;
#1456 = EDGE_CURVE ( 'NONE', #1032, #1295, #898, .T. ) ;
#1457 = ORIENTED_EDGE ( 'NONE', *, *, #1725, .F. ) ;
#1458 = AXIS2_PLACEMENT_3D ( 'NONE', #566, #714, #307 ) ;
#1459 = CARTESIAN_POINT ( 'NONE',  ( 9.500000000000000000, -4.985000000000000320, 0.000000000000000000 ) ) ;
#1460 = ORIENTED_EDGE ( 'NONE', *, *, #238, .F. ) ;
#1461 = CARTESIAN_POINT ( 'NONE',  ( 9.500000000000000000, -4.985000000000000320, -0.05999999999999999778 ) ) ;
#1462 = ORIENTED_EDGE ( 'NONE', *, *, #79, .F. ) ;
#1463 = CARTESIAN_POINT ( 'NONE',  ( -7.620000000000000107, -0.004999999999999536933, -1.070000000000000062 ) ) ;
#1464 = CARTESIAN_POINT ( 'NONE',  ( -8.624999999999998224, -4.865000000000001101, -1.195183497228115035E-16 ) ) ;
#1465 = CARTESIAN_POINT ( 'NONE',  ( 8.624999999999998224, 4.858999999999999986, -0.05999999999999836714 ) ) ;
#1466 = PRODUCT_DEFINITION_SHAPE ( 'NONE', 'NONE',  #1078 ) ;
#1467 = LINE ( 'NONE', #1459, #1198 ) ;
#1468 = ORIENTED_EDGE ( 'NONE', *, *, #528, .T. ) ;
#1469 = EDGE_CURVE ( 'NONE', #903, #1267, #1575, .T. ) ;
#1470 = FACE_OUTER_BOUND ( 'NONE', #643, .T. ) ;
#1471 = VERTEX_POINT ( 'NONE', #1053 ) ;
#1472 = CARTESIAN_POINT ( 'NONE',  ( -8.630999999999998451, 4.984999999999999432, -0.05999999999999999778 ) ) ;
#1473 = VECTOR ( 'NONE', #1651, 39.37007874015748143 ) ;
#1474 = VECTOR ( 'NONE', #790, 39.37007874015748143 ) ;
#1475 = DIRECTION ( 'NONE',  ( -1.000000000000000000, -8.758115402030106693E-47, 1.187759997245332081E-16 ) ) ;
#1476 = DIRECTION ( 'NONE',  ( 0.000000000000000000, -1.000000000000000000, 0.000000000000000000 ) ) ;
#1477 = ORIENTED_EDGE ( 'NONE', *, *, #809, .T. ) ;
#1478 = LINE ( 'NONE', #1647, #1111 ) ;
#1479 = EDGE_CURVE ( 'NONE', #254, #630, #575, .T. ) ;
#1480 = ORIENTED_EDGE ( 'NONE', *, *, #425, .T. ) ;
#1481 = CARTESIAN_POINT ( 'NONE',  ( -3.839999999999996749, 4.375000000000000000, 0.000000000000000000 ) ) ;
#1482 = FACE_OUTER_BOUND ( 'NONE', #74, .T. ) ;
#1483 = VECTOR ( 'NONE', #565, 39.37007874015748143 ) ;
#1484 = ORIENTED_EDGE ( 'NONE', *, *, #623, .F. ) ;
#1485 = VECTOR ( 'NONE', #631, 39.37007874015748143 ) ;
#1486 = LINE ( 'NONE', #159, #1332 ) ;
#1487 = VERTEX_POINT ( 'NONE', #381 ) ;
#1488 = FACE_BOUND ( 'NONE', #1522, .T. ) ;
#1489 = ADVANCED_FACE ( 'NONE', ( #645 ), #1181, .F. ) ;
#1490 = CARTESIAN_POINT ( 'NONE',  ( 8.624999999999998224, 4.984999999999999432, -0.05999999999999867939 ) ) ;
#1491 = ADVANCED_FACE ( 'NONE', ( #1355 ), #663, .T. ) ;
#1492 = CARTESIAN_POINT ( 'NONE',  ( -5.120000000000000107, -0.004999999999999536933, 0.000000000000000000 ) ) ;
#1493 = DIRECTION ( 'NONE',  ( -0.000000000000000000, -0.000000000000000000, 1.000000000000000000 ) ) ;
#1494 = CARTESIAN_POINT ( 'NONE',  ( -8.624999999999998224, 4.984999999999999432, -0.1199999999999996070 ) ) ;
#1495 = VERTEX_POINT ( 'NONE', #701 ) ;
#1496 = DIRECTION ( 'NONE',  ( -1.000000000000000000, 6.829619984160637733E-15, 0.000000000000000000 ) ) ;
#1497 = ORIENTED_EDGE ( 'NONE', *, *, #944, .T. ) ;
#1498 = CARTESIAN_POINT ( 'NONE',  ( -8.971254921336122123, 4.984999999999999432, -0.6300393700787444429 ) ) ;
#1499 = LINE ( 'NONE', #1490, #895 ) ;
#1500 = DIRECTION ( 'NONE',  ( -0.000000000000000000, 0.000000000000000000, -1.000000000000000000 ) ) ;
#1501 = EDGE_CURVE ( 'NONE', #382, #388, #1517, .T. ) ;
#1502 = DIRECTION ( 'NONE',  ( 0.000000000000000000, 0.000000000000000000, -1.000000000000000000 ) ) ;
#1503 = VECTOR ( 'NONE', #1235, 39.37007874015748143 ) ;
#1504 = CARTESIAN_POINT ( 'NONE',  ( -8.624999999999998224, -4.865000000000001101, -0.1200000000000000372 ) ) ;
#1505 = ORIENTED_EDGE ( 'NONE', *, *, #451, .T. ) ;
#1506 = CARTESIAN_POINT ( 'NONE',  ( 8.624999999999998224, 4.864999999999999325, -0.05999999999999999778 ) ) ;
#1507 = EDGE_LOOP ( 'NONE', ( #1691, #603, #269, #1450 ) ) ;
#1508 = FACE_BOUND ( 'NONE', #1136, .T. ) ;
#1509 = DIRECTION ( 'NONE',  ( -0.000000000000000000, -0.000000000000000000, 1.000000000000000000 ) ) ;
#1510 = CARTESIAN_POINT ( 'NONE',  ( 8.624999999999998224, -4.985000000000000320, -0.1199999999999995792 ) ) ;
#1511 = VECTOR ( 'NONE', #757, 39.37007874015748143 ) ;
#1512 = EDGE_CURVE ( 'NONE', #254, #281, #532, .T. ) ;
#1513 = PLANE ( 'NONE',  #1515 ) ;
#1514 = ORIENTED_EDGE ( 'NONE', *, *, #363, .T. ) ;
#1515 = AXIS2_PLACEMENT_3D ( 'NONE', #310, #1381, #174 ) ;
#1516 = VECTOR ( 'NONE', #476, 39.37007874015748143 ) ;
#1517 = LINE ( 'NONE', #1635, #1694 ) ;
#1518 = ORIENTED_EDGE ( 'NONE', *, *, #206, .T. ) ;
#1519 = CARTESIAN_POINT ( 'NONE',  ( -9.500000000000000000, 4.984999999999999432, -0.05999999999999999778 ) ) ;
#1520 = DIRECTION ( 'NONE',  ( 0.000000000000000000, 0.000000000000000000, 1.000000000000000000 ) ) ;
#1521 = LINE ( 'NONE', #342, #1734 ) ;
#1522 = EDGE_LOOP ( 'NONE', ( #141, #93 ) ) ;
#1523 = ORIENTED_EDGE ( 'NONE', *, *, #1689, .F. ) ;
#1524 = EDGE_CURVE ( 'NONE', #388, #1144, #1209, .T. ) ;
#1525 = DIRECTION ( 'NONE',  ( -0.000000000000000000, -0.000000000000000000, 1.000000000000000000 ) ) ;
#1526 = FACE_OUTER_BOUND ( 'NONE', #25, .T. ) ;
#1527 = CARTESIAN_POINT ( 'NONE',  ( -8.630999999999998451, -4.985000000000000320, 0.000000000000000000 ) ) ;
#1528 = CLOSED_SHELL ( 'NONE', ( #990, #1240, #1161, #1300, #564, #90, #1412, #1123, #478, #548, #28, #983, #60, #1383, #1491, #1058, #1682, #134, #732, #954, #351, #1403, #1325, #1047, #1607, #1251, #273, #676, #460, #1142, #1363, #1229, #1088, #221, #1133, #498, #775, #667, #1057, #753, #1079, #1171, #1350, #679, #597, #574, #713, #146, #1489, #437, #62, #252, #626, #743, #644, #1432 ) ) ;
#1529 = EDGE_LOOP ( 'NONE', ( #745, #63, #38, #1271 ) ) ;
#1530 = ORIENTED_EDGE ( 'NONE', *, *, #1126, .F. ) ;
#1531 = EDGE_CURVE ( 'NONE', #1127, #1384, #1742, .T. ) ;
#1532 = CARTESIAN_POINT ( 'NONE',  ( -9.500000000000000000, -4.985000000000000320, -0.05999999999999999778 ) ) ;
#1533 = LINE ( 'NONE', #1151, #808 ) ;
#1534 = DIRECTION ( 'NONE',  ( -1.916926198979818108E-61, -1.000000000000000000, 3.835990623682900600E-15 ) ) ;
#1535 = ORIENTED_EDGE ( 'NONE', *, *, #589, .F. ) ;
#1536 = STYLED_ITEM ( 'NONE', ( #1160 ), #464 ) ;
#1537 = VERTEX_POINT ( 'NONE', #1506 ) ;
#1538 = DIRECTION ( 'NONE',  ( 2.497689594207326371E-16, 1.000000000000000000, -0.000000000000000000 ) ) ;
#1539 = ORIENTED_EDGE ( 'NONE', *, *, #451, .F. ) ;
#1540 = VECTOR ( 'NONE', #1135, 39.37007874015748143 ) ;
#1541 = VECTOR ( 'NONE', #792, 39.37007874015748143 ) ;
#1542 = LINE ( 'NONE', #72, #1709 ) ;
#1543 = DIRECTION ( 'NONE',  ( 0.000000000000000000, 0.000000000000000000, 1.000000000000000000 ) ) ;
#1544 = EDGE_CURVE ( 'NONE', #1364, #961, #1390, .T. ) ;
#1545 = VECTOR ( 'NONE', #648, 39.37007874015748143 ) ;
#1546 = ORIENTED_EDGE ( 'NONE', *, *, #1194, .F. ) ;
#1547 = ORIENTED_EDGE ( 'NONE', *, *, #320, .T. ) ;
#1548 = CYLINDRICAL_SURFACE ( 'NONE', #309, 0.04749999999999997280 ) ;
#1549 = ORIENTED_EDGE ( 'NONE', *, *, #1241, .T. ) ;
#1550 = DIRECTION ( 'NONE',  ( -1.000000000000000000, 0.000000000000000000, 0.000000000000000000 ) ) ;
#1551 = LINE ( 'NONE', #880, #1308 ) ;
#1552 = EDGE_CURVE ( 'NONE', #1448, #398, #1478, .T. ) ;
#1553 = VERTEX_POINT ( 'NONE', #1219 ) ;
#1554 = ORIENTED_EDGE ( 'NONE', *, *, #899, .T. ) ;
#1555 = LINE ( 'NONE', #4, #1226 ) ;
#1556 = VECTOR ( 'NONE', #934, 39.37007874015748143 ) ;
#1557 = DIRECTION ( 'NONE',  ( 0.000000000000000000, 0.000000000000000000, 1.000000000000000000 ) ) ;
#1558 = CIRCLE ( 'NONE', #799, 0.1199999999999999123 ) ;
#1559 = DIRECTION ( 'NONE',  ( 0.000000000000000000, -1.000000000000000000, 5.420333320762440826E-16 ) ) ;
#1560 = CARTESIAN_POINT ( 'NONE',  ( -9.500000000000000000, -4.985000000000000320, -0.05999999999999999778 ) ) ;
#1561 = DIRECTION ( 'NONE',  ( 0.000000000000000000, 1.000000000000000000, -0.000000000000000000 ) ) ;
#1562 = ORIENTED_EDGE ( 'NONE', *, *, #1153, .F. ) ;
#1563 = EDGE_CURVE ( 'NONE', #1043, #1015, #16, .T. ) ;
#1564 = ORIENTED_EDGE ( 'NONE', *, *, #1701, .T. ) ;
#1565 = EDGE_CURVE ( 'NONE', #404, #630, #1486, .T. ) ;
#1566 = LINE ( 'NONE', #1025, #1060 ) ;
#1567 = LINE ( 'NONE', #1174, #1474 ) ;
#1568 = ORIENTED_EDGE ( 'NONE', *, *, #883, .T. ) ;
#1569 = CARTESIAN_POINT ( 'NONE',  ( 8.630999999999993122, 4.984999999999999432, -0.05999999999999999778 ) ) ;
#1570 = VECTOR ( 'NONE', #605, 39.37007874015748143 ) ;
#1571 = VECTOR ( 'NONE', #1028, 39.37007874015748143 ) ;
#1572 = LINE ( 'NONE', #239, #1511 ) ;
#1573 = ORIENTED_EDGE ( 'NONE', *, *, #286, .T. ) ;
#1574 = ORIENTED_EDGE ( 'NONE', *, *, #606, .F. ) ;
#1575 = LINE ( 'NONE', #367, #1247 ) ;
#1576 = EDGE_CURVE ( 'NONE', #1032, #637, #353, .T. ) ;
#1577 = ORIENTED_EDGE ( 'NONE', *, *, #1544, .T. ) ;
#1578 = DIRECTION ( 'NONE',  ( 1.000000000000000000, 0.000000000000000000, 0.000000000000000000 ) ) ;
#1579 = CARTESIAN_POINT ( 'NONE',  ( 8.624999999999998224, 4.864999999999999325, -0.1199999999999982747 ) ) ;
#1580 = CARTESIAN_POINT ( 'NONE',  ( -5.120000000000000107, -0.004999999999999536933, 0.000000000000000000 ) ) ;
#1581 = DIRECTION ( 'NONE',  ( 0.000000000000000000, -0.000000000000000000, -1.000000000000000000 ) ) ;
#1582 = ORIENTED_EDGE ( 'NONE', *, *, #262, .F. ) ;
#1583 = CARTESIAN_POINT ( 'NONE',  ( 9.278745078663876100, -4.985000000000000320, -0.6300393700787444429 ) ) ;
#1584 = EDGE_LOOP ( 'NONE', ( #1431, #966, #118, #344 ) ) ;
#1585 = AXIS2_PLACEMENT_3D ( 'NONE', #699, #1502, #156 ) ;
#1586 = EDGE_CURVE ( 'NONE', #791, #1132, #313, .T. ) ;
#1587 = CARTESIAN_POINT ( 'NONE',  ( 8.630999999999998451, 4.984999999999999432, -0.05999999999999918593 ) ) ;
#1588 = CARTESIAN_POINT ( 'NONE',  ( 6.200000000000000178, -4.375000000000000888, -0.06000000000000004635 ) ) ;
#1589 = CARTESIAN_POINT ( 'NONE',  ( -5.120000000000000107, -0.004999999999999536933, -0.06000000000000004635 ) ) ;
#1590 = CARTESIAN_POINT ( 'NONE',  ( 8.624999999999998224, -4.865000000000001101, 0.000000000000000000 ) ) ;
#1591 = ORIENTED_EDGE ( 'NONE', *, *, #1446, .F. ) ;
#1592 = CARTESIAN_POINT ( 'NONE',  ( -5.072499999999999787, -0.004999999999999536933, -0.06000000000000004635 ) ) ;
#1593 = ORIENTED_EDGE ( 'NONE', *, *, #1216, .T. ) ;
#1594 =( GEOMETRIC_REPRESENTATION_CONTEXT ( 3 ) GLOBAL_UNCERTAINTY_ASSIGNED_CONTEXT ( ( #91 ) ) GLOBAL_UNIT_ASSIGNED_CONTEXT ( ( #951, #1377, #825 ) ) REPRESENTATION_CONTEXT ( 'NONE', 'WORKASPACE' ) );
#1595 = CARTESIAN_POINT ( 'NONE',  ( -9.500000000000000000, 4.984999999999999432, 0.000000000000000000 ) ) ;
#1596 = AXIS2_PLACEMENT_3D ( 'NONE', #1492, #1104, #155 ) ;
#1597 = DIRECTION ( 'NONE',  ( -1.000000000000000000, -0.000000000000000000, -0.000000000000000000 ) ) ;
#1598 = EDGE_CURVE ( 'NONE', #1356, #53, #692, .T. ) ;
#1599 = ORIENTED_EDGE ( 'NONE', *, *, #415, .T. ) ;
#1600 = LINE ( 'NONE', #932, #1453 ) ;
#1601 = VERTEX_POINT ( 'NONE', #833 ) ;
#1602 = DIRECTION ( 'NONE',  ( 1.000000000000000000, 0.000000000000000000, 0.000000000000000000 ) ) ;
#1603 = VERTEX_POINT ( 'NONE', #541 ) ;
#1604 = CARTESIAN_POINT ( 'NONE',  ( -3.839999999999996749, 4.375000000000000000, 0.000000000000000000 ) ) ;
#1605 = PRODUCT_CONTEXT ( 'NONE', #884, 'mechanical' ) ;
#1606 = EDGE_CURVE ( 'NONE', #655, #709, #1375, .T. ) ;
#1607 = ADVANCED_FACE ( 'NONE', ( #1237 ), #570, .T. ) ;
#1608 = CARTESIAN_POINT ( 'NONE',  ( -8.973999999999998423, -2.505000000000000782, -0.6300393700787444429 ) ) ;
#1609 = VERTEX_POINT ( 'NONE', #549 ) ;
#1610 = CARTESIAN_POINT ( 'NONE',  ( 9.119999999999999218, -5.005000000000001670, -0.05999999999999997696 ) ) ;
#1611 = ORIENTED_EDGE ( 'NONE', *, *, #940, .F. ) ;
#1612 = PLANE ( 'NONE',  #587 ) ;
#1613 = DIRECTION ( 'NONE',  ( 0.000000000000000000, -1.000000000000000000, 0.000000000000000000 ) ) ;
#1614 = DIRECTION ( 'NONE',  ( 0.000000000000000000, -1.000000000000000000, 0.000000000000000000 ) ) ;
#1615 = ORIENTED_EDGE ( 'NONE', *, *, #299, .T. ) ;
#1616 = EDGE_CURVE ( 'NONE', #569, #53, #1099, .T. ) ;
#1617 = DIRECTION ( 'NONE',  ( 1.000000000000000000, 0.000000000000000000, 0.000000000000000000 ) ) ;
#1618 = EDGE_LOOP ( 'NONE', ( #453, #452 ) ) ;
#1619 = EDGE_CURVE ( 'NONE', #356, #6, #815, .T. ) ;
#1620 = CARTESIAN_POINT ( 'NONE',  ( -8.624999999999998224, -4.865000000000001101, -0.1200000000000000372 ) ) ;
#1621 = CYLINDRICAL_SURFACE ( 'NONE', #247, 0.1199999999999998151 ) ;
#1622 = CARTESIAN_POINT ( 'NONE',  ( -9.500000000000000000, -4.985000000000000320, 0.000000000000000000 ) ) ;
#1623 = VECTOR ( 'NONE', #936, 39.37007874015748143 ) ;
#1624 = VERTEX_POINT ( 'NONE', #1626 ) ;
#1625 = AXIS2_PLACEMENT_3D ( 'NONE', #132, #1039, #771 ) ;
#1626 = CARTESIAN_POINT ( 'NONE',  ( -8.624999999999998224, -4.985000000000002984, -0.6300000000000020028 ) ) ;
#1627 = ORIENTED_EDGE ( 'NONE', *, *, #1598, .F. ) ;
#1628 = DIRECTION ( 'NONE',  ( -1.000000000000000000, -0.000000000000000000, -1.422837496700139435E-16 ) ) ;
#1629 = EDGE_CURVE ( 'NONE', #914, #939, #1558, .T. ) ;
#1630 = FACE_BOUND ( 'NONE', #930, .T. ) ;
#1631 = FACE_OUTER_BOUND ( 'NONE', #710, .T. ) ;
#1632 = CARTESIAN_POINT ( 'NONE',  ( 9.119999999999999218, -5.005000000000001670, -0.6300393700787444429 ) ) ;
#1633 = PLANE ( 'NONE',  #216 ) ;
#1634 = ORIENTED_EDGE ( 'NONE', *, *, #385, .T. ) ;
#1635 = CARTESIAN_POINT ( 'NONE',  ( -8.630999999999998451, -4.859000000000000874, -0.06000000000000012962 ) ) ;
#1636 = ORIENTED_EDGE ( 'NONE', *, *, #1182, .F. ) ;
#1637 = DIRECTION ( 'NONE',  ( -0.000000000000000000, -0.000000000000000000, 1.000000000000000000 ) ) ;
#1638 = CARTESIAN_POINT ( 'NONE',  ( 8.624999999999998224, 4.864999999999999325, -0.1199999999999982747 ) ) ;
#1639 = EDGE_CURVE ( 'NONE', #857, #53, #394, .T. ) ;
#1640 = CARTESIAN_POINT ( 'NONE',  ( 9.278745078663872548, 4.984999999999999432, 0.000000000000000000 ) ) ;
#1641 = CARTESIAN_POINT ( 'NONE',  ( -8.630999999999998451, -4.859000000000000874, 0.000000000000000000 ) ) ;
#1642 = AXIS2_PLACEMENT_3D ( 'NONE', #567, #411, #1084 ) ;
#1643 = AXIS2_PLACEMENT_3D ( 'NONE', #374, #227, #781 ) ;
#1644 = DIRECTION ( 'NONE',  ( -1.000000000000000000, 1.248844797103663186E-16, 0.000000000000000000 ) ) ;
#1645 = ORIENTED_EDGE ( 'NONE', *, *, #229, .F. ) ;
#1646 = AXIS2_PLACEMENT_3D ( 'NONE', #1080, #414, #949 ) ;
#1647 = CARTESIAN_POINT ( 'NONE',  ( 8.630999999999998451, -4.859000000000000874, -0.06000000000000012962 ) ) ;
#1648 = VERTEX_POINT ( 'NONE', #1699 ) ;
#1649 = LINE ( 'NONE', #315, #1200 ) ;
#1650 = CARTESIAN_POINT ( 'NONE',  ( -8.624999999999998224, 4.864999999999999325, -0.06000000000000083045 ) ) ;
#1651 = DIRECTION ( 'NONE',  ( -0.000000000000000000, -0.000000000000000000, 1.000000000000000000 ) ) ;
#1652 = EDGE_CURVE ( 'NONE', #495, #786, #1321, .T. ) ;
#1653 = ORIENTED_EDGE ( 'NONE', *, *, #1586, .T. ) ;
#1654 = AXIS2_PLACEMENT_3D ( 'NONE', #1650, #316, #1520 ) ;
#1655 = AXIS2_PLACEMENT_3D ( 'NONE', #1176, #527, #657 ) ;
#1656 = AXIS2_PLACEMENT_3D ( 'NONE', #1587, #1726, #1328 ) ;
#1657 = ORIENTED_EDGE ( 'NONE', *, *, #1576, .T. ) ;
#1658 = DIRECTION ( 'NONE',  ( 1.000000000000000000, 0.000000000000000000, 1.422837496700139435E-16 ) ) ;
#1659 = CARTESIAN_POINT ( 'NONE',  ( 8.624999999999998224, -4.985000000000002984, -0.6300000000000041123 ) ) ;
#1660 = DIRECTION ( 'NONE',  ( 0.000000000000000000, 0.000000000000000000, -1.000000000000000000 ) ) ;
#1661 = LINE ( 'NONE', #1494, #390 ) ;
#1662 = ORIENTED_EDGE ( 'NONE', *, *, #863, .T. ) ;
#1663 = EDGE_CURVE ( 'NONE', #473, #1471, #266, .T. ) ;
#1664 = ORIENTED_EDGE ( 'NONE', *, *, #1737, .T. ) ;
#1665 = PLANE ( 'NONE',  #1344 ) ;
#1666 = CARTESIAN_POINT ( 'NONE',  ( -8.624999999999998224, 4.864999999999999325, 0.000000000000000000 ) ) ;
#1667 = DIRECTION ( 'NONE',  ( 0.000000000000000000, -3.834172622686662300E-15, 1.000000000000000000 ) ) ;
#1668 = VECTOR ( 'NONE', #1311, 39.37007874015748143 ) ;
#1669 = EDGE_LOOP ( 'NONE', ( #876, #1645, #1731, #1411, #725, #55, #292, #1366, #1591, #735, #1008, #1627, #1611, #183, #726, #302, #935, #627, #856, #14, #1564, #1052, #368, #1741, #1054, #749, #1530, #807 ) ) ;
#1670 = EDGE_CURVE ( 'NONE', #1279, #1354, #489, .T. ) ;
#1671 = ORIENTED_EDGE ( 'NONE', *, *, #323, .F. ) ;
#1672 = CARTESIAN_POINT ( 'NONE',  ( -8.630999999999998451, -4.985000000000000320, -0.06000000000000006023 ) ) ;
#1673 = EDGE_CURVE ( 'NONE', #192, #581, #1728, .T. ) ;
#1674 = DIRECTION ( 'NONE',  ( 0.000000000000000000, 1.000000000000000000, -0.000000000000000000 ) ) ;
#1675 = PLANE ( 'NONE',  #1370 ) ;
#1676 = VECTOR ( 'NONE', #1147, 39.37007874015748143 ) ;
#1677 = VECTOR ( 'NONE', #1693, 39.37007874015748143 ) ;
#1678 = ORIENTED_EDGE ( 'NONE', *, *, #329, .T. ) ;
#1679 = FACE_OUTER_BOUND ( 'NONE', #92, .T. ) ;
#1680 = VERTEX_POINT ( 'NONE', #359 ) ;
#1681 = AXIS2_PLACEMENT_3D ( 'NONE', #1113, #972, #1500 ) ;
#1682 = ADVANCED_FACE ( 'NONE', ( #1020 ), #902, .T. ) ;
#1683 = CARTESIAN_POINT ( 'NONE',  ( -8.624999999999998224, 4.858999999999999986, -0.06000000000000083045 ) ) ;
#1684 = FACE_OUTER_BOUND ( 'NONE', #1246, .T. ) ;
#1685 = EDGE_LOOP ( 'NONE', ( #1210, #1077, #580, #1549 ) ) ;
#1686 = ORIENTED_EDGE ( 'NONE', *, *, #1022, .F. ) ;
#1687 = CARTESIAN_POINT ( 'NONE',  ( -8.630999999999998451, 4.858999999999999986, -0.05999999999999999778 ) ) ;
#1688 = DIRECTION ( 'NONE',  ( 0.000000000000000000, -0.000000000000000000, 1.000000000000000000 ) ) ;
#1689 = EDGE_CURVE ( 'NONE', #1603, #1098, #881, .T. ) ;
#1690 = CARTESIAN_POINT ( 'NONE',  ( -8.624999999999998224, -4.865000000000001101, -0.06000000000000012962 ) ) ;
#1691 = ORIENTED_EDGE ( 'NONE', *, *, #262, .T. ) ;
#1692 = ORIENTED_EDGE ( 'NONE', *, *, #299, .F. ) ;
#1693 = DIRECTION ( 'NONE',  ( -0.000000000000000000, -0.000000000000000000, 1.000000000000000000 ) ) ;
#1694 = VECTOR ( 'NONE', #1617, 39.37007874015748143 ) ;
#1695 = CARTESIAN_POINT ( 'NONE',  ( -8.624999999999998224, 4.924999999999999822, -0.1200000000000005090 ) ) ;
#1696 = VECTOR ( 'NONE', #967, 39.37007874015748143 ) ;
#1697 = LINE ( 'NONE', #1261, #526 ) ;
#1698 = DIRECTION ( 'NONE',  ( -1.000000000000000000, 0.000000000000000000, -1.422837496700139435E-16 ) ) ;
#1699 = CARTESIAN_POINT ( 'NONE',  ( 8.624999999999998224, -4.859000000000000874, -0.06000000000000012962 ) ) ;
#1700 = ORIENTED_EDGE ( 'NONE', *, *, #721, .T. ) ;
#1701 = EDGE_CURVE ( 'NONE', #195, #488, #793, .T. ) ;
#1702 = EDGE_CURVE ( 'NONE', #430, #1324, #1445, .T. ) ;
#1703 = ORIENTED_EDGE ( 'NONE', *, *, #1314, .T. ) ;
#1704 = AXIS2_PLACEMENT_3D ( 'NONE', #1404, #181, #1660 ) ;
#1705 = DIRECTION ( 'NONE',  ( 0.000000000000000000, 1.000000000000000000, 0.000000000000000000 ) ) ;
#1706 = ORIENTED_EDGE ( 'NONE', *, *, #702, .F. ) ;
#1707 = CARTESIAN_POINT ( 'NONE',  ( 8.624999999999998224, -4.925000000000000711, -0.1199999999999998151 ) ) ;
#1708 = AXIS2_PLACEMENT_3D ( 'NONE', #345, #355, #887 ) ;
#1709 = VECTOR ( 'NONE', #1146, 39.37007874015748143 ) ;
#1710 = CARTESIAN_POINT ( 'NONE',  ( -8.630999999999998451, -4.859000000000000874, -0.06000000000000012962 ) ) ;
#1711 = DIRECTION ( 'NONE',  ( 0.000000000000000000, 0.000000000000000000, 1.000000000000000000 ) ) ;
#1712 = CARTESIAN_POINT ( 'NONE',  ( 0.000000000000000000, 4.375000000000000000, -0.05999999999999999778 ) ) ;
#1713 = EDGE_LOOP ( 'NONE', ( #1573, #1468, #849, #176 ) ) ;
#1714 = EDGE_CURVE ( 'NONE', #1537, #1553, #1429, .T. ) ;
#1715 = CARTESIAN_POINT ( 'NONE',  ( 8.624999999999998224, 4.925000000000001599, -0.6300000000000023359 ) ) ;
#1716 = ORIENTED_EDGE ( 'NONE', *, *, #312, .F. ) ;
#1717 = CARTESIAN_POINT ( 'NONE',  ( -8.973999999999998423, -2.505000000000000782, 0.000000000000000000 ) ) ;
#1718 = FILL_AREA_STYLE ('',( #764 ) ) ;
#1719 = DIRECTION ( 'NONE',  ( -1.000000000000000000, 0.000000000000000000, 0.000000000000000000 ) ) ;
#1720 = ORIENTED_EDGE ( 'NONE', *, *, #634, .T. ) ;
#1721 = ORIENTED_EDGE ( 'NONE', *, *, #427, .F. ) ;
#1722 = DIRECTION ( 'NONE',  ( 0.000000000000000000, -1.000000000000000000, 0.000000000000000000 ) ) ;
#1723 = ORIENTED_EDGE ( 'NONE', *, *, #690, .T. ) ;
#1724 = VECTOR ( 'NONE', #1729, 39.37007874015748143 ) ;
#1725 = EDGE_CURVE ( 'NONE', #314, #443, #785, .T. ) ;
#1726 = DIRECTION ( 'NONE',  ( -1.000000000000000000, 0.000000000000000000, 0.000000000000000000 ) ) ;
#1727 = DIRECTION ( 'NONE',  ( -0.000000000000000000, 0.000000000000000000, 1.000000000000000000 ) ) ;
#1728 = CIRCLE ( 'NONE', #438, 0.1560000000000001941 ) ;
#1729 = DIRECTION ( 'NONE',  ( 1.000000000000000000, 0.000000000000000000, 0.000000000000000000 ) ) ;
#1730 = PLANE ( 'NONE',  #662 ) ;
#1731 = ORIENTED_EDGE ( 'NONE', *, *, #1023, .T. ) ;
#1732 = PLANE ( 'NONE',  #435 ) ;
#1733 = ORIENTED_EDGE ( 'NONE', *, *, #1153, .T. ) ;
#1734 = VECTOR ( 'NONE', #317, 39.37007874015748143 ) ;
#1735 = DIRECTION ( 'NONE',  ( -0.000000000000000000, -0.000000000000000000, 1.000000000000000000 ) ) ;
#1736 = CIRCLE ( 'NONE', #1596, 0.04749999999999997280 ) ;
#1737 = EDGE_CURVE ( 'NONE', #281, #300, #57, .T. ) ;
#1738 = VECTOR ( 'NONE', #454, 39.37007874015748143 ) ;
#1739 = DIRECTION ( 'NONE',  ( 0.000000000000000000, -0.000000000000000000, 1.000000000000000000 ) ) ;
#1740 = FACE_OUTER_BOUND ( 'NONE', #759, .T. ) ;
#1741 = ORIENTED_EDGE ( 'NONE', *, *, #944, .F. ) ;
#1742 = LINE ( 'NONE', #942, #409 ) ;
#1743 = ORIENTED_EDGE ( 'NONE', *, *, #1359, .T. ) ;
ENDSEC;
END-ISO-10303-21;
