ISO-10303-21;
HEADER;
FILE_DESCRIPTION (( 'STEP AP214' ),
    '1' );
FILE_NAME ('12-6010-01 (20260225).STEP',
    '2026-07-10T21:43:52',
    ( '' ),
    ( '' ),
    'SwSTEP 2.0',
    'SolidWorks 2024',
    '' );
FILE_SCHEMA (( 'AUTOMOTIVE_DESIGN' ));
ENDSEC;

DATA;
#1 = CARTESIAN_POINT ( 'NONE',  ( -0.6100000000000003197, -9.500000000000000000, -0.05999999999999999778 ) ) ;
#2 = AXIS2_PLACEMENT_3D ( 'NONE', #1107, #1599, #1582 ) ;
#3 = FILL_AREA_STYLE ('',( #1486 ) ) ;
#4 = VERTEX_POINT ( 'NONE', #1586 ) ;
#5 = AXIS2_PLACEMENT_3D ( 'NONE', #485, #366, #863 ) ;
#6 = VECTOR ( 'NONE', #387, 39.37007874015748143 ) ;
#7 = CARTESIAN_POINT ( 'NONE',  ( -0.4900000000000004907, 8.624999999999992895, -4.285586540060812616E-15 ) ) ;
#8 = DIRECTION ( 'NONE',  ( -0.000000000000000000, -1.000000000000000000, -0.000000000000000000 ) ) ;
#9 = CARTESIAN_POINT ( 'NONE',  ( 0.6260000000000047748, -9.125000000000000000, -0.06000000000000429989 ) ) ;
#10 = DIRECTION ( 'NONE',  ( 0.000000000000000000, 0.000000000000000000, 1.000000000000000000 ) ) ;
#11 = CARTESIAN_POINT ( 'NONE',  ( 0.6100000000000003197, -9.500000000000000000, -0.05999999999999999778 ) ) ;
#12 = VECTOR ( 'NONE', #602, 39.37007874015748143 ) ;
#13 = EDGE_LOOP ( 'NONE', ( #264, #53, #1410, #1210 ) ) ;
#14 = CYLINDRICAL_SURFACE ( 'NONE', #216, 0.1200000000000000927 ) ;
#15 = LENGTH_MEASURE_WITH_UNIT ( LENGTH_MEASURE( 0.02539999999999999897 ), #1125 );
#16 = EDGE_CURVE ( 'NONE', #107, #1066, #1500, .T. ) ;
#17 = ORIENTED_EDGE ( 'NONE', *, *, #911, .F. ) ;
#18 = PRODUCT ( '12-6010-01 (20260225)', '12-6010-01 (20260225)', '', ( #175 ) ) ;
#19 = CARTESIAN_POINT ( 'NONE',  ( -0.6100000000000003197, -9.500000000000000000, 0.000000000000000000 ) ) ;
#20 = DIRECTION ( 'NONE',  ( -3.474718939309807431E-15, -0.000000000000000000, -1.000000000000000000 ) ) ;
#21 = DIRECTION ( 'NONE',  ( 1.000000000000000000, 0.000000000000000000, 0.000000000000000000 ) ) ;
#22 = CARTESIAN_POINT ( 'NONE',  ( -1.024968611997446308E-27, -8.630999999999996675, -0.05999999999999999778 ) ) ;
#23 = ORIENTED_EDGE ( 'NONE', *, *, #189, .F. ) ;
#24 = CARTESIAN_POINT ( 'NONE',  ( -0.6100000000000003197, -9.500000000000000000, 0.000000000000000000 ) ) ;
#25 = VERTEX_POINT ( 'NONE', #1373 ) ;
#26 = EDGE_CURVE ( 'NONE', #1223, #353, #1263, .T. ) ;
#27 = FACE_OUTER_BOUND ( 'NONE', #691, .T. ) ;
#28 = ADVANCED_FACE ( 'NONE', ( #1493 ), #978, .T. ) ;
#29 = DIRECTION ( 'NONE',  ( 0.000000000000000000, 0.000000000000000000, 1.000000000000000000 ) ) ;
#30 = FACE_OUTER_BOUND ( 'NONE', #323, .T. ) ;
#31 = CARTESIAN_POINT ( 'NONE',  ( 0.6100000000000003197, -9.500000000000000000, 0.000000000000000000 ) ) ;
#32 = LINE ( 'NONE', #1130, #592 ) ;
#33 = ORIENTED_EDGE ( 'NONE', *, *, #527, .F. ) ;
#34 = DIRECTION ( 'NONE',  ( 0.000000000000000000, -1.000000000000000000, 0.000000000000000000 ) ) ;
#35 = UNCERTAINTY_MEASURE_WITH_UNIT (LENGTH_MEASURE( 1.000000000000000082E-05 ), #1564, 'distance_accuracy_value', 'NONE');
#36 = ORIENTED_EDGE ( 'NONE', *, *, #879, .F. ) ;
#37 = AXIS2_PLACEMENT_3D ( 'NONE', #653, #1522, #498 ) ;
#38 = VECTOR ( 'NONE', #735, 39.37007874015748143 ) ;
#39 = LINE ( 'NONE', #605, #330 ) ;
#40 = DIRECTION ( 'NONE',  ( 0.000000000000000000, 0.000000000000000000, 1.000000000000000000 ) ) ;
#41 = AXIS2_PLACEMENT_3D ( 'NONE', #158, #526, #1024 ) ;
#42 = DIRECTION ( 'NONE',  ( -3.491481338843134539E-15, 0.000000000000000000, -1.000000000000000000 ) ) ;
#43 = EDGE_CURVE ( 'NONE', #1279, #109, #265, .T. ) ;
#44 = VECTOR ( 'NONE', #1240, 39.37007874015748143 ) ;
#45 = DIRECTION ( 'NONE',  ( 1.000000000000000000, 0.000000000000000000, 0.000000000000000000 ) ) ;
#46 = EDGE_LOOP ( 'NONE', ( #1579, #342, #180, #1525 ) ) ;
#47 = ORIENTED_EDGE ( 'NONE', *, *, #632, .F. ) ;
#48 = DIRECTION ( 'NONE',  ( 0.000000000000000000, -0.000000000000000000, 1.000000000000000000 ) ) ;
#49 = DIRECTION ( 'NONE',  ( 0.000000000000000000, 0.000000000000000000, 1.000000000000000000 ) ) ;
#50 = LINE ( 'NONE', #279, #909 ) ;
#51 = EDGE_CURVE ( 'NONE', #753, #4, #1473, .T. ) ;
#52 = APPLICATION_CONTEXT ( 'automotive_design' ) ;
#53 = ORIENTED_EDGE ( 'NONE', *, *, #1154, .F. ) ;
#54 = CARTESIAN_POINT ( 'NONE',  ( -0.6100000000000003197, 8.630999999999989569, 0.000000000000000000 ) ) ;
#55 = DIRECTION ( 'NONE',  ( 0.000000000000000000, -1.000000000000000000, 0.000000000000000000 ) ) ;
#56 = EDGE_CURVE ( 'NONE', #604, #621, #1224, .T. ) ;
#57 = VERTEX_POINT ( 'NONE', #389 ) ;
#58 = PLANE ( 'NONE',  #929 ) ;
#59 = AXIS2_PLACEMENT_3D ( 'NONE', #250, #947, #703 ) ;
#60 = CIRCLE ( 'NONE', #208, 0.1560000000000006659 ) ;
#61 = DIRECTION ( 'NONE',  ( 1.000000000000000000, 0.000000000000000000, 0.000000000000000000 ) ) ;
#62 = PLANE ( 'NONE',  #1578 ) ;
#63 = VECTOR ( 'NONE', #1220, 39.37007874015748143 ) ;
#64 = EDGE_LOOP ( 'NONE', ( #584, #1293, #920, #381 ) ) ;
#65 = EDGE_CURVE ( 'NONE', #440, #949, #1595, .T. ) ;
#66 = DIRECTION ( 'NONE',  ( 0.000000000000000000, -1.000000000000000000, 0.000000000000000000 ) ) ;
#67 = CARTESIAN_POINT ( 'NONE',  ( 0.4840000000000004854, -8.624999999999994671, 0.000000000000000000 ) ) ;
#68 = CARTESIAN_POINT ( 'NONE',  ( 0.4840000000000004854, 8.624999999999998224, -5.122214988120493535E-17 ) ) ;
#69 = DIRECTION ( 'NONE',  ( 0.000000000000000000, -1.000000000000000000, 0.000000000000000000 ) ) ;
#70 = ORIENTED_EDGE ( 'NONE', *, *, #422, .T. ) ;
#71 = EDGE_CURVE ( 'NONE', #1552, #1602, #257, .T. ) ;
#72 = EDGE_CURVE ( 'NONE', #212, #1597, #499, .T. ) ;
#73 = CARTESIAN_POINT ( 'NONE',  ( 0.1360000000000006759, 9.125000000000000000, -0.05999999999999999778 ) ) ;
#74 = LINE ( 'NONE', #551, #143 ) ;
#75 = ORIENTED_EDGE ( 'NONE', *, *, #1273, .T. ) ;
#76 = VERTEX_POINT ( 'NONE', #494 ) ;
#77 = PLANE ( 'NONE',  #559 ) ;
#78 = CARTESIAN_POINT ( 'NONE',  ( -0.6260000000000003340, -9.125000000000000000, -0.06000000000000429989 ) ) ;
#79 = AXIS2_PLACEMENT_3D ( 'NONE', #695, #329, #1152 ) ;
#80 = LINE ( 'NONE', #1062, #832 ) ;
#81 = ADVANCED_FACE ( 'NONE', ( #989 ), #1485, .F. ) ;
#82 = VECTOR ( 'NONE', #149, 39.37007874015748143 ) ;
#83 = VECTOR ( 'NONE', #881, 39.37007874015748143 ) ;
#84 = VERTEX_POINT ( 'NONE', #134 ) ;
#85 = VERTEX_POINT ( 'NONE', #624 ) ;
#86 = CARTESIAN_POINT ( 'NONE',  ( 0.6100000000000003197, 8.630999999999993122, -0.05999999999999999778 ) ) ;
#87 = VECTOR ( 'NONE', #1098, 39.37007874015748143 ) ;
#88 = FACE_OUTER_BOUND ( 'NONE', #211, .T. ) ;
#89 = DIRECTION ( 'NONE',  ( 0.000000000000000000, 1.000000000000000000, 0.000000000000000000 ) ) ;
#90 = ADVANCED_FACE ( 'NONE', ( #1124 ), #14, .T. ) ;
#91 = CARTESIAN_POINT ( 'NONE',  ( 0.4900000000000004907, -8.624999999999994671, -5.122214988120493535E-17 ) ) ;
#92 = ORIENTED_EDGE ( 'NONE', *, *, #1420, .F. ) ;
#93 = EDGE_LOOP ( 'NONE', ( #1262, #1464, #1075, #575 ) ) ;
#94 = DIRECTION ( 'NONE',  ( 0.000000000000000000, -1.000000000000000000, -0.000000000000000000 ) ) ;
#95 = ORIENTED_EDGE ( 'NONE', *, *, #707, .F. ) ;
#96 = CARTESIAN_POINT ( 'NONE',  ( 0.6100000000000023181, 8.624999999999998224, 0.5699999999999999512 ) ) ;
#97 = CARTESIAN_POINT ( 'NONE',  ( 0.6100000000000003197, -8.969822682069834130, -0.06000000000000429989 ) ) ;
#98 = CARTESIAN_POINT ( 'NONE',  ( -0.4900000000000004907, 8.624999999999992895, -0.05999999999999999778 ) ) ;
#99 = ORIENTED_EDGE ( 'NONE', *, *, #154, .T. ) ;
#100 = EDGE_LOOP ( 'NONE', ( #111, #1206, #1386, #1235 ) ) ;
#101 = CARTESIAN_POINT ( 'NONE',  ( -0.6260000000000003340, 9.125000000000000000, 0.000000000000000000 ) ) ;
#102 = ADVANCED_FACE ( 'NONE', ( #934 ), #1413, .F. ) ;
#103 = ORIENTED_EDGE ( 'NONE', *, *, #1309, .T. ) ;
#104 = DIRECTION ( 'NONE',  ( -1.000000000000000000, -0.000000000000000000, -0.000000000000000000 ) ) ;
#105 = CARTESIAN_POINT ( 'NONE',  ( 0.4840000000000004854, -8.630999999999994898, -5.122214988120493535E-17 ) ) ;
#106 = STYLED_ITEM ( 'NONE', ( #136 ), #576 ) ;
#107 = VERTEX_POINT ( 'NONE', #178 ) ;
#108 = VECTOR ( 'NONE', #1033, 39.37007874015748143 ) ;
#109 = VERTEX_POINT ( 'NONE', #1306 ) ;
#110 = DIRECTION ( 'NONE',  ( 1.000000000000000000, 1.419374447981375389E-30, 0.000000000000000000 ) ) ;
#111 = ORIENTED_EDGE ( 'NONE', *, *, #991, .T. ) ;
#112 = ADVANCED_FACE ( 'NONE', ( #914 ), #1049, .F. ) ;
#113 = CARTESIAN_POINT ( 'NONE',  ( -0.6100000000000003197, 9.500000000000000000, -0.05999999999999999778 ) ) ;
#114 = LINE ( 'NONE', #459, #1305 ) ;
#115 = DIRECTION ( 'NONE',  ( 1.000000000000000000, 0.000000000000000000, 3.474718939309781399E-15 ) ) ;
#116 = VERTEX_POINT ( 'NONE', #1163 ) ;
#117 = DIRECTION ( 'NONE',  ( -0.000000000000000000, -1.000000000000000000, -0.000000000000000000 ) ) ;
#118 = DIRECTION ( 'NONE',  ( -0.000000000000000000, 1.000000000000000000, 0.000000000000000000 ) ) ;
#119 = VERTEX_POINT ( 'NONE', #1184 ) ;
#120 = DIRECTION ( 'NONE',  ( 0.000000000000000000, 0.000000000000000000, -1.000000000000000000 ) ) ;
#121 = LINE ( 'NONE', #607, #618 ) ;
#122 = EDGE_CURVE ( 'NONE', #4, #476, #74, .T. ) ;
#123 = CARTESIAN_POINT ( 'NONE',  ( -0.4840000000000004854, 8.624999999999992895, -4.285586540060812616E-15 ) ) ;
#124 = ORIENTED_EDGE ( 'NONE', *, *, #1399, .F. ) ;
#125 = CARTESIAN_POINT ( 'NONE',  ( -0.6100000000000023181, 0.000000000000000000, 0.5699999999999999512 ) ) ;
#126 = PRODUCT_DEFINITION_CONTEXT ( 'detailed design', #1258, 'design' ) ;
#127 = ORIENTED_EDGE ( 'NONE', *, *, #668, .T. ) ;
#128 = FACE_OUTER_BOUND ( 'NONE', #13, .T. ) ;
#129 = CARTESIAN_POINT ( 'NONE',  ( -0.4900000000000004907, -8.624999999999996447, -0.06000000000000428602 ) ) ;
#130 = CARTESIAN_POINT ( 'NONE',  ( -0.6260000000000003340, 9.125000000000000000, -0.06000000000000429989 ) ) ;
#131 = DIRECTION ( 'NONE',  ( 0.000000000000000000, 0.000000000000000000, 1.000000000000000000 ) ) ;
#132 = EDGE_CURVE ( 'NONE', #604, #116, #796, .T. ) ;
#133 = ORIENTED_EDGE ( 'NONE', *, *, #422, .F. ) ;
#134 = CARTESIAN_POINT ( 'NONE',  ( 0.6100000000000005418, -8.624999999999989342, 0.05999999999999956757 ) ) ;
#135 = AXIS2_PLACEMENT_3D ( 'NONE', #871, #1587, #849 ) ;
#136 = PRESENTATION_STYLE_ASSIGNMENT (( #1243 ) ) ;
#137 = ORIENTED_EDGE ( 'NONE', *, *, #51, .T. ) ;
#138 = VECTOR ( 'NONE', #1416, 39.37007874015748143 ) ;
#139 = AXIS2_PLACEMENT_3D ( 'NONE', #586, #1343, #355 ) ;
#140 = CARTESIAN_POINT ( 'NONE',  ( 0.1360000000000006759, 9.125000000000000000, -0.05999999999999999778 ) ) ;
#141 = FACE_OUTER_BOUND ( 'NONE', #534, .T. ) ;
#142 = CYLINDRICAL_SURFACE ( 'NONE', #415, 0.1560000000000006659 ) ;
#143 = VECTOR ( 'NONE', #34, 39.37007874015748143 ) ;
#144 = ORIENTED_EDGE ( 'NONE', *, *, #763, .F. ) ;
#145 = ADVANCED_FACE ( 'NONE', ( #804 ), #791, .T. ) ;
#146 = ORIENTED_EDGE ( 'NONE', *, *, #492, .F. ) ;
#147 = EDGE_CURVE ( 'NONE', #621, #1111, #427, .T. ) ;
#148 = VERTEX_POINT ( 'NONE', #193 ) ;
#149 = DIRECTION ( 'NONE',  ( 0.000000000000000000, 1.000000000000000000, 0.000000000000000000 ) ) ;
#150 = CARTESIAN_POINT ( 'NONE',  ( -0.6100000000000003197, -8.630999999999996675, -2.142793270030406308E-15 ) ) ;
#151 = ORIENTED_EDGE ( 'NONE', *, *, #65, .T. ) ;
#152 = CARTESIAN_POINT ( 'NONE',  ( 0.6100000000000004308, -8.624999999999998224, -2.329067433309572317E-15 ) ) ;
#153 = EDGE_LOOP ( 'NONE', ( #820, #222, #1131, #714 ) ) ;
#154 = EDGE_CURVE ( 'NONE', #1342, #84, #1537, .T. ) ;
#155 = PLANE ( 'NONE',  #413 ) ;
#156 = DIRECTION ( 'NONE',  ( 0.000000000000000000, 0.000000000000000000, 1.000000000000000000 ) ) ;
#157 = LINE ( 'NONE', #31, #670 ) ;
#158 = CARTESIAN_POINT ( 'NONE',  ( 0.4900000000000004907, 8.624999999999998224, 0.05999999999999998390 ) ) ;
#159 = ORIENTED_EDGE ( 'NONE', *, *, #1399, .T. ) ;
#160 = EDGE_LOOP ( 'NONE', ( #75, #793, #807, #273 ) ) ;
#161 = AXIS2_PLACEMENT_3D ( 'NONE', #776, #617, #1118 ) ;
#162 = VECTOR ( 'NONE', #277, 39.37007874015748143 ) ;
#163 = EDGE_CURVE ( 'NONE', #212, #1080, #311, .T. ) ;
#164 = LINE ( 'NONE', #535, #138 ) ;
#165 = SHAPE_DEFINITION_REPRESENTATION ( #1375, #214 ) ;
#166 = VECTOR ( 'NONE', #20, 39.37007874015748143 ) ;
#167 = DIRECTION ( 'NONE',  ( 0.000000000000000000, 0.000000000000000000, 1.000000000000000000 ) ) ;
#168 = LINE ( 'NONE', #404, #1086 ) ;
#169 = ORIENTED_EDGE ( 'NONE', *, *, #1283, .F. ) ;
#170 = FACE_OUTER_BOUND ( 'NONE', #538, .T. ) ;
#171 = DIRECTION ( 'NONE',  ( 0.000000000000000000, 0.000000000000000000, -1.000000000000000000 ) ) ;
#172 = PRODUCT_RELATED_PRODUCT_CATEGORY ( 'part', '', ( #18 ) ) ;
#173 = VERTEX_POINT ( 'NONE', #681 ) ;
#174 = LINE ( 'NONE', #1174, #1528 ) ;
#175 = PRODUCT_CONTEXT ( 'NONE', #52, 'mechanical' ) ;
#176 = FACE_OUTER_BOUND ( 'NONE', #46, .T. ) ;
#177 = CARTESIAN_POINT ( 'NONE',  ( -0.6100000000000004308, 0.000000000000000000, -2.329067433309555751E-15 ) ) ;
#178 = CARTESIAN_POINT ( 'NONE',  ( 0.5500000000000005995, 8.624999999999998224, 0.05999999999999977573 ) ) ;
#179 = ADVANCED_FACE ( 'NONE', ( #317 ), #1053, .F. ) ;
#180 = ORIENTED_EDGE ( 'NONE', *, *, #707, .T. ) ;
#181 = ORIENTED_EDGE ( 'NONE', *, *, #696, .T. ) ;
#182 = CARTESIAN_POINT ( 'NONE',  ( -0.01999999999999999001, 9.125000000000000000, -0.05999999999999999778 ) ) ;
#183 = CIRCLE ( 'NONE', #1547, 0.1560000000000008324 ) ;
#184 = DIRECTION ( 'NONE',  ( 1.000000000000000000, 0.000000000000000000, 0.000000000000000000 ) ) ;
#185 = CARTESIAN_POINT ( 'NONE',  ( -0.6100000000000003197, -9.500000000000000000, 0.000000000000000000 ) ) ;
#186 = VECTOR ( 'NONE', #742, 39.37007874015748143 ) ;
#187 = EDGE_CURVE ( 'NONE', #621, #729, #80, .T. ) ;
#188 = ORIENTED_EDGE ( 'NONE', *, *, #935, .F. ) ;
#189 = EDGE_CURVE ( 'NONE', #1203, #1066, #818, .T. ) ;
#190 = VECTOR ( 'NONE', #1530, 39.37007874015748143 ) ;
#191 = LINE ( 'NONE', #904, #1275 ) ;
#192 = FACE_BOUND ( 'NONE', #908, .T. ) ;
#193 = CARTESIAN_POINT ( 'NONE',  ( 0.1760000000000008225, -9.125000000000000000, -0.05999999999999999778 ) ) ;
#194 = ORIENTED_EDGE ( 'NONE', *, *, #456, .F. ) ;
#195 = EDGE_LOOP ( 'NONE', ( #529, #1113, #715, #1083 ) ) ;
#196 = DIRECTION ( 'NONE',  ( 0.000000000000000000, 0.000000000000000000, 1.000000000000000000 ) ) ;
#197 = EDGE_CURVE ( 'NONE', #275, #1597, #1138, .T. ) ;
#198 = DIRECTION ( 'NONE',  ( 1.000000000000000000, 0.000000000000000000, 3.474718939309781399E-15 ) ) ;
#199 = CARTESIAN_POINT ( 'NONE',  ( -0.4900000000000004907, -8.624999999999994671, 0.05999999999999575118 ) ) ;
#200 = ORIENTED_EDGE ( 'NONE', *, *, #439, .F. ) ;
#201 = VERTEX_POINT ( 'NONE', #478 ) ;
#202 = CARTESIAN_POINT ( 'NONE',  ( 0.01999999999999999001, -9.125000000000000000, 0.000000000000000000 ) ) ;
#203 = ORIENTED_EDGE ( 'NONE', *, *, #1429, .T. ) ;
#204 = EDGE_CURVE ( 'NONE', #1122, #318, #218, .T. ) ;
#205 = PLANE ( 'NONE',  #726 ) ;
#206 = VECTOR ( 'NONE', #582, 39.37007874015748143 ) ;
#207 = PLANE ( 'NONE',  #79 ) ;
#208 = AXIS2_PLACEMENT_3D ( 'NONE', #982, #852, #1358 ) ;
#209 = LINE ( 'NONE', #105, #954 ) ;
#210 = VECTOR ( 'NONE', #1120, 39.37007874015748143 ) ;
#211 = EDGE_LOOP ( 'NONE', ( #593, #771, #23, #727 ) ) ;
#212 = VERTEX_POINT ( 'NONE', #226 ) ;
#213 = CARTESIAN_POINT ( 'NONE',  ( 0.4840000000000004854, -8.630999999999994898, 0.000000000000000000 ) ) ;
#214 = ADVANCED_BREP_SHAPE_REPRESENTATION ( '12-6010-01 (20260225)', ( #576, #756 ), #1221 ) ;
#215 = ORIENTED_EDGE ( 'NONE', *, *, #1370, .F. ) ;
#216 = AXIS2_PLACEMENT_3D ( 'NONE', #1009, #1178, #544 ) ;
#217 = LINE ( 'NONE', #1554, #1423 ) ;
#218 = LINE ( 'NONE', #338, #891 ) ;
#219 = PLANE ( 'NONE',  #268 ) ;
#220 = EDGE_CURVE ( 'NONE', #1476, #1457, #1093, .T. ) ;
#221 = ORIENTED_EDGE ( 'NONE', *, *, #1175, .T. ) ;
#222 = ORIENTED_EDGE ( 'NONE', *, *, #839, .T. ) ;
#223 = DIRECTION ( 'NONE',  ( 0.000000000000000000, 0.000000000000000000, 1.000000000000000000 ) ) ;
#224 = EDGE_LOOP ( 'NONE', ( #1435, #181, #1511, #99 ) ) ;
#225 = DIRECTION ( 'NONE',  ( 0.000000000000000000, 0.000000000000000000, -1.000000000000000000 ) ) ;
#226 = CARTESIAN_POINT ( 'NONE',  ( -0.6100000000000003197, -9.280177317930165870, 0.000000000000000000 ) ) ;
#227 = CARTESIAN_POINT ( 'NONE',  ( -0.6260000000000003340, -9.125000000000000000, 0.000000000000000000 ) ) ;
#228 = ORIENTED_EDGE ( 'NONE', *, *, #1140, .F. ) ;
#229 = ADVANCED_FACE ( 'NONE', ( #855 ), #1563, .T. ) ;
#230 = VERTEX_POINT ( 'NONE', #1077 ) ;
#231 = DIRECTION ( 'NONE',  ( -1.000000000000000000, 0.000000000000000000, 0.000000000000000000 ) ) ;
#232 = ORIENTED_EDGE ( 'NONE', *, *, #1549, .F. ) ;
#233 = PLANE ( 'NONE',  #312 ) ;
#234 = DIRECTION ( 'NONE',  ( -0.000000000000000000, -0.000000000000000000, 1.000000000000000000 ) ) ;
#235 = MECHANICAL_DESIGN_GEOMETRIC_PRESENTATION_REPRESENTATION (  '', ( #106 ), #357 ) ;
#236 = CARTESIAN_POINT ( 'NONE',  ( 0.6100000000000004308, 0.000000000000000000, -2.329067433309572317E-15 ) ) ;
#237 = CARTESIAN_POINT ( 'NONE',  ( -0.6100000000000003197, -9.500000000000000000, 0.000000000000000000 ) ) ;
#238 = AXIS2_PLACEMENT_3D ( 'NONE', #932, #300, #922 ) ;
#239 = VERTEX_POINT ( 'NONE', #1449 ) ;
#240 = VECTOR ( 'NONE', #761, 39.37007874015748143 ) ;
#241 = CARTESIAN_POINT ( 'NONE',  ( -0.6260000000000003340, -9.125000000000000000, 0.000000000000000000 ) ) ;
#242 = DIRECTION ( 'NONE',  ( 0.000000000000000000, 1.000000000000000000, 0.000000000000000000 ) ) ;
#243 = VERTEX_POINT ( 'NONE', #97 ) ;
#244 = EDGE_CURVE ( 'NONE', #85, #903, #114, .T. ) ;
#245 = LINE ( 'NONE', #19, #1057 ) ;
#246 = DIRECTION ( 'NONE',  ( 0.000000000000000000, -1.000000000000000000, -0.000000000000000000 ) ) ;
#247 = CARTESIAN_POINT ( 'NONE',  ( -0.6100000000000003197, -9.500000000000000000, -0.05999999999999999778 ) ) ;
#248 = ORIENTED_EDGE ( 'NONE', *, *, #274, .T. ) ;
#249 = ORIENTED_EDGE ( 'NONE', *, *, #204, .F. ) ;
#250 = CARTESIAN_POINT ( 'NONE',  ( 0.6260000000000047748, -9.125000000000000000, -0.06000000000000429989 ) ) ;
#251 = ORIENTED_EDGE ( 'NONE', *, *, #741, .F. ) ;
#252 = EDGE_CURVE ( 'NONE', #976, #374, #599, .T. ) ;
#253 = CARTESIAN_POINT ( 'NONE',  ( -0.4840000000000004854, 0.000000000000000000, -0.05999999999999999778 ) ) ;
#254 = LINE ( 'NONE', #1146, #1297 ) ;
#255 = CARTESIAN_POINT ( 'NONE',  ( 0.4840000000000004854, -8.630999999999994898, -5.122214988120493535E-17 ) ) ;
#256 = EDGE_LOOP ( 'NONE', ( #815, #766, #823, #47 ) ) ;
#257 = LINE ( 'NONE', #764, #12 ) ;
#258 = VERTEX_POINT ( 'NONE', #946 ) ;
#259 = CARTESIAN_POINT ( 'NONE',  ( 0.6100000000000003197, -9.500000000000000000, -0.05999999999999999778 ) ) ;
#260 = CARTESIAN_POINT ( 'NONE',  ( 0.6100000000000003197, -8.630999999999994898, -2.561107494060246767E-17 ) ) ;
#261 = EDGE_CURVE ( 'NONE', #868, #258, #733, .T. ) ;
#262 = DIRECTION ( 'NONE',  ( 0.000000000000000000, 0.000000000000000000, 1.000000000000000000 ) ) ;
#263 = EDGE_CURVE ( 'NONE', #431, #1091, #1335, .T. ) ;
#264 = ORIENTED_EDGE ( 'NONE', *, *, #1291, .T. ) ;
#265 = LINE ( 'NONE', #1, #1022 ) ;
#266 = AXIS2_PLACEMENT_3D ( 'NONE', #716, #1082, #320 ) ;
#267 = EDGE_LOOP ( 'NONE', ( #1241, #1294 ) ) ;
#268 = AXIS2_PLACEMENT_3D ( 'NONE', #845, #857, #1344 ) ;
#269 = AXIS2_PLACEMENT_3D ( 'NONE', #973, #702, #616 ) ;
#270 = CARTESIAN_POINT ( 'NONE',  ( -0.6100000000000023181, 8.624999999999996447, 0.5699999999999999512 ) ) ;
#271 = CARTESIAN_POINT ( 'NONE',  ( -0.4840000000000004854, 0.000000000000000000, -0.05999999999999999778 ) ) ;
#272 = LINE ( 'NONE', #1507, #186 ) ;
#273 = ORIENTED_EDGE ( 'NONE', *, *, #597, .T. ) ;
#274 = EDGE_CURVE ( 'NONE', #1426, #148, #993, .T. ) ;
#275 = VERTEX_POINT ( 'NONE', #1469 ) ;
#276 = ORIENTED_EDGE ( 'NONE', *, *, #784, .F. ) ;
#277 = DIRECTION ( 'NONE',  ( -1.000000000000000000, 0.000000000000000000, 1.700629579389213975E-14 ) ) ;
#278 = CARTESIAN_POINT ( 'NONE',  ( 0.6100000000000003197, 9.500000000000000000, -0.05999999999999999778 ) ) ;
#279 = CARTESIAN_POINT ( 'NONE',  ( -0.6100000000000003197, -8.630999999999996675, -2.142793270030406308E-15 ) ) ;
#280 = VERTEX_POINT ( 'NONE', #1208 ) ;
#281 = EDGE_CURVE ( 'NONE', #374, #601, #121, .T. ) ;
#282 = ORIENTED_EDGE ( 'NONE', *, *, #668, .F. ) ;
#283 = CARTESIAN_POINT ( 'NONE',  ( -0.6100000000000003197, 9.500000000000000000, -0.05999999999999999778 ) ) ;
#284 = LENGTH_MEASURE_WITH_UNIT ( LENGTH_MEASURE( 0.02539999999999999897 ), #897 );
#285 = CARTESIAN_POINT ( 'NONE',  ( -0.4900000000000004907, 8.624999999999992895, -4.285586540060812616E-15 ) ) ;
#286 = LINE ( 'NONE', #501, #393 ) ;
#287 = AXIS2_PLACEMENT_3D ( 'NONE', #373, #1356, #875 ) ;
#288 = LINE ( 'NONE', #672, #108 ) ;
#289 = ADVANCED_FACE ( 'NONE', ( #588 ), #1088, .T. ) ;
#290 = VECTOR ( 'NONE', #55, 39.37007874015748143 ) ;
#291 = PRODUCT_DEFINITION_FORMATION_WITH_SPECIFIED_SOURCE ( 'ANY', '', #18, .NOT_KNOWN. ) ;
#292 = DIRECTION ( 'NONE',  ( 1.000000000000000000, 0.000000000000000000, 0.000000000000000000 ) ) ;
#293 = AXIS2_PLACEMENT_3D ( 'NONE', #569, #1590, #712 ) ;
#294 = EDGE_LOOP ( 'NONE', ( #625, #1384, #638, #564 ) ) ;
#295 = CARTESIAN_POINT ( 'NONE',  ( 0.000000000000000000, -8.624999999999996447, -0.05999999999999999778 ) ) ;
#296 = ADVANCED_FACE ( 'NONE', ( #470 ), #984, .F. ) ;
#297 = LINE ( 'NONE', #1030, #290 ) ;
#298 = EDGE_LOOP ( 'NONE', ( #1320, #1244, #876, #1010 ) ) ;
#299 = CARTESIAN_POINT ( 'NONE',  ( 0.6260000000000003340, 9.125000000000000000, -0.06000000000000429989 ) ) ;
#300 = DIRECTION ( 'NONE',  ( 0.000000000000000000, -1.000000000000000000, -6.982962677686265922E-15 ) ) ;
#301 = DIRECTION ( 'NONE',  ( 0.000000000000000000, -0.000000000000000000, -1.000000000000000000 ) ) ;
#302 = DIRECTION ( 'NONE',  ( -1.000000000000000000, 0.000000000000000000, -3.414809992080326361E-15 ) ) ;
#303 = ADVANCED_FACE ( 'NONE', ( #1317 ), #207, .F. ) ;
#304 = EDGE_CURVE ( 'NONE', #1203, #1342, #1379, .T. ) ;
#305 = ORIENTED_EDGE ( 'NONE', *, *, #641, .T. ) ;
#306 = AXIS2_PLACEMENT_3D ( 'NONE', #996, #1489, #377 ) ;
#307 = DIRECTION ( 'NONE',  ( 0.000000000000000000, 0.000000000000000000, 1.000000000000000000 ) ) ;
#308 = AXIS2_PLACEMENT_3D ( 'NONE', #9, #1249, #628 ) ;
#309 = VECTOR ( 'NONE', #549, 39.37007874015748143 ) ;
#310 = FACE_OUTER_BOUND ( 'NONE', #407, .T. ) ;
#311 = LINE ( 'NONE', #185, #1583 ) ;
#312 = AXIS2_PLACEMENT_3D ( 'NONE', #1076, #246, #1061 ) ;
#313 = EDGE_CURVE ( 'NONE', #476, #971, #760, .T. ) ;
#314 = VERTEX_POINT ( 'NONE', #1143 ) ;
#315 = VERTEX_POINT ( 'NONE', #636 ) ;
#316 = DIRECTION ( 'NONE',  ( 1.000000000000000000, 0.000000000000000000, 0.000000000000000000 ) ) ;
#317 = FACE_OUTER_BOUND ( 'NONE', #484, .T. ) ;
#318 = VERTEX_POINT ( 'NONE', #1006 ) ;
#319 = EDGE_LOOP ( 'NONE', ( #1189, #248 ) ) ;
#320 = DIRECTION ( 'NONE',  ( 0.000000000000000000, -0.000000000000000000, 1.000000000000000000 ) ) ;
#321 = EDGE_CURVE ( 'NONE', #556, #84, #906, .T. ) ;
#322 = CARTESIAN_POINT ( 'NONE',  ( 0.4900000000000004907, 8.624999999999996447, -0.06000000000000005329 ) ) ;
#323 = EDGE_LOOP ( 'NONE', ( #36, #1501, #1492, #159 ) ) ;
#324 = ORIENTED_EDGE ( 'NONE', *, *, #751, .F. ) ;
#325 = CARTESIAN_POINT ( 'NONE',  ( -0.6100000000000004308, 8.624999999999996447, -2.329067433309555751E-15 ) ) ;
#326 = ORIENTED_EDGE ( 'NONE', *, *, #263, .F. ) ;
#327 = LINE ( 'NONE', #457, #542 ) ;
#328 = VECTOR ( 'NONE', #1094, 39.37007874015748143 ) ;
#329 = DIRECTION ( 'NONE',  ( -0.000000000000000000, 1.000000000000000000, 0.000000000000000000 ) ) ;
#330 = VECTOR ( 'NONE', #1467, 39.37007874015748143 ) ;
#331 = CIRCLE ( 'NONE', #139, 0.1560000000000003884 ) ;
#332 = ORIENTED_EDGE ( 'NONE', *, *, #935, .T. ) ;
#333 = EDGE_LOOP ( 'NONE', ( #1495, #895, #1211, #936 ) ) ;
#334 = CARTESIAN_POINT ( 'NONE',  ( -0.4840000000000004854, 8.630999999999991346, -4.285586540060812616E-15 ) ) ;
#335 = ORIENTED_EDGE ( 'NONE', *, *, #386, .F. ) ;
#336 = AXIS2_PLACEMENT_3D ( 'NONE', #199, #69, #302 ) ;
#337 = FACE_OUTER_BOUND ( 'NONE', #298, .T. ) ;
#338 = CARTESIAN_POINT ( 'NONE',  ( -0.6100000000000003197, 9.280177317930165870, -0.06000000000000429989 ) ) ;
#339 = ADVANCED_FACE ( 'NONE', ( #30 ), #878, .F. ) ;
#340 = CARTESIAN_POINT ( 'NONE',  ( -0.6100000000000005418, -8.624999999999996447, 0.05999999999999532097 ) ) ;
#341 = DIRECTION ( 'NONE',  ( -0.000000000000000000, 0.000000000000000000, 1.000000000000000000 ) ) ;
#342 = ORIENTED_EDGE ( 'NONE', *, *, #1109, .F. ) ;
#343 = EDGE_LOOP ( 'NONE', ( #455, #1398, #517, #335 ) ) ;
#344 = CARTESIAN_POINT ( 'NONE',  ( -0.6100000000000003197, 8.969822682069832354, 0.000000000000000000 ) ) ;
#345 = ORIENTED_EDGE ( 'NONE', *, *, #1227, .F. ) ;
#346 = CARTESIAN_POINT ( 'NONE',  ( 0.4840000000000004854, -8.624999999999994671, -5.122214988120493535E-17 ) ) ;
#347 = DIRECTION ( 'NONE',  ( -1.000000000000000000, 0.000000000000000000, 3.474718939309807431E-15 ) ) ;
#348 = EDGE_CURVE ( 'NONE', #314, #57, #516, .T. ) ;
#349 = EDGE_LOOP ( 'NONE', ( #1232, #1072, #1433, #1325 ) ) ;
#350 = EDGE_CURVE ( 'NONE', #1080, #230, #396, .T. ) ;
#351 = CARTESIAN_POINT ( 'NONE',  ( 0.5500000000000023759, 8.624999999999998224, 0.5700000000000001732 ) ) ;
#352 = FACE_OUTER_BOUND ( 'NONE', #453, .T. ) ;
#353 = VERTEX_POINT ( 'NONE', #1394 ) ;
#354 = DIRECTION ( 'NONE',  ( 0.000000000000000000, 0.000000000000000000, -1.000000000000000000 ) ) ;
#355 = DIRECTION ( 'NONE',  ( 1.000000000000000000, 0.000000000000000000, 0.000000000000000000 ) ) ;
#356 = DIRECTION ( 'NONE',  ( -0.000000000000000000, 1.000000000000000000, -0.000000000000000000 ) ) ;
#357 =( GEOMETRIC_REPRESENTATION_CONTEXT ( 3 ) GLOBAL_UNCERTAINTY_ASSIGNED_CONTEXT ( ( #35 ) ) GLOBAL_UNIT_ASSIGNED_CONTEXT ( ( #1564, #724, #1100 ) ) REPRESENTATION_CONTEXT ( 'NONE', 'WORKASPACE' ) );
#358 = DIRECTION ( 'NONE',  ( 0.000000000000000000, -0.000000000000000000, -1.000000000000000000 ) ) ;
#359 = VECTOR ( 'NONE', #1246, 39.37007874015748143 ) ;
#360 = ORIENTED_EDGE ( 'NONE', *, *, #244, .F. ) ;
#361 = ORIENTED_EDGE ( 'NONE', *, *, #313, .F. ) ;
#362 = LINE ( 'NONE', #125, #1245 ) ;
#363 = UNCERTAINTY_MEASURE_WITH_UNIT (LENGTH_MEASURE( 1.000000000000000082E-05 ), #775, 'distance_accuracy_value', 'NONE');
#364 = ADVANCED_FACE ( 'NONE', ( #1029 ), #645, .F. ) ;
#365 = ORIENTED_EDGE ( 'NONE', *, *, #398, .F. ) ;
#366 = DIRECTION ( 'NONE',  ( 0.000000000000000000, -0.000000000000000000, -1.000000000000000000 ) ) ;
#367 =( NAMED_UNIT ( * ) PLANE_ANGLE_UNIT ( ) SI_UNIT ( $, .RADIAN. ) );
#368 = DIRECTION ( 'NONE',  ( 0.000000000000000000, 0.000000000000000000, 1.000000000000000000 ) ) ;
#369 = CARTESIAN_POINT ( 'NONE',  ( -0.6100000000000003197, 9.500000000000000000, -0.05999999999999999778 ) ) ;
#370 = FACE_OUTER_BOUND ( 'NONE', #1139, .T. ) ;
#371 = ORIENTED_EDGE ( 'NONE', *, *, #1255, .F. ) ;
#372 = DIRECTION ( 'NONE',  ( 1.000000000000000000, 0.000000000000000000, 0.000000000000000000 ) ) ;
#373 = CARTESIAN_POINT ( 'NONE',  ( 0.5500000000000003775, 0.000000000000000000, -2.119578552978984000E-15 ) ) ;
#374 = VERTEX_POINT ( 'NONE', #129 ) ;
#375 = ADVANCED_FACE ( 'NONE', ( #524 ), #1515, .T. ) ;
#376 = CARTESIAN_POINT ( 'NONE',  ( -0.4840000000000004854, 8.630999999999991346, -4.285586540060812616E-15 ) ) ;
#377 = DIRECTION ( 'NONE',  ( 0.000000000000000000, 0.000000000000000000, -1.000000000000000000 ) ) ;
#378 = DIRECTION ( 'NONE',  ( 3.474718939309807431E-15, 0.000000000000000000, 1.000000000000000000 ) ) ;
#379 = CYLINDRICAL_SURFACE ( 'NONE', #1301, 0.1200000000000000927 ) ;
#380 = EDGE_LOOP ( 'NONE', ( #901, #1050, #1551, #1594 ) ) ;
#381 = ORIENTED_EDGE ( 'NONE', *, *, #492, .T. ) ;
#382 = FACE_OUTER_BOUND ( 'NONE', #1056, .T. ) ;
#383 = ORIENTED_EDGE ( 'NONE', *, *, #1603, .F. ) ;
#384 = PLANE ( 'NONE',  #1504 ) ;
#385 = LINE ( 'NONE', #644, #1060 ) ;
#386 = EDGE_CURVE ( 'NONE', #601, #1111, #1573, .T. ) ;
#387 = DIRECTION ( 'NONE',  ( -1.000000000000000000, -0.000000000000000000, 3.491481338843134539E-15 ) ) ;
#388 = EDGE_LOOP ( 'NONE', ( #573, #546, #552, #1137 ) ) ;
#389 = CARTESIAN_POINT ( 'NONE',  ( -0.1760000000000006559, 9.125000000000000000, 0.000000000000000000 ) ) ;
#390 = VECTOR ( 'NONE', #1268, 39.37007874015748143 ) ;
#391 = ORIENTED_EDGE ( 'NONE', *, *, #1348, .T. ) ;
#392 = VECTOR ( 'NONE', #1160, 39.37007874015748143 ) ;
#393 = VECTOR ( 'NONE', #515, 39.37007874015748143 ) ;
#394 = LINE ( 'NONE', #376, #162 ) ;
#395 = DIRECTION ( 'NONE',  ( 1.000000000000000000, 0.000000000000000000, 0.000000000000000000 ) ) ;
#396 = LINE ( 'NONE', #769, #1502 ) ;
#397 = DIRECTION ( 'NONE',  ( 0.000000000000000000, 1.000000000000000000, 0.000000000000000000 ) ) ;
#398 = EDGE_CURVE ( 'NONE', #275, #109, #880, .T. ) ;
#399 = AXIS2_PLACEMENT_3D ( 'NONE', #487, #1438, #450 ) ;
#400 = ORIENTED_EDGE ( 'NONE', *, *, #26, .F. ) ;
#401 = ORIENTED_EDGE ( 'NONE', *, *, #1217, .F. ) ;
#402 = LINE ( 'NONE', #295, #1442 ) ;
#403 = CARTESIAN_POINT ( 'NONE',  ( 0.4840000000000004854, 8.624999999999998224, -5.122214988120493535E-17 ) ) ;
#404 = CARTESIAN_POINT ( 'NONE',  ( 0.6100000000000003197, -9.500000000000000000, -0.05999999999999999778 ) ) ;
#405 = ORIENTED_EDGE ( 'NONE', *, *, #1429, .F. ) ;
#406 = ADVANCED_FACE ( 'NONE', ( #1553 ), #1067, .T. ) ;
#407 = EDGE_LOOP ( 'NONE', ( #1588, #146, #1557, #1180 ) ) ;
#408 = CARTESIAN_POINT ( 'NONE',  ( -0.5500000000000003775, 8.624999999999996447, -4.260981209092211063E-15 ) ) ;
#409 = CARTESIAN_POINT ( 'NONE',  ( 0.000000000000000000, 0.000000000000000000, 0.000000000000000000 ) ) ;
#410 = ORIENTED_EDGE ( 'NONE', *, *, #197, .T. ) ;
#411 = PRESENTATION_LAYER_ASSIGNMENT (  '', '', ( #106 ) ) ;
#412 = EDGE_CURVE ( 'NONE', #1148, #239, #1205, .T. ) ;
#413 = AXIS2_PLACEMENT_3D ( 'NONE', #642, #972, #354 ) ;
#414 = LINE ( 'NONE', #1539, #1145 ) ;
#415 = AXIS2_PLACEMENT_3D ( 'NONE', #864, #131, #184 ) ;
#416 = DIRECTION ( 'NONE',  ( 1.000000000000000000, 0.000000000000000000, 0.000000000000000000 ) ) ;
#417 = CARTESIAN_POINT ( 'NONE',  ( -0.4699999999999999734, -9.125000000000000000, -0.06000000000000429989 ) ) ;
#418 = VECTOR ( 'NONE', #958, 39.37007874015748143 ) ;
#419 = ORIENTED_EDGE ( 'NONE', *, *, #1571, .T. ) ;
#420 = ADVANCED_FACE ( 'NONE', ( #684 ), #1332, .T. ) ;
#421 = DIRECTION ( 'NONE',  ( 0.000000000000000000, -1.000000000000000000, 0.000000000000000000 ) ) ;
#422 = EDGE_CURVE ( 'NONE', #612, #57, #1190, .T. ) ;
#423 = FACE_OUTER_BOUND ( 'NONE', #648, .T. ) ;
#424 = ORIENTED_EDGE ( 'NONE', *, *, #43, .F. ) ;
#425 = CARTESIAN_POINT ( 'NONE',  ( -0.6260000000000003340, 9.125000000000000000, -0.06000000000000429989 ) ) ;
#426 = DIRECTION ( 'NONE',  ( -0.000000000000000000, -1.000000000000000000, -0.000000000000000000 ) ) ;
#427 = LINE ( 'NONE', #924, #190 ) ;
#428 = ADVANCED_FACE ( 'NONE', ( #475 ), #1456, .T. ) ;
#429 = ORIENTED_EDGE ( 'NONE', *, *, #1158, .T. ) ;
#430 = EDGE_LOOP ( 'NONE', ( #683, #1008, #419, #1271 ) ) ;
#431 = VERTEX_POINT ( 'NONE', #86 ) ;
#432 = AXIS2_PLACEMENT_3D ( 'NONE', #236, #347, #590 ) ;
#433 = DIRECTION ( 'NONE',  ( 0.000000000000000000, 0.000000000000000000, 1.000000000000000000 ) ) ;
#434 = CIRCLE ( 'NONE', #1419, 0.1560000000000001941 ) ;
#435 = CIRCLE ( 'NONE', #1250, 0.1560000000000001941 ) ;
#436 = DIRECTION ( 'NONE',  ( -1.000000000000000000, 0.000000000000000000, 0.000000000000000000 ) ) ;
#437 = DIRECTION ( 'NONE',  ( -1.000000000000000000, 0.000000000000000000, -0.000000000000000000 ) ) ;
#438 = CARTESIAN_POINT ( 'NONE',  ( 0.4900000000000004907, 8.624999999999996447, 0.05999999999999998390 ) ) ;
#439 = EDGE_CURVE ( 'NONE', #657, #1446, #1577, .T. ) ;
#440 = VERTEX_POINT ( 'NONE', #344 ) ;
#441 = ORIENTED_EDGE ( 'NONE', *, *, #1175, .F. ) ;
#442 = FACE_OUTER_BOUND ( 'NONE', #294, .T. ) ;
#443 = LINE ( 'NONE', #1207, #1167 ) ;
#444 = CARTESIAN_POINT ( 'NONE',  ( -0.6260000000000003340, 9.125000000000000000, -0.06000000000000429989 ) ) ;
#445 = ORIENTED_EDGE ( 'NONE', *, *, #533, .T. ) ;
#446 = ORIENTED_EDGE ( 'NONE', *, *, #1040, .T. ) ;
#447 = DIRECTION ( 'NONE',  ( -0.000000000000000000, 1.000000000000000000, 0.000000000000000000 ) ) ;
#448 = ADVANCED_FACE ( 'NONE', ( #842 ), #970, .F. ) ;
#449 = CARTESIAN_POINT ( 'NONE',  ( 0.6100000000000003197, -8.969822682069834130, -0.06000000000000429989 ) ) ;
#450 = DIRECTION ( 'NONE',  ( 0.000000000000000000, 0.000000000000000000, 1.000000000000000000 ) ) ;
#451 = FACE_OUTER_BOUND ( 'NONE', #596, .T. ) ;
#452 = ORIENTED_EDGE ( 'NONE', *, *, #1099, .F. ) ;
#453 = EDGE_LOOP ( 'NONE', ( #324, #124, #429, #1256 ) ) ;
#454 = PLANE ( 'NONE',  #824 ) ;
#455 = ORIENTED_EDGE ( 'NONE', *, *, #281, .F. ) ;
#456 = EDGE_CURVE ( 'NONE', #440, #353, #749, .T. ) ;
#457 = CARTESIAN_POINT ( 'NONE',  ( 0.6100000000000005418, -8.624999999999998224, 0.05999999999999955369 ) ) ;
#458 = AXIS2_PLACEMENT_3D ( 'NONE', #1209, #1439, #1185 ) ;
#459 = CARTESIAN_POINT ( 'NONE',  ( -0.6100000000000003197, -9.500000000000000000, -0.05999999999999999778 ) ) ;
#460 = VECTOR ( 'NONE', #1169, 39.37007874015748143 ) ;
#461 = DIRECTION ( 'NONE',  ( 1.000000000000000000, 0.000000000000000000, 2.032624995285913338E-16 ) ) ;
#462 = AXIS2_PLACEMENT_3D ( 'NONE', #409, #171, #905 ) ;
#463 = ORIENTED_EDGE ( 'NONE', *, *, #1040, .F. ) ;
#464 = ORIENTED_EDGE ( 'NONE', *, *, #955, .T. ) ;
#465 = CARTESIAN_POINT ( 'NONE',  ( 0.4840000000000004854, 8.624999999999998224, 0.000000000000000000 ) ) ;
#466 = EDGE_LOOP ( 'NONE', ( #1204, #1543, #952, #1215 ) ) ;
#467 = AXIS2_PLACEMENT_3D ( 'NONE', #444, #919, #667 ) ;
#468 = ADVANCED_FACE ( 'NONE', ( #1465 ), #1341, .F. ) ;
#469 = CARTESIAN_POINT ( 'NONE',  ( 0.1760000000000008225, -9.125000000000000000, 0.000000000000000000 ) ) ;
#470 = FACE_OUTER_BOUND ( 'NONE', #1432, .T. ) ;
#471 = EDGE_CURVE ( 'NONE', #992, #1602, #709, .T. ) ;
#472 = LINE ( 'NONE', #1601, #1248 ) ;
#473 = ORIENTED_EDGE ( 'NONE', *, *, #51, .F. ) ;
#474 = ORIENTED_EDGE ( 'NONE', *, *, #806, .F. ) ;
#475 = FACE_OUTER_BOUND ( 'NONE', #1149, .T. ) ;
#476 = VERTEX_POINT ( 'NONE', #465 ) ;
#477 = CARTESIAN_POINT ( 'NONE',  ( -0.6100000000000003197, -9.500000000000000000, -0.05999999999999999778 ) ) ;
#478 = CARTESIAN_POINT ( 'NONE',  ( 0.4840000000000004854, -8.624999999999994671, -0.05999999999999999778 ) ) ;
#479 = PLANE ( 'NONE',  #1298 ) ;
#480 = EDGE_CURVE ( 'NONE', #76, #798, #595, .T. ) ;
#481 = ORIENTED_EDGE ( 'NONE', *, *, #704, .F. ) ;
#482 = CARTESIAN_POINT ( 'NONE',  ( -0.6100000000000003197, -9.500000000000000000, -0.05999999999999999778 ) ) ;
#483 = DIRECTION ( 'NONE',  ( -0.000000000000000000, -1.000000000000000000, -0.000000000000000000 ) ) ;
#484 = EDGE_LOOP ( 'NONE', ( #1307, #1257, #887, #999 ) ) ;
#485 = CARTESIAN_POINT ( 'NONE',  ( 0.6260000000000047748, -9.125000000000000000, 0.000000000000000000 ) ) ;
#486 = DIRECTION ( 'NONE',  ( -0.000000000000000000, 0.000000000000000000, 1.000000000000000000 ) ) ;
#487 = CARTESIAN_POINT ( 'NONE',  ( 0.4900000000000004907, 8.624999999999998224, 0.05999999999999998390 ) ) ;
#488 = AXIS2_PLACEMENT_3D ( 'NONE', #1480, #368, #1069 ) ;
#489 = CARTESIAN_POINT ( 'NONE',  ( 0.1760000000000008225, -9.125000000000000000, -0.05999999999999999778 ) ) ;
#490 = AXIS2_PLACEMENT_3D ( 'NONE', #1513, #307, #1150 ) ;
#491 = ORIENTED_EDGE ( 'NONE', *, *, #553, .T. ) ;
#492 = EDGE_CURVE ( 'NONE', #1026, #1111, #942, .T. ) ;
#493 = AXIS2_PLACEMENT_3D ( 'NONE', #78, #1403, #292 ) ;
#494 = CARTESIAN_POINT ( 'NONE',  ( 0.4900000000000004907, 8.624999999999998224, -5.122214988120493535E-17 ) ) ;
#495 = SURFACE_SIDE_STYLE ('',( #1365 ) ) ;
#496 = ORIENTED_EDGE ( 'NONE', *, *, #122, .F. ) ;
#497 = CARTESIAN_POINT ( 'NONE',  ( 0.6100000000000003197, 8.630999999999993122, 0.000000000000000000 ) ) ;
#498 = DIRECTION ( 'NONE',  ( 0.000000000000000000, 0.000000000000000000, 1.000000000000000000 ) ) ;
#499 = CIRCLE ( 'NONE', #566, 0.1560000000000003884 ) ;
#500 = PLANE ( 'NONE',  #647 ) ;
#501 = CARTESIAN_POINT ( 'NONE',  ( 0.5500000000000023759, -8.624999999999998224, 0.5700000000000001732 ) ) ;
#502 = ORIENTED_EDGE ( 'NONE', *, *, #1283, .T. ) ;
#503 = VERTEX_POINT ( 'NONE', #213 ) ;
#504 = CARTESIAN_POINT ( 'NONE',  ( -0.6100000000000003197, 8.630999999999991346, -2.142793270030406308E-15 ) ) ;
#505 = ORIENTED_EDGE ( 'NONE', *, *, #685, .T. ) ;
#506 = ADVANCED_FACE ( 'NONE', ( #352 ), #77, .T. ) ;
#507 = CARTESIAN_POINT ( 'NONE',  ( -0.4840000000000004854, -8.630999999999996675, -4.285586540060812616E-15 ) ) ;
#508 = LINE ( 'NONE', #1388, #6 ) ;
#509 = ORIENTED_EDGE ( 'NONE', *, *, #412, .T. ) ;
#510 = DIRECTION ( 'NONE',  ( -0.000000000000000000, -1.000000000000000000, -0.000000000000000000 ) ) ;
#511 = ORIENTED_EDGE ( 'NONE', *, *, #1519, .F. ) ;
#512 = ADVANCED_FACE ( 'NONE', ( #442 ), #454, .T. ) ;
#513 = PLANE ( 'NONE',  #1218 ) ;
#514 = CARTESIAN_POINT ( 'NONE',  ( 0.000000000000000000, 8.624999999999998224, -0.05999999999999999778 ) ) ;
#515 = DIRECTION ( 'NONE',  ( -0.000000000000000000, -1.000000000000000000, -0.000000000000000000 ) ) ;
#516 = CIRCLE ( 'NONE', #1216, 0.1560000000000006659 ) ;
#517 = ORIENTED_EDGE ( 'NONE', *, *, #147, .T. ) ;
#518 = DIRECTION ( 'NONE',  ( -1.000000000000000000, 0.000000000000000000, 3.491481338843134539E-15 ) ) ;
#519 = AXIS2_PLACEMENT_3D ( 'NONE', #838, #341, #1202 ) ;
#520 = VERTEX_POINT ( 'NONE', #1428 ) ;
#521 = VECTOR ( 'NONE', #921, 39.37007874015748143 ) ;
#522 = VECTOR ( 'NONE', #104, 39.37007874015748143 ) ;
#523 = CARTESIAN_POINT ( 'NONE',  ( -0.6100000000000005418, 8.624999999999996447, 0.05999999999999532097 ) ) ;
#524 = FACE_OUTER_BOUND ( 'NONE', #388, .T. ) ;
#525 = LINE ( 'NONE', #1251, #1347 ) ;
#526 = DIRECTION ( 'NONE',  ( 0.000000000000000000, 1.000000000000000000, 0.000000000000000000 ) ) ;
#527 = EDGE_CURVE ( 'NONE', #1454, #1064, #183, .T. ) ;
#528 = ORIENTED_EDGE ( 'NONE', *, *, #1264, .F. ) ;
#529 = ORIENTED_EDGE ( 'NONE', *, *, #597, .F. ) ;
#530 = DIRECTION ( 'NONE',  ( -0.000000000000000000, -0.000000000000000000, 1.000000000000000000 ) ) ;
#531 = CARTESIAN_POINT ( 'NONE',  ( -0.01999999999999999001, 9.125000000000000000, -0.05999999999999999778 ) ) ;
#532 = PLANE ( 'NONE',  #885 ) ;
#533 = EDGE_CURVE ( 'NONE', #808, #633, #1374, .T. ) ;
#534 = EDGE_LOOP ( 'NONE', ( #701, #361, #1312, #1071 ) ) ;
#535 = CARTESIAN_POINT ( 'NONE',  ( 0.5500000000000005995, -8.624999999999998224, 0.05999999999999976880 ) ) ;
#536 = LINE ( 'NONE', #786, #827 ) ;
#537 = EDGE_CURVE ( 'NONE', #1392, #669, #990, .T. ) ;
#538 = EDGE_LOOP ( 'NONE', ( #133, #1415, #1487, #874 ) ) ;
#539 = EDGE_CURVE ( 'NONE', #903, #1080, #860, .T. ) ;
#540 = AXIS2_PLACEMENT_3D ( 'NONE', #227, #713, #1460 ) ;
#541 = CARTESIAN_POINT ( 'NONE',  ( 0.4840000000000004854, -8.630999999999994898, -0.05999999999999999778 ) ) ;
#542 = VECTOR ( 'NONE', #1448, 39.37007874015748143 ) ;
#543 = LINE ( 'NONE', #1408, #1531 ) ;
#544 = DIRECTION ( 'NONE',  ( -1.000000000000000000, 0.000000000000000000, -3.485951866915333209E-15 ) ) ;
#545 = CLOSED_SHELL ( 'NONE', ( #1390, #1025, #925, #1282, #1299, #1315, #1505, #1045, #1182, #1063, #506, #289, #28, #1047, #145, #917, #926, #296, #229, #792, #661, #717, #847, #1123, #375, #1292, #512, #797, #406, #420, #428, #1414, #1238, #179, #1406, #303, #585, #572, #364, #809, #448, #90, #102, #1328, #468, #1383, #1085, #882, #339, #1003, #112, #81 ) ) ;
#546 = ORIENTED_EDGE ( 'NONE', *, *, #1165, .F. ) ;
#547 = FACE_OUTER_BOUND ( 'NONE', #1499, .T. ) ;
#548 = EDGE_CURVE ( 'NONE', #729, #1026, #362, .T. ) ;
#549 = DIRECTION ( 'NONE',  ( 0.000000000000000000, 1.000000000000000000, 0.000000000000000000 ) ) ;
#550 = FACE_BOUND ( 'NONE', #319, .T. ) ;
#551 = CARTESIAN_POINT ( 'NONE',  ( 0.4840000000000004854, 8.630999999999998451, -5.122214988120493535E-17 ) ) ;
#552 = ORIENTED_EDGE ( 'NONE', *, *, #1214, .T. ) ;
#553 = EDGE_CURVE ( 'NONE', #1476, #84, #613, .T. ) ;
#554 = FACE_OUTER_BOUND ( 'NONE', #64, .T. ) ;
#555 = CARTESIAN_POINT ( 'NONE',  ( -0.5500000000000023759, -8.624999999999996447, 0.5700000000000001732 ) ) ;
#556 = VERTEX_POINT ( 'NONE', #1596 ) ;
#557 = ORIENTED_EDGE ( 'NONE', *, *, #154, .F. ) ;
#558 = DIRECTION ( 'NONE',  ( 0.000000000000000000, 0.000000000000000000, -1.000000000000000000 ) ) ;
#559 = AXIS2_PLACEMENT_3D ( 'NONE', #700, #1568, #558 ) ;
#560 = VECTOR ( 'NONE', #870, 39.37007874015748143 ) ;
#561 = CIRCLE ( 'NONE', #41, 0.06000000000000003247 ) ;
#562 = CARTESIAN_POINT ( 'NONE',  ( -0.4900000000000004907, 8.624999999999992895, 0.05999999999999575118 ) ) ;
#563 = EDGE_CURVE ( 'NONE', #949, #669, #979, .T. ) ;
#564 = ORIENTED_EDGE ( 'NONE', *, *, #252, .T. ) ;
#565 = ORIENTED_EDGE ( 'NONE', *, *, #187, .F. ) ;
#566 = AXIS2_PLACEMENT_3D ( 'NONE', #241, #1103, #372 ) ;
#567 = CARTESIAN_POINT ( 'NONE',  ( 0.6100000000000003197, -9.500000000000000000, 0.000000000000000000 ) ) ;
#568 = DIRECTION ( 'NONE',  ( 0.000000000000000000, 6.982962677686265922E-15, -1.000000000000000000 ) ) ;
#569 = CARTESIAN_POINT ( 'NONE',  ( 0.01999999999999999001, -9.125000000000000000, -0.05999999999999999778 ) ) ;
#570 = CARTESIAN_POINT ( 'NONE',  ( -0.6100000000000003197, 9.280177317930165870, -0.06000000000000429989 ) ) ;
#571 = VERTEX_POINT ( 'NONE', #867 ) ;
#572 = ADVANCED_FACE ( 'NONE', ( #382 ), #1112, .T. ) ;
#573 = ORIENTED_EDGE ( 'NONE', *, *, #1168, .F. ) ;
#574 = DIRECTION ( 'NONE',  ( 0.000000000000000000, 0.000000000000000000, -1.000000000000000000 ) ) ;
#575 = ORIENTED_EDGE ( 'NONE', *, *, #608, .T. ) ;
#576 = MANIFOLD_SOLID_BREP ( 'Cortar-Extruir1', #545 ) ;
#577 = DIRECTION ( 'NONE',  ( 0.000000000000000000, 6.982962677686265922E-15, -1.000000000000000000 ) ) ;
#578 = LINE ( 'NONE', #1078, #1084 ) ;
#579 = DIRECTION ( 'NONE',  ( 3.474718939309781399E-15, 0.000000000000000000, -1.000000000000000000 ) ) ;
#580 = ORIENTED_EDGE ( 'NONE', *, *, #583, .F. ) ;
#581 = EDGE_LOOP ( 'NONE', ( #1357, #305, #1376, #1363 ) ) ;
#582 = DIRECTION ( 'NONE',  ( -0.000000000000000000, -1.000000000000000000, -0.000000000000000000 ) ) ;
#583 = EDGE_CURVE ( 'NONE', #1002, #243, #1144, .T. ) ;
#584 = ORIENTED_EDGE ( 'NONE', *, *, #147, .F. ) ;
#585 = ADVANCED_FACE ( 'NONE', ( #1201 ), #1318, .F. ) ;
#586 = CARTESIAN_POINT ( 'NONE',  ( -0.6260000000000003340, 9.125000000000000000, 0.000000000000000000 ) ) ;
#587 = VECTOR ( 'NONE', #734, 39.37007874015748143 ) ;
#588 = FACE_OUTER_BOUND ( 'NONE', #153, .T. ) ;
#589 = AXIS2_PLACEMENT_3D ( 'NONE', #1101, #115, #579 ) ;
#590 = DIRECTION ( 'NONE',  ( 3.474718939309807431E-15, 0.000000000000000000, 1.000000000000000000 ) ) ;
#591 = CARTESIAN_POINT ( 'NONE',  ( 0.6100000000000003197, -9.280177317930165870, 0.000000000000000000 ) ) ;
#592 = VECTOR ( 'NONE', #1396, 39.37007874015748143 ) ;
#593 = ORIENTED_EDGE ( 'NONE', *, *, #977, .F. ) ;
#594 = ORIENTED_EDGE ( 'NONE', *, *, #1580, .F. ) ;
#595 = LINE ( 'NONE', #1181, #206 ) ;
#596 = EDGE_LOOP ( 'NONE', ( #1159, #1422, #708, #950 ) ) ;
#597 = EDGE_CURVE ( 'NONE', #604, #976, #953, .T. ) ;
#598 = DIRECTION ( 'NONE',  ( 0.000000000000000000, 6.982962677686265922E-15, -1.000000000000000000 ) ) ;
#599 = LINE ( 'NONE', #836, #1512 ) ;
#600 = LINE ( 'NONE', #322, #800 ) ;
#601 = VERTEX_POINT ( 'NONE', #98 ) ;
#602 = DIRECTION ( 'NONE',  ( 0.000000000000000000, 6.982962677686265922E-15, -1.000000000000000000 ) ) ;
#603 = CARTESIAN_POINT ( 'NONE',  ( 0.6100000000000003197, -9.500000000000000000, -0.05999999999999999778 ) ) ;
#604 = VERTEX_POINT ( 'NONE', #1089 ) ;
#605 = CARTESIAN_POINT ( 'NONE',  ( 0.6100000000000003197, 9.280177317930165870, -0.06000000000000429989 ) ) ;
#606 = CARTESIAN_POINT ( 'NONE',  ( -0.4699999999999999734, -9.125000000000000000, 0.000000000000000000 ) ) ;
#607 = CARTESIAN_POINT ( 'NONE',  ( -0.4900000000000004907, -8.624999999999994671, -0.06000000000000428602 ) ) ;
#608 = EDGE_CURVE ( 'NONE', #503, #992, #578, .T. ) ;
#609 = CARTESIAN_POINT ( 'NONE',  ( -1.225062086052724978E-29, 8.630999999999998451, -0.05999999999999999778 ) ) ;
#610 = PLANE ( 'NONE',  #752 ) ;
#611 = ORIENTED_EDGE ( 'NONE', *, *, #122, .T. ) ;
#612 = VERTEX_POINT ( 'NONE', #1584 ) ;
#613 = LINE ( 'NONE', #1104, #1212 ) ;
#614 = EDGE_LOOP ( 'NONE', ( #1110, #557, #710, #1102 ) ) ;
#615 = LINE ( 'NONE', #140, #1117 ) ;
#616 = DIRECTION ( 'NONE',  ( 1.000000000000000000, 0.000000000000000000, 0.000000000000000000 ) ) ;
#617 = DIRECTION ( 'NONE',  ( 1.187543288144417417E-28, 1.000000000000000000, 6.982962677686265922E-15 ) ) ;
#618 = VECTOR ( 'NONE', #356, 39.37007874015748143 ) ;
#619 = DIRECTION ( 'NONE',  ( 0.000000000000000000, 6.982962677686265922E-15, -1.000000000000000000 ) ) ;
#620 = VECTOR ( 'NONE', #910, 39.37007874015748143 ) ;
#621 = VERTEX_POINT ( 'NONE', #340 ) ;
#622 = PRODUCT_DEFINITION ( 'UNKNOWN', '', #291, #126 ) ;
#623 = CIRCLE ( 'NONE', #754, 0.1560000000000008324 ) ;
#624 = CARTESIAN_POINT ( 'NONE',  ( -0.6100000000000003197, -9.280177317930165870, -0.06000000000000429989 ) ) ;
#625 = ORIENTED_EDGE ( 'NONE', *, *, #902, .F. ) ;
#626 = LINE ( 'NONE', #253, #82 ) ;
#627 = DIRECTION ( 'NONE',  ( 1.000000000000000000, 0.000000000000000000, 0.000000000000000000 ) ) ;
#628 = DIRECTION ( 'NONE',  ( 1.000000000000000000, 0.000000000000000000, 0.000000000000000000 ) ) ;
#629 = AXIS2_PLACEMENT_3D ( 'NONE', #1459, #965, #722 ) ;
#630 = CARTESIAN_POINT ( 'NONE',  ( 0.4900000000000004907, 8.624999999999996447, 0.05999999999999998390 ) ) ;
#631 = EDGE_LOOP ( 'NONE', ( #937, #511, #861, #650 ) ) ;
#632 = EDGE_CURVE ( 'NONE', #76, #1457, #837, .T. ) ;
#633 = VERTEX_POINT ( 'NONE', #278 ) ;
#634 = LINE ( 'NONE', #7, #560 ) ;
#635 = DIRECTION ( 'NONE',  ( 1.000000000000000000, 0.000000000000000000, 0.000000000000000000 ) ) ;
#636 = CARTESIAN_POINT ( 'NONE',  ( 0.5500000000000023759, -8.624999999999998224, 0.5700000000000001732 ) ) ;
#637 = CARTESIAN_POINT ( 'NONE',  ( 0.6100000000000003197, -9.500000000000000000, -0.05999999999999999778 ) ) ;
#638 = ORIENTED_EDGE ( 'NONE', *, *, #943, .T. ) ;
#639 = CARTESIAN_POINT ( 'NONE',  ( 0.6100000000000023181, 8.624999999999998224, 0.5699999999999999512 ) ) ;
#640 = ORIENTED_EDGE ( 'NONE', *, *, #163, .T. ) ;
#641 = EDGE_CURVE ( 'NONE', #1426, #1064, #525, .T. ) ;
#642 = CARTESIAN_POINT ( 'NONE',  ( 0.4840000000000004854, -8.624999999999994671, -5.122214988120493535E-17 ) ) ;
#643 = EDGE_CURVE ( 'NONE', #230, #1081, #157, .T. ) ;
#644 = CARTESIAN_POINT ( 'NONE',  ( -0.6100000000000003197, -9.500000000000000000, -0.05999999999999999778 ) ) ;
#645 = PLANE ( 'NONE',  #1527 ) ;
#646 = DIRECTION ( 'NONE',  ( 0.000000000000000000, -6.982962677686265922E-15, 1.000000000000000000 ) ) ;
#647 = AXIS2_PLACEMENT_3D ( 'NONE', #403, #899, #1381 ) ;
#648 = EDGE_LOOP ( 'NONE', ( #1265, #452, #326, #127, #1566, #1155, #1510, #1017, #812, #1570, #762, #580, #345, #840, #360, #1331, #1197, #424, #1340, #1466, #1166, #1424, #103, #1179, #930, #169, #960, #677, #1405, #1544 ) ) ;
#649 = AXIS2_PLACEMENT_3D ( 'NONE', #425, #1463, #1090 ) ;
#650 = ORIENTED_EDGE ( 'NONE', *, *, #386, .T. ) ;
#651 = VECTOR ( 'NONE', #156, 39.37007874015748143 ) ;
#652 = LINE ( 'NONE', #774, #392 ) ;
#653 = CARTESIAN_POINT ( 'NONE',  ( 0.4900000000000004907, -8.624999999999989342, 0.05999999999999998390 ) ) ;
#654 = EDGE_CURVE ( 'NONE', #682, #831, #254, .T. ) ;
#655 = CARTESIAN_POINT ( 'NONE',  ( 0.6100000000000003197, -9.500000000000000000, 0.000000000000000000 ) ) ;
#656 = DIRECTION ( 'NONE',  ( 0.000000000000000000, 1.000000000000000000, 0.000000000000000000 ) ) ;
#657 = VERTEX_POINT ( 'NONE', #1023 ) ;
#658 = DIRECTION ( 'NONE',  ( -1.000000000000000000, 0.000000000000000000, 0.000000000000000000 ) ) ;
#659 = APPLICATION_PROTOCOL_DEFINITION ( 'draft international standard', 'automotive_design', 1998, #52 ) ;
#660 = LINE ( 'NONE', #1034, #1478 ) ;
#661 = ADVANCED_FACE ( 'NONE', ( #141 ), #500, .T. ) ;
#662 = ORIENTED_EDGE ( 'NONE', *, *, #678, .F. ) ;
#663 = CARTESIAN_POINT ( 'NONE',  ( -0.6100000000000003197, 9.500000000000000000, -0.05999999999999999778 ) ) ;
#664 = CARTESIAN_POINT ( 'NONE',  ( 0.000000000000000000, 0.000000000000000000, 0.000000000000000000 ) ) ;
#665 = PLANE ( 'NONE',  #238 ) ;
#666 = CARTESIAN_POINT ( 'NONE',  ( 0.6100000000000023181, -8.624999999999998224, 0.5699999999999999512 ) ) ;
#667 = DIRECTION ( 'NONE',  ( 1.000000000000000000, 0.000000000000000000, 0.000000000000000000 ) ) ;
#668 = EDGE_CURVE ( 'NONE', #431, #1349, #1395, .T. ) ;
#669 = VERTEX_POINT ( 'NONE', #1230 ) ;
#670 = VECTOR ( 'NONE', #1239, 39.37007874015748143 ) ;
#671 = CIRCLE ( 'NONE', #1378, 0.1560000000000003884 ) ;
#672 = CARTESIAN_POINT ( 'NONE',  ( -0.6100000000000003197, 9.500000000000000000, 0.000000000000000000 ) ) ;
#673 = AXIS2_PLACEMENT_3D ( 'NONE', #1368, #8, #29 ) ;
#674 = FACE_BOUND ( 'NONE', #267, .T. ) ;
#675 = DIRECTION ( 'NONE',  ( -3.474718939309781793E-15, -0.000000000000000000, 1.000000000000000000 ) ) ;
#676 = VECTOR ( 'NONE', #675, 39.37007874015748143 ) ;
#677 = ORIENTED_EDGE ( 'NONE', *, *, #678, .T. ) ;
#678 = EDGE_CURVE ( 'NONE', #1223, #1122, #671, .T. ) ;
#679 = CARTESIAN_POINT ( 'NONE',  ( -0.4900000000000004907, -8.624999999999996447, -4.285586540060812616E-15 ) ) ;
#680 = DIRECTION ( 'NONE',  ( -0.000000000000000000, -0.000000000000000000, 1.000000000000000000 ) ) ;
#681 = CARTESIAN_POINT ( 'NONE',  ( -0.4840000000000004854, -8.630999999999996675, -0.05999999999999999778 ) ) ;
#682 = VERTEX_POINT ( 'NONE', #123 ) ;
#683 = ORIENTED_EDGE ( 'NONE', *, *, #350, .F. ) ;
#684 = FACE_OUTER_BOUND ( 'NONE', #1300, .T. ) ;
#685 = EDGE_CURVE ( 'NONE', #148, #1454, #1600, .T. ) ;
#686 = DIRECTION ( 'NONE',  ( 3.474718939309781399E-15, 0.000000000000000000, -1.000000000000000000 ) ) ;
#687 = CARTESIAN_POINT ( 'NONE',  ( -0.6100000000000003197, -9.500000000000000000, -0.05999999999999999778 ) ) ;
#688 = ORIENTED_EDGE ( 'NONE', *, *, #816, .F. ) ;
#689 = VERTEX_POINT ( 'NONE', #369 ) ;
#690 = CARTESIAN_POINT ( 'NONE',  ( -0.6100000000000003197, -9.500000000000000000, 0.000000000000000000 ) ) ;
#691 = EDGE_LOOP ( 'NONE', ( #1058, #228, #611, #1105 ) ) ;
#692 = AXIS2_PLACEMENT_3D ( 'NONE', #1073, #447, #196 ) ;
#693 = VECTOR ( 'NONE', #378, 39.37007874015748143 ) ;
#694 = VECTOR ( 'NONE', #577, 39.37007874015748143 ) ;
#695 = CARTESIAN_POINT ( 'NONE',  ( 0.6100000000000004308, -8.624999999999998224, -2.094888803305882922E-16 ) ) ;
#696 = EDGE_CURVE ( 'NONE', #1476, #1203, #1361, .T. ) ;
#697 = ORIENTED_EDGE ( 'NONE', *, *, #456, .T. ) ;
#698 = ORIENTED_EDGE ( 'NONE', *, *, #563, .T. ) ;
#699 = AXIS2_PLACEMENT_3D ( 'NONE', #866, #1364, #744 ) ;
#700 = CARTESIAN_POINT ( 'NONE',  ( 0.6100000000000003197, -9.500000000000000000, -0.05999999999999999778 ) ) ;
#701 = ORIENTED_EDGE ( 'NONE', *, *, #1558, .F. ) ;
#702 = DIRECTION ( 'NONE',  ( 0.000000000000000000, 0.000000000000000000, 1.000000000000000000 ) ) ;
#703 = DIRECTION ( 'NONE',  ( 1.000000000000000000, 0.000000000000000000, 0.000000000000000000 ) ) ;
#704 = EDGE_CURVE ( 'NONE', #831, #1392, #1303, .T. ) ;
#705 = FACE_OUTER_BOUND ( 'NONE', #466, .T. ) ;
#706 = ORIENTED_EDGE ( 'NONE', *, *, #1556, .F. ) ;
#707 = EDGE_CURVE ( 'NONE', #798, #745, #777, .T. ) ;
#708 = ORIENTED_EDGE ( 'NONE', *, *, #1054, .T. ) ;
#709 = LINE ( 'NONE', #1213, #1055 ) ;
#710 = ORIENTED_EDGE ( 'NONE', *, *, #1133, .T. ) ;
#711 = LINE ( 'NONE', #346, #63 ) ;
#712 = DIRECTION ( 'NONE',  ( 1.000000000000000000, 0.000000000000000000, 0.000000000000000000 ) ) ;
#713 = DIRECTION ( 'NONE',  ( -0.000000000000000000, 0.000000000000000000, 1.000000000000000000 ) ) ;
#714 = ORIENTED_EDGE ( 'NONE', *, *, #826, .F. ) ;
#715 = ORIENTED_EDGE ( 'NONE', *, *, #869, .T. ) ;
#716 = CARTESIAN_POINT ( 'NONE',  ( -0.6100000000000023181, -8.624999999999996447, 0.5699999999999999512 ) ) ;
#717 = ADVANCED_FACE ( 'NONE', ( #176 ), #665, .T. ) ;
#718 = ORIENTED_EDGE ( 'NONE', *, *, #641, .F. ) ;
#719 = AXIS2_PLACEMENT_3D ( 'NONE', #334, #822, #1313 ) ;
#720 = CARTESIAN_POINT ( 'NONE',  ( -0.4900000000000004907, 8.624999999999992895, -4.285586540060812616E-15 ) ) ;
#721 = CIRCLE ( 'NONE', #1548, 0.1560000000000006659 ) ;
#722 = DIRECTION ( 'NONE',  ( 0.000000000000000000, 6.982962677686265922E-15, -1.000000000000000000 ) ) ;
#723 = CIRCLE ( 'NONE', #269, 0.1560000000000006659 ) ;
#724 =( NAMED_UNIT ( * ) PLANE_ANGLE_UNIT ( ) SI_UNIT ( $, .RADIAN. ) );
#725 = DIRECTION ( 'NONE',  ( -1.000000000000000000, 0.000000000000000000, 0.000000000000000000 ) ) ;
#726 = AXIS2_PLACEMENT_3D ( 'NONE', #477, #1334, #835 ) ;
#727 = ORIENTED_EDGE ( 'NONE', *, *, #696, .F. ) ;
#728 = DIRECTION ( 'NONE',  ( 0.000000000000000000, 0.000000000000000000, 1.000000000000000000 ) ) ;
#729 = VERTEX_POINT ( 'NONE', #1161 ) ;
#730 = EDGE_CURVE ( 'NONE', #612, #1372, #721, .T. ) ;
#731 = DIRECTION ( 'NONE',  ( -0.000000000000000000, -1.000000000000000000, -0.000000000000000000 ) ) ;
#732 = CARTESIAN_POINT ( 'NONE',  ( 0.6100000000000003197, 8.630999999999998451, -2.561107494060246767E-17 ) ) ;
#733 = LINE ( 'NONE', #1327, #805 ) ;
#734 = DIRECTION ( 'NONE',  ( -1.000000000000000000, -1.419374447981375389E-30, 0.000000000000000000 ) ) ;
#735 = DIRECTION ( 'NONE',  ( 0.000000000000000000, -7.284927983104697498E-14, -1.000000000000000000 ) ) ;
#736 = ORIENTED_EDGE ( 'NONE', *, *, #1273, .F. ) ;
#737 = ORIENTED_EDGE ( 'NONE', *, *, #879, .T. ) ;
#738 = CARTESIAN_POINT ( 'NONE',  ( -0.6100000000000003197, -9.500000000000000000, -0.05999999999999999778 ) ) ;
#739 = ORIENTED_EDGE ( 'NONE', *, *, #261, .T. ) ;
#740 = DIRECTION ( 'NONE',  ( 1.000000000000000000, 0.000000000000000000, 0.000000000000000000 ) ) ;
#741 = EDGE_CURVE ( 'NONE', #1441, #601, #1042, .T. ) ;
#742 = DIRECTION ( 'NONE',  ( 1.000000000000000000, 0.000000000000000000, 3.491481338843134539E-15 ) ) ;
#743 = ORIENTED_EDGE ( 'NONE', *, *, #1348, .F. ) ;
#744 = DIRECTION ( 'NONE',  ( 1.000000000000000000, 0.000000000000000000, 0.000000000000000000 ) ) ;
#745 = VERTEX_POINT ( 'NONE', #67 ) ;
#746 = CARTESIAN_POINT ( 'NONE',  ( 0.6100000000000003197, -9.280177317930165870, -0.06000000000000429989 ) ) ;
#747 = LINE ( 'NONE', #514, #1550 ) ;
#748 = CARTESIAN_POINT ( 'NONE',  ( 0.6100000000000023181, 0.000000000000000000, 0.5699999999999999512 ) ) ;
#749 = CIRCLE ( 'NONE', #927, 0.1560000000000003884 ) ;
#750 = DIRECTION ( 'NONE',  ( 1.000000000000000000, 0.000000000000000000, 0.000000000000000000 ) ) ;
#751 = EDGE_CURVE ( 'NONE', #1389, #1552, #1276, .T. ) ;
#752 = AXIS2_PLACEMENT_3D ( 'NONE', #819, #1108, #948 ) ;
#753 = VERTEX_POINT ( 'NONE', #497 ) ;
#754 = AXIS2_PLACEMENT_3D ( 'NONE', #1136, #262, #750 ) ;
#755 = CARTESIAN_POINT ( 'NONE',  ( -0.5500000000000005995, -8.624999999999996447, 0.05999999999999553607 ) ) ;
#756 = AXIS2_PLACEMENT_3D ( 'NONE', #664, #433, #316 ) ;
#757 = EDGE_LOOP ( 'NONE', ( #1397, #1366, #1518, #772 ) ) ;
#758 = DIRECTION ( 'NONE',  ( 3.491481338843134539E-15, 0.000000000000000000, -1.000000000000000000 ) ) ;
#759 = CARTESIAN_POINT ( 'NONE',  ( -0.6260000000000003340, 9.125000000000000000, -0.06000000000000429989 ) ) ;
#760 = LINE ( 'NONE', #1021, #1014 ) ;
#761 = DIRECTION ( 'NONE',  ( 1.000000000000000000, -1.187543288144417417E-28, 0.000000000000000000 ) ) ;
#762 = ORIENTED_EDGE ( 'NONE', *, *, #1158, .F. ) ;
#763 = EDGE_CURVE ( 'NONE', #57, #314, #60, .T. ) ;
#764 = CARTESIAN_POINT ( 'NONE',  ( 0.6100000000000003197, -8.630999999999994898, -2.561107494060246767E-17 ) ) ;
#765 = EDGE_CURVE ( 'NONE', #1372, #314, #615, .T. ) ;
#766 = ORIENTED_EDGE ( 'NONE', *, *, #977, .T. ) ;
#767 = LINE ( 'NONE', #746, #359 ) ;
#768 = DIRECTION ( 'NONE',  ( 0.000000000000000000, 1.000000000000000000, 0.000000000000000000 ) ) ;
#769 = CARTESIAN_POINT ( 'NONE',  ( -0.6100000000000003197, -9.500000000000000000, 0.000000000000000000 ) ) ;
#770 = FACE_OUTER_BOUND ( 'NONE', #858, .T. ) ;
#771 = ORIENTED_EDGE ( 'NONE', *, *, #16, .T. ) ;
#772 = ORIENTED_EDGE ( 'NONE', *, *, #1420, .T. ) ;
#773 = EDGE_CURVE ( 'NONE', #280, #1392, #626, .T. ) ;
#774 = CARTESIAN_POINT ( 'NONE',  ( 0.5500000000000005995, 8.624999999999998224, 0.05999999999999976880 ) ) ;
#775 =( CONVERSION_BASED_UNIT ( 'INCH', #284 ) LENGTH_UNIT ( ) NAMED_UNIT ( #1065 ) );
#776 = CARTESIAN_POINT ( 'NONE',  ( -0.6100000000000003197, -8.630999999999996675, -2.142793270030406308E-15 ) ) ;
#777 = LINE ( 'NONE', #1545, #1016 ) ;
#778 = CARTESIAN_POINT ( 'NONE',  ( -0.4900000000000004907, -8.624999999999994671, -4.285586540060812616E-15 ) ) ;
#779 = VECTOR ( 'NONE', #223, 39.37007874015748143 ) ;
#780 = AXIS2_PLACEMENT_3D ( 'NONE', #1141, #740, #120 ) ;
#781 = ORIENTED_EDGE ( 'NONE', *, *, #966, .F. ) ;
#782 = AXIS2_PLACEMENT_3D ( 'NONE', #255, #1147, #646 ) ;
#783 = AXIS2_PLACEMENT_3D ( 'NONE', #759, #486, #635 ) ;
#784 = EDGE_CURVE ( 'NONE', #1441, #682, #634, .T. ) ;
#785 = CARTESIAN_POINT ( 'NONE',  ( 0.4840000000000004854, 8.624999999999998224, -0.05999999999999999778 ) ) ;
#786 = CARTESIAN_POINT ( 'NONE',  ( -0.6100000000000003197, -9.280177317930165870, -0.06000000000000429989 ) ) ;
#787 = VECTOR ( 'NONE', #518, 39.37007874015748143 ) ;
#788 = EDGE_LOOP ( 'NONE', ( #391, #988, #332, #1311, #405, #194, #151, #474, #1027, #276, #736, #962, #846, #1126, #509, #463, #1286, #640, #1567, #1132, #737, #1196, #1576, #1322, #95, #1038, #215, #496, #473, #1443 ) ) ;
#789 = CARTESIAN_POINT ( 'NONE',  ( 0.5500000000000005995, -8.624999999999994671, 0.05999999999999977573 ) ) ;
#790 = CARTESIAN_POINT ( 'NONE',  ( 0.6260000000000003340, 9.125000000000000000, 0.000000000000000000 ) ) ;
#791 = PLANE ( 'NONE',  #1127 ) ;
#792 = ADVANCED_FACE ( 'NONE', ( #27 ), #1479, .T. ) ;
#793 = ORIENTED_EDGE ( 'NONE', *, *, #1519, .T. ) ;
#794 = CARTESIAN_POINT ( 'NONE',  ( 0.4840000000000004854, 0.000000000000000000, -0.05999999999999999778 ) ) ;
#795 = DIRECTION ( 'NONE',  ( 1.000000000000000000, 0.000000000000000000, 0.000000000000000000 ) ) ;
#796 = LINE ( 'NONE', #555, #676 ) ;
#797 = ADVANCED_FACE ( 'NONE', ( #1011 ), #513, .T. ) ;
#798 = VERTEX_POINT ( 'NONE', #1488 ) ;
#799 = VECTOR ( 'NONE', #1001, 39.37007874015748143 ) ;
#800 = VECTOR ( 'NONE', #975, 39.37007874015748143 ) ;
#801 = FACE_OUTER_BOUND ( 'NONE', #581, .T. ) ;
#802 = VECTOR ( 'NONE', #680, 39.37007874015748143 ) ;
#803 = CARTESIAN_POINT ( 'NONE',  ( -0.6100000000000004308, 8.624999999999996447, -4.469464345450798373E-15 ) ) ;
#804 = FACE_OUTER_BOUND ( 'NONE', #430, .T. ) ;
#805 = VECTOR ( 'NONE', #89, 39.37007874015748143 ) ;
#806 = EDGE_CURVE ( 'NONE', #831, #949, #394, .T. ) ;
#807 = ORIENTED_EDGE ( 'NONE', *, *, #1591, .T. ) ;
#808 = VERTEX_POINT ( 'NONE', #1236 ) ;
#809 = ADVANCED_FACE ( 'NONE', ( #1004 ), #888, .T. ) ;
#810 = LINE ( 'NONE', #1541, #985 ) ;
#811 = DIRECTION ( 'NONE',  ( 1.000000000000000000, 0.000000000000000000, -3.414809992080326361E-15 ) ) ;
#812 = ORIENTED_EDGE ( 'NONE', *, *, #894, .T. ) ;
#813 = ORIENTED_EDGE ( 'NONE', *, *, #527, .T. ) ;
#814 = DIRECTION ( 'NONE',  ( 0.000000000000000000, 6.982962677686265922E-15, -1.000000000000000000 ) ) ;
#815 = ORIENTED_EDGE ( 'NONE', *, *, #1195, .F. ) ;
#816 = EDGE_CURVE ( 'NONE', #808, #657, #39, .T. ) ;
#817 = CARTESIAN_POINT ( 'NONE',  ( 0.000000000000000000, -8.624999999999994671, -0.05999999999999999778 ) ) ;
#818 = LINE ( 'NONE', #639, #787 ) ;
#819 = CARTESIAN_POINT ( 'NONE',  ( -0.6100000000000003197, -9.500000000000000000, -0.05999999999999999778 ) ) ;
#820 = ORIENTED_EDGE ( 'NONE', *, *, #1227, .T. ) ;
#821 = ORIENTED_EDGE ( 'NONE', *, *, #321, .T. ) ;
#822 = DIRECTION ( 'NONE',  ( -1.187543288144417417E-28, -1.000000000000000000, -6.982962677686265922E-15 ) ) ;
#823 = ORIENTED_EDGE ( 'NONE', *, *, #220, .T. ) ;
#824 = AXIS2_PLACEMENT_3D ( 'NONE', #951, #938, #814 ) ;
#825 = VECTOR ( 'NONE', #1535, 39.37007874015748143 ) ;
#826 = EDGE_CURVE ( 'NONE', #1199, #230, #877, .T. ) ;
#827 = VECTOR ( 'NONE', #1352, 39.37007874015748143 ) ;
#828 = CARTESIAN_POINT ( 'NONE',  ( -0.4840000000000004854, 8.630999999999991346, -0.05999999999999999778 ) ) ;
#829 = DIRECTION ( 'NONE',  ( -0.000000000000000000, -1.000000000000000000, -0.000000000000000000 ) ) ;
#830 = ORIENTED_EDGE ( 'NONE', *, *, #1447, .T. ) ;
#831 = VERTEX_POINT ( 'NONE', #1387 ) ;
#832 = VECTOR ( 'NONE', #1431, 39.37007874015748143 ) ;
#833 = DIRECTION ( 'NONE',  ( 1.000000000000000000, 0.000000000000000000, 0.000000000000000000 ) ) ;
#834 = EDGE_LOOP ( 'NONE', ( #282, #92, #137, #1354 ) ) ;
#835 = DIRECTION ( 'NONE',  ( 0.000000000000000000, 0.000000000000000000, 1.000000000000000000 ) ) ;
#836 = CARTESIAN_POINT ( 'NONE',  ( -0.4900000000000004907, -8.624999999999996447, -4.285586540060812616E-15 ) ) ;
#837 = LINE ( 'NONE', #1592, #390 ) ;
#838 = CARTESIAN_POINT ( 'NONE',  ( -0.6260000000000003340, -9.125000000000000000, -0.06000000000000429989 ) ) ;
#839 = EDGE_CURVE ( 'NONE', #1002, #1081, #767, .T. ) ;
#840 = ORIENTED_EDGE ( 'NONE', *, *, #1571, .F. ) ;
#841 = ORIENTED_EDGE ( 'NONE', *, *, #132, .T. ) ;
#842 = FACE_OUTER_BOUND ( 'NONE', #195, .T. ) ;
#843 = EDGE_LOOP ( 'NONE', ( #1574, #251, #1032, #830 ) ) ;
#844 = DIRECTION ( 'NONE',  ( 0.000000000000000000, 1.000000000000000000, 0.000000000000000000 ) ) ;
#845 = CARTESIAN_POINT ( 'NONE',  ( 0.6100000000000003197, -9.500000000000000000, -0.05999999999999999778 ) ) ;
#846 = ORIENTED_EDGE ( 'NONE', *, *, #261, .F. ) ;
#847 = ADVANCED_FACE ( 'NONE', ( #1266 ), #155, .T. ) ;
#848 = DIRECTION ( 'NONE',  ( -1.000000000000000000, 0.000000000000000000, -2.032624995285913338E-16 ) ) ;
#849 = DIRECTION ( 'NONE',  ( 1.000000000000000000, 0.000000000000000000, 0.000000000000000000 ) ) ;
#850 = ORIENTED_EDGE ( 'NONE', *, *, #991, .F. ) ;
#851 = VECTOR ( 'NONE', #1234, 39.37007874015748143 ) ;
#852 = DIRECTION ( 'NONE',  ( 0.000000000000000000, 0.000000000000000000, 1.000000000000000000 ) ) ;
#853 = LINE ( 'NONE', #449, #1278 ) ;
#854 = VECTOR ( 'NONE', #1176, 39.37007874015748143 ) ;
#855 = FACE_OUTER_BOUND ( 'NONE', #834, .T. ) ;
#856 = AXIS2_PLACEMENT_3D ( 'NONE', #177, #198, #686 ) ;
#857 = DIRECTION ( 'NONE',  ( 1.000000000000000000, 0.000000000000000000, 0.000000000000000000 ) ) ;
#858 = EDGE_LOOP ( 'NONE', ( #200, #688, #445, #1254 ) ) ;
#859 = CARTESIAN_POINT ( 'NONE',  ( 0.6100000000000003197, 8.630999999999998451, -2.561107494060246767E-17 ) ) ;
#860 = LINE ( 'NONE', #738, #851 ) ;
#861 = ORIENTED_EDGE ( 'NONE', *, *, #741, .T. ) ;
#862 = EDGE_CURVE ( 'NONE', #520, #318, #245, .T. ) ;
#863 = DIRECTION ( 'NONE',  ( 1.000000000000000000, 0.000000000000000000, 0.000000000000000000 ) ) ;
#864 = CARTESIAN_POINT ( 'NONE',  ( -0.01999999999999999001, 9.125000000000000000, -0.05999999999999999778 ) ) ;
#865 = VERTEX_POINT ( 'NONE', #1106 ) ;
#866 = CARTESIAN_POINT ( 'NONE',  ( -0.6260000000000003340, -9.125000000000000000, -0.06000000000000429989 ) ) ;
#867 = CARTESIAN_POINT ( 'NONE',  ( -0.5500000000000005995, 8.624999999999992895, 0.05999999999999554301 ) ) ;
#868 = VERTEX_POINT ( 'NONE', #507 ) ;
#869 = EDGE_CURVE ( 'NONE', #621, #374, #983, .T. ) ;
#870 = DIRECTION ( 'NONE',  ( 1.000000000000000000, 0.000000000000000000, 0.000000000000000000 ) ) ;
#871 = CARTESIAN_POINT ( 'NONE',  ( -0.6260000000000003340, -9.125000000000000000, -0.06000000000000429989 ) ) ;
#872 = LINE ( 'NONE', #892, #83 ) ;
#873 = ORIENTED_EDGE ( 'NONE', *, *, #26, .T. ) ;
#874 = ORIENTED_EDGE ( 'NONE', *, *, #348, .T. ) ;
#875 = DIRECTION ( 'NONE',  ( 3.474718939309807431E-15, 0.000000000000000000, 1.000000000000000000 ) ) ;
#876 = ORIENTED_EDGE ( 'NONE', *, *, #539, .T. ) ;
#877 = LINE ( 'NONE', #259, #1188 ) ;
#878 = CYLINDRICAL_SURFACE ( 'NONE', #308, 0.1560000000000001941 ) ;
#879 = EDGE_CURVE ( 'NONE', #1081, #1389, #1402, .T. ) ;
#880 = CIRCLE ( 'NONE', #135, 0.1560000000000003884 ) ;
#881 = DIRECTION ( 'NONE',  ( 0.000000000000000000, 6.982962677686265922E-15, -1.000000000000000000 ) ) ;
#882 = ADVANCED_FACE ( 'NONE', ( #128 ), #384, .F. ) ;
#883 = AXIS2_PLACEMENT_3D ( 'NONE', #1377, #1367, #1128 ) ;
#884 = ORIENTED_EDGE ( 'NONE', *, *, #1339, .F. ) ;
#885 = AXIS2_PLACEMENT_3D ( 'NONE', #11, #45, #1269 ) ;
#886 = DIRECTION ( 'NONE',  ( -1.000000000000000000, 0.000000000000000000, 0.000000000000000000 ) ) ;
#887 = ORIENTED_EDGE ( 'NONE', *, *, #966, .T. ) ;
#888 = PLANE ( 'NONE',  #883 ) ;
#889 = DIRECTION ( 'NONE',  ( 0.000000000000000000, -1.000000000000000000, 0.000000000000000000 ) ) ;
#890 = DIRECTION ( 'NONE',  ( 0.000000000000000000, -1.000000000000000000, 0.000000000000000000 ) ) ;
#891 = VECTOR ( 'NONE', #234, 39.37007874015748143 ) ;
#892 = CARTESIAN_POINT ( 'NONE',  ( 0.4840000000000004854, 8.630999999999998451, -5.122214988120493535E-17 ) ) ;
#893 = EDGE_LOOP ( 'NONE', ( #441, #502, #1538, #1427 ) ) ;
#894 = EDGE_CURVE ( 'NONE', #201, #992, #414, .T. ) ;
#895 = ORIENTED_EDGE ( 'NONE', *, *, #1447, .F. ) ;
#896 = DIRECTION ( 'NONE',  ( 0.000000000000000000, 0.000000000000000000, 1.000000000000000000 ) ) ;
#897 =( LENGTH_UNIT ( ) NAMED_UNIT ( * ) SI_UNIT ( $, .METRE. ) );
#898 = DIRECTION ( 'NONE',  ( 0.000000000000000000, 6.982962677686265922E-15, -1.000000000000000000 ) ) ;
#899 = DIRECTION ( 'NONE',  ( -0.000000000000000000, 1.000000000000000000, 6.982962677686265922E-15 ) ) ;
#900 = DIRECTION ( 'NONE',  ( 0.000000000000000000, 1.000000000000000000, 0.000000000000000000 ) ) ;
#901 = ORIENTED_EDGE ( 'NONE', *, *, #1217, .T. ) ;
#902 = EDGE_CURVE ( 'NONE', #865, #374, #402, .T. ) ;
#903 = VERTEX_POINT ( 'NONE', #1028 ) ;
#904 = CARTESIAN_POINT ( 'NONE',  ( -0.4840000000000004854, -8.624999999999996447, -4.285586540060812616E-15 ) ) ;
#905 = DIRECTION ( 'NONE',  ( -1.000000000000000000, 0.000000000000000000, -0.000000000000000000 ) ) ;
#906 = CIRCLE ( 'NONE', #37, 0.1200000000000000511 ) ;
#907 = AXIS2_PLACEMENT_3D ( 'NONE', #182, #896, #1393 ) ;
#908 = EDGE_LOOP ( 'NONE', ( #1471, #144 ) ) ;
#909 = VECTOR ( 'NONE', #619, 39.37007874015748143 ) ;
#910 = DIRECTION ( 'NONE',  ( 3.474718939309781793E-15, -0.000000000000000000, -1.000000000000000000 ) ) ;
#911 = EDGE_CURVE ( 'NONE', #25, #571, #1295, .T. ) ;
#912 = CARTESIAN_POINT ( 'NONE',  ( 0.000000000000000000, 0.000000000000000000, -0.05999999999999999778 ) ) ;
#913 = AXIS2_PLACEMENT_3D ( 'NONE', #438, #1035, #811 ) ;
#914 = FACE_OUTER_BOUND ( 'NONE', #1355, .T. ) ;
#915 = ORIENTED_EDGE ( 'NONE', *, *, #1569, .F. ) ;
#916 = LINE ( 'NONE', #523, #460 ) ;
#917 = ADVANCED_FACE ( 'NONE', ( #1019 ), #58, .T. ) ;
#918 = DIRECTION ( 'NONE',  ( 0.000000000000000000, 0.000000000000000000, -1.000000000000000000 ) ) ;
#919 = DIRECTION ( 'NONE',  ( -0.000000000000000000, -0.000000000000000000, 1.000000000000000000 ) ) ;
#920 = ORIENTED_EDGE ( 'NONE', *, *, #548, .T. ) ;
#921 = DIRECTION ( 'NONE',  ( 0.000000000000000000, 0.000000000000000000, 1.000000000000000000 ) ) ;
#922 = DIRECTION ( 'NONE',  ( 0.000000000000000000, 6.982962677686265922E-15, -1.000000000000000000 ) ) ;
#923 = FACE_OUTER_BOUND ( 'NONE', #1187, .T. ) ;
#924 = CARTESIAN_POINT ( 'NONE',  ( -0.6100000000000005418, 8.624999999999996447, 0.05999999999999532097 ) ) ;
#925 = ADVANCED_FACE ( 'NONE', ( #801 ), #1302, .F. ) ;
#926 = ADVANCED_FACE ( 'NONE', ( #170 ), #1272, .F. ) ;
#927 = AXIS2_PLACEMENT_3D ( 'NONE', #101, #1059, #833 ) ;
#928 = ORIENTED_EDGE ( 'NONE', *, *, #537, .F. ) ;
#929 = AXIS2_PLACEMENT_3D ( 'NONE', #663, #1156, #48 ) ;
#930 = ORIENTED_EDGE ( 'NONE', *, *, #537, .T. ) ;
#931 = CIRCLE ( 'NONE', #673, 0.06000000000000003247 ) ;
#932 = CARTESIAN_POINT ( 'NONE',  ( 0.4900000000000004907, -8.624999999999994671, -5.122214988120493535E-17 ) ) ;
#933 = PLANE ( 'NONE',  #1506 ) ;
#934 = FACE_OUTER_BOUND ( 'NONE', #160, .T. ) ;
#935 = EDGE_CURVE ( 'NONE', #1446, #520, #288, .T. ) ;
#936 = ORIENTED_EDGE ( 'NONE', *, *, #704, .T. ) ;
#937 = ORIENTED_EDGE ( 'NONE', *, *, #1005, .F. ) ;
#938 = DIRECTION ( 'NONE',  ( 0.000000000000000000, -1.000000000000000000, -6.982962677686265922E-15 ) ) ;
#939 = DIRECTION ( 'NONE',  ( -0.000000000000000000, 1.000000000000000000, -0.000000000000000000 ) ) ;
#940 = EDGE_LOOP ( 'NONE', ( #33, #383 ) ) ;
#941 = ORIENTED_EDGE ( 'NONE', *, *, #16, .F. ) ;
#942 = LINE ( 'NONE', #325, #328 ) ;
#943 = EDGE_CURVE ( 'NONE', #258, #976, #191, .T. ) ;
#944 = ORIENTED_EDGE ( 'NONE', *, *, #1509, .T. ) ;
#945 = DIRECTION ( 'NONE',  ( -0.000000000000000000, -1.000000000000000000, -0.000000000000000000 ) ) ;
#946 = CARTESIAN_POINT ( 'NONE',  ( -0.4840000000000004854, -8.624999999999996447, -4.285586540060812616E-15 ) ) ;
#947 = DIRECTION ( 'NONE',  ( 0.000000000000000000, -0.000000000000000000, -1.000000000000000000 ) ) ;
#948 = DIRECTION ( 'NONE',  ( 0.000000000000000000, 0.000000000000000000, 1.000000000000000000 ) ) ;
#949 = VERTEX_POINT ( 'NONE', #54 ) ;
#950 = ORIENTED_EDGE ( 'NONE', *, *, #71, .T. ) ;
#951 = CARTESIAN_POINT ( 'NONE',  ( -0.4840000000000004854, -8.624999999999996447, -4.285586540060812616E-15 ) ) ;
#952 = ORIENTED_EDGE ( 'NONE', *, *, #955, .F. ) ;
#953 = CIRCLE ( 'NONE', #458, 0.06000000000000004635 ) ;
#954 = VECTOR ( 'NONE', #461, 39.37007874015748143 ) ;
#955 = EDGE_CURVE ( 'NONE', #689, #520, #1400, .T. ) ;
#956 = VECTOR ( 'NONE', #945, 39.37007874015748143 ) ;
#957 = LINE ( 'NONE', #1087, #1219 ) ;
#958 = DIRECTION ( 'NONE',  ( -0.000000000000000000, -0.000000000000000000, 1.000000000000000000 ) ) ;
#959 = ORIENTED_EDGE ( 'NONE', *, *, #132, .F. ) ;
#960 = ORIENTED_EDGE ( 'NONE', *, *, #1580, .T. ) ;
#961 = CARTESIAN_POINT ( 'NONE',  ( 0.4900000000000004907, -8.624999999999994671, 0.05999999999999998390 ) ) ;
#962 = ORIENTED_EDGE ( 'NONE', *, *, #943, .F. ) ;
#963 = DIMENSIONAL_EXPONENTS ( 1.000000000000000000, 0.000000000000000000, 0.000000000000000000, 0.000000000000000000, 0.000000000000000000, 0.000000000000000000, 0.000000000000000000 ) ;
#964 = LINE ( 'NONE', #817, #1039 ) ;
#965 = DIRECTION ( 'NONE',  ( 1.419374447981375389E-30, -1.000000000000000000, -6.982962677686265922E-15 ) ) ;
#966 = EDGE_CURVE ( 'NONE', #969, #107, #164, .T. ) ;
#967 = DIRECTION ( 'NONE',  ( 0.000000000000000000, 6.982962677686265922E-15, -1.000000000000000000 ) ) ;
#968 = ORIENTED_EDGE ( 'NONE', *, *, #1096, .F. ) ;
#969 = VERTEX_POINT ( 'NONE', #789 ) ;
#970 = PLANE ( 'NONE',  #692 ) ;
#971 = VERTEX_POINT ( 'NONE', #785 ) ;
#972 = DIRECTION ( 'NONE',  ( 1.000000000000000000, 0.000000000000000000, 0.000000000000000000 ) ) ;
#973 = CARTESIAN_POINT ( 'NONE',  ( -0.01999999999999999001, 9.125000000000000000, -0.05999999999999999778 ) ) ;
#974 = DIRECTION ( 'NONE',  ( 0.000000000000000000, -8.087894779578938540E-30, -1.000000000000000000 ) ) ;
#975 = DIRECTION ( 'NONE',  ( -0.000000000000000000, -1.000000000000000000, -0.000000000000000000 ) ) ;
#976 = VERTEX_POINT ( 'NONE', #679 ) ;
#977 = EDGE_CURVE ( 'NONE', #107, #1476, #652, .T. ) ;
#978 = PLANE ( 'NONE',  #1483 ) ;
#979 = LINE ( 'NONE', #504, #799 ) ;
#980 = ORIENTED_EDGE ( 'NONE', *, *, #1450, .F. ) ;
#981 = AXIS2_PLACEMENT_3D ( 'NONE', #1434, #231, #1198 ) ;
#982 = CARTESIAN_POINT ( 'NONE',  ( -0.01999999999999999001, 9.125000000000000000, 0.000000000000000000 ) ) ;
#983 = CIRCLE ( 'NONE', #1321, 0.1200000000000000511 ) ;
#984 = CYLINDRICAL_SURFACE ( 'NONE', #488, 0.1560000000000008324 ) ;
#985 = VECTOR ( 'NONE', #1284, 39.37007874015748143 ) ;
#986 = FACE_OUTER_BOUND ( 'NONE', #893, .T. ) ;
#987 = CIRCLE ( 'NONE', #783, 0.1560000000000003884 ) ;
#988 = ORIENTED_EDGE ( 'NONE', *, *, #439, .T. ) ;
#989 = FACE_OUTER_BOUND ( 'NONE', #349, .T. ) ;
#990 = LINE ( 'NONE', #1494, #1401 ) ;
#991 = EDGE_CURVE ( 'NONE', #109, #239, #174, .T. ) ;
#992 = VERTEX_POINT ( 'NONE', #541 ) ;
#993 = CIRCLE ( 'NONE', #293, 0.1560000000000008324 ) ;
#994 = DIRECTION ( 'NONE',  ( 0.000000000000000000, -6.982962677686265922E-15, 1.000000000000000000 ) ) ;
#995 = CARTESIAN_POINT ( 'NONE',  ( 0.6100000000000003197, 9.500000000000000000, -0.05999999999999999778 ) ) ;
#996 = CARTESIAN_POINT ( 'NONE',  ( -0.4900000000000004907, 8.624999999999987566, 0.05999999999999575118 ) ) ;
#997 = DIRECTION ( 'NONE',  ( -0.000000000000000000, 0.000000000000000000, 1.000000000000000000 ) ) ;
#998 = LINE ( 'NONE', #22, #240 ) ;
#999 = ORIENTED_EDGE ( 'NONE', *, *, #1195, .T. ) ;
#1000 = DIRECTION ( 'NONE',  ( 3.474718939309807431E-15, -0.000000000000000000, 1.000000000000000000 ) ) ;
#1001 = DIRECTION ( 'NONE',  ( 0.000000000000000000, 6.982962677686265922E-15, -1.000000000000000000 ) ) ;
#1002 = VERTEX_POINT ( 'NONE', #1281 ) ;
#1003 = ADVANCED_FACE ( 'NONE', ( #1526 ), #1407, .F. ) ;
#1004 = FACE_OUTER_BOUND ( 'NONE', #631, .T. ) ;
#1005 = EDGE_CURVE ( 'NONE', #571, #1111, #916, .T. ) ;
#1006 = CARTESIAN_POINT ( 'NONE',  ( -0.6100000000000003197, 9.280177317930162317, 0.000000000000000000 ) ) ;
#1007 = LINE ( 'NONE', #637, #1018 ) ;
#1008 = ORIENTED_EDGE ( 'NONE', *, *, #539, .F. ) ;
#1009 = CARTESIAN_POINT ( 'NONE',  ( -0.4900000000000004907, -8.624999999999994671, 0.05999999999999575118 ) ) ;
#1010 = ORIENTED_EDGE ( 'NONE', *, *, #163, .F. ) ;
#1011 = FACE_OUTER_BOUND ( 'NONE', #843, .T. ) ;
#1012 = DIRECTION ( 'NONE',  ( 1.000000000000000000, 0.000000000000000000, 0.000000000000000000 ) ) ;
#1013 = EDGE_CURVE ( 'NONE', #1349, #971, #1411, .T. ) ;
#1014 = VECTOR ( 'NONE', #898, 39.37007874015748143 ) ;
#1015 = CARTESIAN_POINT ( 'NONE',  ( -0.4699999999999999734, 9.125000000000000000, -0.06000000000000429989 ) ) ;
#1016 = VECTOR ( 'NONE', #436, 39.37007874015748143 ) ;
#1017 = ORIENTED_EDGE ( 'NONE', *, *, #1436, .T. ) ;
#1018 = VECTOR ( 'NONE', #397, 39.37007874015748143 ) ;
#1019 = FACE_OUTER_BOUND ( 'NONE', #1173, .T. ) ;
#1020 = CARTESIAN_POINT ( 'NONE',  ( 0.01999999999999999001, -9.125000000000000000, 0.000000000000000000 ) ) ;
#1021 = CARTESIAN_POINT ( 'NONE',  ( 0.4840000000000004854, 8.624999999999998224, -5.122214988120493535E-17 ) ) ;
#1022 = VECTOR ( 'NONE', #117, 39.37007874015748143 ) ;
#1023 = CARTESIAN_POINT ( 'NONE',  ( 0.6100000000000003197, 9.280177317930165870, 0.000000000000000000 ) ) ;
#1024 = DIRECTION ( 'NONE',  ( 0.000000000000000000, 0.000000000000000000, 1.000000000000000000 ) ) ;
#1025 = ADVANCED_FACE ( 'NONE', ( #547 ), #1046, .F. ) ;
#1026 = VERTEX_POINT ( 'NONE', #1593 ) ;
#1027 = ORIENTED_EDGE ( 'NONE', *, *, #654, .F. ) ;
#1028 = CARTESIAN_POINT ( 'NONE',  ( -0.6100000000000003197, -9.500000000000000000, -0.05999999999999999778 ) ) ;
#1029 = FACE_OUTER_BOUND ( 'NONE', #380, .T. ) ;
#1030 = CARTESIAN_POINT ( 'NONE',  ( 0.4840000000000004854, -8.624999999999994671, -5.122214988120493535E-17 ) ) ;
#1031 = EDGE_CURVE ( 'NONE', #868, #173, #472, .T. ) ;
#1032 = ORIENTED_EDGE ( 'NONE', *, *, #784, .T. ) ;
#1033 = DIRECTION ( 'NONE',  ( -1.000000000000000000, -0.000000000000000000, -0.000000000000000000 ) ) ;
#1034 = CARTESIAN_POINT ( 'NONE',  ( -0.6100000000000003197, -9.500000000000000000, -0.05999999999999999778 ) ) ;
#1035 = DIRECTION ( 'NONE',  ( 0.000000000000000000, 1.000000000000000000, 0.000000000000000000 ) ) ;
#1036 = VECTOR ( 'NONE', #242, 39.37007874015748143 ) ;
#1037 = VECTOR ( 'NONE', #66, 39.37007874015748143 ) ;
#1038 = ORIENTED_EDGE ( 'NONE', *, *, #480, .F. ) ;
#1039 = VECTOR ( 'NONE', #1316, 39.37007874015748143 ) ;
#1040 = EDGE_CURVE ( 'NONE', #1597, #239, #1575, .T. ) ;
#1041 = DIRECTION ( 'NONE',  ( 1.000000000000000000, 0.000000000000000000, 0.000000000000000000 ) ) ;
#1042 = LINE ( 'NONE', #285, #825 ) ;
#1043 = FACE_BOUND ( 'NONE', #940, .T. ) ;
#1044 = ORIENTED_EDGE ( 'NONE', *, *, #1591, .F. ) ;
#1045 = ADVANCED_FACE ( 'NONE', ( #986 ), #610, .T. ) ;
#1046 = CYLINDRICAL_SURFACE ( 'NONE', #649, 0.1560000000000003884 ) ;
#1047 = ADVANCED_FACE ( 'NONE', ( #705 ), #479, .T. ) ;
#1048 = DIRECTION ( 'NONE',  ( -1.000000000000000000, 0.000000000000000000, 0.000000000000000000 ) ) ;
#1049 = CYLINDRICAL_SURFACE ( 'NONE', #467, 0.1560000000000003884 ) ;
#1050 = ORIENTED_EDGE ( 'NONE', *, *, #1133, .F. ) ;
#1051 = EDGE_LOOP ( 'NONE', ( #1520, #841, #528, #565 ) ) ;
#1052 = FACE_OUTER_BOUND ( 'NONE', #1333, .T. ) ;
#1053 = CYLINDRICAL_SURFACE ( 'NONE', #913, 0.06000000000000004635 ) ;
#1054 = EDGE_CURVE ( 'NONE', #503, #1552, #209, .T. ) ;
#1055 = VECTOR ( 'NONE', #110, 39.37007874015748143 ) ;
#1056 = EDGE_LOOP ( 'NONE', ( #941, #781, #915, #401 ) ) ;
#1057 = VECTOR ( 'NONE', #731, 39.37007874015748143 ) ;
#1058 = ORIENTED_EDGE ( 'NONE', *, *, #1013, .F. ) ;
#1059 = DIRECTION ( 'NONE',  ( -0.000000000000000000, 0.000000000000000000, 1.000000000000000000 ) ) ;
#1060 = VECTOR ( 'NONE', #395, 39.37007874015748143 ) ;
#1061 = DIRECTION ( 'NONE',  ( 0.000000000000000000, 0.000000000000000000, -1.000000000000000000 ) ) ;
#1062 = CARTESIAN_POINT ( 'NONE',  ( -0.6100000000000004308, -8.624999999999996447, -2.329067433309555751E-15 ) ) ;
#1063 = ADVANCED_FACE ( 'NONE', ( #1194 ), #219, .T. ) ;
#1064 = VERTEX_POINT ( 'NONE', #1337 ) ;
#1065 = DIMENSIONAL_EXPONENTS ( 1.000000000000000000, 0.000000000000000000, 0.000000000000000000, 0.000000000000000000, 0.000000000000000000, 0.000000000000000000, 0.000000000000000000 ) ;
#1066 = VERTEX_POINT ( 'NONE', #1440 ) ;
#1067 = PLANE ( 'NONE',  #981 ) ;
#1068 = DIRECTION ( 'NONE',  ( -0.000000000000000000, -0.000000000000000000, 1.000000000000000000 ) ) ;
#1069 = DIRECTION ( 'NONE',  ( 1.000000000000000000, 0.000000000000000000, 0.000000000000000000 ) ) ;
#1070 = CARTESIAN_POINT ( 'NONE',  ( 0.6100000000000003197, 8.969822682069832354, -0.06000000000000429989 ) ) ;
#1071 = ORIENTED_EDGE ( 'NONE', *, *, #632, .T. ) ;
#1072 = ORIENTED_EDGE ( 'NONE', *, *, #1074, .F. ) ;
#1073 = CARTESIAN_POINT ( 'NONE',  ( -0.4900000000000004907, -8.624999999999996447, 0.05999999999999575118 ) ) ;
#1074 = EDGE_CURVE ( 'NONE', #85, #275, #1164, .T. ) ;
#1075 = ORIENTED_EDGE ( 'NONE', *, *, #1336, .T. ) ;
#1076 = CARTESIAN_POINT ( 'NONE',  ( 0.4900000000000004907, 8.624999999999998224, 0.05999999999999998390 ) ) ;
#1077 = CARTESIAN_POINT ( 'NONE',  ( 0.6100000000000003197, -9.500000000000000000, 0.000000000000000000 ) ) ;
#1078 = CARTESIAN_POINT ( 'NONE',  ( 0.4840000000000004854, -8.630999999999994898, -5.122214988120493535E-17 ) ) ;
#1079 = PLANE ( 'NONE',  #782 ) ;
#1080 = VERTEX_POINT ( 'NONE', #237 ) ;
#1081 = VERTEX_POINT ( 'NONE', #591 ) ;
#1082 = DIRECTION ( 'NONE',  ( 0.000000000000000000, 1.000000000000000000, 0.000000000000000000 ) ) ;
#1083 = ORIENTED_EDGE ( 'NONE', *, *, #252, .F. ) ;
#1084 = VECTOR ( 'NONE', #1452, 39.37007874015748143 ) ;
#1085 = ADVANCED_FACE ( 'NONE', ( #1222 ), #1565, .T. ) ;
#1086 = VECTOR ( 'NONE', #900, 39.37007874015748143 ) ;
#1087 = CARTESIAN_POINT ( 'NONE',  ( -0.4840000000000004854, 8.624999999999992895, -4.285586540060812616E-15 ) ) ;
#1088 = PLANE ( 'NONE',  #2 ) ;
#1089 = CARTESIAN_POINT ( 'NONE',  ( -0.5500000000000005995, -8.624999999999996447, 0.05999999999999554301 ) ) ;
#1090 = DIRECTION ( 'NONE',  ( 1.000000000000000000, 0.000000000000000000, 0.000000000000000000 ) ) ;
#1091 = VERTEX_POINT ( 'NONE', #1070 ) ;
#1092 = DIRECTION ( 'NONE',  ( -0.000000000000000000, -0.000000000000000000, 1.000000000000000000 ) ) ;
#1093 = CIRCLE ( 'NONE', #399, 0.1200000000000000511 ) ;
#1094 = DIRECTION ( 'NONE',  ( 3.474718939309781793E-15, 0.000000000000000000, -1.000000000000000000 ) ) ;
#1095 = ORIENTED_EDGE ( 'NONE', *, *, #1109, .T. ) ;
#1096 = EDGE_CURVE ( 'NONE', #1457, #556, #600, .T. ) ;
#1097 = DIRECTION ( 'NONE',  ( 0.000000000000000000, 0.000000000000000000, -1.000000000000000000 ) ) ;
#1098 = DIRECTION ( 'NONE',  ( 0.000000000000000000, 1.000000000000000000, 0.000000000000000000 ) ) ;
#1099 = EDGE_CURVE ( 'NONE', #1091, #808, #434, .T. ) ;
#1100 =( NAMED_UNIT ( * ) SI_UNIT ( $, .STERADIAN. ) SOLID_ANGLE_UNIT ( ) );
#1101 = CARTESIAN_POINT ( 'NONE',  ( -0.5500000000000003775, 0.000000000000000000, -2.119578552978967829E-15 ) ) ;
#1102 = ORIENTED_EDGE ( 'NONE', *, *, #1569, .T. ) ;
#1103 = DIRECTION ( 'NONE',  ( -0.000000000000000000, 0.000000000000000000, 1.000000000000000000 ) ) ;
#1104 = CARTESIAN_POINT ( 'NONE',  ( 0.6100000000000005418, -8.624999999999998224, 0.05999999999999955369 ) ) ;
#1105 = ORIENTED_EDGE ( 'NONE', *, *, #313, .T. ) ;
#1106 = CARTESIAN_POINT ( 'NONE',  ( -0.4840000000000004854, -8.624999999999996447, -0.05999999999999999778 ) ) ;
#1107 = CARTESIAN_POINT ( 'NONE',  ( 0.6100000000000003197, -9.500000000000000000, -0.05999999999999999778 ) ) ;
#1108 = DIRECTION ( 'NONE',  ( -1.000000000000000000, 0.000000000000000000, 0.000000000000000000 ) ) ;
#1109 = EDGE_CURVE ( 'NONE', #798, #556, #1231, .T. ) ;
#1110 = ORIENTED_EDGE ( 'NONE', *, *, #1450, .T. ) ;
#1111 = VERTEX_POINT ( 'NONE', #1319 ) ;
#1112 = PLANE ( 'NONE',  #287 ) ;
#1113 = ORIENTED_EDGE ( 'NONE', *, *, #56, .T. ) ;
#1114 = VECTOR ( 'NONE', #1444, 39.37007874015748143 ) ;
#1115 = CARTESIAN_POINT ( 'NONE',  ( -0.4900000000000004907, 8.624999999999992895, -4.285586540060812616E-15 ) ) ;
#1116 = LINE ( 'NONE', #271, #1380 ) ;
#1117 = VECTOR ( 'NONE', #1134, 39.37007874015748143 ) ;
#1118 = DIRECTION ( 'NONE',  ( 0.000000000000000000, -6.982962677686265922E-15, 1.000000000000000000 ) ) ;
#1119 = VECTOR ( 'NONE', #1277, 39.37007874015748143 ) ;
#1120 = DIRECTION ( 'NONE',  ( -0.000000000000000000, -0.000000000000000000, 1.000000000000000000 ) ) ;
#1121 = CIRCLE ( 'NONE', #1253, 0.1560000000000008324 ) ;
#1122 = VERTEX_POINT ( 'NONE', #570 ) ;
#1123 = ADVANCED_FACE ( 'NONE', ( #451 ), #1079, .T. ) ;
#1124 = FACE_OUTER_BOUND ( 'NONE', #343, .T. ) ;
#1125 =( LENGTH_UNIT ( ) NAMED_UNIT ( * ) SI_UNIT ( $, .METRE. ) );
#1126 = ORIENTED_EDGE ( 'NONE', *, *, #1214, .F. ) ;
#1127 = AXIS2_PLACEMENT_3D ( 'NONE', #687, #1542, #1555 ) ;
#1128 = DIRECTION ( 'NONE',  ( 0.000000000000000000, 0.000000000000000000, 1.000000000000000000 ) ) ;
#1129 = CARTESIAN_POINT ( 'NONE',  ( 0.5500000000000003775, -8.624999999999998224, -1.005743971999674972E-18 ) ) ;
#1130 = CARTESIAN_POINT ( 'NONE',  ( -0.6100000000000023181, -8.624999999999996447, 0.5699999999999999512 ) ) ;
#1131 = ORIENTED_EDGE ( 'NONE', *, *, #643, .F. ) ;
#1132 = ORIENTED_EDGE ( 'NONE', *, *, #643, .T. ) ;
#1133 = EDGE_CURVE ( 'NONE', #1342, #315, #508, .T. ) ;
#1134 = DIRECTION ( 'NONE',  ( 0.000000000000000000, 0.000000000000000000, 1.000000000000000000 ) ) ;
#1135 = CARTESIAN_POINT ( 'NONE',  ( -0.5500000000000005995, 8.624999999999996447, 0.05999999999999553607 ) ) ;
#1136 = CARTESIAN_POINT ( 'NONE',  ( 0.01999999999999999001, -9.125000000000000000, -0.05999999999999999778 ) ) ;
#1137 = ORIENTED_EDGE ( 'NONE', *, *, #1031, .T. ) ;
#1138 = LINE ( 'NONE', #417, #418 ) ;
#1139 = EDGE_LOOP ( 'NONE', ( #1226, #70, #1314, #1484 ) ) ;
#1140 = EDGE_CURVE ( 'NONE', #4, #1349, #872, .T. ) ;
#1141 = CARTESIAN_POINT ( 'NONE',  ( 0.4840000000000004854, 8.630999999999998451, -5.122214988120493535E-17 ) ) ;
#1142 = CARTESIAN_POINT ( 'NONE',  ( 0.6100000000000003197, -8.630999999999994898, -0.05999999999999999778 ) ) ;
#1143 = CARTESIAN_POINT ( 'NONE',  ( 0.1360000000000006759, 9.125000000000000000, 0.000000000000000000 ) ) ;
#1144 = CIRCLE ( 'NONE', #59, 0.1560000000000001941 ) ;
#1145 = VECTOR ( 'NONE', #421, 39.37007874015748143 ) ;
#1146 = CARTESIAN_POINT ( 'NONE',  ( -0.4840000000000004854, 8.624999999999992895, -4.285586540060812616E-15 ) ) ;
#1147 = DIRECTION ( 'NONE',  ( -1.419374447981375389E-30, 1.000000000000000000, 6.982962677686265922E-15 ) ) ;
#1148 = VERTEX_POINT ( 'NONE', #1382 ) ;
#1149 = EDGE_LOOP ( 'NONE', ( #980, #232, #1095, #821 ) ) ;
#1150 = DIRECTION ( 'NONE',  ( 1.000000000000000000, 0.000000000000000000, 0.000000000000000000 ) ) ;
#1151 =( NAMED_UNIT ( * ) SI_UNIT ( $, .STERADIAN. ) SOLID_ANGLE_UNIT ( ) );
#1152 = DIRECTION ( 'NONE',  ( 0.000000000000000000, -0.000000000000000000, 1.000000000000000000 ) ) ;
#1153 = CARTESIAN_POINT ( 'NONE',  ( 0.6100000000000023181, 8.624999999999998224, 0.5699999999999999512 ) ) ;
#1154 = EDGE_CURVE ( 'NONE', #1026, #25, #272, .T. ) ;
#1155 = ORIENTED_EDGE ( 'NONE', *, *, #1558, .T. ) ;
#1156 = DIRECTION ( 'NONE',  ( 0.000000000000000000, 1.000000000000000000, 0.000000000000000000 ) ) ;
#1157 = DIRECTION ( 'NONE',  ( 0.000000000000000000, 0.000000000000000000, 1.000000000000000000 ) ) ;
#1158 = EDGE_CURVE ( 'NONE', #243, #1602, #1007, .T. ) ;
#1159 = ORIENTED_EDGE ( 'NONE', *, *, #471, .F. ) ;
#1160 = DIRECTION ( 'NONE',  ( 1.000000000000000000, -0.000000000000000000, -3.491481338843134539E-15 ) ) ;
#1161 = CARTESIAN_POINT ( 'NONE',  ( -0.6100000000000023181, -8.624999999999996447, 0.5699999999999999512 ) ) ;
#1162 = FACE_OUTER_BOUND ( 'NONE', #788, .T. ) ;
#1163 = CARTESIAN_POINT ( 'NONE',  ( -0.5500000000000023759, -8.624999999999996447, 0.5700000000000001732 ) ) ;
#1164 = CIRCLE ( 'NONE', #519, 0.1560000000000003884 ) ;
#1165 = EDGE_CURVE ( 'NONE', #1148, #1279, #50, .T. ) ;
#1166 = ORIENTED_EDGE ( 'NONE', *, *, #902, .T. ) ;
#1167 = VECTOR ( 'NONE', #598, 39.37007874015748143 ) ;
#1168 = EDGE_CURVE ( 'NONE', #1279, #173, #998, .T. ) ;
#1169 = DIRECTION ( 'NONE',  ( -1.000000000000000000, -0.000000000000000000, -3.491481338843133750E-15 ) ) ;
#1170 = APPLICATION_PROTOCOL_DEFINITION ( 'draft international standard', 'automotive_design', 1998, #1258 ) ;
#1171 = DIRECTION ( 'NONE',  ( 0.000000000000000000, -0.000000000000000000, -1.000000000000000000 ) ) ;
#1172 = VECTOR ( 'NONE', #1000, 39.37007874015748143 ) ;
#1173 = EDGE_LOOP ( 'NONE', ( #188, #706, #1345, #464 ) ) ;
#1174 = CARTESIAN_POINT ( 'NONE',  ( -0.6100000000000003197, -8.969822682069832354, -0.06000000000000429989 ) ) ;
#1175 = EDGE_CURVE ( 'NONE', #1338, #440, #1498, .T. ) ;
#1176 = DIRECTION ( 'NONE',  ( 0.000000000000000000, 6.982962677686265922E-15, -1.000000000000000000 ) ) ;
#1177 = CARTESIAN_POINT ( 'NONE',  ( 0.4840000000000004854, 8.630999999999998451, -0.05999999999999999778 ) ) ;
#1178 = DIRECTION ( 'NONE',  ( 0.000000000000000000, -1.000000000000000000, 0.000000000000000000 ) ) ;
#1179 = ORIENTED_EDGE ( 'NONE', *, *, #773, .T. ) ;
#1180 = ORIENTED_EDGE ( 'NONE', *, *, #911, .T. ) ;
#1181 = CARTESIAN_POINT ( 'NONE',  ( 0.4900000000000004907, 8.624999999999996447, -5.122214988120493535E-17 ) ) ;
#1182 = ADVANCED_FACE ( 'NONE', ( #770 ), #532, .T. ) ;
#1183 = CARTESIAN_POINT ( 'NONE',  ( -0.6100000000000003197, 8.969822682069832354, -0.06000000000000429989 ) ) ;
#1184 = CARTESIAN_POINT ( 'NONE',  ( 0.6100000000000003197, 8.969822682069828801, 0.000000000000000000 ) ) ;
#1185 = DIRECTION ( 'NONE',  ( 0.000000000000000000, 0.000000000000000000, -1.000000000000000000 ) ) ;
#1186 = AXIS2_PLACEMENT_3D ( 'NONE', #961, #94, #574 ) ;
#1187 = EDGE_LOOP ( 'NONE', ( #1270, #1585, #739, #944 ) ) ;
#1188 = VECTOR ( 'NONE', #1351, 39.37007874015748143 ) ;
#1189 = ORIENTED_EDGE ( 'NONE', *, *, #1255, .T. ) ;
#1190 = LINE ( 'NONE', #1323, #779 ) ;
#1191 = VECTOR ( 'NONE', #1523, 39.37007874015748143 ) ;
#1192 = CARTESIAN_POINT ( 'NONE',  ( 0.4900000000000004907, 8.624999999999998224, -0.06000000000000005329 ) ) ;
#1193 = VECTOR ( 'NONE', #848, 39.37007874015748143 ) ;
#1194 = FACE_OUTER_BOUND ( 'NONE', #757, .T. ) ;
#1195 = EDGE_CURVE ( 'NONE', #107, #76, #561, .T. ) ;
#1196 = ORIENTED_EDGE ( 'NONE', *, *, #751, .T. ) ;
#1197 = ORIENTED_EDGE ( 'NONE', *, *, #398, .T. ) ;
#1198 = DIRECTION ( 'NONE',  ( 0.000000000000000000, 0.000000000000000000, 1.000000000000000000 ) ) ;
#1199 = VERTEX_POINT ( 'NONE', #1491 ) ;
#1200 = PLANE ( 'NONE',  #1404 ) ;
#1201 = FACE_OUTER_BOUND ( 'NONE', #224, .T. ) ;
#1202 = DIRECTION ( 'NONE',  ( 1.000000000000000000, 0.000000000000000000, 0.000000000000000000 ) ) ;
#1203 = VERTEX_POINT ( 'NONE', #1153 ) ;
#1204 = ORIENTED_EDGE ( 'NONE', *, *, #204, .T. ) ;
#1205 = LINE ( 'NONE', #690, #1114 ) ;
#1206 = ORIENTED_EDGE ( 'NONE', *, *, #412, .F. ) ;
#1207 = CARTESIAN_POINT ( 'NONE',  ( -0.4840000000000004854, -8.624999999999996447, -4.285586540060812616E-15 ) ) ;
#1208 = CARTESIAN_POINT ( 'NONE',  ( -0.4840000000000004854, 8.624999999999992895, -0.05999999999999999778 ) ) ;
#1209 = CARTESIAN_POINT ( 'NONE',  ( -0.4900000000000004907, -8.624999999999996447, 0.05999999999999575118 ) ) ;
#1210 = ORIENTED_EDGE ( 'NONE', *, *, #1264, .T. ) ;
#1211 = ORIENTED_EDGE ( 'NONE', *, *, #654, .T. ) ;
#1212 = VECTOR ( 'NONE', #483, 39.37007874015748143 ) ;
#1213 = CARTESIAN_POINT ( 'NONE',  ( 1.225062086052724278E-29, -8.630999999999994898, -0.05999999999999999778 ) ) ;
#1214 = EDGE_CURVE ( 'NONE', #1148, #868, #1517, .T. ) ;
#1215 = ORIENTED_EDGE ( 'NONE', *, *, #1472, .T. ) ;
#1216 = AXIS2_PLACEMENT_3D ( 'NONE', #1237, #49, #1012 ) ;
#1217 = EDGE_CURVE ( 'NONE', #1066, #315, #286, .T. ) ;
#1218 = AXIS2_PLACEMENT_3D ( 'NONE', #1115, #1503, #994 ) ;
#1219 = VECTOR ( 'NONE', #568, 39.37007874015748143 ) ;
#1220 = DIRECTION ( 'NONE',  ( 0.000000000000000000, 6.982962677686265922E-15, -1.000000000000000000 ) ) ;
#1221 =( GEOMETRIC_REPRESENTATION_CONTEXT ( 3 ) GLOBAL_UNCERTAINTY_ASSIGNED_CONTEXT ( ( #363 ) ) GLOBAL_UNIT_ASSIGNED_CONTEXT ( ( #775, #367, #1151 ) ) REPRESENTATION_CONTEXT ( 'NONE', 'WORKASPACE' ) );
#1222 = FACE_OUTER_BOUND ( 'NONE', #1285, .T. ) ;
#1223 = VERTEX_POINT ( 'NONE', #1015 ) ;
#1224 = LINE ( 'NONE', #755, #1280 ) ;
#1225 = DIRECTION ( 'NONE',  ( 1.000000000000000000, 0.000000000000000000, 0.000000000000000000 ) ) ;
#1226 = ORIENTED_EDGE ( 'NONE', *, *, #730, .F. ) ;
#1227 = EDGE_CURVE ( 'NONE', #1199, #1002, #168, .T. ) ;
#1228 = DIRECTION ( 'NONE',  ( 0.000000000000000000, -1.000000000000000000, 0.000000000000000000 ) ) ;
#1229 = CARTESIAN_POINT ( 'NONE',  ( 0.6100000000000003197, -9.500000000000000000, -0.05999999999999999778 ) ) ;
#1230 = CARTESIAN_POINT ( 'NONE',  ( -0.6100000000000003197, 8.630999999999991346, -0.05999999999999999778 ) ) ;
#1231 = LINE ( 'NONE', #91, #38 ) ;
#1232 = ORIENTED_EDGE ( 'NONE', *, *, #197, .F. ) ;
#1233 = ORIENTED_EDGE ( 'NONE', *, *, #1099, .T. ) ;
#1234 = DIRECTION ( 'NONE',  ( 0.000000000000000000, 0.000000000000000000, 1.000000000000000000 ) ) ;
#1235 = ORIENTED_EDGE ( 'NONE', *, *, #43, .T. ) ;
#1236 = CARTESIAN_POINT ( 'NONE',  ( 0.6100000000000003197, 9.280177317930165870, -0.06000000000000429989 ) ) ;
#1237 = CARTESIAN_POINT ( 'NONE',  ( -0.01999999999999999001, 9.125000000000000000, 0.000000000000000000 ) ) ;
#1238 = ADVANCED_FACE ( 'NONE', ( #1362 ), #379, .T. ) ;
#1239 = DIRECTION ( 'NONE',  ( 0.000000000000000000, 1.000000000000000000, 0.000000000000000000 ) ) ;
#1240 = DIRECTION ( 'NONE',  ( 1.000000000000000000, 0.000000000000000000, -1.700629579389213975E-14 ) ) ;
#1241 = ORIENTED_EDGE ( 'NONE', *, *, #1534, .T. ) ;
#1242 = DIRECTION ( 'NONE',  ( -1.000000000000000000, 0.000000000000000000, -3.491481338843133750E-15 ) ) ;
#1243 = SURFACE_STYLE_USAGE ( .BOTH. , #495 ) ;
#1244 = ORIENTED_EDGE ( 'NONE', *, *, #244, .T. ) ;
#1245 = VECTOR ( 'NONE', #118, 39.37007874015748143 ) ;
#1246 = DIRECTION ( 'NONE',  ( -0.000000000000000000, -0.000000000000000000, 1.000000000000000000 ) ) ;
#1247 = LINE ( 'NONE', #1129, #166 ) ;
#1248 = VECTOR ( 'NONE', #967, 39.37007874015748143 ) ;
#1249 = DIRECTION ( 'NONE',  ( -0.000000000000000000, -0.000000000000000000, 1.000000000000000000 ) ) ;
#1250 = AXIS2_PLACEMENT_3D ( 'NONE', #790, #301, #795 ) ;
#1251 = CARTESIAN_POINT ( 'NONE',  ( -0.1360000000000008424, -9.125000000000000000, -0.05999999999999999778 ) ) ;
#1252 = LINE ( 'NONE', #778, #1119 ) ;
#1253 = AXIS2_PLACEMENT_3D ( 'NONE', #1020, #40, #1514 ) ;
#1254 = ORIENTED_EDGE ( 'NONE', *, *, #1556, .T. ) ;
#1255 = EDGE_CURVE ( 'NONE', #148, #1426, #623, .T. ) ;
#1256 = ORIENTED_EDGE ( 'NONE', *, *, #71, .F. ) ;
#1257 = ORIENTED_EDGE ( 'NONE', *, *, #1549, .T. ) ;
#1258 = APPLICATION_CONTEXT ( 'automotive_design' ) ;
#1259 = DIRECTION ( 'NONE',  ( -1.000000000000000000, 0.000000000000000000, -3.491481338843134539E-15 ) ) ;
#1260 = LINE ( 'NONE', #1135, #1508 ) ;
#1261 = CARTESIAN_POINT ( 'NONE',  ( -0.6100000000000003197, 8.969822682069832354, -0.06000000000000429989 ) ) ;
#1262 = ORIENTED_EDGE ( 'NONE', *, *, #894, .F. ) ;
#1263 = LINE ( 'NONE', #1346, #1451 ) ;
#1264 = EDGE_CURVE ( 'NONE', #729, #116, #32, .T. ) ;
#1265 = ORIENTED_EDGE ( 'NONE', *, *, #533, .F. ) ;
#1266 = FACE_OUTER_BOUND ( 'NONE', #93, .T. ) ;
#1267 = DIRECTION ( 'NONE',  ( 1.000000000000000000, 0.000000000000000000, 0.000000000000000000 ) ) ;
#1268 = DIRECTION ( 'NONE',  ( 0.000000000000000000, 8.087894779578938540E-30, -1.000000000000000000 ) ) ;
#1269 = DIRECTION ( 'NONE',  ( 0.000000000000000000, 0.000000000000000000, -1.000000000000000000 ) ) ;
#1270 = ORIENTED_EDGE ( 'NONE', *, *, #1540, .F. ) ;
#1271 = ORIENTED_EDGE ( 'NONE', *, *, #826, .T. ) ;
#1272 = CYLINDRICAL_SURFACE ( 'NONE', #907, 0.1560000000000006659 ) ;
#1273 = EDGE_CURVE ( 'NONE', #976, #1441, #1252, .T. ) ;
#1274 = VECTOR ( 'NONE', #1560, 39.37007874015748143 ) ;
#1275 = VECTOR ( 'NONE', #1521, 39.37007874015748143 ) ;
#1276 = LINE ( 'NONE', #655, #309 ) ;
#1277 = DIRECTION ( 'NONE',  ( -0.000000000000000000, 1.000000000000000000, -0.000000000000000000 ) ) ;
#1278 = VECTOR ( 'NONE', #1068, 39.37007874015748143 ) ;
#1279 = VERTEX_POINT ( 'NONE', #1482 ) ;
#1280 = VECTOR ( 'NONE', #1242, 39.37007874015748143 ) ;
#1281 = CARTESIAN_POINT ( 'NONE',  ( 0.6100000000000003197, -9.280177317930165870, -0.06000000000000429989 ) ) ;
#1282 = ADVANCED_FACE ( 'NONE', ( #370 ), #142, .F. ) ;
#1283 = EDGE_CURVE ( 'NONE', #1338, #669, #660, .T. ) ;
#1284 = DIRECTION ( 'NONE',  ( -0.000000000000000000, 1.000000000000000000, -0.000000000000000000 ) ) ;
#1285 = EDGE_LOOP ( 'NONE', ( #959, #1044, #17, #1462 ) ) ;
#1286 = ORIENTED_EDGE ( 'NONE', *, *, #72, .F. ) ;
#1287 = DIRECTION ( 'NONE',  ( -0.000000000000000000, -0.000000000000000000, 1.000000000000000000 ) ) ;
#1288 = CARTESIAN_POINT ( 'NONE',  ( -0.4840000000000004854, 8.630999999999991346, -4.285586540060812616E-15 ) ) ;
#1289 = PLANE ( 'NONE',  #856 ) ;
#1290 = DIRECTION ( 'NONE',  ( -0.000000000000000000, -1.000000000000000000, -0.000000000000000000 ) ) ;
#1291 = EDGE_CURVE ( 'NONE', #116, #25, #810, .T. ) ;
#1292 = ADVANCED_FACE ( 'NONE', ( #923 ), #1529, .T. ) ;
#1293 = ORIENTED_EDGE ( 'NONE', *, *, #187, .T. ) ;
#1294 = ORIENTED_EDGE ( 'NONE', *, *, #730, .T. ) ;
#1295 = LINE ( 'NONE', #408, #620 ) ;
#1296 = LINE ( 'NONE', #68, #1191 ) ;
#1297 = VECTOR ( 'NONE', #1516, 39.37007874015748143 ) ;
#1298 = AXIS2_PLACEMENT_3D ( 'NONE', #247, #725, #1453 ) ;
#1299 = ADVANCED_FACE ( 'NONE', ( #550, #674, #423 ), #62, .T. ) ;
#1300 = EDGE_LOOP ( 'NONE', ( #928, #481, #1308, #698 ) ) ;
#1301 = AXIS2_PLACEMENT_3D ( 'NONE', #630, #656, #1371 ) ;
#1302 = CYLINDRICAL_SURFACE ( 'NONE', #490, 0.1560000000000008324 ) ;
#1303 = LINE ( 'NONE', #1288, #854 ) ;
#1304 = CARTESIAN_POINT ( 'NONE',  ( 0.6100000000000003197, 8.969822682069832354, -0.06000000000000429989 ) ) ;
#1305 = VECTOR ( 'NONE', #829, 39.37007874015748143 ) ;
#1306 = CARTESIAN_POINT ( 'NONE',  ( -0.6100000000000003197, -8.969822682069832354, -0.06000000000000429989 ) ) ;
#1307 = ORIENTED_EDGE ( 'NONE', *, *, #480, .T. ) ;
#1308 = ORIENTED_EDGE ( 'NONE', *, *, #806, .T. ) ;
#1309 = EDGE_CURVE ( 'NONE', #601, #280, #543, .T. ) ;
#1310 = LINE ( 'NONE', #1304, #802 ) ;
#1311 = ORIENTED_EDGE ( 'NONE', *, *, #862, .T. ) ;
#1312 = ORIENTED_EDGE ( 'NONE', *, *, #1370, .T. ) ;
#1313 = DIRECTION ( 'NONE',  ( 0.000000000000000000, 6.982962677686265922E-15, -1.000000000000000000 ) ) ;
#1314 = ORIENTED_EDGE ( 'NONE', *, *, #763, .T. ) ;
#1315 = ADVANCED_FACE ( 'NONE', ( #1043, #192, #1162 ), #1417, .F. ) ;
#1316 = DIRECTION ( 'NONE',  ( -1.000000000000000000, 0.000000000000000000, 0.000000000000000000 ) ) ;
#1317 = FACE_OUTER_BOUND ( 'NONE', #614, .T. ) ;
#1318 = PLANE ( 'NONE',  #432 ) ;
#1319 = CARTESIAN_POINT ( 'NONE',  ( -0.6100000000000005418, 8.624999999999987566, 0.05999999999999532790 ) ) ;
#1320 = ORIENTED_EDGE ( 'NONE', *, *, #1391, .F. ) ;
#1321 = AXIS2_PLACEMENT_3D ( 'NONE', #1497, #1228, #1598 ) ;
#1322 = ORIENTED_EDGE ( 'NONE', *, *, #1336, .F. ) ;
#1323 = CARTESIAN_POINT ( 'NONE',  ( -0.1760000000000006559, 9.125000000000000000, -0.05999999999999999778 ) ) ;
#1324 = AXIS2_PLACEMENT_3D ( 'NONE', #1536, #1048, #1157 ) ;
#1325 = ORIENTED_EDGE ( 'NONE', *, *, #72, .T. ) ;
#1326 = FACE_OUTER_BOUND ( 'NONE', #256, .T. ) ;
#1327 = CARTESIAN_POINT ( 'NONE',  ( -0.4840000000000004854, -8.630999999999996675, -4.285586540060812616E-15 ) ) ;
#1328 = ADVANCED_FACE ( 'NONE', ( #310 ), #933, .F. ) ;
#1329 = VECTOR ( 'NONE', #1409, 39.37007874015748143 ) ;
#1330 = ORIENTED_EDGE ( 'NONE', *, *, #816, .T. ) ;
#1331 = ORIENTED_EDGE ( 'NONE', *, *, #1074, .T. ) ;
#1332 = PLANE ( 'NONE',  #719 ) ;
#1333 = EDGE_LOOP ( 'NONE', ( #365, #410, #446, #850 ) ) ;
#1334 = DIRECTION ( 'NONE',  ( -1.000000000000000000, 0.000000000000000000, 0.000000000000000000 ) ) ;
#1335 = LINE ( 'NONE', #1229, #87 ) ;
#1336 = EDGE_CURVE ( 'NONE', #745, #503, #297, .T. ) ;
#1337 = CARTESIAN_POINT ( 'NONE',  ( -0.1360000000000008424, -9.125000000000000000, 0.000000000000000000 ) ) ;
#1338 = VERTEX_POINT ( 'NONE', #1183 ) ;
#1339 = EDGE_CURVE ( 'NONE', #1091, #119, #1310, .T. ) ;
#1340 = ORIENTED_EDGE ( 'NONE', *, *, #1168, .T. ) ;
#1341 = PLANE ( 'NONE',  #266 ) ;
#1342 = VERTEX_POINT ( 'NONE', #666 ) ;
#1343 = DIRECTION ( 'NONE',  ( -0.000000000000000000, 0.000000000000000000, 1.000000000000000000 ) ) ;
#1344 = DIRECTION ( 'NONE',  ( 0.000000000000000000, 0.000000000000000000, -1.000000000000000000 ) ) ;
#1345 = ORIENTED_EDGE ( 'NONE', *, *, #1461, .T. ) ;
#1346 = CARTESIAN_POINT ( 'NONE',  ( -0.4699999999999999734, 9.125000000000000000, -0.06000000000000429989 ) ) ;
#1347 = VECTOR ( 'NONE', #10, 39.37007874015748143 ) ;
#1348 = EDGE_CURVE ( 'NONE', #119, #657, #435, .T. ) ;
#1349 = VERTEX_POINT ( 'NONE', #1177 ) ;
#1350 = AXIS2_PLACEMENT_3D ( 'NONE', #562, #939, #225 ) ;
#1351 = DIRECTION ( 'NONE',  ( 0.000000000000000000, 0.000000000000000000, 1.000000000000000000 ) ) ;
#1352 = DIRECTION ( 'NONE',  ( -0.000000000000000000, -0.000000000000000000, 1.000000000000000000 ) ) ;
#1353 = DIRECTION ( 'NONE',  ( 1.000000000000000000, 0.000000000000000000, 0.000000000000000000 ) ) ;
#1354 = ORIENTED_EDGE ( 'NONE', *, *, #1140, .T. ) ;
#1355 = EDGE_LOOP ( 'NONE', ( #400, #594, #221, #697 ) ) ;
#1356 = DIRECTION ( 'NONE',  ( -1.000000000000000000, 0.000000000000000000, 3.474718939309807431E-15 ) ) ;
#1357 = ORIENTED_EDGE ( 'NONE', *, *, #274, .F. ) ;
#1358 = DIRECTION ( 'NONE',  ( 1.000000000000000000, 0.000000000000000000, 0.000000000000000000 ) ) ;
#1359 = LINE ( 'NONE', #995, #651 ) ;
#1360 = CARTESIAN_POINT ( 'NONE',  ( 0.6100000000000023181, -8.624999999999998224, 0.5699999999999999512 ) ) ;
#1361 = LINE ( 'NONE', #1490, #693 ) ;
#1362 = FACE_OUTER_BOUND ( 'NONE', #1455, .T. ) ;
#1363 = ORIENTED_EDGE ( 'NONE', *, *, #685, .F. ) ;
#1364 = DIRECTION ( 'NONE',  ( -0.000000000000000000, -0.000000000000000000, 1.000000000000000000 ) ) ;
#1365 = SURFACE_STYLE_FILL_AREA ( #3 ) ;
#1366 = ORIENTED_EDGE ( 'NONE', *, *, #1339, .T. ) ;
#1367 = DIRECTION ( 'NONE',  ( -0.000000000000000000, 1.000000000000000000, 0.000000000000000000 ) ) ;
#1368 = CARTESIAN_POINT ( 'NONE',  ( 0.4900000000000004907, -8.624999999999994671, 0.05999999999999998390 ) ) ;
#1369 = DIRECTION ( 'NONE',  ( -1.000000000000000000, 0.000000000000000000, 3.491481338843134539E-15 ) ) ;
#1370 = EDGE_CURVE ( 'NONE', #476, #76, #1296, .T. ) ;
#1371 = DIRECTION ( 'NONE',  ( 1.000000000000000000, 0.000000000000000000, -3.485951866915333209E-15 ) ) ;
#1372 = VERTEX_POINT ( 'NONE', #73 ) ;
#1373 = CARTESIAN_POINT ( 'NONE',  ( -0.5500000000000023759, 8.624999999999996447, 0.5700000000000001732 ) ) ;
#1374 = LINE ( 'NONE', #603, #1036 ) ;
#1375 = PRODUCT_DEFINITION_SHAPE ( 'NONE', 'NONE',  #622 ) ;
#1376 = ORIENTED_EDGE ( 'NONE', *, *, #1603, .T. ) ;
#1377 = CARTESIAN_POINT ( 'NONE',  ( -0.4900000000000004907, 8.624999999999992895, 0.05999999999999575118 ) ) ;
#1378 = AXIS2_PLACEMENT_3D ( 'NONE', #130, #997, #21 ) ;
#1379 = LINE ( 'NONE', #748, #1474 ) ;
#1380 = VECTOR ( 'NONE', #768, 39.37007874015748143 ) ;
#1381 = DIRECTION ( 'NONE',  ( 0.000000000000000000, -6.982962677686265922E-15, 1.000000000000000000 ) ) ;
#1382 = CARTESIAN_POINT ( 'NONE',  ( -0.6100000000000003197, -8.630999999999996675, -2.142793270030406308E-15 ) ) ;
#1383 = ADVANCED_FACE ( 'NONE', ( #554 ), #1289, .F. ) ;
#1384 = ORIENTED_EDGE ( 'NONE', *, *, #1509, .F. ) ;
#1385 = DIRECTION ( 'NONE',  ( 0.000000000000000000, 0.000000000000000000, 1.000000000000000000 ) ) ;
#1386 = ORIENTED_EDGE ( 'NONE', *, *, #1165, .T. ) ;
#1387 = CARTESIAN_POINT ( 'NONE',  ( -0.4840000000000004854, 8.630999999999991346, -4.285586540060812616E-15 ) ) ;
#1388 = CARTESIAN_POINT ( 'NONE',  ( 0.6100000000000023181, -8.624999999999998224, 0.5699999999999999512 ) ) ;
#1389 = VERTEX_POINT ( 'NONE', #1546 ) ;
#1390 = ADVANCED_FACE ( 'NONE', ( #1052 ), #1425, .F. ) ;
#1391 = EDGE_CURVE ( 'NONE', #85, #212, #536, .T. ) ;
#1392 = VERTEX_POINT ( 'NONE', #828 ) ;
#1393 = DIRECTION ( 'NONE',  ( 1.000000000000000000, 0.000000000000000000, 0.000000000000000000 ) ) ;
#1394 = CARTESIAN_POINT ( 'NONE',  ( -0.4699999999999999734, 9.125000000000000000, 0.000000000000000000 ) ) ;
#1395 = LINE ( 'NONE', #609, #587 ) ;
#1396 = DIRECTION ( 'NONE',  ( 1.000000000000000000, -0.000000000000000000, 3.491481338843134539E-15 ) ) ;
#1397 = ORIENTED_EDGE ( 'NONE', *, *, #263, .T. ) ;
#1398 = ORIENTED_EDGE ( 'NONE', *, *, #869, .F. ) ;
#1399 = EDGE_CURVE ( 'NONE', #243, #1389, #853, .T. ) ;
#1400 = LINE ( 'NONE', #283, #521 ) ;
#1401 = VECTOR ( 'NONE', #1475, 39.37007874015748143 ) ;
#1402 = CIRCLE ( 'NONE', #5, 0.1560000000000001941 ) ;
#1403 = DIRECTION ( 'NONE',  ( -0.000000000000000000, -0.000000000000000000, 1.000000000000000000 ) ) ;
#1404 = AXIS2_PLACEMENT_3D ( 'NONE', #96, #1430, #1097 ) ;
#1405 = ORIENTED_EDGE ( 'NONE', *, *, #1472, .F. ) ;
#1406 = ADVANCED_FACE ( 'NONE', ( #88 ), #1200, .F. ) ;
#1407 = CYLINDRICAL_SURFACE ( 'NONE', #1421, 0.1560000000000001941 ) ;
#1408 = CARTESIAN_POINT ( 'NONE',  ( 0.000000000000000000, 8.624999999999992895, -0.05999999999999999778 ) ) ;
#1409 = DIRECTION ( 'NONE',  ( -3.474718939309807431E-15, 0.000000000000000000, -1.000000000000000000 ) ) ;
#1410 = ORIENTED_EDGE ( 'NONE', *, *, #548, .F. ) ;
#1411 = LINE ( 'NONE', #794, #1037 ) ;
#1412 = DIRECTION ( 'NONE',  ( 0.000000000000000000, -1.000000000000000000, 0.000000000000000000 ) ) ;
#1413 = CYLINDRICAL_SURFACE ( 'NONE', #336, 0.06000000000000004635 ) ;
#1414 = ADVANCED_FACE ( 'NONE', ( #1326 ), #233, .F. ) ;
#1415 = ORIENTED_EDGE ( 'NONE', *, *, #1534, .F. ) ;
#1416 = DIRECTION ( 'NONE',  ( 0.000000000000000000, 1.000000000000000000, 0.000000000000000000 ) ) ;
#1417 = PLANE ( 'NONE',  #462 ) ;
#1418 = COLOUR_RGB ( '',0.7921568627450980005, 0.8196078431372548767, 0.9333333333333333481 ) ;
#1419 = AXIS2_PLACEMENT_3D ( 'NONE', #1470, #358, #1353 ) ;
#1420 = EDGE_CURVE ( 'NONE', #753, #431, #1437, .T. ) ;
#1421 = AXIS2_PLACEMENT_3D ( 'NONE', #299, #1287, #1041 ) ;
#1422 = ORIENTED_EDGE ( 'NONE', *, *, #608, .F. ) ;
#1423 = VECTOR ( 'NONE', #844, 39.37007874015748143 ) ;
#1424 = ORIENTED_EDGE ( 'NONE', *, *, #281, .T. ) ;
#1425 = CYLINDRICAL_SURFACE ( 'NONE', #493, 0.1560000000000003884 ) ;
#1426 = VERTEX_POINT ( 'NONE', #1572 ) ;
#1427 = ORIENTED_EDGE ( 'NONE', *, *, #65, .F. ) ;
#1428 = CARTESIAN_POINT ( 'NONE',  ( -0.6100000000000003197, 9.500000000000000000, 0.000000000000000000 ) ) ;
#1429 = EDGE_CURVE ( 'NONE', #353, #318, #331, .T. ) ;
#1430 = DIRECTION ( 'NONE',  ( 0.000000000000000000, -1.000000000000000000, 0.000000000000000000 ) ) ;
#1431 = DIRECTION ( 'NONE',  ( -3.474718939309781793E-15, 0.000000000000000000, 1.000000000000000000 ) ) ;
#1432 = EDGE_LOOP ( 'NONE', ( #718, #371, #505, #813 ) ) ;
#1433 = ORIENTED_EDGE ( 'NONE', *, *, #1391, .T. ) ;
#1434 = CARTESIAN_POINT ( 'NONE',  ( -0.4840000000000004854, 8.624999999999992895, -4.285586540060812616E-15 ) ) ;
#1435 = ORIENTED_EDGE ( 'NONE', *, *, #553, .F. ) ;
#1436 = EDGE_CURVE ( 'NONE', #556, #201, #964, .T. ) ;
#1437 = LINE ( 'NONE', #732, #694 ) ;
#1438 = DIRECTION ( 'NONE',  ( 0.000000000000000000, 1.000000000000000000, 0.000000000000000000 ) ) ;
#1439 = DIRECTION ( 'NONE',  ( 0.000000000000000000, -1.000000000000000000, 0.000000000000000000 ) ) ;
#1440 = CARTESIAN_POINT ( 'NONE',  ( 0.5500000000000023759, 8.624999999999998224, 0.5700000000000001732 ) ) ;
#1441 = VERTEX_POINT ( 'NONE', #720 ) ;
#1442 = VECTOR ( 'NONE', #658, 39.37007874015748143 ) ;
#1443 = ORIENTED_EDGE ( 'NONE', *, *, #1496, .T. ) ;
#1444 = DIRECTION ( 'NONE',  ( -0.000000000000000000, -1.000000000000000000, -0.000000000000000000 ) ) ;
#1445 = CIRCLE ( 'NONE', #1350, 0.06000000000000004635 ) ;
#1446 = VERTEX_POINT ( 'NONE', #1562 ) ;
#1447 = EDGE_CURVE ( 'NONE', #682, #280, #957, .T. ) ;
#1448 = DIRECTION ( 'NONE',  ( 1.000000000000000000, 0.000000000000000000, -3.491481338843134539E-15 ) ) ;
#1449 = CARTESIAN_POINT ( 'NONE',  ( -0.6100000000000003197, -8.969822682069832354, 0.000000000000000000 ) ) ;
#1450 = EDGE_CURVE ( 'NONE', #969, #84, #327, .T. ) ;
#1451 = VECTOR ( 'NONE', #1092, 39.37007874015748143 ) ;
#1452 = DIRECTION ( 'NONE',  ( 0.000000000000000000, 6.982962677686265922E-15, -1.000000000000000000 ) ) ;
#1453 = DIRECTION ( 'NONE',  ( 0.000000000000000000, 0.000000000000000000, 1.000000000000000000 ) ) ;
#1454 = VERTEX_POINT ( 'NONE', #469 ) ;
#1455 = EDGE_LOOP ( 'NONE', ( #968, #1532, #491, #1561 ) ) ;
#1456 = PLANE ( 'NONE',  #1186 ) ;
#1457 = VERTEX_POINT ( 'NONE', #1192 ) ;
#1458 = CARTESIAN_POINT ( 'NONE',  ( -0.6100000000000003197, -9.500000000000000000, -0.05999999999999999778 ) ) ;
#1459 = CARTESIAN_POINT ( 'NONE',  ( 0.6100000000000003197, 8.630999999999998451, -2.561107494060246767E-17 ) ) ;
#1460 = DIRECTION ( 'NONE',  ( 1.000000000000000000, 0.000000000000000000, 0.000000000000000000 ) ) ;
#1461 = EDGE_CURVE ( 'NONE', #633, #689, #1468, .T. ) ;
#1462 = ORIENTED_EDGE ( 'NONE', *, *, #1291, .F. ) ;
#1463 = DIRECTION ( 'NONE',  ( -0.000000000000000000, -0.000000000000000000, 1.000000000000000000 ) ) ;
#1464 = ORIENTED_EDGE ( 'NONE', *, *, #1524, .F. ) ;
#1465 = FACE_OUTER_BOUND ( 'NONE', #1051, .T. ) ;
#1466 = ORIENTED_EDGE ( 'NONE', *, *, #1540, .T. ) ;
#1467 = DIRECTION ( 'NONE',  ( -0.000000000000000000, -0.000000000000000000, 1.000000000000000000 ) ) ;
#1468 = LINE ( 'NONE', #113, #522 ) ;
#1469 = CARTESIAN_POINT ( 'NONE',  ( -0.4699999999999999734, -9.125000000000000000, -0.06000000000000429989 ) ) ;
#1470 = CARTESIAN_POINT ( 'NONE',  ( 0.6260000000000003340, 9.125000000000000000, -0.06000000000000429989 ) ) ;
#1471 = ORIENTED_EDGE ( 'NONE', *, *, #348, .F. ) ;
#1472 = EDGE_CURVE ( 'NONE', #689, #1122, #1589, .T. ) ;
#1473 = LINE ( 'NONE', #859, #1193 ) ;
#1474 = VECTOR ( 'NONE', #890, 39.37007874015748143 ) ;
#1475 = DIRECTION ( 'NONE',  ( -1.000000000000000000, 1.187543288144417417E-28, 0.000000000000000000 ) ) ;
#1476 = VERTEX_POINT ( 'NONE', #1581 ) ;
#1477 = VECTOR ( 'NONE', #1481, 39.37007874015748143 ) ;
#1478 = VECTOR ( 'NONE', #426, 39.37007874015748143 ) ;
#1479 = PLANE ( 'NONE',  #780 ) ;
#1480 = CARTESIAN_POINT ( 'NONE',  ( 0.01999999999999999001, -9.125000000000000000, -0.05999999999999999778 ) ) ;
#1481 = DIRECTION ( 'NONE',  ( 0.000000000000000000, 0.000000000000000000, 1.000000000000000000 ) ) ;
#1482 = CARTESIAN_POINT ( 'NONE',  ( -0.6100000000000003197, -8.630999999999996675, -0.05999999999999999778 ) ) ;
#1483 = AXIS2_PLACEMENT_3D ( 'NONE', #482, #886, #1385 ) ;
#1484 = ORIENTED_EDGE ( 'NONE', *, *, #765, .F. ) ;
#1485 = CYLINDRICAL_SURFACE ( 'NONE', #699, 0.1560000000000003884 ) ;
#1486 = FILL_AREA_STYLE_COLOUR ( '', #1418 ) ;
#1487 = ORIENTED_EDGE ( 'NONE', *, *, #765, .T. ) ;
#1488 = CARTESIAN_POINT ( 'NONE',  ( 0.4900000000000004907, -8.624999999999994671, -5.122214988120493535E-17 ) ) ;
#1489 = DIRECTION ( 'NONE',  ( -0.000000000000000000, 1.000000000000000000, -0.000000000000000000 ) ) ;
#1490 = CARTESIAN_POINT ( 'NONE',  ( 0.6100000000000004308, 8.624999999999998224, -2.329067433309572317E-15 ) ) ;
#1491 = CARTESIAN_POINT ( 'NONE',  ( 0.6100000000000003197, -9.500000000000000000, -0.05999999999999999778 ) ) ;
#1492 = ORIENTED_EDGE ( 'NONE', *, *, #583, .T. ) ;
#1493 = FACE_OUTER_BOUND ( 'NONE', #100, .T. ) ;
#1494 = CARTESIAN_POINT ( 'NONE',  ( 1.024968611997445770E-27, 8.630999999999991346, -0.05999999999999999778 ) ) ;
#1495 = ORIENTED_EDGE ( 'NONE', *, *, #773, .F. ) ;
#1496 = EDGE_CURVE ( 'NONE', #753, #119, #217, .T. ) ;
#1497 = CARTESIAN_POINT ( 'NONE',  ( -0.4900000000000004907, -8.624999999999996447, 0.05999999999999575118 ) ) ;
#1498 = LINE ( 'NONE', #1261, #210 ) ;
#1499 = EDGE_LOOP ( 'NONE', ( #662, #873, #203, #249 ) ) ;
#1500 = LINE ( 'NONE', #351, #1172 ) ;
#1501 = ORIENTED_EDGE ( 'NONE', *, *, #839, .F. ) ;
#1502 = VECTOR ( 'NONE', #1267, 39.37007874015748143 ) ;
#1503 = DIRECTION ( 'NONE',  ( -0.000000000000000000, 1.000000000000000000, 6.982962677686265922E-15 ) ) ;
#1504 = AXIS2_PLACEMENT_3D ( 'NONE', #270, #758, #1259 ) ;
#1505 = ADVANCED_FACE ( 'NONE', ( #337 ), #205, .T. ) ;
#1506 = AXIS2_PLACEMENT_3D ( 'NONE', #803, #1412, #1171 ) ;
#1507 = CARTESIAN_POINT ( 'NONE',  ( -0.6100000000000023181, 8.624999999999996447, 0.5699999999999999512 ) ) ;
#1508 = VECTOR ( 'NONE', #889, 39.37007874015748143 ) ;
#1509 = EDGE_CURVE ( 'NONE', #258, #865, #443, .T. ) ;
#1510 = ORIENTED_EDGE ( 'NONE', *, *, #1096, .T. ) ;
#1511 = ORIENTED_EDGE ( 'NONE', *, *, #304, .T. ) ;
#1512 = VECTOR ( 'NONE', #974, 39.37007874015748143 ) ;
#1513 = CARTESIAN_POINT ( 'NONE',  ( 0.01999999999999999001, -9.125000000000000000, -0.05999999999999999778 ) ) ;
#1514 = DIRECTION ( 'NONE',  ( 1.000000000000000000, 0.000000000000000000, 0.000000000000000000 ) ) ;
#1515 = PLANE ( 'NONE',  #161 ) ;
#1516 = DIRECTION ( 'NONE',  ( 0.000000000000000000, 1.000000000000000000, 0.000000000000000000 ) ) ;
#1517 = LINE ( 'NONE', #150, #44 ) ;
#1518 = ORIENTED_EDGE ( 'NONE', *, *, #1496, .F. ) ;
#1519 = EDGE_CURVE ( 'NONE', #1441, #571, #1445, .T. ) ;
#1520 = ORIENTED_EDGE ( 'NONE', *, *, #56, .F. ) ;
#1521 = DIRECTION ( 'NONE',  ( -1.000000000000000000, 0.000000000000000000, 0.000000000000000000 ) ) ;
#1522 = DIRECTION ( 'NONE',  ( -0.000000000000000000, -1.000000000000000000, -0.000000000000000000 ) ) ;
#1523 = DIRECTION ( 'NONE',  ( 1.000000000000000000, 0.000000000000000000, 0.000000000000000000 ) ) ;
#1524 = EDGE_CURVE ( 'NONE', #745, #201, #711, .T. ) ;
#1525 = ORIENTED_EDGE ( 'NONE', *, *, #1524, .T. ) ;
#1526 = FACE_OUTER_BOUND ( 'NONE', #1559, .T. ) ;
#1527 = AXIS2_PLACEMENT_3D ( 'NONE', #1360, #42, #1369 ) ;
#1528 = VECTOR ( 'NONE', #530, 39.37007874015748143 ) ;
#1529 = PLANE ( 'NONE',  #1324 ) ;
#1530 = DIRECTION ( 'NONE',  ( -0.000000000000000000, 1.000000000000000000, -0.000000000000000000 ) ) ;
#1531 = VECTOR ( 'NONE', #416, 39.37007874015748143 ) ;
#1532 = ORIENTED_EDGE ( 'NONE', *, *, #220, .F. ) ;
#1533 = VECTOR ( 'NONE', #510, 39.37007874015748143 ) ;
#1534 = EDGE_CURVE ( 'NONE', #1372, #612, #723, .T. ) ;
#1535 = DIRECTION ( 'NONE',  ( 0.000000000000000000, 7.284927983104697498E-14, -1.000000000000000000 ) ) ;
#1536 = CARTESIAN_POINT ( 'NONE',  ( -0.4840000000000004854, -8.630999999999996675, -4.285586540060812616E-15 ) ) ;
#1537 = LINE ( 'NONE', #152, #1329 ) ;
#1538 = ORIENTED_EDGE ( 'NONE', *, *, #563, .F. ) ;
#1539 = CARTESIAN_POINT ( 'NONE',  ( 0.4840000000000004854, 0.000000000000000000, -0.05999999999999999778 ) ) ;
#1540 = EDGE_CURVE ( 'NONE', #173, #865, #1116, .T. ) ;
#1541 = CARTESIAN_POINT ( 'NONE',  ( -0.5500000000000023759, 8.624999999999996447, 0.5700000000000001732 ) ) ;
#1542 = DIRECTION ( 'NONE',  ( 0.000000000000000000, -1.000000000000000000, 0.000000000000000000 ) ) ;
#1543 = ORIENTED_EDGE ( 'NONE', *, *, #862, .F. ) ;
#1544 = ORIENTED_EDGE ( 'NONE', *, *, #1461, .F. ) ;
#1545 = CARTESIAN_POINT ( 'NONE',  ( 0.4900000000000004907, -8.624999999999994671, -5.122214988120493535E-17 ) ) ;
#1546 = CARTESIAN_POINT ( 'NONE',  ( 0.6100000000000003197, -8.969822682069834130, 0.000000000000000000 ) ) ;
#1547 = AXIS2_PLACEMENT_3D ( 'NONE', #202, #728, #1225 ) ;
#1548 = AXIS2_PLACEMENT_3D ( 'NONE', #531, #167, #61 ) ;
#1549 = EDGE_CURVE ( 'NONE', #798, #969, #931, .T. ) ;
#1550 = VECTOR ( 'NONE', #627, 39.37007874015748143 ) ;
#1551 = ORIENTED_EDGE ( 'NONE', *, *, #304, .F. ) ;
#1552 = VERTEX_POINT ( 'NONE', #260 ) ;
#1553 = FACE_OUTER_BOUND ( 'NONE', #333, .T. ) ;
#1554 = CARTESIAN_POINT ( 'NONE',  ( 0.6100000000000003197, -9.500000000000000000, 0.000000000000000000 ) ) ;
#1555 = DIRECTION ( 'NONE',  ( 0.000000000000000000, -0.000000000000000000, -1.000000000000000000 ) ) ;
#1556 = EDGE_CURVE ( 'NONE', #633, #1446, #1359, .T. ) ;
#1557 = ORIENTED_EDGE ( 'NONE', *, *, #1154, .T. ) ;
#1558 = EDGE_CURVE ( 'NONE', #971, #1457, #747, .T. ) ;
#1559 = EDGE_LOOP ( 'NONE', ( #743, #884, #1233, #1330 ) ) ;
#1560 = DIRECTION ( 'NONE',  ( 0.000000000000000000, 1.000000000000000000, 0.000000000000000000 ) ) ;
#1561 = ORIENTED_EDGE ( 'NONE', *, *, #321, .F. ) ;
#1562 = CARTESIAN_POINT ( 'NONE',  ( 0.6100000000000003197, 9.500000000000000000, 0.000000000000000000 ) ) ;
#1563 = PLANE ( 'NONE',  #629 ) ;
#1564 =( CONVERSION_BASED_UNIT ( 'INCH', #15 ) LENGTH_UNIT ( ) NAMED_UNIT ( #963 ) );
#1565 = PLANE ( 'NONE',  #589 ) ;
#1566 = ORIENTED_EDGE ( 'NONE', *, *, #1013, .T. ) ;
#1567 = ORIENTED_EDGE ( 'NONE', *, *, #350, .T. ) ;
#1568 = DIRECTION ( 'NONE',  ( 1.000000000000000000, 0.000000000000000000, 0.000000000000000000 ) ) ;
#1569 = EDGE_CURVE ( 'NONE', #315, #969, #1247, .T. ) ;
#1570 = ORIENTED_EDGE ( 'NONE', *, *, #471, .T. ) ;
#1571 = EDGE_CURVE ( 'NONE', #903, #1199, #385, .T. ) ;
#1572 = CARTESIAN_POINT ( 'NONE',  ( -0.1360000000000008424, -9.125000000000000000, -0.05999999999999999778 ) ) ;
#1573 = CIRCLE ( 'NONE', #306, 0.1200000000000000511 ) ;
#1574 = ORIENTED_EDGE ( 'NONE', *, *, #1309, .F. ) ;
#1575 = CIRCLE ( 'NONE', #540, 0.1560000000000003884 ) ;
#1576 = ORIENTED_EDGE ( 'NONE', *, *, #1054, .F. ) ;
#1577 = LINE ( 'NONE', #567, #1274 ) ;
#1578 = AXIS2_PLACEMENT_3D ( 'NONE', #912, #918, #437 ) ;
#1579 = ORIENTED_EDGE ( 'NONE', *, *, #1436, .F. ) ;
#1580 = EDGE_CURVE ( 'NONE', #1338, #1223, #987, .T. ) ;
#1581 = CARTESIAN_POINT ( 'NONE',  ( 0.6100000000000005418, 8.624999999999998224, 0.05999999999999955369 ) ) ;
#1582 = DIRECTION ( 'NONE',  ( 0.000000000000000000, 0.000000000000000000, -1.000000000000000000 ) ) ;
#1583 = VECTOR ( 'NONE', #1290, 39.37007874015748143 ) ;
#1584 = CARTESIAN_POINT ( 'NONE',  ( -0.1760000000000006559, 9.125000000000000000, -0.05999999999999999778 ) ) ;
#1585 = ORIENTED_EDGE ( 'NONE', *, *, #1031, .F. ) ;
#1586 = CARTESIAN_POINT ( 'NONE',  ( 0.4840000000000004854, 8.630999999999998451, 0.000000000000000000 ) ) ;
#1587 = DIRECTION ( 'NONE',  ( -0.000000000000000000, 0.000000000000000000, 1.000000000000000000 ) ) ;
#1588 = ORIENTED_EDGE ( 'NONE', *, *, #1005, .T. ) ;
#1589 = LINE ( 'NONE', #1458, #956 ) ;
#1590 = DIRECTION ( 'NONE',  ( 0.000000000000000000, 0.000000000000000000, 1.000000000000000000 ) ) ;
#1591 = EDGE_CURVE ( 'NONE', #571, #604, #1260, .T. ) ;
#1592 = CARTESIAN_POINT ( 'NONE',  ( 0.4900000000000004907, 8.624999999999998224, -5.122214988120493535E-17 ) ) ;
#1593 = CARTESIAN_POINT ( 'NONE',  ( -0.6100000000000023181, 8.624999999999996447, 0.5699999999999999512 ) ) ;
#1594 = ORIENTED_EDGE ( 'NONE', *, *, #189, .T. ) ;
#1595 = LINE ( 'NONE', #24, #1533 ) ;
#1596 = CARTESIAN_POINT ( 'NONE',  ( 0.4900000000000004907, -8.624999999999994671, -0.05999999999999999778 ) ) ;
#1597 = VERTEX_POINT ( 'NONE', #606 ) ;
#1598 = DIRECTION ( 'NONE',  ( 0.000000000000000000, 0.000000000000000000, -1.000000000000000000 ) ) ;
#1599 = DIRECTION ( 'NONE',  ( 1.000000000000000000, 0.000000000000000000, 0.000000000000000000 ) ) ;
#1600 = LINE ( 'NONE', #489, #1477 ) ;
#1601 = CARTESIAN_POINT ( 'NONE',  ( -0.4840000000000004854, -8.630999999999996675, -4.285586540060812616E-15 ) ) ;
#1602 = VERTEX_POINT ( 'NONE', #1142 ) ;
#1603 = EDGE_CURVE ( 'NONE', #1064, #1454, #1121, .T. ) ;
ENDSEC;
END-ISO-10303-21;
