ISO-10303-21;
HEADER;
FILE_DESCRIPTION (( 'STEP AP214' ),
    '1' );
FILE_NAME ('12-6010-04-(16gacr ANSI-61) - K48 - V11-R0.STEP',
    '2026-07-09T18:29:50',
    ( '' ),
    ( '' ),
    'SwSTEP 2.0',
    'SolidWorks 2024',
    '' );
FILE_SCHEMA (( 'AUTOMOTIVE_DESIGN' ));
ENDSEC;

DATA;
#1 = VERTEX_POINT ( 'NONE', #896 ) ;
#2 = ORIENTED_EDGE ( 'NONE', *, *, #358, .F. ) ;
#3 = CARTESIAN_POINT ( 'NONE',  ( -3.734999999999999432, 9.500000000000000000, 0.000000000000000000 ) ) ;
#4 = ORIENTED_EDGE ( 'NONE', *, *, #1153, .F. ) ;
#5 = DIRECTION ( 'NONE',  ( -1.000000000000000000, 0.000000000000000000, -1.219574997171549186E-15 ) ) ;
#6 = PLANE ( 'NONE',  #1339 ) ;
#7 = EDGE_CURVE ( 'NONE', #1129, #1511, #1392, .T. ) ;
#8 = ORIENTED_EDGE ( 'NONE', *, *, #1478, .T. ) ;
#9 = ORIENTED_EDGE ( 'NONE', *, *, #1567, .F. ) ;
#10 = DIRECTION ( 'NONE',  ( 0.000000000000000000, 1.000000000000000000, 0.000000000000000000 ) ) ;
#11 = ORIENTED_EDGE ( 'NONE', *, *, #33, .T. ) ;
#12 = DIRECTION ( 'NONE',  ( -0.000000000000000000, -0.000000000000000000, 1.000000000000000000 ) ) ;
#13 = CARTESIAN_POINT ( 'NONE',  ( 3.735000000000000320, -9.280177317930156988, -0.06000000000000092759 ) ) ;
#14 = AXIS2_PLACEMENT_3D ( 'NONE', #1585, #125, #984 ) ;
#15 = VECTOR ( 'NONE', #826, 39.37007874015748143 ) ;
#16 = EDGE_CURVE ( 'NONE', #587, #53, #1064, .T. ) ;
#17 = ORIENTED_EDGE ( 'NONE', *, *, #1345, .F. ) ;
#18 = VERTEX_POINT ( 'NONE', #196 ) ;
#19 = DIRECTION ( 'NONE',  ( -1.000000000000000000, 0.000000000000000000, 3.834172622686684388E-15 ) ) ;
#20 = VERTEX_POINT ( 'NONE', #1454 ) ;
#21 = DIRECTION ( 'NONE',  ( 0.000000000000000000, 0.000000000000000000, 1.000000000000000000 ) ) ;
#22 = CARTESIAN_POINT ( 'NONE',  ( -3.734999999999999432, -9.280177317930165870, -0.06000000000000092759 ) ) ;
#23 = LINE ( 'NONE', #1009, #328 ) ;
#24 = CIRCLE ( 'NONE', #135, 0.1560000000000004716 ) ;
#25 = VERTEX_POINT ( 'NONE', #102 ) ;
#26 = CARTESIAN_POINT ( 'NONE',  ( -3.734999999999999432, -9.499999999999998224, -0.05999999999999999778 ) ) ;
#27 = EDGE_CURVE ( 'NONE', #913, #327, #596, .T. ) ;
#28 = ORIENTED_EDGE ( 'NONE', *, *, #1579, .F. ) ;
#29 = PLANE ( 'NONE',  #436 ) ;
#30 = CARTESIAN_POINT ( 'NONE',  ( -1.254999999999999671, 9.124999999999998224, 0.000000000000000000 ) ) ;
#31 = VERTEX_POINT ( 'NONE', #828 ) ;
#32 = CARTESIAN_POINT ( 'NONE',  ( -3.750999999999999446, -9.124999999999998224, -0.06000000000000092759 ) ) ;
#33 = EDGE_CURVE ( 'NONE', #1511, #424, #692, .T. ) ;
#34 = ORIENTED_EDGE ( 'NONE', *, *, #1451, .F. ) ;
#35 = CARTESIAN_POINT ( 'NONE',  ( -3.608999999999999542, 8.630999999999996675, 3.073328992872296367E-16 ) ) ;
#36 = EDGE_CURVE ( 'NONE', #1, #541, #386, .T. ) ;
#37 = LINE ( 'NONE', #1259, #382 ) ;
#38 = EDGE_CURVE ( 'NONE', #1089, #923, #1568, .T. ) ;
#39 = VECTOR ( 'NONE', #960, 39.37007874015748143 ) ;
#40 = ORIENTED_EDGE ( 'NONE', *, *, #825, .F. ) ;
#41 = CARTESIAN_POINT ( 'NONE',  ( -3.614999999999999769, -8.624999999999996447, -9.219986978616888116E-16 ) ) ;
#42 = AXIS2_PLACEMENT_3D ( 'NONE', #1174, #1090, #1107 ) ;
#43 = VECTOR ( 'NONE', #789, 39.37007874015748143 ) ;
#44 = AXIS2_PLACEMENT_3D ( 'NONE', #579, #341, #211 ) ;
#45 = ORIENTED_EDGE ( 'NONE', *, *, #1592, .T. ) ;
#46 = VECTOR ( 'NONE', #1559, 39.37007874015748143 ) ;
#47 = CARTESIAN_POINT ( 'NONE',  ( 1.255000000000000782, -9.125000000000000000, 0.000000000000000000 ) ) ;
#48 = PLANE ( 'NONE',  #200 ) ;
#49 = ADVANCED_FACE ( 'NONE', ( #567 ), #1329, .F. ) ;
#50 = CARTESIAN_POINT ( 'NONE',  ( 3.675000000000001155, 8.624999999999998224, 0.06000000000000045575 ) ) ;
#51 = ORIENTED_EDGE ( 'NONE', *, *, #1282, .T. ) ;
#52 = DIRECTION ( 'NONE',  ( 1.000000000000000000, 0.000000000000000000, 0.000000000000000000 ) ) ;
#53 = VERTEX_POINT ( 'NONE', #1055 ) ;
#54 = CARTESIAN_POINT ( 'NONE',  ( -3.614999999999999769, 8.624999999999996447, 3.073328992872296367E-16 ) ) ;
#55 = LINE ( 'NONE', #419, #586 ) ;
#56 = CYLINDRICAL_SURFACE ( 'NONE', #636, 0.1560000000000001941 ) ;
#57 = EDGE_CURVE ( 'NONE', #605, #643, #699, .T. ) ;
#58 = EDGE_LOOP ( 'NONE', ( #4, #890, #1102, #1307 ) ) ;
#59 = CARTESIAN_POINT ( 'NONE',  ( -3.614999999999999769, -8.624999999999996447, -0.06000000000000092759 ) ) ;
#60 = ORIENTED_EDGE ( 'NONE', *, *, #1487, .F. ) ;
#61 = LINE ( 'NONE', #201, #595 ) ;
#62 = CARTESIAN_POINT ( 'NONE',  ( 3.609000000000000874, 8.630999999999998451, 1.118350272406307847E-15 ) ) ;
#63 = LINE ( 'NONE', #50, #124 ) ;
#64 = DIRECTION ( 'NONE',  ( 1.000000000000000000, 0.000000000000000000, 0.000000000000000000 ) ) ;
#65 = DIRECTION ( 'NONE',  ( -2.428840994005581882E-31, 1.000000000000000000, 6.334719985308440146E-17 ) ) ;
#66 = EDGE_CURVE ( 'NONE', #727, #1554, #334, .T. ) ;
#67 = VERTEX_POINT ( 'NONE', #205 ) ;
#68 = VECTOR ( 'NONE', #1335, 39.37007874015748143 ) ;
#69 = DIRECTION ( 'NONE',  ( 0.000000000000000000, 0.000000000000000000, 1.000000000000000000 ) ) ;
#70 = CARTESIAN_POINT ( 'NONE',  ( 3.735000000000000320, -9.499999999999998224, -0.05999999999999999778 ) ) ;
#71 = AXIS2_PLACEMENT_3D ( 'NONE', #1393, #1402, #1158 ) ;
#72 = CARTESIAN_POINT ( 'NONE',  ( 0.000000000000000000, 8.624999999999998224, -0.05999999999999999778 ) ) ;
#73 = CARTESIAN_POINT ( 'NONE',  ( 3.751000000000002554, 9.125000000000000000, 0.000000000000000000 ) ) ;
#74 = DIRECTION ( 'NONE',  ( 1.000000000000000000, 0.000000000000000000, 0.000000000000000000 ) ) ;
#75 = CARTESIAN_POINT ( 'NONE',  ( 3.735000000000000320, -9.499999999999998224, -0.05999999999999999778 ) ) ;
#76 = ORIENTED_EDGE ( 'NONE', *, *, #611, .F. ) ;
#77 = ORIENTED_EDGE ( 'NONE', *, *, #16, .T. ) ;
#78 = CARTESIAN_POINT ( 'NONE',  ( 3.735000000000000320, -8.624999999999998224, -2.094888803305880457E-16 ) ) ;
#79 = EDGE_CURVE ( 'NONE', #246, #408, #953, .T. ) ;
#80 = SURFACE_SIDE_STYLE ('',( #1399 ) ) ;
#81 = CARTESIAN_POINT ( 'NONE',  ( 3.609000000000000874, -8.630999999999998451, -1.109813247426106994E-16 ) ) ;
#82 = DIRECTION ( 'NONE',  ( -0.000000000000000000, -0.000000000000000000, 1.000000000000000000 ) ) ;
#83 = DIRECTION ( 'NONE',  ( -0.000000000000000000, 1.000000000000000000, 6.982962677686265922E-15 ) ) ;
#84 = ORIENTED_EDGE ( 'NONE', *, *, #992, .T. ) ;
#85 = ORIENTED_EDGE ( 'NONE', *, *, #1215, .F. ) ;
#86 = FACE_OUTER_BOUND ( 'NONE', #822, .T. ) ;
#87 = DIRECTION ( 'NONE',  ( 0.000000000000000000, -0.000000000000000000, -1.000000000000000000 ) ) ;
#88 = EDGE_CURVE ( 'NONE', #1554, #265, #1321, .T. ) ;
#89 = DIRECTION ( 'NONE',  ( 0.000000000000000000, 0.000000000000000000, 1.000000000000000000 ) ) ;
#90 = ADVANCED_FACE ( 'NONE', ( #1418 ), #343, .F. ) ;
#91 = LINE ( 'NONE', #1187, #1179 ) ;
#92 = DIRECTION ( 'NONE',  ( 3.834172622686684388E-15, -0.000000000000000000, -1.000000000000000000 ) ) ;
#93 = ORIENTED_EDGE ( 'NONE', *, *, #163, .T. ) ;
#94 = CARTESIAN_POINT ( 'NONE',  ( 3.735000000000000320, 9.500000000000000000, -0.05999999999999999778 ) ) ;
#95 = VECTOR ( 'NONE', #1054, 39.37007874015748143 ) ;
#96 = AXIS2_PLACEMENT_3D ( 'NONE', #1145, #737, #886 ) ;
#97 = ORIENTED_EDGE ( 'NONE', *, *, #686, .F. ) ;
#98 = CIRCLE ( 'NONE', #44, 0.1560000000000001941 ) ;
#99 = LINE ( 'NONE', #609, #1070 ) ;
#100 = AXIS2_PLACEMENT_3D ( 'NONE', #962, #83, #1092 ) ;
#101 = EDGE_CURVE ( 'NONE', #1149, #18, #91, .T. ) ;
#102 = CARTESIAN_POINT ( 'NONE',  ( 3.735000000000000320, 9.280177317930165870, -0.06000000000000092759 ) ) ;
#103 = CLOSED_SHELL ( 'NONE', ( #1516, #456, #770, #49, #444, #1230, #1050, #1244, #414, #1237, #1325, #706, #405, #1191, #238, #1532, #918, #291, #1293, #888, #873, #1201, #274, #572, #965, #1167, #230, #336, #1144, #1105, #758, #760, #1385, #90, #304, #301, #435, #651, #1363, #642, #940, #821, #1505, #132, #152, #1337, #517, #778, #1261, #879, #207, #979 ) ) ;
#104 = CARTESIAN_POINT ( 'NONE',  ( 3.615000000000000657, 8.624999999999998224, -0.05999999999999888756 ) ) ;
#105 = ORIENTED_EDGE ( 'NONE', *, *, #1462, .T. ) ;
#106 = VERTEX_POINT ( 'NONE', #810 ) ;
#107 = CARTESIAN_POINT ( 'NONE',  ( 3.609000000000000874, -8.630999999999998451, -1.109813247426106994E-16 ) ) ;
#108 = VECTOR ( 'NONE', #293, 39.37007874015748143 ) ;
#109 = EDGE_LOOP ( 'NONE', ( #621, #495, #933, #510 ) ) ;
#110 = DIRECTION ( 'NONE',  ( 0.000000000000000000, 6.982962677686265922E-15, -1.000000000000000000 ) ) ;
#111 = DIRECTION ( 'NONE',  ( -1.000000000000000000, 0.000000000000000000, 0.000000000000000000 ) ) ;
#112 = PRODUCT_RELATED_PRODUCT_CATEGORY ( 'part', '', ( #1015 ) ) ;
#113 = CARTESIAN_POINT ( 'NONE',  ( -1.254999999999999671, 9.124999999999998224, -0.05999999999999999778 ) ) ;
#114 = EDGE_LOOP ( 'NONE', ( #1598, #1189, #219, #1183 ) ) ;
#115 = CARTESIAN_POINT ( 'NONE',  ( 0.000000000000000000, 0.000000000000000000, -0.05999999999999999778 ) ) ;
#116 = ORIENTED_EDGE ( 'NONE', *, *, #992, .F. ) ;
#117 = CARTESIAN_POINT ( 'NONE',  ( 1.099000000000000199, -9.125000000000000000, -0.05999999999999999778 ) ) ;
#118 = DIRECTION ( 'NONE',  ( 0.000000000000000000, 0.000000000000000000, 1.000000000000000000 ) ) ;
#119 = EDGE_LOOP ( 'NONE', ( #1430, #633, #1543, #1456 ) ) ;
#120 = DIRECTION ( 'NONE',  ( 0.000000000000000000, 1.000000000000000000, 0.000000000000000000 ) ) ;
#121 = EDGE_CURVE ( 'NONE', #1198, #1127, #1002, .T. ) ;
#122 = ORIENTED_EDGE ( 'NONE', *, *, #704, .F. ) ;
#123 = CARTESIAN_POINT ( 'NONE',  ( -3.608999999999999542, 8.630999999999996675, 3.073328992872296367E-16 ) ) ;
#124 = VECTOR ( 'NONE', #546, 39.37007874015748143 ) ;
#125 = DIRECTION ( 'NONE',  ( 0.000000000000000000, -1.000000000000000000, -6.982962677686265922E-15 ) ) ;
#126 =( GEOMETRIC_REPRESENTATION_CONTEXT ( 3 ) GLOBAL_UNCERTAINTY_ASSIGNED_CONTEXT ( ( #952 ) ) GLOBAL_UNIT_ASSIGNED_CONTEXT ( ( #1424, #1536, #900 ) ) REPRESENTATION_CONTEXT ( 'NONE', 'WORKASPACE' ) );
#127 = CIRCLE ( 'NONE', #1208, 0.1560000000000001941 ) ;
#128 = AXIS2_PLACEMENT_3D ( 'NONE', #266, #754, #647 ) ;
#129 = EDGE_LOOP ( 'NONE', ( #853, #1270, #1490, #1600 ) ) ;
#130 = DIRECTION ( 'NONE',  ( -0.000000000000000000, 1.000000000000000000, 7.114187483500697174E-17 ) ) ;
#131 = AXIS2_PLACEMENT_3D ( 'NONE', #78, #310, #545 ) ;
#132 = ADVANCED_FACE ( 'NONE', ( #314 ), #560, .F. ) ;
#133 = ORIENTED_EDGE ( 'NONE', *, *, #604, .F. ) ;
#134 = DIRECTION ( 'NONE',  ( 0.000000000000000000, 1.000000000000000000, 0.000000000000000000 ) ) ;
#135 = AXIS2_PLACEMENT_3D ( 'NONE', #47, #69, #563 ) ;
#136 = PLANE ( 'NONE',  #808 ) ;
#137 = ORIENTED_EDGE ( 'NONE', *, *, #809, .T. ) ;
#138 = DIRECTION ( 'NONE',  ( 1.000000000000000000, 0.000000000000000000, 0.000000000000000000 ) ) ;
#139 = ORIENTED_EDGE ( 'NONE', *, *, #1083, .T. ) ;
#140 = LINE ( 'NONE', #1143, #1236 ) ;
#141 = EDGE_CURVE ( 'NONE', #1121, #923, #801, .T. ) ;
#142 = DIRECTION ( 'NONE',  ( 1.000000000000000000, 0.000000000000000000, 0.000000000000000000 ) ) ;
#143 = EDGE_CURVE ( 'NONE', #20, #265, #458, .T. ) ;
#144 = EDGE_LOOP ( 'NONE', ( #1170, #84, #1052, #1229 ) ) ;
#145 = CARTESIAN_POINT ( 'NONE',  ( 3.609000000000000874, 8.630999999999998451, 0.000000000000000000 ) ) ;
#146 = ORIENTED_EDGE ( 'NONE', *, *, #800, .F. ) ;
#147 = CARTESIAN_POINT ( 'NONE',  ( -3.608999999999999542, -8.624999999999996447, -9.219986978616888116E-16 ) ) ;
#148 = CARTESIAN_POINT ( 'NONE',  ( -3.734999999999999432, 0.000000000000000000, -1.453012362606535159E-14 ) ) ;
#149 = AXIS2_PLACEMENT_3D ( 'NONE', #1036, #295, #1529 ) ;
#150 = VECTOR ( 'NONE', #311, 39.37007874015748143 ) ;
#151 = EDGE_CURVE ( 'NONE', #1554, #1267, #232, .T. ) ;
#152 = ADVANCED_FACE ( 'NONE', ( #1138 ), #29, .F. ) ;
#153 = ORIENTED_EDGE ( 'NONE', *, *, #790, .T. ) ;
#154 = CARTESIAN_POINT ( 'NONE',  ( 3.735000000000002540, 8.624999999999998224, 0.5699999999999999512 ) ) ;
#155 = CIRCLE ( 'NONE', #1566, 0.1560000000000004716 ) ;
#156 = ORIENTED_EDGE ( 'NONE', *, *, #1062, .F. ) ;
#157 = CARTESIAN_POINT ( 'NONE',  ( 3.615000000000000657, -8.624999999999998224, 0.05999999999999979655 ) ) ;
#158 = CARTESIAN_POINT ( 'NONE',  ( 3.750999999999998114, -9.124999999999989342, -0.06000000000000092759 ) ) ;
#159 = VERTEX_POINT ( 'NONE', #1497 ) ;
#160 = DIRECTION ( 'NONE',  ( 3.834172622686684388E-15, 0.000000000000000000, 1.000000000000000000 ) ) ;
#161 = ORIENTED_EDGE ( 'NONE', *, *, #1030, .T. ) ;
#162 = DIRECTION ( 'NONE',  ( 1.000000000000000000, 0.000000000000000000, 0.000000000000000000 ) ) ;
#163 = EDGE_CURVE ( 'NONE', #1149, #967, #333, .T. ) ;
#164 = CARTESIAN_POINT ( 'NONE',  ( -3.734999999999999432, 8.630999999999991346, 0.000000000000000000 ) ) ;
#165 = UNCERTAINTY_MEASURE_WITH_UNIT (LENGTH_MEASURE( 1.000000000000000082E-05 ), #511, 'distance_accuracy_value', 'NONE');
#166 = ORIENTED_EDGE ( 'NONE', *, *, #1370, .T. ) ;
#167 = DIRECTION ( 'NONE',  ( 0.000000000000000000, 0.000000000000000000, 1.000000000000000000 ) ) ;
#168 = EDGE_LOOP ( 'NONE', ( #1580, #1240, #554, #396 ) ) ;
#169 = LINE ( 'NONE', #659, #792 ) ;
#170 = EDGE_CURVE ( 'NONE', #711, #987, #884, .T. ) ;
#171 = CARTESIAN_POINT ( 'NONE',  ( 3.615000000000000657, 8.624999999999998224, 1.118350272406307847E-15 ) ) ;
#172 = ORIENTED_EDGE ( 'NONE', *, *, #1062, .T. ) ;
#173 = DIRECTION ( 'NONE',  ( 0.000000000000000000, 7.114187483500697174E-17, -1.000000000000000000 ) ) ;
#174 = ORIENTED_EDGE ( 'NONE', *, *, #283, .T. ) ;
#175 = VECTOR ( 'NONE', #10, 39.37007874015748143 ) ;
#176 = DIRECTION ( 'NONE',  ( 0.000000000000000000, -1.000000000000000000, 0.000000000000000000 ) ) ;
#177 = DIRECTION ( 'NONE',  ( -1.000000000000000000, -0.000000000000000000, -0.000000000000000000 ) ) ;
#178 = EDGE_CURVE ( 'NONE', #1040, #892, #140, .T. ) ;
#179 = LINE ( 'NONE', #72, #150 ) ;
#180 = DIRECTION ( 'NONE',  ( -0.000000000000000000, -1.000000000000000000, -0.000000000000000000 ) ) ;
#181 = ORIENTED_EDGE ( 'NONE', *, *, #7, .T. ) ;
#182 = DIRECTION ( 'NONE',  ( -1.000000000000000000, 0.000000000000000000, -3.841661241090376129E-15 ) ) ;
#183 = ORIENTED_EDGE ( 'NONE', *, *, #377, .F. ) ;
#184 = LINE ( 'NONE', #772, #1081 ) ;
#185 = CARTESIAN_POINT ( 'NONE',  ( -3.675000000000001599, 8.624999999999996447, 0.5700000000000001732 ) ) ;
#186 = CARTESIAN_POINT ( 'NONE',  ( 3.615000000000000657, -8.624999999999998224, -1.109813247426106994E-16 ) ) ;
#187 = EDGE_CURVE ( 'NONE', #1089, #508, #1115, .T. ) ;
#188 = DIRECTION ( 'NONE',  ( 0.000000000000000000, -0.000000000000000000, -1.000000000000000000 ) ) ;
#189 = LINE ( 'NONE', #676, #1512 ) ;
#190 = ORIENTED_EDGE ( 'NONE', *, *, #1556, .T. ) ;
#191 = FACE_OUTER_BOUND ( 'NONE', #730, .T. ) ;
#192 = LINE ( 'NONE', #426, #1290 ) ;
#193 = DIRECTION ( 'NONE',  ( 1.000000000000000000, 0.000000000000000000, 0.000000000000000000 ) ) ;
#194 = FACE_OUTER_BOUND ( 'NONE', #665, .T. ) ;
#195 = EDGE_CURVE ( 'NONE', #415, #1262, #630, .T. ) ;
#196 = CARTESIAN_POINT ( 'NONE',  ( -3.594999999999999307, 9.125000000000000000, 0.000000000000000000 ) ) ;
#197 = DIRECTION ( 'NONE',  ( -0.000000000000000000, 1.000000000000000000, 7.114187483500697174E-17 ) ) ;
#198 = ORIENTED_EDGE ( 'NONE', *, *, #7, .F. ) ;
#199 = ORIENTED_EDGE ( 'NONE', *, *, #245, .T. ) ;
#200 = AXIS2_PLACEMENT_3D ( 'NONE', #203, #927, #1160 ) ;
#201 = CARTESIAN_POINT ( 'NONE',  ( 3.615000000000000657, -8.624999999999998224, -1.109813247426106994E-16 ) ) ;
#202 = ORIENTED_EDGE ( 'NONE', *, *, #1162, .F. ) ;
#203 = CARTESIAN_POINT ( 'NONE',  ( 3.735000000000002540, -8.624999999999998224, 0.5699999999999999512 ) ) ;
#204 = LINE ( 'NONE', #691, #780 ) ;
#205 = CARTESIAN_POINT ( 'NONE',  ( 3.735000000000000320, 9.500000000000000000, -0.05999999999999999778 ) ) ;
#206 = DIRECTION ( 'NONE',  ( 1.000000000000000000, 0.000000000000000000, 0.000000000000000000 ) ) ;
#207 = ADVANCED_FACE ( 'NONE', ( #1491 ), #1504, .F. ) ;
#208 = VERTEX_POINT ( 'NONE', #534 ) ;
#209 = ORIENTED_EDGE ( 'NONE', *, *, #580, .F. ) ;
#210 = EDGE_CURVE ( 'NONE', #1198, #711, #872, .T. ) ;
#211 = DIRECTION ( 'NONE',  ( 1.000000000000000000, 0.000000000000000000, 0.000000000000000000 ) ) ;
#212 = CARTESIAN_POINT ( 'NONE',  ( 3.609000000000000874, -8.630999999999998451, -0.05999999999999999778 ) ) ;
#213 = CARTESIAN_POINT ( 'NONE',  ( -3.750999999999999446, -9.124999999999998224, 0.000000000000000000 ) ) ;
#214 = DIRECTION ( 'NONE',  ( 0.000000000000000000, 0.000000000000000000, 1.000000000000000000 ) ) ;
#215 = VERTEX_POINT ( 'NONE', #22 ) ;
#216 = VERTEX_POINT ( 'NONE', #1122 ) ;
#217 = LINE ( 'NONE', #599, #889 ) ;
#218 = EDGE_CURVE ( 'NONE', #643, #399, #523, .T. ) ;
#219 = ORIENTED_EDGE ( 'NONE', *, *, #423, .T. ) ;
#220 = LINE ( 'NONE', #705, #1437 ) ;
#221 = CARTESIAN_POINT ( 'NONE',  ( -3.608999999999999542, -8.630999999999996675, -9.219986978616888116E-16 ) ) ;
#222 = DIRECTION ( 'NONE',  ( 0.000000000000000000, 1.000000000000000000, 7.114187483500697174E-17 ) ) ;
#223 = LINE ( 'NONE', #104, #1463 ) ;
#224 = ORIENTED_EDGE ( 'NONE', *, *, #1498, .F. ) ;
#225 = ORIENTED_EDGE ( 'NONE', *, *, #604, .T. ) ;
#226 = FACE_OUTER_BOUND ( 'NONE', #441, .T. ) ;
#227 = VECTOR ( 'NONE', #89, 39.37007874015748143 ) ;
#228 = ORIENTED_EDGE ( 'NONE', *, *, #1426, .F. ) ;
#229 = PLANE ( 'NONE',  #1177 ) ;
#230 = ADVANCED_FACE ( 'NONE', ( #1482 ), #878, .T. ) ;
#231 = FACE_OUTER_BOUND ( 'NONE', #316, .T. ) ;
#232 = CIRCLE ( 'NONE', #664, 0.1199999999999999123 ) ;
#233 = CARTESIAN_POINT ( 'NONE',  ( -3.674999999999999378, 8.624999999999996447, 2.056147703061072129E-17 ) ) ;
#234 = ORIENTED_EDGE ( 'NONE', *, *, #121, .F. ) ;
#235 = CARTESIAN_POINT ( 'NONE',  ( -3.734999999999999432, -9.499999999999998224, 0.000000000000000000 ) ) ;
#236 = DIRECTION ( 'NONE',  ( 1.000000000000000000, 0.000000000000000000, 0.000000000000000000 ) ) ;
#237 = CARTESIAN_POINT ( 'NONE',  ( -3.734999999999999432, -9.499999999999998224, -0.05999999999999999778 ) ) ;
#238 = ADVANCED_FACE ( 'NONE', ( #1265 ), #1513, .T. ) ;
#239 = DIRECTION ( 'NONE',  ( 1.000000000000000000, 0.000000000000000000, 0.000000000000000000 ) ) ;
#240 = VERTEX_POINT ( 'NONE', #1258 ) ;
#241 = CARTESIAN_POINT ( 'NONE',  ( -3.674999999999999378, 8.624999999999996447, 0.05999999999999990757 ) ) ;
#242 = ORIENTED_EDGE ( 'NONE', *, *, #583, .F. ) ;
#243 = LINE ( 'NONE', #592, #430 ) ;
#244 = DIRECTION ( 'NONE',  ( -0.000000000000000000, -0.000000000000000000, 1.000000000000000000 ) ) ;
#245 = EDGE_CURVE ( 'NONE', #25, #1040, #1389, .T. ) ;
#246 = VERTEX_POINT ( 'NONE', #893 ) ;
#247 = DIRECTION ( 'NONE',  ( -0.000000000000000000, -1.000000000000000000, -0.000000000000000000 ) ) ;
#248 = ORIENTED_EDGE ( 'NONE', *, *, #1118, .T. ) ;
#249 = CIRCLE ( 'NONE', #708, 0.05999999999999990757 ) ;
#250 = AXIS2_PLACEMENT_3D ( 'NONE', #1473, #1071, #724 ) ;
#251 = DIRECTION ( 'NONE',  ( 0.000000000000000000, 0.000000000000000000, 1.000000000000000000 ) ) ;
#252 = VECTOR ( 'NONE', #331, 39.37007874015748143 ) ;
#253 = AXIS2_PLACEMENT_3D ( 'NONE', #1470, #1199, #958 ) ;
#254 = AXIS2_PLACEMENT_3D ( 'NONE', #1207, #1216, #971 ) ;
#255 = EDGE_LOOP ( 'NONE', ( #725, #1448, #198, #433 ) ) ;
#256 = EDGE_CURVE ( 'NONE', #1076, #269, #716, .T. ) ;
#257 = DIRECTION ( 'NONE',  ( 1.214420497002790284E-31, 1.000000000000000000, 3.167359992654218841E-17 ) ) ;
#258 = AXIS2_PLACEMENT_3D ( 'NONE', #513, #1249, #637 ) ;
#259 = ORIENTED_EDGE ( 'NONE', *, *, #267, .F. ) ;
#260 = DIRECTION ( 'NONE',  ( 3.834172622686684388E-15, -0.000000000000000000, 1.000000000000000000 ) ) ;
#261 = EDGE_CURVE ( 'NONE', #378, #587, #287, .T. ) ;
#262 = PLANE ( 'NONE',  #1594 ) ;
#263 = ORIENTED_EDGE ( 'NONE', *, *, #1370, .F. ) ;
#264 = DIRECTION ( 'NONE',  ( -0.000000000000000000, 0.000000000000000000, 1.000000000000000000 ) ) ;
#265 = VERTEX_POINT ( 'NONE', #743 ) ;
#266 = CARTESIAN_POINT ( 'NONE',  ( -3.608999999999999542, -8.624999999999996447, -9.219986978616888116E-16 ) ) ;
#267 = EDGE_CURVE ( 'NONE', #394, #106, #1239, .T. ) ;
#268 = DIRECTION ( 'NONE',  ( 1.000000000000000000, 0.000000000000000000, 0.000000000000000000 ) ) ;
#269 = VERTEX_POINT ( 'NONE', #397 ) ;
#270 = CARTESIAN_POINT ( 'NONE',  ( 3.675000000000002931, 8.624999999999998224, 0.5700000000000001732 ) ) ;
#271 = ORIENTED_EDGE ( 'NONE', *, *, #750, .F. ) ;
#272 = DIRECTION ( 'NONE',  ( 0.000000000000000000, 6.982962677686265922E-15, -1.000000000000000000 ) ) ;
#273 = CARTESIAN_POINT ( 'NONE',  ( -3.734999999999999432, -9.499999999999998224, -0.05999999999999999778 ) ) ;
#274 = ADVANCED_FACE ( 'NONE', ( #191 ), #1028, .T. ) ;
#275 = AXIS2_PLACEMENT_3D ( 'NONE', #693, #1330, #710 ) ;
#276 = CIRCLE ( 'NONE', #685, 0.1560000000000004716 ) ;
#277 = ORIENTED_EDGE ( 'NONE', *, *, #994, .F. ) ;
#278 = PLANE ( 'NONE',  #540 ) ;
#279 = VECTOR ( 'NONE', #439, 39.37007874015748143 ) ;
#280 = ORIENTED_EDGE ( 'NONE', *, *, #389, .F. ) ;
#281 = DIRECTION ( 'NONE',  ( -0.000000000000000000, -0.000000000000000000, 1.000000000000000000 ) ) ;
#282 = CYLINDRICAL_SURFACE ( 'NONE', #1228, 0.1560000000000001941 ) ;
#283 = EDGE_CURVE ( 'NONE', #989, #1517, #620, .T. ) ;
#284 = ORIENTED_EDGE ( 'NONE', *, *, #1556, .F. ) ;
#285 = CARTESIAN_POINT ( 'NONE',  ( -3.608999999999999542, -8.630999999999996675, -9.219986978616888116E-16 ) ) ;
#286 = ORIENTED_EDGE ( 'NONE', *, *, #1391, .F. ) ;
#287 = LINE ( 'NONE', #1013, #1539 ) ;
#288 = FACE_OUTER_BOUND ( 'NONE', #577, .T. ) ;
#289 = ORIENTED_EDGE ( 'NONE', *, *, #617, .T. ) ;
#290 = LINE ( 'NONE', #1032, #976 ) ;
#291 = ADVANCED_FACE ( 'NONE', ( #1171 ), #688, .F. ) ;
#292 = EDGE_LOOP ( 'NONE', ( #768, #830, #431, #1024 ) ) ;
#293 = DIRECTION ( 'NONE',  ( -1.000000000000000000, 0.000000000000000000, 0.000000000000000000 ) ) ;
#294 = CARTESIAN_POINT ( 'NONE',  ( -3.734999999999999432, -9.499999999999998224, -0.05999999999999999778 ) ) ;
#295 = DIRECTION ( 'NONE',  ( -1.000000000000000000, 0.000000000000000000, 0.000000000000000000 ) ) ;
#296 = CIRCLE ( 'NONE', #457, 0.1560000000000004716 ) ;
#297 = AXIS2_PLACEMENT_3D ( 'NONE', #1250, #1506, #268 ) ;
#298 = ORIENTED_EDGE ( 'NONE', *, *, #790, .F. ) ;
#299 = DIRECTION ( 'NONE',  ( 0.000000000000000000, 0.000000000000000000, 1.000000000000000000 ) ) ;
#300 = CIRCLE ( 'NONE', #1311, 0.1560000000000001941 ) ;
#301 = ADVANCED_FACE ( 'NONE', ( #1298 ), #1278, .F. ) ;
#302 = ORIENTED_EDGE ( 'NONE', *, *, #686, .T. ) ;
#303 = VECTOR ( 'NONE', #1103, 39.37007874015748143 ) ;
#304 = ADVANCED_FACE ( 'NONE', ( #925 ), #934, .F. ) ;
#305 = AXIS2_PLACEMENT_3D ( 'NONE', #1427, #222, #476 ) ;
#306 = DIRECTION ( 'NONE',  ( -0.000000000000000000, -1.000000000000000000, -0.000000000000000000 ) ) ;
#307 = ORIENTED_EDGE ( 'NONE', *, *, #1353, .F. ) ;
#308 = CYLINDRICAL_SURFACE ( 'NONE', #784, 0.1560000000000004716 ) ;
#309 = VERTEX_POINT ( 'NONE', #443 ) ;
#310 = DIRECTION ( 'NONE',  ( -0.000000000000000000, 1.000000000000000000, 0.000000000000000000 ) ) ;
#311 = DIRECTION ( 'NONE',  ( 1.000000000000000000, 0.000000000000000000, 0.000000000000000000 ) ) ;
#312 = EDGE_CURVE ( 'NONE', #588, #240, #673, .T. ) ;
#313 = CARTESIAN_POINT ( 'NONE',  ( -3.608999999999999542, 8.630999999999996675, 3.073328992872296367E-16 ) ) ;
#314 = FACE_OUTER_BOUND ( 'NONE', #521, .T. ) ;
#315 = DIRECTION ( 'NONE',  ( 0.000000000000000000, 6.982962677686265922E-15, -1.000000000000000000 ) ) ;
#316 = EDGE_LOOP ( 'NONE', ( #627, #1368, #17, #289 ) ) ;
#317 = ORIENTED_EDGE ( 'NONE', *, *, #57, .F. ) ;
#318 = DIRECTION ( 'NONE',  ( 1.000000000000000000, 0.000000000000000000, 0.000000000000000000 ) ) ;
#319 = DIRECTION ( 'NONE',  ( 0.000000000000000000, 0.000000000000000000, -1.000000000000000000 ) ) ;
#320 = DIRECTION ( 'NONE',  ( 1.000000000000000000, 0.000000000000000000, -3.841661241090376129E-15 ) ) ;
#321 = CARTESIAN_POINT ( 'NONE',  ( 3.675000000000000711, -8.624999999999998224, 2.056147703061266263E-17 ) ) ;
#322 = EDGE_CURVE ( 'NONE', #1157, #600, #24, .T. ) ;
#323 = DIRECTION ( 'NONE',  ( 0.000000000000000000, 6.982962677686265922E-15, -1.000000000000000000 ) ) ;
#324 = CARTESIAN_POINT ( 'NONE',  ( 1.255000000000000782, -9.125000000000000000, -0.05999999999999999778 ) ) ;
#325 = AXIS2_PLACEMENT_3D ( 'NONE', #1063, #1436, #332 ) ;
#326 = ORIENTED_EDGE ( 'NONE', *, *, #1060, .F. ) ;
#327 = VERTEX_POINT ( 'NONE', #452 ) ;
#328 = VECTOR ( 'NONE', #1499, 39.37007874015748143 ) ;
#329 = DIRECTION ( 'NONE',  ( 1.000000000000000000, 0.000000000000000000, 0.000000000000000000 ) ) ;
#330 = VECTOR ( 'NONE', #1387, 39.37007874015748143 ) ;
#331 = DIRECTION ( 'NONE',  ( 0.000000000000000000, 0.000000000000000000, 1.000000000000000000 ) ) ;
#332 = DIRECTION ( 'NONE',  ( 1.000000000000000000, 0.000000000000000000, 0.000000000000000000 ) ) ;
#333 = CIRCLE ( 'NONE', #689, 0.1560000000000001941 ) ;
#334 = LINE ( 'NONE', #819, #867 ) ;
#335 = CARTESIAN_POINT ( 'NONE',  ( 3.609000000000000874, 8.630999999999998451, 1.118350272406307847E-15 ) ) ;
#336 = ADVANCED_FACE ( 'NONE', ( #1034 ), #1431, .T. ) ;
#337 = EDGE_LOOP ( 'NONE', ( #1476, #105, #983, #401 ) ) ;
#338 = ORIENTED_EDGE ( 'NONE', *, *, #1459, .F. ) ;
#339 = APPLICATION_CONTEXT ( 'automotive_design' ) ;
#340 = CARTESIAN_POINT ( 'NONE',  ( -3.750999999999999446, 9.125000000000000000, -0.06000000000000092759 ) ) ;
#341 = DIRECTION ( 'NONE',  ( 0.000000000000000000, -0.000000000000000000, -1.000000000000000000 ) ) ;
#342 = CARTESIAN_POINT ( 'NONE',  ( -3.734999999999999432, -8.630999999999996675, -4.609993489308444058E-16 ) ) ;
#343 = CYLINDRICAL_SURFACE ( 'NONE', #305, 0.05999999999999990757 ) ;
#344 = CARTESIAN_POINT ( 'NONE',  ( -3.674999999999999378, -8.624999999999996447, 0.05999999999999875572 ) ) ;
#345 = VERTEX_POINT ( 'NONE', #788 ) ;
#346 = ORIENTED_EDGE ( 'NONE', *, *, #1083, .F. ) ;
#347 = PRODUCT_DEFINITION ( 'UNKNOWN', '', #1022, #632 ) ;
#348 = CARTESIAN_POINT ( 'NONE',  ( 3.735000000000000320, -8.969822682069821695, -0.06000000000000092759 ) ) ;
#349 = CARTESIAN_POINT ( 'NONE',  ( -3.734999999999999432, -9.499999999999998224, 0.000000000000000000 ) ) ;
#350 = DIRECTION ( 'NONE',  ( -3.834172622686684388E-15, 0.000000000000000000, -1.000000000000000000 ) ) ;
#351 = CARTESIAN_POINT ( 'NONE',  ( -3.608999999999999542, -8.624999999999996447, -9.219986978616888116E-16 ) ) ;
#352 = PLANE ( 'NONE',  #1101 ) ;
#353 = ORIENTED_EDGE ( 'NONE', *, *, #210, .F. ) ;
#354 = CARTESIAN_POINT ( 'NONE',  ( 2.674718887881785226E-28, 8.630999999999998451, -0.05999999999999999778 ) ) ;
#355 = AXIS2_PLACEMENT_3D ( 'NONE', #1085, #700, #206 ) ;
#356 = CARTESIAN_POINT ( 'NONE',  ( -3.734999999999999432, -8.969822682069830577, -0.06000000000000092759 ) ) ;
#357 = VECTOR ( 'NONE', #897, 39.37007874015748143 ) ;
#358 = EDGE_CURVE ( 'NONE', #215, #1, #184, .T. ) ;
#359 = CARTESIAN_POINT ( 'NONE',  ( -3.608999999999999542, -8.630999999999996675, -9.219986978616888116E-16 ) ) ;
#360 = AXIS2_PLACEMENT_3D ( 'NONE', #107, #762, #882 ) ;
#361 = CARTESIAN_POINT ( 'NONE',  ( 3.735000000000000320, 9.500000000000000000, 0.000000000000000000 ) ) ;
#362 = ORIENTED_EDGE ( 'NONE', *, *, #143, .F. ) ;
#363 = CARTESIAN_POINT ( 'NONE',  ( 3.609000000000000874, 8.624999999999998224, -0.05999999999999999778 ) ) ;
#364 = EDGE_LOOP ( 'NONE', ( #1574, #1146, #956, #1027 ) ) ;
#365 = LINE ( 'NONE', #1590, #910 ) ;
#366 = CARTESIAN_POINT ( 'NONE',  ( -3.674999999999999378, 8.624999999999996447, 0.05999999999999998390 ) ) ;
#367 = EDGE_CURVE ( 'NONE', #1076, #1111, #61, .T. ) ;
#368 = PRODUCT_DEFINITION_SHAPE ( 'NONE', 'NONE',  #347 ) ;
#369 = VERTEX_POINT ( 'NONE', #1271 ) ;
#370 = PLANE ( 'NONE',  #462 ) ;
#371 = ORIENTED_EDGE ( 'NONE', *, *, #733, .F. ) ;
#372 = LINE ( 'NONE', #1194, #227 ) ;
#373 = EDGE_CURVE ( 'NONE', #1111, #672, #169, .T. ) ;
#374 = EDGE_CURVE ( 'NONE', #923, #727, #418, .T. ) ;
#375 = ORIENTED_EDGE ( 'NONE', *, *, #1109, .F. ) ;
#376 = DIRECTION ( 'NONE',  ( -0.000000000000000000, -0.000000000000000000, 1.000000000000000000 ) ) ;
#377 = EDGE_CURVE ( 'NONE', #645, #1554, #666, .T. ) ;
#378 = VERTEX_POINT ( 'NONE', #906 ) ;
#379 = SHAPE_DEFINITION_REPRESENTATION ( #368, #936 ) ;
#380 = VECTOR ( 'NONE', #180, 39.37007874015748143 ) ;
#381 = CARTESIAN_POINT ( 'NONE',  ( -3.734999999999999432, -9.499999999999998224, -0.05999999999999999778 ) ) ;
#382 = VECTOR ( 'NONE', #1493, 39.37007874015748143 ) ;
#383 = DIRECTION ( 'NONE',  ( 0.000000000000000000, 0.000000000000000000, -1.000000000000000000 ) ) ;
#384 = VECTOR ( 'NONE', #1588, 39.37007874015748143 ) ;
#385 = AXIS2_PLACEMENT_3D ( 'NONE', #1413, #1164, #931 ) ;
#386 = CIRCLE ( 'NONE', #759, 0.1560000000000001941 ) ;
#387 = ORIENTED_EDGE ( 'NONE', *, *, #1023, .T. ) ;
#388 = CARTESIAN_POINT ( 'NONE',  ( 3.675000000000000711, -8.624999999999998224, 0.05999999999999990757 ) ) ;
#389 = EDGE_CURVE ( 'NONE', #309, #486, #192, .T. ) ;
#390 = AXIS2_PLACEMENT_3D ( 'NONE', #1184, #318, #551 ) ;
#391 = ORIENTED_EDGE ( 'NONE', *, *, #547, .T. ) ;
#392 = DIRECTION ( 'NONE',  ( 0.000000000000000000, -1.000000000000000000, 0.000000000000000000 ) ) ;
#393 = FACE_OUTER_BOUND ( 'NONE', #860, .T. ) ;
#394 = VERTEX_POINT ( 'NONE', #679 ) ;
#395 = CARTESIAN_POINT ( 'NONE',  ( 1.411000000000001142, -9.125000000000000000, 0.000000000000000000 ) ) ;
#396 = ORIENTED_EDGE ( 'NONE', *, *, #38, .T. ) ;
#397 = CARTESIAN_POINT ( 'NONE',  ( 3.675000000000000711, -8.624999999999998224, 0.05999999999999956757 ) ) ;
#398 = FACE_OUTER_BOUND ( 'NONE', #1079, .T. ) ;
#399 = VERTEX_POINT ( 'NONE', #907 ) ;
#400 = FACE_OUTER_BOUND ( 'NONE', #1572, .T. ) ;
#401 = ORIENTED_EDGE ( 'NONE', *, *, #1223, .F. ) ;
#402 = CARTESIAN_POINT ( 'NONE',  ( 0.000000000000000000, 0.000000000000000000, 0.000000000000000000 ) ) ;
#403 = DIRECTION ( 'NONE',  ( 0.000000000000000000, 0.000000000000000000, -1.000000000000000000 ) ) ;
#404 = LINE ( 'NONE', #524, #429 ) ;
#405 = ADVANCED_FACE ( 'NONE', ( #86 ), #1398, .T. ) ;
#406 = CIRCLE ( 'NONE', #297, 0.1560000000000001941 ) ;
#407 = AXIS2_PLACEMENT_3D ( 'NONE', #1231, #130, #1573 ) ;
#408 = VERTEX_POINT ( 'NONE', #1291 ) ;
#409 = DIRECTION ( 'NONE',  ( -1.000000000000000000, 0.000000000000000000, -3.935570548693195971E-15 ) ) ;
#410 = EDGE_LOOP ( 'NONE', ( #1192, #362, #1423, #803 ) ) ;
#411 = DIRECTION ( 'NONE',  ( 0.000000000000000000, -0.000000000000000000, -1.000000000000000000 ) ) ;
#412 = DIRECTION ( 'NONE',  ( -0.000000000000000000, -0.000000000000000000, 1.000000000000000000 ) ) ;
#413 = EDGE_CURVE ( 'NONE', #265, #479, #779, .T. ) ;
#414 = ADVANCED_FACE ( 'NONE', ( #935 ), #1172, .T. ) ;
#415 = VERTEX_POINT ( 'NONE', #805 ) ;
#416 = FACE_OUTER_BOUND ( 'NONE', #337, .T. ) ;
#417 = ORIENTED_EDGE ( 'NONE', *, *, #507, .T. ) ;
#418 = LINE ( 'NONE', #1396, #108 ) ;
#419 = CARTESIAN_POINT ( 'NONE',  ( 3.609000000000000874, -8.624999999999998224, -1.109813247426106994E-16 ) ) ;
#420 = CARTESIAN_POINT ( 'NONE',  ( 3.735000000000000320, 9.280177317930165870, 0.000000000000000000 ) ) ;
#421 = ORIENTED_EDGE ( 'NONE', *, *, #696, .F. ) ;
#422 = LINE ( 'NONE', #1274, #1284 ) ;
#423 = EDGE_CURVE ( 'NONE', #67, #776, #815, .T. ) ;
#424 = VERTEX_POINT ( 'NONE', #185 ) ;
#425 = DIRECTION ( 'NONE',  ( 0.000000000000000000, 0.000000000000000000, -1.000000000000000000 ) ) ;
#426 = CARTESIAN_POINT ( 'NONE',  ( 3.609000000000000874, 8.624999999999998224, 1.118350272406307847E-15 ) ) ;
#427 = DIRECTION ( 'NONE',  ( 1.000000000000000000, 0.000000000000000000, 0.000000000000000000 ) ) ;
#428 = LINE ( 'NONE', #321, #1275 ) ;
#429 = VECTOR ( 'NONE', #626, 39.37007874015748143 ) ;
#430 = VECTOR ( 'NONE', #616, 39.37007874015748143 ) ;
#431 = ORIENTED_EDGE ( 'NONE', *, *, #1426, .T. ) ;
#432 = CARTESIAN_POINT ( 'NONE',  ( -1.254999999999999671, 9.124999999999998224, 0.000000000000000000 ) ) ;
#433 = ORIENTED_EDGE ( 'NONE', *, *, #1235, .T. ) ;
#434 = AXIS2_PLACEMENT_3D ( 'NONE', #1211, #1224, #612 ) ;
#435 = ADVANCED_FACE ( 'NONE', ( #1068 ), #1333, .F. ) ;
#436 = AXIS2_PLACEMENT_3D ( 'NONE', #653, #134, #1377 ) ;
#437 = LINE ( 'NONE', #798, #997 ) ;
#438 = FACE_OUTER_BOUND ( 'NONE', #1551, .T. ) ;
#439 = DIRECTION ( 'NONE',  ( -0.000000000000000000, -1.000000000000000000, -0.000000000000000000 ) ) ;
#440 = FACE_OUTER_BOUND ( 'NONE', #255, .T. ) ;
#441 = EDGE_LOOP ( 'NONE', ( #735, #346, #973, #518 ) ) ;
#442 = ORIENTED_EDGE ( 'NONE', *, *, #594, .F. ) ;
#443 = CARTESIAN_POINT ( 'NONE',  ( 3.609000000000000874, 8.624999999999998224, 0.000000000000000000 ) ) ;
#444 = ADVANCED_FACE ( 'NONE', ( #1088, #1582, #1443 ), #370, .T. ) ;
#445 = ORIENTED_EDGE ( 'NONE', *, *, #928, .F. ) ;
#446 = DIRECTION ( 'NONE',  ( 1.000000000000000000, 0.000000000000000000, 0.000000000000000000 ) ) ;
#447 = LINE ( 'NONE', #929, #1148 ) ;
#448 = CARTESIAN_POINT ( 'NONE',  ( 3.675000000000002931, -8.624999999999998224, 0.5700000000000001732 ) ) ;
#449 = CARTESIAN_POINT ( 'NONE',  ( 3.609000000000000874, -8.624999999999998224, -0.05999999999999999778 ) ) ;
#450 = ORIENTED_EDGE ( 'NONE', *, *, #195, .F. ) ;
#451 = VERTEX_POINT ( 'NONE', #496 ) ;
#452 = CARTESIAN_POINT ( 'NONE',  ( -3.675000000000001599, -8.624999999999996447, 0.5700000000000001732 ) ) ;
#453 = DIRECTION ( 'NONE',  ( 0.000000000000000000, 6.982962677686265922E-15, -1.000000000000000000 ) ) ;
#454 = DIRECTION ( 'NONE',  ( -0.000000000000000000, -0.000000000000000000, 1.000000000000000000 ) ) ;
#455 = LINE ( 'NONE', #793, #859 ) ;
#456 = ADVANCED_FACE ( 'NONE', ( #713 ), #975, .F. ) ;
#457 = AXIS2_PLACEMENT_3D ( 'NONE', #1214, #1082, #1220 ) ;
#458 = LINE ( 'NONE', #1302, #1384 ) ;
#459 = FACE_OUTER_BOUND ( 'NONE', #1197, .T. ) ;
#460 = ORIENTED_EDGE ( 'NONE', *, *, #178, .T. ) ;
#461 = LINE ( 'NONE', #480, #384 ) ;
#462 = AXIS2_PLACEMENT_3D ( 'NONE', #115, #487, #606 ) ;
#463 = VECTOR ( 'NONE', #978, 39.37007874015748143 ) ;
#464 = VECTOR ( 'NONE', #1475, 39.37007874015748143 ) ;
#465 = LINE ( 'NONE', #1444, #1280 ) ;
#466 = FACE_BOUND ( 'NONE', #877, .T. ) ;
#467 = EDGE_CURVE ( 'NONE', #216, #1297, #461, .T. ) ;
#468 = DIRECTION ( 'NONE',  ( 0.000000000000000000, 0.000000000000000000, 1.000000000000000000 ) ) ;
#469 = CARTESIAN_POINT ( 'NONE',  ( -3.608999999999999542, -8.624999999999996447, -0.05999999999999999778 ) ) ;
#470 = VERTEX_POINT ( 'NONE', #1561 ) ;
#471 = ORIENTED_EDGE ( 'NONE', *, *, #1060, .T. ) ;
#472 = LINE ( 'NONE', #354, #303 ) ;
#473 = ORIENTED_EDGE ( 'NONE', *, *, #373, .F. ) ;
#474 = FACE_OUTER_BOUND ( 'NONE', #1530, .T. ) ;
#475 = PLANE ( 'NONE',  #1202 ) ;
#476 = DIRECTION ( 'NONE',  ( 1.000000000000000000, 0.000000000000000000, -3.841661241090376129E-15 ) ) ;
#477 = CARTESIAN_POINT ( 'NONE',  ( -3.734999999999999432, -9.499999999999998224, -0.05999999999999999778 ) ) ;
#478 = ORIENTED_EDGE ( 'NONE', *, *, #27, .F. ) ;
#479 = VERTEX_POINT ( 'NONE', #948 ) ;
#480 = CARTESIAN_POINT ( 'NONE',  ( -3.734999999999999432, -8.630999999999996675, -4.609993489308444058E-16 ) ) ;
#481 = EDGE_CURVE ( 'NONE', #967, #470, #722, .T. ) ;
#482 = ORIENTED_EDGE ( 'NONE', *, *, #1096, .T. ) ;
#483 = LINE ( 'NONE', #1213, #463 ) ;
#484 = CARTESIAN_POINT ( 'NONE',  ( 3.609000000000000874, -8.630999999999998451, -1.109813247426106994E-16 ) ) ;
#485 = CARTESIAN_POINT ( 'NONE',  ( 3.609000000000000874, 8.630999999999998451, 1.118350272406307847E-15 ) ) ;
#486 = VERTEX_POINT ( 'NONE', #363 ) ;
#487 = DIRECTION ( 'NONE',  ( 0.000000000000000000, 0.000000000000000000, -1.000000000000000000 ) ) ;
#488 = VECTOR ( 'NONE', #1154, 39.37007874015748143 ) ;
#489 = EDGE_CURVE ( 'NONE', #1159, #913, #824, .T. ) ;
#490 = ORIENTED_EDGE ( 'NONE', *, *, #489, .F. ) ;
#491 = FACE_OUTER_BOUND ( 'NONE', #742, .T. ) ;
#492 = VECTOR ( 'NONE', #177, 39.37007874015748143 ) ;
#493 = DIRECTION ( 'NONE',  ( 0.000000000000000000, 0.000000000000000000, 1.000000000000000000 ) ) ;
#494 = VECTOR ( 'NONE', #1558, 39.37007874015748143 ) ;
#495 = ORIENTED_EDGE ( 'NONE', *, *, #256, .F. ) ;
#496 = CARTESIAN_POINT ( 'NONE',  ( -3.734999999999999432, -8.969822682069830577, 0.000000000000000000 ) ) ;
#497 = ORIENTED_EDGE ( 'NONE', *, *, #553, .F. ) ;
#498 = CARTESIAN_POINT ( 'NONE',  ( -3.608999999999999542, -8.630999999999996675, -0.05999999999999999778 ) ) ;
#499 = EDGE_CURVE ( 'NONE', #269, #1127, #1326, .T. ) ;
#500 = VERTEX_POINT ( 'NONE', #1342 ) ;
#501 = EDGE_LOOP ( 'NONE', ( #1420, #1442, #981, #1421 ) ) ;
#502 = CARTESIAN_POINT ( 'NONE',  ( -3.614999999999999769, 8.624999999999996447, 0.06000000000000021289 ) ) ;
#503 = ORIENTED_EDGE ( 'NONE', *, *, #535, .T. ) ;
#504 = LENGTH_MEASURE_WITH_UNIT ( LENGTH_MEASURE( 0.02539999999999999897 ), #522 );
#505 = DIRECTION ( 'NONE',  ( -0.000000000000000000, 0.000000000000000000, 1.000000000000000000 ) ) ;
#506 = LINE ( 'NONE', #991, #1563 ) ;
#507 = EDGE_CURVE ( 'NONE', #570, #399, #217, .T. ) ;
#508 = VERTEX_POINT ( 'NONE', #703 ) ;
#509 = CARTESIAN_POINT ( 'NONE',  ( 3.735000000000000320, -8.969822682069821695, 0.000000000000000000 ) ) ;
#510 = ORIENTED_EDGE ( 'NONE', *, *, #121, .T. ) ;
#511 =( CONVERSION_BASED_UNIT ( 'INCH', #504 ) LENGTH_UNIT ( ) NAMED_UNIT ( #1569 ) );
#512 = VECTOR ( 'NONE', #1425, 39.37007874015748143 ) ;
#513 = CARTESIAN_POINT ( 'NONE',  ( 3.615000000000000657, 8.624999999999998224, 0.06000000000000102474 ) ) ;
#514 = FACE_OUTER_BOUND ( 'NONE', #863, .T. ) ;
#515 = AXIS2_PLACEMENT_3D ( 'NONE', #75, #1038, #1303 ) ;
#516 = AXIS2_PLACEMENT_3D ( 'NONE', #1243, #281, #1020 ) ;
#517 = ADVANCED_FACE ( 'NONE', ( #1458 ), #966, .T. ) ;
#518 = ORIENTED_EDGE ( 'NONE', *, *, #218, .T. ) ;
#519 = EDGE_LOOP ( 'NONE', ( #317, #298, #417, #1412 ) ) ;
#520 = CARTESIAN_POINT ( 'NONE',  ( -3.750999999999999446, -9.124999999999998224, 0.000000000000000000 ) ) ;
#521 = EDGE_LOOP ( 'NONE', ( #1264, #1016, #11, #1225 ) ) ;
#522 =( LENGTH_UNIT ( ) NAMED_UNIT ( * ) SI_UNIT ( $, .METRE. ) );
#523 = LINE ( 'NONE', #1372, #1515 ) ;
#524 = CARTESIAN_POINT ( 'NONE',  ( -3.735000000000001652, -8.624999999999996447, 0.5699999999999999512 ) ) ;
#525 = ORIENTED_EDGE ( 'NONE', *, *, #261, .F. ) ;
#526 = DIRECTION ( 'NONE',  ( -0.000000000000000000, -1.000000000000000000, -0.000000000000000000 ) ) ;
#527 = VERTEX_POINT ( 'NONE', #1450 ) ;
#528 = CARTESIAN_POINT ( 'NONE',  ( -3.750999999999999446, 9.125000000000000000, -0.06000000000000092759 ) ) ;
#529 = EDGE_CURVE ( 'NONE', #500, #932, #472, .T. ) ;
#530 = CARTESIAN_POINT ( 'NONE',  ( -3.608999999999999542, -8.630999999999996675, -9.219986978616888116E-16 ) ) ;
#531 = ORIENTED_EDGE ( 'NONE', *, *, #1352, .T. ) ;
#532 = DIRECTION ( 'NONE',  ( -1.000000000000000000, -0.000000000000000000, -0.000000000000000000 ) ) ;
#533 = ORIENTED_EDGE ( 'NONE', *, *, #529, .T. ) ;
#534 = CARTESIAN_POINT ( 'NONE',  ( 3.735000000000000320, 8.630999999999994898, 0.000000000000000000 ) ) ;
#535 = EDGE_CURVE ( 'NONE', #67, #892, #854, .T. ) ;
#536 = DIRECTION ( 'NONE',  ( 1.000000000000000000, 0.000000000000000000, 0.000000000000000000 ) ) ;
#537 = VECTOR ( 'NONE', #574, 39.37007874015748143 ) ;
#538 = VECTOR ( 'NONE', #454, 39.37007874015748143 ) ;
#539 = EDGE_CURVE ( 'NONE', #508, #727, #589, .T. ) ;
#540 = AXIS2_PLACEMENT_3D ( 'NONE', #1263, #19, #160 ) ;
#541 = VERTEX_POINT ( 'NONE', #1355 ) ;
#542 = CARTESIAN_POINT ( 'NONE',  ( 3.615000000000000657, -8.624999999999998224, -1.109813247426106994E-16 ) ) ;
#543 = VECTOR ( 'NONE', #5, 39.37007874015748143 ) ;
#544 = ORIENTED_EDGE ( 'NONE', *, *, #322, .F. ) ;
#545 = DIRECTION ( 'NONE',  ( 0.000000000000000000, -0.000000000000000000, 1.000000000000000000 ) ) ;
#546 = DIRECTION ( 'NONE',  ( 1.000000000000000000, -0.000000000000000000, -3.935570548693196760E-15 ) ) ;
#547 = EDGE_CURVE ( 'NONE', #1, #1502, #842, .T. ) ;
#548 = ORIENTED_EDGE ( 'NONE', *, *, #151, .T. ) ;
#549 = CARTESIAN_POINT ( 'NONE',  ( -2.205111754894906838E-28, -8.630999999999996675, -0.05999999999999999778 ) ) ;
#550 = ORIENTED_EDGE ( 'NONE', *, *, #358, .T. ) ;
#551 = DIRECTION ( 'NONE',  ( 0.000000000000000000, 0.000000000000000000, -1.000000000000000000 ) ) ;
#552 = LINE ( 'NONE', #1029, #537 ) ;
#553 = EDGE_CURVE ( 'NONE', #645, #1159, #1045, .T. ) ;
#554 = ORIENTED_EDGE ( 'NONE', *, *, #611, .T. ) ;
#555 = CARTESIAN_POINT ( 'NONE',  ( -3.734999999999999432, 9.500000000000000000, -0.05999999999999999778 ) ) ;
#556 = EDGE_LOOP ( 'NONE', ( #190, #1414 ) ) ;
#557 = SURFACE_STYLE_USAGE ( .BOTH. , #80 ) ;
#558 = DIRECTION ( 'NONE',  ( -3.834172622686684388E-15, 0.000000000000000000, 1.000000000000000000 ) ) ;
#559 = AXIS2_PLACEMENT_3D ( 'NONE', #73, #1310, #1294 ) ;
#560 = PLANE ( 'NONE',  #1212 ) ;
#561 = LINE ( 'NONE', #1048, #736 ) ;
#562 = ORIENTED_EDGE ( 'NONE', *, *, #943, .T. ) ;
#563 = DIRECTION ( 'NONE',  ( 1.000000000000000000, 0.000000000000000000, 0.000000000000000000 ) ) ;
#564 = CARTESIAN_POINT ( 'NONE',  ( -3.734999999999999432, 9.500000000000000000, -0.05999999999999999778 ) ) ;
#565 = CYLINDRICAL_SURFACE ( 'NONE', #638, 0.1199999999999998151 ) ;
#566 = CARTESIAN_POINT ( 'NONE',  ( -3.614999999999999769, -8.624999999999996447, 0.05999999999999898470 ) ) ;
#567 = FACE_OUTER_BOUND ( 'NONE', #58, .T. ) ;
#568 = DIRECTION ( 'NONE',  ( 1.000000000000000000, 0.000000000000000000, 0.000000000000000000 ) ) ;
#569 = ORIENTED_EDGE ( 'NONE', *, *, #1438, .T. ) ;
#570 = VERTEX_POINT ( 'NONE', #348 ) ;
#571 = CARTESIAN_POINT ( 'NONE',  ( 3.735000000000002540, 8.624999999999998224, 0.5699999999999999512 ) ) ;
#572 = ADVANCED_FACE ( 'NONE', ( #226 ), #832, .T. ) ;
#573 = ORIENTED_EDGE ( 'NONE', *, *, #261, .T. ) ;
#574 = DIRECTION ( 'NONE',  ( -1.000000000000000000, 0.000000000000000000, 4.437897906374248722E-15 ) ) ;
#575 = CARTESIAN_POINT ( 'NONE',  ( -3.608999999999999542, 0.000000000000000000, -0.05999999999999999778 ) ) ;
#576 = FACE_OUTER_BOUND ( 'NONE', #881, .T. ) ;
#577 = EDGE_LOOP ( 'NONE', ( #77, #1471, #804, #774 ) ) ;
#578 = ORIENTED_EDGE ( 'NONE', *, *, #36, .F. ) ;
#579 = CARTESIAN_POINT ( 'NONE',  ( 3.751000000000002554, 9.125000000000000000, -0.06000000000000092759 ) ) ;
#580 = EDGE_CURVE ( 'NONE', #345, #1318, #1241, .T. ) ;
#581 = PLANE ( 'NONE',  #1358 ) ;
#582 = VECTOR ( 'NONE', #244, 39.37007874015748143 ) ;
#583 = EDGE_CURVE ( 'NONE', #1469, #451, #644, .T. ) ;
#584 = DIRECTION ( 'NONE',  ( -0.000000000000000000, -1.000000000000000000, -0.000000000000000000 ) ) ;
#585 = DIRECTION ( 'NONE',  ( 0.000000000000000000, 1.000000000000000000, 0.000000000000000000 ) ) ;
#586 = VECTOR ( 'NONE', #919, 39.37007874015748143 ) ;
#587 = VERTEX_POINT ( 'NONE', #270 ) ;
#588 = VERTEX_POINT ( 'NONE', #154 ) ;
#589 = LINE ( 'NONE', #731, #464 ) ;
#590 = CIRCLE ( 'NONE', #254, 0.1560000000000001941 ) ;
#591 = ORIENTED_EDGE ( 'NONE', *, *, #1023, .F. ) ;
#592 = CARTESIAN_POINT ( 'NONE',  ( 3.735000000000000320, 8.624999999999998224, -1.453012362606535790E-14 ) ) ;
#593 = CARTESIAN_POINT ( 'NONE',  ( -3.594999999999999307, -9.124999999999998224, -0.06000000000000092759 ) ) ;
#594 = EDGE_CURVE ( 'NONE', #695, #1469, #1341, .T. ) ;
#595 = VECTOR ( 'NONE', #1289, 39.37007874015748143 ) ;
#596 = LINE ( 'NONE', #1168, #1260 ) ;
#597 = PLANE ( 'NONE',  #100 ) ;
#598 = ORIENTED_EDGE ( 'NONE', *, *, #374, .F. ) ;
#599 = CARTESIAN_POINT ( 'NONE',  ( 3.735000000000000320, -9.499999999999998224, -0.05999999999999999778 ) ) ;
#600 = VERTEX_POINT ( 'NONE', #395 ) ;
#601 = DIRECTION ( 'NONE',  ( 0.000000000000000000, -0.000000000000000000, 1.000000000000000000 ) ) ;
#602 = CARTESIAN_POINT ( 'NONE',  ( 3.615000000000000657, -8.624999999999998224, -0.05999999999999999778 ) ) ;
#603 = CYLINDRICAL_SURFACE ( 'NONE', #837, 0.1560000000000004716 ) ;
#604 = EDGE_CURVE ( 'NONE', #913, #1217, #628, .T. ) ;
#605 = VERTEX_POINT ( 'NONE', #509 ) ;
#606 = DIRECTION ( 'NONE',  ( -1.000000000000000000, 0.000000000000000000, -0.000000000000000000 ) ) ;
#607 = ORIENTED_EDGE ( 'NONE', *, *, #373, .T. ) ;
#608 = FACE_OUTER_BOUND ( 'NONE', #114, .T. ) ;
#609 = CARTESIAN_POINT ( 'NONE',  ( 2.654301186447573565E-29, -8.630999999999998451, -0.05999999999999999778 ) ) ;
#610 = VERTEX_POINT ( 'NONE', #746 ) ;
#611 = EDGE_CURVE ( 'NONE', #1297, #1089, #861, .T. ) ;
#612 = DIRECTION ( 'NONE',  ( 3.834172622686684388E-15, 0.000000000000000000, -1.000000000000000000 ) ) ;
#613 = CIRCLE ( 'NONE', #1507, 0.1199999999999999123 ) ;
#614 = PRESENTATION_LAYER_ASSIGNMENT (  '', '', ( #1309 ) ) ;
#615 = EDGE_LOOP ( 'NONE', ( #1163, #1136, #1496, #8 ) ) ;
#616 = DIRECTION ( 'NONE',  ( 3.834172622686684388E-15, 0.000000000000000000, 1.000000000000000000 ) ) ;
#617 = EDGE_CURVE ( 'NONE', #776, #967, #752, .T. ) ;
#618 = LINE ( 'NONE', #484, #1336 ) ;
#619 = VECTOR ( 'NONE', #392, 39.37007874015748143 ) ;
#620 = CIRCLE ( 'NONE', #845, 0.1560000000000004716 ) ;
#621 = ORIENTED_EDGE ( 'NONE', *, *, #499, .F. ) ;
#622 = LINE ( 'NONE', #388, #1232 ) ;
#623 = VERTEX_POINT ( 'NONE', #145 ) ;
#624 = CARTESIAN_POINT ( 'NONE',  ( 3.609000000000000874, 0.000000000000000000, -0.05999999999999999778 ) ) ;
#625 = EDGE_CURVE ( 'NONE', #892, #1552, #1120, .T. ) ;
#626 = DIRECTION ( 'NONE',  ( 1.000000000000000000, -0.000000000000000000, 3.491481338843134539E-15 ) ) ;
#627 = ORIENTED_EDGE ( 'NONE', *, *, #481, .T. ) ;
#628 = LINE ( 'NONE', #1135, #1489 ) ;
#629 = VERTEX_POINT ( 'NONE', #1268 ) ;
#630 = LINE ( 'NONE', #35, #543 ) ;
#631 = DIRECTION ( 'NONE',  ( 0.000000000000000000, 1.000000000000000000, 0.000000000000000000 ) ) ;
#632 = PRODUCT_DEFINITION_CONTEXT ( 'detailed design', #1100, 'design' ) ;
#633 = ORIENTED_EDGE ( 'NONE', *, *, #1006, .F. ) ;
#634 = CARTESIAN_POINT ( 'NONE',  ( 3.735000000000000320, 8.630999999999998451, 5.591751362031539237E-16 ) ) ;
#635 = EDGE_LOOP ( 'NONE', ( #60, #284, #161, #137 ) ) ;
#636 = AXIS2_PLACEMENT_3D ( 'NONE', #1557, #681, #901 ) ;
#637 = DIRECTION ( 'NONE',  ( 0.000000000000000000, 0.000000000000000000, 1.000000000000000000 ) ) ;
#638 = AXIS2_PLACEMENT_3D ( 'NONE', #667, #1521, #320 ) ;
#639 = DIRECTION ( 'NONE',  ( 1.000000000000000000, 0.000000000000000000, 3.834172622686684388E-15 ) ) ;
#640 = VECTOR ( 'NONE', #532, 39.37007874015748143 ) ;
#641 = VECTOR ( 'NONE', #709, 39.37007874015748143 ) ;
#642 = ADVANCED_FACE ( 'NONE', ( #1113 ), #1480, .T. ) ;
#643 = VERTEX_POINT ( 'NONE', #1011 ) ;
#644 = LINE ( 'NONE', #1369, #946 ) ;
#645 = VERTEX_POINT ( 'NONE', #1501 ) ;
#646 = PRODUCT_CONTEXT ( 'NONE', #339, 'mechanical' ) ;
#647 = DIRECTION ( 'NONE',  ( 0.000000000000000000, 6.982962677686265922E-15, -1.000000000000000000 ) ) ;
#648 = CARTESIAN_POINT ( 'NONE',  ( 3.735000000000002540, -8.624999999999998224, 0.5699999999999999512 ) ) ;
#649 = ORIENTED_EDGE ( 'NONE', *, *, #986, .T. ) ;
#650 = LINE ( 'NONE', #876, #1155 ) ;
#651 = ADVANCED_FACE ( 'NONE', ( #400 ), #278, .T. ) ;
#652 = ORIENTED_EDGE ( 'NONE', *, *, #833, .F. ) ;
#653 = CARTESIAN_POINT ( 'NONE',  ( -3.735000000000001652, -8.624999999999996447, 0.5699999999999999512 ) ) ;
#654 = FACE_OUTER_BOUND ( 'NONE', #1374, .T. ) ;
#655 = ORIENTED_EDGE ( 'NONE', *, *, #1394, .F. ) ;
#656 = DIRECTION ( 'NONE',  ( 0.000000000000000000, -1.000000000000000000, -7.114187483500697174E-17 ) ) ;
#657 = EDGE_CURVE ( 'NONE', #541, #451, #127, .T. ) ;
#658 = ORIENTED_EDGE ( 'NONE', *, *, #374, .T. ) ;
#659 = CARTESIAN_POINT ( 'NONE',  ( 3.609000000000000874, -8.624999999999998224, -1.109813247426106994E-16 ) ) ;
#660 = EDGE_CURVE ( 'NONE', #500, #527, #650, .T. ) ;
#661 = VECTOR ( 'NONE', #526, 39.37007874015748143 ) ;
#662 = EDGE_LOOP ( 'NONE', ( #326, #974, #1295, #199 ) ) ;
#663 = LINE ( 'NONE', #41, #865 ) ;
#664 = AXIS2_PLACEMENT_3D ( 'NONE', #1439, #1008, #403 ) ;
#665 = EDGE_LOOP ( 'NONE', ( #831, #338, #550, #1474 ) ) ;
#666 = LINE ( 'NONE', #54, #1540 ) ;
#667 = CARTESIAN_POINT ( 'NONE',  ( 3.615000000000000657, 8.624999999999998224, 0.06000000000000102474 ) ) ;
#668 = EDGE_CURVE ( 'NONE', #629, #1502, #1017, .T. ) ;
#669 = PLANE ( 'NONE',  #149 ) ;
#670 = ORIENTED_EDGE ( 'NONE', *, *, #367, .T. ) ;
#671 = FACE_OUTER_BOUND ( 'NONE', #855, .T. ) ;
#672 = VERTEX_POINT ( 'NONE', #1247 ) ;
#673 = LINE ( 'NONE', #678, #719 ) ;
#674 = LINE ( 'NONE', #81, #95 ) ;
#675 = CARTESIAN_POINT ( 'NONE',  ( 3.615000000000000657, -8.624999999999998224, 0.05999999999999979655 ) ) ;
#676 = CARTESIAN_POINT ( 'NONE',  ( -3.734999999999999432, 8.624999999999996447, 0.05999999999999966471 ) ) ;
#677 = ORIENTED_EDGE ( 'NONE', *, *, #852, .T. ) ;
#678 = CARTESIAN_POINT ( 'NONE',  ( 3.735000000000002540, 0.000000000000000000, 0.5699999999999999512 ) ) ;
#679 = CARTESIAN_POINT ( 'NONE',  ( 3.735000000000000320, 8.624999999999998224, 0.06000000000000021289 ) ) ;
#680 = LINE ( 'NONE', #1555, #1435 ) ;
#681 = DIRECTION ( 'NONE',  ( -0.000000000000000000, -0.000000000000000000, 1.000000000000000000 ) ) ;
#682 = AXIS2_PLACEMENT_3D ( 'NONE', #835, #728, #1434 ) ;
#683 = CARTESIAN_POINT ( 'NONE',  ( -3.735000000000001652, 8.624999999999996447, 0.5699999999999999512 ) ) ;
#684 = PLANE ( 'NONE',  #385 ) ;
#685 = AXIS2_PLACEMENT_3D ( 'NONE', #432, #299, #568 ) ;
#686 = EDGE_CURVE ( 'NONE', #208, #500, #1128, .T. ) ;
#687 = ORIENTED_EDGE ( 'NONE', *, *, #1534, .F. ) ;
#688 = CYLINDRICAL_SURFACE ( 'NONE', #739, 0.1560000000000004716 ) ;
#689 = AXIS2_PLACEMENT_3D ( 'NONE', #528, #505, #162 ) ;
#690 = LINE ( 'NONE', #909, #488 ) ;
#691 = CARTESIAN_POINT ( 'NONE',  ( -3.734999999999999432, -9.499999999999998224, -0.05999999999999999778 ) ) ;
#692 = LINE ( 'NONE', #683, #1468 ) ;
#693 = CARTESIAN_POINT ( 'NONE',  ( -3.614999999999999769, -8.624999999999996447, 0.05999999999999898470 ) ) ;
#694 = ORIENTED_EDGE ( 'NONE', *, *, #1252, .T. ) ;
#695 = VERTEX_POINT ( 'NONE', #1361 ) ;
#696 = EDGE_CURVE ( 'NONE', #269, #378, #622, .T. ) ;
#697 = CARTESIAN_POINT ( 'NONE',  ( -3.614999999999999769, -8.624999999999996447, 0.05999999999999898470 ) ) ;
#698 = CARTESIAN_POINT ( 'NONE',  ( 1.099000000000000199, -9.125000000000000000, 0.000000000000000000 ) ) ;
#699 = LINE ( 'NONE', #930, #1314 ) ;
#700 = DIRECTION ( 'NONE',  ( -0.000000000000000000, -0.000000000000000000, 1.000000000000000000 ) ) ;
#701 = ORIENTED_EDGE ( 'NONE', *, *, #809, .F. ) ;
#702 = VERTEX_POINT ( 'NONE', #1005 ) ;
#703 = CARTESIAN_POINT ( 'NONE',  ( -3.614999999999999769, -8.624999999999996447, -9.219986978616888116E-16 ) ) ;
#704 = EDGE_CURVE ( 'NONE', #600, #1157, #155, .T. ) ;
#705 = CARTESIAN_POINT ( 'NONE',  ( 3.735000000000002540, 8.624999999999998224, 0.5699999999999999512 ) ) ;
#706 = ADVANCED_FACE ( 'NONE', ( #1375 ), #1525, .T. ) ;
#707 = CARTESIAN_POINT ( 'NONE',  ( 3.615000000000000657, 8.624999999999998224, 1.118350272406307847E-15 ) ) ;
#708 = AXIS2_PLACEMENT_3D ( 'NONE', #1099, #1593, #1453 ) ;
#709 = DIRECTION ( 'NONE',  ( -0.000000000000000000, 1.000000000000000000, 0.000000000000000000 ) ) ;
#710 = DIRECTION ( 'NONE',  ( 0.000000000000000000, -7.114187483500697174E-17, 1.000000000000000000 ) ) ;
#711 = VERTEX_POINT ( 'NONE', #449 ) ;
#712 = ORIENTED_EDGE ( 'NONE', *, *, #195, .T. ) ;
#713 = FACE_OUTER_BOUND ( 'NONE', #501, .T. ) ;
#714 = VECTOR ( 'NONE', #726, 39.37007874015748143 ) ;
#715 = DIRECTION ( 'NONE',  ( -1.000000000000000000, 0.000000000000000000, -3.841661241090376129E-15 ) ) ;
#716 = CIRCLE ( 'NONE', #914, 0.05999999999999991451 ) ;
#717 = CARTESIAN_POINT ( 'NONE',  ( -3.594999999999999307, 9.125000000000000000, -0.06000000000000092759 ) ) ;
#718 = EDGE_CURVE ( 'NONE', #1262, #408, #1056, .T. ) ;
#719 = VECTOR ( 'NONE', #1059, 39.37007874015748143 ) ;
#720 = DIRECTION ( 'NONE',  ( 1.000000000000000000, 0.000000000000000000, 0.000000000000000000 ) ) ;
#721 = ORIENTED_EDGE ( 'NONE', *, *, #767, .T. ) ;
#722 = LINE ( 'NONE', #1218, #912 ) ;
#723 = CARTESIAN_POINT ( 'NONE',  ( 3.735000000000000320, -9.499999999999998224, -0.05999999999999999778 ) ) ;
#724 = DIRECTION ( 'NONE',  ( 0.000000000000000000, 0.000000000000000000, 1.000000000000000000 ) ) ;
#725 = ORIENTED_EDGE ( 'NONE', *, *, #1162, .T. ) ;
#726 = DIRECTION ( 'NONE',  ( 1.000000000000000000, 0.000000000000000000, -3.935570548693196760E-15 ) ) ;
#727 = VERTEX_POINT ( 'NONE', #59 ) ;
#728 = DIRECTION ( 'NONE',  ( -0.000000000000000000, -0.000000000000000000, 1.000000000000000000 ) ) ;
#729 = CARTESIAN_POINT ( 'NONE',  ( -3.735000000000001652, -8.624999999999996447, 0.5699999999999999512 ) ) ;
#730 = EDGE_LOOP ( 'NONE', ( #1596, #785, #607, #139 ) ) ;
#731 = CARTESIAN_POINT ( 'NONE',  ( -3.614999999999999769, -8.624999999999996447, -9.219986978616888116E-16 ) ) ;
#732 = VECTOR ( 'NONE', #1351, 39.37007874015748143 ) ;
#733 = EDGE_CURVE ( 'NONE', #208, #1242, #1169, .T. ) ;
#734 = AXIS2_PLACEMENT_3D ( 'NONE', #148, #639, #1132 ) ;
#735 = ORIENTED_EDGE ( 'NONE', *, *, #1118, .F. ) ;
#736 = VECTOR ( 'NONE', #1542, 39.37007874015748143 ) ;
#737 = DIRECTION ( 'NONE',  ( 1.000000000000000000, 0.000000000000000000, 0.000000000000000000 ) ) ;
#738 = VECTOR ( 'NONE', #12, 39.37007874015748143 ) ;
#739 = AXIS2_PLACEMENT_3D ( 'NONE', #777, #917, #1545 ) ;
#740 = ORIENTED_EDGE ( 'NONE', *, *, #1221, .T. ) ;
#741 = DIRECTION ( 'NONE',  ( 0.000000000000000000, 0.000000000000000000, 1.000000000000000000 ) ) ;
#742 = EDGE_LOOP ( 'NONE', ( #442, #1254, #1286, #242 ) ) ;
#743 = CARTESIAN_POINT ( 'NONE',  ( -3.608999999999999542, 8.624999999999996447, -0.05999999999999999778 ) ) ;
#744 = DIRECTION ( 'NONE',  ( -1.000000000000000000, 0.000000000000000000, 0.000000000000000000 ) ) ;
#745 = ORIENTED_EDGE ( 'NONE', *, *, #79, .T. ) ;
#746 = CARTESIAN_POINT ( 'NONE',  ( 3.735000000000000320, -9.499999999999998224, 0.000000000000000000 ) ) ;
#747 = ORIENTED_EDGE ( 'NONE', *, *, #767, .F. ) ;
#748 = CARTESIAN_POINT ( 'NONE',  ( 3.735000000000000320, 9.280177317930165870, -0.06000000000000092759 ) ) ;
#749 = LINE ( 'NONE', #766, #972 ) ;
#750 = EDGE_CURVE ( 'NONE', #1076, #1198, #1531, .T. ) ;
#751 = ORIENTED_EDGE ( 'NONE', *, *, #1269, .T. ) ;
#752 = LINE ( 'NONE', #26, #661 ) ;
#753 = ORIENTED_EDGE ( 'NONE', *, *, #467, .T. ) ;
#754 = DIRECTION ( 'NONE',  ( 0.000000000000000000, -1.000000000000000000, -6.982962677686265922E-15 ) ) ;
#755 = VECTOR ( 'NONE', #1373, 39.37007874015748143 ) ;
#756 = DIRECTION ( 'NONE',  ( 0.000000000000000000, 0.000000000000000000, 1.000000000000000000 ) ) ;
#757 = VECTOR ( 'NONE', #811, 39.37007874015748143 ) ;
#758 = ADVANCED_FACE ( 'NONE', ( #802 ), #684, .T. ) ;
#759 = AXIS2_PLACEMENT_3D ( 'NONE', #213, #1073, #1178 ) ;
#760 = ADVANCED_FACE ( 'NONE', ( #671 ), #1147, .F. ) ;
#761 = ORIENTED_EDGE ( 'NONE', *, *, #1316, .T. ) ;
#762 = DIRECTION ( 'NONE',  ( -3.075311303959650122E-30, 1.000000000000000000, 6.982962677686265922E-15 ) ) ;
#763 = EDGE_LOOP ( 'NONE', ( #995, #1429, #1067, #1486 ) ) ;
#764 = EDGE_CURVE ( 'NONE', #508, #645, #663, .T. ) ;
#765 = DIRECTION ( 'NONE',  ( -1.000000000000000000, 0.000000000000000000, 0.000000000000000000 ) ) ;
#766 = CARTESIAN_POINT ( 'NONE',  ( -7.350372516316355755E-29, 8.630999999999996675, -0.05999999999999999778 ) ) ;
#767 = EDGE_CURVE ( 'NONE', #702, #1121, #1518, .T. ) ;
#768 = ORIENTED_EDGE ( 'NONE', *, *, #852, .F. ) ;
#769 = DIRECTION ( 'NONE',  ( 0.000000000000000000, 6.982962677686265922E-15, -1.000000000000000000 ) ) ;
#770 = ADVANCED_FACE ( 'NONE', ( #416 ), #308, .F. ) ;
#771 = EDGE_LOOP ( 'NONE', ( #598, #814, #1142, #1544 ) ) ;
#772 = CARTESIAN_POINT ( 'NONE',  ( -3.734999999999999432, -9.280177317930165870, -0.06000000000000092759 ) ) ;
#773 = CARTESIAN_POINT ( 'NONE',  ( -3.750999999999999446, 9.125000000000000000, 0.000000000000000000 ) ) ;
#774 = ORIENTED_EDGE ( 'NONE', *, *, #1602, .T. ) ;
#775 = DIRECTION ( 'NONE',  ( -0.000000000000000000, -0.000000000000000000, 1.000000000000000000 ) ) ;
#776 = VERTEX_POINT ( 'NONE', #555 ) ;
#777 = CARTESIAN_POINT ( 'NONE',  ( 1.255000000000000782, -9.125000000000000000, -0.05999999999999999778 ) ) ;
#778 = ADVANCED_FACE ( 'NONE', ( #440 ), #1180, .F. ) ;
#779 = LINE ( 'NONE', #1279, #43 ) ;
#780 = VECTOR ( 'NONE', #306, 39.37007874015748143 ) ;
#781 = LINE ( 'NONE', #1053, #538 ) ;
#782 = DIRECTION ( 'NONE',  ( 0.000000000000000000, -6.982962677686265922E-15, 1.000000000000000000 ) ) ;
#783 = AXIS2_PLACEMENT_3D ( 'NONE', #70, #329, #319 ) ;
#784 = AXIS2_PLACEMENT_3D ( 'NONE', #324, #167, #52 ) ;
#785 = ORIENTED_EDGE ( 'NONE', *, *, #1405, .F. ) ;
#786 = CYLINDRICAL_SURFACE ( 'NONE', #813, 0.1199999999999998151 ) ;
#787 = ORIENTED_EDGE ( 'NONE', *, *, #1125, .F. ) ;
#788 = CARTESIAN_POINT ( 'NONE',  ( 3.735000000000000320, -9.499999999999998224, -0.05999999999999999778 ) ) ;
#789 = DIRECTION ( 'NONE',  ( 0.000000000000000000, 1.000000000000000000, 0.000000000000000000 ) ) ;
#790 = EDGE_CURVE ( 'NONE', #570, #605, #290, .T. ) ;
#791 = DIRECTION ( 'NONE',  ( 0.000000000000000000, 0.000000000000000000, 1.000000000000000000 ) ) ;
#792 = VECTOR ( 'NONE', #1151, 39.37007874015748143 ) ;
#793 = CARTESIAN_POINT ( 'NONE',  ( 3.735000000000000320, -9.280177317930156988, -0.06000000000000092759 ) ) ;
#794 = ORIENTED_EDGE ( 'NONE', *, *, #187, .F. ) ;
#795 = FACE_OUTER_BOUND ( 'NONE', #119, .T. ) ;
#796 = EDGE_LOOP ( 'NONE', ( #307, #745, #1460, #277 ) ) ;
#797 = DIRECTION ( 'NONE',  ( 1.000000000000000000, 0.000000000000000000, 0.000000000000000000 ) ) ;
#798 = CARTESIAN_POINT ( 'NONE',  ( 3.735000000000000320, -8.624999999999998224, 0.05999999999999966471 ) ) ;
#799 = DIRECTION ( 'NONE',  ( 8.516246687888261445E-30, -1.000000000000000000, -6.982962677686265922E-15 ) ) ;
#800 = EDGE_CURVE ( 'NONE', #1159, #1267, #422, .T. ) ;
#801 = LINE ( 'NONE', #575, #494 ) ;
#802 = FACE_OUTER_BOUND ( 'NONE', #109, .T. ) ;
#803 = ORIENTED_EDGE ( 'NONE', *, *, #1546, .T. ) ;
#804 = ORIENTED_EDGE ( 'NONE', *, *, #312, .F. ) ;
#805 = CARTESIAN_POINT ( 'NONE',  ( -3.608999999999999542, 8.630999999999996675, 3.073328992872296367E-16 ) ) ;
#806 = CARTESIAN_POINT ( 'NONE',  ( 1.411000000000001142, -9.125000000000000000, -0.05999999999999999778 ) ) ;
#807 = AXIS2_PLACEMENT_3D ( 'NONE', #335, #720, #1467 ) ;
#808 = AXIS2_PLACEMENT_3D ( 'NONE', #273, #744, #756 ) ;
#809 = EDGE_CURVE ( 'NONE', #904, #369, #276, .T. ) ;
#810 = CARTESIAN_POINT ( 'NONE',  ( 3.615000000000000657, 8.624999999999998224, -0.05999999999999888756 ) ) ;
#811 = DIRECTION ( 'NONE',  ( 1.000000000000000000, -2.554874006366478854E-29, 0.000000000000000000 ) ) ;
#812 = VECTOR ( 'NONE', #110, 39.37007874015748143 ) ;
#813 = AXIS2_PLACEMENT_3D ( 'NONE', #1296, #1287, #182 ) ;
#814 = ORIENTED_EDGE ( 'NONE', *, *, #38, .F. ) ;
#815 = LINE ( 'NONE', #564, #492 ) ;
#816 = AXIS2_PLACEMENT_3D ( 'NONE', #381, #1000, #411 ) ;
#817 = DIRECTION ( 'NONE',  ( 1.000000000000000000, 0.000000000000000000, 0.000000000000000000 ) ) ;
#818 = DIRECTION ( 'NONE',  ( -0.000000000000000000, -0.000000000000000000, 1.000000000000000000 ) ) ;
#819 = CARTESIAN_POINT ( 'NONE',  ( -3.614999999999999769, -8.624999999999996447, -0.06000000000000092759 ) ) ;
#820 = LINE ( 'NONE', #485, #970 ) ;
#821 = ADVANCED_FACE ( 'NONE', ( #795 ), #786, .T. ) ;
#822 = EDGE_LOOP ( 'NONE', ( #1386, #652, #1246, #1479 ) ) ;
#823 = ORIENTED_EDGE ( 'NONE', *, *, #833, .T. ) ;
#824 = LINE ( 'NONE', #241, #1131 ) ;
#825 = EDGE_CURVE ( 'NONE', #1217, #1267, #189, .T. ) ;
#826 = DIRECTION ( 'NONE',  ( 0.000000000000000000, 0.000000000000000000, 1.000000000000000000 ) ) ;
#827 = LINE ( 'NONE', #342, #39 ) ;
#828 = CARTESIAN_POINT ( 'NONE',  ( 3.735000000000000320, -9.280177317930156988, 0.000000000000000000 ) ) ;
#829 = FACE_OUTER_BOUND ( 'NONE', #662, .T. ) ;
#830 = ORIENTED_EDGE ( 'NONE', *, *, #905, .F. ) ;
#831 = ORIENTED_EDGE ( 'NONE', *, *, #1116, .F. ) ;
#832 = PLANE ( 'NONE',  #360 ) ;
#833 = EDGE_CURVE ( 'NONE', #216, #451, #561, .T. ) ;
#834 = ORIENTED_EDGE ( 'NONE', *, *, #594, .T. ) ;
#835 = CARTESIAN_POINT ( 'NONE',  ( -3.750999999999999446, -9.124999999999998224, -0.06000000000000092759 ) ) ;
#836 = CARTESIAN_POINT ( 'NONE',  ( 3.735000000000000320, -8.624999999999998224, 0.05999999999999933165 ) ) ;
#837 = AXIS2_PLACEMENT_3D ( 'NONE', #113, #214, #239 ) ;
#838 = CARTESIAN_POINT ( 'NONE',  ( -3.734999999999999432, 8.624999999999996447, -2.094888803305899932E-16 ) ) ;
#839 = CARTESIAN_POINT ( 'NONE',  ( -3.734999999999999432, -8.630999999999996675, -4.609993489308444058E-16 ) ) ;
#840 = ORIENTED_EDGE ( 'NONE', *, *, #170, .T. ) ;
#841 = AXIS2_PLACEMENT_3D ( 'NONE', #850, #1350, #817 ) ;
#842 = LINE ( 'NONE', #235, #1075 ) ;
#843 = CARTESIAN_POINT ( 'NONE',  ( -3.734999999999999432, 9.500000000000000000, 0.000000000000000000 ) ) ;
#844 = FACE_OUTER_BOUND ( 'NONE', #410, .T. ) ;
#845 = AXIS2_PLACEMENT_3D ( 'NONE', #899, #1553, #797 ) ;
#846 = CARTESIAN_POINT ( 'NONE',  ( -3.734999999999999432, 8.969822682069834130, 0.000000000000000000 ) ) ;
#847 = EDGE_LOOP ( 'NONE', ( #353, #271, #670, #1190 ) ) ;
#848 = DIRECTION ( 'NONE',  ( 2.428840994005581882E-31, -1.000000000000000000, -6.334719985308440146E-17 ) ) ;
#849 = EDGE_LOOP ( 'NONE', ( #998, #1093, #902, #503 ) ) ;
#850 = CARTESIAN_POINT ( 'NONE',  ( -1.254999999999999671, 9.124999999999998224, -0.05999999999999999778 ) ) ;
#851 = PLANE ( 'NONE',  #250 ) ;
#852 = EDGE_CURVE ( 'NONE', #932, #486, #922, .T. ) ;
#853 = ORIENTED_EDGE ( 'NONE', *, *, #1462, .F. ) ;
#854 = LINE ( 'NONE', #94, #1104 ) ;
#855 = EDGE_LOOP ( 'NONE', ( #34, #387, #1494, #286 ) ) ;
#856 =( NAMED_UNIT ( * ) SI_UNIT ( $, .STERADIAN. ) SOLID_ANGLE_UNIT ( ) );
#857 = LINE ( 'NONE', #1357, #941 ) ;
#858 = EDGE_CURVE ( 'NONE', #246, #1149, #590, .T. ) ;
#859 = VECTOR ( 'NONE', #818, 39.37007874015748143 ) ;
#860 = EDGE_LOOP ( 'NONE', ( #1112, #1087, #371, #302 ) ) ;
#861 = LINE ( 'NONE', #285, #1362 ) ;
#862 = CIRCLE ( 'NONE', #1150, 0.1560000000000001941 ) ;
#863 = EDGE_LOOP ( 'NONE', ( #40, #1106, #181, #649 ) ) ;
#864 = DIRECTION ( 'NONE',  ( -0.000000000000000000, -1.000000000000000000, -7.114187483500697174E-17 ) ) ;
#865 = VECTOR ( 'NONE', #197, 39.37007874015748143 ) ;
#866 = LINE ( 'NONE', #648, #755 ) ;
#867 = VECTOR ( 'NONE', #921, 39.37007874015748143 ) ;
#868 = ORIENTED_EDGE ( 'NONE', *, *, #1181, .T. ) ;
#869 = DIRECTION ( 'NONE',  ( 1.000000000000000000, 0.000000000000000000, 0.000000000000000000 ) ) ;
#870 = ORIENTED_EDGE ( 'NONE', *, *, #88, .F. ) ;
#871 = APPLICATION_PROTOCOL_DEFINITION ( 'draft international standard', 'automotive_design', 1998, #1100 ) ;
#872 = LINE ( 'NONE', #1130, #1133 ) ;
#873 = ADVANCED_FACE ( 'NONE', ( #459 ), #597, .T. ) ;
#874 = PLANE ( 'NONE',  #96 ) ;
#875 = ORIENTED_EDGE ( 'NONE', *, *, #1072, .F. ) ;
#876 = CARTESIAN_POINT ( 'NONE',  ( 3.735000000000000320, -9.499999999999998224, -0.05999999999999999778 ) ) ;
#877 = EDGE_LOOP ( 'NONE', ( #701, #1334 ) ) ;
#878 = PLANE ( 'NONE',  #128 ) ;
#879 = ADVANCED_FACE ( 'NONE', ( #829 ), #1440, .F. ) ;
#880 = CARTESIAN_POINT ( 'NONE',  ( 0.000000000000000000, 0.000000000000000000, 0.000000000000000000 ) ) ;
#881 = EDGE_LOOP ( 'NONE', ( #747, #787, #753, #740 ) ) ;
#882 = DIRECTION ( 'NONE',  ( 0.000000000000000000, -6.982962677686265922E-15, 1.000000000000000000 ) ) ;
#883 = ORIENTED_EDGE ( 'NONE', *, *, #1251, .T. ) ;
#884 = LINE ( 'NONE', #624, #619 ) ;
#885 = VECTOR ( 'NONE', #193, 39.37007874015748143 ) ;
#886 = DIRECTION ( 'NONE',  ( 0.000000000000000000, 0.000000000000000000, -1.000000000000000000 ) ) ;
#887 =( GEOMETRIC_REPRESENTATION_CONTEXT ( 3 ) GLOBAL_UNCERTAINTY_ASSIGNED_CONTEXT ( ( #165 ) ) GLOBAL_UNIT_ASSIGNED_CONTEXT ( ( #511, #999, #856 ) ) REPRESENTATION_CONTEXT ( 'NONE', 'WORKASPACE' ) );
#888 = ADVANCED_FACE ( 'NONE', ( #945 ), #1340, .T. ) ;
#889 = VECTOR ( 'NONE', #120, 39.37007874015748143 ) ;
#890 = ORIENTED_EDGE ( 'NONE', *, *, #1487, .T. ) ;
#891 = DIRECTION ( 'NONE',  ( -0.000000000000000000, 0.000000000000000000, 1.000000000000000000 ) ) ;
#892 = VERTEX_POINT ( 'NONE', #361 ) ;
#893 = CARTESIAN_POINT ( 'NONE',  ( -3.734999999999999432, 8.969822682069834130, -0.06000000000000092759 ) ) ;
#894 = DIRECTION ( 'NONE',  ( 0.000000000000000000, 6.982962677686265922E-15, -1.000000000000000000 ) ) ;
#895 = EDGE_CURVE ( 'NONE', #424, #1159, #1447, .T. ) ;
#896 = CARTESIAN_POINT ( 'NONE',  ( -3.734999999999999432, -9.280177317930165870, 0.000000000000000000 ) ) ;
#897 = DIRECTION ( 'NONE',  ( 0.000000000000000000, 1.000000000000000000, 0.000000000000000000 ) ) ;
#898 = EDGE_LOOP ( 'NONE', ( #2, #1324, #1349, #1058 ) ) ;
#899 = CARTESIAN_POINT ( 'NONE',  ( 1.255000000000000782, -9.125000000000000000, -0.05999999999999999778 ) ) ;
#900 =( NAMED_UNIT ( * ) SI_UNIT ( $, .STERADIAN. ) SOLID_ANGLE_UNIT ( ) );
#901 = DIRECTION ( 'NONE',  ( 1.000000000000000000, 0.000000000000000000, 0.000000000000000000 ) ) ;
#902 = ORIENTED_EDGE ( 'NONE', *, *, #928, .T. ) ;
#903 = DIRECTION ( 'NONE',  ( -1.000000000000000000, -0.000000000000000000, -3.935570548693195971E-15 ) ) ;
#904 = VERTEX_POINT ( 'NONE', #1586 ) ;
#905 = EDGE_CURVE ( 'NONE', #623, #932, #820, .T. ) ;
#906 = CARTESIAN_POINT ( 'NONE',  ( 3.675000000000000711, 8.624999999999998224, 0.06000000000000079575 ) ) ;
#907 = CARTESIAN_POINT ( 'NONE',  ( 3.735000000000000320, -8.630999999999998451, -0.05999999999999999778 ) ) ;
#908 = VECTOR ( 'NONE', #1603, 39.37007874015748143 ) ;
#909 = CARTESIAN_POINT ( 'NONE',  ( 3.615000000000000657, 8.624999999999998224, 1.118350272406307847E-15 ) ) ;
#910 = VECTOR ( 'NONE', #1575, 39.37007874015748143 ) ;
#911 = DIRECTION ( 'NONE',  ( -3.834172622686684388E-15, -0.000000000000000000, -1.000000000000000000 ) ) ;
#912 = VECTOR ( 'NONE', #1078, 39.37007874015748143 ) ;
#913 = VERTEX_POINT ( 'NONE', #344 ) ;
#914 = AXIS2_PLACEMENT_3D ( 'NONE', #157, #864, #1365 ) ;
#915 = CARTESIAN_POINT ( 'NONE',  ( -3.734999999999999432, 8.630999999999996675, 1.536664496436148184E-16 ) ) ;
#916 = ORIENTED_EDGE ( 'NONE', *, *, #1039, .F. ) ;
#917 = DIRECTION ( 'NONE',  ( 0.000000000000000000, 0.000000000000000000, 1.000000000000000000 ) ) ;
#918 = ADVANCED_FACE ( 'NONE', ( #1322 ), #603, .F. ) ;
#919 = DIRECTION ( 'NONE',  ( 0.000000000000000000, 6.982962677686265922E-15, -1.000000000000000000 ) ) ;
#920 = LINE ( 'NONE', #1161, #938 ) ;
#921 = DIRECTION ( 'NONE',  ( -0.000000000000000000, 1.000000000000000000, 7.114187483500697174E-17 ) ) ;
#922 = LINE ( 'NONE', #1419, #46 ) ;
#923 = VERTEX_POINT ( 'NONE', #469 ) ;
#924 = EDGE_LOOP ( 'NONE', ( #122, #544 ) ) ;
#925 = FACE_OUTER_BOUND ( 'NONE', #1222, .T. ) ;
#926 = VERTEX_POINT ( 'NONE', #846 ) ;
#927 = DIRECTION ( 'NONE',  ( -3.491481338843134539E-15, 0.000000000000000000, -1.000000000000000000 ) ) ;
#928 = EDGE_CURVE ( 'NONE', #25, #67, #1196, .T. ) ;
#929 = CARTESIAN_POINT ( 'NONE',  ( -3.734999999999999432, -8.624999999999996447, -1.453012362606535159E-14 ) ) ;
#930 = CARTESIAN_POINT ( 'NONE',  ( 3.735000000000000320, -9.499999999999998224, 0.000000000000000000 ) ) ;
#931 = DIRECTION ( 'NONE',  ( 0.000000000000000000, 7.114187483500697174E-17, -1.000000000000000000 ) ) ;
#932 = VERTEX_POINT ( 'NONE', #1074 ) ;
#933 = ORIENTED_EDGE ( 'NONE', *, *, #750, .T. ) ;
#934 = PLANE ( 'NONE',  #1003 ) ;
#935 = FACE_OUTER_BOUND ( 'NONE', #849, .T. ) ;
#936 = ADVANCED_BREP_SHAPE_REPRESENTATION ( '12-6010-04-(16gacr ANSI-61) - K48 - V11-R0', ( #1411, #1205 ), #887 ) ;
#937 = CARTESIAN_POINT ( 'NONE',  ( -3.614999999999999769, 8.624999999999996447, -0.05999999999999999778 ) ) ;
#938 = VECTOR ( 'NONE', #1548, 39.37007874015748143 ) ;
#939 = DIRECTION ( 'NONE',  ( 0.000000000000000000, -1.000000000000000000, -7.114187483500697174E-17 ) ) ;
#940 = ADVANCED_FACE ( 'NONE', ( #1570 ), #1346, .F. ) ;
#941 = VECTOR ( 'NONE', #350, 39.37007874015748143 ) ;
#942 = AXIS2_PLACEMENT_3D ( 'NONE', #1080, #1584, #236 ) ;
#943 = EDGE_CURVE ( 'NONE', #106, #1198, #223, .T. ) ;
#944 = DIRECTION ( 'NONE',  ( 0.000000000000000000, 6.982962677686265922E-15, -1.000000000000000000 ) ) ;
#945 = FACE_OUTER_BOUND ( 'NONE', #292, .T. ) ;
#946 = VECTOR ( 'NONE', #376, 39.37007874015748143 ) ;
#947 = ORIENTED_EDGE ( 'NONE', *, *, #27, .T. ) ;
#948 = CARTESIAN_POINT ( 'NONE',  ( -3.608999999999999542, 8.630999999999996675, -0.05999999999999999778 ) ) ;
#949 = VECTOR ( 'NONE', #584, 39.37007874015748143 ) ;
#950 = CARTESIAN_POINT ( 'NONE',  ( -3.735000000000001652, 8.624999999999996447, 0.5699999999999999512 ) ) ;
#951 = CARTESIAN_POINT ( 'NONE',  ( -3.675000000000001599, 8.624999999999996447, 0.5700000000000001732 ) ) ;
#952 = UNCERTAINTY_MEASURE_WITH_UNIT (LENGTH_MEASURE( 1.000000000000000082E-05 ), #1424, 'distance_accuracy_value', 'NONE');
#953 = LINE ( 'NONE', #1084, #279 ) ;
#954 = DIRECTION ( 'NONE',  ( -0.000000000000000000, -1.000000000000000000, -7.114187483500697174E-17 ) ) ;
#955 = EDGE_CURVE ( 'NONE', #629, #345, #1578, .T. ) ;
#956 = ORIENTED_EDGE ( 'NONE', *, *, #312, .T. ) ;
#957 = EDGE_LOOP ( 'NONE', ( #1049, #259, #569, #234 ) ) ;
#958 = DIRECTION ( 'NONE',  ( 3.834172622686684388E-15, 0.000000000000000000, 1.000000000000000000 ) ) ;
#959 = CYLINDRICAL_SURFACE ( 'NONE', #1535, 0.05999999999999990757 ) ;
#960 = DIRECTION ( 'NONE',  ( 0.000000000000000000, 6.982962677686265922E-15, -1.000000000000000000 ) ) ;
#961 = DIRECTION ( 'NONE',  ( -0.000000000000000000, -1.000000000000000000, -7.114187483500697174E-17 ) ) ;
#962 = CARTESIAN_POINT ( 'NONE',  ( 3.609000000000000874, 8.624999999999998224, 1.118350272406307847E-15 ) ) ;
#963 = ORIENTED_EDGE ( 'NONE', *, *, #1379, .T. ) ;
#964 = ORIENTED_EDGE ( 'NONE', *, *, #66, .T. ) ;
#965 = ADVANCED_FACE ( 'NONE', ( #576 ), #352, .T. ) ;
#966 = PLANE ( 'NONE',  #434 ) ;
#967 = VERTEX_POINT ( 'NONE', #1320 ) ;
#968 = CARTESIAN_POINT ( 'NONE',  ( 1.099000000000000199, -9.125000000000000000, -0.05999999999999999778 ) ) ;
#969 = DIRECTION ( 'NONE',  ( -0.000000000000000000, 1.000000000000000000, -0.000000000000000000 ) ) ;
#970 = VECTOR ( 'NONE', #1315, 39.37007874015748143 ) ;
#971 = DIRECTION ( 'NONE',  ( 1.000000000000000000, 0.000000000000000000, 0.000000000000000000 ) ) ;
#972 = VECTOR ( 'NONE', #1021, 39.37007874015748143 ) ;
#973 = ORIENTED_EDGE ( 'NONE', *, *, #1215, .T. ) ;
#974 = ORIENTED_EDGE ( 'NONE', *, *, #1523, .F. ) ;
#975 = CYLINDRICAL_SURFACE ( 'NONE', #1485, 0.1560000000000001941 ) ;
#976 = VECTOR ( 'NONE', #775, 39.37007874015748143 ) ;
#977 = ORIENTED_EDGE ( 'NONE', *, *, #539, .F. ) ;
#978 = DIRECTION ( 'NONE',  ( 0.000000000000000000, 1.000000000000000000, 0.000000000000000000 ) ) ;
#979 = ADVANCED_FACE ( 'NONE', ( #194 ), #56, .F. ) ;
#980 = DIRECTION ( 'NONE',  ( 1.000000000000000000, 3.075311303959650122E-30, 0.000000000000000000 ) ) ;
#981 = ORIENTED_EDGE ( 'NONE', *, *, #1394, .T. ) ;
#982 = DIRECTION ( 'NONE',  ( 0.000000000000000000, 0.000000000000000000, 1.000000000000000000 ) ) ;
#983 = ORIENTED_EDGE ( 'NONE', *, *, #322, .T. ) ;
#984 = DIRECTION ( 'NONE',  ( 0.000000000000000000, 6.982962677686265922E-15, -1.000000000000000000 ) ) ;
#985 = EDGE_CURVE ( 'NONE', #702, #1469, #920, .T. ) ;
#986 = EDGE_CURVE ( 'NONE', #1511, #1267, #1166, .T. ) ;
#987 = VERTEX_POINT ( 'NONE', #212 ) ;
#988 = CARTESIAN_POINT ( 'NONE',  ( 1.255000000000000782, -9.125000000000000000, 0.000000000000000000 ) ) ;
#989 = VERTEX_POINT ( 'NONE', #806 ) ;
#990 = DIRECTION ( 'NONE',  ( -1.000000000000000000, 0.000000000000000000, 0.000000000000000000 ) ) ;
#991 = CARTESIAN_POINT ( 'NONE',  ( 3.735000000000000320, -9.499999999999998224, 0.000000000000000000 ) ) ;
#992 = EDGE_CURVE ( 'NONE', #1318, #31, #455, .T. ) ;
#993 = CIRCLE ( 'NONE', #325, 0.1560000000000001941 ) ;
#994 = EDGE_CURVE ( 'NONE', #926, #1262, #1043, .T. ) ;
#995 = ORIENTED_EDGE ( 'NONE', *, *, #1109, .T. ) ;
#996 = DIRECTION ( 'NONE',  ( -0.000000000000000000, 1.000000000000000000, 7.114187483500697174E-17 ) ) ;
#997 = VECTOR ( 'NONE', #1299, 39.37007874015748143 ) ;
#998 = ORIENTED_EDGE ( 'NONE', *, *, #178, .F. ) ;
#999 =( NAMED_UNIT ( * ) PLANE_ANGLE_UNIT ( ) SI_UNIT ( $, .RADIAN. ) );
#1000 = DIRECTION ( 'NONE',  ( 0.000000000000000000, -1.000000000000000000, 0.000000000000000000 ) ) ;
#1001 = PLANE ( 'NONE',  #734 ) ;
#1002 = CIRCLE ( 'NONE', #1597, 0.1199999999999999123 ) ;
#1003 = AXIS2_PLACEMENT_3D ( 'NONE', #571, #176, #1415 ) ;
#1004 = ORIENTED_EDGE ( 'NONE', *, *, #764, .F. ) ;
#1005 = CARTESIAN_POINT ( 'NONE',  ( -3.734999999999999432, -8.630999999999996675, -0.05999999999999999778 ) ) ;
#1006 = EDGE_CURVE ( 'NONE', #1217, #727, #613, .T. ) ;
#1007 = ORIENTED_EDGE ( 'NONE', *, *, #413, .T. ) ;
#1008 = DIRECTION ( 'NONE',  ( -0.000000000000000000, 1.000000000000000000, 7.114187483500697174E-17 ) ) ;
#1009 = CARTESIAN_POINT ( 'NONE',  ( -3.734999999999999432, 9.500000000000000000, -0.05999999999999999778 ) ) ;
#1010 = ORIENTED_EDGE ( 'NONE', *, *, #1039, .T. ) ;
#1011 = CARTESIAN_POINT ( 'NONE',  ( 3.735000000000000320, -8.630999999999998451, -5.549066237130534971E-17 ) ) ;
#1012 = ORIENTED_EDGE ( 'NONE', *, *, #1352, .F. ) ;
#1013 = CARTESIAN_POINT ( 'NONE',  ( 3.675000000000002931, 8.624999999999998224, 0.5700000000000001732 ) ) ;
#1014 = PLANE ( 'NONE',  #1126 ) ;
#1015 = PRODUCT ( '12-6010-04-(16gacr ANSI-61) - K48 - V11-R0', '12-6010-04-(16gacr ANSI-61) - K48 - V11-R0', '', ( #646 ) ) ;
#1016 = ORIENTED_EDGE ( 'NONE', *, *, #986, .F. ) ;
#1017 = LINE ( 'NONE', #1141, #330 ) ;
#1018 = ORIENTED_EDGE ( 'NONE', *, *, #143, .T. ) ;
#1019 = CIRCLE ( 'NONE', #559, 0.1560000000000001941 ) ;
#1020 = DIRECTION ( 'NONE',  ( 1.000000000000000000, 0.000000000000000000, 0.000000000000000000 ) ) ;
#1021 = DIRECTION ( 'NONE',  ( -1.000000000000000000, -8.516246687888261445E-30, 0.000000000000000000 ) ) ;
#1022 = PRODUCT_DEFINITION_FORMATION_WITH_SPECIFIED_SOURCE ( 'ANY', '', #1015, .NOT_KNOWN. ) ;
#1023 = EDGE_CURVE ( 'NONE', #378, #394, #63, .T. ) ;
#1024 = ORIENTED_EDGE ( 'NONE', *, *, #389, .T. ) ;
#1025 = CARTESIAN_POINT ( 'NONE',  ( 3.615000000000000657, 8.624999999999998224, 0.06000000000000102474 ) ) ;
#1026 = AXIS2_PLACEMENT_3D ( 'NONE', #1422, #1520, #1527 ) ;
#1027 = ORIENTED_EDGE ( 'NONE', *, *, #1124, .T. ) ;
#1028 = PLANE ( 'NONE',  #390 ) ;
#1029 = CARTESIAN_POINT ( 'NONE',  ( 3.735000000000000320, 8.630999999999998451, 5.591751362031539237E-16 ) ) ;
#1030 = EDGE_CURVE ( 'NONE', #159, #904, #1409, .T. ) ;
#1031 = ORIENTED_EDGE ( 'NONE', *, *, #1282, .F. ) ;
#1032 = CARTESIAN_POINT ( 'NONE',  ( 3.735000000000000320, -8.969822682069821695, -0.06000000000000092759 ) ) ;
#1033 = ORIENTED_EDGE ( 'NONE', *, *, #1579, .T. ) ;
#1034 = FACE_OUTER_BOUND ( 'NONE', #1094, .T. ) ;
#1035 = DIRECTION ( 'NONE',  ( 1.000000000000000000, 0.000000000000000000, 0.000000000000000000 ) ) ;
#1036 = CARTESIAN_POINT ( 'NONE',  ( -3.734999999999999432, -9.499999999999998224, -0.05999999999999999778 ) ) ;
#1037 = ORIENTED_EDGE ( 'NONE', *, *, #141, .T. ) ;
#1038 = DIRECTION ( 'NONE',  ( 1.000000000000000000, 0.000000000000000000, 0.000000000000000000 ) ) ;
#1039 = EDGE_CURVE ( 'NONE', #208, #623, #552, .T. ) ;
#1040 = VERTEX_POINT ( 'NONE', #420 ) ;
#1041 = DIRECTION ( 'NONE',  ( 0.000000000000000000, -1.000000000000000000, 0.000000000000000000 ) ) ;
#1042 = CIRCLE ( 'NONE', #942, 0.1560000000000001941 ) ;
#1043 = LINE ( 'NONE', #1176, #380 ) ;
#1044 = AXIS2_PLACEMENT_3D ( 'NONE', #32, #264, #1495 ) ;
#1045 = CIRCLE ( 'NONE', #407, 0.05999999999999990757 ) ;
#1046 = DIRECTION ( 'NONE',  ( 0.000000000000000000, 0.000000000000000000, 1.000000000000000000 ) ) ;
#1047 = DIMENSIONAL_EXPONENTS ( 1.000000000000000000, 0.000000000000000000, 0.000000000000000000, 0.000000000000000000, 0.000000000000000000, 0.000000000000000000, 0.000000000000000000 ) ;
#1048 = CARTESIAN_POINT ( 'NONE',  ( -3.734999999999999432, -9.499999999999998224, 0.000000000000000000 ) ) ;
#1049 = ORIENTED_EDGE ( 'NONE', *, *, #943, .F. ) ;
#1050 = ADVANCED_FACE ( 'NONE', ( #1400 ), #669, .T. ) ;
#1051 = EDGE_CURVE ( 'NONE', #1217, #1129, #447, .T. ) ;
#1052 = ORIENTED_EDGE ( 'NONE', *, *, #1316, .F. ) ;
#1053 = CARTESIAN_POINT ( 'NONE',  ( -3.734999999999999432, 8.969822682069834130, -0.06000000000000092759 ) ) ;
#1054 = DIRECTION ( 'NONE',  ( 0.000000000000000000, 6.982962677686265922E-15, -1.000000000000000000 ) ) ;
#1055 = CARTESIAN_POINT ( 'NONE',  ( 3.675000000000002931, -8.624999999999998224, 0.5700000000000001732 ) ) ;
#1056 = LINE ( 'NONE', #915, #1408 ) ;
#1057 = ORIENTED_EDGE ( 'NONE', *, *, #1235, .F. ) ;
#1058 = ORIENTED_EDGE ( 'NONE', *, *, #547, .F. ) ;
#1059 = DIRECTION ( 'NONE',  ( 0.000000000000000000, -1.000000000000000000, 0.000000000000000000 ) ) ;
#1060 = EDGE_CURVE ( 'NONE', #1242, #1040, #1019, .T. ) ;
#1061 =( LENGTH_UNIT ( ) NAMED_UNIT ( * ) SI_UNIT ( $, .METRE. ) );
#1062 = EDGE_CURVE ( 'NONE', #53, #269, #428, .T. ) ;
#1063 = CARTESIAN_POINT ( 'NONE',  ( -3.750999999999999446, 9.125000000000000000, 0.000000000000000000 ) ) ;
#1064 = LINE ( 'NONE', #448, #949 ) ;
#1065 = DIRECTION ( 'NONE',  ( 2.554874006366478854E-29, 1.000000000000000000, 6.982962677686265922E-15 ) ) ;
#1066 = ORIENTED_EDGE ( 'NONE', *, *, #423, .F. ) ;
#1067 = ORIENTED_EDGE ( 'NONE', *, *, #696, .T. ) ;
#1068 = FACE_OUTER_BOUND ( 'NONE', #364, .T. ) ;
#1069 = DIRECTION ( 'NONE',  ( 1.000000000000000000, 0.000000000000000000, 0.000000000000000000 ) ) ;
#1070 = VECTOR ( 'NONE', #980, 39.37007874015748143 ) ;
#1071 = DIRECTION ( 'NONE',  ( -1.000000000000000000, 0.000000000000000000, 0.000000000000000000 ) ) ;
#1072 = EDGE_CURVE ( 'NONE', #215, #629, #204, .T. ) ;
#1073 = DIRECTION ( 'NONE',  ( -0.000000000000000000, 0.000000000000000000, 1.000000000000000000 ) ) ;
#1074 = CARTESIAN_POINT ( 'NONE',  ( 3.609000000000000874, 8.630999999999998451, -0.05999999999999999778 ) ) ;
#1075 = VECTOR ( 'NONE', #247, 39.37007874015748143 ) ;
#1076 = VERTEX_POINT ( 'NONE', #186 ) ;
#1077 = ORIENTED_EDGE ( 'NONE', *, *, #895, .F. ) ;
#1078 = DIRECTION ( 'NONE',  ( -0.000000000000000000, -0.000000000000000000, 1.000000000000000000 ) ) ;
#1079 = EDGE_LOOP ( 'NONE', ( #471, #460, #1304, #883, #655, #1481, #1248, #450, #687, #263, #1004, #794, #76, #1165, #823, #1364, #578, #391, #1288, #761, #1033, #1332, #85, #473, #1508, #375, #1347, #228, #916, #1134 ) ) ;
#1080 = CARTESIAN_POINT ( 'NONE',  ( -3.750999999999999446, -9.124999999999998224, -0.06000000000000092759 ) ) ;
#1081 = VECTOR ( 'NONE', #1306, 39.37007874015748143 ) ;
#1082 = DIRECTION ( 'NONE',  ( 0.000000000000000000, 0.000000000000000000, 1.000000000000000000 ) ) ;
#1083 = EDGE_CURVE ( 'NONE', #672, #987, #674, .T. ) ;
#1084 = CARTESIAN_POINT ( 'NONE',  ( -3.734999999999999432, -9.499999999999998224, -0.05999999999999999778 ) ) ;
#1085 = CARTESIAN_POINT ( 'NONE',  ( 3.751000000000002554, 9.125000000000000000, -0.06000000000000092759 ) ) ;
#1086 = ORIENTED_EDGE ( 'NONE', *, *, #1546, .F. ) ;
#1087 = ORIENTED_EDGE ( 'NONE', *, *, #1523, .T. ) ;
#1088 = FACE_BOUND ( 'NONE', #1380, .T. ) ;
#1089 = VERTEX_POINT ( 'NONE', #1538 ) ;
#1090 = DIRECTION ( 'NONE',  ( 0.000000000000000000, 1.000000000000000000, 7.114187483500697174E-17 ) ) ;
#1091 = FACE_OUTER_BOUND ( 'NONE', #847, .T. ) ;
#1092 = DIRECTION ( 'NONE',  ( 0.000000000000000000, -6.982962677686265922E-15, 1.000000000000000000 ) ) ;
#1093 = ORIENTED_EDGE ( 'NONE', *, *, #245, .F. ) ;
#1094 = EDGE_LOOP ( 'NONE', ( #870, #183, #166, #1018 ) ) ;
#1095 = DIRECTION ( 'NONE',  ( 1.000000000000000000, 0.000000000000000000, 0.000000000000000000 ) ) ;
#1096 = EDGE_CURVE ( 'NONE', #926, #18, #993, .T. ) ;
#1097 = ORIENTED_EDGE ( 'NONE', *, *, #764, .T. ) ;
#1098 = LINE ( 'NONE', #117, #252 ) ;
#1099 = CARTESIAN_POINT ( 'NONE',  ( -3.614999999999999769, -8.624999999999996447, 0.05999999999999898470 ) ) ;
#1100 = APPLICATION_CONTEXT ( 'automotive_design' ) ;
#1101 = AXIS2_PLACEMENT_3D ( 'NONE', #839, #1065, #782 ) ;
#1102 = ORIENTED_EDGE ( 'NONE', *, *, #1301, .T. ) ;
#1103 = DIRECTION ( 'NONE',  ( -1.000000000000000000, 3.098967544759339531E-29, 0.000000000000000000 ) ) ;
#1104 = VECTOR ( 'NONE', #982, 39.37007874015748143 ) ;
#1105 = ADVANCED_FACE ( 'NONE', ( #438 ), #1417, .T. ) ;
#1106 = ORIENTED_EDGE ( 'NONE', *, *, #1051, .T. ) ;
#1107 = DIRECTION ( 'NONE',  ( 0.000000000000000000, 0.000000000000000000, 1.000000000000000000 ) ) ;
#1108 = AXIS2_PLACEMENT_3D ( 'NONE', #1577, #468, #74 ) ;
#1109 = EDGE_CURVE ( 'NONE', #1360, #1076, #1338, .T. ) ;
#1110 = DIRECTION ( 'NONE',  ( 1.000000000000000000, 0.000000000000000000, 4.404020823119483171E-16 ) ) ;
#1111 = VERTEX_POINT ( 'NONE', #1344 ) ;
#1112 = ORIENTED_EDGE ( 'NONE', *, *, #660, .T. ) ;
#1113 = FACE_OUTER_BOUND ( 'NONE', #1560, .T. ) ;
#1114 = ORIENTED_EDGE ( 'NONE', *, *, #1051, .F. ) ;
#1115 = LINE ( 'NONE', #147, #1410 ) ;
#1116 = EDGE_CURVE ( 'NONE', #695, #541, #1203, .T. ) ;
#1117 = CARTESIAN_POINT ( 'NONE',  ( -3.734999999999999432, 8.624999999999996447, 0.05999999999999975492 ) ) ;
#1118 = EDGE_CURVE ( 'NONE', #987, #399, #99, .T. ) ;
#1119 = ORIENTED_EDGE ( 'NONE', *, *, #79, .F. ) ;
#1120 = LINE ( 'NONE', #3, #640 ) ;
#1121 = VERTEX_POINT ( 'NONE', #498 ) ;
#1122 = CARTESIAN_POINT ( 'NONE',  ( -3.734999999999999432, -8.630999999999996675, -4.609993489308444058E-16 ) ) ;
#1123 = DIRECTION ( 'NONE',  ( 0.000000000000000000, 0.000000000000000000, -1.000000000000000000 ) ) ;
#1124 = EDGE_CURVE ( 'NONE', #240, #1127, #857, .T. ) ;
#1125 = EDGE_CURVE ( 'NONE', #216, #702, #827, .T. ) ;
#1126 = AXIS2_PLACEMENT_3D ( 'NONE', #880, #383, #1378 ) ;
#1127 = VERTEX_POINT ( 'NONE', #836 ) ;
#1128 = LINE ( 'NONE', #634, #1312 ) ;
#1129 = VERTEX_POINT ( 'NONE', #729 ) ;
#1130 = CARTESIAN_POINT ( 'NONE',  ( 0.000000000000000000, -8.624999999999998224, -0.05999999999999999778 ) ) ;
#1131 = VECTOR ( 'NONE', #848, 39.37007874015748143 ) ;
#1132 = DIRECTION ( 'NONE',  ( 3.834172622686684388E-15, 0.000000000000000000, -1.000000000000000000 ) ) ;
#1133 = VECTOR ( 'NONE', #765, 39.37007874015748143 ) ;
#1134 = ORIENTED_EDGE ( 'NONE', *, *, #733, .T. ) ;
#1135 = CARTESIAN_POINT ( 'NONE',  ( -3.674999999999999822, -8.624999999999996447, 0.05999999999999881123 ) ) ;
#1136 = ORIENTED_EDGE ( 'NONE', *, *, #668, .F. ) ;
#1137 = DIRECTION ( 'NONE',  ( 1.000000000000000000, 0.000000000000000000, 0.000000000000000000 ) ) ;
#1138 = FACE_OUTER_BOUND ( 'NONE', #1583, .T. ) ;
#1139 = CARTESIAN_POINT ( 'NONE',  ( 3.735000000000000320, 8.630999999999998451, 5.591751362031539237E-16 ) ) ;
#1140 = ORIENTED_EDGE ( 'NONE', *, *, #955, .F. ) ;
#1141 = CARTESIAN_POINT ( 'NONE',  ( -3.734999999999999432, -9.499999999999998224, -0.05999999999999999778 ) ) ;
#1142 = ORIENTED_EDGE ( 'NONE', *, *, #187, .T. ) ;
#1143 = CARTESIAN_POINT ( 'NONE',  ( 3.735000000000000320, -9.499999999999998224, 0.000000000000000000 ) ) ;
#1144 = ADVANCED_FACE ( 'NONE', ( #844 ), #851, .T. ) ;
#1145 = CARTESIAN_POINT ( 'NONE',  ( 3.735000000000000320, -9.499999999999998224, -0.05999999999999999778 ) ) ;
#1146 = ORIENTED_EDGE ( 'NONE', *, *, #1498, .T. ) ;
#1147 = PLANE ( 'NONE',  #1466 ) ;
#1148 = VECTOR ( 'NONE', #558, 39.37007874015748143 ) ;
#1149 = VERTEX_POINT ( 'NONE', #717 ) ;
#1150 = AXIS2_PLACEMENT_3D ( 'NONE', #773, #1547, #446 ) ;
#1151 = DIRECTION ( 'NONE',  ( 0.000000000000000000, -1.000000000000000000, 0.000000000000000000 ) ) ;
#1152 = COLOUR_RGB ( '',0.7921568627450980005, 0.8196078431372548767, 0.9333333333333333481 ) ;
#1153 = EDGE_CURVE ( 'NONE', #1457, #159, #296, .T. ) ;
#1154 = DIRECTION ( 'NONE',  ( 0.000000000000000000, 7.114187483500697174E-17, -1.000000000000000000 ) ) ;
#1155 = VECTOR ( 'NONE', #1488, 39.37007874015748143 ) ;
#1156 = CARTESIAN_POINT ( 'NONE',  ( -1.098999999999999089, 9.124999999999998224, -0.05999999999999999778 ) ) ;
#1157 = VERTEX_POINT ( 'NONE', #698 ) ;
#1158 = DIRECTION ( 'NONE',  ( -1.000000000000000000, 0.000000000000000000, -3.491481338843134539E-15 ) ) ;
#1159 = VERTEX_POINT ( 'NONE', #366 ) ;
#1160 = DIRECTION ( 'NONE',  ( -1.000000000000000000, 0.000000000000000000, 3.491481338843134539E-15 ) ) ;
#1161 = CARTESIAN_POINT ( 'NONE',  ( -3.734999999999999432, -9.499999999999998224, -0.05999999999999999778 ) ) ;
#1162 = EDGE_CURVE ( 'NONE', #327, #424, #1576, .T. ) ;
#1163 = ORIENTED_EDGE ( 'NONE', *, *, #1397, .F. ) ;
#1164 = DIRECTION ( 'NONE',  ( 0.000000000000000000, -1.000000000000000000, -7.114187483500697174E-17 ) ) ;
#1165 = ORIENTED_EDGE ( 'NONE', *, *, #467, .F. ) ;
#1166 = LINE ( 'NONE', #1522, #512 ) ;
#1167 = ADVANCED_FACE ( 'NONE', ( #1328 ), #475, .T. ) ;
#1168 = CARTESIAN_POINT ( 'NONE',  ( -3.675000000000001599, -8.624999999999996447, 0.5700000000000001732 ) ) ;
#1169 = LINE ( 'NONE', #1550, #357 ) ;
#1170 = ORIENTED_EDGE ( 'NONE', *, *, #580, .T. ) ;
#1171 = FACE_OUTER_BOUND ( 'NONE', #129, .T. ) ;
#1172 = PLANE ( 'NONE',  #783 ) ;
#1173 = VECTOR ( 'NONE', #1455, 39.37007874015748143 ) ;
#1174 = CARTESIAN_POINT ( 'NONE',  ( 3.615000000000000657, 8.624999999999998224, 0.06000000000000102474 ) ) ;
#1175 = AXIS2_PLACEMENT_3D ( 'NONE', #30, #251, #1238 ) ;
#1176 = CARTESIAN_POINT ( 'NONE',  ( -3.734999999999999432, -9.499999999999998224, 0.000000000000000000 ) ) ;
#1177 = AXIS2_PLACEMENT_3D ( 'NONE', #1226, #1564, #601 ) ;
#1178 = DIRECTION ( 'NONE',  ( 1.000000000000000000, 0.000000000000000000, 0.000000000000000000 ) ) ;
#1179 = VECTOR ( 'NONE', #82, 39.37007874015748143 ) ;
#1180 = PLANE ( 'NONE',  #71 ) ;
#1181 = EDGE_CURVE ( 'NONE', #913, #508, #249, .T. ) ;
#1182 = ORIENTED_EDGE ( 'NONE', *, *, #617, .F. ) ;
#1183 = ORIENTED_EDGE ( 'NONE', *, *, #1345, .T. ) ;
#1184 = CARTESIAN_POINT ( 'NONE',  ( 3.609000000000000874, -8.624999999999998224, -1.109813247426106994E-16 ) ) ;
#1185 = CARTESIAN_POINT ( 'NONE',  ( -3.734999999999999432, -9.499999999999998224, 0.000000000000000000 ) ) ;
#1186 = DIRECTION ( 'NONE',  ( 0.000000000000000000, 0.000000000000000000, -1.000000000000000000 ) ) ;
#1187 = CARTESIAN_POINT ( 'NONE',  ( -3.594999999999999307, 9.125000000000000000, -0.06000000000000092759 ) ) ;
#1188 = CARTESIAN_POINT ( 'NONE',  ( 3.735000000000000320, -9.499999999999998224, -0.05999999999999999778 ) ) ;
#1189 = ORIENTED_EDGE ( 'NONE', *, *, #535, .F. ) ;
#1190 = ORIENTED_EDGE ( 'NONE', *, *, #1405, .T. ) ;
#1191 = ADVANCED_FACE ( 'NONE', ( #231 ), #581, .T. ) ;
#1192 = ORIENTED_EDGE ( 'NONE', *, *, #413, .F. ) ;
#1193 = CARTESIAN_POINT ( 'NONE',  ( 3.750999999999998114, -9.124999999999989342, 0.000000000000000000 ) ) ;
#1194 = CARTESIAN_POINT ( 'NONE',  ( 1.411000000000001142, -9.125000000000000000, -0.05999999999999999778 ) ) ;
#1195 = CARTESIAN_POINT ( 'NONE',  ( 0.000000000000000000, 8.624999999999996447, -0.05999999999999999778 ) ) ;
#1196 = LINE ( 'NONE', #1188, #1253 ) ;
#1197 = EDGE_LOOP ( 'NONE', ( #1012, #280, #45, #1388 ) ) ;
#1198 = VERTEX_POINT ( 'NONE', #602 ) ;
#1199 = DIRECTION ( 'NONE',  ( -1.000000000000000000, 0.000000000000000000, 3.834172622686684388E-15 ) ) ;
#1200 = DIRECTION ( 'NONE',  ( -1.000000000000000000, 0.000000000000000000, 3.491481338843134539E-15 ) ) ;
#1201 = ADVANCED_FACE ( 'NONE', ( #1091 ), #1227, .T. ) ;
#1202 = AXIS2_PLACEMENT_3D ( 'NONE', #221, #1477, #118 ) ;
#1203 = LINE ( 'NONE', #593, #582 ) ;
#1204 = CIRCLE ( 'NONE', #1175, 0.1560000000000004716 ) ;
#1205 = AXIS2_PLACEMENT_3D ( 'NONE', #402, #21, #1137 ) ;
#1206 = CARTESIAN_POINT ( 'NONE',  ( -3.735000000000001652, 0.000000000000000000, 0.5699999999999999512 ) ) ;
#1207 = CARTESIAN_POINT ( 'NONE',  ( -3.750999999999999446, 9.125000000000000000, -0.06000000000000092759 ) ) ;
#1208 = AXIS2_PLACEMENT_3D ( 'NONE', #520, #891, #138 ) ;
#1209 = ORIENTED_EDGE ( 'NONE', *, *, #905, .T. ) ;
#1210 = ORIENTED_EDGE ( 'NONE', *, *, #1602, .F. ) ;
#1211 = CARTESIAN_POINT ( 'NONE',  ( -3.674999999999999378, 0.000000000000000000, -1.432063474573476169E-14 ) ) ;
#1212 = AXIS2_PLACEMENT_3D ( 'NONE', #838, #1313, #188 ) ;
#1213 = CARTESIAN_POINT ( 'NONE',  ( -3.608999999999999542, 8.624999999999996447, 3.073328992872296367E-16 ) ) ;
#1214 = CARTESIAN_POINT ( 'NONE',  ( -1.254999999999999671, 9.124999999999998224, -0.05999999999999999778 ) ) ;
#1215 = EDGE_CURVE ( 'NONE', #672, #643, #618, .T. ) ;
#1216 = DIRECTION ( 'NONE',  ( -0.000000000000000000, 0.000000000000000000, 1.000000000000000000 ) ) ;
#1217 = VERTEX_POINT ( 'NONE', #1445 ) ;
#1218 = CARTESIAN_POINT ( 'NONE',  ( -3.734999999999999432, 9.280177317930167646, -0.06000000000000092759 ) ) ;
#1219 = CARTESIAN_POINT ( 'NONE',  ( -1.411000000000000032, 9.124999999999998224, -0.05999999999999999778 ) ) ;
#1220 = DIRECTION ( 'NONE',  ( 1.000000000000000000, 0.000000000000000000, 0.000000000000000000 ) ) ;
#1221 = EDGE_CURVE ( 'NONE', #1297, #1121, #1464, .T. ) ;
#1222 = EDGE_LOOP ( 'NONE', ( #591, #573, #1210, #224 ) ) ;
#1223 = EDGE_CURVE ( 'NONE', #989, #600, #372, .T. ) ;
#1224 = DIRECTION ( 'NONE',  ( 1.000000000000000000, 0.000000000000000000, 3.834172622686684388E-15 ) ) ;
#1225 = ORIENTED_EDGE ( 'NONE', *, *, #895, .T. ) ;
#1226 = CARTESIAN_POINT ( 'NONE',  ( -3.734999999999999432, 9.500000000000000000, -0.05999999999999999778 ) ) ;
#1227 = PLANE ( 'NONE',  #14 ) ;
#1228 = AXIS2_PLACEMENT_3D ( 'NONE', #158, #412, #536 ) ;
#1229 = ORIENTED_EDGE ( 'NONE', *, *, #1478, .F. ) ;
#1230 = ADVANCED_FACE ( 'NONE', ( #1565, #466, #398 ), #1014, .F. ) ;
#1231 = CARTESIAN_POINT ( 'NONE',  ( -3.614999999999999769, 8.624999999999996447, 0.06000000000000021289 ) ) ;
#1232 = VECTOR ( 'NONE', #257, 39.37007874015748143 ) ;
#1233 = ORIENTED_EDGE ( 'NONE', *, *, #1124, .F. ) ;
#1234 = DIRECTION ( 'NONE',  ( 0.000000000000000000, 1.000000000000000000, 0.000000000000000000 ) ) ;
#1235 = EDGE_CURVE ( 'NONE', #1129, #327, #404, .T. ) ;
#1236 = VECTOR ( 'NONE', #1234, 39.37007874015748143 ) ;
#1237 = ADVANCED_FACE ( 'NONE', ( #393 ), #874, .T. ) ;
#1238 = DIRECTION ( 'NONE',  ( 1.000000000000000000, 0.000000000000000000, 0.000000000000000000 ) ) ;
#1239 = CIRCLE ( 'NONE', #258, 0.1199999999999999123 ) ;
#1240 = ORIENTED_EDGE ( 'NONE', *, *, #1221, .F. ) ;
#1241 = LINE ( 'NONE', #1509, #175 ) ;
#1242 = VERTEX_POINT ( 'NONE', #1266 ) ;
#1243 = CARTESIAN_POINT ( 'NONE',  ( -3.750999999999999446, 9.125000000000000000, -0.06000000000000092759 ) ) ;
#1244 = ADVANCED_FACE ( 'NONE', ( #1483 ), #136, .T. ) ;
#1245 = CARTESIAN_POINT ( 'NONE',  ( 3.735000000000000320, -9.499999999999998224, -0.05999999999999999778 ) ) ;
#1246 = ORIENTED_EDGE ( 'NONE', *, *, #1125, .T. ) ;
#1247 = CARTESIAN_POINT ( 'NONE',  ( 3.609000000000000874, -8.630999999999998451, 0.000000000000000000 ) ) ;
#1248 = ORIENTED_EDGE ( 'NONE', *, *, #994, .T. ) ;
#1249 = DIRECTION ( 'NONE',  ( 0.000000000000000000, 1.000000000000000000, 7.114187483500697174E-17 ) ) ;
#1250 = CARTESIAN_POINT ( 'NONE',  ( 3.750999999999998114, -9.124999999999989342, -0.06000000000000092759 ) ) ;
#1251 = EDGE_CURVE ( 'NONE', #1552, #470, #37, .T. ) ;
#1252 = EDGE_CURVE ( 'NONE', #1318, #570, #406, .T. ) ;
#1253 = VECTOR ( 'NONE', #585, 39.37007874015748143 ) ;
#1254 = ORIENTED_EDGE ( 'NONE', *, *, #1116, .T. ) ;
#1255 = DIRECTION ( 'NONE',  ( 0.000000000000000000, 1.000000000000000000, 0.000000000000000000 ) ) ;
#1256 = ORIENTED_EDGE ( 'NONE', *, *, #985, .F. ) ;
#1257 = VECTOR ( 'NONE', #1428, 39.37007874015748143 ) ;
#1258 = CARTESIAN_POINT ( 'NONE',  ( 3.735000000000002540, -8.624999999999998224, 0.5699999999999999512 ) ) ;
#1259 = CARTESIAN_POINT ( 'NONE',  ( -3.734999999999999432, -9.499999999999998224, 0.000000000000000000 ) ) ;
#1260 = VECTOR ( 'NONE', #1549, 39.37007874015748143 ) ;
#1261 = ADVANCED_FACE ( 'NONE', ( #1383 ), #282, .F. ) ;
#1262 = VERTEX_POINT ( 'NONE', #164 ) ;
#1263 = CARTESIAN_POINT ( 'NONE',  ( 3.675000000000000711, 0.000000000000000000, -1.432063474573476801E-14 ) ) ;
#1264 = ORIENTED_EDGE ( 'NONE', *, *, #800, .T. ) ;
#1265 = FACE_OUTER_BOUND ( 'NONE', #615, .T. ) ;
#1266 = CARTESIAN_POINT ( 'NONE',  ( 3.735000000000000320, 8.969822682069828801, 0.000000000000000000 ) ) ;
#1267 = VERTEX_POINT ( 'NONE', #1117 ) ;
#1268 = CARTESIAN_POINT ( 'NONE',  ( -3.734999999999999432, -9.499999999999998224, -0.05999999999999999778 ) ) ;
#1269 = EDGE_CURVE ( 'NONE', #240, #53, #866, .T. ) ;
#1270 = ORIENTED_EDGE ( 'NONE', *, *, #283, .F. ) ;
#1271 = CARTESIAN_POINT ( 'NONE',  ( -1.411000000000000032, 9.124999999999998224, 0.000000000000000000 ) ) ;
#1272 = PRESENTATION_STYLE_ASSIGNMENT (( #557 ) ) ;
#1273 = ORIENTED_EDGE ( 'NONE', *, *, #1006, .T. ) ;
#1274 = CARTESIAN_POINT ( 'NONE',  ( -3.734999999999999432, 8.624999999999996447, 0.05999999999999966471 ) ) ;
#1275 = VECTOR ( 'NONE', #911, 39.37007874015748143 ) ;
#1276 = ORIENTED_EDGE ( 'NONE', *, *, #1181, .F. ) ;
#1277 = AXIS2_PLACEMENT_3D ( 'NONE', #1528, #791, #427 ) ;
#1278 = PLANE ( 'NONE',  #131 ) ;
#1279 = CARTESIAN_POINT ( 'NONE',  ( -3.608999999999999542, 0.000000000000000000, -0.05999999999999999778 ) ) ;
#1280 = VECTOR ( 'NONE', #1327, 39.37007874015748143 ) ;
#1281 = AXIS2_PLACEMENT_3D ( 'NONE', #294, #1432, #1406 ) ;
#1282 = EDGE_CURVE ( 'NONE', #479, #408, #749, .T. ) ;
#1283 = FACE_OUTER_BOUND ( 'NONE', #957, .T. ) ;
#1284 = VECTOR ( 'NONE', #903, 39.37007874015748143 ) ;
#1285 = DIRECTION ( 'NONE',  ( 0.000000000000000000, 0.000000000000000000, 1.000000000000000000 ) ) ;
#1286 = ORIENTED_EDGE ( 'NONE', *, *, #657, .T. ) ;
#1287 = DIRECTION ( 'NONE',  ( 0.000000000000000000, -1.000000000000000000, -7.114187483500697174E-17 ) ) ;
#1288 = ORIENTED_EDGE ( 'NONE', *, *, #1397, .T. ) ;
#1289 = DIRECTION ( 'NONE',  ( -1.000000000000000000, 0.000000000000000000, 0.000000000000000000 ) ) ;
#1290 = VECTOR ( 'NONE', #453, 39.37007874015748143 ) ;
#1291 = CARTESIAN_POINT ( 'NONE',  ( -3.734999999999999432, 8.630999999999996675, -0.05999999999999999778 ) ) ;
#1292 = LINE ( 'NONE', #1185, #885 ) ;
#1293 = ADVANCED_FACE ( 'NONE', ( #654 ), #6, .T. ) ;
#1294 = DIRECTION ( 'NONE',  ( 1.000000000000000000, 0.000000000000000000, 0.000000000000000000 ) ) ;
#1295 = ORIENTED_EDGE ( 'NONE', *, *, #1567, .T. ) ;
#1296 = CARTESIAN_POINT ( 'NONE',  ( -3.614999999999999769, -8.624999999999996447, 0.05999999999999898470 ) ) ;
#1297 = VERTEX_POINT ( 'NONE', #530 ) ;
#1298 = FACE_OUTER_BOUND ( 'NONE', #1401, .T. ) ;
#1299 = DIRECTION ( 'NONE',  ( -1.214420497002790284E-31, -1.000000000000000000, -3.167359992654218841E-17 ) ) ;
#1300 = DIRECTION ( 'NONE',  ( 0.000000000000000000, 6.982962677686265922E-15, -1.000000000000000000 ) ) ;
#1301 = EDGE_CURVE ( 'NONE', #369, #904, #1204, .T. ) ;
#1302 = CARTESIAN_POINT ( 'NONE',  ( -3.608999999999999542, 8.624999999999996447, 3.073328992872296367E-16 ) ) ;
#1303 = DIRECTION ( 'NONE',  ( 0.000000000000000000, 0.000000000000000000, -1.000000000000000000 ) ) ;
#1304 = ORIENTED_EDGE ( 'NONE', *, *, #625, .T. ) ;
#1305 = ORIENTED_EDGE ( 'NONE', *, *, #489, .T. ) ;
#1306 = DIRECTION ( 'NONE',  ( -0.000000000000000000, -0.000000000000000000, 1.000000000000000000 ) ) ;
#1307 = ORIENTED_EDGE ( 'NONE', *, *, #1030, .F. ) ;
#1308 = FILL_AREA_STYLE_COLOUR ( '', #1152 ) ;
#1309 = STYLED_ITEM ( 'NONE', ( #1272 ), #1411 ) ;
#1310 = DIRECTION ( 'NONE',  ( 0.000000000000000000, -0.000000000000000000, -1.000000000000000000 ) ) ;
#1311 = AXIS2_PLACEMENT_3D ( 'NONE', #1193, #87, #1069 ) ;
#1312 = VECTOR ( 'NONE', #769, 39.37007874015748143 ) ;
#1313 = DIRECTION ( 'NONE',  ( 0.000000000000000000, -1.000000000000000000, 0.000000000000000000 ) ) ;
#1314 = VECTOR ( 'NONE', #1541, 39.37007874015748143 ) ;
#1315 = DIRECTION ( 'NONE',  ( 0.000000000000000000, 6.982962677686265922E-15, -1.000000000000000000 ) ) ;
#1316 = EDGE_CURVE ( 'NONE', #610, #31, #506, .T. ) ;
#1317 = ORIENTED_EDGE ( 'NONE', *, *, #210, .T. ) ;
#1318 = VERTEX_POINT ( 'NONE', #13 ) ;
#1319 = DIRECTION ( 'NONE',  ( 0.000000000000000000, -1.000000000000000000, -7.114187483500697174E-17 ) ) ;
#1320 = CARTESIAN_POINT ( 'NONE',  ( -3.734999999999999432, 9.280177317930167646, -0.06000000000000092759 ) ) ;
#1321 = LINE ( 'NONE', #1195, #1366 ) ;
#1322 = FACE_OUTER_BOUND ( 'NONE', #635, .T. ) ;
#1323 = EDGE_LOOP ( 'NONE', ( #445, #9, #1395, #533, #677, #531, #562, #1317, #840, #248, #1376, #1533, #209, #1140, #875, #1589, #834, #1256, #721, #1037, #658, #964, #1526, #1007, #51, #1119, #1519, #93, #1182, #1066 ) ) ;
#1324 = ORIENTED_EDGE ( 'NONE', *, *, #1072, .T. ) ;
#1325 = ADVANCED_FACE ( 'NONE', ( #1367 ), #262, .T. ) ;
#1326 = LINE ( 'NONE', #1348, #714 ) ;
#1327 = DIRECTION ( 'NONE',  ( 1.000000000000000000, 0.000000000000000000, 0.000000000000000000 ) ) ;
#1328 = FACE_OUTER_BOUND ( 'NONE', #168, .T. ) ;
#1329 = CYLINDRICAL_SURFACE ( 'NONE', #1108, 0.1560000000000004716 ) ;
#1330 = DIRECTION ( 'NONE',  ( -0.000000000000000000, 1.000000000000000000, 7.114187483500697174E-17 ) ) ;
#1331 = ORIENTED_EDGE ( 'NONE', *, *, #377, .T. ) ;
#1332 = ORIENTED_EDGE ( 'NONE', *, *, #57, .T. ) ;
#1333 = PLANE ( 'NONE',  #253 ) ;
#1334 = ORIENTED_EDGE ( 'NONE', *, *, #1301, .F. ) ;
#1335 = DIRECTION ( 'NONE',  ( -0.000000000000000000, -0.000000000000000000, 1.000000000000000000 ) ) ;
#1336 = VECTOR ( 'NONE', #1110, 39.37007874015748143 ) ;
#1337 = ADVANCED_FACE ( 'NONE', ( #514 ), #1001, .F. ) ;
#1338 = LINE ( 'NONE', #707, #732 ) ;
#1339 = AXIS2_PLACEMENT_3D ( 'NONE', #1139, #1514, #894 ) ;
#1340 = PLANE ( 'NONE',  #807 ) ;
#1341 = CIRCLE ( 'NONE', #1044, 0.1560000000000001941 ) ;
#1342 = CARTESIAN_POINT ( 'NONE',  ( 3.735000000000000320, 8.630999999999994898, -0.05999999999999999778 ) ) ;
#1343 = LINE ( 'NONE', #723, #15 ) ;
#1344 = CARTESIAN_POINT ( 'NONE',  ( 3.609000000000000874, -8.624999999999998224, 0.000000000000000000 ) ) ;
#1345 = EDGE_CURVE ( 'NONE', #776, #1552, #23, .T. ) ;
#1346 = PLANE ( 'NONE',  #275 ) ;
#1347 = ORIENTED_EDGE ( 'NONE', *, *, #1592, .F. ) ;
#1348 = CARTESIAN_POINT ( 'NONE',  ( 3.735000000000000320, -8.624999999999998224, 0.05999999999999966471 ) ) ;
#1349 = ORIENTED_EDGE ( 'NONE', *, *, #668, .T. ) ;
#1350 = DIRECTION ( 'NONE',  ( 0.000000000000000000, 0.000000000000000000, 1.000000000000000000 ) ) ;
#1351 = DIRECTION ( 'NONE',  ( -0.000000000000000000, -1.000000000000000000, -7.114187483500697174E-17 ) ) ;
#1352 = EDGE_CURVE ( 'NONE', #486, #106, #179, .T. ) ;
#1353 = EDGE_CURVE ( 'NONE', #246, #926, #781, .T. ) ;
#1354 = ORIENTED_EDGE ( 'NONE', *, *, #499, .T. ) ;
#1355 = CARTESIAN_POINT ( 'NONE',  ( -3.594999999999999307, -9.124999999999998224, 0.000000000000000000 ) ) ;
#1356 = ORIENTED_EDGE ( 'NONE', *, *, #718, .T. ) ;
#1357 = CARTESIAN_POINT ( 'NONE',  ( 3.735000000000000320, -8.624999999999998224, -1.453012362606535790E-14 ) ) ;
#1358 = AXIS2_PLACEMENT_3D ( 'NONE', #237, #111, #493 ) ;
#1359 = MECHANICAL_DESIGN_GEOMETRIC_PRESENTATION_REPRESENTATION (  '', ( #1309 ), #126 ) ;
#1360 = VERTEX_POINT ( 'NONE', #171 ) ;
#1361 = CARTESIAN_POINT ( 'NONE',  ( -3.594999999999999307, -9.124999999999998224, -0.06000000000000092759 ) ) ;
#1362 = VECTOR ( 'NONE', #1255, 39.37007874015748143 ) ;
#1363 = ADVANCED_FACE ( 'NONE', ( #288 ), #48, .F. ) ;
#1364 = ORIENTED_EDGE ( 'NONE', *, *, #657, .F. ) ;
#1365 = DIRECTION ( 'NONE',  ( 0.000000000000000000, 0.000000000000000000, 1.000000000000000000 ) ) ;
#1366 = VECTOR ( 'NONE', #64, 39.37007874015748143 ) ;
#1367 = FACE_OUTER_BOUND ( 'NONE', #519, .T. ) ;
#1368 = ORIENTED_EDGE ( 'NONE', *, *, #1251, .F. ) ;
#1369 = CARTESIAN_POINT ( 'NONE',  ( -3.734999999999999432, -8.969822682069830577, -0.06000000000000092759 ) ) ;
#1370 = EDGE_CURVE ( 'NONE', #645, #20, #680, .T. ) ;
#1371 = EDGE_LOOP ( 'NONE', ( #1276, #225, #1273, #977 ) ) ;
#1372 = CARTESIAN_POINT ( 'NONE',  ( 3.735000000000000320, -8.630999999999998451, -5.549066237130534971E-17 ) ) ;
#1373 = DIRECTION ( 'NONE',  ( -1.000000000000000000, -0.000000000000000000, 3.491481338843134539E-15 ) ) ;
#1374 = EDGE_LOOP ( 'NONE', ( #1382, #97, #1010, #1209 ) ) ;
#1375 = FACE_OUTER_BOUND ( 'NONE', #144, .T. ) ;
#1376 = ORIENTED_EDGE ( 'NONE', *, *, #507, .F. ) ;
#1377 = DIRECTION ( 'NONE',  ( 0.000000000000000000, -0.000000000000000000, 1.000000000000000000 ) ) ;
#1378 = DIRECTION ( 'NONE',  ( -1.000000000000000000, 0.000000000000000000, -0.000000000000000000 ) ) ;
#1379 = EDGE_CURVE ( 'NONE', #1517, #989, #1510, .T. ) ;
#1380 = EDGE_LOOP ( 'NONE', ( #174, #963 ) ) ;
#1381 = DIRECTION ( 'NONE',  ( 0.000000000000000000, -7.114187483500697174E-17, 1.000000000000000000 ) ) ;
#1382 = ORIENTED_EDGE ( 'NONE', *, *, #529, .F. ) ;
#1383 = FACE_OUTER_BOUND ( 'NONE', #1449, .T. ) ;
#1384 = VECTOR ( 'NONE', #944, 39.37007874015748143 ) ;
#1385 = ADVANCED_FACE ( 'NONE', ( #1283 ), #565, .T. ) ;
#1386 = ORIENTED_EDGE ( 'NONE', *, *, #583, .T. ) ;
#1387 = DIRECTION ( 'NONE',  ( 0.000000000000000000, 0.000000000000000000, 1.000000000000000000 ) ) ;
#1388 = ORIENTED_EDGE ( 'NONE', *, *, #1391, .T. ) ;
#1389 = LINE ( 'NONE', #748, #738 ) ;
#1390 = LINE ( 'NONE', #62, #1465 ) ;
#1391 = EDGE_CURVE ( 'NONE', #1360, #106, #690, .T. ) ;
#1392 = LINE ( 'NONE', #1206, #641 ) ;
#1393 = CARTESIAN_POINT ( 'NONE',  ( -3.735000000000001652, 8.624999999999996447, 0.5699999999999999512 ) ) ;
#1394 = EDGE_CURVE ( 'NONE', #18, #470, #862, .T. ) ;
#1395 = ORIENTED_EDGE ( 'NONE', *, *, #660, .F. ) ;
#1396 = CARTESIAN_POINT ( 'NONE',  ( 0.000000000000000000, -8.624999999999996447, -0.05999999999999999778 ) ) ;
#1397 = EDGE_CURVE ( 'NONE', #1502, #610, #1292, .T. ) ;
#1398 = PLANE ( 'NONE',  #1281 ) ;
#1399 = SURFACE_STYLE_FILL_AREA ( #1407 ) ;
#1400 = FACE_OUTER_BOUND ( 'NONE', #898, .T. ) ;
#1401 = EDGE_LOOP ( 'NONE', ( #1354, #1233, #751, #172 ) ) ;
#1402 = DIRECTION ( 'NONE',  ( 3.491481338843134539E-15, 0.000000000000000000, -1.000000000000000000 ) ) ;
#1403 = ORIENTED_EDGE ( 'NONE', *, *, #16, .F. ) ;
#1404 = CIRCLE ( 'NONE', #42, 0.05999999999999991451 ) ;
#1405 = EDGE_CURVE ( 'NONE', #1111, #711, #55, .T. ) ;
#1406 = DIRECTION ( 'NONE',  ( 0.000000000000000000, 0.000000000000000000, 1.000000000000000000 ) ) ;
#1407 = FILL_AREA_STYLE ('',( #1308 ) ) ;
#1408 = VECTOR ( 'NONE', #315, 39.37007874015748143 ) ;
#1409 = LINE ( 'NONE', #1156, #1591 ) ;
#1410 = VECTOR ( 'NONE', #990, 39.37007874015748143 ) ;
#1411 = MANIFOLD_SOLID_BREP ( 'Cortar-Extruir1', #103 ) ;
#1412 = ORIENTED_EDGE ( 'NONE', *, *, #218, .F. ) ;
#1413 = CARTESIAN_POINT ( 'NONE',  ( 3.615000000000000657, -8.624999999999998224, 0.05999999999999979655 ) ) ;
#1414 = ORIENTED_EDGE ( 'NONE', *, *, #1153, .T. ) ;
#1415 = DIRECTION ( 'NONE',  ( 0.000000000000000000, 0.000000000000000000, -1.000000000000000000 ) ) ;
#1416 = LENGTH_MEASURE_WITH_UNIT ( LENGTH_MEASURE( 0.02539999999999999897 ), #1061 );
#1417 = PLANE ( 'NONE',  #1433 ) ;
#1418 = FACE_OUTER_BOUND ( 'NONE', #763, .T. ) ;
#1419 = CARTESIAN_POINT ( 'NONE',  ( 3.609000000000000874, 0.000000000000000000, -0.05999999999999999778 ) ) ;
#1420 = ORIENTED_EDGE ( 'NONE', *, *, #163, .F. ) ;
#1421 = ORIENTED_EDGE ( 'NONE', *, *, #481, .F. ) ;
#1422 = CARTESIAN_POINT ( 'NONE',  ( -3.614999999999999769, 8.624999999999996447, 3.073328992872296367E-16 ) ) ;
#1423 = ORIENTED_EDGE ( 'NONE', *, *, #1534, .T. ) ;
#1424 =( CONVERSION_BASED_UNIT ( 'INCH', #1416 ) LENGTH_UNIT ( ) NAMED_UNIT ( #1047 ) );
#1425 = DIRECTION ( 'NONE',  ( 3.834172622686684388E-15, 0.000000000000000000, -1.000000000000000000 ) ) ;
#1426 = EDGE_CURVE ( 'NONE', #623, #309, #1390, .T. ) ;
#1427 = CARTESIAN_POINT ( 'NONE',  ( 3.615000000000000657, 8.624999999999998224, 0.06000000000000102474 ) ) ;
#1428 = DIRECTION ( 'NONE',  ( 0.000000000000000000, 0.000000000000000000, -1.000000000000000000 ) ) ;
#1429 = ORIENTED_EDGE ( 'NONE', *, *, #256, .T. ) ;
#1430 = ORIENTED_EDGE ( 'NONE', *, *, #66, .F. ) ;
#1431 = PLANE ( 'NONE',  #1026 ) ;
#1432 = DIRECTION ( 'NONE',  ( -1.000000000000000000, 0.000000000000000000, 0.000000000000000000 ) ) ;
#1433 = AXIS2_PLACEMENT_3D ( 'NONE', #313, #799, #1300 ) ;
#1434 = DIRECTION ( 'NONE',  ( 1.000000000000000000, 0.000000000000000000, 0.000000000000000000 ) ) ;
#1435 = VECTOR ( 'NONE', #1035, 39.37007874015748143 ) ;
#1436 = DIRECTION ( 'NONE',  ( -0.000000000000000000, 0.000000000000000000, 1.000000000000000000 ) ) ;
#1437 = VECTOR ( 'NONE', #1200, 39.37007874015748143 ) ;
#1438 = EDGE_CURVE ( 'NONE', #394, #1127, #437, .T. ) ;
#1439 = CARTESIAN_POINT ( 'NONE',  ( -3.614999999999999769, 8.624999999999996447, 0.06000000000000021289 ) ) ;
#1440 = CYLINDRICAL_SURFACE ( 'NONE', #355, 0.1560000000000001941 ) ;
#1441 = EDGE_LOOP ( 'NONE', ( #478, #490, #1077, #202 ) ) ;
#1442 = ORIENTED_EDGE ( 'NONE', *, *, #101, .T. ) ;
#1443 = FACE_OUTER_BOUND ( 'NONE', #1323, .T. ) ;
#1444 = CARTESIAN_POINT ( 'NONE',  ( 3.609000000000000874, 8.624999999999998224, 1.118350272406307847E-15 ) ) ;
#1445 = CARTESIAN_POINT ( 'NONE',  ( -3.734999999999999432, -8.624999999999996447, 0.05999999999999857531 ) ) ;
#1446 = DIRECTION ( 'NONE',  ( 1.000000000000000000, 0.000000000000000000, 3.491481338843134539E-15 ) ) ;
#1447 = LINE ( 'NONE', #233, #1562 ) ;
#1448 = ORIENTED_EDGE ( 'NONE', *, *, #33, .F. ) ;
#1449 = EDGE_LOOP ( 'NONE', ( #28, #116, #694, #153 ) ) ;
#1450 = CARTESIAN_POINT ( 'NONE',  ( 3.735000000000000320, 8.969822682069834130, -0.06000000000000092759 ) ) ;
#1451 = EDGE_CURVE ( 'NONE', #378, #1360, #1404, .T. ) ;
#1452 = CYLINDRICAL_SURFACE ( 'NONE', #682, 0.1560000000000001941 ) ;
#1453 = DIRECTION ( 'NONE',  ( 0.000000000000000000, 0.000000000000000000, -1.000000000000000000 ) ) ;
#1454 = CARTESIAN_POINT ( 'NONE',  ( -3.608999999999999542, 8.624999999999996447, 3.073328992872296367E-16 ) ) ;
#1455 = DIRECTION ( 'NONE',  ( 1.000000000000000000, 0.000000000000000000, 0.000000000000000000 ) ) ;
#1456 = ORIENTED_EDGE ( 'NONE', *, *, #151, .F. ) ;
#1457 = VERTEX_POINT ( 'NONE', #1219 ) ;
#1458 = FACE_OUTER_BOUND ( 'NONE', #1441, .T. ) ;
#1459 = EDGE_CURVE ( 'NONE', #215, #695, #1042, .T. ) ;
#1460 = ORIENTED_EDGE ( 'NONE', *, *, #718, .F. ) ;
#1461 = LINE ( 'NONE', #1601, #68 ) ;
#1462 = EDGE_CURVE ( 'NONE', #1517, #1157, #1098, .T. ) ;
#1463 = VECTOR ( 'NONE', #954, 39.37007874015748143 ) ;
#1464 = LINE ( 'NONE', #359, #908 ) ;
#1465 = VECTOR ( 'NONE', #1041, 39.37007874015748143 ) ;
#1466 = AXIS2_PLACEMENT_3D ( 'NONE', #1025, #656, #173 ) ;
#1467 = DIRECTION ( 'NONE',  ( 0.000000000000000000, 0.000000000000000000, -1.000000000000000000 ) ) ;
#1468 = VECTOR ( 'NONE', #1446, 39.37007874015748143 ) ;
#1469 = VERTEX_POINT ( 'NONE', #356 ) ;
#1470 = CARTESIAN_POINT ( 'NONE',  ( 3.735000000000000320, 0.000000000000000000, -1.453012362606535790E-14 ) ) ;
#1471 = ORIENTED_EDGE ( 'NONE', *, *, #1269, .F. ) ;
#1472 = LINE ( 'NONE', #123, #812 ) ;
#1473 = CARTESIAN_POINT ( 'NONE',  ( -3.608999999999999542, 8.624999999999996447, 3.073328992872296367E-16 ) ) ;
#1474 = ORIENTED_EDGE ( 'NONE', *, *, #36, .T. ) ;
#1475 = DIRECTION ( 'NONE',  ( 0.000000000000000000, 7.114187483500697174E-17, -1.000000000000000000 ) ) ;
#1476 = ORIENTED_EDGE ( 'NONE', *, *, #1379, .F. ) ;
#1477 = DIRECTION ( 'NONE',  ( -1.000000000000000000, 0.000000000000000000, 0.000000000000000000 ) ) ;
#1478 = EDGE_CURVE ( 'NONE', #345, #610, #1343, .T. ) ;
#1479 = ORIENTED_EDGE ( 'NONE', *, *, #985, .T. ) ;
#1480 = PLANE ( 'NONE',  #1537 ) ;
#1481 = ORIENTED_EDGE ( 'NONE', *, *, #1096, .F. ) ;
#1482 = FACE_OUTER_BOUND ( 'NONE', #771, .T. ) ;
#1483 = FACE_OUTER_BOUND ( 'NONE', #796, .T. ) ;
#1484 = VECTOR ( 'NONE', #969, 39.37007874015748143 ) ;
#1485 = AXIS2_PLACEMENT_3D ( 'NONE', #340, #1599, #1095 ) ;
#1486 = ORIENTED_EDGE ( 'NONE', *, *, #1451, .T. ) ;
#1487 = EDGE_CURVE ( 'NONE', #1457, #369, #365, .T. ) ;
#1488 = DIRECTION ( 'NONE',  ( 0.000000000000000000, 1.000000000000000000, 0.000000000000000000 ) ) ;
#1489 = VECTOR ( 'NONE', #409, 39.37007874015748143 ) ;
#1490 = ORIENTED_EDGE ( 'NONE', *, *, #1223, .T. ) ;
#1491 = FACE_OUTER_BOUND ( 'NONE', #1581, .T. ) ;
#1492 = VECTOR ( 'NONE', #323, 39.37007874015748143 ) ;
#1493 = DIRECTION ( 'NONE',  ( -0.000000000000000000, -1.000000000000000000, -0.000000000000000000 ) ) ;
#1494 = ORIENTED_EDGE ( 'NONE', *, *, #267, .T. ) ;
#1495 = DIRECTION ( 'NONE',  ( 1.000000000000000000, 0.000000000000000000, 0.000000000000000000 ) ) ;
#1496 = ORIENTED_EDGE ( 'NONE', *, *, #955, .T. ) ;
#1497 = CARTESIAN_POINT ( 'NONE',  ( -1.098999999999999089, 9.124999999999998224, -0.05999999999999999778 ) ) ;
#1498 = EDGE_CURVE ( 'NONE', #394, #588, #243, .T. ) ;
#1499 = DIRECTION ( 'NONE',  ( 0.000000000000000000, 0.000000000000000000, 1.000000000000000000 ) ) ;
#1500 = ORIENTED_EDGE ( 'NONE', *, *, #1353, .T. ) ;
#1501 = CARTESIAN_POINT ( 'NONE',  ( -3.614999999999999769, 8.624999999999996447, 3.073328992872296367E-16 ) ) ;
#1502 = VERTEX_POINT ( 'NONE', #349 ) ;
#1503 = APPLICATION_PROTOCOL_DEFINITION ( 'draft international standard', 'automotive_design', 1998, #339 ) ;
#1504 = CYLINDRICAL_SURFACE ( 'NONE', #516, 0.1560000000000001941 ) ;
#1505 = ADVANCED_FACE ( 'NONE', ( #474 ), #959, .F. ) ;
#1506 = DIRECTION ( 'NONE',  ( 0.000000000000000000, -0.000000000000000000, -1.000000000000000000 ) ) ;
#1507 = AXIS2_PLACEMENT_3D ( 'NONE', #566, #939, #1186 ) ;
#1508 = ORIENTED_EDGE ( 'NONE', *, *, #367, .F. ) ;
#1509 = CARTESIAN_POINT ( 'NONE',  ( 3.735000000000000320, -9.499999999999998224, -0.05999999999999999778 ) ) ;
#1510 = CIRCLE ( 'NONE', #1277, 0.1560000000000004716 ) ;
#1511 = VERTEX_POINT ( 'NONE', #950 ) ;
#1512 = VECTOR ( 'NONE', #65, 39.37007874015748143 ) ;
#1513 = PLANE ( 'NONE',  #816 ) ;
#1514 = DIRECTION ( 'NONE',  ( -3.098967544759339531E-29, -1.000000000000000000, -6.982962677686265922E-15 ) ) ;
#1515 = VECTOR ( 'NONE', #272, 39.37007874015748143 ) ;
#1516 = ADVANCED_FACE ( 'NONE', ( #491 ), #1452, .F. ) ;
#1517 = VERTEX_POINT ( 'NONE', #968 ) ;
#1518 = LINE ( 'NONE', #549, #757 ) ;
#1519 = ORIENTED_EDGE ( 'NONE', *, *, #858, .T. ) ;
#1520 = DIRECTION ( 'NONE',  ( -0.000000000000000000, 1.000000000000000000, 6.982962677686265922E-15 ) ) ;
#1521 = DIRECTION ( 'NONE',  ( 0.000000000000000000, 1.000000000000000000, 7.114187483500697174E-17 ) ) ;
#1522 = CARTESIAN_POINT ( 'NONE',  ( -3.734999999999999432, 8.624999999999996447, -1.453012362606535159E-14 ) ) ;
#1523 = EDGE_CURVE ( 'NONE', #527, #1242, #1461, .T. ) ;
#1524 = ORIENTED_EDGE ( 'NONE', *, *, #553, .T. ) ;
#1525 = PLANE ( 'NONE',  #515 ) ;
#1526 = ORIENTED_EDGE ( 'NONE', *, *, #88, .T. ) ;
#1527 = DIRECTION ( 'NONE',  ( 0.000000000000000000, -6.982962677686265922E-15, 1.000000000000000000 ) ) ;
#1528 = CARTESIAN_POINT ( 'NONE',  ( 1.255000000000000782, -9.125000000000000000, -0.05999999999999999778 ) ) ;
#1529 = DIRECTION ( 'NONE',  ( 0.000000000000000000, 0.000000000000000000, 1.000000000000000000 ) ) ;
#1530 = EDGE_LOOP ( 'NONE', ( #1097, #1524, #1305, #868 ) ) ;
#1531 = LINE ( 'NONE', #542, #1257 ) ;
#1532 = ADVANCED_FACE ( 'NONE', ( #608 ), #229, .T. ) ;
#1533 = ORIENTED_EDGE ( 'NONE', *, *, #1252, .F. ) ;
#1534 = EDGE_CURVE ( 'NONE', #20, #415, #483, .T. ) ;
#1535 = AXIS2_PLACEMENT_3D ( 'NONE', #697, #1319, #715 ) ;
#1536 =( NAMED_UNIT ( * ) PLANE_ANGLE_UNIT ( ) SI_UNIT ( $, .RADIAN. ) );
#1537 = AXIS2_PLACEMENT_3D ( 'NONE', #502, #996, #1381 ) ;
#1538 = CARTESIAN_POINT ( 'NONE',  ( -3.608999999999999542, -8.624999999999996447, -9.219986978616888116E-16 ) ) ;
#1539 = VECTOR ( 'NONE', #260, 39.37007874015748143 ) ;
#1540 = VECTOR ( 'NONE', #425, 39.37007874015748143 ) ;
#1541 = DIRECTION ( 'NONE',  ( 0.000000000000000000, 1.000000000000000000, 0.000000000000000000 ) ) ;
#1542 = DIRECTION ( 'NONE',  ( -0.000000000000000000, -1.000000000000000000, -0.000000000000000000 ) ) ;
#1543 = ORIENTED_EDGE ( 'NONE', *, *, #825, .T. ) ;
#1544 = ORIENTED_EDGE ( 'NONE', *, *, #539, .T. ) ;
#1545 = DIRECTION ( 'NONE',  ( 1.000000000000000000, 0.000000000000000000, 0.000000000000000000 ) ) ;
#1546 = EDGE_CURVE ( 'NONE', #415, #479, #1472, .T. ) ;
#1547 = DIRECTION ( 'NONE',  ( -0.000000000000000000, 0.000000000000000000, 1.000000000000000000 ) ) ;
#1548 = DIRECTION ( 'NONE',  ( -0.000000000000000000, -1.000000000000000000, -0.000000000000000000 ) ) ;
#1549 = DIRECTION ( 'NONE',  ( -3.834172622686684388E-15, -0.000000000000000000, 1.000000000000000000 ) ) ;
#1550 = CARTESIAN_POINT ( 'NONE',  ( 3.735000000000000320, -9.499999999999998224, 0.000000000000000000 ) ) ;
#1551 = EDGE_LOOP ( 'NONE', ( #1031, #1086, #712, #1356 ) ) ;
#1552 = VERTEX_POINT ( 'NONE', #843 ) ;
#1553 = DIRECTION ( 'NONE',  ( 0.000000000000000000, 0.000000000000000000, 1.000000000000000000 ) ) ;
#1554 = VERTEX_POINT ( 'NONE', #937 ) ;
#1555 = CARTESIAN_POINT ( 'NONE',  ( -3.614999999999999769, 8.624999999999996447, 3.073328992872296367E-16 ) ) ;
#1556 = EDGE_CURVE ( 'NONE', #159, #1457, #1595, .T. ) ;
#1557 = CARTESIAN_POINT ( 'NONE',  ( -3.750999999999999446, -9.124999999999998224, -0.06000000000000092759 ) ) ;
#1558 = DIRECTION ( 'NONE',  ( 0.000000000000000000, 1.000000000000000000, 0.000000000000000000 ) ) ;
#1559 = DIRECTION ( 'NONE',  ( 0.000000000000000000, -1.000000000000000000, 0.000000000000000000 ) ) ;
#1560 = EDGE_LOOP ( 'NONE', ( #146, #497, #1331, #548 ) ) ;
#1561 = CARTESIAN_POINT ( 'NONE',  ( -3.734999999999999432, 9.280177317930164094, 0.000000000000000000 ) ) ;
#1562 = VECTOR ( 'NONE', #92, 39.37007874015748143 ) ;
#1563 = VECTOR ( 'NONE', #631, 39.37007874015748143 ) ;
#1564 = DIRECTION ( 'NONE',  ( 0.000000000000000000, 1.000000000000000000, 0.000000000000000000 ) ) ;
#1565 = FACE_BOUND ( 'NONE', #924, .T. ) ;
#1566 = AXIS2_PLACEMENT_3D ( 'NONE', #988, #741, #869 ) ;
#1567 = EDGE_CURVE ( 'NONE', #527, #25, #98, .T. ) ;
#1568 = LINE ( 'NONE', #351, #1492 ) ;
#1569 = DIMENSIONAL_EXPONENTS ( 1.000000000000000000, 0.000000000000000000, 0.000000000000000000, 0.000000000000000000, 0.000000000000000000, 0.000000000000000000, 0.000000000000000000 ) ;
#1570 = FACE_OUTER_BOUND ( 'NONE', #1371, .T. ) ;
#1571 = ORIENTED_EDGE ( 'NONE', *, *, #858, .F. ) ;
#1572 = EDGE_LOOP ( 'NONE', ( #525, #421, #156, #1403 ) ) ;
#1573 = DIRECTION ( 'NONE',  ( 0.000000000000000000, 0.000000000000000000, -1.000000000000000000 ) ) ;
#1574 = ORIENTED_EDGE ( 'NONE', *, *, #1438, .F. ) ;
#1575 = DIRECTION ( 'NONE',  ( 0.000000000000000000, 0.000000000000000000, 1.000000000000000000 ) ) ;
#1576 = LINE ( 'NONE', #951, #1484 ) ;
#1577 = CARTESIAN_POINT ( 'NONE',  ( -1.254999999999999671, 9.124999999999998224, -0.05999999999999999778 ) ) ;
#1578 = LINE ( 'NONE', #477, #1173 ) ;
#1579 = EDGE_CURVE ( 'NONE', #31, #605, #300, .T. ) ;
#1580 = ORIENTED_EDGE ( 'NONE', *, *, #141, .F. ) ;
#1581 = EDGE_LOOP ( 'NONE', ( #1587, #1571, #1500, #482 ) ) ;
#1582 = FACE_BOUND ( 'NONE', #556, .T. ) ;
#1583 = EDGE_LOOP ( 'NONE', ( #133, #947, #1057, #1114 ) ) ;
#1584 = DIRECTION ( 'NONE',  ( -0.000000000000000000, 0.000000000000000000, 1.000000000000000000 ) ) ;
#1585 = CARTESIAN_POINT ( 'NONE',  ( 3.615000000000000657, -8.624999999999998224, -1.109813247426106994E-16 ) ) ;
#1586 = CARTESIAN_POINT ( 'NONE',  ( -1.098999999999999089, 9.124999999999998224, 0.000000000000000000 ) ) ;
#1587 = ORIENTED_EDGE ( 'NONE', *, *, #101, .F. ) ;
#1588 = DIRECTION ( 'NONE',  ( 1.000000000000000000, 0.000000000000000000, -3.658724991514647952E-15 ) ) ;
#1589 = ORIENTED_EDGE ( 'NONE', *, *, #1459, .T. ) ;
#1590 = CARTESIAN_POINT ( 'NONE',  ( -1.411000000000000032, 9.124999999999998224, -0.05999999999999999778 ) ) ;
#1591 = VECTOR ( 'NONE', #1285, 39.37007874015748143 ) ;
#1592 = EDGE_CURVE ( 'NONE', #309, #1360, #465, .T. ) ;
#1593 = DIRECTION ( 'NONE',  ( 0.000000000000000000, -1.000000000000000000, -7.114187483500697174E-17 ) ) ;
#1594 = AXIS2_PLACEMENT_3D ( 'NONE', #1245, #142, #1123 ) ;
#1595 = CIRCLE ( 'NONE', #841, 0.1560000000000004716 ) ;
#1596 = ORIENTED_EDGE ( 'NONE', *, *, #170, .F. ) ;
#1597 = AXIS2_PLACEMENT_3D ( 'NONE', #675, #961, #1046 ) ;
#1598 = ORIENTED_EDGE ( 'NONE', *, *, #625, .F. ) ;
#1599 = DIRECTION ( 'NONE',  ( -0.000000000000000000, -0.000000000000000000, 1.000000000000000000 ) ) ;
#1600 = ORIENTED_EDGE ( 'NONE', *, *, #704, .T. ) ;
#1601 = CARTESIAN_POINT ( 'NONE',  ( 3.735000000000000320, 8.969822682069834130, -0.06000000000000092759 ) ) ;
#1602 = EDGE_CURVE ( 'NONE', #588, #587, #220, .T. ) ;
#1603 = DIRECTION ( 'NONE',  ( 0.000000000000000000, 6.982962677686265922E-15, -1.000000000000000000 ) ) ;
ENDSEC;
END-ISO-10303-21;
