ISO-10303-21;
HEADER;
FILE_DESCRIPTION (( 'STEP AP214' ),
    '1' );
FILE_NAME ('P19500-17-(12gacr ANSI-61) - K47 - V1-R0.STEP',
    '2026-08-03T19:21:13',
    ( '' ),
    ( '' ),
    'SwSTEP 2.0',
    'SolidWorks 2024',
    '' );
FILE_SCHEMA (( 'AUTOMOTIVE_DESIGN' ));
ENDSEC;

DATA;
#1 = DIRECTION ( 'NONE',  ( 1.000000000000000000, 0.000000000000000000, 0.000000000000000000 ) ) ;
#2 = LINE ( 'NONE', #737, #1927 ) ;
#3 = ORIENTED_EDGE ( 'NONE', *, *, #2921, .F. ) ;
#4 = EDGE_CURVE ( 'NONE', #2222, #1845, #2772, .T. ) ;
#5 = CARTESIAN_POINT ( 'NONE',  ( -21.40503937007874313, 4.520000000000001350, -0.5000000000000000000 ) ) ;
#6 = VECTOR ( 'NONE', #1509, 39.37007874015748143 ) ;
#7 = CARTESIAN_POINT ( 'NONE',  ( -6.914999999999999147, -1.500000000000004219, 0.000000000000000000 ) ) ;
#8 = ORIENTED_EDGE ( 'NONE', *, *, #944, .F. ) ;
#9 = ORIENTED_EDGE ( 'NONE', *, *, #1592, .T. ) ;
#10 = CARTESIAN_POINT ( 'NONE',  ( -16.97499999999999432, -1.500000000000004219, 0.000000000000000000 ) ) ;
#11 = CARTESIAN_POINT ( 'NONE',  ( 21.30000000000000782, 7.220000000000002416, -0.2099999999999980216 ) ) ;
#12 = CARTESIAN_POINT ( 'NONE',  ( -16.85000000000000142, -1.500000000000004219, 0.000000000000000000 ) ) ;
#13 = DIRECTION ( 'NONE',  ( 0.000000000000000000, 0.000000000000000000, -1.000000000000000000 ) ) ;
#14 =( CONVERSION_BASED_UNIT ( 'INCH', #1949 ) LENGTH_UNIT ( ) NAMED_UNIT ( #1758 ) );
#15 = ADVANCED_FACE ( 'NONE', ( #669 ), #684, .F. ) ;
#16 = FACE_OUTER_BOUND ( 'NONE', #285, .T. ) ;
#17 = CARTESIAN_POINT ( 'NONE',  ( -21.40503937007874313, 4.520000000000001350, -0.2699999999999999623 ) ) ;
#18 = ORIENTED_EDGE ( 'NONE', *, *, #1751, .F. ) ;
#19 = DIRECTION ( 'NONE',  ( -1.000000000000000000, 0.000000000000000000, 0.000000000000000000 ) ) ;
#20 = EDGE_CURVE ( 'NONE', #2399, #38, #1407, .T. ) ;
#21 = PLANE ( 'NONE',  #818 ) ;
#22 = ORIENTED_EDGE ( 'NONE', *, *, #2493, .F. ) ;
#23 = ORIENTED_EDGE ( 'NONE', *, *, #170, .T. ) ;
#24 = FACE_OUTER_BOUND ( 'NONE', #2636, .T. ) ;
#25 = AXIS2_PLACEMENT_3D ( 'NONE', #1937, #53, #951 ) ;
#26 = DIRECTION ( 'NONE',  ( 1.000000000000000000, 0.000000000000000000, 0.000000000000000000 ) ) ;
#27 = ORIENTED_EDGE ( 'NONE', *, *, #1233, .T. ) ;
#28 = AXIS2_PLACEMENT_3D ( 'NONE', #811, #113, #1269 ) ;
#29 = AXIS2_PLACEMENT_3D ( 'NONE', #1915, #2616, #2401 ) ;
#30 = DIRECTION ( 'NONE',  ( -0.000000000000000000, -0.000000000000000000, 1.000000000000000000 ) ) ;
#31 = DIRECTION ( 'NONE',  ( -0.000000000000000000, -0.000000000000000000, 1.000000000000000000 ) ) ;
#32 = CARTESIAN_POINT ( 'NONE',  ( -16.39499999999999602, -1.900000000000005240, 0.000000000000000000 ) ) ;
#33 = CARTESIAN_POINT ( 'NONE',  ( 21.40500000000000469, 7.220000000000002416, -0.5000000000000000000 ) ) ;
#34 = CARTESIAN_POINT ( 'NONE',  ( 19.32500000000000284, 1.799999999999996270, 0.000000000000000000 ) ) ;
#35 = CARTESIAN_POINT ( 'NONE',  ( 20.08000000000001251, -2.500000000000003997, 0.000000000000000000 ) ) ;
#36 = ORIENTED_EDGE ( 'NONE', *, *, #1076, .T. ) ;
#37 = VECTOR ( 'NONE', #1628, 39.37007874015748143 ) ;
#38 = VERTEX_POINT ( 'NONE', #187 ) ;
#39 = EDGE_CURVE ( 'NONE', #1139, #582, #2568, .T. ) ;
#40 = CARTESIAN_POINT ( 'NONE',  ( 19.48400000000000531, -1.718000000000004190, -0.7500000000000004441 ) ) ;
#41 = DIRECTION ( 'NONE',  ( 0.000000000000000000, 0.000000000000000000, 1.000000000000000000 ) ) ;
#42 = ORIENTED_EDGE ( 'NONE', *, *, #2441, .F. ) ;
#43 = ADVANCED_FACE ( 'NONE', ( #2323 ), #2339, .F. ) ;
#44 = DIRECTION ( 'NONE',  ( 0.000000000000000000, 3.388338596792881264E-15, 1.000000000000000000 ) ) ;
#45 = AXIS2_PLACEMENT_3D ( 'NONE', #1052, #606, #1323 ) ;
#46 = DIRECTION ( 'NONE',  ( 0.000000000000000000, 0.000000000000000000, 1.000000000000000000 ) ) ;
#47 = DIRECTION ( 'NONE',  ( -0.000000000000000000, -0.000000000000000000, 1.000000000000000000 ) ) ;
#48 = VERTEX_POINT ( 'NONE', #2583 ) ;
#49 = AXIS2_PLACEMENT_3D ( 'NONE', #337, #132, #2042 ) ;
#50 = LINE ( 'NONE', #486, #822 ) ;
#51 = CARTESIAN_POINT ( 'NONE',  ( 21.02500000000000568, -7.219999999999999751, 0.000000000000000000 ) ) ;
#52 = VECTOR ( 'NONE', #1349, 39.37007874015748143 ) ;
#53 = DIRECTION ( 'NONE',  ( 0.000000000000000000, 0.000000000000000000, 1.000000000000000000 ) ) ;
#54 = EDGE_LOOP ( 'NONE', ( #2344, #492, #1959, #2797 ) ) ;
#55 = VECTOR ( 'NONE', #618, 39.37007874015748143 ) ;
#56 = ORIENTED_EDGE ( 'NONE', *, *, #1808, .F. ) ;
#57 = ORIENTED_EDGE ( 'NONE', *, *, #747, .T. ) ;
#58 = VECTOR ( 'NONE', #2372, 39.37007874015748143 ) ;
#59 = CARTESIAN_POINT ( 'NONE',  ( 19.58550000000000679, 1.718999999999995865, -0.7500000000000004441 ) ) ;
#60 = CARTESIAN_POINT ( 'NONE',  ( -21.15499999999999758, -7.260000000000000675, 1.297627796990524979E-15 ) ) ;
#61 = ORIENTED_EDGE ( 'NONE', *, *, #463, .F. ) ;
#62 = ADVANCED_FACE ( 'NONE', ( #1645 ), #1150, .F. ) ;
#63 = PLANE ( 'NONE',  #2641 ) ;
#64 = CARTESIAN_POINT ( 'NONE',  ( 21.40500000000000469, 7.220000000000002416, -0.2099999999999980216 ) ) ;
#65 = EDGE_CURVE ( 'NONE', #173, #2523, #3071, .T. ) ;
#66 = ORIENTED_EDGE ( 'NONE', *, *, #2902, .F. ) ;
#67 = CARTESIAN_POINT ( 'NONE',  ( -16.72500000000000853, -1.500000000000004219, -0.7500000000000004441 ) ) ;
#68 = FACE_OUTER_BOUND ( 'NONE', #1185, .T. ) ;
#69 = CARTESIAN_POINT ( 'NONE',  ( 21.02500000000000568, -7.469999999999998863, -0.1049999999999996353 ) ) ;
#70 = ORIENTED_EDGE ( 'NONE', *, *, #728, .F. ) ;
#71 = ORIENTED_EDGE ( 'NONE', *, *, #984, .F. ) ;
#72 = VERTEX_POINT ( 'NONE', #1179 ) ;
#73 = CARTESIAN_POINT ( 'NONE',  ( 3.675758909208227897E-16, 3.680000000000005045, -0.1049999999999999961 ) ) ;
#74 = DIRECTION ( 'NONE',  ( -0.000000000000000000, -1.000000000000000000, -0.000000000000000000 ) ) ;
#75 = ORIENTED_EDGE ( 'NONE', *, *, #1418, .F. ) ;
#76 = CIRCLE ( 'NONE', #2508, 0.1015000000000010894 ) ;
#77 = EDGE_CURVE ( 'NONE', #2454, #2052, #410, .T. ) ;
#78 = CYLINDRICAL_SURFACE ( 'NONE', #2738, 0.09499999999999994560 ) ;
#79 = LINE ( 'NONE', #64, #142 ) ;
#80 = VECTOR ( 'NONE', #1685, 39.37007874015748143 ) ;
#81 =( NAMED_UNIT ( * ) PLANE_ANGLE_UNIT ( ) SI_UNIT ( $, .RADIAN. ) );
#82 = EDGE_LOOP ( 'NONE', ( #1486, #133, #2517, #2526 ) ) ;
#83 = ADVANCED_FACE ( 'NONE', ( #2384 ), #717, .F. ) ;
#84 = DIRECTION ( 'NONE',  ( 1.000000000000000000, 0.000000000000000000, 0.000000000000000000 ) ) ;
#85 = EDGE_CURVE ( 'NONE', #917, #111, #1713, .T. ) ;
#86 = DIRECTION ( 'NONE',  ( 1.000000000000000000, 0.000000000000000000, 0.000000000000000000 ) ) ;
#87 = ORIENTED_EDGE ( 'NONE', *, *, #368, .F. ) ;
#88 = ORIENTED_EDGE ( 'NONE', *, *, #245, .T. ) ;
#89 = DIRECTION ( 'NONE',  ( 0.000000000000000000, -1.000000000000000000, -1.219574997171546326E-16 ) ) ;
#90 = DIRECTION ( 'NONE',  ( 0.000000000000000000, 0.000000000000000000, -1.000000000000000000 ) ) ;
#91 = EDGE_LOOP ( 'NONE', ( #3035, #509, #1023, #2329 ) ) ;
#92 = DIRECTION ( 'NONE',  ( 0.000000000000000000, 1.000000000000000000, 0.000000000000000000 ) ) ;
#93 = FACE_BOUND ( 'NONE', #2761, .T. ) ;
#94 = ORIENTED_EDGE ( 'NONE', *, *, #1173, .T. ) ;
#95 = VECTOR ( 'NONE', #2427, 39.37007874015748143 ) ;
#96 = DIRECTION ( 'NONE',  ( 0.000000000000000000, 0.000000000000000000, -1.000000000000000000 ) ) ;
#97 = DIRECTION ( 'NONE',  ( 0.000000000000000000, -0.000000000000000000, 1.000000000000000000 ) ) ;
#98 = CIRCLE ( 'NONE', #595, 0.1249999999999927974 ) ;
#99 = EDGE_CURVE ( 'NONE', #338, #1904, #2635, .T. ) ;
#100 = CYLINDRICAL_SURFACE ( 'NONE', #2058, 0.09499999999999994560 ) ;
#101 = ORIENTED_EDGE ( 'NONE', *, *, #2382, .T. ) ;
#102 = EDGE_CURVE ( 'NONE', #3057, #2500, #1725, .T. ) ;
#103 = ORIENTED_EDGE ( 'NONE', *, *, #3084, .F. ) ;
#104 = AXIS2_PLACEMENT_3D ( 'NONE', #1164, #2114, #934 ) ;
#105 = CARTESIAN_POINT ( 'NONE',  ( -21.40499999999999758, -7.220000000000004192, -0.1049999999999999961 ) ) ;
#106 = DIRECTION ( 'NONE',  ( 0.000000000000000000, 0.000000000000000000, -1.000000000000000000 ) ) ;
#107 = ORIENTED_EDGE ( 'NONE', *, *, #2724, .F. ) ;
#108 = LINE ( 'NONE', #2989, #1944 ) ;
#109 = CARTESIAN_POINT ( 'NONE',  ( 21.02500000000000568, -7.469999999999998863, -1.168021431365194011E-13 ) ) ;
#110 = AXIS2_PLACEMENT_3D ( 'NONE', #40, #1463, #2673 ) ;
#111 = VERTEX_POINT ( 'NONE', #2617 ) ;
#112 = DIRECTION ( 'NONE',  ( 0.000000000000000000, 0.000000000000000000, -1.000000000000000000 ) ) ;
#113 = DIRECTION ( 'NONE',  ( -1.000000000000000000, 0.000000000000000000, 1.626099996228726381E-16 ) ) ;
#114 = EDGE_CURVE ( 'NONE', #3057, #275, #265, .T. ) ;
#115 = CARTESIAN_POINT ( 'NONE',  ( 21.19500000000000739, -7.219999999999998863, -0.1049999999999990108 ) ) ;
#116 = ORIENTED_EDGE ( 'NONE', *, *, #1136, .F. ) ;
#117 = ORIENTED_EDGE ( 'NONE', *, *, #2207, .T. ) ;
#118 = EDGE_CURVE ( 'NONE', #3014, #1364, #517, .T. ) ;
#119 = CARTESIAN_POINT ( 'NONE',  ( 7.190000000000000391, -1.815000000000004610, 0.000000000000000000 ) ) ;
#120 = FACE_OUTER_BOUND ( 'NONE', #2347, .T. ) ;
#121 = EDGE_LOOP ( 'NONE', ( #510, #1348, #1067, #1669 ) ) ;
#122 = DIRECTION ( 'NONE',  ( -1.000000000000000000, 0.000000000000000000, 0.000000000000000000 ) ) ;
#123 = CARTESIAN_POINT ( 'NONE',  ( -21.15499999999999758, 7.220000000000002416, -0.1049999999999999961 ) ) ;
#124 = ORIENTED_EDGE ( 'NONE', *, *, #2803, .T. ) ;
#125 = FACE_BOUND ( 'NONE', #2657, .T. ) ;
#126 = CIRCLE ( 'NONE', #2711, 0.2099999999999989930 ) ;
#127 = FACE_OUTER_BOUND ( 'NONE', #1462, .T. ) ;
#128 = LINE ( 'NONE', #143, #1456 ) ;
#129 = EDGE_LOOP ( 'NONE', ( #383, #2955, #761, #1353 ) ) ;
#130 = EDGE_LOOP ( 'NONE', ( #699, #1330, #3043, #2168 ) ) ;
#131 = DIRECTION ( 'NONE',  ( 0.000000000000000000, 0.000000000000000000, -1.000000000000000000 ) ) ;
#132 = DIRECTION ( 'NONE',  ( -1.000000000000000000, 0.000000000000000000, -1.626099996228726381E-16 ) ) ;
#133 = ORIENTED_EDGE ( 'NONE', *, *, #2956, .T. ) ;
#134 = EDGE_CURVE ( 'NONE', #2715, #1995, #2822, .T. ) ;
#135 = CARTESIAN_POINT ( 'NONE',  ( 9.540095056110622923E-16, -7.365000000000001101, 2.531088931804282574E-14 ) ) ;
#136 = PLANE ( 'NONE',  #1032 ) ;
#137 = AXIS2_PLACEMENT_3D ( 'NONE', #457, #1393, #2351 ) ;
#138 = EDGE_CURVE ( 'NONE', #306, #1724, #1916, .T. ) ;
#139 = ORIENTED_EDGE ( 'NONE', *, *, #892, .T. ) ;
#140 = FACE_BOUND ( 'NONE', #1813, .T. ) ;
#141 = FACE_OUTER_BOUND ( 'NONE', #703, .T. ) ;
#142 = VECTOR ( 'NONE', #1020, 39.37007874015748143 ) ;
#143 = CARTESIAN_POINT ( 'NONE',  ( -16.39499999999999602, -1.900000000000005240, 0.000000000000000000 ) ) ;
#144 = ORIENTED_EDGE ( 'NONE', *, *, #1675, .T. ) ;
#145 = ORIENTED_EDGE ( 'NONE', *, *, #481, .T. ) ;
#146 = DIRECTION ( 'NONE',  ( 0.000000000000000000, 0.000000000000000000, 1.000000000000000000 ) ) ;
#147 = CARTESIAN_POINT ( 'NONE',  ( 7.190000000000000391, 1.814999999999995728, 0.000000000000000000 ) ) ;
#148 = VERTEX_POINT ( 'NONE', #980 ) ;
#149 = AXIS2_PLACEMENT_3D ( 'NONE', #904, #1152, #1333 ) ;
#150 = DIRECTION ( 'NONE',  ( 1.000000000000000000, 0.000000000000000000, 0.000000000000000000 ) ) ;
#151 = EDGE_CURVE ( 'NONE', #1127, #48, #251, .T. ) ;
#152 = CARTESIAN_POINT ( 'NONE',  ( 21.40500000000000469, 4.520000000000001350, -0.5000000000000000000 ) ) ;
#153 = ORIENTED_EDGE ( 'NONE', *, *, #1827, .T. ) ;
#154 = EDGE_CURVE ( 'NONE', #1496, #2940, #436, .T. ) ;
#155 = CARTESIAN_POINT ( 'NONE',  ( -21.06499999999999773, -3.750000000000003997, -0.7500000000000004441 ) ) ;
#156 = FACE_OUTER_BOUND ( 'NONE', #1547, .T. ) ;
#157 = PLANE ( 'NONE',  #1764 ) ;
#158 = ORIENTED_EDGE ( 'NONE', *, *, #102, .F. ) ;
#159 = ORIENTED_EDGE ( 'NONE', *, *, #3069, .T. ) ;
#160 = CARTESIAN_POINT ( 'NONE',  ( 21.40500000000000469, 4.520000000000001350, -0.5000000000000000000 ) ) ;
#161 = CARTESIAN_POINT ( 'NONE',  ( 21.02500000000000213, 7.364999999999997549, -0.2099999999999962452 ) ) ;
#162 = EDGE_LOOP ( 'NONE', ( #1505, #1599 ) ) ;
#163 = CARTESIAN_POINT ( 'NONE',  ( -2.464999999999996749, -3.680000000000005045, -0.7500000000000004441 ) ) ;
#164 = LINE ( 'NONE', #852, #189 ) ;
#165 = VERTEX_POINT ( 'NONE', #755 ) ;
#166 = ADVANCED_FACE ( 'NONE', ( #68 ), #2144, .F. ) ;
#167 = DIRECTION ( 'NONE',  ( -0.000000000000000000, 0.000000000000000000, 1.000000000000000000 ) ) ;
#168 = DIRECTION ( 'NONE',  ( -0.000000000000000000, -0.000000000000000000, 1.000000000000000000 ) ) ;
#169 = VERTEX_POINT ( 'NONE', #51 ) ;
#170 = EDGE_CURVE ( 'NONE', #2698, #2827, #2, .T. ) ;
#171 = AXIS2_PLACEMENT_3D ( 'NONE', #2669, #1427, #1199 ) ;
#172 = DIRECTION ( 'NONE',  ( -0.000000000000000000, 1.000000000000000000, -0.000000000000000000 ) ) ;
#173 = VERTEX_POINT ( 'NONE', #2907 ) ;
#174 = VECTOR ( 'NONE', #1804, 39.37007874015748143 ) ;
#175 = VECTOR ( 'NONE', #1329, 39.37007874015748143 ) ;
#176 = ORIENTED_EDGE ( 'NONE', *, *, #2652, .T. ) ;
#177 = EDGE_CURVE ( 'NONE', #2216, #1013, #3072, .T. ) ;
#178 = CARTESIAN_POINT ( 'NONE',  ( -21.16499999999999915, -3.750000000000003997, -0.1049999999999999684 ) ) ;
#179 = CARTESIAN_POINT ( 'NONE',  ( -21.15499999999999758, 7.364999999999997549, -0.2100000000000031286 ) ) ;
#180 = EDGE_LOOP ( 'NONE', ( #2833, #197, #2622, #2668 ) ) ;
#181 = DIRECTION ( 'NONE',  ( 0.000000000000000000, -0.000000000000000000, 1.000000000000000000 ) ) ;
#182 = ORIENTED_EDGE ( 'NONE', *, *, #2066, .F. ) ;
#183 = CARTESIAN_POINT ( 'NONE',  ( 20.17500000000001137, 3.750000000000000888, 0.000000000000000000 ) ) ;
#184 = LINE ( 'NONE', #2378, #1739 ) ;
#185 = ADVANCED_FACE ( 'NONE', ( #2851 ), #961, .F. ) ;
#186 = DIRECTION ( 'NONE',  ( -1.000000000000000000, 0.000000000000000000, -0.000000000000000000 ) ) ;
#187 = CARTESIAN_POINT ( 'NONE',  ( 21.02500000000000213, 7.365000000000002878, -0.7500000000000004441 ) ) ;
#188 = VERTEX_POINT ( 'NONE', #696 ) ;
#189 = VECTOR ( 'NONE', #1574, 39.37007874015748143 ) ;
#190 = CARTESIAN_POINT ( 'NONE',  ( 10.82000000000000028, 0.000000000000000000, -0.1049999999999999961 ) ) ;
#191 = EDGE_CURVE ( 'NONE', #173, #2247, #1607, .T. ) ;
#192 = PLANE ( 'NONE',  #2361 ) ;
#193 = ORIENTED_EDGE ( 'NONE', *, *, #2748, .T. ) ;
#194 = CIRCLE ( 'NONE', #2078, 0.09499999999999994560 ) ;
#195 = DIRECTION ( 'NONE',  ( -0.000000000000000000, -1.000000000000000000, -0.000000000000000000 ) ) ;
#196 = DIRECTION ( 'NONE',  ( -1.000000000000000000, 0.000000000000000000, 0.000000000000000000 ) ) ;
#197 = ORIENTED_EDGE ( 'NONE', *, *, #1595, .F. ) ;
#198 = VECTOR ( 'NONE', #642, 39.37007874015748143 ) ;
#199 = PLANE ( 'NONE',  #1791 ) ;
#200 = LINE ( 'NONE', #713, #1431 ) ;
#201 = AXIS2_PLACEMENT_3D ( 'NONE', #385, #1782, #1279 ) ;
#202 = ORIENTED_EDGE ( 'NONE', *, *, #2184, .F. ) ;
#203 = VECTOR ( 'NONE', #2985, 39.37007874015748143 ) ;
#204 = DIRECTION ( 'NONE',  ( 1.000000000000000000, 0.000000000000000000, 0.000000000000000000 ) ) ;
#205 = DIRECTION ( 'NONE',  ( 0.000000000000000000, 0.000000000000000000, 1.000000000000000000 ) ) ;
#206 = VERTEX_POINT ( 'NONE', #2079 ) ;
#207 = EDGE_CURVE ( 'NONE', #650, #2255, #2123, .T. ) ;
#208 = FACE_OUTER_BOUND ( 'NONE', #2252, .T. ) ;
#209 = FACE_OUTER_BOUND ( 'NONE', #403, .T. ) ;
#210 = ORIENTED_EDGE ( 'NONE', *, *, #1517, .T. ) ;
#211 = EDGE_CURVE ( 'NONE', #569, #373, #3081, .T. ) ;
#212 = CARTESIAN_POINT ( 'NONE',  ( 21.19500000000000739, 7.220000000000002416, -0.2099999999999980216 ) ) ;
#213 = CARTESIAN_POINT ( 'NONE',  ( 21.02500000000000213, 7.259999999999999787, -0.2099999999999966060 ) ) ;
#214 = ORIENTED_EDGE ( 'NONE', *, *, #1878, .T. ) ;
#215 = ADVANCED_FACE ( 'NONE', ( #417 ), #2612, .F. ) ;
#216 = DIRECTION ( 'NONE',  ( 0.000000000000000000, -1.000000000000000000, 0.000000000000000000 ) ) ;
#217 = DIRECTION ( 'NONE',  ( -1.000000000000000000, 0.000000000000000000, 0.000000000000000000 ) ) ;
#218 = FACE_OUTER_BOUND ( 'NONE', #2911, .T. ) ;
#219 = ORIENTED_EDGE ( 'NONE', *, *, #953, .T. ) ;
#220 = ORIENTED_EDGE ( 'NONE', *, *, #2876, .F. ) ;
#221 = CARTESIAN_POINT ( 'NONE',  ( -6.915000000000006253, 1.499999999999996003, -0.1049999999999999684 ) ) ;
#222 = DIRECTION ( 'NONE',  ( 0.000000000000000000, 1.000000000000000000, 0.000000000000000000 ) ) ;
#223 = AXIS2_PLACEMENT_3D ( 'NONE', #1615, #3016, #2573 ) ;
#224 = ORIENTED_EDGE ( 'NONE', *, *, #3084, .T. ) ;
#225 = CARTESIAN_POINT ( 'NONE',  ( 21.02500000000000924, 7.259999999999999787, -0.2099999999999966060 ) ) ;
#226 = CARTESIAN_POINT ( 'NONE',  ( -7.039999999999999147, -1.500000000000004219, -0.1049999999999999684 ) ) ;
#227 = DIRECTION ( 'NONE',  ( 0.000000000000000000, 0.000000000000000000, -1.000000000000000000 ) ) ;
#228 = EDGE_CURVE ( 'NONE', #2497, #3080, #434, .T. ) ;
#229 = VERTEX_POINT ( 'NONE', #2847 ) ;
#230 = DIRECTION ( 'NONE',  ( 1.036262870996401089E-16, -1.000000000000000000, -3.491481338843132961E-15 ) ) ;
#231 = CARTESIAN_POINT ( 'NONE',  ( -20.96499999999999986, 3.750000000000000888, 0.000000000000000000 ) ) ;
#232 = ADVANCED_FACE ( 'NONE', ( #2547 ), #1416, .F. ) ;
#233 = LINE ( 'NONE', #67, #1459 ) ;
#234 = ORIENTED_EDGE ( 'NONE', *, *, #624, .F. ) ;
#235 = VECTOR ( 'NONE', #230, 39.37007874015748143 ) ;
#236 = VERTEX_POINT ( 'NONE', #925 ) ;
#237 = DIRECTION ( 'NONE',  ( 0.000000000000000000, -1.000000000000000000, 0.000000000000000000 ) ) ;
#238 = LINE ( 'NONE', #2432, #2106 ) ;
#239 = ORIENTED_EDGE ( 'NONE', *, *, #632, .F. ) ;
#240 = VERTEX_POINT ( 'NONE', #2107 ) ;
#241 = LINE ( 'NONE', #1430, #2194 ) ;
#242 = CARTESIAN_POINT ( 'NONE',  ( 0.000000000000000000, 1.814999999999995728, -0.1049999999999999961 ) ) ;
#243 = CIRCLE ( 'NONE', #1982, 0.2099999999999979383 ) ;
#244 = CARTESIAN_POINT ( 'NONE',  ( 21.30000000000000782, 1.720000000000001306, -0.2700000000000003508 ) ) ;
#245 = EDGE_CURVE ( 'NONE', #2094, #2085, #1849, .T. ) ;
#246 = CARTESIAN_POINT ( 'NONE',  ( -21.15499999999999758, 7.469999999999998863, -0.7499999999999998890 ) ) ;
#247 = DIRECTION ( 'NONE',  ( -1.000000000000000000, 0.000000000000000000, 0.000000000000000000 ) ) ;
#248 = EDGE_CURVE ( 'NONE', #1802, #206, #3037, .T. ) ;
#249 = VECTOR ( 'NONE', #1677, 39.37007874015748143 ) ;
#250 = DIRECTION ( 'NONE',  ( -0.000000000000000000, -1.000000000000000000, -0.000000000000000000 ) ) ;
#251 = LINE ( 'NONE', #1453, #2930 ) ;
#252 = ORIENTED_EDGE ( 'NONE', *, *, #1652, .T. ) ;
#253 = VECTOR ( 'NONE', #765, 39.37007874015748143 ) ;
#254 = DIRECTION ( 'NONE',  ( 1.000000000000000000, -0.000000000000000000, -1.626099996228726381E-16 ) ) ;
#255 = VECTOR ( 'NONE', #1672, 39.37007874015748143 ) ;
#256 = CARTESIAN_POINT ( 'NONE',  ( 21.40500000000000469, -7.219999999999999751, -0.1049999999999999961 ) ) ;
#257 = ORIENTED_EDGE ( 'NONE', *, *, #2356, .F. ) ;
#258 = ORIENTED_EDGE ( 'NONE', *, *, #2774, .T. ) ;
#259 = FACE_OUTER_BOUND ( 'NONE', #1780, .T. ) ;
#260 = LINE ( 'NONE', #60, #2028 ) ;
#261 = CYLINDRICAL_SURFACE ( 'NONE', #914, 0.1049999999999990108 ) ;
#262 = FACE_OUTER_BOUND ( 'NONE', #2307, .T. ) ;
#263 = CARTESIAN_POINT ( 'NONE',  ( -21.29999999999999716, -7.220000000000004192, -0.2099999999999980216 ) ) ;
#264 = CARTESIAN_POINT ( 'NONE',  ( 21.40500000000000469, -4.520000000000001350, -0.5000000000000002220 ) ) ;
#265 = LINE ( 'NONE', #297, #831 ) ;
#266 = EDGE_CURVE ( 'NONE', #2311, #2467, #2317, .T. ) ;
#267 = CARTESIAN_POINT ( 'NONE',  ( -21.15499999999999758, 7.364999999999998437, -0.7500000000000004441 ) ) ;
#268 = CARTESIAN_POINT ( 'NONE',  ( 20.17500000000001137, 2.500000000000000444, -0.1049999999999999684 ) ) ;
#269 = ORIENTED_EDGE ( 'NONE', *, *, #2400, .F. ) ;
#270 = EDGE_CURVE ( 'NONE', #2602, #1153, #1874, .T. ) ;
#271 = AXIS2_PLACEMENT_3D ( 'NONE', #731, #2625, #1433 ) ;
#272 = PLANE ( 'NONE',  #2088 ) ;
#273 = VECTOR ( 'NONE', #520, 39.37007874015748143 ) ;
#274 = FACE_OUTER_BOUND ( 'NONE', #813, .T. ) ;
#275 = VERTEX_POINT ( 'NONE', #2376 ) ;
#276 = VECTOR ( 'NONE', #172, 39.37007874015748143 ) ;
#277 = LINE ( 'NONE', #1973, #503 ) ;
#278 = FACE_BOUND ( 'NONE', #2196, .T. ) ;
#279 = LINE ( 'NONE', #958, #621 ) ;
#280 = ORIENTED_EDGE ( 'NONE', *, *, #2545, .F. ) ;
#281 = CARTESIAN_POINT ( 'NONE',  ( 21.30000000000000782, -4.520000000000001350, -0.5000000000000002220 ) ) ;
#282 = DIRECTION ( 'NONE',  ( 0.000000000000000000, 0.000000000000000000, -1.000000000000000000 ) ) ;
#283 = EDGE_CURVE ( 'NONE', #1553, #470, #978, .T. ) ;
#284 = FACE_OUTER_BOUND ( 'NONE', #1954, .T. ) ;
#285 = EDGE_LOOP ( 'NONE', ( #2069, #1972, #1817, #1184 ) ) ;
#286 = ORIENTED_EDGE ( 'NONE', *, *, #2013, .T. ) ;
#287 = EDGE_CURVE ( 'NONE', #2584, #1575, #2578, .T. ) ;
#288 = CARTESIAN_POINT ( 'NONE',  ( 19.48400000000000531, 1.718999999999995865, 0.000000000000000000 ) ) ;
#289 = CYLINDRICAL_SURFACE ( 'NONE', #295, 0.1015000000000010894 ) ;
#290 = ORIENTED_EDGE ( 'NONE', *, *, #2510, .F. ) ;
#291 = DIRECTION ( 'NONE',  ( 0.000000000000000000, -2.766428348014441609E-15, 1.000000000000000000 ) ) ;
#292 = STYLED_ITEM ( 'NONE', ( #2075 ), #1799 ) ;
#293 = PLANE ( 'NONE',  #2381 ) ;
#294 = EDGE_LOOP ( 'NONE', ( #2546, #2871 ) ) ;
#295 = AXIS2_PLACEMENT_3D ( 'NONE', #1707, #2690, #1958 ) ;
#296 = DIRECTION ( 'NONE',  ( -0.000000000000000000, -0.000000000000000000, 1.000000000000000000 ) ) ;
#297 = CARTESIAN_POINT ( 'NONE',  ( 14.96750000000000647, -1.718000000000004190, -0.7500000000000004441 ) ) ;
#298 = UNCERTAINTY_MEASURE_WITH_UNIT (LENGTH_MEASURE( 1.000000000000000082E-05 ), #3034, 'distance_accuracy_value', 'NONE');
#299 = ORIENTED_EDGE ( 'NONE', *, *, #134, .F. ) ;
#300 = CIRCLE ( 'NONE', #1385, 0.2099999999999978828 ) ;
#301 = DIRECTION ( 'NONE',  ( -1.000000000000000000, -1.036262870996637748E-16, 6.776677193585765683E-15 ) ) ;
#302 = ORIENTED_EDGE ( 'NONE', *, *, #99, .T. ) ;
#303 = AXIS2_PLACEMENT_3D ( 'NONE', #1265, #2931, #2192 ) ;
#304 = EDGE_CURVE ( 'NONE', #1985, #2920, #635, .T. ) ;
#305 = ORIENTED_EDGE ( 'NONE', *, *, #1647, .F. ) ;
#306 = VERTEX_POINT ( 'NONE', #1145 ) ;
#307 = DIRECTION ( 'NONE',  ( 1.000000000000000000, 0.000000000000000000, -3.491481338843132961E-15 ) ) ;
#308 = DIRECTION ( 'NONE',  ( 6.776677193585764106E-15, -0.000000000000000000, 1.000000000000000000 ) ) ;
#309 = VERTEX_POINT ( 'NONE', #466 ) ;
#310 = EDGE_CURVE ( 'NONE', #780, #2482, #353, .T. ) ;
#311 = CARTESIAN_POINT ( 'NONE',  ( -21.15499999999999758, -7.365000000000006430, -0.7500000000000004441 ) ) ;
#312 = FACE_BOUND ( 'NONE', #2815, .T. ) ;
#313 = CARTESIAN_POINT ( 'NONE',  ( -16.97499999999999432, -1.500000000000004219, -0.1049999999999999684 ) ) ;
#314 = EDGE_CURVE ( 'NONE', #1408, #2661, #1833, .T. ) ;
#315 = ORIENTED_EDGE ( 'NONE', *, *, #2991, .F. ) ;
#316 = LINE ( 'NONE', #594, #2610 ) ;
#317 = APPLICATION_CONTEXT ( 'automotive_design' ) ;
#318 = DIRECTION ( 'NONE',  ( 1.000000000000000000, 0.000000000000000000, 0.000000000000000000 ) ) ;
#319 = VERTEX_POINT ( 'NONE', #2785 ) ;
#320 = AXIS2_PLACEMENT_3D ( 'NONE', #1596, #1656, #2607 ) ;
#321 = ORIENTED_EDGE ( 'NONE', *, *, #1099, .F. ) ;
#322 = CARTESIAN_POINT ( 'NONE',  ( 21.30000000000000782, 7.220000000000002416, 0.000000000000000000 ) ) ;
#323 = CARTESIAN_POINT ( 'NONE',  ( -21.29999999999999716, -7.220000000000004192, -0.1050000000000003431 ) ) ;
#324 = ORIENTED_EDGE ( 'NONE', *, *, #2545, .T. ) ;
#325 = PRODUCT_DEFINITION_FORMATION_WITH_SPECIFIED_SOURCE ( 'ANY', '', #477, .NOT_KNOWN. ) ;
#326 = CIRCLE ( 'NONE', #2965, 0.1249999999999938799 ) ;
#327 = FACE_OUTER_BOUND ( 'NONE', #1955, .T. ) ;
#328 = ADVANCED_FACE ( 'NONE', ( #651 ), #199, .F. ) ;
#329 = CARTESIAN_POINT ( 'NONE',  ( -21.15499999999999403, -7.470000000000004192, 0.000000000000000000 ) ) ;
#330 = EDGE_LOOP ( 'NONE', ( #2970, #828, #2915, #378 ) ) ;
#331 = EDGE_CURVE ( 'NONE', #206, #1056, #991, .T. ) ;
#332 = CARTESIAN_POINT ( 'NONE',  ( 7.190000000000000391, 1.814999999999995728, -0.1049999999999999961 ) ) ;
#333 = CARTESIAN_POINT ( 'NONE',  ( -16.39499999999999602, -1.900000000000005240, -0.7500000000000004441 ) ) ;
#334 = LINE ( 'NONE', #1043, #2211 ) ;
#335 = ORIENTED_EDGE ( 'NONE', *, *, #304, .F. ) ;
#336 = PLANE ( 'NONE',  #1639 ) ;
#337 = CARTESIAN_POINT ( 'NONE',  ( 21.02500000000000213, 7.259999999999999787, -0.2099999999999966060 ) ) ;
#338 = VERTEX_POINT ( 'NONE', #311 ) ;
#339 = DIRECTION ( 'NONE',  ( 1.000000000000000000, 0.000000000000000000, 0.000000000000000000 ) ) ;
#340 = LINE ( 'NONE', #109, #2179 ) ;
#341 = EDGE_LOOP ( 'NONE', ( #299, #878 ) ) ;
#342 = EDGE_CURVE ( 'NONE', #2012, #1730, #698, .T. ) ;
#343 = CIRCLE ( 'NONE', #1277, 0.09499999999999994560 ) ;
#344 = CARTESIAN_POINT ( 'NONE',  ( 15.02500000000000568, -1.800000000000003375, 0.000000000000000000 ) ) ;
#345 = CARTESIAN_POINT ( 'NONE',  ( -7.039999999999999147, -1.500000000000004219, -0.7500000000000004441 ) ) ;
#346 = VECTOR ( 'NONE', #354, 39.37007874015748143 ) ;
#347 = EDGE_CURVE ( 'NONE', #715, #2255, #2692, .T. ) ;
#348 = FACE_OUTER_BOUND ( 'NONE', #1754, .T. ) ;
#349 = ORIENTED_EDGE ( 'NONE', *, *, #518, .T. ) ;
#350 = ORIENTED_EDGE ( 'NONE', *, *, #953, .F. ) ;
#351 = AXIS2_PLACEMENT_3D ( 'NONE', #2762, #629, #1568 ) ;
#352 = CARTESIAN_POINT ( 'NONE',  ( 21.19500000000000739, -7.219999999999998863, -0.2099999999999980216 ) ) ;
#353 = CIRCLE ( 'NONE', #1537, 0.1249999999999927974 ) ;
#354 = DIRECTION ( 'NONE',  ( 1.626099996228726381E-16, 0.000000000000000000, 1.000000000000000000 ) ) ;
#355 = EDGE_LOOP ( 'NONE', ( #1836, #1365, #1204, #269 ) ) ;
#356 = DIRECTION ( 'NONE',  ( -1.000000000000000000, 0.000000000000000000, 0.000000000000000000 ) ) ;
#357 = CARTESIAN_POINT ( 'NONE',  ( -21.19500000000000028, 7.220000000000002416, -0.2099999999999987432 ) ) ;
#358 = CIRCLE ( 'NONE', #149, 0.1015000000000010894 ) ;
#359 = ORIENTED_EDGE ( 'NONE', *, *, #494, .F. ) ;
#360 = CARTESIAN_POINT ( 'NONE',  ( -20.96499999999999986, -3.750000000000003997, -0.7500000000000004441 ) ) ;
#361 = EDGE_CURVE ( 'NONE', #3000, #111, #2901, .T. ) ;
#362 = CARTESIAN_POINT ( 'NONE',  ( 15.02500000000000568, -1.800000000000003375, 0.000000000000000000 ) ) ;
#363 = ADVANCED_FACE ( 'NONE', ( #1709 ), #2174, .F. ) ;
#364 = DIRECTION ( 'NONE',  ( 1.000000000000000000, 1.227796851085061932E-16, 0.000000000000000000 ) ) ;
#365 = ORIENTED_EDGE ( 'NONE', *, *, #270, .F. ) ;
#366 = ORIENTED_EDGE ( 'NONE', *, *, #1303, .F. ) ;
#367 = CARTESIAN_POINT ( 'NONE',  ( 21.02500000000000213, 7.365000000000001101, -0.2099999999999991318 ) ) ;
#368 = EDGE_CURVE ( 'NONE', #936, #2321, #1737, .T. ) ;
#369 = CARTESIAN_POINT ( 'NONE',  ( -16.85000000000000142, -1.500000000000004219, 0.000000000000000000 ) ) ;
#370 = ORIENTED_EDGE ( 'NONE', *, *, #2854, .F. ) ;
#371 = DIRECTION ( 'NONE',  ( 0.000000000000000000, 0.000000000000000000, -1.000000000000000000 ) ) ;
#372 = DIRECTION ( 'NONE',  ( -0.000000000000000000, -1.000000000000000000, -0.000000000000000000 ) ) ;
#373 = VERTEX_POINT ( 'NONE', #1498 ) ;
#374 = DIRECTION ( 'NONE',  ( -0.000000000000000000, -0.000000000000000000, 1.000000000000000000 ) ) ;
#375 = VECTOR ( 'NONE', #2805, 39.37007874015748143 ) ;
#376 = FACE_OUTER_BOUND ( 'NONE', #2132, .T. ) ;
#377 = DIRECTION ( 'NONE',  ( 0.000000000000000000, 0.000000000000000000, -1.000000000000000000 ) ) ;
#378 = ORIENTED_EDGE ( 'NONE', *, *, #2748, .F. ) ;
#379 = ORIENTED_EDGE ( 'NONE', *, *, #990, .T. ) ;
#380 = EDGE_CURVE ( 'NONE', #48, #3080, #1945, .T. ) ;
#381 = CARTESIAN_POINT ( 'NONE',  ( -21.30000000000000426, 7.220000000000002416, -0.7500000000000004441 ) ) ;
#382 = CARTESIAN_POINT ( 'NONE',  ( 21.02500000000000568, 7.470000000000000639, 0.000000000000000000 ) ) ;
#383 = ORIENTED_EDGE ( 'NONE', *, *, #1606, .F. ) ;
#384 = EDGE_CURVE ( 'NONE', #1826, #936, #1205, .T. ) ;
#385 = CARTESIAN_POINT ( 'NONE',  ( 20.17500000000001137, 2.500000000000000444, -0.1049999999999999684 ) ) ;
#386 = CARTESIAN_POINT ( 'NONE',  ( -21.15499999999999758, 7.469999999999996199, -0.1049999999999999961 ) ) ;
#387 = AXIS2_PLACEMENT_3D ( 'NONE', #941, #1862, #2348 ) ;
#388 = ORIENTED_EDGE ( 'NONE', *, *, #913, .F. ) ;
#389 = FACE_BOUND ( 'NONE', #2183, .T. ) ;
#390 = LINE ( 'NONE', #1563, #174 ) ;
#391 = VECTOR ( 'NONE', #1480, 39.37007874015748143 ) ;
#392 = LINE ( 'NONE', #668, #426 ) ;
#393 = ORIENTED_EDGE ( 'NONE', *, *, #892, .F. ) ;
#394 = ORIENTED_EDGE ( 'NONE', *, *, #2341, .F. ) ;
#395 = LINE ( 'NONE', #2586, #3044 ) ;
#396 = FACE_OUTER_BOUND ( 'NONE', #989, .T. ) ;
#397 = VERTEX_POINT ( 'NONE', #1436 ) ;
#398 = VECTOR ( 'NONE', #3020, 39.37007874015748143 ) ;
#399 = CARTESIAN_POINT ( 'NONE',  ( -16.85000000000000142, 1.499999999999996003, -0.7500000000000004441 ) ) ;
#400 = DIRECTION ( 'NONE',  ( -0.000000000000000000, -0.000000000000000000, 1.000000000000000000 ) ) ;
#401 = EDGE_CURVE ( 'NONE', #1512, #2792, #277, .T. ) ;
#402 = CIRCLE ( 'NONE', #995, 0.1049999999999990108 ) ;
#403 = EDGE_LOOP ( 'NONE', ( #1044, #87, #1740, #1200 ) ) ;
#404 = VECTOR ( 'NONE', #1842, 39.37007874015748143 ) ;
#405 = FACE_OUTER_BOUND ( 'NONE', #1130, .T. ) ;
#406 = ADVANCED_FACE ( 'NONE', ( #327 ), #1234, .F. ) ;
#407 = CARTESIAN_POINT ( 'NONE',  ( 20.17500000000001137, -3.750000000000003997, -0.1049999999999999684 ) ) ;
#408 = ORIENTED_EDGE ( 'NONE', *, *, #1500, .T. ) ;
#409 = DIRECTION ( 'NONE',  ( -0.000000000000000000, -0.000000000000000000, 1.000000000000000000 ) ) ;
#410 = LINE ( 'NONE', #1471, #2676 ) ;
#411 = ORIENTED_EDGE ( 'NONE', *, *, #1947, .T. ) ;
#412 = LINE ( 'NONE', #3074, #1698 ) ;
#413 = CARTESIAN_POINT ( 'NONE',  ( 21.40500000000000469, -7.219999999999998863, -0.5000000000000000000 ) ) ;
#414 = ORIENTED_EDGE ( 'NONE', *, *, #682, .F. ) ;
#415 = CARTESIAN_POINT ( 'NONE',  ( 7.190000000000000391, 1.814999999999995728, -0.7500000000000004441 ) ) ;
#416 = ADVANCED_FACE ( 'NONE', ( #262 ), #2220, .T. ) ;
#417 = FACE_OUTER_BOUND ( 'NONE', #2946, .T. ) ;
#418 = FACE_BOUND ( 'NONE', #1208, .T. ) ;
#419 = CARTESIAN_POINT ( 'NONE',  ( -7.040000000000000036, 1.499999999999996003, -0.7500000000000004441 ) ) ;
#420 = ORIENTED_EDGE ( 'NONE', *, *, #1514, .T. ) ;
#421 = EDGE_CURVE ( 'NONE', #1397, #2466, #1250, .T. ) ;
#422 = VECTOR ( 'NONE', #1319, 39.37007874015748143 ) ;
#423 = CARTESIAN_POINT ( 'NONE',  ( 21.02500000000000568, 7.470000000000000639, -0.1049999999999999961 ) ) ;
#424 = ORIENTED_EDGE ( 'NONE', *, *, #1264, .F. ) ;
#425 = AXIS2_PLACEMENT_3D ( 'NONE', #1976, #2018, #1487 ) ;
#426 = VECTOR ( 'NONE', #2051, 39.37007874015748143 ) ;
#427 = VERTEX_POINT ( 'NONE', #733 ) ;
#428 = CYLINDRICAL_SURFACE ( 'NONE', #2244, 0.1250000000000004441 ) ;
#429 = CARTESIAN_POINT ( 'NONE',  ( 21.02500000000000213, -7.470000000000000639, -0.7499999999999998890 ) ) ;
#430 = EDGE_LOOP ( 'NONE', ( #2022, #2929, #1380, #603 ) ) ;
#431 = LINE ( 'NONE', #647, #998 ) ;
#432 = LINE ( 'NONE', #242, #545 ) ;
#433 = ORIENTED_EDGE ( 'NONE', *, *, #1233, .F. ) ;
#434 = LINE ( 'NONE', #1593, #1569 ) ;
#435 = CARTESIAN_POINT ( 'NONE',  ( -21.40503937007874313, 4.520000000000001350, -0.5000000000000000000 ) ) ;
#436 = CIRCLE ( 'NONE', #2723, 0.1049999999999990108 ) ;
#437 = ADVANCED_FACE ( 'NONE', ( #2442 ), #63, .F. ) ;
#438 = ORIENTED_EDGE ( 'NONE', *, *, #648, .T. ) ;
#439 = CARTESIAN_POINT ( 'NONE',  ( 21.30000000000000782, 0.000000000000000000, -0.5000000000000003331 ) ) ;
#440 = DIRECTION ( 'NONE',  ( 0.000000000000000000, 1.000000000000000000, 0.000000000000000000 ) ) ;
#441 = ADVANCED_FACE ( 'NONE', ( #2206 ), #78, .F. ) ;
#442 = ORIENTED_EDGE ( 'NONE', *, *, #211, .T. ) ;
#443 = AXIS2_PLACEMENT_3D ( 'NONE', #836, #1065, #2237 ) ;
#444 = CARTESIAN_POINT ( 'NONE',  ( -7.039999999999999147, -1.500000000000004219, -0.7500000000000004441 ) ) ;
#445 = LINE ( 'NONE', #2354, #1812 ) ;
#446 = ORIENTED_EDGE ( 'NONE', *, *, #2704, .T. ) ;
#447 = VECTOR ( 'NONE', #2024, 39.37007874015748143 ) ;
#448 = CARTESIAN_POINT ( 'NONE',  ( 21.02500000000000568, -7.469999999999998863, -0.1049999999999999961 ) ) ;
#449 = VERTEX_POINT ( 'NONE', #794 ) ;
#450 = VECTOR ( 'NONE', #519, 39.37007874015748143 ) ;
#451 = DIRECTION ( 'NONE',  ( 0.000000000000000000, -1.000000000000000000, 0.000000000000000000 ) ) ;
#452 = CARTESIAN_POINT ( 'NONE',  ( 14.76450000000000351, 1.718999999999995865, -0.7500000000000004441 ) ) ;
#453 = AXIS2_PLACEMENT_3D ( 'NONE', #1676, #1449, #1466 ) ;
#454 = ORIENTED_EDGE ( 'NONE', *, *, #177, .F. ) ;
#455 = CIRCLE ( 'NONE', #2137, 0.09499999999999994560 ) ;
#456 = LINE ( 'NONE', #1392, #3013 ) ;
#457 = CARTESIAN_POINT ( 'NONE',  ( 21.40500000000000469, 0.000000000000000000, 3.666055405785289629E-16 ) ) ;
#458 = VERTEX_POINT ( 'NONE', #2627 ) ;
#459 = EDGE_CURVE ( 'NONE', #2113, #1822, #498, .T. ) ;
#460 = PLANE ( 'NONE',  #2900 ) ;
#461 = LINE ( 'NONE', #2368, #2918 ) ;
#462 = ORIENTED_EDGE ( 'NONE', *, *, #1790, .F. ) ;
#463 = EDGE_CURVE ( 'NONE', #715, #2698, #2648, .T. ) ;
#464 = LINE ( 'NONE', #1399, #255 ) ;
#465 = VERTEX_POINT ( 'NONE', #1309 ) ;
#466 = CARTESIAN_POINT ( 'NONE',  ( 21.02500000000000568, -7.219999999999999751, -0.1049999999999999961 ) ) ;
#467 = DIRECTION ( 'NONE',  ( -1.000000000000000000, 0.000000000000000000, 0.000000000000000000 ) ) ;
#468 = LINE ( 'NONE', #1964, #2812 ) ;
#469 = CARTESIAN_POINT ( 'NONE',  ( -16.39499999999999602, -1.900000000000005240, -0.7500000000000004441 ) ) ;
#470 = VERTEX_POINT ( 'NONE', #2736 ) ;
#471 = FACE_OUTER_BOUND ( 'NONE', #2021, .T. ) ;
#472 = VECTOR ( 'NONE', #1414, 39.37007874015748143 ) ;
#473 = CARTESIAN_POINT ( 'NONE',  ( -16.39499999999999602, 1.899999999999994804, -0.7500000000000004441 ) ) ;
#474 = VECTOR ( 'NONE', #250, 39.37007874015748143 ) ;
#475 = ORIENTED_EDGE ( 'NONE', *, *, #2417, .F. ) ;
#476 = EDGE_CURVE ( 'NONE', #2448, #1397, #552, .T. ) ;
#477 = PRODUCT ( 'P19500-17-(12gacr ANSI-61) - K47 - V1-R0', 'P19500-17-(12gacr ANSI-61) - K47 - V1-R0', '', ( #1661 ) ) ;
#478 = CARTESIAN_POINT ( 'NONE',  ( -21.15499999999999758, 7.259999999999999787, -0.2100000000000034617 ) ) ;
#479 =( NAMED_UNIT ( * ) PLANE_ANGLE_UNIT ( ) SI_UNIT ( $, .RADIAN. ) );
#480 = CARTESIAN_POINT ( 'NONE',  ( -21.40500000000000114, -7.220000000000004192, -0.7499999999999998890 ) ) ;
#481 = EDGE_CURVE ( 'NONE', #1000, #427, #2027, .T. ) ;
#482 = ORIENTED_EDGE ( 'NONE', *, *, #2459, .T. ) ;
#483 = DIRECTION ( 'NONE',  ( 1.295328588745494860E-16, -1.000000000000000000, 3.391901413832837195E-15 ) ) ;
#484 = CARTESIAN_POINT ( 'NONE',  ( 7.190000000000000391, 1.814999999999995728, 0.000000000000000000 ) ) ;
#485 = FACE_OUTER_BOUND ( 'NONE', #54, .T. ) ;
#486 = CARTESIAN_POINT ( 'NONE',  ( -21.40499999999999758, 7.220000000000002416, 1.454213808692818078E-13 ) ) ;
#487 = ORIENTED_EDGE ( 'NONE', *, *, #554, .F. ) ;
#488 = DIRECTION ( 'NONE',  ( 0.000000000000000000, 0.000000000000000000, 1.000000000000000000 ) ) ;
#489 = DIRECTION ( 'NONE',  ( 0.000000000000000000, 1.000000000000000000, 0.000000000000000000 ) ) ;
#490 = ORIENTED_EDGE ( 'NONE', *, *, #3007, .F. ) ;
#491 = CIRCLE ( 'NONE', #1527, 0.09999999999999947820 ) ;
#492 = ORIENTED_EDGE ( 'NONE', *, *, #706, .F. ) ;
#493 = LINE ( 'NONE', #2170, #1046 ) ;
#494 = EDGE_CURVE ( 'NONE', #1809, #900, #2191, .T. ) ;
#495 = CARTESIAN_POINT ( 'NONE',  ( 21.02500000000000213, -7.365000000000001101, -0.7500000000000004441 ) ) ;
#496 = CIRCLE ( 'NONE', #2633, 0.1249999999999927974 ) ;
#497 = LINE ( 'NONE', #870, #1109 ) ;
#498 = LINE ( 'NONE', #2882, #3039 ) ;
#499 = EDGE_CURVE ( 'NONE', #188, #309, #1528, .T. ) ;
#500 = CYLINDRICAL_SURFACE ( 'NONE', #2337, 0.1249999999999927974 ) ;
#501 = VECTOR ( 'NONE', #2318, 39.37007874015748143 ) ;
#502 = EDGE_CURVE ( 'NONE', #2053, #1716, #2282, .T. ) ;
#503 = VECTOR ( 'NONE', #2426, 39.37007874015748143 ) ;
#504 = FACE_OUTER_BOUND ( 'NONE', #2428, .T. ) ;
#505 = CARTESIAN_POINT ( 'NONE',  ( 14.86600000000000499, -1.718000000000004190, -0.7500000000000004441 ) ) ;
#506 = CIRCLE ( 'NONE', #1193, 0.1249999999999862332 ) ;
#507 = DIRECTION ( 'NONE',  ( 0.000000000000000000, 0.000000000000000000, 1.000000000000000000 ) ) ;
#508 = DIRECTION ( 'NONE',  ( -0.000000000000000000, -0.000000000000000000, 1.000000000000000000 ) ) ;
#509 = ORIENTED_EDGE ( 'NONE', *, *, #2400, .T. ) ;
#510 = ORIENTED_EDGE ( 'NONE', *, *, #248, .T. ) ;
#511 = LINE ( 'NONE', #1432, #691 ) ;
#512 = ORIENTED_EDGE ( 'NONE', *, *, #2475, .T. ) ;
#513 = CARTESIAN_POINT ( 'NONE',  ( -21.40499999999999758, 7.220000000000002416, 0.000000000000000000 ) ) ;
#514 = FACE_BOUND ( 'NONE', #162, .T. ) ;
#515 = EDGE_CURVE ( 'NONE', #169, #2746, #108, .T. ) ;
#516 = PLANE ( 'NONE',  #1216 ) ;
#517 = LINE ( 'NONE', #2162, #537 ) ;
#518 = EDGE_CURVE ( 'NONE', #1807, #2642, #943, .T. ) ;
#519 = DIRECTION ( 'NONE',  ( -1.000000000000000000, -0.000000000000000000, -0.000000000000000000 ) ) ;
#520 = DIRECTION ( 'NONE',  ( 0.000000000000000000, 0.000000000000000000, 1.000000000000000000 ) ) ;
#521 = VERTEX_POINT ( 'NONE', #2720 ) ;
#522 = ORIENTED_EDGE ( 'NONE', *, *, #1714, .T. ) ;
#523 = DIRECTION ( 'NONE',  ( -1.000000000000000000, 0.000000000000000000, 1.626099996228726381E-16 ) ) ;
#524 = AXIS2_PLACEMENT_3D ( 'NONE', #857, #564, #1806 ) ;
#525 = CARTESIAN_POINT ( 'NONE',  ( -21.29999999999999716, 7.220000000000002416, -0.2099999999999980216 ) ) ;
#526 = VERTEX_POINT ( 'NONE', #1051 ) ;
#527 = DIRECTION ( 'NONE',  ( 1.000000000000000000, 0.000000000000000000, 0.000000000000000000 ) ) ;
#528 = FACE_BOUND ( 'NONE', #1587, .T. ) ;
#529 = CARTESIAN_POINT ( 'NONE',  ( 21.02500000000000568, -7.469999999999998863, -0.1049999999999999961 ) ) ;
#530 = ORIENTED_EDGE ( 'NONE', *, *, #628, .F. ) ;
#531 = EDGE_CURVE ( 'NONE', #2200, #1013, #3001, .T. ) ;
#532 = DIRECTION ( 'NONE',  ( -6.776677193585764106E-15, 0.000000000000000000, -1.000000000000000000 ) ) ;
#533 = DIRECTION ( 'NONE',  ( 1.000000000000000000, 0.000000000000000000, 0.000000000000000000 ) ) ;
#534 = ADVANCED_FACE ( 'NONE', ( #834 ), #2487, .F. ) ;
#535 = DIRECTION ( 'NONE',  ( 6.776677193585765683E-15, 0.000000000000000000, 1.000000000000000000 ) ) ;
#536 = ORIENTED_EDGE ( 'NONE', *, *, #2854, .T. ) ;
#537 = VECTOR ( 'NONE', #1665, 39.37007874015748143 ) ;
#538 = ORIENTED_EDGE ( 'NONE', *, *, #1592, .F. ) ;
#539 = ORIENTED_EDGE ( 'NONE', *, *, #1192, .T. ) ;
#540 = CARTESIAN_POINT ( 'NONE',  ( -7.494999999999993889, 1.899999999999995914, -0.1049999999999999684 ) ) ;
#541 = ADVANCED_FACE ( 'NONE', ( #588 ), #1573, .F. ) ;
#542 = FACE_OUTER_BOUND ( 'NONE', #1117, .T. ) ;
#543 = EDGE_LOOP ( 'NONE', ( #158, #370 ) ) ;
#544 = DIRECTION ( 'NONE',  ( 1.000000000000000000, 1.295328588745500776E-16, -2.590657177491003956E-17 ) ) ;
#545 = VECTOR ( 'NONE', #1400, 39.37007874015748143 ) ;
#546 = CARTESIAN_POINT ( 'NONE',  ( 20.27000000000001023, 3.750000000000000888, -0.1049999999999999684 ) ) ;
#547 = ORIENTED_EDGE ( 'NONE', *, *, #2164, .T. ) ;
#548 = CARTESIAN_POINT ( 'NONE',  ( -21.15499999999999758, 7.259999999999999787, 0.000000000000000000 ) ) ;
#549 = VECTOR ( 'NONE', #1212, 39.37007874015748143 ) ;
#550 = CARTESIAN_POINT ( 'NONE',  ( 21.02500000000000924, 7.259999999999999787, 1.297627796990524979E-15 ) ) ;
#551 = ORIENTED_EDGE ( 'NONE', *, *, #856, .F. ) ;
#552 = CIRCLE ( 'NONE', #201, 0.09499999999999994560 ) ;
#553 = ORIENTED_EDGE ( 'NONE', *, *, #85, .T. ) ;
#554 = EDGE_CURVE ( 'NONE', #936, #188, #402, .T. ) ;
#555 = AXIS2_PLACEMENT_3D ( 'NONE', #2468, #2484, #1778 ) ;
#556 = CARTESIAN_POINT ( 'NONE',  ( 7.190000000000000391, -1.815000000000004610, -0.7500000000000004441 ) ) ;
#557 = DIRECTION ( 'NONE',  ( 9.988475296761473310E-17, 1.000000000000000000, 0.000000000000000000 ) ) ;
#558 = EDGE_LOOP ( 'NONE', ( #586, #719, #366, #1281 ) ) ;
#559 = EDGE_CURVE ( 'NONE', #3003, #1731, #2014, .T. ) ;
#560 = CARTESIAN_POINT ( 'NONE',  ( -21.15499999999999758, 7.469999999999996199, -0.1049999999999996353 ) ) ;
#561 = DIRECTION ( 'NONE',  ( 1.000000000000000000, -0.000000000000000000, 6.123233995736767268E-17 ) ) ;
#562 = EDGE_LOOP ( 'NONE', ( #1026, #983, #727, #756 ) ) ;
#563 = LINE ( 'NONE', #333, #714 ) ;
#564 = DIRECTION ( 'NONE',  ( -0.000000000000000000, -0.000000000000000000, 1.000000000000000000 ) ) ;
#565 = ORIENTED_EDGE ( 'NONE', *, *, #2721, .T. ) ;
#566 = ORIENTED_EDGE ( 'NONE', *, *, #1415, .T. ) ;
#567 = DIRECTION ( 'NONE',  ( 0.000000000000000000, -1.000000000000000000, 0.000000000000000000 ) ) ;
#568 = LINE ( 'NONE', #1811, #2231 ) ;
#569 = VERTEX_POINT ( 'NONE', #2766 ) ;
#570 = EDGE_CURVE ( 'NONE', #2306, #986, #1513, .T. ) ;
#571 = VECTOR ( 'NONE', #2379, 39.37007874015748143 ) ;
#572 = AXIS2_PLACEMENT_3D ( 'NONE', #707, #1383, #2101 ) ;
#573 = CARTESIAN_POINT ( 'NONE',  ( -21.40503937007874313, -1.720000000000001306, -0.2700000000000007394 ) ) ;
#574 = DIRECTION ( 'NONE',  ( 0.000000000000000000, 0.000000000000000000, 1.000000000000000000 ) ) ;
#575 = AXIS2_PLACEMENT_3D ( 'NONE', #2845, #710, #1098 ) ;
#576 = ADVANCED_FACE ( 'NONE', ( #2472 ), #819, .F. ) ;
#577 = VECTOR ( 'NONE', #296, 39.37007874015748143 ) ;
#578 = DIRECTION ( 'NONE',  ( -0.000000000000000000, -0.000000000000000000, 1.000000000000000000 ) ) ;
#579 = DIRECTION ( 'NONE',  ( 0.000000000000000000, 0.000000000000000000, -1.000000000000000000 ) ) ;
#580 = LINE ( 'NONE', #1775, #1160 ) ;
#581 = ORIENTED_EDGE ( 'NONE', *, *, #2496, .F. ) ;
#582 = VERTEX_POINT ( 'NONE', #1338 ) ;
#583 = CARTESIAN_POINT ( 'NONE',  ( 20.17500000000001137, -3.750000000000003997, -0.7500000000000004441 ) ) ;
#584 = AXIS2_PLACEMENT_3D ( 'NONE', #2112, #1612, #2068 ) ;
#585 = CARTESIAN_POINT ( 'NONE',  ( 10.82000000000000028, -1.815000000000004610, 0.000000000000000000 ) ) ;
#586 = ORIENTED_EDGE ( 'NONE', *, *, #1943, .T. ) ;
#587 = ADVANCED_FACE ( 'NONE', ( #2001 ), #1545, .T. ) ;
#588 = FACE_OUTER_BOUND ( 'NONE', #2672, .T. ) ;
#589 = DIRECTION ( 'NONE',  ( 0.000000000000000000, 0.000000000000000000, 1.000000000000000000 ) ) ;
#590 = ORIENTED_EDGE ( 'NONE', *, *, #2029, .T. ) ;
#591 = CIRCLE ( 'NONE', #2527, 0.1249999999999862332 ) ;
#592 = ADVANCED_FACE ( 'NONE', ( #1800 ), #1559, .F. ) ;
#593 = DIRECTION ( 'NONE',  ( -1.000000000000000000, 0.000000000000000000, -0.000000000000000000 ) ) ;
#594 = CARTESIAN_POINT ( 'NONE',  ( 0.000000000000000000, -1.815000000000004610, -0.1049999999999999961 ) ) ;
#595 = AXIS2_PLACEMENT_3D ( 'NONE', #369, #1797, #1074 ) ;
#596 = EDGE_CURVE ( 'NONE', #1731, #3014, #2357, .T. ) ;
#597 = CARTESIAN_POINT ( 'NONE',  ( 21.40500000000000469, 7.220000000000002416, -0.1049999999999999961 ) ) ;
#598 = EDGE_LOOP ( 'NONE', ( #302, #1831, #2977, #124 ) ) ;
#599 = EDGE_LOOP ( 'NONE', ( #2926, #2552, #939, #2007 ) ) ;
#600 = DIRECTION ( 'NONE',  ( -0.000000000000000000, -0.000000000000000000, 1.000000000000000000 ) ) ;
#601 = AXIS2_PLACEMENT_3D ( 'NONE', #1295, #2947, #808 ) ;
#602 = CARTESIAN_POINT ( 'NONE',  ( -7.494999999999993889, -1.900000000000004130, -0.7500000000000004441 ) ) ;
#603 = ORIENTED_EDGE ( 'NONE', *, *, #732, .T. ) ;
#604 = VECTOR ( 'NONE', #195, 39.37007874015748143 ) ;
#605 = DIRECTION ( 'NONE',  ( 0.000000000000000000, 0.000000000000000000, -1.000000000000000000 ) ) ;
#606 = DIRECTION ( 'NONE',  ( 0.000000000000000000, 0.000000000000000000, 1.000000000000000000 ) ) ;
#607 = ORIENTED_EDGE ( 'NONE', *, *, #3051, .T. ) ;
#608 = DIRECTION ( 'NONE',  ( 1.000000000000000000, -0.000000000000000000, -0.000000000000000000 ) ) ;
#609 = CARTESIAN_POINT ( 'NONE',  ( 14.86600000000000499, 1.718999999999995865, -0.7500000000000004441 ) ) ;
#610 = EDGE_CURVE ( 'NONE', #2094, #2467, #1847, .T. ) ;
#611 = CARTESIAN_POINT ( 'NONE',  ( 19.38250000000000384, 1.718999999999995865, -0.1049999999999999684 ) ) ;
#612 = ORIENTED_EDGE ( 'NONE', *, *, #118, .T. ) ;
#613 = ADVANCED_FACE ( 'NONE', ( #2060 ), #3050, .F. ) ;
#614 = ORIENTED_EDGE ( 'NONE', *, *, #2934, .T. ) ;
#615 = DIRECTION ( 'NONE',  ( 1.000000000000000000, 0.000000000000000000, 0.000000000000000000 ) ) ;
#616 = CARTESIAN_POINT ( 'NONE',  ( -7.494999999999993889, -1.900000000000004130, 0.000000000000000000 ) ) ;
#617 = ORIENTED_EDGE ( 'NONE', *, *, #2029, .F. ) ;
#618 = DIRECTION ( 'NONE',  ( 0.000000000000000000, 0.000000000000000000, -1.000000000000000000 ) ) ;
#619 = DIRECTION ( 'NONE',  ( 0.000000000000000000, 0.000000000000000000, 1.000000000000000000 ) ) ;
#620 = ORIENTED_EDGE ( 'NONE', *, *, #2227, .T. ) ;
#621 = VECTOR ( 'NONE', #1253, 39.37007874015748143 ) ;
#622 = DIRECTION ( 'NONE',  ( -0.000000000000000000, -0.000000000000000000, 1.000000000000000000 ) ) ;
#623 = DIRECTION ( 'NONE',  ( -1.000000000000000000, 0.000000000000000000, 0.000000000000000000 ) ) ;
#624 = EDGE_CURVE ( 'NONE', #1056, #1956, #3018, .T. ) ;
#625 = FACE_OUTER_BOUND ( 'NONE', #130, .T. ) ;
#626 = EDGE_LOOP ( 'NONE', ( #1501, #379, #2098, #2899 ) ) ;
#627 = ORIENTED_EDGE ( 'NONE', *, *, #248, .F. ) ;
#628 = EDGE_CURVE ( 'NONE', #1056, #1153, #1155, .T. ) ;
#629 = DIRECTION ( 'NONE',  ( 0.000000000000000000, 0.000000000000000000, -1.000000000000000000 ) ) ;
#630 = FACE_OUTER_BOUND ( 'NONE', #1379, .T. ) ;
#631 = ORIENTED_EDGE ( 'NONE', *, *, #1623, .T. ) ;
#632 = EDGE_CURVE ( 'NONE', #1870, #1388, #1794, .T. ) ;
#633 = DIRECTION ( 'NONE',  ( 0.000000000000000000, 0.000000000000000000, 1.000000000000000000 ) ) ;
#634 = CARTESIAN_POINT ( 'NONE',  ( 19.58550000000000679, 1.718999999999995865, 0.000000000000000000 ) ) ;
#635 = CIRCLE ( 'NONE', #2585, 0.09499999999999994560 ) ;
#636 = PLANE ( 'NONE',  #2735 ) ;
#637 = LINE ( 'NONE', #1579, #472 ) ;
#638 = AXIS2_PLACEMENT_3D ( 'NONE', #1850, #1450, #1961 ) ;
#639 = DIRECTION ( 'NONE',  ( -1.000000000000000000, -1.295328588745500776E-16, 2.590657177491003956E-17 ) ) ;
#640 = ORIENTED_EDGE ( 'NONE', *, *, #207, .F. ) ;
#641 = EDGE_LOOP ( 'NONE', ( #1102, #1969, #257, #1687 ) ) ;
#642 = DIRECTION ( 'NONE',  ( 0.000000000000000000, 0.000000000000000000, 1.000000000000000000 ) ) ;
#643 = LINE ( 'NONE', #2909, #1605 ) ;
#644 = ORIENTED_EDGE ( 'NONE', *, *, #1038, .T. ) ;
#645 = EDGE_CURVE ( 'NONE', #2729, #1979, #709, .T. ) ;
#646 = VECTOR ( 'NONE', #3067, 39.37007874015748143 ) ;
#647 = CARTESIAN_POINT ( 'NONE',  ( 3.005000000000002558, -3.680000000000004601, 0.000000000000000000 ) ) ;
#648 = EDGE_CURVE ( 'NONE', #148, #2094, #2343, .T. ) ;
#649 = VECTOR ( 'NONE', #1352, 39.37007874015748143 ) ;
#650 = VERTEX_POINT ( 'NONE', #1370 ) ;
#651 = FACE_OUTER_BOUND ( 'NONE', #3068, .T. ) ;
#652 = CARTESIAN_POINT ( 'NONE',  ( -21.40503937007874313, -4.520000000000001350, -0.5000000000000002220 ) ) ;
#653 = CARTESIAN_POINT ( 'NONE',  ( 20.27000000000001023, -2.500000000000003997, 0.000000000000000000 ) ) ;
#654 = DIRECTION ( 'NONE',  ( 1.000000000000000000, -0.000000000000000000, 0.000000000000000000 ) ) ;
#655 = ORIENTED_EDGE ( 'NONE', *, *, #1303, .T. ) ;
#656 = ORIENTED_EDGE ( 'NONE', *, *, #1321, .F. ) ;
#657 = CARTESIAN_POINT ( 'NONE',  ( 3.005000000000002558, -3.680000000000004601, -0.1049999999999999684 ) ) ;
#658 = PLANE ( 'NONE',  #1660 ) ;
#659 = ORIENTED_EDGE ( 'NONE', *, *, #287, .F. ) ;
#660 = FACE_OUTER_BOUND ( 'NONE', #932, .T. ) ;
#661 = ADVANCED_FACE ( 'NONE', ( #660 ), #1653, .T. ) ;
#662 = ORIENTED_EDGE ( 'NONE', *, *, #1694, .T. ) ;
#663 = CARTESIAN_POINT ( 'NONE',  ( 7.190000000000000391, -1.815000000000004610, 0.000000000000000000 ) ) ;
#664 = ADVANCED_FACE ( 'NONE', ( #2604 ), #922, .F. ) ;
#665 = CARTESIAN_POINT ( 'NONE',  ( 7.190000000000000391, -1.815000000000004610, -0.1049999999999999684 ) ) ;
#666 = EDGE_LOOP ( 'NONE', ( #1162, #1926, #2716, #1351 ) ) ;
#667 = VECTOR ( 'NONE', #982, 39.37007874015748143 ) ;
#668 = CARTESIAN_POINT ( 'NONE',  ( 10.82000000000000028, 1.814999999999995728, -0.7500000000000004441 ) ) ;
#669 = FACE_OUTER_BOUND ( 'NONE', #2963, .T. ) ;
#670 = VECTOR ( 'NONE', #1011, 39.37007874015748143 ) ;
#671 = UNCERTAINTY_MEASURE_WITH_UNIT (LENGTH_MEASURE( 1.000000000000000082E-05 ), #14, 'distance_accuracy_value', 'NONE');
#672 = ORIENTED_EDGE ( 'NONE', *, *, #1173, .F. ) ;
#673 = LINE ( 'NONE', #1381, #2646 ) ;
#674 = CARTESIAN_POINT ( 'NONE',  ( 21.19500000000000739, 7.220000000000002416, 0.000000000000000000 ) ) ;
#675 = ORIENTED_EDGE ( 'NONE', *, *, #2049, .T. ) ;
#676 = DIRECTION ( 'NONE',  ( 1.000000000000000000, 9.988475296761473310E-17, 0.000000000000000000 ) ) ;
#677 = ORIENTED_EDGE ( 'NONE', *, *, #2587, .T. ) ;
#678 = CARTESIAN_POINT ( 'NONE',  ( -21.15499999999999758, 7.469999999999997975, -0.2099999999999998812 ) ) ;
#679 = DIRECTION ( 'NONE',  ( -0.000000000000000000, -0.000000000000000000, 1.000000000000000000 ) ) ;
#680 = VECTOR ( 'NONE', #440, 39.37007874015748143 ) ;
#681 = EDGE_LOOP ( 'NONE', ( #305, #807, #522, #23 ) ) ;
#682 = EDGE_CURVE ( 'NONE', #704, #373, #431, .T. ) ;
#683 = CARTESIAN_POINT ( 'NONE',  ( -21.15499999999999758, 7.469999999999998863, -0.7499999999999998890 ) ) ;
#684 = PLANE ( 'NONE',  #584 ) ;
#685 = EDGE_LOOP ( 'NONE', ( #2248, #349, #2621, #2703 ) ) ;
#686 = ADVANCED_FACE ( 'NONE', ( #3077 ), #908, .F. ) ;
#687 = MECHANICAL_DESIGN_GEOMETRIC_PRESENTATION_REPRESENTATION (  '', ( #292 ), #1476 ) ;
#688 = CARTESIAN_POINT ( 'NONE',  ( -7.165000000000000036, -1.500000000000004219, 0.000000000000000000 ) ) ;
#689 = DIRECTION ( 'NONE',  ( 0.000000000000000000, 0.000000000000000000, 1.000000000000000000 ) ) ;
#690 = EDGE_LOOP ( 'NONE', ( #1316, #764 ) ) ;
#691 = VECTOR ( 'NONE', #2861, 39.37007874015748143 ) ;
#692 = CARTESIAN_POINT ( 'NONE',  ( -21.06499999999999773, 3.750000000000000888, 0.000000000000000000 ) ) ;
#693 = FILL_AREA_STYLE_COLOUR ( '', #1227 ) ;
#694 = EDGE_LOOP ( 'NONE', ( #994, #2000, #2495, #2843 ) ) ;
#695 = CIRCLE ( 'NONE', #2082, 0.1015000000000010894 ) ;
#696 = CARTESIAN_POINT ( 'NONE',  ( 21.19500000000000739, -7.219999999999998863, -0.1049999999999990108 ) ) ;
#697 = CARTESIAN_POINT ( 'NONE',  ( 20.27000000000001023, 3.750000000000000888, -0.7500000000000004441 ) ) ;
#698 = CIRCLE ( 'NONE', #453, 0.1015000000000010894 ) ;
#699 = ORIENTED_EDGE ( 'NONE', *, *, #2164, .F. ) ;
#700 = CIRCLE ( 'NONE', #3041, 0.1015000000000010894 ) ;
#701 = EDGE_CURVE ( 'NONE', #526, #1678, #506, .T. ) ;
#702 = CARTESIAN_POINT ( 'NONE',  ( -16.39499999999999602, -1.900000000000005240, 0.000000000000000000 ) ) ;
#703 = EDGE_LOOP ( 'NONE', ( #1662, #1582, #1374, #896 ) ) ;
#704 = VERTEX_POINT ( 'NONE', #2074 ) ;
#705 = LINE ( 'NONE', #267, #549 ) ;
#706 = EDGE_CURVE ( 'NONE', #309, #2523, #2561, .T. ) ;
#707 = CARTESIAN_POINT ( 'NONE',  ( 21.19500000000000739, -7.219999999999999751, -0.2099999999999980216 ) ) ;
#708 = ORIENTED_EDGE ( 'NONE', *, *, #803, .T. ) ;
#709 = LINE ( 'NONE', #879, #2895 ) ;
#710 = DIRECTION ( 'NONE',  ( 3.491481338843132961E-15, 0.000000000000000000, -1.000000000000000000 ) ) ;
#711 = ORIENTED_EDGE ( 'NONE', *, *, #1355, .F. ) ;
#712 = CARTESIAN_POINT ( 'NONE',  ( 15.02500000000000568, 0.000000000000000000, -0.1049999999999999961 ) ) ;
#713 = CARTESIAN_POINT ( 'NONE',  ( -7.740883646343118134E-16, 7.470000000000000639, -0.7500000000000001110 ) ) ;
#714 = VECTOR ( 'NONE', #1040, 39.37007874015748143 ) ;
#715 = VERTEX_POINT ( 'NONE', #1142 ) ;
#716 = FACE_OUTER_BOUND ( 'NONE', #2486, .T. ) ;
#717 = CYLINDRICAL_SURFACE ( 'NONE', #1774, 0.1015000000000010894 ) ;
#718 = VECTOR ( 'NONE', #47, 39.37007874015748143 ) ;
#719 = ORIENTED_EDGE ( 'NONE', *, *, #2687, .T. ) ;
#720 = VECTOR ( 'NONE', #1994, 39.37007874015748143 ) ;
#721 = ADVANCED_FACE ( 'NONE', ( #1858 ), #2346, .T. ) ;
#722 = CARTESIAN_POINT ( 'NONE',  ( -21.15499999999999758, 7.469999999999996199, 2.567749485862135254E-14 ) ) ;
#723 = AXIS2_PLACEMENT_3D ( 'NONE', #419, #1328, #1891 ) ;
#724 = CARTESIAN_POINT ( 'NONE',  ( -21.29999999999999716, -7.220000000000004192, -0.2099999999999980216 ) ) ;
#725 = AXIS2_PLACEMENT_3D ( 'NONE', #2521, #901, #2567 ) ;
#726 = ORIENTED_EDGE ( 'NONE', *, *, #1285, .F. ) ;
#727 = ORIENTED_EDGE ( 'NONE', *, *, #2943, .T. ) ;
#728 = EDGE_CURVE ( 'NONE', #1388, #1870, #2793, .T. ) ;
#729 = DIRECTION ( 'NONE',  ( 3.491481338843132961E-15, -0.000000000000000000, 1.000000000000000000 ) ) ;
#730 = CARTESIAN_POINT ( 'NONE',  ( -16.97499999999999432, -1.500000000000004219, -0.7500000000000004441 ) ) ;
#731 = CARTESIAN_POINT ( 'NONE',  ( -7.040000000000000036, 1.499999999999996003, 0.000000000000000000 ) ) ;
#732 = EDGE_CURVE ( 'NONE', #1575, #2094, #464, .T. ) ;
#733 = CARTESIAN_POINT ( 'NONE',  ( 21.40500000000000469, -1.720000000000001306, -0.2700000000000007394 ) ) ;
#734 = CARTESIAN_POINT ( 'NONE',  ( 20.27000000000001023, 2.500000000000000444, -0.1049999999999999684 ) ) ;
#735 = ORIENTED_EDGE ( 'NONE', *, *, #331, .F. ) ;
#736 = DIRECTION ( 'NONE',  ( -0.000000000000000000, -0.000000000000000000, -1.000000000000000000 ) ) ;
#737 = CARTESIAN_POINT ( 'NONE',  ( -21.15499999999999758, 7.469999999999996199, 0.000000000000000000 ) ) ;
#738 = VERTEX_POINT ( 'NONE', #1924 ) ;
#739 = CARTESIAN_POINT ( 'NONE',  ( 20.17500000000001137, 3.750000000000000888, 0.000000000000000000 ) ) ;
#740 = EDGE_LOOP ( 'NONE', ( #280, #874, #2230, #2489 ) ) ;
#741 = VECTOR ( 'NONE', #2767, 39.37007874015748143 ) ;
#742 = ORIENTED_EDGE ( 'NONE', *, *, #65, .T. ) ;
#743 = DIRECTION ( 'NONE',  ( 1.000000000000000000, 0.000000000000000000, 0.000000000000000000 ) ) ;
#744 = PLANE ( 'NONE',  #1326 ) ;
#745 = AXIS2_PLACEMENT_3D ( 'NONE', #1719, #1735, #1004 ) ;
#746 = VERTEX_POINT ( 'NONE', #540 ) ;
#747 = EDGE_CURVE ( 'NONE', #1730, #2012, #2539, .T. ) ;
#748 = CARTESIAN_POINT ( 'NONE',  ( 21.02500000000000213, -7.469999999999998863, -0.2099999999999998812 ) ) ;
#749 = LINE ( 'NONE', #2884, #1375 ) ;
#750 = ADVANCED_FACE ( 'NONE', ( #2688 ), #272, .F. ) ;
#751 = LINE ( 'NONE', #1236, #718 ) ;
#752 = AXIS2_PLACEMENT_3D ( 'NONE', #5, #1457, #1426 ) ;
#753 = VECTOR ( 'NONE', #527, 39.37007874015748143 ) ;
#754 = LINE ( 'NONE', #2665, #2864 ) ;
#755 = CARTESIAN_POINT ( 'NONE',  ( 10.82000000000000028, 1.814999999999995728, -0.1049999999999999684 ) ) ;
#756 = ORIENTED_EDGE ( 'NONE', *, *, #1751, .T. ) ;
#757 = DIRECTION ( 'NONE',  ( 1.000000000000000000, 0.000000000000000000, 0.000000000000000000 ) ) ;
#758 = AXIS2_PLACEMENT_3D ( 'NONE', #1855, #2070, #2776 ) ;
#759 = DIRECTION ( 'NONE',  ( -1.000000000000000000, 0.000000000000000000, 0.000000000000000000 ) ) ;
#760 = ORIENTED_EDGE ( 'NONE', *, *, #191, .F. ) ;
#761 = ORIENTED_EDGE ( 'NONE', *, *, #1252, .T. ) ;
#762 = DIRECTION ( 'NONE',  ( 1.000000000000000000, 1.295328588745265104E-16, -6.776677193585765683E-15 ) ) ;
#763 = LINE ( 'NONE', #2218, #391 ) ;
#764 = ORIENTED_EDGE ( 'NONE', *, *, #2300, .F. ) ;
#765 = DIRECTION ( 'NONE',  ( 1.000000000000000000, 0.000000000000000000, -3.491481338843132961E-15 ) ) ;
#766 = LINE ( 'NONE', #329, #95 ) ;
#767 = DIRECTION ( 'NONE',  ( 1.000000000000000000, 0.000000000000000000, 0.000000000000000000 ) ) ;
#768 = EDGE_LOOP ( 'NONE', ( #2553, #1717, #859, #2734 ) ) ;
#769 = ADVANCED_FACE ( 'NONE', ( #1218 ), #2623, .F. ) ;
#770 = CARTESIAN_POINT ( 'NONE',  ( -7.632076044888493605E-16, 7.364999999999998437, 2.531088931804283205E-14 ) ) ;
#771 = DIRECTION ( 'NONE',  ( -0.000000000000000000, -1.000000000000000000, -0.000000000000000000 ) ) ;
#772 = EDGE_CURVE ( 'NONE', #1531, #1031, #493, .T. ) ;
#773 = DIRECTION ( 'NONE',  ( 0.000000000000000000, -1.000000000000000000, 0.000000000000000000 ) ) ;
#774 = ORIENTED_EDGE ( 'NONE', *, *, #1805, .T. ) ;
#775 = ORIENTED_EDGE ( 'NONE', *, *, #645, .F. ) ;
#776 = ORIENTED_EDGE ( 'NONE', *, *, #2938, .F. ) ;
#777 = CYLINDRICAL_SURFACE ( 'NONE', #1992, 0.2099999999999980216 ) ;
#778 = VECTOR ( 'NONE', #3075, 39.37007874015748143 ) ;
#779 = DIRECTION ( 'NONE',  ( -0.000000000000000000, -0.000000000000000000, 1.000000000000000000 ) ) ;
#780 = VERTEX_POINT ( 'NONE', #10 ) ;
#781 = CARTESIAN_POINT ( 'NONE',  ( 21.30000000000000782, -7.219999999999999751, -1.997361267266427069E-14 ) ) ;
#782 = CARTESIAN_POINT ( 'NONE',  ( -21.15499999999999758, 7.364999999999998437, -0.7500000000000004441 ) ) ;
#783 = EDGE_LOOP ( 'NONE', ( #1766, #1095 ) ) ;
#784 = CARTESIAN_POINT ( 'NONE',  ( 19.38250000000000384, -1.718000000000004190, -0.1049999999999999684 ) ) ;
#785 = ADVANCED_FACE ( 'NONE', ( #973 ), #1202, .F. ) ;
#786 = PLANE ( 'NONE',  #1814 ) ;
#787 = ORIENTED_EDGE ( 'NONE', *, *, #361, .F. ) ;
#788 = AXIS2_PLACEMENT_3D ( 'NONE', #1894, #2817, #1158 ) ;
#789 = EDGE_CURVE ( 'NONE', #465, #1730, #987, .T. ) ;
#790 = ORIENTED_EDGE ( 'NONE', *, *, #2091, .F. ) ;
#791 = FACE_OUTER_BOUND ( 'NONE', #180, .T. ) ;
#792 = CYLINDRICAL_SURFACE ( 'NONE', #745, 0.1015000000000010894 ) ;
#793 = ORIENTED_EDGE ( 'NONE', *, *, #1675, .F. ) ;
#794 = CARTESIAN_POINT ( 'NONE',  ( 20.08000000000001251, 2.500000000000000444, 0.000000000000000000 ) ) ;
#795 = AXIS2_PLACEMENT_3D ( 'NONE', #1710, #1753, #1222 ) ;
#796 = CARTESIAN_POINT ( 'NONE',  ( 21.30000000000000782, -4.520000000000001350, -0.5000000000000003331 ) ) ;
#797 = LINE ( 'NONE', #362, #1357 ) ;
#798 = ORIENTED_EDGE ( 'NONE', *, *, #984, .T. ) ;
#799 = VECTOR ( 'NONE', #1298, 39.37007874015748143 ) ;
#800 = EDGE_CURVE ( 'NONE', #3003, #2413, #241, .T. ) ;
#801 = LINE ( 'NONE', #115, #964 ) ;
#802 = VERTEX_POINT ( 'NONE', #1718 ) ;
#803 = EDGE_CURVE ( 'NONE', #2729, #569, #1706, .T. ) ;
#804 = AXIS2_PLACEMENT_3D ( 'NONE', #2798, #2781, #2314 ) ;
#805 = CARTESIAN_POINT ( 'NONE',  ( 20.17500000000001137, 2.500000000000000444, 0.000000000000000000 ) ) ;
#806 = LINE ( 'NONE', #147, #1376 ) ;
#807 = ORIENTED_EDGE ( 'NONE', *, *, #2603, .F. ) ;
#808 = DIRECTION ( 'NONE',  ( 1.000000000000000000, 1.227796851085061932E-16, 0.000000000000000000 ) ) ;
#809 = FACE_BOUND ( 'NONE', #1391, .T. ) ;
#810 = LINE ( 'NONE', #2872, #2784 ) ;
#811 = CARTESIAN_POINT ( 'NONE',  ( -21.15499999999999758, -7.260000000000000675, -0.2099999999999966060 ) ) ;
#812 = CARTESIAN_POINT ( 'NONE',  ( 21.02500000000000213, 7.470000000000003304, -0.7500000000000001110 ) ) ;
#813 = EDGE_LOOP ( 'NONE', ( #1371, #3017, #2598, #3076 ) ) ;
#814 = CARTESIAN_POINT ( 'NONE',  ( -21.40499999999999758, -7.220000000000004192, -0.2099999999999973277 ) ) ;
#815 = CARTESIAN_POINT ( 'NONE',  ( -2.464999999999996749, 3.680000000000005045, 0.000000000000000000 ) ) ;
#816 = ORIENTED_EDGE ( 'NONE', *, *, #1786, .T. ) ;
#817 = ADVANCED_FACE ( 'NONE', ( #259 ), #2659, .F. ) ;
#818 = AXIS2_PLACEMENT_3D ( 'NONE', #69, #1920, #2620 ) ;
#819 = CYLINDRICAL_SURFACE ( 'NONE', #1585, 0.1249999999999862332 ) ;
#820 = CARTESIAN_POINT ( 'NONE',  ( 21.30000000000000782, 1.720000000000001306, -0.5000000000000003331 ) ) ;
#821 = VECTOR ( 'NONE', #2288, 39.37007874015748143 ) ;
#822 = VECTOR ( 'NONE', #532, 39.37007874015748143 ) ;
#823 = ADVANCED_FACE ( 'NONE', ( #24 ), #777, .T. ) ;
#824 = ORIENTED_EDGE ( 'NONE', *, *, #1435, .F. ) ;
#825 = CARTESIAN_POINT ( 'NONE',  ( 0.000000000000000000, 0.000000000000000000, -0.1049999999999999961 ) ) ;
#826 = CARTESIAN_POINT ( 'NONE',  ( 21.02500000000000568, -7.260000000000000675, 0.000000000000000000 ) ) ;
#827 = FACE_OUTER_BOUND ( 'NONE', #599, .T. ) ;
#828 = ORIENTED_EDGE ( 'NONE', *, *, #1805, .F. ) ;
#829 = VERTEX_POINT ( 'NONE', #1230 ) ;
#830 = PLANE ( 'NONE',  #555 ) ;
#831 = VECTOR ( 'NONE', #1211, 39.37007874015748143 ) ;
#832 = DIRECTION ( 'NONE',  ( -1.000000000000000000, 0.000000000000000000, -3.491481338843132961E-15 ) ) ;
#833 = ORIENTED_EDGE ( 'NONE', *, *, #2015, .F. ) ;
#834 = FACE_OUTER_BOUND ( 'NONE', #2390, .T. ) ;
#835 = ADVANCED_FACE ( 'NONE', ( #791 ), #954, .T. ) ;
#836 = CARTESIAN_POINT ( 'NONE',  ( -21.15499999999999403, -7.470000000000004192, -0.1049999999999999961 ) ) ;
#837 = EDGE_LOOP ( 'NONE', ( #1057, #101, #1384, #1306 ) ) ;
#838 = AXIS2_PLACEMENT_3D ( 'NONE', #1769, #589, #2488 ) ;
#839 = ADVANCED_FACE ( 'NONE', ( #2407 ), #1479, .F. ) ;
#840 = LINE ( 'NONE', #2978, #2637 ) ;
#841 = CARTESIAN_POINT ( 'NONE',  ( 19.38250000000000384, 1.718999999999995865, -0.7500000000000004441 ) ) ;
#842 = VECTOR ( 'NONE', #2764, 39.37007874015748143 ) ;
#843 = LINE ( 'NONE', #1792, #1861 ) ;
#844 = ORIENTED_EDGE ( 'NONE', *, *, #860, .F. ) ;
#845 = EDGE_LOOP ( 'NONE', ( #1018, #644, #2695, #220 ) ) ;
#846 = AXIS2_PLACEMENT_3D ( 'NONE', #2564, #1390, #2866 ) ;
#847 = DIRECTION ( 'NONE',  ( -0.000000000000000000, -0.000000000000000000, 1.000000000000000000 ) ) ;
#848 = CARTESIAN_POINT ( 'NONE',  ( 19.32500000000000284, -1.800000000000003375, -0.7500000000000004441 ) ) ;
#849 = ORIENTED_EDGE ( 'NONE', *, *, #2687, .F. ) ;
#850 = VECTOR ( 'NONE', #1957, 39.37007874015748143 ) ;
#851 = DIRECTION ( 'NONE',  ( 0.000000000000000000, 3.388338596792881264E-15, 1.000000000000000000 ) ) ;
#852 = CARTESIAN_POINT ( 'NONE',  ( -21.15499999999999758, 7.259999999999999787, -0.1050000000000055334 ) ) ;
#853 = ORIENTED_EDGE ( 'NONE', *, *, #1918, .T. ) ;
#854 = DIRECTION ( 'NONE',  ( 3.491481338843132961E-15, 0.000000000000000000, -1.000000000000000000 ) ) ;
#855 = DIRECTION ( 'NONE',  ( 1.000000000000000000, 1.295328588745501762E-16, 8.758115402030106693E-47 ) ) ;
#856 = EDGE_CURVE ( 'NONE', #1731, #923, #1733, .T. ) ;
#857 = CARTESIAN_POINT ( 'NONE',  ( -7.040000000000000036, 1.499999999999996003, -0.7500000000000004441 ) ) ;
#858 = ORIENTED_EDGE ( 'NONE', *, *, #1897, .F. ) ;
#859 = ORIENTED_EDGE ( 'NONE', *, *, #2836, .T. ) ;
#860 = EDGE_CURVE ( 'NONE', #48, #1002, #1186, .T. ) ;
#861 = LINE ( 'NONE', #2041, #2643 ) ;
#862 = LINE ( 'NONE', #1765, #842 ) ;
#863 = VERTEX_POINT ( 'NONE', #1047 ) ;
#864 = CARTESIAN_POINT ( 'NONE',  ( -7.165000000000000036, -1.500000000000004219, -0.7500000000000004441 ) ) ;
#865 = CARTESIAN_POINT ( 'NONE',  ( -7.039999999999999147, -1.500000000000004219, 0.000000000000000000 ) ) ;
#866 = ORIENTED_EDGE ( 'NONE', *, *, #4, .F. ) ;
#867 = VECTOR ( 'NONE', #2714, 39.37007874015748143 ) ;
#868 = AXIS2_PLACEMENT_3D ( 'NONE', #1083, #1549, #1727 ) ;
#869 = FACE_BOUND ( 'NONE', #341, .T. ) ;
#870 = CARTESIAN_POINT ( 'NONE',  ( -21.40503937007874313, 4.520000000000001350, -0.2699999999999999623 ) ) ;
#871 = EDGE_CURVE ( 'NONE', #2523, #2746, #1998, .T. ) ;
#872 = LINE ( 'NONE', #2537, #276 ) ;
#873 = ORIENTED_EDGE ( 'NONE', *, *, #2373, .F. ) ;
#874 = ORIENTED_EDGE ( 'NONE', *, *, #944, .T. ) ;
#875 = DIRECTION ( 'NONE',  ( 0.000000000000000000, 0.000000000000000000, 1.000000000000000000 ) ) ;
#876 = ADVANCED_FACE ( 'NONE', ( #1983 ), #336, .F. ) ;
#877 = FACE_OUTER_BOUND ( 'NONE', #1686, .T. ) ;
#878 = ORIENTED_EDGE ( 'NONE', *, *, #2994, .F. ) ;
#879 = CARTESIAN_POINT ( 'NONE',  ( -2.464999999999996749, 3.680000000000005045, -0.7500000000000004441 ) ) ;
#880 = DIRECTION ( 'NONE',  ( 1.000000000000000000, 0.000000000000000000, 0.000000000000000000 ) ) ;
#881 = FACE_BOUND ( 'NONE', #902, .T. ) ;
#882 = CARTESIAN_POINT ( 'NONE',  ( -21.40499999999999758, 7.220000000000002416, -0.1049999999999999961 ) ) ;
#883 = AXIS2_PLACEMENT_3D ( 'NONE', #2530, #400, #880 ) ;
#884 = AXIS2_PLACEMENT_3D ( 'NONE', #2914, #90, #1971 ) ;
#885 = CARTESIAN_POINT ( 'NONE',  ( -2.332814017061613924E-16, 1.899999999999996581, -0.1049999999999999961 ) ) ;
#886 = CARTESIAN_POINT ( 'NONE',  ( -16.39499999999999602, 0.000000000000000000, -0.1049999999999999961 ) ) ;
#887 = ORIENTED_EDGE ( 'NONE', *, *, #1038, .F. ) ;
#888 = EDGE_CURVE ( 'NONE', #2466, #449, #455, .T. ) ;
#889 = DIRECTION ( 'NONE',  ( -0.000000000000000000, -0.000000000000000000, 1.000000000000000000 ) ) ;
#890 = ORIENTED_EDGE ( 'NONE', *, *, #1021, .T. ) ;
#891 = AXIS2_PLACEMENT_3D ( 'NONE', #2286, #593, #167 ) ;
#892 = EDGE_CURVE ( 'NONE', #1411, #2661, #2971, .T. ) ;
#893 = VECTOR ( 'NONE', #122, 39.37007874015748143 ) ;
#894 = DIRECTION ( 'NONE',  ( 1.000000000000000000, 0.000000000000000000, 0.000000000000000000 ) ) ;
#895 = AXIS2_PLACEMENT_3D ( 'NONE', #478, #2844, #1107 ) ;
#896 = ORIENTED_EDGE ( 'NONE', *, *, #421, .F. ) ;
#897 = DIRECTION ( 'NONE',  ( 1.000000000000000000, 0.000000000000000000, 0.000000000000000000 ) ) ;
#898 = VECTOR ( 'NONE', #2342, 39.37007874015748143 ) ;
#899 = PLANE ( 'NONE',  #638 ) ;
#900 = VERTEX_POINT ( 'NONE', #2277 ) ;
#901 = DIRECTION ( 'NONE',  ( 1.000000000000000000, 0.000000000000000000, 1.626099996228726381E-16 ) ) ;
#902 = EDGE_LOOP ( 'NONE', ( #2275, #321 ) ) ;
#903 = ORIENTED_EDGE ( 'NONE', *, *, #2403, .F. ) ;
#904 = CARTESIAN_POINT ( 'NONE',  ( 19.48400000000000531, -1.718000000000004190, 0.000000000000000000 ) ) ;
#905 = PLANE ( 'NONE',  #1016 ) ;
#906 = EDGE_LOOP ( 'NONE', ( #2084, #3048 ) ) ;
#907 = EDGE_CURVE ( 'NONE', #1602, #1826, #861, .T. ) ;
#908 = PLANE ( 'NONE',  #2949 ) ;
#909 = EDGE_CURVE ( 'NONE', #1201, #1408, #1317, .T. ) ;
#910 = ORIENTED_EDGE ( 'NONE', *, *, #907, .T. ) ;
#911 = CARTESIAN_POINT ( 'NONE',  ( -21.40500000000000114, 7.220000000000002416, -0.7500000000000001110 ) ) ;
#912 = CARTESIAN_POINT ( 'NONE',  ( -16.85000000000000142, 1.499999999999996003, -0.1049999999999999684 ) ) ;
#913 = EDGE_CURVE ( 'NONE', #829, #802, #700, .T. ) ;
#914 = AXIS2_PLACEMENT_3D ( 'NONE', #2035, #2993, #1207 ) ;
#915 = AXIS2_PLACEMENT_3D ( 'NONE', #2182, #2405, #1215 ) ;
#916 = FACE_OUTER_BOUND ( 'NONE', #2105, .T. ) ;
#917 = VERTEX_POINT ( 'NONE', #381 ) ;
#918 = EDGE_LOOP ( 'NONE', ( #2912, #1325, #117, #2658 ) ) ;
#919 = FACE_OUTER_BOUND ( 'NONE', #921, .T. ) ;
#920 = CYLINDRICAL_SURFACE ( 'NONE', #2157, 0.09499999999999994560 ) ;
#921 = EDGE_LOOP ( 'NONE', ( #1248, #538, #928, #1085 ) ) ;
#922 = PLANE ( 'NONE',  #2292 ) ;
#923 = VERTEX_POINT ( 'NONE', #1810 ) ;
#924 = ADVANCED_FACE ( 'NONE', ( #2249 ), #1796, .F. ) ;
#925 = CARTESIAN_POINT ( 'NONE',  ( -21.40499999999999758, 7.220000000000002416, -0.2099999999999973277 ) ) ;
#926 = LINE ( 'NONE', #2802, #1041 ) ;
#927 = VECTOR ( 'NONE', #1356, 39.37007874015748143 ) ;
#928 = ORIENTED_EDGE ( 'NONE', *, *, #871, .T. ) ;
#929 = ADVANCED_FACE ( 'NONE', ( #1073 ), #1274, .F. ) ;
#930 = LINE ( 'NONE', #439, #175 ) ;
#931 = EDGE_LOOP ( 'NONE', ( #612, #94, #2543, #66 ) ) ;
#932 = EDGE_LOOP ( 'NONE', ( #949, #462, #1823, #2959 ) ) ;
#933 = AXIS2_PLACEMENT_3D ( 'NONE', #226, #1169, #2119 ) ;
#934 = DIRECTION ( 'NONE',  ( -1.626099996228726381E-16, 0.000000000000000000, -1.000000000000000000 ) ) ;
#935 = FACE_OUTER_BOUND ( 'NONE', #666, .T. ) ;
#936 = VERTEX_POINT ( 'NONE', #2452 ) ;
#937 = DIRECTION ( 'NONE',  ( 0.000000000000000000, -1.000000000000000000, 0.000000000000000000 ) ) ;
#938 = LINE ( 'NONE', #2136, #3004 ) ;
#939 = ORIENTED_EDGE ( 'NONE', *, *, #4, .T. ) ;
#940 = AXIS2_PLACEMENT_3D ( 'NONE', #155, #374, #1068 ) ;
#941 = CARTESIAN_POINT ( 'NONE',  ( -21.15499999999999758, 7.469999999999998863, -0.7500000000000001110 ) ) ;
#942 = DIRECTION ( 'NONE',  ( -0.000000000000000000, -0.000000000000000000, 1.000000000000000000 ) ) ;
#943 = CIRCLE ( 'NONE', #1334, 0.1249999999999862332 ) ;
#944 = EDGE_CURVE ( 'NONE', #2085, #2311, #2009, .T. ) ;
#945 = AXIS2_PLACEMENT_3D ( 'NONE', #1939, #762, #2135 ) ;
#946 = PLANE ( 'NONE',  #29 ) ;
#947 = CARTESIAN_POINT ( 'NONE',  ( -7.039999999999999147, -1.500000000000004219, 0.000000000000000000 ) ) ;
#948 = EDGE_CURVE ( 'NONE', #2940, #1315, #2217, .T. ) ;
#949 = ORIENTED_EDGE ( 'NONE', *, *, #2223, .F. ) ;
#950 = DIRECTION ( 'NONE',  ( -0.000000000000000000, -1.000000000000000000, -0.000000000000000000 ) ) ;
#951 = DIRECTION ( 'NONE',  ( 1.000000000000000000, 0.000000000000000000, 0.000000000000000000 ) ) ;
#952 = EDGE_LOOP ( 'NONE', ( #2804, #1488 ) ) ;
#953 = EDGE_CURVE ( 'NONE', #1000, #1429, #1260, .T. ) ;
#954 = PLANE ( 'NONE',  #1892 ) ;
#955 = CARTESIAN_POINT ( 'NONE',  ( 20.17500000000001137, -2.500000000000003997, -0.1049999999999999684 ) ) ;
#956 = CARTESIAN_POINT ( 'NONE',  ( 20.27000000000001023, 2.500000000000000444, -0.7500000000000004441 ) ) ;
#957 = CYLINDRICAL_SURFACE ( 'NONE', #1534, 0.09499999999999994560 ) ;
#958 = CARTESIAN_POINT ( 'NONE',  ( 20.08000000000001251, -3.750000000000003997, -0.7500000000000004441 ) ) ;
#959 = ORIENTED_EDGE ( 'NONE', *, *, #1897, .T. ) ;
#960 = DIRECTION ( 'NONE',  ( 0.000000000000000000, 0.000000000000000000, -1.000000000000000000 ) ) ;
#961 = PLANE ( 'NONE',  #2569 ) ;
#962 = VECTOR ( 'NONE', #3006, 39.37007874015748143 ) ;
#963 = ORIENTED_EDGE ( 'NONE', *, *, #1249, .T. ) ;
#964 = VECTOR ( 'NONE', #2465, 39.37007874015748143 ) ;
#965 = EDGE_CURVE ( 'NONE', #2661, #2052, #2263, .T. ) ;
#966 = CARTESIAN_POINT ( 'NONE',  ( -21.40503937007874313, -4.520000000000001350, -0.5000000000000002220 ) ) ;
#967 = AXIS2_PLACEMENT_3D ( 'NONE', #955, #2756, #2375 ) ;
#968 = LINE ( 'NONE', #550, #667 ) ;
#969 = VECTOR ( 'NONE', #960, 39.37007874015748143 ) ;
#970 = ORIENTED_EDGE ( 'NONE', *, *, #3007, .T. ) ;
#971 = EDGE_LOOP ( 'NONE', ( #963, #607, #482, #866 ) ) ;
#972 = ADVANCED_FACE ( 'NONE', ( #1029 ), #830, .F. ) ;
#973 = FACE_OUTER_BOUND ( 'NONE', #1045, .T. ) ;
#974 = FACE_OUTER_BOUND ( 'NONE', #1557, .T. ) ;
#975 = ORIENTED_EDGE ( 'NONE', *, *, #1168, .T. ) ;
#976 = CARTESIAN_POINT ( 'NONE',  ( 21.30000000000000782, -7.219999999999997975, -0.2099999999999980216 ) ) ;
#977 = DIRECTION ( 'NONE',  ( 1.000000000000000000, 0.000000000000000000, 0.000000000000000000 ) ) ;
#978 = CIRCLE ( 'NONE', #2173, 0.09499999999999994560 ) ;
#979 = CARTESIAN_POINT ( 'NONE',  ( 21.40500000000000469, -7.219999999999997975, -0.5000000000000000000 ) ) ;
#980 = CARTESIAN_POINT ( 'NONE',  ( -21.15499999999999758, 7.259999999999999787, -0.1049999999999999961 ) ) ;
#981 = DIRECTION ( 'NONE',  ( -1.000000000000000000, 0.000000000000000000, 0.000000000000000000 ) ) ;
#982 = DIRECTION ( 'NONE',  ( -1.000000000000000000, -0.000000000000000000, -1.626099996228726381E-16 ) ) ;
#983 = ORIENTED_EDGE ( 'NONE', *, *, #860, .T. ) ;
#984 = EDGE_CURVE ( 'NONE', #2247, #650, #2232, .T. ) ;
#985 = AXIS2_PLACEMENT_3D ( 'NONE', #1094, #2045, #3002 ) ;
#986 = VERTEX_POINT ( 'NONE', #814 ) ;
#987 = LINE ( 'NONE', #59, #2395 ) ;
#988 = CARTESIAN_POINT ( 'NONE',  ( -2.464999999999996749, -3.680000000000005045, 0.000000000000000000 ) ) ;
#989 = EDGE_LOOP ( 'NONE', ( #2435, #1245, #2886, #581 ) ) ;
#990 = EDGE_CURVE ( 'NONE', #1050, #72, #1092, .T. ) ;
#991 = LINE ( 'NONE', #1482, #753 ) ;
#992 = DIRECTION ( 'NONE',  ( -1.000000000000000000, 0.000000000000000000, -3.491481338843132961E-15 ) ) ;
#993 = VECTOR ( 'NONE', #1608, 39.37007874015748143 ) ;
#994 = ORIENTED_EDGE ( 'NONE', *, *, #856, .T. ) ;
#995 = AXIS2_PLACEMENT_3D ( 'NONE', #1077, #1064, #371 ) ;
#996 = CARTESIAN_POINT ( 'NONE',  ( 20.27000000000001023, -2.500000000000003997, -0.1049999999999999684 ) ) ;
#997 = DIRECTION ( 'NONE',  ( -0.000000000000000000, 1.000000000000000000, -0.000000000000000000 ) ) ;
#998 = VECTOR ( 'NONE', #2330, 39.37007874015748143 ) ;
#999 = CARTESIAN_POINT ( 'NONE',  ( 21.40500000000000469, -7.219999999999997975, -0.5000000000000000000 ) ) ;
#1000 = VERTEX_POINT ( 'NONE', #1554 ) ;
#1001 = ORIENTED_EDGE ( 'NONE', *, *, #2671, .F. ) ;
#1002 = VERTEX_POINT ( 'NONE', #2511 ) ;
#1003 = DIRECTION ( 'NONE',  ( -6.776677193585764106E-15, 0.000000000000000000, -1.000000000000000000 ) ) ;
#1004 = DIRECTION ( 'NONE',  ( 1.000000000000000000, 0.000000000000000000, 0.000000000000000000 ) ) ;
#1005 = ORIENTED_EDGE ( 'NONE', *, *, #909, .T. ) ;
#1006 = CARTESIAN_POINT ( 'NONE',  ( 9.676104557928898900E-16, -7.470000000000000639, 2.567749485862135569E-14 ) ) ;
#1007 = EDGE_CURVE ( 'NONE', #1893, #1870, #2327, .T. ) ;
#1008 = CARTESIAN_POINT ( 'NONE',  ( 21.02500000000000924, -7.260000000000000675, -0.2100000000000034617 ) ) ;
#1009 = VERTEX_POINT ( 'NONE', #1122 ) ;
#1010 = EDGE_CURVE ( 'NONE', #3000, #986, #1600, .T. ) ;
#1011 = DIRECTION ( 'NONE',  ( 0.000000000000000000, -1.000000000000000000, -1.219574997171546326E-16 ) ) ;
#1012 = CARTESIAN_POINT ( 'NONE',  ( -21.15499999999999403, -7.220000000000004192, -0.1049999999999999961 ) ) ;
#1013 = VERTEX_POINT ( 'NONE', #688 ) ;
#1014 = VERTEX_POINT ( 'NONE', #657 ) ;
#1015 = CARTESIAN_POINT ( 'NONE',  ( -21.15499999999999758, -7.260000000000000675, -0.2099999999999966060 ) ) ;
#1016 = AXIS2_PLACEMENT_3D ( 'NONE', #473, #1632, #2309 ) ;
#1017 = CARTESIAN_POINT ( 'NONE',  ( 20.17500000000001137, -2.500000000000003997, 0.000000000000000000 ) ) ;
#1018 = ORIENTED_EDGE ( 'NONE', *, *, #39, .T. ) ;
#1019 = DIRECTION ( 'NONE',  ( 1.000000000000000000, 0.000000000000000000, 0.000000000000000000 ) ) ;
#1020 = DIRECTION ( 'NONE',  ( -0.000000000000000000, 1.000000000000000000, -0.000000000000000000 ) ) ;
#1021 = EDGE_CURVE ( 'NONE', #165, #2454, #2554, .T. ) ;
#1022 = DIRECTION ( 'NONE',  ( 1.000000000000000000, 0.000000000000000000, 0.000000000000000000 ) ) ;
#1023 = ORIENTED_EDGE ( 'NONE', *, *, #682, .T. ) ;
#1024 = EDGE_CURVE ( 'NONE', #1921, #2151, #395, .T. ) ;
#1025 = CARTESIAN_POINT ( 'NONE',  ( 20.27000000000001023, 2.500000000000000444, 0.000000000000000000 ) ) ;
#1026 = ORIENTED_EDGE ( 'NONE', *, *, #380, .F. ) ;
#1027 = VECTOR ( 'NONE', #1389, 39.37007874015748143 ) ;
#1028 = VERTEX_POINT ( 'NONE', #3015 ) ;
#1029 = FACE_OUTER_BOUND ( 'NONE', #931, .T. ) ;
#1030 = DIRECTION ( 'NONE',  ( 0.000000000000000000, 0.000000000000000000, 1.000000000000000000 ) ) ;
#1031 = VERTEX_POINT ( 'NONE', #1614 ) ;
#1032 = AXIS2_PLACEMENT_3D ( 'NONE', #386, #2737, #2473 ) ;
#1033 = DIRECTION ( 'NONE',  ( 1.000000000000000000, -0.000000000000000000, -0.000000000000000000 ) ) ;
#1034 = VECTOR ( 'NONE', #2917, 39.37007874015748143 ) ;
#1035 = PLANE ( 'NONE',  #795 ) ;
#1036 = EDGE_LOOP ( 'NONE', ( #1272, #411, #2565, #107 ) ) ;
#1037 = CARTESIAN_POINT ( 'NONE',  ( -21.40499999999999758, -7.220000000000004192, -0.2099999999999973277 ) ) ;
#1038 = EDGE_CURVE ( 'NONE', #582, #240, #1395, .T. ) ;
#1039 = CIRCLE ( 'NONE', #1283, 0.09499999999999994560 ) ;
#1040 = DIRECTION ( 'NONE',  ( -0.000000000000000000, -0.000000000000000000, 1.000000000000000000 ) ) ;
#1041 = VECTOR ( 'NONE', #679, 39.37007874015748143 ) ;
#1042 = EDGE_CURVE ( 'NONE', #738, #863, #2092, .T. ) ;
#1043 = CARTESIAN_POINT ( 'NONE',  ( 21.02500000000000213, -7.470000000000000639, -0.7499999999999998890 ) ) ;
#1044 = ORIENTED_EDGE ( 'NONE', *, *, #2403, .T. ) ;
#1045 = EDGE_LOOP ( 'NONE', ( #182, #539, #36, #1523 ) ) ;
#1046 = VECTOR ( 'NONE', #1446, 39.37007874015748143 ) ;
#1047 = CARTESIAN_POINT ( 'NONE',  ( 14.76450000000000351, 1.718999999999995865, -0.1049999999999999684 ) ) ;
#1048 = ADVANCED_FACE ( 'NONE', ( #2795 ), #460, .F. ) ;
#1049 = LINE ( 'NONE', #1335, #447 ) ;
#1050 = VERTEX_POINT ( 'NONE', #178 ) ;
#1051 = CARTESIAN_POINT ( 'NONE',  ( -16.72500000000001208, 1.499999999999996003, 0.000000000000000000 ) ) ;
#1052 = CARTESIAN_POINT ( 'NONE',  ( -21.06499999999999773, -3.750000000000003997, 0.000000000000000000 ) ) ;
#1053 = ORIENTED_EDGE ( 'NONE', *, *, #648, .F. ) ;
#1054 = DIRECTION ( 'NONE',  ( -0.000000000000000000, -0.000000000000000000, 1.000000000000000000 ) ) ;
#1055 = DIRECTION ( 'NONE',  ( -0.000000000000000000, -0.000000000000000000, 1.000000000000000000 ) ) ;
#1056 = VERTEX_POINT ( 'NONE', #2353 ) ;
#1057 = ORIENTED_EDGE ( 'NONE', *, *, #2373, .T. ) ;
#1058 = ADVANCED_FACE ( 'NONE', ( #208 ), #428, .F. ) ;
#1059 = DIRECTION ( 'NONE',  ( 0.000000000000000000, 0.000000000000000000, 1.000000000000000000 ) ) ;
#1060 = CARTESIAN_POINT ( 'NONE',  ( -20.96499999999999986, 3.750000000000000888, -0.1049999999999999684 ) ) ;
#1061 = ORIENTED_EDGE ( 'NONE', *, *, #2704, .F. ) ;
#1062 = VECTOR ( 'NONE', #1419, 39.37007874015748143 ) ;
#1063 = EDGE_CURVE ( 'NONE', #738, #802, #2100, .T. ) ;
#1064 = DIRECTION ( 'NONE',  ( -0.000000000000000000, -1.000000000000000000, -0.000000000000000000 ) ) ;
#1065 = DIRECTION ( 'NONE',  ( 1.000000000000000000, -0.000000000000000000, 0.000000000000000000 ) ) ;
#1066 = AXIS2_PLACEMENT_3D ( 'NONE', #2067, #2097, #2350 ) ;
#1067 = ORIENTED_EDGE ( 'NONE', *, *, #1197, .T. ) ;
#1068 = DIRECTION ( 'NONE',  ( 1.000000000000000000, 0.000000000000000000, 0.000000000000000000 ) ) ;
#1069 = CARTESIAN_POINT ( 'NONE',  ( -21.40500000000000114, 0.000000000000000000, -0.7500000000000001110 ) ) ;
#1070 = CARTESIAN_POINT ( 'NONE',  ( 21.40500000000000469, -7.219999999999999751, 0.000000000000000000 ) ) ;
#1071 = ORIENTED_EDGE ( 'NONE', *, *, #1606, .T. ) ;
#1072 = ORIENTED_EDGE ( 'NONE', *, *, #570, .T. ) ;
#1073 = FACE_OUTER_BOUND ( 'NONE', #1301, .T. ) ;
#1074 = DIRECTION ( 'NONE',  ( 1.000000000000000000, 0.000000000000000000, 0.000000000000000000 ) ) ;
#1075 = VERTEX_POINT ( 'NONE', #221 ) ;
#1076 = EDGE_CURVE ( 'NONE', #1624, #900, #673, .T. ) ;
#1077 = CARTESIAN_POINT ( 'NONE',  ( 21.19500000000000739, -7.219999999999998863, -0.2099999999999980216 ) ) ;
#1078 = DIRECTION ( 'NONE',  ( -1.000000000000000000, 0.000000000000000000, 0.000000000000000000 ) ) ;
#1079 = EDGE_CURVE ( 'NONE', #2413, #923, #412, .T. ) ;
#1080 = ORIENTED_EDGE ( 'NONE', *, *, #1846, .T. ) ;
#1081 = FACE_BOUND ( 'NONE', #2090, .T. ) ;
#1082 = EDGE_CURVE ( 'NONE', #900, #1809, #358, .T. ) ;
#1083 = CARTESIAN_POINT ( 'NONE',  ( 19.48400000000000531, 1.718999999999995865, -0.1049999999999999684 ) ) ;
#1084 = PLANE ( 'NONE',  #2260 ) ;
#1085 = ORIENTED_EDGE ( 'NONE', *, *, #1136, .T. ) ;
#1086 = ORIENTED_EDGE ( 'NONE', *, *, #2994, .T. ) ;
#1087 = AXIS2_PLACEMENT_3D ( 'NONE', #739, #2404, #757 ) ;
#1088 = DIRECTION ( 'NONE',  ( 0.000000000000000000, 0.000000000000000000, 1.000000000000000000 ) ) ;
#1089 = VECTOR ( 'NONE', #1908, 39.37007874015748143 ) ;
#1090 = LINE ( 'NONE', #2251, #2181 ) ;
#1091 = ORIENTED_EDGE ( 'NONE', *, *, #888, .F. ) ;
#1092 = CIRCLE ( 'NONE', #2839, 0.09999999999999947820 ) ;
#1093 = CARTESIAN_POINT ( 'NONE',  ( 21.40500000000000469, -7.219999999999999751, -0.1049999999999999961 ) ) ;
#1094 = CARTESIAN_POINT ( 'NONE',  ( -21.19500000000000028, -7.220000000000004192, -0.2099999999999987432 ) ) ;
#1095 = ORIENTED_EDGE ( 'NONE', *, *, #476, .F. ) ;
#1096 = ADVANCED_FACE ( 'NONE', ( #919 ), #1868, .T. ) ;
#1097 = FACE_BOUND ( 'NONE', #330, .T. ) ;
#1098 = DIRECTION ( 'NONE',  ( -1.000000000000000000, 0.000000000000000000, -3.491481338843132961E-15 ) ) ;
#1099 = EDGE_CURVE ( 'NONE', #2450, #465, #2034, .T. ) ;
#1100 = DIRECTION ( 'NONE',  ( 0.000000000000000000, -0.000000000000000000, -1.000000000000000000 ) ) ;
#1101 = ORIENTED_EDGE ( 'NONE', *, *, #1824, .T. ) ;
#1102 = ORIENTED_EDGE ( 'NONE', *, *, #2923, .F. ) ;
#1103 = CARTESIAN_POINT ( 'NONE',  ( -21.40499999999999758, -7.220000000000004192, 1.454213808692818078E-13 ) ) ;
#1104 = CARTESIAN_POINT ( 'NONE',  ( 14.86600000000000499, -1.718000000000004190, 0.000000000000000000 ) ) ;
#1105 = CIRCLE ( 'NONE', #320, 0.09499999999999994560 ) ;
#1106 = EDGE_LOOP ( 'NONE', ( #565, #2031, #2615, #2369 ) ) ;
#1107 = DIRECTION ( 'NONE',  ( 0.000000000000000000, 0.000000000000000000, -1.000000000000000000 ) ) ;
#1108 = DIRECTION ( 'NONE',  ( 0.000000000000000000, 0.000000000000000000, -1.000000000000000000 ) ) ;
#1109 = VECTOR ( 'NONE', #1907, 39.37007874015748143 ) ;
#1110 = VERTEX_POINT ( 'NONE', #2524 ) ;
#1111 = VECTOR ( 'NONE', #2229, 39.37007874015748143 ) ;
#1112 = VECTOR ( 'NONE', #2463, 39.37007874015748143 ) ;
#1113 = LINE ( 'NONE', #2256, #799 ) ;
#1114 = VECTOR ( 'NONE', #1679, 39.37007874015748143 ) ;
#1115 = CARTESIAN_POINT ( 'NONE',  ( 10.82000000000000028, 1.814999999999995728, 0.000000000000000000 ) ) ;
#1116 = EDGE_CURVE ( 'NONE', #1724, #2739, #2294, .T. ) ;
#1117 = EDGE_LOOP ( 'NONE', ( #708, #442, #1541, #775 ) ) ;
#1118 = CARTESIAN_POINT ( 'NONE',  ( 14.76450000000000351, -1.718000000000004190, -0.1049999999999999684 ) ) ;
#1119 = DIRECTION ( 'NONE',  ( -0.000000000000000000, -0.000000000000000000, 1.000000000000000000 ) ) ;
#1120 = EDGE_CURVE ( 'NONE', #2940, #936, #1584, .T. ) ;
#1121 = VERTEX_POINT ( 'NONE', #2308 ) ;
#1122 = CARTESIAN_POINT ( 'NONE',  ( -21.15499999999999758, -7.260000000000000675, 1.297627796990524979E-15 ) ) ;
#1123 = CARTESIAN_POINT ( 'NONE',  ( 21.02500000000000213, -7.470000000000000639, -0.7500000000000001110 ) ) ;
#1124 = ORIENTED_EDGE ( 'NONE', *, *, #1209, .T. ) ;
#1125 = VECTOR ( 'NONE', #771, 39.37007874015748143 ) ;
#1126 = CARTESIAN_POINT ( 'NONE',  ( -16.85000000000000142, 1.499999999999996003, 0.000000000000000000 ) ) ;
#1127 = VERTEX_POINT ( 'NONE', #2386 ) ;
#1128 = CARTESIAN_POINT ( 'NONE',  ( -21.19500000000000028, -7.220000000000004192, -0.1049999999999997324 ) ) ;
#1129 = CARTESIAN_POINT ( 'NONE',  ( 21.30000000000000782, 4.520000000000001350, -0.5000000000000003331 ) ) ;
#1130 = EDGE_LOOP ( 'NONE', ( #1320, #2202, #1708, #2574 ) ) ;
#1131 = CIRCLE ( 'NONE', #2883, 0.2099999999999978828 ) ;
#1132 = VECTOR ( 'NONE', #2408, 39.37007874015748143 ) ;
#1133 = CARTESIAN_POINT ( 'NONE',  ( -7.494999999999993889, 1.899999999999995914, -0.7500000000000004441 ) ) ;
#1134 = ORIENTED_EDGE ( 'NONE', *, *, #151, .T. ) ;
#1135 = ORIENTED_EDGE ( 'NONE', *, *, #888, .T. ) ;
#1136 = EDGE_CURVE ( 'NONE', #2746, #3080, #300, .T. ) ;
#1137 = DIRECTION ( 'NONE',  ( -0.000000000000000000, -0.000000000000000000, 1.000000000000000000 ) ) ;
#1138 = DIRECTION ( 'NONE',  ( -6.776677193585764106E-15, -3.388338596792882053E-15, -1.000000000000000000 ) ) ;
#1139 = VERTEX_POINT ( 'NONE', #1443 ) ;
#1140 = VECTOR ( 'NONE', #950, 39.37007874015748143 ) ;
#1141 = EDGE_CURVE ( 'NONE', #1893, #2043, #1237, .T. ) ;
#1142 = CARTESIAN_POINT ( 'NONE',  ( -21.19500000000000028, 7.220000000000002416, 2.390366994456230070E-16 ) ) ;
#1143 = AXIS2_PLACEMENT_3D ( 'NONE', #583, #1494, #2701 ) ;
#1144 = ORIENTED_EDGE ( 'NONE', *, *, #706, .T. ) ;
#1145 = CARTESIAN_POINT ( 'NONE',  ( 21.40500000000000469, 7.220000000000002416, -0.5000000000000000000 ) ) ;
#1146 = VECTOR ( 'NONE', #1631, 39.37007874015748143 ) ;
#1147 = DIRECTION ( 'NONE',  ( -1.000000000000000000, -1.036262870996401089E-16, 8.758115402030106693E-47 ) ) ;
#1148 = ORIENTED_EDGE ( 'NONE', *, *, #531, .T. ) ;
#1149 = DIRECTION ( 'NONE',  ( 0.000000000000000000, 0.000000000000000000, -1.000000000000000000 ) ) ;
#1150 = PLANE ( 'NONE',  #137 ) ;
#1151 = ORIENTED_EDGE ( 'NONE', *, *, #114, .T. ) ;
#1152 = DIRECTION ( 'NONE',  ( 0.000000000000000000, 0.000000000000000000, 1.000000000000000000 ) ) ;
#1153 = VERTEX_POINT ( 'NONE', #34 ) ;
#1154 = EDGE_CURVE ( 'NONE', #2920, #1985, #1837, .T. ) ;
#1155 = LINE ( 'NONE', #1889, #1843 ) ;
#1156 = ADVANCED_FACE ( 'NONE', ( #1919 ), #1901, .F. ) ;
#1157 = ORIENTED_EDGE ( 'NONE', *, *, #3022, .F. ) ;
#1158 = DIRECTION ( 'NONE',  ( 0.000000000000000000, 1.000000000000000000, 3.252199992457520505E-15 ) ) ;
#1159 = CARTESIAN_POINT ( 'NONE',  ( 21.30000000000000782, -4.520000000000001350, -0.2700000000000010725 ) ) ;
#1160 = VECTOR ( 'NONE', #2449, 39.37007874015748143 ) ;
#1161 = DIRECTION ( 'NONE',  ( 0.000000000000000000, 0.000000000000000000, -1.000000000000000000 ) ) ;
#1162 = ORIENTED_EDGE ( 'NONE', *, *, #3032, .T. ) ;
#1163 = ORIENTED_EDGE ( 'NONE', *, *, #2013, .F. ) ;
#1164 = CARTESIAN_POINT ( 'NONE',  ( 21.02500000000000924, -7.260000000000000675, -0.2100000000000034617 ) ) ;
#1165 = LINE ( 'NONE', #2115, #778 ) ;
#1166 = VERTEX_POINT ( 'NONE', #1755 ) ;
#1167 = DIRECTION ( 'NONE',  ( 0.000000000000000000, 1.000000000000000000, 3.414809992080361465E-15 ) ) ;
#1168 = EDGE_CURVE ( 'NONE', #1028, #2255, #2891, .T. ) ;
#1169 = DIRECTION ( 'NONE',  ( 0.000000000000000000, 0.000000000000000000, -1.000000000000000000 ) ) ;
#1170 = LINE ( 'NONE', #1360, #2863 ) ;
#1171 = EDGE_LOOP ( 'NONE', ( #2433, #446, #2973, #1887, #1465, #219, #2149, #910, #1962, #2062, #1493, #2038 ) ) ;
#1172 = DIRECTION ( 'NONE',  ( 0.000000000000000000, 1.000000000000000000, 0.000000000000000000 ) ) ;
#1173 = EDGE_CURVE ( 'NONE', #1364, #427, #1182, .T. ) ;
#1174 = DIRECTION ( 'NONE',  ( -0.000000000000000000, -0.000000000000000000, 1.000000000000000000 ) ) ;
#1175 = VECTOR ( 'NONE', #2128, 39.37007874015748143 ) ;
#1176 = ORIENTED_EDGE ( 'NONE', *, *, #1770, .F. ) ;
#1177 = ADVANCED_FACE ( 'NONE', ( #1990 ), #2130, .F. ) ;
#1178 = DIRECTION ( 'NONE',  ( -0.000000000000000000, -0.000000000000000000, 1.000000000000000000 ) ) ;
#1179 = CARTESIAN_POINT ( 'NONE',  ( -20.96499999999999986, -3.750000000000003997, -0.1049999999999999684 ) ) ;
#1180 = ORIENTED_EDGE ( 'NONE', *, *, #2934, .F. ) ;
#1181 = CIRCLE ( 'NONE', #1933, 0.1049999999999979283 ) ;
#1182 = LINE ( 'NONE', #2367, #1788 ) ;
#1183 = FACE_OUTER_BOUND ( 'NONE', #837, .T. ) ;
#1184 = ORIENTED_EDGE ( 'NONE', *, *, #1993, .T. ) ;
#1185 = EDGE_LOOP ( 'NONE', ( #2609, #1451, #1705, #1061 ) ) ;
#1186 = LINE ( 'NONE', #1905, #2490 ) ;
#1187 = CARTESIAN_POINT ( 'NONE',  ( 20.27000000000001023, -2.500000000000003997, -0.7500000000000004441 ) ) ;
#1188 = CIRCLE ( 'NONE', #2534, 0.1249999999999862332 ) ;
#1189 = DIRECTION ( 'NONE',  ( 0.000000000000000000, 0.000000000000000000, 1.000000000000000000 ) ) ;
#1190 = CARTESIAN_POINT ( 'NONE',  ( -21.15499999999999758, 7.259999999999999787, -0.2100000000000034617 ) ) ;
#1191 = ORIENTED_EDGE ( 'NONE', *, *, #2496, .T. ) ;
#1192 = EDGE_CURVE ( 'NONE', #2821, #1624, #695, .T. ) ;
#1193 = AXIS2_PLACEMENT_3D ( 'NONE', #1126, #2575, #894 ) ;
#1194 = CYLINDRICAL_SURFACE ( 'NONE', #1261, 0.1249999999999927974 ) ;
#1195 = CARTESIAN_POINT ( 'NONE',  ( 21.19500000000000739, 7.220000000000002416, -0.2099999999999980216 ) ) ;
#1196 = EDGE_LOOP ( 'NONE', ( #620, #512, #1604, #2532 ) ) ;
#1197 = EDGE_CURVE ( 'NONE', #2274, #1121, #1282, .T. ) ;
#1198 = DIRECTION ( 'NONE',  ( 0.000000000000000000, -0.000000000000000000, -1.000000000000000000 ) ) ;
#1199 = DIRECTION ( 'NONE',  ( 1.000000000000000000, 0.000000000000000000, 0.000000000000000000 ) ) ;
#1200 = ORIENTED_EDGE ( 'NONE', *, *, #2667, .F. ) ;
#1201 = VERTEX_POINT ( 'NONE', #332 ) ;
#1202 = CYLINDRICAL_SURFACE ( 'NONE', #110, 0.1015000000000010894 ) ;
#1203 = CARTESIAN_POINT ( 'NONE',  ( -21.16499999999999915, 3.750000000000000888, -0.1049999999999999684 ) ) ;
#1204 = ORIENTED_EDGE ( 'NONE', *, *, #1362, .T. ) ;
#1205 = LINE ( 'NONE', #781, #2536 ) ;
#1206 = CARTESIAN_POINT ( 'NONE',  ( 14.76450000000000351, -1.718000000000004190, 0.000000000000000000 ) ) ;
#1207 = DIRECTION ( 'NONE',  ( -1.000000000000000000, 0.000000000000000000, 6.829619984160722930E-15 ) ) ;
#1208 = EDGE_LOOP ( 'NONE', ( #1876, #1942 ) ) ;
#1209 = EDGE_CURVE ( 'NONE', #38, #1575, #705, .T. ) ;
#1210 = LINE ( 'NONE', #2653, #1114 ) ;
#1211 = DIRECTION ( 'NONE',  ( -0.000000000000000000, -0.000000000000000000, 1.000000000000000000 ) ) ;
#1212 = DIRECTION ( 'NONE',  ( -1.000000000000000000, -1.036262870996401089E-16, 8.758115402030106693E-47 ) ) ;
#1213 = VECTOR ( 'NONE', #168, 39.37007874015748143 ) ;
#1214 = EDGE_CURVE ( 'NONE', #236, #986, #2147, .T. ) ;
#1215 = DIRECTION ( 'NONE',  ( 0.000000000000000000, -0.000000000000000000, 1.000000000000000000 ) ) ;
#1216 = AXIS2_PLACEMENT_3D ( 'NONE', #770, #1452, #2850 ) ;
#1217 = ORIENTED_EDGE ( 'NONE', *, *, #401, .T. ) ;
#1218 = FACE_OUTER_BOUND ( 'NONE', #2910, .T. ) ;
#1219 = DIRECTION ( 'NONE',  ( -1.000000000000000000, 9.988475296761473310E-17, 0.000000000000000000 ) ) ;
#1220 = ORIENTED_EDGE ( 'NONE', *, *, #1943, .F. ) ;
#1221 = CARTESIAN_POINT ( 'NONE',  ( -21.19500000000000028, 7.220000000000002416, 2.390366994456230070E-16 ) ) ;
#1222 = DIRECTION ( 'NONE',  ( -1.000000000000000000, 0.000000000000000000, -0.000000000000000000 ) ) ;
#1223 = LINE ( 'NONE', #2178, #670 ) ;
#1224 = DIRECTION ( 'NONE',  ( 1.000000000000000000, 0.000000000000000000, 0.000000000000000000 ) ) ;
#1225 = FACE_OUTER_BOUND ( 'NONE', #2858, .T. ) ;
#1226 = ORIENTED_EDGE ( 'NONE', *, *, #191, .T. ) ;
#1227 = COLOUR_RGB ( '',0.7921568627450980005, 0.8196078431372548767, 0.9333333333333333481 ) ;
#1228 = ORIENTED_EDGE ( 'NONE', *, *, #77, .F. ) ;
#1229 = ADVANCED_FACE ( 'NONE', ( #2710 ), #2619, .F. ) ;
#1230 = CARTESIAN_POINT ( 'NONE',  ( 14.76450000000000351, 1.718999999999995865, 0.000000000000000000 ) ) ;
#1231 = LINE ( 'NONE', #2188, #2483 ) ;
#1232 = ORIENTED_EDGE ( 'NONE', *, *, #368, .T. ) ;
#1233 = EDGE_CURVE ( 'NONE', #1512, #319, #2165, .T. ) ;
#1234 = CYLINDRICAL_SURFACE ( 'NONE', #303, 0.09499999999999994560 ) ;
#1235 = FACE_BOUND ( 'NONE', #952, .T. ) ;
#1236 = CARTESIAN_POINT ( 'NONE',  ( 14.76450000000000351, -1.718000000000004190, -0.7500000000000004441 ) ) ;
#1237 = CIRCLE ( 'NONE', #3036, 0.09999999999999947820 ) ;
#1238 = VECTOR ( 'NONE', #2334, 39.37007874015748143 ) ;
#1239 = CARTESIAN_POINT ( 'NONE',  ( 21.40500000000000469, -4.520000000000001350, -0.5000000000000000000 ) ) ;
#1240 = DIRECTION ( 'NONE',  ( -1.000000000000000000, 0.000000000000000000, 0.000000000000000000 ) ) ;
#1241 = VECTOR ( 'NONE', #1059, 39.37007874015748143 ) ;
#1242 = CARTESIAN_POINT ( 'NONE',  ( -21.19500000000000028, -7.220000000000004192, 0.000000000000000000 ) ) ;
#1243 = ORIENTED_EDGE ( 'NONE', *, *, #2245, .T. ) ;
#1244 = ORIENTED_EDGE ( 'NONE', *, *, #1362, .F. ) ;
#1245 = ORIENTED_EDGE ( 'NONE', *, *, #1572, .T. ) ;
#1246 = DIRECTION ( 'NONE',  ( 1.000000000000000000, 0.000000000000000000, -6.776677193585764106E-15 ) ) ;
#1247 = CARTESIAN_POINT ( 'NONE',  ( 21.02500000000000568, 7.220000000000002416, 0.000000000000000000 ) ) ;
#1248 = ORIENTED_EDGE ( 'NONE', *, *, #228, .F. ) ;
#1249 = EDGE_CURVE ( 'NONE', #2222, #1166, #1039, .T. ) ;
#1250 = LINE ( 'NONE', #956, #1089 ) ;
#1251 = FACE_BOUND ( 'NONE', #2460, .T. ) ;
#1252 = EDGE_CURVE ( 'NONE', #1496, #2151, #810, .T. ) ;
#1253 = DIRECTION ( 'NONE',  ( -0.000000000000000000, -0.000000000000000000, 1.000000000000000000 ) ) ;
#1254 = ORIENTED_EDGE ( 'NONE', *, *, #347, .F. ) ;
#1255 = LINE ( 'NONE', #1069, #1112 ) ;
#1256 = DIRECTION ( 'NONE',  ( 0.000000000000000000, 0.000000000000000000, 1.000000000000000000 ) ) ;
#1257 = ORIENTED_EDGE ( 'NONE', *, *, #1214, .T. ) ;
#1258 = EDGE_LOOP ( 'NONE', ( #2645, #547, #1785, #833 ) ) ;
#1259 = CIRCLE ( 'NONE', #1502, 0.1015000000000010894 ) ;
#1260 = LINE ( 'NONE', #1304, #2039 ) ;
#1261 = AXIS2_PLACEMENT_3D ( 'NONE', #2143, #2869, #1519 ) ;
#1262 = DIRECTION ( 'NONE',  ( 1.000000000000000000, -0.000000000000000000, -1.626099996228726381E-16 ) ) ;
#1263 = ORIENTED_EDGE ( 'NONE', *, *, #1116, .T. ) ;
#1264 = EDGE_CURVE ( 'NONE', #521, #3040, #2187, .T. ) ;
#1265 = CARTESIAN_POINT ( 'NONE',  ( 20.17500000000001137, 3.750000000000000888, -0.7500000000000004441 ) ) ;
#1266 = FACE_BOUND ( 'NONE', #690, .T. ) ;
#1267 = EDGE_CURVE ( 'NONE', #2584, #2467, #1883, .T. ) ;
#1268 = CARTESIAN_POINT ( 'NONE',  ( 20.17500000000001137, -3.750000000000003997, -0.1049999999999999684 ) ) ;
#1269 = DIRECTION ( 'NONE',  ( 0.000000000000000000, 0.000000000000000000, 1.000000000000000000 ) ) ;
#1270 = ADVANCED_FACE ( 'NONE', ( #471 ), #1409, .T. ) ;
#1271 = LINE ( 'NONE', #1070, #720 ) ;
#1272 = ORIENTED_EDGE ( 'NONE', *, *, #1264, .T. ) ;
#1273 = ORIENTED_EDGE ( 'NONE', *, *, #1366, .T. ) ;
#1274 = PLANE ( 'NONE',  #1540 ) ;
#1275 = PLANE ( 'NONE',  #49 ) ;
#1276 = ORIENTED_EDGE ( 'NONE', *, *, #1024, .T. ) ;
#1277 = AXIS2_PLACEMENT_3D ( 'NONE', #2002, #619, #2283 ) ;
#1278 = DIMENSIONAL_EXPONENTS ( 1.000000000000000000, 0.000000000000000000, 0.000000000000000000, 0.000000000000000000, 0.000000000000000000, 0.000000000000000000, 0.000000000000000000 ) ;
#1279 = DIRECTION ( 'NONE',  ( -1.000000000000000000, 0.000000000000000000, 0.000000000000000000 ) ) ;
#1280 = CARTESIAN_POINT ( 'NONE',  ( -21.16499999999999915, -3.750000000000003997, -0.7500000000000004441 ) ) ;
#1281 = ORIENTED_EDGE ( 'NONE', *, *, #2647, .F. ) ;
#1282 = LINE ( 'NONE', #344, #2944 ) ;
#1283 = AXIS2_PLACEMENT_3D ( 'NONE', #1268, #96, #981 ) ;
#1284 = PLANE ( 'NONE',  #425 ) ;
#1285 = EDGE_CURVE ( 'NONE', #1014, #2113, #1113, .T. ) ;
#1286 = DIRECTION ( 'NONE',  ( -1.295328588745501762E-16, 1.000000000000000000, -3.491481338843132961E-15 ) ) ;
#1287 = EDGE_LOOP ( 'NONE', ( #2618, #388 ) ) ;
#1288 = ADVANCED_FACE ( 'NONE', ( #2786 ), #2047, .F. ) ;
#1289 = VECTOR ( 'NONE', #600, 39.37007874015748143 ) ;
#1290 = EDGE_LOOP ( 'NONE', ( #454, #793 ) ) ;
#1291 = VECTOR ( 'NONE', #2825, 39.37007874015748143 ) ;
#1292 = DIRECTION ( 'NONE',  ( 1.000000000000000000, 0.000000000000000000, 0.000000000000000000 ) ) ;
#1293 = DIRECTION ( 'NONE',  ( 0.000000000000000000, 0.000000000000000000, -1.000000000000000000 ) ) ;
#1294 = ORIENTED_EDGE ( 'NONE', *, *, #2471, .T. ) ;
#1295 = CARTESIAN_POINT ( 'NONE',  ( -16.39499999999999602, -1.900000000000005240, -0.7500000000000004441 ) ) ;
#1296 = DIRECTION ( 'NONE',  ( -0.000000000000000000, 1.000000000000000000, -0.000000000000000000 ) ) ;
#1297 = ORIENTED_EDGE ( 'NONE', *, *, #965, .T. ) ;
#1298 = DIRECTION ( 'NONE',  ( -1.000000000000000000, -9.988475296761473310E-17, 0.000000000000000000 ) ) ;
#1299 = LINE ( 'NONE', #841, #2159 ) ;
#1300 = CARTESIAN_POINT ( 'NONE',  ( -21.19500000000000028, 7.220000000000002416, -0.2099999999999987432 ) ) ;
#1301 = EDGE_LOOP ( 'NONE', ( #487, #1232, #252, #873 ) ) ;
#1302 = EDGE_LOOP ( 'NONE', ( #2303, #18, #2336, #1777 ) ) ;
#1303 = EDGE_CURVE ( 'NONE', #1602, #2670, #1577, .T. ) ;
#1304 = CARTESIAN_POINT ( 'NONE',  ( 21.30000000000000782, -1.720000000000001306, -0.2700000000000007394 ) ) ;
#1305 = CARTESIAN_POINT ( 'NONE',  ( 19.38250000000000384, -1.718000000000004190, -0.7500000000000004441 ) ) ;
#1306 = ORIENTED_EDGE ( 'NONE', *, *, #499, .F. ) ;
#1307 = CIRCLE ( 'NONE', #271, 0.1249999999999938799 ) ;
#1308 = CIRCLE ( 'NONE', #25, 0.1015000000000010894 ) ;
#1309 = CARTESIAN_POINT ( 'NONE',  ( 19.58550000000000679, 1.718999999999995865, -0.1049999999999999684 ) ) ;
#1310 = DIRECTION ( 'NONE',  ( 0.000000000000000000, 0.000000000000000000, 1.000000000000000000 ) ) ;
#1311 = VERTEX_POINT ( 'NONE', #2270 ) ;
#1312 = DIRECTION ( 'NONE',  ( 1.000000000000000000, 0.000000000000000000, 0.000000000000000000 ) ) ;
#1313 = CYLINDRICAL_SURFACE ( 'NONE', #2608, 0.1015000000000010894 ) ;
#1314 = CYLINDRICAL_SURFACE ( 'NONE', #524, 0.1249999999999938799 ) ;
#1315 = VERTEX_POINT ( 'NONE', #1594 ) ;
#1316 = ORIENTED_EDGE ( 'NONE', *, *, #2122, .F. ) ;
#1317 = LINE ( 'NONE', #2957, #1289 ) ;
#1318 = AXIS2_PLACEMENT_3D ( 'NONE', #17, #2180, #2666 ) ;
#1319 = DIRECTION ( 'NONE',  ( 0.000000000000000000, -1.000000000000000000, 0.000000000000000000 ) ) ;
#1320 = ORIENTED_EDGE ( 'NONE', *, *, #2652, .F. ) ;
#1321 = EDGE_CURVE ( 'NONE', #1512, #148, #2033, .T. ) ;
#1322 = DIRECTION ( 'NONE',  ( -1.000000000000000000, 0.000000000000000000, 1.626099996228726381E-16 ) ) ;
#1323 = DIRECTION ( 'NONE',  ( 1.000000000000000000, 0.000000000000000000, 0.000000000000000000 ) ) ;
#1324 = ADVANCED_FACE ( 'NONE', ( #125, #881, #1533, #1343, #418, #869, #2301, #2533, #140, #1081, #3005, #1358, #2491, #389, #2769, #1097, #1803, #2004, #2964 ), #636, .T. ) ;
#1325 = ORIENTED_EDGE ( 'NONE', *, *, #1141, .T. ) ;
#1326 = AXIS2_PLACEMENT_3D ( 'NONE', #2624, #1690, #1495 ) ;
#1327 = DIRECTION ( 'NONE',  ( -1.000000000000000000, 0.000000000000000000, -0.000000000000000000 ) ) ;
#1328 = DIRECTION ( 'NONE',  ( -0.000000000000000000, -0.000000000000000000, 1.000000000000000000 ) ) ;
#1329 = DIRECTION ( 'NONE',  ( 0.000000000000000000, -1.000000000000000000, 0.000000000000000000 ) ) ;
#1330 = ORIENTED_EDGE ( 'NONE', *, *, #1439, .T. ) ;
#1331 = ORIENTED_EDGE ( 'NONE', *, *, #1824, .F. ) ;
#1332 = AXIS2_PLACEMENT_3D ( 'NONE', #1875, #3082, #1373 ) ;
#1333 = DIRECTION ( 'NONE',  ( 1.000000000000000000, 0.000000000000000000, 0.000000000000000000 ) ) ;
#1334 = AXIS2_PLACEMENT_3D ( 'NONE', #2236, #605, #356 ) ;
#1335 = CARTESIAN_POINT ( 'NONE',  ( 15.02500000000000568, 1.799999999999996270, 0.000000000000000000 ) ) ;
#1336 = ORIENTED_EDGE ( 'NONE', *, *, #1076, .F. ) ;
#1337 = AXIS2_PLACEMENT_3D ( 'NONE', #288, #2152, #743 ) ;
#1338 = CARTESIAN_POINT ( 'NONE',  ( -16.39499999999999602, 1.899999999999994804, -0.1049999999999999961 ) ) ;
#1339 = ADVANCED_FACE ( 'NONE', ( #405 ), #2504, .T. ) ;
#1340 = CARTESIAN_POINT ( 'NONE',  ( -7.040000000000000036, 1.499999999999996003, -0.1049999999999999684 ) ) ;
#1341 = ORIENTED_EDGE ( 'NONE', *, *, #1670, .F. ) ;
#1342 = ADVANCED_FACE ( 'NONE', ( #2755 ), #1787, .T. ) ;
#1343 = FACE_BOUND ( 'NONE', #543, .T. ) ;
#1344 = CARTESIAN_POINT ( 'NONE',  ( 9.676104557928902844E-16, -7.470000000000003304, -0.7500000000000001110 ) ) ;
#1345 = ORIENTED_EDGE ( 'NONE', *, *, #1572, .F. ) ;
#1346 = DIRECTION ( 'NONE',  ( 0.000000000000000000, -1.000000000000000000, 0.000000000000000000 ) ) ;
#1347 = DIRECTION ( 'NONE',  ( -1.000000000000000000, 0.000000000000000000, 0.000000000000000000 ) ) ;
#1348 = ORIENTED_EDGE ( 'NONE', *, *, #1963, .T. ) ;
#1349 = DIRECTION ( 'NONE',  ( 0.000000000000000000, -1.000000000000000000, 0.000000000000000000 ) ) ;
#1350 = CARTESIAN_POINT ( 'NONE',  ( -21.19500000000000028, 7.220000000000002416, -0.2099999999999987432 ) ) ;
#1351 = ORIENTED_EDGE ( 'NONE', *, *, #554, .T. ) ;
#1352 = DIRECTION ( 'NONE',  ( 0.000000000000000000, -1.000000000000000000, 0.000000000000000000 ) ) ;
#1353 = ORIENTED_EDGE ( 'NONE', *, *, #2581, .T. ) ;
#1354 = VECTOR ( 'NONE', #1597, 39.37007874015748143 ) ;
#1355 = EDGE_CURVE ( 'NONE', #72, #2046, #1818, .T. ) ;
#1356 = DIRECTION ( 'NONE',  ( -0.000000000000000000, -0.000000000000000000, 1.000000000000000000 ) ) ;
#1357 = VECTOR ( 'NONE', #1022, 39.37007874015748143 ) ;
#1358 = FACE_BOUND ( 'NONE', #2679, .T. ) ;
#1359 = VECTOR ( 'NONE', #1932, 39.37007874015748143 ) ;
#1360 = CARTESIAN_POINT ( 'NONE',  ( 21.40500000000000469, 7.220000000000002416, -0.1049999999999996353 ) ) ;
#1361 = ORIENTED_EDGE ( 'NONE', *, *, #1197, .F. ) ;
#1362 = EDGE_CURVE ( 'NONE', #1822, #704, #1562, .T. ) ;
#1363 = CARTESIAN_POINT ( 'NONE',  ( 15.02500000000000568, -1.800000000000003375, -0.7500000000000004441 ) ) ;
#1364 = VERTEX_POINT ( 'NONE', #2518 ) ;
#1365 = ORIENTED_EDGE ( 'NONE', *, *, #459, .T. ) ;
#1366 = EDGE_CURVE ( 'NONE', #2434, #917, #840, .T. ) ;
#1367 = DIRECTION ( 'NONE',  ( 1.000000000000000000, -0.000000000000000000, -0.000000000000000000 ) ) ;
#1368 = DIRECTION ( 'NONE',  ( 0.000000000000000000, -1.000000000000000000, 3.491481338843132961E-15 ) ) ;
#1369 = ORIENTED_EDGE ( 'NONE', *, *, #2478, .T. ) ;
#1370 = CARTESIAN_POINT ( 'NONE',  ( -21.19500000000000028, -7.220000000000004192, -0.1049999999999999961 ) ) ;
#1371 = ORIENTED_EDGE ( 'NONE', *, *, #331, .T. ) ;
#1372 = DIRECTION ( 'NONE',  ( 0.000000000000000000, 1.000000000000000000, 0.000000000000000000 ) ) ;
#1373 = DIRECTION ( 'NONE',  ( -1.000000000000000000, 0.000000000000000000, 0.000000000000000000 ) ) ;
#1374 = ORIENTED_EDGE ( 'NONE', *, *, #2991, .T. ) ;
#1375 = VECTOR ( 'NONE', #31, 39.37007874015748143 ) ;
#1376 = VECTOR ( 'NONE', #2972, 39.37007874015748143 ) ;
#1377 = ADVANCED_FACE ( 'NONE', ( #1834 ), #3054, .T. ) ;
#1378 = CARTESIAN_POINT ( 'NONE',  ( -21.19500000000000028, -7.220000000000004192, -0.2099999999999987432 ) ) ;
#1379 = EDGE_LOOP ( 'NONE', ( #2852, #2420, #2849, #530 ) ) ;
#1380 = ORIENTED_EDGE ( 'NONE', *, *, #287, .T. ) ;
#1381 = CARTESIAN_POINT ( 'NONE',  ( 19.58550000000000679, -1.718000000000004190, -0.7500000000000004441 ) ) ;
#1382 = EDGE_CURVE ( 'NONE', #1411, #1201, #1864, .T. ) ;
#1383 = DIRECTION ( 'NONE',  ( -0.000000000000000000, -1.000000000000000000, -0.000000000000000000 ) ) ;
#1384 = ORIENTED_EDGE ( 'NONE', *, *, #1478, .F. ) ;
#1385 = AXIS2_PLACEMENT_3D ( 'NONE', #2599, #254, #507 ) ;
#1386 = AXIS2_PLACEMENT_3D ( 'NONE', #2253, #2501, #1815 ) ;
#1387 = CARTESIAN_POINT ( 'NONE',  ( 19.32500000000000284, 0.000000000000000000, -0.1049999999999999961 ) ) ;
#1388 = VERTEX_POINT ( 'NONE', #231 ) ;
#1389 = DIRECTION ( 'NONE',  ( 0.000000000000000000, 1.000000000000000000, 0.000000000000000000 ) ) ;
#1390 = DIRECTION ( 'NONE',  ( 0.000000000000000000, -1.000000000000000000, 0.000000000000000000 ) ) ;
#1391 = EDGE_LOOP ( 'NONE', ( #2081, #2800 ) ) ;
#1392 = CARTESIAN_POINT ( 'NONE',  ( 21.02500000000000213, -7.364999999999998437, -0.2100000000000002143 ) ) ;
#1393 = DIRECTION ( 'NONE',  ( -1.000000000000000000, 0.000000000000000000, -0.000000000000000000 ) ) ;
#1394 = EDGE_LOOP ( 'NONE', ( #2651, #2293, #1516, #3, #2279, #903, #1331, #849, #2954, #672, #2116, #2868 ) ) ;
#1395 = LINE ( 'NONE', #2087, #1291 ) ;
#1396 = PLANE ( 'NONE',  #223 ) ;
#1397 = VERTEX_POINT ( 'NONE', #734 ) ;
#1398 = EDGE_CURVE ( 'NONE', #1531, #1724, #2831, .T. ) ;
#1399 = CARTESIAN_POINT ( 'NONE',  ( -21.15499999999999758, 7.364999999999996660, -0.1049999999999999961 ) ) ;
#1400 = DIRECTION ( 'NONE',  ( 1.000000000000000000, 0.000000000000000000, 0.000000000000000000 ) ) ;
#1401 = EDGE_LOOP ( 'NONE', ( #2209, #22, #1866, #617 ) ) ;
#1402 = ADVANCED_FACE ( 'NONE', ( #3038 ), #500, .F. ) ;
#1403 = DIRECTION ( 'NONE',  ( 0.000000000000000000, 0.000000000000000000, 1.000000000000000000 ) ) ;
#1404 = FACE_OUTER_BOUND ( 'NONE', #2664, .T. ) ;
#1405 = AXIS2_PLACEMENT_3D ( 'NONE', #268, #2387, #759 ) ;
#1406 = CYLINDRICAL_SURFACE ( 'NONE', #1914, 0.1249999999999862332 ) ;
#1407 = LINE ( 'NONE', #1581, #37 ) ;
#1408 = VERTEX_POINT ( 'NONE', #484 ) ;
#1409 = PLANE ( 'NONE',  #3085 ) ;
#1410 = CARTESIAN_POINT ( 'NONE',  ( -6.915000000000006253, 1.499999999999996003, 0.000000000000000000 ) ) ;
#1411 = VERTEX_POINT ( 'NONE', #665 ) ;
#1412 = ORIENTED_EDGE ( 'NONE', *, *, #1082, .F. ) ;
#1413 = CARTESIAN_POINT ( 'NONE',  ( -21.40503937007874313, 1.720000000000001306, -0.5000000000000003331 ) ) ;
#1414 = DIRECTION ( 'NONE',  ( -1.000000000000000000, -1.227796851085061932E-16, -0.000000000000000000 ) ) ;
#1415 = EDGE_CURVE ( 'NONE', #319, #1496, #184, .T. ) ;
#1416 = CYLINDRICAL_SURFACE ( 'NONE', #788, 0.1049999999999979283 ) ;
#1417 = CARTESIAN_POINT ( 'NONE',  ( -7.039999999999999147, -1.500000000000004219, -0.1049999999999999684 ) ) ;
#1418 = EDGE_CURVE ( 'NONE', #863, #738, #2988, .T. ) ;
#1419 = DIRECTION ( 'NONE',  ( 0.000000000000000000, 1.000000000000000000, 0.000000000000000000 ) ) ;
#1420 = ORIENTED_EDGE ( 'NONE', *, *, #1980, .F. ) ;
#1421 = CARTESIAN_POINT ( 'NONE',  ( -2.464999999999996749, 3.680000000000005045, -0.1049999999999999961 ) ) ;
#1422 = AXIS2_PLACEMENT_3D ( 'NONE', #865, #1310, #1530 ) ;
#1423 = CARTESIAN_POINT ( 'NONE',  ( 20.17500000000001137, -2.500000000000003997, -0.1049999999999999684 ) ) ;
#1424 = ORIENTED_EDGE ( 'NONE', *, *, #632, .T. ) ;
#1425 = AXIS2_PLACEMENT_3D ( 'NONE', #1017, #41, #26 ) ;
#1426 = DIRECTION ( 'NONE',  ( 0.000000000000000000, 0.000000000000000000, 1.000000000000000000 ) ) ;
#1427 = DIRECTION ( 'NONE',  ( -0.000000000000000000, -0.000000000000000000, 1.000000000000000000 ) ) ;
#1428 = ORIENTED_EDGE ( 'NONE', *, *, #2471, .F. ) ;
#1429 = VERTEX_POINT ( 'NONE', #1159 ) ;
#1430 = CARTESIAN_POINT ( 'NONE',  ( -21.40503937007874313, 1.720000000000001306, -0.2700000000000003508 ) ) ;
#1431 = VECTOR ( 'NONE', #1147, 39.37007874015748143 ) ;
#1432 = CARTESIAN_POINT ( 'NONE',  ( -21.40503937007874313, -4.520000000000001350, -0.2700000000000010725 ) ) ;
#1433 = DIRECTION ( 'NONE',  ( 1.000000000000000000, 0.000000000000000000, 0.000000000000000000 ) ) ;
#1434 = AXIS2_PLACEMENT_3D ( 'NONE', #2752, #633, #1768 ) ;
#1435 = EDGE_CURVE ( 'NONE', #863, #829, #2579, .T. ) ;
#1436 = CARTESIAN_POINT ( 'NONE',  ( -21.19500000000000028, 7.220000000000002416, -0.1049999999999997324 ) ) ;
#1437 = DIRECTION ( 'NONE',  ( -0.000000000000000000, -0.000000000000000000, 1.000000000000000000 ) ) ;
#1438 = ORIENTED_EDGE ( 'NONE', *, *, #77, .T. ) ;
#1439 = EDGE_CURVE ( 'NONE', #2601, #1075, #1635, .T. ) ;
#1440 = AXIS2_PLACEMENT_3D ( 'NONE', #2203, #2878, #2927 ) ;
#1441 = CARTESIAN_POINT ( 'NONE',  ( 7.190000000000000391, -1.815000000000004610, 0.000000000000000000 ) ) ;
#1442 = CARTESIAN_POINT ( 'NONE',  ( -21.30000000000000426, -7.220000000000004192, -0.7500000000000004441 ) ) ;
#1443 = CARTESIAN_POINT ( 'NONE',  ( -16.39499999999999602, -1.900000000000005240, -0.1049999999999999684 ) ) ;
#1444 = PLANE ( 'NONE',  #1760 ) ;
#1445 = ORIENTED_EDGE ( 'NONE', *, *, #1536, .F. ) ;
#1446 = DIRECTION ( 'NONE',  ( 0.000000000000000000, 0.000000000000000000, 1.000000000000000000 ) ) ;
#1447 = CARTESIAN_POINT ( 'NONE',  ( 20.17500000000001137, -3.750000000000003997, 0.000000000000000000 ) ) ;
#1448 = EDGE_LOOP ( 'NONE', ( #742, #9, #1771, #2503 ) ) ;
#1449 = DIRECTION ( 'NONE',  ( 0.000000000000000000, 0.000000000000000000, 1.000000000000000000 ) ) ;
#1450 = DIRECTION ( 'NONE',  ( 1.000000000000000000, 0.000000000000000000, -1.626099996228726381E-16 ) ) ;
#1451 = ORIENTED_EDGE ( 'NONE', *, *, #2032, .T. ) ;
#1452 = DIRECTION ( 'NONE',  ( 1.036262870996401089E-16, -1.000000000000000000, -3.388338596792882842E-15 ) ) ;
#1453 = CARTESIAN_POINT ( 'NONE',  ( -21.15499999999999758, -7.365000000000003766, -0.2099999999999991318 ) ) ;
#1454 = ADVANCED_FACE ( 'NONE', ( #1404 ), #957, .F. ) ;
#1455 = VECTOR ( 'NONE', #2176, 39.37007874015748143 ) ;
#1456 = VECTOR ( 'NONE', #364, 39.37007874015748143 ) ;
#1457 = DIRECTION ( 'NONE',  ( 0.000000000000000000, 1.000000000000000000, -0.000000000000000000 ) ) ;
#1458 = CARTESIAN_POINT ( 'NONE',  ( 21.02500000000000568, 7.470000000000002416, -0.2099999999999987710 ) ) ;
#1459 = VECTOR ( 'NONE', #1898, 39.37007874015748143 ) ;
#1460 = ORIENTED_EDGE ( 'NONE', *, *, #304, .T. ) ;
#1461 = EDGE_CURVE ( 'NONE', #2642, #1807, #1188, .T. ) ;
#1462 = EDGE_LOOP ( 'NONE', ( #420, #1148, #144, #2941 ) ) ;
#1463 = DIRECTION ( 'NONE',  ( -0.000000000000000000, -0.000000000000000000, 1.000000000000000000 ) ) ;
#1464 = CARTESIAN_POINT ( 'NONE',  ( -2.464999999999996749, 3.680000000000005045, -0.7500000000000004441 ) ) ;
#1465 = ORIENTED_EDGE ( 'NONE', *, *, #2902, .T. ) ;
#1466 = DIRECTION ( 'NONE',  ( 1.000000000000000000, 0.000000000000000000, 0.000000000000000000 ) ) ;
#1467 = CARTESIAN_POINT ( 'NONE',  ( -6.914999999999999147, -1.500000000000004219, -0.7500000000000004441 ) ) ;
#1468 = LINE ( 'NONE', #2650, #571 ) ;
#1469 = AXIS2_PLACEMENT_3D ( 'NONE', #2430, #1952, #2402 ) ;
#1470 = LINE ( 'NONE', #264, #2010 ) ;
#1471 = CARTESIAN_POINT ( 'NONE',  ( 10.82000000000000028, -1.815000000000004610, -0.7500000000000004441 ) ) ;
#1472 = EDGE_CURVE ( 'NONE', #1956, #2602, #2108, .T. ) ;
#1473 = PLANE ( 'NONE',  #915 ) ;
#1474 = ORIENTED_EDGE ( 'NONE', *, *, #421, .T. ) ;
#1475 = EDGE_LOOP ( 'NONE', ( #2708, #1851, #2481, #726 ) ) ;
#1476 =( GEOMETRIC_REPRESENTATION_CONTEXT ( 3 ) GLOBAL_UNCERTAINTY_ASSIGNED_CONTEXT ( ( #298 ) ) GLOBAL_UNIT_ASSIGNED_CONTEXT ( ( #3034, #479, #1873 ) ) REPRESENTATION_CONTEXT ( 'NONE', 'WORKASPACE' ) );
#1477 = ORIENTED_EDGE ( 'NONE', *, *, #1699, .F. ) ;
#1478 = EDGE_CURVE ( 'NONE', #309, #169, #926, .T. ) ;
#1479 = PLANE ( 'NONE',  #1696 ) ;
#1480 = DIRECTION ( 'NONE',  ( 1.000000000000000000, 0.000000000000000000, -3.491481338843132961E-15 ) ) ;
#1481 = ORIENTED_EDGE ( 'NONE', *, *, #2356, .T. ) ;
#1482 = CARTESIAN_POINT ( 'NONE',  ( 0.000000000000000000, 1.799999999999996270, -0.1049999999999999961 ) ) ;
#1483 = FACE_BOUND ( 'NONE', #1287, .T. ) ;
#1484 = CARTESIAN_POINT ( 'NONE',  ( 21.19500000000000739, -7.219999999999999751, -0.1049999999999990108 ) ) ;
#1485 = AXIS2_PLACEMENT_3D ( 'NONE', #1702, #578, #2655 ) ;
#1486 = ORIENTED_EDGE ( 'NONE', *, *, #2938, .T. ) ;
#1487 = DIRECTION ( 'NONE',  ( 0.000000000000000000, 0.000000000000000000, 1.000000000000000000 ) ) ;
#1488 = ORIENTED_EDGE ( 'NONE', *, *, #342, .F. ) ;
#1489 = VECTOR ( 'NONE', #889, 39.37007874015748143 ) ;
#1490 = DIRECTION ( 'NONE',  ( 0.000000000000000000, 0.000000000000000000, -1.000000000000000000 ) ) ;
#1491 = ORIENTED_EDGE ( 'NONE', *, *, #2587, .F. ) ;
#1492 = PRODUCT_RELATED_PRODUCT_CATEGORY ( 'part', '', ( #477 ) ) ;
#1493 = ORIENTED_EDGE ( 'NONE', *, *, #948, .T. ) ;
#1494 = DIRECTION ( 'NONE',  ( -0.000000000000000000, -0.000000000000000000, 1.000000000000000000 ) ) ;
#1495 = DIRECTION ( 'NONE',  ( 0.000000000000000000, -0.000000000000000000, 1.000000000000000000 ) ) ;
#1496 = VERTEX_POINT ( 'NONE', #1622 ) ;
#1497 = EDGE_CURVE ( 'NONE', #2399, #2584, #200, .T. ) ;
#1498 = CARTESIAN_POINT ( 'NONE',  ( 3.005000000000002558, 3.680000000000004601, 0.000000000000000000 ) ) ;
#1499 = DIRECTION ( 'NONE',  ( 0.000000000000000000, 0.000000000000000000, 1.000000000000000000 ) ) ;
#1500 = EDGE_CURVE ( 'NONE', #1553, #1985, #1659, .T. ) ;
#1501 = ORIENTED_EDGE ( 'NONE', *, *, #1728, .F. ) ;
#1502 = AXIS2_PLACEMENT_3D ( 'NONE', #1789, #579, #1742 ) ;
#1503 = DIRECTION ( 'NONE',  ( -1.000000000000000000, 0.000000000000000000, 0.000000000000000000 ) ) ;
#1504 = FACE_OUTER_BOUND ( 'NONE', #2421, .T. ) ;
#1505 = ORIENTED_EDGE ( 'NONE', *, *, #701, .F. ) ;
#1506 = CIRCLE ( 'NONE', #2663, 0.09499999999999994560 ) ;
#1507 = ORIENTED_EDGE ( 'NONE', *, *, #1808, .T. ) ;
#1508 = VECTOR ( 'NONE', #1835, 39.37007874015748143 ) ;
#1509 = DIRECTION ( 'NONE',  ( 0.000000000000000000, 0.000000000000000000, -1.000000000000000000 ) ) ;
#1510 = VECTOR ( 'NONE', #1865, 39.37007874015748143 ) ;
#1511 = DIRECTION ( 'NONE',  ( -0.000000000000000000, -0.000000000000000000, 1.000000000000000000 ) ) ;
#1512 = VERTEX_POINT ( 'NONE', #2594 ) ;
#1513 = LINE ( 'NONE', #2705, #2134 ) ;
#1514 = EDGE_CURVE ( 'NONE', #1311, #2200, #2890, .T. ) ;
#1515 = PLANE ( 'NONE',  #443 ) ;
#1516 = ORIENTED_EDGE ( 'NONE', *, *, #138, .F. ) ;
#1517 = EDGE_CURVE ( 'NONE', #2827, #2467, #243, .T. ) ;
#1518 = DIRECTION ( 'NONE',  ( 0.000000000000000000, 0.000000000000000000, -1.000000000000000000 ) ) ;
#1519 = DIRECTION ( 'NONE',  ( 1.000000000000000000, 0.000000000000000000, 0.000000000000000000 ) ) ;
#1520 = VECTOR ( 'NONE', #1403, 39.37007874015748143 ) ;
#1521 = DIRECTION ( 'NONE',  ( 0.000000000000000000, -1.000000000000000000, 0.000000000000000000 ) ) ;
#1522 = ORIENTED_EDGE ( 'NONE', *, *, #909, .F. ) ;
#1523 = ORIENTED_EDGE ( 'NONE', *, *, #1082, .T. ) ;
#1524 = DIRECTION ( 'NONE',  ( -1.036262870996407992E-16, 1.000000000000000000, 3.391901413832837195E-15 ) ) ;
#1525 = CARTESIAN_POINT ( 'NONE',  ( -16.85000000000000142, -1.500000000000004219, -0.1049999999999999684 ) ) ;
#1526 = ORIENTED_EDGE ( 'NONE', *, *, #2195, .F. ) ;
#1527 = AXIS2_PLACEMENT_3D ( 'NONE', #2061, #1801, #1560 ) ;
#1528 = LINE ( 'NONE', #1093, #893 ) ;
#1529 = VECTOR ( 'NONE', #308, 39.37007874015748143 ) ;
#1530 = DIRECTION ( 'NONE',  ( 1.000000000000000000, 0.000000000000000000, 0.000000000000000000 ) ) ;
#1531 = VERTEX_POINT ( 'NONE', #1129 ) ;
#1532 = ADVANCED_FACE ( 'NONE', ( #2080 ), #899, .F. ) ;
#1533 = FACE_BOUND ( 'NONE', #906, .T. ) ;
#1534 = AXIS2_PLACEMENT_3D ( 'NONE', #1909, #942, #1895 ) ;
#1535 = DIRECTION ( 'NONE',  ( -0.000000000000000000, -0.000000000000000000, 1.000000000000000000 ) ) ;
#1536 = EDGE_CURVE ( 'NONE', #1009, #1028, #766, .T. ) ;
#1537 = AXIS2_PLACEMENT_3D ( 'NONE', #12, #3053, #2801 ) ;
#1538 = LINE ( 'NONE', #2968, #1111 ) ;
#1539 = ORIENTED_EDGE ( 'NONE', *, *, #347, .T. ) ;
#1540 = AXIS2_PLACEMENT_3D ( 'NONE', #352, #2498, #2749 ) ;
#1541 = ORIENTED_EDGE ( 'NONE', *, *, #3066, .T. ) ;
#1542 = CARTESIAN_POINT ( 'NONE',  ( 21.02500000000000924, -7.260000000000000675, -0.1050000000000055334 ) ) ;
#1543 = DIRECTION ( 'NONE',  ( 1.000000000000000000, -0.000000000000000000, 0.000000000000000000 ) ) ;
#1544 = ORIENTED_EDGE ( 'NONE', *, *, #1497, .T. ) ;
#1545 = PLANE ( 'NONE',  #2391 ) ;
#1546 = CARTESIAN_POINT ( 'NONE',  ( -7.494999999999993889, 1.899999999999995914, 0.000000000000000000 ) ) ;
#1547 = EDGE_LOOP ( 'NONE', ( #655, #1101, #3025, #1671 ) ) ;
#1548 = DIRECTION ( 'NONE',  ( 0.000000000000000000, 0.000000000000000000, -1.000000000000000000 ) ) ;
#1549 = DIRECTION ( 'NONE',  ( 0.000000000000000000, 0.000000000000000000, -1.000000000000000000 ) ) ;
#1550 = ADVANCED_FACE ( 'NONE', ( #2397 ), #293, .T. ) ;
#1551 = CARTESIAN_POINT ( 'NONE',  ( 10.82000000000000028, -1.815000000000004610, -0.1049999999999999684 ) ) ;
#1552 = ORIENTED_EDGE ( 'NONE', *, *, #2223, .T. ) ;
#1553 = VERTEX_POINT ( 'NONE', #546 ) ;
#1554 = CARTESIAN_POINT ( 'NONE',  ( 21.30000000000000782, -1.720000000000001306, -0.2700000000000007394 ) ) ;
#1555 = ADVANCED_FACE ( 'NONE', ( #809, #1235, #2458, #1266, #1987, #528, #312, #1722, #1251, #1695, #514, #2221, #1483, #2443, #278, #2208, #93, #2193, #2156 ), #1035, .F. ) ;
#1556 = DIRECTION ( 'NONE',  ( 0.000000000000000000, 0.000000000000000000, -1.000000000000000000 ) ) ;
#1557 = EDGE_LOOP ( 'NONE', ( #2908, #2841, #2340, #1336 ) ) ;
#1558 = VECTOR ( 'NONE', #1138, 39.37007874015748143 ) ;
#1559 = CYLINDRICAL_SURFACE ( 'NONE', #1989, 0.1049999999999979283 ) ;
#1560 = DIRECTION ( 'NONE',  ( -1.000000000000000000, 0.000000000000000000, 0.000000000000000000 ) ) ;
#1561 = VERTEX_POINT ( 'NONE', #1206 ) ;
#1562 = LINE ( 'NONE', #2017, #398 ) ;
#1563 = CARTESIAN_POINT ( 'NONE',  ( 21.30000000000000782, -1.720000000000001306, -0.5000000000000000000 ) ) ;
#1564 = FACE_OUTER_BOUND ( 'NONE', #91, .T. ) ;
#1565 = ORIENTED_EDGE ( 'NONE', *, *, #732, .F. ) ;
#1566 = ORIENTED_EDGE ( 'NONE', *, *, #531, .F. ) ;
#1567 = EDGE_CURVE ( 'NONE', #1311, #2216, #2693, .T. ) ;
#1568 = DIRECTION ( 'NONE',  ( -1.000000000000000000, 0.000000000000000000, 0.000000000000000000 ) ) ;
#1569 = VECTOR ( 'NONE', #483, 39.37007874015748143 ) ;
#1570 = CARTESIAN_POINT ( 'NONE',  ( -21.15499999999999758, 7.259999999999999787, -0.2100000000000034617 ) ) ;
#1571 = ORIENTED_EDGE ( 'NONE', *, *, #314, .F. ) ;
#1572 = EDGE_CURVE ( 'NONE', #2215, #2053, #749, .T. ) ;
#1573 = CYLINDRICAL_SURFACE ( 'NONE', #1386, 0.1015000000000010894 ) ;
#1574 = DIRECTION ( 'NONE',  ( 0.000000000000000000, 0.000000000000000000, 1.000000000000000000 ) ) ;
#1575 = VERTEX_POINT ( 'NONE', #782 ) ;
#1576 = AXIS2_PLACEMENT_3D ( 'NONE', #1417, #2096, #247 ) ;
#1577 = LINE ( 'NONE', #652, #1689 ) ;
#1578 = APPLICATION_CONTEXT ( 'automotive_design' ) ;
#1579 = CARTESIAN_POINT ( 'NONE',  ( -16.39499999999999602, 1.899999999999994804, 0.000000000000000000 ) ) ;
#1580 = PLANE ( 'NONE',  #2160 ) ;
#1581 = CARTESIAN_POINT ( 'NONE',  ( 21.02500000000000213, 7.470000000000003304, -0.7500000000000001110 ) ) ;
#1582 = ORIENTED_EDGE ( 'NONE', *, *, #2671, .T. ) ;
#1583 = VECTOR ( 'NONE', #1648, 39.37007874015748143 ) ;
#1584 = LINE ( 'NONE', #2541, #52 ) ;
#1585 = AXIS2_PLACEMENT_3D ( 'NONE', #399, #2974, #339 ) ;
#1586 = FACE_OUTER_BOUND ( 'NONE', #2158, .T. ) ;
#1587 = EDGE_LOOP ( 'NONE', ( #2431, #2352 ) ) ;
#1588 = EDGE_CURVE ( 'NONE', #2321, #2806, #79, .T. ) ;
#1589 = AXIS2_PLACEMENT_3D ( 'NONE', #225, #2103, #1167 ) ;
#1590 = DIRECTION ( 'NONE',  ( -0.000000000000000000, 1.000000000000000000, 0.000000000000000000 ) ) ;
#1591 = SURFACE_SIDE_STYLE ('',( #1890 ) ) ;
#1592 = EDGE_CURVE ( 'NONE', #2523, #2497, #1181, .T. ) ;
#1593 = CARTESIAN_POINT ( 'NONE',  ( 21.02500000000000568, -7.469999999999998863, -0.2099999999999998812 ) ) ;
#1594 = CARTESIAN_POINT ( 'NONE',  ( 21.30000000000000782, 7.220000000000002416, -0.5000000000000003331 ) ) ;
#1595 = EDGE_CURVE ( 'NONE', #2306, #2434, #2932, .T. ) ;
#1596 = CARTESIAN_POINT ( 'NONE',  ( 20.17500000000001137, 2.500000000000000444, 0.000000000000000000 ) ) ;
#1597 = DIRECTION ( 'NONE',  ( 1.000000000000000000, 1.227796851085061932E-16, 0.000000000000000000 ) ) ;
#1598 = ORIENTED_EDGE ( 'NONE', *, *, #559, .F. ) ;
#1599 = ORIENTED_EDGE ( 'NONE', *, *, #1610, .F. ) ;
#1600 = LINE ( 'NONE', #1103, #404 ) ;
#1601 = DIRECTION ( 'NONE',  ( -0.000000000000000000, -0.000000000000000000, 1.000000000000000000 ) ) ;
#1602 = VERTEX_POINT ( 'NONE', #796 ) ;
#1603 = DIRECTION ( 'NONE',  ( -0.000000000000000000, -0.000000000000000000, 1.000000000000000000 ) ) ;
#1604 = ORIENTED_EDGE ( 'NONE', *, *, #1595, .T. ) ;
#1605 = VECTOR ( 'NONE', #508, 39.37007874015748143 ) ;
#1606 = EDGE_CURVE ( 'NONE', #2940, #2806, #2649, .T. ) ;
#1607 = LINE ( 'NONE', #2138, #2272 ) ;
#1608 = DIRECTION ( 'NONE',  ( -0.000000000000000000, -0.000000000000000000, 1.000000000000000000 ) ) ;
#1609 = AXIS2_PLACEMENT_3D ( 'NONE', #1852, #2322, #1161 ) ;
#1610 = EDGE_CURVE ( 'NONE', #1678, #526, #591, .T. ) ;
#1611 = CARTESIAN_POINT ( 'NONE',  ( 19.32500000000000284, -1.800000000000003375, 0.000000000000000000 ) ) ;
#1612 = DIRECTION ( 'NONE',  ( 1.036262870996401089E-16, -1.000000000000000000, -3.388338596792882842E-15 ) ) ;
#1613 = EDGE_LOOP ( 'NONE', ( #2040, #2129 ) ) ;
#1614 = CARTESIAN_POINT ( 'NONE',  ( 21.30000000000000782, 4.520000000000001350, -0.2699999999999999623 ) ) ;
#1615 = CARTESIAN_POINT ( 'NONE',  ( 21.40500000000000469, 7.220000000000002416, -0.1049999999999996353 ) ) ;
#1616 = ORIENTED_EDGE ( 'NONE', *, *, #1042, .F. ) ;
#1617 = CLOSED_SHELL ( 'NONE', ( #817, #541, #613, #83, #924, #2320, #2819, #2150, #2897, #1402, #576, #2832, #2757, #1882, #1270, #1550, #1324, #1555, #2359, #2262, #2287, #185, #3049, #1747, #2566, #1629, #1997, #1966, #661, #232, #2280, #363, #15, #2630, #215, #1096, #1532, #823, #592, #769, #2242, #437, #587, #2104, #1377, #2141, #416, #3027, #328, #2859, #750, #835, #839, #721, #929, #1339, #2126, #2190, #2109, #62, #1342, #2976, #2071, #534, #43, #2145, #785, #2284, #2324, #2842, #686, #2528, #664, #876, #1902, #1977, #2571, #1048, #1820, #1177, #1058, #2626, #2744, #2455, #406, #441, #1454, #2345, #2514, #1734, #1848, #1288, #972, #2548, #1156, #1229, #166, #2683 ) ) ;
#1618 = DIRECTION ( 'NONE',  ( 1.000000000000000000, 0.000000000000000000, 0.000000000000000000 ) ) ;
#1619 = CARTESIAN_POINT ( 'NONE',  ( 20.17500000000001137, 3.750000000000000888, -0.1049999999999999684 ) ) ;
#1620 = ORIENTED_EDGE ( 'NONE', *, *, #2531, .F. ) ;
#1621 = DIRECTION ( 'NONE',  ( 0.000000000000000000, 0.000000000000000000, -1.000000000000000000 ) ) ;
#1622 = CARTESIAN_POINT ( 'NONE',  ( 21.19500000000000739, 7.220000000000002416, -0.1049999999999999961 ) ) ;
#1623 = EDGE_CURVE ( 'NONE', #802, #829, #1680, .T. ) ;
#1624 = VERTEX_POINT ( 'NONE', #2903 ) ;
#1625 = CIRCLE ( 'NONE', #838, 0.09999999999999947820 ) ;
#1626 = VECTOR ( 'NONE', #2750, 39.37007874015748143 ) ;
#1627 = CARTESIAN_POINT ( 'NONE',  ( -16.97499999999998721, 1.499999999999996003, -0.7500000000000004441 ) ) ;
#1628 = DIRECTION ( 'NONE',  ( 1.036262870996401089E-16, -1.000000000000000000, -3.491481338843132961E-15 ) ) ;
#1629 = ADVANCED_FACE ( 'NONE', ( #2516 ), #136, .F. ) ;
#1630 = ORIENTED_EDGE ( 'NONE', *, *, #1497, .F. ) ;
#1631 = DIRECTION ( 'NONE',  ( 0.000000000000000000, -1.000000000000000000, 0.000000000000000000 ) ) ;
#1632 = DIRECTION ( 'NONE',  ( -1.227796851085061932E-16, 1.000000000000000000, 0.000000000000000000 ) ) ;
#1633 = ORIENTED_EDGE ( 'NONE', *, *, #1007, .T. ) ;
#1634 = EDGE_CURVE ( 'NONE', #1127, #173, #2980, .T. ) ;
#1635 = CIRCLE ( 'NONE', #1332, 0.1249999999999938799 ) ;
#1636 = PRODUCT_DEFINITION_SHAPE ( 'NONE', 'NONE',  #3064 ) ;
#1637 = AXIS2_PLACEMENT_3D ( 'NONE', #560, #2396, #2410 ) ;
#1638 = DIRECTION ( 'NONE',  ( 0.000000000000000000, 0.000000000000000000, 1.000000000000000000 ) ) ;
#1639 = AXIS2_PLACEMENT_3D ( 'NONE', #2942, #1763, #146 ) ;
#1640 = ORIENTED_EDGE ( 'NONE', *, *, #499, .T. ) ;
#1641 = CARTESIAN_POINT ( 'NONE',  ( -21.15499999999999758, 7.364999999999997549, -0.2100000000000002143 ) ) ;
#1642 = CARTESIAN_POINT ( 'NONE',  ( -16.85000000000000142, -1.500000000000004219, -0.7500000000000004441 ) ) ;
#1643 = ORIENTED_EDGE ( 'NONE', *, *, #361, .T. ) ;
#1644 = LINE ( 'NONE', #2906, #2560 ) ;
#1645 = FACE_OUTER_BOUND ( 'NONE', #1394, .T. ) ;
#1646 = EDGE_LOOP ( 'NONE', ( #1072, #2700, #1643, #214 ) ) ;
#1647 = EDGE_CURVE ( 'NONE', #148, #2827, #164, .T. ) ;
#1648 = DIRECTION ( 'NONE',  ( 8.758115402030106693E-47, -3.388338596792882842E-15, 1.000000000000000000 ) ) ;
#1649 = FACE_OUTER_BOUND ( 'NONE', #1981, .T. ) ;
#1650 = ORIENTED_EDGE ( 'NONE', *, *, #245, .F. ) ;
#1651 = EDGE_LOOP ( 'NONE', ( #1761, #2073 ) ) ;
#1652 = EDGE_CURVE ( 'NONE', #2321, #229, #2076, .T. ) ;
#1653 = CYLINDRICAL_SURFACE ( 'NONE', #1589, 0.2099999999999980216 ) ;
#1654 = AXIS2_PLACEMENT_3D ( 'NONE', #407, #227, #623 ) ;
#1655 = DIRECTION ( 'NONE',  ( 0.000000000000000000, 0.000000000000000000, -1.000000000000000000 ) ) ;
#1656 = DIRECTION ( 'NONE',  ( 0.000000000000000000, 0.000000000000000000, 1.000000000000000000 ) ) ;
#1657 = ORIENTED_EDGE ( 'NONE', *, *, #2304, .F. ) ;
#1658 = DIRECTION ( 'NONE',  ( -1.000000000000000000, -1.036262870996400350E-16, -2.590657177491005189E-17 ) ) ;
#1659 = LINE ( 'NONE', #697, #2235 ) ;
#1660 = AXIS2_PLACEMENT_3D ( 'NONE', #1123, #2542, #1368 ) ;
#1661 = PRODUCT_CONTEXT ( 'NONE', #317, 'mechanical' ) ;
#1662 = ORIENTED_EDGE ( 'NONE', *, *, #2250, .T. ) ;
#1663 = VECTOR ( 'NONE', #2550, 39.37007874015748143 ) ;
#1664 = LINE ( 'NONE', #281, #969 ) ;
#1665 = DIRECTION ( 'NONE',  ( 1.000000000000000000, -0.000000000000000000, -0.000000000000000000 ) ) ;
#1666 = ORIENTED_EDGE ( 'NONE', *, *, #20, .T. ) ;
#1667 = DIRECTION ( 'NONE',  ( 0.000000000000000000, -1.000000000000000000, 0.000000000000000000 ) ) ;
#1668 = DIRECTION ( 'NONE',  ( 1.000000000000000000, -0.000000000000000000, 0.000000000000000000 ) ) ;
#1669 = ORIENTED_EDGE ( 'NONE', *, *, #2956, .F. ) ;
#1670 = EDGE_CURVE ( 'NONE', #1075, #2601, #2681, .T. ) ;
#1671 = ORIENTED_EDGE ( 'NONE', *, *, #907, .F. ) ;
#1672 = DIRECTION ( 'NONE',  ( 8.758115402030106693E-47, -3.388338596792882842E-15, 1.000000000000000000 ) ) ;
#1673 = DIRECTION ( 'NONE',  ( -0.000000000000000000, -0.000000000000000000, 1.000000000000000000 ) ) ;
#1674 = LINE ( 'NONE', #882, #821 ) ;
#1675 = EDGE_CURVE ( 'NONE', #1013, #2216, #1830, .T. ) ;
#1676 = CARTESIAN_POINT ( 'NONE',  ( 19.48400000000000531, 1.718999999999995865, 0.000000000000000000 ) ) ;
#1677 = DIRECTION ( 'NONE',  ( 1.000000000000000000, -0.000000000000000000, -0.000000000000000000 ) ) ;
#1678 = VERTEX_POINT ( 'NONE', #2030 ) ;
#1679 = DIRECTION ( 'NONE',  ( 0.000000000000000000, 1.000000000000000000, 0.000000000000000000 ) ) ;
#1680 = CIRCLE ( 'NONE', #2125, 0.1015000000000010894 ) ;
#1681 = CARTESIAN_POINT ( 'NONE',  ( -21.40499999999999758, 7.220000000000002416, -0.1049999999999999961 ) ) ;
#1682 = EDGE_LOOP ( 'NONE', ( #2380, #224, #2360, #2837 ) ) ;
#1683 = AXIS2_PLACEMENT_3D ( 'NONE', #602, #1543, #1556 ) ;
#1684 = CARTESIAN_POINT ( 'NONE',  ( -21.06499999999999773, 3.750000000000000888, -0.1049999999999999684 ) ) ;
#1685 = DIRECTION ( 'NONE',  ( 0.000000000000000000, -1.000000000000000000, 0.000000000000000000 ) ) ;
#1686 = EDGE_LOOP ( 'NONE', ( #3010, #1071, #2154, #675 ) ) ;
#1687 = ORIENTED_EDGE ( 'NONE', *, *, #2740, .F. ) ;
#1688 = DIRECTION ( 'NONE',  ( 1.000000000000000000, 0.000000000000000000, -6.776677193585764106E-15 ) ) ;
#1689 = VECTOR ( 'NONE', #608, 39.37007874015748143 ) ;
#1690 = DIRECTION ( 'NONE',  ( -0.000000000000000000, 1.000000000000000000, 0.000000000000000000 ) ) ;
#1691 = ORIENTED_EDGE ( 'NONE', *, *, #2816, .T. ) ;
#1692 = VECTOR ( 'NONE', #1960, 39.37007874015748143 ) ;
#1693 = DIRECTION ( 'NONE',  ( -0.000000000000000000, -0.000000000000000000, 1.000000000000000000 ) ) ;
#1694 = EDGE_CURVE ( 'NONE', #2016, #2046, #3078, .T. ) ;
#1695 = FACE_BOUND ( 'NONE', #1651, .T. ) ;
#1696 = AXIS2_PLACEMENT_3D ( 'NONE', #2437, #729, #307 ) ;
#1697 = PLANE ( 'NONE',  #2056 ) ;
#1698 = VECTOR ( 'NONE', #3046, 39.37007874015748143 ) ;
#1699 = EDGE_CURVE ( 'NONE', #72, #1050, #491, .T. ) ;
#1700 = CARTESIAN_POINT ( 'NONE',  ( -16.72500000000001208, 1.499999999999996003, -0.1049999999999999684 ) ) ;
#1701 = DIRECTION ( 'NONE',  ( -0.000000000000000000, -0.000000000000000000, 1.000000000000000000 ) ) ;
#1702 = CARTESIAN_POINT ( 'NONE',  ( 14.86600000000000499, 1.718999999999995865, -0.7500000000000004441 ) ) ;
#1703 = LINE ( 'NONE', #2856, #273 ) ;
#1704 = ORIENTED_EDGE ( 'NONE', *, *, #990, .F. ) ;
#1705 = ORIENTED_EDGE ( 'NONE', *, *, #800, .F. ) ;
#1706 = LINE ( 'NONE', #73, #850 ) ;
#1707 = CARTESIAN_POINT ( 'NONE',  ( 19.48400000000000531, -1.718000000000004190, -0.7500000000000004441 ) ) ;
#1708 = ORIENTED_EDGE ( 'NONE', *, *, #1588, .T. ) ;
#1709 = FACE_OUTER_BOUND ( 'NONE', #430, .T. ) ;
#1710 = CARTESIAN_POINT ( 'NONE',  ( 0.000000000000000000, 0.000000000000000000, 0.000000000000000000 ) ) ;
#1711 = EDGE_CURVE ( 'NONE', #2990, #2296, #343, .T. ) ;
#1712 = DIRECTION ( 'NONE',  ( -0.000000000000000000, -0.000000000000000000, 1.000000000000000000 ) ) ;
#1713 = LINE ( 'NONE', #1442, #1871 ) ;
#1714 = EDGE_CURVE ( 'NONE', #2751, #2698, #2502, .T. ) ;
#1715 = DIRECTION ( 'NONE',  ( 0.000000000000000000, 0.000000000000000000, -1.000000000000000000 ) ) ;
#1716 = VERTEX_POINT ( 'NONE', #1546 ) ;
#1717 = ORIENTED_EDGE ( 'NONE', *, *, #2707, .T. ) ;
#1718 = CARTESIAN_POINT ( 'NONE',  ( 14.96750000000000647, 1.718999999999995865, 0.000000000000000000 ) ) ;
#1719 = CARTESIAN_POINT ( 'NONE',  ( 19.48400000000000531, 1.718999999999995865, -0.7500000000000004441 ) ) ;
#1720 = ORIENTED_EDGE ( 'NONE', *, *, #3032, .F. ) ;
#1721 = DIRECTION ( 'NONE',  ( -0.000000000000000000, 1.000000000000000000, -0.000000000000000000 ) ) ;
#1722 = FACE_BOUND ( 'NONE', #1922, .T. ) ;
#1723 = DIRECTION ( 'NONE',  ( -1.000000000000000000, 0.000000000000000000, 0.000000000000000000 ) ) ;
#1724 = VERTEX_POINT ( 'NONE', #152 ) ;
#1725 = CIRCLE ( 'NONE', #1469, 0.1015000000000010894 ) ;
#1726 = EDGE_CURVE ( 'NONE', #2255, #986, #1781, .T. ) ;
#1727 = DIRECTION ( 'NONE',  ( -1.000000000000000000, 0.000000000000000000, 0.000000000000000000 ) ) ;
#1728 = EDGE_CURVE ( 'NONE', #1050, #2016, #1816, .T. ) ;
#1729 = FACE_OUTER_BOUND ( 'NONE', #1302, .T. ) ;
#1730 = VERTEX_POINT ( 'NONE', #634 ) ;
#1731 = VERTEX_POINT ( 'NONE', #820 ) ;
#1732 = VECTOR ( 'NONE', #74, 39.37007874015748143 ) ;
#1733 = LINE ( 'NONE', #1413, #58 ) ;
#1734 = ADVANCED_FACE ( 'NONE', ( #2975 ), #3019, .F. ) ;
#1735 = DIRECTION ( 'NONE',  ( -0.000000000000000000, -0.000000000000000000, 1.000000000000000000 ) ) ;
#1736 = ORIENTED_EDGE ( 'NONE', *, *, #1567, .T. ) ;
#1737 = LINE ( 'NONE', #976, #1692 ) ;
#1738 = CARTESIAN_POINT ( 'NONE',  ( 21.40500000000000469, 7.220000000000002416, -0.2099999999999980216 ) ) ;
#1739 = VECTOR ( 'NONE', #2848, 39.37007874015748143 ) ;
#1740 = ORIENTED_EDGE ( 'NONE', *, *, #384, .F. ) ;
#1741 = VECTOR ( 'NONE', #1986, 39.37007874015748143 ) ;
#1742 = DIRECTION ( 'NONE',  ( -1.000000000000000000, 0.000000000000000000, 0.000000000000000000 ) ) ;
#1743 = VECTOR ( 'NONE', #937, 39.37007874015748143 ) ;
#1744 = CARTESIAN_POINT ( 'NONE',  ( 21.02500000000000568, 7.470000000000000639, -1.168021431365194011E-13 ) ) ;
#1745 = EDGE_LOOP ( 'NONE', ( #2513, #2234, #1080, #490 ) ) ;
#1746 = ORIENTED_EDGE ( 'NONE', *, *, #283, .F. ) ;
#1747 = ADVANCED_FACE ( 'NONE', ( #1829 ), #1515, .F. ) ;
#1748 = CARTESIAN_POINT ( 'NONE',  ( 14.86600000000000499, 1.718999999999995865, 0.000000000000000000 ) ) ;
#1749 = LINE ( 'NONE', #2264, #1626 ) ;
#1750 = ORIENTED_EDGE ( 'NONE', *, *, #2699, .F. ) ;
#1751 = EDGE_CURVE ( 'NONE', #2167, #3080, #340, .T. ) ;
#1752 = CARTESIAN_POINT ( 'NONE',  ( 21.30000000000000782, 1.720000000000001306, -0.5000000000000003331 ) ) ;
#1753 = DIRECTION ( 'NONE',  ( 0.000000000000000000, 0.000000000000000000, -1.000000000000000000 ) ) ;
#1754 = EDGE_LOOP ( 'NONE', ( #193, #139, #1297, #1228 ) ) ;
#1755 = CARTESIAN_POINT ( 'NONE',  ( 20.08000000000001251, -3.750000000000003997, -0.1049999999999999684 ) ) ;
#1756 = DIRECTION ( 'NONE',  ( 1.000000000000000000, 0.000000000000000000, 0.000000000000000000 ) ) ;
#1757 = LINE ( 'NONE', #2697, #867 ) ;
#1758 = DIMENSIONAL_EXPONENTS ( 1.000000000000000000, 0.000000000000000000, 0.000000000000000000, 0.000000000000000000, 0.000000000000000000, 0.000000000000000000, 0.000000000000000000 ) ;
#1759 = ORIENTED_EDGE ( 'NONE', *, *, #800, .T. ) ;
#1760 = AXIS2_PLACEMENT_3D ( 'NONE', #2656, #301, #535 ) ;
#1761 = ORIENTED_EDGE ( 'NONE', *, *, #1993, .F. ) ;
#1762 = AXIS2_PLACEMENT_3D ( 'NONE', #345, #2935, #1756 ) ;
#1763 = DIRECTION ( 'NONE',  ( -1.000000000000000000, 0.000000000000000000, 0.000000000000000000 ) ) ;
#1764 = AXIS2_PLACEMENT_3D ( 'NONE', #423, #186, #2820 ) ;
#1765 = CARTESIAN_POINT ( 'NONE',  ( 2.332814017061621813E-16, -1.900000000000003242, -0.1049999999999999961 ) ) ;
#1766 = ORIENTED_EDGE ( 'NONE', *, *, #2250, .F. ) ;
#1767 = EDGE_CURVE ( 'NONE', #2046, #2016, #1625, .T. ) ;
#1768 = DIRECTION ( 'NONE',  ( 1.000000000000000000, 0.000000000000000000, 0.000000000000000000 ) ) ;
#1769 = CARTESIAN_POINT ( 'NONE',  ( -21.06499999999999773, -3.750000000000003997, 0.000000000000000000 ) ) ;
#1770 = EDGE_CURVE ( 'NONE', #2434, #397, #3026, .T. ) ;
#1771 = ORIENTED_EDGE ( 'NONE', *, *, #2531, .T. ) ;
#1772 = CARTESIAN_POINT ( 'NONE',  ( 21.19500000000000739, -7.219999999999999751, -0.2099999999999980216 ) ) ;
#1773 = DIRECTION ( 'NONE',  ( 1.000000000000000000, 0.000000000000000000, 0.000000000000000000 ) ) ;
#1774 = AXIS2_PLACEMENT_3D ( 'NONE', #505, #1701, #1224 ) ;
#1775 = CARTESIAN_POINT ( 'NONE',  ( 3.005000000000002558, -3.680000000000004601, -0.7500000000000004441 ) ) ;
#1776 = ORIENTED_EDGE ( 'NONE', *, *, #1168, .F. ) ;
#1777 = ORIENTED_EDGE ( 'NONE', *, *, #2341, .T. ) ;
#1778 = DIRECTION ( 'NONE',  ( 0.000000000000000000, 0.000000000000000000, 1.000000000000000000 ) ) ;
#1779 = DIRECTION ( 'NONE',  ( -1.000000000000000000, 0.000000000000000000, 0.000000000000000000 ) ) ;
#1780 = EDGE_LOOP ( 'NONE', ( #2880, #2409, #662, #711 ) ) ;
#1781 = CIRCLE ( 'NONE', #985, 0.2099999999999989930 ) ;
#1782 = DIRECTION ( 'NONE',  ( 0.000000000000000000, 0.000000000000000000, -1.000000000000000000 ) ) ;
#1783 = AXIS2_PLACEMENT_3D ( 'NONE', #848, #2718, #1293 ) ;
#1784 = DIRECTION ( 'NONE',  ( 6.776677193585764106E-15, 3.388338596792882053E-15, 1.000000000000000000 ) ) ;
#1785 = ORIENTED_EDGE ( 'NONE', *, *, #2184, .T. ) ;
#1786 = EDGE_CURVE ( 'NONE', #470, #1553, #2479, .T. ) ;
#1787 = PLANE ( 'NONE',  #891 ) ;
#1788 = VECTOR ( 'NONE', #488, 39.37007874015748143 ) ;
#1789 = CARTESIAN_POINT ( 'NONE',  ( 14.86600000000000499, -1.718000000000004190, -0.1049999999999999684 ) ) ;
#1790 = EDGE_CURVE ( 'NONE', #2311, #2792, #1131, .T. ) ;
#1791 = AXIS2_PLACEMENT_3D ( 'NONE', #911, #451, #2662 ) ;
#1792 = CARTESIAN_POINT ( 'NONE',  ( -2.464999999999996749, -3.680000000000005045, 0.000000000000000000 ) ) ;
#1793 = ORIENTED_EDGE ( 'NONE', *, *, #266, .F. ) ;
#1794 = CIRCLE ( 'NONE', #2588, 0.09999999999999947820 ) ;
#1795 = ORIENTED_EDGE ( 'NONE', *, *, #1154, .T. ) ;
#1796 = CYLINDRICAL_SURFACE ( 'NONE', #1143, 0.09499999999999994560 ) ;
#1797 = DIRECTION ( 'NONE',  ( 0.000000000000000000, 0.000000000000000000, 1.000000000000000000 ) ) ;
#1798 = ORIENTED_EDGE ( 'NONE', *, *, #1536, .T. ) ;
#1799 = MANIFOLD_SOLID_BREP ( 'Cortar-Extruir3', #1617 ) ;
#1800 = FACE_OUTER_BOUND ( 'NONE', #1448, .T. ) ;
#1801 = DIRECTION ( 'NONE',  ( 0.000000000000000000, 0.000000000000000000, -1.000000000000000000 ) ) ;
#1802 = VERTEX_POINT ( 'NONE', #2374 ) ;
#1803 = FACE_BOUND ( 'NONE', #294, .T. ) ;
#1804 = DIRECTION ( 'NONE',  ( 0.000000000000000000, 0.000000000000000000, 1.000000000000000000 ) ) ;
#1805 = EDGE_CURVE ( 'NONE', #1201, #165, #432, .T. ) ;
#1806 = DIRECTION ( 'NONE',  ( 1.000000000000000000, 0.000000000000000000, 0.000000000000000000 ) ) ;
#1807 = VERTEX_POINT ( 'NONE', #2358 ) ;
#1808 = EDGE_CURVE ( 'NONE', #2200, #1311, #2281, .T. ) ;
#1809 = VERTEX_POINT ( 'NONE', #2423 ) ;
#1810 = CARTESIAN_POINT ( 'NONE',  ( 21.40500000000000469, 1.720000000000001306, -0.5000000000000000000 ) ) ;
#1811 = CARTESIAN_POINT ( 'NONE',  ( 21.40500000000000469, 7.220000000000002416, -0.5000000000000000000 ) ) ;
#1812 = VECTOR ( 'NONE', #222, 39.37007874015748143 ) ;
#1813 = EDGE_LOOP ( 'NONE', ( #1341, #1854 ) ) ;
#1814 = AXIS2_PLACEMENT_3D ( 'NONE', #2199, #1668, #1715 ) ;
#1815 = DIRECTION ( 'NONE',  ( 1.000000000000000000, 0.000000000000000000, 0.000000000000000000 ) ) ;
#1816 = LINE ( 'NONE', #1280, #741 ) ;
#1817 = ORIENTED_EDGE ( 'NONE', *, *, #2724, .T. ) ;
#1818 = LINE ( 'NONE', #360, #2438 ) ;
#1819 = LINE ( 'NONE', #2064, #1213 ) ;
#1820 = ADVANCED_FACE ( 'NONE', ( #274 ), #744, .F. ) ;
#1821 = DIRECTION ( 'NONE',  ( 0.000000000000000000, -1.000000000000000000, 0.000000000000000000 ) ) ;
#1822 = VERTEX_POINT ( 'NONE', #988 ) ;
#1823 = ORIENTED_EDGE ( 'NONE', *, *, #266, .T. ) ;
#1824 = EDGE_CURVE ( 'NONE', #2670, #2276, #1941, .T. ) ;
#1825 = DIRECTION ( 'NONE',  ( -1.000000000000000000, 0.000000000000000000, 0.000000000000000000 ) ) ;
#1826 = VERTEX_POINT ( 'NONE', #2644 ) ;
#1827 = EDGE_CURVE ( 'NONE', #2686, #917, #763, .T. ) ;
#1828 = DIRECTION ( 'NONE',  ( 9.988475296761473310E-17, -1.000000000000000000, 0.000000000000000000 ) ) ;
#1829 = FACE_OUTER_BOUND ( 'NONE', #2996, .T. ) ;
#1830 = CIRCLE ( 'NONE', #1422, 0.1250000000000004441 ) ;
#1831 = ORIENTED_EDGE ( 'NONE', *, *, #2377, .F. ) ;
#1832 = AXIS2_PLACEMENT_3D ( 'NONE', #1464, #557, #1219 ) ;
#1833 = LINE ( 'NONE', #663, #1238 ) ;
#1834 = FACE_OUTER_BOUND ( 'NONE', #3073, .T. ) ;
#1835 = DIRECTION ( 'NONE',  ( -1.000000000000000000, 0.000000000000000000, 0.000000000000000000 ) ) ;
#1836 = ORIENTED_EDGE ( 'NONE', *, *, #1285, .T. ) ;
#1837 = CIRCLE ( 'NONE', #1087, 0.09499999999999994560 ) ;
#1838 = CARTESIAN_POINT ( 'NONE',  ( 3.005000000000002558, -3.680000000000004601, -0.7500000000000004441 ) ) ;
#1839 = ORIENTED_EDGE ( 'NONE', *, *, #1726, .F. ) ;
#1840 = ORIENTED_EDGE ( 'NONE', *, *, #1923, .F. ) ;
#1841 = VECTOR ( 'NONE', #2093, 39.37007874015748143 ) ;
#1842 = DIRECTION ( 'NONE',  ( 6.776677193585764106E-15, -0.000000000000000000, 1.000000000000000000 ) ) ;
#1843 = VECTOR ( 'NONE', #1603, 39.37007874015748143 ) ;
#1844 = PLANE ( 'NONE',  #2462 ) ;
#1845 = VERTEX_POINT ( 'NONE', #1925 ) ;
#1846 = EDGE_CURVE ( 'NONE', #2296, #2990, #2984, .T. ) ;
#1847 = LINE ( 'NONE', #3033, #1841 ) ;
#1848 = ADVANCED_FACE ( 'NONE', ( #2674 ), #792, .F. ) ;
#1849 = LINE ( 'NONE', #1641, #2117 ) ;
#1850 = CARTESIAN_POINT ( 'NONE',  ( -21.15499999999999758, -7.260000000000000675, -0.2099999999999966060 ) ) ;
#1851 = ORIENTED_EDGE ( 'NONE', *, *, #803, .F. ) ;
#1852 = CARTESIAN_POINT ( 'NONE',  ( 21.19500000000000739, 7.220000000000002416, -0.2099999999999980216 ) ) ;
#1853 = ORIENTED_EDGE ( 'NONE', *, *, #2905, .F. ) ;
#1854 = ORIENTED_EDGE ( 'NONE', *, *, #1439, .F. ) ;
#1855 = CARTESIAN_POINT ( 'NONE',  ( 14.86600000000000499, 1.718999999999995865, -0.1049999999999999684 ) ) ;
#1856 = DIRECTION ( 'NONE',  ( 0.000000000000000000, 0.000000000000000000, 1.000000000000000000 ) ) ;
#1857 = ORIENTED_EDGE ( 'NONE', *, *, #1514, .F. ) ;
#1858 = FACE_OUTER_BOUND ( 'NONE', #129, .T. ) ;
#1859 = DIRECTION ( 'NONE',  ( 1.000000000000000000, 0.000000000000000000, 1.626099996228726381E-16 ) ) ;
#1860 = ORIENTED_EDGE ( 'NONE', *, *, #1321, .T. ) ;
#1861 = VECTOR ( 'NONE', #2745, 39.37007874015748143 ) ;
#1862 = DIRECTION ( 'NONE',  ( 3.618092476219944899E-31, -3.491481338843132961E-15, 1.000000000000000000 ) ) ;
#1863 = EDGE_CURVE ( 'NONE', #1845, #458, #194, .T. ) ;
#1864 = LINE ( 'NONE', #2818, #2787 ) ;
#1865 = DIRECTION ( 'NONE',  ( -0.000000000000000000, -0.000000000000000000, 1.000000000000000000 ) ) ;
#1866 = ORIENTED_EDGE ( 'NONE', *, *, #39, .F. ) ;
#1867 = EDGE_LOOP ( 'NONE', ( #1420, #365, #2470, #1361 ) ) ;
#1868 = PLANE ( 'NONE',  #104 ) ;
#1869 = DIRECTION ( 'NONE',  ( 9.658932952339059618E-30, -1.000000000000000000, -2.766428348014441609E-15 ) ) ;
#1870 = VERTEX_POINT ( 'NONE', #2928 ) ;
#1871 = VECTOR ( 'NONE', #2654, 39.37007874015748143 ) ;
#1872 = DIRECTION ( 'NONE',  ( 0.000000000000000000, 1.000000000000000000, 0.000000000000000000 ) ) ;
#1873 =( NAMED_UNIT ( * ) SI_UNIT ( $, .STERADIAN. ) SOLID_ANGLE_UNIT ( ) );
#1874 = LINE ( 'NONE', #3065, #2520 ) ;
#1875 = CARTESIAN_POINT ( 'NONE',  ( -7.040000000000000036, 1.499999999999996003, -0.1049999999999999684 ) ) ;
#1876 = ORIENTED_EDGE ( 'NONE', *, *, #1249, .F. ) ;
#1877 = AXIS2_PLACEMENT_3D ( 'NONE', #357, #1296, #2254 ) ;
#1878 = EDGE_CURVE ( 'NONE', #111, #2306, #2660, .T. ) ;
#1879 = DIRECTION ( 'NONE',  ( 0.000000000000000000, 0.000000000000000000, 1.000000000000000000 ) ) ;
#1880 = ORIENTED_EDGE ( 'NONE', *, *, #2304, .T. ) ;
#1881 = ORIENTED_EDGE ( 'NONE', *, *, #2436, .T. ) ;
#1882 = ADVANCED_FACE ( 'NONE', ( #974 ), #289, .F. ) ;
#1883 = LINE ( 'NONE', #722, #1583 ) ;
#1884 = CYLINDRICAL_SURFACE ( 'NONE', #572, 0.1049999999999990108 ) ;
#1885 = ORIENTED_EDGE ( 'NONE', *, *, #1154, .F. ) ;
#1886 = AXIS2_PLACEMENT_3D ( 'NONE', #966, #1667, #1198 ) ;
#1887 = ORIENTED_EDGE ( 'NONE', *, *, #596, .T. ) ;
#1888 = VECTOR ( 'NONE', #150, 39.37007874015748143 ) ;
#1889 = CARTESIAN_POINT ( 'NONE',  ( 19.32500000000000284, 1.799999999999996270, -0.7500000000000004441 ) ) ;
#1890 = SURFACE_STYLE_FILL_AREA ( #1906 ) ;
#1891 = DIRECTION ( 'NONE',  ( 1.000000000000000000, 0.000000000000000000, 0.000000000000000000 ) ) ;
#1892 = AXIS2_PLACEMENT_3D ( 'NONE', #2186, #1688, #1003 ) ;
#1893 = VERTEX_POINT ( 'NONE', #1203 ) ;
#1894 = CARTESIAN_POINT ( 'NONE',  ( 21.02500000000000924, 7.259999999999999787, -0.2099999999999966060 ) ) ;
#1895 = DIRECTION ( 'NONE',  ( 1.000000000000000000, 0.000000000000000000, 0.000000000000000000 ) ) ;
#1896 = EDGE_LOOP ( 'NONE', ( #176, #2077, #790, #1552, #2163, #61, #1539, #1776, #1445, #2592, #2893, #2385 ) ) ;
#1897 = EDGE_CURVE ( 'NONE', #2434, #236, #2439, .T. ) ;
#1898 = DIRECTION ( 'NONE',  ( -0.000000000000000000, -0.000000000000000000, 1.000000000000000000 ) ) ;
#1899 = DIRECTION ( 'NONE',  ( 0.000000000000000000, 0.000000000000000000, 1.000000000000000000 ) ) ;
#1900 = ORIENTED_EDGE ( 'NONE', *, *, #1418, .T. ) ;
#1901 = PLANE ( 'NONE',  #1886 ) ;
#1902 = ADVANCED_FACE ( 'NONE', ( #542 ), #2879, .F. ) ;
#1903 = PLANE ( 'NONE',  #1965 ) ;
#1904 = VERTEX_POINT ( 'NONE', #495 ) ;
#1905 = CARTESIAN_POINT ( 'NONE',  ( -21.15499999999999403, -7.470000000000004192, 1.690381008889281442E-13 ) ) ;
#1906 = FILL_AREA_STYLE ('',( #693 ) ) ;
#1907 = DIRECTION ( 'NONE',  ( 1.000000000000000000, -0.000000000000000000, -0.000000000000000000 ) ) ;
#1908 = DIRECTION ( 'NONE',  ( -0.000000000000000000, -0.000000000000000000, 1.000000000000000000 ) ) ;
#1909 = CARTESIAN_POINT ( 'NONE',  ( 20.17500000000001137, -2.500000000000003997, -0.7500000000000004441 ) ) ;
#1910 = AXIS2_PLACEMENT_3D ( 'NONE', #1378, #1821, #1879 ) ;
#1911 = CARTESIAN_POINT ( 'NONE',  ( 14.96750000000000647, -1.718000000000004190, -0.1049999999999999684 ) ) ;
#1912 = ORIENTED_EDGE ( 'NONE', *, *, #1079, .T. ) ;
#1913 = CIRCLE ( 'NONE', #1654, 0.09499999999999994560 ) ;
#1914 = AXIS2_PLACEMENT_3D ( 'NONE', #2429, #1712, #1 ) ;
#1915 = CARTESIAN_POINT ( 'NONE',  ( -21.40503937007874313, 1.720000000000001306, -0.5000000000000003331 ) ) ;
#1916 = LINE ( 'NONE', #33, #1125 ) ;
#1917 = EDGE_LOOP ( 'NONE', ( #2172, #1005, #2789, #393 ) ) ;
#1918 = EDGE_CURVE ( 'NONE', #319, #1921, #1231, .T. ) ;
#1919 = FACE_OUTER_BOUND ( 'NONE', #558, .T. ) ;
#1920 = DIRECTION ( 'NONE',  ( -1.000000000000000000, -1.295328588745265104E-16, 6.776677193585765683E-15 ) ) ;
#1921 = VERTEX_POINT ( 'NONE', #1247 ) ;
#1922 = EDGE_LOOP ( 'NONE', ( #335, #1885 ) ) ;
#1923 = EDGE_CURVE ( 'NONE', #1009, #2746, #260, .T. ) ;
#1924 = CARTESIAN_POINT ( 'NONE',  ( 14.96750000000000647, 1.718999999999995865, -0.1049999999999999684 ) ) ;
#1925 = CARTESIAN_POINT ( 'NONE',  ( 20.27000000000001023, -3.750000000000003997, 0.000000000000000000 ) ) ;
#1926 = ORIENTED_EDGE ( 'NONE', *, *, #154, .T. ) ;
#1927 = VECTOR ( 'NONE', #997, 39.37007874015748143 ) ;
#1928 = EDGE_CURVE ( 'NONE', #1624, #2821, #2887, .T. ) ;
#1929 = CARTESIAN_POINT ( 'NONE',  ( 20.17500000000001137, 2.500000000000000444, -0.7500000000000004441 ) ) ;
#1930 = DIRECTION ( 'NONE',  ( -0.000000000000000000, -0.000000000000000000, 1.000000000000000000 ) ) ;
#1931 = ORIENTED_EDGE ( 'NONE', *, *, #772, .F. ) ;
#1932 = DIRECTION ( 'NONE',  ( -1.000000000000000000, 0.000000000000000000, -3.491481338843132961E-15 ) ) ;
#1933 = AXIS2_PLACEMENT_3D ( 'NONE', #1008, #2706, #574 ) ;
#1934 = CARTESIAN_POINT ( 'NONE',  ( 21.02500000000000213, -7.365000000000001101, -0.7500000000000004441 ) ) ;
#1935 = VECTOR ( 'NONE', #1673, 39.37007874015748143 ) ;
#1936 = DIRECTION ( 'NONE',  ( -1.000000000000000000, 0.000000000000000000, 0.000000000000000000 ) ) ;
#1937 = CARTESIAN_POINT ( 'NONE',  ( 14.86600000000000499, -1.718000000000004190, 0.000000000000000000 ) ) ;
#1938 = ORIENTED_EDGE ( 'NONE', *, *, #283, .T. ) ;
#1939 = CARTESIAN_POINT ( 'NONE',  ( -21.15499999999999758, -7.470000000000005969, -0.7500000000000001110 ) ) ;
#1940 = AXIS2_PLACEMENT_3D ( 'NONE', #2124, #2349, #467 ) ;
#1941 = LINE ( 'NONE', #2898, #1732 ) ;
#1942 = ORIENTED_EDGE ( 'NONE', *, *, #2960, .F. ) ;
#1943 = EDGE_CURVE ( 'NONE', #1429, #2507, #511, .T. ) ;
#1944 = VECTOR ( 'NONE', #2961, 39.37007874015748143 ) ;
#1945 = LINE ( 'NONE', #748, #2894 ) ;
#1946 = DIRECTION ( 'NONE',  ( 1.000000000000000000, 0.000000000000000000, 0.000000000000000000 ) ) ;
#1947 = EDGE_CURVE ( 'NONE', #3040, #780, #2204, .T. ) ;
#1948 = VECTOR ( 'NONE', #1524, 39.37007874015748143 ) ;
#1949 = LENGTH_MEASURE_WITH_UNIT ( LENGTH_MEASURE( 0.02539999999999999897 ), #2445 );
#1950 = EDGE_LOOP ( 'NONE', ( #1860, #438, #88, #324 ) ) ;
#1951 = LINE ( 'NONE', #2161, #577 ) ;
#1952 = DIRECTION ( 'NONE',  ( 0.000000000000000000, 0.000000000000000000, -1.000000000000000000 ) ) ;
#1953 = CYLINDRICAL_SURFACE ( 'NONE', #171, 0.09499999999999994560 ) ;
#1954 = EDGE_LOOP ( 'NONE', ( #890, #1438, #2730, #1491 ) ) ;
#1955 = EDGE_LOOP ( 'NONE', ( #2562, #816, #408, #1460 ) ) ;
#1956 = VERTEX_POINT ( 'NONE', #2171 ) ;
#1957 = DIRECTION ( 'NONE',  ( 1.000000000000000000, -9.988475296761473310E-17, 0.000000000000000000 ) ) ;
#1958 = DIRECTION ( 'NONE',  ( 1.000000000000000000, 0.000000000000000000, 0.000000000000000000 ) ) ;
#1959 = ORIENTED_EDGE ( 'NONE', *, *, #1478, .T. ) ;
#1960 = DIRECTION ( 'NONE',  ( 1.000000000000000000, 9.489538071265739929E-30, 6.123233995736767268E-17 ) ) ;
#1961 = DIRECTION ( 'NONE',  ( -1.626099996228726381E-16, 0.000000000000000000, -1.000000000000000000 ) ) ;
#1962 = ORIENTED_EDGE ( 'NONE', *, *, #384, .T. ) ;
#1963 = EDGE_CURVE ( 'NONE', #206, #2274, #2393, .T. ) ;
#1964 = CARTESIAN_POINT ( 'NONE',  ( 21.40500000000000469, 7.220000000000002416, -0.5000000000000000000 ) ) ;
#1965 = AXIS2_PLACEMENT_3D ( 'NONE', #256, #489, #2131 ) ;
#1966 = ADVANCED_FACE ( 'NONE', ( #2986 ), #1275, .F. ) ;
#1967 = DIRECTION ( 'NONE',  ( -1.000000000000000000, 0.000000000000000000, 0.000000000000000000 ) ) ;
#1968 = ORIENTED_EDGE ( 'NONE', *, *, #1461, .F. ) ;
#1969 = ORIENTED_EDGE ( 'NONE', *, *, #502, .F. ) ;
#1970 = CARTESIAN_POINT ( 'NONE',  ( -21.40499999999999758, 0.000000000000000000, 1.454213808692818078E-13 ) ) ;
#1971 = DIRECTION ( 'NONE',  ( -1.000000000000000000, 0.000000000000000000, 0.000000000000000000 ) ) ;
#1972 = ORIENTED_EDGE ( 'NONE', *, *, #2054, .T. ) ;
#1973 = CARTESIAN_POINT ( 'NONE',  ( 21.02500000000000213, 7.259999999999999787, -0.1049999999999986777 ) ) ;
#1974 = CARTESIAN_POINT ( 'NONE',  ( 21.40500000000000469, 7.220000000000002416, -0.5000000000000000000 ) ) ;
#1975 =( NAMED_UNIT ( * ) SI_UNIT ( $, .STERADIAN. ) SOLID_ANGLE_UNIT ( ) );
#1976 = CARTESIAN_POINT ( 'NONE',  ( 7.190000000000000391, -1.815000000000004610, -0.7500000000000004441 ) ) ;
#1977 = ADVANCED_FACE ( 'NONE', ( #630 ), #2278, .F. ) ;
#1978 = CARTESIAN_POINT ( 'NONE',  ( -21.15499999999999758, 7.469999999999997975, -0.2100000000000027400 ) ) ;
#1979 = VERTEX_POINT ( 'NONE', #815 ) ;
#1980 = EDGE_CURVE ( 'NONE', #1153, #2274, #1049, .T. ) ;
#1981 = EDGE_LOOP ( 'NONE', ( #1176, #959, #1881, #1657 ) ) ;
#1982 = AXIS2_PLACEMENT_3D ( 'NONE', #1190, #2139, #13 ) ;
#1983 = FACE_OUTER_BOUND ( 'NONE', #1106, .T. ) ;
#1984 = DIRECTION ( 'NONE',  ( -0.000000000000000000, -0.000000000000000000, 1.000000000000000000 ) ) ;
#1985 = VERTEX_POINT ( 'NONE', #2945 ) ;
#1986 = DIRECTION ( 'NONE',  ( -0.000000000000000000, -0.000000000000000000, 1.000000000000000000 ) ) ;
#1987 = FACE_BOUND ( 'NONE', #1613, .T. ) ;
#1988 = ORIENTED_EDGE ( 'NONE', *, *, #610, .F. ) ;
#1989 = AXIS2_PLACEMENT_3D ( 'NONE', #2515, #1322, #2297 ) ;
#1990 = FACE_OUTER_BOUND ( 'NONE', #2675, .T. ) ;
#1991 = LINE ( 'NONE', #2966, #1663 ) ;
#1992 = AXIS2_PLACEMENT_3D ( 'NONE', #1015, #523, #2422 ) ;
#1993 = EDGE_CURVE ( 'NONE', #2482, #780, #98, .T. ) ;
#1994 = DIRECTION ( 'NONE',  ( -1.000000000000000000, 0.000000000000000000, 0.000000000000000000 ) ) ;
#1995 = VERTEX_POINT ( 'NONE', #2295 ) ;
#1996 = ORIENTED_EDGE ( 'NONE', *, *, #463, .T. ) ;
#1997 = ADVANCED_FACE ( 'NONE', ( #120 ), #2233, .T. ) ;
#1998 = LINE ( 'NONE', #1542, #1241 ) ;
#1999 = DIRECTION ( 'NONE',  ( -1.626099996228726381E-16, 0.000000000000000000, 1.000000000000000000 ) ) ;
#2000 = ORIENTED_EDGE ( 'NONE', *, *, #2611, .T. ) ;
#2001 = FACE_OUTER_BOUND ( 'NONE', #2829, .T. ) ;
#2002 = CARTESIAN_POINT ( 'NONE',  ( 20.17500000000001137, -2.500000000000003997, 0.000000000000000000 ) ) ;
#2003 = ORIENTED_EDGE ( 'NONE', *, *, #2836, .F. ) ;
#2004 = FACE_BOUND ( 'NONE', #1401, .T. ) ;
#2005 = CARTESIAN_POINT ( 'NONE',  ( 3.005000000000002558, 0.000000000000000000, -0.1049999999999999961 ) ) ;
#2006 = DIRECTION ( 'NONE',  ( 0.000000000000000000, -1.000000000000000000, -0.000000000000000000 ) ) ;
#2007 = ORIENTED_EDGE ( 'NONE', *, *, #1863, .T. ) ;
#2008 = EDGE_LOOP ( 'NONE', ( #1968, #2285 ) ) ;
#2009 = LINE ( 'NONE', #367, #1948 ) ;
#2010 = VECTOR ( 'NONE', #736, 39.37007874015748143 ) ;
#2011 = DIRECTION ( 'NONE',  ( -1.000000000000000000, 0.000000000000000000, -1.626099996228726381E-16 ) ) ;
#2012 = VERTEX_POINT ( 'NONE', #2525 ) ;
#2013 = EDGE_CURVE ( 'NONE', #2950, #1408, #806, .T. ) ;
#2014 = LINE ( 'NONE', #1752, #55 ) ;
#2015 = EDGE_CURVE ( 'NONE', #1075, #2099, #1090, .T. ) ;
#2016 = VERTEX_POINT ( 'NONE', #2999 ) ;
#2017 = CARTESIAN_POINT ( 'NONE',  ( -2.464999999999996749, -3.680000000000005045, 0.000000000000000000 ) ) ;
#2018 = DIRECTION ( 'NONE',  ( -1.000000000000000000, 0.000000000000000000, 0.000000000000000000 ) ) ;
#2019 = VECTOR ( 'NONE', #1119, 39.37007874015748143 ) ;
#2020 = DIRECTION ( 'NONE',  ( -0.000000000000000000, 1.000000000000000000, -0.000000000000000000 ) ) ;
#2021 = EDGE_LOOP ( 'NONE', ( #2201, #290, #3052, #2558 ) ) ;
#2022 = ORIENTED_EDGE ( 'NONE', *, *, #610, .T. ) ;
#2023 = DIRECTION ( 'NONE',  ( -1.000000000000000000, 0.000000000000000000, 0.000000000000000000 ) ) ;
#2024 = DIRECTION ( 'NONE',  ( -1.000000000000000000, -0.000000000000000000, -0.000000000000000000 ) ) ;
#2025 = ORIENTED_EDGE ( 'NONE', *, *, #151, .F. ) ;
#2026 = PRESENTATION_LAYER_ASSIGNMENT (  '', '', ( #292 ) ) ;
#2027 = LINE ( 'NONE', #573, #2238 ) ;
#2028 = VECTOR ( 'NONE', #1262, 39.37007874015748143 ) ;
#2029 = EDGE_CURVE ( 'NONE', #2215, #1139, #862, .T. ) ;
#2030 = CARTESIAN_POINT ( 'NONE',  ( -16.97499999999998721, 1.499999999999996003, 0.000000000000000000 ) ) ;
#2031 = ORIENTED_EDGE ( 'NONE', *, *, #645, .T. ) ;
#2032 = EDGE_CURVE ( 'NONE', #2739, #2413, #1749, .T. ) ;
#2033 = LINE ( 'NONE', #2742, #501 ) ;
#2034 = CIRCLE ( 'NONE', #351, 0.1015000000000010894 ) ;
#2035 = CARTESIAN_POINT ( 'NONE',  ( -21.19500000000000028, 7.220000000000002416, -0.2099999999999987432 ) ) ;
#2036 = AXIS2_PLACEMENT_3D ( 'NONE', #2865, #1721, #2155 ) ;
#2037 = CARTESIAN_POINT ( 'NONE',  ( 20.08000000000001251, -2.500000000000003997, -0.7500000000000004441 ) ) ;
#2038 = ORIENTED_EDGE ( 'NONE', *, *, #2510, .T. ) ;
#2039 = VECTOR ( 'NONE', #89, 39.37007874015748143 ) ;
#2040 = ORIENTED_EDGE ( 'NONE', *, *, #1863, .F. ) ;
#2041 = CARTESIAN_POINT ( 'NONE',  ( 21.30000000000000782, 0.000000000000000000, -0.5000000000000003331 ) ) ;
#2042 = DIRECTION ( 'NONE',  ( -1.626099996228726381E-16, 0.000000000000000000, 1.000000000000000000 ) ) ;
#2043 = VERTEX_POINT ( 'NONE', #1060 ) ;
#2044 = CARTESIAN_POINT ( 'NONE',  ( -7.494999999999993889, -1.900000000000004130, 0.000000000000000000 ) ) ;
#2045 = DIRECTION ( 'NONE',  ( 0.000000000000000000, -1.000000000000000000, 0.000000000000000000 ) ) ;
#2046 = VERTEX_POINT ( 'NONE', #2469 ) ;
#2047 = CYLINDRICAL_SURFACE ( 'NONE', #940, 0.09999999999999947820 ) ;
#2048 = LINE ( 'NONE', #1187, #962 ) ;
#2049 = EDGE_CURVE ( 'NONE', #306, #1315, #568, .T. ) ;
#2050 = VECTOR ( 'NONE', #855, 39.37007874015748143 ) ;
#2051 = DIRECTION ( 'NONE',  ( -0.000000000000000000, -0.000000000000000000, 1.000000000000000000 ) ) ;
#2052 = VERTEX_POINT ( 'NONE', #585 ) ;
#2053 = VERTEX_POINT ( 'NONE', #616 ) ;
#2054 = EDGE_CURVE ( 'NONE', #3040, #521, #496, .T. ) ;
#2055 = CARTESIAN_POINT ( 'NONE',  ( 14.96750000000000647, 1.718999999999995865, -0.7500000000000004441 ) ) ;
#2056 = AXIS2_PLACEMENT_3D ( 'NONE', #529, #1723, #2885 ) ;
#2057 = LINE ( 'NONE', #3047, #1558 ) ;
#2058 = AXIS2_PLACEMENT_3D ( 'NONE', #2728, #2953, #318 ) ;
#2059 = ORIENTED_EDGE ( 'NONE', *, *, #2881, .T. ) ;
#2060 = FACE_OUTER_BOUND ( 'NONE', #2189, .T. ) ;
#2061 = CARTESIAN_POINT ( 'NONE',  ( -21.06499999999999773, -3.750000000000003997, -0.1049999999999999684 ) ) ;
#2062 = ORIENTED_EDGE ( 'NONE', *, *, #1120, .F. ) ;
#2063 = DIRECTION ( 'NONE',  ( -6.776677193585764106E-15, -0.000000000000000000, -1.000000000000000000 ) ) ;
#2064 = CARTESIAN_POINT ( 'NONE',  ( -21.15499999999999403, -7.220000000000004192, -0.1049999999999999961 ) ) ;
#2065 = ORIENTED_EDGE ( 'NONE', *, *, #2086, .T. ) ;
#2066 = EDGE_CURVE ( 'NONE', #2821, #1809, #2733, .T. ) ;
#2067 = CARTESIAN_POINT ( 'NONE',  ( -21.40503937007874313, -1.720000000000001306, -0.2700000000000007394 ) ) ;
#2068 = DIRECTION ( 'NONE',  ( 0.000000000000000000, 3.388338596792882842E-15, -1.000000000000000000 ) ) ;
#2069 = ORIENTED_EDGE ( 'NONE', *, *, #1947, .F. ) ;
#2070 = DIRECTION ( 'NONE',  ( 0.000000000000000000, 0.000000000000000000, -1.000000000000000000 ) ) ;
#2071 = ADVANCED_FACE ( 'NONE', ( #396 ), #2485, .F. ) ;
#2072 = FACE_OUTER_BOUND ( 'NONE', #598, .T. ) ;
#2073 = ORIENTED_EDGE ( 'NONE', *, *, #310, .F. ) ;
#2074 = CARTESIAN_POINT ( 'NONE',  ( 3.005000000000002558, -3.680000000000004601, 0.000000000000000000 ) ) ;
#2075 = PRESENTATION_STYLE_ASSIGNMENT (( #2576 ) ) ;
#2076 = CIRCLE ( 'NONE', #2331, 0.2099999999999989930 ) ;
#2077 = ORIENTED_EDGE ( 'NONE', *, *, #1024, .F. ) ;
#2078 = AXIS2_PLACEMENT_3D ( 'NONE', #1447, #1030, #2453 ) ;
#2079 = CARTESIAN_POINT ( 'NONE',  ( 15.02500000000000568, 1.799999999999996270, -0.1049999999999999961 ) ) ;
#2080 = FACE_OUTER_BOUND ( 'NONE', #2406, .T. ) ;
#2081 = ORIENTED_EDGE ( 'NONE', *, *, #1767, .F. ) ;
#2082 = AXIS2_PLACEMENT_3D ( 'NONE', #2476, #2224, #19 ) ;
#2083 = DIRECTION ( 'NONE',  ( -6.776677193585765683E-15, 3.388338596792882053E-15, -1.000000000000000000 ) ) ;
#2084 = ORIENTED_EDGE ( 'NONE', *, *, #2245, .F. ) ;
#2085 = VERTEX_POINT ( 'NONE', #161 ) ;
#2086 = EDGE_CURVE ( 'NONE', #173, #1009, #2958, .T. ) ;
#2087 = CARTESIAN_POINT ( 'NONE',  ( -16.39499999999999602, 1.899999999999994804, -0.7500000000000004441 ) ) ;
#2088 = AXIS2_PLACEMENT_3D ( 'NONE', #1970, #1246, #2913 ) ;
#2089 = DIRECTION ( 'NONE',  ( 1.000000000000000000, 0.000000000000000000, 0.000000000000000000 ) ) ;
#2090 = EDGE_LOOP ( 'NONE', ( #424, #2366 ) ) ;
#2091 = EDGE_CURVE ( 'NONE', #2792, #1921, #2499, .T. ) ;
#2092 = CIRCLE ( 'NONE', #758, 0.1015000000000010894 ) ;
#2093 = DIRECTION ( 'NONE',  ( -1.036262870996401089E-16, 1.000000000000000000, 3.391901413832837195E-15 ) ) ;
#2094 = VERTEX_POINT ( 'NONE', #179 ) ;
#2095 = CARTESIAN_POINT ( 'NONE',  ( 3.005000000000002558, 3.680000000000004601, -0.7500000000000004441 ) ) ;
#2096 = DIRECTION ( 'NONE',  ( 0.000000000000000000, 0.000000000000000000, -1.000000000000000000 ) ) ;
#2097 = DIRECTION ( 'NONE',  ( 0.000000000000000000, -1.219574997171546326E-16, 1.000000000000000000 ) ) ;
#2098 = ORIENTED_EDGE ( 'NONE', *, *, #1355, .T. ) ;
#2099 = VERTEX_POINT ( 'NONE', #1410 ) ;
#2100 = LINE ( 'NONE', #2055, #898 ) ;
#2101 = DIRECTION ( 'NONE',  ( 1.000000000000000000, 0.000000000000000000, 0.000000000000000000 ) ) ;
#2102 = ORIENTED_EDGE ( 'NONE', *, *, #3012, .F. ) ;
#2103 = DIRECTION ( 'NONE',  ( 1.000000000000000000, 0.000000000000000000, 1.626099996228726381E-16 ) ) ;
#2104 = ADVANCED_FACE ( 'NONE', ( #2072 ), #658, .F. ) ;
#2105 = EDGE_LOOP ( 'NONE', ( #145, #2059, #1220, #350 ) ) ;
#2106 = VECTOR ( 'NONE', #773, 39.37007874015748143 ) ;
#2107 = CARTESIAN_POINT ( 'NONE',  ( -16.39499999999999602, 1.899999999999994804, 0.000000000000000000 ) ) ;
#2108 = LINE ( 'NONE', #2629, #646 ) ;
#2109 = ADVANCED_FACE ( 'NONE', ( #209 ), #192, .T. ) ;
#2110 = ORIENTED_EDGE ( 'NONE', *, *, #1063, .T. ) ;
#2111 = CARTESIAN_POINT ( 'NONE',  ( -16.72500000000000853, -1.500000000000004219, 0.000000000000000000 ) ) ;
#2112 = CARTESIAN_POINT ( 'NONE',  ( -7.740883646343115176E-16, 7.469999999999998863, 2.567749485862136200E-14 ) ) ;
#2113 = VERTEX_POINT ( 'NONE', #3060 ) ;
#2114 = DIRECTION ( 'NONE',  ( 1.000000000000000000, 0.000000000000000000, -1.626099996228726381E-16 ) ) ;
#2115 = CARTESIAN_POINT ( 'NONE',  ( -20.96499999999999986, 3.750000000000000888, -0.7500000000000004441 ) ) ;
#2116 = ORIENTED_EDGE ( 'NONE', *, *, #2611, .F. ) ;
#2117 = VECTOR ( 'NONE', #2563, 39.37007874015748143 ) ;
#2118 = CARTESIAN_POINT ( 'NONE',  ( 21.30000000000000782, 0.000000000000000000, -0.5000000000000003331 ) ) ;
#2119 = DIRECTION ( 'NONE',  ( -1.000000000000000000, 0.000000000000000000, 0.000000000000000000 ) ) ;
#2120 = CARTESIAN_POINT ( 'NONE',  ( 20.08000000000001251, 3.750000000000000888, 0.000000000000000000 ) ) ;
#2121 = EDGE_LOOP ( 'NONE', ( #566, #1720, #1640, #1144, #2146, #1226, #798, #2754, #614, #2874, #656, #27 ) ) ;
#2122 = EDGE_CURVE ( 'NONE', #275, #1561, #76, .T. ) ;
#2123 = LINE ( 'NONE', #1128, #1520 ) ;
#2124 = CARTESIAN_POINT ( 'NONE',  ( 14.86600000000000499, 1.718999999999995865, -0.1049999999999999684 ) ) ;
#2125 = AXIS2_PLACEMENT_3D ( 'NONE', #2175, #46, #1946 ) ;
#2126 = ADVANCED_FACE ( 'NONE', ( #935 ), #1884, .F. ) ;
#2127 = FACE_OUTER_BOUND ( 'NONE', #685, .T. ) ;
#2128 = DIRECTION ( 'NONE',  ( 1.000000000000000000, 1.295328588745501762E-16, 8.758115402030106693E-47 ) ) ;
#2129 = ORIENTED_EDGE ( 'NONE', *, *, #2459, .F. ) ;
#2130 = CYLINDRICAL_SURFACE ( 'NONE', #1485, 0.1015000000000010894 ) ;
#2131 = DIRECTION ( 'NONE',  ( 0.000000000000000000, -0.000000000000000000, 1.000000000000000000 ) ) ;
#2132 = EDGE_LOOP ( 'NONE', ( #2933, #2794, #2982, #2640 ) ) ;
#2133 = VECTOR ( 'NONE', #237, 39.37007874015748143 ) ;
#2134 = VECTOR ( 'NONE', #2529, 39.37007874015748143 ) ;
#2135 = DIRECTION ( 'NONE',  ( -6.776677193585765683E-15, 0.000000000000000000, -1.000000000000000000 ) ) ;
#2136 = CARTESIAN_POINT ( 'NONE',  ( 15.02500000000000568, -1.800000000000003375, -0.7500000000000004441 ) ) ;
#2137 = AXIS2_PLACEMENT_3D ( 'NONE', #805, #2998, #2717 ) ;
#2138 = CARTESIAN_POINT ( 'NONE',  ( -21.15499999999999403, -7.470000000000004192, -0.1049999999999999961 ) ) ;
#2139 = DIRECTION ( 'NONE',  ( -1.000000000000000000, -0.000000000000000000, -1.626099996228726381E-16 ) ) ;
#2140 = APPLICATION_PROTOCOL_DEFINITION ( 'draft international standard', 'automotive_design', 1998, #1578 ) ;
#2141 = ADVANCED_FACE ( 'NONE', ( #1649 ), #1844, .F. ) ;
#2142 = ORIENTED_EDGE ( 'NONE', *, *, #2905, .T. ) ;
#2143 = CARTESIAN_POINT ( 'NONE',  ( -16.85000000000000142, -1.500000000000004219, -0.7500000000000004441 ) ) ;
#2144 = PLANE ( 'NONE',  #1318 ) ;
#2145 = ADVANCED_FACE ( 'NONE', ( #2600 ), #905, .F. ) ;
#2146 = ORIENTED_EDGE ( 'NONE', *, *, #65, .F. ) ;
#2147 = LINE ( 'NONE', #1037, #1140 ) ;
#2148 = LINE ( 'NONE', #2924, #80 ) ;
#2149 = ORIENTED_EDGE ( 'NONE', *, *, #2647, .T. ) ;
#2150 = ADVANCED_FACE ( 'NONE', ( #1586 ), #920, .F. ) ;
#2151 = VERTEX_POINT ( 'NONE', #674 ) ;
#2152 = DIRECTION ( 'NONE',  ( 0.000000000000000000, 0.000000000000000000, 1.000000000000000000 ) ) ;
#2153 = CARTESIAN_POINT ( 'NONE',  ( 15.02500000000000568, 1.799999999999996270, -0.7500000000000004441 ) ) ;
#2154 = ORIENTED_EDGE ( 'NONE', *, *, #2921, .T. ) ;
#2155 = DIRECTION ( 'NONE',  ( -1.000000000000000000, 0.000000000000000000, 6.829619984160722930E-15 ) ) ;
#2156 = FACE_OUTER_BOUND ( 'NONE', #1896, .T. ) ;
#2157 = AXIS2_PLACEMENT_3D ( 'NONE', #3029, #1601, #2589 ) ;
#2158 = EDGE_LOOP ( 'NONE', ( #1938, #2326, #1795, #2835 ) ) ;
#2159 = VECTOR ( 'NONE', #1054, 39.37007874015748143 ) ;
#2160 = AXIS2_PLACEMENT_3D ( 'NONE', #1363, #1346, #1100 ) ;
#2161 = CARTESIAN_POINT ( 'NONE',  ( -16.72500000000001208, 1.499999999999996003, -0.7500000000000004441 ) ) ;
#2162 = CARTESIAN_POINT ( 'NONE',  ( -21.40503937007874313, -1.720000000000001306, -0.5000000000000000000 ) ) ;
#2163 = ORIENTED_EDGE ( 'NONE', *, *, #170, .F. ) ;
#2164 = EDGE_CURVE ( 'NONE', #2601, #1110, #461, .T. ) ;
#2165 = LINE ( 'NONE', #2241, #2133 ) ;
#2166 = CARTESIAN_POINT ( 'NONE',  ( -7.494999999999993889, -1.900000000000004130, -0.1049999999999999684 ) ) ;
#2167 = VERTEX_POINT ( 'NONE', #429 ) ;
#2168 = ORIENTED_EDGE ( 'NONE', *, *, #3022, .T. ) ;
#2169 = EDGE_CURVE ( 'NONE', #1127, #338, #2057, .T. ) ;
#2170 = CARTESIAN_POINT ( 'NONE',  ( 21.30000000000000782, 4.520000000000001350, -0.5000000000000000000 ) ) ;
#2171 = CARTESIAN_POINT ( 'NONE',  ( 19.32500000000000284, -1.800000000000003375, -0.1049999999999999684 ) ) ;
#2172 = ORIENTED_EDGE ( 'NONE', *, *, #1382, .T. ) ;
#2173 = AXIS2_PLACEMENT_3D ( 'NONE', #2362, #1621, #2593 ) ;
#2174 = PLANE ( 'NONE',  #1637 ) ;
#2175 = CARTESIAN_POINT ( 'NONE',  ( 14.86600000000000499, 1.718999999999995865, 0.000000000000000000 ) ) ;
#2176 = DIRECTION ( 'NONE',  ( -1.000000000000000000, 9.988475296761475775E-17, -0.000000000000000000 ) ) ;
#2177 = ORIENTED_EDGE ( 'NONE', *, *, #1827, .F. ) ;
#2178 = CARTESIAN_POINT ( 'NONE',  ( 21.30000000000000782, 4.520000000000001350, -0.2699999999999999623 ) ) ;
#2179 = VECTOR ( 'NONE', #1784, 39.37007874015748143 ) ;
#2180 = DIRECTION ( 'NONE',  ( 0.000000000000000000, -1.219574997171546326E-16, 1.000000000000000000 ) ) ;
#2181 = VECTOR ( 'NONE', #1511, 39.37007874015748143 ) ;
#2182 = CARTESIAN_POINT ( 'NONE',  ( -21.40499999999999758, -7.220000000000004192, -0.1049999999999999961 ) ) ;
#2183 = EDGE_LOOP ( 'NONE', ( #234, #735, #627, #776 ) ) ;
#2184 = EDGE_CURVE ( 'NONE', #1110, #2099, #326, .T. ) ;
#2185 = ORIENTED_EDGE ( 'NONE', *, *, #1634, .F. ) ;
#2186 = CARTESIAN_POINT ( 'NONE',  ( -21.29999999999999716, 0.000000000000000000, 1.450547753287032716E-13 ) ) ;
#2187 = CIRCLE ( 'NONE', #2389, 0.1249999999999927974 ) ;
#2188 = CARTESIAN_POINT ( 'NONE',  ( 21.02500000000000568, 7.220000000000002416, -0.1049999999999999961 ) ) ;
#2189 = EDGE_LOOP ( 'NONE', ( #1243, #1633, #1424, #2261 ) ) ;
#2190 = ADVANCED_FACE ( 'NONE', ( #877 ), #1396, .T. ) ;
#2191 = CIRCLE ( 'NONE', #1434, 0.1015000000000010894 ) ;
#2192 = DIRECTION ( 'NONE',  ( 1.000000000000000000, 0.000000000000000000, 0.000000000000000000 ) ) ;
#2193 = FACE_BOUND ( 'NONE', #641, .T. ) ;
#2194 = VECTOR ( 'NONE', #2392, 39.37007874015748143 ) ;
#2195 = EDGE_CURVE ( 'NONE', #2052, #2950, #445, .T. ) ;
#2196 = EDGE_LOOP ( 'NONE', ( #2987, #414, #1244, #42 ) ) ;
#2197 = DIRECTION ( 'NONE',  ( 0.000000000000000000, 1.000000000000000000, 0.000000000000000000 ) ) ;
#2198 = DIRECTION ( 'NONE',  ( -0.000000000000000000, -0.000000000000000000, 1.000000000000000000 ) ) ;
#2199 = CARTESIAN_POINT ( 'NONE',  ( 10.82000000000000028, -1.815000000000004610, -0.7500000000000004441 ) ) ;
#2200 = VERTEX_POINT ( 'NONE', #2777 ) ;
#2201 = ORIENTED_EDGE ( 'NONE', *, *, #1398, .F. ) ;
#2202 = ORIENTED_EDGE ( 'NONE', *, *, #1652, .F. ) ;
#2203 = CARTESIAN_POINT ( 'NONE',  ( -21.06499999999999773, -3.750000000000003997, -0.7500000000000004441 ) ) ;
#2204 = LINE ( 'NONE', #730, #1935 ) ;
#2205 = ORIENTED_EDGE ( 'NONE', *, *, #1610, .T. ) ;
#2206 = FACE_OUTER_BOUND ( 'NONE', #2316, .T. ) ;
#2207 = EDGE_CURVE ( 'NONE', #2043, #1388, #1165, .T. ) ;
#2208 = FACE_BOUND ( 'NONE', #2451, .T. ) ;
#2209 = ORIENTED_EDGE ( 'NONE', *, *, #2266, .F. ) ;
#2210 = EDGE_CURVE ( 'NONE', #470, #2920, #643, .T. ) ;
#2211 = VECTOR ( 'NONE', #1286, 39.37007874015748143 ) ;
#2212 = CARTESIAN_POINT ( 'NONE',  ( 21.02500000000000213, 7.259999999999999787, 1.297627796990524979E-15 ) ) ;
#2213 = CIRCLE ( 'NONE', #28, 0.2099999999999978828 ) ;
#2214 = CARTESIAN_POINT ( 'NONE',  ( 21.40500000000000469, -7.219999999999997975, -0.2099999999999980216 ) ) ;
#2215 = VERTEX_POINT ( 'NONE', #2166 ) ;
#2216 = VERTEX_POINT ( 'NONE', #7 ) ;
#2217 = LINE ( 'NONE', #322, #6 ) ;
#2218 = CARTESIAN_POINT ( 'NONE',  ( -21.40500000000000114, 7.220000000000002416, -0.7500000000000001110 ) ) ;
#2219 = ORIENTED_EDGE ( 'NONE', *, *, #2803, .F. ) ;
#2220 = CYLINDRICAL_SURFACE ( 'NONE', #2036, 0.2099999999999980216 ) ;
#2221 = FACE_BOUND ( 'NONE', #1290, .T. ) ;
#2222 = VERTEX_POINT ( 'NONE', #2892 ) ;
#2223 = EDGE_CURVE ( 'NONE', #2792, #2827, #968, .T. ) ;
#2224 = DIRECTION ( 'NONE',  ( 0.000000000000000000, 0.000000000000000000, -1.000000000000000000 ) ) ;
#2225 = DIRECTION ( 'NONE',  ( -1.295328588745501762E-16, 1.000000000000000000, -3.491481338843132961E-15 ) ) ;
#2226 = ORIENTED_EDGE ( 'NONE', *, *, #380, .T. ) ;
#2227 = EDGE_CURVE ( 'NONE', #397, #650, #238, .T. ) ;
#2228 = VECTOR ( 'NONE', #2782, 39.37007874015748143 ) ;
#2229 = DIRECTION ( 'NONE',  ( 6.776677193585764106E-15, 3.388338596792882053E-15, 1.000000000000000000 ) ) ;
#2230 = ORIENTED_EDGE ( 'NONE', *, *, #1790, .T. ) ;
#2231 = VECTOR ( 'NONE', #832, 39.37007874015748143 ) ;
#2232 = LINE ( 'NONE', #105, #203 ) ;
#2233 = PLANE ( 'NONE',  #2333 ) ;
#2234 = ORIENTED_EDGE ( 'NONE', *, *, #2417, .T. ) ;
#2235 = VECTOR ( 'NONE', #1437, 39.37007874015748143 ) ;
#2236 = CARTESIAN_POINT ( 'NONE',  ( -16.85000000000000142, 1.499999999999996003, -0.1049999999999999684 ) ) ;
#2237 = DIRECTION ( 'NONE',  ( 0.000000000000000000, 0.000000000000000000, -1.000000000000000000 ) ) ;
#2238 = VECTOR ( 'NONE', #1033, 39.37007874015748143 ) ;
#2239 = EDGE_LOOP ( 'NONE', ( #3030, #3055, #2925, #57 ) ) ;
#2240 = VECTOR ( 'NONE', #847, 39.37007874015748143 ) ;
#2241 = CARTESIAN_POINT ( 'NONE',  ( 21.02500000000000568, 7.470000000000000639, -0.1049999999999999961 ) ) ;
#2242 = ADVANCED_FACE ( 'NONE', ( #1729 ), #21, .F. ) ;
#2243 = PLANE ( 'NONE',  #3011 ) ;
#2244 = AXIS2_PLACEMENT_3D ( 'NONE', #444, #2808, #3028 ) ;
#2245 = EDGE_CURVE ( 'NONE', #2043, #1893, #2557, .T. ) ;
#2246 = LINE ( 'NONE', #2037, #2605 ) ;
#2247 = VERTEX_POINT ( 'NONE', #1012 ) ;
#2248 = ORIENTED_EDGE ( 'NONE', *, *, #2478, .F. ) ;
#2249 = FACE_OUTER_BOUND ( 'NONE', #971, .T. ) ;
#2250 = EDGE_CURVE ( 'NONE', #1397, #2448, #2760, .T. ) ;
#2251 = CARTESIAN_POINT ( 'NONE',  ( -6.915000000000006253, 1.499999999999996003, -0.7500000000000004441 ) ) ;
#2252 = EDGE_LOOP ( 'NONE', ( #1566, #1507, #1736, #2807 ) ) ;
#2253 = CARTESIAN_POINT ( 'NONE',  ( 19.48400000000000531, 1.718999999999995865, -0.7500000000000004441 ) ) ;
#2254 = DIRECTION ( 'NONE',  ( 0.000000000000000000, 0.000000000000000000, 1.000000000000000000 ) ) ;
#2255 = VERTEX_POINT ( 'NONE', #1242 ) ;
#2256 = CARTESIAN_POINT ( 'NONE',  ( 3.675758909208227897E-16, -3.680000000000005045, -0.1049999999999999961 ) ) ;
#2257 = DIRECTION ( 'NONE',  ( -0.000000000000000000, -0.000000000000000000, 1.000000000000000000 ) ) ;
#2258 = PLANE ( 'NONE',  #2810 ) ;
#2259 = ORIENTED_EDGE ( 'NONE', *, *, #789, .F. ) ;
#2260 = AXIS2_PLACEMENT_3D ( 'NONE', #597, #2006, #377 ) ;
#2261 = ORIENTED_EDGE ( 'NONE', *, *, #2207, .F. ) ;
#2262 = ADVANCED_FACE ( 'NONE', ( #1183 ), #1903, .F. ) ;
#2263 = LINE ( 'NONE', #119, #2444 ) ;
#2264 = CARTESIAN_POINT ( 'NONE',  ( 21.40500000000000469, 4.520000000000001350, -0.2699999999999999623 ) ) ;
#2265 = ORIENTED_EDGE ( 'NONE', *, *, #570, .F. ) ;
#2266 = EDGE_CURVE ( 'NONE', #746, #2215, #2148, .T. ) ;
#2267 = DIRECTION ( 'NONE',  ( -1.295328588745501762E-16, 1.000000000000000000, -3.388338596792881264E-15 ) ) ;
#2268 = DIRECTION ( 'NONE',  ( 0.000000000000000000, 0.000000000000000000, 1.000000000000000000 ) ) ;
#2269 = EDGE_LOOP ( 'NONE', ( #2355, #1263, #2102, #1931 ) ) ;
#2270 = CARTESIAN_POINT ( 'NONE',  ( -6.914999999999999147, -1.500000000000004219, -0.1049999999999999684 ) ) ;
#2271 = CARTESIAN_POINT ( 'NONE',  ( -21.15499999999999758, -7.470000000000005969, -0.7500000000000001110 ) ) ;
#2272 = VECTOR ( 'NONE', #1172, 39.37007874015748143 ) ;
#2273 = DIRECTION ( 'NONE',  ( 0.000000000000000000, -0.000000000000000000, -1.000000000000000000 ) ) ;
#2274 = VERTEX_POINT ( 'NONE', #2639 ) ;
#2275 = ORIENTED_EDGE ( 'NONE', *, *, #2774, .F. ) ;
#2276 = VERTEX_POINT ( 'NONE', #999 ) ;
#2277 = CARTESIAN_POINT ( 'NONE',  ( 19.58550000000000679, -1.718000000000004190, 0.000000000000000000 ) ) ;
#2278 = PLANE ( 'NONE',  #1783 ) ;
#2279 = ORIENTED_EDGE ( 'NONE', *, *, #1588, .F. ) ;
#2280 = ADVANCED_FACE ( 'NONE', ( #1225 ), #1444, .F. ) ;
#2281 = CIRCLE ( 'NONE', #933, 0.1250000000000004441 ) ;
#2282 = LINE ( 'NONE', #2044, #2289 ) ;
#2283 = DIRECTION ( 'NONE',  ( 1.000000000000000000, 0.000000000000000000, 0.000000000000000000 ) ) ;
#2284 = ADVANCED_FACE ( 'NONE', ( #284 ), #786, .F. ) ;
#2285 = ORIENTED_EDGE ( 'NONE', *, *, #518, .F. ) ;
#2286 = CARTESIAN_POINT ( 'NONE',  ( 21.30000000000000782, 0.000000000000000000, 0.000000000000000000 ) ) ;
#2287 = ADVANCED_FACE ( 'NONE', ( #2684 ), #1473, .F. ) ;
#2288 = DIRECTION ( 'NONE',  ( 1.000000000000000000, 0.000000000000000000, 0.000000000000000000 ) ) ;
#2289 = VECTOR ( 'NONE', #92, 39.37007874015748143 ) ;
#2290 = LINE ( 'NONE', #885, #1354 ) ;
#2291 = EDGE_LOOP ( 'NONE', ( #103, #536, #1151, #2783 ) ) ;
#2292 = AXIS2_PLACEMENT_3D ( 'NONE', #163, #1828, #676 ) ;
#2293 = ORIENTED_EDGE ( 'NONE', *, *, #1116, .F. ) ;
#2294 = LINE ( 'NONE', #160, #198 ) ;
#2295 = CARTESIAN_POINT ( 'NONE',  ( 20.08000000000001251, -2.500000000000003997, -0.1049999999999999684 ) ) ;
#2296 = VERTEX_POINT ( 'NONE', #35 ) ;
#2297 = DIRECTION ( 'NONE',  ( 0.000000000000000000, -1.000000000000000000, 3.252199992457520505E-15 ) ) ;
#2298 = DIRECTION ( 'NONE',  ( -1.000000000000000000, 0.000000000000000000, 1.626099996228726381E-16 ) ) ;
#2299 = ORIENTED_EDGE ( 'NONE', *, *, #2816, .F. ) ;
#2300 = EDGE_CURVE ( 'NONE', #1561, #275, #1308, .T. ) ;
#2301 = FACE_BOUND ( 'NONE', #783, .T. ) ;
#2302 = LINE ( 'NONE', #2535, #1508 ) ;
#2303 = ORIENTED_EDGE ( 'NONE', *, *, #228, .T. ) ;
#2304 = EDGE_CURVE ( 'NONE', #397, #715, #1703, .T. ) ;
#2305 = CARTESIAN_POINT ( 'NONE',  ( -7.164999999999993818, 1.499999999999996003, -0.1049999999999999684 ) ) ;
#2306 = VERTEX_POINT ( 'NONE', #724 ) ;
#2307 = EDGE_LOOP ( 'NONE', ( #1254, #2540, #1257, #1839 ) ) ;
#2308 = CARTESIAN_POINT ( 'NONE',  ( 15.02500000000000568, -1.800000000000003375, 0.000000000000000000 ) ) ;
#2309 = DIRECTION ( 'NONE',  ( -1.000000000000000000, -1.227796851085061932E-16, 0.000000000000000000 ) ) ;
#2310 = AXIS2_PLACEMENT_3D ( 'NONE', #2873, #1490, #1967 ) ;
#2311 = VERTEX_POINT ( 'NONE', #1458 ) ;
#2312 = CIRCLE ( 'NONE', #967, 0.09499999999999994560 ) ;
#2313 = CIRCLE ( 'NONE', #1609, 0.2099999999999989930 ) ;
#2314 = DIRECTION ( 'NONE',  ( 1.000000000000000000, 0.000000000000000000, 0.000000000000000000 ) ) ;
#2315 = LENGTH_MEASURE_WITH_UNIT ( LENGTH_MEASURE( 0.02539999999999999897 ), #2606 );
#2316 = EDGE_LOOP ( 'NONE', ( #1001, #2424, #1474, #1135 ) ) ;
#2317 = LINE ( 'NONE', #678, #2325 ) ;
#2318 = DIRECTION ( 'NONE',  ( -1.000000000000000000, -0.000000000000000000, -1.626099996228726381E-16 ) ) ;
#2319 = CYLINDRICAL_SURFACE ( 'NONE', #723, 0.1249999999999938799 ) ;
#2320 = ADVANCED_FACE ( 'NONE', ( #2418 ), #1953, .F. ) ;
#2321 = VERTEX_POINT ( 'NONE', #2214 ) ;
#2322 = DIRECTION ( 'NONE',  ( 0.000000000000000000, 1.000000000000000000, 0.000000000000000000 ) ) ;
#2323 = FACE_OUTER_BOUND ( 'NONE', #845, .T. ) ;
#2324 = ADVANCED_FACE ( 'NONE', ( #348 ), #2258, .F. ) ;
#2325 = VECTOR ( 'NONE', #1658, 39.37007874015748143 ) ;
#2326 = ORIENTED_EDGE ( 'NONE', *, *, #2210, .T. ) ;
#2327 = LINE ( 'NONE', #3059, #1489 ) ;
#2328 = CARTESIAN_POINT ( 'NONE',  ( -7.040000000000000036, 1.499999999999996003, 0.000000000000000000 ) ) ;
#2329 = ORIENTED_EDGE ( 'NONE', *, *, #211, .F. ) ;
#2330 = DIRECTION ( 'NONE',  ( 0.000000000000000000, 1.000000000000000000, 0.000000000000000000 ) ) ;
#2331 = AXIS2_PLACEMENT_3D ( 'NONE', #2962, #372, #1108 ) ;
#2332 = ORIENTED_EDGE ( 'NONE', *, *, #1252, .F. ) ;
#2333 = AXIS2_PLACEMENT_3D ( 'NONE', #1570, #2011, #1999 ) ;
#2334 = DIRECTION ( 'NONE',  ( -0.000000000000000000, -1.000000000000000000, -0.000000000000000000 ) ) ;
#2335 = DIRECTION ( 'NONE',  ( 0.000000000000000000, 0.000000000000000000, -1.000000000000000000 ) ) ;
#2336 = ORIENTED_EDGE ( 'NONE', *, *, #2377, .T. ) ;
#2337 = AXIS2_PLACEMENT_3D ( 'NONE', #1642, #1174, #2363 ) ;
#2338 = FACE_OUTER_BOUND ( 'NONE', #2291, .T. ) ;
#2339 = PLANE ( 'NONE',  #2425 ) ;
#2340 = ORIENTED_EDGE ( 'NONE', *, *, #494, .T. ) ;
#2341 = EDGE_CURVE ( 'NONE', #1904, #2497, #1538, .T. ) ;
#2342 = DIRECTION ( 'NONE',  ( -0.000000000000000000, -0.000000000000000000, 1.000000000000000000 ) ) ;
#2343 = CIRCLE ( 'NONE', #895, 0.1049999999999979561 ) ;
#2344 = ORIENTED_EDGE ( 'NONE', *, *, #871, .F. ) ;
#2345 = ADVANCED_FACE ( 'NONE', ( #827 ), #100, .F. ) ;
#2346 = PLANE ( 'NONE',  #2694 ) ;
#2347 = EDGE_LOOP ( 'NONE', ( #1988, #1053, #2388, #210 ) ) ;
#2348 = DIRECTION ( 'NONE',  ( 0.000000000000000000, -1.000000000000000000, -3.491481338843132961E-15 ) ) ;
#2349 = DIRECTION ( 'NONE',  ( 0.000000000000000000, 0.000000000000000000, -1.000000000000000000 ) ) ;
#2350 = DIRECTION ( 'NONE',  ( 0.000000000000000000, -1.000000000000000000, -1.219574997171546326E-16 ) ) ;
#2351 = DIRECTION ( 'NONE',  ( -0.000000000000000000, 0.000000000000000000, 1.000000000000000000 ) ) ;
#2352 = ORIENTED_EDGE ( 'NONE', *, *, #1846, .F. ) ;
#2353 = CARTESIAN_POINT ( 'NONE',  ( 19.32500000000000284, 1.799999999999996270, -0.1049999999999999684 ) ) ;
#2354 = CARTESIAN_POINT ( 'NONE',  ( 10.82000000000000028, -1.815000000000004610, 0.000000000000000000 ) ) ;
#2355 = ORIENTED_EDGE ( 'NONE', *, *, #1398, .T. ) ;
#2356 = EDGE_CURVE ( 'NONE', #2719, #2053, #128, .T. ) ;
#2357 = LINE ( 'NONE', #2118, #649 ) ;
#2358 = CARTESIAN_POINT ( 'NONE',  ( -16.97499999999998721, 1.499999999999996003, -0.1049999999999999684 ) ) ;
#2359 = ADVANCED_FACE ( 'NONE', ( #1504 ), #1084, .F. ) ;
#2360 = ORIENTED_EDGE ( 'NONE', *, *, #2300, .T. ) ;
#2361 = AXIS2_PLACEMENT_3D ( 'NONE', #413, #1869, #2840 ) ;
#2362 = CARTESIAN_POINT ( 'NONE',  ( 20.17500000000001137, 3.750000000000000888, -0.1049999999999999684 ) ) ;
#2363 = DIRECTION ( 'NONE',  ( 1.000000000000000000, 0.000000000000000000, 0.000000000000000000 ) ) ;
#2364 = LINE ( 'NONE', #979, #1359 ) ;
#2365 = CARTESIAN_POINT ( 'NONE',  ( -21.15499999999999758, -7.260000000000000675, -0.1049999999999986777 ) ) ;
#2366 = ORIENTED_EDGE ( 'NONE', *, *, #2054, .F. ) ;
#2367 = CARTESIAN_POINT ( 'NONE',  ( 21.40500000000000469, -1.720000000000001306, -0.5000000000000000000 ) ) ;
#2368 = CARTESIAN_POINT ( 'NONE',  ( -7.164999999999993818, 1.499999999999996003, -0.7500000000000004441 ) ) ;
#2369 = ORIENTED_EDGE ( 'NONE', *, *, #459, .F. ) ;
#2370 = ORIENTED_EDGE ( 'NONE', *, *, #2780, .T. ) ;
#2371 = AXIS2_PLACEMENT_3D ( 'NONE', #1423, #282, #1240 ) ;
#2372 = DIRECTION ( 'NONE',  ( 1.000000000000000000, -0.000000000000000000, -0.000000000000000000 ) ) ;
#2373 = EDGE_CURVE ( 'NONE', #188, #229, #801, .T. ) ;
#2374 = CARTESIAN_POINT ( 'NONE',  ( 15.02500000000000568, -1.800000000000003375, -0.1049999999999999684 ) ) ;
#2375 = DIRECTION ( 'NONE',  ( -1.000000000000000000, 0.000000000000000000, 0.000000000000000000 ) ) ;
#2376 = CARTESIAN_POINT ( 'NONE',  ( 14.96750000000000647, -1.718000000000004190, 0.000000000000000000 ) ) ;
#2377 = EDGE_CURVE ( 'NONE', #2167, #1904, #334, .T. ) ;
#2378 = CARTESIAN_POINT ( 'NONE',  ( 21.40500000000000469, 7.220000000000002416, -0.1049999999999999961 ) ) ;
#2379 = DIRECTION ( 'NONE',  ( -6.776677193585765683E-15, 3.388338596792882053E-15, -1.000000000000000000 ) ) ;
#2380 = ORIENTED_EDGE ( 'NONE', *, *, #102, .T. ) ;
#2381 = AXIS2_PLACEMENT_3D ( 'NONE', #1974, #2948, #992 ) ;
#2382 = EDGE_CURVE ( 'NONE', #229, #169, #1271, .T. ) ;
#2383 = LINE ( 'NONE', #32, #474 ) ;
#2384 = FACE_OUTER_BOUND ( 'NONE', #1682, .T. ) ;
#2385 = ORIENTED_EDGE ( 'NONE', *, *, #2382, .F. ) ;
#2386 = CARTESIAN_POINT ( 'NONE',  ( -21.15499999999999758, -7.364999999999998437, -0.2099999999999962452 ) ) ;
#2387 = DIRECTION ( 'NONE',  ( 0.000000000000000000, 0.000000000000000000, -1.000000000000000000 ) ) ;
#2388 = ORIENTED_EDGE ( 'NONE', *, *, #1647, .T. ) ;
#2389 = AXIS2_PLACEMENT_3D ( 'NONE', #2951, #112, #1936 ) ;
#2390 = EDGE_LOOP ( 'NONE', ( #590, #2846, #1481, #1345 ) ) ;
#2391 = AXIS2_PLACEMENT_3D ( 'NONE', #135, #2267, #851 ) ;
#2392 = DIRECTION ( 'NONE',  ( 1.000000000000000000, -0.000000000000000000, -0.000000000000000000 ) ) ;
#2393 = LINE ( 'NONE', #2153, #2731 ) ;
#2394 = FACE_OUTER_BOUND ( 'NONE', #1196, .T. ) ;
#2395 = VECTOR ( 'NONE', #2896, 39.37007874015748143 ) ;
#2396 = DIRECTION ( 'NONE',  ( 1.000000000000000000, 1.036262870996401089E-16, 3.511209482220509327E-31 ) ) ;
#2397 = FACE_OUTER_BOUND ( 'NONE', #694, .T. ) ;
#2398 = LINE ( 'NONE', #1484, #1062 ) ;
#2399 = VERTEX_POINT ( 'NONE', #812 ) ;
#2400 = EDGE_CURVE ( 'NONE', #1014, #704, #580, .T. ) ;
#2401 = DIRECTION ( 'NONE',  ( 0.000000000000000000, -0.000000000000000000, -1.000000000000000000 ) ) ;
#2402 = DIRECTION ( 'NONE',  ( -1.000000000000000000, 0.000000000000000000, 0.000000000000000000 ) ) ;
#2403 = EDGE_CURVE ( 'NONE', #2276, #2321, #1757, .T. ) ;
#2404 = DIRECTION ( 'NONE',  ( 0.000000000000000000, 0.000000000000000000, 1.000000000000000000 ) ) ;
#2405 = DIRECTION ( 'NONE',  ( -0.000000000000000000, 1.000000000000000000, 0.000000000000000000 ) ) ;
#2406 = EDGE_LOOP ( 'NONE', ( #2185, #1134, #1691, #2691 ) ) ;
#2407 = FACE_OUTER_BOUND ( 'NONE', #2937, .T. ) ;
#2408 = DIRECTION ( 'NONE',  ( -1.000000000000000000, -0.000000000000000000, 6.722570487708308394E-15 ) ) ;
#2409 = ORIENTED_EDGE ( 'NONE', *, *, #1728, .T. ) ;
#2410 = DIRECTION ( 'NONE',  ( -1.036262870996401089E-16, 1.000000000000000000, 0.000000000000000000 ) ) ;
#2411 = CARTESIAN_POINT ( 'NONE',  ( -16.85000000000000142, 1.499999999999996003, 0.000000000000000000 ) ) ;
#2412 = DIRECTION ( 'NONE',  ( 0.000000000000000000, 0.000000000000000000, 1.000000000000000000 ) ) ;
#2413 = VERTEX_POINT ( 'NONE', #2480 ) ;
#2414 = CIRCLE ( 'NONE', #725, 0.1049999999999979283 ) ;
#2415 = CARTESIAN_POINT ( 'NONE',  ( -21.15499999999999758, 7.220000000000002416, 0.000000000000000000 ) ) ;
#2416 = DIRECTION ( 'NONE',  ( 1.295328588745494860E-16, -1.000000000000000000, 3.391901413832837195E-15 ) ) ;
#2417 = EDGE_CURVE ( 'NONE', #1995, #2296, #2246, .T. ) ;
#2418 = FACE_OUTER_BOUND ( 'NONE', #1745, .T. ) ;
#2419 = ORIENTED_EDGE ( 'NONE', *, *, #2923, .T. ) ;
#2420 = ORIENTED_EDGE ( 'NONE', *, *, #1472, .T. ) ;
#2421 = EDGE_LOOP ( 'NONE', ( #2332, #2765, #853, #1276 ) ) ;
#2422 = DIRECTION ( 'NONE',  ( 0.000000000000000000, -1.000000000000000000, 3.414809992080361465E-15 ) ) ;
#2423 = CARTESIAN_POINT ( 'NONE',  ( 19.38250000000000384, -1.718000000000004190, 0.000000000000000000 ) ) ;
#2424 = ORIENTED_EDGE ( 'NONE', *, *, #476, .T. ) ;
#2425 = AXIS2_PLACEMENT_3D ( 'NONE', #469, #1347, #205 ) ;
#2426 = DIRECTION ( 'NONE',  ( -1.626099996228760400E-16, 0.000000000000000000, 1.000000000000000000 ) ) ;
#2427 = DIRECTION ( 'NONE',  ( 0.000000000000000000, 1.000000000000000000, 0.000000000000000000 ) ) ;
#2428 = EDGE_LOOP ( 'NONE', ( #1759, #1912, #551, #1598 ) ) ;
#2429 = CARTESIAN_POINT ( 'NONE',  ( -16.85000000000000142, 1.499999999999996003, -0.7500000000000004441 ) ) ;
#2430 = CARTESIAN_POINT ( 'NONE',  ( 14.86600000000000499, -1.718000000000004190, -0.1049999999999999684 ) ) ;
#2431 = ORIENTED_EDGE ( 'NONE', *, *, #1711, .F. ) ;
#2432 = CARTESIAN_POINT ( 'NONE',  ( -21.19500000000000028, 7.220000000000002416, -0.1049999999999997324 ) ) ;
#2433 = ORIENTED_EDGE ( 'NONE', *, *, #772, .T. ) ;
#2434 = VERTEX_POINT ( 'NONE', #2494 ) ;
#2435 = ORIENTED_EDGE ( 'NONE', *, *, #2266, .T. ) ;
#2436 = EDGE_CURVE ( 'NONE', #236, #715, #126, .T. ) ;
#2437 = CARTESIAN_POINT ( 'NONE',  ( -21.40500000000000114, -7.220000000000004192, -0.7500000000000001110 ) ) ;
#2438 = VECTOR ( 'NONE', #622, 39.37007874015748143 ) ;
#2439 = LINE ( 'NONE', #525, #1132 ) ;
#2440 = EDGE_LOOP ( 'NONE', ( #70, #239 ) ) ;
#2441 = EDGE_CURVE ( 'NONE', #1979, #1822, #843, .T. ) ;
#2442 = FACE_OUTER_BOUND ( 'NONE', #562, .T. ) ;
#2443 = FACE_BOUND ( 'NONE', #1867, .T. ) ;
#2444 = VECTOR ( 'NONE', #615, 39.37007874015748143 ) ;
#2445 =( LENGTH_UNIT ( ) NAMED_UNIT ( * ) SI_UNIT ( $, .METRE. ) );
#2446 = ORIENTED_EDGE ( 'NONE', *, *, #2169, .T. ) ;
#2447 = FACE_OUTER_BOUND ( 'NONE', #1646, .T. ) ;
#2448 = VERTEX_POINT ( 'NONE', #2995 ) ;
#2449 = DIRECTION ( 'NONE',  ( -0.000000000000000000, -0.000000000000000000, 1.000000000000000000 ) ) ;
#2450 = VERTEX_POINT ( 'NONE', #611 ) ;
#2451 = EDGE_LOOP ( 'NONE', ( #1163, #1526, #2597, #1571 ) ) ;
#2452 = CARTESIAN_POINT ( 'NONE',  ( 21.30000000000000782, -7.219999999999998863, -0.2099999999999980216 ) ) ;
#2453 = DIRECTION ( 'NONE',  ( 1.000000000000000000, 0.000000000000000000, 0.000000000000000000 ) ) ;
#2454 = VERTEX_POINT ( 'NONE', #1551 ) ;
#2455 = ADVANCED_FACE ( 'NONE', ( #625 ), #1314, .F. ) ;
#2456 = AXIS2_PLACEMENT_3D ( 'NONE', #2922, #2257, #84 ) ;
#2457 = DIRECTION ( 'NONE',  ( 0.000000000000000000, -1.000000000000000000, 0.000000000000000000 ) ) ;
#2458 = FACE_BOUND ( 'NONE', #2440, .T. ) ;
#2459 = EDGE_CURVE ( 'NONE', #458, #1845, #1506, .T. ) ;
#2460 = EDGE_LOOP ( 'NONE', ( #1157, #202 ) ) ;
#2461 = DIRECTION ( 'NONE',  ( -1.000000000000000000, 0.000000000000000000, 0.000000000000000000 ) ) ;
#2462 = AXIS2_PLACEMENT_3D ( 'NONE', #1350, #2826, #2796 ) ;
#2463 = DIRECTION ( 'NONE',  ( 0.000000000000000000, -1.000000000000000000, 0.000000000000000000 ) ) ;
#2464 = CIRCLE ( 'NONE', #868, 0.1015000000000010894 ) ;
#2465 = DIRECTION ( 'NONE',  ( 0.000000000000000000, 0.000000000000000000, 1.000000000000000000 ) ) ;
#2466 = VERTEX_POINT ( 'NONE', #1025 ) ;
#2467 = VERTEX_POINT ( 'NONE', #1978 ) ;
#2468 = CARTESIAN_POINT ( 'NONE',  ( -21.40503937007874313, -1.720000000000001306, -0.5000000000000000000 ) ) ;
#2469 = CARTESIAN_POINT ( 'NONE',  ( -20.96499999999999986, -3.750000000000003997, 0.000000000000000000 ) ) ;
#2470 = ORIENTED_EDGE ( 'NONE', *, *, #2763, .F. ) ;
#2471 = EDGE_CURVE ( 'NONE', #2311, #2399, #2939, .T. ) ;
#2472 = FACE_OUTER_BOUND ( 'NONE', #2824, .T. ) ;
#2473 = DIRECTION ( 'NONE',  ( 0.000000000000000000, 0.000000000000000000, -1.000000000000000000 ) ) ;
#2474 = VECTOR ( 'NONE', #2538, 39.37007874015748143 ) ;
#2475 = EDGE_CURVE ( 'NONE', #650, #2306, #3008, .T. ) ;
#2476 = CARTESIAN_POINT ( 'NONE',  ( 19.48400000000000531, -1.718000000000004190, -0.1049999999999999684 ) ) ;
#2477 = FACE_OUTER_BOUND ( 'NONE', #1917, .T. ) ;
#2478 = EDGE_CURVE ( 'NONE', #1807, #1678, #3056, .T. ) ;
#2479 = CIRCLE ( 'NONE', #2628, 0.09499999999999994560 ) ;
#2480 = CARTESIAN_POINT ( 'NONE',  ( 21.40500000000000469, 1.720000000000001306, -0.2700000000000003508 ) ) ;
#2481 = ORIENTED_EDGE ( 'NONE', *, *, #2721, .F. ) ;
#2482 = VERTEX_POINT ( 'NONE', #2111 ) ;
#2483 = VECTOR ( 'NONE', #779, 39.37007874015748143 ) ;
#2484 = DIRECTION ( 'NONE',  ( 0.000000000000000000, 1.000000000000000000, -0.000000000000000000 ) ) ;
#2485 = PLANE ( 'NONE',  #1683 ) ;
#2486 = EDGE_LOOP ( 'NONE', ( #2778, #1650, #1565, #3083 ) ) ;
#2487 = PLANE ( 'NONE',  #601 ) ;
#2488 = DIRECTION ( 'NONE',  ( 1.000000000000000000, 0.000000000000000000, 0.000000000000000000 ) ) ;
#2489 = ORIENTED_EDGE ( 'NONE', *, *, #401, .F. ) ;
#2490 = VECTOR ( 'NONE', #2860, 39.37007874015748143 ) ;
#2491 = FACE_BOUND ( 'NONE', #2580, .T. ) ;
#2492 = CARTESIAN_POINT ( 'NONE',  ( 21.40500000000000469, 7.220000000000002416, -0.2099999999999980216 ) ) ;
#2493 = EDGE_CURVE ( 'NONE', #582, #746, #2290, .T. ) ;
#2494 = CARTESIAN_POINT ( 'NONE',  ( -21.29999999999999716, 7.220000000000002416, -0.2099999999999980216 ) ) ;
#2495 = ORIENTED_EDGE ( 'NONE', *, *, #118, .F. ) ;
#2496 = EDGE_CURVE ( 'NONE', #746, #1716, #2771, .T. ) ;
#2497 = VERTEX_POINT ( 'NONE', #2582 ) ;
#2498 = DIRECTION ( 'NONE',  ( 0.000000000000000000, 1.000000000000000000, 0.000000000000000000 ) ) ;
#2499 = LINE ( 'NONE', #382, #422 ) ;
#2500 = VERTEX_POINT ( 'NONE', #1118 ) ;
#2501 = DIRECTION ( 'NONE',  ( -0.000000000000000000, -0.000000000000000000, 1.000000000000000000 ) ) ;
#2502 = LINE ( 'NONE', #123, #2228 ) ;
#2503 = ORIENTED_EDGE ( 'NONE', *, *, #1634, .T. ) ;
#2504 = CYLINDRICAL_SURFACE ( 'NONE', #2689, 0.2099999999999980216 ) ;
#2505 = DIRECTION ( 'NONE',  ( 0.000000000000000000, -1.000000000000000000, 0.000000000000000000 ) ) ;
#2506 = CARTESIAN_POINT ( 'NONE',  ( 7.190000000000000391, -1.815000000000004610, -0.7500000000000004441 ) ) ;
#2507 = VERTEX_POINT ( 'NONE', #3070 ) ;
#2508 = AXIS2_PLACEMENT_3D ( 'NONE', #1104, #689, #2089 ) ;
#2509 = ORIENTED_EDGE ( 'NONE', *, *, #2475, .F. ) ;
#2510 = EDGE_CURVE ( 'NONE', #1315, #1531, #930, .T. ) ;
#2511 = CARTESIAN_POINT ( 'NONE',  ( -21.15499999999999758, -7.470000000000005969, -0.7500000000000001110 ) ) ;
#2512 = CARTESIAN_POINT ( 'NONE',  ( -21.15499999999999758, -7.260000000000000675, -0.1049999999999986777 ) ) ;
#2513 = ORIENTED_EDGE ( 'NONE', *, *, #134, .T. ) ;
#2514 = ADVANCED_FACE ( 'NONE', ( #2338 ), #3023, .F. ) ;
#2515 = CARTESIAN_POINT ( 'NONE',  ( -21.15499999999999758, -7.260000000000000675, -0.2099999999999966060 ) ) ;
#2516 = FACE_OUTER_BOUND ( 'NONE', #681, .T. ) ;
#2517 = ORIENTED_EDGE ( 'NONE', *, *, #2763, .T. ) ;
#2518 = CARTESIAN_POINT ( 'NONE',  ( 21.40500000000000469, -1.720000000000001306, -0.5000000000000000000 ) ) ;
#2519 = DIRECTION ( 'NONE',  ( -0.000000000000000000, -0.000000000000000000, 1.000000000000000000 ) ) ;
#2520 = VECTOR ( 'NONE', #1372, 39.37007874015748143 ) ;
#2521 = CARTESIAN_POINT ( 'NONE',  ( 21.02500000000000213, 7.259999999999999787, -0.2099999999999966060 ) ) ;
#2522 = ORIENTED_EDGE ( 'NONE', *, *, #1711, .T. ) ;
#2523 = VERTEX_POINT ( 'NONE', #2791 ) ;
#2524 = CARTESIAN_POINT ( 'NONE',  ( -7.164999999999993818, 1.499999999999996003, 0.000000000000000000 ) ) ;
#2525 = CARTESIAN_POINT ( 'NONE',  ( 19.38250000000000384, 1.718999999999995865, 0.000000000000000000 ) ) ;
#2526 = ORIENTED_EDGE ( 'NONE', *, *, #1472, .F. ) ;
#2527 = AXIS2_PLACEMENT_3D ( 'NONE', #2411, #1499, #977 ) ;
#2528 = ADVANCED_FACE ( 'NONE', ( #1564 ), #3042, .F. ) ;
#2529 = DIRECTION ( 'NONE',  ( -1.000000000000000000, -0.000000000000000000, 6.722570487708308394E-15 ) ) ;
#2530 = CARTESIAN_POINT ( 'NONE',  ( -21.06499999999999773, 3.750000000000000888, -0.7500000000000004441 ) ) ;
#2531 = EDGE_CURVE ( 'NONE', #2497, #1127, #456, .T. ) ;
#2532 = ORIENTED_EDGE ( 'NONE', *, *, #1770, .T. ) ;
#2533 = FACE_BOUND ( 'NONE', #2877, .T. ) ;
#2534 = AXIS2_PLACEMENT_3D ( 'NONE', #912, #2335, #217 ) ;
#2535 = CARTESIAN_POINT ( 'NONE',  ( 0.000000000000000000, -1.800000000000003375, -0.1049999999999999961 ) ) ;
#2536 = VECTOR ( 'NONE', #291, 39.37007874015748143 ) ;
#2537 = CARTESIAN_POINT ( 'NONE',  ( -21.15499999999999758, 7.469999999999996199, -0.1049999999999999961 ) ) ;
#2538 = DIRECTION ( 'NONE',  ( 1.000000000000000000, -0.000000000000000000, -1.626099996228726381E-16 ) ) ;
#2539 = CIRCLE ( 'NONE', #1337, 0.1015000000000010894 ) ;
#2540 = ORIENTED_EDGE ( 'NONE', *, *, #2436, .F. ) ;
#2541 = CARTESIAN_POINT ( 'NONE',  ( 21.30000000000000782, 7.220000000000002416, -0.2099999999999980216 ) ) ;
#2542 = DIRECTION ( 'NONE',  ( -4.522615595274931671E-31, 3.491481338843132961E-15, 1.000000000000000000 ) ) ;
#2543 = ORIENTED_EDGE ( 'NONE', *, *, #481, .F. ) ;
#2544 = CARTESIAN_POINT ( 'NONE',  ( -21.06499999999999773, 3.750000000000000888, 0.000000000000000000 ) ) ;
#2545 = EDGE_CURVE ( 'NONE', #2085, #1512, #2414, .T. ) ;
#2546 = ORIENTED_EDGE ( 'NONE', *, *, #1928, .F. ) ;
#2547 = FACE_OUTER_BOUND ( 'NONE', #1950, .T. ) ;
#2548 = ADVANCED_FACE ( 'NONE', ( #916 ), #3009, .F. ) ;
#2549 = CARTESIAN_POINT ( 'NONE',  ( 21.40500000000000469, 7.220000000000002416, -0.5000000000000000000 ) ) ;
#2550 = DIRECTION ( 'NONE',  ( 0.000000000000000000, -1.000000000000000000, -1.219574997171546326E-16 ) ) ;
#2551 = FACE_OUTER_BOUND ( 'NONE', #82, .T. ) ;
#2552 = ORIENTED_EDGE ( 'NONE', *, *, #2960, .T. ) ;
#2553 = ORIENTED_EDGE ( 'NONE', *, *, #1214, .F. ) ;
#2554 = LINE ( 'NONE', #190, #1146 ) ;
#2555 = AXIS2_PLACEMENT_3D ( 'NONE', #2614, #2412, #767 ) ;
#2556 = DIRECTION ( 'NONE',  ( -0.000000000000000000, -0.000000000000000000, 1.000000000000000000 ) ) ;
#2557 = CIRCLE ( 'NONE', #2310, 0.09999999999999947820 ) ;
#2558 = ORIENTED_EDGE ( 'NONE', *, *, #138, .T. ) ;
#2559 = VECTOR ( 'NONE', #2505, 39.37007874015748143 ) ;
#2560 = VECTOR ( 'NONE', #2197, 39.37007874015748143 ) ;
#2561 = LINE ( 'NONE', #448, #604 ) ;
#2562 = ORIENTED_EDGE ( 'NONE', *, *, #2210, .F. ) ;
#2563 = DIRECTION ( 'NONE',  ( 1.000000000000000000, 1.036262870996400350E-16, 2.590657177491005189E-17 ) ) ;
#2564 = CARTESIAN_POINT ( 'NONE',  ( -21.19500000000000028, -7.220000000000004192, -0.2099999999999987432 ) ) ;
#2565 = ORIENTED_EDGE ( 'NONE', *, *, #310, .T. ) ;
#2566 = ADVANCED_FACE ( 'NONE', ( #218 ), #157, .F. ) ;
#2567 = DIRECTION ( 'NONE',  ( 0.000000000000000000, 0.000000000000000000, -1.000000000000000000 ) ) ;
#2568 = LINE ( 'NONE', #886, #680 ) ;
#2569 = AXIS2_PLACEMENT_3D ( 'NONE', #1681, #216, #2830 ) ;
#2570 = ORIENTED_EDGE ( 'NONE', *, *, #1267, .T. ) ;
#2571 = ADVANCED_FACE ( 'NONE', ( #2551 ), #1580, .F. ) ;
#2572 = CARTESIAN_POINT ( 'NONE',  ( 15.02500000000000568, -1.800000000000003375, -0.7500000000000004441 ) ) ;
#2573 = DIRECTION ( 'NONE',  ( 0.000000000000000000, -0.000000000000000000, 1.000000000000000000 ) ) ;
#2574 = ORIENTED_EDGE ( 'NONE', *, *, #2581, .F. ) ;
#2575 = DIRECTION ( 'NONE',  ( 0.000000000000000000, 0.000000000000000000, 1.000000000000000000 ) ) ;
#2576 = SURFACE_STYLE_USAGE ( .BOTH. , #1591 ) ;
#2577 = ORIENTED_EDGE ( 'NONE', *, *, #1726, .T. ) ;
#2578 = LINE ( 'NONE', #246, #235 ) ;
#2579 = LINE ( 'NONE', #452, #993 ) ;
#2580 = EDGE_LOOP ( 'NONE', ( #1616, #75 ) ) ;
#2581 = EDGE_CURVE ( 'NONE', #2151, #2806, #2313, .T. ) ;
#2582 = CARTESIAN_POINT ( 'NONE',  ( 21.02500000000000924, -7.364999999999998437, -0.2100000000000031286 ) ) ;
#2583 = CARTESIAN_POINT ( 'NONE',  ( -21.15499999999999403, -7.470000000000005080, -0.2099999999999987710 ) ) ;
#2584 = VERTEX_POINT ( 'NONE', #683 ) ;
#2585 = AXIS2_PLACEMENT_3D ( 'NONE', #183, #1189, #897 ) ;
#2586 = CARTESIAN_POINT ( 'NONE',  ( 21.40500000000000469, 7.220000000000002416, 0.000000000000000000 ) ) ;
#2587 = EDGE_CURVE ( 'NONE', #165, #2950, #392, .T. ) ;
#2588 = AXIS2_PLACEMENT_3D ( 'NONE', #2544, #2813, #1618 ) ;
#2589 = DIRECTION ( 'NONE',  ( 1.000000000000000000, 0.000000000000000000, 0.000000000000000000 ) ) ;
#2590 = ORIENTED_EDGE ( 'NONE', *, *, #99, .F. ) ;
#2591 = DIRECTION ( 'NONE',  ( 1.000000000000000000, 0.000000000000000000, 0.000000000000000000 ) ) ;
#2592 = ORIENTED_EDGE ( 'NONE', *, *, #1923, .T. ) ;
#2593 = DIRECTION ( 'NONE',  ( -1.000000000000000000, 0.000000000000000000, 0.000000000000000000 ) ) ;
#2594 = CARTESIAN_POINT ( 'NONE',  ( 21.02500000000000568, 7.259999999999999787, -0.1049999999999999961 ) ) ;
#2595 = EDGE_LOOP ( 'NONE', ( #2811, #1191, #2419, #887 ) ) ;
#2596 = CARTESIAN_POINT ( 'NONE',  ( 21.40500000000000469, 4.520000000000001350, -0.2699999999999999623 ) ) ;
#2597 = ORIENTED_EDGE ( 'NONE', *, *, #965, .F. ) ;
#2598 = ORIENTED_EDGE ( 'NONE', *, *, #1980, .T. ) ;
#2599 = CARTESIAN_POINT ( 'NONE',  ( 21.02500000000000924, -7.260000000000000675, -0.2100000000000034617 ) ) ;
#2600 = FACE_OUTER_BOUND ( 'NONE', #2595, .T. ) ;
#2601 = VERTEX_POINT ( 'NONE', #2305 ) ;
#2602 = VERTEX_POINT ( 'NONE', #1611 ) ;
#2603 = EDGE_CURVE ( 'NONE', #2751, #148, #872, .T. ) ;
#2604 = FACE_OUTER_BOUND ( 'NONE', #355, .T. ) ;
#2605 = VECTOR ( 'NONE', #1055, 39.37007874015748143 ) ;
#2606 =( LENGTH_UNIT ( ) NAMED_UNIT ( * ) SI_UNIT ( $, .METRE. ) );
#2607 = DIRECTION ( 'NONE',  ( 1.000000000000000000, 0.000000000000000000, 0.000000000000000000 ) ) ;
#2608 = AXIS2_PLACEMENT_3D ( 'NONE', #609, #1535, #1773 ) ;
#2609 = ORIENTED_EDGE ( 'NONE', *, *, #3012, .T. ) ;
#2610 = VECTOR ( 'NONE', #1503, 39.37007874015748143 ) ;
#2611 = EDGE_CURVE ( 'NONE', #923, #1364, #468, .T. ) ;
#2612 = PLANE ( 'NONE',  #387 ) ;
#2613 = DIRECTION ( 'NONE',  ( 0.000000000000000000, 1.000000000000000000, 0.000000000000000000 ) ) ;
#2614 = CARTESIAN_POINT ( 'NONE',  ( 0.000000000000000000, 0.000000000000000000, 0.000000000000000000 ) ) ;
#2615 = ORIENTED_EDGE ( 'NONE', *, *, #2441, .T. ) ;
#2616 = DIRECTION ( 'NONE',  ( 0.000000000000000000, -1.000000000000000000, 0.000000000000000000 ) ) ;
#2617 = CARTESIAN_POINT ( 'NONE',  ( -21.30000000000000426, -7.220000000000004192, -0.7500000000000004441 ) ) ;
#2618 = ORIENTED_EDGE ( 'NONE', *, *, #1623, .F. ) ;
#2619 = PLANE ( 'NONE',  #752 ) ;
#2620 = DIRECTION ( 'NONE',  ( 6.776677193585765683E-15, 0.000000000000000000, 1.000000000000000000 ) ) ;
#2621 = ORIENTED_EDGE ( 'NONE', *, *, #2699, .T. ) ;
#2622 = ORIENTED_EDGE ( 'NONE', *, *, #1878, .F. ) ;
#2623 = PLANE ( 'NONE',  #945 ) ;
#2624 = CARTESIAN_POINT ( 'NONE',  ( 15.02500000000000568, 1.799999999999996270, -0.7500000000000004441 ) ) ;
#2625 = DIRECTION ( 'NONE',  ( 0.000000000000000000, 0.000000000000000000, 1.000000000000000000 ) ) ;
#2626 = ADVANCED_FACE ( 'NONE', ( #2127 ), #1406, .F. ) ;
#2627 = CARTESIAN_POINT ( 'NONE',  ( 20.08000000000001251, -3.750000000000003997, 0.000000000000000000 ) ) ;
#2628 = AXIS2_PLACEMENT_3D ( 'NONE', #1619, #1655, #196 ) ;
#2629 = CARTESIAN_POINT ( 'NONE',  ( 19.32500000000000284, -1.800000000000003375, -0.7500000000000004441 ) ) ;
#2630 = ADVANCED_FACE ( 'NONE', ( #716 ), #516, .T. ) ;
#2631 = SHAPE_DEFINITION_REPRESENTATION ( #1636, #2682 ) ;
#2632 = ORIENTED_EDGE ( 'NONE', *, *, #1918, .F. ) ;
#2633 = AXIS2_PLACEMENT_3D ( 'NONE', #1525, #106, #1779 ) ;
#2634 = DIRECTION ( 'NONE',  ( -0.000000000000000000, -1.000000000000000000, -0.000000000000000000 ) ) ;
#2635 = LINE ( 'NONE', #1934, #1175 ) ;
#2636 = EDGE_LOOP ( 'NONE', ( #1840, #2299, #2226, #116 ) ) ;
#2637 = VECTOR ( 'NONE', #2063, 39.37007874015748143 ) ;
#2638 = DIRECTION ( 'NONE',  ( 0.000000000000000000, 0.000000000000000000, 1.000000000000000000 ) ) ;
#2639 = CARTESIAN_POINT ( 'NONE',  ( 15.02500000000000568, 1.799999999999996270, 0.000000000000000000 ) ) ;
#2640 = ORIENTED_EDGE ( 'NONE', *, *, #1063, .F. ) ;
#2641 = AXIS2_PLACEMENT_3D ( 'NONE', #1006, #2916, #44 ) ;
#2642 = VERTEX_POINT ( 'NONE', #1700 ) ;
#2643 = VECTOR ( 'NONE', #567, 39.37007874015748143 ) ;
#2644 = CARTESIAN_POINT ( 'NONE',  ( 21.30000000000000782, -7.219999999999997975, -0.5000000000000003331 ) ) ;
#2645 = ORIENTED_EDGE ( 'NONE', *, *, #1670, .T. ) ;
#2646 = VECTOR ( 'NONE', #1137, 39.37007874015748143 ) ;
#2647 = EDGE_CURVE ( 'NONE', #1429, #1602, #1664, .T. ) ;
#2648 = LINE ( 'NONE', #513, #1888 ) ;
#2649 = LINE ( 'NONE', #1738, #2779 ) ;
#2650 = CARTESIAN_POINT ( 'NONE',  ( 21.02500000000000213, 7.365000000000002878, -0.7500000000000004441 ) ) ;
#2651 = ORIENTED_EDGE ( 'NONE', *, *, #2032, .F. ) ;
#2652 = EDGE_CURVE ( 'NONE', #229, #2151, #1210, .T. ) ;
#2653 = CARTESIAN_POINT ( 'NONE',  ( 21.19500000000000739, -7.219999999999999751, 9.561467977824920278E-16 ) ) ;
#2654 = DIRECTION ( 'NONE',  ( -0.000000000000000000, -1.000000000000000000, -0.000000000000000000 ) ) ;
#2655 = DIRECTION ( 'NONE',  ( 1.000000000000000000, 0.000000000000000000, 0.000000000000000000 ) ) ;
#2656 = CARTESIAN_POINT ( 'NONE',  ( 21.02500000000000213, 7.470000000000003304, -0.7500000000000001110 ) ) ;
#2657 = EDGE_LOOP ( 'NONE', ( #1477, #1704 ) ) ;
#2658 = ORIENTED_EDGE ( 'NONE', *, *, #728, .T. ) ;
#2659 = CYLINDRICAL_SURFACE ( 'NONE', #1440, 0.09999999999999947820 ) ;
#2660 = LINE ( 'NONE', #323, #1529 ) ;
#2661 = VERTEX_POINT ( 'NONE', #1441 ) ;
#2662 = DIRECTION ( 'NONE',  ( 0.000000000000000000, -0.000000000000000000, -1.000000000000000000 ) ) ;
#2663 = AXIS2_PLACEMENT_3D ( 'NONE', #2758, #1256, #86 ) ;
#2664 = EDGE_LOOP ( 'NONE', ( #475, #1086, #970, #2522 ) ) ;
#2665 = CARTESIAN_POINT ( 'NONE',  ( 20.08000000000001251, 2.500000000000000444, -0.7500000000000004441 ) ) ;
#2666 = DIRECTION ( 'NONE',  ( 0.000000000000000000, -1.000000000000000000, -1.219574997171546326E-16 ) ) ;
#2667 = EDGE_CURVE ( 'NONE', #2276, #1826, #2364, .T. ) ;
#2668 = ORIENTED_EDGE ( 'NONE', *, *, #85, .F. ) ;
#2669 = CARTESIAN_POINT ( 'NONE',  ( 20.17500000000001137, -2.500000000000003997, -0.7500000000000004441 ) ) ;
#2670 = VERTEX_POINT ( 'NONE', #1239 ) ;
#2671 = EDGE_CURVE ( 'NONE', #2448, #449, #754, .T. ) ;
#2672 = EDGE_LOOP ( 'NONE', ( #258, #2370, #2747, #2259 ) ) ;
#2673 = DIRECTION ( 'NONE',  ( 1.000000000000000000, 0.000000000000000000, 0.000000000000000000 ) ) ;
#2674 = FACE_OUTER_BOUND ( 'NONE', #2239, .T. ) ;
#2675 = EDGE_LOOP ( 'NONE', ( #824, #1900, #2110, #631 ) ) ;
#2676 = VECTOR ( 'NONE', #2198, 39.37007874015748143 ) ;
#2677 = CARTESIAN_POINT ( 'NONE',  ( -21.40500000000000114, -7.220000000000004192, -0.7499999999999998890 ) ) ;
#2678 = CARTESIAN_POINT ( 'NONE',  ( -2.464999999999996749, 3.680000000000005045, 0.000000000000000000 ) ) ;
#2679 = EDGE_LOOP ( 'NONE', ( #1857, #56 ) ) ;
#2680 = LINE ( 'NONE', #2005, #2559 ) ;
#2681 = CIRCLE ( 'NONE', #2936, 0.1249999999999938799 ) ;
#2682 = ADVANCED_BREP_SHAPE_REPRESENTATION ( 'P19500-17-(12gacr ANSI-61) - K47 - V1-R0', ( #1799, #2555 ), #2709 ) ;
#2683 = ADVANCED_FACE ( 'NONE', ( #504 ), #946, .F. ) ;
#2684 = FACE_OUTER_BOUND ( 'NONE', #2759, .T. ) ;
#2685 = ORIENTED_EDGE ( 'NONE', *, *, #1714, .F. ) ;
#2686 = VERTEX_POINT ( 'NONE', #2888 ) ;
#2687 = EDGE_CURVE ( 'NONE', #2507, #2670, #1470, .T. ) ;
#2688 = FACE_OUTER_BOUND ( 'NONE', #768, .T. ) ;
#2689 = AXIS2_PLACEMENT_3D ( 'NONE', #1772, #2725, #1312 ) ;
#2690 = DIRECTION ( 'NONE',  ( -0.000000000000000000, -0.000000000000000000, 1.000000000000000000 ) ) ;
#2691 = ORIENTED_EDGE ( 'NONE', *, *, #2086, .F. ) ;
#2692 = LINE ( 'NONE', #1221, #2790 ) ;
#2693 = LINE ( 'NONE', #1467, #2727 ) ;
#2694 = AXIS2_PLACEMENT_3D ( 'NONE', #212, #1872, #2828 ) ;
#2695 = ORIENTED_EDGE ( 'NONE', *, *, #2740, .T. ) ;
#2696 = DIRECTION ( 'NONE',  ( 0.000000000000000000, 1.000000000000000000, 0.000000000000000000 ) ) ;
#2697 = CARTESIAN_POINT ( 'NONE',  ( 21.40500000000000469, -7.219999999999998863, -0.5000000000000000000 ) ) ;
#2698 = VERTEX_POINT ( 'NONE', #2415 ) ;
#2699 = EDGE_CURVE ( 'NONE', #2642, #526, #1951, .T. ) ;
#2700 = ORIENTED_EDGE ( 'NONE', *, *, #1010, .F. ) ;
#2701 = DIRECTION ( 'NONE',  ( 1.000000000000000000, 0.000000000000000000, 0.000000000000000000 ) ) ;
#2702 = DIRECTION ( 'NONE',  ( -0.000000000000000000, -0.000000000000000000, 1.000000000000000000 ) ) ;
#2703 = ORIENTED_EDGE ( 'NONE', *, *, #701, .T. ) ;
#2704 = EDGE_CURVE ( 'NONE', #1031, #3003, #1223, .T. ) ;
#2705 = CARTESIAN_POINT ( 'NONE',  ( -21.40499999999999758, -7.220000000000004192, -0.2099999999999973554 ) ) ;
#2706 = DIRECTION ( 'NONE',  ( 1.000000000000000000, -0.000000000000000000, -1.626099996228726381E-16 ) ) ;
#2707 = EDGE_CURVE ( 'NONE', #236, #2686, #50, .T. ) ;
#2708 = ORIENTED_EDGE ( 'NONE', *, *, #2799, .F. ) ;
#2709 =( GEOMETRIC_REPRESENTATION_CONTEXT ( 3 ) GLOBAL_UNCERTAINTY_ASSIGNED_CONTEXT ( ( #671 ) ) GLOBAL_UNIT_ASSIGNED_CONTEXT ( ( #14, #81, #1975 ) ) REPRESENTATION_CONTEXT ( 'NONE', 'WORKASPACE' ) );
#2710 = FACE_OUTER_BOUND ( 'NONE', #2269, .T. ) ;
#2711 = AXIS2_PLACEMENT_3D ( 'NONE', #1300, #2020, #2981 ) ;
#2712 = CYLINDRICAL_SURFACE ( 'NONE', #2456, 0.09499999999999994560 ) ;
#2713 = AXIS2_PLACEMENT_3D ( 'NONE', #2834, #409, #204 ) ;
#2714 = DIRECTION ( 'NONE',  ( -0.000000000000000000, -2.766428348014441609E-15, 1.000000000000000000 ) ) ;
#2715 = VERTEX_POINT ( 'NONE', #996 ) ;
#2716 = ORIENTED_EDGE ( 'NONE', *, *, #1120, .T. ) ;
#2717 = DIRECTION ( 'NONE',  ( 1.000000000000000000, 0.000000000000000000, 0.000000000000000000 ) ) ;
#2718 = DIRECTION ( 'NONE',  ( 1.000000000000000000, -0.000000000000000000, 0.000000000000000000 ) ) ;
#2719 = VERTEX_POINT ( 'NONE', #702 ) ;
#2720 = CARTESIAN_POINT ( 'NONE',  ( -16.72500000000000853, -1.500000000000004219, -0.1049999999999999684 ) ) ;
#2721 = EDGE_CURVE ( 'NONE', #2113, #2729, #1644, .T. ) ;
#2722 = CARTESIAN_POINT ( 'NONE',  ( -21.15499999999999758, -7.260000000000000675, -0.2099999999999966060 ) ) ;
#2723 = AXIS2_PLACEMENT_3D ( 'NONE', #1195, #2889, #2870 ) ;
#2724 = EDGE_CURVE ( 'NONE', #521, #2482, #233, .T. ) ;
#2725 = DIRECTION ( 'NONE',  ( -0.000000000000000000, -1.000000000000000000, -0.000000000000000000 ) ) ;
#2726 = LINE ( 'NONE', #2271, #2853 ) ;
#2727 = VECTOR ( 'NONE', #1930, 39.37007874015748143 ) ;
#2728 = CARTESIAN_POINT ( 'NONE',  ( 20.17500000000001137, -3.750000000000003997, -0.7500000000000004441 ) ) ;
#2729 = VERTEX_POINT ( 'NONE', #1421 ) ;
#2730 = ORIENTED_EDGE ( 'NONE', *, *, #2195, .T. ) ;
#2731 = VECTOR ( 'NONE', #1984, 39.37007874015748143 ) ;
#2732 = CARTESIAN_POINT ( 'NONE',  ( -21.06499999999999773, -3.750000000000003997, -0.1049999999999999684 ) ) ;
#2733 = LINE ( 'NONE', #1305, #3031 ) ;
#2734 = ORIENTED_EDGE ( 'NONE', *, *, #1010, .T. ) ;
#2735 = AXIS2_PLACEMENT_3D ( 'NONE', #825, #1548, #1327 ) ;
#2736 = CARTESIAN_POINT ( 'NONE',  ( 20.08000000000001251, 3.750000000000000888, -0.1049999999999999684 ) ) ;
#2737 = DIRECTION ( 'NONE',  ( 1.000000000000000000, 0.000000000000000000, 0.000000000000000000 ) ) ;
#2738 = AXIS2_PLACEMENT_3D ( 'NONE', #1929, #30, #1019 ) ;
#2739 = VERTEX_POINT ( 'NONE', #2596 ) ;
#2740 = EDGE_CURVE ( 'NONE', #240, #2719, #2383, .T. ) ;
#2741 = AXIS2_PLACEMENT_3D ( 'NONE', #692, #1638, #2591 ) ;
#2742 = CARTESIAN_POINT ( 'NONE',  ( 21.02500000000000924, 7.259999999999999787, -0.1049999999999986777 ) ) ;
#2743 = CARTESIAN_POINT ( 'NONE',  ( -21.40499999999999758, -7.220000000000004192, -0.1049999999999996353 ) ) ;
#2744 = ADVANCED_FACE ( 'NONE', ( #16 ), #1194, .F. ) ;
#2745 = DIRECTION ( 'NONE',  ( -0.000000000000000000, -1.000000000000000000, -0.000000000000000000 ) ) ;
#2746 = VERTEX_POINT ( 'NONE', #826 ) ;
#2747 = ORIENTED_EDGE ( 'NONE', *, *, #342, .T. ) ;
#2748 = EDGE_CURVE ( 'NONE', #2454, #1411, #316, .T. ) ;
#2749 = DIRECTION ( 'NONE',  ( 0.000000000000000000, -0.000000000000000000, 1.000000000000000000 ) ) ;
#2750 = DIRECTION ( 'NONE',  ( 0.000000000000000000, -1.000000000000000000, -1.219574997171546326E-16 ) ) ;
#2751 = VERTEX_POINT ( 'NONE', #2979 ) ;
#2752 = CARTESIAN_POINT ( 'NONE',  ( 19.48400000000000531, -1.718000000000004190, 0.000000000000000000 ) ) ;
#2753 = DIRECTION ( 'NONE',  ( 0.000000000000000000, 0.000000000000000000, -1.000000000000000000 ) ) ;
#2754 = ORIENTED_EDGE ( 'NONE', *, *, #2227, .F. ) ;
#2755 = FACE_OUTER_BOUND ( 'NONE', #1171, .T. ) ;
#2756 = DIRECTION ( 'NONE',  ( 0.000000000000000000, 0.000000000000000000, -1.000000000000000000 ) ) ;
#2757 = ADVANCED_FACE ( 'NONE', ( #376 ), #1313, .F. ) ;
#2758 = CARTESIAN_POINT ( 'NONE',  ( 20.17500000000001137, -3.750000000000003997, 0.000000000000000000 ) ) ;
#2759 = EDGE_LOOP ( 'NONE', ( #640, #71, #2142, #975 ) ) ;
#2760 = CIRCLE ( 'NONE', #1405, 0.09499999999999994560 ) ;
#2761 = EDGE_LOOP ( 'NONE', ( #1412, #359 ) ) ;
#2762 = CARTESIAN_POINT ( 'NONE',  ( 19.48400000000000531, 1.718999999999995865, -0.1049999999999999684 ) ) ;
#2763 = EDGE_CURVE ( 'NONE', #1121, #2602, #797, .T. ) ;
#2764 = DIRECTION ( 'NONE',  ( -1.000000000000000000, -1.227796851085061932E-16, 0.000000000000000000 ) ) ;
#2765 = ORIENTED_EDGE ( 'NONE', *, *, #1415, .F. ) ;
#2766 = CARTESIAN_POINT ( 'NONE',  ( 3.005000000000002558, 3.680000000000004601, -0.1049999999999999684 ) ) ;
#2767 = DIRECTION ( 'NONE',  ( -0.000000000000000000, -0.000000000000000000, 1.000000000000000000 ) ) ;
#2768 = ORIENTED_EDGE ( 'NONE', *, *, #2169, .F. ) ;
#2769 = FACE_BOUND ( 'NONE', #1475, .T. ) ;
#2770 = DIRECTION ( 'NONE',  ( -0.000000000000000000, -0.000000000000000000, -1.000000000000000000 ) ) ;
#2771 = LINE ( 'NONE', #1133, #1510 ) ;
#2772 = LINE ( 'NONE', #3024, #2019 ) ;
#2773 = ORIENTED_EDGE ( 'NONE', *, *, #1786, .F. ) ;
#2774 = EDGE_CURVE ( 'NONE', #465, #2450, #2464, .T. ) ;
#2775 = AXIS2_PLACEMENT_3D ( 'NONE', #2722, #2298, #2268 ) ;
#2776 = DIRECTION ( 'NONE',  ( -1.000000000000000000, 0.000000000000000000, 0.000000000000000000 ) ) ;
#2777 = CARTESIAN_POINT ( 'NONE',  ( -7.165000000000000036, -1.500000000000004219, -0.1049999999999999684 ) ) ;
#2778 = ORIENTED_EDGE ( 'NONE', *, *, #3069, .F. ) ;
#2779 = VECTOR ( 'NONE', #561, 39.37007874015748143 ) ;
#2780 = EDGE_CURVE ( 'NONE', #2450, #2012, #1299, .T. ) ;
#2781 = DIRECTION ( 'NONE',  ( -0.000000000000000000, -0.000000000000000000, 1.000000000000000000 ) ) ;
#2782 = DIRECTION ( 'NONE',  ( -0.000000000000000000, -0.000000000000000000, 1.000000000000000000 ) ) ;
#2783 = ORIENTED_EDGE ( 'NONE', *, *, #2122, .T. ) ;
#2784 = VECTOR ( 'NONE', #2638, 39.37007874015748143 ) ;
#2785 = CARTESIAN_POINT ( 'NONE',  ( 21.02500000000000568, 7.220000000000002416, -0.1049999999999999961 ) ) ;
#2786 = FACE_OUTER_BOUND ( 'NONE', #626, .T. ) ;
#2787 = VECTOR ( 'NONE', #2613, 39.37007874015748143 ) ;
#2788 = PLANE ( 'NONE',  #575 ) ;
#2789 = ORIENTED_EDGE ( 'NONE', *, *, #314, .T. ) ;
#2790 = VECTOR ( 'NONE', #2457, 39.37007874015748143 ) ;
#2791 = CARTESIAN_POINT ( 'NONE',  ( 21.02500000000000568, -7.260000000000000675, -0.1049999999999999961 ) ) ;
#2792 = VERTEX_POINT ( 'NONE', #2212 ) ;
#2793 = CIRCLE ( 'NONE', #2741, 0.09999999999999947820 ) ;
#2794 = ORIENTED_EDGE ( 'NONE', *, *, #1435, .T. ) ;
#2795 = FACE_OUTER_BOUND ( 'NONE', #121, .T. ) ;
#2796 = DIRECTION ( 'NONE',  ( 0.000000000000000000, -0.000000000000000000, -1.000000000000000000 ) ) ;
#2797 = ORIENTED_EDGE ( 'NONE', *, *, #515, .T. ) ;
#2798 = CARTESIAN_POINT ( 'NONE',  ( -21.06499999999999773, 3.750000000000000888, -0.7500000000000004441 ) ) ;
#2799 = EDGE_CURVE ( 'NONE', #569, #1014, #2680, .T. ) ;
#2800 = ORIENTED_EDGE ( 'NONE', *, *, #1694, .F. ) ;
#2801 = DIRECTION ( 'NONE',  ( 1.000000000000000000, 0.000000000000000000, 0.000000000000000000 ) ) ;
#2802 = CARTESIAN_POINT ( 'NONE',  ( 21.02500000000000568, -7.219999999999999751, -0.1049999999999999961 ) ) ;
#2803 = EDGE_CURVE ( 'NONE', #1002, #338, #2726, .T. ) ;
#2804 = ORIENTED_EDGE ( 'NONE', *, *, #747, .F. ) ;
#2805 = DIRECTION ( 'NONE',  ( -0.000000000000000000, -0.000000000000000000, 1.000000000000000000 ) ) ;
#2806 = VERTEX_POINT ( 'NONE', #2492 ) ;
#2807 = ORIENTED_EDGE ( 'NONE', *, *, #177, .T. ) ;
#2808 = DIRECTION ( 'NONE',  ( -0.000000000000000000, -0.000000000000000000, 1.000000000000000000 ) ) ;
#2809 = DIRECTION ( 'NONE',  ( 1.000000000000000000, 0.000000000000000000, 0.000000000000000000 ) ) ;
#2810 = AXIS2_PLACEMENT_3D ( 'NONE', #2506, #1521, #2273 ) ;
#2811 = ORIENTED_EDGE ( 'NONE', *, *, #2493, .T. ) ;
#2812 = VECTOR ( 'NONE', #2634, 39.37007874015748143 ) ;
#2813 = DIRECTION ( 'NONE',  ( 0.000000000000000000, 0.000000000000000000, 1.000000000000000000 ) ) ;
#2814 = DIRECTION ( 'NONE',  ( 0.000000000000000000, 0.000000000000000000, -1.000000000000000000 ) ) ;
#2815 = EDGE_LOOP ( 'NONE', ( #1091, #315 ) ) ;
#2816 = EDGE_CURVE ( 'NONE', #48, #1009, #2213, .T. ) ;
#2817 = DIRECTION ( 'NONE',  ( 1.000000000000000000, 0.000000000000000000, 1.626099996228726381E-16 ) ) ;
#2818 = CARTESIAN_POINT ( 'NONE',  ( 7.190000000000000391, 0.000000000000000000, -0.1049999999999999961 ) ) ;
#2819 = ADVANCED_FACE ( 'NONE', ( #141 ), #2712, .F. ) ;
#2820 = DIRECTION ( 'NONE',  ( -0.000000000000000000, 0.000000000000000000, 1.000000000000000000 ) ) ;
#2821 = VERTEX_POINT ( 'NONE', #784 ) ;
#2822 = CIRCLE ( 'NONE', #2371, 0.09499999999999994560 ) ;
#2823 = PRODUCT_DEFINITION_CONTEXT ( 'detailed design', #1578, 'design' ) ;
#2824 = EDGE_LOOP ( 'NONE', ( #3045, #1369, #2205, #1750 ) ) ;
#2825 = DIRECTION ( 'NONE',  ( -0.000000000000000000, -0.000000000000000000, 1.000000000000000000 ) ) ;
#2826 = DIRECTION ( 'NONE',  ( 0.000000000000000000, -1.000000000000000000, 0.000000000000000000 ) ) ;
#2827 = VERTEX_POINT ( 'NONE', #548 ) ;
#2828 = DIRECTION ( 'NONE',  ( 0.000000000000000000, -0.000000000000000000, 1.000000000000000000 ) ) ;
#2829 = EDGE_LOOP ( 'NONE', ( #2768, #1620, #394, #2590 ) ) ;
#2830 = DIRECTION ( 'NONE',  ( 0.000000000000000000, -0.000000000000000000, -1.000000000000000000 ) ) ;
#2831 = LINE ( 'NONE', #435, #249 ) ;
#2832 = ADVANCED_FACE ( 'NONE', ( #127 ), #2952, .F. ) ;
#2833 = ORIENTED_EDGE ( 'NONE', *, *, #1366, .F. ) ;
#2834 = CARTESIAN_POINT ( 'NONE',  ( 14.86600000000000499, -1.718000000000004190, -0.7500000000000004441 ) ) ;
#2835 = ORIENTED_EDGE ( 'NONE', *, *, #1500, .F. ) ;
#2836 = EDGE_CURVE ( 'NONE', #2686, #3000, #1255, .T. ) ;
#2837 = ORIENTED_EDGE ( 'NONE', *, *, #114, .F. ) ;
#2838 = CARTESIAN_POINT ( 'NONE',  ( -21.40499999999999758, -7.220000000000004192, 0.000000000000000000 ) ) ;
#2839 = AXIS2_PLACEMENT_3D ( 'NONE', #2732, #131, #2023 ) ;
#2840 = DIRECTION ( 'NONE',  ( 0.000000000000000000, 2.766428348014441609E-15, -1.000000000000000000 ) ) ;
#2841 = ORIENTED_EDGE ( 'NONE', *, *, #2066, .T. ) ;
#2842 = ADVANCED_FACE ( 'NONE', ( #2477 ), #1284, .F. ) ;
#2843 = ORIENTED_EDGE ( 'NONE', *, *, #596, .F. ) ;
#2844 = DIRECTION ( 'NONE',  ( -1.000000000000000000, -0.000000000000000000, -1.626099996228726381E-16 ) ) ;
#2845 = CARTESIAN_POINT ( 'NONE',  ( 21.40500000000000469, 7.220000000000002416, -0.5000000000000000000 ) ) ;
#2846 = ORIENTED_EDGE ( 'NONE', *, *, #2876, .T. ) ;
#2847 = CARTESIAN_POINT ( 'NONE',  ( 21.19500000000000739, -7.219999999999998863, 9.561467977824920278E-16 ) ) ;
#2848 = DIRECTION ( 'NONE',  ( 1.000000000000000000, -0.000000000000000000, -0.000000000000000000 ) ) ;
#2849 = ORIENTED_EDGE ( 'NONE', *, *, #270, .T. ) ;
#2850 = DIRECTION ( 'NONE',  ( 0.000000000000000000, 3.388338596792882842E-15, -1.000000000000000000 ) ) ;
#2851 = FACE_OUTER_BOUND ( 'NONE', #2983, .T. ) ;
#2852 = ORIENTED_EDGE ( 'NONE', *, *, #624, .T. ) ;
#2853 = VECTOR ( 'NONE', #2225, 39.37007874015748143 ) ;
#2854 = EDGE_CURVE ( 'NONE', #2500, #3057, #1259, .T. ) ;
#2855 = DIRECTION ( 'NONE',  ( -0.000000000000000000, -1.000000000000000000, -0.000000000000000000 ) ) ;
#2856 = CARTESIAN_POINT ( 'NONE',  ( -21.19500000000000028, 7.220000000000002416, -0.1049999999999997324 ) ) ;
#2857 = ORIENTED_EDGE ( 'NONE', *, *, #207, .T. ) ;
#2858 = EDGE_LOOP ( 'NONE', ( #8, #159, #3062, #1428 ) ) ;
#2859 = ADVANCED_FACE ( 'NONE', ( #2447 ), #2243, .F. ) ;
#2860 = DIRECTION ( 'NONE',  ( -6.776677193585764106E-15, -3.388338596792882053E-15, -1.000000000000000000 ) ) ;
#2861 = DIRECTION ( 'NONE',  ( 1.000000000000000000, -0.000000000000000000, -0.000000000000000000 ) ) ;
#2862 = CARTESIAN_POINT ( 'NONE',  ( 21.30000000000000782, -1.720000000000001306, -0.5000000000000003331 ) ) ;
#2863 = VECTOR ( 'NONE', #2770, 39.37007874015748143 ) ;
#2864 = VECTOR ( 'NONE', #1178, 39.37007874015748143 ) ;
#2865 = CARTESIAN_POINT ( 'NONE',  ( -21.19500000000000028, 7.220000000000002416, -0.2099999999999987432 ) ) ;
#2866 = DIRECTION ( 'NONE',  ( 0.000000000000000000, -0.000000000000000000, -1.000000000000000000 ) ) ;
#2867 = CARTESIAN_POINT ( 'NONE',  ( 21.02500000000000924, -7.469999999999998863, -0.2100000000000027400 ) ) ;
#2868 = ORIENTED_EDGE ( 'NONE', *, *, #1079, .F. ) ;
#2869 = DIRECTION ( 'NONE',  ( -0.000000000000000000, -0.000000000000000000, 1.000000000000000000 ) ) ;
#2870 = DIRECTION ( 'NONE',  ( 0.000000000000000000, 0.000000000000000000, -1.000000000000000000 ) ) ;
#2871 = ORIENTED_EDGE ( 'NONE', *, *, #1192, .F. ) ;
#2872 = CARTESIAN_POINT ( 'NONE',  ( 21.19500000000000739, 7.220000000000002416, -0.1049999999999990108 ) ) ;
#2873 = CARTESIAN_POINT ( 'NONE',  ( -21.06499999999999773, 3.750000000000000888, -0.1049999999999999684 ) ) ;
#2874 = ORIENTED_EDGE ( 'NONE', *, *, #2603, .T. ) ;
#2875 = AXIS2_PLACEMENT_3D ( 'NONE', #947, #1899, #533 ) ;
#2876 = EDGE_CURVE ( 'NONE', #1139, #2719, #563, .T. ) ;
#2877 = EDGE_LOOP ( 'NONE', ( #1746, #2773 ) ) ;
#2878 = DIRECTION ( 'NONE',  ( -0.000000000000000000, -0.000000000000000000, 1.000000000000000000 ) ) ;
#2879 = PLANE ( 'NONE',  #1832 ) ;
#2880 = ORIENTED_EDGE ( 'NONE', *, *, #1699, .T. ) ;
#2881 = EDGE_CURVE ( 'NONE', #427, #2507, #1991, .T. ) ;
#2882 = CARTESIAN_POINT ( 'NONE',  ( -2.464999999999996749, -3.680000000000005045, -0.7500000000000004441 ) ) ;
#2883 = AXIS2_PLACEMENT_3D ( 'NONE', #213, #1859, #2814 ) ;
#2884 = CARTESIAN_POINT ( 'NONE',  ( -7.494999999999993889, -1.900000000000004130, -0.7500000000000004441 ) ) ;
#2885 = DIRECTION ( 'NONE',  ( 0.000000000000000000, 0.000000000000000000, 1.000000000000000000 ) ) ;
#2886 = ORIENTED_EDGE ( 'NONE', *, *, #502, .T. ) ;
#2887 = CIRCLE ( 'NONE', #884, 0.1015000000000010894 ) ;
#2888 = CARTESIAN_POINT ( 'NONE',  ( -21.40500000000000114, 7.220000000000002416, -0.7500000000000001110 ) ) ;
#2889 = DIRECTION ( 'NONE',  ( 0.000000000000000000, 1.000000000000000000, 0.000000000000000000 ) ) ;
#2890 = CIRCLE ( 'NONE', #1576, 0.1250000000000004441 ) ;
#2891 = LINE ( 'NONE', #2838, #450 ) ;
#2892 = CARTESIAN_POINT ( 'NONE',  ( 20.27000000000001023, -3.750000000000003997, -0.1049999999999999684 ) ) ;
#2893 = ORIENTED_EDGE ( 'NONE', *, *, #515, .F. ) ;
#2894 = VECTOR ( 'NONE', #544, 39.37007874015748143 ) ;
#2895 = VECTOR ( 'NONE', #3063, 39.37007874015748143 ) ;
#2896 = DIRECTION ( 'NONE',  ( -0.000000000000000000, -0.000000000000000000, 1.000000000000000000 ) ) ;
#2897 = ADVANCED_FACE ( 'NONE', ( #3021 ), #2319, .F. ) ;
#2898 = CARTESIAN_POINT ( 'NONE',  ( 21.40500000000000469, 7.220000000000002416, -0.5000000000000000000 ) ) ;
#2899 = ORIENTED_EDGE ( 'NONE', *, *, #1767, .T. ) ;
#2900 = AXIS2_PLACEMENT_3D ( 'NONE', #2572, #1825, #875 ) ;
#2901 = LINE ( 'NONE', #2677, #253 ) ;
#2902 = EDGE_CURVE ( 'NONE', #3014, #1000, #390, .T. ) ;
#2903 = CARTESIAN_POINT ( 'NONE',  ( 19.58550000000000679, -1.718000000000004190, -0.1049999999999999684 ) ) ;
#2904 = APPLICATION_PROTOCOL_DEFINITION ( 'draft international standard', 'automotive_design', 1998, #317 ) ;
#2905 = EDGE_CURVE ( 'NONE', #2247, #1028, #1819, .T. ) ;
#2906 = CARTESIAN_POINT ( 'NONE',  ( -2.464999999999996749, 0.000000000000000000, -0.1049999999999999961 ) ) ;
#2907 = CARTESIAN_POINT ( 'NONE',  ( -21.15499999999999758, -7.260000000000000675, -0.1049999999999986777 ) ) ;
#2908 = ORIENTED_EDGE ( 'NONE', *, *, #1928, .T. ) ;
#2909 = CARTESIAN_POINT ( 'NONE',  ( 20.08000000000001251, 3.750000000000000888, -0.7500000000000004441 ) ) ;
#2910 = EDGE_LOOP ( 'NONE', ( #2025, #2446, #2219, #844 ) ) ;
#2911 = EDGE_LOOP ( 'NONE', ( #1217, #3058, #2632, #433 ) ) ;
#2912 = ORIENTED_EDGE ( 'NONE', *, *, #1007, .F. ) ;
#2913 = DIRECTION ( 'NONE',  ( -6.776677193585764106E-15, 0.000000000000000000, -1.000000000000000000 ) ) ;
#2914 = CARTESIAN_POINT ( 'NONE',  ( 19.48400000000000531, -1.718000000000004190, -0.1049999999999999684 ) ) ;
#2915 = ORIENTED_EDGE ( 'NONE', *, *, #1382, .F. ) ;
#2916 = DIRECTION ( 'NONE',  ( -1.295328588745501762E-16, 1.000000000000000000, -3.388338596792881264E-15 ) ) ;
#2917 = DIRECTION ( 'NONE',  ( 0.000000000000000000, 1.000000000000000000, 0.000000000000000000 ) ) ;
#2918 = VECTOR ( 'NONE', #2556, 39.37007874015748143 ) ;
#2919 = LINE ( 'NONE', #2678, #1455 ) ;
#2920 = VERTEX_POINT ( 'NONE', #2120 ) ;
#2921 = EDGE_CURVE ( 'NONE', #2806, #306, #1170, .T. ) ;
#2922 = CARTESIAN_POINT ( 'NONE',  ( 20.17500000000001137, 2.500000000000000444, -0.7500000000000004441 ) ) ;
#2923 = EDGE_CURVE ( 'NONE', #1716, #240, #637, .T. ) ;
#2924 = CARTESIAN_POINT ( 'NONE',  ( -7.494999999999993889, 0.000000000000000000, -0.1049999999999999961 ) ) ;
#2925 = ORIENTED_EDGE ( 'NONE', *, *, #789, .T. ) ;
#2926 = ORIENTED_EDGE ( 'NONE', *, *, #3051, .F. ) ;
#2927 = DIRECTION ( 'NONE',  ( 1.000000000000000000, 0.000000000000000000, 0.000000000000000000 ) ) ;
#2928 = CARTESIAN_POINT ( 'NONE',  ( -21.16499999999999915, 3.750000000000000888, 0.000000000000000000 ) ) ;
#2929 = ORIENTED_EDGE ( 'NONE', *, *, #1267, .F. ) ;
#2930 = VECTOR ( 'NONE', #2416, 39.37007874015748143 ) ;
#2931 = DIRECTION ( 'NONE',  ( -0.000000000000000000, -0.000000000000000000, 1.000000000000000000 ) ) ;
#2932 = LINE ( 'NONE', #263, #1034 ) ;
#2933 = ORIENTED_EDGE ( 'NONE', *, *, #1042, .T. ) ;
#2934 = EDGE_CURVE ( 'NONE', #397, #2751, #1674, .T. ) ;
#2935 = DIRECTION ( 'NONE',  ( -0.000000000000000000, -0.000000000000000000, 1.000000000000000000 ) ) ;
#2936 = AXIS2_PLACEMENT_3D ( 'NONE', #1340, #2753, #1078 ) ;
#2937 = EDGE_LOOP ( 'NONE', ( #553, #787, #2003, #153 ) ) ;
#2938 = EDGE_CURVE ( 'NONE', #1956, #1802, #2302, .T. ) ;
#2939 = LINE ( 'NONE', #1744, #3061 ) ;
#2940 = VERTEX_POINT ( 'NONE', #11 ) ;
#2941 = ORIENTED_EDGE ( 'NONE', *, *, #1567, .F. ) ;
#2942 = CARTESIAN_POINT ( 'NONE',  ( -2.464999999999996749, -3.680000000000005045, -0.7500000000000004441 ) ) ;
#2943 = EDGE_CURVE ( 'NONE', #1002, #2167, #3079, .T. ) ;
#2944 = VECTOR ( 'NONE', #2855, 39.37007874015748143 ) ;
#2945 = CARTESIAN_POINT ( 'NONE',  ( 20.27000000000001023, 3.750000000000000888, 0.000000000000000000 ) ) ;
#2946 = EDGE_LOOP ( 'NONE', ( #1124, #659, #1630, #1666 ) ) ;
#2947 = DIRECTION ( 'NONE',  ( 1.227796851085061932E-16, -1.000000000000000000, 0.000000000000000000 ) ) ;
#2948 = DIRECTION ( 'NONE',  ( 3.491481338843132961E-15, 0.000000000000000000, -1.000000000000000000 ) ) ;
#2949 = AXIS2_PLACEMENT_3D ( 'NONE', #415, #1590, #181 ) ;
#2950 = VERTEX_POINT ( 'NONE', #1115 ) ;
#2951 = CARTESIAN_POINT ( 'NONE',  ( -16.85000000000000142, -1.500000000000004219, -0.1049999999999999684 ) ) ;
#2952 = CYLINDRICAL_SURFACE ( 'NONE', #1762, 0.1250000000000004441 ) ;
#2953 = DIRECTION ( 'NONE',  ( -0.000000000000000000, -0.000000000000000000, 1.000000000000000000 ) ) ;
#2954 = ORIENTED_EDGE ( 'NONE', *, *, #2881, .F. ) ;
#2955 = ORIENTED_EDGE ( 'NONE', *, *, #154, .F. ) ;
#2956 = EDGE_CURVE ( 'NONE', #1802, #1121, #938, .T. ) ;
#2957 = CARTESIAN_POINT ( 'NONE',  ( 7.190000000000000391, 1.814999999999995728, -0.7500000000000004441 ) ) ;
#2958 = LINE ( 'NONE', #2512, #346 ) ;
#2959 = ORIENTED_EDGE ( 'NONE', *, *, #1517, .F. ) ;
#2960 = EDGE_CURVE ( 'NONE', #1166, #2222, #1913, .T. ) ;
#2961 = DIRECTION ( 'NONE',  ( -0.000000000000000000, -1.000000000000000000, -0.000000000000000000 ) ) ;
#2962 = CARTESIAN_POINT ( 'NONE',  ( 21.19500000000000739, -7.219999999999998863, -0.2099999999999980216 ) ) ;
#2963 = EDGE_LOOP ( 'NONE', ( #1793, #1294, #1544, #2570 ) ) ;
#2964 = FACE_OUTER_BOUND ( 'NONE', #2121, .T. ) ;
#2965 = AXIS2_PLACEMENT_3D ( 'NONE', #2328, #1856, #2809 ) ;
#2966 = CARTESIAN_POINT ( 'NONE',  ( 21.40500000000000469, -1.720000000000001306, -0.2700000000000007394 ) ) ;
#2967 = AXIS2_PLACEMENT_3D ( 'NONE', #1838, #654, #1149 ) ;
#2968 = CARTESIAN_POINT ( 'NONE',  ( 21.02500000000000568, -7.364999999999998437, -0.1049999999999999961 ) ) ;
#2969 = ORIENTED_EDGE ( 'NONE', *, *, #2707, .F. ) ;
#2970 = ORIENTED_EDGE ( 'NONE', *, *, #1021, .F. ) ;
#2971 = LINE ( 'NONE', #556, #2240 ) ;
#2972 = DIRECTION ( 'NONE',  ( -1.000000000000000000, -0.000000000000000000, -0.000000000000000000 ) ) ;
#2973 = ORIENTED_EDGE ( 'NONE', *, *, #559, .T. ) ;
#2974 = DIRECTION ( 'NONE',  ( -0.000000000000000000, -0.000000000000000000, 1.000000000000000000 ) ) ;
#2975 = FACE_OUTER_BOUND ( 'NONE', #918, .T. ) ;
#2976 = ADVANCED_FACE ( 'NONE', ( #156 ), #2788, .T. ) ;
#2977 = ORIENTED_EDGE ( 'NONE', *, *, #2943, .F. ) ;
#2978 = CARTESIAN_POINT ( 'NONE',  ( -21.30000000000000426, 7.220000000000002416, -0.7500000000000007772 ) ) ;
#2979 = CARTESIAN_POINT ( 'NONE',  ( -21.15499999999999758, 7.220000000000002416, -0.1049999999999999961 ) ) ;
#2980 = CIRCLE ( 'NONE', #2775, 0.1049999999999979283 ) ;
#2981 = DIRECTION ( 'NONE',  ( 0.000000000000000000, 0.000000000000000000, 1.000000000000000000 ) ) ;
#2982 = ORIENTED_EDGE ( 'NONE', *, *, #913, .T. ) ;
#2983 = EDGE_LOOP ( 'NONE', ( #1880, #1996, #2685, #1180 ) ) ;
#2984 = CIRCLE ( 'NONE', #1425, 0.09499999999999994560 ) ;
#2985 = DIRECTION ( 'NONE',  ( -1.000000000000000000, -0.000000000000000000, -0.000000000000000000 ) ) ;
#2986 = FACE_OUTER_BOUND ( 'NONE', #740, .T. ) ;
#2987 = ORIENTED_EDGE ( 'NONE', *, *, #3066, .F. ) ;
#2988 = CIRCLE ( 'NONE', #1940, 0.1015000000000010894 ) ;
#2989 = CARTESIAN_POINT ( 'NONE',  ( 21.02500000000000568, -7.469999999999998863, 0.000000000000000000 ) ) ;
#2990 = VERTEX_POINT ( 'NONE', #653 ) ;
#2991 = EDGE_CURVE ( 'NONE', #449, #2466, #1105, .T. ) ;
#2992 = DIRECTION ( 'NONE',  ( -1.000000000000000000, 0.000000000000000000, -3.491481338843132961E-15 ) ) ;
#2993 = DIRECTION ( 'NONE',  ( -0.000000000000000000, 1.000000000000000000, -0.000000000000000000 ) ) ;
#2994 = EDGE_CURVE ( 'NONE', #1995, #2715, #2312, .T. ) ;
#2995 = CARTESIAN_POINT ( 'NONE',  ( 20.08000000000001251, 2.500000000000000444, -0.1049999999999999684 ) ) ;
#2996 = EDGE_LOOP ( 'NONE', ( #2065, #1798, #1853, #760 ) ) ;
#2997 = EDGE_LOOP ( 'NONE', ( #774, #677, #286, #1522 ) ) ;
#2998 = DIRECTION ( 'NONE',  ( 0.000000000000000000, 0.000000000000000000, 1.000000000000000000 ) ) ;
#2999 = CARTESIAN_POINT ( 'NONE',  ( -21.16499999999999915, -3.750000000000003997, 0.000000000000000000 ) ) ;
#3000 = VERTEX_POINT ( 'NONE', #480 ) ;
#3001 = LINE ( 'NONE', #864, #1741 ) ;
#3002 = DIRECTION ( 'NONE',  ( 0.000000000000000000, 0.000000000000000000, 1.000000000000000000 ) ) ;
#3003 = VERTEX_POINT ( 'NONE', #244 ) ;
#3004 = VECTOR ( 'NONE', #2519, 39.37007874015748143 ) ;
#3005 = FACE_BOUND ( 'NONE', #2008, .T. ) ;
#3006 = DIRECTION ( 'NONE',  ( -0.000000000000000000, -0.000000000000000000, 1.000000000000000000 ) ) ;
#3007 = EDGE_CURVE ( 'NONE', #2715, #2990, #2048, .T. ) ;
#3008 = CIRCLE ( 'NONE', #1910, 0.1049999999999990108 ) ;
#3009 = PLANE ( 'NONE',  #1066 ) ;
#3010 = ORIENTED_EDGE ( 'NONE', *, *, #948, .F. ) ;
#3011 = AXIS2_PLACEMENT_3D ( 'NONE', #2743, #2696, #97 ) ;
#3012 = EDGE_CURVE ( 'NONE', #1031, #2739, #497, .T. ) ;
#3013 = VECTOR ( 'NONE', #639, 39.37007874015748143 ) ;
#3014 = VERTEX_POINT ( 'NONE', #2862 ) ;
#3015 = CARTESIAN_POINT ( 'NONE',  ( -21.15499999999999403, -7.220000000000004192, 0.000000000000000000 ) ) ;
#3016 = DIRECTION ( 'NONE',  ( 0.000000000000000000, 1.000000000000000000, 0.000000000000000000 ) ) ;
#3017 = ORIENTED_EDGE ( 'NONE', *, *, #628, .T. ) ;
#3018 = LINE ( 'NONE', #1387, #1743 ) ;
#3019 = CYLINDRICAL_SURFACE ( 'NONE', #883, 0.09999999999999947820 ) ;
#3020 = DIRECTION ( 'NONE',  ( 1.000000000000000000, 9.988475296761475775E-17, 0.000000000000000000 ) ) ;
#3021 = FACE_OUTER_BOUND ( 'NONE', #1258, .T. ) ;
#3022 = EDGE_CURVE ( 'NONE', #2099, #1110, #1307, .T. ) ;
#3023 = CYLINDRICAL_SURFACE ( 'NONE', #2713, 0.1015000000000010894 ) ;
#3024 = CARTESIAN_POINT ( 'NONE',  ( 20.27000000000001023, -3.750000000000003997, -0.7500000000000004441 ) ) ;
#3025 = ORIENTED_EDGE ( 'NONE', *, *, #2667, .T. ) ;
#3026 = CIRCLE ( 'NONE', #1877, 0.1049999999999990108 ) ;
#3027 = ADVANCED_FACE ( 'NONE', ( #2394 ), #261, .F. ) ;
#3028 = DIRECTION ( 'NONE',  ( 1.000000000000000000, 0.000000000000000000, 0.000000000000000000 ) ) ;
#3029 = CARTESIAN_POINT ( 'NONE',  ( 20.17500000000001137, 3.750000000000000888, -0.7500000000000004441 ) ) ;
#3030 = ORIENTED_EDGE ( 'NONE', *, *, #2780, .F. ) ;
#3031 = VECTOR ( 'NONE', #2702, 39.37007874015748143 ) ;
#3032 = EDGE_CURVE ( 'NONE', #188, #1496, #2398, .T. ) ;
#3033 = CARTESIAN_POINT ( 'NONE',  ( -21.15499999999999758, 7.469999999999996199, -0.2099999999999998812 ) ) ;
#3034 =( CONVERSION_BASED_UNIT ( 'INCH', #2315 ) LENGTH_UNIT ( ) NAMED_UNIT ( #1278 ) );
#3035 = ORIENTED_EDGE ( 'NONE', *, *, #2799, .T. ) ;
#3036 = AXIS2_PLACEMENT_3D ( 'NONE', #1684, #1518, #2461 ) ;
#3037 = LINE ( 'NONE', #712, #1027 ) ;
#3038 = FACE_OUTER_BOUND ( 'NONE', #1036, .T. ) ;
#3039 = VECTOR ( 'NONE', #1693, 39.37007874015748143 ) ;
#3040 = VERTEX_POINT ( 'NONE', #313 ) ;
#3041 = AXIS2_PLACEMENT_3D ( 'NONE', #1748, #1088, #1292 ) ;
#3042 = PLANE ( 'NONE',  #2967 ) ;
#3043 = ORIENTED_EDGE ( 'NONE', *, *, #2015, .T. ) ;
#3044 = VECTOR ( 'NONE', #1367, 39.37007874015748143 ) ;
#3045 = ORIENTED_EDGE ( 'NONE', *, *, #1461, .T. ) ;
#3046 = DIRECTION ( 'NONE',  ( -0.000000000000000000, -0.000000000000000000, -1.000000000000000000 ) ) ;
#3047 = CARTESIAN_POINT ( 'NONE',  ( -21.15499999999999758, -7.365000000000006430, -0.7500000000000004441 ) ) ;
#3048 = ORIENTED_EDGE ( 'NONE', *, *, #1141, .F. ) ;
#3049 = ADVANCED_FACE ( 'NONE', ( #485 ), #1697, .F. ) ;
#3050 = CYLINDRICAL_SURFACE ( 'NONE', #804, 0.09999999999999947820 ) ;
#3051 = EDGE_CURVE ( 'NONE', #1166, #458, #279, .T. ) ;
#3052 = ORIENTED_EDGE ( 'NONE', *, *, #2049, .F. ) ;
#3053 = DIRECTION ( 'NONE',  ( 0.000000000000000000, 0.000000000000000000, 1.000000000000000000 ) ) ;
#3054 = PLANE ( 'NONE',  #846 ) ;
#3055 = ORIENTED_EDGE ( 'NONE', *, *, #1099, .T. ) ;
#3056 = LINE ( 'NONE', #1627, #375 ) ;
#3057 = VERTEX_POINT ( 'NONE', #1911 ) ;
#3058 = ORIENTED_EDGE ( 'NONE', *, *, #2091, .T. ) ;
#3059 = CARTESIAN_POINT ( 'NONE',  ( -21.16499999999999915, 3.750000000000000888, -0.7500000000000004441 ) ) ;
#3060 = CARTESIAN_POINT ( 'NONE',  ( -2.464999999999996749, -3.680000000000005045, -0.1049999999999999684 ) ) ;
#3061 = VECTOR ( 'NONE', #2083, 39.37007874015748143 ) ;
#3062 = ORIENTED_EDGE ( 'NONE', *, *, #20, .F. ) ;
#3063 = DIRECTION ( 'NONE',  ( -0.000000000000000000, -0.000000000000000000, 1.000000000000000000 ) ) ;
#3064 = PRODUCT_DEFINITION ( 'UNKNOWN', '', #325, #2823 ) ;
#3065 = CARTESIAN_POINT ( 'NONE',  ( 19.32500000000000284, -1.800000000000003375, 0.000000000000000000 ) ) ;
#3066 = EDGE_CURVE ( 'NONE', #373, #1979, #2919, .T. ) ;
#3067 = DIRECTION ( 'NONE',  ( -0.000000000000000000, -0.000000000000000000, 1.000000000000000000 ) ) ;
#3068 = EDGE_LOOP ( 'NONE', ( #858, #1273, #2177, #2969 ) ) ;
#3069 = EDGE_CURVE ( 'NONE', #2085, #38, #1468, .T. ) ;
#3070 = CARTESIAN_POINT ( 'NONE',  ( 21.40500000000000469, -4.520000000000001350, -0.2700000000000010725 ) ) ;
#3071 = LINE ( 'NONE', #2365, #2474 ) ;
#3072 = CIRCLE ( 'NONE', #2875, 0.1250000000000004441 ) ;
#3073 = EDGE_LOOP ( 'NONE', ( #2265, #2509, #2857, #2577 ) ) ;
#3074 = CARTESIAN_POINT ( 'NONE',  ( 21.40500000000000469, 1.720000000000001306, -0.5000000000000003331 ) ) ;
#3075 = DIRECTION ( 'NONE',  ( -0.000000000000000000, -0.000000000000000000, 1.000000000000000000 ) ) ;
#3076 = ORIENTED_EDGE ( 'NONE', *, *, #1963, .F. ) ;
#3077 = FACE_OUTER_BOUND ( 'NONE', #2997, .T. ) ;
#3078 = CIRCLE ( 'NONE', #45, 0.09999999999999947820 ) ;
#3079 = LINE ( 'NONE', #1344, #2050 ) ;
#3080 = VERTEX_POINT ( 'NONE', #2867 ) ;
#3081 = LINE ( 'NONE', #2095, #927 ) ;
#3082 = DIRECTION ( 'NONE',  ( 0.000000000000000000, 0.000000000000000000, -1.000000000000000000 ) ) ;
#3083 = ORIENTED_EDGE ( 'NONE', *, *, #1209, .F. ) ;
#3084 = EDGE_CURVE ( 'NONE', #2500, #1561, #751, .T. ) ;
#3085 = AXIS2_PLACEMENT_3D ( 'NONE', #2549, #854, #2992 ) ;
ENDSEC;
END-ISO-10303-21;
