ISO-10303-21;
HEADER;
FILE_DESCRIPTION (( 'STEP AP214' ),
    '1' );
FILE_NAME ('PP21341-12-(16gacr ANSI-61) - K48 - V0-R0.STEP',
    '2026-07-10T19:05:36',
    ( '' ),
    ( '' ),
    'SwSTEP 2.0',
    'SolidWorks 2024',
    '' );
FILE_SCHEMA (( 'AUTOMOTIVE_DESIGN' ));
ENDSEC;

DATA;
#1 = FACE_OUTER_BOUND ( 'NONE', #793, .T. ) ;
#2 = AXIS2_PLACEMENT_3D ( 'NONE', #344, #562, #1949 ) ;
#3 = ORIENTED_EDGE ( 'NONE', *, *, #2294, .T. ) ;
#4 = ORIENTED_EDGE ( 'NONE', *, *, #1581, .T. ) ;
#5 = VECTOR ( 'NONE', #1757, 39.37007874015748143 ) ;
#6 = CARTESIAN_POINT ( 'NONE',  ( -7.984000000000000874, -8.625000000000001776, -0.05999999999994330702 ) ) ;
#7 = VECTOR ( 'NONE', #423, 39.37007874015748143 ) ;
#8 = ORIENTED_EDGE ( 'NONE', *, *, #1646, .F. ) ;
#9 = EDGE_CURVE ( 'NONE', #1153, #61, #399, .T. ) ;
#10 = AXIS2_PLACEMENT_3D ( 'NONE', #213, #432, #2051 ) ;
#11 = CARTESIAN_POINT ( 'NONE',  ( -8.126000000000001222, 9.119999999999999218, 0.000000000000000000 ) ) ;
#12 = DIRECTION ( 'NONE',  ( 1.000000000000000000, 0.000000000000000000, 0.000000000000000000 ) ) ;
#13 = VECTOR ( 'NONE', #2024, 39.37007874015748143 ) ;
#14 = ADVANCED_FACE ( 'NONE', ( #2624 ), #2222, .T. ) ;
#15 = CIRCLE ( 'NONE', #2060, 0.1560000000000001941 ) ;
#16 = DIRECTION ( 'NONE',  ( 1.000000000000000000, 0.000000000000000000, 0.000000000000000000 ) ) ;
#17 = LINE ( 'NONE', #2246, #1311 ) ;
#18 = EDGE_LOOP ( 'NONE', ( #32, #1529, #158, #168 ) ) ;
#19 = ORIENTED_EDGE ( 'NONE', *, *, #1996, .F. ) ;
#20 = DIRECTION ( 'NONE',  ( 1.000000000000000000, 0.000000000000000000, 3.699377491420362432E-15 ) ) ;
#21 = VERTEX_POINT ( 'NONE', #1092 ) ;
#22 = ADVANCED_FACE ( 'NONE', ( #2508 ), #651, .F. ) ;
#23 = DIRECTION ( 'NONE',  ( 0.000000000000000000, 0.000000000000000000, -1.000000000000000000 ) ) ;
#24 = CARTESIAN_POINT ( 'NONE',  ( 8.109999999999997655, 8.624999999999998224, -0.1199999999999988853 ) ) ;
#25 = EDGE_CURVE ( 'NONE', #1569, #466, #890, .T. ) ;
#26 = CARTESIAN_POINT ( 'NONE',  ( 8.109999999999997655, -9.500000000000000000, -0.05999999999999999778 ) ) ;
#27 = LINE ( 'NONE', #1849, #1240 ) ;
#28 = FACE_OUTER_BOUND ( 'NONE', #2566, .T. ) ;
#29 = EDGE_LOOP ( 'NONE', ( #2611, #1130, #333, #2340 ) ) ;
#30 = DIRECTION ( 'NONE',  ( -0.000000000000000000, -0.000000000000000000, 1.000000000000000000 ) ) ;
#31 = CARTESIAN_POINT ( 'NONE',  ( -0.9100000000000013634, -1.929999999999999272, -0.05999999999999999778 ) ) ;
#32 = ORIENTED_EDGE ( 'NONE', *, *, #1743, .F. ) ;
#33 = FACE_BOUND ( 'NONE', #1291, .T. ) ;
#34 = CARTESIAN_POINT ( 'NONE',  ( -1.750000000000001332, 3.500000000000000000, -0.05999999999999999778 ) ) ;
#35 = ORIENTED_EDGE ( 'NONE', *, *, #379, .F. ) ;
#36 = CARTESIAN_POINT ( 'NONE',  ( 0.000000000000000000, 8.624999999999998224, 0.000000000000000000 ) ) ;
#37 = CIRCLE ( 'NONE', #345, 0.05999999999999988676 ) ;
#38 = EDGE_CURVE ( 'NONE', #466, #1327, #1260, .T. ) ;
#39 = DIRECTION ( 'NONE',  ( -1.000000000000000000, 0.000000000000000000, -2.249438328116413053E-13 ) ) ;
#40 = CIRCLE ( 'NONE', #1910, 0.07000000000000007605 ) ;
#41 = EDGE_CURVE ( 'NONE', #332, #427, #877, .T. ) ;
#42 = DIRECTION ( 'NONE',  ( 0.000000000000000000, 0.000000000000000000, 1.000000000000000000 ) ) ;
#43 = AXIS2_PLACEMENT_3D ( 'NONE', #663, #1683, #69 ) ;
#44 = CARTESIAN_POINT ( 'NONE',  ( -8.110000000000001208, -9.285177317930166652, 0.000000000000000000 ) ) ;
#45 = EDGE_LOOP ( 'NONE', ( #257, #2036, #2111, #1054 ) ) ;
#46 = AXIS2_PLACEMENT_3D ( 'NONE', #154, #1143, #574 ) ;
#47 = VERTEX_POINT ( 'NONE', #490 ) ;
#48 = VECTOR ( 'NONE', #1441, 39.37007874015748143 ) ;
#49 = CARTESIAN_POINT ( 'NONE',  ( 0.9799999999999985389, 5.070000000000000284, -0.05999999999999999778 ) ) ;
#50 = CARTESIAN_POINT ( 'NONE',  ( -0.9100000000000013634, -1.929999999999999272, 0.000000000000000000 ) ) ;
#51 = CARTESIAN_POINT ( 'NONE',  ( -1.820000000000001172, 3.500000000000000000, 0.000000000000000000 ) ) ;
#52 = DIRECTION ( 'NONE',  ( -0.000000000000000000, -0.000000000000000000, 1.000000000000000000 ) ) ;
#53 = DIRECTION ( 'NONE',  ( 0.000000000000000000, 0.000000000000000000, 1.000000000000000000 ) ) ;
#54 = VECTOR ( 'NONE', #764, 39.37007874015748143 ) ;
#55 = EDGE_CURVE ( 'NONE', #747, #2395, #1081, .T. ) ;
#56 = ORIENTED_EDGE ( 'NONE', *, *, #2242, .T. ) ;
#57 = DIRECTION ( 'NONE',  ( -0.000000000000000000, -1.000000000000000000, -0.000000000000000000 ) ) ;
#58 = EDGE_CURVE ( 'NONE', #1025, #1266, #1248, .T. ) ;
#59 =( NAMED_UNIT ( * ) SI_UNIT ( $, .STERADIAN. ) SOLID_ANGLE_UNIT ( ) );
#60 = VERTEX_POINT ( 'NONE', #1881 ) ;
#61 = VERTEX_POINT ( 'NONE', #1275 ) ;
#62 = DIRECTION ( 'NONE',  ( 0.000000000000000000, -1.000000000000000000, 0.000000000000000000 ) ) ;
#63 = DIRECTION ( 'NONE',  ( 1.000000000000000000, 0.000000000000000000, 0.000000000000000000 ) ) ;
#64 = VERTEX_POINT ( 'NONE', #693 ) ;
#65 = CARTESIAN_POINT ( 'NONE',  ( -7.984000000000000874, 8.624999999999998224, 0.000000000000000000 ) ) ;
#66 = CARTESIAN_POINT ( 'NONE',  ( -7.970000000000004192, -9.130000000000000782, -0.05999999999999999778 ) ) ;
#67 = CARTESIAN_POINT ( 'NONE',  ( -8.110000000000002984, 8.624999999999998224, -0.6300000000000041123 ) ) ;
#68 = ORIENTED_EDGE ( 'NONE', *, *, #2549, .F. ) ;
#69 = DIRECTION ( 'NONE',  ( 0.000000000000000000, 0.000000000000000000, 1.000000000000000000 ) ) ;
#70 = EDGE_CURVE ( 'NONE', #2253, #530, #1299, .T. ) ;
#71 = DIRECTION ( 'NONE',  ( -1.000000000000000000, 0.000000000000000000, 0.000000000000000000 ) ) ;
#72 = ORIENTED_EDGE ( 'NONE', *, *, #383, .F. ) ;
#73 = VERTEX_POINT ( 'NONE', #1481 ) ;
#74 = ADVANCED_FACE ( 'NONE', ( #2472 ), #2073, .F. ) ;
#75 = DIRECTION ( 'NONE',  ( 1.000000000000000000, 0.000000000000000000, 0.000000000000000000 ) ) ;
#76 = LINE ( 'NONE', #468, #1866 ) ;
#77 = ORIENTED_EDGE ( 'NONE', *, *, #397, .F. ) ;
#78 = CARTESIAN_POINT ( 'NONE',  ( 8.109999999999997655, -9.500000000000000000, -0.05999999999999999778 ) ) ;
#79 = CARTESIAN_POINT ( 'NONE',  ( -7.990000000000001101, -8.625000000000001776, -0.1199999999999432077 ) ) ;
#80 = FACE_BOUND ( 'NONE', #2147, .T. ) ;
#81 = VERTEX_POINT ( 'NONE', #2314 ) ;
#82 = VECTOR ( 'NONE', #2598, 39.37007874015748143 ) ;
#83 = CARTESIAN_POINT ( 'NONE',  ( 0.8399999999999986366, -1.929999999999999716, -0.05999999999999999778 ) ) ;
#84 = CARTESIAN_POINT ( 'NONE',  ( -1.440000000000003499, -3.500000000000002220, -0.05999999999999999778 ) ) ;
#85 = ORIENTED_EDGE ( 'NONE', *, *, #142, .F. ) ;
#86 = ORIENTED_EDGE ( 'NONE', *, *, #379, .T. ) ;
#87 = CARTESIAN_POINT ( 'NONE',  ( 7.983999999999999098, 8.630999999999998451, -0.05999999999999944267 ) ) ;
#88 = ADVANCED_FACE ( 'NONE', ( #2327 ), #2126, .T. ) ;
#89 = FACE_OUTER_BOUND ( 'NONE', #1120, .T. ) ;
#90 = AXIS2_PLACEMENT_3D ( 'NONE', #436, #904, #1725 ) ;
#91 = DIRECTION ( 'NONE',  ( 0.000000000000000000, 0.000000000000000000, -1.000000000000000000 ) ) ;
#92 = ADVANCED_FACE ( 'NONE', ( #451 ), #1469, .T. ) ;
#93 = DIRECTION ( 'NONE',  ( 0.000000000000000000, 1.000000000000000000, 0.000000000000000000 ) ) ;
#94 = AXIS2_PLACEMENT_3D ( 'NONE', #295, #1518, #91 ) ;
#95 = CARTESIAN_POINT ( 'NONE',  ( -8.110000000000001208, -9.500000000000000000, -0.05999999999999999778 ) ) ;
#96 = VECTOR ( 'NONE', #2371, 39.37007874015748143 ) ;
#97 = ORIENTED_EDGE ( 'NONE', *, *, #1192, .F. ) ;
#98 = AXIS2_PLACEMENT_3D ( 'NONE', #2263, #792, #1814 ) ;
#99 = PLANE ( 'NONE',  #1826 ) ;
#100 = AXIS2_PLACEMENT_3D ( 'NONE', #2156, #1077, #1520 ) ;
#101 = CARTESIAN_POINT ( 'NONE',  ( 8.125999999999997669, -9.130000000000000782, 0.000000000000000000 ) ) ;
#102 = VERTEX_POINT ( 'NONE', #1065 ) ;
#103 = ORIENTED_EDGE ( 'NONE', *, *, #1460, .T. ) ;
#104 = DIRECTION ( 'NONE',  ( 1.000000000000000000, 0.000000000000000000, 0.000000000000000000 ) ) ;
#105 = CARTESIAN_POINT ( 'NONE',  ( -0.9100000000000013634, -1.929999999999999272, 0.000000000000000000 ) ) ;
#106 = ORIENTED_EDGE ( 'NONE', *, *, #2342, .F. ) ;
#107 = EDGE_CURVE ( 'NONE', #453, #551, #1904, .T. ) ;
#108 = LINE ( 'NONE', #914, #311 ) ;
#109 = LINE ( 'NONE', #1946, #2266 ) ;
#110 = EDGE_CURVE ( 'NONE', #2225, #1015, #840, .T. ) ;
#111 = ORIENTED_EDGE ( 'NONE', *, *, #244, .F. ) ;
#112 = CARTESIAN_POINT ( 'NONE',  ( 0.9099999999999988098, -1.929999999999999716, -0.05999999999999999778 ) ) ;
#113 = FACE_OUTER_BOUND ( 'NONE', #2260, .T. ) ;
#114 = ORIENTED_EDGE ( 'NONE', *, *, #2634, .T. ) ;
#115 = ORIENTED_EDGE ( 'NONE', *, *, #1494, .T. ) ;
#116 = DIRECTION ( 'NONE',  ( -0.000000000000000000, -0.000000000000000000, 1.000000000000000000 ) ) ;
#117 = LINE ( 'NONE', #1985, #671 ) ;
#118 = EDGE_LOOP ( 'NONE', ( #417, #278, #115, #1671 ) ) ;
#119 = LINE ( 'NONE', #372, #2351 ) ;
#120 = DIRECTION ( 'NONE',  ( 0.000000000000000000, 0.000000000000000000, 1.000000000000000000 ) ) ;
#121 = CARTESIAN_POINT ( 'NONE',  ( 0.8399999999999986366, -1.929999999999999716, 0.000000000000000000 ) ) ;
#122 = CARTESIAN_POINT ( 'NONE',  ( -8.110000000000001208, 8.964822682069831572, -0.05999999999999999778 ) ) ;
#123 = EDGE_CURVE ( 'NONE', #2330, #248, #1052, .T. ) ;
#124 = ORIENTED_EDGE ( 'NONE', *, *, #2587, .F. ) ;
#125 = CARTESIAN_POINT ( 'NONE',  ( 0.9099999999999988098, -5.070000000000000284, -0.05999999999999999778 ) ) ;
#126 = CARTESIAN_POINT ( 'NONE',  ( -7.990000000000001101, -8.625000000000001776, -0.05999999999999999778 ) ) ;
#127 = ADVANCED_FACE ( 'NONE', ( #852 ), #463, .F. ) ;
#128 = ORIENTED_EDGE ( 'NONE', *, *, #179, .F. ) ;
#129 = ORIENTED_EDGE ( 'NONE', *, *, #393, .T. ) ;
#130 = CARTESIAN_POINT ( 'NONE',  ( -8.110000000000001208, -9.500000000000000000, -0.05999999999999999778 ) ) ;
#131 = SHAPE_DEFINITION_REPRESENTATION ( #135, #1197 ) ;
#132 = ORIENTED_EDGE ( 'NONE', *, *, #722, .F. ) ;
#133 = LINE ( 'NONE', #1999, #1875 ) ;
#134 = CARTESIAN_POINT ( 'NONE',  ( 8.109999999999997655, 8.630999999999998451, 0.000000000000000000 ) ) ;
#135 = PRODUCT_DEFINITION_SHAPE ( 'NONE', 'NONE',  #2357 ) ;
#136 = AXIS2_PLACEMENT_3D ( 'NONE', #772, #2002, #180 ) ;
#137 = DIRECTION ( 'NONE',  ( -0.000000000000000000, -1.000000000000000000, -0.000000000000000000 ) ) ;
#138 = DIRECTION ( 'NONE',  ( 1.000000000000000000, 0.000000000000000000, 0.000000000000000000 ) ) ;
#139 = AXIS2_PLACEMENT_3D ( 'NONE', #1931, #2546, #1268 ) ;
#140 = VERTEX_POINT ( 'NONE', #1313 ) ;
#141 = CIRCLE ( 'NONE', #1156, 0.1560000000000001941 ) ;
#142 = EDGE_CURVE ( 'NONE', #747, #348, #305, .T. ) ;
#143 = CYLINDRICAL_SURFACE ( 'NONE', #233, 0.1560000000000001941 ) ;
#144 = AXIS2_PLACEMENT_3D ( 'NONE', #1599, #624, #1609 ) ;
#145 = ORIENTED_EDGE ( 'NONE', *, *, #2099, .F. ) ;
#146 = ORIENTED_EDGE ( 'NONE', *, *, #608, .T. ) ;
#147 = EDGE_CURVE ( 'NONE', #1015, #427, #1131, .T. ) ;
#148 = DIRECTION ( 'NONE',  ( -0.000000000000000000, -0.000000000000000000, 1.000000000000000000 ) ) ;
#149 = DIRECTION ( 'NONE',  ( 1.000000000000000000, 0.000000000000000000, 0.000000000000000000 ) ) ;
#150 = ORIENTED_EDGE ( 'NONE', *, *, #655, .T. ) ;
#151 = CARTESIAN_POINT ( 'NONE',  ( -8.050000000000002487, -8.625000000000001776, -0.6300000000000043343 ) ) ;
#152 = CARTESIAN_POINT ( 'NONE',  ( -8.110000000000002984, -8.625000000000001776, -0.6300000000000041123 ) ) ;
#153 = DIRECTION ( 'NONE',  ( 0.000000000000000000, 1.000000000000000000, 0.000000000000000000 ) ) ;
#154 = CARTESIAN_POINT ( 'NONE',  ( -0.9100000000000013634, -5.070000000000000284, 0.000000000000000000 ) ) ;
#155 = ORIENTED_EDGE ( 'NONE', *, *, #592, .F. ) ;
#156 = DIRECTION ( 'NONE',  ( -0.000000000000000000, -0.000000000000000000, 1.000000000000000000 ) ) ;
#157 = EDGE_LOOP ( 'NONE', ( #851, #1459, #469, #320 ) ) ;
#158 = ORIENTED_EDGE ( 'NONE', *, *, #755, .T. ) ;
#159 = FACE_OUTER_BOUND ( 'NONE', #876, .T. ) ;
#160 = CARTESIAN_POINT ( 'NONE',  ( -3.278217592397115862E-15, -3.500000000000002220, 0.000000000000000000 ) ) ;
#161 = ORIENTED_EDGE ( 'NONE', *, *, #1221, .T. ) ;
#162 = ADVANCED_FACE ( 'NONE', ( #1980 ), #908, .F. ) ;
#163 = CARTESIAN_POINT ( 'NONE',  ( 8.109999999999997655, -9.285177317930166652, -0.05999999999999999778 ) ) ;
#164 = DIRECTION ( 'NONE',  ( -3.834172622686274970E-15, 0.000000000000000000, -1.000000000000000000 ) ) ;
#165 = CARTESIAN_POINT ( 'NONE',  ( 7.983999999999999098, -8.625000000000001776, -0.06000000000000190598 ) ) ;
#166 = ORIENTED_EDGE ( 'NONE', *, *, #2377, .T. ) ;
#167 = DIRECTION ( 'NONE',  ( 1.000000000000000000, 0.000000000000000000, 0.000000000000000000 ) ) ;
#168 = ORIENTED_EDGE ( 'NONE', *, *, #805, .F. ) ;
#169 = ORIENTED_EDGE ( 'NONE', *, *, #934, .T. ) ;
#170 = CIRCLE ( 'NONE', #626, 0.07000000000000007605 ) ;
#171 = PLANE ( 'NONE',  #144 ) ;
#172 = PLANE ( 'NONE',  #255 ) ;
#173 = ORIENTED_EDGE ( 'NONE', *, *, #1581, .F. ) ;
#174 = AXIS2_PLACEMENT_3D ( 'NONE', #898, #2320, #2133 ) ;
#175 = EDGE_CURVE ( 'NONE', #1994, #1393, #633, .T. ) ;
#176 = DIRECTION ( 'NONE',  ( 0.000000000000000000, 0.000000000000000000, 1.000000000000000000 ) ) ;
#177 = DIRECTION ( 'NONE',  ( -0.000000000000000000, -0.000000000000000000, 1.000000000000000000 ) ) ;
#178 = CIRCLE ( 'NONE', #555, 0.1560000000000001941 ) ;
#179 = EDGE_CURVE ( 'NONE', #2329, #1103, #1774, .T. ) ;
#180 = DIRECTION ( 'NONE',  ( 1.000000000000000000, 0.000000000000000000, 0.000000000000000000 ) ) ;
#181 = AXIS2_PLACEMENT_3D ( 'NONE', #218, #1194, #167 ) ;
#182 = DIRECTION ( 'NONE',  ( 0.000000000000000000, 0.000000000000000000, 1.000000000000000000 ) ) ;
#183 = AXIS2_PLACEMENT_3D ( 'NONE', #534, #1918, #357 ) ;
#184 = VERTEX_POINT ( 'NONE', #2380 ) ;
#185 = VECTOR ( 'NONE', #1335, 39.37007874015748143 ) ;
#186 = DIRECTION ( 'NONE',  ( 0.000000000000000000, 0.000000000000000000, 1.000000000000000000 ) ) ;
#187 = CIRCLE ( 'NONE', #858, 0.1560000000000001941 ) ;
#188 = CARTESIAN_POINT ( 'NONE',  ( 0.000000000000000000, -8.631000000000000227, -0.000000000000000000 ) ) ;
#189 = ORIENTED_EDGE ( 'NONE', *, *, #819, .F. ) ;
#190 = VECTOR ( 'NONE', #752, 39.37007874015748143 ) ;
#191 = DIRECTION ( 'NONE',  ( 1.000000000000000000, -4.997212941932048754E-47, 3.835990623682900600E-15 ) ) ;
#192 = CARTESIAN_POINT ( 'NONE',  ( -8.110000000000001208, -9.500000000000000000, -0.05999999999999999778 ) ) ;
#193 = LINE ( 'NONE', #994, #2011 ) ;
#194 = CARTESIAN_POINT ( 'NONE',  ( -8.126000000000001222, 9.119999999999999218, -0.05999999999999999778 ) ) ;
#195 = ADVANCED_FACE ( 'NONE', ( #933 ), #316, .F. ) ;
#196 = CARTESIAN_POINT ( 'NONE',  ( -8.126000000000004775, -9.130000000000000782, -0.05999999999999999778 ) ) ;
#197 = ORIENTED_EDGE ( 'NONE', *, *, #1676, .T. ) ;
#198 = ORIENTED_EDGE ( 'NONE', *, *, #705, .F. ) ;
#199 = DIRECTION ( 'NONE',  ( 0.000000000000000000, 0.000000000000000000, 1.000000000000000000 ) ) ;
#200 = ORIENTED_EDGE ( 'NONE', *, *, #359, .T. ) ;
#201 = CARTESIAN_POINT ( 'NONE',  ( 0.000000000000000000, 0.000000000000000000, -0.05999999999999999778 ) ) ;
#202 = DIRECTION ( 'NONE',  ( 0.000000000000000000, -1.000000000000000000, 0.000000000000000000 ) ) ;
#203 = LINE ( 'NONE', #1193, #773 ) ;
#204 = DIRECTION ( 'NONE',  ( 0.000000000000000000, 0.000000000000000000, 1.000000000000000000 ) ) ;
#205 = CARTESIAN_POINT ( 'NONE',  ( -4.380000000000002558, 9.119999999999999218, -0.05999999999999999778 ) ) ;
#206 = ADVANCED_FACE ( 'NONE', ( #362 ), #1567, .F. ) ;
#207 = ORIENTED_EDGE ( 'NONE', *, *, #1192, .T. ) ;
#208 = ORIENTED_EDGE ( 'NONE', *, *, #1284, .T. ) ;
#209 = ADVANCED_FACE ( 'NONE', ( #2172 ), #99, .T. ) ;
#210 = DIRECTION ( 'NONE',  ( 1.000000000000000000, 0.000000000000000000, 0.000000000000000000 ) ) ;
#211 = ORIENTED_EDGE ( 'NONE', *, *, #1547, .T. ) ;
#212 = VECTOR ( 'NONE', #2477, 39.37007874015748143 ) ;
#213 = CARTESIAN_POINT ( 'NONE',  ( -1.820000000000001172, 3.500000000000000000, -0.05999999999999999778 ) ) ;
#214 = CARTESIAN_POINT ( 'NONE',  ( -1.890000000000001457, -3.500000000000002220, -0.05999999999999999778 ) ) ;
#215 = AXIS2_PLACEMENT_3D ( 'NONE', #351, #1734, #322 ) ;
#216 = DIRECTION ( 'NONE',  ( 0.000000000000000000, -0.000000000000000000, -1.000000000000000000 ) ) ;
#217 = CARTESIAN_POINT ( 'NONE',  ( -8.110000000000001208, 0.000000000000000000, 3.130462885031628376E-14 ) ) ;
#218 = CARTESIAN_POINT ( 'NONE',  ( 4.379999999999999005, -9.120000000000000995, -0.05999999999999999778 ) ) ;
#219 = AXIS2_PLACEMENT_3D ( 'NONE', #1199, #2484, #287 ) ;
#220 = EDGE_LOOP ( 'NONE', ( #669, #303, #581, #2141 ) ) ;
#221 = ORIENTED_EDGE ( 'NONE', *, *, #2242, .F. ) ;
#222 = EDGE_CURVE ( 'NONE', #1804, #502, #2159, .T. ) ;
#223 = CIRCLE ( 'NONE', #356, 0.07000000000000007605 ) ;
#224 = CARTESIAN_POINT ( 'NONE',  ( -0.9800000000000013145, -5.070000000000000284, 0.000000000000000000 ) ) ;
#225 = VECTOR ( 'NONE', #2017, 39.37007874015748143 ) ;
#226 = ORIENTED_EDGE ( 'NONE', *, *, #884, .T. ) ;
#227 = EDGE_CURVE ( 'NONE', #348, #1840, #1760, .T. ) ;
#228 = AXIS2_PLACEMENT_3D ( 'NONE', #2347, #520, #325 ) ;
#229 = DIRECTION ( 'NONE',  ( 3.834172622686274970E-15, -0.000000000000000000, 1.000000000000000000 ) ) ;
#230 = DIRECTION ( 'NONE',  ( 1.000000000000000000, 0.000000000000000000, 0.000000000000000000 ) ) ;
#231 = AXIS2_PLACEMENT_3D ( 'NONE', #1922, #1314, #1121 ) ;
#232 = ORIENTED_EDGE ( 'NONE', *, *, #652, .T. ) ;
#233 = AXIS2_PLACEMENT_3D ( 'NONE', #951, #836, #2083 ) ;
#234 = CARTESIAN_POINT ( 'NONE',  ( -7.990000000000001101, -8.625000000000001776, -0.05999999999994330702 ) ) ;
#235 = CARTESIAN_POINT ( 'NONE',  ( 8.109999999999997655, 8.964822682069831572, -0.05999999999999999778 ) ) ;
#236 = VERTEX_POINT ( 'NONE', #950 ) ;
#237 = ORIENTED_EDGE ( 'NONE', *, *, #1743, .T. ) ;
#238 = DIRECTION ( 'NONE',  ( -0.000000000000000000, -0.000000000000000000, 1.000000000000000000 ) ) ;
#239 = ORIENTED_EDGE ( 'NONE', *, *, #38, .T. ) ;
#240 = DIRECTION ( 'NONE',  ( 0.000000000000000000, 0.000000000000000000, 1.000000000000000000 ) ) ;
#241 = ADVANCED_FACE ( 'NONE', ( #2019 ), #2234, .F. ) ;
#242 = DIRECTION ( 'NONE',  ( -0.000000000000000000, -0.000000000000000000, 1.000000000000000000 ) ) ;
#243 = PLANE ( 'NONE',  #360 ) ;
#244 = EDGE_CURVE ( 'NONE', #2006, #1981, #2220, .T. ) ;
#245 = ORIENTED_EDGE ( 'NONE', *, *, #1564, .T. ) ;
#246 = DIRECTION ( 'NONE',  ( 0.000000000000000000, 1.000000000000000000, 0.000000000000000000 ) ) ;
#247 = CARTESIAN_POINT ( 'NONE',  ( -7.990000000000001101, 8.624999999999998224, -0.1199999999999432077 ) ) ;
#248 = VERTEX_POINT ( 'NONE', #997 ) ;
#249 = EDGE_LOOP ( 'NONE', ( #1302, #2023 ) ) ;
#250 = CARTESIAN_POINT ( 'NONE',  ( 8.050000000000000711, 0.000000000000000000, -0.6300000000000043343 ) ) ;
#251 = DIRECTION ( 'NONE',  ( 0.000000000000000000, 1.000000000000000000, 1.422837496700139435E-16 ) ) ;
#252 = ORIENTED_EDGE ( 'NONE', *, *, #253, .F. ) ;
#253 = EDGE_CURVE ( 'NONE', #517, #695, #1396, .T. ) ;
#254 = DIRECTION ( 'NONE',  ( 0.000000000000000000, 0.000000000000000000, 1.000000000000000000 ) ) ;
#255 = AXIS2_PLACEMENT_3D ( 'NONE', #753, #149, #1940 ) ;
#256 = ADVANCED_FACE ( 'NONE', ( #1 ), #610, .F. ) ;
#257 = ORIENTED_EDGE ( 'NONE', *, *, #1711, .F. ) ;
#258 = DIRECTION ( 'NONE',  ( 1.000000000000000000, 0.000000000000000000, 0.000000000000000000 ) ) ;
#259 = AXIS2_PLACEMENT_3D ( 'NONE', #196, #2406, #2446 ) ;
#260 = PRESENTATION_STYLE_ASSIGNMENT (( #841 ) ) ;
#261 = EDGE_LOOP ( 'NONE', ( #1979, #2369, #336, #1764 ) ) ;
#262 = VECTOR ( 'NONE', #153, 39.37007874015748143 ) ;
#263 = ORIENTED_EDGE ( 'NONE', *, *, #1188, .F. ) ;
#264 = CIRCLE ( 'NONE', #597, 0.1560000000000001941 ) ;
#265 = DIRECTION ( 'NONE',  ( 0.000000000000000000, 0.000000000000000000, 1.000000000000000000 ) ) ;
#266 = DIRECTION ( 'NONE',  ( 0.000000000000000000, 0.000000000000000000, 1.000000000000000000 ) ) ;
#267 = ORIENTED_EDGE ( 'NONE', *, *, #2535, .F. ) ;
#268 = DIRECTION ( 'NONE',  ( 1.000000000000000000, 0.000000000000000000, 0.000000000000000000 ) ) ;
#269 = VECTOR ( 'NONE', #2343, 39.37007874015748143 ) ;
#270 = CARTESIAN_POINT ( 'NONE',  ( -8.050000000000000711, 8.624999999999998224, -0.1199999999999429856 ) ) ;
#271 = EDGE_CURVE ( 'NONE', #1541, #2025, #17, .T. ) ;
#272 = DIRECTION ( 'NONE',  ( 0.000000000000000000, 0.000000000000000000, 1.000000000000000000 ) ) ;
#273 = CIRCLE ( 'NONE', #1032, 0.07000000000000007605 ) ;
#274 = EDGE_CURVE ( 'NONE', #587, #1095, #1992, .T. ) ;
#275 = ORIENTED_EDGE ( 'NONE', *, *, #919, .T. ) ;
#276 = CARTESIAN_POINT ( 'NONE',  ( -8.110000000000001208, 9.499999999999998224, -0.05999999999999999778 ) ) ;
#277 = DIRECTION ( 'NONE',  ( -1.000000000000000000, 0.000000000000000000, 0.000000000000000000 ) ) ;
#278 = ORIENTED_EDGE ( 'NONE', *, *, #1779, .F. ) ;
#279 = ORIENTED_EDGE ( 'NONE', *, *, #1383, .T. ) ;
#280 = CARTESIAN_POINT ( 'NONE',  ( -7.990000000000001101, 8.624999999999998224, 5.670291991849386142E-14 ) ) ;
#281 = CARTESIAN_POINT ( 'NONE',  ( 1.819999999999998508, -3.500000000000002220, -0.05999999999999999778 ) ) ;
#282 = EDGE_LOOP ( 'NONE', ( #275, #329 ) ) ;
#283 = CARTESIAN_POINT ( 'NONE',  ( -4.224000000000002863, 9.119999999999999218, -0.05999999999999999778 ) ) ;
#284 = LINE ( 'NONE', #915, #1929 ) ;
#285 = FACE_BOUND ( 'NONE', #1986, .T. ) ;
#286 = VERTEX_POINT ( 'NONE', #2042 ) ;
#287 = DIRECTION ( 'NONE',  ( 0.000000000000000000, -0.000000000000000000, 1.000000000000000000 ) ) ;
#288 = EDGE_CURVE ( 'NONE', #501, #2584, #2515, .T. ) ;
#289 = ORIENTED_EDGE ( 'NONE', *, *, #364, .F. ) ;
#290 = ORIENTED_EDGE ( 'NONE', *, *, #1453, .T. ) ;
#291 = EDGE_CURVE ( 'NONE', #1735, #430, #1741, .T. ) ;
#292 = CYLINDRICAL_SURFACE ( 'NONE', #899, 0.1560000000000001941 ) ;
#293 = CARTESIAN_POINT ( 'NONE',  ( 4.535999999999998700, -9.120000000000000995, 0.000000000000000000 ) ) ;
#294 = ORIENTED_EDGE ( 'NONE', *, *, #1386, .F. ) ;
#295 = CARTESIAN_POINT ( 'NONE',  ( 8.109999999999997655, -9.500000000000000000, -0.05999999999999999778 ) ) ;
#296 = DIRECTION ( 'NONE',  ( -0.000000000000000000, -0.000000000000000000, 1.000000000000000000 ) ) ;
#297 = DIRECTION ( 'NONE',  ( 0.000000000000000000, 0.000000000000000000, 1.000000000000000000 ) ) ;
#298 = ORIENTED_EDGE ( 'NONE', *, *, #445, .T. ) ;
#299 = CARTESIAN_POINT ( 'NONE',  ( -7.984000000000000874, 0.000000000000000000, 0.000000000000000000 ) ) ;
#300 = CARTESIAN_POINT ( 'NONE',  ( -8.110000000000001208, -9.500000000000000000, -0.05999999999999999778 ) ) ;
#301 = EDGE_LOOP ( 'NONE', ( #77, #567, #2238, #889 ) ) ;
#302 = EDGE_CURVE ( 'NONE', #1610, #1947, #1217, .T. ) ;
#303 = ORIENTED_EDGE ( 'NONE', *, *, #2183, .T. ) ;
#304 = FACE_OUTER_BOUND ( 'NONE', #2532, .T. ) ;
#305 = CIRCLE ( 'NONE', #2, 0.1199999999999999262 ) ;
#306 = PLANE ( 'NONE',  #2131 ) ;
#307 = EDGE_CURVE ( 'NONE', #1762, #184, #973, .T. ) ;
#308 = AXIS2_PLACEMENT_3D ( 'NONE', #2378, #2170, #1978 ) ;
#309 = DIRECTION ( 'NONE',  ( 1.000000000000000000, 0.000000000000000000, 0.000000000000000000 ) ) ;
#310 = DIRECTION ( 'NONE',  ( -1.000000000000000000, -0.000000000000000000, -0.000000000000000000 ) ) ;
#311 = VECTOR ( 'NONE', #874, 39.37007874015748143 ) ;
#312 = LINE ( 'NONE', #1118, #558 ) ;
#313 = AXIS2_PLACEMENT_3D ( 'NONE', #1532, #1777, #2597 ) ;
#314 = EDGE_LOOP ( 'NONE', ( #1952, #2367 ) ) ;
#315 =( GEOMETRIC_REPRESENTATION_CONTEXT ( 3 ) GLOBAL_UNCERTAINTY_ASSIGNED_CONTEXT ( ( #1828 ) ) GLOBAL_UNIT_ASSIGNED_CONTEXT ( ( #1067, #2486, #59 ) ) REPRESENTATION_CONTEXT ( 'NONE', 'WORKASPACE' ) );
#316 = CYLINDRICAL_SURFACE ( 'NONE', #1522, 0.07000000000000007605 ) ;
#317 = AXIS2_PLACEMENT_3D ( 'NONE', #300, #1605, #749 ) ;
#318 = DIRECTION ( 'NONE',  ( 0.000000000000000000, 0.000000000000000000, 1.000000000000000000 ) ) ;
#319 = ORIENTED_EDGE ( 'NONE', *, *, #620, .F. ) ;
#320 = ORIENTED_EDGE ( 'NONE', *, *, #1763, .F. ) ;
#321 = DIRECTION ( 'NONE',  ( -0.000000000000000000, -0.000000000000000000, 1.000000000000000000 ) ) ;
#322 = DIRECTION ( 'NONE',  ( 0.000000000000000000, -0.000000000000000000, -1.000000000000000000 ) ) ;
#323 = ORIENTED_EDGE ( 'NONE', *, *, #592, .T. ) ;
#324 = EDGE_CURVE ( 'NONE', #1095, #102, #2093, .T. ) ;
#325 = DIRECTION ( 'NONE',  ( 0.000000000000000000, 0.000000000000000000, 1.000000000000000000 ) ) ;
#326 = CARTESIAN_POINT ( 'NONE',  ( 8.110000000000001208, 8.624999999999998224, -0.6300000000000041123 ) ) ;
#327 = CARTESIAN_POINT ( 'NONE',  ( -8.110000000000001208, -9.500000000000000000, -0.05999999999999999778 ) ) ;
#328 = ADVANCED_FACE ( 'NONE', ( #2621 ), #1837, .F. ) ;
#329 = ORIENTED_EDGE ( 'NONE', *, *, #175, .T. ) ;
#330 = DIRECTION ( 'NONE',  ( 0.000000000000000000, 0.000000000000000000, 1.000000000000000000 ) ) ;
#331 = CARTESIAN_POINT ( 'NONE',  ( -1.092739197465705287E-15, 3.500000000000000000, 0.000000000000000000 ) ) ;
#332 = VERTEX_POINT ( 'NONE', #798 ) ;
#333 = ORIENTED_EDGE ( 'NONE', *, *, #1585, .F. ) ;
#334 = CARTESIAN_POINT ( 'NONE',  ( -8.110000000000001208, 9.499999999999998224, -0.05999999999999999778 ) ) ;
#335 = DIRECTION ( 'NONE',  ( 1.000000000000000000, 0.000000000000000000, 0.000000000000000000 ) ) ;
#336 = ORIENTED_EDGE ( 'NONE', *, *, #147, .T. ) ;
#337 = DIRECTION ( 'NONE',  ( 0.000000000000000000, 0.000000000000000000, 1.000000000000000000 ) ) ;
#338 = DIRECTION ( 'NONE',  ( 2.428840994005562614E-31, -1.000000000000000000, -6.334719985308437681E-17 ) ) ;
#339 = EDGE_CURVE ( 'NONE', #1863, #349, #2456, .T. ) ;
#340 = CARTESIAN_POINT ( 'NONE',  ( 8.110000000000001208, -8.625000000000001776, -0.6300000000000041123 ) ) ;
#341 = CARTESIAN_POINT ( 'NONE',  ( 0.000000000000000000, 8.630999999999998451, 0.000000000000000000 ) ) ;
#342 = EDGE_LOOP ( 'NONE', ( #2434, #622 ) ) ;
#343 = EDGE_CURVE ( 'NONE', #804, #1610, #1430, .T. ) ;
#344 = CARTESIAN_POINT ( 'NONE',  ( 7.989999999999998437, -8.625000000000001776, -0.1200000000000018135 ) ) ;
#345 = AXIS2_PLACEMENT_3D ( 'NONE', #2215, #398, #1756 ) ;
#346 = CARTESIAN_POINT ( 'NONE',  ( -4.224000000000002863, 9.119999999999999218, 0.000000000000000000 ) ) ;
#347 = CIRCLE ( 'NONE', #1821, 0.07000000000000007605 ) ;
#348 = VERTEX_POINT ( 'NONE', #1171 ) ;
#349 = VERTEX_POINT ( 'NONE', #1785 ) ;
#350 = LINE ( 'NONE', #1954, #54 ) ;
#351 = CARTESIAN_POINT ( 'NONE',  ( 8.110000000000001208, -8.625000000000001776, -0.6300000000000041123 ) ) ;
#352 = EDGE_LOOP ( 'NONE', ( #1486, #1894, #2550, #2108 ) ) ;
#353 = AXIS2_PLACEMENT_3D ( 'NONE', #635, #1891, #2277 ) ;
#354 = LINE ( 'NONE', #1942, #403 ) ;
#355 = CARTESIAN_POINT ( 'NONE',  ( 0.8399999999999986366, -5.070000000000000284, -0.05999999999999999778 ) ) ;
#356 = AXIS2_PLACEMENT_3D ( 'NONE', #2157, #1714, #497 ) ;
#357 = DIRECTION ( 'NONE',  ( 1.000000000000000000, 0.000000000000000000, 0.000000000000000000 ) ) ;
#358 = CYLINDRICAL_SURFACE ( 'NONE', #2475, 0.07000000000000007605 ) ;
#359 = EDGE_CURVE ( 'NONE', #2329, #2045, #775, .T. ) ;
#360 = AXIS2_PLACEMENT_3D ( 'NONE', #234, #1456, #216 ) ;
#361 = ORIENTED_EDGE ( 'NONE', *, *, #1064, .T. ) ;
#362 = FACE_OUTER_BOUND ( 'NONE', #1210, .T. ) ;
#363 = VECTOR ( 'NONE', #62, 39.37007874015748143 ) ;
#364 = EDGE_CURVE ( 'NONE', #1173, #1015, #178, .T. ) ;
#365 = AXIS2_PLACEMENT_3D ( 'NONE', #2063, #238, #1042 ) ;
#366 = VERTEX_POINT ( 'NONE', #1800 ) ;
#367 = VERTEX_POINT ( 'NONE', #787 ) ;
#368 = CIRCLE ( 'NONE', #780, 0.07000000000000007605 ) ;
#369 = DIRECTION ( 'NONE',  ( 1.000000000000000000, 0.000000000000000000, 0.000000000000000000 ) ) ;
#370 = DIRECTION ( 'NONE',  ( 0.000000000000000000, 0.000000000000000000, 1.000000000000000000 ) ) ;
#371 = ORIENTED_EDGE ( 'NONE', *, *, #513, .T. ) ;
#372 = CARTESIAN_POINT ( 'NONE',  ( 8.049999999999998934, -8.625000000000001776, 3.109513996998877673E-14 ) ) ;
#373 = DIRECTION ( 'NONE',  ( 1.000000000000000000, 0.000000000000000000, 0.000000000000000000 ) ) ;
#374 = CARTESIAN_POINT ( 'NONE',  ( -7.984000000000000874, -8.625000000000001776, -0.05999999999994330702 ) ) ;
#375 = ORIENTED_EDGE ( 'NONE', *, *, #2503, .F. ) ;
#376 = DIRECTION ( 'NONE',  ( -0.000000000000000000, -0.000000000000000000, 1.000000000000000000 ) ) ;
#377 = EDGE_LOOP ( 'NONE', ( #588, #952 ) ) ;
#378 = ORIENTED_EDGE ( 'NONE', *, *, #758, .T. ) ;
#379 = EDGE_CURVE ( 'NONE', #804, #1266, #1594, .T. ) ;
#380 = CYLINDRICAL_SURFACE ( 'NONE', #2192, 0.1560000000000001941 ) ;
#381 = CARTESIAN_POINT ( 'NONE',  ( -4.380000000000002558, 9.119999999999999218, 0.000000000000000000 ) ) ;
#382 = EDGE_LOOP ( 'NONE', ( #2581, #2264, #577, #1183 ) ) ;
#383 = EDGE_CURVE ( 'NONE', #2330, #64, #1681, .T. ) ;
#384 = DIRECTION ( 'NONE',  ( 0.000000000000000000, 0.000000000000000000, 1.000000000000000000 ) ) ;
#385 = DIRECTION ( 'NONE',  ( 1.000000000000000000, 0.000000000000000000, 0.000000000000000000 ) ) ;
#386 = LINE ( 'NONE', #374, #2095 ) ;
#387 = CARTESIAN_POINT ( 'NONE',  ( 8.125999999999997669, 9.119999999999999218, 0.000000000000000000 ) ) ;
#388 = VERTEX_POINT ( 'NONE', #1479 ) ;
#389 = VECTOR ( 'NONE', #795, 39.37007874015748143 ) ;
#390 = ORIENTED_EDGE ( 'NONE', *, *, #1763, .T. ) ;
#391 = VECTOR ( 'NONE', #2452, 39.37007874015748143 ) ;
#392 = CARTESIAN_POINT ( 'NONE',  ( 8.109999999999997655, 9.499999999999998224, -0.05999999999999999778 ) ) ;
#393 = EDGE_CURVE ( 'NONE', #1395, #427, #2608, .T. ) ;
#394 = ORIENTED_EDGE ( 'NONE', *, *, #916, .T. ) ;
#395 = AXIS2_PLACEMENT_3D ( 'NONE', #1615, #202, #1004 ) ;
#396 = FACE_BOUND ( 'NONE', #1746, .T. ) ;
#397 = EDGE_CURVE ( 'NONE', #1395, #1173, #2482, .T. ) ;
#398 = DIRECTION ( 'NONE',  ( 0.000000000000000000, 1.000000000000000000, 1.422837496700139435E-16 ) ) ;
#399 = CIRCLE ( 'NONE', #808, 0.07000000000000007605 ) ;
#400 = CARTESIAN_POINT ( 'NONE',  ( 7.983999999999999098, 8.630999999999998451, 0.000000000000000000 ) ) ;
#401 = VECTOR ( 'NONE', #584, 39.37007874015748143 ) ;
#402 = DIRECTION ( 'NONE',  ( 1.000000000000000000, 0.000000000000000000, 0.000000000000000000 ) ) ;
#403 = VECTOR ( 'NONE', #1323, 39.37007874015748143 ) ;
#404 = ORIENTED_EDGE ( 'NONE', *, *, #1370, .T. ) ;
#405 = AXIS2_PLACEMENT_3D ( 'NONE', #1886, #1650, #642 ) ;
#406 = EDGE_LOOP ( 'NONE', ( #1964, #294, #245, #578 ) ) ;
#407 = CIRCLE ( 'NONE', #2148, 0.06999999999999979849 ) ;
#408 = PLANE ( 'NONE',  #98 ) ;
#409 = EDGE_LOOP ( 'NONE', ( #1084, #2326, #1534, #1895 ) ) ;
#410 = VECTOR ( 'NONE', #1505, 39.37007874015748143 ) ;
#411 = PLANE ( 'NONE',  #1322 ) ;
#412 = CARTESIAN_POINT ( 'NONE',  ( 1.749999999999998446, -3.500000000000002220, 0.000000000000000000 ) ) ;
#413 = ADVANCED_FACE ( 'NONE', ( #649 ), #2309, .T. ) ;
#414 = CYLINDRICAL_SURFACE ( 'NONE', #2143, 0.06999999999999979849 ) ;
#415 = DIRECTION ( 'NONE',  ( 1.000000000000000000, 0.000000000000000000, 0.000000000000000000 ) ) ;
#416 = CARTESIAN_POINT ( 'NONE',  ( 1.819999999999998508, -3.500000000000002220, -0.05999999999999999778 ) ) ;
#417 = ORIENTED_EDGE ( 'NONE', *, *, #1079, .F. ) ;
#418 = VERTEX_POINT ( 'NONE', #1078 ) ;
#419 = FACE_OUTER_BOUND ( 'NONE', #703, .T. ) ;
#420 = ORIENTED_EDGE ( 'NONE', *, *, #2440, .F. ) ;
#421 = CARTESIAN_POINT ( 'NONE',  ( -8.110000000000001208, -8.631000000000000227, 0.000000000000000000 ) ) ;
#422 = FACE_OUTER_BOUND ( 'NONE', #2091, .T. ) ;
#423 = DIRECTION ( 'NONE',  ( -0.000000000000000000, -0.000000000000000000, 1.000000000000000000 ) ) ;
#424 = EDGE_CURVE ( 'NONE', #418, #439, #2518, .T. ) ;
#425 = DIRECTION ( 'NONE',  ( 1.000000000000000000, 0.000000000000000000, 0.000000000000000000 ) ) ;
#426 = EDGE_CURVE ( 'NONE', #2146, #1298, #595, .T. ) ;
#427 = VERTEX_POINT ( 'NONE', #235 ) ;
#428 = ORIENTED_EDGE ( 'NONE', *, *, #652, .F. ) ;
#429 = DIRECTION ( 'NONE',  ( -0.000000000000000000, -0.000000000000000000, 1.000000000000000000 ) ) ;
#430 = VERTEX_POINT ( 'NONE', #1902 ) ;
#431 = VECTOR ( 'NONE', #2389, 39.37007874015748143 ) ;
#432 = DIRECTION ( 'NONE',  ( 0.000000000000000000, 0.000000000000000000, 1.000000000000000000 ) ) ;
#433 = FACE_OUTER_BOUND ( 'NONE', #1432, .T. ) ;
#434 = ORIENTED_EDGE ( 'NONE', *, *, #1129, .T. ) ;
#435 = DIRECTION ( 'NONE',  ( -0.000000000000000000, -0.000000000000000000, 1.000000000000000000 ) ) ;
#436 = CARTESIAN_POINT ( 'NONE',  ( 0.000000000000000000, 0.000000000000000000, 0.000000000000000000 ) ) ;
#437 = AXIS2_PLACEMENT_3D ( 'NONE', #1104, #2582, #748 ) ;
#438 = VERTEX_POINT ( 'NONE', #2288 ) ;
#439 = VERTEX_POINT ( 'NONE', #2494 ) ;
#440 = AXIS2_PLACEMENT_3D ( 'NONE', #461, #1696, #2100 ) ;
#441 = ADVANCED_FACE ( 'NONE', ( #1039 ), #1285, .F. ) ;
#442 = CARTESIAN_POINT ( 'NONE',  ( 1.819999999999998952, 3.500000000000000000, -0.05999999999999999778 ) ) ;
#443 = AXIS2_PLACEMENT_3D ( 'NONE', #1057, #1668, #472 ) ;
#444 = VERTEX_POINT ( 'NONE', #1850 ) ;
#445 = EDGE_CURVE ( 'NONE', #1009, #1786, #2186, .T. ) ;
#446 = FACE_BOUND ( 'NONE', #2571, .T. ) ;
#447 = PLANE ( 'NONE',  #2427 ) ;
#448 = COLOUR_RGB ( '',0.7921568627450980005, 0.8196078431372548767, 0.9333333333333333481 ) ;
#449 = FACE_OUTER_BOUND ( 'NONE', #406, .T. ) ;
#450 = FACE_BOUND ( 'NONE', #2250, .T. ) ;
#451 = FACE_OUTER_BOUND ( 'NONE', #1247, .T. ) ;
#452 = CYLINDRICAL_SURFACE ( 'NONE', #946, 0.1199999999999998151 ) ;
#453 = VERTEX_POINT ( 'NONE', #1876 ) ;
#454 = ADVANCED_FACE ( 'NONE', ( #28 ), #1444, .T. ) ;
#455 = EDGE_LOOP ( 'NONE', ( #1868, #1890, #1234, #394 ) ) ;
#456 = DIRECTION ( 'NONE',  ( 0.000000000000000000, 0.000000000000000000, 1.000000000000000000 ) ) ;
#457 = CARTESIAN_POINT ( 'NONE',  ( -0.9100000000000012523, 5.070000000000000284, -0.05999999999999999778 ) ) ;
#458 = ADVANCED_FACE ( 'NONE', ( #1467, #474, #837, #2113, #285, #631, #1050, #1271, #2273, #450, #1246, #1090, #80, #2071, #888, #2523, #1860 ), #2257, .F. ) ;
#459 = DIRECTION ( 'NONE',  ( 0.000000000000000000, 0.000000000000000000, 1.000000000000000000 ) ) ;
#460 = LINE ( 'NONE', #2466, #1075 ) ;
#461 = CARTESIAN_POINT ( 'NONE',  ( 7.983999999999999098, 8.630999999999998451, -0.05999999999999944267 ) ) ;
#462 = EDGE_LOOP ( 'NONE', ( #2178, #1018, #1002, #1561 ) ) ;
#463 = CYLINDRICAL_SURFACE ( 'NONE', #2304, 0.07000000000000007605 ) ;
#464 = DIRECTION ( 'NONE',  ( 0.000000000000000000, 0.000000000000000000, 1.000000000000000000 ) ) ;
#465 = ORIENTED_EDGE ( 'NONE', *, *, #1658, .T. ) ;
#466 = VERTEX_POINT ( 'NONE', #745 ) ;
#467 = DIRECTION ( 'NONE',  ( -0.000000000000000000, -0.000000000000000000, 1.000000000000000000 ) ) ;
#468 = CARTESIAN_POINT ( 'NONE',  ( 1.439999999999996838, -3.500000000000002220, -0.05999999999999999778 ) ) ;
#469 = ORIENTED_EDGE ( 'NONE', *, *, #1207, .F. ) ;
#470 = AXIS2_PLACEMENT_3D ( 'NONE', #1846, #1855, #1640 ) ;
#471 = EDGE_CURVE ( 'NONE', #2006, #524, #2168, .T. ) ;
#472 = DIRECTION ( 'NONE',  ( 1.000000000000000000, 0.000000000000000000, 0.000000000000000000 ) ) ;
#473 = AXIS2_PLACEMENT_3D ( 'NONE', #657, #266, #63 ) ;
#474 = FACE_BOUND ( 'NONE', #249, .T. ) ;
#475 = ORIENTED_EDGE ( 'NONE', *, *, #1164, .T. ) ;
#476 = EDGE_LOOP ( 'NONE', ( #2438, #1720 ) ) ;
#477 = ORIENTED_EDGE ( 'NONE', *, *, #2607, .T. ) ;
#478 = VECTOR ( 'NONE', #670, 39.37007874015748143 ) ;
#479 = CARTESIAN_POINT ( 'NONE',  ( -8.110000000000001208, 8.630999999999994898, 0.000000000000000000 ) ) ;
#480 = CARTESIAN_POINT ( 'NONE',  ( -3.278217592397115862E-15, -3.500000000000002220, -0.05999999999999999778 ) ) ;
#481 = ORIENTED_EDGE ( 'NONE', *, *, #788, .F. ) ;
#482 = VECTOR ( 'NONE', #191, 39.37007874015748143 ) ;
#483 = DIRECTION ( 'NONE',  ( -0.000000000000000000, -0.000000000000000000, 1.000000000000000000 ) ) ;
#484 = CIRCLE ( 'NONE', #1487, 0.07000000000000007605 ) ;
#485 = EDGE_CURVE ( 'NONE', #1778, #438, #507, .T. ) ;
#486 = CARTESIAN_POINT ( 'NONE',  ( -0.9100000000000013634, -1.929999999999999272, -0.05999999999999999778 ) ) ;
#487 = AXIS2_PLACEMENT_3D ( 'NONE', #79, #700, #1916 ) ;
#488 = ORIENTED_EDGE ( 'NONE', *, *, #1286, .T. ) ;
#489 = ADVANCED_FACE ( 'NONE', ( #522 ), #917, .F. ) ;
#490 = CARTESIAN_POINT ( 'NONE',  ( 7.983999999999999098, 8.624999999999998224, -0.05999999999999944267 ) ) ;
#491 = LINE ( 'NONE', #84, #1324 ) ;
#492 = ORIENTED_EDGE ( 'NONE', *, *, #604, .F. ) ;
#493 = ORIENTED_EDGE ( 'NONE', *, *, #1256, .F. ) ;
#494 = DIRECTION ( 'NONE',  ( 1.000000000000000000, 0.000000000000000000, 0.000000000000000000 ) ) ;
#495 = DIRECTION ( 'NONE',  ( 1.000000000000000000, 0.000000000000000000, 0.000000000000000000 ) ) ;
#496 = CARTESIAN_POINT ( 'NONE',  ( -0.9100000000000013634, -5.070000000000000284, 0.000000000000000000 ) ) ;
#497 = DIRECTION ( 'NONE',  ( 1.000000000000000000, 0.000000000000000000, 0.000000000000000000 ) ) ;
#498 = ORIENTED_EDGE ( 'NONE', *, *, #702, .F. ) ;
#499 = ADVANCED_FACE ( 'NONE', ( #1310 ), #1297, .T. ) ;
#500 = CARTESIAN_POINT ( 'NONE',  ( -8.126000000000001222, 9.119999999999999218, 0.000000000000000000 ) ) ;
#501 = VERTEX_POINT ( 'NONE', #2350 ) ;
#502 = VERTEX_POINT ( 'NONE', #2376 ) ;
#503 = CARTESIAN_POINT ( 'NONE',  ( 0.8399999999999984146, 5.070000000000000284, -0.05999999999999999778 ) ) ;
#504 = PLANE ( 'NONE',  #1864 ) ;
#505 = CARTESIAN_POINT ( 'NONE',  ( 7.989999999999998437, -8.625000000000001776, -0.06000000000000190598 ) ) ;
#506 = CARTESIAN_POINT ( 'NONE',  ( -0.8400000000000011902, 5.070000000000000284, -0.05999999999999999778 ) ) ;
#507 = LINE ( 'NONE', #1539, #1022 ) ;
#508 = EDGE_LOOP ( 'NONE', ( #1687, #2352, #1259, #1742, #8, #739, #936, #2636, #1909, #1884, #72, #2171, #492, #586, #1653, #1320, #1133, #754, #2053, #1664, #2585, #1659, #2302, #129, #634, #692, #19, #2208, #778, #1704 ) ) ;
#509 = AXIS2_PLACEMENT_3D ( 'NONE', #668, #2332, #1927 ) ;
#510 = FACE_OUTER_BOUND ( 'NONE', #2633, .T. ) ;
#511 = ORIENTED_EDGE ( 'NONE', *, *, #1892, .T. ) ;
#512 = ORIENTED_EDGE ( 'NONE', *, *, #834, .T. ) ;
#513 = EDGE_CURVE ( 'NONE', #2575, #286, #2548, .T. ) ;
#514 = VECTOR ( 'NONE', #57, 39.37007874015748143 ) ;
#515 = LINE ( 'NONE', #1029, #731 ) ;
#516 = CARTESIAN_POINT ( 'NONE',  ( -8.126000000000001222, 9.119999999999999218, -0.05999999999999999778 ) ) ;
#517 = VERTEX_POINT ( 'NONE', #2365 ) ;
#518 = EDGE_CURVE ( 'NONE', #430, #1735, #1698, .T. ) ;
#519 = AXIS2_PLACEMENT_3D ( 'NONE', #165, #2366, #535 ) ;
#520 = DIRECTION ( 'NONE',  ( -0.000000000000000000, 1.000000000000000000, -0.000000000000000000 ) ) ;
#521 = AXIS2_PLACEMENT_3D ( 'NONE', #26, #2055, #647 ) ;
#522 = FACE_OUTER_BOUND ( 'NONE', #1558, .T. ) ;
#523 = AXIS2_PLACEMENT_3D ( 'NONE', #1780, #2402, #1769 ) ;
#524 = VERTEX_POINT ( 'NONE', #2139 ) ;
#525 = CIRCLE ( 'NONE', #564, 0.07000000000000007605 ) ;
#526 = ORIENTED_EDGE ( 'NONE', *, *, #2188, .F. ) ;
#527 = VERTEX_POINT ( 'NONE', #340 ) ;
#528 = CARTESIAN_POINT ( 'NONE',  ( 8.109999999999997655, -8.974822682069833135, -0.05999999999999999778 ) ) ;
#529 = EDGE_CURVE ( 'NONE', #2409, #140, #1326, .T. ) ;
#530 = VERTEX_POINT ( 'NONE', #1337 ) ;
#531 = LINE ( 'NONE', #1127, #813 ) ;
#532 = EDGE_CURVE ( 'NONE', #2433, #1548, #223, .T. ) ;
#533 = CARTESIAN_POINT ( 'NONE',  ( 0.000000000000000000, -8.631000000000000227, -0.000000000000000000 ) ) ;
#534 = CARTESIAN_POINT ( 'NONE',  ( -4.380000000000002558, 9.119999999999999218, -0.05999999999999999778 ) ) ;
#535 = DIRECTION ( 'NONE',  ( 0.000000000000000000, -0.000000000000000000, -1.000000000000000000 ) ) ;
#536 = ORIENTED_EDGE ( 'NONE', *, *, #1304, .F. ) ;
#537 = DIRECTION ( 'NONE',  ( -0.000000000000000000, -0.000000000000000000, 1.000000000000000000 ) ) ;
#538 = ORIENTED_EDGE ( 'NONE', *, *, #2212, .F. ) ;
#539 = EDGE_LOOP ( 'NONE', ( #707, #1903, #2248, #1596 ) ) ;
#540 = LINE ( 'NONE', #2385, #96 ) ;
#541 = VERTEX_POINT ( 'NONE', #1141 ) ;
#542 = DIRECTION ( 'NONE',  ( 1.000000000000000000, 0.000000000000000000, 0.000000000000000000 ) ) ;
#543 = DIRECTION ( 'NONE',  ( 0.000000000000000000, -1.422837496700139435E-16, 1.000000000000000000 ) ) ;
#544 = CARTESIAN_POINT ( 'NONE',  ( 0.9099999999999988098, 1.929999999999999716, -0.05999999999999999778 ) ) ;
#545 = EDGE_CURVE ( 'NONE', #1569, #2594, #930, .T. ) ;
#546 = DIRECTION ( 'NONE',  ( -1.000000000000000000, 0.000000000000000000, 0.000000000000000000 ) ) ;
#547 = ORIENTED_EDGE ( 'NONE', *, *, #998, .T. ) ;
#548 = DIRECTION ( 'NONE',  ( 1.000000000000000000, 0.000000000000000000, 0.000000000000000000 ) ) ;
#549 = DIRECTION ( 'NONE',  ( 0.000000000000000000, -1.000000000000000000, 0.000000000000000000 ) ) ;
#550 = VERTEX_POINT ( 'NONE', #1945 ) ;
#551 = VERTEX_POINT ( 'NONE', #121 ) ;
#552 = DIRECTION ( 'NONE',  ( 1.000000000000000000, 0.000000000000000000, 0.000000000000000000 ) ) ;
#553 = PLANE ( 'NONE',  #215 ) ;
#554 = EDGE_LOOP ( 'NONE', ( #375, #1421, #1699, #267 ) ) ;
#555 = AXIS2_PLACEMENT_3D ( 'NONE', #387, #1182, #985 ) ;
#556 = CARTESIAN_POINT ( 'NONE',  ( 8.109999999999997655, 9.499999999999998224, -0.05999999999999999778 ) ) ;
#557 = CARTESIAN_POINT ( 'NONE',  ( 4.379999999999999005, -9.120000000000000995, -0.05999999999999999778 ) ) ;
#558 = VECTOR ( 'NONE', #1933, 39.37007874015748143 ) ;
#559 = CARTESIAN_POINT ( 'NONE',  ( -1.890000000000000790, 3.500000000000000000, 0.000000000000000000 ) ) ;
#560 = VECTOR ( 'NONE', #435, 39.37007874015748143 ) ;
#561 = EDGE_CURVE ( 'NONE', #530, #367, #2007, .T. ) ;
#562 = DIRECTION ( 'NONE',  ( -0.000000000000000000, -1.000000000000000000, -1.422837496700139435E-16 ) ) ;
#563 = AXIS2_PLACEMENT_3D ( 'NONE', #2283, #1474, #1488 ) ;
#564 = AXIS2_PLACEMENT_3D ( 'NONE', #781, #1014, #1384 ) ;
#565 = EDGE_CURVE ( 'NONE', #1294, #1759, #1102, .T. ) ;
#566 = ORIENTED_EDGE ( 'NONE', *, *, #532, .F. ) ;
#567 = ORIENTED_EDGE ( 'NONE', *, *, #1914, .T. ) ;
#568 = CIRCLE ( 'NONE', #487, 0.1199999999999999123 ) ;
#569 = CARTESIAN_POINT ( 'NONE',  ( 1.889999999999998792, -3.500000000000002220, -0.05999999999999999778 ) ) ;
#570 = DIRECTION ( 'NONE',  ( 0.000000000000000000, 0.000000000000000000, 1.000000000000000000 ) ) ;
#571 = VERTEX_POINT ( 'NONE', #1771 ) ;
#572 = LINE ( 'NONE', #1549, #1365 ) ;
#573 = DIRECTION ( 'NONE',  ( 1.000000000000000000, 0.000000000000000000, 0.000000000000000000 ) ) ;
#574 = DIRECTION ( 'NONE',  ( 1.000000000000000000, 0.000000000000000000, 0.000000000000000000 ) ) ;
#575 = DIRECTION ( 'NONE',  ( 0.000000000000000000, 0.000000000000000000, 1.000000000000000000 ) ) ;
#576 = EDGE_CURVE ( 'NONE', #550, #1762, #945, .T. ) ;
#577 = ORIENTED_EDGE ( 'NONE', *, *, #41, .T. ) ;
#578 = ORIENTED_EDGE ( 'NONE', *, *, #2489, .T. ) ;
#579 = EDGE_CURVE ( 'NONE', #236, #527, #2592, .T. ) ;
#580 = CYLINDRICAL_SURFACE ( 'NONE', #2016, 0.05999999999999990757 ) ;
#581 = ORIENTED_EDGE ( 'NONE', *, *, #529, .F. ) ;
#582 = LINE ( 'NONE', #2012, #482 ) ;
#583 = LINE ( 'NONE', #1347, #1470 ) ;
#584 = DIRECTION ( 'NONE',  ( 1.000000000000000000, 0.000000000000000000, 0.000000000000000000 ) ) ;
#585 = DIRECTION ( 'NONE',  ( 1.000000000000000000, 0.000000000000000000, 0.000000000000000000 ) ) ;
#586 = ORIENTED_EDGE ( 'NONE', *, *, #1827, .F. ) ;
#587 = VERTEX_POINT ( 'NONE', #2536 ) ;
#588 = ORIENTED_EDGE ( 'NONE', *, *, #1983, .T. ) ;
#589 = EDGE_CURVE ( 'NONE', #453, #1778, #1656, .T. ) ;
#590 = LINE ( 'NONE', #992, #944 ) ;
#591 = DIRECTION ( 'NONE',  ( 0.000000000000000000, 1.000000000000000000, 0.000000000000000000 ) ) ;
#592 = EDGE_CURVE ( 'NONE', #2225, #653, #312, .T. ) ;
#593 = CARTESIAN_POINT ( 'NONE',  ( 8.109999999999997655, -8.631000000000000227, -0.06000000000000094841 ) ) ;
#594 = CARTESIAN_POINT ( 'NONE',  ( 7.983999999999999098, 8.624999999999998224, -0.05999999999999944267 ) ) ;
#595 = CIRCLE ( 'NONE', #2307, 1.439999999999999947 ) ;
#596 = CARTESIAN_POINT ( 'NONE',  ( -8.050000000000000711, -8.625000000000001776, -0.1199999999999429856 ) ) ;
#597 = AXIS2_PLACEMENT_3D ( 'NONE', #1005, #1618, #2444 ) ;
#598 = ORIENTED_EDGE ( 'NONE', *, *, #1658, .F. ) ;
#599 = AXIS2_PLACEMENT_3D ( 'NONE', #1689, #467, #1264 ) ;
#600 = ORIENTED_EDGE ( 'NONE', *, *, #2030, .T. ) ;
#601 = DIRECTION ( 'NONE',  ( -0.000000000000000000, 1.000000000000000000, -0.000000000000000000 ) ) ;
#602 = EDGE_LOOP ( 'NONE', ( #106, #197, #169, #2291 ) ) ;
#603 = CIRCLE ( 'NONE', #734, 1.439999999999999947 ) ;
#604 = EDGE_CURVE ( 'NONE', #1863, #1261, #109, .T. ) ;
#605 = LINE ( 'NONE', #2251, #1877 ) ;
#606 = CARTESIAN_POINT ( 'NONE',  ( 7.983999999999999098, 0.000000000000000000, 0.000000000000000000 ) ) ;
#607 = ORIENTED_EDGE ( 'NONE', *, *, #589, .T. ) ;
#608 = EDGE_CURVE ( 'NONE', #2606, #571, #1443, .T. ) ;
#609 = LINE ( 'NONE', #2243, #7 ) ;
#610 = CYLINDRICAL_SURFACE ( 'NONE', #2392, 0.07000000000000007605 ) ;
#611 = ORIENTED_EDGE ( 'NONE', *, *, #969, .T. ) ;
#612 = ORIENTED_EDGE ( 'NONE', *, *, #1177, .T. ) ;
#613 = CARTESIAN_POINT ( 'NONE',  ( -0.8400000000000013012, -1.929999999999999272, 0.000000000000000000 ) ) ;
#614 = VERTEX_POINT ( 'NONE', #1758 ) ;
#615 = FACE_BOUND ( 'NONE', #1480, .T. ) ;
#616 = DIRECTION ( 'NONE',  ( -0.000000000000000000, -0.000000000000000000, 1.000000000000000000 ) ) ;
#617 = VERTEX_POINT ( 'NONE', #786 ) ;
#618 = FACE_OUTER_BOUND ( 'NONE', #301, .T. ) ;
#619 = DIRECTION ( 'NONE',  ( -1.000000000000000000, 0.000000000000000000, 0.000000000000000000 ) ) ;
#620 = EDGE_CURVE ( 'NONE', #1298, #2146, #2050, .T. ) ;
#621 = CARTESIAN_POINT ( 'NONE',  ( -7.990000000000001101, -8.625000000000001776, -0.05999999999994330702 ) ) ;
#622 = ORIENTED_EDGE ( 'NONE', *, *, #1497, .T. ) ;
#623 = EDGE_LOOP ( 'NONE', ( #2134, #526, #1937, #1170 ) ) ;
#624 = DIRECTION ( 'NONE',  ( -1.000000000000000000, 0.000000000000000000, 3.834172622686274970E-15 ) ) ;
#625 = ORIENTED_EDGE ( 'NONE', *, *, #2216, .T. ) ;
#626 = AXIS2_PLACEMENT_3D ( 'NONE', #1168, #1388, #757 ) ;
#627 = CARTESIAN_POINT ( 'NONE',  ( 8.109999999999997655, -9.285177317930166652, -0.05999999999999999778 ) ) ;
#628 = LINE ( 'NONE', #1438, #2553 ) ;
#629 = ORIENTED_EDGE ( 'NONE', *, *, #934, .F. ) ;
#630 = FACE_OUTER_BOUND ( 'NONE', #1409, .T. ) ;
#631 = FACE_BOUND ( 'NONE', #314, .T. ) ;
#632 = ADVANCED_FACE ( 'NONE', ( #947 ), #2391, .F. ) ;
#633 = CIRCLE ( 'NONE', #1651, 0.07000000000000007605 ) ;
#634 = ORIENTED_EDGE ( 'NONE', *, *, #41, .F. ) ;
#635 = CARTESIAN_POINT ( 'NONE',  ( -8.110000000000001208, -9.500000000000000000, -0.05999999999999999778 ) ) ;
#636 = AXIS2_PLACEMENT_3D ( 'NONE', #759, #1553, #2182 ) ;
#637 = ADVANCED_FACE ( 'NONE', ( #2198 ), #358, .F. ) ;
#638 = LENGTH_MEASURE_WITH_UNIT ( LENGTH_MEASURE( 0.02539999999999999897 ), #878 );
#639 = VECTOR ( 'NONE', #2601, 39.37007874015748143 ) ;
#640 = ORIENTED_EDGE ( 'NONE', *, *, #1464, .T. ) ;
#641 = AXIS2_PLACEMENT_3D ( 'NONE', #1870, #1279, #2120 ) ;
#642 = DIRECTION ( 'NONE',  ( 1.000000000000000000, 0.000000000000000000, 0.000000000000000000 ) ) ;
#643 = CARTESIAN_POINT ( 'NONE',  ( -4.380000000000002558, 9.119999999999999218, -0.05999999999999999778 ) ) ;
#644 = VECTOR ( 'NONE', #1905, 39.37007874015748143 ) ;
#645 = EDGE_LOOP ( 'NONE', ( #918, #1318, #208, #1411 ) ) ;
#646 = VECTOR ( 'NONE', #1106, 39.37007874015748143 ) ;
#647 = DIRECTION ( 'NONE',  ( 0.000000000000000000, 0.000000000000000000, -1.000000000000000000 ) ) ;
#648 = CARTESIAN_POINT ( 'NONE',  ( 4.535999999999998700, -9.120000000000000995, -0.05999999999999999778 ) ) ;
#649 = FACE_OUTER_BOUND ( 'NONE', #1303, .T. ) ;
#650 = ORIENTED_EDGE ( 'NONE', *, *, #307, .T. ) ;
#651 = CYLINDRICAL_SURFACE ( 'NONE', #2605, 0.07000000000000007605 ) ;
#652 = EDGE_CURVE ( 'NONE', #1266, #1382, #931, .T. ) ;
#653 = VERTEX_POINT ( 'NONE', #400 ) ;
#654 = ORIENTED_EDGE ( 'NONE', *, *, #2188, .T. ) ;
#655 = EDGE_CURVE ( 'NONE', #184, #21, #1351, .T. ) ;
#656 = FACE_OUTER_BOUND ( 'NONE', #1468, .T. ) ;
#657 = CARTESIAN_POINT ( 'NONE',  ( 1.819999999999998952, 3.500000000000000000, 0.000000000000000000 ) ) ;
#658 = VERTEX_POINT ( 'NONE', #559 ) ;
#659 = DIRECTION ( 'NONE',  ( 0.000000000000000000, 1.000000000000000000, 1.422837496700139435E-16 ) ) ;
#660 = CARTESIAN_POINT ( 'NONE',  ( -8.110000000000001208, 8.964822682069831572, 0.000000000000000000 ) ) ;
#661 = DIRECTION ( 'NONE',  ( 1.000000000000000000, 0.000000000000000000, 0.000000000000000000 ) ) ;
#662 = ORIENTED_EDGE ( 'NONE', *, *, #2081, .F. ) ;
#663 = CARTESIAN_POINT ( 'NONE',  ( -7.984000000000000874, 8.624999999999998224, -0.05999999999994330702 ) ) ;
#664 = VERTEX_POINT ( 'NONE', #2564 ) ;
#665 = ORIENTED_EDGE ( 'NONE', *, *, #1177, .F. ) ;
#666 = CARTESIAN_POINT ( 'NONE',  ( -1.440000000000003499, -3.500000000000002220, -0.05999999999999999778 ) ) ;
#667 = EDGE_CURVE ( 'NONE', #366, #286, #1367, .T. ) ;
#668 = CARTESIAN_POINT ( 'NONE',  ( 7.983999999999999098, -8.631000000000000227, -0.06000000000000190598 ) ) ;
#669 = ORIENTED_EDGE ( 'NONE', *, *, #2165, .T. ) ;
#670 = DIRECTION ( 'NONE',  ( -3.834172622686655990E-15, -0.000000000000000000, 1.000000000000000000 ) ) ;
#671 = VECTOR ( 'NONE', #724, 39.37007874015748143 ) ;
#672 = LINE ( 'NONE', #326, #410 ) ;
#673 = DIRECTION ( 'NONE',  ( -1.000000000000000000, 0.000000000000000000, 3.491481338843134539E-15 ) ) ;
#674 = VERTEX_POINT ( 'NONE', #122 ) ;
#675 = DIRECTION ( 'NONE',  ( 0.000000000000000000, 1.000000000000000000, 0.000000000000000000 ) ) ;
#676 = VECTOR ( 'NONE', #1418, 39.37007874015748143 ) ;
#677 = FACE_OUTER_BOUND ( 'NONE', #956, .T. ) ;
#678 = ORIENTED_EDGE ( 'NONE', *, *, #532, .T. ) ;
#679 = VECTOR ( 'NONE', #1889, 39.37007874015748143 ) ;
#680 = ORIENTED_EDGE ( 'NONE', *, *, #1286, .F. ) ;
#681 = AXIS2_PLACEMENT_3D ( 'NONE', #2520, #1873, #1915 ) ;
#682 = CYLINDRICAL_SURFACE ( 'NONE', #599, 0.07000000000000007605 ) ;
#683 = DIRECTION ( 'NONE',  ( 0.000000000000000000, 0.000000000000000000, -1.000000000000000000 ) ) ;
#684 = ORIENTED_EDGE ( 'NONE', *, *, #770, .T. ) ;
#685 = EDGE_CURVE ( 'NONE', #2045, #286, #732, .T. ) ;
#686 = LINE ( 'NONE', #2492, #1747 ) ;
#687 = AXIS2_PLACEMENT_3D ( 'NONE', #194, #1808, #1162 ) ;
#688 = CARTESIAN_POINT ( 'NONE',  ( -8.126000000000001222, 9.119999999999999218, -0.05999999999999999778 ) ) ;
#689 = DIRECTION ( 'NONE',  ( -3.491481338843134539E-15, 0.000000000000000000, -1.000000000000000000 ) ) ;
#690 = CIRCLE ( 'NONE', #2153, 0.07000000000000007605 ) ;
#691 = ADVANCED_FACE ( 'NONE', ( #746 ), #1991, .T. ) ;
#692 = ORIENTED_EDGE ( 'NONE', *, *, #1373, .F. ) ;
#693 = CARTESIAN_POINT ( 'NONE',  ( -8.110000000000001208, -8.631000000000000227, -0.05999999999999999778 ) ) ;
#694 = CARTESIAN_POINT ( 'NONE',  ( -7.984000000000000874, -8.625000000000001776, -0.05999999999994330702 ) ) ;
#695 = VERTEX_POINT ( 'NONE', #971 ) ;
#696 = ORIENTED_EDGE ( 'NONE', *, *, #1188, .T. ) ;
#697 = DIRECTION ( 'NONE',  ( 1.000000000000000000, 0.000000000000000000, 0.000000000000000000 ) ) ;
#698 = DIRECTION ( 'NONE',  ( -0.000000000000000000, -0.000000000000000000, 1.000000000000000000 ) ) ;
#699 = CARTESIAN_POINT ( 'NONE',  ( 0.9099999999999984768, 5.070000000000000284, -0.05999999999999999778 ) ) ;
#700 = DIRECTION ( 'NONE',  ( 0.000000000000000000, -1.000000000000000000, 0.000000000000000000 ) ) ;
#701 = CARTESIAN_POINT ( 'NONE',  ( 0.9099999999999988098, -1.929999999999999716, -0.05999999999999999778 ) ) ;
#702 = EDGE_CURVE ( 'NONE', #541, #2269, #1339, .T. ) ;
#703 = EDGE_LOOP ( 'NONE', ( #1626, #2382, #1590, #1645 ) ) ;
#704 = DIRECTION ( 'NONE',  ( 1.000000000000000000, 0.000000000000000000, 0.000000000000000000 ) ) ;
#705 = EDGE_CURVE ( 'NONE', #1759, #1343, #849, .T. ) ;
#706 = ORIENTED_EDGE ( 'NONE', *, *, #2259, .T. ) ;
#707 = ORIENTED_EDGE ( 'NONE', *, *, #1031, .T. ) ;
#708 = DIRECTION ( 'NONE',  ( -0.000000000000000000, -0.000000000000000000, 1.000000000000000000 ) ) ;
#709 = DIRECTION ( 'NONE',  ( 1.000000000000000000, 0.000000000000000000, 0.000000000000000000 ) ) ;
#710 = ORIENTED_EDGE ( 'NONE', *, *, #107, .T. ) ;
#711 = CARTESIAN_POINT ( 'NONE',  ( 7.983999999999999098, 8.630999999999998451, -0.05999999999999944267 ) ) ;
#712 = DIRECTION ( 'NONE',  ( -0.000000000000000000, -0.000000000000000000, 1.000000000000000000 ) ) ;
#713 = VECTOR ( 'NONE', #1017, 39.37007874015748143 ) ;
#714 = CARTESIAN_POINT ( 'NONE',  ( -8.110000000000001208, 0.000000000000000000, -0.1199999999999427636 ) ) ;
#715 = CIRCLE ( 'NONE', #1957, 0.1199999999999999262 ) ;
#716 = EDGE_LOOP ( 'NONE', ( #2118, #2203, #831, #1036 ) ) ;
#717 = AXIS2_PLACEMENT_3D ( 'NONE', #2110, #1722, #709 ) ;
#718 = EDGE_CURVE ( 'NONE', #1731, #1608, #2562, .T. ) ;
#719 = CARTESIAN_POINT ( 'NONE',  ( -0.8400000000000014122, -5.070000000000000284, -0.05999999999999999778 ) ) ;
#720 = ORIENTED_EDGE ( 'NONE', *, *, #702, .T. ) ;
#721 = ORIENTED_EDGE ( 'NONE', *, *, #1082, .T. ) ;
#722 = EDGE_CURVE ( 'NONE', #976, #1840, #1566, .T. ) ;
#723 = CARTESIAN_POINT ( 'NONE',  ( 8.125999999999997669, -9.130000000000000782, -0.05999999999999999778 ) ) ;
#724 = DIRECTION ( 'NONE',  ( 0.000000000000000000, -1.000000000000000000, 0.000000000000000000 ) ) ;
#725 = ORIENTED_EDGE ( 'NONE', *, *, #2310, .T. ) ;
#726 = CIRCLE ( 'NONE', #1066, 0.07000000000000007605 ) ;
#727 = DIRECTION ( 'NONE',  ( -3.834172622686655990E-15, 0.000000000000000000, 1.000000000000000000 ) ) ;
#728 = CARTESIAN_POINT ( 'NONE',  ( -7.990000000000001101, 8.624999999999998224, -0.05999999999994330702 ) ) ;
#729 = CIRCLE ( 'NONE', #563, 0.07000000000000007605 ) ;
#730 = CARTESIAN_POINT ( 'NONE',  ( 4.223999999999998423, -9.120000000000000995, -0.05999999999999999778 ) ) ;
#731 = VECTOR ( 'NONE', #199, 39.37007874015748143 ) ;
#732 = LINE ( 'NONE', #1540, #1317 ) ;
#733 = ORIENTED_EDGE ( 'NONE', *, *, #1845, .F. ) ;
#734 = AXIS2_PLACEMENT_3D ( 'NONE', #331, #2338, #1556 ) ;
#735 = DIRECTION ( 'NONE',  ( -3.834172622686274970E-15, -0.000000000000000000, -1.000000000000000000 ) ) ;
#736 = CARTESIAN_POINT ( 'NONE',  ( -8.110000000000001208, -8.625000000000001776, -0.1199999999999427913 ) ) ;
#737 = EDGE_LOOP ( 'NONE', ( #1511, #512, #895, #1557 ) ) ;
#738 = EDGE_CURVE ( 'NONE', #1548, #2433, #1398, .T. ) ;
#739 = ORIENTED_EDGE ( 'NONE', *, *, #996, .F. ) ;
#740 = CYLINDRICAL_SURFACE ( 'NONE', #2145, 0.1560000000000001941 ) ;
#741 = ORIENTED_EDGE ( 'NONE', *, *, #1497, .F. ) ;
#742 = EDGE_CURVE ( 'NONE', #1261, #60, #386, .T. ) ;
#743 = CARTESIAN_POINT ( 'NONE',  ( -1.890000000000000790, 3.500000000000000000, -0.05999999999999999778 ) ) ;
#744 = DIRECTION ( 'NONE',  ( 0.000000000000000000, 0.000000000000000000, 1.000000000000000000 ) ) ;
#745 = CARTESIAN_POINT ( 'NONE',  ( -8.110000000000001208, 9.499999999999998224, 0.000000000000000000 ) ) ;
#746 = FACE_OUTER_BOUND ( 'NONE', #220, .T. ) ;
#747 = VERTEX_POINT ( 'NONE', #2604 ) ;
#748 = DIRECTION ( 'NONE',  ( 1.000000000000000000, 0.000000000000000000, 0.000000000000000000 ) ) ;
#749 = DIRECTION ( 'NONE',  ( 0.000000000000000000, 0.000000000000000000, 1.000000000000000000 ) ) ;
#750 = ORIENTED_EDGE ( 'NONE', *, *, #55, .F. ) ;
#751 = ORIENTED_EDGE ( 'NONE', *, *, #2245, .T. ) ;
#752 = DIRECTION ( 'NONE',  ( -1.000000000000000000, 0.000000000000000000, -3.491481338843133750E-15 ) ) ;
#753 = CARTESIAN_POINT ( 'NONE',  ( 7.983999999999999098, 8.624999999999998224, -0.05999999999999944267 ) ) ;
#754 = ORIENTED_EDGE ( 'NONE', *, *, #2377, .F. ) ;
#755 = EDGE_CURVE ( 'NONE', #658, #1665, #1273, .T. ) ;
#756 = CARTESIAN_POINT ( 'NONE',  ( 8.109999999999997655, -9.500000000000000000, 0.000000000000000000 ) ) ;
#757 = DIRECTION ( 'NONE',  ( 1.000000000000000000, 0.000000000000000000, 0.000000000000000000 ) ) ;
#758 = EDGE_CURVE ( 'NONE', #940, #2062, #1362, .T. ) ;
#759 = CARTESIAN_POINT ( 'NONE',  ( 0.9099999999999984768, 5.070000000000000284, -0.05999999999999999778 ) ) ;
#760 = ORIENTED_EDGE ( 'NONE', *, *, #2130, .F. ) ;
#761 = CARTESIAN_POINT ( 'NONE',  ( -8.050000000000000711, -8.625000000000001776, 3.109513996998569071E-14 ) ) ;
#762 = ORIENTED_EDGE ( 'NONE', *, *, #1845, .T. ) ;
#763 = VERTEX_POINT ( 'NONE', #1020 ) ;
#764 = DIRECTION ( 'NONE',  ( -0.000000000000000000, -0.000000000000000000, 1.000000000000000000 ) ) ;
#765 = CARTESIAN_POINT ( 'NONE',  ( 0.9799999999999985389, 5.070000000000000284, 0.000000000000000000 ) ) ;
#766 = ORIENTED_EDGE ( 'NONE', *, *, #2068, .F. ) ;
#767 = VECTOR ( 'NONE', #246, 39.37007874015748143 ) ;
#768 = DIRECTION ( 'NONE',  ( -0.000000000000000000, 1.000000000000000000, -0.000000000000000000 ) ) ;
#769 = CARTESIAN_POINT ( 'NONE',  ( -0.9100000000000012523, 5.070000000000000284, 0.000000000000000000 ) ) ;
#770 = EDGE_CURVE ( 'NONE', #1899, #1731, #1834, .T. ) ;
#771 = VECTOR ( 'NONE', #2324, 39.37007874015748143 ) ;
#772 = CARTESIAN_POINT ( 'NONE',  ( -1.820000000000001172, 3.500000000000000000, 0.000000000000000000 ) ) ;
#773 = VECTOR ( 'NONE', #847, 39.37007874015748143 ) ;
#774 = ADVANCED_FACE ( 'NONE', ( #618 ), #796, .T. ) ;
#775 = LINE ( 'NONE', #596, #1695 ) ;
#776 = CIRCLE ( 'NONE', #2272, 0.1560000000000001941 ) ;
#777 = VECTOR ( 'NONE', #2543, 39.37007874015748143 ) ;
#778 = ORIENTED_EDGE ( 'NONE', *, *, #998, .F. ) ;
#779 = ORIENTED_EDGE ( 'NONE', *, *, #1908, .T. ) ;
#780 = AXIS2_PLACEMENT_3D ( 'NONE', #1257, #1619, #1006 ) ;
#781 = CARTESIAN_POINT ( 'NONE',  ( -1.820000000000001394, -3.500000000000002220, 0.000000000000000000 ) ) ;
#782 = CARTESIAN_POINT ( 'NONE',  ( -8.110000000000001208, 9.275177317930166865, -0.05999999999999999778 ) ) ;
#783 = ORIENTED_EDGE ( 'NONE', *, *, #25, .F. ) ;
#784 = LINE ( 'NONE', #2577, #185 ) ;
#785 = DIRECTION ( 'NONE',  ( 0.000000000000000000, 0.000000000000000000, 1.000000000000000000 ) ) ;
#786 = CARTESIAN_POINT ( 'NONE',  ( 0.9799999999999988720, -5.070000000000000284, -0.05999999999999999778 ) ) ;
#787 = CARTESIAN_POINT ( 'NONE',  ( 0.9799999999999988720, -5.070000000000000284, 0.000000000000000000 ) ) ;
#788 = EDGE_CURVE ( 'NONE', #2025, #1176, #2429, .T. ) ;
#789 = ORIENTED_EDGE ( 'NONE', *, *, #1221, .F. ) ;
#790 = ORIENTED_EDGE ( 'NONE', *, *, #1373, .T. ) ;
#791 = ADVANCED_FACE ( 'NONE', ( #1216 ), #243, .T. ) ;
#792 = DIRECTION ( 'NONE',  ( 0.000000000000000000, 1.000000000000000000, 1.422837496700139435E-16 ) ) ;
#793 = EDGE_LOOP ( 'NONE', ( #1776, #226, #678, #2596 ) ) ;
#794 = CARTESIAN_POINT ( 'NONE',  ( 1.819999999999998952, 3.500000000000000000, -0.05999999999999999778 ) ) ;
#795 = DIRECTION ( 'NONE',  ( -0.000000000000000000, -1.000000000000000000, -0.000000000000000000 ) ) ;
#796 = PLANE ( 'NONE',  #521 ) ;
#797 = PLANE ( 'NONE',  #317 ) ;
#798 = CARTESIAN_POINT ( 'NONE',  ( 8.109999999999997655, 8.630999999999994898, -0.05999999999999999778 ) ) ;
#799 = EDGE_LOOP ( 'NONE', ( #1251, #173, #2387, #511 ) ) ;
#800 = EDGE_LOOP ( 'NONE', ( #2022, #1074 ) ) ;
#801 = ADVANCED_FACE ( 'NONE', ( #1402 ), #835, .F. ) ;
#802 = CIRCLE ( 'NONE', #1736, 1.440000000000000169 ) ;
#803 = CARTESIAN_POINT ( 'NONE',  ( 0.9099999999999988098, -1.929999999999999716, 0.000000000000000000 ) ) ;
#804 = VERTEX_POINT ( 'NONE', #825 ) ;
#805 = EDGE_CURVE ( 'NONE', #2336, #1665, #2271, .T. ) ;
#806 = PLANE ( 'NONE',  #986 ) ;
#807 = DIRECTION ( 'NONE',  ( -0.000000000000000000, -0.000000000000000000, 1.000000000000000000 ) ) ;
#808 = AXIS2_PLACEMENT_3D ( 'NONE', #1184, #186, #990 ) ;
#809 = CARTESIAN_POINT ( 'NONE',  ( -0.8400000000000014122, -5.070000000000000284, -0.05999999999999999778 ) ) ;
#810 = CARTESIAN_POINT ( 'NONE',  ( -7.990000000000001101, 8.624999999999998224, -0.05999999999999999778 ) ) ;
#811 = AXIS2_PLACEMENT_3D ( 'NONE', #1061, #2297, #661 ) ;
#812 = DIRECTION ( 'NONE',  ( 1.000000000000000000, 0.000000000000000000, 0.000000000000000000 ) ) ;
#813 = VECTOR ( 'NONE', #979, 39.37007874015748143 ) ;
#814 = ORIENTED_EDGE ( 'NONE', *, *, #1690, .F. ) ;
#815 = CIRCLE ( 'NONE', #641, 0.07000000000000007605 ) ;
#816 = ORIENTED_EDGE ( 'NONE', *, *, #1241, .F. ) ;
#817 = AXIS2_PLACEMENT_3D ( 'NONE', #995, #549, #1354 ) ;
#818 = DIRECTION ( 'NONE',  ( 1.000000000000000000, 0.000000000000000000, 0.000000000000000000 ) ) ;
#819 = EDGE_CURVE ( 'NONE', #2606, #2062, #203, .T. ) ;
#820 = EDGE_LOOP ( 'NONE', ( #1675, #2545, #2039, #1527 ) ) ;
#821 = AXIS2_PLACEMENT_3D ( 'NONE', #2123, #1089, #2505 ) ;
#822 = FACE_BOUND ( 'NONE', #282, .T. ) ;
#823 = ADVANCED_FACE ( 'NONE', ( #630 ), #2254, .T. ) ;
#824 = CYLINDRICAL_SURFACE ( 'NONE', #1513, 0.07000000000000007605 ) ;
#825 = CARTESIAN_POINT ( 'NONE',  ( -7.984000000000000874, 8.630999999999998451, -0.05999999999999999778 ) ) ;
#826 = PLANE ( 'NONE',  #1119 ) ;
#827 = DIRECTION ( 'NONE',  ( 0.000000000000000000, 1.000000000000000000, 0.000000000000000000 ) ) ;
#828 = ORIENTED_EDGE ( 'NONE', *, *, #1116, .T. ) ;
#829 = ORIENTED_EDGE ( 'NONE', *, *, #1983, .F. ) ;
#830 = DIRECTION ( 'NONE',  ( -1.000000000000000000, 0.000000000000000000, 0.000000000000000000 ) ) ;
#831 = ORIENTED_EDGE ( 'NONE', *, *, #1008, .F. ) ;
#832 = FACE_BOUND ( 'NONE', #1315, .T. ) ;
#833 = DIRECTION ( 'NONE',  ( -0.000000000000000000, -0.000000000000000000, 1.000000000000000000 ) ) ;
#834 = EDGE_CURVE ( 'NONE', #937, #747, #2232, .T. ) ;
#835 = CYLINDRICAL_SURFACE ( 'NONE', #2522, 1.439999999999999947 ) ;
#836 = DIRECTION ( 'NONE',  ( -0.000000000000000000, -0.000000000000000000, 1.000000000000000000 ) ) ;
#837 = FACE_BOUND ( 'NONE', #2623, .T. ) ;
#838 = ADVANCED_FACE ( 'NONE', ( #449 ), #414, .F. ) ;
#839 = ORIENTED_EDGE ( 'NONE', *, *, #2489, .F. ) ;
#840 = LINE ( 'NONE', #2299, #767 ) ;
#841 = SURFACE_STYLE_USAGE ( .BOTH. , #868 ) ;
#842 = ORIENTED_EDGE ( 'NONE', *, *, #55, .T. ) ;
#843 = AXIS2_PLACEMENT_3D ( 'NONE', #769, #1989, #2364 ) ;
#844 = CARTESIAN_POINT ( 'NONE',  ( -7.970000000000004192, -9.130000000000000782, 0.000000000000000000 ) ) ;
#845 = LINE ( 'NONE', #214, #1953 ) ;
#846 = CIRCLE ( 'NONE', #886, 0.07000000000000007605 ) ;
#847 = DIRECTION ( 'NONE',  ( -0.000000000000000000, -0.000000000000000000, 1.000000000000000000 ) ) ;
#848 = EDGE_CURVE ( 'NONE', #1329, #1025, #1858, .T. ) ;
#849 = CIRCLE ( 'NONE', #1654, 0.1560000000000001941 ) ;
#850 = EDGE_CURVE ( 'NONE', #73, #466, #2479, .T. ) ;
#851 = ORIENTED_EDGE ( 'NONE', *, *, #667, .T. ) ;
#852 = FACE_OUTER_BOUND ( 'NONE', #462, .T. ) ;
#853 = VECTOR ( 'NONE', #1154, 39.37007874015748143 ) ;
#854 = CARTESIAN_POINT ( 'NONE',  ( -4.536000000000003141, 9.119999999999999218, -0.05999999999999999778 ) ) ;
#855 = VECTOR ( 'NONE', #459, 39.37007874015748143 ) ;
#856 = EDGE_LOOP ( 'NONE', ( #1624, #85, #842, #68 ) ) ;
#857 = ORIENTED_EDGE ( 'NONE', *, *, #1878, .T. ) ;
#858 = AXIS2_PLACEMENT_3D ( 'NONE', #11, #1242, #1387 ) ;
#859 = DIRECTION ( 'NONE',  ( -0.000000000000000000, -0.000000000000000000, 1.000000000000000000 ) ) ;
#860 = DIRECTION ( 'NONE',  ( 1.000000000000000000, 0.000000000000000000, 0.000000000000000000 ) ) ;
#861 = VECTOR ( 'NONE', #1588, 39.37007874015748143 ) ;
#862 = FACE_OUTER_BOUND ( 'NONE', #382, .T. ) ;
#863 = PLANE ( 'NONE',  #1452 ) ;
#864 = CARTESIAN_POINT ( 'NONE',  ( 8.125999999999997669, 9.119999999999999218, -0.05999999999999999778 ) ) ;
#865 = ORIENTED_EDGE ( 'NONE', *, *, #1338, .F. ) ;
#866 = DIRECTION ( 'NONE',  ( -0.000000000000000000, -0.000000000000000000, 1.000000000000000000 ) ) ;
#867 = EDGE_CURVE ( 'NONE', #2146, #1843, #193, .T. ) ;
#868 = SURFACE_SIDE_STYLE ('',( #2117 ) ) ;
#869 = ORIENTED_EDGE ( 'NONE', *, *, #1241, .T. ) ;
#870 = ORIENTED_EDGE ( 'NONE', *, *, #123, .F. ) ;
#871 = EDGE_CURVE ( 'NONE', #617, #2253, #726, .T. ) ;
#872 = CARTESIAN_POINT ( 'NONE',  ( -7.984000000000000874, -8.631000000000000227, -0.05999999999994330702 ) ) ;
#873 = CARTESIAN_POINT ( 'NONE',  ( -8.110000000000001208, 8.964822682069831572, -0.05999999999999999778 ) ) ;
#874 = DIRECTION ( 'NONE',  ( -0.000000000000000000, -0.000000000000000000, 1.000000000000000000 ) ) ;
#875 = DIRECTION ( 'NONE',  ( 1.000000000000000000, 0.000000000000000000, 0.000000000000000000 ) ) ;
#876 = EDGE_LOOP ( 'NONE', ( #1802, #2525, #161, #1085 ) ) ;
#877 = LINE ( 'NONE', #1700, #1187 ) ;
#878 =( LENGTH_UNIT ( ) NAMED_UNIT ( * ) SI_UNIT ( $, .METRE. ) );
#879 = ORIENTED_EDGE ( 'NONE', *, *, #2407, .F. ) ;
#880 = EDGE_CURVE ( 'NONE', #524, #2511, #264, .T. ) ;
#881 = EDGE_LOOP ( 'NONE', ( #972, #923, #684, #1445 ) ) ;
#882 = CYLINDRICAL_SURFACE ( 'NONE', #1835, 0.06999999999999993727 ) ;
#883 = DIRECTION ( 'NONE',  ( 0.000000000000000000, 0.000000000000000000, -1.000000000000000000 ) ) ;
#884 = EDGE_CURVE ( 'NONE', #81, #2433, #609, .T. ) ;
#885 = DIRECTION ( 'NONE',  ( 0.000000000000000000, 0.000000000000000000, 1.000000000000000000 ) ) ;
#886 = AXIS2_PLACEMENT_3D ( 'NONE', #50, #1489, #860 ) ;
#887 = CARTESIAN_POINT ( 'NONE',  ( -7.984000000000000874, 8.624999999999998224, -0.05999999999994330702 ) ) ;
#888 = FACE_BOUND ( 'NONE', #1951, .T. ) ;
#889 = ORIENTED_EDGE ( 'NONE', *, *, #1064, .F. ) ;
#890 = LINE ( 'NONE', #276, #2346 ) ;
#891 = VECTOR ( 'NONE', #53, 39.37007874015748143 ) ;
#892 = PLANE ( 'NONE',  #1973 ) ;
#893 = EDGE_LOOP ( 'NONE', ( #547, #2221, #654, #625 ) ) ;
#894 = AXIS2_PLACEMENT_3D ( 'NONE', #2619, #1389, #1169 ) ;
#895 = ORIENTED_EDGE ( 'NONE', *, *, #142, .T. ) ;
#896 = VECTOR ( 'NONE', #2040, 39.37007874015748143 ) ;
#897 = CYLINDRICAL_SURFACE ( 'NONE', #1403, 0.07000000000000007605 ) ;
#898 = CARTESIAN_POINT ( 'NONE',  ( -3.278217592397115862E-15, -3.500000000000002220, -0.05999999999999999778 ) ) ;
#899 = AXIS2_PLACEMENT_3D ( 'NONE', #1358, #116, #104 ) ;
#900 = ADVANCED_FACE ( 'NONE', ( #2112 ), #2504, .F. ) ;
#901 = FACE_OUTER_BOUND ( 'NONE', #1219, .T. ) ;
#902 = VECTOR ( 'NONE', #2237, 39.37007874015748143 ) ;
#903 = DIRECTION ( 'NONE',  ( 0.000000000000000000, 0.000000000000000000, 1.000000000000000000 ) ) ;
#904 = DIRECTION ( 'NONE',  ( 0.000000000000000000, 0.000000000000000000, -1.000000000000000000 ) ) ;
#905 = VECTOR ( 'NONE', #543, 39.37007874015748143 ) ;
#906 = EDGE_CURVE ( 'NONE', #2555, #444, #108, .T. ) ;
#907 = ORIENTED_EDGE ( 'NONE', *, *, #2420, .T. ) ;
#908 = PLANE ( 'NONE',  #1478 ) ;
#909 = PLANE ( 'NONE',  #2313 ) ;
#910 = EDGE_LOOP ( 'NONE', ( #2211, #2209 ) ) ;
#911 = ORIENTED_EDGE ( 'NONE', *, *, #2410, .F. ) ;
#912 = DIRECTION ( 'NONE',  ( 1.000000000000000000, 0.000000000000000000, 0.000000000000000000 ) ) ;
#913 = DIRECTION ( 'NONE',  ( 1.000000000000000000, 0.000000000000000000, 0.000000000000000000 ) ) ;
#914 = CARTESIAN_POINT ( 'NONE',  ( -0.9800000000000013145, 5.070000000000000284, -0.05999999999999999778 ) ) ;
#915 = CARTESIAN_POINT ( 'NONE',  ( -0.8400000000000007461, 1.929999999999999716, -0.05999999999999999778 ) ) ;
#916 = EDGE_CURVE ( 'NONE', #1804, #2409, #686, .T. ) ;
#917 = CYLINDRICAL_SURFACE ( 'NONE', #1613, 0.07000000000000007605 ) ;
#918 = ORIENTED_EDGE ( 'NONE', *, *, #1966, .F. ) ;
#919 = EDGE_CURVE ( 'NONE', #1393, #1994, #1833, .T. ) ;
#920 = CARTESIAN_POINT ( 'NONE',  ( 8.109999999999997655, 8.964822682069831572, -0.05999999999999999778 ) ) ;
#921 = DIRECTION ( 'NONE',  ( -3.834172622686655990E-15, 0.000000000000000000, 1.000000000000000000 ) ) ;
#922 = EDGE_LOOP ( 'NONE', ( #2075, #1767, #1123, #2614 ) ) ;
#923 = ORIENTED_EDGE ( 'NONE', *, *, #1316, .F. ) ;
#924 = LINE ( 'NONE', #569, #2524 ) ;
#925 = LINE ( 'NONE', #782, #2258 ) ;
#926 = ORIENTED_EDGE ( 'NONE', *, *, #2245, .F. ) ;
#927 = DIRECTION ( 'NONE',  ( -0.000000000000000000, -0.000000000000000000, 1.000000000000000000 ) ) ;
#928 = LINE ( 'NONE', #1738, #713 ) ;
#929 = CIRCLE ( 'NONE', #2255, 0.07000000000000007605 ) ;
#930 = LINE ( 'NONE', #327, #2349 ) ;
#931 = LINE ( 'NONE', #341, #981 ) ;
#932 = EDGE_LOOP ( 'NONE', ( #680, #1333 ) ) ;
#933 = FACE_OUTER_BOUND ( 'NONE', #1361, .T. ) ;
#934 = EDGE_CURVE ( 'NONE', #1608, #1731, #1482, .T. ) ;
#935 = CARTESIAN_POINT ( 'NONE',  ( 8.049999999999998934, 0.000000000000000000, 3.109513996998877673E-14 ) ) ;
#936 = ORIENTED_EDGE ( 'NONE', *, *, #1616, .F. ) ;
#937 = VERTEX_POINT ( 'NONE', #1504 ) ;
#938 = DIRECTION ( 'NONE',  ( 0.000000000000000000, -0.000000000000000000, -1.000000000000000000 ) ) ;
#939 = VECTOR ( 'NONE', #39, 39.37007874015748143 ) ;
#940 = VERTEX_POINT ( 'NONE', #1114 ) ;
#941 = VECTOR ( 'NONE', #1295, 39.37007874015748143 ) ;
#942 = DIRECTION ( 'NONE',  ( -1.000000000000000000, 0.000000000000000000, 0.000000000000000000 ) ) ;
#943 = CARTESIAN_POINT ( 'NONE',  ( 1.439999999999998836, 3.500000000000000000, -0.05999999999999999778 ) ) ;
#944 = VECTOR ( 'NONE', #1202, 39.37007874015748143 ) ;
#945 = LINE ( 'NONE', #2579, #1359 ) ;
#946 = AXIS2_PLACEMENT_3D ( 'NONE', #247, #1249, #1053 ) ;
#947 = FACE_OUTER_BOUND ( 'NONE', #1732, .T. ) ;
#948 = ORIENTED_EDGE ( 'NONE', *, *, #58, .F. ) ;
#949 = AXIS2_PLACEMENT_3D ( 'NONE', #1325, #903, #1296 ) ;
#950 = CARTESIAN_POINT ( 'NONE',  ( 8.110000000000001208, 8.624999999999998224, -0.6300000000000041123 ) ) ;
#951 = CARTESIAN_POINT ( 'NONE',  ( 4.379999999999999005, -9.120000000000000995, -0.05999999999999999778 ) ) ;
#952 = ORIENTED_EDGE ( 'NONE', *, *, #2470, .T. ) ;
#953 = VERTEX_POINT ( 'NONE', #78 ) ;
#954 = EDGE_CURVE ( 'NONE', #2298, #1843, #1528, .T. ) ;
#955 = CARTESIAN_POINT ( 'NONE',  ( -0.8400000000000013012, -1.929999999999999272, -0.05999999999999999778 ) ) ;
#956 = EDGE_LOOP ( 'NONE', ( #189, #1043, #2588, #378 ) ) ;
#957 = ADVANCED_FACE ( 'NONE', ( #862 ), #2296, .T. ) ;
#958 = CYLINDRICAL_SURFACE ( 'NONE', #1792, 0.1199999999999998151 ) ;
#959 = LINE ( 'NONE', #1592, #1782 ) ;
#960 = DIRECTION ( 'NONE',  ( -0.000000000000000000, -0.000000000000000000, 1.000000000000000000 ) ) ;
#961 = DIRECTION ( 'NONE',  ( 1.000000000000000000, 0.000000000000000000, 0.000000000000000000 ) ) ;
#962 = VERTEX_POINT ( 'NONE', #1692 ) ;
#963 = DIRECTION ( 'NONE',  ( 1.000000000000000000, 0.000000000000000000, 0.000000000000000000 ) ) ;
#964 = ORIENTED_EDGE ( 'NONE', *, *, #1460, .F. ) ;
#965 = ORIENTED_EDGE ( 'NONE', *, *, #1161, .T. ) ;
#966 = CARTESIAN_POINT ( 'NONE',  ( 0.9799999999999988720, -5.070000000000000284, -0.05999999999999999778 ) ) ;
#967 = ADVANCED_FACE ( 'NONE', ( #901 ), #1724, .F. ) ;
#968 = EDGE_LOOP ( 'NONE', ( #600, #1847, #870, #2005 ) ) ;
#969 = EDGE_CURVE ( 'NONE', #430, #1786, #1492, .T. ) ;
#970 = CARTESIAN_POINT ( 'NONE',  ( -1.750000000000001332, -3.500000000000002220, -0.05999999999999999778 ) ) ;
#971 = CARTESIAN_POINT ( 'NONE',  ( -8.110000000000001208, -8.974822682069834912, -0.05999999999999999778 ) ) ;
#972 = ORIENTED_EDGE ( 'NONE', *, *, #1676, .F. ) ;
#973 = LINE ( 'NONE', #1809, #1019 ) ;
#974 = AXIS2_PLACEMENT_3D ( 'NONE', #381, #370, #1766 ) ;
#975 = ORIENTED_EDGE ( 'NONE', *, *, #2603, .T. ) ;
#976 = VERTEX_POINT ( 'NONE', #2333 ) ;
#977 = CARTESIAN_POINT ( 'NONE',  ( 0.000000000000000000, -8.625000000000001776, -0.000000000000000000 ) ) ;
#978 = CARTESIAN_POINT ( 'NONE',  ( 7.989999999999998437, 8.624999999999998224, -0.05999999999999944267 ) ) ;
#979 = DIRECTION ( 'NONE',  ( -0.000000000000000000, -1.000000000000000000, -0.000000000000000000 ) ) ;
#980 = CARTESIAN_POINT ( 'NONE',  ( 0.9099999999999988098, -1.929999999999999716, -0.05999999999999999778 ) ) ;
#981 = VECTOR ( 'NONE', #1740, 39.37007874015748143 ) ;
#982 = EDGE_CURVE ( 'NONE', #1665, #658, #1701, .T. ) ;
#983 = DIRECTION ( 'NONE',  ( -0.000000000000000000, -0.000000000000000000, 1.000000000000000000 ) ) ;
#984 = AXIS2_PLACEMENT_3D ( 'NONE', #2629, #1848, #1229 ) ;
#985 = DIRECTION ( 'NONE',  ( 1.000000000000000000, 0.000000000000000000, 0.000000000000000000 ) ) ;
#986 = AXIS2_PLACEMENT_3D ( 'NONE', #201, #2462, #2414 ) ;
#987 = EDGE_CURVE ( 'NONE', #1227, #653, #1712, .T. ) ;
#988 = VECTOR ( 'NONE', #1238, 39.37007874015748143 ) ;
#989 = ORIENTED_EDGE ( 'NONE', *, *, #906, .T. ) ;
#990 = DIRECTION ( 'NONE',  ( 1.000000000000000000, 0.000000000000000000, 0.000000000000000000 ) ) ;
#991 = CYLINDRICAL_SURFACE ( 'NONE', #1579, 0.06999999999999979849 ) ;
#992 = CARTESIAN_POINT ( 'NONE',  ( -1.890000000000000790, 3.500000000000000000, -0.05999999999999999778 ) ) ;
#993 = CARTESIAN_POINT ( 'NONE',  ( 8.109999999999997655, -9.500000000000000000, -0.05999999999999999778 ) ) ;
#994 = CARTESIAN_POINT ( 'NONE',  ( -1.440000000000001057, 3.500000000000000000, -0.05999999999999999778 ) ) ;
#995 = CARTESIAN_POINT ( 'NONE',  ( -7.990000000000001101, -8.625000000000001776, -0.1199999999999432077 ) ) ;
#996 = EDGE_CURVE ( 'NONE', #1574, #953, #2533, .T. ) ;
#997 = CARTESIAN_POINT ( 'NONE',  ( -7.984000000000000874, -8.631000000000000227, 0.000000000000000000 ) ) ;
#998 = EDGE_CURVE ( 'NONE', #962, #1623, #1477, .T. ) ;
#999 = ORIENTED_EDGE ( 'NONE', *, *, #1082, .F. ) ;
#1000 = ORIENTED_EDGE ( 'NONE', *, *, #1896, .F. ) ;
#1001 = FACE_OUTER_BOUND ( 'NONE', #893, .T. ) ;
#1002 = ORIENTED_EDGE ( 'NONE', *, *, #485, .T. ) ;
#1003 = DIRECTION ( 'NONE',  ( 0.000000000000000000, 0.000000000000000000, 1.000000000000000000 ) ) ;
#1004 = DIRECTION ( 'NONE',  ( 0.000000000000000000, -0.000000000000000000, -1.000000000000000000 ) ) ;
#1005 = CARTESIAN_POINT ( 'NONE',  ( 4.379999999999999005, -9.120000000000000995, 0.000000000000000000 ) ) ;
#1006 = DIRECTION ( 'NONE',  ( 1.000000000000000000, 0.000000000000000000, 0.000000000000000000 ) ) ;
#1007 = DIRECTION ( 'NONE',  ( -0.000000000000000000, -1.000000000000000000, -0.000000000000000000 ) ) ;
#1008 = EDGE_CURVE ( 'NONE', #47, #976, #1465, .T. ) ;
#1009 = VERTEX_POINT ( 'NONE', #1255 ) ;
#1010 = AXIS2_PLACEMENT_3D ( 'NONE', #2180, #2602, #373 ) ;
#1011 = EDGE_LOOP ( 'NONE', ( #1420, #2200, #1935, #665 ) ) ;
#1012 = EDGE_CURVE ( 'NONE', #2413, #2555, #1617, .T. ) ;
#1013 = VECTOR ( 'NONE', #1413, 39.37007874015748143 ) ;
#1014 = DIRECTION ( 'NONE',  ( 0.000000000000000000, 0.000000000000000000, 1.000000000000000000 ) ) ;
#1015 = VERTEX_POINT ( 'NONE', #1888 ) ;
#1016 = DIRECTION ( 'NONE',  ( -0.000000000000000000, -0.000000000000000000, 1.000000000000000000 ) ) ;
#1017 = DIRECTION ( 'NONE',  ( -0.000000000000000000, -1.000000000000000000, -0.000000000000000000 ) ) ;
#1018 = ORIENTED_EDGE ( 'NONE', *, *, #1370, .F. ) ;
#1019 = VECTOR ( 'NONE', #1007, 39.37007874015748143 ) ;
#1020 = CARTESIAN_POINT ( 'NONE',  ( 8.050000000000000711, 8.624999999999998224, -0.6300000000000043343 ) ) ;
#1021 = CARTESIAN_POINT ( 'NONE',  ( -8.110000000000001208, 8.624999999999998224, -0.05999999999994315436 ) ) ;
#1022 = VECTOR ( 'NONE', #2124, 39.37007874015748143 ) ;
#1023 = CARTESIAN_POINT ( 'NONE',  ( -0.9100000000000013634, -5.070000000000000284, -0.05999999999999999778 ) ) ;
#1024 = VECTOR ( 'NONE', #927, 39.37007874015748143 ) ;
#1025 = VERTEX_POINT ( 'NONE', #65 ) ;
#1026 = CIRCLE ( 'NONE', #10, 0.06999999999999979849 ) ;
#1027 = ORIENTED_EDGE ( 'NONE', *, *, #1300, .T. ) ;
#1028 = VECTOR ( 'NONE', #2421, 39.37007874015748143 ) ;
#1029 = CARTESIAN_POINT ( 'NONE',  ( -8.110000000000001208, -9.500000000000000000, -0.05999999999999999778 ) ) ;
#1030 = ORIENTED_EDGE ( 'NONE', *, *, #1536, .T. ) ;
#1031 = EDGE_CURVE ( 'NONE', #527, #747, #1680, .T. ) ;
#1032 = AXIS2_PLACEMENT_3D ( 'NONE', #1245, #2070, #1859 ) ;
#1033 = DIRECTION ( 'NONE',  ( 0.000000000000000000, 1.000000000000000000, 0.000000000000000000 ) ) ;
#1034 = PLANE ( 'NONE',  #470 ) ;
#1035 = EDGE_CURVE ( 'NONE', #332, #2225, #2308, .T. ) ;
#1036 = ORIENTED_EDGE ( 'NONE', *, *, #1996, .T. ) ;
#1037 = DIRECTION ( 'NONE',  ( 0.000000000000000000, -1.000000000000000000, 0.000000000000000000 ) ) ;
#1038 = DIRECTION ( 'NONE',  ( 0.000000000000000000, 0.000000000000000000, 1.000000000000000000 ) ) ;
#1039 = FACE_OUTER_BOUND ( 'NONE', #2317, .T. ) ;
#1040 = ORIENTED_EDGE ( 'NONE', *, *, #2407, .T. ) ;
#1041 = ORIENTED_EDGE ( 'NONE', *, *, #227, .T. ) ;
#1042 = DIRECTION ( 'NONE',  ( 1.000000000000000000, 0.000000000000000000, 0.000000000000000000 ) ) ;
#1043 = ORIENTED_EDGE ( 'NONE', *, *, #1536, .F. ) ;
#1044 = EDGE_CURVE ( 'NONE', #2162, #1382, #531, .T. ) ;
#1045 = FACE_BOUND ( 'NONE', #377, .T. ) ;
#1046 = FACE_OUTER_BOUND ( 'NONE', #1212, .T. ) ;
#1047 = ADVANCED_FACE ( 'NONE', ( #2374 ), #958, .T. ) ;
#1048 = DIRECTION ( 'NONE',  ( 1.000000000000000000, 0.000000000000000000, 0.000000000000000000 ) ) ;
#1049 = CYLINDRICAL_SURFACE ( 'NONE', #1839, 0.1560000000000001941 ) ;
#1050 = FACE_BOUND ( 'NONE', #1451, .T. ) ;
#1051 = ORIENTED_EDGE ( 'NONE', *, *, #1044, .F. ) ;
#1052 = LINE ( 'NONE', #1865, #2138 ) ;
#1053 = DIRECTION ( 'NONE',  ( -1.000000000000000000, 0.000000000000000000, 3.841661241090376129E-15 ) ) ;
#1054 = ORIENTED_EDGE ( 'NONE', *, *, #1564, .F. ) ;
#1055 = CYLINDRICAL_SURFACE ( 'NONE', #405, 1.440000000000000169 ) ;
#1056 = DIRECTION ( 'NONE',  ( -0.000000000000000000, -0.000000000000000000, 1.000000000000000000 ) ) ;
#1057 = CARTESIAN_POINT ( 'NONE',  ( -0.9100000000000012523, 5.070000000000000284, -0.05999999999999999778 ) ) ;
#1058 = FACE_OUTER_BOUND ( 'NONE', #261, .T. ) ;
#1059 = EDGE_CURVE ( 'NONE', #1541, #1472, #1754, .T. ) ;
#1060 = VECTOR ( 'NONE', #735, 39.37007874015748143 ) ;
#1061 = CARTESIAN_POINT ( 'NONE',  ( -4.380000000000002558, 9.119999999999999218, 0.000000000000000000 ) ) ;
#1062 = VECTOR ( 'NONE', #983, 39.37007874015748143 ) ;
#1063 = VERTEX_POINT ( 'NONE', #2388 ) ;
#1064 = EDGE_CURVE ( 'NONE', #1173, #73, #784, .T. ) ;
#1065 = CARTESIAN_POINT ( 'NONE',  ( 1.889999999999998792, 3.500000000000000000, 0.000000000000000000 ) ) ;
#1066 = AXIS2_PLACEMENT_3D ( 'NONE', #1205, #2028, #1818 ) ;
#1067 =( CONVERSION_BASED_UNIT ( 'INCH', #638 ) LENGTH_UNIT ( ) NAMED_UNIT ( #1856 ) );
#1068 = AXIS2_PLACEMENT_3D ( 'NONE', #1305, #2501, #1462 ) ;
#1069 = ORIENTED_EDGE ( 'NONE', *, *, #2513, .F. ) ;
#1070 = EDGE_LOOP ( 'NONE', ( #166, #1450, #1051, #1636 ) ) ;
#1071 = CIRCLE ( 'NONE', #2103, 0.05999999999999990757 ) ;
#1072 = LINE ( 'NONE', #250, #363 ) ;
#1073 = FACE_OUTER_BOUND ( 'NONE', #455, .T. ) ;
#1074 = ORIENTED_EDGE ( 'NONE', *, *, #880, .F. ) ;
#1075 = VECTOR ( 'NONE', #2244, 39.37007874015748143 ) ;
#1076 = DIRECTION ( 'NONE',  ( 0.000000000000000000, 0.000000000000000000, 1.000000000000000000 ) ) ;
#1077 = DIRECTION ( 'NONE',  ( -0.000000000000000000, 1.000000000000000000, -0.000000000000000000 ) ) ;
#1078 = CARTESIAN_POINT ( 'NONE',  ( -0.9800000000000014255, -1.929999999999999272, -0.05999999999999999778 ) ) ;
#1079 = EDGE_CURVE ( 'NONE', #418, #2090, #354, .T. ) ;
#1080 = EDGE_LOOP ( 'NONE', ( #1030, #146 ) ) ;
#1081 = LINE ( 'NONE', #1647, #1150 ) ;
#1082 = EDGE_CURVE ( 'NONE', #1472, #1176, #1958, .T. ) ;
#1083 = CARTESIAN_POINT ( 'NONE',  ( -4.536000000000003141, 9.119999999999999218, -0.05999999999999999778 ) ) ;
#1084 = ORIENTED_EDGE ( 'NONE', *, *, #123, .T. ) ;
#1085 = ORIENTED_EDGE ( 'NONE', *, *, #1473, .F. ) ;
#1086 = DIRECTION ( 'NONE',  ( -0.000000000000000000, -0.000000000000000000, 1.000000000000000000 ) ) ;
#1087 = DIRECTION ( 'NONE',  ( -1.000000000000000000, 0.000000000000000000, 0.000000000000000000 ) ) ;
#1088 = CARTESIAN_POINT ( 'NONE',  ( 8.110000000000001208, -8.625000000000001776, -0.6300000000000041123 ) ) ;
#1089 = DIRECTION ( 'NONE',  ( 0.000000000000000000, 1.000000000000000000, 1.422837496700139435E-16 ) ) ;
#1090 = FACE_BOUND ( 'NONE', #1262, .T. ) ;
#1091 = ORIENTED_EDGE ( 'NONE', *, *, #1507, .F. ) ;
#1092 = CARTESIAN_POINT ( 'NONE',  ( 8.109999999999997655, -9.500000000000000000, 0.000000000000000000 ) ) ;
#1093 = FACE_OUTER_BOUND ( 'NONE', #1220, .T. ) ;
#1094 = ORIENTED_EDGE ( 'NONE', *, *, #2282, .F. ) ;
#1095 = VERTEX_POINT ( 'NONE', #2154 ) ;
#1096 = EDGE_CURVE ( 'NONE', #1635, #73, #2204, .T. ) ;
#1097 = DIRECTION ( 'NONE',  ( 0.000000000000000000, 0.000000000000000000, 1.000000000000000000 ) ) ;
#1098 = DIRECTION ( 'NONE',  ( -0.000000000000000000, -0.000000000000000000, 1.000000000000000000 ) ) ;
#1099 = ORIENTED_EDGE ( 'NONE', *, *, #445, .F. ) ;
#1100 = DIRECTION ( 'NONE',  ( 0.000000000000000000, 1.000000000000000000, 0.000000000000000000 ) ) ;
#1101 = PLANE ( 'NONE',  #821 ) ;
#1102 = LINE ( 'NONE', #1960, #1829 ) ;
#1103 = VERTEX_POINT ( 'NONE', #151 ) ;
#1104 = CARTESIAN_POINT ( 'NONE',  ( -0.9100000000000008082, 1.929999999999999716, -0.05999999999999999778 ) ) ;
#1105 = VECTOR ( 'NONE', #1584, 39.37007874015748143 ) ;
#1106 = DIRECTION ( 'NONE',  ( 0.000000000000000000, 0.000000000000000000, 1.000000000000000000 ) ) ;
#1107 = ORIENTED_EDGE ( 'NONE', *, *, #2135, .F. ) ;
#1108 = ORIENTED_EDGE ( 'NONE', *, *, #788, .T. ) ;
#1109 = AXIS2_PLACEMENT_3D ( 'NONE', #2616, #1167, #1988 ) ;
#1110 = DIRECTION ( 'NONE',  ( -0.000000000000000000, -0.000000000000000000, 1.000000000000000000 ) ) ;
#1111 = ADVANCED_FACE ( 'NONE', ( #1737 ), #1576, .T. ) ;
#1112 = CARTESIAN_POINT ( 'NONE',  ( 1.439999999999996838, -3.500000000000002220, -0.05999999999999999778 ) ) ;
#1113 = VECTOR ( 'NONE', #708, 39.37007874015748143 ) ;
#1114 = CARTESIAN_POINT ( 'NONE',  ( 0.9799999999999988720, 1.929999999999999716, 0.000000000000000000 ) ) ;
#1115 = STYLED_ITEM ( 'NONE', ( #260 ), #1697 ) ;
#1116 = EDGE_CURVE ( 'NONE', #2632, #2609, #2478, .T. ) ;
#1117 = DIRECTION ( 'NONE',  ( 0.000000000000000000, -1.000000000000000000, 0.000000000000000000 ) ) ;
#1118 = CARTESIAN_POINT ( 'NONE',  ( 0.000000000000000000, 8.630999999999998451, 0.000000000000000000 ) ) ;
#1119 = AXIS2_PLACEMENT_3D ( 'NONE', #1021, #2481, #2287 ) ;
#1120 = EDGE_LOOP ( 'NONE', ( #1436, #2074, #298, #2471 ) ) ;
#1121 = DIRECTION ( 'NONE',  ( 1.000000000000000000, 0.000000000000000000, 0.000000000000000000 ) ) ;
#1122 = ORIENTED_EDGE ( 'NONE', *, *, #755, .F. ) ;
#1123 = ORIENTED_EDGE ( 'NONE', *, *, #339, .F. ) ;
#1124 = DIRECTION ( 'NONE',  ( -0.000000000000000000, -0.000000000000000000, 1.000000000000000000 ) ) ;
#1125 = CARTESIAN_POINT ( 'NONE',  ( 0.8399999999999984146, 5.070000000000000284, 0.000000000000000000 ) ) ;
#1126 = EDGE_LOOP ( 'NONE', ( #2626, #2517 ) ) ;
#1127 = CARTESIAN_POINT ( 'NONE',  ( -8.110000000000001208, -9.500000000000000000, 0.000000000000000000 ) ) ;
#1128 = DIRECTION ( 'NONE',  ( -0.000000000000000000, -1.000000000000000000, -0.000000000000000000 ) ) ;
#1129 = EDGE_CURVE ( 'NONE', #1461, #1103, #1377, .T. ) ;
#1130 = ORIENTED_EDGE ( 'NONE', *, *, #722, .T. ) ;
#1131 = LINE ( 'NONE', #920, #1788 ) ;
#1132 = CARTESIAN_POINT ( 'NONE',  ( 7.983999999999999098, -8.631000000000000227, -0.06000000000000190598 ) ) ;
#1133 = ORIENTED_EDGE ( 'NONE', *, *, #2000, .F. ) ;
#1134 = EDGE_LOOP ( 'NONE', ( #2507, #1600, #965, #2418 ) ) ;
#1135 = DIRECTION ( 'NONE',  ( 0.000000000000000000, 0.000000000000000000, 1.000000000000000000 ) ) ;
#1136 = PRODUCT_CONTEXT ( 'NONE', #2428, 'mechanical' ) ;
#1137 = VERTEX_POINT ( 'NONE', #1138 ) ;
#1138 = CARTESIAN_POINT ( 'NONE',  ( 8.050000000000000711, -8.625000000000001776, -0.6300000000000043343 ) ) ;
#1139 = LINE ( 'NONE', #943, #2339 ) ;
#1140 = CIRCLE ( 'NONE', #843, 0.07000000000000007605 ) ;
#1141 = CARTESIAN_POINT ( 'NONE',  ( -7.970000000000000639, 9.119999999999999218, -0.05999999999999999778 ) ) ;
#1142 = CIRCLE ( 'NONE', #1222, 1.440000000000000169 ) ;
#1143 = DIRECTION ( 'NONE',  ( 0.000000000000000000, 0.000000000000000000, 1.000000000000000000 ) ) ;
#1144 = EDGE_CURVE ( 'NONE', #1137, #937, #119, .T. ) ;
#1145 = VERTEX_POINT ( 'NONE', #1363 ) ;
#1146 = CARTESIAN_POINT ( 'NONE',  ( 0.9099999999999984768, 5.070000000000000284, -0.05999999999999999778 ) ) ;
#1147 = CARTESIAN_POINT ( 'NONE',  ( 4.535999999999998700, -9.120000000000000995, -0.05999999999999999778 ) ) ;
#1148 = EDGE_LOOP ( 'NONE', ( #789, #1928, #1186, #1554 ) ) ;
#1149 = ORIENTED_EDGE ( 'NONE', *, *, #738, .F. ) ;
#1150 = VECTOR ( 'NONE', #1447, 39.37007874015748143 ) ;
#1151 = CARTESIAN_POINT ( 'NONE',  ( -8.110000000000001208, 8.630999999999998451, -0.05999999999997164546 ) ) ;
#1152 = AXIS2_PLACEMENT_3D ( 'NONE', #95, #1977, #1552 ) ;
#1153 = VERTEX_POINT ( 'NONE', #2363 ) ;
#1154 = DIRECTION ( 'NONE',  ( 1.000000000000000000, 0.000000000000000000, -3.491481338843133750E-15 ) ) ;
#1155 = CARTESIAN_POINT ( 'NONE',  ( 7.989999999999998437, -8.625000000000001776, -0.1200000000000018135 ) ) ;
#1156 = AXIS2_PLACEMENT_3D ( 'NONE', #1562, #2179, #942 ) ;
#1157 = DIRECTION ( 'NONE',  ( -0.000000000000000000, -0.000000000000000000, 1.000000000000000000 ) ) ;
#1158 = CARTESIAN_POINT ( 'NONE',  ( 1.819999999999998508, -3.500000000000002220, 0.000000000000000000 ) ) ;
#1159 = VERTEX_POINT ( 'NONE', #163 ) ;
#1160 = VECTOR ( 'NONE', #712, 39.37007874015748143 ) ;
#1161 = EDGE_CURVE ( 'NONE', #1103, #1773, #133, .T. ) ;
#1162 = DIRECTION ( 'NONE',  ( 1.000000000000000000, 0.000000000000000000, 0.000000000000000000 ) ) ;
#1163 = ORIENTED_EDGE ( 'NONE', *, *, #880, .T. ) ;
#1164 = EDGE_CURVE ( 'NONE', #2448, #1414, #1195, .T. ) ;
#1165 = DIRECTION ( 'NONE',  ( 0.000000000000000000, 0.000000000000000000, 1.000000000000000000 ) ) ;
#1166 = VERTEX_POINT ( 'NONE', #743 ) ;
#1167 = DIRECTION ( 'NONE',  ( -1.000000000000000000, 0.000000000000000000, 0.000000000000000000 ) ) ;
#1168 = CARTESIAN_POINT ( 'NONE',  ( 0.9099999999999988098, -5.070000000000000284, -0.05999999999999999778 ) ) ;
#1169 = DIRECTION ( 'NONE',  ( 1.000000000000000000, 0.000000000000000000, 0.000000000000000000 ) ) ;
#1170 = ORIENTED_EDGE ( 'NONE', *, *, #1338, .T. ) ;
#1171 = CARTESIAN_POINT ( 'NONE',  ( 7.989999999999998437, -8.625000000000001776, -1.895219545604582743E-15 ) ) ;
#1172 = ORIENTED_EDGE ( 'NONE', *, *, #302, .T. ) ;
#1173 = VERTEX_POINT ( 'NONE', #2166 ) ;
#1174 = DIRECTION ( 'NONE',  ( 1.000000000000000000, 0.000000000000000000, 0.000000000000000000 ) ) ;
#1175 = CARTESIAN_POINT ( 'NONE',  ( -8.110000000000001208, 9.275177317930166865, -0.05999999999999999778 ) ) ;
#1176 = VERTEX_POINT ( 'NONE', #2589 ) ;
#1177 = EDGE_CURVE ( 'NONE', #1343, #1762, #141, .T. ) ;
#1178 = CARTESIAN_POINT ( 'NONE',  ( -8.110000000000002984, -8.625000000000001776, -0.6300000000000041123 ) ) ;
#1179 = FACE_OUTER_BOUND ( 'NONE', #2419, .T. ) ;
#1180 = EDGE_CURVE ( 'NONE', #21, #2175, #572, .T. ) ;
#1181 = CARTESIAN_POINT ( 'NONE',  ( -7.970000000000000639, 9.119999999999999218, -0.05999999999999999778 ) ) ;
#1182 = DIRECTION ( 'NONE',  ( 0.000000000000000000, 0.000000000000000000, 1.000000000000000000 ) ) ;
#1183 = ORIENTED_EDGE ( 'NONE', *, *, #147, .F. ) ;
#1184 = CARTESIAN_POINT ( 'NONE',  ( -0.9100000000000008082, 1.929999999999999716, 0.000000000000000000 ) ) ;
#1185 = LINE ( 'NONE', #2047, #902 ) ;
#1186 = ORIENTED_EDGE ( 'NONE', *, *, #1892, .F. ) ;
#1187 = VECTOR ( 'NONE', #675, 39.37007874015748143 ) ;
#1188 = EDGE_CURVE ( 'NONE', #286, #1329, #2480, .T. ) ;
#1189 = VECTOR ( 'NONE', #2593, 39.37007874015748143 ) ;
#1190 = FACE_BOUND ( 'NONE', #1080, .T. ) ;
#1191 = CARTESIAN_POINT ( 'NONE',  ( 1.439999999999998836, 3.500000000000000000, 0.000000000000000000 ) ) ;
#1192 = EDGE_CURVE ( 'NONE', #1327, #2269, #187, .T. ) ;
#1193 = CARTESIAN_POINT ( 'NONE',  ( 0.8399999999999986366, 1.929999999999999716, -0.05999999999999999778 ) ) ;
#1194 = DIRECTION ( 'NONE',  ( 0.000000000000000000, 0.000000000000000000, 1.000000000000000000 ) ) ;
#1195 = CIRCLE ( 'NONE', #523, 0.07000000000000007605 ) ;
#1196 = CIRCLE ( 'NONE', #1237, 0.07000000000000007605 ) ;
#1197 = ADVANCED_BREP_SHAPE_REPRESENTATION ( 'PP21341-12-(16gacr ANSI-61) - K48 - V0-R0', ( #1697, #2043 ), #2469 ) ;
#1198 = ORIENTED_EDGE ( 'NONE', *, *, #565, .T. ) ;
#1199 = CARTESIAN_POINT ( 'NONE',  ( 8.109999999999997655, 8.624999999999998224, -0.05999999999999978961 ) ) ;
#1200 = LINE ( 'NONE', #188, #13 ) ;
#1201 = ORIENTED_EDGE ( 'NONE', *, *, #2116, .F. ) ;
#1202 = DIRECTION ( 'NONE',  ( -0.000000000000000000, -0.000000000000000000, 1.000000000000000000 ) ) ;
#1203 = FACE_OUTER_BOUND ( 'NONE', #1224, .T. ) ;
#1204 = PRODUCT_RELATED_PRODUCT_CATEGORY ( 'part', '', ( #1990 ) ) ;
#1205 = CARTESIAN_POINT ( 'NONE',  ( 0.9099999999999988098, -5.070000000000000284, -0.05999999999999999778 ) ) ;
#1206 = LINE ( 'NONE', #2029, #2527 ) ;
#1207 = EDGE_CURVE ( 'NONE', #1773, #2045, #1844, .T. ) ;
#1208 = CARTESIAN_POINT ( 'NONE',  ( 1.749999999999999112, 3.500000000000000000, -0.05999999999999999778 ) ) ;
#1209 = ORIENTED_EDGE ( 'NONE', *, *, #426, .F. ) ;
#1210 = EDGE_LOOP ( 'NONE', ( #741, #1545, #2500, #1201 ) ) ;
#1211 = LINE ( 'NONE', #6, #1753 ) ;
#1212 = EDGE_LOOP ( 'NONE', ( #1236, #2541, #481, #2033 ) ) ;
#1213 = CARTESIAN_POINT ( 'NONE',  ( 1.439999999999998836, 3.500000000000000000, -0.05999999999999999778 ) ) ;
#1214 = CYLINDRICAL_SURFACE ( 'NONE', #2384, 0.07000000000000007605 ) ;
#1215 = ORIENTED_EDGE ( 'NONE', *, *, #70, .T. ) ;
#1216 = FACE_OUTER_BOUND ( 'NONE', #922, .T. ) ;
#1217 = LINE ( 'NONE', #1820, #2184 ) ;
#1218 = EDGE_CURVE ( 'NONE', #1166, #658, #590, .T. ) ;
#1219 = EDGE_LOOP ( 'NONE', ( #1825, #829, #290, #1941 ) ) ;
#1220 = EDGE_LOOP ( 'NONE', ( #2458, #1490, #4, #1607 ) ) ;
#1221 = EDGE_CURVE ( 'NONE', #2175, #1159, #1816, .T. ) ;
#1222 = AXIS2_PLACEMENT_3D ( 'NONE', #480, #1667, #1280 ) ;
#1223 = DIRECTION ( 'NONE',  ( 0.000000000000000000, -1.000000000000000000, 0.000000000000000000 ) ) ;
#1224 = EDGE_LOOP ( 'NONE', ( #598, #1597, #696, #2408 ) ) ;
#1225 = CYLINDRICAL_SURFACE ( 'NONE', #1578, 0.06999999999999979849 ) ;
#1226 = LINE ( 'NONE', #192, #389 ) ;
#1227 = VERTEX_POINT ( 'NONE', #1591 ) ;
#1228 = AXIS2_PLACEMENT_3D ( 'NONE', #1380, #1391, #812 ) ;
#1229 = DIRECTION ( 'NONE',  ( 1.000000000000000000, 0.000000000000000000, 0.000000000000000000 ) ) ;
#1230 = DIRECTION ( 'NONE',  ( 1.000000000000000000, 0.000000000000000000, 2.249438328116413053E-13 ) ) ;
#1231 = AXIS2_PLACEMENT_3D ( 'NONE', #864, #1670, #875 ) ;
#1232 = CARTESIAN_POINT ( 'NONE',  ( 8.109999999999997655, 9.275177317930166865, -0.05999999999999999778 ) ) ;
#1233 = VECTOR ( 'NONE', #659, 39.37007874015748143 ) ;
#1234 = ORIENTED_EDGE ( 'NONE', *, *, #222, .F. ) ;
#1235 = AXIS2_PLACEMENT_3D ( 'NONE', #1412, #1003, #2239 ) ;
#1236 = ORIENTED_EDGE ( 'NONE', *, *, #222, .T. ) ;
#1237 = AXIS2_PLACEMENT_3D ( 'NONE', #2193, #2556, #912 ) ;
#1238 = DIRECTION ( 'NONE',  ( 1.000000000000000000, 0.000000000000000000, -3.491481338843133750E-15 ) ) ;
#1239 = ORIENTED_EDGE ( 'NONE', *, *, #1726, .F. ) ;
#1240 = VECTOR ( 'NONE', #1230, 39.37007874015748143 ) ;
#1241 = EDGE_CURVE ( 'NONE', #1863, #2329, #2568, .T. ) ;
#1242 = DIRECTION ( 'NONE',  ( 0.000000000000000000, 0.000000000000000000, -1.000000000000000000 ) ) ;
#1243 = CARTESIAN_POINT ( 'NONE',  ( -1.750000000000001332, -3.500000000000002220, -0.05999999999999999778 ) ) ;
#1244 = DIRECTION ( 'NONE',  ( -0.000000000000000000, -0.000000000000000000, 1.000000000000000000 ) ) ;
#1245 = CARTESIAN_POINT ( 'NONE',  ( -1.820000000000001394, -3.500000000000002220, -0.05999999999999999778 ) ) ;
#1246 = FACE_BOUND ( 'NONE', #1925, .T. ) ;
#1247 = EDGE_LOOP ( 'NONE', ( #2102, #2152, #662, #1172 ) ) ;
#1248 = LINE ( 'NONE', #299, #1612 ) ;
#1249 = DIRECTION ( 'NONE',  ( -0.000000000000000000, 1.000000000000000000, -0.000000000000000000 ) ) ;
#1250 = ORIENTED_EDGE ( 'NONE', *, *, #1316, .T. ) ;
#1251 = ORIENTED_EDGE ( 'NONE', *, *, #655, .F. ) ;
#1252 = FACE_OUTER_BOUND ( 'NONE', #881, .T. ) ;
#1253 = ADVANCED_FACE ( 'NONE', ( #1437, #33, #2267, #2425, #2214, #832, #1639, #1628, #2451, #396, #822, #1190, #1830, #615, #1045, #446, #1399 ), #806, .T. ) ;
#1254 = CARTESIAN_POINT ( 'NONE',  ( 7.983999999999999098, -8.625000000000001776, -0.06000000000000190598 ) ) ;
#1255 = CARTESIAN_POINT ( 'NONE',  ( -4.536000000000003141, 9.119999999999999218, 0.000000000000000000 ) ) ;
#1256 = EDGE_CURVE ( 'NONE', #614, #2395, #582, .T. ) ;
#1257 = CARTESIAN_POINT ( 'NONE',  ( 1.819999999999998508, -3.500000000000002220, -0.05999999999999999778 ) ) ;
#1258 = DIRECTION ( 'NONE',  ( -0.000000000000000000, -0.000000000000000000, 1.000000000000000000 ) ) ;
#1259 = ORIENTED_EDGE ( 'NONE', *, *, #271, .F. ) ;
#1260 = LINE ( 'NONE', #2088, #514 ) ;
#1261 = VERTEX_POINT ( 'NONE', #1805 ) ;
#1262 = EDGE_LOOP ( 'NONE', ( #1471, #1723 ) ) ;
#1263 = CIRCLE ( 'NONE', #174, 1.440000000000000169 ) ;
#1264 = DIRECTION ( 'NONE',  ( 1.000000000000000000, 0.000000000000000000, 0.000000000000000000 ) ) ;
#1265 = DIRECTION ( 'NONE',  ( 1.000000000000000000, 0.000000000000000000, 0.000000000000000000 ) ) ;
#1266 = VERTEX_POINT ( 'NONE', #2627 ) ;
#1267 = ADVANCED_FACE ( 'NONE', ( #1424 ), #1225, .F. ) ;
#1268 = DIRECTION ( 'NONE',  ( 1.000000000000000000, 0.000000000000000000, 0.000000000000000000 ) ) ;
#1269 = CARTESIAN_POINT ( 'NONE',  ( 7.983999999999999098, 0.000000000000000000, 0.000000000000000000 ) ) ;
#1270 = VECTOR ( 'NONE', #330, 39.37007874015748143 ) ;
#1271 = FACE_BOUND ( 'NONE', #800, .T. ) ;
#1272 = ADVANCED_FACE ( 'NONE', ( #2228 ), #411, .T. ) ;
#1273 = CIRCLE ( 'NONE', #136, 0.06999999999999979849 ) ;
#1274 = ORIENTED_EDGE ( 'NONE', *, *, #2503, .T. ) ;
#1275 = CARTESIAN_POINT ( 'NONE',  ( -0.9800000000000008704, 1.929999999999999716, 0.000000000000000000 ) ) ;
#1276 = VECTOR ( 'NONE', #1655, 39.37007874015748143 ) ;
#1277 = ORIENTED_EDGE ( 'NONE', *, *, #1386, .T. ) ;
#1278 = VERTEX_POINT ( 'NONE', #2037 ) ;
#1279 = DIRECTION ( 'NONE',  ( 0.000000000000000000, 0.000000000000000000, 1.000000000000000000 ) ) ;
#1280 = DIRECTION ( 'NONE',  ( -1.000000000000000000, 0.000000000000000000, 0.000000000000000000 ) ) ;
#1281 = VECTOR ( 'NONE', #1117, 39.37007874015748143 ) ;
#1282 = DIRECTION ( 'NONE',  ( 1.000000000000000000, 0.000000000000000000, 0.000000000000000000 ) ) ;
#1283 = FACE_OUTER_BOUND ( 'NONE', #1434, .T. ) ;
#1284 = EDGE_CURVE ( 'NONE', #2395, #236, #605, .T. ) ;
#1285 = CYLINDRICAL_SURFACE ( 'NONE', #1919, 1.439999999999999947 ) ;
#1286 = EDGE_CURVE ( 'NONE', #367, #530, #1660, .T. ) ;
#1287 = ORIENTED_EDGE ( 'NONE', *, *, #1799, .F. ) ;
#1288 = DIRECTION ( 'NONE',  ( -0.000000000000000000, -0.000000000000000000, 1.000000000000000000 ) ) ;
#1289 = CARTESIAN_POINT ( 'NONE',  ( -0.8400000000000014122, -5.070000000000000284, 0.000000000000000000 ) ) ;
#1290 = EDGE_LOOP ( 'NONE', ( #1368, #1938, #783, #2199 ) ) ;
#1291 = EDGE_LOOP ( 'NONE', ( #2450, #1274 ) ) ;
#1292 = FACE_OUTER_BOUND ( 'NONE', #2599, .T. ) ;
#1293 = FACE_OUTER_BOUND ( 'NONE', #1148, .T. ) ;
#1294 = VERTEX_POINT ( 'NONE', #421 ) ;
#1295 = DIRECTION ( 'NONE',  ( -0.000000000000000000, -0.000000000000000000, 1.000000000000000000 ) ) ;
#1296 = DIRECTION ( 'NONE',  ( 1.000000000000000000, 0.000000000000000000, 0.000000000000000000 ) ) ;
#1297 = PLANE ( 'NONE',  #1152 ) ;
#1298 = VERTEX_POINT ( 'NONE', #1213 ) ;
#1299 = LINE ( 'NONE', #2526, #1963 ) ;
#1300 = EDGE_CURVE ( 'NONE', #2336, #1166, #1026, .T. ) ;
#1301 = DIRECTION ( 'NONE',  ( 0.000000000000000000, 0.000000000000000000, -1.000000000000000000 ) ) ;
#1302 = ORIENTED_EDGE ( 'NONE', *, *, #2634, .F. ) ;
#1303 = EDGE_LOOP ( 'NONE', ( #1787, #323, #2529, #790 ) ) ;
#1304 = EDGE_CURVE ( 'NONE', #1994, #2609, #1897, .T. ) ;
#1305 = CARTESIAN_POINT ( 'NONE',  ( -0.9100000000000008082, 1.929999999999999716, -0.05999999999999999778 ) ) ;
#1306 = DIRECTION ( 'NONE',  ( 1.000000000000000000, 0.000000000000000000, 0.000000000000000000 ) ) ;
#1307 = ORIENTED_EDGE ( 'NONE', *, *, #1180, .T. ) ;
#1308 = CARTESIAN_POINT ( 'NONE',  ( 7.983999999999999098, 8.624999999999998224, -0.05999999999999944267 ) ) ;
#1309 = LINE ( 'NONE', #1269, #1281 ) ;
#1310 = FACE_OUTER_BOUND ( 'NONE', #799, .T. ) ;
#1311 = VECTOR ( 'NONE', #827, 39.37007874015748143 ) ;
#1312 = ORIENTED_EDGE ( 'NONE', *, *, #1930, .T. ) ;
#1313 = CARTESIAN_POINT ( 'NONE',  ( 7.983999999999999098, -8.625000000000001776, 0.000000000000000000 ) ) ;
#1314 = DIRECTION ( 'NONE',  ( -0.000000000000000000, -0.000000000000000000, 1.000000000000000000 ) ) ;
#1315 = EDGE_LOOP ( 'NONE', ( #404, #607 ) ) ;
#1316 = EDGE_CURVE ( 'NONE', #1899, #1278, #2311, .T. ) ;
#1317 = VECTOR ( 'NONE', #1379, 39.37007874015748143 ) ;
#1318 = ORIENTED_EDGE ( 'NONE', *, *, #1256, .T. ) ;
#1319 = DIRECTION ( 'NONE',  ( 1.000000000000000000, 0.000000000000000000, 0.000000000000000000 ) ) ;
#1320 = ORIENTED_EDGE ( 'NONE', *, *, #343, .F. ) ;
#1321 = ADVANCED_FACE ( 'NONE', ( #1926 ), #2331, .T. ) ;
#1322 = AXIS2_PLACEMENT_3D ( 'NONE', #1614, #1033, #2439 ) ;
#1323 = DIRECTION ( 'NONE',  ( -0.000000000000000000, -0.000000000000000000, 1.000000000000000000 ) ) ;
#1324 = VECTOR ( 'NONE', #1663, 39.37007874015748143 ) ;
#1325 = CARTESIAN_POINT ( 'NONE',  ( -8.126000000000004775, -9.130000000000000782, -0.05999999999999999778 ) ) ;
#1326 = LINE ( 'NONE', #2181, #5 ) ;
#1327 = VERTEX_POINT ( 'NONE', #1677 ) ;
#1328 = CARTESIAN_POINT ( 'NONE',  ( -1.440000000000001057, 3.500000000000000000, 0.000000000000000000 ) ) ;
#1329 = VERTEX_POINT ( 'NONE', #280 ) ;
#1330 = EDGE_LOOP ( 'NONE', ( #252, #1709, #198, #640 ) ) ;
#1331 = CARTESIAN_POINT ( 'NONE',  ( 8.110000000000001208, -8.625000000000001776, -0.6300000000000041123 ) ) ;
#1332 =( NAMED_UNIT ( * ) SI_UNIT ( $, .STERADIAN. ) SOLID_ANGLE_UNIT ( ) );
#1333 = ORIENTED_EDGE ( 'NONE', *, *, #561, .F. ) ;
#1334 = ADVANCED_FACE ( 'NONE', ( #304 ), #897, .F. ) ;
#1335 = DIRECTION ( 'NONE',  ( 0.000000000000000000, 1.000000000000000000, 0.000000000000000000 ) ) ;
#1336 = CARTESIAN_POINT ( 'NONE',  ( -8.126000000000001222, 9.119999999999999218, -0.05999999999999999778 ) ) ;
#1337 = CARTESIAN_POINT ( 'NONE',  ( 0.8399999999999986366, -5.070000000000000284, 0.000000000000000000 ) ) ;
#1338 = EDGE_CURVE ( 'NONE', #763, #1137, #1072, .T. ) ;
#1339 = LINE ( 'NONE', #1181, #1062 ) ;
#1340 = ORIENTED_EDGE ( 'NONE', *, *, #1861, .F. ) ;
#1341 = CARTESIAN_POINT ( 'NONE',  ( 8.109999999999997655, 0.000000000000000000, 3.130462885031936347E-14 ) ) ;
#1342 = FACE_OUTER_BOUND ( 'NONE', #1290, .T. ) ;
#1343 = VERTEX_POINT ( 'NONE', #844 ) ;
#1344 = FACE_OUTER_BOUND ( 'NONE', #1330, .T. ) ;
#1345 = ORIENTED_EDGE ( 'NONE', *, *, #2549, .T. ) ;
#1346 = DIRECTION ( 'NONE',  ( -0.000000000000000000, -1.000000000000000000, -1.422837496700139435E-16 ) ) ;
#1347 = CARTESIAN_POINT ( 'NONE',  ( 0.000000000000000000, -8.625000000000001776, -0.000000000000000000 ) ) ;
#1348 = ADVANCED_FACE ( 'NONE', ( #1454 ), #2078, .F. ) ;
#1349 = DIRECTION ( 'NONE',  ( 1.000000000000000000, 0.000000000000000000, 0.000000000000000000 ) ) ;
#1350 = AXIS2_PLACEMENT_3D ( 'NONE', #2531, #698, #1306 ) ;
#1351 = LINE ( 'NONE', #2416, #401 ) ;
#1352 = EDGE_LOOP ( 'NONE', ( #1027, #237 ) ) ;
#1353 = ADVANCED_FACE ( 'NONE', ( #2476 ), #1055, .F. ) ;
#1354 = DIRECTION ( 'NONE',  ( 0.000000000000000000, -0.000000000000000000, -1.000000000000000000 ) ) ;
#1355 = VERTEX_POINT ( 'NONE', #666 ) ;
#1356 = EDGE_LOOP ( 'NONE', ( #128, #2474, #2086, #434 ) ) ;
#1357 = AXIS2_PLACEMENT_3D ( 'NONE', #1023, #2631, #1634 ) ;
#1358 = CARTESIAN_POINT ( 'NONE',  ( 4.379999999999999005, -9.120000000000000995, -0.05999999999999999778 ) ) ;
#1359 = VECTOR ( 'NONE', #1157, 39.37007874015748143 ) ;
#1360 = DIRECTION ( 'NONE',  ( 0.000000000000000000, 0.000000000000000000, -1.000000000000000000 ) ) ;
#1361 = EDGE_LOOP ( 'NONE', ( #926, #1215, #2341, #964 ) ) ;
#1362 = CIRCLE ( 'NONE', #984, 0.07000000000000007605 ) ;
#1363 = CARTESIAN_POINT ( 'NONE',  ( -1.440000000000003499, -3.500000000000002220, 0.000000000000000000 ) ) ;
#1364 = FACE_OUTER_BOUND ( 'NONE', #29, .T. ) ;
#1365 = VECTOR ( 'NONE', #1793, 39.37007874015748143 ) ;
#1366 = VECTOR ( 'NONE', #2569, 39.37007874015748143 ) ;
#1367 = LINE ( 'NONE', #1580, #1189 ) ;
#1368 = ORIENTED_EDGE ( 'NONE', *, *, #2607, .F. ) ;
#1369 = VECTOR ( 'NONE', #120, 39.37007874015748143 ) ;
#1370 = EDGE_CURVE ( 'NONE', #1778, #453, #729, .T. ) ;
#1371 = EDGE_LOOP ( 'NONE', ( #839, #2483 ) ) ;
#1372 = EDGE_LOOP ( 'NONE', ( #1239, #1920, #611, #975 ) ) ;
#1373 = EDGE_CURVE ( 'NONE', #1227, #332, #2293, .T. ) ;
#1374 = DIRECTION ( 'NONE',  ( 0.000000000000000000, -1.000000000000000000, 0.000000000000000000 ) ) ;
#1375 = DIRECTION ( 'NONE',  ( -1.000000000000000000, 0.000000000000000000, 0.000000000000000000 ) ) ;
#1376 = ORIENTED_EDGE ( 'NONE', *, *, #2020, .T. ) ;
#1377 = LINE ( 'NONE', #1178, #853 ) ;
#1378 = DIRECTION ( 'NONE',  ( 0.000000000000000000, 0.000000000000000000, -1.000000000000000000 ) ) ;
#1379 = DIRECTION ( 'NONE',  ( -1.000000000000000000, 0.000000000000000000, 3.835990623682900600E-15 ) ) ;
#1380 = CARTESIAN_POINT ( 'NONE',  ( 1.819999999999998952, 3.500000000000000000, 0.000000000000000000 ) ) ;
#1381 = ORIENTED_EDGE ( 'NONE', *, *, #2046, .F. ) ;
#1382 = VERTEX_POINT ( 'NONE', #479 ) ;
#1383 = EDGE_CURVE ( 'NONE', #444, #1063, #815, .T. ) ;
#1384 = DIRECTION ( 'NONE',  ( 1.000000000000000000, 0.000000000000000000, 0.000000000000000000 ) ) ;
#1385 = EDGE_LOOP ( 'NONE', ( #1091, #989, #279, #766 ) ) ;
#1386 = EDGE_CURVE ( 'NONE', #388, #587, #2056, .T. ) ;
#1387 = DIRECTION ( 'NONE',  ( -1.000000000000000000, 0.000000000000000000, 0.000000000000000000 ) ) ;
#1388 = DIRECTION ( 'NONE',  ( 0.000000000000000000, 0.000000000000000000, 1.000000000000000000 ) ) ;
#1389 = DIRECTION ( 'NONE',  ( 0.000000000000000000, 0.000000000000000000, 1.000000000000000000 ) ) ;
#1390 = AXIS2_PLACEMENT_3D ( 'NONE', #1155, #1770, #1378 ) ;
#1391 = DIRECTION ( 'NONE',  ( 0.000000000000000000, 0.000000000000000000, 1.000000000000000000 ) ) ;
#1392 = ORIENTED_EDGE ( 'NONE', *, *, #867, .T. ) ;
#1393 = VERTEX_POINT ( 'NONE', #49 ) ;
#1394 = DIRECTION ( 'NONE',  ( 0.000000000000000000, 0.000000000000000000, 1.000000000000000000 ) ) ;
#1395 = VERTEX_POINT ( 'NONE', #2490 ) ;
#1396 = CIRCLE ( 'NONE', #259, 0.1560000000000001941 ) ;
#1397 = PRODUCT_DEFINITION_CONTEXT ( 'detailed design', #2021, 'design' ) ;
#1398 = CIRCLE ( 'NONE', #1744, 0.07000000000000007605 ) ;
#1399 = FACE_OUTER_BOUND ( 'NONE', #508, .T. ) ;
#1400 = ADVANCED_FACE ( 'NONE', ( #1252 ), #882, .F. ) ;
#1401 = CYLINDRICAL_SURFACE ( 'NONE', #1604, 0.1560000000000001941 ) ;
#1402 = FACE_OUTER_BOUND ( 'NONE', #2064, .T. ) ;
#1403 = AXIS2_PLACEMENT_3D ( 'NONE', #1502, #1086, #2303 ) ;
#1404 = CARTESIAN_POINT ( 'NONE',  ( 4.223999999999998423, -9.120000000000000995, -0.05999999999999999778 ) ) ;
#1405 = CARTESIAN_POINT ( 'NONE',  ( -0.9100000000000013634, -1.929999999999999272, -0.05999999999999999778 ) ) ;
#1406 = AXIS2_PLACEMENT_3D ( 'NONE', #31, #1648, #1449 ) ;
#1407 = VECTOR ( 'NONE', #296, 39.37007874015748143 ) ;
#1408 = EDGE_LOOP ( 'NONE', ( #1094, #371, #1748, #2189 ) ) ;
#1409 = EDGE_LOOP ( 'NONE', ( #86, #232, #2174, #2185 ) ) ;
#1410 = DIRECTION ( 'NONE',  ( 0.000000000000000000, 0.000000000000000000, 1.000000000000000000 ) ) ;
#1411 = ORIENTED_EDGE ( 'NONE', *, *, #2046, .T. ) ;
#1412 = CARTESIAN_POINT ( 'NONE',  ( 0.9099999999999988098, -5.070000000000000284, 0.000000000000000000 ) ) ;
#1413 = DIRECTION ( 'NONE',  ( 0.000000000000000000, -1.000000000000000000, 0.000000000000000000 ) ) ;
#1414 = VERTEX_POINT ( 'NONE', #1911 ) ;
#1415 = ADVANCED_FACE ( 'NONE', ( #656 ), #682, .F. ) ;
#1416 = DIRECTION ( 'NONE',  ( -0.000000000000000000, -0.000000000000000000, 1.000000000000000000 ) ) ;
#1417 = FACE_OUTER_BOUND ( 'NONE', #157, .T. ) ;
#1418 = DIRECTION ( 'NONE',  ( -0.000000000000000000, -0.000000000000000000, 1.000000000000000000 ) ) ;
#1419 = EDGE_CURVE ( 'NONE', #2511, #524, #1750, .T. ) ;
#1420 = ORIENTED_EDGE ( 'NONE', *, *, #2150, .F. ) ;
#1421 = ORIENTED_EDGE ( 'NONE', *, *, #1730, .T. ) ;
#1422 = LINE ( 'NONE', #2249, #1028 ) ;
#1423 = ORIENTED_EDGE ( 'NONE', *, *, #1059, .F. ) ;
#1424 = FACE_OUTER_BOUND ( 'NONE', #45, .T. ) ;
#1425 = FACE_OUTER_BOUND ( 'NONE', #1372, .T. ) ;
#1426 = ORIENTED_EDGE ( 'NONE', *, *, #850, .T. ) ;
#1427 = CARTESIAN_POINT ( 'NONE',  ( -1.092739197465705287E-15, 3.500000000000000000, -0.05999999999999999778 ) ) ;
#1428 = LINE ( 'NONE', #594, #2230 ) ;
#1429 = ADVANCED_FACE ( 'NONE', ( #1292 ), #292, .F. ) ;
#1430 = LINE ( 'NONE', #2219, #1105 ) ;
#1431 = ADVANCED_FACE ( 'NONE', ( #1344 ), #740, .F. ) ;
#1432 = EDGE_LOOP ( 'NONE', ( #1851, #1516, #1727, #56 ) ) ;
#1433 = CIRCLE ( 'NONE', #1390, 0.05999999999999988676 ) ;
#1434 = EDGE_LOOP ( 'NONE', ( #493, #2289, #2447, #1345 ) ) ;
#1435 = LINE ( 'NONE', #2035, #2570 ) ;
#1436 = ORIENTED_EDGE ( 'NONE', *, *, #291, .F. ) ;
#1437 = FACE_BOUND ( 'NONE', #1801, .T. ) ;
#1438 = CARTESIAN_POINT ( 'NONE',  ( -8.110000000000002984, 8.624999999999998224, -0.6300000000000041123 ) ) ;
#1439 = ORIENTED_EDGE ( 'NONE', *, *, #1930, .F. ) ;
#1440 = AXIS2_PLACEMENT_3D ( 'NONE', #2496, #1288, #258 ) ;
#1441 = DIRECTION ( 'NONE',  ( 1.000000000000000000, -1.944692274331607215E-62, 3.835990623682900600E-15 ) ) ;
#1442 = CARTESIAN_POINT ( 'NONE',  ( -1.890000000000001457, -3.500000000000002220, -0.05999999999999999778 ) ) ;
#1443 = CIRCLE ( 'NONE', #308, 0.07000000000000007605 ) ;
#1444 = PLANE ( 'NONE',  #2394 ) ;
#1445 = ORIENTED_EDGE ( 'NONE', *, *, #718, .T. ) ;
#1446 = VECTOR ( 'NONE', #1110, 39.37007874015748143 ) ;
#1447 = DIRECTION ( 'NONE',  ( -2.428840994005562614E-31, 1.000000000000000000, 6.334719985308437681E-17 ) ) ;
#1448 = ADVANCED_FACE ( 'NONE', ( #159 ), #380, .F. ) ;
#1449 = DIRECTION ( 'NONE',  ( 1.000000000000000000, 0.000000000000000000, 0.000000000000000000 ) ) ;
#1450 = ORIENTED_EDGE ( 'NONE', *, *, #1476, .T. ) ;
#1451 = EDGE_LOOP ( 'NONE', ( #2119, #1069 ) ) ;
#1452 = AXIS2_PLACEMENT_3D ( 'NONE', #217, #2256, #2430 ) ;
#1453 = EDGE_CURVE ( 'NONE', #664, #1548, #924, .T. ) ;
#1454 = FACE_OUTER_BOUND ( 'NONE', #352, .T. ) ;
#1455 = LINE ( 'NONE', #2638, #212 ) ;
#1456 = DIRECTION ( 'NONE',  ( 0.000000000000000000, -1.000000000000000000, 0.000000000000000000 ) ) ;
#1457 = DIRECTION ( 'NONE',  ( 1.000000000000000000, 0.000000000000000000, 0.000000000000000000 ) ) ;
#1458 = EDGE_LOOP ( 'NONE', ( #2048, #2488 ) ) ;
#1459 = ORIENTED_EDGE ( 'NONE', *, *, #685, .F. ) ;
#1460 = EDGE_CURVE ( 'NONE', #617, #367, #2177, .T. ) ;
#1461 = VERTEX_POINT ( 'NONE', #1546 ) ;
#1462 = DIRECTION ( 'NONE',  ( 1.000000000000000000, 0.000000000000000000, 0.000000000000000000 ) ) ;
#1463 = CARTESIAN_POINT ( 'NONE',  ( 1.439999999999996838, -3.500000000000002220, 0.000000000000000000 ) ) ;
#1464 = EDGE_CURVE ( 'NONE', #1759, #695, #540, .T. ) ;
#1465 = LINE ( 'NONE', #1308, #855 ) ;
#1466 = LINE ( 'NONE', #2137, #2443 ) ;
#1467 = FACE_BOUND ( 'NONE', #1811, .T. ) ;
#1468 = EDGE_LOOP ( 'NONE', ( #2261, #2247, #103, #488 ) ) ;
#1469 = PLANE ( 'NONE',  #43 ) ;
#1470 = VECTOR ( 'NONE', #2197, 39.37007874015748143 ) ;
#1471 = ORIENTED_EDGE ( 'NONE', *, *, #758, .F. ) ;
#1472 = VERTEX_POINT ( 'NONE', #2202 ) ;
#1473 = EDGE_CURVE ( 'NONE', #1541, #1159, #776, .T. ) ;
#1474 = DIRECTION ( 'NONE',  ( 0.000000000000000000, 0.000000000000000000, 1.000000000000000000 ) ) ;
#1475 = FACE_OUTER_BOUND ( 'NONE', #1568, .T. ) ;
#1476 = EDGE_CURVE ( 'NONE', #1907, #1382, #2359, .T. ) ;
#1477 = LINE ( 'NONE', #505, #1233 ) ;
#1478 = AXIS2_PLACEMENT_3D ( 'NONE', #1341, #1728, #2539 ) ;
#1479 = CARTESIAN_POINT ( 'NONE',  ( 1.889999999999998792, 3.500000000000000000, -0.05999999999999999778 ) ) ;
#1480 = EDGE_LOOP ( 'NONE', ( #1885, #751 ) ) ;
#1481 = CARTESIAN_POINT ( 'NONE',  ( 8.109999999999997655, 9.499999999999998224, 0.000000000000000000 ) ) ;
#1482 = CIRCLE ( 'NONE', #2098, 0.06999999999999993727 ) ;
#1483 = CYLINDRICAL_SURFACE ( 'NONE', #365, 0.07000000000000007605 ) ;
#1484 = VECTOR ( 'NONE', #23, 39.37007874015748143 ) ;
#1485 = ORIENTED_EDGE ( 'NONE', *, *, #343, .T. ) ;
#1486 = ORIENTED_EDGE ( 'NONE', *, *, #1509, .F. ) ;
#1487 = AXIS2_PLACEMENT_3D ( 'NONE', #1971, #1765, #1174 ) ;
#1488 = DIRECTION ( 'NONE',  ( 1.000000000000000000, 0.000000000000000000, 0.000000000000000000 ) ) ;
#1489 = DIRECTION ( 'NONE',  ( 0.000000000000000000, 0.000000000000000000, 1.000000000000000000 ) ) ;
#1490 = ORIENTED_EDGE ( 'NONE', *, *, #1616, .T. ) ;
#1491 = AXIS2_PLACEMENT_3D ( 'NONE', #1642, #1874, #619 ) ;
#1492 = LINE ( 'NONE', #283, #941 ) ;
#1493 = LINE ( 'NONE', #2323, #905 ) ;
#1494 = EDGE_CURVE ( 'NONE', #439, #1682, #1733, .T. ) ;
#1495 = CARTESIAN_POINT ( 'NONE',  ( 8.110000000000001208, 8.624999999999998224, -0.6300000000000041123 ) ) ;
#1496 = EDGE_LOOP ( 'NONE', ( #814, #420, #2285, #1041, #132, #145, #155, #1823, #289, #361, #1426, #239, #207, #857, #2361, #428, #948, #2292, #1879, #2554, #1107, #538, #1198, #2396, #612, #650, #150, #1307, #1000, #721 ) ) ;
#1497 = EDGE_CURVE ( 'NONE', #2584, #501, #2612, .T. ) ;
#1498 = DIRECTION ( 'NONE',  ( 0.000000000000000000, 1.000000000000000000, 0.000000000000000000 ) ) ;
#1499 = DIRECTION ( 'NONE',  ( 0.000000000000000000, 0.000000000000000000, 1.000000000000000000 ) ) ;
#1500 = ORIENTED_EDGE ( 'NONE', *, *, #1507, .T. ) ;
#1501 = EDGE_LOOP ( 'NONE', ( #1649, #2235, #1982, #114 ) ) ;
#1502 = CARTESIAN_POINT ( 'NONE',  ( 0.9099999999999984768, 5.070000000000000284, -0.05999999999999999778 ) ) ;
#1503 = CARTESIAN_POINT ( 'NONE',  ( -7.984000000000000874, 8.630999999999998451, -0.05999999999994330702 ) ) ;
#1504 = CARTESIAN_POINT ( 'NONE',  ( 8.049999999999998934, -8.625000000000001776, -0.1200000000000015915 ) ) ;
#1505 = DIRECTION ( 'NONE',  ( -1.000000000000000000, 0.000000000000000000, -3.491481338843133750E-15 ) ) ;
#1506 = DIRECTION ( 'NONE',  ( 0.000000000000000000, 0.000000000000000000, 1.000000000000000000 ) ) ;
#1507 = EDGE_CURVE ( 'NONE', #2555, #2413, #1196, .T. ) ;
#1508 = ORIENTED_EDGE ( 'NONE', *, *, #518, .T. ) ;
#1509 = EDGE_CURVE ( 'NONE', #2584, #61, #350, .T. ) ;
#1510 = CARTESIAN_POINT ( 'NONE',  ( -8.110000000000001208, 8.630999999999994898, -0.05999999999999999778 ) ) ;
#1511 = ORIENTED_EDGE ( 'NONE', *, *, #2216, .F. ) ;
#1512 = ORIENTED_EDGE ( 'NONE', *, *, #1284, .F. ) ;
#1513 = AXIS2_PLACEMENT_3D ( 'NONE', #2628, #616, #1817 ) ;
#1514 = CARTESIAN_POINT ( 'NONE',  ( 1.889999999999998792, 3.500000000000000000, -0.05999999999999999778 ) ) ;
#1515 = LINE ( 'NONE', #873, #1519 ) ;
#1516 = ORIENTED_EDGE ( 'NONE', *, *, #1012, .F. ) ;
#1517 = AXIS2_PLACEMENT_3D ( 'NONE', #1602, #833, #230 ) ;
#1518 = DIRECTION ( 'NONE',  ( 1.000000000000000000, 0.000000000000000000, 0.000000000000000000 ) ) ;
#1519 = VECTOR ( 'NONE', #2295, 39.37007874015748143 ) ;
#1520 = DIRECTION ( 'NONE',  ( -1.000000000000000000, 0.000000000000000000, 3.699377491420362432E-15 ) ) ;
#1521 = DIRECTION ( 'NONE',  ( -0.000000000000000000, -0.000000000000000000, 1.000000000000000000 ) ) ;
#1522 = AXIS2_PLACEMENT_3D ( 'NONE', #125, #2142, #548 ) ;
#1523 = EDGE_LOOP ( 'NONE', ( #2498, #869, #200, #465 ) ) ;
#1524 = CARTESIAN_POINT ( 'NONE',  ( 7.983999999999999098, -8.631000000000000227, -0.06000000000000190598 ) ) ;
#1525 = VECTOR ( 'NONE', #138, 39.37007874015748143 ) ;
#1526 = DIRECTION ( 'NONE',  ( 0.000000000000000000, 1.000000000000000000, 0.000000000000000000 ) ) ;
#1527 = ORIENTED_EDGE ( 'NONE', *, *, #25, .T. ) ;
#1528 = CIRCLE ( 'NONE', #681, 1.439999999999999947 ) ;
#1529 = ORIENTED_EDGE ( 'NONE', *, *, #1218, .T. ) ;
#1530 = ADVANCED_FACE ( 'NONE', ( #1571 ), #2398, .T. ) ;
#1531 = AXIS2_PLACEMENT_3D ( 'NONE', #872, #2132, #265 ) ;
#1532 = CARTESIAN_POINT ( 'NONE',  ( -0.9100000000000008082, 1.929999999999999716, -0.05999999999999999778 ) ) ;
#1533 = LINE ( 'NONE', #978, #82 ) ;
#1534 = ORIENTED_EDGE ( 'NONE', *, *, #742, .F. ) ;
#1535 = CIRCLE ( 'NONE', #1796, 0.06999999999999979849 ) ;
#1536 = EDGE_CURVE ( 'NONE', #571, #2606, #484, .T. ) ;
#1537 = CARTESIAN_POINT ( 'NONE',  ( 8.109999999999997655, -8.974822682069833135, -0.05999999999999999778 ) ) ;
#1538 = DIRECTION ( 'NONE',  ( 1.000000000000000000, 0.000000000000000000, 0.000000000000000000 ) ) ;
#1539 = CARTESIAN_POINT ( 'NONE',  ( 0.9799999999999988720, -1.929999999999999716, -0.05999999999999999778 ) ) ;
#1540 = CARTESIAN_POINT ( 'NONE',  ( -8.050000000000002487, 8.624999999999998224, -0.1199999999999429856 ) ) ;
#1541 = VERTEX_POINT ( 'NONE', #528 ) ;
#1542 = DIRECTION ( 'NONE',  ( 0.000000000000000000, 0.000000000000000000, -1.000000000000000000 ) ) ;
#1543 = CYLINDRICAL_SURFACE ( 'NONE', #231, 0.07000000000000007605 ) ;
#1544 = ORIENTED_EDGE ( 'NONE', *, *, #608, .F. ) ;
#1545 = ORIENTED_EDGE ( 'NONE', *, *, #1509, .T. ) ;
#1546 = CARTESIAN_POINT ( 'NONE',  ( -8.110000000000002984, -8.625000000000001776, -0.6300000000000041123 ) ) ;
#1547 = EDGE_CURVE ( 'NONE', #527, #1137, #2586, .T. ) ;
#1548 = VERTEX_POINT ( 'NONE', #1559 ) ;
#1549 = CARTESIAN_POINT ( 'NONE',  ( 8.109999999999997655, -9.500000000000000000, 0.000000000000000000 ) ) ;
#1550 = EDGE_CURVE ( 'NONE', #2025, #1804, #1721, .T. ) ;
#1551 = DIRECTION ( 'NONE',  ( 0.000000000000000000, 0.000000000000000000, 1.000000000000000000 ) ) ;
#1552 = DIRECTION ( 'NONE',  ( 0.000000000000000000, -0.000000000000000000, -1.000000000000000000 ) ) ;
#1553 = DIRECTION ( 'NONE',  ( -0.000000000000000000, -0.000000000000000000, 1.000000000000000000 ) ) ;
#1554 = ORIENTED_EDGE ( 'NONE', *, *, #1646, .T. ) ;
#1555 = DIRECTION ( 'NONE',  ( -1.000000000000000000, 0.000000000000000000, -3.491481338843134539E-15 ) ) ;
#1556 = DIRECTION ( 'NONE',  ( 1.000000000000000000, 0.000000000000000000, 0.000000000000000000 ) ) ;
#1557 = ORIENTED_EDGE ( 'NONE', *, *, #2165, .F. ) ;
#1558 = EDGE_LOOP ( 'NONE', ( #1544, #2537, #2379, #911 ) ) ;
#1559 = CARTESIAN_POINT ( 'NONE',  ( 1.889999999999998792, -3.500000000000002220, 0.000000000000000000 ) ) ;
#1560 = DIRECTION ( 'NONE',  ( 0.000000000000000000, 0.000000000000000000, 1.000000000000000000 ) ) ;
#1561 = ORIENTED_EDGE ( 'NONE', *, *, #2499, .T. ) ;
#1562 = CARTESIAN_POINT ( 'NONE',  ( -8.126000000000004775, -9.130000000000000782, 0.000000000000000000 ) ) ;
#1563 = CARTESIAN_POINT ( 'NONE',  ( -7.970000000000000639, 9.119999999999999218, 0.000000000000000000 ) ) ;
#1564 = EDGE_CURVE ( 'NONE', #388, #102, #1751, .T. ) ;
#1565 = CIRCLE ( 'NONE', #473, 0.06999999999999979849 ) ;
#1566 = LINE ( 'NONE', #1961, #1525 ) ;
#1567 = CYLINDRICAL_SURFACE ( 'NONE', #437, 0.07000000000000007605 ) ;
#1568 = EDGE_LOOP ( 'NONE', ( #2034, #2370, #35, #1485 ) ) ;
#1569 = VERTEX_POINT ( 'NONE', #334 ) ;
#1570 = AXIS2_PLACEMENT_3D ( 'NONE', #1405, #2003, #1620 ) ;
#1571 = FACE_OUTER_BOUND ( 'NONE', #1356, .T. ) ;
#1572 = AXIS2_PLACEMENT_3D ( 'NONE', #701, #1506, #2335 ) ;
#1573 = FACE_OUTER_BOUND ( 'NONE', #539, .T. ) ;
#1574 = VERTEX_POINT ( 'NONE', #130 ) ;
#1575 = AXIS2_PLACEMENT_3D ( 'NONE', #51, #254, #2322 ) ;
#1576 = PLANE ( 'NONE',  #1109 ) ;
#1577 = LINE ( 'NONE', #533, #2465 ) ;
#1578 = AXIS2_PLACEMENT_3D ( 'NONE', #794, #1016, #1601 ) ;
#1579 = AXIS2_PLACEMENT_3D ( 'NONE', #1637, #429, #1803 ) ;
#1580 = CARTESIAN_POINT ( 'NONE',  ( -8.110000000000001208, 8.624999999999998224, -0.05999999999994315436 ) ) ;
#1581 = EDGE_CURVE ( 'NONE', #1574, #184, #515, .T. ) ;
#1582 = EDGE_LOOP ( 'NONE', ( #1716, #1972 ) ) ;
#1583 = CIRCLE ( 'NONE', #2275, 0.1560000000000001941 ) ;
#1584 = DIRECTION ( 'NONE',  ( 0.000000000000000000, -1.000000000000000000, 0.000000000000000000 ) ) ;
#1585 = EDGE_CURVE ( 'NONE', #1623, #1840, #1435, .T. ) ;
#1586 = ORIENTED_EDGE ( 'NONE', *, *, #1494, .F. ) ;
#1587 = EDGE_LOOP ( 'NONE', ( #1250, #2459 ) ) ;
#1588 = DIRECTION ( 'NONE',  ( -0.000000000000000000, -0.000000000000000000, 1.000000000000000000 ) ) ;
#1589 = CARTESIAN_POINT ( 'NONE',  ( -0.9800000000000008704, 1.929999999999999716, -0.05999999999999999778 ) ) ;
#1590 = ORIENTED_EDGE ( 'NONE', *, *, #805, .T. ) ;
#1591 = CARTESIAN_POINT ( 'NONE',  ( 7.983999999999999098, 8.630999999999998451, -0.05999999999999944267 ) ) ;
#1592 = CARTESIAN_POINT ( 'NONE',  ( 8.049999999999998934, 8.624999999999998224, -0.1199999999999998151 ) ) ;
#1593 = DIRECTION ( 'NONE',  ( 1.000000000000000000, 0.000000000000000000, 0.000000000000000000 ) ) ;
#1594 = LINE ( 'NONE', #2417, #891 ) ;
#1595 = EDGE_CURVE ( 'NONE', #551, #438, #2059, .T. ) ;
#1596 = ORIENTED_EDGE ( 'NONE', *, *, #1547, .F. ) ;
#1597 = ORIENTED_EDGE ( 'NONE', *, *, #685, .T. ) ;
#1598 = EDGE_CURVE ( 'NONE', #1414, #2448, #525, .T. ) ;
#1599 = CARTESIAN_POINT ( 'NONE',  ( -8.050000000000000711, 0.000000000000000000, 3.109513996998569071E-14 ) ) ;
#1600 = ORIENTED_EDGE ( 'NONE', *, *, #179, .T. ) ;
#1601 = DIRECTION ( 'NONE',  ( 1.000000000000000000, 0.000000000000000000, 0.000000000000000000 ) ) ;
#1602 = CARTESIAN_POINT ( 'NONE',  ( -8.126000000000004775, -9.130000000000000782, -0.05999999999999999778 ) ) ;
#1603 = DIRECTION ( 'NONE',  ( -0.000000000000000000, -0.000000000000000000, 1.000000000000000000 ) ) ;
#1604 = AXIS2_PLACEMENT_3D ( 'NONE', #643, #242, #2426 ) ;
#1605 = DIRECTION ( 'NONE',  ( -1.000000000000000000, 0.000000000000000000, 0.000000000000000000 ) ) ;
#1606 = DIRECTION ( 'NONE',  ( 0.000000000000000000, 0.000000000000000000, 1.000000000000000000 ) ) ;
#1607 = ORIENTED_EDGE ( 'NONE', *, *, #307, .F. ) ;
#1608 = VERTEX_POINT ( 'NONE', #224 ) ;
#1609 = DIRECTION ( 'NONE',  ( 3.834172622686274970E-15, 0.000000000000000000, 1.000000000000000000 ) ) ;
#1610 = VERTEX_POINT ( 'NONE', #1824 ) ;
#1611 = EDGE_CURVE ( 'NONE', #60, #349, #2625, .T. ) ;
#1612 = VECTOR ( 'NONE', #1498, 39.37007874015748143 ) ;
#1613 = AXIS2_PLACEMENT_3D ( 'NONE', #544, #1521, #1349 ) ;
#1614 = CARTESIAN_POINT ( 'NONE',  ( -8.110000000000001208, 9.499999999999998224, -0.05999999999999999778 ) ) ;
#1615 = CARTESIAN_POINT ( 'NONE',  ( -7.990000000000001101, 8.624999999999998224, -0.1199999999999432077 ) ) ;
#1616 = EDGE_CURVE ( 'NONE', #550, #1574, #1185, .T. ) ;
#1617 = CIRCLE ( 'NONE', #443, 0.07000000000000007605 ) ;
#1618 = DIRECTION ( 'NONE',  ( 0.000000000000000000, 0.000000000000000000, 1.000000000000000000 ) ) ;
#1619 = DIRECTION ( 'NONE',  ( 0.000000000000000000, 0.000000000000000000, 1.000000000000000000 ) ) ;
#1620 = DIRECTION ( 'NONE',  ( 1.000000000000000000, 0.000000000000000000, 0.000000000000000000 ) ) ;
#1621 = AXIS2_PLACEMENT_3D ( 'NONE', #694, #71, #1499 ) ;
#1622 = AXIS2_PLACEMENT_3D ( 'NONE', #500, #1301, #2144 ) ;
#1623 = VERTEX_POINT ( 'NONE', #2635 ) ;
#1624 = ORIENTED_EDGE ( 'NONE', *, *, #227, .F. ) ;
#1625 = CARTESIAN_POINT ( 'NONE',  ( 7.989999999999998437, -8.625000000000001776, -0.1200000000000018135 ) ) ;
#1626 = ORIENTED_EDGE ( 'NONE', *, *, #1218, .F. ) ;
#1627 = EDGE_CURVE ( 'NONE', #1261, #2330, #1211, .T. ) ;
#1628 = FACE_BOUND ( 'NONE', #1582, .T. ) ;
#1629 = DIRECTION ( 'NONE',  ( 1.000000000000000000, 0.000000000000000000, 0.000000000000000000 ) ) ;
#1630 = ORIENTED_EDGE ( 'NONE', *, *, #1304, .T. ) ;
#1631 = ADVANCED_FACE ( 'NONE', ( #2460 ), #171, .F. ) ;
#1632 = CARTESIAN_POINT ( 'NONE',  ( -8.110000000000001208, 8.630999999999998451, -0.05999999999997164546 ) ) ;
#1633 = CARTESIAN_POINT ( 'NONE',  ( 8.125999999999997669, 9.119999999999999218, -0.05999999999999999778 ) ) ;
#1634 = DIRECTION ( 'NONE',  ( 1.000000000000000000, 0.000000000000000000, 0.000000000000000000 ) ) ;
#1635 = VERTEX_POINT ( 'NONE', #392 ) ;
#1636 = ORIENTED_EDGE ( 'NONE', *, *, #2519, .F. ) ;
#1637 = CARTESIAN_POINT ( 'NONE',  ( -1.820000000000001172, 3.500000000000000000, -0.05999999999999999778 ) ) ;
#1638 = ORIENTED_EDGE ( 'NONE', *, *, #2130, .T. ) ;
#1639 = FACE_BOUND ( 'NONE', #1126, .T. ) ;
#1640 = DIRECTION ( 'NONE',  ( 0.000000000000000000, 0.000000000000000000, 1.000000000000000000 ) ) ;
#1641 = DIRECTION ( 'NONE',  ( 0.000000000000000000, -0.000000000000000000, -1.000000000000000000 ) ) ;
#1642 = CARTESIAN_POINT ( 'NONE',  ( -3.278217592397115862E-15, -3.500000000000002220, 0.000000000000000000 ) ) ;
#1643 = EDGE_CURVE ( 'NONE', #2409, #962, #2435, .T. ) ;
#1644 = CARTESIAN_POINT ( 'NONE',  ( -7.984000000000000874, -8.631000000000000227, -0.05999999999994330702 ) ) ;
#1645 = ORIENTED_EDGE ( 'NONE', *, *, #982, .T. ) ;
#1646 = EDGE_CURVE ( 'NONE', #953, #1159, #1422, .T. ) ;
#1647 = CARTESIAN_POINT ( 'NONE',  ( 8.109999999999997655, 8.624999999999998224, -0.1199999999999995931 ) ) ;
#1648 = DIRECTION ( 'NONE',  ( 0.000000000000000000, 0.000000000000000000, 1.000000000000000000 ) ) ;
#1649 = ORIENTED_EDGE ( 'NONE', *, *, #1730, .F. ) ;
#1650 = DIRECTION ( 'NONE',  ( -0.000000000000000000, -0.000000000000000000, 1.000000000000000000 ) ) ;
#1651 = AXIS2_PLACEMENT_3D ( 'NONE', #1146, #2567, #963 ) ;
#1652 = CARTESIAN_POINT ( 'NONE',  ( -0.9100000000000013634, -5.070000000000000284, -0.05999999999999999778 ) ) ;
#1653 = ORIENTED_EDGE ( 'NONE', *, *, #302, .F. ) ;
#1654 = AXIS2_PLACEMENT_3D ( 'NONE', #1797, #2206, #546 ) ;
#1655 = DIRECTION ( 'NONE',  ( 1.000000000000000000, 0.000000000000000000, 0.000000000000000000 ) ) ;
#1656 = CIRCLE ( 'NONE', #1572, 0.07000000000000007605 ) ;
#1657 = DIRECTION ( 'NONE',  ( 1.000000000000000000, 0.000000000000000000, 0.000000000000000000 ) ) ;
#1658 = EDGE_CURVE ( 'NONE', #2045, #1947, #1071, .T. ) ;
#1659 = ORIENTED_EDGE ( 'NONE', *, *, #2077, .F. ) ;
#1660 = CIRCLE ( 'NONE', #1235, 0.07000000000000007605 ) ;
#1661 = DIRECTION ( 'NONE',  ( 0.000000000000000000, 0.000000000000000000, 1.000000000000000000 ) ) ;
#1662 = ADVANCED_FACE ( 'NONE', ( #1001 ), #580, .F. ) ;
#1663 = DIRECTION ( 'NONE',  ( -0.000000000000000000, -0.000000000000000000, 1.000000000000000000 ) ) ;
#1664 = ORIENTED_EDGE ( 'NONE', *, *, #1799, .T. ) ;
#1665 = VERTEX_POINT ( 'NONE', #2210 ) ;
#1666 = DIRECTION ( 'NONE',  ( 1.000000000000000000, 0.000000000000000000, 0.000000000000000000 ) ) ;
#1667 = DIRECTION ( 'NONE',  ( 0.000000000000000000, 0.000000000000000000, 1.000000000000000000 ) ) ;
#1668 = DIRECTION ( 'NONE',  ( 0.000000000000000000, 0.000000000000000000, 1.000000000000000000 ) ) ;
#1669 = DIRECTION ( 'NONE',  ( -0.000000000000000000, -0.000000000000000000, 1.000000000000000000 ) ) ;
#1670 = DIRECTION ( 'NONE',  ( 0.000000000000000000, 0.000000000000000000, 1.000000000000000000 ) ) ;
#1671 = ORIENTED_EDGE ( 'NONE', *, *, #2467, .T. ) ;
#1672 = CARTESIAN_POINT ( 'NONE',  ( -0.9100000000000012523, 5.070000000000000284, -0.05999999999999999778 ) ) ;
#1673 = ADVANCED_FACE ( 'NONE', ( #2449 ), #408, .F. ) ;
#1674 = ORIENTED_EDGE ( 'NONE', *, *, #1116, .F. ) ;
#1675 = ORIENTED_EDGE ( 'NONE', *, *, #850, .F. ) ;
#1676 = EDGE_CURVE ( 'NONE', #1278, #1608, #2613, .T. ) ;
#1677 = CARTESIAN_POINT ( 'NONE',  ( -8.110000000000001208, 9.275177317930166865, 0.000000000000000000 ) ) ;
#1678 = CARTESIAN_POINT ( 'NONE',  ( 7.989999999999998437, 8.624999999999998224, -0.1199999999999993572 ) ) ;
#1679 = ORIENTED_EDGE ( 'NONE', *, *, #1383, .F. ) ;
#1680 = LINE ( 'NONE', #1088, #478 ) ;
#1681 = LINE ( 'NONE', #1644, #939 ) ;
#1682 = VERTEX_POINT ( 'NONE', #613 ) ;
#1683 = DIRECTION ( 'NONE',  ( 0.000000000000000000, 1.000000000000000000, -0.000000000000000000 ) ) ;
#1684 = CARTESIAN_POINT ( 'NONE',  ( -8.110000000000002984, 8.624999999999998224, -0.6300000000000041123 ) ) ;
#1685 = AXIS2_PLACEMENT_3D ( 'NONE', #1336, #2205, #1959 ) ;
#1686 = EDGE_LOOP ( 'NONE', ( #124, #263, #1956, #760 ) ) ;
#1687 = ORIENTED_EDGE ( 'NONE', *, *, #916, .F. ) ;
#1688 = CIRCLE ( 'NONE', #974, 0.1560000000000001941 ) ;
#1689 = CARTESIAN_POINT ( 'NONE',  ( 0.9099999999999988098, -5.070000000000000284, -0.05999999999999999778 ) ) ;
#1690 = EDGE_CURVE ( 'NONE', #502, #1176, #1200, .T. ) ;
#1691 = CARTESIAN_POINT ( 'NONE',  ( 8.109999999999997655, -9.500000000000000000, -0.05999999999999999778 ) ) ;
#1692 = CARTESIAN_POINT ( 'NONE',  ( 7.989999999999998437, -8.625000000000001776, -0.06000000000000190598 ) ) ;
#1693 = ADVANCED_FACE ( 'NONE', ( #419 ), #991, .F. ) ;
#1694 = CARTESIAN_POINT ( 'NONE',  ( -0.9800000000000014255, -1.929999999999999272, 0.000000000000000000 ) ) ;
#1695 = VECTOR ( 'NONE', #2207, 39.37007874015748143 ) ;
#1696 = DIRECTION ( 'NONE',  ( 0.000000000000000000, -1.000000000000000000, 0.000000000000000000 ) ) ;
#1697 = MANIFOLD_SOLID_BREP ( 'Brida de arista1', #2004 ) ;
#1698 = CIRCLE ( 'NONE', #183, 0.1560000000000001941 ) ;
#1699 = ORIENTED_EDGE ( 'NONE', *, *, #1948, .T. ) ;
#1700 = CARTESIAN_POINT ( 'NONE',  ( 8.109999999999997655, -9.500000000000000000, -0.05999999999999999778 ) ) ;
#1701 = CIRCLE ( 'NONE', #1575, 0.06999999999999979849 ) ;
#1702 = FACE_OUTER_BOUND ( 'NONE', #409, .T. ) ;
#1703 = VECTOR ( 'NONE', #1707, 39.37007874015748143 ) ;
#1704 = ORIENTED_EDGE ( 'NONE', *, *, #1643, .F. ) ;
#1705 = ORIENTED_EDGE ( 'NONE', *, *, #2572, .T. ) ;
#1706 = AXIS2_PLACEMENT_3D ( 'NONE', #1939, #1374, #938 ) ;
#1707 = DIRECTION ( 'NONE',  ( 1.000000000000000000, 0.000000000000000000, -2.168133328304976330E-15 ) ) ;
#1708 = CYLINDRICAL_SURFACE ( 'NONE', #1350, 0.1560000000000001941 ) ;
#1709 = ORIENTED_EDGE ( 'NONE', *, *, #2150, .T. ) ;
#1710 = VECTOR ( 'NONE', #1526, 39.37007874015748143 ) ;
#1711 = EDGE_CURVE ( 'NONE', #587, #388, #1535, .T. ) ;
#1712 = LINE ( 'NONE', #711, #2270 ) ;
#1713 = LINE ( 'NONE', #2534, #2315 ) ;
#1714 = DIRECTION ( 'NONE',  ( 0.000000000000000000, 0.000000000000000000, 1.000000000000000000 ) ) ;
#1715 = ADVANCED_FACE ( 'NONE', ( #1093 ), #892, .T. ) ;
#1716 = ORIENTED_EDGE ( 'NONE', *, *, #2278, .T. ) ;
#1717 = DIRECTION ( 'NONE',  ( 1.000000000000000000, 0.000000000000000000, 0.000000000000000000 ) ) ;
#1718 = DIRECTION ( 'NONE',  ( 0.000000000000000000, 0.000000000000000000, 1.000000000000000000 ) ) ;
#1719 = ORIENTED_EDGE ( 'NONE', *, *, #2259, .F. ) ;
#1720 = ORIENTED_EDGE ( 'NONE', *, *, #426, .T. ) ;
#1721 = LINE ( 'NONE', #2163, #777 ) ;
#1722 = DIRECTION ( 'NONE',  ( 0.000000000000000000, 0.000000000000000000, 1.000000000000000000 ) ) ;
#1723 = ORIENTED_EDGE ( 'NONE', *, *, #2015, .F. ) ;
#1724 = CYLINDRICAL_SURFACE ( 'NONE', #139, 0.07000000000000007605 ) ;
#1725 = DIRECTION ( 'NONE',  ( -1.000000000000000000, 0.000000000000000000, -0.000000000000000000 ) ) ;
#1726 = EDGE_CURVE ( 'NONE', #1735, #1009, #1883, .T. ) ;
#1727 = ORIENTED_EDGE ( 'NONE', *, *, #2068, .T. ) ;
#1728 = DIRECTION ( 'NONE',  ( -1.000000000000000000, 0.000000000000000000, -3.834172622686655990E-15 ) ) ;
#1729 = CARTESIAN_POINT ( 'NONE',  ( 8.109999999999997655, -9.500000000000000000, -0.05999999999999999778 ) ) ;
#1730 = EDGE_CURVE ( 'NONE', #1355, #1145, #491, .T. ) ;
#1731 = VERTEX_POINT ( 'NONE', #1289 ) ;
#1732 = EDGE_LOOP ( 'NONE', ( #536, #2280, #1705, #828 ) ) ;
#1733 = LINE ( 'NONE', #955, #1113 ) ;
#1734 = DIRECTION ( 'NONE',  ( 0.000000000000000000, -1.000000000000000000, 0.000000000000000000 ) ) ;
#1735 = VERTEX_POINT ( 'NONE', #1083 ) ;
#1736 = AXIS2_PLACEMENT_3D ( 'NONE', #160, #1560, #1375 ) ;
#1737 = FACE_OUTER_BOUND ( 'NONE', #1993, .T. ) ;
#1738 = CARTESIAN_POINT ( 'NONE',  ( -8.110000000000001208, -9.500000000000000000, -0.05999999999999999778 ) ) ;
#1739 = CARTESIAN_POINT ( 'NONE',  ( 0.9099999999999988098, -5.070000000000000284, 0.000000000000000000 ) ) ;
#1740 = DIRECTION ( 'NONE',  ( -1.000000000000000000, 0.000000000000000000, 0.000000000000000000 ) ) ;
#1741 = CIRCLE ( 'NONE', #2049, 0.1560000000000001941 ) ;
#1742 = ORIENTED_EDGE ( 'NONE', *, *, #1473, .T. ) ;
#1743 = EDGE_CURVE ( 'NONE', #1166, #2336, #407, .T. ) ;
#1744 = AXIS2_PLACEMENT_3D ( 'NONE', #1158, #2405, #961 ) ;
#1745 = CARTESIAN_POINT ( 'NONE',  ( 8.109999999999997655, -9.500000000000000000, -0.05999999999999999778 ) ) ;
#1746 = EDGE_LOOP ( 'NONE', ( #2487, #1500 ) ) ;
#1747 = VECTOR ( 'NONE', #1100, 39.37007874015748143 ) ;
#1748 = ORIENTED_EDGE ( 'NONE', *, *, #667, .F. ) ;
#1749 = ADVANCED_FACE ( 'NONE', ( #1702 ), #2528, .T. ) ;
#1750 = CIRCLE ( 'NONE', #2101, 0.1560000000000001941 ) ;
#1751 = LINE ( 'NONE', #1514, #269 ) ;
#1752 = ORIENTED_EDGE ( 'NONE', *, *, #2572, .F. ) ;
#1753 = VECTOR ( 'NONE', #1223, 39.37007874015748143 ) ;
#1754 = LINE ( 'NONE', #1537, #1024 ) ;
#1755 = CIRCLE ( 'NONE', #949, 0.1560000000000001941 ) ;
#1756 = DIRECTION ( 'NONE',  ( 0.000000000000000000, 0.000000000000000000, -1.000000000000000000 ) ) ;
#1757 = DIRECTION ( 'NONE',  ( 0.000000000000000000, 0.000000000000000000, 1.000000000000000000 ) ) ;
#1758 = CARTESIAN_POINT ( 'NONE',  ( 8.049999999999998934, 8.624999999999998224, -0.1199999999999991351 ) ) ;
#1759 = VERTEX_POINT ( 'NONE', #2328 ) ;
#1760 = LINE ( 'NONE', #2353, #2265 ) ;
#1761 = PLANE ( 'NONE',  #817 ) ;
#1762 = VERTEX_POINT ( 'NONE', #44 ) ;
#1763 = EDGE_CURVE ( 'NONE', #366, #1773, #2509, .T. ) ;
#1764 = ORIENTED_EDGE ( 'NONE', *, *, #393, .F. ) ;
#1765 = DIRECTION ( 'NONE',  ( 0.000000000000000000, 0.000000000000000000, 1.000000000000000000 ) ) ;
#1766 = DIRECTION ( 'NONE',  ( 1.000000000000000000, 0.000000000000000000, 0.000000000000000000 ) ) ;
#1767 = ORIENTED_EDGE ( 'NONE', *, *, #1611, .T. ) ;
#1768 = ADVANCED_FACE ( 'NONE', ( #677 ), #1483, .F. ) ;
#1769 = DIRECTION ( 'NONE',  ( 1.000000000000000000, 0.000000000000000000, 0.000000000000000000 ) ) ;
#1770 = DIRECTION ( 'NONE',  ( -0.000000000000000000, -1.000000000000000000, -1.422837496700139435E-16 ) ) ;
#1771 = CARTESIAN_POINT ( 'NONE',  ( 0.9799999999999988720, 1.929999999999999716, -0.05999999999999999778 ) ) ;
#1772 = DIRECTION ( 'NONE',  ( 1.000000000000000000, 0.000000000000000000, 0.000000000000000000 ) ) ;
#1773 = VERTEX_POINT ( 'NONE', #2473 ) ;
#1774 = LINE ( 'NONE', #761, #1060 ) ;
#1775 = ORIENTED_EDGE ( 'NONE', *, *, #579, .T. ) ;
#1776 = ORIENTED_EDGE ( 'NONE', *, *, #2470, .F. ) ;
#1777 = DIRECTION ( 'NONE',  ( 0.000000000000000000, 0.000000000000000000, 1.000000000000000000 ) ) ;
#1778 = VERTEX_POINT ( 'NONE', #1852 ) ;
#1779 = EDGE_CURVE ( 'NONE', #439, #418, #1880, .T. ) ;
#1780 = CARTESIAN_POINT ( 'NONE',  ( -1.820000000000001394, -3.500000000000002220, 0.000000000000000000 ) ) ;
#1781 = CARTESIAN_POINT ( 'NONE',  ( -1.820000000000001394, -3.500000000000002220, -0.05999999999999999778 ) ) ;
#1782 = VECTOR ( 'NONE', #338, 39.37007874015748143 ) ;
#1783 = ADVANCED_FACE ( 'NONE', ( #2279 ), #452, .T. ) ;
#1784 = DIRECTION ( 'NONE',  ( 0.000000000000000000, 0.000000000000000000, 1.000000000000000000 ) ) ;
#1785 = CARTESIAN_POINT ( 'NONE',  ( -7.990000000000001101, -8.625000000000001776, 0.000000000000000000 ) ) ;
#1786 = VERTEX_POINT ( 'NONE', #346 ) ;
#1787 = ORIENTED_EDGE ( 'NONE', *, *, #1035, .T. ) ;
#1788 = VECTOR ( 'NONE', #1542, 39.37007874015748143 ) ;
#1789 = DIRECTION ( 'NONE',  ( 0.000000000000000000, 0.000000000000000000, 1.000000000000000000 ) ) ;
#1790 = LENGTH_MEASURE_WITH_UNIT ( LENGTH_MEASURE( 0.02539999999999999897 ), #2412 );
#1791 = ORIENTED_EDGE ( 'NONE', *, *, #471, .F. ) ;
#1792 = AXIS2_PLACEMENT_3D ( 'NONE', #1974, #1346, #2196 ) ;
#1793 = DIRECTION ( 'NONE',  ( 0.000000000000000000, 1.000000000000000000, 0.000000000000000000 ) ) ;
#1794 = VECTOR ( 'NONE', #1165, 39.37007874015748143 ) ;
#1795 = ADVANCED_FACE ( 'NONE', ( #113 ), #1761, .T. ) ;
#1796 = AXIS2_PLACEMENT_3D ( 'NONE', #442, #464, #2300 ) ;
#1797 = CARTESIAN_POINT ( 'NONE',  ( -8.126000000000004775, -9.130000000000000782, 0.000000000000000000 ) ) ;
#1798 = CIRCLE ( 'NONE', #1622, 0.1560000000000001941 ) ;
#1799 = EDGE_CURVE ( 'NONE', #541, #2594, #1838, .T. ) ;
#1800 = CARTESIAN_POINT ( 'NONE',  ( -8.110000000000002984, 8.624999999999998224, -0.6300000000000041123 ) ) ;
#1801 = EDGE_LOOP ( 'NONE', ( #1508, #2236 ) ) ;
#1802 = ORIENTED_EDGE ( 'NONE', *, *, #1059, .T. ) ;
#1803 = DIRECTION ( 'NONE',  ( 1.000000000000000000, 0.000000000000000000, 0.000000000000000000 ) ) ;
#1804 = VERTEX_POINT ( 'NONE', #1132 ) ;
#1805 = CARTESIAN_POINT ( 'NONE',  ( -7.984000000000000874, -8.625000000000001776, -0.05999999999999999778 ) ) ;
#1806 = DIRECTION ( 'NONE',  ( 1.000000000000000000, 0.000000000000000000, 0.000000000000000000 ) ) ;
#1807 = DIRECTION ( 'NONE',  ( -0.000000000000000000, -0.000000000000000000, 1.000000000000000000 ) ) ;
#1808 = DIRECTION ( 'NONE',  ( 0.000000000000000000, 0.000000000000000000, 1.000000000000000000 ) ) ;
#1809 = CARTESIAN_POINT ( 'NONE',  ( -8.110000000000001208, -9.500000000000000000, 0.000000000000000000 ) ) ;
#1810 = ADVANCED_FACE ( 'NONE', ( #2381 ), #909, .T. ) ;
#1811 = EDGE_LOOP ( 'NONE', ( #1841, #1099 ) ) ;
#1812 = ORIENTED_EDGE ( 'NONE', *, *, #1419, .T. ) ;
#1813 = ADVANCED_FACE ( 'NONE', ( #510 ), #1543, .F. ) ;
#1814 = DIRECTION ( 'NONE',  ( 0.000000000000000000, -1.422837496700139435E-16, 1.000000000000000000 ) ) ;
#1815 = EDGE_LOOP ( 'NONE', ( #1277, #2044 ) ) ;
#1816 = LINE ( 'NONE', #627, #1484 ) ;
#1817 = DIRECTION ( 'NONE',  ( 1.000000000000000000, 0.000000000000000000, 0.000000000000000000 ) ) ;
#1818 = DIRECTION ( 'NONE',  ( 1.000000000000000000, 0.000000000000000000, 0.000000000000000000 ) ) ;
#1819 = VECTOR ( 'NONE', #164, 39.37007874015748143 ) ;
#1820 = CARTESIAN_POINT ( 'NONE',  ( -7.984000000000000874, 8.624999999999998224, -0.05999999999994330702 ) ) ;
#1821 = AXIS2_PLACEMENT_3D ( 'NONE', #105, #1898, #2544 ) ;
#1822 = ORIENTED_EDGE ( 'NONE', *, *, #2294, .F. ) ;
#1823 = ORIENTED_EDGE ( 'NONE', *, *, #110, .T. ) ;
#1824 = CARTESIAN_POINT ( 'NONE',  ( -7.984000000000000874, 8.624999999999998224, -0.05999999999999999778 ) ) ;
#1825 = ORIENTED_EDGE ( 'NONE', *, *, #884, .F. ) ;
#1826 = AXIS2_PLACEMENT_3D ( 'NONE', #1936, #2551, #1555 ) ;
#1827 = EDGE_CURVE ( 'NONE', #1947, #1863, #2187, .T. ) ;
#1828 = UNCERTAINTY_MEASURE_WITH_UNIT (LENGTH_MEASURE( 1.000000000000000082E-05 ), #1067, 'distance_accuracy_value', 'NONE');
#1829 = VECTOR ( 'NONE', #137, 39.37007874015748143 ) ;
#1830 = FACE_BOUND ( 'NONE', #342, .T. ) ;
#1831 = CARTESIAN_POINT ( 'NONE',  ( -7.984000000000000874, -8.631000000000000227, -0.05999999999999999778 ) ) ;
#1832 = ORIENTED_EDGE ( 'NONE', *, *, #2201, .F. ) ;
#1833 = CIRCLE ( 'NONE', #2054, 0.07000000000000007605 ) ;
#1834 = LINE ( 'NONE', #809, #560 ) ;
#1835 = AXIS2_PLACEMENT_3D ( 'NONE', #2109, #859, #1666 ) ;
#1836 = CARTESIAN_POINT ( 'NONE',  ( 0.8399999999999984146, 5.070000000000000284, -0.05999999999999999778 ) ) ;
#1837 = CYLINDRICAL_SURFACE ( 'NONE', #1357, 0.06999999999999993727 ) ;
#1838 = CIRCLE ( 'NONE', #687, 0.1560000000000001941 ) ;
#1839 = AXIS2_PLACEMENT_3D ( 'NONE', #1633, #52, #2041 ) ;
#1840 = VERTEX_POINT ( 'NONE', #2583 ) ;
#1841 = ORIENTED_EDGE ( 'NONE', *, *, #2603, .F. ) ;
#1842 = CARTESIAN_POINT ( 'NONE',  ( -7.990000000000001101, 8.624999999999998224, -0.1199999999999432077 ) ) ;
#1843 = VERTEX_POINT ( 'NONE', #1328 ) ;
#1844 = LINE ( 'NONE', #1854, #1923 ) ;
#1845 = EDGE_CURVE ( 'NONE', #2609, #2632, #2573, .T. ) ;
#1846 = CARTESIAN_POINT ( 'NONE',  ( 8.109999999999997655, -8.631000000000000227, -0.06000000000000094841 ) ) ;
#1847 = ORIENTED_EDGE ( 'NONE', *, *, #2212, .T. ) ;
#1848 = DIRECTION ( 'NONE',  ( 0.000000000000000000, 0.000000000000000000, 1.000000000000000000 ) ) ;
#1849 = CARTESIAN_POINT ( 'NONE',  ( -8.110000000000001208, 8.630999999999998451, -0.05999999999997164546 ) ) ;
#1850 = CARTESIAN_POINT ( 'NONE',  ( -0.9800000000000013145, 5.070000000000000284, 0.000000000000000000 ) ) ;
#1851 = ORIENTED_EDGE ( 'NONE', *, *, #906, .F. ) ;
#1852 = CARTESIAN_POINT ( 'NONE',  ( 0.9799999999999988720, -1.929999999999999716, -0.05999999999999999778 ) ) ;
#1853 = EDGE_LOOP ( 'NONE', ( #2422, #2595, #2129, #1586 ) ) ;
#1854 = CARTESIAN_POINT ( 'NONE',  ( -8.050000000000000711, 8.624999999999998224, 3.109513996998569071E-14 ) ) ;
#1855 = DIRECTION ( 'NONE',  ( 0.000000000000000000, 1.000000000000000000, -0.000000000000000000 ) ) ;
#1856 = DIMENSIONAL_EXPONENTS ( 1.000000000000000000, 0.000000000000000000, 0.000000000000000000, 0.000000000000000000, 0.000000000000000000, 0.000000000000000000, 0.000000000000000000 ) ;
#1857 = ADVANCED_FACE ( 'NONE', ( #1342 ), #797, .T. ) ;
#1858 = LINE ( 'NONE', #36, #1276 ) ;
#1859 = DIRECTION ( 'NONE',  ( 1.000000000000000000, 0.000000000000000000, 0.000000000000000000 ) ) ;
#1860 = FACE_OUTER_BOUND ( 'NONE', #1496, .T. ) ;
#1861 = EDGE_CURVE ( 'NONE', #2329, #2575, #2540, .T. ) ;
#1862 = AXIS2_PLACEMENT_3D ( 'NONE', #980, #2013, #1538 ) ;
#1863 = VERTEX_POINT ( 'NONE', #126 ) ;
#1864 = AXIS2_PLACEMENT_3D ( 'NONE', #1691, #1265, #683 ) ;
#1865 = CARTESIAN_POINT ( 'NONE',  ( -7.984000000000000874, -8.631000000000000227, -0.05999999999994330702 ) ) ;
#1866 = VECTOR ( 'NONE', #1056, 39.37007874015748143 ) ;
#1867 = DIRECTION ( 'NONE',  ( 0.000000000000000000, 0.000000000000000000, 1.000000000000000000 ) ) ;
#1868 = ORIENTED_EDGE ( 'NONE', *, *, #529, .T. ) ;
#1869 = ORIENTED_EDGE ( 'NONE', *, *, #565, .F. ) ;
#1870 = CARTESIAN_POINT ( 'NONE',  ( -0.9100000000000012523, 5.070000000000000284, 0.000000000000000000 ) ) ;
#1871 = DIRECTION ( 'NONE',  ( 0.000000000000000000, 0.000000000000000000, 1.000000000000000000 ) ) ;
#1872 = AXIS2_PLACEMENT_3D ( 'NONE', #486, #272, #2084 ) ;
#1873 = DIRECTION ( 'NONE',  ( 0.000000000000000000, 0.000000000000000000, 1.000000000000000000 ) ) ;
#1874 = DIRECTION ( 'NONE',  ( 0.000000000000000000, 0.000000000000000000, 1.000000000000000000 ) ) ;
#1875 = VECTOR ( 'NONE', #768, 39.37007874015748143 ) ;
#1876 = CARTESIAN_POINT ( 'NONE',  ( 0.8399999999999986366, -1.929999999999999716, -0.05999999999999999778 ) ) ;
#1877 = VECTOR ( 'NONE', #2026, 39.37007874015748143 ) ;
#1878 = EDGE_CURVE ( 'NONE', #2269, #2162, #1798, .T. ) ;
#1879 = ORIENTED_EDGE ( 'NONE', *, *, #2587, .T. ) ;
#1880 = CIRCLE ( 'NONE', #1406, 0.07000000000000007605 ) ;
#1881 = CARTESIAN_POINT ( 'NONE',  ( -7.984000000000000874, -8.625000000000001776, 0.000000000000000000 ) ) ;
#1882 = VECTOR ( 'NONE', #2160, 39.37007874015748143 ) ;
#1883 = LINE ( 'NONE', #854, #644 ) ;
#1884 = ORIENTED_EDGE ( 'NONE', *, *, #2310, .F. ) ;
#1885 = ORIENTED_EDGE ( 'NONE', *, *, #871, .T. ) ;
#1886 = CARTESIAN_POINT ( 'NONE',  ( -3.278217592397115862E-15, -3.500000000000002220, -0.05999999999999999778 ) ) ;
#1887 = LINE ( 'NONE', #2094, #2217 ) ;
#1888 = CARTESIAN_POINT ( 'NONE',  ( 8.109999999999997655, 8.964822682069831572, 0.000000000000000000 ) ) ;
#1889 = DIRECTION ( 'NONE',  ( -0.000000000000000000, -0.000000000000000000, 1.000000000000000000 ) ) ;
#1890 = ORIENTED_EDGE ( 'NONE', *, *, #2440, .T. ) ;
#1891 = DIRECTION ( 'NONE',  ( -1.000000000000000000, 0.000000000000000000, 0.000000000000000000 ) ) ;
#1892 = EDGE_CURVE ( 'NONE', #953, #21, #2127, .T. ) ;
#1893 = CARTESIAN_POINT ( 'NONE',  ( -1.820000000000001172, 3.500000000000000000, -0.05999999999999999778 ) ) ;
#1894 = ORIENTED_EDGE ( 'NONE', *, *, #288, .F. ) ;
#1895 = ORIENTED_EDGE ( 'NONE', *, *, #1627, .T. ) ;
#1896 = EDGE_CURVE ( 'NONE', #1472, #2175, #1583, .T. ) ;
#1897 = LINE ( 'NONE', #503, #1446 ) ;
#1898 = DIRECTION ( 'NONE',  ( 0.000000000000000000, 0.000000000000000000, 1.000000000000000000 ) ) ;
#1899 = VERTEX_POINT ( 'NONE', #719 ) ;
#1900 = CARTESIAN_POINT ( 'NONE',  ( 8.109999999999997655, 8.630999999999998451, -0.05999999999999972022 ) ) ;
#1901 = LINE ( 'NONE', #887, #1369 ) ;
#1902 = CARTESIAN_POINT ( 'NONE',  ( -4.224000000000002863, 9.119999999999999218, -0.05999999999999999778 ) ) ;
#1903 = ORIENTED_EDGE ( 'NONE', *, *, #834, .F. ) ;
#1904 = LINE ( 'NONE', #83, #2559 ) ;
#1905 = DIRECTION ( 'NONE',  ( -0.000000000000000000, -0.000000000000000000, 1.000000000000000000 ) ) ;
#1906 = CIRCLE ( 'NONE', #2176, 0.1560000000000001941 ) ;
#1907 = VERTEX_POINT ( 'NONE', #1510 ) ;
#1908 = EDGE_CURVE ( 'NONE', #1843, #2298, #603, .T. ) ;
#1909 = ORIENTED_EDGE ( 'NONE', *, *, #253, .T. ) ;
#1910 = AXIS2_PLACEMENT_3D ( 'NONE', #281, #1871, #913 ) ;
#1911 = CARTESIAN_POINT ( 'NONE',  ( -1.890000000000001457, -3.500000000000002220, 0.000000000000000000 ) ) ;
#1912 = CARTESIAN_POINT ( 'NONE',  ( -8.110000000000001208, -8.625000000000001776, -0.1199999999999427497 ) ) ;
#1913 = EDGE_LOOP ( 'NONE', ( #1287, #720, #97, #477 ) ) ;
#1914 = EDGE_CURVE ( 'NONE', #1395, #1635, #2368, .T. ) ;
#1915 = DIRECTION ( 'NONE',  ( 1.000000000000000000, 0.000000000000000000, 0.000000000000000000 ) ) ;
#1916 = DIRECTION ( 'NONE',  ( 0.000000000000000000, 0.000000000000000000, 1.000000000000000000 ) ) ;
#1917 = AXIS2_PLACEMENT_3D ( 'NONE', #2031, #182, #425 ) ;
#1918 = DIRECTION ( 'NONE',  ( 0.000000000000000000, 0.000000000000000000, 1.000000000000000000 ) ) ;
#1919 = AXIS2_PLACEMENT_3D ( 'NONE', #2506, #1258, #1657 ) ;
#1920 = ORIENTED_EDGE ( 'NONE', *, *, #518, .F. ) ;
#1921 = VECTOR ( 'NONE', #337, 39.37007874015748143 ) ;
#1922 = CARTESIAN_POINT ( 'NONE',  ( -1.820000000000001394, -3.500000000000002220, -0.05999999999999999778 ) ) ;
#1923 = VECTOR ( 'NONE', #229, 39.37007874015748143 ) ;
#1924 = ORIENTED_EDGE ( 'NONE', *, *, #271, .T. ) ;
#1925 = EDGE_LOOP ( 'NONE', ( #1674, #733 ) ) ;
#1926 = FACE_OUTER_BOUND ( 'NONE', #968, .T. ) ;
#1927 = DIRECTION ( 'NONE',  ( 0.000000000000000000, 0.000000000000000000, -1.000000000000000000 ) ) ;
#1928 = ORIENTED_EDGE ( 'NONE', *, *, #1180, .F. ) ;
#1929 = VECTOR ( 'NONE', #1669, 39.37007874015748143 ) ;
#1930 = EDGE_CURVE ( 'NONE', #1981, #2511, #2355, .T. ) ;
#1931 = CARTESIAN_POINT ( 'NONE',  ( 1.819999999999998508, -3.500000000000002220, -0.05999999999999999778 ) ) ;
#1932 = FACE_OUTER_BOUND ( 'NONE', #1523, .T. ) ;
#1933 = DIRECTION ( 'NONE',  ( -1.000000000000000000, 0.000000000000000000, 0.000000000000000000 ) ) ;
#1934 = ADVANCED_FACE ( 'NONE', ( #2173 ), #143, .F. ) ;
#1935 = ORIENTED_EDGE ( 'NONE', *, *, #576, .T. ) ;
#1936 = CARTESIAN_POINT ( 'NONE',  ( 8.110000000000001208, 8.624999999999998224, -0.6300000000000041123 ) ) ;
#1937 = ORIENTED_EDGE ( 'NONE', *, *, #1966, .T. ) ;
#1938 = ORIENTED_EDGE ( 'NONE', *, *, #38, .F. ) ;
#1939 = CARTESIAN_POINT ( 'NONE',  ( -8.110000000000002984, -8.625000000000001776, -0.6300000000000041123 ) ) ;
#1940 = DIRECTION ( 'NONE',  ( 0.000000000000000000, 0.000000000000000000, -1.000000000000000000 ) ) ;
#1941 = ORIENTED_EDGE ( 'NONE', *, *, #738, .T. ) ;
#1942 = CARTESIAN_POINT ( 'NONE',  ( -0.9800000000000014255, -1.929999999999999272, -0.05999999999999999778 ) ) ;
#1943 = CARTESIAN_POINT ( 'NONE',  ( 0.8399999999999986366, 1.929999999999999716, 0.000000000000000000 ) ) ;
#1944 = ADVANCED_FACE ( 'NONE', ( #1417 ), #826, .T. ) ;
#1945 = CARTESIAN_POINT ( 'NONE',  ( -8.110000000000001208, -9.285177317930166652, -0.05999999999999999778 ) ) ;
#1946 = CARTESIAN_POINT ( 'NONE',  ( -7.990000000000001101, -8.625000000000001776, -0.05999999999994330702 ) ) ;
#1947 = VERTEX_POINT ( 'NONE', #810 ) ;
#1948 = EDGE_CURVE ( 'NONE', #1145, #2495, #2617, .T. ) ;
#1949 = DIRECTION ( 'NONE',  ( 0.000000000000000000, 0.000000000000000000, -1.000000000000000000 ) ) ;
#1950 = DIRECTION ( 'NONE',  ( -1.000000000000000000, 0.000000000000000000, -3.834172622686655990E-15 ) ) ;
#1951 = EDGE_LOOP ( 'NONE', ( #1149, #566 ) ) ;
#1952 = ORIENTED_EDGE ( 'NONE', *, *, #2499, .F. ) ;
#1953 = VECTOR ( 'NONE', #2463, 39.37007874015748143 ) ;
#1954 = CARTESIAN_POINT ( 'NONE',  ( -0.9800000000000008704, 1.929999999999999716, -0.05999999999999999778 ) ) ;
#1955 = APPLICATION_PROTOCOL_DEFINITION ( 'draft international standard', 'automotive_design', 1998, #2021 ) ;
#1956 = ORIENTED_EDGE ( 'NONE', *, *, #513, .F. ) ;
#1957 = AXIS2_PLACEMENT_3D ( 'NONE', #1678, #251, #883 ) ;
#1958 = LINE ( 'NONE', #756, #639 ) ;
#1959 = DIRECTION ( 'NONE',  ( 1.000000000000000000, 0.000000000000000000, 0.000000000000000000 ) ) ;
#1960 = CARTESIAN_POINT ( 'NONE',  ( -8.110000000000001208, -9.500000000000000000, 0.000000000000000000 ) ) ;
#1961 = CARTESIAN_POINT ( 'NONE',  ( 0.000000000000000000, 8.624999999999998224, 0.000000000000000000 ) ) ;
#1962 = ADVANCED_FACE ( 'NONE', ( #1058 ), #1049, .F. ) ;
#1963 = VECTOR ( 'NONE', #866, 39.37007874015748143 ) ;
#1964 = ORIENTED_EDGE ( 'NONE', *, *, #274, .F. ) ;
#1965 = DIRECTION ( 'NONE',  ( 0.000000000000000000, 1.000000000000000000, 1.422837496700139435E-16 ) ) ;
#1966 = EDGE_CURVE ( 'NONE', #614, #763, #460, .T. ) ;
#1967 = CARTESIAN_POINT ( 'NONE',  ( -7.990000000000001101, 8.624999999999998224, -0.05999999999994330702 ) ) ;
#1968 = VERTEX_POINT ( 'NONE', #1442 ) ;
#1969 = AXIS2_PLACEMENT_3D ( 'NONE', #2136, #483, #309 ) ;
#1970 = ORIENTED_EDGE ( 'NONE', *, *, #982, .F. ) ;
#1971 = CARTESIAN_POINT ( 'NONE',  ( 0.9099999999999988098, 1.929999999999999716, -0.05999999999999999778 ) ) ;
#1972 = ORIENTED_EDGE ( 'NONE', *, *, #244, .T. ) ;
#1973 = AXIS2_PLACEMENT_3D ( 'NONE', #2106, #277, #2089 ) ;
#1974 = CARTESIAN_POINT ( 'NONE',  ( 7.989999999999998437, -8.625000000000001776, -0.1200000000000018135 ) ) ;
#1975 = AXIS2_PLACEMENT_3D ( 'NONE', #2018, #1718, #2630 ) ;
#1976 = LINE ( 'NONE', #152, #1819 ) ;
#1977 = DIRECTION ( 'NONE',  ( 0.000000000000000000, -1.000000000000000000, 0.000000000000000000 ) ) ;
#1978 = DIRECTION ( 'NONE',  ( 1.000000000000000000, 0.000000000000000000, 0.000000000000000000 ) ) ;
#1979 = ORIENTED_EDGE ( 'NONE', *, *, #397, .T. ) ;
#1980 = FACE_OUTER_BOUND ( 'NONE', #2345, .T. ) ;
#1981 = VERTEX_POINT ( 'NONE', #648 ) ;
#1982 = ORIENTED_EDGE ( 'NONE', *, *, #2535, .T. ) ;
#1983 = EDGE_CURVE ( 'NONE', #664, #81, #368, .T. ) ;
#1984 = CARTESIAN_POINT ( 'NONE',  ( -8.126000000000004775, -9.130000000000000782, -0.05999999999999999778 ) ) ;
#1985 = CARTESIAN_POINT ( 'NONE',  ( -7.990000000000001101, 8.624999999999998224, 5.670291991849386142E-14 ) ) ;
#1986 = EDGE_LOOP ( 'NONE', ( #2301, #629 ) ) ;
#1987 = ADVANCED_FACE ( 'NONE', ( #2455 ), #863, .T. ) ;
#1988 = DIRECTION ( 'NONE',  ( 0.000000000000000000, 0.000000000000000000, 1.000000000000000000 ) ) ;
#1989 = DIRECTION ( 'NONE',  ( 0.000000000000000000, 0.000000000000000000, 1.000000000000000000 ) ) ;
#1990 = PRODUCT ( 'PP21341-12-(16gacr ANSI-61) - K48 - V0-R0', 'PP21341-12-(16gacr ANSI-61) - K48 - V0-R0', '', ( #1136 ) ) ;
#1991 = PLANE ( 'NONE',  #519 ) ;
#1992 = LINE ( 'NONE', #1208, #676 ) ;
#1993 = EDGE_LOOP ( 'NONE', ( #1869, #2107, #725, #2312 ) ) ;
#1994 = VERTEX_POINT ( 'NONE', #1836 ) ;
#1995 = FILL_AREA_STYLE_COLOUR ( '', #448 ) ;
#1996 = EDGE_CURVE ( 'NONE', #47, #1227, #1428, .T. ) ;
#1997 = FACE_OUTER_BOUND ( 'NONE', #716, .T. ) ;
#1998 = ORIENTED_EDGE ( 'NONE', *, *, #867, .F. ) ;
#1999 = CARTESIAN_POINT ( 'NONE',  ( -8.050000000000002487, 0.000000000000000000, -0.6300000000000043343 ) ) ;
#2000 = EDGE_CURVE ( 'NONE', #1907, #804, #27, .T. ) ;
#2001 = CYLINDRICAL_SURFACE ( 'NONE', #1862, 0.07000000000000007605 ) ;
#2002 = DIRECTION ( 'NONE',  ( 0.000000000000000000, 0.000000000000000000, 1.000000000000000000 ) ) ;
#2003 = DIRECTION ( 'NONE',  ( -0.000000000000000000, -0.000000000000000000, 1.000000000000000000 ) ) ;
#2004 = CLOSED_SHELL ( 'NONE', ( #2576, #900, #74, #1267, #328, #2306, #637, #1429, #441, #1431, #22, #1334, #489, #206, #195, #256, #1813, #2227, #1253, #458, #2423, #957, #88, #1111, #774, #1715, #2552, #499, #1857, #1272, #2538, #2373, #967, #1415, #1348, #1768, #632, #2362, #1962, #2325, #1448, #801, #1934, #241, #127, #1400, #838, #1693, #1353, #2390, #823, #2457, #92, #791, #1749, #1321, #2453, #691, #2169, #2620, #2393, #413, #1795, #2436, #1783, #2104, #1944, #1530, #1987, #1631, #454, #2032, #1673, #1047, #1662, #14, #2590, #162, #1810, #209 ) ) ;
#2005 = ORIENTED_EDGE ( 'NONE', *, *, #383, .T. ) ;
#2006 = VERTEX_POINT ( 'NONE', #1404 ) ;
#2007 = CIRCLE ( 'NONE', #2223, 0.07000000000000007605 ) ;
#2008 = CARTESIAN_POINT ( 'NONE',  ( -0.9800000000000013145, -5.070000000000000284, -0.05999999999999999778 ) ) ;
#2009 = AXIS2_PLACEMENT_3D ( 'NONE', #1632, #1037, #1641 ) ;
#2010 = ORIENTED_EDGE ( 'NONE', *, *, #2337, .T. ) ;
#2011 = VECTOR ( 'NONE', #1807, 39.37007874015748143 ) ;
#2012 = CARTESIAN_POINT ( 'NONE',  ( 8.109999999999997655, 8.624999999999998224, -0.1199999999999995792 ) ) ;
#2013 = DIRECTION ( 'NONE',  ( -0.000000000000000000, -0.000000000000000000, 1.000000000000000000 ) ) ;
#2014 = AXIS2_PLACEMENT_3D ( 'NONE', #2092, #1097, #697 ) ;
#2015 = EDGE_CURVE ( 'NONE', #2062, #940, #690, .T. ) ;
#2016 = AXIS2_PLACEMENT_3D ( 'NONE', #1625, #2224, #20 ) ;
#2017 = DIRECTION ( 'NONE',  ( -1.000000000000000000, -0.000000000000000000, -0.000000000000000000 ) ) ;
#2018 = CARTESIAN_POINT ( 'NONE',  ( 0.9099999999999984768, 5.070000000000000284, 0.000000000000000000 ) ) ;
#2019 = FACE_OUTER_BOUND ( 'NONE', #118, .T. ) ;
#2020 = EDGE_CURVE ( 'NONE', #2276, #1968, #273, .T. ) ;
#2021 = APPLICATION_CONTEXT ( 'automotive_design' ) ;
#2022 = ORIENTED_EDGE ( 'NONE', *, *, #1419, .F. ) ;
#2023 = ORIENTED_EDGE ( 'NONE', *, *, #1948, .F. ) ;
#2024 = DIRECTION ( 'NONE',  ( 1.000000000000000000, 0.000000000000000000, 0.000000000000000000 ) ) ;
#2025 = VERTEX_POINT ( 'NONE', #2233 ) ;
#2026 = DIRECTION ( 'NONE',  ( 3.834172622686655990E-15, -0.000000000000000000, -1.000000000000000000 ) ) ;
#2027 = PLANE ( 'NONE',  #395 ) ;
#2028 = DIRECTION ( 'NONE',  ( 0.000000000000000000, 0.000000000000000000, 1.000000000000000000 ) ) ;
#2029 = CARTESIAN_POINT ( 'NONE',  ( -8.110000000000001208, -8.631000000000000227, -0.05999999999997164546 ) ) ;
#2030 = EDGE_CURVE ( 'NONE', #64, #1294, #1206, .T. ) ;
#2031 = CARTESIAN_POINT ( 'NONE',  ( -0.9100000000000008082, 1.929999999999999716, -0.05999999999999999778 ) ) ;
#2032 = ADVANCED_FACE ( 'NONE', ( #1283 ), #1101, .T. ) ;
#2033 = ORIENTED_EDGE ( 'NONE', *, *, #1550, .T. ) ;
#2034 = ORIENTED_EDGE ( 'NONE', *, *, #2081, .T. ) ;
#2035 = CARTESIAN_POINT ( 'NONE',  ( 7.989999999999998437, 8.624999999999998224, -0.05999999999999944267 ) ) ;
#2036 = ORIENTED_EDGE ( 'NONE', *, *, #274, .T. ) ;
#2037 = CARTESIAN_POINT ( 'NONE',  ( -0.9800000000000013145, -5.070000000000000284, -0.05999999999999999778 ) ) ;
#2038 = DIRECTION ( 'NONE',  ( 0.000000000000000000, 0.000000000000000000, -1.000000000000000000 ) ) ;
#2039 = ORIENTED_EDGE ( 'NONE', *, *, #2077, .T. ) ;
#2040 = DIRECTION ( 'NONE',  ( 0.000000000000000000, 0.000000000000000000, 1.000000000000000000 ) ) ;
#2041 = DIRECTION ( 'NONE',  ( 1.000000000000000000, 0.000000000000000000, 0.000000000000000000 ) ) ;
#2042 = CARTESIAN_POINT ( 'NONE',  ( -8.110000000000001208, 8.624999999999998224, -0.1199999999999427497 ) ) ;
#2043 = AXIS2_PLACEMENT_3D ( 'NONE', #2399, #570, #335 ) ;
#2044 = ORIENTED_EDGE ( 'NONE', *, *, #1711, .T. ) ;
#2045 = VERTEX_POINT ( 'NONE', #270 ) ;
#2046 = EDGE_CURVE ( 'NONE', #236, #763, #672, .T. ) ;
#2047 = CARTESIAN_POINT ( 'NONE',  ( -8.110000000000001208, -9.500000000000000000, -0.05999999999999999778 ) ) ;
#2048 = ORIENTED_EDGE ( 'NONE', *, *, #954, .F. ) ;
#2049 = AXIS2_PLACEMENT_3D ( 'NONE', #205, #575, #585 ) ;
#2050 = CIRCLE ( 'NONE', #894, 1.439999999999999947 ) ;
#2051 = DIRECTION ( 'NONE',  ( 1.000000000000000000, 0.000000000000000000, 0.000000000000000000 ) ) ;
#2052 = DIRECTION ( 'NONE',  ( 0.000000000000000000, 0.000000000000000000, 1.000000000000000000 ) ) ;
#2053 = ORIENTED_EDGE ( 'NONE', *, *, #2155, .T. ) ;
#2054 = AXIS2_PLACEMENT_3D ( 'NONE', #699, #1076, #2082 ) ;
#2055 = DIRECTION ( 'NONE',  ( 1.000000000000000000, 0.000000000000000000, 0.000000000000000000 ) ) ;
#2056 = CIRCLE ( 'NONE', #2226, 0.06999999999999979849 ) ;
#2057 = CARTESIAN_POINT ( 'NONE',  ( 0.9099999999999988098, 1.929999999999999716, 0.000000000000000000 ) ) ;
#2058 = CARTESIAN_POINT ( 'NONE',  ( -1.092739197465705287E-15, 3.500000000000000000, -0.05999999999999999778 ) ) ;
#2059 = CIRCLE ( 'NONE', #2442, 0.07000000000000007605 ) ;
#2060 = AXIS2_PLACEMENT_3D ( 'NONE', #688, #2348, #2493 ) ;
#2061 = ORIENTED_EDGE ( 'NONE', *, *, #589, .F. ) ;
#2062 = VERTEX_POINT ( 'NONE', #1943 ) ;
#2063 = CARTESIAN_POINT ( 'NONE',  ( 0.9099999999999988098, 1.929999999999999716, -0.05999999999999999778 ) ) ;
#2064 = EDGE_LOOP ( 'NONE', ( #1998, #319, #706, #2191 ) ) ;
#2065 = EDGE_CURVE ( 'NONE', #550, #517, #1755, .T. ) ;
#2066 = DIRECTION ( 'NONE',  ( 0.000000000000000000, -1.000000000000000000, 0.000000000000000000 ) ) ;
#2067 = LINE ( 'NONE', #1243, #391 ) ;
#2068 = EDGE_CURVE ( 'NONE', #2413, #1063, #2334, .T. ) ;
#2069 = CARTESIAN_POINT ( 'NONE',  ( 1.819999999999998952, 3.500000000000000000, -0.05999999999999999778 ) ) ;
#2070 = DIRECTION ( 'NONE',  ( 0.000000000000000000, 0.000000000000000000, 1.000000000000000000 ) ) ;
#2071 = FACE_BOUND ( 'NONE', #932, .T. ) ;
#2072 = ORIENTED_EDGE ( 'NONE', *, *, #2155, .F. ) ;
#2073 = CYLINDRICAL_SURFACE ( 'NONE', #1440, 0.06999999999999979849 ) ;
#2074 = ORIENTED_EDGE ( 'NONE', *, *, #1726, .T. ) ;
#2075 = ORIENTED_EDGE ( 'NONE', *, *, #742, .T. ) ;
#2076 = UNCERTAINTY_MEASURE_WITH_UNIT (LENGTH_MEASURE( 1.000000000000000082E-05 ), #2360, 'distance_accuracy_value', 'NONE');
#2077 = EDGE_CURVE ( 'NONE', #1635, #1569, #1466, .T. ) ;
#2078 = CYLINDRICAL_SURFACE ( 'NONE', #1068, 0.07000000000000007605 ) ;
#2079 = DIRECTION ( 'NONE',  ( -0.000000000000000000, -0.000000000000000000, 1.000000000000000000 ) ) ;
#2080 = ORIENTED_EDGE ( 'NONE', *, *, #1129, .F. ) ;
#2081 = EDGE_CURVE ( 'NONE', #1610, #1025, #1901, .T. ) ;
#2082 = DIRECTION ( 'NONE',  ( 1.000000000000000000, 0.000000000000000000, 0.000000000000000000 ) ) ;
#2083 = DIRECTION ( 'NONE',  ( 1.000000000000000000, 0.000000000000000000, 0.000000000000000000 ) ) ;
#2084 = DIRECTION ( 'NONE',  ( 1.000000000000000000, 0.000000000000000000, 0.000000000000000000 ) ) ;
#2085 = CIRCLE ( 'NONE', #1010, 0.07000000000000007605 ) ;
#2086 = ORIENTED_EDGE ( 'NONE', *, *, #2282, .T. ) ;
#2087 = CIRCLE ( 'NONE', #717, 0.07000000000000007605 ) ;
#2088 = CARTESIAN_POINT ( 'NONE',  ( -8.110000000000001208, -9.500000000000000000, 0.000000000000000000 ) ) ;
#2089 = DIRECTION ( 'NONE',  ( 0.000000000000000000, 0.000000000000000000, 1.000000000000000000 ) ) ;
#2090 = VERTEX_POINT ( 'NONE', #1694 ) ;
#2091 = EDGE_LOOP ( 'NONE', ( #879, #2400, #2010, #475 ) ) ;
#2092 = CARTESIAN_POINT ( 'NONE',  ( -0.9100000000000013634, -5.070000000000000284, -0.05999999999999999778 ) ) ;
#2093 = CIRCLE ( 'NONE', #1228, 0.06999999999999979849 ) ;
#2094 = CARTESIAN_POINT ( 'NONE',  ( 0.9799999999999985389, 5.070000000000000284, -0.05999999999999999778 ) ) ;
#2095 = VECTOR ( 'NONE', #1784, 39.37007874015748143 ) ;
#2096 = CARTESIAN_POINT ( 'NONE',  ( -8.110000000000001208, -9.500000000000000000, -0.05999999999999999778 ) ) ;
#2097 = CYLINDRICAL_SURFACE ( 'NONE', #100, 0.05999999999999990757 ) ;
#2098 = AXIS2_PLACEMENT_3D ( 'NONE', #496, #885, #1282 ) ;
#2099 = EDGE_CURVE ( 'NONE', #653, #976, #1309, .T. ) ;
#2100 = DIRECTION ( 'NONE',  ( 0.000000000000000000, -0.000000000000000000, -1.000000000000000000 ) ) ;
#2101 = AXIS2_PLACEMENT_3D ( 'NONE', #2514, #2319, #494 ) ;
#2102 = ORIENTED_EDGE ( 'NONE', *, *, #2231, .T. ) ;
#2103 = AXIS2_PLACEMENT_3D ( 'NONE', #1842, #601, #1410 ) ;
#2104 = ADVANCED_FACE ( 'NONE', ( #1932 ), #2097, .F. ) ;
#2105 = VECTOR ( 'NONE', #537, 39.37007874015748143 ) ;
#2106 = CARTESIAN_POINT ( 'NONE',  ( -8.110000000000001208, -9.500000000000000000, -0.05999999999999999778 ) ) ;
#2107 = ORIENTED_EDGE ( 'NONE', *, *, #2030, .F. ) ;
#2108 = ORIENTED_EDGE ( 'NONE', *, *, #9, .T. ) ;
#2109 = CARTESIAN_POINT ( 'NONE',  ( -0.9100000000000013634, -5.070000000000000284, -0.05999999999999999778 ) ) ;
#2110 = CARTESIAN_POINT ( 'NONE',  ( 0.9099999999999988098, -1.929999999999999716, 0.000000000000000000 ) ) ;
#2111 = ORIENTED_EDGE ( 'NONE', *, *, #324, .T. ) ;
#2112 = FACE_OUTER_BOUND ( 'NONE', #554, .T. ) ;
#2113 = FACE_BOUND ( 'NONE', #1371, .T. ) ;
#2114 = ORIENTED_EDGE ( 'NONE', *, *, #9, .F. ) ;
#2115 = DIRECTION ( 'NONE',  ( -0.000000000000000000, -0.000000000000000000, 1.000000000000000000 ) ) ;
#2116 = EDGE_CURVE ( 'NONE', #501, #1153, #284, .T. ) ;
#2117 = SURFACE_STYLE_FILL_AREA ( #2497 ) ;
#2118 = ORIENTED_EDGE ( 'NONE', *, *, #987, .T. ) ;
#2119 = ORIENTED_EDGE ( 'NONE', *, *, #2467, .F. ) ;
#2120 = DIRECTION ( 'NONE',  ( 1.000000000000000000, 0.000000000000000000, 0.000000000000000000 ) ) ;
#2121 = CARTESIAN_POINT ( 'NONE',  ( -0.9800000000000013145, 5.070000000000000284, -0.05999999999999999778 ) ) ;
#2122 = DIRECTION ( 'NONE',  ( 0.000000000000000000, 0.000000000000000000, 1.000000000000000000 ) ) ;
#2123 = CARTESIAN_POINT ( 'NONE',  ( 7.989999999999998437, 8.624999999999998224, -0.1199999999999993572 ) ) ;
#2124 = DIRECTION ( 'NONE',  ( -0.000000000000000000, -0.000000000000000000, 1.000000000000000000 ) ) ;
#2125 = EDGE_LOOP ( 'NONE', ( #1791, #2194, #1312, #1812 ) ) ;
#2126 = PLANE ( 'NONE',  #353 ) ;
#2127 = LINE ( 'NONE', #1745, #646 ) ;
#2128 = ORIENTED_EDGE ( 'NONE', *, *, #339, .T. ) ;
#2129 = ORIENTED_EDGE ( 'NONE', *, *, #2513, .T. ) ;
#2130 = EDGE_CURVE ( 'NONE', #349, #2575, #568, .T. ) ;
#2131 = AXIS2_PLACEMENT_3D ( 'NONE', #1503, #1087, #2502 ) ;
#2132 = DIRECTION ( 'NONE',  ( 0.000000000000000000, 1.000000000000000000, -0.000000000000000000 ) ) ;
#2133 = DIRECTION ( 'NONE',  ( -1.000000000000000000, 0.000000000000000000, 0.000000000000000000 ) ) ;
#2134 = ORIENTED_EDGE ( 'NONE', *, *, #1144, .T. ) ;
#2135 = EDGE_CURVE ( 'NONE', #248, #60, #1713, .T. ) ;
#2136 = CARTESIAN_POINT ( 'NONE',  ( -3.278217592397115862E-15, -3.500000000000002220, -0.05999999999999999778 ) ) ;
#2137 = CARTESIAN_POINT ( 'NONE',  ( -8.110000000000001208, 9.499999999999998224, -0.05999999999999999778 ) ) ;
#2138 = VECTOR ( 'NONE', #42, 39.37007874015748143 ) ;
#2139 = CARTESIAN_POINT ( 'NONE',  ( 4.223999999999998423, -9.120000000000000995, 0.000000000000000000 ) ) ;
#2140 = VECTOR ( 'NONE', #960, 39.37007874015748143 ) ;
#2141 = ORIENTED_EDGE ( 'NONE', *, *, #1643, .T. ) ;
#2142 = DIRECTION ( 'NONE',  ( -0.000000000000000000, -0.000000000000000000, 1.000000000000000000 ) ) ;
#2143 = AXIS2_PLACEMENT_3D ( 'NONE', #2069, #1416, #1048 ) ;
#2144 = DIRECTION ( 'NONE',  ( -1.000000000000000000, 0.000000000000000000, 0.000000000000000000 ) ) ;
#2145 = AXIS2_PLACEMENT_3D ( 'NONE', #1984, #1124, #1319 ) ;
#2146 = VERTEX_POINT ( 'NONE', #2521 ) ;
#2147 = EDGE_LOOP ( 'NONE', ( #2114, #1832 ) ) ;
#2148 = AXIS2_PLACEMENT_3D ( 'NONE', #1893, #1867, #2316 ) ;
#2149 = CARTESIAN_POINT ( 'NONE',  ( 8.125999999999997669, -9.130000000000000782, -0.05999999999999999778 ) ) ;
#2150 = EDGE_CURVE ( 'NONE', #517, #1343, #2547, .T. ) ;
#2151 = APPLICATION_PROTOCOL_DEFINITION ( 'draft international standard', 'automotive_design', 1998, #2428 ) ;
#2152 = ORIENTED_EDGE ( 'NONE', *, *, #848, .T. ) ;
#2153 = AXIS2_PLACEMENT_3D ( 'NONE', #2057, #1038, #415 ) ;
#2154 = CARTESIAN_POINT ( 'NONE',  ( 1.749999999999999112, 3.500000000000000000, 0.000000000000000000 ) ) ;
#2155 = EDGE_CURVE ( 'NONE', #674, #541, #15, .T. ) ;
#2156 = CARTESIAN_POINT ( 'NONE',  ( -7.990000000000001101, 8.624999999999998224, -0.1199999999999432077 ) ) ;
#2157 = CARTESIAN_POINT ( 'NONE',  ( 1.819999999999998508, -3.500000000000002220, 0.000000000000000000 ) ) ;
#2158 = ORIENTED_EDGE ( 'NONE', *, *, #1595, .T. ) ;
#2159 = LINE ( 'NONE', #1524, #1270 ) ;
#2160 = DIRECTION ( 'NONE',  ( -1.000000000000000000, 0.000000000000000000, 3.835990623682900600E-15 ) ) ;
#2161 = ORIENTED_EDGE ( 'NONE', *, *, #1878, .F. ) ;
#2162 = VERTEX_POINT ( 'NONE', #660 ) ;
#2163 = CARTESIAN_POINT ( 'NONE',  ( 8.109999999999997655, -8.631000000000000227, -0.06000000000000094841 ) ) ;
#2164 = ORIENTED_EDGE ( 'NONE', *, *, #471, .T. ) ;
#2165 = EDGE_CURVE ( 'NONE', #962, #348, #1493, .T. ) ;
#2166 = CARTESIAN_POINT ( 'NONE',  ( 8.109999999999997655, 9.275177317930166865, 0.000000000000000000 ) ) ;
#2167 = LINE ( 'NONE', #728, #431 ) ;
#2168 = LINE ( 'NONE', #730, #2140 ) ;
#2169 = ADVANCED_FACE ( 'NONE', ( #1364 ), #2578, .T. ) ;
#2170 = DIRECTION ( 'NONE',  ( 0.000000000000000000, 0.000000000000000000, 1.000000000000000000 ) ) ;
#2171 = ORIENTED_EDGE ( 'NONE', *, *, #1627, .F. ) ;
#2172 = FACE_OUTER_BOUND ( 'NONE', #2461, .T. ) ;
#2173 = FACE_OUTER_BOUND ( 'NONE', #2125, .T. ) ;
#2174 = ORIENTED_EDGE ( 'NONE', *, *, #1476, .F. ) ;
#2175 = VERTEX_POINT ( 'NONE', #2375 ) ;
#2176 = AXIS2_PLACEMENT_3D ( 'NONE', #557, #744, #2561 ) ;
#2177 = LINE ( 'NONE', #966, #2397 ) ;
#2178 = ORIENTED_EDGE ( 'NONE', *, *, #107, .F. ) ;
#2179 = DIRECTION ( 'NONE',  ( 0.000000000000000000, 0.000000000000000000, -1.000000000000000000 ) ) ;
#2180 = CARTESIAN_POINT ( 'NONE',  ( -0.9100000000000008082, 1.929999999999999716, 0.000000000000000000 ) ) ;
#2181 = CARTESIAN_POINT ( 'NONE',  ( 7.983999999999999098, -8.625000000000001776, -0.06000000000000190598 ) ) ;
#2182 = DIRECTION ( 'NONE',  ( 1.000000000000000000, 0.000000000000000000, 0.000000000000000000 ) ) ;
#2183 = EDGE_CURVE ( 'NONE', #348, #140, #583, .T. ) ;
#2184 = VECTOR ( 'NONE', #2431, 39.37007874015748143 ) ;
#2185 = ORIENTED_EDGE ( 'NONE', *, *, #2000, .T. ) ;
#2186 = CIRCLE ( 'NONE', #811, 0.1560000000000001941 ) ;
#2187 = LINE ( 'NONE', #1967, #1366 ) ;
#2188 = EDGE_CURVE ( 'NONE', #614, #937, #959, .T. ) ;
#2189 = ORIENTED_EDGE ( 'NONE', *, *, #2420, .F. ) ;
#2190 = VECTOR ( 'NONE', #1603, 39.37007874015748143 ) ;
#2191 = ORIENTED_EDGE ( 'NONE', *, *, #954, .T. ) ;
#2192 = AXIS2_PLACEMENT_3D ( 'NONE', #723, #2574, #369 ) ;
#2193 = CARTESIAN_POINT ( 'NONE',  ( -0.9100000000000012523, 5.070000000000000284, -0.05999999999999999778 ) ) ;
#2194 = ORIENTED_EDGE ( 'NONE', *, *, #2278, .F. ) ;
#2195 = VECTOR ( 'NONE', #830, 39.37007874015748143 ) ;
#2196 = DIRECTION ( 'NONE',  ( 1.000000000000000000, 0.000000000000000000, 3.841661241090376129E-15 ) ) ;
#2197 = DIRECTION ( 'NONE',  ( -1.000000000000000000, 0.000000000000000000, 0.000000000000000000 ) ) ;
#2198 = FACE_OUTER_BOUND ( 'NONE', #1853, .T. ) ;
#2199 = ORIENTED_EDGE ( 'NONE', *, *, #545, .T. ) ;
#2200 = ORIENTED_EDGE ( 'NONE', *, *, #2065, .F. ) ;
#2201 = EDGE_CURVE ( 'NONE', #61, #1153, #2085, .T. ) ;
#2202 = CARTESIAN_POINT ( 'NONE',  ( 8.109999999999997655, -8.974822682069833135, 0.000000000000000000 ) ) ;
#2203 = ORIENTED_EDGE ( 'NONE', *, *, #2099, .T. ) ;
#2204 = LINE ( 'NONE', #556, #1921 ) ;
#2205 = DIRECTION ( 'NONE',  ( -0.000000000000000000, -0.000000000000000000, 1.000000000000000000 ) ) ;
#2206 = DIRECTION ( 'NONE',  ( 0.000000000000000000, 0.000000000000000000, -1.000000000000000000 ) ) ;
#2207 = DIRECTION ( 'NONE',  ( -0.000000000000000000, 1.000000000000000000, -0.000000000000000000 ) ) ;
#2208 = ORIENTED_EDGE ( 'NONE', *, *, #2622, .F. ) ;
#2209 = ORIENTED_EDGE ( 'NONE', *, *, #1598, .F. ) ;
#2210 = CARTESIAN_POINT ( 'NONE',  ( -1.750000000000001332, 3.500000000000000000, 0.000000000000000000 ) ) ;
#2211 = ORIENTED_EDGE ( 'NONE', *, *, #1164, .F. ) ;
#2212 = EDGE_CURVE ( 'NONE', #1294, #248, #1577, .T. ) ;
#2213 = CIRCLE ( 'NONE', #2424, 0.06999999999999993727 ) ;
#2214 = FACE_BOUND ( 'NONE', #1587, .T. ) ;
#2215 = CARTESIAN_POINT ( 'NONE',  ( 7.989999999999998437, 8.624999999999998224, -0.1199999999999993572 ) ) ;
#2216 = EDGE_CURVE ( 'NONE', #937, #962, #1433, .T. ) ;
#2217 = VECTOR ( 'NONE', #1098, 39.37007874015748143 ) ;
#2218 = CARTESIAN_POINT ( 'NONE',  ( -0.9100000000000013634, -1.929999999999999272, -0.05999999999999999778 ) ) ;
#2219 = CARTESIAN_POINT ( 'NONE',  ( -7.984000000000000874, 8.630999999999998451, -0.05999999999994330702 ) ) ;
#2220 = CIRCLE ( 'NONE', #181, 0.1560000000000001941 ) ;
#2221 = ORIENTED_EDGE ( 'NONE', *, *, #2262, .T. ) ;
#2222 = PLANE ( 'NONE',  #219 ) ;
#2223 = AXIS2_PLACEMENT_3D ( 'NONE', #1739, #297, #2563 ) ;
#2224 = DIRECTION ( 'NONE',  ( -0.000000000000000000, -1.000000000000000000, -1.422837496700139435E-16 ) ) ;
#2225 = VERTEX_POINT ( 'NONE', #134 ) ;
#2226 = AXIS2_PLACEMENT_3D ( 'NONE', #2530, #456, #75 ) ;
#2227 = ADVANCED_FACE ( 'NONE', ( #2591 ), #2415, .F. ) ;
#2228 = FACE_OUTER_BOUND ( 'NONE', #820, .T. ) ;
#2229 = FACE_OUTER_BOUND ( 'NONE', #1011, .T. ) ;
#2230 = VECTOR ( 'NONE', #2445, 39.37007874015748143 ) ;
#2231 = EDGE_CURVE ( 'NONE', #1947, #1329, #2167, .T. ) ;
#2232 = LINE ( 'NONE', #2464, #48 ) ;
#2233 = CARTESIAN_POINT ( 'NONE',  ( 8.109999999999997655, -8.631000000000000227, -0.06000000000000094841 ) ) ;
#2234 = CYLINDRICAL_SURFACE ( 'NONE', #1570, 0.07000000000000007605 ) ;
#2235 = ORIENTED_EDGE ( 'NONE', *, *, #2485, .F. ) ;
#2236 = ORIENTED_EDGE ( 'NONE', *, *, #291, .T. ) ;
#2237 = DIRECTION ( 'NONE',  ( -0.000000000000000000, -1.000000000000000000, -0.000000000000000000 ) ) ;
#2238 = ORIENTED_EDGE ( 'NONE', *, *, #1096, .T. ) ;
#2239 = DIRECTION ( 'NONE',  ( 1.000000000000000000, 0.000000000000000000, 0.000000000000000000 ) ) ;
#2240 = CARTESIAN_POINT ( 'NONE',  ( -8.050000000000000711, -8.625000000000001776, -0.1199999999999429856 ) ) ;
#2241 = ORIENTED_EDGE ( 'NONE', *, *, #579, .F. ) ;
#2242 = EDGE_CURVE ( 'NONE', #1063, #444, #1140, .T. ) ;
#2243 = CARTESIAN_POINT ( 'NONE',  ( 1.749999999999998446, -3.500000000000002220, -0.05999999999999999778 ) ) ;
#2244 = DIRECTION ( 'NONE',  ( 3.834172622686655990E-15, 0.000000000000000000, -1.000000000000000000 ) ) ;
#2245 = EDGE_CURVE ( 'NONE', #2253, #617, #170, .T. ) ;
#2246 = CARTESIAN_POINT ( 'NONE',  ( 8.109999999999997655, -9.500000000000000000, -0.05999999999999999778 ) ) ;
#2247 = ORIENTED_EDGE ( 'NONE', *, *, #871, .F. ) ;
#2248 = ORIENTED_EDGE ( 'NONE', *, *, #1144, .F. ) ;
#2249 = CARTESIAN_POINT ( 'NONE',  ( 8.109999999999997655, -9.500000000000000000, -0.05999999999999999778 ) ) ;
#2250 = EDGE_LOOP ( 'NONE', ( #221, #1679 ) ) ;
#2251 = CARTESIAN_POINT ( 'NONE',  ( 8.109999999999997655, 8.624999999999998224, -0.05999999999999978961 ) ) ;
#2252 = CYLINDRICAL_SURFACE ( 'NONE', #1517, 0.1560000000000001941 ) ;
#2253 = VERTEX_POINT ( 'NONE', #355 ) ;
#2254 = PLANE ( 'NONE',  #2009 ) ;
#2255 = AXIS2_PLACEMENT_3D ( 'NONE', #1781, #1551, #385 ) ;
#2256 = DIRECTION ( 'NONE',  ( -1.000000000000000000, 0.000000000000000000, 3.834172622686274970E-15 ) ) ;
#2257 = PLANE ( 'NONE',  #90 ) ;
#2258 = VECTOR ( 'NONE', #1360, 39.37007874015748143 ) ;
#2259 = EDGE_CURVE ( 'NONE', #1298, #2298, #1139, .T. ) ;
#2260 = EDGE_LOOP ( 'NONE', ( #1340, #816, #2128, #1638 ) ) ;
#2261 = ORIENTED_EDGE ( 'NONE', *, *, #70, .F. ) ;
#2262 = EDGE_CURVE ( 'NONE', #1623, #614, #37, .T. ) ;
#2263 = CARTESIAN_POINT ( 'NONE',  ( 7.989999999999998437, -8.625000000000001776, -0.1200000000000018135 ) ) ;
#2264 = ORIENTED_EDGE ( 'NONE', *, *, #1035, .F. ) ;
#2265 = VECTOR ( 'NONE', #1965, 39.37007874015748143 ) ;
#2266 = VECTOR ( 'NONE', #1593, 39.37007874015748143 ) ;
#2267 = FACE_BOUND ( 'NONE', #1352, .T. ) ;
#2268 = FACE_OUTER_BOUND ( 'NONE', #2358, .T. ) ;
#2269 = VERTEX_POINT ( 'NONE', #1563 ) ;
#2270 = VECTOR ( 'NONE', #2122, 39.37007874015748143 ) ;
#2271 = LINE ( 'NONE', #2454, #2190 ) ;
#2272 = AXIS2_PLACEMENT_3D ( 'NONE', #2149, #1135, #552 ) ;
#2273 = FACE_BOUND ( 'NONE', #1458, .T. ) ;
#2274 = PRESENTATION_LAYER_ASSIGNMENT (  '', '', ( #1115 ) ) ;
#2275 = AXIS2_PLACEMENT_3D ( 'NONE', #101, #318, #704 ) ;
#2276 = VERTEX_POINT ( 'NONE', #970 ) ;
#2277 = DIRECTION ( 'NONE',  ( 0.000000000000000000, 0.000000000000000000, 1.000000000000000000 ) ) ;
#2278 = EDGE_CURVE ( 'NONE', #1981, #2006, #1906, .T. ) ;
#2279 = FACE_OUTER_BOUND ( 'NONE', #1686, .T. ) ;
#2280 = ORIENTED_EDGE ( 'NONE', *, *, #919, .F. ) ;
#2281 = ORIENTED_EDGE ( 'NONE', *, *, #2519, .T. ) ;
#2282 = EDGE_CURVE ( 'NONE', #2575, #1461, #1976, .T. ) ;
#2283 = CARTESIAN_POINT ( 'NONE',  ( 0.9099999999999988098, -1.929999999999999716, -0.05999999999999999778 ) ) ;
#2284 = CARTESIAN_POINT ( 'NONE',  ( -0.8400000000000011902, 5.070000000000000284, -0.05999999999999999778 ) ) ;
#2285 = ORIENTED_EDGE ( 'NONE', *, *, #2183, .F. ) ;
#2286 = CARTESIAN_POINT ( 'NONE',  ( -8.110000000000001208, 9.499999999999998224, 0.000000000000000000 ) ) ;
#2287 = DIRECTION ( 'NONE',  ( 0.000000000000000000, -0.000000000000000000, 1.000000000000000000 ) ) ;
#2288 = CARTESIAN_POINT ( 'NONE',  ( 0.9799999999999988720, -1.929999999999999716, 0.000000000000000000 ) ) ;
#2289 = ORIENTED_EDGE ( 'NONE', *, *, #2262, .F. ) ;
#2290 = DIRECTION ( 'NONE',  ( 1.000000000000000000, 0.000000000000000000, 0.000000000000000000 ) ) ;
#2291 = ORIENTED_EDGE ( 'NONE', *, *, #770, .F. ) ;
#2292 = ORIENTED_EDGE ( 'NONE', *, *, #848, .F. ) ;
#2293 = LINE ( 'NONE', #87, #1703 ) ;
#2294 = EDGE_CURVE ( 'NONE', #1968, #2276, #929, .T. ) ;
#2295 = DIRECTION ( 'NONE',  ( -0.000000000000000000, -0.000000000000000000, 1.000000000000000000 ) ) ;
#2296 = PLANE ( 'NONE',  #94 ) ;
#2297 = DIRECTION ( 'NONE',  ( 0.000000000000000000, 0.000000000000000000, 1.000000000000000000 ) ) ;
#2298 = VERTEX_POINT ( 'NONE', #1191 ) ;
#2299 = CARTESIAN_POINT ( 'NONE',  ( 8.109999999999997655, -9.500000000000000000, 0.000000000000000000 ) ) ;
#2300 = DIRECTION ( 'NONE',  ( 1.000000000000000000, 0.000000000000000000, 0.000000000000000000 ) ) ;
#2301 = ORIENTED_EDGE ( 'NONE', *, *, #718, .F. ) ;
#2302 = ORIENTED_EDGE ( 'NONE', *, *, #1914, .F. ) ;
#2303 = DIRECTION ( 'NONE',  ( 1.000000000000000000, 0.000000000000000000, 0.000000000000000000 ) ) ;
#2304 = AXIS2_PLACEMENT_3D ( 'NONE', #112, #156, #1717 ) ;
#2305 = PLANE ( 'NONE',  #509 ) ;
#2306 = ADVANCED_FACE ( 'NONE', ( #1179 ), #2001, .F. ) ;
#2307 = AXIS2_PLACEMENT_3D ( 'NONE', #2058, #2468, #1457 ) ;
#2308 = LINE ( 'NONE', #1900, #2565 ) ;
#2309 = PLANE ( 'NONE',  #440 ) ;
#2310 = EDGE_CURVE ( 'NONE', #64, #695, #928, .T. ) ;
#2311 = CIRCLE ( 'NONE', #2014, 0.06999999999999993727 ) ;
#2312 = ORIENTED_EDGE ( 'NONE', *, *, #1464, .F. ) ;
#2313 = AXIS2_PLACEMENT_3D ( 'NONE', #935, #1950, #921 ) ;
#2314 = CARTESIAN_POINT ( 'NONE',  ( 1.749999999999998446, -3.500000000000002220, -0.05999999999999999778 ) ) ;
#2315 = VECTOR ( 'NONE', #93, 39.37007874015748143 ) ;
#2316 = DIRECTION ( 'NONE',  ( 1.000000000000000000, 0.000000000000000000, 0.000000000000000000 ) ) ;
#2317 = EDGE_LOOP ( 'NONE', ( #1209, #1392, #779, #1719 ) ) ;
#2318 = ORIENTED_EDGE ( 'NONE', *, *, #1161, .F. ) ;
#2319 = DIRECTION ( 'NONE',  ( 0.000000000000000000, 0.000000000000000000, 1.000000000000000000 ) ) ;
#2320 = DIRECTION ( 'NONE',  ( 0.000000000000000000, 0.000000000000000000, 1.000000000000000000 ) ) ;
#2321 = ORIENTED_EDGE ( 'NONE', *, *, #1031, .F. ) ;
#2322 = DIRECTION ( 'NONE',  ( 1.000000000000000000, 0.000000000000000000, 0.000000000000000000 ) ) ;
#2323 = CARTESIAN_POINT ( 'NONE',  ( 7.989999999999998437, -8.625000000000001776, -0.06000000000000190598 ) ) ;
#2324 = DIRECTION ( 'NONE',  ( -0.000000000000000000, -1.000000000000000000, -0.000000000000000000 ) ) ;
#2325 = ADVANCED_FACE ( 'NONE', ( #2229 ), #2252, .F. ) ;
#2326 = ORIENTED_EDGE ( 'NONE', *, *, #2135, .T. ) ;
#2327 = FACE_OUTER_BOUND ( 'NONE', #1070, .T. ) ;
#2328 = CARTESIAN_POINT ( 'NONE',  ( -8.110000000000001208, -8.974822682069834912, 0.000000000000000000 ) ) ;
#2329 = VERTEX_POINT ( 'NONE', #2240 ) ;
#2330 = VERTEX_POINT ( 'NONE', #1831 ) ;
#2331 = PLANE ( 'NONE',  #1531 ) ;
#2332 = DIRECTION ( 'NONE',  ( 1.000000000000000000, 0.000000000000000000, 0.000000000000000000 ) ) ;
#2333 = CARTESIAN_POINT ( 'NONE',  ( 7.983999999999999098, 8.624999999999998224, 0.000000000000000000 ) ) ;
#2334 = LINE ( 'NONE', #506, #1407 ) ;
#2335 = DIRECTION ( 'NONE',  ( 1.000000000000000000, 0.000000000000000000, 0.000000000000000000 ) ) ;
#2336 = VERTEX_POINT ( 'NONE', #34 ) ;
#2337 = EDGE_CURVE ( 'NONE', #2276, #2448, #2067, .T. ) ;
#2338 = DIRECTION ( 'NONE',  ( 0.000000000000000000, 0.000000000000000000, 1.000000000000000000 ) ) ;
#2339 = VECTOR ( 'NONE', #177, 39.37007874015748143 ) ;
#2340 = ORIENTED_EDGE ( 'NONE', *, *, #2622, .T. ) ;
#2341 = ORIENTED_EDGE ( 'NONE', *, *, #561, .T. ) ;
#2342 = EDGE_CURVE ( 'NONE', #1278, #1899, #2213, .T. ) ;
#2343 = DIRECTION ( 'NONE',  ( -0.000000000000000000, -0.000000000000000000, 1.000000000000000000 ) ) ;
#2344 = CYLINDRICAL_SURFACE ( 'NONE', #2639, 0.1560000000000001941 ) ;
#2345 = EDGE_LOOP ( 'NONE', ( #750, #2321, #2241, #1512 ) ) ;
#2346 = VECTOR ( 'NONE', #1661, 39.37007874015748143 ) ;
#2347 = CARTESIAN_POINT ( 'NONE',  ( -7.990000000000001101, 8.624999999999998224, -0.1199999999999432077 ) ) ;
#2348 = DIRECTION ( 'NONE',  ( 0.000000000000000000, 0.000000000000000000, 1.000000000000000000 ) ) ;
#2349 = VECTOR ( 'NONE', #1128, 39.37007874015748143 ) ;
#2350 = CARTESIAN_POINT ( 'NONE',  ( -0.8400000000000007461, 1.929999999999999716, -0.05999999999999999778 ) ) ;
#2351 = VECTOR ( 'NONE', #727, 39.37007874015748143 ) ;
#2352 = ORIENTED_EDGE ( 'NONE', *, *, #1550, .F. ) ;
#2353 = CARTESIAN_POINT ( 'NONE',  ( 7.989999999999998437, -8.625000000000001776, -1.895219545604582743E-15 ) ) ;
#2354 = AXIS2_PLACEMENT_3D ( 'NONE', #2637, #2066, #240 ) ;
#2355 = LINE ( 'NONE', #1147, #2105 ) ;
#2356 = ORIENTED_EDGE ( 'NONE', *, *, #175, .F. ) ;
#2357 = PRODUCT_DEFINITION ( 'UNKNOWN', '', #2600, #1397 ) ;
#2358 = EDGE_LOOP ( 'NONE', ( #1924, #1108, #999, #1423 ) ) ;
#2359 = LINE ( 'NONE', #1151, #1794 ) ;
#2360 =( CONVERSION_BASED_UNIT ( 'INCH', #1790 ) LENGTH_UNIT ( ) NAMED_UNIT ( #2510 ) );
#2361 = ORIENTED_EDGE ( 'NONE', *, *, #1044, .T. ) ;
#2362 = ADVANCED_FACE ( 'NONE', ( #433 ), #1214, .F. ) ;
#2363 = CARTESIAN_POINT ( 'NONE',  ( -0.8400000000000007461, 1.929999999999999716, 0.000000000000000000 ) ) ;
#2364 = DIRECTION ( 'NONE',  ( 1.000000000000000000, 0.000000000000000000, 0.000000000000000000 ) ) ;
#2365 = CARTESIAN_POINT ( 'NONE',  ( -7.970000000000004192, -9.130000000000000782, -0.05999999999999999778 ) ) ;
#2366 = DIRECTION ( 'NONE',  ( 0.000000000000000000, -1.000000000000000000, 0.000000000000000000 ) ) ;
#2367 = ORIENTED_EDGE ( 'NONE', *, *, #1595, .F. ) ;
#2368 = LINE ( 'NONE', #1729, #1710 ) ;
#2369 = ORIENTED_EDGE ( 'NONE', *, *, #364, .T. ) ;
#2370 = ORIENTED_EDGE ( 'NONE', *, *, #58, .T. ) ;
#2371 = DIRECTION ( 'NONE',  ( 0.000000000000000000, 0.000000000000000000, -1.000000000000000000 ) ) ;
#2372 = EDGE_LOOP ( 'NONE', ( #498, #2072, #2281, #2161 ) ) ;
#2373 = ADVANCED_FACE ( 'NONE', ( #422 ), #824, .F. ) ;
#2374 = FACE_OUTER_BOUND ( 'NONE', #856, .T. ) ;
#2375 = CARTESIAN_POINT ( 'NONE',  ( 8.109999999999997655, -9.285177317930166652, 0.000000000000000000 ) ) ;
#2376 = CARTESIAN_POINT ( 'NONE',  ( 7.983999999999999098, -8.631000000000000227, 0.000000000000000000 ) ) ;
#2377 = EDGE_CURVE ( 'NONE', #674, #1907, #1226, .T. ) ;
#2378 = CARTESIAN_POINT ( 'NONE',  ( 0.9099999999999988098, 1.929999999999999716, -0.05999999999999999778 ) ) ;
#2379 = ORIENTED_EDGE ( 'NONE', *, *, #2015, .T. ) ;
#2380 = CARTESIAN_POINT ( 'NONE',  ( -8.110000000000001208, -9.500000000000000000, 0.000000000000000000 ) ) ;
#2381 = FACE_OUTER_BOUND ( 'NONE', #623, .T. ) ;
#2382 = ORIENTED_EDGE ( 'NONE', *, *, #1300, .F. ) ;
#2383 = ORIENTED_EDGE ( 'NONE', *, *, #2337, .F. ) ;
#2384 = AXIS2_PLACEMENT_3D ( 'NONE', #457, #807, #12 ) ;
#2385 = CARTESIAN_POINT ( 'NONE',  ( -8.110000000000001208, -8.974822682069834912, -0.05999999999999999778 ) ) ;
#2386 =( NAMED_UNIT ( * ) PLANE_ANGLE_UNIT ( ) SI_UNIT ( $, .RADIAN. ) );
#2387 = ORIENTED_EDGE ( 'NONE', *, *, #996, .T. ) ;
#2388 = CARTESIAN_POINT ( 'NONE',  ( -0.8400000000000011902, 5.070000000000000284, 0.000000000000000000 ) ) ;
#2389 = DIRECTION ( 'NONE',  ( 0.000000000000000000, 0.000000000000000000, 1.000000000000000000 ) ) ;
#2390 = ADVANCED_FACE ( 'NONE', ( #1425 ), #1401, .F. ) ;
#2391 = CYLINDRICAL_SURFACE ( 'NONE', #636, 0.07000000000000007605 ) ;
#2392 = AXIS2_PLACEMENT_3D ( 'NONE', #416, #376, #402 ) ;
#2393 = ADVANCED_FACE ( 'NONE', ( #1046 ), #1034, .T. ) ;
#2394 = AXIS2_PLACEMENT_3D ( 'NONE', #67, #689, #673 ) ;
#2395 = VERTEX_POINT ( 'NONE', #24 ) ;
#2396 = ORIENTED_EDGE ( 'NONE', *, *, #705, .T. ) ;
#2397 = VECTOR ( 'NONE', #148, 39.37007874015748143 ) ;
#2398 = PLANE ( 'NONE',  #1706 ) ;
#2399 = CARTESIAN_POINT ( 'NONE',  ( 0.000000000000000000, 0.000000000000000000, 0.000000000000000000 ) ) ;
#2400 = ORIENTED_EDGE ( 'NONE', *, *, #2020, .F. ) ;
#2401 = VECTOR ( 'NONE', #818, 39.37007874015748143 ) ;
#2402 = DIRECTION ( 'NONE',  ( 0.000000000000000000, 0.000000000000000000, 1.000000000000000000 ) ) ;
#2403 = AXIS2_PLACEMENT_3D ( 'NONE', #2618, #2404, #785 ) ;
#2404 = DIRECTION ( 'NONE',  ( 0.000000000000000000, 1.000000000000000000, -0.000000000000000000 ) ) ;
#2405 = DIRECTION ( 'NONE',  ( 0.000000000000000000, 0.000000000000000000, 1.000000000000000000 ) ) ;
#2406 = DIRECTION ( 'NONE',  ( 0.000000000000000000, 0.000000000000000000, 1.000000000000000000 ) ) ;
#2407 = EDGE_CURVE ( 'NONE', #1968, #1414, #845, .T. ) ;
#2408 = ORIENTED_EDGE ( 'NONE', *, *, #2231, .F. ) ;
#2409 = VERTEX_POINT ( 'NONE', #1254 ) ;
#2410 = EDGE_CURVE ( 'NONE', #571, #940, #1455, .T. ) ;
#2411 = CARTESIAN_POINT ( 'NONE',  ( 7.983999999999999098, -8.625000000000001776, -0.06000000000000190598 ) ) ;
#2412 =( LENGTH_UNIT ( ) NAMED_UNIT ( * ) SI_UNIT ( $, .METRE. ) );
#2413 = VERTEX_POINT ( 'NONE', #2284 ) ;
#2414 = DIRECTION ( 'NONE',  ( -1.000000000000000000, 0.000000000000000000, -0.000000000000000000 ) ) ;
#2415 = CYLINDRICAL_SURFACE ( 'NONE', #1685, 0.1560000000000001941 ) ;
#2416 = CARTESIAN_POINT ( 'NONE',  ( -8.110000000000001208, -9.500000000000000000, 0.000000000000000000 ) ) ;
#2417 = CARTESIAN_POINT ( 'NONE',  ( -7.984000000000000874, 8.630999999999998451, -0.05999999999994330702 ) ) ;
#2418 = ORIENTED_EDGE ( 'NONE', *, *, #1207, .T. ) ;
#2419 = EDGE_LOOP ( 'NONE', ( #2061, #710, #2158, #2542 ) ) ;
#2420 = EDGE_CURVE ( 'NONE', #1461, #366, #628, .T. ) ;
#2421 = DIRECTION ( 'NONE',  ( 0.000000000000000000, 1.000000000000000000, 0.000000000000000000 ) ) ;
#2422 = ORIENTED_EDGE ( 'NONE', *, *, #424, .F. ) ;
#2423 = ADVANCED_FACE ( 'NONE', ( #2268 ), #447, .T. ) ;
#2424 = AXIS2_PLACEMENT_3D ( 'NONE', #1652, #2052, #1629 ) ;
#2425 = FACE_BOUND ( 'NONE', #1815, .T. ) ;
#2426 = DIRECTION ( 'NONE',  ( 1.000000000000000000, 0.000000000000000000, 0.000000000000000000 ) ) ;
#2427 = AXIS2_PLACEMENT_3D ( 'NONE', #993, #1806, #2038 ) ;
#2428 = APPLICATION_CONTEXT ( 'automotive_design' ) ;
#2429 = LINE ( 'NONE', #593, #896 ) ;
#2430 = DIRECTION ( 'NONE',  ( 3.834172622686274970E-15, 0.000000000000000000, 1.000000000000000000 ) ) ;
#2431 = DIRECTION ( 'NONE',  ( -1.000000000000000000, 0.000000000000000000, 0.000000000000000000 ) ) ;
#2432 = VECTOR ( 'NONE', #1606, 39.37007874015748143 ) ;
#2433 = VERTEX_POINT ( 'NONE', #412 ) ;
#2434 = ORIENTED_EDGE ( 'NONE', *, *, #288, .T. ) ;
#2435 = LINE ( 'NONE', #2411, #2401 ) ;
#2436 = ADVANCED_FACE ( 'NONE', ( #1203 ), #2027, .F. ) ;
#2437 = VECTOR ( 'NONE', #268, 39.37007874015748143 ) ;
#2438 = ORIENTED_EDGE ( 'NONE', *, *, #620, .T. ) ;
#2439 = DIRECTION ( 'NONE',  ( 0.000000000000000000, -0.000000000000000000, 1.000000000000000000 ) ) ;
#2440 = EDGE_CURVE ( 'NONE', #140, #502, #2441, .T. ) ;
#2441 = LINE ( 'NONE', #606, #1013 ) ;
#2442 = AXIS2_PLACEMENT_3D ( 'NONE', #803, #1789, #210 ) ;
#2443 = VECTOR ( 'NONE', #310, 39.37007874015748143 ) ;
#2444 = DIRECTION ( 'NONE',  ( 1.000000000000000000, 0.000000000000000000, 0.000000000000000000 ) ) ;
#2445 = DIRECTION ( 'NONE',  ( 0.000000000000000000, 1.000000000000000000, 0.000000000000000000 ) ) ;
#2446 = DIRECTION ( 'NONE',  ( 1.000000000000000000, 0.000000000000000000, 0.000000000000000000 ) ) ;
#2447 = ORIENTED_EDGE ( 'NONE', *, *, #1585, .T. ) ;
#2448 = VERTEX_POINT ( 'NONE', #2491 ) ;
#2449 = FACE_OUTER_BOUND ( 'NONE', #737, .T. ) ;
#2450 = ORIENTED_EDGE ( 'NONE', *, *, #2485, .T. ) ;
#2451 = FACE_BOUND ( 'NONE', #476, .T. ) ;
#2452 = DIRECTION ( 'NONE',  ( -0.000000000000000000, -0.000000000000000000, 1.000000000000000000 ) ) ;
#2453 = ADVANCED_FACE ( 'NONE', ( #1073 ), #2305, .T. ) ;
#2454 = CARTESIAN_POINT ( 'NONE',  ( -1.750000000000001332, 3.500000000000000000, -0.05999999999999999778 ) ) ;
#2455 = FACE_OUTER_BOUND ( 'NONE', #1408, .T. ) ;
#2456 = LINE ( 'NONE', #621, #2432 ) ;
#2457 = ADVANCED_FACE ( 'NONE', ( #1475 ), #306, .T. ) ;
#2458 = ORIENTED_EDGE ( 'NONE', *, *, #576, .F. ) ;
#2459 = ORIENTED_EDGE ( 'NONE', *, *, #2342, .T. ) ;
#2460 = FACE_OUTER_BOUND ( 'NONE', #1134, .T. ) ;
#2461 = EDGE_LOOP ( 'NONE', ( #865, #1381, #1775, #211 ) ) ;
#2462 = DIRECTION ( 'NONE',  ( 0.000000000000000000, 0.000000000000000000, -1.000000000000000000 ) ) ;
#2463 = DIRECTION ( 'NONE',  ( -0.000000000000000000, -0.000000000000000000, 1.000000000000000000 ) ) ;
#2464 = CARTESIAN_POINT ( 'NONE',  ( 8.049999999999998934, -8.625000000000001776, -0.1200000000000009115 ) ) ;
#2465 = VECTOR ( 'NONE', #573, 39.37007874015748143 ) ;
#2466 = CARTESIAN_POINT ( 'NONE',  ( 8.049999999999998934, 8.624999999999998224, 3.109513996998877673E-14 ) ) ;
#2467 = EDGE_CURVE ( 'NONE', #1682, #2090, #846, .T. ) ;
#2468 = DIRECTION ( 'NONE',  ( 0.000000000000000000, 0.000000000000000000, 1.000000000000000000 ) ) ;
#2469 =( GEOMETRIC_REPRESENTATION_CONTEXT ( 3 ) GLOBAL_UNCERTAINTY_ASSIGNED_CONTEXT ( ( #2076 ) ) GLOBAL_UNIT_ASSIGNED_CONTEXT ( ( #2360, #2386, #1332 ) ) REPRESENTATION_CONTEXT ( 'NONE', 'WORKASPACE' ) );
#2470 = EDGE_CURVE ( 'NONE', #81, #664, #40, .T. ) ;
#2471 = ORIENTED_EDGE ( 'NONE', *, *, #969, .F. ) ;
#2472 = FACE_OUTER_BOUND ( 'NONE', #18, .T. ) ;
#2473 = CARTESIAN_POINT ( 'NONE',  ( -8.050000000000002487, 8.624999999999998224, -0.6300000000000043343 ) ) ;
#2474 = ORIENTED_EDGE ( 'NONE', *, *, #1861, .T. ) ;
#2475 = AXIS2_PLACEMENT_3D ( 'NONE', #2218, #2580, #1772 ) ;
#2476 = FACE_OUTER_BOUND ( 'NONE', #1501, .T. ) ;
#2477 = DIRECTION ( 'NONE',  ( -0.000000000000000000, -0.000000000000000000, 1.000000000000000000 ) ) ;
#2478 = CIRCLE ( 'NONE', #2610, 0.07000000000000007605 ) ;
#2479 = LINE ( 'NONE', #2286, #225 ) ;
#2480 = CIRCLE ( 'NONE', #228, 0.1199999999999999123 ) ;
#2481 = DIRECTION ( 'NONE',  ( 0.000000000000000000, 1.000000000000000000, 0.000000000000000000 ) ) ;
#2482 = LINE ( 'NONE', #1232, #679 ) ;
#2483 = ORIENTED_EDGE ( 'NONE', *, *, #324, .F. ) ;
#2484 = DIRECTION ( 'NONE',  ( 0.000000000000000000, 1.000000000000000000, 0.000000000000000000 ) ) ;
#2485 = EDGE_CURVE ( 'NONE', #2512, #1355, #1142, .T. ) ;
#2486 =( NAMED_UNIT ( * ) PLANE_ANGLE_UNIT ( ) SI_UNIT ( $, .RADIAN. ) );
#2487 = ORIENTED_EDGE ( 'NONE', *, *, #1012, .T. ) ;
#2488 = ORIENTED_EDGE ( 'NONE', *, *, #1908, .F. ) ;
#2489 = EDGE_CURVE ( 'NONE', #102, #1095, #1565, .T. ) ;
#2490 = CARTESIAN_POINT ( 'NONE',  ( 8.109999999999997655, 9.275177317930166865, -0.05999999999999999778 ) ) ;
#2491 = CARTESIAN_POINT ( 'NONE',  ( -1.750000000000001332, -3.500000000000002220, 0.000000000000000000 ) ) ;
#2492 = CARTESIAN_POINT ( 'NONE',  ( 7.983999999999999098, -8.631000000000000227, -0.06000000000000190598 ) ) ;
#2493 = DIRECTION ( 'NONE',  ( 1.000000000000000000, 0.000000000000000000, 0.000000000000000000 ) ) ;
#2494 = CARTESIAN_POINT ( 'NONE',  ( -0.8400000000000013012, -1.929999999999999272, -0.05999999999999999778 ) ) ;
#2495 = VERTEX_POINT ( 'NONE', #1463 ) ;
#2496 = CARTESIAN_POINT ( 'NONE',  ( -1.820000000000001172, 3.500000000000000000, -0.05999999999999999778 ) ) ;
#2497 = FILL_AREA_STYLE ('',( #1995 ) ) ;
#2498 = ORIENTED_EDGE ( 'NONE', *, *, #1827, .T. ) ;
#2499 = EDGE_CURVE ( 'NONE', #438, #551, #2087, .T. ) ;
#2500 = ORIENTED_EDGE ( 'NONE', *, *, #2201, .T. ) ;
#2501 = DIRECTION ( 'NONE',  ( -0.000000000000000000, -0.000000000000000000, 1.000000000000000000 ) ) ;
#2502 = DIRECTION ( 'NONE',  ( 0.000000000000000000, 0.000000000000000000, 1.000000000000000000 ) ) ;
#2503 = EDGE_CURVE ( 'NONE', #1355, #2512, #1263, .T. ) ;
#2504 = CYLINDRICAL_SURFACE ( 'NONE', #1969, 1.440000000000000169 ) ;
#2505 = DIRECTION ( 'NONE',  ( 0.000000000000000000, -1.422837496700139435E-16, 1.000000000000000000 ) ) ;
#2506 = CARTESIAN_POINT ( 'NONE',  ( -1.092739197465705287E-15, 3.500000000000000000, -0.05999999999999999778 ) ) ;
#2507 = ORIENTED_EDGE ( 'NONE', *, *, #359, .F. ) ;
#2508 = FACE_OUTER_BOUND ( 'NONE', #1385, .T. ) ;
#2509 = LINE ( 'NONE', #1684, #988 ) ;
#2510 = DIMENSIONAL_EXPONENTS ( 1.000000000000000000, 0.000000000000000000, 0.000000000000000000, 0.000000000000000000, 0.000000000000000000, 0.000000000000000000, 0.000000000000000000 ) ;
#2511 = VERTEX_POINT ( 'NONE', #293 ) ;
#2512 = VERTEX_POINT ( 'NONE', #1112 ) ;
#2513 = EDGE_CURVE ( 'NONE', #2090, #1682, #347, .T. ) ;
#2514 = CARTESIAN_POINT ( 'NONE',  ( 4.379999999999999005, -9.120000000000000995, 0.000000000000000000 ) ) ;
#2515 = CIRCLE ( 'NONE', #1917, 0.07000000000000007605 ) ;
#2516 = FACE_OUTER_BOUND ( 'NONE', #2372, .T. ) ;
#2517 = ORIENTED_EDGE ( 'NONE', *, *, #424, .T. ) ;
#2518 = CIRCLE ( 'NONE', #1872, 0.07000000000000007605 ) ;
#2519 = EDGE_CURVE ( 'NONE', #674, #2162, #1515, .T. ) ;
#2520 = CARTESIAN_POINT ( 'NONE',  ( -1.092739197465705287E-15, 3.500000000000000000, 0.000000000000000000 ) ) ;
#2521 = CARTESIAN_POINT ( 'NONE',  ( -1.440000000000001057, 3.500000000000000000, -0.05999999999999999778 ) ) ;
#2522 = AXIS2_PLACEMENT_3D ( 'NONE', #1427, #1244, #16 ) ;
#2523 = FACE_BOUND ( 'NONE', #910, .T. ) ;
#2524 = VECTOR ( 'NONE', #321, 39.37007874015748143 ) ;
#2525 = ORIENTED_EDGE ( 'NONE', *, *, #1896, .T. ) ;
#2526 = CARTESIAN_POINT ( 'NONE',  ( 0.8399999999999986366, -5.070000000000000284, -0.05999999999999999778 ) ) ;
#2527 = VECTOR ( 'NONE', #204, 39.37007874015748143 ) ;
#2528 = PLANE ( 'NONE',  #1621 ) ;
#2529 = ORIENTED_EDGE ( 'NONE', *, *, #987, .F. ) ;
#2530 = CARTESIAN_POINT ( 'NONE',  ( 1.819999999999998952, 3.500000000000000000, -0.05999999999999999778 ) ) ;
#2531 = CARTESIAN_POINT ( 'NONE',  ( -4.380000000000002558, 9.119999999999999218, -0.05999999999999999778 ) ) ;
#2532 = EDGE_LOOP ( 'NONE', ( #2356, #1630, #762, #1752 ) ) ;
#2533 = LINE ( 'NONE', #2096, #2437 ) ;
#2534 = CARTESIAN_POINT ( 'NONE',  ( -7.984000000000000874, 0.000000000000000000, 0.000000000000000000 ) ) ;
#2535 = EDGE_CURVE ( 'NONE', #2512, #2495, #76, .T. ) ;
#2536 = CARTESIAN_POINT ( 'NONE',  ( 1.749999999999999112, 3.500000000000000000, -0.05999999999999999778 ) ) ;
#2537 = ORIENTED_EDGE ( 'NONE', *, *, #819, .T. ) ;
#2538 = ADVANCED_FACE ( 'NONE', ( #2516 ), #2344, .F. ) ;
#2539 = DIRECTION ( 'NONE',  ( -3.834172622686655990E-15, 0.000000000000000000, 1.000000000000000000 ) ) ;
#2540 = LINE ( 'NONE', #736, #1882 ) ;
#2541 = ORIENTED_EDGE ( 'NONE', *, *, #1690, .T. ) ;
#2542 = ORIENTED_EDGE ( 'NONE', *, *, #485, .F. ) ;
#2543 = DIRECTION ( 'NONE',  ( -1.000000000000000000, 0.000000000000000000, -7.588466649067417156E-15 ) ) ;
#2544 = DIRECTION ( 'NONE',  ( 1.000000000000000000, 0.000000000000000000, 0.000000000000000000 ) ) ;
#2545 = ORIENTED_EDGE ( 'NONE', *, *, #1096, .F. ) ;
#2546 = DIRECTION ( 'NONE',  ( -0.000000000000000000, -0.000000000000000000, 1.000000000000000000 ) ) ;
#2547 = LINE ( 'NONE', #66, #1160 ) ;
#2548 = LINE ( 'NONE', #714, #262 ) ;
#2549 = EDGE_CURVE ( 'NONE', #1840, #2395, #715, .T. ) ;
#2550 = ORIENTED_EDGE ( 'NONE', *, *, #2116, .T. ) ;
#2551 = DIRECTION ( 'NONE',  ( 3.491481338843134539E-15, 0.000000000000000000, -1.000000000000000000 ) ) ;
#2552 = ADVANCED_FACE ( 'NONE', ( #1293 ), #504, .T. ) ;
#2553 = VECTOR ( 'NONE', #591, 39.37007874015748143 ) ;
#2554 = ORIENTED_EDGE ( 'NONE', *, *, #1611, .F. ) ;
#2555 = VERTEX_POINT ( 'NONE', #2121 ) ;
#2556 = DIRECTION ( 'NONE',  ( 0.000000000000000000, 0.000000000000000000, 1.000000000000000000 ) ) ;
#2557 = CARTESIAN_POINT ( 'NONE',  ( 0.8399999999999986366, 1.929999999999999716, -0.05999999999999999778 ) ) ;
#2558 = ORIENTED_EDGE ( 'NONE', *, *, #1598, .T. ) ;
#2559 = VECTOR ( 'NONE', #30, 39.37007874015748143 ) ;
#2560 = CARTESIAN_POINT ( 'NONE',  ( 0.9099999999999984768, 5.070000000000000284, 0.000000000000000000 ) ) ;
#2561 = DIRECTION ( 'NONE',  ( 1.000000000000000000, 0.000000000000000000, 0.000000000000000000 ) ) ;
#2562 = CIRCLE ( 'NONE', #46, 0.06999999999999993727 ) ;
#2563 = DIRECTION ( 'NONE',  ( 1.000000000000000000, 0.000000000000000000, 0.000000000000000000 ) ) ;
#2564 = CARTESIAN_POINT ( 'NONE',  ( 1.889999999999998792, -3.500000000000002220, -0.05999999999999999778 ) ) ;
#2565 = VECTOR ( 'NONE', #176, 39.37007874015748143 ) ;
#2566 = EDGE_LOOP ( 'NONE', ( #2318, #2080, #907, #390 ) ) ;
#2567 = DIRECTION ( 'NONE',  ( 0.000000000000000000, 0.000000000000000000, 1.000000000000000000 ) ) ;
#2568 = CIRCLE ( 'NONE', #2354, 0.05999999999999990757 ) ;
#2569 = DIRECTION ( 'NONE',  ( 0.000000000000000000, -1.000000000000000000, 0.000000000000000000 ) ) ;
#2570 = VECTOR ( 'NONE', #1394, 39.37007874015748143 ) ;
#2571 = EDGE_LOOP ( 'NONE', ( #1376, #3 ) ) ;
#2572 = EDGE_CURVE ( 'NONE', #1393, #2632, #1887, .T. ) ;
#2573 = CIRCLE ( 'NONE', #1975, 0.07000000000000007605 ) ;
#2574 = DIRECTION ( 'NONE',  ( -0.000000000000000000, -0.000000000000000000, 1.000000000000000000 ) ) ;
#2575 = VERTEX_POINT ( 'NONE', #1912 ) ;
#2576 = ADVANCED_FACE ( 'NONE', ( #89 ), #1708, .F. ) ;
#2577 = CARTESIAN_POINT ( 'NONE',  ( 8.109999999999997655, -9.500000000000000000, 0.000000000000000000 ) ) ;
#2578 = PLANE ( 'NONE',  #2403 ) ;
#2579 = CARTESIAN_POINT ( 'NONE',  ( -8.110000000000001208, -9.285177317930166652, -0.05999999999999999778 ) ) ;
#2580 = DIRECTION ( 'NONE',  ( -0.000000000000000000, -0.000000000000000000, 1.000000000000000000 ) ) ;
#2581 = ORIENTED_EDGE ( 'NONE', *, *, #110, .F. ) ;
#2582 = DIRECTION ( 'NONE',  ( -0.000000000000000000, -0.000000000000000000, 1.000000000000000000 ) ) ;
#2583 = CARTESIAN_POINT ( 'NONE',  ( 7.989999999999998437, 8.624999999999998224, 0.000000000000000000 ) ) ;
#2584 = VERTEX_POINT ( 'NONE', #1589 ) ;
#2585 = ORIENTED_EDGE ( 'NONE', *, *, #545, .F. ) ;
#2586 = LINE ( 'NONE', #1331, #190 ) ;
#2587 = EDGE_CURVE ( 'NONE', #1329, #349, #117, .T. ) ;
#2588 = ORIENTED_EDGE ( 'NONE', *, *, #2410, .T. ) ;
#2589 = CARTESIAN_POINT ( 'NONE',  ( 8.109999999999997655, -8.631000000000000227, 0.000000000000000000 ) ) ;
#2590 = ADVANCED_FACE ( 'NONE', ( #1573 ), #553, .T. ) ;
#2591 = FACE_OUTER_BOUND ( 'NONE', #1913, .T. ) ;
#2592 = LINE ( 'NONE', #1495, #771 ) ;
#2593 = DIRECTION ( 'NONE',  ( 3.834172622686274970E-15, -0.000000000000000000, 1.000000000000000000 ) ) ;
#2594 = VERTEX_POINT ( 'NONE', #1175 ) ;
#2595 = ORIENTED_EDGE ( 'NONE', *, *, #1079, .T. ) ;
#2596 = ORIENTED_EDGE ( 'NONE', *, *, #1453, .F. ) ;
#2597 = DIRECTION ( 'NONE',  ( 1.000000000000000000, 0.000000000000000000, 0.000000000000000000 ) ) ;
#2598 = DIRECTION ( 'NONE',  ( -1.000000000000000000, 0.000000000000000000, 0.000000000000000000 ) ) ;
#2599 = EDGE_LOOP ( 'NONE', ( #111, #2164, #1163, #1439 ) ) ;
#2600 = PRODUCT_DEFINITION_FORMATION_WITH_SPECIFIED_SOURCE ( 'ANY', '', #1990, .NOT_KNOWN. ) ;
#2601 = DIRECTION ( 'NONE',  ( 0.000000000000000000, 1.000000000000000000, 0.000000000000000000 ) ) ;
#2602 = DIRECTION ( 'NONE',  ( 0.000000000000000000, 0.000000000000000000, 1.000000000000000000 ) ) ;
#2603 = EDGE_CURVE ( 'NONE', #1786, #1009, #1688, .T. ) ;
#2604 = CARTESIAN_POINT ( 'NONE',  ( 8.109999999999997655, -8.625000000000001776, -0.1200000000000007033 ) ) ;
#2605 = AXIS2_PLACEMENT_3D ( 'NONE', #1672, #2115, #2290 ) ;
#2606 = VERTEX_POINT ( 'NONE', #2557 ) ;
#2607 = EDGE_CURVE ( 'NONE', #1327, #2594, #925, .T. ) ;
#2608 = CIRCLE ( 'NONE', #1231, 0.1560000000000001941 ) ;
#2609 = VERTEX_POINT ( 'NONE', #1125 ) ;
#2610 = AXIS2_PLACEMENT_3D ( 'NONE', #2560, #384, #542 ) ;
#2611 = ORIENTED_EDGE ( 'NONE', *, *, #1008, .T. ) ;
#2612 = CIRCLE ( 'NONE', #313, 0.07000000000000007605 ) ;
#2613 = LINE ( 'NONE', #2008, #861 ) ;
#2614 = ORIENTED_EDGE ( 'NONE', *, *, #604, .T. ) ;
#2615 = MECHANICAL_DESIGN_GEOMETRIC_PRESENTATION_REPRESENTATION (  '', ( #1115 ), #315 ) ;
#2616 = CARTESIAN_POINT ( 'NONE',  ( -8.110000000000001208, -9.500000000000000000, -0.05999999999999999778 ) ) ;
#2617 = CIRCLE ( 'NONE', #1491, 1.440000000000000169 ) ;
#2618 = CARTESIAN_POINT ( 'NONE',  ( 7.989999999999998437, 8.624999999999998224, -0.05999999999999944267 ) ) ;
#2619 = CARTESIAN_POINT ( 'NONE',  ( -1.092739197465705287E-15, 3.500000000000000000, -0.05999999999999999778 ) ) ;
#2620 = ADVANCED_FACE ( 'NONE', ( #1997 ), #172, .T. ) ;
#2621 = FACE_OUTER_BOUND ( 'NONE', #602, .T. ) ;
#2622 = EDGE_CURVE ( 'NONE', #1623, #47, #1533, .T. ) ;
#2623 = EDGE_LOOP ( 'NONE', ( #1970, #1122 ) ) ;
#2624 = FACE_OUTER_BOUND ( 'NONE', #645, .T. ) ;
#2625 = LINE ( 'NONE', #977, #2195 ) ;
#2626 = ORIENTED_EDGE ( 'NONE', *, *, #1779, .T. ) ;
#2627 = CARTESIAN_POINT ( 'NONE',  ( -7.984000000000000874, 8.630999999999998451, 0.000000000000000000 ) ) ;
#2628 = CARTESIAN_POINT ( 'NONE',  ( -1.820000000000001394, -3.500000000000002220, -0.05999999999999999778 ) ) ;
#2629 = CARTESIAN_POINT ( 'NONE',  ( 0.9099999999999988098, 1.929999999999999716, 0.000000000000000000 ) ) ;
#2630 = DIRECTION ( 'NONE',  ( 1.000000000000000000, 0.000000000000000000, 0.000000000000000000 ) ) ;
#2631 = DIRECTION ( 'NONE',  ( -0.000000000000000000, -0.000000000000000000, 1.000000000000000000 ) ) ;
#2632 = VERTEX_POINT ( 'NONE', #765 ) ;
#2633 = EDGE_LOOP ( 'NONE', ( #1822, #1040, #2558, #2383 ) ) ;
#2634 = EDGE_CURVE ( 'NONE', #2495, #1145, #802, .T. ) ;
#2635 = CARTESIAN_POINT ( 'NONE',  ( 7.989999999999998437, 8.624999999999998224, -0.05999999999999944267 ) ) ;
#2636 = ORIENTED_EDGE ( 'NONE', *, *, #2065, .T. ) ;
#2637 = CARTESIAN_POINT ( 'NONE',  ( -7.990000000000001101, -8.625000000000001776, -0.1199999999999432077 ) ) ;
#2638 = CARTESIAN_POINT ( 'NONE',  ( 0.9799999999999988720, 1.929999999999999716, -0.05999999999999999778 ) ) ;
#2639 = AXIS2_PLACEMENT_3D ( 'NONE', #516, #2079, #495 ) ;
ENDSEC;
END-ISO-10303-21;
