ISO-10303-21;
HEADER;
FILE_DESCRIPTION (( 'STEP AP214' ),
    '1' );
FILE_NAME ('P20336-01-(12gacr ANSI-61) - K48 - V1-R0.STEP',
    '2026-08-04T16:36:05',
    ( '' ),
    ( '' ),
    'SwSTEP 2.0',
    'SolidWorks 2024',
    '' );
FILE_SCHEMA (( 'AUTOMOTIVE_DESIGN' ));
ENDSEC;

DATA;
#1 = FACE_OUTER_BOUND ( 'NONE', #1356, .T. ) ;
#2 = VERTEX_POINT ( 'NONE', #1544 ) ;
#3 = PLANE ( 'NONE',  #266 ) ;
#4 = EDGE_CURVE ( 'NONE', #2215, #580, #412, .T. ) ;
#5 = ORIENTED_EDGE ( 'NONE', *, *, #1582, .T. ) ;
#6 = CARTESIAN_POINT ( 'NONE',  ( -2.314999999999996838, 5.130000000000002558, -4.979999999999999538 ) ) ;
#7 = DIRECTION ( 'NONE',  ( -0.000000000000000000, -0.000000000000000000, 1.000000000000000000 ) ) ;
#8 = CARTESIAN_POINT ( 'NONE',  ( 5.995000000000008988, 6.969999999999961560, 0.000000000000000000 ) ) ;
#9 = ORIENTED_EDGE ( 'NONE', *, *, #1782, .T. ) ;
#10 = DIRECTION ( 'NONE',  ( 1.000000000000000000, 0.000000000000000000, 0.000000000000000000 ) ) ;
#11 = VERTEX_POINT ( 'NONE', #1965 ) ;
#12 = DIRECTION ( 'NONE',  ( 1.000000000000000000, 0.000000000000000000, 0.000000000000000000 ) ) ;
#13 = DIRECTION ( 'NONE',  ( 1.000000000000000000, 0.000000000000000000, 0.000000000000000000 ) ) ;
#14 = EDGE_CURVE ( 'NONE', #1587, #1360, #181, .T. ) ;
#15 = LINE ( 'NONE', #1833, #433 ) ;
#16 = ADVANCED_FACE ( 'NONE', ( #609 ), #1512, .F. ) ;
#17 = LINE ( 'NONE', #2221, #1568 ) ;
#18 = VERTEX_POINT ( 'NONE', #1313 ) ;
#19 = AXIS2_PLACEMENT_3D ( 'NONE', #1567, #1818, #2473 ) ;
#20 = VERTEX_POINT ( 'NONE', #2198 ) ;
#21 = DIRECTION ( 'NONE',  ( 0.000000000000000000, 0.000000000000000000, -1.000000000000000000 ) ) ;
#22 = FILL_AREA_STYLE_COLOUR ( '', #1117 ) ;
#23 = AXIS2_PLACEMENT_3D ( 'NONE', #2200, #28, #10 ) ;
#24 = ADVANCED_FACE ( 'NONE', ( #2657 ), #2255, .F. ) ;
#25 = DIRECTION ( 'NONE',  ( -0.000000000000000000, -0.000000000000000000, 1.000000000000000000 ) ) ;
#26 = EDGE_LOOP ( 'NONE', ( #2866, #167, #1104, #896 ) ) ;
#27 = VECTOR ( 'NONE', #2460, 39.37007874015748143 ) ;
#28 = DIRECTION ( 'NONE',  ( -0.000000000000000000, -0.000000000000000000, 1.000000000000000000 ) ) ;
#29 = EDGE_LOOP ( 'NONE', ( #929, #975, #970, #1632 ) ) ;
#30 = CARTESIAN_POINT ( 'NONE',  ( -2.314999999999996838, 3.810000000000002718, -4.979999999999999538 ) ) ;
#31 = CARTESIAN_POINT ( 'NONE',  ( 2.585000000000007514, 6.969999999999961560, -0.1050000000000001071 ) ) ;
#32 = CYLINDRICAL_SURFACE ( 'NONE', #1844, 0.4400000000000018896 ) ;
#33 = AXIS2_PLACEMENT_3D ( 'NONE', #2570, #1016, #2595 ) ;
#34 = AXIS2_PLACEMENT_3D ( 'NONE', #1735, #1507, #781 ) ;
#35 = CARTESIAN_POINT ( 'NONE',  ( 17.02500000000000924, -9.719999999999998863, 0.000000000000000000 ) ) ;
#36 = EDGE_LOOP ( 'NONE', ( #1127, #1206, #162, #2529 ) ) ;
#37 = EDGE_CURVE ( 'NONE', #1469, #1795, #1573, .T. ) ;
#38 = CIRCLE ( 'NONE', #1250, 0.4400000000000018896 ) ;
#39 = AXIS2_PLACEMENT_3D ( 'NONE', #2818, #1742, #2638 ) ;
#40 = ORIENTED_EDGE ( 'NONE', *, *, #979, .T. ) ;
#41 = LINE ( 'NONE', #1995, #2319 ) ;
#42 = VECTOR ( 'NONE', #7, 39.37007874015748143 ) ;
#43 = DIRECTION ( 'NONE',  ( 1.000000000000000000, 0.000000000000000000, 0.000000000000000000 ) ) ;
#44 = VERTEX_POINT ( 'NONE', #269 ) ;
#45 = CARTESIAN_POINT ( 'NONE',  ( -17.40499999999999758, -9.719999999999998863, -4.979999999999999538 ) ) ;
#46 = ORIENTED_EDGE ( 'NONE', *, *, #1058, .F. ) ;
#47 = CARTESIAN_POINT ( 'NONE',  ( 17.40500000000000824, -9.759999999999999787, -0.4999999999999982792 ) ) ;
#48 = EDGE_CURVE ( 'NONE', #2543, #1177, #2413, .T. ) ;
#49 = VECTOR ( 'NONE', #274, 39.37007874015748143 ) ;
#50 = DIRECTION ( 'NONE',  ( -0.000000000000000000, 0.000000000000000000, 1.000000000000000000 ) ) ;
#51 = DIRECTION ( 'NONE',  ( 0.000000000000000000, 0.000000000000000000, 1.000000000000000000 ) ) ;
#52 = DIRECTION ( 'NONE',  ( -2.731847993664262725E-16, 1.000000000000000000, -0.000000000000000000 ) ) ;
#53 = ORIENTED_EDGE ( 'NONE', *, *, #583, .F. ) ;
#54 = EDGE_CURVE ( 'NONE', #194, #737, #1997, .T. ) ;
#55 = VERTEX_POINT ( 'NONE', #1152 ) ;
#56 = CARTESIAN_POINT ( 'NONE',  ( 17.30000000000000782, 2.965890012974581292E-17, -0.2702116192436849751 ) ) ;
#57 = ORIENTED_EDGE ( 'NONE', *, *, #2276, .T. ) ;
#58 = CARTESIAN_POINT ( 'NONE',  ( -0.000000000000000000, 9.720000000000004192, -0.1049999999999999961 ) ) ;
#59 = ORIENTED_EDGE ( 'NONE', *, *, #1321, .T. ) ;
#60 = PLANE ( 'NONE',  #2842 ) ;
#61 = DIRECTION ( 'NONE',  ( 0.000000000000000000, 0.000000000000000000, 1.000000000000000000 ) ) ;
#62 = CARTESIAN_POINT ( 'NONE',  ( -7.694999999999997620, 5.130000000000002558, -0.1050000000000001071 ) ) ;
#63 = DIRECTION ( 'NONE',  ( -0.000000000000000000, -0.000000000000000000, 1.000000000000000000 ) ) ;
#64 = EDGE_LOOP ( 'NONE', ( #375, #689 ) ) ;
#65 = VECTOR ( 'NONE', #1682, 39.37007874015748143 ) ;
#66 = ORIENTED_EDGE ( 'NONE', *, *, #2605, .T. ) ;
#67 = FACE_OUTER_BOUND ( 'NONE', #1167, .T. ) ;
#68 =( NAMED_UNIT ( * ) SI_UNIT ( $, .STERADIAN. ) SOLID_ANGLE_UNIT ( ) );
#69 = EDGE_CURVE ( 'NONE', #2747, #657, #1387, .T. ) ;
#70 = VECTOR ( 'NONE', #1958, 39.37007874015748143 ) ;
#71 = ORIENTED_EDGE ( 'NONE', *, *, #1321, .F. ) ;
#72 = CARTESIAN_POINT ( 'NONE',  ( -0.000000000000000000, -9.719999999999998863, -0.1049999999999999961 ) ) ;
#73 = ORIENTED_EDGE ( 'NONE', *, *, #794, .T. ) ;
#74 = CARTESIAN_POINT ( 'NONE',  ( -7.854999999999997762, 3.810000000000002718, 0.000000000000000000 ) ) ;
#75 = ADVANCED_FACE ( 'NONE', ( #1372 ), #2687, .T. ) ;
#76 = VECTOR ( 'NONE', #436, 39.37007874015748143 ) ;
#77 = CARTESIAN_POINT ( 'NONE',  ( 16.27000000000000668, -6.249999999999998224, -4.979999999999999538 ) ) ;
#78 = FACE_OUTER_BOUND ( 'NONE', #1614, .T. ) ;
#79 = CIRCLE ( 'NONE', #584, 0.4400000000000018896 ) ;
#80 = CYLINDRICAL_SURFACE ( 'NONE', #1847, 0.1599999999999999201 ) ;
#81 = VERTEX_POINT ( 'NONE', #1600 ) ;
#82 = EDGE_CURVE ( 'NONE', #55, #346, #913, .T. ) ;
#83 = ORIENTED_EDGE ( 'NONE', *, *, #514, .F. ) ;
#84 = CARTESIAN_POINT ( 'NONE',  ( -17.40500000000000114, -9.969999999999998863, -0.7500000000000001110 ) ) ;
#85 = ORIENTED_EDGE ( 'NONE', *, *, #2540, .T. ) ;
#86 = CARTESIAN_POINT ( 'NONE',  ( 17.02500000000000924, -9.719999999999998863, 0.000000000000000000 ) ) ;
#87 = ORIENTED_EDGE ( 'NONE', *, *, #2479, .F. ) ;
#88 = DIRECTION ( 'NONE',  ( -1.000000000000000000, 0.000000000000000000, 3.491481338843132961E-15 ) ) ;
#89 = DIRECTION ( 'NONE',  ( -0.000000000000000000, -0.000000000000000000, 1.000000000000000000 ) ) ;
#90 = ADVANCED_FACE ( 'NONE', ( #2226 ), #1357, .F. ) ;
#91 = DIRECTION ( 'NONE',  ( 1.000000000000000000, 0.000000000000000000, 0.000000000000000000 ) ) ;
#92 = AXIS2_PLACEMENT_3D ( 'NONE', #2077, #101, #2752 ) ;
#93 = DIRECTION ( 'NONE',  ( -0.000000000000000000, -1.000000000000000000, -0.000000000000000000 ) ) ;
#94 = ORIENTED_EDGE ( 'NONE', *, *, #2740, .F. ) ;
#95 = ORIENTED_EDGE ( 'NONE', *, *, #746, .F. ) ;
#96 = EDGE_CURVE ( 'NONE', #1577, #1109, #2060, .T. ) ;
#97 = CYLINDRICAL_SURFACE ( 'NONE', #864, 0.1600000000000004752 ) ;
#98 = ORIENTED_EDGE ( 'NONE', *, *, #1784, .F. ) ;
#99 = DIRECTION ( 'NONE',  ( -1.000000000000000000, -0.000000000000000000, -0.000000000000000000 ) ) ;
#100 = ORIENTED_EDGE ( 'NONE', *, *, #14, .F. ) ;
#101 = DIRECTION ( 'NONE',  ( 1.000000000000000000, -0.000000000000000000, 0.000000000000000000 ) ) ;
#102 = DIRECTION ( 'NONE',  ( 0.000000000000000000, 0.000000000000000000, 1.000000000000000000 ) ) ;
#103 = CARTESIAN_POINT ( 'NONE',  ( -2.314999999999996838, 0.000000000000000000, -0.1049999999999999961 ) ) ;
#104 = EDGE_CURVE ( 'NONE', #44, #594, #898, .T. ) ;
#105 = LINE ( 'NONE', #2782, #1565 ) ;
#106 = ADVANCED_FACE ( 'NONE', ( #483 ), #2027, .F. ) ;
#107 = VERTEX_POINT ( 'NONE', #691 ) ;
#108 = CARTESIAN_POINT ( 'NONE',  ( -17.19500000000000028, 9.857928932188141147, -0.2099999999999983824 ) ) ;
#109 = VERTEX_POINT ( 'NONE', #1838 ) ;
#110 = DIRECTION ( 'NONE',  ( 0.000000000000000000, -0.000000000000000000, -1.000000000000000000 ) ) ;
#111 = VERTEX_POINT ( 'NONE', #224 ) ;
#112 = FACE_OUTER_BOUND ( 'NONE', #2448, .T. ) ;
#113 = CIRCLE ( 'NONE', #1187, 0.2100000000000000755 ) ;
#114 = ADVANCED_FACE ( 'NONE', ( #2734 ), #1588, .F. ) ;
#115 = CARTESIAN_POINT ( 'NONE',  ( 1.805000000000007709, 6.969999999999961560, 0.000000000000000000 ) ) ;
#116 = FACE_OUTER_BOUND ( 'NONE', #1275, .T. ) ;
#117 = VECTOR ( 'NONE', #960, 39.37007874015748143 ) ;
#118 = UNCERTAINTY_MEASURE_WITH_UNIT (LENGTH_MEASURE( 1.000000000000000082E-05 ), #883, 'distance_accuracy_value', 'NONE');
#119 = CARTESIAN_POINT ( 'NONE',  ( 9.995000000000008100, 6.969999999999989093, 0.000000000000000000 ) ) ;
#120 = ORIENTED_EDGE ( 'NONE', *, *, #1480, .F. ) ;
#121 = DIRECTION ( 'NONE',  ( -2.081407995172806370E-14, 0.000000000000000000, -1.000000000000000000 ) ) ;
#122 = EDGE_CURVE ( 'NONE', #2344, #708, #2698, .T. ) ;
#123 = AXIS2_PLACEMENT_3D ( 'NONE', #971, #2318, #516 ) ;
#124 = VERTEX_POINT ( 'NONE', #209 ) ;
#125 = CYLINDRICAL_SURFACE ( 'NONE', #1892, 0.4400000000000007794 ) ;
#126 = ORIENTED_EDGE ( 'NONE', *, *, #236, .T. ) ;
#127 = DIRECTION ( 'NONE',  ( -0.000000000000000000, 0.000000000000000000, 1.000000000000000000 ) ) ;
#128 = CARTESIAN_POINT ( 'NONE',  ( 12.43500000000000938, 6.970000000000003304, -4.979999999999999538 ) ) ;
#129 = AXIS2_PLACEMENT_3D ( 'NONE', #2720, #2449, #721 ) ;
#130 = PLANE ( 'NONE',  #1292 ) ;
#131 = FACE_OUTER_BOUND ( 'NONE', #1432, .T. ) ;
#132 = DIRECTION ( 'NONE',  ( -0.000000000000000000, -0.000000000000000000, 1.000000000000000000 ) ) ;
#133 = CIRCLE ( 'NONE', #2055, 0.09499999999999994560 ) ;
#134 = ORIENTED_EDGE ( 'NONE', *, *, #2592, .F. ) ;
#135 = FACE_BOUND ( 'NONE', #1837, .T. ) ;
#136 = EDGE_CURVE ( 'NONE', #2241, #2483, #41, .T. ) ;
#137 = VERTEX_POINT ( 'NONE', #2897 ) ;
#138 = ORIENTED_EDGE ( 'NONE', *, *, #2305, .T. ) ;
#139 = DIRECTION ( 'NONE',  ( 0.000000000000000000, -1.000000000000000000, 0.000000000000000000 ) ) ;
#140 = CARTESIAN_POINT ( 'NONE',  ( 17.40500000000000824, 7.020000000000003126, -0.2702116192436836428 ) ) ;
#141 = ORIENTED_EDGE ( 'NONE', *, *, #927, .T. ) ;
#142 = DIRECTION ( 'NONE',  ( -0.000000000000000000, -1.000000000000000000, 0.000000000000000000 ) ) ;
#143 = PRODUCT_DEFINITION_CONTEXT ( 'detailed design', #2299, 'design' ) ;
#144 = DIRECTION ( 'NONE',  ( 1.000000000000000000, 0.000000000000000000, 0.000000000000000000 ) ) ;
#145 = LINE ( 'NONE', #1929, #2685 ) ;
#146 = VERTEX_POINT ( 'NONE', #882 ) ;
#147 = FACE_BOUND ( 'NONE', #1525, .T. ) ;
#148 = ORIENTED_EDGE ( 'NONE', *, *, #1367, .F. ) ;
#149 = ORIENTED_EDGE ( 'NONE', *, *, #298, .T. ) ;
#150 = DIRECTION ( 'NONE',  ( 0.000000000000000000, 1.000000000000000000, 0.000000000000000000 ) ) ;
#151 = ADVANCED_FACE ( 'NONE', ( #1774 ), #1557, .F. ) ;
#152 = CARTESIAN_POINT ( 'NONE',  ( 16.27000000000000668, 6.250000000000002665, -4.979999999999999538 ) ) ;
#153 = PLANE ( 'NONE',  #773 ) ;
#154 = ORIENTED_EDGE ( 'NONE', *, *, #4, .F. ) ;
#155 = CARTESIAN_POINT ( 'NONE',  ( -7.694999999999997620, 2.810000000000002718, -0.1050000000000001071 ) ) ;
#156 = ADVANCED_FACE ( 'NONE', ( #1428 ), #1866, .T. ) ;
#157 = CIRCLE ( 'NONE', #1931, 0.09499999999999994560 ) ;
#158 = FACE_OUTER_BOUND ( 'NONE', #1994, .T. ) ;
#159 = CARTESIAN_POINT ( 'NONE',  ( 17.40500000000000824, -9.759999999999999787, -0.4999999999999982792 ) ) ;
#160 = VECTOR ( 'NONE', #99, 39.37007874015748143 ) ;
#161 = VECTOR ( 'NONE', #925, 39.37007874015748143 ) ;
#162 = ORIENTED_EDGE ( 'NONE', *, *, #69, .F. ) ;
#163 = DIRECTION ( 'NONE',  ( 0.000000000000000000, 1.000000000000000000, -0.000000000000000000 ) ) ;
#164 = EDGE_CURVE ( 'NONE', #124, #386, #1011, .T. ) ;
#165 = ORIENTED_EDGE ( 'NONE', *, *, #164, .T. ) ;
#166 = VECTOR ( 'NONE', #2304, 39.37007874015748143 ) ;
#167 = ORIENTED_EDGE ( 'NONE', *, *, #779, .T. ) ;
#168 = DIRECTION ( 'NONE',  ( 0.000000000000000000, -0.000000000000000000, -1.000000000000000000 ) ) ;
#169 = ORIENTED_EDGE ( 'NONE', *, *, #411, .T. ) ;
#170 = FACE_OUTER_BOUND ( 'NONE', #871, .T. ) ;
#171 = CARTESIAN_POINT ( 'NONE',  ( 2.585000000000007514, 6.969999999999961560, 0.000000000000000000 ) ) ;
#172 = EDGE_CURVE ( 'NONE', #2201, #1968, #556, .T. ) ;
#173 = DIRECTION ( 'NONE',  ( -0.000000000000000000, -0.000000000000000000, 1.000000000000000000 ) ) ;
#174 = VECTOR ( 'NONE', #88, 39.37007874015748143 ) ;
#175 = LINE ( 'NONE', #1100, #2267 ) ;
#176 = EDGE_LOOP ( 'NONE', ( #1676, #1071 ) ) ;
#177 = CARTESIAN_POINT ( 'NONE',  ( -17.15499999999999758, -9.759999999999999787, -0.1049999999999982475 ) ) ;
#178 = VECTOR ( 'NONE', #1160, 39.37007874015748143 ) ;
#179 = EDGE_CURVE ( 'NONE', #1109, #1355, #956, .T. ) ;
#180 = ORIENTED_EDGE ( 'NONE', *, *, #1804, .T. ) ;
#181 = LINE ( 'NONE', #1074, #2702 ) ;
#182 = DIRECTION ( 'NONE',  ( -0.000000000000000000, 1.000000000000000000, 0.000000000000000000 ) ) ;
#183 = CARTESIAN_POINT ( 'NONE',  ( 17.02500000000000568, 9.720000000000004192, -0.1050000000000001071 ) ) ;
#184 = ORIENTED_EDGE ( 'NONE', *, *, #179, .T. ) ;
#185 = LINE ( 'NONE', #2823, #1952 ) ;
#186 = DIRECTION ( 'NONE',  ( 0.000000000000000000, 0.000000000000000000, -1.000000000000000000 ) ) ;
#187 = DIRECTION ( 'NONE',  ( -0.000000000000000000, 0.000000000000000000, 1.000000000000000000 ) ) ;
#188 = EDGE_CURVE ( 'NONE', #111, #991, #2831, .T. ) ;
#189 = DIRECTION ( 'NONE',  ( -0.000000000000000000, -0.000000000000000000, 1.000000000000000000 ) ) ;
#190 = ORIENTED_EDGE ( 'NONE', *, *, #2135, .T. ) ;
#191 = FACE_BOUND ( 'NONE', #2703, .T. ) ;
#192 = EDGE_CURVE ( 'NONE', #594, #2215, #1434, .T. ) ;
#193 = ORIENTED_EDGE ( 'NONE', *, *, #1429, .T. ) ;
#194 = VERTEX_POINT ( 'NONE', #1207 ) ;
#195 = DIRECTION ( 'NONE',  ( -0.000000000000000000, -0.000000000000000000, 1.000000000000000000 ) ) ;
#196 = ORIENTED_EDGE ( 'NONE', *, *, #2578, .T. ) ;
#197 = CARTESIAN_POINT ( 'NONE',  ( 17.30000000000000782, -9.719999999999998863, 9.629937079438272047E-14 ) ) ;
#198 = EDGE_CURVE ( 'NONE', #208, #2613, #2539, .T. ) ;
#199 = CARTESIAN_POINT ( 'NONE',  ( -17.30000000000000071, 0.000000000000000000, -0.7500000000000004441 ) ) ;
#200 = AXIS2_PLACEMENT_3D ( 'NONE', #798, #187, #2617 ) ;
#201 = CARTESIAN_POINT ( 'NONE',  ( -17.15499999999999758, 9.865000000000003766, 3.378173581002504527E-14 ) ) ;
#202 = VECTOR ( 'NONE', #1974, 39.37007874015748143 ) ;
#203 = DIRECTION ( 'NONE',  ( -1.000000000000000000, -0.000000000000000000, -0.000000000000000000 ) ) ;
#204 = ORIENTED_EDGE ( 'NONE', *, *, #683, .F. ) ;
#205 = CARTESIAN_POINT ( 'NONE',  ( 16.08000000000000895, 5.000000000000002665, -0.1050000000000001071 ) ) ;
#206 = AXIS2_PLACEMENT_3D ( 'NONE', #2498, #488, #2102 ) ;
#207 = EDGE_CURVE ( 'NONE', #2050, #2552, #502, .T. ) ;
#208 = VERTEX_POINT ( 'NONE', #332 ) ;
#209 = CARTESIAN_POINT ( 'NONE',  ( 16.27000000000000668, -6.249999999999998224, 0.000000000000000000 ) ) ;
#210 =( NAMED_UNIT ( * ) PLANE_ANGLE_UNIT ( ) SI_UNIT ( $, .RADIAN. ) );
#211 = CIRCLE ( 'NONE', #2882, 0.4400000000000007794 ) ;
#212 = CARTESIAN_POINT ( 'NONE',  ( -17.15499999999999758, -9.969999999999998863, -4.979999999999999538 ) ) ;
#213 = EDGE_CURVE ( 'NONE', #843, #229, #539, .T. ) ;
#214 = ORIENTED_EDGE ( 'NONE', *, *, #192, .F. ) ;
#215 = EDGE_LOOP ( 'NONE', ( #241, #2360, #1661, #947 ) ) ;
#216 = DIRECTION ( 'NONE',  ( 0.000000000000000000, 0.000000000000000000, 1.000000000000000000 ) ) ;
#217 = CARTESIAN_POINT ( 'NONE',  ( 11.99500000000000810, 6.970000000000003304, -0.1050000000000001071 ) ) ;
#218 = DIRECTION ( 'NONE',  ( -0.000000000000000000, -0.000000000000000000, 1.000000000000000000 ) ) ;
#219 = AXIS2_PLACEMENT_3D ( 'NONE', #1771, #658, #644 ) ;
#220 = LINE ( 'NONE', #2008, #2037 ) ;
#221 = ORIENTED_EDGE ( 'NONE', *, *, #2557, .F. ) ;
#222 = DIRECTION ( 'NONE',  ( 0.000000000000000000, 0.000000000000000000, -1.000000000000000000 ) ) ;
#223 = ORIENTED_EDGE ( 'NONE', *, *, #37, .F. ) ;
#224 = CARTESIAN_POINT ( 'NONE',  ( 16.08000000000000895, -6.249999999999998224, -0.1050000000000001071 ) ) ;
#225 = SURFACE_STYLE_FILL_AREA ( #1790 ) ;
#226 = ADVANCED_FACE ( 'NONE', ( #282 ), #97, .F. ) ;
#227 = CYLINDRICAL_SURFACE ( 'NONE', #262, 0.09499999999999994560 ) ;
#228 = ORIENTED_EDGE ( 'NONE', *, *, #526, .F. ) ;
#229 = VERTEX_POINT ( 'NONE', #2773 ) ;
#230 = CARTESIAN_POINT ( 'NONE',  ( -17.29292893218812921, -9.759999999999999787, 1.707404996040164561E-15 ) ) ;
#231 = EDGE_CURVE ( 'NONE', #2670, #1925, #1402, .T. ) ;
#232 = DIRECTION ( 'NONE',  ( 1.000000000000000000, 0.000000000000000000, 0.000000000000000000 ) ) ;
#233 = CARTESIAN_POINT ( 'NONE',  ( -2.314999999999996838, 5.130000000000002558, 0.000000000000000000 ) ) ;
#234 = LINE ( 'NONE', #716, #1193 ) ;
#235 = VERTEX_POINT ( 'NONE', #1180 ) ;
#236 = EDGE_CURVE ( 'NONE', #137, #1489, #1664, .T. ) ;
#237 = ORIENTED_EDGE ( 'NONE', *, *, #2705, .T. ) ;
#238 = DIRECTION ( 'NONE',  ( -1.000000000000000000, 0.000000000000000000, -0.000000000000000000 ) ) ;
#239 = DIMENSIONAL_EXPONENTS ( 1.000000000000000000, 0.000000000000000000, 0.000000000000000000, 0.000000000000000000, 0.000000000000000000, 0.000000000000000000, 0.000000000000000000 ) ;
#240 = CARTESIAN_POINT ( 'NONE',  ( 17.30000000000000782, -4.219999999999997975, -0.2702116192436845310 ) ) ;
#241 = ORIENTED_EDGE ( 'NONE', *, *, #2099, .F. ) ;
#242 = ORIENTED_EDGE ( 'NONE', *, *, #37, .T. ) ;
#243 = DIRECTION ( 'NONE',  ( 1.000000000000000000, 0.000000000000000000, 0.000000000000000000 ) ) ;
#244 = DIRECTION ( 'NONE',  ( 1.000000000000000000, 0.000000000000000000, 0.000000000000000000 ) ) ;
#245 = EDGE_CURVE ( 'NONE', #1598, #376, #916, .T. ) ;
#246 = CARTESIAN_POINT ( 'NONE',  ( 17.30000000000000782, 7.020000000000002238, -0.4999999999999986122 ) ) ;
#247 = LINE ( 'NONE', #1147, #303 ) ;
#248 = ORIENTED_EDGE ( 'NONE', *, *, #371, .T. ) ;
#249 = AXIS2_PLACEMENT_3D ( 'NONE', #2487, #1550, #1366 ) ;
#250 = ORIENTED_EDGE ( 'NONE', *, *, #2800, .T. ) ;
#251 = ADVANCED_FACE ( 'NONE', ( #1907 ), #1656, .T. ) ;
#252 = DIRECTION ( 'NONE',  ( -0.000000000000000000, 1.000000000000000000, -0.000000000000000000 ) ) ;
#253 = CARTESIAN_POINT ( 'NONE',  ( -17.19499999999999673, 9.720000000000004192, -0.1049999999999993577 ) ) ;
#254 = ORIENTED_EDGE ( 'NONE', *, *, #2073, .F. ) ;
#255 = DIRECTION ( 'NONE',  ( 0.000000000000000000, -0.000000000000000000, 1.000000000000000000 ) ) ;
#256 = ORIENTED_EDGE ( 'NONE', *, *, #1537, .F. ) ;
#257 = CARTESIAN_POINT ( 'NONE',  ( 17.40500000000000469, 9.760000000000003340, -0.2099999999999983824 ) ) ;
#258 = LINE ( 'NONE', #1798, #858 ) ;
#259 = VECTOR ( 'NONE', #2284, 39.37007874015748143 ) ;
#260 = CARTESIAN_POINT ( 'NONE',  ( -17.15499999999999758, 9.720000000000004192, -4.979999999999999538 ) ) ;
#261 = VECTOR ( 'NONE', #1723, 39.37007874015748143 ) ;
#262 = AXIS2_PLACEMENT_3D ( 'NONE', #900, #1389, #1329 ) ;
#263 = ADVANCED_FACE ( 'NONE', ( #67 ), #2110, .T. ) ;
#264 = CARTESIAN_POINT ( 'NONE',  ( 12.43500000000000938, 6.970000000000003304, 0.000000000000000000 ) ) ;
#265 = EDGE_LOOP ( 'NONE', ( #1986, #2718, #2206, #2815 ) ) ;
#266 = AXIS2_PLACEMENT_3D ( 'NONE', #1324, #2654, #438 ) ;
#267 = VECTOR ( 'NONE', #2477, 39.37007874015748143 ) ;
#268 = ORIENTED_EDGE ( 'NONE', *, *, #2705, .F. ) ;
#269 = CARTESIAN_POINT ( 'NONE',  ( 17.19500000000001094, 9.720000000000004192, 0.000000000000000000 ) ) ;
#270 = VECTOR ( 'NONE', #1327, 39.37007874015748143 ) ;
#271 = ORIENTED_EDGE ( 'NONE', *, *, #952, .T. ) ;
#272 = DIRECTION ( 'NONE',  ( 0.000000000000000000, -1.000000000000000000, -0.000000000000000000 ) ) ;
#273 = ORIENTED_EDGE ( 'NONE', *, *, #2120, .F. ) ;
#274 = DIRECTION ( 'NONE',  ( -0.000000000000000000, -0.000000000000000000, 1.000000000000000000 ) ) ;
#275 = CIRCLE ( 'NONE', #1910, 0.4400000000000007794 ) ;
#276 = DIRECTION ( 'NONE',  ( 0.000000000000000000, 0.000000000000000000, 1.000000000000000000 ) ) ;
#277 = DIRECTION ( 'NONE',  ( 0.000000000000000000, -1.000000000000000000, 0.000000000000000000 ) ) ;
#278 = DIRECTION ( 'NONE',  ( 1.000000000000000000, 0.000000000000000000, 0.000000000000000000 ) ) ;
#279 = VERTEX_POINT ( 'NONE', #1221 ) ;
#280 = EDGE_CURVE ( 'NONE', #1159, #1777, #2788, .T. ) ;
#281 = ORIENTED_EDGE ( 'NONE', *, *, #828, .T. ) ;
#282 = FACE_OUTER_BOUND ( 'NONE', #1829, .T. ) ;
#283 = EDGE_CURVE ( 'NONE', #1736, #555, #1291, .T. ) ;
#284 = DIRECTION ( 'NONE',  ( 1.000000000000000000, 0.000000000000000000, 0.000000000000000000 ) ) ;
#285 = ORIENTED_EDGE ( 'NONE', *, *, #2068, .F. ) ;
#286 = CARTESIAN_POINT ( 'NONE',  ( -17.15499999999999758, -9.759999999999999787, -0.1049999999999982475 ) ) ;
#287 = ORIENTED_EDGE ( 'NONE', *, *, #54, .F. ) ;
#288 = DIRECTION ( 'NONE',  ( 1.000000000000000000, 0.000000000000000000, 0.000000000000000000 ) ) ;
#289 = PLANE ( 'NONE',  #1755 ) ;
#290 = DIRECTION ( 'NONE',  ( 1.000000000000000000, 0.000000000000000000, 0.000000000000000000 ) ) ;
#291 = EDGE_CURVE ( 'NONE', #2215, #1617, #1482, .T. ) ;
#292 = PLANE ( 'NONE',  #435 ) ;
#293 = VERTEX_POINT ( 'NONE', #579 ) ;
#294 = VECTOR ( 'NONE', #404, 39.37007874015748143 ) ;
#295 = ORIENTED_EDGE ( 'NONE', *, *, #575, .T. ) ;
#296 = DIRECTION ( 'NONE',  ( 0.000000000000000000, 0.000000000000000000, -1.000000000000000000 ) ) ;
#297 = VECTOR ( 'NONE', #1308, 39.37007874015748143 ) ;
#298 = EDGE_CURVE ( 'NONE', #1331, #646, #1028, .T. ) ;
#299 = VERTEX_POINT ( 'NONE', #362 ) ;
#300 = DIRECTION ( 'NONE',  ( -1.000000000000000000, 0.000000000000000000, 0.000000000000000000 ) ) ;
#301 = EDGE_LOOP ( 'NONE', ( #416, #528, #2774, #2886 ) ) ;
#302 = FACE_OUTER_BOUND ( 'NONE', #2164, .T. ) ;
#303 = VECTOR ( 'NONE', #1802, 39.37007874015748143 ) ;
#304 = CARTESIAN_POINT ( 'NONE',  ( 17.30000000000000782, 4.220000000000003304, -0.4999999999999988343 ) ) ;
#305 = CARTESIAN_POINT ( 'NONE',  ( 17.30000000000000782, -9.719999999999998863, -0.4999999999999986122 ) ) ;
#306 = DIRECTION ( 'NONE',  ( 1.000000000000000000, 0.000000000000000000, 0.000000000000000000 ) ) ;
#307 = EDGE_LOOP ( 'NONE', ( #2240, #1877 ) ) ;
#308 = EDGE_LOOP ( 'NONE', ( #1498, #926, #1684, #565 ) ) ;
#309 = DIRECTION ( 'NONE',  ( 0.000000000000000000, 0.000000000000000000, -1.000000000000000000 ) ) ;
#310 = EDGE_LOOP ( 'NONE', ( #1645, #507, #223, #1700 ) ) ;
#311 = CARTESIAN_POINT ( 'NONE',  ( 17.30000000000000782, 0.000000000000000000, -0.4999999999999986122 ) ) ;
#312 = EDGE_LOOP ( 'NONE', ( #87, #1725, #2676, #1628 ) ) ;
#313 = PLANE ( 'NONE',  #2373 ) ;
#314 = ADVANCED_FACE ( 'NONE', ( #2816, #2858, #2163, #135, #147, #2397, #861, #1262, #2150, #1041, #1295, #566, #1467, #1509, #625 ), #1933, .F. ) ;
#315 = VECTOR ( 'NONE', #1743, 39.37007874015748143 ) ;
#316 = CARTESIAN_POINT ( 'NONE',  ( -17.30000000000000071, 9.720000000000004192, 5.897403327718011231E-14 ) ) ;
#317 = CARTESIAN_POINT ( 'NONE',  ( 14.98500000000000654, -7.019999999999997797, -0.5000000000000116573 ) ) ;
#318 = EDGE_CURVE ( 'NONE', #1057, #2097, #347, .T. ) ;
#319 = DIRECTION ( 'NONE',  ( 0.000000000000000000, -1.000000000000000000, 0.000000000000000000 ) ) ;
#320 = ORIENTED_EDGE ( 'NONE', *, *, #1784, .T. ) ;
#321 = DIRECTION ( 'NONE',  ( -0.000000000000000000, 1.000000000000000000, 3.388338596792882053E-15 ) ) ;
#322 = EDGE_CURVE ( 'NONE', #1059, #894, #2180, .T. ) ;
#323 = ORIENTED_EDGE ( 'NONE', *, *, #2154, .F. ) ;
#324 = CARTESIAN_POINT ( 'NONE',  ( 17.40500000000000824, -7.019999999999997797, -0.4999999999999982792 ) ) ;
#325 = ORIENTED_EDGE ( 'NONE', *, *, #318, .F. ) ;
#326 = DIRECTION ( 'NONE',  ( -0.000000000000000000, -0.000000000000000000, 1.000000000000000000 ) ) ;
#327 = LINE ( 'NONE', #2311, #817 ) ;
#328 = DIRECTION ( 'NONE',  ( 0.000000000000000000, -0.000000000000000000, -1.000000000000000000 ) ) ;
#329 = EDGE_CURVE ( 'NONE', #1469, #279, #1712, .T. ) ;
#330 = LINE ( 'NONE', #1683, #2735 ) ;
#331 = VERTEX_POINT ( 'NONE', #1072 ) ;
#332 = CARTESIAN_POINT ( 'NONE',  ( -2.001868781280644605, 3.970000000000002860, -0.1050000000000001071 ) ) ;
#333 = AXIS2_PLACEMENT_3D ( 'NONE', #785, #2116, #2298 ) ;
#334 = EDGE_CURVE ( 'NONE', #1059, #1302, #79, .T. ) ;
#335 = ORIENTED_EDGE ( 'NONE', *, *, #2394, .T. ) ;
#336 = CARTESIAN_POINT ( 'NONE',  ( -7.854999999999997762, 3.970000000000002860, 0.000000000000000000 ) ) ;
#337 = ORIENTED_EDGE ( 'NONE', *, *, #939, .F. ) ;
#338 = CARTESIAN_POINT ( 'NONE',  ( 17.30000000000000782, 0.000000000000000000, -0.4999999999999986122 ) ) ;
#339 = CIRCLE ( 'NONE', #1465, 0.4400000000000007794 ) ;
#340 = DIRECTION ( 'NONE',  ( -1.000000000000000000, 0.000000000000000000, 5.203519987931978849E-15 ) ) ;
#341 = LINE ( 'NONE', #2171, #2161 ) ;
#342 = AXIS2_PLACEMENT_3D ( 'NONE', #1110, #2001, #1812 ) ;
#343 = DIRECTION ( 'NONE',  ( 0.000000000000000000, 3.388338596792882053E-15, 1.000000000000000000 ) ) ;
#344 = AXIS2_PLACEMENT_3D ( 'NONE', #402, #1096, #1305 ) ;
#345 = ADVANCED_FACE ( 'NONE', ( #2383 ), #1699, .F. ) ;
#346 = VERTEX_POINT ( 'NONE', #2844 ) ;
#347 = LINE ( 'NONE', #2137, #495 ) ;
#348 = ADVANCED_FACE ( 'NONE', ( #830 ), #1977, .F. ) ;
#349 = AXIS2_PLACEMENT_3D ( 'NONE', #1915, #2143, #795 ) ;
#350 = ORIENTED_EDGE ( 'NONE', *, *, #1367, .T. ) ;
#351 = ORIENTED_EDGE ( 'NONE', *, *, #2208, .T. ) ;
#352 = CARTESIAN_POINT ( 'NONE',  ( 17.30000000000000782, 0.000000000000000000, -0.2702116192436845310 ) ) ;
#353 = DIRECTION ( 'NONE',  ( -0.000000000000000000, -0.000000000000000000, 1.000000000000000000 ) ) ;
#354 = ORIENTED_EDGE ( 'NONE', *, *, #1980, .F. ) ;
#355 = CARTESIAN_POINT ( 'NONE',  ( 1.995000000000007434, 6.969999999999961560, 0.000000000000000000 ) ) ;
#356 = DIRECTION ( 'NONE',  ( -0.000000000000000000, 0.000000000000000000, 1.000000000000000000 ) ) ;
#357 = VECTOR ( 'NONE', #1299, 39.37007874015748143 ) ;
#358 = LINE ( 'NONE', #1320, #1697 ) ;
#359 = CIRCLE ( 'NONE', #638, 0.4400000000000018896 ) ;
#360 = EDGE_CURVE ( 'NONE', #1384, #229, #387, .T. ) ;
#361 = ORIENTED_EDGE ( 'NONE', *, *, #179, .F. ) ;
#362 = CARTESIAN_POINT ( 'NONE',  ( -2.314999999999996838, 3.810000000000002718, 0.000000000000000000 ) ) ;
#363 = ADVANCED_FACE ( 'NONE', ( #1737, #2635, #1526, #2416, #408, #1311, #2196, #191, #1085, #879, #2430, #1120, #2669, #1541, #1102 ), #3, .T. ) ;
#364 = ORIENTED_EDGE ( 'NONE', *, *, #2841, .T. ) ;
#365 = VERTEX_POINT ( 'NONE', #1993 ) ;
#366 = CYLINDRICAL_SURFACE ( 'NONE', #736, 0.2099999999999991318 ) ;
#367 = CARTESIAN_POINT ( 'NONE',  ( 9.995000000000008100, 6.969999999999989093, -0.1050000000000001071 ) ) ;
#368 = VERTEX_POINT ( 'NONE', #2894 ) ;
#369 = FACE_OUTER_BOUND ( 'NONE', #2793, .T. ) ;
#370 = LINE ( 'NONE', #1504, #2412 ) ;
#371 = EDGE_CURVE ( 'NONE', #2002, #2189, #2207, .T. ) ;
#372 = CARTESIAN_POINT ( 'NONE',  ( 1.405000000000007576, 6.969999999999961560, 0.000000000000000000 ) ) ;
#373 = ORIENTED_EDGE ( 'NONE', *, *, #1707, .F. ) ;
#374 = CARTESIAN_POINT ( 'NONE',  ( 14.98500000000000654, 7.020000000000003126, -0.5000000000000116573 ) ) ;
#375 = ORIENTED_EDGE ( 'NONE', *, *, #334, .T. ) ;
#376 = VERTEX_POINT ( 'NONE', #205 ) ;
#377 = DIRECTION ( 'NONE',  ( 0.000000000000000000, -1.000000000000000000, 0.000000000000000000 ) ) ;
#378 = EDGE_CURVE ( 'NONE', #2483, #696, #2134, .T. ) ;
#379 = DIRECTION ( 'NONE',  ( 0.000000000000000000, 0.000000000000000000, 1.000000000000000000 ) ) ;
#380 = ORIENTED_EDGE ( 'NONE', *, *, #2326, .F. ) ;
#381 = DIRECTION ( 'NONE',  ( 0.000000000000000000, -0.000000000000000000, 1.000000000000000000 ) ) ;
#382 = CIRCLE ( 'NONE', #758, 0.1899999999999998912 ) ;
#383 = DIRECTION ( 'NONE',  ( -0.000000000000000000, -0.000000000000000000, 1.000000000000000000 ) ) ;
#384 = DIRECTION ( 'NONE',  ( 0.000000000000000000, 0.000000000000000000, -1.000000000000000000 ) ) ;
#385 = CARTESIAN_POINT ( 'NONE',  ( 16.17500000000000782, -4.999999999999998224, -4.979999999999999538 ) ) ;
#386 = VERTEX_POINT ( 'NONE', #1554 ) ;
#387 = LINE ( 'NONE', #177, #1113 ) ;
#388 = AXIS2_PLACEMENT_3D ( 'NONE', #2576, #2564, #561 ) ;
#389 = ORIENTED_EDGE ( 'NONE', *, *, #891, .F. ) ;
#390 = AXIS2_PLACEMENT_3D ( 'NONE', #1442, #2748, #309 ) ;
#391 = VECTOR ( 'NONE', #1212, 39.37007874015748143 ) ;
#392 = ORIENTED_EDGE ( 'NONE', *, *, #1716, .T. ) ;
#393 = CARTESIAN_POINT ( 'NONE',  ( 14.98500000000000654, 4.220000000000003304, -0.2702116192436972986 ) ) ;
#394 = LINE ( 'NONE', #2199, #1246 ) ;
#395 = VECTOR ( 'NONE', #850, 39.37007874015748143 ) ;
#396 = FACE_OUTER_BOUND ( 'NONE', #1133, .T. ) ;
#397 = VECTOR ( 'NONE', #1491, 39.37007874015748143 ) ;
#398 = ADVANCED_FACE ( 'NONE', ( #2444 ), #1340, .F. ) ;
#399 = ORIENTED_EDGE ( 'NONE', *, *, #2224, .T. ) ;
#400 = CARTESIAN_POINT ( 'NONE',  ( -17.15499999999999758, 9.970000000000002416, -4.979999999999999538 ) ) ;
#401 = VECTOR ( 'NONE', #1615, 39.37007874015748143 ) ;
#402 = CARTESIAN_POINT ( 'NONE',  ( 1.405000000000007576, 6.969999999999961560, -4.979999999999999538 ) ) ;
#403 = EDGE_CURVE ( 'NONE', #482, #894, #38, .T. ) ;
#404 = DIRECTION ( 'NONE',  ( 1.000000000000000000, 0.000000000000000000, -5.203519987931978849E-15 ) ) ;
#405 = VECTOR ( 'NONE', #150, 39.37007874015748143 ) ;
#406 = PLANE ( 'NONE',  #810 ) ;
#407 = VERTEX_POINT ( 'NONE', #1758 ) ;
#408 = FACE_BOUND ( 'NONE', #790, .T. ) ;
#409 = CIRCLE ( 'NONE', #2287, 0.1050000000000001071 ) ;
#410 = ORIENTED_EDGE ( 'NONE', *, *, #2320, .F. ) ;
#411 = EDGE_CURVE ( 'NONE', #2828, #780, #2228, .T. ) ;
#412 = LINE ( 'NONE', #1726, #1300 ) ;
#413 = VECTOR ( 'NONE', #1704, 39.37007874015748143 ) ;
#414 = DIRECTION ( 'NONE',  ( -0.000000000000000000, 0.000000000000000000, 1.000000000000000000 ) ) ;
#415 = DIRECTION ( 'NONE',  ( -0.000000000000000000, -0.000000000000000000, 1.000000000000000000 ) ) ;
#416 = ORIENTED_EDGE ( 'NONE', *, *, #207, .T. ) ;
#417 = DIRECTION ( 'NONE',  ( -0.000000000000000000, 0.000000000000000000, 1.000000000000000000 ) ) ;
#418 = LINE ( 'NONE', #1288, #2837 ) ;
#419 = CARTESIAN_POINT ( 'NONE',  ( 17.02500000000000568, -9.759999999999999787, -0.1049999999999982614 ) ) ;
#420 = ADVANCED_FACE ( 'NONE', ( #1720 ), #1766, .F. ) ;
#421 = CARTESIAN_POINT ( 'NONE',  ( 17.19500000000001094, -9.719999999999998863, -0.2099999999999986044 ) ) ;
#422 = ORIENTED_EDGE ( 'NONE', *, *, #1551, .F. ) ;
#423 = CARTESIAN_POINT ( 'NONE',  ( -17.15499999999999758, -9.969999999999998863, -4.979999999999999538 ) ) ;
#424 = ORIENTED_EDGE ( 'NONE', *, *, #2608, .T. ) ;
#425 = VERTEX_POINT ( 'NONE', #874 ) ;
#426 = CARTESIAN_POINT ( 'NONE',  ( 8.435000000000009379, 6.969999999999974882, 0.000000000000000000 ) ) ;
#427 = CARTESIAN_POINT ( 'NONE',  ( -17.15499999999999758, 9.865000000000003766, -0.2099999999999980216 ) ) ;
#428 = ORIENTED_EDGE ( 'NONE', *, *, #2154, .T. ) ;
#429 = PLANE ( 'NONE',  #2409 ) ;
#430 = ORIENTED_EDGE ( 'NONE', *, *, #2320, .T. ) ;
#431 = DIRECTION ( 'NONE',  ( -0.000000000000000000, 1.000000000000000000, 3.388338596792882053E-15 ) ) ;
#432 = CARTESIAN_POINT ( 'NONE',  ( 17.19500000000001094, 9.720000000000004192, -0.1049999999999995937 ) ) ;
#433 = VECTOR ( 'NONE', #2220, 39.37007874015748143 ) ;
#434 = CARTESIAN_POINT ( 'NONE',  ( 16.17500000000000782, -4.999999999999998224, -0.1050000000000001071 ) ) ;
#435 = AXIS2_PLACEMENT_3D ( 'NONE', #1874, #2549, #523 ) ;
#436 = DIRECTION ( 'NONE',  ( -1.000000000000000000, 0.000000000000000000, 0.000000000000000000 ) ) ;
#437 = ORIENTED_EDGE ( 'NONE', *, *, #530, .F. ) ;
#438 = DIRECTION ( 'NONE',  ( 1.000000000000000000, 0.000000000000000000, 0.000000000000000000 ) ) ;
#439 = EDGE_CURVE ( 'NONE', #1547, #1377, #370, .T. ) ;
#440 = AXIS2_PLACEMENT_3D ( 'NONE', #421, #2126, #2395 ) ;
#441 = VERTEX_POINT ( 'NONE', #855 ) ;
#442 = DIRECTION ( 'NONE',  ( 0.000000000000000000, -1.000000000000000000, 3.252199992457453057E-15 ) ) ;
#443 = EDGE_CURVE ( 'NONE', #2315, #2253, #2854, .T. ) ;
#444 = CARTESIAN_POINT ( 'NONE',  ( -2.161868781280644747, 3.970000000000002860, -0.1050000000000001071 ) ) ;
#445 = ORIENTED_EDGE ( 'NONE', *, *, #82, .T. ) ;
#446 = CARTESIAN_POINT ( 'NONE',  ( -2.161868781280644747, 3.810000000000002718, 0.000000000000000000 ) ) ;
#447 = ORIENTED_EDGE ( 'NONE', *, *, #1037, .T. ) ;
#448 = DIRECTION ( 'NONE',  ( 0.000000000000000000, 1.000000000000000000, 3.414809992080343321E-15 ) ) ;
#449 = DIRECTION ( 'NONE',  ( 5.532856696028883217E-15, 0.000000000000000000, -1.000000000000000000 ) ) ;
#450 = PLANE ( 'NONE',  #2632 ) ;
#451 = CARTESIAN_POINT ( 'NONE',  ( 2.585000000000007514, 6.969999999999961560, -4.979999999999999538 ) ) ;
#452 = ORIENTED_EDGE ( 'NONE', *, *, #2810, .F. ) ;
#453 = EDGE_CURVE ( 'NONE', #985, #2201, #1733, .T. ) ;
#454 = ORIENTED_EDGE ( 'NONE', *, *, #2547, .T. ) ;
#455 = DIRECTION ( 'NONE',  ( 0.000000000000000000, -3.491481338843132961E-15, -1.000000000000000000 ) ) ;
#456 = CARTESIAN_POINT ( 'NONE',  ( -17.16499999999999915, -6.249999999999998224, -4.979999999999999538 ) ) ;
#457 = EDGE_CURVE ( 'NONE', #1489, #137, #1904, .T. ) ;
#458 = CYLINDRICAL_SURFACE ( 'NONE', #2034, 0.09999999999999947820 ) ;
#459 = ORIENTED_EDGE ( 'NONE', *, *, #1716, .F. ) ;
#460 = VERTEX_POINT ( 'NONE', #1989 ) ;
#461 = CARTESIAN_POINT ( 'NONE',  ( -2.161868781280644747, 3.810000000000002718, -0.1049999999999999961 ) ) ;
#462 = CARTESIAN_POINT ( 'NONE',  ( -17.15499999999999758, -9.969999999999998863, 0.000000000000000000 ) ) ;
#463 = DIRECTION ( 'NONE',  ( 1.000000000000000000, 0.000000000000000000, 0.000000000000000000 ) ) ;
#464 = EDGE_CURVE ( 'NONE', #732, #747, #2392, .T. ) ;
#465 = CYLINDRICAL_SURFACE ( 'NONE', #2402, 0.09499999999999994560 ) ;
#466 = ORIENTED_EDGE ( 'NONE', *, *, #2526, .F. ) ;
#467 = EDGE_LOOP ( 'NONE', ( #1371, #1850, #734, #1747 ) ) ;
#468 = DIRECTION ( 'NONE',  ( -0.000000000000000000, -0.000000000000000000, 1.000000000000000000 ) ) ;
#469 =( NAMED_UNIT ( * ) PLANE_ANGLE_UNIT ( ) SI_UNIT ( $, .RADIAN. ) );
#470 = FACE_OUTER_BOUND ( 'NONE', #1183, .T. ) ;
#471 = ORIENTED_EDGE ( 'NONE', *, *, #1000, .T. ) ;
#472 = DIRECTION ( 'NONE',  ( 0.000000000000000000, 3.491481338843132961E-15, -1.000000000000000000 ) ) ;
#473 = ORIENTED_EDGE ( 'NONE', *, *, #1739, .T. ) ;
#474 = DIRECTION ( 'NONE',  ( -0.000000000000000000, -0.000000000000000000, 1.000000000000000000 ) ) ;
#475 = EDGE_CURVE ( 'NONE', #1786, #1310, #418, .T. ) ;
#476 = DIRECTION ( 'NONE',  ( -0.000000000000000000, 0.000000000000000000, 1.000000000000000000 ) ) ;
#477 = LINE ( 'NONE', #892, #1042 ) ;
#478 = ADVANCED_FACE ( 'NONE', ( #2649 ), #1319, .F. ) ;
#479 = CARTESIAN_POINT ( 'NONE',  ( 17.30000000000000782, -4.219999999999997975, -0.4999999999999986122 ) ) ;
#480 = VERTEX_POINT ( 'NONE', #2889 ) ;
#481 = CIRCLE ( 'NONE', #1510, 0.09499999999999994560 ) ;
#482 = VERTEX_POINT ( 'NONE', #2173 ) ;
#483 = FACE_OUTER_BOUND ( 'NONE', #2071, .T. ) ;
#484 = VECTOR ( 'NONE', #2901, 39.37007874015748143 ) ;
#485 = CARTESIAN_POINT ( 'NONE',  ( 16.17500000000000782, -4.999999999999998224, 0.000000000000000000 ) ) ;
#486 = ORIENTED_EDGE ( 'NONE', *, *, #1753, .T. ) ;
#487 = AXIS2_PLACEMENT_3D ( 'NONE', #2502, #476, #491 ) ;
#488 = DIRECTION ( 'NONE',  ( -0.000000000000000000, 0.000000000000000000, 1.000000000000000000 ) ) ;
#489 = ORIENTED_EDGE ( 'NONE', *, *, #1551, .T. ) ;
#490 = DIRECTION ( 'NONE',  ( 0.000000000000000000, 1.000000000000000000, 3.491481338843132961E-15 ) ) ;
#491 = DIRECTION ( 'NONE',  ( 1.000000000000000000, 0.000000000000000000, 0.000000000000000000 ) ) ;
#492 = EDGE_CURVE ( 'NONE', #1264, #2613, #2176, .T. ) ;
#493 = CIRCLE ( 'NONE', #2041, 0.1049999999999990108 ) ;
#494 = CARTESIAN_POINT ( 'NONE',  ( -17.15499999999999758, 9.970000000000002416, -0.2099999999999974942 ) ) ;
#495 = VECTOR ( 'NONE', #1495, 39.37007874015748143 ) ;
#496 = VECTOR ( 'NONE', #379, 39.37007874015748143 ) ;
#497 = ADVANCED_FACE ( 'NONE', ( #2191 ), #1535, .F. ) ;
#498 = CYLINDRICAL_SURFACE ( 'NONE', #2316, 0.09499999999999994560 ) ;
#499 = EDGE_LOOP ( 'NONE', ( #1639, #762 ) ) ;
#500 = AXIS2_PLACEMENT_3D ( 'NONE', #374, #163, #1056 ) ;
#501 = EDGE_LOOP ( 'NONE', ( #1453, #1425, #2832, #2507 ) ) ;
#502 = LINE ( 'NONE', #2554, #1805 ) ;
#503 = EDGE_CURVE ( 'NONE', #279, #1279, #1051, .T. ) ;
#504 = AXIS2_PLACEMENT_3D ( 'NONE', #2465, #661, #1314 ) ;
#505 = VERTEX_POINT ( 'NONE', #617 ) ;
#506 = FACE_OUTER_BOUND ( 'NONE', #310, .T. ) ;
#507 = ORIENTED_EDGE ( 'NONE', *, *, #700, .T. ) ;
#508 = CARTESIAN_POINT ( 'NONE',  ( 17.02500000000000924, -9.759999999999999787, 0.000000000000000000 ) ) ;
#509 = VECTOR ( 'NONE', #573, 39.37007874015748143 ) ;
#510 = DIRECTION ( 'NONE',  ( 0.000000000000000000, 0.000000000000000000, 1.000000000000000000 ) ) ;
#511 = DIRECTION ( 'NONE',  ( -0.000000000000000000, -0.000000000000000000, 1.000000000000000000 ) ) ;
#512 = DIRECTION ( 'NONE',  ( 1.000000000000000000, 0.000000000000000000, 0.000000000000000000 ) ) ;
#513 = ORIENTED_EDGE ( 'NONE', *, *, #1692, .T. ) ;
#514 = EDGE_CURVE ( 'NONE', #235, #2543, #2839, .T. ) ;
#515 = EDGE_LOOP ( 'NONE', ( #2709, #1470, #1416, #2254 ) ) ;
#516 = DIRECTION ( 'NONE',  ( 1.000000000000000000, 0.000000000000000000, 0.000000000000000000 ) ) ;
#517 = ORIENTED_EDGE ( 'NONE', *, *, #1514, .T. ) ;
#518 = LINE ( 'NONE', #1417, #2593 ) ;
#519 = ORIENTED_EDGE ( 'NONE', *, *, #1334, .F. ) ;
#520 = PLANE ( 'NONE',  #92 ) ;
#521 = DIRECTION ( 'NONE',  ( 0.000000000000000000, 0.000000000000000000, 1.000000000000000000 ) ) ;
#522 = LINE ( 'NONE', #1409, #616 ) ;
#523 = DIRECTION ( 'NONE',  ( 0.000000000000000000, -0.000000000000000000, 1.000000000000000000 ) ) ;
#524 = ORIENTED_EDGE ( 'NONE', *, *, #1589, .F. ) ;
#525 = CIRCLE ( 'NONE', #1012, 0.2099999999999989653 ) ;
#526 = EDGE_CURVE ( 'NONE', #985, #2074, #2425, .T. ) ;
#527 = VECTOR ( 'NONE', #588, 39.37007874015748143 ) ;
#528 = ORIENTED_EDGE ( 'NONE', *, *, #2716, .T. ) ;
#529 = CARTESIAN_POINT ( 'NONE',  ( 2.585000000000007514, 6.969999999999961560, 0.000000000000000000 ) ) ;
#530 = EDGE_CURVE ( 'NONE', #572, #1029, #211, .T. ) ;
#531 = ORIENTED_EDGE ( 'NONE', *, *, #2630, .F. ) ;
#532 = DIRECTION ( 'NONE',  ( -0.000000000000000000, -0.000000000000000000, 1.000000000000000000 ) ) ;
#533 = ORIENTED_EDGE ( 'NONE', *, *, #2721, .T. ) ;
#534 = CARTESIAN_POINT ( 'NONE',  ( 16.17500000000000782, 5.000000000000002665, 0.000000000000000000 ) ) ;
#535 = VECTOR ( 'NONE', #1062, 39.37007874015748143 ) ;
#536 = DIRECTION ( 'NONE',  ( -0.000000000000000000, 0.000000000000000000, 1.000000000000000000 ) ) ;
#537 = LINE ( 'NONE', #2081, #2310 ) ;
#538 = ADVANCED_FACE ( 'NONE', ( #158 ), #1520, .F. ) ;
#539 = CIRCLE ( 'NONE', #2172, 0.2100000000000000755 ) ;
#540 = DIRECTION ( 'NONE',  ( 1.000000000000000000, 0.000000000000000000, 0.000000000000000000 ) ) ;
#541 = ORIENTED_EDGE ( 'NONE', *, *, #2107, .T. ) ;
#542 = DIRECTION ( 'NONE',  ( -3.491481338843132961E-15, 0.000000000000000000, -1.000000000000000000 ) ) ;
#543 = AXIS2_PLACEMENT_3D ( 'NONE', #1105, #252, #21 ) ;
#544 = EDGE_LOOP ( 'NONE', ( #1612, #1015 ) ) ;
#545 = CARTESIAN_POINT ( 'NONE',  ( 11.99500000000000810, 6.970000000000003304, -4.979999999999999538 ) ) ;
#546 = ORIENTED_EDGE ( 'NONE', *, *, #231, .F. ) ;
#547 = FACE_OUTER_BOUND ( 'NONE', #2064, .T. ) ;
#548 = ADVANCED_FACE ( 'NONE', ( #1081 ), #1973, .F. ) ;
#549 = VECTOR ( 'NONE', #848, 39.37007874015748143 ) ;
#550 = DIRECTION ( 'NONE',  ( 0.000000000000000000, 0.000000000000000000, 1.000000000000000000 ) ) ;
#551 = CARTESIAN_POINT ( 'NONE',  ( 17.40500000000000469, 9.720000000000004192, -4.979999999999999538 ) ) ;
#552 = AXIS2_PLACEMENT_3D ( 'NONE', #2739, #1004, #288 ) ;
#553 = DIRECTION ( 'NONE',  ( 1.000000000000000000, 0.000000000000000000, 0.000000000000000000 ) ) ;
#554 = EDGE_CURVE ( 'NONE', #229, #2370, #2678, .T. ) ;
#555 = VERTEX_POINT ( 'NONE', #1394 ) ;
#556 = LINE ( 'NONE', #2761, #2509 ) ;
#557 = EDGE_LOOP ( 'NONE', ( #1896, #717, #2822, #2637 ) ) ;
#558 = CARTESIAN_POINT ( 'NONE',  ( 17.30000000000000782, 0.000000000000000000, -0.4999999999999986122 ) ) ;
#559 = EDGE_LOOP ( 'NONE', ( #1475, #2417, #2674, #1446 ) ) ;
#560 = CARTESIAN_POINT ( 'NONE',  ( 17.30000000000000782, -7.019999999999997797, -0.4999999999999988343 ) ) ;
#561 = DIRECTION ( 'NONE',  ( 0.000000000000000000, -0.000000000000000000, 1.000000000000000000 ) ) ;
#562 = EDGE_CURVE ( 'NONE', #376, #1598, #622, .T. ) ;
#563 = CARTESIAN_POINT ( 'NONE',  ( 17.40500000000000824, -9.759999999999999787, -0.4999999999999982792 ) ) ;
#564 = CARTESIAN_POINT ( 'NONE',  ( -17.40499999999999758, -9.719999999999998863, -0.2099999999999974942 ) ) ;
#565 = ORIENTED_EDGE ( 'NONE', *, *, #1429, .F. ) ;
#566 = FACE_BOUND ( 'NONE', #544, .T. ) ;
#567 = CIRCLE ( 'NONE', #2117, 0.1050000000000001071 ) ;
#568 = ORIENTED_EDGE ( 'NONE', *, *, #996, .T. ) ;
#569 = ORIENTED_EDGE ( 'NONE', *, *, #1963, .T. ) ;
#570 = LINE ( 'NONE', #338, #1210 ) ;
#571 = PLANE ( 'NONE',  #1479 ) ;
#572 = VERTEX_POINT ( 'NONE', #1114 ) ;
#573 = DIRECTION ( 'NONE',  ( -0.000000000000000000, -0.000000000000000000, 1.000000000000000000 ) ) ;
#574 = VECTOR ( 'NONE', #415, 39.37007874015748143 ) ;
#575 = EDGE_CURVE ( 'NONE', #1968, #2828, #258, .T. ) ;
#576 = DIRECTION ( 'NONE',  ( 1.000000000000000000, 0.000000000000000000, 0.000000000000000000 ) ) ;
#577 = EDGE_CURVE ( 'NONE', #843, #2770, #1781, .T. ) ;
#578 = EDGE_LOOP ( 'NONE', ( #878, #833, #2048, #1369 ) ) ;
#579 = CARTESIAN_POINT ( 'NONE',  ( -7.694999999999997620, 2.810000000000002718, 0.000000000000000000 ) ) ;
#580 = VERTEX_POINT ( 'NONE', #666 ) ;
#581 = EDGE_LOOP ( 'NONE', ( #1913, #120, #1763, #1427 ) ) ;
#582 = LINE ( 'NONE', #1060, #405 ) ;
#583 = EDGE_CURVE ( 'NONE', #2015, #18, #2268, .T. ) ;
#584 = AXIS2_PLACEMENT_3D ( 'NONE', #592, #1919, #800 ) ;
#585 = LINE ( 'NONE', #1488, #977 ) ;
#586 = LINE ( 'NONE', #2851, #535 ) ;
#587 = EDGE_LOOP ( 'NONE', ( #808, #53, #595, #126 ) ) ;
#588 = DIRECTION ( 'NONE',  ( 0.000000000000000000, -1.000000000000000000, 0.000000000000000000 ) ) ;
#589 = DIRECTION ( 'NONE',  ( 0.000000000000000000, 1.000000000000000000, 0.000000000000000000 ) ) ;
#590 = FACE_OUTER_BOUND ( 'NONE', #627, .T. ) ;
#591 = ORIENTED_EDGE ( 'NONE', *, *, #770, .F. ) ;
#592 = CARTESIAN_POINT ( 'NONE',  ( 5.995000000000008988, 6.969999999999961560, -0.1050000000000001071 ) ) ;
#593 = EDGE_CURVE ( 'NONE', #2189, #2103, #2250, .T. ) ;
#594 = VERTEX_POINT ( 'NONE', #432 ) ;
#595 = ORIENTED_EDGE ( 'NONE', *, *, #801, .T. ) ;
#596 = CARTESIAN_POINT ( 'NONE',  ( -0.000000000000000000, 9.970000000000002416, -0.2099999999999976885 ) ) ;
#597 = LINE ( 'NONE', #1500, #395 ) ;
#598 = CARTESIAN_POINT ( 'NONE',  ( 0.000000000000000000, -9.865000000000000213, 3.378173581002503265E-14 ) ) ;
#599 = ORIENTED_EDGE ( 'NONE', *, *, #1017, .F. ) ;
#600 = DIRECTION ( 'NONE',  ( 1.000000000000000000, 0.000000000000000000, 0.000000000000000000 ) ) ;
#601 = EDGE_CURVE ( 'NONE', #346, #764, #2006, .T. ) ;
#602 = CARTESIAN_POINT ( 'NONE',  ( -7.854999999999997762, 3.970000000000002860, -0.1050000000000001071 ) ) ;
#603 = LINE ( 'NONE', #2650, #70 ) ;
#604 = CARTESIAN_POINT ( 'NONE',  ( 17.40500000000000824, 4.220000000000003304, -0.4999999999999982792 ) ) ;
#605 = ORIENTED_EDGE ( 'NONE', *, *, #2058, .T. ) ;
#606 = DIRECTION ( 'NONE',  ( 0.000000000000000000, 0.000000000000000000, -1.000000000000000000 ) ) ;
#607 = EDGE_CURVE ( 'NONE', #386, #124, #1242, .T. ) ;
#608 = ORIENTED_EDGE ( 'NONE', *, *, #1537, .T. ) ;
#609 = FACE_OUTER_BOUND ( 'NONE', #2087, .T. ) ;
#610 = LINE ( 'NONE', #1486, #2896 ) ;
#611 = ADVANCED_FACE ( 'NONE', ( #1580 ), #713, .F. ) ;
#612 = DIRECTION ( 'NONE',  ( 0.000000000000000000, 0.000000000000000000, 1.000000000000000000 ) ) ;
#613 = DIRECTION ( 'NONE',  ( -1.000000000000000000, 0.000000000000000000, -3.491481338843132961E-15 ) ) ;
#614 = VERTEX_POINT ( 'NONE', #1831 ) ;
#615 = FACE_OUTER_BOUND ( 'NONE', #1570, .T. ) ;
#616 = VECTOR ( 'NONE', #2285, 39.37007874015748143 ) ;
#617 = CARTESIAN_POINT ( 'NONE',  ( 16.08000000000000895, -4.999999999999998224, 0.000000000000000000 ) ) ;
#618 = PLANE ( 'NONE',  #2118 ) ;
#619 = VECTOR ( 'NONE', #272, 39.37007874015748143 ) ;
#620 = EDGE_CURVE ( 'NONE', #935, #2101, #1006, .T. ) ;
#622 = CIRCLE ( 'NONE', #487, 0.09499999999999994560 ) ;
#621 = AXIS2_PLACEMENT_3D ( 'NONE', #385, #189, #1677 ) ;
#623 = DIRECTION ( 'NONE',  ( -0.000000000000000000, 0.000000000000000000, 1.000000000000000000 ) ) ;
#624 = ORIENTED_EDGE ( 'NONE', *, *, #192, .T. ) ;
#625 = FACE_OUTER_BOUND ( 'NONE', #1770, .T. ) ;
#626 = VECTOR ( 'NONE', #727, 39.37007874015748143 ) ;
#627 = EDGE_LOOP ( 'NONE', ( #2125, #1232, #2122, #410 ) ) ;
#628 = VECTOR ( 'NONE', #121, 39.37007874015748143 ) ;
#629 = AXIS2_PLACEMENT_3D ( 'NONE', #2014, #679, #1576 ) ;
#630 = ORIENTED_EDGE ( 'NONE', *, *, #1483, .F. ) ;
#631 = FACE_OUTER_BOUND ( 'NONE', #26, .T. ) ;
#632 = CARTESIAN_POINT ( 'NONE',  ( -7.854999999999997762, 4.130000000000002558, -4.979999999999999538 ) ) ;
#633 = FACE_OUTER_BOUND ( 'NONE', #312, .T. ) ;
#634 = ORIENTED_EDGE ( 'NONE', *, *, #683, .T. ) ;
#635 = DIRECTION ( 'NONE',  ( -0.000000000000000000, -0.000000000000000000, 1.000000000000000000 ) ) ;
#636 = EDGE_CURVE ( 'NONE', #2613, #1181, #2744, .T. ) ;
#637 = AXIS2_PLACEMENT_3D ( 'NONE', #171, #1928, #1942 ) ;
#638 = AXIS2_PLACEMENT_3D ( 'NONE', #1091, #1810, #2277 ) ;
#639 = CARTESIAN_POINT ( 'NONE',  ( -2.161868781280644747, 3.970000000000002860, 0.000000000000000000 ) ) ;
#640 = PLANE ( 'NONE',  #1095 ) ;
#641 = CIRCLE ( 'NONE', #1674, 0.09499999999999994560 ) ;
#642 = LINE ( 'NONE', #558, #917 ) ;
#643 = ORIENTED_EDGE ( 'NONE', *, *, #1483, .T. ) ;
#644 = DIRECTION ( 'NONE',  ( 0.000000000000000000, 0.000000000000000000, -1.000000000000000000 ) ) ;
#645 = AXIS2_PLACEMENT_3D ( 'NONE', #257, #2456, #448 ) ;
#646 = VERTEX_POINT ( 'NONE', #1365 ) ;
#647 = ORIENTED_EDGE ( 'NONE', *, *, #743, .F. ) ;
#648 = AXIS2_PLACEMENT_3D ( 'NONE', #444, #1374, #1560 ) ;
#649 = DIRECTION ( 'NONE',  ( 0.000000000000000000, -1.000000000000000000, 3.491481338843132961E-15 ) ) ;
#650 = LINE ( 'NONE', #2710, #484 ) ;
#651 = EDGE_LOOP ( 'NONE', ( #148, #1179, #2225, #165 ) ) ;
#652 = PLANE ( 'NONE',  #1024 ) ;
#653 = CARTESIAN_POINT ( 'NONE',  ( 17.30000000000000782, 4.220000000000003304, 9.629937079438272047E-14 ) ) ;
#654 = EDGE_CURVE ( 'NONE', #1029, #572, #2129, .T. ) ;
#655 = CARTESIAN_POINT ( 'NONE',  ( 7.995000000000008100, 6.969999999999974882, -4.979999999999999538 ) ) ;
#656 = CARTESIAN_POINT ( 'NONE',  ( 14.98500000000000654, -7.019999999999998685, -0.2702116192436972986 ) ) ;
#657 = VERTEX_POINT ( 'NONE', #1143 ) ;
#658 = DIRECTION ( 'NONE',  ( -0.000000000000000000, 1.000000000000000000, -0.000000000000000000 ) ) ;
#659 = ORIENTED_EDGE ( 'NONE', *, *, #1959, .F. ) ;
#660 = CARTESIAN_POINT ( 'NONE',  ( 17.02500000000000568, 9.970000000000002416, -4.979999999999999538 ) ) ;
#661 = DIRECTION ( 'NONE',  ( -0.000000000000000000, 1.000000000000000000, -0.000000000000000000 ) ) ;
#662 = CARTESIAN_POINT ( 'NONE',  ( -0.000000000000000000, 3.810000000000002718, -0.1049999999999999961 ) ) ;
#663 = ORIENTED_EDGE ( 'NONE', *, *, #439, .T. ) ;
#664 = ORIENTED_EDGE ( 'NONE', *, *, #453, .T. ) ;
#665 = DIRECTION ( 'NONE',  ( 1.000000000000000000, 0.000000000000000000, 0.000000000000000000 ) ) ;
#666 = CARTESIAN_POINT ( 'NONE',  ( 17.30000000000000782, 9.720000000000004192, -0.4999999999999986122 ) ) ;
#667 = VECTOR ( 'NONE', #1145, 39.37007874015748143 ) ;
#668 = CARTESIAN_POINT ( 'NONE',  ( 16.17500000000000782, 6.250000000000002665, -0.1050000000000001071 ) ) ;
#669 = EDGE_CURVE ( 'NONE', #2050, #55, #923, .T. ) ;
#670 = VECTOR ( 'NONE', #1944, 39.37007874015748143 ) ;
#671 = CARTESIAN_POINT ( 'NONE',  ( -7.854999999999997762, 4.130000000000002558, 0.000000000000000000 ) ) ;
#672 = VERTEX_POINT ( 'NONE', #2727 ) ;
#673 = DIRECTION ( 'NONE',  ( 1.000000000000000000, 0.000000000000000000, 0.000000000000000000 ) ) ;
#674 = ADVANCED_FACE ( 'NONE', ( #2035 ), #2236, .F. ) ;
#675 = VECTOR ( 'NONE', #1756, 39.37007874015748143 ) ;
#676 = ORIENTED_EDGE ( 'NONE', *, *, #1014, .T. ) ;
#677 = DIRECTION ( 'NONE',  ( -0.000000000000000000, 0.000000000000000000, 1.000000000000000000 ) ) ;
#678 = LINE ( 'NONE', #1575, #315 ) ;
#679 = DIRECTION ( 'NONE',  ( 1.000000000000000000, 0.000000000000000000, 0.000000000000000000 ) ) ;
#680 = ORIENTED_EDGE ( 'NONE', *, *, #231, .T. ) ;
#681 = ORIENTED_EDGE ( 'NONE', *, *, #2147, .T. ) ;
#682 = DIRECTION ( 'NONE',  ( -1.000000000000000000, 0.000000000000000000, -3.491481338843132961E-15 ) ) ;
#683 = EDGE_CURVE ( 'NONE', #2044, #1497, #2553, .T. ) ;
#684 = DIRECTION ( 'NONE',  ( 1.000000000000000000, 0.000000000000000000, 0.000000000000000000 ) ) ;
#685 = DIRECTION ( 'NONE',  ( -3.388338596792882053E-15, 0.000000000000000000, -1.000000000000000000 ) ) ;
#686 = DIRECTION ( 'NONE',  ( -0.000000000000000000, -0.000000000000000000, 1.000000000000000000 ) ) ;
#687 = ORIENTED_EDGE ( 'NONE', *, *, #2355, .F. ) ;
#688 = EDGE_CURVE ( 'NONE', #2622, #2731, #862, .T. ) ;
#689 = ORIENTED_EDGE ( 'NONE', *, *, #2479, .T. ) ;
#690 = VECTOR ( 'NONE', #1971, 39.37007874015748143 ) ;
#691 = CARTESIAN_POINT ( 'NONE',  ( -17.15499999999999758, -9.865000000000000213, -0.2099999999999980216 ) ) ;
#692 =( LENGTH_UNIT ( ) NAMED_UNIT ( * ) SI_UNIT ( $, .METRE. ) );
#693 = LINE ( 'NONE', #1590, #1746 ) ;
#694 = ORIENTED_EDGE ( 'NONE', *, *, #2352, .T. ) ;
#695 = CARTESIAN_POINT ( 'NONE',  ( -2.314999999999996838, 4.130000000000002558, -0.1050000000000001071 ) ) ;
#696 = VERTEX_POINT ( 'NONE', #2486 ) ;
#697 = DIRECTION ( 'NONE',  ( 1.000000000000000000, 0.000000000000000000, 0.000000000000000000 ) ) ;
#698 = VECTOR ( 'NONE', #1924, 39.37007874015748143 ) ;
#699 = DIRECTION ( 'NONE',  ( 1.000000000000000000, 0.000000000000000000, 0.000000000000000000 ) ) ;
#700 = EDGE_CURVE ( 'NONE', #2241, #1795, #1022, .T. ) ;
#701 = DIRECTION ( 'NONE',  ( -1.000000000000000000, 0.000000000000000000, -5.203519987931978849E-15 ) ) ;
#702 = CARTESIAN_POINT ( 'NONE',  ( -7.694999999999997620, 4.130000000000002558, -4.979999999999999538 ) ) ;
#703 = VERTEX_POINT ( 'NONE', #993 ) ;
#704 = VERTEX_POINT ( 'NONE', #1185 ) ;
#705 = DIRECTION ( 'NONE',  ( -1.000000000000000000, 0.000000000000000000, 0.000000000000000000 ) ) ;
#706 = EDGE_CURVE ( 'NONE', #1466, #1219, #1420, .T. ) ;
#707 = FACE_OUTER_BOUND ( 'NONE', #2390, .T. ) ;
#708 = VERTEX_POINT ( 'NONE', #2753 ) ;
#709 = CARTESIAN_POINT ( 'NONE',  ( 17.40500000000000469, 9.760000000000003340, -0.2099999999999983824 ) ) ;
#710 = VERTEX_POINT ( 'NONE', #784 ) ;
#711 = CARTESIAN_POINT ( 'NONE',  ( -17.15499999999999758, 0.000000000000000000, -0.1049999999999999961 ) ) ;
#712 = EDGE_CURVE ( 'NONE', #1029, #1591, #754, .T. ) ;
#713 = CYLINDRICAL_SURFACE ( 'NONE', #1099, 0.09499999999999994560 ) ;
#714 = DIRECTION ( 'NONE',  ( -0.000000000000000000, 0.000000000000000000, 1.000000000000000000 ) ) ;
#715 = AXIS2_PLACEMENT_3D ( 'NONE', #400, #2145, #2379 ) ;
#716 = CARTESIAN_POINT ( 'NONE',  ( 17.02500000000000568, 9.970000000000002416, 0.000000000000000000 ) ) ;
#717 = ORIENTED_EDGE ( 'NONE', *, *, #1058, .T. ) ;
#718 = CIRCLE ( 'NONE', #1231, 0.4400000000000018896 ) ;
#719 = ADVANCED_FACE ( 'NONE', ( #1201 ), #1681, .F. ) ;
#720 = ORIENTED_EDGE ( 'NONE', *, *, #2182, .F. ) ;
#721 = DIRECTION ( 'NONE',  ( 1.000000000000000000, 0.000000000000000000, 0.000000000000000000 ) ) ;
#722 = VECTOR ( 'NONE', #1322, 39.37007874015748143 ) ;
#723 = ORIENTED_EDGE ( 'NONE', *, *, #1927, .T. ) ;
#724 = DIRECTION ( 'NONE',  ( 1.000000000000000000, -0.000000000000000000, 5.532856696028883217E-15 ) ) ;
#725 = EDGE_LOOP ( 'NONE', ( #1572, #1191, #1339, #1406 ) ) ;
#726 = DIRECTION ( 'NONE',  ( 1.000000000000000000, 0.000000000000000000, 0.000000000000000000 ) ) ;
#727 = DIRECTION ( 'NONE',  ( 0.000000000000000000, 1.000000000000000000, -3.491481338843132961E-15 ) ) ;
#728 = EDGE_CURVE ( 'NONE', #441, #1547, #1435, .T. ) ;
#729 = CARTESIAN_POINT ( 'NONE',  ( -17.15499999999999758, 9.760000000000003340, -0.2099999999999983824 ) ) ;
#730 = AXIS2_PLACEMENT_3D ( 'NONE', #367, #1077, #1530 ) ;
#731 = CARTESIAN_POINT ( 'NONE',  ( -2.161868781280644747, 3.810000000000002718, -4.979999999999999538 ) ) ;
#732 = VERTEX_POINT ( 'NONE', #2079 ) ;
#733 = AXIS2_PLACEMENT_3D ( 'NONE', #2464, #455, #931 ) ;
#734 = ORIENTED_EDGE ( 'NONE', *, *, #2526, .T. ) ;
#735 = CARTESIAN_POINT ( 'NONE',  ( -2.001868781280644605, 3.970000000000002860, -4.979999999999999538 ) ) ;
#736 = AXIS2_PLACEMENT_3D ( 'NONE', #1459, #1727, #2585 ) ;
#737 = VERTEX_POINT ( 'NONE', #2338 ) ;
#738 = CARTESIAN_POINT ( 'NONE',  ( -7.854999999999997762, 3.810000000000002718, -4.979999999999999538 ) ) ;
#739 = ORIENTED_EDGE ( 'NONE', *, *, #2276, .F. ) ;
#740 = CARTESIAN_POINT ( 'NONE',  ( 17.40500000000000824, 7.020000000000003126, -0.4999999999999982792 ) ) ;
#741 = LINE ( 'NONE', #1622, #2272 ) ;
#742 = PLANE ( 'NONE',  #2351 ) ;
#743 = EDGE_CURVE ( 'NONE', #2370, #1786, #741, .T. ) ;
#744 = DIRECTION ( 'NONE',  ( -0.000000000000000000, -0.000000000000000000, 1.000000000000000000 ) ) ;
#745 = ORIENTED_EDGE ( 'NONE', *, *, #988, .T. ) ;
#746 = EDGE_CURVE ( 'NONE', #991, #124, #2092, .T. ) ;
#747 = VERTEX_POINT ( 'NONE', #115 ) ;
#748 = CARTESIAN_POINT ( 'NONE',  ( 16.17500000000000782, 5.000000000000002665, -0.1050000000000001071 ) ) ;
#749 = ORIENTED_EDGE ( 'NONE', *, *, #1017, .T. ) ;
#750 = DIRECTION ( 'NONE',  ( 1.000000000000000000, 0.000000000000000000, 0.000000000000000000 ) ) ;
#751 = VERTEX_POINT ( 'NONE', #768 ) ;
#752 = CARTESIAN_POINT ( 'NONE',  ( 7.555000000000005933, 6.969999999999974882, -4.979999999999999538 ) ) ;
#753 = ADVANCED_FACE ( 'NONE', ( #1860 ), #1636, .F. ) ;
#754 = LINE ( 'NONE', #128, #2508 ) ;
#755 = FACE_OUTER_BOUND ( 'NONE', #36, .T. ) ;
#756 = DIRECTION ( 'NONE',  ( 1.000000000000000000, 0.000000000000000000, 5.528739987177727823E-15 ) ) ;
#757 = ORIENTED_EDGE ( 'NONE', *, *, #1347, .T. ) ;
#758 = AXIS2_PLACEMENT_3D ( 'NONE', #355, #1049, #600 ) ;
#759 = VERTEX_POINT ( 'NONE', #1408 ) ;
#760 = DIRECTION ( 'NONE',  ( 1.000000000000000000, 0.000000000000000000, 0.000000000000000000 ) ) ;
#761 = EDGE_CURVE ( 'NONE', #2670, #2770, #1388, .T. ) ;
#762 = ORIENTED_EDGE ( 'NONE', *, *, #562, .T. ) ;
#763 = DIRECTION ( 'NONE',  ( 0.000000000000000000, -1.000000000000000000, 0.000000000000000000 ) ) ;
#764 = VERTEX_POINT ( 'NONE', #304 ) ;
#765 = DIRECTION ( 'NONE',  ( -1.000000000000000000, 0.000000000000000000, -0.000000000000000000 ) ) ;
#766 = CIRCLE ( 'NONE', #206, 0.09499999999999994560 ) ;
#767 = VECTOR ( 'NONE', #52, 39.37007874015748143 ) ;
#768 = CARTESIAN_POINT ( 'NONE',  ( 17.40500000000000824, 9.720000000000004192, -0.4999999999999982792 ) ) ;
#769 = CARTESIAN_POINT ( 'NONE',  ( -7.854999999999997762, 4.130000000000002558, 0.000000000000000000 ) ) ;
#770 = EDGE_CURVE ( 'NONE', #2880, #672, #1752, .T. ) ;
#771 = AXIS2_PLACEMENT_3D ( 'NONE', #2066, #1608, #232 ) ;
#772 = VECTOR ( 'NONE', #2343, 39.37007874015748143 ) ;
#773 = AXIS2_PLACEMENT_3D ( 'NONE', #1501, #1283, #1729 ) ;
#774 = DIRECTION ( 'NONE',  ( 0.000000000000000000, 0.000000000000000000, 1.000000000000000000 ) ) ;
#775 = VECTOR ( 'NONE', #2864, 39.37007874015748143 ) ;
#776 = ORIENTED_EDGE ( 'NONE', *, *, #1640, .T. ) ;
#777 = DIRECTION ( 'NONE',  ( 1.000000000000000000, 0.000000000000000000, 0.000000000000000000 ) ) ;
#778 = CLOSED_SHELL ( 'NONE', ( #2472, #674, #1220, #2665, #1574, #548, #2363, #1625, #1364, #90, #2384, #1658, #1606, #1107, #2441, #1909, #2621, #2757, #2784, #348, #398, #2641, #1342, #2302, #1166, #2689, #1240, #1543, #1381, #2249, #2680, #24, #314, #363, #2537, #1370, #263, #2462, #1228, #156, #2862, #2026, #1249, #251, #2790, #106, #420, #1154, #75, #1861, #1801, #1216, #753, #1144, #839, #1852, #2582, #1448, #719, #478, #2339, #1532, #114, #538, #1493, #2521, #2229, #812, #1415, #226, #845, #2877, #1772, #151, #2193, #1724, #1816, #1496, #16, #2238, #2407, #611, #1032, #1134, #2426, #1998, #2330, #1052, #2174, #497, #2017, #1845, #345 ) ) ;
#779 = EDGE_CURVE ( 'NONE', #1310, #2241, #493, .T. ) ;
#780 = VERTEX_POINT ( 'NONE', #1666 ) ;
#781 = DIRECTION ( 'NONE',  ( 1.000000000000000000, 0.000000000000000000, 0.000000000000000000 ) ) ;
#782 = EDGE_LOOP ( 'NONE', ( #399, #9, #228, #2025 ) ) ;
#783 = PLANE ( 'NONE',  #1304 ) ;
#784 = CARTESIAN_POINT ( 'NONE',  ( 17.02500000000000568, 9.865000000000005542, -0.7500000000000004441 ) ) ;
#785 = CARTESIAN_POINT ( 'NONE',  ( -7.694999999999997620, 2.810000000000002718, -4.979999999999999538 ) ) ;
#786 = AXIS2_PLACEMENT_3D ( 'NONE', #1142, #2663, #12 ) ;
#787 = DIRECTION ( 'NONE',  ( -0.000000000000000000, 1.000000000000000000, -0.000000000000000000 ) ) ;
#788 = ORIENTED_EDGE ( 'NONE', *, *, #607, .T. ) ;
#789 = CARTESIAN_POINT ( 'NONE',  ( -7.854999999999997762, 3.970000000000002860, -4.979999999999999538 ) ) ;
#790 = EDGE_LOOP ( 'NONE', ( #687, #2361 ) ) ;
#791 = CYLINDRICAL_SURFACE ( 'NONE', #621, 0.09499999999999994560 ) ;
#792 = ORIENTED_EDGE ( 'NONE', *, *, #2372, .T. ) ;
#793 = DIRECTION ( 'NONE',  ( -0.000000000000000000, 0.000000000000000000, 1.000000000000000000 ) ) ;
#794 = EDGE_CURVE ( 'NONE', #1786, #1795, #1296, .T. ) ;
#795 = DIRECTION ( 'NONE',  ( 1.000000000000000000, 0.000000000000000000, 0.000000000000000000 ) ) ;
#796 = CARTESIAN_POINT ( 'NONE',  ( 9.555000000000005045, 6.969999999999989093, -4.979999999999999538 ) ) ;
#797 = EDGE_CURVE ( 'NONE', #1177, #2002, #327, .T. ) ;
#798 = CARTESIAN_POINT ( 'NONE',  ( 7.995000000000008100, 6.969999999999974882, -0.1050000000000001071 ) ) ;
#799 = ORIENTED_EDGE ( 'NONE', *, *, #1670, .T. ) ;
#800 = DIRECTION ( 'NONE',  ( 1.000000000000000000, 0.000000000000000000, 0.000000000000000000 ) ) ;
#801 = EDGE_CURVE ( 'NONE', #2015, #137, #1226, .T. ) ;
#802 = VECTOR ( 'NONE', #2628, 39.37007874015748143 ) ;
#803 = EDGE_LOOP ( 'NONE', ( #1040, #473 ) ) ;
#804 = ORIENTED_EDGE ( 'NONE', *, *, #2904, .F. ) ;
#805 = CARTESIAN_POINT ( 'NONE',  ( -17.40499999999999758, 9.720000000000004192, -4.979999999999999538 ) ) ;
#806 = AXIS2_PLACEMENT_3D ( 'NONE', #159, #827, #2604 ) ;
#807 = CARTESIAN_POINT ( 'NONE',  ( 1.310000000000007603, 6.969999999999961560, -4.979999999999999538 ) ) ;
#808 = ORIENTED_EDGE ( 'NONE', *, *, #2269, .F. ) ;
#809 = PLANE ( 'NONE',  #1607 ) ;
#810 = AXIS2_PLACEMENT_3D ( 'NONE', #1223, #2873, #110 ) ;
#811 = CARTESIAN_POINT ( 'NONE',  ( 0.000000000000000000, 5.130000000000002558, -0.1049999999999999961 ) ) ;
#812 = ADVANCED_FACE ( 'NONE', ( #1900 ), #289, .F. ) ;
#813 = LINE ( 'NONE', #1709, #670 ) ;
#814 = AXIS2_PLACEMENT_3D ( 'NONE', #748, #986, #760 ) ;
#815 = ORIENTED_EDGE ( 'NONE', *, *, #1103, .F. ) ;
#816 = DIRECTION ( 'NONE',  ( -0.000000000000000000, -0.000000000000000000, 1.000000000000000000 ) ) ;
#817 = VECTOR ( 'NONE', #2297, 39.37007874015748143 ) ;
#818 = ORIENTED_EDGE ( 'NONE', *, *, #1692, .F. ) ;
#819 = DIRECTION ( 'NONE',  ( 5.532856696028882428E-15, 0.000000000000000000, -1.000000000000000000 ) ) ;
#820 = CARTESIAN_POINT ( 'NONE',  ( 1.995000000000007434, 6.969999999999961560, 0.000000000000000000 ) ) ;
#821 = CARTESIAN_POINT ( 'NONE',  ( -16.96499999999999986, -6.249999999999998224, -0.1050000000000001071 ) ) ;
#822 = CARTESIAN_POINT ( 'NONE',  ( 17.40500000000000824, -9.719999999999998863, -0.2099999999999974942 ) ) ;
#823 = ORIENTED_EDGE ( 'NONE', *, *, #1451, .F. ) ;
#824 = CARTESIAN_POINT ( 'NONE',  ( 17.02500000000000568, 0.000000000000000000, -0.1049999999999999961 ) ) ;
#825 = CARTESIAN_POINT ( 'NONE',  ( -2.314999999999996838, 5.130000000000002558, -4.979999999999999538 ) ) ;
#826 = VECTOR ( 'NONE', #1021, 39.37007874015748143 ) ;
#827 = DIRECTION ( 'NONE',  ( 3.491481338843132961E-15, 0.000000000000000000, -1.000000000000000000 ) ) ;
#828 = EDGE_CURVE ( 'NONE', #2483, #1279, #2327, .T. ) ;
#829 = ORIENTED_EDGE ( 'NONE', *, *, #1826, .F. ) ;
#830 = FACE_OUTER_BOUND ( 'NONE', #1027, .T. ) ;
#831 = EDGE_CURVE ( 'NONE', #1779, #704, #2421, .T. ) ;
#832 = ORIENTED_EDGE ( 'NONE', *, *, #2671, .T. ) ;
#833 = ORIENTED_EDGE ( 'NONE', *, *, #1934, .F. ) ;
#834 = DIRECTION ( 'NONE',  ( 0.000000000000000000, 0.000000000000000000, 1.000000000000000000 ) ) ;
#835 = FACE_OUTER_BOUND ( 'NONE', #559, .T. ) ;
#836 = DIRECTION ( 'NONE',  ( 1.000000000000000000, 0.000000000000000000, 0.000000000000000000 ) ) ;
#837 = EDGE_LOOP ( 'NONE', ( #757, #1441, #847, #2481 ) ) ;
#838 = CARTESIAN_POINT ( 'NONE',  ( 17.40500000000000824, -7.019999999999998685, -0.2702116192436839204 ) ) ;
#839 = ADVANCED_FACE ( 'NONE', ( #835 ), #571, .F. ) ;
#840 = DIRECTION ( 'NONE',  ( 0.000000000000000000, 1.000000000000000000, 0.000000000000000000 ) ) ;
#841 = LINE ( 'NONE', #2427, #297 ) ;
#842 = FACE_OUTER_BOUND ( 'NONE', #1093, .T. ) ;
#843 = VERTEX_POINT ( 'NONE', #2403 ) ;
#844 = CARTESIAN_POINT ( 'NONE',  ( -17.15499999999999758, 9.970000000000002416, -4.979999999999999538 ) ) ;
#845 = ADVANCED_FACE ( 'NONE', ( #1256 ), #2168, .F. ) ;
#846 = VERTEX_POINT ( 'NONE', #183 ) ;
#847 = ORIENTED_EDGE ( 'NONE', *, *, #2701, .F. ) ;
#848 = DIRECTION ( 'NONE',  ( -0.000000000000000000, -0.000000000000000000, 1.000000000000000000 ) ) ;
#849 = AXIS2_PLACEMENT_3D ( 'NONE', #1862, #511, #290 ) ;
#850 = DIRECTION ( 'NONE',  ( -1.000000000000000000, -0.000000000000000000, -0.000000000000000000 ) ) ;
#851 = DIRECTION ( 'NONE',  ( 5.532856696028882428E-15, 0.000000000000000000, -1.000000000000000000 ) ) ;
#852 = VERTEX_POINT ( 'NONE', #2850 ) ;
#853 = LINE ( 'NONE', #824, #527 ) ;
#854 = CIRCLE ( 'NONE', #2495, 0.09499999999999994560 ) ;
#855 = CARTESIAN_POINT ( 'NONE',  ( 17.02500000000000924, -9.969999999999998863, -0.7499999999999998890 ) ) ;
#856 = DIRECTION ( 'NONE',  ( 1.000000000000000000, -0.000000000000000000, -0.000000000000000000 ) ) ;
#857 = AXIS2_PLACEMENT_3D ( 'NONE', #738, #1633, #2530 ) ;
#858 = VECTOR ( 'NONE', #2264, 39.37007874015748143 ) ;
#859 = CARTESIAN_POINT ( 'NONE',  ( -7.694999999999997620, 2.810000000000002718, 0.000000000000000000 ) ) ;
#860 = ORIENTED_EDGE ( 'NONE', *, *, #48, .F. ) ;
#861 = FACE_BOUND ( 'NONE', #499, .T. ) ;
#862 = CIRCLE ( 'NONE', #2406, 0.4400000000000007794 ) ;
#863 = ORIENTED_EDGE ( 'NONE', *, *, #700, .F. ) ;
#864 = AXIS2_PLACEMENT_3D ( 'NONE', #789, #1192, #777 ) ;
#865 = ORIENTED_EDGE ( 'NONE', *, *, #245, .F. ) ;
#866 = SURFACE_SIDE_STYLE ('',( #225 ) ) ;
#867 = CIRCLE ( 'NONE', #730, 0.4400000000000007794 ) ;
#868 = EDGE_CURVE ( 'NONE', #2074, #910, #597, .T. ) ;
#869 = PLANE ( 'NONE',  #1653 ) ;
#870 = LINE ( 'NONE', #1762, #1149 ) ;
#871 = EDGE_LOOP ( 'NONE', ( #1827, #1087, #2040, #320 ) ) ;
#872 = CARTESIAN_POINT ( 'NONE',  ( -17.30000000000000071, 9.720000000000004192, -0.2099999999999980216 ) ) ;
#873 = AXIS2_PLACEMENT_3D ( 'NONE', #844, #2620, #606 ) ;
#874 = CARTESIAN_POINT ( 'NONE',  ( 17.02500000000000568, 9.760000000000003340, 0.000000000000000000 ) ) ;
#875 = DIRECTION ( 'NONE',  ( 1.000000000000000000, 0.000000000000000000, 0.000000000000000000 ) ) ;
#876 = VECTOR ( 'NONE', #326, 39.37007874015748143 ) ;
#877 = CARTESIAN_POINT ( 'NONE',  ( 17.40500000000000469, 9.760000000000003340, 1.707404996040164561E-15 ) ) ;
#878 = ORIENTED_EDGE ( 'NONE', *, *, #464, .F. ) ;
#879 = FACE_BOUND ( 'NONE', #1139, .T. ) ;
#880 = VECTOR ( 'NONE', #635, 39.37007874015748143 ) ;
#881 = ORIENTED_EDGE ( 'NONE', *, *, #1654, .F. ) ;
#882 = CARTESIAN_POINT ( 'NONE',  ( -17.15499999999999758, 9.970000000000002416, -0.7500000000000004441 ) ) ;
#883 =( CONVERSION_BASED_UNIT ( 'INCH', #1996 ) LENGTH_UNIT ( ) NAMED_UNIT ( #1836 ) );
#884 = CARTESIAN_POINT ( 'NONE',  ( 17.19500000000001094, 9.720000000000004192, -0.2099999999999986044 ) ) ;
#885 = ORIENTED_EDGE ( 'NONE', *, *, #1710, .F. ) ;
#886 = PLANE ( 'NONE',  #2356 ) ;
#887 = EDGE_CURVE ( 'NONE', #2301, #2747, #1690, .T. ) ;
#888 = ORIENTED_EDGE ( 'NONE', *, *, #1647, .T. ) ;
#889 = CARTESIAN_POINT ( 'NONE',  ( 0.000000000000000000, 9.865000000000003766, 3.378173581002504527E-14 ) ) ;
#890 = DIRECTION ( 'NONE',  ( -0.000000000000000000, 0.000000000000000000, 1.000000000000000000 ) ) ;
#891 = EDGE_CURVE ( 'NONE', #737, #708, #1939, .T. ) ;
#892 = CARTESIAN_POINT ( 'NONE',  ( -17.16499999999999915, 6.250000000000002665, -4.979999999999999538 ) ) ;
#893 = CARTESIAN_POINT ( 'NONE',  ( -17.15499999999999758, 9.970000000000005969, -0.7500000000000001110 ) ) ;
#894 = VERTEX_POINT ( 'NONE', #2834 ) ;
#895 = DIRECTION ( 'NONE',  ( -0.000000000000000000, 1.000000000000000000, -0.000000000000000000 ) ) ;
#896 = ORIENTED_EDGE ( 'NONE', *, *, #378, .T. ) ;
#897 = EDGE_CURVE ( 'NONE', #919, #1777, #1728, .T. ) ;
#898 = LINE ( 'NONE', #1807, #267 ) ;
#899 = CARTESIAN_POINT ( 'NONE',  ( -7.694999999999997620, 5.130000000000002558, -4.979999999999999538 ) ) ;
#900 = CARTESIAN_POINT ( 'NONE',  ( 2.585000000000007514, 6.969999999999961560, -4.979999999999999538 ) ) ;
#901 = ORIENTED_EDGE ( 'NONE', *, *, #712, .T. ) ;
#902 = PLANE ( 'NONE',  #342 ) ;
#903 = ORIENTED_EDGE ( 'NONE', *, *, #2485, .T. ) ;
#904 = CARTESIAN_POINT ( 'NONE',  ( -17.15499999999999758, 9.970000000000002416, -4.979999999999999538 ) ) ;
#905 = DIRECTION ( 'NONE',  ( 0.000000000000000000, 0.000000000000000000, 1.000000000000000000 ) ) ;
#906 = CIRCLE ( 'NONE', #2209, 0.09499999999999994560 ) ;
#907 = CARTESIAN_POINT ( 'NONE',  ( 2.680000000000007265, 6.969999999999961560, -0.1050000000000001071 ) ) ;
#908 = EDGE_CURVE ( 'NONE', #460, #2847, #867, .T. ) ;
#909 = CARTESIAN_POINT ( 'NONE',  ( -2.314999999999996838, 3.810000000000002718, -0.1050000000000001071 ) ) ;
#910 = VERTEX_POINT ( 'NONE', #2377 ) ;
#911 = VECTOR ( 'NONE', #2690, 39.37007874015748143 ) ;
#912 = ORIENTED_EDGE ( 'NONE', *, *, #2721, .F. ) ;
#913 = LINE ( 'NONE', #56, #2651 ) ;
#914 = DIRECTION ( 'NONE',  ( -0.000000000000000000, 0.000000000000000000, 1.000000000000000000 ) ) ;
#915 = AXIS2_PLACEMENT_3D ( 'NONE', #2105, #1215, #102 ) ;
#916 = CIRCLE ( 'NONE', #814, 0.09499999999999994560 ) ;
#917 = VECTOR ( 'NONE', #1539, 39.37007874015748143 ) ;
#918 = CARTESIAN_POINT ( 'NONE',  ( 16.27000000000000668, 5.000000000000002665, -4.979999999999999538 ) ) ;
#919 = VERTEX_POINT ( 'NONE', #1967 ) ;
#920 = DIRECTION ( 'NONE',  ( 0.000000000000000000, 1.000000000000000000, 3.491481338843132961E-15 ) ) ;
#921 = ORIENTED_EDGE ( 'NONE', *, *, #1274, .F. ) ;
#922 = LINE ( 'NONE', #2248, #2522 ) ;
#923 = LINE ( 'NONE', #1352, #259 ) ;
#924 = DIRECTION ( 'NONE',  ( 1.000000000000000000, 0.000000000000000000, 0.000000000000000000 ) ) ;
#925 = DIRECTION ( 'NONE',  ( -1.000000000000000000, -0.000000000000000000, -0.000000000000000000 ) ) ;
#926 = ORIENTED_EDGE ( 'NONE', *, *, #2729, .F. ) ;
#927 = EDGE_CURVE ( 'NONE', #710, #1404, #1281, .T. ) ;
#928 = AXIS2_PLACEMENT_3D ( 'NONE', #534, #1621, #2766 ) ;
#929 = ORIENTED_EDGE ( 'NONE', *, *, #2608, .F. ) ;
#930 = VECTOR ( 'NONE', #1646, 39.37007874015748143 ) ;
#931 = DIRECTION ( 'NONE',  ( 0.000000000000000000, 1.000000000000000000, -3.491481338843132961E-15 ) ) ;
#932 = FACE_OUTER_BOUND ( 'NONE', #578, .T. ) ;
#933 = EDGE_LOOP ( 'NONE', ( #149, #2843, #2332, #2432 ) ) ;
#934 = CARTESIAN_POINT ( 'NONE',  ( 5.555000000000006821, 6.969999999999961560, -0.1050000000000001071 ) ) ;
#935 = VERTEX_POINT ( 'NONE', #821 ) ;
#936 = DIRECTION ( 'NONE',  ( 0.000000000000000000, -3.388338596792882053E-15, 1.000000000000000000 ) ) ;
#937 = CARTESIAN_POINT ( 'NONE',  ( -2.161868781280644747, 3.970000000000002860, 0.000000000000000000 ) ) ;
#938 = DIRECTION ( 'NONE',  ( -0.000000000000000000, -0.000000000000000000, 1.000000000000000000 ) ) ;
#939 = EDGE_CURVE ( 'NONE', #2378, #1355, #394, .T. ) ;
#940 = CARTESIAN_POINT ( 'NONE',  ( 11.99500000000000810, 6.970000000000003304, 0.000000000000000000 ) ) ;
#941 = ORIENTED_EDGE ( 'NONE', *, *, #2904, .T. ) ;
#942 = ORIENTED_EDGE ( 'NONE', *, *, #868, .T. ) ;
#943 = DIRECTION ( 'NONE',  ( -0.000000000000000000, 0.000000000000000000, 1.000000000000000000 ) ) ;
#944 = EDGE_CURVE ( 'NONE', #407, #1591, #1619, .T. ) ;
#945 = EDGE_LOOP ( 'NONE', ( #1698, #350, #788, #95 ) ) ;
#946 = CARTESIAN_POINT ( 'NONE',  ( 17.02500000000000568, 9.865000000000003766, -0.2099999999999980216 ) ) ;
#947 = ORIENTED_EDGE ( 'NONE', *, *, #1571, .T. ) ;
#948 = DIRECTION ( 'NONE',  ( -0.000000000000000000, -0.000000000000000000, 1.000000000000000000 ) ) ;
#949 = DIRECTION ( 'NONE',  ( -0.000000000000000000, -0.000000000000000000, 1.000000000000000000 ) ) ;
#950 = CARTESIAN_POINT ( 'NONE',  ( 17.30000000000000782, 9.720000000000004192, -0.2099999999999980216 ) ) ;
#951 = VECTOR ( 'NONE', #938, 39.37007874015748143 ) ;
#952 = EDGE_CURVE ( 'NONE', #368, #2606, #2365, .T. ) ;
#953 = CARTESIAN_POINT ( 'NONE',  ( 16.27000000000000668, 5.000000000000002665, -0.1050000000000001071 ) ) ;
#954 = ORIENTED_EDGE ( 'NONE', *, *, #1694, .T. ) ;
#955 = ORIENTED_EDGE ( 'NONE', *, *, #2503, .F. ) ;
#956 = LINE ( 'NONE', #1855, #772 ) ;
#957 = APPLICATION_PROTOCOL_DEFINITION ( 'draft international standard', 'automotive_design', 1998, #1009 ) ;
#958 = VECTOR ( 'NONE', #2454, 39.37007874015748143 ) ;
#959 = ORIENTED_EDGE ( 'NONE', *, *, #1116, .F. ) ;
#960 = DIRECTION ( 'NONE',  ( -1.000000000000000000, 0.000000000000000000, 0.000000000000000000 ) ) ;
#961 = EDGE_LOOP ( 'NONE', ( #749, #569 ) ) ;
#962 = FACE_OUTER_BOUND ( 'NONE', #2580, .T. ) ;
#963 = EDGE_CURVE ( 'NONE', #1181, #852, #1515, .T. ) ;
#964 = DIRECTION ( 'NONE',  ( -0.000000000000000000, -0.000000000000000000, 1.000000000000000000 ) ) ;
#965 = DIRECTION ( 'NONE',  ( -0.000000000000000000, -0.000000000000000000, 1.000000000000000000 ) ) ;
#966 = EDGE_CURVE ( 'NONE', #365, #480, #1301, .T. ) ;
#967 = CARTESIAN_POINT ( 'NONE',  ( -17.06500000000000128, -6.249999999999998224, -0.1050000000000001071 ) ) ;
#968 = ORIENTED_EDGE ( 'NONE', *, *, #1199, .T. ) ;
#969 = AXIS2_PLACEMENT_3D ( 'NONE', #1708, #1750, #2616 ) ;
#970 = ORIENTED_EDGE ( 'NONE', *, *, #457, .T. ) ;
#971 = CARTESIAN_POINT ( 'NONE',  ( 16.17500000000000782, -6.249999999999998224, 0.000000000000000000 ) ) ;
#972 = CIRCLE ( 'NONE', #928, 0.09499999999999994560 ) ;
#973 = ORIENTED_EDGE ( 'NONE', *, *, #2578, .F. ) ;
#974 = CARTESIAN_POINT ( 'NONE',  ( -17.30000000000000071, 9.720000000000004192, -0.7500000000000004441 ) ) ;
#975 = ORIENTED_EDGE ( 'NONE', *, *, #2269, .T. ) ;
#976 = CARTESIAN_POINT ( 'NONE',  ( 2.585000000000007514, 6.969999999999961560, -0.1050000000000001071 ) ) ;
#977 = VECTOR ( 'NONE', #649, 39.37007874015748143 ) ;
#978 = DIRECTION ( 'NONE',  ( -1.000000000000000000, 0.000000000000000000, 0.000000000000000000 ) ) ;
#979 = EDGE_CURVE ( 'NONE', #1384, #2772, #2364, .T. ) ;
#980 = DIRECTION ( 'NONE',  ( 1.000000000000000000, 0.000000000000000000, 0.000000000000000000 ) ) ;
#981 = EDGE_CURVE ( 'NONE', #194, #2344, #2820, .T. ) ;
#982 = FACE_OUTER_BOUND ( 'NONE', #2336, .T. ) ;
#983 = PRODUCT_DEFINITION_SHAPE ( 'NONE', 'NONE',  #1832 ) ;
#984 = ORIENTED_EDGE ( 'NONE', *, *, #2388, .T. ) ;
#985 = VERTEX_POINT ( 'NONE', #2600 ) ;
#986 = DIRECTION ( 'NONE',  ( -0.000000000000000000, 0.000000000000000000, 1.000000000000000000 ) ) ;
#987 = PRODUCT_CONTEXT ( 'NONE', #1009, 'mechanical' ) ;
#988 = EDGE_CURVE ( 'NONE', #1377, #989, #585, .T. ) ;
#989 = VERTEX_POINT ( 'NONE', #2230 ) ;
#990 = PLANE ( 'NONE',  #1888 ) ;
#991 = VERTEX_POINT ( 'NONE', #2451 ) ;
#992 = DIRECTION ( 'NONE',  ( 1.000000000000000000, 0.000000000000000000, 0.000000000000000000 ) ) ;
#993 = CARTESIAN_POINT ( 'NONE',  ( 17.30000000000000782, -7.019999999999998685, -0.2702116192436845310 ) ) ;
#994 = DIRECTION ( 'NONE',  ( -0.000000000000000000, -0.000000000000000000, 1.000000000000000000 ) ) ;
#995 = CARTESIAN_POINT ( 'NONE',  ( -7.694999999999997620, 2.810000000000002718, -4.979999999999999538 ) ) ;
#996 = EDGE_CURVE ( 'NONE', #208, #1466, #2100, .T. ) ;
#997 = CIRCLE ( 'NONE', #249, 0.1899999999999998912 ) ;
#998 = ORIENTED_EDGE ( 'NONE', *, *, #688, .F. ) ;
#999 = CARTESIAN_POINT ( 'NONE',  ( 17.19500000000001094, -9.719999999999998863, -0.2099999999999986044 ) ) ;
#1000 = EDGE_CURVE ( 'NONE', #846, #614, #1999, .T. ) ;
#1001 = ORIENTED_EDGE ( 'NONE', *, *, #207, .F. ) ;
#1002 = DIRECTION ( 'NONE',  ( 0.000000000000000000, 0.000000000000000000, 1.000000000000000000 ) ) ;
#1003 = ORIENTED_EDGE ( 'NONE', *, *, #636, .F. ) ;
#1004 = DIRECTION ( 'NONE',  ( -0.000000000000000000, 0.000000000000000000, 1.000000000000000000 ) ) ;
#1005 = AXIS2_PLACEMENT_3D ( 'NONE', #1171, #2088, #2294 ) ;
#1006 = CIRCLE ( 'NONE', #2359, 0.09999999999999947820 ) ;
#1007 = DIRECTION ( 'NONE',  ( -0.000000000000000000, -0.000000000000000000, 1.000000000000000000 ) ) ;
#1008 = LINE ( 'NONE', #2799, #65 ) ;
#1009 = APPLICATION_CONTEXT ( 'automotive_design' ) ;
#1010 = VECTOR ( 'NONE', #964, 39.37007874015748143 ) ;
#1011 = CIRCLE ( 'NONE', #123, 0.09499999999999994560 ) ;
#1012 = AXIS2_PLACEMENT_3D ( 'NONE', #884, #2480, #1108 ) ;
#1013 = CARTESIAN_POINT ( 'NONE',  ( 17.40500000000000824, 4.220000000000003304, -0.2702116192436839204 ) ) ;
#1014 = EDGE_CURVE ( 'NONE', #1598, #2558, #2899, .T. ) ;
#1015 = ORIENTED_EDGE ( 'NONE', *, *, #530, .T. ) ;
#1016 = DIRECTION ( 'NONE',  ( -0.000000000000000000, 0.000000000000000000, 1.000000000000000000 ) ) ;
#1017 = EDGE_CURVE ( 'NONE', #2, #2382, #359, .T. ) ;
#1018 = EDGE_LOOP ( 'NONE', ( #2525, #2691, #921, #2538 ) ) ;
#1019 = FACE_OUTER_BOUND ( 'NONE', #1088, .T. ) ;
#1020 = ORIENTED_EDGE ( 'NONE', *, *, #2575, .F. ) ;
#1021 = DIRECTION ( 'NONE',  ( -0.000000000000000000, -0.000000000000000000, 1.000000000000000000 ) ) ;
#1022 = LINE ( 'NONE', #2797, #1153 ) ;
#1023 = LINE ( 'NONE', #2158, #690 ) ;
#1024 = AXIS2_PLACEMENT_3D ( 'NONE', #47, #1815, #2677 ) ;
#1025 = EDGE_CURVE ( 'NONE', #44, #1617, #525, .T. ) ;
#1026 = DIRECTION ( 'NONE',  ( -0.000000000000000000, 0.000000000000000000, 1.000000000000000000 ) ) ;
#1027 = EDGE_LOOP ( 'NONE', ( #248, #2111, #134, #1044 ) ) ;
#1028 = LINE ( 'NONE', #2581, #2647 ) ;
#1029 = VERTEX_POINT ( 'NONE', #1761 ) ;
#1030 = EDGE_LOOP ( 'NONE', ( #1135, #1444, #392, #1976 ) ) ;
#1031 = CARTESIAN_POINT ( 'NONE',  ( 17.02500000000000924, -9.969999999999998863, -0.2099999999999974942 ) ) ;
#1032 = ADVANCED_FACE ( 'NONE', ( #1124 ), #227, .F. ) ;
#1033 = CARTESIAN_POINT ( 'NONE',  ( -17.15499999999999758, 0.000000000000000000, -0.1049999999999999961 ) ) ;
#1034 = DIRECTION ( 'NONE',  ( 3.491481338843132961E-15, 0.000000000000000000, -1.000000000000000000 ) ) ;
#1035 = ORIENTED_EDGE ( 'NONE', *, *, #2838, .F. ) ;
#1036 = CYLINDRICAL_SURFACE ( 'NONE', #2078, 0.4400000000000007794 ) ;
#1037 = EDGE_CURVE ( 'NONE', #894, #482, #2398, .T. ) ;
#1038 = CARTESIAN_POINT ( 'NONE',  ( 17.02500000000000568, 9.970000000000002416, -4.979999999999999538 ) ) ;
#1039 = DIRECTION ( 'NONE',  ( 1.000000000000000000, 0.000000000000000000, 5.528739987177727823E-15 ) ) ;
#1040 = ORIENTED_EDGE ( 'NONE', *, *, #2005, .T. ) ;
#1041 = FACE_BOUND ( 'NONE', #1561, .T. ) ;
#1042 = VECTOR ( 'NONE', #1382, 39.37007874015748143 ) ;
#1043 = ORIENTED_EDGE ( 'NONE', *, *, #526, .T. ) ;
#1044 = ORIENTED_EDGE ( 'NONE', *, *, #2061, .T. ) ;
#1045 = LINE ( 'NONE', #2611, #2845 ) ;
#1046 = VECTOR ( 'NONE', #787, 39.37007874015748143 ) ;
#1047 = DIRECTION ( 'NONE',  ( -0.000000000000000000, 1.000000000000000000, 0.000000000000000000 ) ) ;
#1048 = ORIENTED_EDGE ( 'NONE', *, *, #164, .F. ) ;
#1049 = DIRECTION ( 'NONE',  ( 0.000000000000000000, 0.000000000000000000, 1.000000000000000000 ) ) ;
#1050 = VECTOR ( 'NONE', #1397, 39.37007874015748143 ) ;
#1051 = LINE ( 'NONE', #199, #1669 ) ;
#1052 = ADVANCED_FACE ( 'NONE', ( #470 ), #869, .F. ) ;
#1053 = FACE_OUTER_BOUND ( 'NONE', #2610, .T. ) ;
#1054 = AXIS2_PLACEMENT_3D ( 'NONE', #1642, #1878, #1454 ) ;
#1055 = EDGE_LOOP ( 'NONE', ( #2346, #1350, #1553, #1312 ) ) ;
#1056 = DIRECTION ( 'NONE',  ( 0.000000000000000000, 0.000000000000000000, 1.000000000000000000 ) ) ;
#1057 = VERTEX_POINT ( 'NONE', #427 ) ;
#1058 = EDGE_CURVE ( 'NONE', #1469, #235, #1776, .T. ) ;
#1059 = VERTEX_POINT ( 'NONE', #2659 ) ;
#1060 = CARTESIAN_POINT ( 'NONE',  ( 17.19500000000001094, -9.759999999999999787, -0.1049999999999995937 ) ) ;
#1061 = DIRECTION ( 'NONE',  ( 0.000000000000000000, -3.388338596792882053E-15, 1.000000000000000000 ) ) ;
#1062 = DIRECTION ( 'NONE',  ( -0.000000000000000000, -1.000000000000000000, -0.000000000000000000 ) ) ;
#1063 = ORIENTED_EDGE ( 'NONE', *, *, #1876, .T. ) ;
#1064 = CARTESIAN_POINT ( 'NONE',  ( 1.310000000000007603, 6.969999999999961560, 0.000000000000000000 ) ) ;
#1065 = AXIS2_PLACEMENT_3D ( 'NONE', #805, #139, #168 ) ;
#1066 = DIRECTION ( 'NONE',  ( 1.000000000000000000, 0.000000000000000000, 0.000000000000000000 ) ) ;
#1067 = AXIS2_PLACEMENT_3D ( 'NONE', #1956, #2350, #2131 ) ;
#1068 = DIRECTION ( 'NONE',  ( 1.000000000000000000, 0.000000000000000000, 0.000000000000000000 ) ) ;
#1069 = EDGE_CURVE ( 'NONE', #989, #843, #2434, .T. ) ;
#1070 = PLANE ( 'NONE',  #1519 ) ;
#1071 = ORIENTED_EDGE ( 'NONE', *, *, #403, .F. ) ;
#1072 = CARTESIAN_POINT ( 'NONE',  ( 17.02500000000000924, -9.719999999999998863, 0.000000000000000000 ) ) ;
#1073 = ORIENTED_EDGE ( 'NONE', *, *, #2120, .T. ) ;
#1074 = CARTESIAN_POINT ( 'NONE',  ( 16.27000000000000668, -4.999999999999998224, -4.979999999999999538 ) ) ;
#1075 = PLANE ( 'NONE',  #2520 ) ;
#1076 = EDGE_CURVE ( 'NONE', #1634, #2423, #2258, .T. ) ;
#1077 = DIRECTION ( 'NONE',  ( -0.000000000000000000, 0.000000000000000000, 1.000000000000000000 ) ) ;
#1078 = DIRECTION ( 'NONE',  ( 1.000000000000000000, 0.000000000000000000, 5.532856696028882428E-15 ) ) ;
#1079 = ORIENTED_EDGE ( 'NONE', *, *, #706, .F. ) ;
#1080 = DIRECTION ( 'NONE',  ( 1.000000000000000000, 0.000000000000000000, 0.000000000000000000 ) ) ;
#1081 = FACE_OUTER_BOUND ( 'NONE', #945, .T. ) ;
#1082 = FACE_OUTER_BOUND ( 'NONE', #501, .T. ) ;
#1083 = LINE ( 'NONE', #859, #722 ) ;
#1084 = EDGE_LOOP ( 'NONE', ( #154, #1348, #2596, #454 ) ) ;
#1085 = FACE_BOUND ( 'NONE', #1950, .T. ) ;
#1086 = EDGE_CURVE ( 'NONE', #1925, #81, #2648, .T. ) ;
#1087 = ORIENTED_EDGE ( 'NONE', *, *, #908, .F. ) ;
#1088 = EDGE_LOOP ( 'NONE', ( #1101, #680, #2113, #2419 ) ) ;
#1089 = LINE ( 'NONE', #456, #1949 ) ;
#1090 = VECTOR ( 'NONE', #2602, 39.37007874015748143 ) ;
#1091 = CARTESIAN_POINT ( 'NONE',  ( 7.995000000000008100, 6.969999999999974882, -0.1050000000000001071 ) ) ;
#1092 = FACE_OUTER_BOUND ( 'NONE', #1294, .T. ) ;
#1093 = EDGE_LOOP ( 'NONE', ( #815, #1527, #1494, #1213 ) ) ;
#1094 = PLANE ( 'NONE',  #2658 ) ;
#1095 = AXIS2_PLACEMENT_3D ( 'NONE', #1289, #2175, #1478 ) ;
#1096 = DIRECTION ( 'NONE',  ( -0.000000000000000000, -0.000000000000000000, 1.000000000000000000 ) ) ;
#1097 = DIRECTION ( 'NONE',  ( 0.000000000000000000, 3.388338596792882053E-15, -1.000000000000000000 ) ) ;
#1098 = CIRCLE ( 'NONE', #2121, 0.09499999999999994560 ) ;
#1099 = AXIS2_PLACEMENT_3D ( 'NONE', #1335, #2052, #1595 ) ;
#1100 = CARTESIAN_POINT ( 'NONE',  ( 17.40500000000000824, -9.719999999999998863, -0.4999999999999982792 ) ) ;
#1101 = ORIENTED_EDGE ( 'NONE', *, *, #1306, .T. ) ;
#1102 = FACE_BOUND ( 'NONE', #2668, .T. ) ;
#1103 = EDGE_CURVE ( 'NONE', #696, #1177, #2466, .T. ) ;
#1104 = ORIENTED_EDGE ( 'NONE', *, *, #136, .T. ) ;
#1105 = CARTESIAN_POINT ( 'NONE',  ( -17.19500000000000028, 9.720000000000004192, -0.2099999999999983824 ) ) ;
#1106 = AXIS2_PLACEMENT_3D ( 'NONE', #2586, #612, #2612 ) ;
#1107 = ADVANCED_FACE ( 'NONE', ( #707 ), #458, .F. ) ;
#1108 = DIRECTION ( 'NONE',  ( 0.000000000000000000, 0.000000000000000000, -1.000000000000000000 ) ) ;
#1109 = VERTEX_POINT ( 'NONE', #240 ) ;
#1110 = CARTESIAN_POINT ( 'NONE',  ( 17.02500000000000924, -9.719999999999998863, -4.979999999999999538 ) ) ;
#1111 = EDGE_LOOP ( 'NONE', ( #2808, #1222, #1189, #1197 ) ) ;
#1112 = DIRECTION ( 'NONE',  ( -0.000000000000000000, -0.000000000000000000, 1.000000000000000000 ) ) ;
#1113 = VECTOR ( 'NONE', #1962, 39.37007874015748143 ) ;
#1114 = CARTESIAN_POINT ( 'NONE',  ( 11.55500000000000682, 6.970000000000003304, -0.1050000000000001071 ) ) ;
#1115 = FACE_OUTER_BOUND ( 'NONE', #837, .T. ) ;
#1116 = EDGE_CURVE ( 'NONE', #505, #1360, #1098, .T. ) ;
#1117 = COLOUR_RGB ( '',0.7921568627450980005, 0.8196078431372548767, 0.9333333333333333481 ) ;
#1118 = DIRECTION ( 'NONE',  ( 1.000000000000000000, 0.000000000000000000, 0.000000000000000000 ) ) ;
#1119 = ORIENTED_EDGE ( 'NONE', *, *, #1839, .T. ) ;
#1120 = FACE_BOUND ( 'NONE', #2291, .T. ) ;
#1121 = EDGE_LOOP ( 'NONE', ( #445, #1278, #250, #1854, #237, #2149, #2569, #1894, #380, #2463, #1211, #2573 ) ) ;
#1122 = DIRECTION ( 'NONE',  ( 1.000000000000000000, 0.000000000000000000, 0.000000000000000000 ) ) ;
#1123 = VECTOR ( 'NONE', #2625, 39.37007874015748143 ) ;
#1124 = FACE_OUTER_BOUND ( 'NONE', #587, .T. ) ;
#1125 = ORIENTED_EDGE ( 'NONE', *, *, #1765, .F. ) ;
#1126 = CARTESIAN_POINT ( 'NONE',  ( -2.314999999999996838, 3.810000000000002718, 0.000000000000000000 ) ) ;
#1127 = ORIENTED_EDGE ( 'NONE', *, *, #1732, .T. ) ;
#1128 = CARTESIAN_POINT ( 'NONE',  ( -17.40499999999999758, 9.720000000000004192, -0.2099999999999974942 ) ) ;
#1129 = EDGE_CURVE ( 'NONE', #1177, #1786, #693, .T. ) ;
#1130 = CARTESIAN_POINT ( 'NONE',  ( -17.06500000000000128, 6.250000000000002665, 0.000000000000000000 ) ) ;
#1131 = CARTESIAN_POINT ( 'NONE',  ( -17.15499999999999758, -9.759999999999999787, -0.2099999999999983824 ) ) ;
#1132 = CARTESIAN_POINT ( 'NONE',  ( 17.40500000000000469, 9.720000000000004192, -0.2099999999999974942 ) ) ;
#1133 = EDGE_LOOP ( 'NONE', ( #1001, #2852, #2874, #681 ) ) ;
#1134 = ADVANCED_FACE ( 'NONE', ( #932 ), #2047, .F. ) ;
#1135 = ORIENTED_EDGE ( 'NONE', *, *, #1963, .F. ) ;
#1136 = CARTESIAN_POINT ( 'NONE',  ( 17.30000000000000782, -4.219999999999997975, 9.629937079438272047E-14 ) ) ;
#1137 = CYLINDRICAL_SURFACE ( 'NONE', #504, 0.1049999999999990108 ) ;
#1138 = DIRECTION ( 'NONE',  ( 0.000000000000000000, 0.000000000000000000, 1.000000000000000000 ) ) ;
#1139 = EDGE_LOOP ( 'NONE', ( #2151, #256 ) ) ;
#1140 = FACE_OUTER_BOUND ( 'NONE', #1760, .T. ) ;
#1141 = ORIENTED_EDGE ( 'NONE', *, *, #1694, .F. ) ;
#1142 = CARTESIAN_POINT ( 'NONE',  ( 16.17500000000000782, 5.000000000000002665, -4.979999999999999538 ) ) ;
#1143 = CARTESIAN_POINT ( 'NONE',  ( -2.314999999999996394, 2.810000000000002718, 0.000000000000000000 ) ) ;
#1144 = ADVANCED_FACE ( 'NONE', ( #396 ), #130, .T. ) ;
#1145 = DIRECTION ( 'NONE',  ( -0.000000000000000000, -0.000000000000000000, 1.000000000000000000 ) ) ;
#1146 = EDGE_CURVE ( 'NONE', #1355, #2396, #586, .T. ) ;
#1147 = CARTESIAN_POINT ( 'NONE',  ( 17.40500000000000824, -7.019999999999997797, -0.4999999999999982792 ) ) ;
#1148 = ORIENTED_EDGE ( 'NONE', *, *, #1582, .F. ) ;
#1149 = VECTOR ( 'NONE', #2660, 39.37007874015748143 ) ;
#1150 = CIRCLE ( 'NONE', #1287, 0.4400000000000007794 ) ;
#1151 = ORIENTED_EDGE ( 'NONE', *, *, #2821, .T. ) ;
#1152 = CARTESIAN_POINT ( 'NONE',  ( 17.30000000000000782, 7.020000000000003126, -0.2702116192436841979 ) ) ;
#1153 = VECTOR ( 'NONE', #340, 39.37007874015748143 ) ;
#1154 = ADVANCED_FACE ( 'NONE', ( #1691 ), #1954, .T. ) ;
#1155 = CIRCLE ( 'NONE', #1665, 0.1600000000000004752 ) ;
#1156 = DIRECTION ( 'NONE',  ( 0.000000000000000000, -1.000000000000000000, 0.000000000000000000 ) ) ;
#1157 = EDGE_LOOP ( 'NONE', ( #2070, #428 ) ) ;
#1158 = CARTESIAN_POINT ( 'NONE',  ( 16.08000000000000895, -6.249999999999998224, -4.979999999999999538 ) ) ;
#1159 = VERTEX_POINT ( 'NONE', #822 ) ;
#1160 = DIRECTION ( 'NONE',  ( 1.000000000000000000, -0.000000000000000000, -0.000000000000000000 ) ) ;
#1161 = CARTESIAN_POINT ( 'NONE',  ( -17.15499999999999758, 9.760000000000003340, 0.000000000000000000 ) ) ;
#1162 = LINE ( 'NONE', #2697, #667 ) ;
#1163 = VECTOR ( 'NONE', #1272, 39.37007874015748143 ) ;
#1164 = FACE_OUTER_BOUND ( 'NONE', #2682, .T. ) ;
#1165 = ORIENTED_EDGE ( 'NONE', *, *, #475, .T. ) ;
#1166 = ADVANCED_FACE ( 'NONE', ( #2156 ), #153, .F. ) ;
#1167 = EDGE_LOOP ( 'NONE', ( #1392, #2763, #1705, #2662 ) ) ;
#1168 = DIRECTION ( 'NONE',  ( -5.532856696028883217E-15, 0.000000000000000000, 1.000000000000000000 ) ) ;
#1169 = SHAPE_DEFINITION_REPRESENTATION ( #983, #2868 ) ;
#1170 = ORIENTED_EDGE ( 'NONE', *, *, #1876, .F. ) ;
#1171 = CARTESIAN_POINT ( 'NONE',  ( 17.02500000000000568, 9.720000000000004192, -4.979999999999999538 ) ) ;
#1172 = ORIENTED_EDGE ( 'NONE', *, *, #2182, .T. ) ;
#1173 = LINE ( 'NONE', #2065, #876 ) ;
#1174 = DIRECTION ( 'NONE',  ( 1.000000000000000000, 0.000000000000000000, 0.000000000000000000 ) ) ;
#1175 = CARTESIAN_POINT ( 'NONE',  ( -17.06500000000000128, 6.250000000000002665, -0.1050000000000001071 ) ) ;
#1176 = LINE ( 'NONE', #893, #1050 ) ;
#1177 = VERTEX_POINT ( 'NONE', #2626 ) ;
#1178 = EDGE_CURVE ( 'NONE', #441, #989, #2798, .T. ) ;
#1179 = ORIENTED_EDGE ( 'NONE', *, *, #1927, .F. ) ;
#1180 = CARTESIAN_POINT ( 'NONE',  ( -17.40499999999999758, 9.720000000000004192, -0.7500000000000004441 ) ) ;
#1181 = VERTEX_POINT ( 'NONE', #2188 ) ;
#1182 = CARTESIAN_POINT ( 'NONE',  ( -17.15499999999999758, -9.865000000000001990, -0.7500000000000004441 ) ) ;
#1183 = EDGE_LOOP ( 'NONE', ( #184, #1946, #1148, #268 ) ) ;
#1184 = CARTESIAN_POINT ( 'NONE',  ( -7.694999999999997620, 4.130000000000002558, 0.000000000000000000 ) ) ;
#1185 = CARTESIAN_POINT ( 'NONE',  ( 16.27000000000000668, 6.250000000000002665, 0.000000000000000000 ) ) ;
#1186 = LINE ( 'NONE', #563, #1277 ) ;
#1187 = AXIS2_PLACEMENT_3D ( 'NONE', #2459, #463, #2715 ) ;
#1188 = CARTESIAN_POINT ( 'NONE',  ( 17.40500000000000824, -9.719999999999998863, -4.979999999999999538 ) ) ;
#1189 = ORIENTED_EDGE ( 'NONE', *, *, #828, .F. ) ;
#1190 = AXIS2_PLACEMENT_3D ( 'NONE', #967, #1218, #512 ) ;
#1191 = ORIENTED_EDGE ( 'NONE', *, *, #439, .F. ) ;
#1192 = DIRECTION ( 'NONE',  ( -0.000000000000000000, -0.000000000000000000, 1.000000000000000000 ) ) ;
#1193 = VECTOR ( 'NONE', #2239, 39.37007874015748143 ) ;
#1194 = EDGE_CURVE ( 'NONE', #1265, #2830, #650, .T. ) ;
#1195 = EDGE_LOOP ( 'NONE', ( #1955, #1119, #2541, #832 ) ) ;
#1196 = CYLINDRICAL_SURFACE ( 'NONE', #2781, 0.1050000000000001071 ) ;
#1197 = ORIENTED_EDGE ( 'NONE', *, *, #136, .F. ) ;
#1198 = CYLINDRICAL_SURFACE ( 'NONE', #1583, 0.1899999999999998912 ) ;
#1199 = EDGE_CURVE ( 'NONE', #1634, #299, #2246, .T. ) ;
#1200 = AXIS2_PLACEMENT_3D ( 'NONE', #108, #2528, #2805 ) ;
#1201 = FACE_OUTER_BOUND ( 'NONE', #1821, .T. ) ;
#1202 = DIRECTION ( 'NONE',  ( 0.000000000000000000, 4.755415368997842463E-15, -1.000000000000000000 ) ) ;
#1203 = CARTESIAN_POINT ( 'NONE',  ( 17.19500000000001094, -9.759999999999999787, -0.2099999999999986044 ) ) ;
#1204 = ORIENTED_EDGE ( 'NONE', *, *, #2754, .T. ) ;
#1205 = EDGE_CURVE ( 'NONE', #107, #1377, #2031, .T. ) ;
#1206 = ORIENTED_EDGE ( 'NONE', *, *, #1451, .T. ) ;
#1207 = CARTESIAN_POINT ( 'NONE',  ( 1.310000000000007603, 6.969999999999961560, -0.1050000000000001071 ) ) ;
#1208 = CARTESIAN_POINT ( 'NONE',  ( 0.000000000000000000, 0.000000000000000000, 0.000000000000000000 ) ) ;
#1209 = VECTOR ( 'NONE', #2794, 39.37007874015748143 ) ;
#1210 = VECTOR ( 'NONE', #1471, 39.37007874015748143 ) ;
#1211 = ORIENTED_EDGE ( 'NONE', *, *, #1358, .T. ) ;
#1212 = DIRECTION ( 'NONE',  ( -0.000000000000000000, -0.000000000000000000, 1.000000000000000000 ) ) ;
#1213 = ORIENTED_EDGE ( 'NONE', *, *, #48, .T. ) ;
#1214 = PLANE ( 'NONE',  #2186 ) ;
#1215 = DIRECTION ( 'NONE',  ( 1.000000000000000000, 0.000000000000000000, 0.000000000000000000 ) ) ;
#1216 = ADVANCED_FACE ( 'NONE', ( #1140 ), #429, .T. ) ;
#1217 = CARTESIAN_POINT ( 'NONE',  ( -17.15499999999999758, 9.760000000000003340, 0.000000000000000000 ) ) ;
#1218 = DIRECTION ( 'NONE',  ( -0.000000000000000000, 0.000000000000000000, 1.000000000000000000 ) ) ;
#1219 = VERTEX_POINT ( 'NONE', #695 ) ;
#1220 = ADVANCED_FACE ( 'NONE', ( #633 ), #1316, .F. ) ;
#1221 = CARTESIAN_POINT ( 'NONE',  ( -17.30000000000000071, -9.719999999999998863, -0.7500000000000004441 ) ) ;
#1222 = ORIENTED_EDGE ( 'NONE', *, *, #503, .T. ) ;
#1223 = CARTESIAN_POINT ( 'NONE',  ( -17.40499999999999758, 9.720000000000004192, -4.979999999999999538 ) ) ;
#1224 = VERTEX_POINT ( 'NONE', #1778 ) ;
#1225 = CARTESIAN_POINT ( 'NONE',  ( -17.15499999999999758, 9.760000000000003340, -0.2099999999999983824 ) ) ;
#1226 = LINE ( 'NONE', #2767, #2323 ) ;
#1227 = CARTESIAN_POINT ( 'NONE',  ( 17.02500000000000568, 9.760000000000003340, -0.1049999999999982614 ) ) ;
#1228 = ADVANCED_FACE ( 'NONE', ( #1092 ), #2865, .T. ) ;
#1229 = FACE_OUTER_BOUND ( 'NONE', #2746, .T. ) ;
#1230 = VECTOR ( 'NONE', #1450, 39.37007874015748143 ) ;
#1231 = AXIS2_PLACEMENT_3D ( 'NONE', #1626, #774, #540 ) ;
#1232 = ORIENTED_EDGE ( 'NONE', *, *, #2208, .F. ) ;
#1233 = DIRECTION ( 'NONE',  ( -1.000000000000000000, 0.000000000000000000, 3.491481338843132961E-15 ) ) ;
#1234 = PRODUCT_RELATED_PRODUCT_CATEGORY ( 'part', '', ( #1241 ) ) ;
#1235 = ORIENTED_EDGE ( 'NONE', *, *, #2754, .F. ) ;
#1236 = CARTESIAN_POINT ( 'NONE',  ( 17.02500000000000924, -9.719999999999998863, -4.979999999999999538 ) ) ;
#1237 = ORIENTED_EDGE ( 'NONE', *, *, #2038, .T. ) ;
#1238 = PLANE ( 'NONE',  #1065 ) ;
#1239 = VECTOR ( 'NONE', #2496, 39.37007874015748143 ) ;
#1240 = ADVANCED_FACE ( 'NONE', ( #2643 ), #902, .F. ) ;
#1241 = PRODUCT ( 'P20336-01-(12gacr ANSI-61) - K48 - V1-R0', 'P20336-01-(12gacr ANSI-61) - K48 - V1-R0', '', ( #987 ) ) ;
#1242 = CIRCLE ( 'NONE', #2640, 0.09499999999999994560 ) ;
#1243 = CARTESIAN_POINT ( 'NONE',  ( 0.000000000000000000, 4.130000000000002558, -0.1049999999999999961 ) ) ;
#1244 = DIRECTION ( 'NONE',  ( 0.000000000000000000, 1.000000000000000000, 0.000000000000000000 ) ) ;
#1245 = CARTESIAN_POINT ( 'NONE',  ( 16.27000000000000668, 6.250000000000002665, -0.1050000000000001071 ) ) ;
#1246 = VECTOR ( 'NONE', #195, 39.37007874015748143 ) ;
#1247 = ORIENTED_EDGE ( 'NONE', *, *, #831, .T. ) ;
#1248 = DIRECTION ( 'NONE',  ( 1.000000000000000000, 0.000000000000000000, -3.491481338843132961E-15 ) ) ;
#1249 = ADVANCED_FACE ( 'NONE', ( #2232 ), #886, .T. ) ;
#1250 = AXIS2_PLACEMENT_3D ( 'NONE', #1787, #2683, #673 ) ;
#1251 = VECTOR ( 'NONE', #1168, 39.37007874015748143 ) ;
#1252 = VERTEX_POINT ( 'NONE', #1592 ) ;
#1253 = ORIENTED_EDGE ( 'NONE', *, *, #291, .F. ) ;
#1254 = FACE_OUTER_BOUND ( 'NONE', #2141, .T. ) ;
#1255 = PRESENTATION_LAYER_ASSIGNMENT (  '', '', ( #2756 ) ) ;
#1256 = FACE_OUTER_BOUND ( 'NONE', #1018, .T. ) ;
#1257 = EDGE_LOOP ( 'NONE', ( #2725, #954, #1688, #2179 ) ) ;
#1258 = DIRECTION ( 'NONE',  ( -0.000000000000000000, -0.000000000000000000, 1.000000000000000000 ) ) ;
#1259 = DIRECTION ( 'NONE',  ( 1.000000000000000000, 0.000000000000000000, 0.000000000000000000 ) ) ;
#1260 = LINE ( 'NONE', #1506, #2778 ) ;
#1261 = ORIENTED_EDGE ( 'NONE', *, *, #2394, .F. ) ;
#1262 = FACE_BOUND ( 'NONE', #803, .T. ) ;
#1263 = EDGE_CURVE ( 'NONE', #572, #407, #2482, .T. ) ;
#1264 = VERTEX_POINT ( 'NONE', #446 ) ;
#1265 = VERTEX_POINT ( 'NONE', #1349 ) ;
#1266 = CARTESIAN_POINT ( 'NONE',  ( -7.694999999999997620, 0.000000000000000000, -0.1049999999999999961 ) ) ;
#1267 = EDGE_CURVE ( 'NONE', #657, #299, #2885, .T. ) ;
#1268 = DIRECTION ( 'NONE',  ( -1.000000000000000000, 0.000000000000000000, -0.000000000000000000 ) ) ;
#1269 = DIRECTION ( 'NONE',  ( 0.000000000000000000, 3.388338596792882053E-15, 1.000000000000000000 ) ) ;
#1270 = ORIENTED_EDGE ( 'NONE', *, *, #1146, .F. ) ;
#1271 = CARTESIAN_POINT ( 'NONE',  ( -17.29292893218812921, -9.759999999999999787, -0.1049999999999982614 ) ) ;
#1272 = DIRECTION ( 'NONE',  ( -0.000000000000000000, -0.000000000000000000, 1.000000000000000000 ) ) ;
#1273 = DIRECTION ( 'NONE',  ( 1.000000000000000000, 0.000000000000000000, 0.000000000000000000 ) ) ;
#1274 = EDGE_CURVE ( 'NONE', #2828, #2259, #870, .T. ) ;
#1275 = EDGE_LOOP ( 'NONE', ( #5, #517, #888, #1125 ) ) ;
#1276 = DIRECTION ( 'NONE',  ( -0.000000000000000000, 0.000000000000000000, 1.000000000000000000 ) ) ;
#1277 = VECTOR ( 'NONE', #1436, 39.37007874015748143 ) ;
#1278 = ORIENTED_EDGE ( 'NONE', *, *, #601, .T. ) ;
#1279 = VERTEX_POINT ( 'NONE', #974 ) ;
#1280 = LINE ( 'NONE', #393, #2707 ) ;
#1281 = LINE ( 'NONE', #2642, #2510 ) ;
#1282 = VECTOR ( 'NONE', #1361, 39.37007874015748143 ) ;
#1283 = DIRECTION ( 'NONE',  ( -0.000000000000000000, 1.000000000000000000, 0.000000000000000000 ) ) ;
#1284 = EDGE_LOOP ( 'NONE', ( #1048, #2152 ) ) ;
#1285 = LINE ( 'NONE', #2853, #2732 ) ;
#1286 = EDGE_CURVE ( 'NONE', #81, #107, #2775, .T. ) ;
#1287 = AXIS2_PLACEMENT_3D ( 'NONE', #940, #2730, #278 ) ;
#1288 = CARTESIAN_POINT ( 'NONE',  ( -17.19500000000000028, -9.719999999999998863, 0.000000000000000000 ) ) ;
#1289 = CARTESIAN_POINT ( 'NONE',  ( 17.02500000000000568, 9.720000000000004192, -4.979999999999999538 ) ) ;
#1290 = AXIS2_PLACEMENT_3D ( 'NONE', #2779, #2742, #2115 ) ;
#1291 = CIRCLE ( 'NONE', #33, 0.09999999999999947820 ) ;
#1292 = AXIS2_PLACEMENT_3D ( 'NONE', #1901, #1034, #613 ) ;
#1293 = CARTESIAN_POINT ( 'NONE',  ( -16.96499999999999986, 6.250000000000002665, 0.000000000000000000 ) ) ;
#1294 = EDGE_LOOP ( 'NONE', ( #2062, #1170, #2274, #776 ) ) ;
#1295 = FACE_BOUND ( 'NONE', #1400, .T. ) ;
#1296 = CIRCLE ( 'NONE', #1345, 0.2099999999999989930 ) ;
#1297 = EDGE_LOOP ( 'NONE', ( #2511, #2024 ) ) ;
#1298 = ORIENTED_EDGE ( 'NONE', *, *, #1468, .T. ) ;
#1299 = DIRECTION ( 'NONE',  ( 0.000000000000000000, -1.000000000000000000, 0.000000000000000000 ) ) ;
#1300 = VECTOR ( 'NONE', #819, 39.37007874015748143 ) ;
#1301 = LINE ( 'NONE', #140, #2849 ) ;
#1302 = VERTEX_POINT ( 'NONE', #934 ) ;
#1303 = LINE ( 'NONE', #1693, #802 ) ;
#1304 = AXIS2_PLACEMENT_3D ( 'NONE', #1679, #2574, #2401 ) ;
#1305 = DIRECTION ( 'NONE',  ( 1.000000000000000000, 0.000000000000000000, 0.000000000000000000 ) ) ;
#1306 = EDGE_CURVE ( 'NONE', #331, #2670, #1644, .T. ) ;
#1307 = AXIS2_PLACEMENT_3D ( 'NONE', #2469, #1796, #665 ) ;
#1308 = DIRECTION ( 'NONE',  ( -0.000000000000000000, -0.000000000000000000, 1.000000000000000000 ) ) ;
#1309 = CARTESIAN_POINT ( 'NONE',  ( 2.490000000000007763, 6.969999999999961560, 0.000000000000000000 ) ) ;
#1310 = VERTEX_POINT ( 'NONE', #2514 ) ;
#1311 = FACE_BOUND ( 'NONE', #307, .T. ) ;
#1312 = ORIENTED_EDGE ( 'NONE', *, *, #1680, .F. ) ;
#1313 = CARTESIAN_POINT ( 'NONE',  ( 2.490000000000007763, 6.969999999999961560, -0.1050000000000001071 ) ) ;
#1314 = DIRECTION ( 'NONE',  ( -1.000000000000000000, 0.000000000000000000, 3.252199992457486978E-15 ) ) ;
#1315 = CARTESIAN_POINT ( 'NONE',  ( 17.19500000000001094, -9.719999999999998863, -0.1049999999999995937 ) ) ;
#1316 = CYLINDRICAL_SURFACE ( 'NONE', #23, 0.4400000000000018896 ) ;
#1317 = ORIENTED_EDGE ( 'NONE', *, *, #2038, .F. ) ;
#1318 = FACE_OUTER_BOUND ( 'NONE', #2399, .T. ) ;
#1319 = PLANE ( 'NONE',  #1813 ) ;
#1320 = CARTESIAN_POINT ( 'NONE',  ( 0.000000000000000000, 9.865000000000005542, -0.7500000000000004441 ) ) ;
#1321 = EDGE_CURVE ( 'NONE', #737, #194, #766, .T. ) ;
#1322 = DIRECTION ( 'NONE',  ( 1.000000000000000000, 0.000000000000000000, 0.000000000000000000 ) ) ;
#1323 = EDGE_LOOP ( 'NONE', ( #885, #2893, #608, #422 ) ) ;
#1324 = CARTESIAN_POINT ( 'NONE',  ( 0.000000000000000000, 0.000000000000000000, 0.000000000000000000 ) ) ;
#1325 = ORIENTED_EDGE ( 'NONE', *, *, #1263, .F. ) ;
#1326 = CARTESIAN_POINT ( 'NONE',  ( 1.405000000000007576, 6.969999999999961560, 0.000000000000000000 ) ) ;
#1327 = DIRECTION ( 'NONE',  ( -0.000000000000000000, -1.000000000000000000, -0.000000000000000000 ) ) ;
#1328 = VECTOR ( 'NONE', #2565, 39.37007874015748143 ) ;
#1329 = DIRECTION ( 'NONE',  ( 1.000000000000000000, 0.000000000000000000, 0.000000000000000000 ) ) ;
#1330 = EDGE_LOOP ( 'NONE', ( #1889, #2653, #2404, #2583 ) ) ;
#1331 = VERTEX_POINT ( 'NONE', #2322 ) ;
#1332 = DIRECTION ( 'NONE',  ( 1.000000000000000000, 0.000000000000000000, 0.000000000000000000 ) ) ;
#1333 = VECTOR ( 'NONE', #744, 39.37007874015748143 ) ;
#1334 = EDGE_CURVE ( 'NONE', #2162, #2103, #1868, .T. ) ;
#1335 = CARTESIAN_POINT ( 'NONE',  ( 16.17500000000000782, -6.249999999999998224, -4.979999999999999538 ) ) ;
#1336 = DIRECTION ( 'NONE',  ( 0.000000000000000000, 0.000000000000000000, 1.000000000000000000 ) ) ;
#1337 = VECTOR ( 'NONE', #1410, 39.37007874015748143 ) ;
#1338 = DIRECTION ( 'NONE',  ( -0.000000000000000000, -0.000000000000000000, 1.000000000000000000 ) ) ;
#1339 = ORIENTED_EDGE ( 'NONE', *, *, #728, .F. ) ;
#1340 = PLANE ( 'NONE',  #2515 ) ;
#1341 = VECTOR ( 'NONE', #1248, 39.37007874015748143 ) ;
#1342 = ADVANCED_FACE ( 'NONE', ( #506 ), #990, .F. ) ;
#1343 = ORIENTED_EDGE ( 'NONE', *, *, #1782, .F. ) ;
#1344 = CARTESIAN_POINT ( 'NONE',  ( -2.314999999999996394, 2.810000000000002718, -4.979999999999999538 ) ) ;
#1345 = AXIS2_PLACEMENT_3D ( 'NONE', #2518, #2348, #510 ) ;
#1346 = DIRECTION ( 'NONE',  ( 1.000000000000000000, 0.000000000000000000, 0.000000000000000000 ) ) ;
#1347 = EDGE_CURVE ( 'NONE', #55, #365, #1880, .T. ) ;
#1348 = ORIENTED_EDGE ( 'NONE', *, *, #291, .T. ) ;
#1349 = CARTESIAN_POINT ( 'NONE',  ( 17.40500000000000824, -7.019999999999997797, -0.4999999999999982792 ) ) ;
#1350 = ORIENTED_EDGE ( 'NONE', *, *, #1267, .T. ) ;
#1351 = CYLINDRICAL_SURFACE ( 'NONE', #1536, 0.4400000000000018896 ) ;
#1352 = CARTESIAN_POINT ( 'NONE',  ( 17.30000000000000782, 7.020000000000003126, 9.629937079438272047E-14 ) ) ;
#1353 = CARTESIAN_POINT ( 'NONE',  ( -17.16499999999999915, 6.250000000000002665, 0.000000000000000000 ) ) ;
#1354 = LINE ( 'NONE', #1569, #76 ) ;
#1355 = VERTEX_POINT ( 'NONE', #1376 ) ;
#1356 = EDGE_LOOP ( 'NONE', ( #437, #2598, #1672, #2170 ) ) ;
#1357 = CYLINDRICAL_SURFACE ( 'NONE', #129, 0.09499999999999994560 ) ;
#1358 = EDGE_CURVE ( 'NONE', #580, #2050, #1841, .T. ) ;
#1359 = DIRECTION ( 'NONE',  ( 1.000000000000000000, 0.000000000000000000, 0.000000000000000000 ) ) ;
#1360 = VERTEX_POINT ( 'NONE', #2724 ) ;
#1361 = DIRECTION ( 'NONE',  ( 0.000000000000000000, -3.388338596792882053E-15, -1.000000000000000000 ) ) ;
#1362 = ORIENTED_EDGE ( 'NONE', *, *, #2305, .F. ) ;
#1363 = CARTESIAN_POINT ( 'NONE',  ( 9.995000000000008100, 6.969999999999989093, -0.1050000000000001071 ) ) ;
#1364 = ADVANCED_FACE ( 'NONE', ( #1431 ), #2260, .F. ) ;
#1365 = CARTESIAN_POINT ( 'NONE',  ( -7.694999999999997620, 3.810000000000002718, 0.000000000000000000 ) ) ;
#1366 = DIRECTION ( 'NONE',  ( 1.000000000000000000, 0.000000000000000000, 0.000000000000000000 ) ) ;
#1367 = EDGE_CURVE ( 'NONE', #111, #386, #1405, .T. ) ;
#1368 = DIRECTION ( 'NONE',  ( 1.000000000000000000, -0.000000000000000000, 5.532856696028883217E-15 ) ) ;
#1369 = ORIENTED_EDGE ( 'NONE', *, *, #2355, .T. ) ;
#1370 = ADVANCED_FACE ( 'NONE', ( #2049 ), #1196, .F. ) ;
#1371 = ORIENTED_EDGE ( 'NONE', *, *, #1739, .F. ) ;
#1372 = FACE_OUTER_BOUND ( 'NONE', #725, .T. ) ;
#1373 = SURFACE_STYLE_USAGE ( .BOTH. , #866 ) ;
#1374 = DIRECTION ( 'NONE',  ( -0.000000000000000000, 0.000000000000000000, 1.000000000000000000 ) ) ;
#1375 = ORIENTED_EDGE ( 'NONE', *, *, #562, .F. ) ;
#1376 = CARTESIAN_POINT ( 'NONE',  ( 17.40500000000000824, -4.219999999999997975, -0.2702116192436839204 ) ) ;
#1377 = VERTEX_POINT ( 'NONE', #1182 ) ;
#1378 = DIRECTION ( 'NONE',  ( -2.731847993664262725E-16, 1.000000000000000000, 0.000000000000000000 ) ) ;
#1379 = DIRECTION ( 'NONE',  ( 0.000000000000000000, 1.000000000000000000, 0.000000000000000000 ) ) ;
#1380 = AXIS2_PLACEMENT_3D ( 'NONE', #1695, #2840, #1751 ) ;
#1381 = ADVANCED_FACE ( 'NONE', ( #2764 ), #2279, .F. ) ;
#1382 = DIRECTION ( 'NONE',  ( -0.000000000000000000, -0.000000000000000000, 1.000000000000000000 ) ) ;
#1383 = DIRECTION ( 'NONE',  ( -0.000000000000000000, -0.000000000000000000, 1.000000000000000000 ) ) ;
#1384 = VERTEX_POINT ( 'NONE', #286 ) ;
#1385 = VECTOR ( 'NONE', #750, 39.37007874015748143 ) ;
#1386 = ORIENTED_EDGE ( 'NONE', *, *, #1274, .T. ) ;
#1387 = LINE ( 'NONE', #1344, #1440 ) ;
#1388 = CIRCLE ( 'NONE', #915, 0.2100000000000000755 ) ;
#1389 = DIRECTION ( 'NONE',  ( -0.000000000000000000, -0.000000000000000000, 1.000000000000000000 ) ) ;
#1390 = EDGE_LOOP ( 'NONE', ( #486, #1533, #955, #2334 ) ) ;
#1391 = DIRECTION ( 'NONE',  ( 0.000000000000000000, 1.000000000000000000, 3.252199992457453057E-15 ) ) ;
#1392 = ORIENTED_EDGE ( 'NONE', *, *, #443, .F. ) ;
#1393 = LINE ( 'NONE', #2309, #174 ) ;
#1394 = CARTESIAN_POINT ( 'NONE',  ( -17.16499999999999915, 6.250000000000002665, -0.1050000000000001071 ) ) ;
#1395 = DIRECTION ( 'NONE',  ( 1.000000000000000000, 0.000000000000000000, 0.000000000000000000 ) ) ;
#1396 = EDGE_CURVE ( 'NONE', #846, #594, #2063, .T. ) ;
#1397 = DIRECTION ( 'NONE',  ( 0.000000000000000000, -1.000000000000000000, -3.491481338843132961E-15 ) ) ;
#1398 = ORIENTED_EDGE ( 'NONE', *, *, #1025, .T. ) ;
#1399 = PRODUCT_DEFINITION_FORMATION_WITH_SPECIFIED_SOURCE ( 'ANY', '', #1241, .NOT_KNOWN. ) ;
#1400 = EDGE_LOOP ( 'NONE', ( #2902, #2400, #1806, #533, #568, #2222, #2765, #664, #2900, #295, #169, #2435, #1151 ) ) ;
#1401 = CIRCLE ( 'NONE', #1307, 0.4400000000000018896 ) ;
#1402 = LINE ( 'NONE', #2292, #628 ) ;
#1403 = VECTOR ( 'NONE', #25, 39.37007874015748143 ) ;
#1404 = VERTEX_POINT ( 'NONE', #946 ) ;
#1405 = LINE ( 'NONE', #1158, #391 ) ;
#1406 = ORIENTED_EDGE ( 'NONE', *, *, #1178, .T. ) ;
#1407 = CARTESIAN_POINT ( 'NONE',  ( 17.02500000000000924, -9.719999999999998863, -4.979999999999999538 ) ) ;
#1408 = CARTESIAN_POINT ( 'NONE',  ( 17.40500000000000824, 4.220000000000003304, -0.4999999999999982792 ) ) ;
#1409 = CARTESIAN_POINT ( 'NONE',  ( -7.694999999999997620, 3.810000000000002718, 0.000000000000000000 ) ) ;
#1410 = DIRECTION ( 'NONE',  ( -0.000000000000000000, -0.000000000000000000, 1.000000000000000000 ) ) ;
#1411 = EDGE_LOOP ( 'NONE', ( #285, #2531, #1247, #2655 ) ) ;
#1412 = EDGE_CURVE ( 'NONE', #919, #20, #2075, .T. ) ;
#1413 = ORIENTED_EDGE ( 'NONE', *, *, #554, .F. ) ;
#1414 = DIRECTION ( 'NONE',  ( 0.000000000000000000, -1.000000000000000000, 0.000000000000000000 ) ) ;
#1415 = ADVANCED_FACE ( 'NONE', ( #1857 ), #2750, .F. ) ;
#1416 = ORIENTED_EDGE ( 'NONE', *, *, #298, .F. ) ;
#1417 = CARTESIAN_POINT ( 'NONE',  ( -17.40499999999999758, 9.865000000000003766, -0.2099999999999980216 ) ) ;
#1418 = ORIENTED_EDGE ( 'NONE', *, *, #334, .F. ) ;
#1419 = DIRECTION ( 'NONE',  ( 0.000000000000000000, -0.000000000000000000, -1.000000000000000000 ) ) ;
#1420 = LINE ( 'NONE', #1243, #2646 ) ;
#1421 = LINE ( 'NONE', #2093, #1978 ) ;
#1422 = EDGE_CURVE ( 'NONE', #1057, #1404, #518, .T. ) ;
#1423 = CIRCLE ( 'NONE', #200, 0.4400000000000018896 ) ;
#1424 = CARTESIAN_POINT ( 'NONE',  ( -2.314999999999996838, 5.130000000000002558, 0.000000000000000000 ) ) ;
#1425 = ORIENTED_EDGE ( 'NONE', *, *, #1194, .T. ) ;
#1426 = VECTOR ( 'NONE', #300, 39.37007874015748143 ) ;
#1427 = ORIENTED_EDGE ( 'NONE', *, *, #280, .T. ) ;
#1428 = FACE_OUTER_BOUND ( 'NONE', #1823, .T. ) ;
#1429 = EDGE_CURVE ( 'NONE', #425, #2189, #1769, .T. ) ;
#1430 = ORIENTED_EDGE ( 'NONE', *, *, #2265, .T. ) ;
#1431 = FACE_OUTER_BOUND ( 'NONE', #1323, .T. ) ;
#1432 = EDGE_LOOP ( 'NONE', ( #2059, #1165, #2366, #792 ) ) ;
#1433 = DIRECTION ( 'NONE',  ( 0.000000000000000000, -1.000000000000000000, 0.000000000000000000 ) ) ;
#1434 = CIRCLE ( 'NONE', #390, 0.1049999999999989830 ) ;
#1435 = LINE ( 'NONE', #1449, #626 ) ;
#1436 = DIRECTION ( 'NONE',  ( 0.000000000000000000, -1.000000000000000000, 0.000000000000000000 ) ) ;
#1437 = EDGE_CURVE ( 'NONE', #2785, #2165, #642, .T. ) ;
#1438 = LINE ( 'NONE', #1452, #2210 ) ;
#1439 = VECTOR ( 'NONE', #383, 39.37007874015748143 ) ;
#1440 = VECTOR ( 'NONE', #2275, 39.37007874015748143 ) ;
#1441 = ORIENTED_EDGE ( 'NONE', *, *, #966, .T. ) ;
#1442 = CARTESIAN_POINT ( 'NONE',  ( 17.19500000000001094, 9.720000000000004192, -0.2099999999999986044 ) ) ;
#1443 = AXIS2_PLACEMENT_3D ( 'NONE', #2387, #127, #1897 ) ;
#1444 = ORIENTED_EDGE ( 'NONE', *, *, #2557, .T. ) ;
#1445 = LINE ( 'NONE', #2618, #675 ) ;
#1446 = ORIENTED_EDGE ( 'NONE', *, *, #2021, .T. ) ;
#1447 = DIRECTION ( 'NONE',  ( -0.000000000000000000, 0.000000000000000000, 1.000000000000000000 ) ) ;
#1448 = ADVANCED_FACE ( 'NONE', ( #1457 ), #2345, .F. ) ;
#1449 = CARTESIAN_POINT ( 'NONE',  ( 17.02500000000000924, -9.970000000000000639, -0.7500000000000001110 ) ) ;
#1450 = DIRECTION ( 'NONE',  ( -0.000000000000000000, -0.000000000000000000, 1.000000000000000000 ) ) ;
#1451 = EDGE_CURVE ( 'NONE', #293, #657, #1083, .T. ) ;
#1452 = CARTESIAN_POINT ( 'NONE',  ( 17.30000000000000782, -7.019999999999999574, 6.291635490401787210E-14 ) ) ;
#1453 = ORIENTED_EDGE ( 'NONE', *, *, #1647, .F. ) ;
#1454 = DIRECTION ( 'NONE',  ( 1.000000000000000000, 0.000000000000000000, 0.000000000000000000 ) ) ;
#1455 = EDGE_CURVE ( 'NONE', #759, #764, #1975, .T. ) ;
#1456 = ORIENTED_EDGE ( 'NONE', *, *, #122, .F. ) ;
#1457 = FACE_OUTER_BOUND ( 'NONE', #581, .T. ) ;
#1458 = ORIENTED_EDGE ( 'NONE', *, *, #583, .T. ) ;
#1459 = CARTESIAN_POINT ( 'NONE',  ( -17.29292893218812921, -9.759999999999999787, -0.2099999999999983824 ) ) ;
#1460 = DIRECTION ( 'NONE',  ( 0.000000000000000000, -1.000000000000000000, -0.000000000000000000 ) ) ;
#1461 = CARTESIAN_POINT ( 'NONE',  ( 17.02500000000000568, 9.970000000000002416, -0.7499999999999998890 ) ) ;
#1462 = EDGE_CURVE ( 'NONE', #2860, #2558, #2556, .T. ) ;
#1463 = DIRECTION ( 'NONE',  ( -0.000000000000000000, -0.000000000000000000, 1.000000000000000000 ) ) ;
#1464 = CIRCLE ( 'NONE', #2870, 0.09999999999999947820 ) ;
#1465 = AXIS2_PLACEMENT_3D ( 'NONE', #119, #2095, #306 ) ;
#1466 = VERTEX_POINT ( 'NONE', #2194 ) ;
#1467 = FACE_BOUND ( 'NONE', #2233, .T. ) ;
#1468 = EDGE_CURVE ( 'NONE', #2259, #2011, #1155, .T. ) ;
#1469 = VERTEX_POINT ( 'NONE', #1895 ) ;
#1470 = ORIENTED_EDGE ( 'NONE', *, *, #2590, .T. ) ;
#1471 = DIRECTION ( 'NONE',  ( 0.000000000000000000, -1.000000000000000000, -0.000000000000000000 ) ) ;
#1472 = VECTOR ( 'NONE', #1346, 39.37007874015748143 ) ;
#1473 = AXIS2_PLACEMENT_3D ( 'NONE', #937, #2905, #1566 ) ;
#1474 = DIRECTION ( 'NONE',  ( 0.000000000000000000, -1.000000000000000000, -1.097617497454391595E-16 ) ) ;
#1475 = ORIENTED_EDGE ( 'NONE', *, *, #2661, .F. ) ;
#1476 = CARTESIAN_POINT ( 'NONE',  ( 16.08000000000000895, 6.250000000000002665, 0.000000000000000000 ) ) ;
#1477 = DIRECTION ( 'NONE',  ( -0.000000000000000000, 0.000000000000000000, 1.000000000000000000 ) ) ;
#1478 = DIRECTION ( 'NONE',  ( 0.000000000000000000, -0.000000000000000000, -1.000000000000000000 ) ) ;
#1479 = AXIS2_PLACEMENT_3D ( 'NONE', #2187, #1268, #414 ) ;
#1480 = EDGE_CURVE ( 'NONE', #1252, #919, #1899, .T. ) ;
#1481 = ORIENTED_EDGE ( 'NONE', *, *, #1267, .F. ) ;
#1482 = LINE ( 'NONE', #2875, #261 ) ;
#1483 = EDGE_CURVE ( 'NONE', #696, #1224, #1445, .T. ) ;
#1484 = ORIENTED_EDGE ( 'NONE', *, *, #593, .F. ) ;
#1485 = ORIENTED_EDGE ( 'NONE', *, *, #1883, .F. ) ;
#1486 = CARTESIAN_POINT ( 'NONE',  ( 17.02500000000000924, -9.865000000000000213, -0.2099999999999980216 ) ) ;
#1487 =( GEOMETRIC_REPRESENTATION_CONTEXT ( 3 ) GLOBAL_UNCERTAINTY_ASSIGNED_CONTEXT ( ( #2132 ) ) GLOBAL_UNIT_ASSIGNED_CONTEXT ( ( #2639, #210, #2863 ) ) REPRESENTATION_CONTEXT ( 'NONE', 'WORKASPACE' ) );
#1488 = CARTESIAN_POINT ( 'NONE',  ( -17.15499999999999758, -9.970000000000000639, -0.7500000000000001110 ) ) ;
#1489 = VERTEX_POINT ( 'NONE', #1309 ) ;
#1490 = CARTESIAN_POINT ( 'NONE',  ( -17.15499999999999758, -9.719999999999998863, 0.000000000000000000 ) ) ;
#1491 = DIRECTION ( 'NONE',  ( -0.000000000000000000, -0.000000000000000000, 1.000000000000000000 ) ) ;
#1492 = CARTESIAN_POINT ( 'NONE',  ( 16.17500000000000782, -6.249999999999998224, -0.1050000000000001071 ) ) ;
#1493 = ADVANCED_FACE ( 'NONE', ( #2178 ), #125, .F. ) ;
#1494 = ORIENTED_EDGE ( 'NONE', *, *, #1943, .F. ) ;
#1495 = DIRECTION ( 'NONE',  ( 0.000000000000000000, 1.000000000000000000, 5.203519987931978849E-15 ) ) ;
#1496 = ADVANCED_FACE ( 'NONE', ( #2807 ), #791, .F. ) ;
#1497 = VERTEX_POINT ( 'NONE', #1293 ) ;
#1498 = ORIENTED_EDGE ( 'NONE', *, *, #2021, .F. ) ;
#1499 = LINE ( 'NONE', #352, #357 ) ;
#1500 = CARTESIAN_POINT ( 'NONE',  ( -7.694999999999997620, 5.130000000000002558, 0.000000000000000000 ) ) ;
#1501 = CARTESIAN_POINT ( 'NONE',  ( 17.02500000000000924, -9.719999999999998863, -4.979999999999999538 ) ) ;
#1502 = EDGE_LOOP ( 'NONE', ( #221, #599, #2271, #2516 ) ) ;
#1503 = CYLINDRICAL_SURFACE ( 'NONE', #1584, 0.1599999999999999201 ) ;
#1504 = CARTESIAN_POINT ( 'NONE',  ( -0.000000000000000000, -9.865000000000001990, -0.7500000000000004441 ) ) ;
#1505 = EDGE_CURVE ( 'NONE', #2165, #2830, #175, .T. ) ;
#1506 = CARTESIAN_POINT ( 'NONE',  ( 17.40500000000000824, -9.719999999999998863, -0.2099999999999974942 ) ) ;
#1507 = DIRECTION ( 'NONE',  ( 0.000000000000000000, 0.000000000000000000, 1.000000000000000000 ) ) ;
#1508 = ORIENTED_EDGE ( 'NONE', *, *, #2883, .F. ) ;
#1509 = FACE_BOUND ( 'NONE', #1157, .T. ) ;
#1510 = AXIS2_PLACEMENT_3D ( 'NONE', #668, #714, #924 ) ;
#1511 = ORIENTED_EDGE ( 'NONE', *, *, #577, .T. ) ;
#1512 = CYLINDRICAL_SURFACE ( 'NONE', #39, 0.09999999999999947820 ) ;
#1513 = CARTESIAN_POINT ( 'NONE',  ( -7.854999999999997762, 4.130000000000002558, -0.1050000000000001071 ) ) ;
#1514 = EDGE_CURVE ( 'NONE', #2396, #1265, #2892, .T. ) ;
#1515 = LINE ( 'NONE', #1953, #1123 ) ;
#1516 = VECTOR ( 'NONE', #2673, 39.37007874015748143 ) ;
#1517 = ORIENTED_EDGE ( 'NONE', *, *, #1891, .F. ) ;
#1518 = DIRECTION ( 'NONE',  ( 1.000000000000000000, 0.000000000000000000, 0.000000000000000000 ) ) ;
#1519 = AXIS2_PLACEMENT_3D ( 'NONE', #1960, #2856, #623 ) ;
#1520 = CYLINDRICAL_SURFACE ( 'NONE', #344, 0.09499999999999994560 ) ;
#1521 = CARTESIAN_POINT ( 'NONE',  ( 1.995000000000007434, 6.969999999999961560, -0.1050000000000001071 ) ) ;
#1522 = AXIS2_PLACEMENT_3D ( 'NONE', #1326, #2212, #1122 ) ;
#1523 = VECTOR ( 'NONE', #724, 39.37007874015748143 ) ;
#1524 = CARTESIAN_POINT ( 'NONE',  ( 17.02500000000000924, -9.865000000000001990, -0.7500000000000004441 ) ) ;
#1525 = EDGE_LOOP ( 'NONE', ( #1458, #424 ) ) ;
#1526 = FACE_BOUND ( 'NONE', #176, .T. ) ;
#1527 = ORIENTED_EDGE ( 'NONE', *, *, #378, .F. ) ;
#1528 = ORIENTED_EDGE ( 'NONE', *, *, #1069, .F. ) ;
#1529 = AXIS2_PLACEMENT_3D ( 'NONE', #602, #1477, #144 ) ;
#1530 = DIRECTION ( 'NONE',  ( 1.000000000000000000, 0.000000000000000000, 0.000000000000000000 ) ) ;
#1531 = CARTESIAN_POINT ( 'NONE',  ( 11.55500000000000682, 6.970000000000003304, -4.979999999999999538 ) ) ;
#1532 = ADVANCED_FACE ( 'NONE', ( #842 ), #406, .F. ) ;
#1533 = ORIENTED_EDGE ( 'NONE', *, *, #1972, .T. ) ;
#1534 = LINE ( 'NONE', #904, #880 ) ;
#1535 = PLANE ( 'NONE',  #2795 ) ;
#1536 = AXIS2_PLACEMENT_3D ( 'NONE', #1579, #2438, #2033 ) ;
#1537 = EDGE_CURVE ( 'NONE', #2606, #368, #2167, .T. ) ;
#1538 = CARTESIAN_POINT ( 'NONE',  ( 16.17500000000000782, -4.999999999999998224, 0.000000000000000000 ) ) ;
#1539 = DIRECTION ( 'NONE',  ( 0.000000000000000000, -1.000000000000000000, -0.000000000000000000 ) ) ;
#1540 = ORIENTED_EDGE ( 'NONE', *, *, #654, .F. ) ;
#1541 = FACE_BOUND ( 'NONE', #2601, .T. ) ;
#1542 = ORIENTED_EDGE ( 'NONE', *, *, #1205, .T. ) ;
#1543 = ADVANCED_FACE ( 'NONE', ( #1019 ), #1070, .F. ) ;
#1544 = CARTESIAN_POINT ( 'NONE',  ( 8.435000000000009379, 6.969999999999974882, -0.1050000000000001071 ) ) ;
#1545 = LINE ( 'NONE', #2243, #270 ) ;
#1546 = CARTESIAN_POINT ( 'NONE',  ( 17.02500000000000568, 9.720000000000004192, -4.979999999999999538 ) ) ;
#1547 = VERTEX_POINT ( 'NONE', #1524 ) ;
#1548 = FACE_OUTER_BOUND ( 'NONE', #1578, .T. ) ;
#1549 = DIRECTION ( 'NONE',  ( 0.000000000000000000, 0.000000000000000000, -1.000000000000000000 ) ) ;
#1550 = DIRECTION ( 'NONE',  ( -0.000000000000000000, 0.000000000000000000, 1.000000000000000000 ) ) ;
#1551 = EDGE_CURVE ( 'NONE', #935, #368, #2414, .T. ) ;
#1552 = DIRECTION ( 'NONE',  ( 1.000000000000000000, 0.000000000000000000, 0.000000000000000000 ) ) ;
#1553 = ORIENTED_EDGE ( 'NONE', *, *, #1199, .F. ) ;
#1554 = CARTESIAN_POINT ( 'NONE',  ( 16.08000000000000895, -6.249999999999998224, 0.000000000000000000 ) ) ;
#1555 = EDGE_CURVE ( 'NONE', #425, #614, #234, .T. ) ;
#1556 = ORIENTED_EDGE ( 'NONE', *, *, #122, .T. ) ;
#1557 = PLANE ( 'NONE',  #2888 ) ;
#1558 = PRESENTATION_STYLE_ASSIGNMENT (( #1373 ) ) ;
#1559 = VECTOR ( 'NONE', #965, 39.37007874015748143 ) ;
#1560 = DIRECTION ( 'NONE',  ( 1.000000000000000000, 0.000000000000000000, 0.000000000000000000 ) ) ;
#1561 = EDGE_LOOP ( 'NONE', ( #541, #1730 ) ) ;
#1562 = DIRECTION ( 'NONE',  ( 1.000000000000000000, 0.000000000000000000, -3.388338596792882053E-15 ) ) ;
#1563 = ORIENTED_EDGE ( 'NONE', *, *, #897, .T. ) ;
#1564 = FACE_OUTER_BOUND ( 'NONE', #2083, .T. ) ;
#1565 = VECTOR ( 'NONE', #2133, 39.37007874015748143 ) ;
#1566 = DIRECTION ( 'NONE',  ( 1.000000000000000000, 0.000000000000000000, 0.000000000000000000 ) ) ;
#1567 = CARTESIAN_POINT ( 'NONE',  ( 14.98500000000000654, 7.020000000000003126, -0.2702116192436970210 ) ) ;
#1568 = VECTOR ( 'NONE', #2056, 39.37007874015748143 ) ;
#1569 = CARTESIAN_POINT ( 'NONE',  ( -0.000000000000000000, -9.719999999999998863, -0.1049999999999999961 ) ) ;
#1570 = EDGE_LOOP ( 'NONE', ( #325, #973, #1484, #190 ) ) ;
#1571 = EDGE_CURVE ( 'NONE', #146, #1856, #1176, .T. ) ;
#1572 = ORIENTED_EDGE ( 'NONE', *, *, #988, .F. ) ;
#1573 = LINE ( 'NONE', #2242, #401 ) ;
#1574 = ADVANCED_FACE ( 'NONE', ( #2488 ), #1820, .F. ) ;
#1575 = CARTESIAN_POINT ( 'NONE',  ( -17.19500000000000028, 9.857928932188141147, -0.1049999999999993577 ) ) ;
#1576 = DIRECTION ( 'NONE',  ( 0.000000000000000000, 0.000000000000000000, 1.000000000000000000 ) ) ;
#1577 = VERTEX_POINT ( 'NONE', #479 ) ;
#1578 = EDGE_LOOP ( 'NONE', ( #1063, #141, #2694, #1936 ) ) ;
#1579 = CARTESIAN_POINT ( 'NONE',  ( 5.995000000000008988, 6.969999999999961560, -4.979999999999999538 ) ) ;
#1580 = FACE_OUTER_BOUND ( 'NONE', #651, .T. ) ;
#1581 = LINE ( 'NONE', #201, #1886 ) ;
#1582 = EDGE_CURVE ( 'NONE', #703, #2396, #2442, .T. ) ;
#1583 = AXIS2_PLACEMENT_3D ( 'NONE', #1882, #948, #992 ) ;
#1584 = AXIS2_PLACEMENT_3D ( 'NONE', #2190, #2367, #1916 ) ;
#1585 = DIRECTION ( 'NONE',  ( 1.000000000000000000, 0.000000000000000000, 0.000000000000000000 ) ) ;
#1586 = ORIENTED_EDGE ( 'NONE', *, *, #2740, .T. ) ;
#1587 = VERTEX_POINT ( 'NONE', #1834 ) ;
#1588 = CYLINDRICAL_SURFACE ( 'NONE', #2042, 0.09999999999999947820 ) ;
#1589 = EDGE_CURVE ( 'NONE', #2584, #2259, #2252, .T. ) ;
#1590 = CARTESIAN_POINT ( 'NONE',  ( -17.19500000000000028, 9.857928932188141147, 6.146657985744592735E-16 ) ) ;
#1591 = VERTEX_POINT ( 'NONE', #264 ) ;
#1592 = CARTESIAN_POINT ( 'NONE',  ( 17.30000000000000782, -9.719999999999998863, -0.2099999999999980216 ) ) ;
#1593 = ORIENTED_EDGE ( 'NONE', *, *, #1959, .T. ) ;
#1594 = CARTESIAN_POINT ( 'NONE',  ( 16.17500000000000782, 6.250000000000002665, 0.000000000000000000 ) ) ;
#1595 = DIRECTION ( 'NONE',  ( 1.000000000000000000, 0.000000000000000000, 0.000000000000000000 ) ) ;
#1596 = CARTESIAN_POINT ( 'NONE',  ( 2.185000000000007603, 6.969999999999961560, 0.000000000000000000 ) ) ;
#1597 = LINE ( 'NONE', #2717, #767 ) ;
#1598 = VERTEX_POINT ( 'NONE', #953 ) ;
#1599 = EDGE_LOOP ( 'NONE', ( #1020, #180, #1961, #100 ) ) ;
#1600 = CARTESIAN_POINT ( 'NONE',  ( 17.02500000000000924, -9.865000000000000213, -0.2099999999999980216 ) ) ;
#1601 = DIRECTION ( 'NONE',  ( -5.532856696028883217E-15, 0.000000000000000000, 1.000000000000000000 ) ) ;
#1602 = ORIENTED_EDGE ( 'NONE', *, *, #2762, .F. ) ;
#1603 = DIRECTION ( 'NONE',  ( 1.000000000000000000, 0.000000000000000000, 0.000000000000000000 ) ) ;
#1604 = ORIENTED_EDGE ( 'NONE', *, *, #1086, .F. ) ;
#1605 = LINE ( 'NONE', #2114, #2566 ) ;
#1606 = ADVANCED_FACE ( 'NONE', ( #1164 ), #498, .F. ) ;
#1607 = AXIS2_PLACEMENT_3D ( 'NONE', #2867, #2405, #381 ) ;
#1608 = DIRECTION ( 'NONE',  ( -0.000000000000000000, -0.000000000000000000, 1.000000000000000000 ) ) ;
#1609 = AXIS2_PLACEMENT_3D ( 'NONE', #1521, #2381, #1068 ) ;
#1610 = CARTESIAN_POINT ( 'NONE',  ( -2.314999999999996838, 3.810000000000002718, 0.000000000000000000 ) ) ;
#1611 = DIRECTION ( 'NONE',  ( -0.000000000000000000, -0.000000000000000000, 1.000000000000000000 ) ) ;
#1612 = ORIENTED_EDGE ( 'NONE', *, *, #654, .T. ) ;
#1613 = VECTOR ( 'NONE', #1549, 39.37007874015748143 ) ;
#1614 = EDGE_LOOP ( 'NONE', ( #1204, #2429, #2324, #1079 ) ) ;
#1615 = DIRECTION ( 'NONE',  ( -0.000000000000000000, -0.000000000000000000, 1.000000000000000000 ) ) ;
#1616 = AXIS2_PLACEMENT_3D ( 'NONE', #84, #542, #1233 ) ;
#1617 = VERTEX_POINT ( 'NONE', #1132 ) ;
#1618 = DIRECTION ( 'NONE',  ( 1.000000000000000000, 0.000000000000000000, 0.000000000000000000 ) ) ;
#1619 = CIRCLE ( 'NONE', #349, 0.4400000000000007794 ) ;
#1620 = ORIENTED_EDGE ( 'NONE', *, *, #1412, .F. ) ;
#1621 = DIRECTION ( 'NONE',  ( 0.000000000000000000, 0.000000000000000000, 1.000000000000000000 ) ) ;
#1622 = CARTESIAN_POINT ( 'NONE',  ( -17.40499999999999758, -9.719999999999998863, 0.000000000000000000 ) ) ;
#1623 = EDGE_CURVE ( 'NONE', #2772, #1310, #1354, .T. ) ;
#1624 = DIRECTION ( 'NONE',  ( 2.631103176675837367E-29, -1.000000000000000000, -4.755415368997842463E-15 ) ) ;
#1625 = ADVANCED_FACE ( 'NONE', ( #2023 ), #465, .F. ) ;
#1626 = CARTESIAN_POINT ( 'NONE',  ( 7.995000000000008100, 6.969999999999974882, 0.000000000000000000 ) ) ;
#1627 = ORIENTED_EDGE ( 'NONE', *, *, #728, .T. ) ;
#1628 = ORIENTED_EDGE ( 'NONE', *, *, #322, .F. ) ;
#1629 = DIRECTION ( 'NONE',  ( 0.000000000000000000, 0.000000000000000000, -1.000000000000000000 ) ) ;
#1630 = APPLICATION_PROTOCOL_DEFINITION ( 'draft international standard', 'automotive_design', 1998, #2299 ) ;
#1631 = EDGE_CURVE ( 'NONE', #279, #2241, #17, .T. ) ;
#1632 = ORIENTED_EDGE ( 'NONE', *, *, #801, .F. ) ;
#1633 = DIRECTION ( 'NONE',  ( 0.000000000000000000, -1.000000000000000000, 0.000000000000000000 ) ) ;
#1634 = VERTEX_POINT ( 'NONE', #909 ) ;
#1635 = DIRECTION ( 'NONE',  ( 0.000000000000000000, 1.000000000000000000, -0.000000000000000000 ) ) ;
#1636 = PLANE ( 'NONE',  #1290 ) ;
#1637 = CARTESIAN_POINT ( 'NONE',  ( 17.02500000000000568, 9.970000000000002416, -0.2099999999999974942 ) ) ;
#1638 = LINE ( 'NONE', #731, #1337 ) ;
#1639 = ORIENTED_EDGE ( 'NONE', *, *, #245, .T. ) ;
#1640 = EDGE_CURVE ( 'NONE', #146, #2315, #220, .T. ) ;
#1641 = EDGE_LOOP ( 'NONE', ( #2293, #2009, #2109, #196 ) ) ;
#1642 = CARTESIAN_POINT ( 'NONE',  ( 16.17500000000000782, -6.249999999999998224, -0.1050000000000001071 ) ) ;
#1643 = ORIENTED_EDGE ( 'NONE', *, *, #1069, .T. ) ;
#1644 = LINE ( 'NONE', #86, #2741 ) ;
#1645 = ORIENTED_EDGE ( 'NONE', *, *, #1631, .T. ) ;
#1646 = DIRECTION ( 'NONE',  ( 1.000000000000000000, 0.000000000000000000, 0.000000000000000000 ) ) ;
#1647 = EDGE_CURVE ( 'NONE', #1265, #2785, #247, .T. ) ;
#1648 = DIRECTION ( 'NONE',  ( -1.000000000000000000, 0.000000000000000000, -0.000000000000000000 ) ) ;
#1649 = CARTESIAN_POINT ( 'NONE',  ( -17.30000000000000071, -9.719999999999998863, -0.2099999999999980216 ) ) ;
#1650 = VECTOR ( 'NONE', #1080, 39.37007874015748143 ) ;
#1651 = PLANE ( 'NONE',  #2080 ) ;
#1652 = ORIENTED_EDGE ( 'NONE', *, *, #797, .F. ) ;
#1653 = AXIS2_PLACEMENT_3D ( 'NONE', #1983, #1601, #1792 ) ;
#1654 = EDGE_CURVE ( 'NONE', #1968, #2584, #2039, .T. ) ;
#1655 = EDGE_LOOP ( 'NONE', ( #335, #2089, #361, #2057 ) ) ;
#1656 = PLANE ( 'NONE',  #1616 ) ;
#1657 = AXIS2_PLACEMENT_3D ( 'NONE', #451, #63, #2270 ) ;
#1658 = ADVANCED_FACE ( 'NONE', ( #1 ), #2506, .F. ) ;
#1659 = ORIENTED_EDGE ( 'NONE', *, *, #104, .T. ) ;
#1660 = CARTESIAN_POINT ( 'NONE',  ( 14.98500000000000654, 7.020000000000003126, -0.2702116192436970210 ) ) ;
#1661 = ORIENTED_EDGE ( 'NONE', *, *, #2446, .F. ) ;
#1662 = DIRECTION ( 'NONE',  ( -1.000000000000000000, -0.000000000000000000, -0.000000000000000000 ) ) ;
#1663 = AXIS2_PLACEMENT_3D ( 'NONE', #1871, #550, #2533 ) ;
#1664 = CIRCLE ( 'NONE', #2273, 0.09499999999999994560 ) ;
#1665 = AXIS2_PLACEMENT_3D ( 'NONE', #336, #2428, #2335 ) ;
#1666 = CARTESIAN_POINT ( 'NONE',  ( -7.854999999999997762, 3.810000000000002718, -0.1050000000000001071 ) ) ;
#1667 = LINE ( 'NONE', #551, #1230 ) ;
#1668 = VECTOR ( 'NONE', #2155, 39.37007874015748143 ) ;
#1669 = VECTOR ( 'NONE', #840, 39.37007874015748143 ) ;
#1670 = EDGE_CURVE ( 'NONE', #1777, #331, #2474, .T. ) ;
#1671 = FACE_OUTER_BOUND ( 'NONE', #2817, .T. ) ;
#1672 = ORIENTED_EDGE ( 'NONE', *, *, #944, .T. ) ;
#1673 = DIRECTION ( 'NONE',  ( 0.000000000000000000, 0.000000000000000000, 1.000000000000000000 ) ) ;
#1674 = AXIS2_PLACEMENT_3D ( 'NONE', #976, #1447, #726 ) ;
#1675 = CIRCLE ( 'NONE', #552, 0.09499999999999994560 ) ;
#1676 = ORIENTED_EDGE ( 'NONE', *, *, #1037, .F. ) ;
#1677 = DIRECTION ( 'NONE',  ( 1.000000000000000000, 0.000000000000000000, 0.000000000000000000 ) ) ;
#1678 = ORIENTED_EDGE ( 'NONE', *, *, #1826, .T. ) ;
#1679 = CARTESIAN_POINT ( 'NONE',  ( -17.15499999999999758, 9.970000000000002416, -4.979999999999999538 ) ) ;
#1680 = EDGE_CURVE ( 'NONE', #2747, #1634, #1597, .T. ) ;
#1681 = PLANE ( 'NONE',  #388 ) ;
#1682 = DIRECTION ( 'NONE',  ( -0.000000000000000000, -0.000000000000000000, 1.000000000000000000 ) ) ;
#1683 = CARTESIAN_POINT ( 'NONE',  ( 16.08000000000000895, -4.999999999999998224, -4.979999999999999538 ) ) ;
#1684 = ORIENTED_EDGE ( 'NONE', *, *, #2135, .F. ) ;
#1685 = DIRECTION ( 'NONE',  ( 1.000000000000000000, 0.000000000000000000, 3.491481338843132961E-15 ) ) ;
#1686 = ORIENTED_EDGE ( 'NONE', *, *, #981, .F. ) ;
#1687 = DIRECTION ( 'NONE',  ( -0.000000000000000000, -0.000000000000000000, 1.000000000000000000 ) ) ;
#1688 = ORIENTED_EDGE ( 'NONE', *, *, #1455, .T. ) ;
#1689 = CARTESIAN_POINT ( 'NONE',  ( 17.40500000000000824, -9.759999999999999787, -0.4999999999999982792 ) ) ;
#1690 = LINE ( 'NONE', #2811, #2046 ) ;
#1691 = FACE_OUTER_BOUND ( 'NONE', #1920, .T. ) ;
#1692 = EDGE_CURVE ( 'NONE', #1591, #407, #1150, .T. ) ;
#1693 = CARTESIAN_POINT ( 'NONE',  ( -17.15499999999999758, -9.969999999999998863, -0.2099999999999974942 ) ) ;
#1694 = EDGE_CURVE ( 'NONE', #480, #759, #2119, .T. ) ;
#1695 = CARTESIAN_POINT ( 'NONE',  ( 16.17500000000000782, 6.250000000000002665, 0.000000000000000000 ) ) ;
#1696 = CIRCLE ( 'NONE', #2445, 0.09499999999999994560 ) ;
#1697 = VECTOR ( 'NONE', #856, 39.37007874015748143 ) ;
#1698 = ORIENTED_EDGE ( 'NONE', *, *, #188, .F. ) ;
#1699 = PLANE ( 'NONE',  #500 ) ;
#1700 = ORIENTED_EDGE ( 'NONE', *, *, #329, .T. ) ;
#1701 = ORIENTED_EDGE ( 'NONE', *, *, #453, .F. ) ;
#1702 = CARTESIAN_POINT ( 'NONE',  ( 10.43500000000000760, 6.969999999999989093, 0.000000000000000000 ) ) ;
#1703 = CIRCLE ( 'NONE', #1190, 0.09999999999999947820 ) ;
#1704 = DIRECTION ( 'NONE',  ( -0.000000000000000000, -0.000000000000000000, 1.000000000000000000 ) ) ;
#1705 = ORIENTED_EDGE ( 'NONE', *, *, #2446, .T. ) ;
#1706 = CYLINDRICAL_SURFACE ( 'NONE', #1067, 0.09499999999999994560 ) ;
#1707 = EDGE_CURVE ( 'NONE', #2423, #1264, #1638, .T. ) ;
#1708 = CARTESIAN_POINT ( 'NONE',  ( 0.000000000000000000, -9.969999999999998863, 3.414834135060356260E-14 ) ) ;
#1709 = CARTESIAN_POINT ( 'NONE',  ( -7.694999999999997620, 5.130000000000002558, 0.000000000000000000 ) ) ;
#1710 = EDGE_CURVE ( 'NONE', #2101, #935, #1703, .T. ) ;
#1711 = ORIENTED_EDGE ( 'NONE', *, *, #283, .F. ) ;
#1712 = LINE ( 'NONE', #1947, #1341 ) ;
#1713 = ORIENTED_EDGE ( 'NONE', *, *, #1103, .T. ) ;
#1714 = EDGE_LOOP ( 'NONE', ( #46, #242, #804, #83 ) ) ;
#1715 = FACE_OUTER_BOUND ( 'NONE', #1390, .T. ) ;
#1716 = EDGE_CURVE ( 'NONE', #672, #2880, #718, .T. ) ;
#1717 = DIRECTION ( 'NONE',  ( 0.000000000000000000, -0.000000000000000000, 1.000000000000000000 ) ) ;
#1718 = ORIENTED_EDGE ( 'NONE', *, *, #2326, .T. ) ;
#1719 = LINE ( 'NONE', #1271, #1090 ) ;
#1720 = FACE_OUTER_BOUND ( 'NONE', #1842, .T. ) ;
#1721 = DIRECTION ( 'NONE',  ( 1.000000000000000000, 0.000000000000000000, 0.000000000000000000 ) ) ;
#1722 = ORIENTED_EDGE ( 'NONE', *, *, #1000, .F. ) ;
#1723 = DIRECTION ( 'NONE',  ( 1.000000000000000000, 0.000000000000000000, 5.203519987932195786E-15 ) ) ;
#1724 = ADVANCED_FACE ( 'NONE', ( #982 ), #80, .F. ) ;
#1725 = ORIENTED_EDGE ( 'NONE', *, *, #1873, .T. ) ;
#1726 = CARTESIAN_POINT ( 'NONE',  ( 17.30000000000000782, 9.720000000000004192, 9.629937079438272047E-14 ) ) ;
#1727 = DIRECTION ( 'NONE',  ( -1.000000000000000000, 0.000000000000000000, 0.000000000000000000 ) ) ;
#1728 = LINE ( 'NONE', #1315, #496 ) ;
#1729 = DIRECTION ( 'NONE',  ( 0.000000000000000000, -0.000000000000000000, 1.000000000000000000 ) ) ;
#1730 = ORIENTED_EDGE ( 'NONE', *, *, #2575, .T. ) ;
#1731 = FACE_OUTER_BOUND ( 'NONE', #1835, .T. ) ;
#1732 = EDGE_CURVE ( 'NONE', #2301, #293, #1849, .T. ) ;
#1733 = LINE ( 'NONE', #811, #2796 ) ;
#1734 = DIRECTION ( 'NONE',  ( 0.000000000000000000, 0.000000000000000000, 1.000000000000000000 ) ) ;
#1735 = CARTESIAN_POINT ( 'NONE',  ( 16.17500000000000782, 5.000000000000002665, 0.000000000000000000 ) ) ;
#1736 = VERTEX_POINT ( 'NONE', #2745 ) ;
#1737 = FACE_BOUND ( 'NONE', #1948, .T. ) ;
#1738 = CIRCLE ( 'NONE', #2491, 0.2100000000000000755 ) ;
#1739 = EDGE_CURVE ( 'NONE', #2776, #1779, #157, .T. ) ;
#1740 = CIRCLE ( 'NONE', #2824, 0.1050000000000001071 ) ;
#1741 = ORIENTED_EDGE ( 'NONE', *, *, #577, .F. ) ;
#1742 = DIRECTION ( 'NONE',  ( -0.000000000000000000, -0.000000000000000000, 1.000000000000000000 ) ) ;
#1743 = DIRECTION ( 'NONE',  ( 0.000000000000000000, -1.000000000000000000, 0.000000000000000000 ) ) ;
#1744 = EDGE_CURVE ( 'NONE', #1547, #81, #2523, .T. ) ;
#1745 = CARTESIAN_POINT ( 'NONE',  ( 1.500000000000007550, 6.969999999999961560, -4.979999999999999538 ) ) ;
#1746 = VECTOR ( 'NONE', #1156, 39.37007874015748143 ) ;
#1747 = ORIENTED_EDGE ( 'NONE', *, *, #831, .F. ) ;
#1748 = CARTESIAN_POINT ( 'NONE',  ( -0.000000000000000000, 3.810000000000002718, -0.1049999999999999961 ) ) ;
#1749 = AXIS2_PLACEMENT_3D ( 'NONE', #2439, #949, #1174 ) ;
#1750 = DIRECTION ( 'NONE',  ( 0.000000000000000000, 1.000000000000000000, -3.388338596792882053E-15 ) ) ;
#1751 = DIRECTION ( 'NONE',  ( 1.000000000000000000, 0.000000000000000000, 0.000000000000000000 ) ) ;
#1752 = CIRCLE ( 'NONE', #1663, 0.4400000000000018896 ) ;
#1753 = EDGE_CURVE ( 'NONE', #2830, #1159, #2758, .T. ) ;
#1754 = AXIS2_PLACEMENT_3D ( 'NONE', #2829, #1276, #2358 ) ;
#1755 = AXIS2_PLACEMENT_3D ( 'NONE', #2545, #1648, #536 ) ;
#1756 = DIRECTION ( 'NONE',  ( 1.000000000000000000, 0.000000000000000000, 0.000000000000000000 ) ) ;
#1757 = ORIENTED_EDGE ( 'NONE', *, *, #2661, .T. ) ;
#1758 = CARTESIAN_POINT ( 'NONE',  ( 11.55500000000000682, 6.970000000000003304, 0.000000000000000000 ) ) ;
#1759 = ORIENTED_EDGE ( 'NONE', *, *, #1943, .T. ) ;
#1760 = EDGE_LOOP ( 'NONE', ( #1141, #2461, #2736, #2513, #1430, #351, #2489, #1982, #2000, #1270, #337, #94 ) ) ;
#1761 = CARTESIAN_POINT ( 'NONE',  ( 12.43500000000000938, 6.970000000000003304, -0.1050000000000001071 ) ) ;
#1762 = CARTESIAN_POINT ( 'NONE',  ( -7.854999999999997762, 4.130000000000002558, -4.979999999999999538 ) ) ;
#1763 = ORIENTED_EDGE ( 'NONE', *, *, #1972, .F. ) ;
#1764 = CYLINDRICAL_SURFACE ( 'NONE', #786, 0.09499999999999994560 ) ;
#1765 = EDGE_CURVE ( 'NONE', #703, #2785, #1438, .T. ) ;
#1766 = PLANE ( 'NONE',  #969 ) ;
#1767 = AXIS2_PLACEMENT_3D ( 'NONE', #889, #431, #936 ) ;
#1768 = CARTESIAN_POINT ( 'NONE',  ( -17.06500000000000128, 6.250000000000002665, 0.000000000000000000 ) ) ;
#1769 = LINE ( 'NONE', #877, #2876 ) ;
#1770 = EDGE_LOOP ( 'NONE', ( #40, #2443, #2076, #643, #2468, #519, #138, #2733, #1602, #2846, #364, #739 ) ) ;
#1771 = CARTESIAN_POINT ( 'NONE',  ( -17.19500000000000028, 9.720000000000004192, -0.2099999999999983824 ) ) ;
#1772 = ADVANCED_FACE ( 'NONE', ( #1671 ), #292, .F. ) ;
#1773 = ORIENTED_EDGE ( 'NONE', *, *, #2615, .F. ) ;
#1774 = FACE_OUTER_BOUND ( 'NONE', #782, .T. ) ;
#1775 = CARTESIAN_POINT ( 'NONE',  ( 9.555000000000005045, 6.969999999999989093, -0.1050000000000001071 ) ) ;
#1776 = LINE ( 'NONE', #2214, #1516 ) ;
#1777 = VERTEX_POINT ( 'NONE', #2802 ) ;
#1778 = CARTESIAN_POINT ( 'NONE',  ( -17.15499999999999758, 9.720000000000004192, -0.1050000000000001071 ) ) ;
#1779 = VERTEX_POINT ( 'NONE', #1245 ) ;
#1780 = CYLINDRICAL_SURFACE ( 'NONE', #645, 0.2099999999999991318 ) ;
#1781 = LINE ( 'NONE', #2696, #1988 ) ;
#1782 = EDGE_CURVE ( 'NONE', #852, #2074, #2082, .T. ) ;
#1783 = DIRECTION ( 'NONE',  ( -0.000000000000000000, 0.000000000000000000, 1.000000000000000000 ) ) ;
#1784 = EDGE_CURVE ( 'NONE', #2731, #2622, #339, .T. ) ;
#1785 = CARTESIAN_POINT ( 'NONE',  ( 11.99500000000000810, 6.970000000000003304, -4.979999999999999538 ) ) ;
#1786 = VERTEX_POINT ( 'NONE', #1887 ) ;
#1787 = CARTESIAN_POINT ( 'NONE',  ( 5.995000000000008988, 6.969999999999961560, 0.000000000000000000 ) ) ;
#1788 = ORIENTED_EDGE ( 'NONE', *, *, #1129, .F. ) ;
#1789 = DIRECTION ( 'NONE',  ( 1.000000000000000000, 0.000000000000000000, 0.000000000000000000 ) ) ;
#1790 = FILL_AREA_STYLE ('',( #22 ) ) ;
#1791 = VECTOR ( 'NONE', #2504, 39.37007874015748143 ) ;
#1792 = DIRECTION ( 'NONE',  ( 1.000000000000000000, 0.000000000000000000, 5.532856696028883217E-15 ) ) ;
#1793 = ORIENTED_EDGE ( 'NONE', *, *, #779, .F. ) ;
#1794 = DIRECTION ( 'NONE',  ( -3.388338596792882053E-15, 0.000000000000000000, -1.000000000000000000 ) ) ;
#1795 = VERTEX_POINT ( 'NONE', #564 ) ;
#1796 = DIRECTION ( 'NONE',  ( -0.000000000000000000, 0.000000000000000000, 1.000000000000000000 ) ) ;
#1797 = AXIS2_PLACEMENT_3D ( 'NONE', #1828, #532, #1618 ) ;
#1798 = CARTESIAN_POINT ( 'NONE',  ( 0.000000000000000000, 4.130000000000002558, -0.1049999999999999961 ) ) ;
#1799 = DIRECTION ( 'NONE',  ( 1.000000000000000000, 0.000000000000000000, -3.388338596792882053E-15 ) ) ;
#1800 = AXIS2_PLACEMENT_3D ( 'NONE', #1785, #686, #1585 ) ;
#1801 = ADVANCED_FACE ( 'NONE', ( #2341 ), #2769, .F. ) ;
#1802 = DIRECTION ( 'NONE',  ( -1.000000000000000000, -9.707587747454569020E-30, -3.491481338843133750E-15 ) ) ;
#1803 = ORIENTED_EDGE ( 'NONE', *, *, #198, .F. ) ;
#1804 = EDGE_CURVE ( 'NONE', #109, #505, #330, .T. ) ;
#1805 = VECTOR ( 'NONE', #1685, 39.37007874015748143 ) ;
#1806 = ORIENTED_EDGE ( 'NONE', *, *, #1076, .T. ) ;
#1807 = CARTESIAN_POINT ( 'NONE',  ( 17.19500000000001094, 9.720000000000004192, 0.000000000000000000 ) ) ;
#1808 = CARTESIAN_POINT ( 'NONE',  ( 16.08000000000000895, 5.000000000000002665, -4.979999999999999538 ) ) ;
#1809 = AXIS2_PLACEMENT_3D ( 'NONE', #632, #1047, #1717 ) ;
#1810 = DIRECTION ( 'NONE',  ( -0.000000000000000000, 0.000000000000000000, 1.000000000000000000 ) ) ;
#1811 = ORIENTED_EDGE ( 'NONE', *, *, #2800, .F. ) ;
#1812 = DIRECTION ( 'NONE',  ( -0.000000000000000000, 0.000000000000000000, 1.000000000000000000 ) ) ;
#1813 = AXIS2_PLACEMENT_3D ( 'NONE', #2629, #2664, #186 ) ;
#1814 = ORIENTED_EDGE ( 'NONE', *, *, #2457, .F. ) ;
#1815 = DIRECTION ( 'NONE',  ( 3.491481338843132961E-15, 0.000000000000000000, -1.000000000000000000 ) ) ;
#1816 = ADVANCED_FACE ( 'NONE', ( #1229 ), #1651, .F. ) ;
#1817 = DIRECTION ( 'NONE',  ( 1.000000000000000000, 0.000000000000000000, 0.000000000000000000 ) ) ;
#1818 = DIRECTION ( 'NONE',  ( -5.532856696028883217E-15, -1.097617497454391718E-16, 1.000000000000000000 ) ) ;
#1819 = VECTOR ( 'NONE', #682, 39.37007874015748143 ) ;
#1820 = CYLINDRICAL_SURFACE ( 'NONE', #1657, 0.09499999999999994560 ) ;
#1821 = EDGE_LOOP ( 'NONE', ( #863, #1793, #2195, #73 ) ) ;
#1822 = EDGE_CURVE ( 'NONE', #780, #2011, #105, .T. ) ;
#1823 = EDGE_LOOP ( 'NONE', ( #2415, #1788, #860, #941 ) ) ;
#1824 = DIRECTION ( 'NONE',  ( 1.000000000000000000, 0.000000000000000000, 0.000000000000000000 ) ) ;
#1825 = CARTESIAN_POINT ( 'NONE',  ( -17.06500000000000128, 6.250000000000002665, -4.979999999999999538 ) ) ;
#1826 = EDGE_CURVE ( 'NONE', #614, #44, #603, .T. ) ;
#1827 = ORIENTED_EDGE ( 'NONE', *, *, #2388, .F. ) ;
#1828 = CARTESIAN_POINT ( 'NONE',  ( -17.06500000000000128, -6.249999999999998224, -4.979999999999999538 ) ) ;
#1829 = EDGE_LOOP ( 'NONE', ( #1386, #1298, #2806, #2835 ) ) ;
#1830 = CYLINDRICAL_SURFACE ( 'NONE', #2803, 0.4400000000000007794 ) ;
#1831 = CARTESIAN_POINT ( 'NONE',  ( 17.02500000000000568, 9.720000000000004192, 0.000000000000000000 ) ) ;
#1832 = PRODUCT_DEFINITION ( 'UNKNOWN', '', #1399, #143 ) ;
#1833 = CARTESIAN_POINT ( 'NONE',  ( -16.96499999999999986, 6.250000000000002665, -4.979999999999999538 ) ) ;
#1834 = CARTESIAN_POINT ( 'NONE',  ( 16.27000000000000668, -4.999999999999998224, -0.1050000000000001071 ) ) ;
#1835 = EDGE_LOOP ( 'NONE', ( #1508, #865, #676, #2475 ) ) ;
#1836 = DIMENSIONAL_EXPONENTS ( 1.000000000000000000, 0.000000000000000000, 0.000000000000000000, 0.000000000000000000, 0.000000000000000000, 0.000000000000000000, 0.000000000000000000 ) ;
#1837 = EDGE_LOOP ( 'NONE', ( #1864, #1237 ) ) ;
#1838 = CARTESIAN_POINT ( 'NONE',  ( 16.08000000000000895, -4.999999999999998224, -0.1050000000000001071 ) ) ;
#1839 = EDGE_CURVE ( 'NONE', #2253, #1404, #2393, .T. ) ;
#1840 = EDGE_LOOP ( 'NONE', ( #2749, #254, #2719, #2247 ) ) ;
#1841 = LINE ( 'NONE', #311, #619 ) ;
#1842 = EDGE_LOOP ( 'NONE', ( #1741, #1528, #2308, #1172 ) ) ;
#1843 = DIRECTION ( 'NONE',  ( 0.000000000000000000, 0.000000000000000000, -1.000000000000000000 ) ) ;
#1844 = AXIS2_PLACEMENT_3D ( 'NONE', #655, #218, #1395 ) ;
#1845 = ADVANCED_FACE ( 'NONE', ( #2204 ), #618, .F. ) ;
#1846 = DIRECTION ( 'NONE',  ( -0.000000000000000000, 0.000000000000000000, 1.000000000000000000 ) ) ;
#1847 = AXIS2_PLACEMENT_3D ( 'NONE', #1863, #2579, #2567 ) ;
#1848 = CYLINDRICAL_SURFACE ( 'NONE', #849, 0.09499999999999994560 ) ;
#1849 = LINE ( 'NONE', #995, #2353 ) ;
#1850 = ORIENTED_EDGE ( 'NONE', *, *, #2068, .T. ) ;
#1851 = VECTOR ( 'NONE', #1991, 39.37007874015748143 ) ;
#1852 = ADVANCED_FACE ( 'NONE', ( #1053 ), #640, .F. ) ;
#1853 = VECTOR ( 'NONE', #2380, 39.37007874015748143 ) ;
#1854 = ORIENTED_EDGE ( 'NONE', *, *, #96, .T. ) ;
#1855 = CARTESIAN_POINT ( 'NONE',  ( 14.98500000000000654, -4.219999999999997975, -0.2702116192436972986 ) ) ;
#1856 = VERTEX_POINT ( 'NONE', #2871 ) ;
#1857 = FACE_OUTER_BOUND ( 'NONE', #515, .T. ) ;
#1858 = ORIENTED_EDGE ( 'NONE', *, *, #1129, .T. ) ;
#1859 = CARTESIAN_POINT ( 'NONE',  ( -17.40499999999999758, 9.720000000000004192, -4.979999999999999538 ) ) ;
#1860 = FACE_OUTER_BOUND ( 'NONE', #1121, .T. ) ;
#1861 = ADVANCED_FACE ( 'NONE', ( #590 ), #2855, .T. ) ;
#1862 = CARTESIAN_POINT ( 'NONE',  ( 16.17500000000000782, 6.250000000000002665, -4.979999999999999538 ) ) ;
#1863 = CARTESIAN_POINT ( 'NONE',  ( -2.161868781280644747, 3.970000000000002860, -4.979999999999999538 ) ) ;
#1864 = ORIENTED_EDGE ( 'NONE', *, *, #1934, .T. ) ;
#1865 = ORIENTED_EDGE ( 'NONE', *, *, #1468, .F. ) ;
#1866 = CYLINDRICAL_SURFACE ( 'NONE', #1200, 0.2099999999999980216 ) ;
#1867 = ORIENTED_EDGE ( 'NONE', *, *, #2490, .F. ) ;
#1868 = LINE ( 'NONE', #2542, #160 ) ;
#1869 = ORIENTED_EDGE ( 'NONE', *, *, #1883, .T. ) ;
#1870 = FACE_OUTER_BOUND ( 'NONE', #1981, .T. ) ;
#1871 = CARTESIAN_POINT ( 'NONE',  ( 7.995000000000008100, 6.969999999999974882, 0.000000000000000000 ) ) ;
#1872 = LINE ( 'NONE', #2768, #1559 ) ;
#1873 = EDGE_CURVE ( 'NONE', #1302, #482, #145, .T. ) ;
#1874 = CARTESIAN_POINT ( 'NONE',  ( -7.694999999999997620, 5.130000000000002558, -4.979999999999999538 ) ) ;
#1875 = ORIENTED_EDGE ( 'NONE', *, *, #1462, .F. ) ;
#1876 = EDGE_CURVE ( 'NONE', #1856, #710, #358, .T. ) ;
#1877 = ORIENTED_EDGE ( 'NONE', *, *, #457, .F. ) ;
#1878 = DIRECTION ( 'NONE',  ( -0.000000000000000000, 0.000000000000000000, 1.000000000000000000 ) ) ;
#1879 = EDGE_LOOP ( 'NONE', ( #591, #459 ) ) ;
#1880 = LINE ( 'NONE', #1660, #1523 ) ;
#1881 = ORIENTED_EDGE ( 'NONE', *, *, #1086, .T. ) ;
#1882 = CARTESIAN_POINT ( 'NONE',  ( 1.995000000000007434, 6.969999999999961560, -4.979999999999999538 ) ) ;
#1883 = EDGE_CURVE ( 'NONE', #2201, #910, #841, .T. ) ;
#1884 = CARTESIAN_POINT ( 'NONE',  ( -17.19500000000000028, -9.720000000000000639, -0.2099999999999983824 ) ) ;
#1885 = DIRECTION ( 'NONE',  ( 0.000000000000000000, -1.000000000000000000, 0.000000000000000000 ) ) ;
#1886 = VECTOR ( 'NONE', #1097, 39.37007874015748143 ) ;
#1887 = CARTESIAN_POINT ( 'NONE',  ( -17.19500000000000028, -9.719999999999998863, 0.000000000000000000 ) ) ;
#1888 = AXIS2_PLACEMENT_3D ( 'NONE', #45, #2559, #255 ) ;
#1889 = ORIENTED_EDGE ( 'NONE', *, *, #1804, .F. ) ;
#1890 = DIRECTION ( 'NONE',  ( -1.000000000000000000, 0.000000000000000000, -0.000000000000000000 ) ) ;
#1891 = EDGE_CURVE ( 'NONE', #910, #2584, #813, .T. ) ;
#1893 = VECTOR ( 'NONE', #1379, 39.37007874015748143 ) ;
#1892 = AXIS2_PLACEMENT_3D ( 'NONE', #545, #1687, #1912 ) ;
#1894 = ORIENTED_EDGE ( 'NONE', *, *, #2503, .T. ) ;
#1895 = CARTESIAN_POINT ( 'NONE',  ( -17.40499999999999758, -9.719999999999998863, -0.7500000000000004441 ) ) ;
#1896 = ORIENTED_EDGE ( 'NONE', *, *, #329, .F. ) ;
#1897 = DIRECTION ( 'NONE',  ( 1.000000000000000000, 0.000000000000000000, 0.000000000000000000 ) ) ;
#1898 = AXIS2_PLACEMENT_3D ( 'NONE', #217, #1846, #2458 ) ;
#1899 = CIRCLE ( 'NONE', #440, 0.1049999999999990108 ) ;
#1900 = FACE_OUTER_BOUND ( 'NONE', #933, .T. ) ;
#1901 = CARTESIAN_POINT ( 'NONE',  ( 17.40500000000000824, -9.759999999999999787, -0.4999999999999982792 ) ) ;
#1902 = DIRECTION ( 'NONE',  ( -1.000000000000000000, -0.000000000000000000, -0.000000000000000000 ) ) ;
#1903 = CARTESIAN_POINT ( 'NONE',  ( 17.02500000000000924, -9.865000000000000213, 3.378173581002503265E-14 ) ) ;
#1904 = CIRCLE ( 'NONE', #637, 0.09499999999999994560 ) ;
#1905 = AXIS2_PLACEMENT_3D ( 'NONE', #2704, #705, #442 ) ;
#1906 = ORIENTED_EDGE ( 'NONE', *, *, #1744, .T. ) ;
#1907 = FACE_OUTER_BOUND ( 'NONE', #557, .T. ) ;
#1908 = VECTOR ( 'NONE', #490, 39.37007874015748143 ) ;
#1909 = ADVANCED_FACE ( 'NONE', ( #1082 ), #2192, .T. ) ;
#1910 = AXIS2_PLACEMENT_3D ( 'NONE', #1363, #417, #243 ) ;
#1911 = ORIENTED_EDGE ( 'NONE', *, *, #1205, .F. ) ;
#1912 = DIRECTION ( 'NONE',  ( 1.000000000000000000, 0.000000000000000000, 0.000000000000000000 ) ) ;
#1913 = ORIENTED_EDGE ( 'NONE', *, *, #897, .F. ) ;
#1914 = CARTESIAN_POINT ( 'NONE',  ( 17.02500000000000924, -9.719999999999998863, -4.979999999999999538 ) ) ;
#1915 = CARTESIAN_POINT ( 'NONE',  ( 11.99500000000000810, 6.970000000000003304, 0.000000000000000000 ) ) ;
#1916 = DIRECTION ( 'NONE',  ( 1.000000000000000000, 0.000000000000000000, 0.000000000000000000 ) ) ;
#1917 = LINE ( 'NONE', #2631, #294 ) ;
#1918 = ORIENTED_EDGE ( 'NONE', *, *, #2094, .F. ) ;
#1919 = DIRECTION ( 'NONE',  ( -0.000000000000000000, 0.000000000000000000, 1.000000000000000000 ) ) ;
#1920 = EDGE_LOOP ( 'NONE', ( #1911, #2136, #2455, #663 ) ) ;
#1921 = EDGE_LOOP ( 'NONE', ( #2140, #1418, #2184, #447 ) ) ;
#1922 = DIRECTION ( 'NONE',  ( 1.000000000000000000, -0.000000000000000000, 5.532856696028883217E-15 ) ) ;
#1923 = EDGE_CURVE ( 'NONE', #1360, #505, #2447, .T. ) ;
#1924 = DIRECTION ( 'NONE',  ( 0.000000000000000000, 1.000000000000000000, 0.000000000000000000 ) ) ;
#1925 = VERTEX_POINT ( 'NONE', #419 ) ;
#1926 = LINE ( 'NONE', #796, #509 ) ;
#1927 = EDGE_CURVE ( 'NONE', #991, #111, #854, .T. ) ;
#1928 = DIRECTION ( 'NONE',  ( 0.000000000000000000, 0.000000000000000000, 1.000000000000000000 ) ) ;
#1929 = CARTESIAN_POINT ( 'NONE',  ( 5.555000000000006821, 6.969999999999961560, -4.979999999999999538 ) ) ;
#1930 = CIRCLE ( 'NONE', #2588, 0.09999999999999947820 ) ;
#1931 = AXIS2_PLACEMENT_3D ( 'NONE', #2314, #2354, #553 ) ;
#1932 = ORIENTED_EDGE ( 'NONE', *, *, #1980, .T. ) ;
#1933 = PLANE ( 'NONE',  #1754 ) ;
#1934 = EDGE_CURVE ( 'NONE', #11, #732, #2872, .T. ) ;
#1935 = ORIENTED_EDGE ( 'NONE', *, *, #2540, .F. ) ;
#1936 = ORIENTED_EDGE ( 'NONE', *, *, #2099, .T. ) ;
#1937 = LINE ( 'NONE', #596, #1209 ) ;
#1938 = VECTOR ( 'NONE', #1368, 39.37007874015748143 ) ;
#1939 = LINE ( 'NONE', #1745, #775 ) ;
#1940 = ORIENTED_EDGE ( 'NONE', *, *, #1076, .F. ) ;
#1941 = CARTESIAN_POINT ( 'NONE',  ( 17.40500000000000824, -4.219999999999997975, -0.4999999999999982792 ) ) ;
#1942 = DIRECTION ( 'NONE',  ( 1.000000000000000000, 0.000000000000000000, 0.000000000000000000 ) ) ;
#1943 = EDGE_CURVE ( 'NONE', #2543, #2483, #1917, .T. ) ;
#1944 = DIRECTION ( 'NONE',  ( 0.000000000000000000, -1.000000000000000000, 0.000000000000000000 ) ) ;
#1945 = EDGE_CURVE ( 'NONE', #704, #2317, #2028, .T. ) ;
#1946 = ORIENTED_EDGE ( 'NONE', *, *, #1146, .T. ) ;
#1947 = CARTESIAN_POINT ( 'NONE',  ( -17.40500000000000114, -9.719999999999998863, -0.7500000000000001110 ) ) ;
#1948 = EDGE_LOOP ( 'NONE', ( #98, #998 ) ) ;
#1949 = VECTOR ( 'NONE', #2420, 39.37007874015748143 ) ;
#1950 = EDGE_LOOP ( 'NONE', ( #2594, #466 ) ) ;
#1951 = LINE ( 'NONE', #2142, #826 ) ;
#1952 = VECTOR ( 'NONE', #2391, 39.37007874015748143 ) ;
#1953 = CARTESIAN_POINT ( 'NONE',  ( -2.314999999999996838, 4.130000000000002558, 0.000000000000000000 ) ) ;
#1954 = PLANE ( 'NONE',  #2548 ) ;
#1955 = ORIENTED_EDGE ( 'NONE', *, *, #443, .T. ) ;
#1956 = CARTESIAN_POINT ( 'NONE',  ( 16.17500000000000782, 5.000000000000002665, -4.979999999999999538 ) ) ;
#1957 = CARTESIAN_POINT ( 'NONE',  ( 14.98500000000000654, -4.219999999999997975, -0.2702116192436972986 ) ) ;
#1958 = DIRECTION ( 'NONE',  ( 1.000000000000000000, 0.000000000000000000, 0.000000000000000000 ) ) ;
#1959 = EDGE_CURVE ( 'NONE', #708, #2344, #1696, .T. ) ;
#1960 = CARTESIAN_POINT ( 'NONE',  ( 17.02500000000000924, -9.719999999999998863, -4.979999999999999538 ) ) ;
#1961 = ORIENTED_EDGE ( 'NONE', *, *, #1116, .T. ) ;
#1962 = DIRECTION ( 'NONE',  ( 0.000000000000000000, 0.000000000000000000, 1.000000000000000000 ) ) ;
#1963 = EDGE_CURVE ( 'NONE', #2382, #2, #1423, .T. ) ;
#1964 = ORIENTED_EDGE ( 'NONE', *, *, #2073, .T. ) ;
#1965 = CARTESIAN_POINT ( 'NONE',  ( 2.185000000000007603, 6.969999999999961560, -0.1050000000000001071 ) ) ;
#1966 = LENGTH_MEASURE_WITH_UNIT ( LENGTH_MEASURE( 0.02539999999999999897 ), #2898 );
#1967 = CARTESIAN_POINT ( 'NONE',  ( 17.19500000000001094, -9.719999999999998863, -0.1049999999999995937 ) ) ;
#1968 = VERTEX_POINT ( 'NONE', #2369 ) ;
#1969 = DIRECTION ( 'NONE',  ( -1.000000000000000000, -0.000000000000000000, -0.000000000000000000 ) ) ;
#1970 = ORIENTED_EDGE ( 'NONE', *, *, #1455, .F. ) ;
#1971 = DIRECTION ( 'NONE',  ( -0.000000000000000000, -0.000000000000000000, 1.000000000000000000 ) ) ;
#1972 = EDGE_CURVE ( 'NONE', #1159, #1252, #1260, .T. ) ;
#1973 = CYLINDRICAL_SURFACE ( 'NONE', #1749, 0.09499999999999994560 ) ;
#1974 = DIRECTION ( 'NONE',  ( 0.000000000000000000, -1.000000000000000000, -5.203519987931978849E-15 ) ) ;
#1975 = LINE ( 'NONE', #604, #1851 ) ;
#1976 = ORIENTED_EDGE ( 'NONE', *, *, #2859, .F. ) ;
#1977 = PLANE ( 'NONE',  #873 ) ;
#1978 = VECTOR ( 'NONE', #277, 39.37007874015748143 ) ;
#1979 = AXIS2_PLACEMENT_3D ( 'NONE', #1203, #93, #756 ) ;
#1980 = EDGE_CURVE ( 'NONE', #1736, #1497, #15, .T. ) ;
#1981 = EDGE_LOOP ( 'NONE', ( #1362, #1757, #2791, #1722 ) ) ;
#1982 = ORIENTED_EDGE ( 'NONE', *, *, #1194, .F. ) ;
#1983 = CARTESIAN_POINT ( 'NONE',  ( 14.98500000000000654, -7.019999999999998685, -0.2702116192436972986 ) ) ;
#1984 = AXIS2_PLACEMENT_3D ( 'NONE', #1236, #2112, #2205 ) ;
#1985 = CARTESIAN_POINT ( 'NONE',  ( 17.40500000000000469, -9.970000000000000639, -0.7500000000000001110 ) ) ;
#1986 = ORIENTED_EDGE ( 'NONE', *, *, #979, .F. ) ;
#1987 = LINE ( 'NONE', #197, #2713 ) ;
#1988 = VECTOR ( 'NONE', #2219, 39.37007874015748143 ) ;
#1989 = CARTESIAN_POINT ( 'NONE',  ( 10.43500000000000760, 6.969999999999989093, -0.1050000000000001071 ) ) ;
#1990 = CARTESIAN_POINT ( 'NONE',  ( -17.16499999999999915, -6.249999999999998224, -0.1050000000000001071 ) ) ;
#1991 = DIRECTION ( 'NONE',  ( -1.000000000000000000, 0.000000000000000000, -3.491481338843133750E-15 ) ) ;
#1992 = ORIENTED_EDGE ( 'NONE', *, *, #2883, .T. ) ;
#1993 = CARTESIAN_POINT ( 'NONE',  ( 17.40500000000000824, 7.020000000000003126, -0.2702116192436836428 ) ) ;
#1994 = EDGE_LOOP ( 'NONE', ( #1686, #71, #2211, #1593 ) ) ;
#1995 = CARTESIAN_POINT ( 'NONE',  ( -17.30000000000000071, -9.969999999999998863, -0.2099999999999980216 ) ) ;
#1996 = LENGTH_MEASURE_WITH_UNIT ( LENGTH_MEASURE( 0.02539999999999999897 ), #692 );
#1997 = CIRCLE ( 'NONE', #2177, 0.09499999999999994560 ) ;
#1998 = ADVANCED_FACE ( 'NONE', ( #2251 ), #32, .F. ) ;
#1999 = LINE ( 'NONE', #1546, #1403 ) ;
#2000 = ORIENTED_EDGE ( 'NONE', *, *, #1514, .F. ) ;
#2001 = DIRECTION ( 'NONE',  ( -1.000000000000000000, 0.000000000000000000, -0.000000000000000000 ) ) ;
#2002 = VERTEX_POINT ( 'NONE', #2728 ) ;
#2003 = DIRECTION ( 'NONE',  ( -5.532856696028882428E-15, -0.000000000000000000, 1.000000000000000000 ) ) ;
#2004 = VECTOR ( 'NONE', #377, 39.37007874015748143 ) ;
#2005 = EDGE_CURVE ( 'NONE', #1779, #2776, #481, .T. ) ;
#2006 = LINE ( 'NONE', #653, #2505 ) ;
#2007 = CARTESIAN_POINT ( 'NONE',  ( -17.40499999999999758, 0.000000000000000000, 5.934063881775863595E-14 ) ) ;
#2008 = CARTESIAN_POINT ( 'NONE',  ( 17.40500000000000469, 9.970000000000005969, -0.7500000000000001110 ) ) ;
#2009 = ORIENTED_EDGE ( 'NONE', *, *, #2091, .T. ) ;
#2010 = CARTESIAN_POINT ( 'NONE',  ( -17.15499999999999758, 9.970000000000002416, 0.000000000000000000 ) ) ;
#2011 = VERTEX_POINT ( 'NONE', #2036 ) ;
#2012 = DIRECTION ( 'NONE',  ( 0.000000000000000000, 1.000000000000000000, 0.000000000000000000 ) ) ;
#2013 = LINE ( 'NONE', #1808, #549 ) ;
#2014 = CARTESIAN_POINT ( 'NONE',  ( 17.02500000000000568, -9.759999999999999787, -0.2099999999999983824 ) ) ;
#2015 = VERTEX_POINT ( 'NONE', #907 ) ;
#2016 = CARTESIAN_POINT ( 'NONE',  ( 17.40500000000000469, 9.970000000000005969, -0.7500000000000001110 ) ) ;
#2017 = ADVANCED_FACE ( 'NONE', ( #1115 ), #2440, .F. ) ;
#2018 = ORIENTED_EDGE ( 'NONE', *, *, #492, .F. ) ;
#2019 = LINE ( 'NONE', #2695, #1819 ) ;
#2020 = CARTESIAN_POINT ( 'NONE',  ( 16.17500000000000782, -6.249999999999998224, 0.000000000000000000 ) ) ;
#2021 = EDGE_CURVE ( 'NONE', #2253, #425, #113, .T. ) ;
#2022 = CARTESIAN_POINT ( 'NONE',  ( 17.02500000000000568, 9.760000000000003340, -0.2099999999999983824 ) ) ;
#2023 = FACE_OUTER_BOUND ( 'NONE', #467, .T. ) ;
#2024 = ORIENTED_EDGE ( 'NONE', *, *, #1710, .T. ) ;
#2025 = ORIENTED_EDGE ( 'NONE', *, *, #2139, .F. ) ;
#2026 = ADVANCED_FACE ( 'NONE', ( #2906 ), #450, .F. ) ;
#2027 = CYLINDRICAL_SURFACE ( 'NONE', #1905, 0.1050000000000001071 ) ;
#2028 = CIRCLE ( 'NONE', #1380, 0.09499999999999994560 ) ;
#2029 = DIRECTION ( 'NONE',  ( 1.000000000000000000, 0.000000000000000000, 0.000000000000000000 ) ) ;
#2030 = VERTEX_POINT ( 'NONE', #1596 ) ;
#2031 = LINE ( 'NONE', #2422, #1282 ) ;
#2032 = EDGE_LOOP ( 'NONE', ( #647, #1413, #85, #2644, #2619, #430, #829, #2303, #193, #2895, #1652, #1858 ) ) ;
#2033 = DIRECTION ( 'NONE',  ( 1.000000000000000000, 0.000000000000000000, 0.000000000000000000 ) ) ;
#2034 = AXIS2_PLACEMENT_3D ( 'NONE', #1825, #2708, #1359 ) ;
#2035 = FACE_OUTER_BOUND ( 'NONE', #1030, .T. ) ;
#2036 = CARTESIAN_POINT ( 'NONE',  ( -7.854999999999997762, 3.810000000000002718, 0.000000000000000000 ) ) ;
#2037 = VECTOR ( 'NONE', #2288, 39.37007874015748143 ) ;
#2038 = EDGE_CURVE ( 'NONE', #732, #11, #997, .T. ) ;
#2039 = LINE ( 'NONE', #702, #2692 ) ;
#2040 = ORIENTED_EDGE ( 'NONE', *, *, #2457, .T. ) ;
#2041 = AXIS2_PLACEMENT_3D ( 'NONE', #1884, #1460, #521 ) ;
#2042 = AXIS2_PLACEMENT_3D ( 'NONE', #2512, #468, #2493 ) ;
#2043 = VECTOR ( 'NONE', #1969, 39.37007874015748143 ) ;
#2044 = VERTEX_POINT ( 'NONE', #1353 ) ;
#2045 = DIRECTION ( 'NONE',  ( 6.072960320468996880E-31, -1.000000000000000000, -1.097617497454391965E-16 ) ) ;
#2046 = VECTOR ( 'NONE', #2389, 39.37007874015748143 ) ;
#2047 = CYLINDRICAL_SURFACE ( 'NONE', #2636, 0.1899999999999998912 ) ;
#2048 = ORIENTED_EDGE ( 'NONE', *, *, #2630, .T. ) ;
#2049 = FACE_OUTER_BOUND ( 'NONE', #1641, .T. ) ;
#2050 = VERTEX_POINT ( 'NONE', #246 ) ;
#2051 = DIRECTION ( 'NONE',  ( -0.000000000000000000, -0.000000000000000000, 1.000000000000000000 ) ) ;
#2052 = DIRECTION ( 'NONE',  ( -0.000000000000000000, -0.000000000000000000, 1.000000000000000000 ) ) ;
#2053 = DIRECTION ( 'NONE',  ( 1.000000000000000000, 0.000000000000000000, 0.000000000000000000 ) ) ;
#2054 = AXIS2_PLACEMENT_3D ( 'NONE', #820, #834, #2809 ) ;
#2055 = AXIS2_PLACEMENT_3D ( 'NONE', #1594, #216, #697 ) ;
#2056 = DIRECTION ( 'NONE',  ( 3.388338596792882053E-15, 0.000000000000000000, 1.000000000000000000 ) ) ;
#2057 = ORIENTED_EDGE ( 'NONE', *, *, #96, .F. ) ;
#2058 = EDGE_CURVE ( 'NONE', #555, #2044, #477, .T. ) ;
#2059 = ORIENTED_EDGE ( 'NONE', *, *, #743, .T. ) ;
#2060 = LINE ( 'NONE', #1136, #1251 ) ;
#2061 = EDGE_CURVE ( 'NONE', #1224, #2002, #2266, .T. ) ;
#2062 = ORIENTED_EDGE ( 'NONE', *, *, #2671, .F. ) ;
#2063 = LINE ( 'NONE', #58, #1385 ) ;
#2064 = EDGE_LOOP ( 'NONE', ( #452, #1604, #546, #2861 ) ) ;
#2065 = CARTESIAN_POINT ( 'NONE',  ( 2.185000000000007603, 6.969999999999961560, -4.979999999999999538 ) ) ;
#2066 = CARTESIAN_POINT ( 'NONE',  ( 7.995000000000008100, 6.969999999999974882, -4.979999999999999538 ) ) ;
#2067 = DIRECTION ( 'NONE',  ( -0.000000000000000000, 1.000000000000000000, 0.000000000000000000 ) ) ;
#2068 = EDGE_CURVE ( 'NONE', #2776, #2317, #1162, .T. ) ;
#2069 = CARTESIAN_POINT ( 'NONE',  ( 1.405000000000007576, 6.969999999999961560, -4.979999999999999538 ) ) ;
#2070 = ORIENTED_EDGE ( 'NONE', *, *, #283, .T. ) ;
#2071 = EDGE_LOOP ( 'NONE', ( #2289, #1964, #57, #1881 ) ) ;
#2072 = DIRECTION ( 'NONE',  ( 1.000000000000000000, 0.000000000000000000, 0.000000000000000000 ) ) ;
#2073 = EDGE_CURVE ( 'NONE', #107, #1384, #567, .T. ) ;
#2074 = VERTEX_POINT ( 'NONE', #233 ) ;
#2075 = LINE ( 'NONE', #72, #117 ) ;
#2076 = ORIENTED_EDGE ( 'NONE', *, *, #2891, .F. ) ;
#2077 = CARTESIAN_POINT ( 'NONE',  ( -17.15499999999999758, -9.969999999999998863, -4.979999999999999538 ) ) ;
#2078 = AXIS2_PLACEMENT_3D ( 'NONE', #2813, #1258, #1518 ) ;
#2079 = CARTESIAN_POINT ( 'NONE',  ( 1.805000000000007709, 6.969999999999961560, -0.1050000000000001071 ) ) ;
#2080 = AXIS2_PLACEMENT_3D ( 'NONE', #2329, #319, #2108 ) ;
#2081 = CARTESIAN_POINT ( 'NONE',  ( 17.02500000000000924, -9.969999999999998863, -4.979999999999999538 ) ) ;
#2082 = LINE ( 'NONE', #1424, #1046 ) ;
#2083 = EDGE_LOOP ( 'NONE', ( #2374, #984, #2857, #1814 ) ) ;
#2084 = VECTOR ( 'NONE', #2792, 39.37007874015748143 ) ;
#2085 = EDGE_LOOP ( 'NONE', ( #1678, #1659, #2804, #471 ) ) ;
#2086 = DIRECTION ( 'NONE',  ( 0.000000000000000000, 0.000000000000000000, 1.000000000000000000 ) ) ;
#2087 = EDGE_LOOP ( 'NONE', ( #1035, #2306, #489, #271 ) ) ;
#2088 = DIRECTION ( 'NONE',  ( 0.000000000000000000, -1.000000000000000000, 0.000000000000000000 ) ) ;
#2089 = ORIENTED_EDGE ( 'NONE', *, *, #939, .T. ) ;
#2090 = LINE ( 'NONE', #752, #49 ) ;
#2091 = EDGE_CURVE ( 'NONE', #1404, #2162, #1740, .T. ) ;
#2092 = LINE ( 'NONE', #77, #1010 ) ;
#2093 = CARTESIAN_POINT ( 'NONE',  ( 17.40500000000000824, 0.000000000000000000, -0.2099999999999974665 ) ) ;
#2094 = EDGE_CURVE ( 'NONE', #299, #1264, #2679, .T. ) ;
#2095 = DIRECTION ( 'NONE',  ( 0.000000000000000000, 0.000000000000000000, 1.000000000000000000 ) ) ;
#2096 = ORIENTED_EDGE ( 'NONE', *, *, #963, .F. ) ;
#2097 = VERTEX_POINT ( 'NONE', #494 ) ;
#2098 = CARTESIAN_POINT ( 'NONE',  ( -17.15499999999999758, -9.759999999999999787, -0.2099999999999983824 ) ) ;
#2099 = EDGE_CURVE ( 'NONE', #1057, #1856, #1581, .T. ) ;
#2100 = CIRCLE ( 'NONE', #648, 0.1599999999999999201 ) ;
#2101 = VERTEX_POINT ( 'NONE', #1990 ) ;
#2102 = DIRECTION ( 'NONE',  ( 1.000000000000000000, 0.000000000000000000, 0.000000000000000000 ) ) ;
#2103 = VERTEX_POINT ( 'NONE', #2890 ) ;
#2104 = CARTESIAN_POINT ( 'NONE',  ( 17.02500000000000568, 9.970000000000002416, -4.979999999999999538 ) ) ;
#2105 = CARTESIAN_POINT ( 'NONE',  ( 17.02500000000000568, -9.759999999999999787, -0.2099999999999983824 ) ) ;
#2106 = CARTESIAN_POINT ( 'NONE',  ( 17.02500000000000568, 9.720000000000004192, -4.979999999999999538 ) ) ;
#2107 = EDGE_CURVE ( 'NONE', #1587, #109, #906, .T. ) ;
#2108 = DIRECTION ( 'NONE',  ( 0.000000000000000000, -0.000000000000000000, -1.000000000000000000 ) ) ;
#2109 = ORIENTED_EDGE ( 'NONE', *, *, #1334, .T. ) ;
#2110 = PLANE ( 'NONE',  #2408 ) ;
#2111 = ORIENTED_EDGE ( 'NONE', *, *, #593, .T. ) ;
#2112 = DIRECTION ( 'NONE',  ( -0.000000000000000000, 1.000000000000000000, 0.000000000000000000 ) ) ;
#2113 = ORIENTED_EDGE ( 'NONE', *, *, #2841, .F. ) ;
#2114 = CARTESIAN_POINT ( 'NONE',  ( 17.02500000000000568, 9.760000000000003340, -0.1049999999999982614 ) ) ;
#2115 = DIRECTION ( 'NONE',  ( 5.532856696028882428E-15, 0.000000000000000000, -1.000000000000000000 ) ) ;
#2116 = DIRECTION ( 'NONE',  ( 0.000000000000000000, -1.000000000000000000, 0.000000000000000000 ) ) ;
#2117 = AXIS2_PLACEMENT_3D ( 'NONE', #1131, #2666, #2237 ) ;
#2118 = AXIS2_PLACEMENT_3D ( 'NONE', #2148, #2160, #384 ) ;
#2119 = LINE ( 'NONE', #1013, #2783 ) ;
#2120 = EDGE_CURVE ( 'NONE', #1497, #2044, #1464, .T. ) ;
#2121 = AXIS2_PLACEMENT_3D ( 'NONE', #485, #1138, #2029 ) ;
#2122 = ORIENTED_EDGE ( 'NONE', *, *, #1025, .F. ) ;
#2123 = DIRECTION ( 'NONE',  ( 0.000000000000000000, -3.388338596792882053E-15, 1.000000000000000000 ) ) ;
#2124 = AXIS2_PLACEMENT_3D ( 'NONE', #31, #890, #684 ) ;
#2125 = ORIENTED_EDGE ( 'NONE', *, *, #280, .F. ) ;
#2126 = DIRECTION ( 'NONE',  ( 0.000000000000000000, -1.000000000000000000, -0.000000000000000000 ) ) ;
#2127 = EDGE_LOOP ( 'NONE', ( #723, #2144 ) ) ;
#2128 = FACE_OUTER_BOUND ( 'NONE', #2571, .T. ) ;
#2129 = CIRCLE ( 'NONE', #1898, 0.4400000000000007794 ) ;
#2130 = DIRECTION ( 'NONE',  ( -1.000000000000000000, -0.000000000000000000, -0.000000000000000000 ) ) ;
#2131 = DIRECTION ( 'NONE',  ( 1.000000000000000000, 0.000000000000000000, 0.000000000000000000 ) ) ;
#2132 = UNCERTAINTY_MEASURE_WITH_UNIT (LENGTH_MEASURE( 1.000000000000000082E-05 ), #2639, 'distance_accuracy_value', 'NONE');
#2133 = DIRECTION ( 'NONE',  ( -0.000000000000000000, -0.000000000000000000, 1.000000000000000000 ) ) ;
#2134 = CIRCLE ( 'NONE', #219, 0.1049999999999990108 ) ;
#2135 = EDGE_CURVE ( 'NONE', #2189, #2097, #1738, .T. ) ;
#2136 = ORIENTED_EDGE ( 'NONE', *, *, #1286, .F. ) ;
#2137 = CARTESIAN_POINT ( 'NONE',  ( -17.15499999999999758, 9.865000000000003766, -0.2099999999999980216 ) ) ;
#2138 = MECHANICAL_DESIGN_GEOMETRIC_PRESENTATION_REPRESENTATION (  '', ( #2756 ), #1487 ) ;
#2139 = EDGE_CURVE ( 'NONE', #1219, #985, #2577, .T. ) ;
#2140 = ORIENTED_EDGE ( 'NONE', *, *, #1873, .F. ) ;
#2141 = EDGE_LOOP ( 'NONE', ( #2634, #1759, #281, #66 ) ) ;
#2142 = CARTESIAN_POINT ( 'NONE',  ( -2.161868781280644747, 4.130000000000002558, -4.979999999999999538 ) ) ;
#2143 = DIRECTION ( 'NONE',  ( 0.000000000000000000, 0.000000000000000000, 1.000000000000000000 ) ) ;
#2144 = ORIENTED_EDGE ( 'NONE', *, *, #188, .T. ) ;
#2145 = DIRECTION ( 'NONE',  ( 1.000000000000000000, 0.000000000000000000, 0.000000000000000000 ) ) ;
#2146 = DIRECTION ( 'NONE',  ( 0.000000000000000000, 0.000000000000000000, 1.000000000000000000 ) ) ;
#2147 = EDGE_CURVE ( 'NONE', #751, #2552, #1186, .T. ) ;
#2148 = CARTESIAN_POINT ( 'NONE',  ( 14.98500000000000654, 4.220000000000003304, -0.2702116192436972986 ) ) ;
#2149 = ORIENTED_EDGE ( 'NONE', *, *, #1765, .T. ) ;
#2150 = FACE_BOUND ( 'NONE', #1297, .T. ) ;
#2151 = ORIENTED_EDGE ( 'NONE', *, *, #952, .F. ) ;
#2152 = ORIENTED_EDGE ( 'NONE', *, *, #607, .F. ) ;
#2153 = DIRECTION ( 'NONE',  ( 0.000000000000000000, -1.000000000000000000, 5.203519987931978849E-15 ) ) ;
#2154 = EDGE_CURVE ( 'NONE', #555, #1736, #1930, .T. ) ;
#2155 = DIRECTION ( 'NONE',  ( -3.388338596792882053E-15, 0.000000000000000000, -1.000000000000000000 ) ) ;
#2156 = FACE_OUTER_BOUND ( 'NONE', #2321, .T. ) ;
#2157 = ORIENTED_EDGE ( 'NONE', *, *, #1014, .F. ) ;
#2158 = CARTESIAN_POINT ( 'NONE',  ( -17.15499999999999758, -9.719999999999998863, -4.979999999999999538 ) ) ;
#2159 = CARTESIAN_POINT ( 'NONE',  ( 1.805000000000007709, 6.969999999999961560, -4.979999999999999538 ) ) ;
#2160 = DIRECTION ( 'NONE',  ( 0.000000000000000000, -1.000000000000000000, 0.000000000000000000 ) ) ;
#2161 = VECTOR ( 'NONE', #1244, 39.37007874015748143 ) ;
#2162 = VERTEX_POINT ( 'NONE', #1227 ) ;
#2163 = FACE_BOUND ( 'NONE', #64, .T. ) ;
#2164 = EDGE_LOOP ( 'NONE', ( #1317, #2437, #2245, #531 ) ) ;
#2165 = VERTEX_POINT ( 'NONE', #305 ) ;
#2166 = CARTESIAN_POINT ( 'NONE',  ( -2.314999999999996394, 2.810000000000002718, -0.1050000000000001071 ) ) ;
#2167 = CIRCLE ( 'NONE', #2453, 0.09999999999999947820 ) ;
#2168 = PLANE ( 'NONE',  #1809 ) ;
#2169 = EDGE_CURVE ( 'NONE', #646, #293, #522, .T. ) ;
#2170 = ORIENTED_EDGE ( 'NONE', *, *, #712, .F. ) ;
#2171 = CARTESIAN_POINT ( 'NONE',  ( 17.19500000000001094, -9.759999999999999787, 3.756290991288361679E-16 ) ) ;
#2172 = AXIS2_PLACEMENT_3D ( 'NONE', #2098, #1890, #296 ) ;
#2173 = CARTESIAN_POINT ( 'NONE',  ( 5.555000000000006821, 6.969999999999961560, 0.000000000000000000 ) ) ;
#2174 = ADVANCED_FACE ( 'NONE', ( #116 ), #2519, .F. ) ;
#2175 = DIRECTION ( 'NONE',  ( 0.000000000000000000, -1.000000000000000000, 0.000000000000000000 ) ) ;
#2176 = CIRCLE ( 'NONE', #2563, 0.1599999999999999201 ) ;
#2177 = AXIS2_PLACEMENT_3D ( 'NONE', #2672, #943, #1824 ) ;
#2178 = FACE_OUTER_BOUND ( 'NONE', #2686, .T. ) ;
#2179 = ORIENTED_EDGE ( 'NONE', *, *, #601, .F. ) ;
#2180 = LINE ( 'NONE', #2607, #2597 ) ;
#2181 = EDGE_LOOP ( 'NONE', ( #2452, #959 ) ) ;
#2182 = EDGE_CURVE ( 'NONE', #441, #2770, #537, .T. ) ;
#2183 =( GEOMETRIC_REPRESENTATION_CONTEXT ( 3 ) GLOBAL_UNCERTAINTY_ASSIGNED_CONTEXT ( ( #118 ) ) GLOBAL_UNIT_ASSIGNED_CONTEXT ( ( #883, #469, #68 ) ) REPRESENTATION_CONTEXT ( 'NONE', 'WORKASPACE' ) );
#2184 = ORIENTED_EDGE ( 'NONE', *, *, #322, .T. ) ;
#2185 = DIRECTION ( 'NONE',  ( 0.000000000000000000, 0.000000000000000000, 1.000000000000000000 ) ) ;
#2186 = AXIS2_PLACEMENT_3D ( 'NONE', #1407, #2726, #2517 ) ;
#2187 = CARTESIAN_POINT ( 'NONE',  ( 17.02500000000000568, 9.970000000000002416, -4.979999999999999538 ) ) ;
#2188 = CARTESIAN_POINT ( 'NONE',  ( -2.161868781280644747, 4.130000000000002558, 0.000000000000000000 ) ) ;
#2189 = VERTEX_POINT ( 'NONE', #1217 ) ;
#2190 = CARTESIAN_POINT ( 'NONE',  ( -2.161868781280644747, 3.970000000000002860, -4.979999999999999538 ) ) ;
#2191 = FACE_OUTER_BOUND ( 'NONE', #1655, .T. ) ;
#2192 = PLANE ( 'NONE',  #806 ) ;
#2193 = ADVANCED_FACE ( 'NONE', ( #78 ), #2328, .F. ) ;
#2194 = CARTESIAN_POINT ( 'NONE',  ( -2.161868781280644747, 4.130000000000002558, -0.1050000000000001071 ) ) ;
#2195 = ORIENTED_EDGE ( 'NONE', *, *, #475, .F. ) ;
#2196 = FACE_BOUND ( 'NONE', #1284, .T. ) ;
#2197 = ORIENTED_EDGE ( 'NONE', *, *, #1707, .T. ) ;
#2198 = CARTESIAN_POINT ( 'NONE',  ( 17.02500000000000924, -9.719999999999998863, -0.1050000000000001071 ) ) ;
#2199 = CARTESIAN_POINT ( 'NONE',  ( 17.40500000000000824, -4.219999999999997975, -0.2702116192436839204 ) ) ;
#2200 = CARTESIAN_POINT ( 'NONE',  ( 5.995000000000008988, 6.969999999999961560, -4.979999999999999538 ) ) ;
#2201 = VERTEX_POINT ( 'NONE', #62 ) ;
#2202 = CARTESIAN_POINT ( 'NONE',  ( 17.02500000000000924, -9.719999999999998863, -4.979999999999999538 ) ) ;
#2203 = DIRECTION ( 'NONE',  ( -1.000000000000000000, 0.000000000000000000, 0.000000000000000000 ) ) ;
#2204 = FACE_OUTER_BOUND ( 'NONE', #1257, .T. ) ;
#2205 = DIRECTION ( 'NONE',  ( 0.000000000000000000, -0.000000000000000000, 1.000000000000000000 ) ) ;
#2206 = ORIENTED_EDGE ( 'NONE', *, *, #554, .T. ) ;
#2207 = LINE ( 'NONE', #2010, #2280 ) ;
#2208 = EDGE_CURVE ( 'NONE', #1617, #1159, #1421, .T. ) ;
#2209 = AXIS2_PLACEMENT_3D ( 'NONE', #434, #1783, #875 ) ;
#2210 = VECTOR ( 'NONE', #2300, 39.37007874015748143 ) ;
#2211 = ORIENTED_EDGE ( 'NONE', *, *, #891, .T. ) ;
#2212 = DIRECTION ( 'NONE',  ( 0.000000000000000000, 0.000000000000000000, 1.000000000000000000 ) ) ;
#2213 = CARTESIAN_POINT ( 'NONE',  ( 17.40500000000000824, -9.719999999999998863, -0.4999999999999985012 ) ) ;
#2214 = CARTESIAN_POINT ( 'NONE',  ( -17.40500000000000114, -9.969999999999998863, -0.7500000000000001110 ) ) ;
#2215 = VERTEX_POINT ( 'NONE', #950 ) ;
#2216 = CARTESIAN_POINT ( 'NONE',  ( 17.40500000000000469, 0.000000000000000000, 9.666597633496124411E-14 ) ) ;
#2217 = ORIENTED_EDGE ( 'NONE', *, *, #172, .F. ) ;
#2218 = LINE ( 'NONE', #2202, #2331 ) ;
#2219 = DIRECTION ( 'NONE',  ( 1.000000000000000000, -0.000000000000000000, -0.000000000000000000 ) ) ;
#2220 = DIRECTION ( 'NONE',  ( -0.000000000000000000, -0.000000000000000000, 1.000000000000000000 ) ) ;
#2221 = CARTESIAN_POINT ( 'NONE',  ( -17.30000000000000071, -9.719999999999998863, 5.897403327718011231E-14 ) ) ;
#2222 = ORIENTED_EDGE ( 'NONE', *, *, #706, .T. ) ;
#2223 = DIRECTION ( 'NONE',  ( 1.000000000000000000, -0.000000000000000000, 0.000000000000000000 ) ) ;
#2224 = EDGE_CURVE ( 'NONE', #1219, #852, #1872, .T. ) ;
#2225 = ORIENTED_EDGE ( 'NONE', *, *, #746, .T. ) ;
#2226 = FACE_OUTER_BOUND ( 'NONE', #1599, .T. ) ;
#2227 = LINE ( 'NONE', #2881, #2656 ) ;
#2228 = CIRCLE ( 'NONE', #1529, 0.1600000000000004752 ) ;
#2229 = ADVANCED_FACE ( 'NONE', ( #755 ), #2743, .F. ) ;
#2230 = CARTESIAN_POINT ( 'NONE',  ( -17.15499999999999758, -9.969999999999998863, -0.7499999999999998890 ) ) ;
#2231 = ORIENTED_EDGE ( 'NONE', *, *, #908, .T. ) ;
#2232 = FACE_OUTER_BOUND ( 'NONE', #1111, .T. ) ;
#2233 = EDGE_LOOP ( 'NONE', ( #59, #2700 ) ) ;
#2234 = LINE ( 'NONE', #230, #178 ) ;
#2235 = AXIS2_PLACEMENT_3D ( 'NONE', #1914, #182, #2362 ) ;
#2236 = CYLINDRICAL_SURFACE ( 'NONE', #771, 0.4400000000000018896 ) ;
#2237 = DIRECTION ( 'NONE',  ( 0.000000000000000000, 0.000000000000000000, -1.000000000000000000 ) ) ;
#2238 = ADVANCED_FACE ( 'NONE', ( #2340 ), #1848, .F. ) ;
#2239 = DIRECTION ( 'NONE',  ( 0.000000000000000000, -1.000000000000000000, 0.000000000000000000 ) ) ;
#2240 = ORIENTED_EDGE ( 'NONE', *, *, #236, .F. ) ;
#2241 = VERTEX_POINT ( 'NONE', #1649 ) ;
#2242 = CARTESIAN_POINT ( 'NONE',  ( -17.40499999999999758, -9.719999999999998863, -4.979999999999999538 ) ) ;
#2243 = CARTESIAN_POINT ( 'NONE',  ( -17.40499999999999758, -9.969999999999998863, -0.2099999999999976885 ) ) ;
#2244 = DIRECTION ( 'NONE',  ( 0.000000000000000000, 0.000000000000000000, 1.000000000000000000 ) ) ;
#2245 = ORIENTED_EDGE ( 'NONE', *, *, #2771, .T. ) ;
#2246 = LINE ( 'NONE', #2436, #574 ) ;
#2247 = ORIENTED_EDGE ( 'NONE', *, *, #213, .T. ) ;
#2248 = CARTESIAN_POINT ( 'NONE',  ( 10.43500000000000760, 6.969999999999989093, -4.979999999999999538 ) ) ;
#2249 = ADVANCED_FACE ( 'NONE', ( #2546 ), #742, .F. ) ;
#2250 = LINE ( 'NONE', #1161, #1613 ) ;
#2251 = FACE_OUTER_BOUND ( 'NONE', #1502, .T. ) ;
#2252 = LINE ( 'NONE', #671, #2551 ) ;
#2253 = VERTEX_POINT ( 'NONE', #1637 ) ;
#2254 = ORIENTED_EDGE ( 'NONE', *, *, #2290, .F. ) ;
#2255 = PLANE ( 'NONE',  #2282 ) ;
#2256 = DIRECTION ( 'NONE',  ( -1.000000000000000000, 0.000000000000000000, -0.000000000000000000 ) ) ;
#2257 = AXIS2_PLACEMENT_3D ( 'NONE', #2755, #2067, #2534 ) ;
#2258 = LINE ( 'NONE', #662, #1472 ) ;
#2259 = VERTEX_POINT ( 'NONE', #769 ) ;
#2260 = CYLINDRICAL_SURFACE ( 'NONE', #1797, 0.09999999999999947820 ) ;
#2261 = EDGE_LOOP ( 'NONE', ( #2231, #903 ) ) ;
#2262 = FACE_OUTER_BOUND ( 'NONE', #1055, .T. ) ;
#2263 = AXIS2_PLACEMENT_3D ( 'NONE', #2016, #472, #920 ) ;
#2264 = DIRECTION ( 'NONE',  ( -1.000000000000000000, 0.000000000000000000, 0.000000000000000000 ) ) ;
#2265 = EDGE_CURVE ( 'NONE', #751, #1617, #1667, .T. ) ;
#2266 = LINE ( 'NONE', #260, #951 ) ;
#2268 = CIRCLE ( 'NONE', #2124, 0.09499999999999994560 ) ;
#2267 = VECTOR ( 'NONE', #2652, 39.37007874015748143 ) ;
#2269 = EDGE_CURVE ( 'NONE', #18, #1489, #1008, .T. ) ;
#2270 = DIRECTION ( 'NONE',  ( 1.000000000000000000, 0.000000000000000000, 0.000000000000000000 ) ) ;
#2271 = ORIENTED_EDGE ( 'NONE', *, *, #2859, .T. ) ;
#2272 = VECTOR ( 'NONE', #2130, 39.37007874015748143 ) ;
#2273 = AXIS2_PLACEMENT_3D ( 'NONE', #529, #2086, #2072 ) ;
#2274 = ORIENTED_EDGE ( 'NONE', *, *, #1571, .F. ) ;
#2275 = DIRECTION ( 'NONE',  ( -0.000000000000000000, -0.000000000000000000, 1.000000000000000000 ) ) ;
#2276 = EDGE_CURVE ( 'NONE', #1384, #1925, #1719, .T. ) ;
#2277 = DIRECTION ( 'NONE',  ( 1.000000000000000000, 0.000000000000000000, 0.000000000000000000 ) ) ;
#2278 = EDGE_LOOP ( 'NONE', ( #1906, #2561, #720, #1627 ) ) ;
#2279 = PLANE ( 'NONE',  #1005 ) ;
#2280 = VECTOR ( 'NONE', #895, 39.37007874015748143 ) ;
#2281 = EDGE_LOOP ( 'NONE', ( #1869, #2536, #881, #2217 ) ) ;
#2282 = AXIS2_PLACEMENT_3D ( 'NONE', #660, #238, #677 ) ;
#2283 = DIRECTION ( 'NONE',  ( 0.000000000000000000, 0.000000000000000000, 1.000000000000000000 ) ) ;
#2284 = DIRECTION ( 'NONE',  ( -5.532856696028882428E-15, 0.000000000000000000, 1.000000000000000000 ) ) ;
#2285 = DIRECTION ( 'NONE',  ( 0.000000000000000000, -1.000000000000000000, 0.000000000000000000 ) ) ;
#2286 = VECTOR ( 'NONE', #2624, 39.37007874015748143 ) ;
#2287 = AXIS2_PLACEMENT_3D ( 'NONE', #1225, #1662, #1843 ) ;
#2288 = DIRECTION ( 'NONE',  ( 1.000000000000000000, 0.000000000000000000, 0.000000000000000000 ) ) ;
#2289 = ORIENTED_EDGE ( 'NONE', *, *, #1286, .T. ) ;
#2290 = EDGE_CURVE ( 'NONE', #780, #1331, #2645, .T. ) ;
#2291 = EDGE_LOOP ( 'NONE', ( #1481, #823, #2431, #2497, #1865, #524, #1517, #2386, #1343, #2096, #1003, #2018, #1918 ) ) ;
#2292 = CARTESIAN_POINT ( 'NONE',  ( 17.02500000000000924, -9.759999999999999787, 0.000000000000000000 ) ) ;
#2293 = ORIENTED_EDGE ( 'NONE', *, *, #1422, .T. ) ;
#2294 = DIRECTION ( 'NONE',  ( 0.000000000000000000, -0.000000000000000000, -1.000000000000000000 ) ) ;
#2295 = ORIENTED_EDGE ( 'NONE', *, *, #944, .F. ) ;
#2296 = CARTESIAN_POINT ( 'NONE',  ( 17.02500000000000568, 9.970000000000005969, -0.7500000000000001110 ) ) ;
#2297 = DIRECTION ( 'NONE',  ( 1.000000000000000000, 0.000000000000000000, 0.000000000000000000 ) ) ;
#2298 = DIRECTION ( 'NONE',  ( 0.000000000000000000, -0.000000000000000000, -1.000000000000000000 ) ) ;
#2299 = APPLICATION_CONTEXT ( 'automotive_design' ) ;
#2300 = DIRECTION ( 'NONE',  ( 5.532856696028883217E-15, 4.755415368997842463E-15, -1.000000000000000000 ) ) ;
#2301 = VERTEX_POINT ( 'NONE', #155 ) ;
#2302 = ADVANCED_FACE ( 'NONE', ( #131 ), #809, .F. ) ;
#2303 = ORIENTED_EDGE ( 'NONE', *, *, #1555, .F. ) ;
#2304 = DIRECTION ( 'NONE',  ( -0.000000000000000000, -0.000000000000000000, 1.000000000000000000 ) ) ;
#2305 = EDGE_CURVE ( 'NONE', #2162, #846, #853, .T. ) ;
#2306 = ORIENTED_EDGE ( 'NONE', *, *, #620, .F. ) ;
#2307 = DIRECTION ( 'NONE',  ( 1.000000000000000000, -0.000000000000000000, -0.000000000000000000 ) ) ;
#2308 = ORIENTED_EDGE ( 'NONE', *, *, #1178, .F. ) ;
#2309 = CARTESIAN_POINT ( 'NONE',  ( -17.40500000000000114, 9.720000000000004192, -0.7500000000000001110 ) ) ;
#2310 = VECTOR ( 'NONE', #994, 39.37007874015748143 ) ;
#2311 = CARTESIAN_POINT ( 'NONE',  ( -17.40499999999999758, 9.720000000000004192, 0.000000000000000000 ) ) ;
#2312 = AXIS2_PLACEMENT_3D ( 'NONE', #1538, #1734, #1721 ) ;
#2313 = DIRECTION ( 'NONE',  ( -0.000000000000000000, 0.000000000000000000, 1.000000000000000000 ) ) ;
#2314 = CARTESIAN_POINT ( 'NONE',  ( 16.17500000000000782, 6.250000000000002665, -0.1050000000000001071 ) ) ;
#2315 = VERTEX_POINT ( 'NONE', #1461 ) ;
#2316 = AXIS2_PLACEMENT_3D ( 'NONE', #2069, #1611, #1552 ) ;
#2317 = VERTEX_POINT ( 'NONE', #1476 ) ;
#2318 = DIRECTION ( 'NONE',  ( 0.000000000000000000, 0.000000000000000000, 1.000000000000000000 ) ) ;
#2319 = VECTOR ( 'NONE', #2012, 39.37007874015748143 ) ;
#2320 = EDGE_CURVE ( 'NONE', #1777, #44, #341, .T. ) ;
#2321 = EDGE_LOOP ( 'NONE', ( #1620, #1563, #799, #1867 ) ) ;
#2322 = CARTESIAN_POINT ( 'NONE',  ( -7.694999999999997620, 3.810000000000002718, -0.1050000000000001071 ) ) ;
#2323 = VECTOR ( 'NONE', #1007, 39.37007874015748143 ) ;
#2324 = ORIENTED_EDGE ( 'NONE', *, *, #2224, .F. ) ;
#2325 = CARTESIAN_POINT ( 'NONE',  ( 9.555000000000005045, 6.969999999999989093, 0.000000000000000000 ) ) ;
#2326 = EDGE_CURVE ( 'NONE', #2215, #1252, #1285, .T. ) ;
#2327 = LINE ( 'NONE', #316, #1668 ) ;
#2328 = PLANE ( 'NONE',  #2257 ) ;
#2329 = CARTESIAN_POINT ( 'NONE',  ( -2.314999999999996838, 3.810000000000002718, -4.979999999999999538 ) ) ;
#2330 = ADVANCED_FACE ( 'NONE', ( #170 ), #1036, .F. ) ;
#2331 = VECTOR ( 'NONE', #1112, 39.37007874015748143 ) ;
#2332 = ORIENTED_EDGE ( 'NONE', *, *, #1732, .F. ) ;
#2333 = CARTESIAN_POINT ( 'NONE',  ( 0.000000000000000000, 9.970000000000002416, 3.414834135060357522E-14 ) ) ;
#2334 = ORIENTED_EDGE ( 'NONE', *, *, #1505, .T. ) ;
#2335 = DIRECTION ( 'NONE',  ( 1.000000000000000000, 0.000000000000000000, 0.000000000000000000 ) ) ;
#2336 = EDGE_LOOP ( 'NONE', ( #1803, #912, #2197, #2357 ) ) ;
#2337 = LINE ( 'NONE', #74, #930 ) ;
#2338 = CARTESIAN_POINT ( 'NONE',  ( 1.500000000000007550, 6.969999999999961560, -0.1050000000000001071 ) ) ;
#2339 = ADVANCED_FACE ( 'NONE', ( #615 ), #2836, .F. ) ;
#2340 = FACE_OUTER_BOUND ( 'NONE', #1411, .T. ) ;
#2341 = FACE_OUTER_BOUND ( 'NONE', #2879, .T. ) ;
#2342 = ORIENTED_EDGE ( 'NONE', *, *, #761, .F. ) ;
#2343 = DIRECTION ( 'NONE',  ( 1.000000000000000000, -0.000000000000000000, 5.532856696028883217E-15 ) ) ;
#2344 = VERTEX_POINT ( 'NONE', #1064 ) ;
#2345 = PLANE ( 'NONE',  #1984 ) ;
#2346 = ORIENTED_EDGE ( 'NONE', *, *, #69, .T. ) ;
#2347 = PLANE ( 'NONE',  #2235 ) ;
#2348 = DIRECTION ( 'NONE',  ( 0.000000000000000000, -1.000000000000000000, -0.000000000000000000 ) ) ;
#2349 = DIRECTION ( 'NONE',  ( -0.000000000000000000, -0.000000000000000000, 1.000000000000000000 ) ) ;
#2350 = DIRECTION ( 'NONE',  ( -0.000000000000000000, -0.000000000000000000, 1.000000000000000000 ) ) ;
#2351 = AXIS2_PLACEMENT_3D ( 'NONE', #2106, #1885, #328 ) ;
#2352 = EDGE_CURVE ( 'NONE', #843, #107, #1303, .T. ) ;
#2353 = VECTOR ( 'NONE', #132, 39.37007874015748143 ) ;
#2354 = DIRECTION ( 'NONE',  ( -0.000000000000000000, 0.000000000000000000, 1.000000000000000000 ) ) ;
#2355 = EDGE_CURVE ( 'NONE', #2030, #747, #382, .T. ) ;
#2356 = AXIS2_PLACEMENT_3D ( 'NONE', #2675, #1562, #1794 ) ;
#2357 = ORIENTED_EDGE ( 'NONE', *, *, #492, .T. ) ;
#2358 = DIRECTION ( 'NONE',  ( 1.000000000000000000, 0.000000000000000000, 0.000000000000000000 ) ) ;
#2359 = AXIS2_PLACEMENT_3D ( 'NONE', #2471, #50, #244 ) ;
#2360 = ORIENTED_EDGE ( 'NONE', *, *, #318, .T. ) ;
#2361 = ORIENTED_EDGE ( 'NONE', *, *, #2771, .F. ) ;
#2362 = DIRECTION ( 'NONE',  ( 0.000000000000000000, -0.000000000000000000, 1.000000000000000000 ) ) ;
#2363 = ADVANCED_FACE ( 'NONE', ( #369 ), #1706, .F. ) ;
#2364 = LINE ( 'NONE', #1033, #698 ) ;
#2365 = CIRCLE ( 'NONE', #1106, 0.09999999999999947820 ) ;
#2366 = ORIENTED_EDGE ( 'NONE', *, *, #1623, .F. ) ;
#2367 = DIRECTION ( 'NONE',  ( -0.000000000000000000, -0.000000000000000000, 1.000000000000000000 ) ) ;
#2368 = CARTESIAN_POINT ( 'NONE',  ( -17.40499999999999758, 9.720000000000004192, -4.979999999999999538 ) ) ;
#2369 = CARTESIAN_POINT ( 'NONE',  ( -7.694999999999997620, 4.130000000000002558, -0.1050000000000001071 ) ) ;
#2370 = VERTEX_POINT ( 'NONE', #1490 ) ;
#2371 = DIRECTION ( 'NONE',  ( -0.000000000000000000, -0.000000000000000000, 1.000000000000000000 ) ) ;
#2372 = EDGE_CURVE ( 'NONE', #2772, #2370, #1023, .T. ) ;
#2373 = AXIS2_PLACEMENT_3D ( 'NONE', #2104, #765, #793 ) ;
#2374 = ORIENTED_EDGE ( 'NONE', *, *, #2485, .F. ) ;
#2375 = ORIENTED_EDGE ( 'NONE', *, *, #198, .T. ) ;
#2376 = LINE ( 'NONE', #1266, #2286 ) ;
#2377 = CARTESIAN_POINT ( 'NONE',  ( -7.694999999999997620, 5.130000000000002558, 0.000000000000000000 ) ) ;
#2378 = VERTEX_POINT ( 'NONE', #1941 ) ;
#2379 = DIRECTION ( 'NONE',  ( 0.000000000000000000, 0.000000000000000000, -1.000000000000000000 ) ) ;
#2380 = DIRECTION ( 'NONE',  ( -0.000000000000000000, -0.000000000000000000, 1.000000000000000000 ) ) ;
#2381 = DIRECTION ( 'NONE',  ( -0.000000000000000000, 0.000000000000000000, 1.000000000000000000 ) ) ;
#2382 = VERTEX_POINT ( 'NONE', #2587 ) ;
#2383 = FACE_OUTER_BOUND ( 'NONE', #301, .T. ) ;
#2384 = ADVANCED_FACE ( 'NONE', ( #2614 ), #1503, .F. ) ;
#2385 = ORIENTED_EDGE ( 'NONE', *, *, #996, .F. ) ;
#2386 = ORIENTED_EDGE ( 'NONE', *, *, #868, .F. ) ;
#2387 = CARTESIAN_POINT ( 'NONE',  ( -2.161868781280644747, 3.970000000000002860, -0.1050000000000001071 ) ) ;
#2388 = EDGE_CURVE ( 'NONE', #2847, #2622, #1926, .T. ) ;
#2389 = DIRECTION ( 'NONE',  ( 1.000000000000000000, 0.000000000000000000, 0.000000000000000000 ) ) ;
#2390 = EDGE_LOOP ( 'NONE', ( #323, #605, #634, #354 ) ) ;
#2391 = DIRECTION ( 'NONE',  ( 1.000000000000000000, -0.000000000000000000, 3.491481338843133750E-15 ) ) ;
#2392 = LINE ( 'NONE', #2159, #1439 ) ;
#2393 = LINE ( 'NONE', #2591, #202 ) ;
#2394 = EDGE_CURVE ( 'NONE', #1577, #2378, #185, .T. ) ;
#2395 = DIRECTION ( 'NONE',  ( 0.000000000000000000, 0.000000000000000000, 1.000000000000000000 ) ) ;
#2396 = VERTEX_POINT ( 'NONE', #838 ) ;
#2397 = FACE_BOUND ( 'NONE', #2127, .T. ) ;
#2398 = CIRCLE ( 'NONE', #2501, 0.4400000000000018896 ) ;
#2399 = EDGE_LOOP ( 'NONE', ( #1970, #1586, #1261, #1811 ) ) ;
#2400 = ORIENTED_EDGE ( 'NONE', *, *, #1680, .T. ) ;
#2401 = DIRECTION ( 'NONE',  ( 0.000000000000000000, 0.000000000000000000, -1.000000000000000000 ) ) ;
#2402 = AXIS2_PLACEMENT_3D ( 'NONE', #2681, #1338, #1118 ) ;
#2403 = CARTESIAN_POINT ( 'NONE',  ( -17.15499999999999758, -9.969999999999998863, -0.2099999999999974942 ) ) ;
#2404 = ORIENTED_EDGE ( 'NONE', *, *, #14, .T. ) ;
#2405 = DIRECTION ( 'NONE',  ( -0.000000000000000000, 1.000000000000000000, 0.000000000000000000 ) ) ;
#2406 = AXIS2_PLACEMENT_3D ( 'NONE', #2714, #276, #699 ) ;
#2407 = ADVANCED_FACE ( 'NONE', ( #1731 ), #1764, .F. ) ;
#2408 = AXIS2_PLACEMENT_3D ( 'NONE', #2333, #321, #2123 ) ;
#2409 = AXIS2_PLACEMENT_3D ( 'NONE', #2216, #1078, #851 ) ;
#2410 = DIRECTION ( 'NONE',  ( 0.000000000000000000, -0.000000000000000000, 1.000000000000000000 ) ) ;
#2411 = DIRECTION ( 'NONE',  ( -0.000000000000000000, -1.000000000000000000, -0.000000000000000000 ) ) ;
#2412 = VECTOR ( 'NONE', #2869, 39.37007874015748143 ) ;
#2413 = CIRCLE ( 'NONE', #543, 0.2099999999999989930 ) ;
#2414 = LINE ( 'NONE', #2667, #27 ) ;
#2415 = ORIENTED_EDGE ( 'NONE', *, *, #794, .F. ) ;
#2416 = FACE_OUTER_BOUND ( 'NONE', #2032, .T. ) ;
#2417 = ORIENTED_EDGE ( 'NONE', *, *, #2091, .F. ) ;
#2418 = CIRCLE ( 'NONE', #1443, 0.1599999999999999201 ) ;
#2419 = ORIENTED_EDGE ( 'NONE', *, *, #2490, .T. ) ;
#2420 = DIRECTION ( 'NONE',  ( -0.000000000000000000, -0.000000000000000000, 1.000000000000000000 ) ) ;
#2421 = LINE ( 'NONE', #152, #2560 ) ;
#2422 = CARTESIAN_POINT ( 'NONE',  ( -17.15499999999999758, -9.865000000000000213, 3.378173581002503265E-14 ) ) ;
#2423 = VERTEX_POINT ( 'NONE', #461 ) ;
#2424 = CARTESIAN_POINT ( 'NONE',  ( 9.995000000000008100, 6.969999999999989093, -4.979999999999999538 ) ) ;
#2425 = LINE ( 'NONE', #825, #1853 ) ;
#2426 = ADVANCED_FACE ( 'NONE', ( #2484 ), #1351, .F. ) ;
#2427 = CARTESIAN_POINT ( 'NONE',  ( -7.694999999999997620, 5.130000000000002558, -4.979999999999999538 ) ) ;
#2428 = DIRECTION ( 'NONE',  ( 0.000000000000000000, 0.000000000000000000, 1.000000000000000000 ) ) ;
#2429 = ORIENTED_EDGE ( 'NONE', *, *, #963, .T. ) ;
#2430 = FACE_BOUND ( 'NONE', #2181, .T. ) ;
#2431 = ORIENTED_EDGE ( 'NONE', *, *, #2169, .F. ) ;
#2432 = ORIENTED_EDGE ( 'NONE', *, *, #2821, .F. ) ;
#2433 = CARTESIAN_POINT ( 'NONE',  ( 8.435000000000009379, 6.969999999999974882, -4.979999999999999538 ) ) ;
#2434 = LINE ( 'NONE', #212, #911 ) ;
#2435 = ORIENTED_EDGE ( 'NONE', *, *, #2290, .T. ) ;
#2436 = CARTESIAN_POINT ( 'NONE',  ( -2.314999999999996838, 3.810000000000002718, -4.979999999999999538 ) ) ;
#2437 = ORIENTED_EDGE ( 'NONE', *, *, #464, .T. ) ;
#2438 = DIRECTION ( 'NONE',  ( -0.000000000000000000, -0.000000000000000000, 1.000000000000000000 ) ) ;
#2439 = CARTESIAN_POINT ( 'NONE',  ( 16.17500000000000782, -6.249999999999998224, -4.979999999999999538 ) ) ;
#2440 = PLANE ( 'NONE',  #19 ) ;
#2441 = ADVANCED_FACE ( 'NONE', ( #1318 ), #652, .T. ) ;
#2442 = LINE ( 'NONE', #656, #1938 ) ;
#2443 = ORIENTED_EDGE ( 'NONE', *, *, #1623, .T. ) ;
#2444 = FACE_OUTER_BOUND ( 'NONE', #265, .T. ) ;
#2445 = AXIS2_PLACEMENT_3D ( 'NONE', #372, #2814, #1273 ) ;
#2446 = EDGE_CURVE ( 'NONE', #146, #2097, #1534, .T. ) ;
#2447 = CIRCLE ( 'NONE', #2312, 0.09499999999999994560 ) ;
#2448 = EDGE_LOOP ( 'NONE', ( #630, #1713, #2492, #2751 ) ) ;
#2449 = DIRECTION ( 'NONE',  ( -0.000000000000000000, -0.000000000000000000, 1.000000000000000000 ) ) ;
#2450 = CARTESIAN_POINT ( 'NONE',  ( 16.08000000000000895, 5.000000000000002665, 0.000000000000000000 ) ) ;
#2451 = CARTESIAN_POINT ( 'NONE',  ( 16.27000000000000668, -6.249999999999998224, -0.1050000000000001071 ) ) ;
#2452 = ORIENTED_EDGE ( 'NONE', *, *, #1923, .F. ) ;
#2453 = AXIS2_PLACEMENT_3D ( 'NONE', #2633, #1002, #2572 ) ;
#2454 = DIRECTION ( 'NONE',  ( -0.000000000000000000, -0.000000000000000000, 1.000000000000000000 ) ) ;
#2455 = ORIENTED_EDGE ( 'NONE', *, *, #1744, .F. ) ;
#2456 = DIRECTION ( 'NONE',  ( 1.000000000000000000, 0.000000000000000000, 0.000000000000000000 ) ) ;
#2457 = EDGE_CURVE ( 'NONE', #460, #2731, #922, .T. ) ;
#2458 = DIRECTION ( 'NONE',  ( 1.000000000000000000, 0.000000000000000000, 0.000000000000000000 ) ) ;
#2459 = CARTESIAN_POINT ( 'NONE',  ( 17.02500000000000568, 9.760000000000003340, -0.2099999999999983824 ) ) ;
#2460 = DIRECTION ( 'NONE',  ( -0.000000000000000000, -0.000000000000000000, 1.000000000000000000 ) ) ;
#2461 = ORIENTED_EDGE ( 'NONE', *, *, #966, .F. ) ;
#2462 = ADVANCED_FACE ( 'NONE', ( #1548 ), #2712, .F. ) ;
#2463 = ORIENTED_EDGE ( 'NONE', *, *, #4, .T. ) ;
#2464 = CARTESIAN_POINT ( 'NONE',  ( 17.40500000000000469, -9.970000000000000639, -0.7500000000000001110 ) ) ;
#2465 = CARTESIAN_POINT ( 'NONE',  ( -17.19500000000000028, 9.857928932188141147, -0.2099999999999983824 ) ) ;
#2466 = LINE ( 'NONE', #253, #1239 ) ;
#2467 = ORIENTED_EDGE ( 'NONE', *, *, #636, .T. ) ;
#2468 = ORIENTED_EDGE ( 'NONE', *, *, #2592, .T. ) ;
#2469 = CARTESIAN_POINT ( 'NONE',  ( 5.995000000000008988, 6.969999999999961560, -0.1050000000000001071 ) ) ;
#2470 = CIRCLE ( 'NONE', #2054, 0.1899999999999998912 ) ;
#2471 = CARTESIAN_POINT ( 'NONE',  ( -17.06500000000000128, -6.249999999999998224, -0.1050000000000001071 ) ) ;
#2472 = ADVANCED_FACE ( 'NONE', ( #1564 ), #1830, .F. ) ;
#2473 = DIRECTION ( 'NONE',  ( 1.000000000000000000, 0.000000000000000000, 5.532856696028883217E-15 ) ) ;
#2474 = LINE ( 'NONE', #35, #161 ) ;
#2475 = ORIENTED_EDGE ( 'NONE', *, *, #2615, .T. ) ;
#2476 = ORIENTED_EDGE ( 'NONE', *, *, #1462, .T. ) ;
#2477 = DIRECTION ( 'NONE',  ( 0.000000000000000000, 0.000000000000000000, -1.000000000000000000 ) ) ;
#2478 = LINE ( 'NONE', #2433, #42 ) ;
#2479 = EDGE_CURVE ( 'NONE', #1302, #1059, #1401, .T. ) ;
#2480 = DIRECTION ( 'NONE',  ( -0.000000000000000000, 1.000000000000000000, -0.000000000000000000 ) ) ;
#2481 = ORIENTED_EDGE ( 'NONE', *, *, #82, .F. ) ;
#2482 = LINE ( 'NONE', #1531, #958 ) ;
#2483 = VERTEX_POINT ( 'NONE', #872 ) ;
#2484 = FACE_OUTER_BOUND ( 'NONE', #1921, .T. ) ;
#2485 = EDGE_CURVE ( 'NONE', #2847, #460, #275, .T. ) ;
#2486 = CARTESIAN_POINT ( 'NONE',  ( -17.19499999999999673, 9.720000000000004192, -0.1049999999999993577 ) ) ;
#2487 = CARTESIAN_POINT ( 'NONE',  ( 1.995000000000007434, 6.969999999999961560, -0.1050000000000001071 ) ) ;
#2488 = FACE_OUTER_BOUND ( 'NONE', #29, .T. ) ;
#2489 = ORIENTED_EDGE ( 'NONE', *, *, #1753, .F. ) ;
#2490 = EDGE_CURVE ( 'NONE', #20, #331, #2218, .T. ) ;
#2491 = AXIS2_PLACEMENT_3D ( 'NONE', #729, #1902, #2780 ) ;
#2492 = ORIENTED_EDGE ( 'NONE', *, *, #797, .T. ) ;
#2493 = DIRECTION ( 'NONE',  ( 1.000000000000000000, 0.000000000000000000, 0.000000000000000000 ) ) ;
#2494 = DIRECTION ( 'NONE',  ( 0.000000000000000000, 0.000000000000000000, 1.000000000000000000 ) ) ;
#2495 = AXIS2_PLACEMENT_3D ( 'NONE', #1492, #1026, #576 ) ;
#2496 = DIRECTION ( 'NONE',  ( -2.081407995172784598E-14, 0.000000000000000000, 1.000000000000000000 ) ) ;
#2497 = ORIENTED_EDGE ( 'NONE', *, *, #2590, .F. ) ;
#2498 = CARTESIAN_POINT ( 'NONE',  ( 1.405000000000007576, 6.969999999999961560, -0.1050000000000001071 ) ) ;
#2499 = EDGE_LOOP ( 'NONE', ( #818, #2295 ) ) ;
#2500 = LINE ( 'NONE', #2296, #1908 ) ;
#2501 = AXIS2_PLACEMENT_3D ( 'NONE', #8, #2244, #43 ) ;
#2502 = CARTESIAN_POINT ( 'NONE',  ( 16.17500000000000782, 5.000000000000002665, -0.1050000000000001071 ) ) ;
#2503 = EDGE_CURVE ( 'NONE', #2165, #1252, #1987, .T. ) ;
#2504 = DIRECTION ( 'NONE',  ( 1.000000000000000000, 0.000000000000000000, 0.000000000000000000 ) ) ;
#2505 = VECTOR ( 'NONE', #449, 39.37007874015748143 ) ;
#2506 = CYLINDRICAL_SURFACE ( 'NONE', #1800, 0.4400000000000007794 ) ;
#2507 = ORIENTED_EDGE ( 'NONE', *, *, #1437, .F. ) ;
#2508 = VECTOR ( 'NONE', #89, 39.37007874015748143 ) ;
#2509 = VECTOR ( 'NONE', #1414, 39.37007874015748143 ) ;
#2510 = VECTOR ( 'NONE', #1061, 39.37007874015748143 ) ;
#2511 = ORIENTED_EDGE ( 'NONE', *, *, #620, .T. ) ;
#2512 = CARTESIAN_POINT ( 'NONE',  ( -17.06500000000000128, 6.250000000000002665, -4.979999999999999538 ) ) ;
#2513 = ORIENTED_EDGE ( 'NONE', *, *, #2147, .F. ) ;
#2514 = CARTESIAN_POINT ( 'NONE',  ( -17.19500000000000028, -9.720000000000000639, -0.1049999999999993577 ) ) ;
#2515 = AXIS2_PLACEMENT_3D ( 'NONE', #423, #2223, #222 ) ;
#2516 = ORIENTED_EDGE ( 'NONE', *, *, #770, .T. ) ;
#2517 = DIRECTION ( 'NONE',  ( -0.000000000000000000, 0.000000000000000000, 1.000000000000000000 ) ) ;
#2518 = CARTESIAN_POINT ( 'NONE',  ( -17.19500000000000028, -9.720000000000000639, -0.2099999999999983824 ) ) ;
#2519 = PLANE ( 'NONE',  #2684 ) ;
#2520 = AXIS2_PLACEMENT_3D ( 'NONE', #899, #2256, #914 ) ;
#2521 = ADVANCED_FACE ( 'NONE', ( #2262 ), #1094, .F. ) ;
#2522 = VECTOR ( 'NONE', #2051, 39.37007874015748143 ) ;
#2523 = LINE ( 'NONE', #1903, #2825 ) ;
#2524 = VECTOR ( 'NONE', #2884, 39.37007874015748143 ) ;
#2525 = ORIENTED_EDGE ( 'NONE', *, *, #1654, .T. ) ;
#2526 = EDGE_CURVE ( 'NONE', #2317, #704, #133, .T. ) ;
#2527 = ORIENTED_EDGE ( 'NONE', *, *, #2058, .F. ) ;
#2528 = DIRECTION ( 'NONE',  ( -0.000000000000000000, 1.000000000000000000, -0.000000000000000000 ) ) ;
#2529 = ORIENTED_EDGE ( 'NONE', *, *, #887, .F. ) ;
#2530 = DIRECTION ( 'NONE',  ( 0.000000000000000000, -0.000000000000000000, -1.000000000000000000 ) ) ;
#2531 = ORIENTED_EDGE ( 'NONE', *, *, #2005, .F. ) ;
#2532 = CARTESIAN_POINT ( 'NONE',  ( 16.27000000000000668, 5.000000000000002665, 0.000000000000000000 ) ) ;
#2533 = DIRECTION ( 'NONE',  ( 1.000000000000000000, 0.000000000000000000, 0.000000000000000000 ) ) ;
#2534 = DIRECTION ( 'NONE',  ( 0.000000000000000000, -0.000000000000000000, 1.000000000000000000 ) ) ;
#2535 = DIRECTION ( 'NONE',  ( 0.000000000000000000, 0.000000000000000000, -1.000000000000000000 ) ) ;
#2536 = ORIENTED_EDGE ( 'NONE', *, *, #1891, .T. ) ;
#2537 = ADVANCED_FACE ( 'NONE', ( #2903 ), #1780, .T. ) ;
#2538 = ORIENTED_EDGE ( 'NONE', *, *, #575, .F. ) ;
#2539 = LINE ( 'NONE', #735, #166 ) ;
#2540 = EDGE_CURVE ( 'NONE', #229, #2670, #2234, .T. ) ;
#2541 = ORIENTED_EDGE ( 'NONE', *, *, #927, .F. ) ;
#2542 = CARTESIAN_POINT ( 'NONE',  ( 17.40500000000000469, 9.760000000000003340, -0.1049999999999982614 ) ) ;
#2543 = VERTEX_POINT ( 'NONE', #1128 ) ;
#2544 = CARTESIAN_POINT ( 'NONE',  ( -2.001868781280644605, 3.970000000000002860, 0.000000000000000000 ) ) ;
#2545 = CARTESIAN_POINT ( 'NONE',  ( -7.694999999999997620, 3.810000000000002718, -4.979999999999999538 ) ) ;
#2546 = FACE_OUTER_BOUND ( 'NONE', #2085, .T. ) ;
#2547 = EDGE_CURVE ( 'NONE', #751, #580, #2019, .T. ) ;
#2548 = AXIS2_PLACEMENT_3D ( 'NONE', #598, #2812, #1269 ) ;
#2549 = DIRECTION ( 'NONE',  ( -0.000000000000000000, 1.000000000000000000, 0.000000000000000000 ) ) ;
#2550 = ORIENTED_EDGE ( 'NONE', *, *, #981, .T. ) ;
#2551 = VECTOR ( 'NONE', #2699, 39.37007874015748143 ) ;
#2552 = VERTEX_POINT ( 'NONE', #740 ) ;
#2553 = CIRCLE ( 'NONE', #2786, 0.09999999999999947820 ) ;
#2554 = CARTESIAN_POINT ( 'NONE',  ( 17.40500000000000824, 7.020000000000002238, -0.4999999999999982792 ) ) ;
#2555 = AXIS2_PLACEMENT_3D ( 'NONE', #999, #2787, #1673 ) ;
#2556 = CIRCLE ( 'NONE', #34, 0.09499999999999994560 ) ;
#2557 = EDGE_CURVE ( 'NONE', #2382, #672, #2090, .T. ) ;
#2558 = VERTEX_POINT ( 'NONE', #2532 ) ;
#2559 = DIRECTION ( 'NONE',  ( -0.000000000000000000, 1.000000000000000000, 0.000000000000000000 ) ) ;
#2560 = VECTOR ( 'NONE', #353, 39.37007874015748143 ) ;
#2561 = ORIENTED_EDGE ( 'NONE', *, *, #2810, .T. ) ;
#2562 = CARTESIAN_POINT ( 'NONE',  ( -17.16499999999999915, -6.249999999999998224, 0.000000000000000000 ) ) ;
#2563 = AXIS2_PLACEMENT_3D ( 'NONE', #639, #2146, #1066 ) ;
#2564 = DIRECTION ( 'NONE',  ( -0.000000000000000000, 1.000000000000000000, 0.000000000000000000 ) ) ;
#2565 = DIRECTION ( 'NONE',  ( 0.000000000000000000, 1.000000000000000000, -0.000000000000000000 ) ) ;
#2566 = VECTOR ( 'NONE', #2283, 39.37007874015748143 ) ;
#2567 = DIRECTION ( 'NONE',  ( 1.000000000000000000, 0.000000000000000000, 0.000000000000000000 ) ) ;
#2568 = VECTOR ( 'NONE', #1635, 39.37007874015748143 ) ;
#2569 = ORIENTED_EDGE ( 'NONE', *, *, #1437, .T. ) ;
#2570 = CARTESIAN_POINT ( 'NONE',  ( -17.06500000000000128, 6.250000000000002665, -0.1050000000000001071 ) ) ;
#2571 = EDGE_LOOP ( 'NONE', ( #2723, #1511, #2342, #1935 ) ) ;
#2572 = DIRECTION ( 'NONE',  ( 1.000000000000000000, 0.000000000000000000, 0.000000000000000000 ) ) ;
#2573 = ORIENTED_EDGE ( 'NONE', *, *, #669, .T. ) ;
#2574 = DIRECTION ( 'NONE',  ( 1.000000000000000000, 0.000000000000000000, 0.000000000000000000 ) ) ;
#2575 = EDGE_CURVE ( 'NONE', #109, #1587, #1675, .T. ) ;
#2576 = CARTESIAN_POINT ( 'NONE',  ( -17.40499999999999758, -9.719999999999998863, -4.979999999999999538 ) ) ;
#2577 = LINE ( 'NONE', #103, #1328 ) ;
#2578 = EDGE_CURVE ( 'NONE', #2103, #1057, #409, .T. ) ;
#2579 = DIRECTION ( 'NONE',  ( -0.000000000000000000, -0.000000000000000000, 1.000000000000000000 ) ) ;
#2580 = EDGE_LOOP ( 'NONE', ( #1643, #694, #1542, #745 ) ) ;
#2581 = CARTESIAN_POINT ( 'NONE',  ( -7.694999999999997620, 3.810000000000002718, -4.979999999999999538 ) ) ;
#2582 = ADVANCED_FACE ( 'NONE', ( #547 ), #1214, .F. ) ;
#2583 = ORIENTED_EDGE ( 'NONE', *, *, #1923, .T. ) ;
#2584 = VERTEX_POINT ( 'NONE', #1184 ) ;
#2585 = DIRECTION ( 'NONE',  ( 0.000000000000000000, -1.000000000000000000, 3.414809992080343321E-15 ) ) ;
#2586 = CARTESIAN_POINT ( 'NONE',  ( -17.06500000000000128, -6.249999999999998224, 0.000000000000000000 ) ) ;
#2587 = CARTESIAN_POINT ( 'NONE',  ( 7.555000000000005933, 6.969999999999974882, -0.1050000000000001071 ) ) ;
#2588 = AXIS2_PLACEMENT_3D ( 'NONE', #1175, #2313, #91 ) ;
#2589 = AXIS2_PLACEMENT_3D ( 'NONE', #2827, #2411, #1039 ) ;
#2590 = EDGE_CURVE ( 'NONE', #2011, #646, #2337, .T. ) ;
#2591 = CARTESIAN_POINT ( 'NONE',  ( 17.02500000000000568, 9.970000000000002416, -0.2099999999999974942 ) ) ;
#2592 = EDGE_CURVE ( 'NONE', #1224, #2103, #2777, .T. ) ;
#2593 = VECTOR ( 'NONE', #2307, 39.37007874015748143 ) ;
#2594 = ORIENTED_EDGE ( 'NONE', *, *, #1945, .F. ) ;
#2595 = DIRECTION ( 'NONE',  ( 1.000000000000000000, 0.000000000000000000, 0.000000000000000000 ) ) ;
#2596 = ORIENTED_EDGE ( 'NONE', *, *, #2265, .F. ) ;
#2597 = VECTOR ( 'NONE', #816, 39.37007874015748143 ) ;
#2598 = ORIENTED_EDGE ( 'NONE', *, *, #1263, .T. ) ;
#2599 = FACE_OUTER_BOUND ( 'NONE', #215, .T. ) ;
#2600 = CARTESIAN_POINT ( 'NONE',  ( -2.314999999999996838, 5.130000000000002558, -0.1050000000000001071 ) ) ;
#2601 = EDGE_LOOP ( 'NONE', ( #659, #1456 ) ) ;
#2602 = DIRECTION ( 'NONE',  ( 1.000000000000000000, -0.000000000000000000, -0.000000000000000000 ) ) ;
#2603 = DIRECTION ( 'NONE',  ( 0.000000000000000000, -1.040703997586392299E-14, -1.000000000000000000 ) ) ;
#2604 = DIRECTION ( 'NONE',  ( -1.000000000000000000, 0.000000000000000000, -3.491481338843132961E-15 ) ) ;
#2605 = EDGE_CURVE ( 'NONE', #1279, #235, #1393, .T. ) ;
#2606 = VERTEX_POINT ( 'NONE', #2562 ) ;
#2607 = CARTESIAN_POINT ( 'NONE',  ( 6.435000000000010267, 6.969999999999961560, -4.979999999999999538 ) ) ;
#2608 = EDGE_CURVE ( 'NONE', #18, #2015, #641, .T. ) ;
#2609 = EDGE_LOOP ( 'NONE', ( #2527, #1711, #1932, #1073 ) ) ;
#2610 = EDGE_LOOP ( 'NONE', ( #1253, #214, #2759, #1398 ) ) ;
#2611 = CARTESIAN_POINT ( 'NONE',  ( 17.40500000000000824, 7.020000000000003126, -0.4999999999999982792 ) ) ;
#2612 = DIRECTION ( 'NONE',  ( 1.000000000000000000, 0.000000000000000000, 0.000000000000000000 ) ) ;
#2613 = VERTEX_POINT ( 'NONE', #2544 ) ;
#2614 = FACE_OUTER_BOUND ( 'NONE', #2627, .T. ) ;
#2615 = EDGE_CURVE ( 'NONE', #2558, #2860, #972, .T. ) ;
#2616 = DIRECTION ( 'NONE',  ( 0.000000000000000000, 3.388338596792882053E-15, 1.000000000000000000 ) ) ;
#2617 = DIRECTION ( 'NONE',  ( 1.000000000000000000, 0.000000000000000000, 0.000000000000000000 ) ) ;
#2618 = CARTESIAN_POINT ( 'NONE',  ( -0.000000000000000000, 9.720000000000004192, -0.1049999999999999961 ) ) ;
#2619 = ORIENTED_EDGE ( 'NONE', *, *, #1670, .F. ) ;
#2620 = DIRECTION ( 'NONE',  ( 1.000000000000000000, 0.000000000000000000, 0.000000000000000000 ) ) ;
#2621 = ADVANCED_FACE ( 'NONE', ( #112 ), #60, .F. ) ;
#2622 = VERTEX_POINT ( 'NONE', #2325 ) ;
#2623 = DIRECTION ( 'NONE',  ( -0.000000000000000000, -0.000000000000000000, 1.000000000000000000 ) ) ;
#2624 = DIRECTION ( 'NONE',  ( 0.000000000000000000, -1.000000000000000000, 0.000000000000000000 ) ) ;
#2625 = DIRECTION ( 'NONE',  ( -1.000000000000000000, -0.000000000000000000, -0.000000000000000000 ) ) ;
#2626 = CARTESIAN_POINT ( 'NONE',  ( -17.19500000000000028, 9.720000000000004192, 0.000000000000000000 ) ) ;
#2627 = EDGE_LOOP ( 'NONE', ( #2385, #2375, #2467, #1235 ) ) ;
#2628 = DIRECTION ( 'NONE',  ( 0.000000000000000000, 1.000000000000000000, -5.203519987931978849E-15 ) ) ;
#2629 = CARTESIAN_POINT ( 'NONE',  ( -17.15499999999999758, -9.969999999999998863, -4.979999999999999538 ) ) ;
#2630 = EDGE_CURVE ( 'NONE', #11, #2030, #1173, .T. ) ;
#2631 = CARTESIAN_POINT ( 'NONE',  ( -17.40499999999999758, 9.720000000000004192, -0.2099999999999974942 ) ) ;
#2632 = AXIS2_PLACEMENT_3D ( 'NONE', #2007, #1799, #685 ) ;
#2633 = CARTESIAN_POINT ( 'NONE',  ( -17.06500000000000128, -6.249999999999998224, 0.000000000000000000 ) ) ;
#2634 = ORIENTED_EDGE ( 'NONE', *, *, #514, .T. ) ;
#2635 = FACE_BOUND ( 'NONE', #1879, .T. ) ;
#2636 = AXIS2_PLACEMENT_3D ( 'NONE', #2722, #2349, #836 ) ;
#2637 = ORIENTED_EDGE ( 'NONE', *, *, #503, .F. ) ;
#2638 = DIRECTION ( 'NONE',  ( 1.000000000000000000, 0.000000000000000000, 0.000000000000000000 ) ) ;
#2639 =( CONVERSION_BASED_UNIT ( 'INCH', #1966 ) LENGTH_UNIT ( ) NAMED_UNIT ( #239 ) );
#2640 = AXIS2_PLACEMENT_3D ( 'NONE', #2020, #905, #13 ) ;
#2641 = ADVANCED_FACE ( 'NONE', ( #962 ), #520, .F. ) ;
#2642 = CARTESIAN_POINT ( 'NONE',  ( 17.02500000000000568, 9.865000000000003766, 3.378173581002504527E-14 ) ) ;
#2643 = FACE_OUTER_BOUND ( 'NONE', #2278, .T. ) ;
#2644 = ORIENTED_EDGE ( 'NONE', *, *, #1306, .F. ) ;
#2645 = LINE ( 'NONE', #1748, #1650 ) ;
#2646 = VECTOR ( 'NONE', #978, 39.37007874015748143 ) ;
#2647 = VECTOR ( 'NONE', #2371, 39.37007874015748143 ) ;
#2648 = CIRCLE ( 'NONE', #629, 0.1050000000000001071 ) ;
#2649 = FACE_OUTER_BOUND ( 'NONE', #1840, .T. ) ;
#2650 = CARTESIAN_POINT ( 'NONE',  ( 17.02500000000000568, 9.720000000000004192, 0.000000000000000000 ) ) ;
#2651 = VECTOR ( 'NONE', #2045, 39.37007874015748143 ) ;
#2652 = DIRECTION ( 'NONE',  ( 1.000000000000000000, 0.000000000000000000, 3.491481338843132961E-15 ) ) ;
#2653 = ORIENTED_EDGE ( 'NONE', *, *, #2107, .F. ) ;
#2654 = DIRECTION ( 'NONE',  ( -0.000000000000000000, 0.000000000000000000, 1.000000000000000000 ) ) ;
#2655 = ORIENTED_EDGE ( 'NONE', *, *, #1945, .T. ) ;
#2656 = VECTOR ( 'NONE', #2688, 39.37007874015748143 ) ;
#2657 = FACE_OUTER_BOUND ( 'NONE', #1195, .T. ) ;
#2658 = AXIS2_PLACEMENT_3D ( 'NONE', #30, #2887, #1378 ) ;
#2659 = CARTESIAN_POINT ( 'NONE',  ( 6.435000000000010267, 6.969999999999961560, -0.1050000000000001071 ) ) ;
#2660 = DIRECTION ( 'NONE',  ( -0.000000000000000000, -0.000000000000000000, 1.000000000000000000 ) ) ;
#2661 = EDGE_CURVE ( 'NONE', #2162, #425, #1605, .T. ) ;
#2662 = ORIENTED_EDGE ( 'NONE', *, *, #2729, .T. ) ;
#2663 = DIRECTION ( 'NONE',  ( -0.000000000000000000, -0.000000000000000000, 1.000000000000000000 ) ) ;
#2664 = DIRECTION ( 'NONE',  ( 1.000000000000000000, -0.000000000000000000, 0.000000000000000000 ) ) ;
#2665 = ADVANCED_FACE ( 'NONE', ( #302 ), #1198, .F. ) ;
#2666 = DIRECTION ( 'NONE',  ( -1.000000000000000000, 0.000000000000000000, -0.000000000000000000 ) ) ;
#2667 = CARTESIAN_POINT ( 'NONE',  ( -16.96499999999999986, -6.249999999999998224, -4.979999999999999538 ) ) ;
#2668 = EDGE_LOOP ( 'NONE', ( #273, #204 ) ) ;
#2669 = FACE_BOUND ( 'NONE', #2499, .T. ) ;
#2670 = VERTEX_POINT ( 'NONE', #508 ) ;
#2671 = EDGE_CURVE ( 'NONE', #710, #2315, #2500, .T. ) ;
#2672 = CARTESIAN_POINT ( 'NONE',  ( 1.405000000000007576, 6.969999999999961560, -0.1050000000000001071 ) ) ;
#2673 = DIRECTION ( 'NONE',  ( -0.000000000000000000, 1.000000000000000000, -0.000000000000000000 ) ) ;
#2674 = ORIENTED_EDGE ( 'NONE', *, *, #1839, .F. ) ;
#2675 = CARTESIAN_POINT ( 'NONE',  ( -17.30000000000000071, 0.000000000000000000, 5.897403327718011231E-14 ) ) ;
#2676 = ORIENTED_EDGE ( 'NONE', *, *, #403, .T. ) ;
#2677 = DIRECTION ( 'NONE',  ( -1.000000000000000000, 0.000000000000000000, -3.491481338843132961E-15 ) ) ;
#2678 = LINE ( 'NONE', #462, #1893 ) ;
#2679 = LINE ( 'NONE', #1610, #1791 ) ;
#2680 = ADVANCED_FACE ( 'NONE', ( #1870 ), #313, .F. ) ;
#2681 = CARTESIAN_POINT ( 'NONE',  ( 16.17500000000000782, 6.250000000000002665, -4.979999999999999538 ) ) ;
#2682 = EDGE_LOOP ( 'NONE', ( #287, #2550, #1556, #389 ) ) ;
#2683 = DIRECTION ( 'NONE',  ( 0.000000000000000000, 0.000000000000000000, 1.000000000000000000 ) ) ;
#2684 = AXIS2_PLACEMENT_3D ( 'NONE', #317, #1624, #1202 ) ;
#2685 = VECTOR ( 'NONE', #173, 39.37007874015748143 ) ;
#2686 = EDGE_LOOP ( 'NONE', ( #1325, #1540, #901, #513 ) ) ;
#2687 = PLANE ( 'NONE',  #733 ) ;
#2688 = DIRECTION ( 'NONE',  ( 0.000000000000000000, -1.000000000000000000, 0.000000000000000000 ) ) ;
#2689 = ADVANCED_FACE ( 'NONE', ( #1715 ), #2347, .F. ) ;
#2690 = DIRECTION ( 'NONE',  ( -0.000000000000000000, -0.000000000000000000, 1.000000000000000000 ) ) ;
#2691 = ORIENTED_EDGE ( 'NONE', *, *, #1589, .T. ) ;
#2692 = VECTOR ( 'NONE', #1383, 39.37007874015748143 ) ;
#2693 = DIRECTION ( 'NONE',  ( -2.731847993664262725E-16, 1.000000000000000000, -0.000000000000000000 ) ) ;
#2694 = ORIENTED_EDGE ( 'NONE', *, *, #1422, .F. ) ;
#2695 = CARTESIAN_POINT ( 'NONE',  ( 17.40500000000000824, 9.720000000000004192, -0.4999999999999982792 ) ) ;
#2696 = CARTESIAN_POINT ( 'NONE',  ( 17.40500000000000469, -9.969999999999998863, -0.2099999999999976885 ) ) ;
#2697 = CARTESIAN_POINT ( 'NONE',  ( 16.08000000000000895, 6.250000000000002665, -4.979999999999999538 ) ) ;
#2698 = CIRCLE ( 'NONE', #1522, 0.09499999999999994560 ) ;
#2699 = DIRECTION ( 'NONE',  ( -1.000000000000000000, -0.000000000000000000, -0.000000000000000000 ) ) ;
#2700 = ORIENTED_EDGE ( 'NONE', *, *, #54, .T. ) ;
#2701 = EDGE_CURVE ( 'NONE', #346, #480, #1280, .T. ) ;
#2702 = VECTOR ( 'NONE', #2623, 39.37007874015748143 ) ;
#2703 = EDGE_LOOP ( 'NONE', ( #1773, #1875 ) ) ;
#2704 = CARTESIAN_POINT ( 'NONE',  ( -17.29292893218812921, -9.759999999999999787, -0.2099999999999983824 ) ) ;
#2705 = EDGE_CURVE ( 'NONE', #1109, #703, #1499, .T. ) ;
#2706 = FACE_OUTER_BOUND ( 'NONE', #2281, .T. ) ;
#2707 = VECTOR ( 'NONE', #1922, 39.37007874015748143 ) ;
#2708 = DIRECTION ( 'NONE',  ( -0.000000000000000000, -0.000000000000000000, 1.000000000000000000 ) ) ;
#2709 = ORIENTED_EDGE ( 'NONE', *, *, #1822, .T. ) ;
#2710 = CARTESIAN_POINT ( 'NONE',  ( 17.40500000000000824, -9.759999999999999787, -0.4999999999999982792 ) ) ;
#2711 = ORIENTED_EDGE ( 'NONE', *, *, #2094, .T. ) ;
#2712 = PLANE ( 'NONE',  #1767 ) ;
#2713 = VECTOR ( 'NONE', #2003, 39.37007874015748143 ) ;
#2714 = CARTESIAN_POINT ( 'NONE',  ( 9.995000000000008100, 6.969999999999989093, 0.000000000000000000 ) ) ;
#2715 = DIRECTION ( 'NONE',  ( 0.000000000000000000, 0.000000000000000000, 1.000000000000000000 ) ) ;
#2716 = EDGE_CURVE ( 'NONE', #2552, #365, #1045, .T. ) ;
#2717 = CARTESIAN_POINT ( 'NONE',  ( -2.314999999999995506, -6.324228105332756088E-16, -0.1049999999999999961 ) ) ;
#2718 = ORIENTED_EDGE ( 'NONE', *, *, #360, .T. ) ;
#2719 = ORIENTED_EDGE ( 'NONE', *, *, #2352, .F. ) ;
#2720 = CARTESIAN_POINT ( 'NONE',  ( 16.17500000000000782, -4.999999999999998224, -4.979999999999999538 ) ) ;
#2721 = EDGE_CURVE ( 'NONE', #2423, #208, #2418, .T. ) ;
#2722 = CARTESIAN_POINT ( 'NONE',  ( 1.995000000000007434, 6.969999999999961560, -4.979999999999999538 ) ) ;
#2723 = ORIENTED_EDGE ( 'NONE', *, *, #213, .F. ) ;
#2724 = CARTESIAN_POINT ( 'NONE',  ( 16.27000000000000668, -4.999999999999998224, 0.000000000000000000 ) ) ;
#2725 = ORIENTED_EDGE ( 'NONE', *, *, #2701, .T. ) ;
#2726 = DIRECTION ( 'NONE',  ( -1.000000000000000000, 0.000000000000000000, -0.000000000000000000 ) ) ;
#2727 = CARTESIAN_POINT ( 'NONE',  ( 7.555000000000005933, 6.969999999999974882, 0.000000000000000000 ) ) ;
#2728 = CARTESIAN_POINT ( 'NONE',  ( -17.15499999999999758, 9.720000000000004192, 0.000000000000000000 ) ) ;
#2729 = EDGE_CURVE ( 'NONE', #2097, #2253, #1937, .T. ) ;
#2730 = DIRECTION ( 'NONE',  ( 0.000000000000000000, 0.000000000000000000, 1.000000000000000000 ) ) ;
#2731 = VERTEX_POINT ( 'NONE', #1702 ) ;
#2732 = VECTOR ( 'NONE', #142, 39.37007874015748143 ) ;
#2733 = ORIENTED_EDGE ( 'NONE', *, *, #1396, .T. ) ;
#2734 = FACE_OUTER_BOUND ( 'NONE', #2609, .T. ) ;
#2735 = VECTOR ( 'NONE', #1463, 39.37007874015748143 ) ;
#2736 = ORIENTED_EDGE ( 'NONE', *, *, #2716, .F. ) ;
#2737 = CARTESIAN_POINT ( 'NONE',  ( 17.40500000000000469, -9.865000000000000213, -0.2099999999999980216 ) ) ;
#2738 = ORIENTED_EDGE ( 'NONE', *, *, #2762, .T. ) ;
#2739 = CARTESIAN_POINT ( 'NONE',  ( 16.17500000000000782, -4.999999999999998224, -0.1050000000000001071 ) ) ;
#2740 = EDGE_CURVE ( 'NONE', #759, #2378, #2833, .T. ) ;
#2741 = VECTOR ( 'NONE', #763, 39.37007874015748143 ) ;
#2742 = DIRECTION ( 'NONE',  ( 1.000000000000000000, 0.000000000000000000, 5.532856696028882428E-15 ) ) ;
#2743 = PLANE ( 'NONE',  #333 ) ;
#2744 = CIRCLE ( 'NONE', #1473, 0.1599999999999999201 ) ;
#2745 = CARTESIAN_POINT ( 'NONE',  ( -16.96499999999999986, 6.250000000000002665, -0.1050000000000001071 ) ) ;
#2746 = EDGE_LOOP ( 'NONE', ( #968, #2711, #373, #1940 ) ) ;
#2747 = VERTEX_POINT ( 'NONE', #2166 ) ;
#2748 = DIRECTION ( 'NONE',  ( -0.000000000000000000, 1.000000000000000000, -0.000000000000000000 ) ) ;
#2749 = ORIENTED_EDGE ( 'NONE', *, *, #360, .F. ) ;
#2750 = PLANE ( 'NONE',  #857 ) ;
#2751 = ORIENTED_EDGE ( 'NONE', *, *, #2061, .F. ) ;
#2752 = DIRECTION ( 'NONE',  ( 0.000000000000000000, 0.000000000000000000, -1.000000000000000000 ) ) ;
#2753 = CARTESIAN_POINT ( 'NONE',  ( 1.500000000000007550, 6.969999999999961560, 0.000000000000000000 ) ) ;
#2754 = EDGE_CURVE ( 'NONE', #1466, #1181, #1951, .T. ) ;
#2755 = CARTESIAN_POINT ( 'NONE',  ( -2.314999999999996838, 4.130000000000002558, -4.979999999999999538 ) ) ;
#2756 = STYLED_ITEM ( 'NONE', ( #1558 ), #2878 ) ;
#2757 = ADVANCED_FACE ( 'NONE', ( #1254 ), #1238, .F. ) ;
#2758 = LINE ( 'NONE', #1188, #1333 ) ;
#2759 = ORIENTED_EDGE ( 'NONE', *, *, #104, .F. ) ;
#2760 = ORIENTED_EDGE ( 'NONE', *, *, #1480, .T. ) ;
#2761 = CARTESIAN_POINT ( 'NONE',  ( -7.694999999999997620, 0.000000000000000000, -0.1049999999999999961 ) ) ;
#2762 = EDGE_CURVE ( 'NONE', #919, #594, #582, .T. ) ;
#2763 = ORIENTED_EDGE ( 'NONE', *, *, #1640, .F. ) ;
#2764 = FACE_OUTER_BOUND ( 'NONE', #1084, .T. ) ;
#2765 = ORIENTED_EDGE ( 'NONE', *, *, #2139, .T. ) ;
#2766 = DIRECTION ( 'NONE',  ( 1.000000000000000000, 0.000000000000000000, 0.000000000000000000 ) ) ;
#2767 = CARTESIAN_POINT ( 'NONE',  ( 2.680000000000007265, 6.969999999999961560, -4.979999999999999538 ) ) ;
#2768 = CARTESIAN_POINT ( 'NONE',  ( -2.314999999999996838, 4.130000000000002558, -4.979999999999999538 ) ) ;
#2769 = CYLINDRICAL_SURFACE ( 'NONE', #1979, 0.1049999999999990108 ) ;
#2770 = VERTEX_POINT ( 'NONE', #1031 ) ;
#2771 = EDGE_CURVE ( 'NONE', #747, #2030, #2470, .T. ) ;
#2772 = VERTEX_POINT ( 'NONE', #2848 ) ;
#2773 = CARTESIAN_POINT ( 'NONE',  ( -17.15499999999999758, -9.759999999999999787, 0.000000000000000000 ) ) ;
#2774 = ORIENTED_EDGE ( 'NONE', *, *, #1347, .F. ) ;
#2775 = LINE ( 'NONE', #2737, #1426 ) ;
#2776 = VERTEX_POINT ( 'NONE', #2819 ) ;
#2777 = LINE ( 'NONE', #711, #2568 ) ;
#2778 = VECTOR ( 'NONE', #701, 39.37007874015748143 ) ;
#2779 = CARTESIAN_POINT ( 'NONE',  ( 17.30000000000000782, 0.000000000000000000, 9.629937079438272047E-14 ) ) ;
#2780 = DIRECTION ( 'NONE',  ( 0.000000000000000000, 0.000000000000000000, -1.000000000000000000 ) ) ;
#2781 = AXIS2_PLACEMENT_3D ( 'NONE', #709, #1603, #1391 ) ;
#2782 = CARTESIAN_POINT ( 'NONE',  ( -7.854999999999997762, 3.810000000000002718, -4.979999999999999538 ) ) ;
#2783 = VECTOR ( 'NONE', #2535, 39.37007874015748143 ) ;
#2784 = ADVANCED_FACE ( 'NONE', ( #2599 ), #783, .F. ) ;
#2785 = VERTEX_POINT ( 'NONE', #560 ) ;
#2786 = AXIS2_PLACEMENT_3D ( 'NONE', #1130, #61, #1817 ) ;
#2787 = DIRECTION ( 'NONE',  ( 0.000000000000000000, -1.000000000000000000, -0.000000000000000000 ) ) ;
#2788 = CIRCLE ( 'NONE', #2555, 0.2099999999999989930 ) ;
#2789 = VECTOR ( 'NONE', #2693, 39.37007874015748143 ) ;
#2790 = ADVANCED_FACE ( 'NONE', ( #2128 ), #366, .T. ) ;
#2791 = ORIENTED_EDGE ( 'NONE', *, *, #1555, .T. ) ;
#2792 = DIRECTION ( 'NONE',  ( -0.000000000000000000, 4.755415368997842463E-15, -1.000000000000000000 ) ) ;
#2793 = EDGE_LOOP ( 'NONE', ( #1375, #1992, #2476, #2157 ) ) ;
#2794 = DIRECTION ( 'NONE',  ( 1.000000000000000000, 0.000000000000000000, 0.000000000000000000 ) ) ;
#2795 = AXIS2_PLACEMENT_3D ( 'NONE', #1957, #589, #2410 ) ;
#2796 = VECTOR ( 'NONE', #2203, 39.37007874015748143 ) ;
#2797 = CARTESIAN_POINT ( 'NONE',  ( -17.30000000000000071, -9.719999999999998863, -0.2099999999999980216 ) ) ;
#2798 = LINE ( 'NONE', #1985, #2043 ) ;
#2799 = CARTESIAN_POINT ( 'NONE',  ( 2.490000000000007763, 6.969999999999961560, -4.979999999999999538 ) ) ;
#2800 = EDGE_CURVE ( 'NONE', #764, #1577, #570, .T. ) ;
#2801 = AXIS2_PLACEMENT_3D ( 'NONE', #1208, #2494, #284 ) ;
#2802 = CARTESIAN_POINT ( 'NONE',  ( 17.19500000000001094, -9.719999999999998863, 0.000000000000000000 ) ) ;
#2803 = AXIS2_PLACEMENT_3D ( 'NONE', #2424, #474, #1332 ) ;
#2804 = ORIENTED_EDGE ( 'NONE', *, *, #1396, .F. ) ;
#2805 = DIRECTION ( 'NONE',  ( -1.000000000000000000, 0.000000000000000000, 3.414809992080361465E-15 ) ) ;
#2806 = ORIENTED_EDGE ( 'NONE', *, *, #1822, .F. ) ;
#2807 = FACE_OUTER_BOUND ( 'NONE', #1330, .T. ) ;
#2808 = ORIENTED_EDGE ( 'NONE', *, *, #1631, .F. ) ;
#2809 = DIRECTION ( 'NONE',  ( 1.000000000000000000, 0.000000000000000000, 0.000000000000000000 ) ) ;
#2810 = EDGE_CURVE ( 'NONE', #81, #2770, #610, .T. ) ;
#2811 = CARTESIAN_POINT ( 'NONE',  ( -0.000000000000000000, 2.810000000000002718, -0.1049999999999999961 ) ) ;
#2812 = DIRECTION ( 'NONE',  ( 0.000000000000000000, 1.000000000000000000, -3.388338596792882053E-15 ) ) ;
#2813 = CARTESIAN_POINT ( 'NONE',  ( 9.995000000000008100, 6.969999999999989093, -4.979999999999999538 ) ) ;
#2814 = DIRECTION ( 'NONE',  ( 0.000000000000000000, 0.000000000000000000, 1.000000000000000000 ) ) ;
#2815 = ORIENTED_EDGE ( 'NONE', *, *, #2372, .F. ) ;
#2816 = FACE_BOUND ( 'NONE', #2261, .T. ) ;
#2817 = EDGE_LOOP ( 'NONE', ( #1043, #942, #1485, #1701 ) ) ;
#2818 = CARTESIAN_POINT ( 'NONE',  ( -17.06500000000000128, -6.249999999999998224, -4.979999999999999538 ) ) ;
#2819 = CARTESIAN_POINT ( 'NONE',  ( 16.08000000000000895, 6.250000000000002665, -0.1050000000000001071 ) ) ;
#2820 = LINE ( 'NONE', #807, #413 ) ;
#2821 = EDGE_CURVE ( 'NONE', #1331, #2301, #2376, .T. ) ;
#2822 = ORIENTED_EDGE ( 'NONE', *, *, #2605, .F. ) ;
#2823 = CARTESIAN_POINT ( 'NONE',  ( 17.40500000000000824, -4.219999999999997975, -0.4999999999999982792 ) ) ;
#2824 = AXIS2_PLACEMENT_3D ( 'NONE', #2022, #2053, #51 ) ;
#2825 = VECTOR ( 'NONE', #343, 39.37007874015748143 ) ;
#2826 = CARTESIAN_POINT ( 'NONE',  ( 11.99500000000000810, 6.970000000000003304, -0.1050000000000001071 ) ) ;
#2827 = CARTESIAN_POINT ( 'NONE',  ( 17.19500000000001094, -9.759999999999999787, -0.2099999999999986044 ) ) ;
#2828 = VERTEX_POINT ( 'NONE', #1513 ) ;
#2829 = CARTESIAN_POINT ( 'NONE',  ( 0.000000000000000000, 0.000000000000000000, -0.1049999999999999961 ) ) ;
#2830 = VERTEX_POINT ( 'NONE', #2213 ) ;
#2831 = CIRCLE ( 'NONE', #1054, 0.09499999999999994560 ) ;
#2832 = ORIENTED_EDGE ( 'NONE', *, *, #1505, .F. ) ;
#2833 = LINE ( 'NONE', #1689, #2004 ) ;
#2834 = CARTESIAN_POINT ( 'NONE',  ( 6.435000000000010267, 6.969999999999961560, 0.000000000000000000 ) ) ;
#2835 = ORIENTED_EDGE ( 'NONE', *, *, #411, .F. ) ;
#2836 = PLANE ( 'NONE',  #715 ) ;
#2837 = VECTOR ( 'NONE', #2603, 39.37007874015748143 ) ;
#2838 = EDGE_CURVE ( 'NONE', #2101, #2606, #1089, .T. ) ;
#2839 = LINE ( 'NONE', #2368, #397 ) ;
#2840 = DIRECTION ( 'NONE',  ( 0.000000000000000000, 0.000000000000000000, 1.000000000000000000 ) ) ;
#2841 = EDGE_CURVE ( 'NONE', #20, #1925, #2227, .T. ) ;
#2842 = AXIS2_PLACEMENT_3D ( 'NONE', #1859, #1433, #1419 ) ;
#2843 = ORIENTED_EDGE ( 'NONE', *, *, #2169, .T. ) ;
#2844 = CARTESIAN_POINT ( 'NONE',  ( 17.30000000000000782, 4.220000000000003304, -0.2702116192436845310 ) ) ;
#2845 = VECTOR ( 'NONE', #2185, 39.37007874015748143 ) ;
#2846 = ORIENTED_EDGE ( 'NONE', *, *, #1412, .T. ) ;
#2847 = VERTEX_POINT ( 'NONE', #1775 ) ;
#2848 = CARTESIAN_POINT ( 'NONE',  ( -17.15499999999999758, -9.719999999999998863, -0.1050000000000001071 ) ) ;
#2849 = VECTOR ( 'NONE', #1474, 39.37007874015748143 ) ;
#2850 = CARTESIAN_POINT ( 'NONE',  ( -2.314999999999996838, 4.130000000000002558, 0.000000000000000000 ) ) ;
#2851 = CARTESIAN_POINT ( 'NONE',  ( 17.40500000000000824, -7.019999999999998685, -0.2702116192436839204 ) ) ;
#2852 = ORIENTED_EDGE ( 'NONE', *, *, #1358, .F. ) ;
#2853 = CARTESIAN_POINT ( 'NONE',  ( 17.30000000000000782, 9.760000000000003340, -0.2099999999999980216 ) ) ;
#2854 = LINE ( 'NONE', #1038, #1163 ) ;
#2855 = CYLINDRICAL_SURFACE ( 'NONE', #2589, 0.2099999999999980216 ) ;
#2856 = DIRECTION ( 'NONE',  ( -1.000000000000000000, 0.000000000000000000, -0.000000000000000000 ) ) ;
#2857 = ORIENTED_EDGE ( 'NONE', *, *, #688, .T. ) ;
#2858 = FACE_BOUND ( 'NONE', #961, .T. ) ;
#2859 = EDGE_CURVE ( 'NONE', #2, #2880, #2478, .T. ) ;
#2860 = VERTEX_POINT ( 'NONE', #2450 ) ;
#2861 = ORIENTED_EDGE ( 'NONE', *, *, #761, .T. ) ;
#2862 = ADVANCED_FACE ( 'NONE', ( #631 ), #1137, .F. ) ;
#2863 =( NAMED_UNIT ( * ) SI_UNIT ( $, .STERADIAN. ) SOLID_ANGLE_UNIT ( ) );
#2864 = DIRECTION ( 'NONE',  ( -0.000000000000000000, -0.000000000000000000, 1.000000000000000000 ) ) ;
#2865 = PLANE ( 'NONE',  #2263 ) ;
#2866 = ORIENTED_EDGE ( 'NONE', *, *, #2891, .T. ) ;
#2867 = CARTESIAN_POINT ( 'NONE',  ( -17.40499999999999758, -9.719999999999998863, -4.979999999999999538 ) ) ;
#2868 = ADVANCED_BREP_SHAPE_REPRESENTATION ( 'P20336-01-(12gacr ANSI-61) - K48 - V1-R0', ( #2878, #2801 ), #2183 ) ;
#2869 = DIRECTION ( 'NONE',  ( -1.000000000000000000, 0.000000000000000000, 0.000000000000000000 ) ) ;
#2870 = AXIS2_PLACEMENT_3D ( 'NONE', #1768, #1336, #980 ) ;
#2871 = CARTESIAN_POINT ( 'NONE',  ( -17.15499999999999758, 9.865000000000005542, -0.7500000000000004441 ) ) ;
#2872 = CIRCLE ( 'NONE', #1609, 0.1899999999999998912 ) ;
#2873 = DIRECTION ( 'NONE',  ( 0.000000000000000000, -1.000000000000000000, 0.000000000000000000 ) ) ;
#2874 = ORIENTED_EDGE ( 'NONE', *, *, #2547, .F. ) ;
#2875 = CARTESIAN_POINT ( 'NONE',  ( 17.30000000000000782, 9.720000000000004192, -0.2099999999999980216 ) ) ;
#2876 = VECTOR ( 'NONE', #203, 39.37007874015748143 ) ;
#2877 = ADVANCED_FACE ( 'NONE', ( #2706 ), #1075, .F. ) ;
#2878 = MANIFOLD_SOLID_BREP ( 'Cortar-Extruir2', #778 ) ;
#2879 = EDGE_LOOP ( 'NONE', ( #1718, #2760, #2738, #624 ) ) ;
#2880 = VERTEX_POINT ( 'NONE', #426 ) ;
#2881 = CARTESIAN_POINT ( 'NONE',  ( 17.02500000000000924, 0.000000000000000000, -0.1049999999999999961 ) ) ;
#2882 = AXIS2_PLACEMENT_3D ( 'NONE', #2826, #356, #1259 ) ;
#2883 = EDGE_CURVE ( 'NONE', #376, #2860, #2013, .T. ) ;
#2884 = DIRECTION ( 'NONE',  ( -0.000000000000000000, -0.000000000000000000, 1.000000000000000000 ) ) ;
#2885 = LINE ( 'NONE', #1126, #2789 ) ;
#2886 = ORIENTED_EDGE ( 'NONE', *, *, #669, .F. ) ;
#2887 = DIRECTION ( 'NONE',  ( 1.000000000000000000, 2.731847993664262725E-16, 0.000000000000000000 ) ) ;
#2888 = AXIS2_PLACEMENT_3D ( 'NONE', #6, #1789, #1629 ) ;
#2889 = CARTESIAN_POINT ( 'NONE',  ( 17.40500000000000824, 4.220000000000003304, -0.2702116192436839204 ) ) ;
#2890 = CARTESIAN_POINT ( 'NONE',  ( -17.15499999999999758, 9.760000000000003340, -0.1049999999999982614 ) ) ;
#2891 = EDGE_CURVE ( 'NONE', #696, #1310, #678, .T. ) ;
#2892 = LINE ( 'NONE', #324, #2084 ) ;
#2893 = ORIENTED_EDGE ( 'NONE', *, *, #2838, .T. ) ;
#2894 = CARTESIAN_POINT ( 'NONE',  ( -16.96499999999999986, -6.249999999999998224, 0.000000000000000000 ) ) ;
#2895 = ORIENTED_EDGE ( 'NONE', *, *, #371, .F. ) ;
#2896 = VECTOR ( 'NONE', #2153, 39.37007874015748143 ) ;
#2897 = CARTESIAN_POINT ( 'NONE',  ( 2.680000000000007265, 6.969999999999961560, 0.000000000000000000 ) ) ;
#2898 =( LENGTH_UNIT ( ) NAMED_UNIT ( * ) SI_UNIT ( $, .METRE. ) );
#2899 = LINE ( 'NONE', #918, #2524 ) ;
#2900 = ORIENTED_EDGE ( 'NONE', *, *, #172, .T. ) ;
#2901 = DIRECTION ( 'NONE',  ( 0.000000000000000000, -1.000000000000000000, 0.000000000000000000 ) ) ;
#2902 = ORIENTED_EDGE ( 'NONE', *, *, #887, .T. ) ;
#2903 = FACE_OUTER_BOUND ( 'NONE', #308, .T. ) ;
#2904 = EDGE_CURVE ( 'NONE', #2543, #1795, #1545, .T. ) ;
#2905 = DIRECTION ( 'NONE',  ( 0.000000000000000000, 0.000000000000000000, 1.000000000000000000 ) ) ;
#2906 = FACE_OUTER_BOUND ( 'NONE', #1714, .T. ) ;
ENDSEC;
END-ISO-10303-21;
