ISO-10303-21;
HEADER;
FILE_DESCRIPTION (( 'STEP AP214' ),
    '1' );
FILE_NAME ('12-D-6091-03-(16gacr ANSI-61) - K48 - V1-R0.STEP',
    '2026-07-10T14:27:48',
    ( '' ),
    ( '' ),
    'SwSTEP 2.0',
    'SolidWorks 2024',
    '' );
FILE_SCHEMA (( 'AUTOMOTIVE_DESIGN' ));
ENDSEC;

DATA;
#1 = CARTESIAN_POINT ( 'NONE',  ( -8.405000000000001137, 14.72000000000000242, -0.1199999999999985384 ) ) ;
#2 = CARTESIAN_POINT ( 'NONE',  ( 8.282000000000000028, -14.97000000000000064, -0.7499999999999998890 ) ) ;
#3 = ADVANCED_FACE ( 'NONE', ( #592 ), #550, .F. ) ;
#4 = ADVANCED_FACE ( 'NONE', ( #847 ), #1540, .F. ) ;
#5 = ORIENTED_EDGE ( 'NONE', *, *, #1349, .F. ) ;
#6 = CIRCLE ( 'NONE', #94, 0.1560000000000001941 ) ;
#7 = DIRECTION ( 'NONE',  ( 3.491481338843134539E-15, 3.887851748818544957E-31, 1.000000000000000000 ) ) ;
#8 = VERTEX_POINT ( 'NONE', #304 ) ;
#9 = FACE_OUTER_BOUND ( 'NONE', #918, .T. ) ;
#10 = ORIENTED_EDGE ( 'NONE', *, *, #62, .F. ) ;
#11 = DIRECTION ( 'NONE',  ( 0.000000000000000000, 0.000000000000000000, -1.000000000000000000 ) ) ;
#12 = DIRECTION ( 'NONE',  ( 0.000000000000000000, -1.000000000000000000, 0.000000000000000000 ) ) ;
#13 = VECTOR ( 'NONE', #1164, 39.37007874015748143 ) ;
#14 = EDGE_CURVE ( 'NONE', #1624, #974, #188, .T. ) ;
#15 = ORIENTED_EDGE ( 'NONE', *, *, #796, .F. ) ;
#16 = CARTESIAN_POINT ( 'NONE',  ( 8.281999999999996476, -14.90999999999999837, -0.1199999999999998151 ) ) ;
#17 = ORIENTED_EDGE ( 'NONE', *, *, #361, .T. ) ;
#18 = CARTESIAN_POINT ( 'NONE',  ( 8.345000000000004192, -14.71999999999999886, -0.7500000000000003331 ) ) ;
#19 = ORIENTED_EDGE ( 'NONE', *, *, #481, .F. ) ;
#20 = CYLINDRICAL_SURFACE ( 'NONE', #904, 0.1560000000000001941 ) ;
#21 = DIRECTION ( 'NONE',  ( 0.000000000000000000, 0.000000000000000000, -1.000000000000000000 ) ) ;
#22 = ORIENTED_EDGE ( 'NONE', *, *, #1580, .T. ) ;
#23 = CARTESIAN_POINT ( 'NONE',  ( -8.345000000000002416, -14.71999999999999531, -0.7500000000000003331 ) ) ;
#24 = VECTOR ( 'NONE', #531, 39.37007874015748143 ) ;
#25 = ADVANCED_FACE ( 'NONE', ( #70 ), #1305, .F. ) ;
#26 = ORIENTED_EDGE ( 'NONE', *, *, #1410, .T. ) ;
#27 = DIRECTION ( 'NONE',  ( 3.167359992654217435E-15, -3.167359992654217830E-15, 1.000000000000000000 ) ) ;
#28 = VECTOR ( 'NONE', #90, 39.37007874015748143 ) ;
#29 = EDGE_CURVE ( 'NONE', #1697, #1038, #78, .T. ) ;
#30 = DIRECTION ( 'NONE',  ( 0.000000000000000000, 0.000000000000000000, 1.000000000000000000 ) ) ;
#31 = EDGE_LOOP ( 'NONE', ( #438, #913, #980, #1713 ) ) ;
#32 = PLANE ( 'NONE',  #1236 ) ;
#33 = AXIS2_PLACEMENT_3D ( 'NONE', #1483, #225, #630 ) ;
#34 = DIRECTION ( 'NONE',  ( -0.000000000000000000, 1.000000000000000000, -0.000000000000000000 ) ) ;
#35 = ORIENTED_EDGE ( 'NONE', *, *, #1341, .T. ) ;
#36 = CARTESIAN_POINT ( 'NONE',  ( 8.278999999999999915, 14.72600000000000442, -0.06000000000000238476 ) ) ;
#37 = VECTOR ( 'NONE', #1723, 39.37007874015748143 ) ;
#38 = AXIS2_PLACEMENT_3D ( 'NONE', #1509, #1518, #695 ) ;
#39 = ORIENTED_EDGE ( 'NONE', *, *, #625, .F. ) ;
#40 = DIRECTION ( 'NONE',  ( 0.000000000000000000, 0.000000000000000000, 1.000000000000000000 ) ) ;
#41 = EDGE_CURVE ( 'NONE', #226, #1216, #452, .T. ) ;
#42 = ORIENTED_EDGE ( 'NONE', *, *, #662, .F. ) ;
#43 = CARTESIAN_POINT ( 'NONE',  ( -8.281999999999992923, 14.97000000000000064, -0.1199999999999994266 ) ) ;
#44 = DIRECTION ( 'NONE',  ( 1.000000000000000000, 0.000000000000000000, 0.000000000000000000 ) ) ;
#45 = ORIENTED_EDGE ( 'NONE', *, *, #728, .F. ) ;
#46 = DIRECTION ( 'NONE',  ( 1.000000000000000000, 0.000000000000000000, 0.000000000000000000 ) ) ;
#47 = DIRECTION ( 'NONE',  ( -1.000000000000000000, -1.113524997417488487E-16, 3.169856808907805887E-15 ) ) ;
#48 = DIRECTION ( 'NONE',  ( 1.000000000000000000, 0.000000000000000000, 0.000000000000000000 ) ) ;
#49 = CARTESIAN_POINT ( 'NONE',  ( -8.285000000000001918, 14.72000000000000242, -0.1199999999999994543 ) ) ;
#50 = ORIENTED_EDGE ( 'NONE', *, *, #1677, .T. ) ;
#51 = ADVANCED_FACE ( 'NONE', ( #493 ), #463, .T. ) ;
#52 = DIRECTION ( 'NONE',  ( -1.000000000000000000, -1.776811703196256862E-14, 0.000000000000000000 ) ) ;
#53 = FACE_OUTER_BOUND ( 'NONE', #1407, .T. ) ;
#54 = ORIENTED_EDGE ( 'NONE', *, *, #1492, .T. ) ;
#55 = ORIENTED_EDGE ( 'NONE', *, *, #1788, .T. ) ;
#56 = CARTESIAN_POINT ( 'NONE',  ( 8.059999999999996945, 12.50000000000000000, -0.7500000000000003331 ) ) ;
#57 = VECTOR ( 'NONE', #459, 39.37007874015748143 ) ;
#58 = LINE ( 'NONE', #1129, #1324 ) ;
#59 = DIRECTION ( 'NONE',  ( -1.000000000000000000, 1.776811703196272323E-14, -0.000000000000000000 ) ) ;
#60 = VERTEX_POINT ( 'NONE', #1592 ) ;
#61 = LINE ( 'NONE', #335, #256 ) ;
#62 = EDGE_CURVE ( 'NONE', #1608, #1610, #744, .T. ) ;
#63 = DIRECTION ( 'NONE',  ( 1.000000000000000000, 0.000000000000000000, 0.000000000000000000 ) ) ;
#64 = EDGE_CURVE ( 'NONE', #8, #717, #1078, .T. ) ;
#65 = FACE_OUTER_BOUND ( 'NONE', #1392, .T. ) ;
#66 = AXIS2_PLACEMENT_3D ( 'NONE', #946, #1499, #1656 ) ;
#67 = DIRECTION ( 'NONE',  ( -1.000000000000000000, 0.000000000000000000, 0.000000000000000000 ) ) ;
#68 = CARTESIAN_POINT ( 'NONE',  ( 8.285000000000000142, 14.72000000000000419, -0.1200000000000001066 ) ) ;
#69 = EDGE_CURVE ( 'NONE', #1269, #1728, #530, .T. ) ;
#70 = FACE_OUTER_BOUND ( 'NONE', #487, .T. ) ;
#71 = LINE ( 'NONE', #775, #1390 ) ;
#72 = VECTOR ( 'NONE', #1146, 39.37007874015748143 ) ;
#73 = ORIENTED_EDGE ( 'NONE', *, *, #840, .F. ) ;
#74 = FACE_OUTER_BOUND ( 'NONE', #31, .T. ) ;
#75 = DIRECTION ( 'NONE',  ( 0.000000000000000000, 1.000000000000000000, 0.000000000000000000 ) ) ;
#76 = CARTESIAN_POINT ( 'NONE',  ( 8.059999999999996945, -12.50000000000000000, 0.000000000000000000 ) ) ;
#77 = EDGE_LOOP ( 'NONE', ( #1495, #143, #763, #1031 ) ) ;
#78 = LINE ( 'NONE', #1179, #13 ) ;
#79 = CARTESIAN_POINT ( 'NONE',  ( 8.285000000000000142, 14.72000000000000419, -0.1200000000000001066 ) ) ;
#80 = ADVANCED_FACE ( 'NONE', ( #873 ), #219, .F. ) ;
#81 = ORIENTED_EDGE ( 'NONE', *, *, #237, .F. ) ;
#82 = EDGE_CURVE ( 'NONE', #1790, #1351, #1583, .T. ) ;
#83 = DIRECTION ( 'NONE',  ( 0.000000000000000000, -1.000000000000000000, 3.130242492740249268E-15 ) ) ;
#84 = ORIENTED_EDGE ( 'NONE', *, *, #1442, .T. ) ;
#85 = CARTESIAN_POINT ( 'NONE',  ( 8.278999999999999915, -14.72599999999999376, -0.06000000000000238476 ) ) ;
#86 = DIRECTION ( 'NONE',  ( 1.000000000000000000, 0.000000000000000000, 3.491481338843134539E-15 ) ) ;
#87 = AXIS2_PLACEMENT_3D ( 'NONE', #1247, #934, #1352 ) ;
#88 = VECTOR ( 'NONE', #677, 39.37007874015748143 ) ;
#89 = ORIENTED_EDGE ( 'NONE', *, *, #988, .F. ) ;
#90 = DIRECTION ( 'NONE',  ( 1.000000000000000000, 1.776811703196272323E-14, -0.000000000000000000 ) ) ;
#91 = ORIENTED_EDGE ( 'NONE', *, *, #988, .T. ) ;
#92 = CARTESIAN_POINT ( 'NONE',  ( 8.278999999999999915, 14.72000000000000419, -0.06000000000000238476 ) ) ;
#93 = EDGE_CURVE ( 'NONE', #868, #1154, #935, .T. ) ;
#94 = AXIS2_PLACEMENT_3D ( 'NONE', #1558, #303, #1288 ) ;
#95 = ORIENTED_EDGE ( 'NONE', *, *, #702, .F. ) ;
#96 = DIRECTION ( 'NONE',  ( 0.000000000000000000, 0.000000000000000000, -1.000000000000000000 ) ) ;
#97 = ORIENTED_EDGE ( 'NONE', *, *, #825, .F. ) ;
#98 = DIRECTION ( 'NONE',  ( -1.000000000000000000, 0.000000000000000000, 0.000000000000000000 ) ) ;
#99 = EDGE_LOOP ( 'NONE', ( #50, #660, #694, #194, #1684, #55, #1199, #1206, #73, #814, #1128, #712, #539, #81, #1211, #191, #1613, #1459, #467, #129 ) ) ;
#100 = AXIS2_PLACEMENT_3D ( 'NONE', #76, #1287, #46 ) ;
#101 = PLANE ( 'NONE',  #1586 ) ;
#102 = VERTEX_POINT ( 'NONE', #1014 ) ;
#103 = DIRECTION ( 'NONE',  ( -1.000000000000000000, 0.000000000000000000, -0.000000000000000000 ) ) ;
#104 = EDGE_CURVE ( 'NONE', #726, #936, #343, .T. ) ;
#105 = EDGE_LOOP ( 'NONE', ( #1485, #582, #648, #338 ) ) ;
#106 = CARTESIAN_POINT ( 'NONE',  ( -8.065000000000001279, -12.50000000000000000, 0.000000000000000000 ) ) ;
#107 = ORIENTED_EDGE ( 'NONE', *, *, #1040, .F. ) ;
#108 = CARTESIAN_POINT ( 'NONE',  ( -8.282000000000000028, 14.97000000000000419, -0.7499999999999998890 ) ) ;
#109 = EDGE_LOOP ( 'NONE', ( #1386, #559, #1658, #97 ) ) ;
#110 = CIRCLE ( 'NONE', #1494, 0.1200000000000010086 ) ;
#111 = LINE ( 'NONE', #1085, #1506 ) ;
#112 = AXIS2_PLACEMENT_3D ( 'NONE', #1261, #170, #1560 ) ;
#113 = VECTOR ( 'NONE', #697, 39.37007874015748143 ) ;
#114 = ADVANCED_FACE ( 'NONE', ( #758 ), #1313, .F. ) ;
#115 = ORIENTED_EDGE ( 'NONE', *, *, #612, .T. ) ;
#116 = PLANE ( 'NONE',  #579 ) ;
#117 = AXIS2_PLACEMENT_3D ( 'NONE', #781, #1332, #96 ) ;
#118 = ORIENTED_EDGE ( 'NONE', *, *, #1616, .F. ) ;
#119 = CARTESIAN_POINT ( 'NONE',  ( -8.282000000000000028, -14.96999999999999886, -0.05999999999999999778 ) ) ;
#120 = PRESENTATION_STYLE_ASSIGNMENT (( #1064 ) ) ;
#121 = DIRECTION ( 'NONE',  ( 0.000000000000000000, 0.000000000000000000, 1.000000000000000000 ) ) ;
#122 = AXIS2_PLACEMENT_3D ( 'NONE', #1427, #1564, #172 ) ;
#123 = CARTESIAN_POINT ( 'NONE',  ( 8.281999999999996476, 14.72600000000000442, -0.05999999999999999778 ) ) ;
#124 = VECTOR ( 'NONE', #1153, 39.37007874015748143 ) ;
#125 = DIRECTION ( 'NONE',  ( -0.000000000000000000, -0.000000000000000000, 1.000000000000000000 ) ) ;
#126 = VERTEX_POINT ( 'NONE', #300 ) ;
#127 = LINE ( 'NONE', #538, #990 ) ;
#128 = EDGE_CURVE ( 'NONE', #322, #1282, #1256, .T. ) ;
#129 = ORIENTED_EDGE ( 'NONE', *, *, #1131, .F. ) ;
#130 = PLANE ( 'NONE',  #38 ) ;
#131 = FACE_OUTER_BOUND ( 'NONE', #371, .T. ) ;
#132 = CARTESIAN_POINT ( 'NONE',  ( 8.281999999999996476, 14.97000000000000419, -0.05999999999999999778 ) ) ;
#133 = DIRECTION ( 'NONE',  ( 4.606711562634550194E-31, -3.491481338843134539E-15, 1.000000000000000000 ) ) ;
#134 = DIRECTION ( 'NONE',  ( 0.000000000000000000, 3.167359992654216647E-15, 1.000000000000000000 ) ) ;
#135 = ORIENTED_EDGE ( 'NONE', *, *, #1073, .F. ) ;
#136 = DIRECTION ( 'NONE',  ( 1.000000000000000000, 0.000000000000000000, 0.000000000000000000 ) ) ;
#137 = EDGE_CURVE ( 'NONE', #1498, #1697, #1222, .T. ) ;
#138 = ORIENTED_EDGE ( 'NONE', *, *, #527, .T. ) ;
#139 = LINE ( 'NONE', #1798, #817 ) ;
#140 = CARTESIAN_POINT ( 'NONE',  ( -8.282000000000000028, -14.84999999999999787, -0.1199999999999999956 ) ) ;
#141 = DIRECTION ( 'NONE',  ( 0.000000000000000000, 0.000000000000000000, 1.000000000000000000 ) ) ;
#142 = EDGE_CURVE ( 'NONE', #1038, #717, #844, .T. ) ;
#143 = ORIENTED_EDGE ( 'NONE', *, *, #247, .T. ) ;
#144 = PLANE ( 'NONE',  #1571 ) ;
#145 = AXIS2_PLACEMENT_3D ( 'NONE', #207, #67, #83 ) ;
#146 = LINE ( 'NONE', #961, #435 ) ;
#147 = VERTEX_POINT ( 'NONE', #1400 ) ;
#148 = DIRECTION ( 'NONE',  ( 0.000000000000000000, 1.000000000000000000, -0.000000000000000000 ) ) ;
#149 = AXIS2_PLACEMENT_3D ( 'NONE', #1054, #1609, #1725 ) ;
#150 = CARTESIAN_POINT ( 'NONE',  ( -8.405000000000004690, 14.72000000000000419, -0.7500000000000001110 ) ) ;
#151 = DIRECTION ( 'NONE',  ( 1.000000000000000000, 1.113524997417498594E-16, -3.167359992654216647E-15 ) ) ;
#152 = FILL_AREA_STYLE ('',( #387 ) ) ;
#153 = CARTESIAN_POINT ( 'NONE',  ( 8.282000000000000028, -14.96999999999999886, -0.05999999999999999778 ) ) ;
#154 = EDGE_LOOP ( 'NONE', ( #1474, #928, #250, #736 ) ) ;
#155 = EDGE_CURVE ( 'NONE', #842, #1292, #1671, .T. ) ;
#156 = DIRECTION ( 'NONE',  ( -1.000000000000000000, 0.000000000000000000, 0.000000000000000000 ) ) ;
#157 = DIRECTION ( 'NONE',  ( -4.751039988981325759E-15, 3.167359992654217830E-15, 1.000000000000000000 ) ) ;
#158 = VERTEX_POINT ( 'NONE', #1265 ) ;
#159 = FACE_OUTER_BOUND ( 'NONE', #637, .T. ) ;
#160 = DIRECTION ( 'NONE',  ( 0.000000000000000000, 3.167359992654217830E-15, -1.000000000000000000 ) ) ;
#161 = DIRECTION ( 'NONE',  ( 0.000000000000000000, 0.000000000000000000, -1.000000000000000000 ) ) ;
#162 = ORIENTED_EDGE ( 'NONE', *, *, #1291, .T. ) ;
#163 = CARTESIAN_POINT ( 'NONE',  ( -8.281999999999996476, 14.84999999999999964, 0.000000000000000000 ) ) ;
#164 = EDGE_CURVE ( 'NONE', #652, #644, #854, .T. ) ;
#165 = CARTESIAN_POINT ( 'NONE',  ( -8.282000000000000028, 14.91000000000000547, -0.7500000000000003331 ) ) ;
#166 = VERTEX_POINT ( 'NONE', #1105 ) ;
#167 = ADVANCED_FACE ( 'NONE', ( #399 ), #952, .F. ) ;
#168 = DIRECTION ( 'NONE',  ( -7.284927983104581378E-14, 0.000000000000000000, 1.000000000000000000 ) ) ;
#169 = VERTEX_POINT ( 'NONE', #279 ) ;
#170 = DIRECTION ( 'NONE',  ( 1.000000000000000000, 1.319414631086338608E-16, 4.179061116225491687E-31 ) ) ;
#171 = VERTEX_POINT ( 'NONE', #1086 ) ;
#172 = DIRECTION ( 'NONE',  ( 0.000000000000000000, 0.000000000000000000, -1.000000000000000000 ) ) ;
#173 = DIRECTION ( 'NONE',  ( 0.000000000000000000, 3.167359992654217435E-15, 1.000000000000000000 ) ) ;
#174 = ORIENTED_EDGE ( 'NONE', *, *, #201, .F. ) ;
#175 = DIRECTION ( 'NONE',  ( 0.000000000000000000, 0.000000000000000000, -1.000000000000000000 ) ) ;
#176 = CIRCLE ( 'NONE', #917, 0.1560000000000001941 ) ;
#177 = EDGE_CURVE ( 'NONE', #721, #1154, #440, .T. ) ;
#178 = ORIENTED_EDGE ( 'NONE', *, *, #1690, .T. ) ;
#179 = DIRECTION ( 'NONE',  ( -1.000000000000000000, -1.113524997417498841E-16, -3.491481338843133750E-15 ) ) ;
#180 = VECTOR ( 'NONE', #1541, 39.37007874015748143 ) ;
#181 = VECTOR ( 'NONE', #959, 39.37007874015748143 ) ;
#182 = ORIENTED_EDGE ( 'NONE', *, *, #1291, .F. ) ;
#183 = FACE_OUTER_BOUND ( 'NONE', #492, .T. ) ;
#184 = LINE ( 'NONE', #598, #214 ) ;
#185 = ORIENTED_EDGE ( 'NONE', *, *, #93, .T. ) ;
#186 = LINE ( 'NONE', #1685, #1250 ) ;
#187 = VECTOR ( 'NONE', #605, 39.37007874015748143 ) ;
#188 = LINE ( 'NONE', #618, #72 ) ;
#189 = FACE_OUTER_BOUND ( 'NONE', #1203, .T. ) ;
#190 = ADVANCED_FACE ( 'NONE', ( #1523 ), #290, .T. ) ;
#191 = ORIENTED_EDGE ( 'NONE', *, *, #798, .T. ) ;
#192 = CARTESIAN_POINT ( 'NONE',  ( -8.279000000000001691, 0.000000000000000000, 0.000000000000000000 ) ) ;
#193 = DIRECTION ( 'NONE',  ( 0.000000000000000000, -0.000000000000000000, 1.000000000000000000 ) ) ;
#194 = ORIENTED_EDGE ( 'NONE', *, *, #861, .F. ) ;
#195 = AXIS2_PLACEMENT_3D ( 'NONE', #701, #1639, #21 ) ;
#196 = VERTEX_POINT ( 'NONE', #710 ) ;
#197 = DIRECTION ( 'NONE',  ( 0.000000000000000000, 0.000000000000000000, 1.000000000000000000 ) ) ;
#198 = ORIENTED_EDGE ( 'NONE', *, *, #798, .F. ) ;
#199 = EDGE_CURVE ( 'NONE', #1743, #931, #669, .T. ) ;
#200 = DIRECTION ( 'NONE',  ( 1.000000000000000000, 0.000000000000000000, 0.000000000000000000 ) ) ;
#201 = EDGE_CURVE ( 'NONE', #238, #1231, #417, .T. ) ;
#202 = LINE ( 'NONE', #1554, #1364 ) ;
#203 = VERTEX_POINT ( 'NONE', #1513 ) ;
#204 = AXIS2_PLACEMENT_3D ( 'NONE', #504, #1737, #1595 ) ;
#205 = CARTESIAN_POINT ( 'NONE',  ( 8.344999999999997087, 14.72000000000000419, -0.1199999999999998151 ) ) ;
#206 = VECTOR ( 'NONE', #501, 39.37007874015748143 ) ;
#207 = CARTESIAN_POINT ( 'NONE',  ( -8.281999999999998252, -14.84999999999999787, -0.1199999999999999956 ) ) ;
#208 = DIRECTION ( 'NONE',  ( 0.000000000000000000, 1.000000000000000000, 6.260484985480498537E-15 ) ) ;
#209 = EDGE_CURVE ( 'NONE', #1089, #1425, #982, .T. ) ;
#210 = AXIS2_PLACEMENT_3D ( 'NONE', #1767, #253, #265 ) ;
#211 = DIRECTION ( 'NONE',  ( -0.000000000000000000, -0.000000000000000000, 1.000000000000000000 ) ) ;
#212 = PLANE ( 'NONE',  #1466 ) ;
#213 = VECTOR ( 'NONE', #1278, 39.37007874015748143 ) ;
#214 = VECTOR ( 'NONE', #352, 39.37007874015748143 ) ;
#215 = ORIENTED_EDGE ( 'NONE', *, *, #104, .T. ) ;
#216 = DIRECTION ( 'NONE',  ( 1.000000000000000000, 0.000000000000000000, 0.000000000000000000 ) ) ;
#217 = DIRECTION ( 'NONE',  ( 0.000000000000000000, -1.000000000000000000, 3.491481338843134539E-15 ) ) ;
#218 = EDGE_CURVE ( 'NONE', #169, #1351, #994, .T. ) ;
#219 = PLANE ( 'NONE',  #222 ) ;
#220 = EDGE_CURVE ( 'NONE', #1608, #628, #308, .T. ) ;
#221 = DIRECTION ( 'NONE',  ( 0.000000000000000000, 0.000000000000000000, 1.000000000000000000 ) ) ;
#222 = AXIS2_PLACEMENT_3D ( 'NONE', #1162, #1720, #1028 ) ;
#223 = ORIENTED_EDGE ( 'NONE', *, *, #1690, .F. ) ;
#224 = DIRECTION ( 'NONE',  ( 4.751039988981325759E-15, -3.167359992654217830E-15, -1.000000000000000000 ) ) ;
#225 = DIRECTION ( 'NONE',  ( -0.000000000000000000, 1.000000000000000000, -0.000000000000000000 ) ) ;
#226 = VERTEX_POINT ( 'NONE', #1503 ) ;
#227 = FACE_OUTER_BOUND ( 'NONE', #264, .T. ) ;
#228 = ADVANCED_FACE ( 'NONE', ( #270 ), #1233, .F. ) ;
#229 = AXIS2_PLACEMENT_3D ( 'NONE', #1611, #359, #372 ) ;
#230 = ORIENTED_EDGE ( 'NONE', *, *, #595, .T. ) ;
#231 = DIRECTION ( 'NONE',  ( 0.000000000000000000, -1.000000000000000000, 0.000000000000000000 ) ) ;
#232 = ORIENTED_EDGE ( 'NONE', *, *, #1202, .F. ) ;
#233 = CARTESIAN_POINT ( 'NONE',  ( 0.000000000000000000, 0.000000000000000000, 0.000000000000000000 ) ) ;
#234 = VECTOR ( 'NONE', #583, 39.37007874015748143 ) ;
#235 = PRESENTATION_LAYER_ASSIGNMENT (  '', '', ( #261 ) ) ;
#236 = LINE ( 'NONE', #1320, #1013 ) ;
#237 = EDGE_CURVE ( 'NONE', #995, #1166, #146, .T. ) ;
#238 = VERTEX_POINT ( 'NONE', #1793 ) ;
#239 = DIRECTION ( 'NONE',  ( 1.000000000000000000, 1.776811703196272323E-14, -0.000000000000000000 ) ) ;
#240 = AXIS2_PLACEMENT_3D ( 'NONE', #984, #1673, #874 ) ;
#241 = DIRECTION ( 'NONE',  ( 0.000000000000000000, 0.000000000000000000, -1.000000000000000000 ) ) ;
#242 = EDGE_LOOP ( 'NONE', ( #1017, #1776, #223, #430 ) ) ;
#243 = PLANE ( 'NONE',  #1771 ) ;
#244 = ORIENTED_EDGE ( 'NONE', *, *, #864, .T. ) ;
#245 = FACE_OUTER_BOUND ( 'NONE', #1662, .T. ) ;
#246 = ORIENTED_EDGE ( 'NONE', *, *, #1302, .T. ) ;
#247 = EDGE_CURVE ( 'NONE', #1405, #859, #545, .T. ) ;
#248 = EDGE_CURVE ( 'NONE', #628, #1282, #184, .T. ) ;
#249 = DIRECTION ( 'NONE',  ( -1.000000000000000000, 0.000000000000000000, -0.000000000000000000 ) ) ;
#250 = ORIENTED_EDGE ( 'NONE', *, *, #910, .T. ) ;
#251 = LINE ( 'NONE', #23, #495 ) ;
#252 = ORIENTED_EDGE ( 'NONE', *, *, #29, .F. ) ;
#253 = DIRECTION ( 'NONE',  ( 0.000000000000000000, -1.000000000000000000, 0.000000000000000000 ) ) ;
#254 = LINE ( 'NONE', #285, #719 ) ;
#255 = DIRECTION ( 'NONE',  ( -1.000000000000000000, 0.000000000000000000, 0.000000000000000000 ) ) ;
#256 = VECTOR ( 'NONE', #981, 39.37007874015748143 ) ;
#257 = PRODUCT_DEFINITION_CONTEXT ( 'detailed design', #650, 'design' ) ;
#258 = DIRECTION ( 'NONE',  ( 0.000000000000000000, -1.000000000000000000, 0.000000000000000000 ) ) ;
#259 = EDGE_CURVE ( 'NONE', #306, #1648, #1704, .T. ) ;
#260 = VECTOR ( 'NONE', #884, 39.37007874015748143 ) ;
#261 = STYLED_ITEM ( 'NONE', ( #120 ), #1614 ) ;
#262 = EDGE_LOOP ( 'NONE', ( #280, #1273, #832, #1252 ) ) ;
#263 = DIRECTION ( 'NONE',  ( 1.000000000000000000, 0.000000000000000000, -3.491481338843134539E-15 ) ) ;
#264 = EDGE_LOOP ( 'NONE', ( #287, #313, #1543, #26 ) ) ;
#265 = DIRECTION ( 'NONE',  ( 0.000000000000000000, 0.000000000000000000, 1.000000000000000000 ) ) ;
#266 = CARTESIAN_POINT ( 'NONE',  ( 8.281999999999998252, -14.72599999999999376, 0.000000000000000000 ) ) ;
#267 = VECTOR ( 'NONE', #797, 39.37007874015748143 ) ;
#268 = FACE_OUTER_BOUND ( 'NONE', #1785, .T. ) ;
#269 = VECTOR ( 'NONE', #540, 39.37007874015748143 ) ;
#270 = FACE_OUTER_BOUND ( 'NONE', #564, .T. ) ;
#271 = ORIENTED_EDGE ( 'NONE', *, *, #1628, .F. ) ;
#272 = DIRECTION ( 'NONE',  ( 0.000000000000000000, 0.000000000000000000, -1.000000000000000000 ) ) ;
#273 = ADVANCED_FACE ( 'NONE', ( #336 ), #460, .F. ) ;
#274 = ORIENTED_EDGE ( 'NONE', *, *, #401, .F. ) ;
#275 = CARTESIAN_POINT ( 'NONE',  ( 0.000000000000000000, 0.000000000000000000, -0.05999999999999999778 ) ) ;
#276 = DIRECTION ( 'NONE',  ( -1.000000000000000000, -1.113524997417498594E-16, -4.751039988981325759E-15 ) ) ;
#277 = LINE ( 'NONE', #1219, #580 ) ;
#278 = CARTESIAN_POINT ( 'NONE',  ( 8.281999999999996476, 14.72600000000000442, -0.06000000000000238476 ) ) ;
#279 = CARTESIAN_POINT ( 'NONE',  ( -8.279000000000001691, 14.72000000000000242, -0.05999999999999999778 ) ) ;
#280 = ORIENTED_EDGE ( 'NONE', *, *, #767, .F. ) ;
#281 = FACE_OUTER_BOUND ( 'NONE', #594, .T. ) ;
#282 = ORIENTED_EDGE ( 'NONE', *, *, #1432, .T. ) ;
#283 = FACE_OUTER_BOUND ( 'NONE', #1234, .T. ) ;
#284 = EDGE_CURVE ( 'NONE', #641, #355, #202, .T. ) ;
#285 = CARTESIAN_POINT ( 'NONE',  ( -8.281999999999998252, -14.84999999999999787, 9.902948977032954413E-16 ) ) ;
#286 = DIRECTION ( 'NONE',  ( 0.000000000000000000, 1.000000000000000000, 0.000000000000000000 ) ) ;
#287 = ORIENTED_EDGE ( 'NONE', *, *, #625, .T. ) ;
#288 = PLANE ( 'NONE',  #1283 ) ;
#289 = CIRCLE ( 'NONE', #204, 0.1200000000000010086 ) ;
#290 = PLANE ( 'NONE',  #1514 ) ;
#291 = VERTEX_POINT ( 'NONE', #731 ) ;
#292 = VECTOR ( 'NONE', #970, 39.37007874015748143 ) ;
#293 = CARTESIAN_POINT ( 'NONE',  ( -8.345000000000002416, 14.72000000000000064, -0.1199999999999987188 ) ) ;
#294 = ORIENTED_EDGE ( 'NONE', *, *, #1402, .F. ) ;
#295 = DIRECTION ( 'NONE',  ( -1.000000000000000000, 0.000000000000000000, 0.000000000000000000 ) ) ;
#296 = EDGE_CURVE ( 'NONE', #871, #147, #1027, .T. ) ;
#297 = CARTESIAN_POINT ( 'NONE',  ( -8.285000000000001918, 14.72000000000000064, -0.05999999999999999778 ) ) ;
#298 = EDGE_LOOP ( 'NONE', ( #966, #1688, #525, #373 ) ) ;
#299 = LINE ( 'NONE', #999, #1792 ) ;
#300 = CARTESIAN_POINT ( 'NONE',  ( -8.404999999999999361, -14.71999999999999886, -0.1199999999999990796 ) ) ;
#301 = AXIS2_PLACEMENT_3D ( 'NONE', #1434, #743, #63 ) ;
#302 = VERTEX_POINT ( 'NONE', #1573 ) ;
#303 = DIRECTION ( 'NONE',  ( 0.000000000000000000, 0.000000000000000000, 1.000000000000000000 ) ) ;
#304 = CARTESIAN_POINT ( 'NONE',  ( 8.281999999999996476, -14.84999999999999787, 0.000000000000000000 ) ) ;
#305 = DIRECTION ( 'NONE',  ( -0.000000000000000000, -0.000000000000000000, 1.000000000000000000 ) ) ;
#306 = VERTEX_POINT ( 'NONE', #888 ) ;
#307 = LINE ( 'NONE', #596, #1044 ) ;
#308 = LINE ( 'NONE', #862, #643 ) ;
#309 = ADVANCED_FACE ( 'NONE', ( #751 ), #1724, .F. ) ;
#310 = VECTOR ( 'NONE', #734, 39.37007874015748143 ) ;
#311 = VERTEX_POINT ( 'NONE', #483 ) ;
#312 = CARTESIAN_POINT ( 'NONE',  ( -8.285000000000001918, 14.72000000000000242, -0.1199999999999994543 ) ) ;
#313 = ORIENTED_EDGE ( 'NONE', *, *, #199, .F. ) ;
#314 = DIRECTION ( 'NONE',  ( 1.000000000000000000, 0.000000000000000000, 0.000000000000000000 ) ) ;
#315 = DIRECTION ( 'NONE',  ( -8.087894779578809621E-30, 0.000000000000000000, 1.000000000000000000 ) ) ;
#316 = ORIENTED_EDGE ( 'NONE', *, *, #353, .T. ) ;
#317 = DIRECTION ( 'NONE',  ( 0.000000000000000000, 0.000000000000000000, 1.000000000000000000 ) ) ;
#318 = DIRECTION ( 'NONE',  ( -0.000000000000000000, 0.000000000000000000, 1.000000000000000000 ) ) ;
#319 = EDGE_CURVE ( 'NONE', #995, #1084, #611, .T. ) ;
#320 = FACE_OUTER_BOUND ( 'NONE', #358, .T. ) ;
#321 = ORIENTED_EDGE ( 'NONE', *, *, #128, .F. ) ;
#322 = VERTEX_POINT ( 'NONE', #756 ) ;
#323 = CARTESIAN_POINT ( 'NONE',  ( -8.279000000000001691, -14.71999999999999886, -0.06000000000000173250 ) ) ;
#324 = VECTOR ( 'NONE', #1290, 39.37007874015748143 ) ;
#325 = ORIENTED_EDGE ( 'NONE', *, *, #64, .T. ) ;
#326 = LINE ( 'NONE', #1275, #441 ) ;
#327 = DIRECTION ( 'NONE',  ( 1.000000000000000000, 0.000000000000000000, 0.000000000000000000 ) ) ;
#328 = ADVANCED_FACE ( 'NONE', ( #1311 ), #1136, .F. ) ;
#329 = VECTOR ( 'NONE', #383, 39.37007874015748143 ) ;
#330 = ORIENTED_EDGE ( 'NONE', *, *, #1172, .T. ) ;
#331 = LINE ( 'NONE', #1576, #324 ) ;
#332 = EDGE_CURVE ( 'NONE', #1498, #717, #1694, .T. ) ;
#333 = ADVANCED_FACE ( 'NONE', ( #720 ), #1285, .F. ) ;
#334 =( NAMED_UNIT ( * ) SI_UNIT ( $, .STERADIAN. ) SOLID_ANGLE_UNIT ( ) );
#335 = CARTESIAN_POINT ( 'NONE',  ( 8.405000000000002913, -14.71999999999999353, -0.7500000000000001110 ) ) ;
#336 = FACE_OUTER_BOUND ( 'NONE', #77, .T. ) ;
#337 = ORIENTED_EDGE ( 'NONE', *, *, #319, .T. ) ;
#338 = ORIENTED_EDGE ( 'NONE', *, *, #1492, .F. ) ;
#339 = PLANE ( 'NONE',  #654 ) ;
#340 = ADVANCED_FACE ( 'NONE', ( #1276 ), #1565, .F. ) ;
#341 = CARTESIAN_POINT ( 'NONE',  ( -8.221000000000001862, -12.50000000000000000, -0.7500000000000003331 ) ) ;
#342 = CARTESIAN_POINT ( 'NONE',  ( 8.281999999999992923, 14.84999999999999964, -0.1200000000000001898 ) ) ;
#343 = LINE ( 'NONE', #896, #766 ) ;
#344 = AXIS2_PLACEMENT_3D ( 'NONE', #627, #1181, #1752 ) ;
#345 = DIRECTION ( 'NONE',  ( 7.284927983104581378E-14, 0.000000000000000000, 1.000000000000000000 ) ) ;
#346 = EDGE_LOOP ( 'NONE', ( #1183, #1532 ) ) ;
#347 = VECTOR ( 'NONE', #1062, 39.37007874015748143 ) ;
#348 = VECTOR ( 'NONE', #1074, 39.37007874015748143 ) ;
#349 = ADVANCED_FACE ( 'NONE', ( #53 ), #1428, .T. ) ;
#350 = DIRECTION ( 'NONE',  ( -1.000000000000000000, 0.000000000000000000, 0.000000000000000000 ) ) ;
#351 = ADVANCED_BREP_SHAPE_REPRESENTATION ( '12-D-6091-03-(16gacr ANSI-61) - K48 - V1-R0', ( #1614, #1325 ), #723 ) ;
#352 = DIRECTION ( 'NONE',  ( -1.000000000000000000, -0.000000000000000000, -0.000000000000000000 ) ) ;
#353 = EDGE_CURVE ( 'NONE', #393, #1743, #469, .T. ) ;
#354 = VECTOR ( 'NONE', #241, 39.37007874015748143 ) ;
#355 = VERTEX_POINT ( 'NONE', #589 ) ;
#356 = LINE ( 'NONE', #1180, #1123 ) ;
#357 = AXIS2_PLACEMENT_3D ( 'NONE', #1116, #996, #175 ) ;
#358 = EDGE_LOOP ( 'NONE', ( #707, #509, #1675, #453 ) ) ;
#359 = DIRECTION ( 'NONE',  ( -0.000000000000000000, -1.000000000000000000, -0.000000000000000000 ) ) ;
#360 = FACE_BOUND ( 'NONE', #1220, .T. ) ;
#361 = EDGE_CURVE ( 'NONE', #291, #302, #870, .T. ) ;
#362 = ORIENTED_EDGE ( 'NONE', *, *, #674, .T. ) ;
#363 = CARTESIAN_POINT ( 'NONE',  ( -8.279000000000001691, 14.72600000000000264, -0.06000000000000173250 ) ) ;
#364 = ORIENTED_EDGE ( 'NONE', *, *, #1202, .T. ) ;
#365 = DIRECTION ( 'NONE',  ( 0.000000000000000000, 1.000000000000000000, 0.000000000000000000 ) ) ;
#366 = CARTESIAN_POINT ( 'NONE',  ( 8.281999999999994699, 14.84999999999999964, 8.024803481388773574E-16 ) ) ;
#367 = ADVANCED_FACE ( 'NONE', ( #1717 ), #1019, .T. ) ;
#368 = ORIENTED_EDGE ( 'NONE', *, *, #571, .F. ) ;
#369 = CARTESIAN_POINT ( 'NONE',  ( -8.344999999999998863, 14.72000000000000242, -0.1199999999999992600 ) ) ;
#370 = VECTOR ( 'NONE', #893, 39.37007874015748143 ) ;
#371 = EDGE_LOOP ( 'NONE', ( #963, #1395, #1345, #1055 ) ) ;
#372 = DIRECTION ( 'NONE',  ( 0.000000000000000000, 0.000000000000000000, -1.000000000000000000 ) ) ;
#373 = ORIENTED_EDGE ( 'NONE', *, *, #571, .T. ) ;
#374 = CARTESIAN_POINT ( 'NONE',  ( 8.278999999999999915, -14.71999999999999353, -0.05999999999999999778 ) ) ;
#375 = CIRCLE ( 'NONE', #1642, 0.06000000000000099698 ) ;
#376 = ORIENTED_EDGE ( 'NONE', *, *, #1163, .T. ) ;
#377 = DIRECTION ( 'NONE',  ( 1.000000000000000000, 0.000000000000000000, 0.000000000000000000 ) ) ;
#378 = EDGE_CURVE ( 'NONE', #769, #1794, #1687, .T. ) ;
#379 = ORIENTED_EDGE ( 'NONE', *, *, #647, .F. ) ;
#380 = EDGE_LOOP ( 'NONE', ( #808, #1004, #1746, #325 ) ) ;
#381 = CARTESIAN_POINT ( 'NONE',  ( 8.285000000000000142, -14.71999999999999531, -2.373292944495828560E-15 ) ) ;
#382 = ORIENTED_EDGE ( 'NONE', *, *, #787, .F. ) ;
#383 = DIRECTION ( 'NONE',  ( -0.000000000000000000, 1.000000000000000000, -0.000000000000000000 ) ) ;
#384 = ORIENTED_EDGE ( 'NONE', *, *, #1527, .T. ) ;
#385 = FACE_OUTER_BOUND ( 'NONE', #1461, .T. ) ;
#386 = AXIS2_PLACEMENT_3D ( 'NONE', #56, #211, #737 ) ;
#387 = FILL_AREA_STYLE_COLOUR ( '', #1497 ) ;
#388 = ADVANCED_FACE ( 'NONE', ( #1192 ), #1753, .F. ) ;
#389 = DIRECTION ( 'NONE',  ( 1.000000000000000000, -0.000000000000000000, -0.000000000000000000 ) ) ;
#390 = ORIENTED_EDGE ( 'NONE', *, *, #1778, .T. ) ;
#391 = CARTESIAN_POINT ( 'NONE',  ( 8.281999999999996476, 14.97000000000000419, 0.000000000000000000 ) ) ;
#392 = CARTESIAN_POINT ( 'NONE',  ( 8.405000000000002913, -14.71999999999999886, -0.7500000000000001110 ) ) ;
#393 = VERTEX_POINT ( 'NONE', #491 ) ;
#394 = DIRECTION ( 'NONE',  ( -1.113524997417498594E-16, 1.000000000000000000, 8.758115402030106693E-47 ) ) ;
#395 = CARTESIAN_POINT ( 'NONE',  ( -8.281999999999992923, 14.84999999999999964, -0.1200000000000001898 ) ) ;
#396 = CARTESIAN_POINT ( 'NONE',  ( -8.405000000000002913, 14.72600000000000264, -0.06000000000000173250 ) ) ;
#397 = ADVANCED_FACE ( 'NONE', ( #498 ), #1619, .F. ) ;
#398 = FACE_OUTER_BOUND ( 'NONE', #1115, .T. ) ;
#399 = FACE_OUTER_BOUND ( 'NONE', #790, .T. ) ;
#400 = AXIS2_PLACEMENT_3D ( 'NONE', #926, #148, #964 ) ;
#401 = EDGE_CURVE ( 'NONE', #102, #1187, #505, .T. ) ;
#402 = VERTEX_POINT ( 'NONE', #1185 ) ;
#403 = DIRECTION ( 'NONE',  ( -0.000000000000000000, 1.000000000000000000, -0.000000000000000000 ) ) ;
#404 = EDGE_LOOP ( 'NONE', ( #376, #1556, #1559, #518 ) ) ;
#405 = CARTESIAN_POINT ( 'NONE',  ( 8.278999999999999915, 14.72000000000000419, -0.06000000000000238476 ) ) ;
#406 = CYLINDRICAL_SURFACE ( 'NONE', #485, 0.1560000000000001941 ) ;
#407 = ORIENTED_EDGE ( 'NONE', *, *, #64, .F. ) ;
#408 = AXIS2_PLACEMENT_3D ( 'NONE', #106, #682, #136 ) ;
#409 = DIRECTION ( 'NONE',  ( 0.000000000000000000, -0.000000000000000000, -1.000000000000000000 ) ) ;
#410 = CARTESIAN_POINT ( 'NONE',  ( -8.282000000000000028, 14.97000000000000064, 9.504024706039784566E-14 ) ) ;
#411 = ADVANCED_FACE ( 'NONE', ( #1042 ), #1200, .T. ) ;
#412 = ORIENTED_EDGE ( 'NONE', *, *, #1024, .F. ) ;
#413 = PLANE ( 'NONE',  #805 ) ;
#414 = VERTEX_POINT ( 'NONE', #374 ) ;
#415 = CARTESIAN_POINT ( 'NONE',  ( -8.279000000000001691, -14.71999999999999886, -0.06000000000000173250 ) ) ;
#416 = VERTEX_POINT ( 'NONE', #366 ) ;
#417 = CIRCLE ( 'NONE', #195, 0.06000000000000099698 ) ;
#418 = DIRECTION ( 'NONE',  ( 1.319414631086338608E-16, -1.000000000000000000, 0.000000000000000000 ) ) ;
#419 = ORIENTED_EDGE ( 'NONE', *, *, #517, .T. ) ;
#420 = DIRECTION ( 'NONE',  ( 1.000000000000000000, 0.000000000000000000, 0.000000000000000000 ) ) ;
#421 = ADVANCED_FACE ( 'NONE', ( #1323 ), #772, .F. ) ;
#422 = ORIENTED_EDGE ( 'NONE', *, *, #1024, .T. ) ;
#423 = CARTESIAN_POINT ( 'NONE',  ( -8.282000000000000028, 14.97000000000000064, -0.1199999999999994404 ) ) ;
#424 = ADVANCED_FACE ( 'NONE', ( #1339, #513, #1475, #360, #765 ), #924, .F. ) ;
#425 = LINE ( 'NONE', #108, #348 ) ;
#426 = ORIENTED_EDGE ( 'NONE', *, *, #1328, .T. ) ;
#427 = CARTESIAN_POINT ( 'NONE',  ( 8.281999999999994699, 14.84999999999999964, -0.1200000000000001898 ) ) ;
#428 = AXIS2_PLACEMENT_3D ( 'NONE', #1369, #1239, #793 ) ;
#429 = CARTESIAN_POINT ( 'NONE',  ( 8.278999999999999915, 14.72600000000000442, -0.06000000000000238476 ) ) ;
#430 = ORIENTED_EDGE ( 'NONE', *, *, #1215, .T. ) ;
#431 = AXIS2_PLACEMENT_3D ( 'NONE', #867, #858, #314 ) ;
#432 = DIRECTION ( 'NONE',  ( 0.000000000000000000, -1.000000000000000000, 0.000000000000000000 ) ) ;
#433 = VERTEX_POINT ( 'NONE', #909 ) ;
#434 = PLANE ( 'NONE',  #112 ) ;
#435 = VECTOR ( 'NONE', #831, 39.37007874015748143 ) ;
#436 =( LENGTH_UNIT ( ) NAMED_UNIT ( * ) SI_UNIT ( $, .METRE. ) );
#437 = EDGE_CURVE ( 'NONE', #974, #60, #1066, .T. ) ;
#438 = ORIENTED_EDGE ( 'NONE', *, *, #1637, .T. ) ;
#439 = LINE ( 'NONE', #1124, #957 ) ;
#440 = LINE ( 'NONE', #1660, #502 ) ;
#441 = VECTOR ( 'NONE', #1553, 39.37007874015748143 ) ;
#442 = VECTOR ( 'NONE', #1589, 39.37007874015748143 ) ;
#443 = ORIENTED_EDGE ( 'NONE', *, *, #1588, .T. ) ;
#444 = DIRECTION ( 'NONE',  ( 4.179061116225493438E-31, -6.334719985308434871E-15, 1.000000000000000000 ) ) ;
#445 = ORIENTED_EDGE ( 'NONE', *, *, #1788, .F. ) ;
#446 = DIRECTION ( 'NONE',  ( 0.000000000000000000, 0.000000000000000000, 1.000000000000000000 ) ) ;
#447 = APPLICATION_PROTOCOL_DEFINITION ( 'draft international standard', 'automotive_design', 1998, #568 ) ;
#448 = ORIENTED_EDGE ( 'NONE', *, *, #1705, .F. ) ;
#449 = EDGE_CURVE ( 'NONE', #1154, #868, #1594, .T. ) ;
#450 = DIRECTION ( 'NONE',  ( -0.000000000000000000, -0.000000000000000000, 1.000000000000000000 ) ) ;
#451 = DIRECTION ( 'NONE',  ( -0.000000000000000000, -0.000000000000000000, 1.000000000000000000 ) ) ;
#452 = CIRCLE ( 'NONE', #708, 0.05999999999999772182 ) ;
#453 = ORIENTED_EDGE ( 'NONE', *, *, #864, .F. ) ;
#454 = CARTESIAN_POINT ( 'NONE',  ( 8.278999999999999915, 14.72600000000000442, 0.000000000000000000 ) ) ;
#455 = ORIENTED_EDGE ( 'NONE', *, *, #284, .T. ) ;
#456 = CARTESIAN_POINT ( 'NONE',  ( -8.282000000000000028, -14.90999999999999837, -0.1199999999999998151 ) ) ;
#457 = ORIENTED_EDGE ( 'NONE', *, *, #93, .F. ) ;
#458 = PRODUCT_DEFINITION_SHAPE ( 'NONE', 'NONE',  #506 ) ;
#459 = DIRECTION ( 'NONE',  ( -1.000000000000000000, 0.000000000000000000, 0.000000000000000000 ) ) ;
#460 = PLANE ( 'NONE',  #1213 ) ;
#461 = CIRCLE ( 'NONE', #229, 0.05999999999999770101 ) ;
#462 = ADVANCED_FACE ( 'NONE', ( #1606 ), #1464, .T. ) ;
#463 = PLANE ( 'NONE',  #565 ) ;
#464 = CARTESIAN_POINT ( 'NONE',  ( -8.281999999999998252, -14.84999999999999787, -0.1199999999999999956 ) ) ;
#465 = CIRCLE ( 'NONE', #948, 0.1199999999999977335 ) ;
#466 = CARTESIAN_POINT ( 'NONE',  ( -8.344999999999998863, -14.71999999999999531, -0.1199999999999998151 ) ) ;
#467 = ORIENTED_EDGE ( 'NONE', *, *, #1156, .F. ) ;
#468 = DIRECTION ( 'NONE',  ( 0.000000000000000000, 0.000000000000000000, 1.000000000000000000 ) ) ;
#469 = LINE ( 'NONE', #1168, #442 ) ;
#470 = ORIENTED_EDGE ( 'NONE', *, *, #595, .F. ) ;
#471 = EDGE_CURVE ( 'NONE', #1084, #746, #1217, .T. ) ;
#472 = AXIS2_PLACEMENT_3D ( 'NONE', #535, #11, #821 ) ;
#473 = FACE_OUTER_BOUND ( 'NONE', #1732, .T. ) ;
#474 = ORIENTED_EDGE ( 'NONE', *, *, #1295, .F. ) ;
#475 = DIRECTION ( 'NONE',  ( 1.000000000000000000, 0.000000000000000000, -0.000000000000000000 ) ) ;
#476 = CARTESIAN_POINT ( 'NONE',  ( 0.000000000000000000, -14.72599999999999731, -0.000000000000000000 ) ) ;
#477 = VECTOR ( 'NONE', #690, 39.37007874015748143 ) ;
#478 = CARTESIAN_POINT ( 'NONE',  ( 8.215999999999997527, -12.50000000000000000, 0.000000000000000000 ) ) ;
#479 = ADVANCED_FACE ( 'NONE', ( #1387, #529, #1777, #1645, #1238 ), #1634, .T. ) ;
#480 = ORIENTED_EDGE ( 'NONE', *, *, #1650, .F. ) ;
#481 = EDGE_CURVE ( 'NONE', #512, #1084, #967, .T. ) ;
#482 = LINE ( 'NONE', #1462, #1710 ) ;
#483 = CARTESIAN_POINT ( 'NONE',  ( -8.282000000000000028, -14.97000000000000064, -0.7500000000000001110 ) ) ;
#484 = ORIENTED_EDGE ( 'NONE', *, *, #607, .F. ) ;
#485 = AXIS2_PLACEMENT_3D ( 'NONE', #696, #510, #828 ) ;
#486 = CARTESIAN_POINT ( 'NONE',  ( 8.404999999999995808, 14.72000000000000419, -0.05999999999999999778 ) ) ;
#487 = EDGE_LOOP ( 'NONE', ( #1286, #215, #942, #1655 ) ) ;
#488 = AXIS2_PLACEMENT_3D ( 'NONE', #79, #1734, #912 ) ;
#489 = DIRECTION ( 'NONE',  ( 0.000000000000000000, 0.000000000000000000, -1.000000000000000000 ) ) ;
#490 = ADVANCED_FACE ( 'NONE', ( #1368 ), #1376, .F. ) ;
#491 = CARTESIAN_POINT ( 'NONE',  ( 8.405000000000002913, -14.71999999999999531, -0.7500000000000001110 ) ) ;
#492 = EDGE_LOOP ( 'NONE', ( #1766, #246, #1471, #578 ) ) ;
#493 = FACE_OUTER_BOUND ( 'NONE', #1012, .T. ) ;
#494 = CYLINDRICAL_SURFACE ( 'NONE', #922, 0.05999999999999772182 ) ;
#495 = VECTOR ( 'NONE', #1411, 39.37007874015748143 ) ;
#496 = ORIENTED_EDGE ( 'NONE', *, *, #259, .T. ) ;
#497 = CARTESIAN_POINT ( 'NONE',  ( 8.344999999999997087, 14.72000000000000419, -0.06000000000000006717 ) ) ;
#498 = FACE_OUTER_BOUND ( 'NONE', #242, .T. ) ;
#499 = EDGE_CURVE ( 'NONE', #574, #746, #673, .T. ) ;
#500 = ORIENTED_EDGE ( 'NONE', *, *, #711, .F. ) ;
#501 = DIRECTION ( 'NONE',  ( 0.000000000000000000, -1.000000000000000000, 0.000000000000000000 ) ) ;
#502 = VECTOR ( 'NONE', #125, 39.37007874015748143 ) ;
#503 = EDGE_LOOP ( 'NONE', ( #1076, #118, #774, #1331 ) ) ;
#504 = CARTESIAN_POINT ( 'NONE',  ( 8.281999999999994699, 14.84999999999999964, -0.1200000000000001898 ) ) ;
#505 = LINE ( 'NONE', #1175, #354 ) ;
#506 = PRODUCT_DEFINITION ( 'UNKNOWN', '', #807, #257 ) ;
#507 = EDGE_CURVE ( 'NONE', #859, #931, #139, .T. ) ;
#508 = CARTESIAN_POINT ( 'NONE',  ( -8.282000000000000028, -14.84999999999999787, -0.05999999999999999778 ) ) ;
#509 = ORIENTED_EDGE ( 'NONE', *, *, #1295, .T. ) ;
#510 = DIRECTION ( 'NONE',  ( -0.000000000000000000, -0.000000000000000000, 1.000000000000000000 ) ) ;
#511 = AXIS2_PLACEMENT_3D ( 'NONE', #806, #542, #829 ) ;
#512 = VERTEX_POINT ( 'NONE', #629 ) ;
#513 = FACE_BOUND ( 'NONE', #1528, .T. ) ;
#514 = VECTOR ( 'NONE', #1667, 39.37007874015748143 ) ;
#515 = EDGE_LOOP ( 'NONE', ( #1118, #198, #1266, #587 ) ) ;
#516 = FACE_OUTER_BOUND ( 'NONE', #1680, .T. ) ;
#517 = EDGE_CURVE ( 'NONE', #196, #1728, #1080, .T. ) ;
#518 = ORIENTED_EDGE ( 'NONE', *, *, #237, .T. ) ;
#519 = CARTESIAN_POINT ( 'NONE',  ( -8.405000000000002913, 14.72000000000000242, -0.05999999999999999778 ) ) ;
#520 = CIRCLE ( 'NONE', #357, 0.1199999999999977474 ) ;
#521 = AXIS2_PLACEMENT_3D ( 'NONE', #519, #562, #815 ) ;
#522 = CARTESIAN_POINT ( 'NONE',  ( 8.281999999999994699, 14.97000000000000597, -0.7500000000000001110 ) ) ;
#523 = ORIENTED_EDGE ( 'NONE', *, *, #69, .F. ) ;
#524 = LINE ( 'NONE', #689, #1020 ) ;
#525 = ORIENTED_EDGE ( 'NONE', *, *, #1337, .F. ) ;
#526 = LINE ( 'NONE', #1069, #1092 ) ;
#527 = EDGE_CURVE ( 'NONE', #1237, #795, #1773, .T. ) ;
#528 = VERTEX_POINT ( 'NONE', #937 ) ;
#529 = FACE_BOUND ( 'NONE', #799, .T. ) ;
#530 = CIRCLE ( 'NONE', #1578, 0.1560000000000001941 ) ;
#531 = DIRECTION ( 'NONE',  ( 1.000000000000000000, -0.000000000000000000, -0.000000000000000000 ) ) ;
#532 = LINE ( 'NONE', #132, #1467 ) ;
#533 = ADVANCED_FACE ( 'NONE', ( #1184 ), #130, .T. ) ;
#534 = EDGE_LOOP ( 'NONE', ( #382, #1708, #1109, #1702 ) ) ;
#535 = CARTESIAN_POINT ( 'NONE',  ( 8.059999999999996945, 12.50000000000000000, -0.06000000000000004635 ) ) ;
#536 = CARTESIAN_POINT ( 'NONE',  ( 8.281999999999994699, 14.97000000000000597, -0.7500000000000001110 ) ) ;
#537 = ORIENTED_EDGE ( 'NONE', *, *, #1705, .T. ) ;
#538 = CARTESIAN_POINT ( 'NONE',  ( -8.282000000000003581, 14.97000000000000064, -0.05999999999999999778 ) ) ;
#539 = ORIENTED_EDGE ( 'NONE', *, *, #1718, .T. ) ;
#540 = DIRECTION ( 'NONE',  ( 8.741913579725612322E-15, -1.000000000000000000, -0.000000000000000000 ) ) ;
#541 = CARTESIAN_POINT ( 'NONE',  ( 8.344999999999998863, 9.292366103449023213E-16, 3.993249110738803851E-14 ) ) ;
#542 = DIRECTION ( 'NONE',  ( -0.000000000000000000, -0.000000000000000000, 1.000000000000000000 ) ) ;
#543 = EDGE_CURVE ( 'NONE', #745, #126, #1068, .T. ) ;
#544 = CARTESIAN_POINT ( 'NONE',  ( -8.404999999999999361, -14.71999999999999886, -0.05999999999999978961 ) ) ;
#545 = LINE ( 'NONE', #1143, #1307 ) ;
#546 = VECTOR ( 'NONE', #27, 39.37007874015748143 ) ;
#547 = CIRCLE ( 'NONE', #1303, 0.1560000000000001941 ) ;
#548 = ORIENTED_EDGE ( 'NONE', *, *, #527, .F. ) ;
#549 = CYLINDRICAL_SURFACE ( 'NONE', #87, 0.1560000000000001941 ) ;
#550 = PLANE ( 'NONE',  #1169 ) ;
#551 = CARTESIAN_POINT ( 'NONE',  ( 0.000000000000000000, 14.72600000000000442, 0.000000000000000000 ) ) ;
#552 = CARTESIAN_POINT ( 'NONE',  ( -8.065000000000001279, 12.50000000000000000, -0.06000000000000004635 ) ) ;
#553 = CYLINDRICAL_SURFACE ( 'NONE', #511, 0.1560000000000001941 ) ;
#554 = ORIENTED_EDGE ( 'NONE', *, *, #1052, .T. ) ;
#555 = VECTOR ( 'NONE', #1696, 39.37007874015748143 ) ;
#556 = DIRECTION ( 'NONE',  ( -0.000000000000000000, 0.000000000000000000, 1.000000000000000000 ) ) ;
#557 = ADVANCED_FACE ( 'NONE', ( #283 ), #684, .F. ) ;
#558 = DIRECTION ( 'NONE',  ( 0.000000000000000000, 1.000000000000000000, -3.491481338843133750E-15 ) ) ;
#559 = ORIENTED_EDGE ( 'NONE', *, *, #1402, .T. ) ;
#560 = CARTESIAN_POINT ( 'NONE',  ( 8.215999999999997527, -12.50000000000000000, -0.06000000000000004635 ) ) ;
#561 = EDGE_LOOP ( 'NONE', ( #230, #321, #771, #907 ) ) ;
#562 = DIRECTION ( 'NONE',  ( -1.776811703196272639E-14, -1.000000000000000000, 0.000000000000000000 ) ) ;
#563 = PLANE ( 'NONE',  #1591 ) ;
#564 = EDGE_LOOP ( 'NONE', ( #1087, #244, #178, #1640 ) ) ;
#565 = AXIS2_PLACEMENT_3D ( 'NONE', #1709, #1170, #1733 ) ;
#566 = PLANE ( 'NONE',  #1745 ) ;
#567 = CARTESIAN_POINT ( 'NONE',  ( -8.279000000000001691, -14.71999999999999886, -0.06000000000000173250 ) ) ;
#568 = APPLICATION_CONTEXT ( 'automotive_design' ) ;
#569 = ORIENTED_EDGE ( 'NONE', *, *, #1040, .T. ) ;
#570 = CARTESIAN_POINT ( 'NONE',  ( 8.282000000000000028, -14.90999999999999837, -0.1199999999999998151 ) ) ;
#571 = EDGE_CURVE ( 'NONE', #1631, #8, #1227, .T. ) ;
#572 = ORIENTED_EDGE ( 'NONE', *, *, #361, .F. ) ;
#573 = DIRECTION ( 'NONE',  ( -1.000000000000000000, 0.000000000000000000, 0.000000000000000000 ) ) ;
#574 = VERTEX_POINT ( 'NONE', #1110 ) ;
#575 = FACE_OUTER_BOUND ( 'NONE', #1191, .T. ) ;
#576 = AXIS2_PLACEMENT_3D ( 'NONE', #1049, #1448, #216 ) ;
#577 = CARTESIAN_POINT ( 'NONE',  ( -8.405000000000001137, -14.71999999999999531, -0.7499999999999998890 ) ) ;
#578 = ORIENTED_EDGE ( 'NONE', *, *, #1156, .T. ) ;
#579 = AXIS2_PLACEMENT_3D ( 'NONE', #1344, #1515, #1654 ) ;
#580 = VECTOR ( 'NONE', #794, 39.37007874015748143 ) ;
#581 = CYLINDRICAL_SURFACE ( 'NONE', #1426, 0.1560000000000001941 ) ;
#582 = ORIENTED_EDGE ( 'NONE', *, *, #687, .T. ) ;
#583 = DIRECTION ( 'NONE',  ( 1.000000000000000000, 1.113524997417537791E-16, 4.724169043383025044E-15 ) ) ;
#584 = EDGE_CURVE ( 'NONE', #782, #1138, #1090, .T. ) ;
#585 = AXIS2_PLACEMENT_3D ( 'NONE', #646, #1598, #916 ) ;
#586 = DIRECTION ( 'NONE',  ( 1.000000000000000000, 0.000000000000000000, 0.000000000000000000 ) ) ;
#587 = ORIENTED_EDGE ( 'NONE', *, *, #1472, .T. ) ;
#588 = CARTESIAN_POINT ( 'NONE',  ( 8.281999999999992923, 14.84999999999999964, -0.05999999999999919981 ) ) ;
#589 = CARTESIAN_POINT ( 'NONE',  ( 8.345000000000000639, 14.72000000000000242, -0.7500000000000002220 ) ) ;
#590 = ORIENTED_EDGE ( 'NONE', *, *, #1106, .F. ) ;
#591 = CARTESIAN_POINT ( 'NONE',  ( -8.065000000000001279, -12.50000000000000000, -0.7500000000000003331 ) ) ;
#592 = FACE_OUTER_BOUND ( 'NONE', #1380, .T. ) ;
#593 = CYLINDRICAL_SURFACE ( 'NONE', #872, 0.1200000000000019940 ) ;
#594 = EDGE_LOOP ( 'NONE', ( #274, #1644, #107, #989 ) ) ;
#595 = EDGE_CURVE ( 'NONE', #1231, #1282, #1071, .T. ) ;
#596 = CARTESIAN_POINT ( 'NONE',  ( 8.281999999999994699, 14.84999999999999964, -0.05999999999999919981 ) ) ;
#597 = ADVANCED_FACE ( 'NONE', ( #385 ), #803, .F. ) ;
#598 = CARTESIAN_POINT ( 'NONE',  ( -8.282000000000000028, 14.97000000000000064, -0.1199999999999994404 ) ) ;
#599 = DIMENSIONAL_EXPONENTS ( 1.000000000000000000, 0.000000000000000000, 0.000000000000000000, 0.000000000000000000, 0.000000000000000000, 0.000000000000000000, 0.000000000000000000 ) ;
#600 = ORIENTED_EDGE ( 'NONE', *, *, #1665, .T. ) ;
#601 = LINE ( 'NONE', #1145, #1333 ) ;
#602 = ORIENTED_EDGE ( 'NONE', *, *, #137, .T. ) ;
#603 = DIRECTION ( 'NONE',  ( 0.000000000000000000, 0.000000000000000000, -1.000000000000000000 ) ) ;
#604 = ORIENTED_EDGE ( 'NONE', *, *, #1193, .F. ) ;
#605 = DIRECTION ( 'NONE',  ( -0.000000000000000000, -3.167359992654217435E-15, -1.000000000000000000 ) ) ;
#606 = DIRECTION ( 'NONE',  ( 0.000000000000000000, 1.000000000000000000, 0.000000000000000000 ) ) ;
#607 = EDGE_CURVE ( 'NONE', #1425, #1216, #738, .T. ) ;
#608 = AXIS2_PLACEMENT_3D ( 'NONE', #1330, #475, #621 ) ;
#609 = CARTESIAN_POINT ( 'NONE',  ( 8.285000000000000142, 14.72000000000000419, -0.1200000000000001066 ) ) ;
#610 = PLANE ( 'NONE',  #122 ) ;
#611 = LINE ( 'NONE', #1409, #1620 ) ;
#612 = EDGE_CURVE ( 'NONE', #933, #868, #987, .T. ) ;
#613 = ORIENTED_EDGE ( 'NONE', *, *, #1268, .F. ) ;
#614 = DIRECTION ( 'NONE',  ( -1.000000000000000000, -1.776811703196256546E-14, 0.000000000000000000 ) ) ;
#615 = ORIENTED_EDGE ( 'NONE', *, *, #248, .T. ) ;
#616 = CYLINDRICAL_SURFACE ( 'NONE', #344, 0.1199999999999976225 ) ;
#617 = DIRECTION ( 'NONE',  ( 0.000000000000000000, -0.000000000000000000, 1.000000000000000000 ) ) ;
#618 = CARTESIAN_POINT ( 'NONE',  ( 8.285000000000000142, -14.71999999999999353, -0.06000000000000238476 ) ) ;
#619 = DIRECTION ( 'NONE',  ( -1.000000000000000000, 0.000000000000000000, 0.000000000000000000 ) ) ;
#620 = EDGE_CURVE ( 'NONE', #171, #1367, #1711, .T. ) ;
#621 = DIRECTION ( 'NONE',  ( -0.000000000000000000, 0.000000000000000000, -1.000000000000000000 ) ) ;
#622 = CARTESIAN_POINT ( 'NONE',  ( 8.282000000000000028, -14.97000000000000064, -0.7500000000000001110 ) ) ;
#623 = ORIENTED_EDGE ( 'NONE', *, *, #1452, .F. ) ;
#624 = LINE ( 'NONE', #363, #206 ) ;
#625 = EDGE_CURVE ( 'NONE', #826, #931, #1722, .T. ) ;
#626 = VECTOR ( 'NONE', #1272, 39.37007874015748143 ) ;
#627 = CARTESIAN_POINT ( 'NONE',  ( -8.285000000000001918, 14.72000000000000242, -0.1199999999999994543 ) ) ;
#628 = VERTEX_POINT ( 'NONE', #747 ) ;
#629 = CARTESIAN_POINT ( 'NONE',  ( 8.281999999999996476, 14.72600000000000442, 0.000000000000000000 ) ) ;
#630 = DIRECTION ( 'NONE',  ( 0.000000000000000000, 0.000000000000000000, 1.000000000000000000 ) ) ;
#631 = ORIENTED_EDGE ( 'NONE', *, *, #104, .F. ) ;
#632 = CARTESIAN_POINT ( 'NONE',  ( 8.281999999999996476, -14.84999999999999787, -0.1199999999999999956 ) ) ;
#633 = VECTOR ( 'NONE', #1663, 39.37007874015748143 ) ;
#634 = ORIENTED_EDGE ( 'NONE', *, *, #640, .T. ) ;
#635 = ADVANCED_FACE ( 'NONE', ( #473 ), #339, .T. ) ;
#636 = DIRECTION ( 'NONE',  ( 0.000000000000000000, 1.000000000000000000, -3.167359992654216647E-15 ) ) ;
#637 = EDGE_LOOP ( 'NONE', ( #1326, #554, #1070, #1257 ) ) ;
#638 = DIRECTION ( 'NONE',  ( -4.751039988981325759E-15, 0.000000000000000000, 1.000000000000000000 ) ) ;
#639 = ADVANCED_FACE ( 'NONE', ( #1298 ), #434, .F. ) ;
#640 = EDGE_CURVE ( 'NONE', #1790, #745, #331, .T. ) ;
#641 = VERTEX_POINT ( 'NONE', #715 ) ;
#642 = LINE ( 'NONE', #1196, #347 ) ;
#643 = VECTOR ( 'NONE', #1782, 39.37007874015748143 ) ;
#644 = VERTEX_POINT ( 'NONE', #1139 ) ;
#645 = PLANE ( 'NONE',  #608 ) ;
#646 = CARTESIAN_POINT ( 'NONE',  ( 8.281999999999992923, 14.84999999999999964, -0.1200000000000001898 ) ) ;
#647 = EDGE_CURVE ( 'NONE', #1107, #1790, #465, .T. ) ;
#648 = ORIENTED_EDGE ( 'NONE', *, *, #1312, .F. ) ;
#649 = LINE ( 'NONE', #1204, #329 ) ;
#650 = APPLICATION_CONTEXT ( 'automotive_design' ) ;
#651 = AXIS2_PLACEMENT_3D ( 'NONE', #552, #1500, #1207 ) ;
#652 = VERTEX_POINT ( 'NONE', #1398 ) ;
#653 = LENGTH_MEASURE_WITH_UNIT ( LENGTH_MEASURE( 0.02539999999999999897 ), #1346 );
#654 = AXIS2_PLACEMENT_3D ( 'NONE', #323, #573, #197 ) ;
#655 = DIRECTION ( 'NONE',  ( 1.113524997417497362E-16, -1.000000000000000000, -3.711749991391661982E-17 ) ) ;
#656 = ORIENTED_EDGE ( 'NONE', *, *, #29, .T. ) ;
#657 = DIRECTION ( 'NONE',  ( 0.000000000000000000, -3.167359992654217830E-15, 1.000000000000000000 ) ) ;
#658 = VECTOR ( 'NONE', #173, 39.37007874015748143 ) ;
#659 = ADVANCED_FACE ( 'NONE', ( #189 ), #593, .T. ) ;
#660 = ORIENTED_EDGE ( 'NONE', *, *, #1637, .F. ) ;
#661 = CARTESIAN_POINT ( 'NONE',  ( -8.282000000000000028, 14.91000000000000014, -0.1199999999999998151 ) ) ;
#662 = EDGE_CURVE ( 'NONE', #158, #1269, #58, .T. ) ;
#663 = ORIENTED_EDGE ( 'NONE', *, *, #662, .T. ) ;
#664 = DIRECTION ( 'NONE',  ( 1.000000000000000000, -0.000000000000000000, 0.000000000000000000 ) ) ;
#665 = AXIS2_PLACEMENT_3D ( 'NONE', #1077, #833, #272 ) ;
#666 = AXIS2_PLACEMENT_3D ( 'NONE', #880, #895, #318 ) ;
#667 = FACE_OUTER_BOUND ( 'NONE', #1063, .T. ) ;
#668 = DIRECTION ( 'NONE',  ( -3.167359992654216647E-15, 0.000000000000000000, -1.000000000000000000 ) ) ;
#669 = LINE ( 'NONE', #1535, #1751 ) ;
#670 = ORIENTED_EDGE ( 'NONE', *, *, #1472, .F. ) ;
#671 = FACE_OUTER_BOUND ( 'NONE', #1246, .T. ) ;
#672 = ORIENTED_EDGE ( 'NONE', *, *, #543, .T. ) ;
#673 = LINE ( 'NONE', #405, #991 ) ;
#674 = EDGE_CURVE ( 'NONE', #203, #826, #1205, .T. ) ;
#675 = VECTOR ( 'NONE', #12, 39.37007874015748143 ) ;
#676 = CARTESIAN_POINT ( 'NONE',  ( 8.059999999999996945, 12.50000000000000000, 0.000000000000000000 ) ) ;
#677 = DIRECTION ( 'NONE',  ( -3.167359992654217435E-15, 3.167359992654217830E-15, -1.000000000000000000 ) ) ;
#678 = ORIENTED_EDGE ( 'NONE', *, *, #1664, .F. ) ;
#679 = DIRECTION ( 'NONE',  ( 0.000000000000000000, 0.000000000000000000, 1.000000000000000000 ) ) ;
#680 = DIRECTION ( 'NONE',  ( 0.000000000000000000, -0.000000000000000000, -1.000000000000000000 ) ) ;
#681 = ORIENTED_EDGE ( 'NONE', *, *, #248, .F. ) ;
#682 = DIRECTION ( 'NONE',  ( 0.000000000000000000, 0.000000000000000000, 1.000000000000000000 ) ) ;
#683 = ORIENTED_EDGE ( 'NONE', *, *, #834, .F. ) ;
#684 = PLANE ( 'NONE',  #521 ) ;
#685 = CIRCLE ( 'NONE', #651, 0.1560000000000001941 ) ;
#686 = DIRECTION ( 'NONE',  ( -1.000000000000000000, 0.000000000000000000, 0.000000000000000000 ) ) ;
#687 = EDGE_CURVE ( 'NONE', #1405, #641, #1158, .T. ) ;
#688 = LINE ( 'NONE', #1241, #88 ) ;
#689 = CARTESIAN_POINT ( 'NONE',  ( 8.404999999999999361, -14.72599999999999376, -0.06000000000000238476 ) ) ;
#690 = DIRECTION ( 'NONE',  ( 4.179061116225493438E-31, -6.334719985308434871E-15, 1.000000000000000000 ) ) ;
#691 = AXIS2_PLACEMENT_3D ( 'NONE', #762, #1047, #1171 ) ;
#692 = ORIENTED_EDGE ( 'NONE', *, *, #499, .F. ) ;
#693 = DIRECTION ( 'NONE',  ( 1.000000000000000000, 0.000000000000000000, 0.000000000000000000 ) ) ;
#694 = ORIENTED_EDGE ( 'NONE', *, *, #1173, .T. ) ;
#695 = DIRECTION ( 'NONE',  ( 0.000000000000000000, 0.000000000000000000, 1.000000000000000000 ) ) ;
#696 = CARTESIAN_POINT ( 'NONE',  ( 8.059999999999996945, -12.50000000000000000, -0.7500000000000003331 ) ) ;
#697 = DIRECTION ( 'NONE',  ( 8.741913579725612322E-15, -1.000000000000000000, -0.000000000000000000 ) ) ;
#698 = ORIENTED_EDGE ( 'NONE', *, *, #1043, .F. ) ;
#699 = VECTOR ( 'NONE', #1254, 39.37007874015748143 ) ;
#700 = LINE ( 'NONE', #391, #699 ) ;
#701 = CARTESIAN_POINT ( 'NONE',  ( -8.281999999999996476, 14.84999999999999964, -0.1200000000000001898 ) ) ;
#702 = EDGE_CURVE ( 'NONE', #1570, #842, #1119, .T. ) ;
#703 = ORIENTED_EDGE ( 'NONE', *, *, #951, .T. ) ;
#704 = CARTESIAN_POINT ( 'NONE',  ( -8.282000000000000028, -14.96999999999999886, 0.000000000000000000 ) ) ;
#705 = DIRECTION ( 'NONE',  ( 1.776811703196272639E-14, -1.000000000000000000, 0.000000000000000000 ) ) ;
#706 = DIRECTION ( 'NONE',  ( 0.000000000000000000, -1.000000000000000000, 3.130242492740249268E-15 ) ) ;
#707 = ORIENTED_EDGE ( 'NONE', *, *, #620, .F. ) ;
#708 = AXIS2_PLACEMENT_3D ( 'NONE', #1444, #1721, #761 ) ;
#709 = CARTESIAN_POINT ( 'NONE',  ( -8.285000000000001918, -14.71999999999999886, -0.06000000000000173250 ) ) ;
#710 = CARTESIAN_POINT ( 'NONE',  ( -8.221000000000001862, 12.50000000000000000, -0.06000000000000004635 ) ) ;
#711 = EDGE_CURVE ( 'NONE', #1728, #1269, #1678, .T. ) ;
#712 = ORIENTED_EDGE ( 'NONE', *, *, #1281, .F. ) ;
#713 = LINE ( 'NONE', #293, #881 ) ;
#714 = ORIENTED_EDGE ( 'NONE', *, *, #1762, .F. ) ;
#715 = CARTESIAN_POINT ( 'NONE',  ( 8.345000000000004192, -14.71999999999999531, -0.7500000000000003331 ) ) ;
#716 = LINE ( 'NONE', #1148, #1529 ) ;
#717 = VERTEX_POINT ( 'NONE', #1270 ) ;
#718 = FACE_OUTER_BOUND ( 'NONE', #109, .T. ) ;
#719 = VECTOR ( 'NONE', #1510, 39.37007874015748143 ) ;
#720 = FACE_OUTER_BOUND ( 'NONE', #154, .T. ) ;
#721 = VERTEX_POINT ( 'NONE', #1689 ) ;
#722 = AXIS2_PLACEMENT_3D ( 'NONE', #609, #1015, #603 ) ;
#723 =( GEOMETRIC_REPRESENTATION_CONTEXT ( 3 ) GLOBAL_UNCERTAINTY_ASSIGNED_CONTEXT ( ( #1253 ) ) GLOBAL_UNIT_ASSIGNED_CONTEXT ( ( #1006, #849, #1130 ) ) REPRESENTATION_CONTEXT ( 'NONE', 'WORKASPACE' ) );
#724 = LINE ( 'NONE', #1137, #555 ) ;
#725 = EDGE_CURVE ( 'NONE', #1794, #1790, #1568, .T. ) ;
#726 = VERTEX_POINT ( 'NONE', #998 ) ;
#727 = LINE ( 'NONE', #1280, #1416 ) ;
#728 = EDGE_CURVE ( 'NONE', #1743, #355, #1550, .T. ) ;
#729 = ORIENTED_EDGE ( 'NONE', *, *, #778, .F. ) ;
#730 = DIRECTION ( 'NONE',  ( -1.776811703196256862E-14, 1.000000000000000000, 0.000000000000000000 ) ) ;
#731 = CARTESIAN_POINT ( 'NONE',  ( -8.279000000000001691, 14.72600000000000264, -0.05999999999999999778 ) ) ;
#732 = AXIS2_PLACEMENT_3D ( 'NONE', #1512, #133, #1522 ) ;
#733 = ORIENTED_EDGE ( 'NONE', *, *, #1023, .F. ) ;
#734 = DIRECTION ( 'NONE',  ( 1.000000000000000000, -1.776811703196272323E-14, 0.000000000000000000 ) ) ;
#735 = DIRECTION ( 'NONE',  ( 3.167359992654217435E-15, -3.167359992654217830E-15, 1.000000000000000000 ) ) ;
#736 = ORIENTED_EDGE ( 'NONE', *, *, #62, .T. ) ;
#737 = DIRECTION ( 'NONE',  ( 1.000000000000000000, 0.000000000000000000, 0.000000000000000000 ) ) ;
#738 = LINE ( 'NONE', #1022, #546 ) ;
#739 = CARTESIAN_POINT ( 'NONE',  ( 0.000000000000000000, 0.000000000000000000, 0.000000000000000000 ) ) ;
#740 = EDGE_CURVE ( 'NONE', #628, #1570, #727, .T. ) ;
#741 = ORIENTED_EDGE ( 'NONE', *, *, #69, .T. ) ;
#742 = DIRECTION ( 'NONE',  ( 0.000000000000000000, 1.000000000000000000, 0.000000000000000000 ) ) ;
#743 = DIRECTION ( 'NONE',  ( -0.000000000000000000, -0.000000000000000000, 1.000000000000000000 ) ) ;
#744 = CIRCLE ( 'NONE', #1262, 0.06000000000000099698 ) ;
#745 = VERTEX_POINT ( 'NONE', #1445 ) ;
#746 = VERTEX_POINT ( 'NONE', #1453 ) ;
#747 = CARTESIAN_POINT ( 'NONE',  ( 8.281999999999994699, 14.97000000000000064, -0.1199999999999994404 ) ) ;
#748 = ORIENTED_EDGE ( 'NONE', *, *, #41, .F. ) ;
#749 = ADVANCED_FACE ( 'NONE', ( #227 ), #212, .F. ) ;
#750 = DIRECTION ( 'NONE',  ( 0.000000000000000000, 0.000000000000000000, 1.000000000000000000 ) ) ;
#751 = FACE_OUTER_BOUND ( 'NONE', #1741, .T. ) ;
#752 = VECTOR ( 'NONE', #1102, 39.37007874015748143 ) ;
#753 = FACE_OUTER_BOUND ( 'NONE', #1600, .T. ) ;
#754 = ORIENTED_EDGE ( 'NONE', *, *, #840, .T. ) ;
#755 = PLANE ( 'NONE',  #1437 ) ;
#756 = CARTESIAN_POINT ( 'NONE',  ( -8.282000000000000028, 14.97000000000000597, -0.7499999999999998890 ) ) ;
#757 = EDGE_CURVE ( 'NONE', #1067, #8, #71, .T. ) ;
#758 = FACE_OUTER_BOUND ( 'NONE', #262, .T. ) ;
#759 = VECTOR ( 'NONE', #679, 39.37007874015748143 ) ;
#760 = AXIS2_PLACEMENT_3D ( 'NONE', #119, #664, #161 ) ;
#761 = DIRECTION ( 'NONE',  ( 0.000000000000000000, 0.000000000000000000, 1.000000000000000000 ) ) ;
#762 = CARTESIAN_POINT ( 'NONE',  ( 8.059999999999996945, 12.50000000000000000, -0.06000000000000004635 ) ) ;
#763 = ORIENTED_EDGE ( 'NONE', *, *, #1073, .T. ) ;
#764 = DIRECTION ( 'NONE',  ( -0.000000000000000000, 0.000000000000000000, 1.000000000000000000 ) ) ;
#765 = FACE_OUTER_BOUND ( 'NONE', #1463, .T. ) ;
#766 = VECTOR ( 'NONE', #1443, 39.37007874015748143 ) ;
#767 = EDGE_CURVE ( 'NONE', #171, #780, #1035, .T. ) ;
#768 = CARTESIAN_POINT ( 'NONE',  ( -8.282000000000000028, -14.72599999999999731, -0.05999999999999999778 ) ) ;
#769 = VERTEX_POINT ( 'NONE', #369 ) ;
#770 = CARTESIAN_POINT ( 'NONE',  ( -8.345000000000002416, -14.71999999999999531, -0.7500000000000002220 ) ) ;
#771 = ORIENTED_EDGE ( 'NONE', *, *, #1616, .T. ) ;
#772 = PLANE ( 'NONE',  #1039 ) ;
#773 = CIRCLE ( 'NONE', #837, 0.1200000000000010086 ) ;
#774 = ORIENTED_EDGE ( 'NONE', *, *, #1230, .F. ) ;
#775 = CARTESIAN_POINT ( 'NONE',  ( 8.281999999999996476, -14.84999999999999787, -0.05999999999999901246 ) ) ;
#776 = ORIENTED_EDGE ( 'NONE', *, *, #1193, .T. ) ;
#777 = VECTOR ( 'NONE', #179, 39.37007874015748143 ) ;
#778 = EDGE_CURVE ( 'NONE', #306, #726, #1441, .T. ) ;
#779 = LINE ( 'NONE', #1744, #1034 ) ;
#780 = VERTEX_POINT ( 'NONE', #508 ) ;
#781 = CARTESIAN_POINT ( 'NONE',  ( 8.278999999999999915, 14.72000000000000419, -0.06000000000000238476 ) ) ;
#782 = VERTEX_POINT ( 'NONE', #919 ) ;
#783 = DIRECTION ( 'NONE',  ( 0.000000000000000000, 0.000000000000000000, 1.000000000000000000 ) ) ;
#784 = CIRCLE ( 'NONE', #472, 0.1560000000000001941 ) ;
#785 = VERTEX_POINT ( 'NONE', #768 ) ;
#786 = FACE_OUTER_BOUND ( 'NONE', #380, .T. ) ;
#787 = EDGE_CURVE ( 'NONE', #1608, #842, #236, .T. ) ;
#788 = ORIENTED_EDGE ( 'NONE', *, *, #218, .T. ) ;
#789 = CARTESIAN_POINT ( 'NONE',  ( 7.916487786518031094E-18, 14.91000000000000014, 9.483075818006725893E-14 ) ) ;
#790 = EDGE_LOOP ( 'NONE', ( #1780, #845, #95, #1149 ) ) ;
#791 = DIRECTION ( 'NONE',  ( 0.000000000000000000, 0.000000000000000000, 1.000000000000000000 ) ) ;
#792 = ORIENTED_EDGE ( 'NONE', *, *, #82, .T. ) ;
#793 = DIRECTION ( 'NONE',  ( -1.000000000000000000, 0.000000000000000000, 0.000000000000000000 ) ) ;
#794 = DIRECTION ( 'NONE',  ( -1.000000000000000000, -1.113524997417488487E-16, 3.169856808907805887E-15 ) ) ;
#795 = VERTEX_POINT ( 'NONE', #890 ) ;
#796 = EDGE_CURVE ( 'NONE', #60, #931, #897, .T. ) ;
#797 = DIRECTION ( 'NONE',  ( 0.000000000000000000, 0.000000000000000000, 1.000000000000000000 ) ) ;
#798 = EDGE_CURVE ( 'NONE', #574, #203, #1037, .T. ) ;
#799 = EDGE_LOOP ( 'NONE', ( #548, #271 ) ) ;
#800 = PLANE ( 'NONE',  #1353 ) ;
#801 = VECTOR ( 'NONE', #901, 39.37007874015748143 ) ;
#802 = ORIENTED_EDGE ( 'NONE', *, *, #1623, .T. ) ;
#803 = PLANE ( 'NONE',  #760 ) ;
#804 = CARTESIAN_POINT ( 'NONE',  ( 8.281999999999994699, 14.91000000000000014, -0.1199999999999998151 ) ) ;
#805 = AXIS2_PLACEMENT_3D ( 'NONE', #1214, #7, #263 ) ;
#806 = CARTESIAN_POINT ( 'NONE',  ( 8.059999999999996945, -12.50000000000000000, -0.7500000000000003331 ) ) ;
#807 = PRODUCT_DEFINITION_FORMATION_WITH_SPECIFIED_SOURCE ( 'ANY', '', #1555, .NOT_KNOWN. ) ;
#808 = ORIENTED_EDGE ( 'NONE', *, *, #142, .F. ) ;
#809 = CARTESIAN_POINT ( 'NONE',  ( -8.344999999999998863, -14.71999999999999886, -0.1199999999999992600 ) ) ;
#810 = AXIS2_PLACEMENT_3D ( 'NONE', #275, #1249, #956 ) ;
#811 = EDGE_CURVE ( 'NONE', #1067, #1038, #375, .T. ) ;
#812 = EDGE_LOOP ( 'NONE', ( #470, #174, #569, #1050 ) ) ;
#813 = PLANE ( 'NONE',  #665 ) ;
#814 = ORIENTED_EDGE ( 'NONE', *, *, #1623, .F. ) ;
#815 = DIRECTION ( 'NONE',  ( 1.000000000000000000, -1.776811703196272639E-14, 0.000000000000000000 ) ) ;
#816 = VECTOR ( 'NONE', #1374, 39.37007874015748143 ) ;
#817 = VECTOR ( 'NONE', #394, 39.37007874015748143 ) ;
#818 = LINE ( 'NONE', #1081, #1150 ) ;
#819 = CARTESIAN_POINT ( 'NONE',  ( -8.065000000000001279, -12.50000000000000000, 0.000000000000000000 ) ) ;
#820 = UNCERTAINTY_MEASURE_WITH_UNIT (LENGTH_MEASURE( 1.000000000000000082E-05 ), #1768, 'distance_accuracy_value', 'NONE');
#821 = DIRECTION ( 'NONE',  ( -1.000000000000000000, 0.000000000000000000, 0.000000000000000000 ) ) ;
#822 = CARTESIAN_POINT ( 'NONE',  ( 0.000000000000000000, -14.96999999999999886, 4.762486797036420358E-14 ) ) ;
#823 = EDGE_LOOP ( 'NONE', ( #1065, #1099, #602, #656 ) ) ;
#824 = FACE_OUTER_BOUND ( 'NONE', #823, .T. ) ;
#825 = EDGE_CURVE ( 'NONE', #1624, #414, #1436, .T. ) ;
#826 = VERTEX_POINT ( 'NONE', #205 ) ;
#827 = DIRECTION ( 'NONE',  ( 0.000000000000000000, 0.000000000000000000, 1.000000000000000000 ) ) ;
#828 = DIRECTION ( 'NONE',  ( 1.000000000000000000, 0.000000000000000000, 0.000000000000000000 ) ) ;
#829 = DIRECTION ( 'NONE',  ( 1.000000000000000000, 0.000000000000000000, 0.000000000000000000 ) ) ;
#830 = PLANE ( 'NONE',  #732 ) ;
#831 = DIRECTION ( 'NONE',  ( 1.000000000000000000, 0.000000000000000000, 0.000000000000000000 ) ) ;
#832 = ORIENTED_EDGE ( 'NONE', *, *, #1607, .T. ) ;
#833 = DIRECTION ( 'NONE',  ( 1.000000000000000000, 0.000000000000000000, 0.000000000000000000 ) ) ;
#834 = EDGE_CURVE ( 'NONE', #402, #745, #356, .T. ) ;
#835 = ORIENTED_EDGE ( 'NONE', *, *, #1718, .F. ) ;
#836 = DIRECTION ( 'NONE',  ( 0.000000000000000000, -1.000000000000000000, 0.000000000000000000 ) ) ;
#837 = AXIS2_PLACEMENT_3D ( 'NONE', #140, #686, #838 ) ;
#838 = DIRECTION ( 'NONE',  ( 0.000000000000000000, 0.000000000000000000, 1.000000000000000000 ) ) ;
#839 = DIRECTION ( 'NONE',  ( 0.000000000000000000, 0.000000000000000000, -1.000000000000000000 ) ) ;
#840 = EDGE_CURVE ( 'NONE', #291, #169, #624, .T. ) ;
#841 = ADVANCED_FACE ( 'NONE', ( #753 ), #494, .F. ) ;
#842 = VERTEX_POINT ( 'NONE', #1029 ) ;
#843 = PLANE ( 'NONE',  #1686 ) ;
#844 = LINE ( 'NONE', #1095, #1457 ) ;
#845 = ORIENTED_EDGE ( 'NONE', *, *, #787, .T. ) ;
#846 = CARTESIAN_POINT ( 'NONE',  ( -8.404999999999999361, -14.71999999999999886, -1.979238947328080687E-14 ) ) ;
#847 = FACE_OUTER_BOUND ( 'NONE', #515, .T. ) ;
#848 = DIRECTION ( 'NONE',  ( -3.167359992654216647E-15, 0.000000000000000000, -1.000000000000000000 ) ) ;
#849 =( NAMED_UNIT ( * ) PLANE_ANGLE_UNIT ( ) SI_UNIT ( $, .RADIAN. ) );
#850 = ORIENTED_EDGE ( 'NONE', *, *, #378, .T. ) ;
#851 = VECTOR ( 'NONE', #1355, 39.37007874015748143 ) ;
#852 = ADVANCED_FACE ( 'NONE', ( #65 ), #1460, .F. ) ;
#853 = DIRECTION ( 'NONE',  ( 0.000000000000000000, -1.000000000000000000, 0.000000000000000000 ) ) ;
#854 = LINE ( 'NONE', #567, #675 ) ;
#855 = ORIENTED_EDGE ( 'NONE', *, *, #711, .T. ) ;
#856 = LINE ( 'NONE', #704, #633 ) ;
#857 = EDGE_LOOP ( 'NONE', ( #866, #604 ) ) ;
#858 = DIRECTION ( 'NONE',  ( 0.000000000000000000, 0.000000000000000000, 1.000000000000000000 ) ) ;
#859 = VERTEX_POINT ( 'NONE', #1165 ) ;
#860 = LINE ( 'NONE', #1160, #187 ) ;
#861 = EDGE_CURVE ( 'NONE', #644, #785, #1335, .T. ) ;
#862 = CARTESIAN_POINT ( 'NONE',  ( 8.281999999999994699, 14.91000000000000192, -0.1199999999999998151 ) ) ;
#863 = ORIENTED_EDGE ( 'NONE', *, *, #1268, .T. ) ;
#864 = EDGE_CURVE ( 'NONE', #1367, #311, #642, .T. ) ;
#865 = LINE ( 'NONE', #1537, #1653 ) ;
#866 = ORIENTED_EDGE ( 'NONE', *, *, #1504, .F. ) ;
#867 = CARTESIAN_POINT ( 'NONE',  ( -8.065000000000001279, 12.50000000000000000, 0.000000000000000000 ) ) ;
#868 = VERTEX_POINT ( 'NONE', #478 ) ;
#869 = LINE ( 'NONE', #709, #1120 ) ;
#870 = LINE ( 'NONE', #1419, #124 ) ;
#871 = VERTEX_POINT ( 'NONE', #1584 ) ;
#872 = AXIS2_PLACEMENT_3D ( 'NONE', #464, #1430, #706 ) ;
#873 = FACE_OUTER_BOUND ( 'NONE', #298, .T. ) ;
#874 = DIRECTION ( 'NONE',  ( -0.000000000000000000, 0.000000000000000000, -1.000000000000000000 ) ) ;
#875 = ADVANCED_FACE ( 'NONE', ( #1641 ), #800, .F. ) ;
#876 = ORIENTED_EDGE ( 'NONE', *, *, #1557, .F. ) ;
#877 = CARTESIAN_POINT ( 'NONE',  ( 8.215999999999997527, -12.50000000000000000, -0.7500000000000003331 ) ) ;
#878 = ORIENTED_EDGE ( 'NONE', *, *, #1302, .F. ) ;
#879 = LINE ( 'NONE', #588, #37 ) ;
#880 = CARTESIAN_POINT ( 'NONE',  ( 8.281999999999996476, 14.97000000000000419, -0.05999999999999999778 ) ) ;
#881 = VECTOR ( 'NONE', #47, 39.37007874015748143 ) ;
#882 = EDGE_LOOP ( 'NONE', ( #10, #1435, #1260, #182 ) ) ;
#883 = DIRECTION ( 'NONE',  ( 1.000000000000000000, -0.000000000000000000, -0.000000000000000000 ) ) ;
#884 = DIRECTION ( 'NONE',  ( -0.000000000000000000, -0.000000000000000000, 1.000000000000000000 ) ) ;
#885 = EDGE_CURVE ( 'NONE', #416, #1277, #1098, .T. ) ;
#886 = LENGTH_MEASURE_WITH_UNIT ( LENGTH_MEASURE( 0.02539999999999999897 ), #436 );
#887 = CYLINDRICAL_SURFACE ( 'NONE', #576, 0.1560000000000001941 ) ;
#888 = CARTESIAN_POINT ( 'NONE',  ( 8.215999999999997527, 12.50000000000000000, -0.06000000000000004635 ) ) ;
#889 = EDGE_LOOP ( 'NONE', ( #282, #1536, #390, #850 ) ) ;
#890 = CARTESIAN_POINT ( 'NONE',  ( -8.221000000000001862, -12.50000000000000000, -0.06000000000000004635 ) ) ;
#891 = ORIENTED_EDGE ( 'NONE', *, *, #1726, .F. ) ;
#892 = ADVANCED_FACE ( 'NONE', ( #671 ), #943, .T. ) ;
#893 = DIRECTION ( 'NONE',  ( -0.000000000000000000, -0.000000000000000000, 1.000000000000000000 ) ) ;
#894 = ADVANCED_FACE ( 'NONE', ( #516 ), #549, .F. ) ;
#895 = DIRECTION ( 'NONE',  ( -1.000000000000000000, 0.000000000000000000, -0.000000000000000000 ) ) ;
#896 = CARTESIAN_POINT ( 'NONE',  ( 7.903999999999997250, 12.50000000000000000, -0.7500000000000003331 ) ) ;
#897 = CIRCLE ( 'NONE', #488, 0.1199999999999977474 ) ;
#898 = DIRECTION ( 'NONE',  ( -1.751623080406021339E-46, 6.334719985308434871E-15, -1.000000000000000000 ) ) ;
#899 = ORIENTED_EDGE ( 'NONE', *, *, #1516, .F. ) ;
#900 = AXIS2_PLACEMENT_3D ( 'NONE', #1738, #1456, #1747 ) ;
#901 = DIRECTION ( 'NONE',  ( -4.751039988981325759E-15, 3.167359992654217830E-15, 1.000000000000000000 ) ) ;
#902 = DIRECTION ( 'NONE',  ( 0.000000000000000000, 6.334719985308433293E-15, -1.000000000000000000 ) ) ;
#903 = ADVANCED_FACE ( 'NONE', ( #1108 ), #116, .F. ) ;
#904 = AXIS2_PLACEMENT_3D ( 'NONE', #1433, #450, #200 ) ;
#905 = AXIS2_PLACEMENT_3D ( 'NONE', #622, #1451, #217 ) ;
#906 = DIRECTION ( 'NONE',  ( 0.000000000000000000, -3.167359992654217830E-15, -1.000000000000000000 ) ) ;
#907 = ORIENTED_EDGE ( 'NONE', *, *, #1060, .T. ) ;
#908 = LINE ( 'NONE', #1587, #1465 ) ;
#909 = CARTESIAN_POINT ( 'NONE',  ( -8.345000000000005969, 14.72000000000000242, -0.7500000000000003331 ) ) ;
#910 = EDGE_CURVE ( 'NONE', #1231, #1608, #1507, .T. ) ;
#911 = EDGE_LOOP ( 'NONE', ( #337, #1549, #692, #1755 ) ) ;
#912 = DIRECTION ( 'NONE',  ( 0.000000000000000000, 0.000000000000000000, -1.000000000000000000 ) ) ;
#913 = ORIENTED_EDGE ( 'NONE', *, *, #811, .T. ) ;
#914 = CARTESIAN_POINT ( 'NONE',  ( -8.281999999999996476, 14.84999999999999964, -0.1200000000000001898 ) ) ;
#915 = VERTEX_POINT ( 'NONE', #1235 ) ;
#916 = DIRECTION ( 'NONE',  ( 0.000000000000000000, 1.000000000000000000, 6.402768735150510656E-15 ) ) ;
#917 = AXIS2_PLACEMENT_3D ( 'NONE', #676, #929, #1657 ) ;
#918 = EDGE_LOOP ( 'NONE', ( #788, #1025, #572, #754 ) ) ;
#919 = CARTESIAN_POINT ( 'NONE',  ( 8.278999999999999915, -14.72599999999999376, -0.05999999999999999778 ) ) ;
#920 = ADVANCED_FACE ( 'NONE', ( #1224 ), #413, .F. ) ;
#921 = ORIENTED_EDGE ( 'NONE', *, *, #128, .T. ) ;
#922 = AXIS2_PLACEMENT_3D ( 'NONE', #1602, #1749, #1306 ) ;
#923 = CARTESIAN_POINT ( 'NONE',  ( 8.344999999999997087, -14.71999999999999353, -0.1199999999999998151 ) ) ;
#924 = PLANE ( 'NONE',  #1682 ) ;
#925 = VERTEX_POINT ( 'NONE', #1775 ) ;
#926 = CARTESIAN_POINT ( 'NONE',  ( 8.404999999999999361, -14.72599999999999376, -0.06000000000000238476 ) ) ;
#927 = EDGE_CURVE ( 'NONE', #1138, #1631, #526, .T. ) ;
#928 = ORIENTED_EDGE ( 'NONE', *, *, #201, .T. ) ;
#929 = DIRECTION ( 'NONE',  ( 0.000000000000000000, 0.000000000000000000, 1.000000000000000000 ) ) ;
#930 = ADVANCED_FACE ( 'NONE', ( #281 ), #813, .F. ) ;
#931 = VERTEX_POINT ( 'NONE', #1478 ) ;
#932 = DIRECTION ( 'NONE',  ( 0.000000000000000000, -1.000000000000000000, -6.334719985308433293E-15 ) ) ;
#933 = VERTEX_POINT ( 'NONE', #560 ) ;
#934 = DIRECTION ( 'NONE',  ( -0.000000000000000000, -0.000000000000000000, 1.000000000000000000 ) ) ;
#935 = CIRCLE ( 'NONE', #100, 0.1560000000000001941 ) ;
#936 = VERTEX_POINT ( 'NONE', #1486 ) ;
#937 = CARTESIAN_POINT ( 'NONE',  ( -8.282000000000000028, -14.91000000000000014, -0.7500000000000003331 ) ) ;
#938 = CYLINDRICAL_SURFACE ( 'NONE', #1674, 0.1199999999999976225 ) ;
#939 = CARTESIAN_POINT ( 'NONE',  ( -8.282000000000000028, -14.84999999999999787, 9.902948977032954413E-16 ) ) ;
#940 = ADVANCED_FACE ( 'NONE', ( #824 ), #243, .F. ) ;
#941 = DIRECTION ( 'NONE',  ( 1.000000000000000000, 1.113524997417498594E-16, -3.167359992654216647E-15 ) ) ;
#942 = ORIENTED_EDGE ( 'NONE', *, *, #1023, .T. ) ;
#943 = PLANE ( 'NONE',  #400 ) ;
#944 = AXIS2_PLACEMENT_3D ( 'NONE', #541, #276, #1378 ) ;
#945 = EDGE_LOOP ( 'NONE', ( #1750, #623, #615, #1362 ) ) ;
#946 = CARTESIAN_POINT ( 'NONE',  ( -8.065000000000001279, -12.50000000000000000, -0.06000000000000004635 ) ) ;
#947 = CARTESIAN_POINT ( 'NONE',  ( 8.281999999999996476, 14.84999999999999964, -0.05999999999999999778 ) ) ;
#948 = AXIS2_PLACEMENT_3D ( 'NONE', #49, #1422, #40 ) ;
#949 =( GEOMETRIC_REPRESENTATION_CONTEXT ( 3 ) GLOBAL_UNCERTAINTY_ASSIGNED_CONTEXT ( ( #820 ) ) GLOBAL_UNIT_ASSIGNED_CONTEXT ( ( #1768, #1218, #334 ) ) REPRESENTATION_CONTEXT ( 'NONE', 'WORKASPACE' ) );
#950 = FACE_OUTER_BOUND ( 'NONE', #1304, .T. ) ;
#951 = EDGE_CURVE ( 'NONE', #644, #147, #1622, .T. ) ;
#952 = PLANE ( 'NONE',  #1700 ) ;
#953 = ORIENTED_EDGE ( 'NONE', *, *, #1458, .T. ) ;
#954 = CARTESIAN_POINT ( 'NONE',  ( 8.281999999999992923, 14.84999999999999964, 8.024803481388773574E-16 ) ) ;
#955 = ORIENTED_EDGE ( 'NONE', *, *, #1172, .F. ) ;
#956 = DIRECTION ( 'NONE',  ( -1.000000000000000000, 0.000000000000000000, -0.000000000000000000 ) ) ;
#957 = VECTOR ( 'NONE', #750, 39.37007874015748143 ) ;
#958 = LINE ( 'NONE', #415, #752 ) ;
#959 = DIRECTION ( 'NONE',  ( 1.000000000000000000, -1.776811703196272323E-14, 0.000000000000000000 ) ) ;
#960 = FACE_OUTER_BOUND ( 'NONE', #882, .T. ) ;
#961 = CARTESIAN_POINT ( 'NONE',  ( 8.278999999999999915, 14.72600000000000442, -0.06000000000000238476 ) ) ;
#962 = EDGE_CURVE ( 'NONE', #1187, #238, #127, .T. ) ;
#963 = ORIENTED_EDGE ( 'NONE', *, *, #687, .F. ) ;
#964 = DIRECTION ( 'NONE',  ( 0.000000000000000000, 0.000000000000000000, 1.000000000000000000 ) ) ;
#965 = EDGE_CURVE ( 'NONE', #1617, #925, #1186, .T. ) ;
#966 = ORIENTED_EDGE ( 'NONE', *, *, #757, .F. ) ;
#967 = LINE ( 'NONE', #551, #1597 ) ;
#968 = VECTOR ( 'NONE', #1651, 39.37007874015748143 ) ;
#969 = DIRECTION ( 'NONE',  ( -0.000000000000000000, -1.000000000000000000, -0.000000000000000000 ) ) ;
#970 = DIRECTION ( 'NONE',  ( 1.000000000000000000, 0.000000000000000000, 0.000000000000000000 ) ) ;
#971 = VERTEX_POINT ( 'NONE', #1795 ) ;
#972 = DIRECTION ( 'NONE',  ( 0.000000000000000000, 0.000000000000000000, -1.000000000000000000 ) ) ;
#973 = DIRECTION ( 'NONE',  ( 1.000000000000000000, 0.000000000000000000, -0.000000000000000000 ) ) ;
#974 = VERTEX_POINT ( 'NONE', #1384 ) ;
#975 = LINE ( 'NONE', #846, #1101 ) ;
#976 = ORIENTED_EDGE ( 'NONE', *, *, #1481, .T. ) ;
#977 = CARTESIAN_POINT ( 'NONE',  ( 8.278999999999999915, 0.000000000000000000, 0.000000000000000000 ) ) ;
#978 = EDGE_CURVE ( 'NONE', #102, #1277, #649, .T. ) ;
#979 = VECTOR ( 'NONE', #317, 39.37007874015748143 ) ;
#980 = ORIENTED_EDGE ( 'NONE', *, *, #1072, .T. ) ;
#981 = DIRECTION ( 'NONE',  ( -1.000000000000000000, -1.113524997417498841E-16, -3.491481338843133750E-15 ) ) ;
#982 = LINE ( 'NONE', #577, #1194 ) ;
#983 = ORIENTED_EDGE ( 'NONE', *, *, #1340, .T. ) ;
#984 = CARTESIAN_POINT ( 'NONE',  ( -8.282000000000000028, -14.97000000000000064, -0.7500000000000001110 ) ) ;
#985 = VECTOR ( 'NONE', #75, 39.37007874015748143 ) ;
#986 = ORIENTED_EDGE ( 'NONE', *, *, #177, .T. ) ;
#987 = LINE ( 'NONE', #877, #260 ) ;
#988 = EDGE_CURVE ( 'NONE', #433, #1425, #251, .T. ) ;
#989 = ORIENTED_EDGE ( 'NONE', *, *, #962, .F. ) ;
#990 = VECTOR ( 'NONE', #403, 39.37007874015748143 ) ;
#991 = VECTOR ( 'NONE', #827, 39.37007874015748143 ) ;
#992 = LINE ( 'NONE', #1142, #979 ) ;
#993 = ADVANCED_FACE ( 'NONE', ( #159 ), #1404, .F. ) ;
#994 = LINE ( 'NONE', #1382, #1431 ) ;
#995 = VERTEX_POINT ( 'NONE', #36 ) ;
#996 = DIRECTION ( 'NONE',  ( -0.000000000000000000, -1.000000000000000000, -0.000000000000000000 ) ) ;
#997 = ORIENTED_EDGE ( 'NONE', *, *, #965, .T. ) ;
#998 = CARTESIAN_POINT ( 'NONE',  ( 7.903999999999997250, 12.50000000000000000, -0.06000000000000004635 ) ) ;
#999 = CARTESIAN_POINT ( 'NONE',  ( 8.278999999999999915, 0.000000000000000000, 0.000000000000000000 ) ) ;
#1000 = DIRECTION ( 'NONE',  ( -1.113524997417498594E-16, 1.000000000000000000, 4.379057701015053347E-47 ) ) ;
#1001 = ADVANCED_FACE ( 'NONE', ( #320 ), #1421, .F. ) ;
#1002 = ORIENTED_EDGE ( 'NONE', *, *, #1341, .F. ) ;
#1003 = CARTESIAN_POINT ( 'NONE',  ( -8.405000000000001137, -14.71999999999999531, -0.7499999999999998890 ) ) ;
#1004 = ORIENTED_EDGE ( 'NONE', *, *, #811, .F. ) ;
#1005 = DIRECTION ( 'NONE',  ( 0.000000000000000000, -1.000000000000000000, 3.169856808907805887E-15 ) ) ;
#1006 =( CONVERSION_BASED_UNIT ( 'INCH', #886 ) LENGTH_UNIT ( ) NAMED_UNIT ( #1714 ) );
#1007 = EDGE_LOOP ( 'NONE', ( #729, #590 ) ) ;
#1008 = VECTOR ( 'NONE', #742, 39.37007874015748143 ) ;
#1009 = LINE ( 'NONE', #1545, #1385 ) ;
#1010 = CARTESIAN_POINT ( 'NONE',  ( 8.285000000000000142, -14.71999999999999353, -0.1200000000000001066 ) ) ;
#1011 = ADVANCED_FACE ( 'NONE', ( #1525 ), #581, .F. ) ;
#1012 = EDGE_LOOP ( 'NONE', ( #448, #748, #35, #672 ) ) ;
#1013 = VECTOR ( 'NONE', #898, 39.37007874015748143 ) ;
#1014 = CARTESIAN_POINT ( 'NONE',  ( -8.282000000000003581, 14.72600000000000264, 0.000000000000000000 ) ) ;
#1015 = DIRECTION ( 'NONE',  ( 0.000000000000000000, 1.000000000000000000, 0.000000000000000000 ) ) ;
#1016 = APPLICATION_PROTOCOL_DEFINITION ( 'draft international standard', 'automotive_design', 1998, #650 ) ;
#1017 = ORIENTED_EDGE ( 'NONE', *, *, #1557, .T. ) ;
#1018 = FACE_OUTER_BOUND ( 'NONE', #1468, .T. ) ;
#1019 = PLANE ( 'NONE',  #1450 ) ;
#1020 = VECTOR ( 'NONE', #1502, 39.37007874015748143 ) ;
#1021 = ORIENTED_EDGE ( 'NONE', *, *, #164, .T. ) ;
#1022 = CARTESIAN_POINT ( 'NONE',  ( -8.344999999999998863, -14.71999999999999886, -0.05999999999999997696 ) ) ;
#1023 = EDGE_CURVE ( 'NONE', #936, #1648, #6, .T. ) ;
#1024 = EDGE_CURVE ( 'NONE', #1666, #871, #856, .T. ) ;
#1025 = ORIENTED_EDGE ( 'NONE', *, *, #1664, .T. ) ;
#1026 = LINE ( 'NONE', #1581, #1350 ) ;
#1027 = LINE ( 'NONE', #476, #1045 ) ;
#1028 = DIRECTION ( 'NONE',  ( 8.741913579725610745E-15, -1.000000000000000000, 0.000000000000000000 ) ) ;
#1029 = CARTESIAN_POINT ( 'NONE',  ( 8.281999999999994699, 14.91000000000000547, -0.7500000000000003331 ) ) ;
#1030 = EDGE_CURVE ( 'NONE', #1624, #203, #865, .T. ) ;
#1031 = ORIENTED_EDGE ( 'NONE', *, *, #14, .F. ) ;
#1032 = CARTESIAN_POINT ( 'NONE',  ( -8.282000000000000028, -14.96999999999999886, -0.1199999999999996209 ) ) ;
#1033 = CARTESIAN_POINT ( 'NONE',  ( 8.215999999999997527, 12.50000000000000000, -0.7500000000000003331 ) ) ;
#1034 = VECTOR ( 'NONE', #1167, 39.37007874015748143 ) ;
#1035 = CIRCLE ( 'NONE', #1796, 0.06000000000000099698 ) ;
#1036 = VECTOR ( 'NONE', #655, 39.37007874015748143 ) ;
#1037 = LINE ( 'NONE', #486, #28 ) ;
#1038 = VERTEX_POINT ( 'NONE', #16 ) ;
#1039 = AXIS2_PLACEMENT_3D ( 'NONE', #1058, #1759, #86 ) ;
#1040 = EDGE_CURVE ( 'NONE', #238, #1277, #186, .T. ) ;
#1041 = DIRECTION ( 'NONE',  ( 0.000000000000000000, 3.167359992654216647E-15, 1.000000000000000000 ) ) ;
#1042 = FACE_OUTER_BOUND ( 'NONE', #945, .T. ) ;
#1043 = EDGE_CURVE ( 'NONE', #1089, #126, #975, .T. ) ;
#1044 = VECTOR ( 'NONE', #1399, 39.37007874015748143 ) ;
#1045 = VECTOR ( 'NONE', #44, 39.37007874015748143 ) ;
#1046 = CARTESIAN_POINT ( 'NONE',  ( 8.281999999999994699, 14.84999999999999964, -0.1200000000000001898 ) ) ;
#1047 = DIRECTION ( 'NONE',  ( 0.000000000000000000, 0.000000000000000000, -1.000000000000000000 ) ) ;
#1048 = ORIENTED_EDGE ( 'NONE', *, *, #543, .F. ) ;
#1049 = CARTESIAN_POINT ( 'NONE',  ( 8.059999999999996945, 12.50000000000000000, -0.7500000000000003331 ) ) ;
#1050 = ORIENTED_EDGE ( 'NONE', *, *, #1577, .T. ) ;
#1051 = CARTESIAN_POINT ( 'NONE',  ( 8.404999999999997584, 9.359177603294074485E-16, 4.014197998771862525E-14 ) ) ;
#1052 = EDGE_CURVE ( 'NONE', #769, #1107, #713, .T. ) ;
#1053 = ORIENTED_EDGE ( 'NONE', *, *, #517, .F. ) ;
#1054 = CARTESIAN_POINT ( 'NONE',  ( 0.000000000000000000, 14.97000000000000064, 9.504024706039784566E-14 ) ) ;
#1055 = ORIENTED_EDGE ( 'NONE', *, *, #284, .F. ) ;
#1056 = FACE_OUTER_BOUND ( 'NONE', #1279, .T. ) ;
#1057 = ORIENTED_EDGE ( 'NONE', *, *, #1312, .T. ) ;
#1058 = CARTESIAN_POINT ( 'NONE',  ( 8.404999999999999361, 14.72000000000000242, -0.7500000000000001110 ) ) ;
#1059 = VECTOR ( 'NONE', #1190, 39.37007874015748143 ) ;
#1060 = EDGE_CURVE ( 'NONE', #1292, #1231, #601, .T. ) ;
#1061 = ORIENTED_EDGE ( 'NONE', *, *, #471, .F. ) ;
#1062 = DIRECTION ( 'NONE',  ( 0.000000000000000000, -3.167359992654217435E-15, -1.000000000000000000 ) ) ;
#1063 = EDGE_LOOP ( 'NONE', ( #1706, #986, #1505, #1547 ) ) ;
#1064 = SURFACE_STYLE_USAGE ( .BOTH. , #1758 ) ;
#1065 = ORIENTED_EDGE ( 'NONE', *, *, #142, .T. ) ;
#1066 = LINE ( 'NONE', #381, #985 ) ;
#1067 = VERTEX_POINT ( 'NONE', #1396 ) ;
#1068 = CIRCLE ( 'NONE', #210, 0.1199999999999977335 ) ;
#1069 = CARTESIAN_POINT ( 'NONE',  ( 0.000000000000000000, -14.72599999999999376, -0.000000000000000000 ) ) ;
#1070 = ORIENTED_EDGE ( 'NONE', *, *, #647, .T. ) ;
#1071 = LINE ( 'NONE', #423, #1209 ) ;
#1072 = EDGE_CURVE ( 'NONE', #1038, #171, #1548, .T. ) ;
#1073 = EDGE_CURVE ( 'NONE', #859, #974, #520, .T. ) ;
#1074 = DIRECTION ( 'NONE',  ( 1.319414631086338608E-16, -1.000000000000000000, -3.491481338843134539E-15 ) ) ;
#1075 = CARTESIAN_POINT ( 'NONE',  ( -8.282000000000000028, -14.72599999999999731, -0.05999999999999999778 ) ) ;
#1076 = ORIENTED_EDGE ( 'NONE', *, *, #155, .T. ) ;
#1077 = CARTESIAN_POINT ( 'NONE',  ( -8.282000000000003581, 14.97000000000000064, -0.05999999999999999778 ) ) ;
#1078 = CIRCLE ( 'NONE', #1727, 0.1200000000000010086 ) ;
#1079 = ORIENTED_EDGE ( 'NONE', *, *, #1765, .T. ) ;
#1080 = LINE ( 'NONE', #1100, #851 ) ;
#1081 = CARTESIAN_POINT ( 'NONE',  ( -8.405000000000002913, -9.359177603294078429E-16, -0.7500000000000001110 ) ) ;
#1082 = EDGE_CURVE ( 'NONE', #1237, #925, #724, .T. ) ;
#1083 = DIRECTION ( 'NONE',  ( 1.000000000000000000, 0.000000000000000000, 0.000000000000000000 ) ) ;
#1084 = VERTEX_POINT ( 'NONE', #454 ) ;
#1085 = CARTESIAN_POINT ( 'NONE',  ( 8.278999999999999915, -14.72599999999999376, -0.06000000000000238476 ) ) ;
#1086 = CARTESIAN_POINT ( 'NONE',  ( -8.282000000000000028, -14.90999999999999837, -0.1199999999999998151 ) ) ;
#1087 = ORIENTED_EDGE ( 'NONE', *, *, #1442, .F. ) ;
#1088 = CARTESIAN_POINT ( 'NONE',  ( -8.279000000000001691, -14.72599999999999731, -0.06000000000000173250 ) ) ;
#1089 = VERTEX_POINT ( 'NONE', #1003 ) ;
#1090 = LINE ( 'NONE', #85, #514 ) ;
#1091 = CARTESIAN_POINT ( 'NONE',  ( 8.282000000000000028, -14.97000000000000064, -0.7499999999999998890 ) ) ;
#1092 = VECTOR ( 'NONE', #377, 39.37007874015748143 ) ;
#1093 = LINE ( 'NONE', #1668, #1740 ) ;
#1094 = ORIENTED_EDGE ( 'NONE', *, *, #1163, .F. ) ;
#1095 = CARTESIAN_POINT ( 'NONE',  ( 8.282000000000000028, -14.96999999999999886, -0.1199999999999996209 ) ) ;
#1096 = ADVANCED_FACE ( 'NONE', ( #960 ), #144, .F. ) ;
#1097 = EDGE_LOOP ( 'NONE', ( #138, #976, #997, #1491 ) ) ;
#1098 = LINE ( 'NONE', #954, #1176 ) ;
#1099 = ORIENTED_EDGE ( 'NONE', *, *, #332, .F. ) ;
#1100 = CARTESIAN_POINT ( 'NONE',  ( -8.221000000000001862, 12.50000000000000000, -0.7500000000000003331 ) ) ;
#1101 = VECTOR ( 'NONE', #735, 39.37007874015748143 ) ;
#1102 = DIRECTION ( 'NONE',  ( 0.000000000000000000, 0.000000000000000000, 1.000000000000000000 ) ) ;
#1103 = ORIENTED_EDGE ( 'NONE', *, *, #437, .T. ) ;
#1104 = FACE_OUTER_BOUND ( 'NONE', #503, .T. ) ;
#1105 = CARTESIAN_POINT ( 'NONE',  ( 8.278999999999999915, -14.71999999999999353, -0.000000000000000000 ) ) ;
#1106 = EDGE_CURVE ( 'NONE', #726, #306, #784, .T. ) ;
#1107 = VERTEX_POINT ( 'NONE', #1 ) ;
#1108 = FACE_OUTER_BOUND ( 'NONE', #1801, .T. ) ;
#1109 = ORIENTED_EDGE ( 'NONE', *, *, #1060, .F. ) ;
#1110 = CARTESIAN_POINT ( 'NONE',  ( 8.278999999999999915, 14.72000000000000419, -0.06000000000000238476 ) ) ;
#1111 = CARTESIAN_POINT ( 'NONE',  ( -8.279000000000001691, 14.72600000000000264, -0.06000000000000173250 ) ) ;
#1112 = ORIENTED_EDGE ( 'NONE', *, *, #209, .F. ) ;
#1113 = CARTESIAN_POINT ( 'NONE',  ( -8.282000000000003581, 14.72600000000000264, -0.05999999999999999778 ) ) ;
#1114 = DIRECTION ( 'NONE',  ( -0.000000000000000000, 0.000000000000000000, -1.000000000000000000 ) ) ;
#1115 = EDGE_LOOP ( 'NONE', ( #17, #426, #1605, #802 ) ) ;
#1116 = CARTESIAN_POINT ( 'NONE',  ( 8.285000000000000142, -14.71999999999999353, -0.1200000000000001066 ) ) ;
#1117 = ADVANCED_FACE ( 'NONE', ( #950 ), #288, .T. ) ;
#1118 = ORIENTED_EDGE ( 'NONE', *, *, #1340, .F. ) ;
#1119 = LINE ( 'NONE', #1676, #180 ) ;
#1120 = VECTOR ( 'NONE', #468, 39.37007874015748143 ) ;
#1121 = CARTESIAN_POINT ( 'NONE',  ( -8.282000000000000028, -14.84999999999999787, -0.05999999999999901246 ) ) ;
#1122 = ORIENTED_EDGE ( 'NONE', *, *, #978, .F. ) ;
#1123 = VECTOR ( 'NONE', #1742, 39.37007874015748143 ) ;
#1124 = CARTESIAN_POINT ( 'NONE',  ( 8.278999999999999915, -14.71999999999999353, -0.06000000000000238476 ) ) ;
#1125 = DIRECTION ( 'NONE',  ( 1.000000000000000000, 1.113524997417498841E-16, -3.491481338843133750E-15 ) ) ;
#1126 = ORIENTED_EDGE ( 'NONE', *, *, #507, .T. ) ;
#1127 = AXIS2_PLACEMENT_3D ( 'NONE', #1051, #1612, #638 ) ;
#1128 = ORIENTED_EDGE ( 'NONE', *, *, #962, .T. ) ;
#1129 = CARTESIAN_POINT ( 'NONE',  ( -7.909000000000001585, 12.50000000000000000, -0.7500000000000003331 ) ) ;
#1130 =( NAMED_UNIT ( * ) SI_UNIT ( $, .STERADIAN. ) SOLID_ANGLE_UNIT ( ) );
#1131 = EDGE_CURVE ( 'NONE', #971, #782, #524, .T. ) ;
#1132 = ORIENTED_EDGE ( 'NONE', *, *, #674, .F. ) ;
#1133 = VECTOR ( 'NONE', #1716, 39.37007874015748143 ) ;
#1134 = VECTOR ( 'NONE', #836, 39.37007874015748143 ) ;
#1135 = DIRECTION ( 'NONE',  ( 0.000000000000000000, 0.000000000000000000, -1.000000000000000000 ) ) ;
#1136 = CYLINDRICAL_SURFACE ( 'NONE', #301, 0.1560000000000001941 ) ;
#1137 = CARTESIAN_POINT ( 'NONE',  ( -7.909000000000001585, -12.50000000000000000, -0.7500000000000003331 ) ) ;
#1138 = VERTEX_POINT ( 'NONE', #1484 ) ;
#1139 = CARTESIAN_POINT ( 'NONE',  ( -8.279000000000001691, -14.72599999999999731, -0.05999999999999999778 ) ) ;
#1140 = ORIENTED_EDGE ( 'NONE', *, *, #1349, .T. ) ;
#1141 = ADVANCED_FACE ( 'NONE', ( #268 ), #843, .F. ) ;
#1142 = CARTESIAN_POINT ( 'NONE',  ( 8.285000000000000142, 14.72000000000000419, -0.06000000000000238476 ) ) ;
#1143 = CARTESIAN_POINT ( 'NONE',  ( 8.344999999999998863, -14.71999999999999176, -0.1199999999999998151 ) ) ;
#1144 = ORIENTED_EDGE ( 'NONE', *, *, #1255, .T. ) ;
#1145 = CARTESIAN_POINT ( 'NONE',  ( -8.282000000000000028, 14.91000000000000014, -0.06000000000000017125 ) ) ;
#1146 = DIRECTION ( 'NONE',  ( 0.000000000000000000, 0.000000000000000000, 1.000000000000000000 ) ) ;
#1147 = DIRECTION ( 'NONE',  ( 4.751039988981325759E-15, -3.167359992654217830E-15, -1.000000000000000000 ) ) ;
#1148 = CARTESIAN_POINT ( 'NONE',  ( -8.405000000000001137, 14.72000000000000242, 7.345468871045938396E-14 ) ) ;
#1149 = ORIENTED_EDGE ( 'NONE', *, *, #740, .F. ) ;
#1150 = VECTOR ( 'NONE', #1787, 39.37007874015748143 ) ;
#1151 = CARTESIAN_POINT ( 'NONE',  ( 0.000000000000000000, 14.72600000000000264, 0.000000000000000000 ) ) ;
#1152 = PRODUCT_RELATED_PRODUCT_CATEGORY ( 'part', '', ( #1555 ) ) ;
#1153 = DIRECTION ( 'NONE',  ( 0.000000000000000000, 0.000000000000000000, 1.000000000000000000 ) ) ;
#1154 = VERTEX_POINT ( 'NONE', #1244 ) ;
#1155 = VECTOR ( 'NONE', #98, 39.37007874015748143 ) ;
#1156 = EDGE_CURVE ( 'NONE', #782, #414, #111, .T. ) ;
#1157 = ADVANCED_FACE ( 'NONE', ( #1104 ), #830, .F. ) ;
#1158 = LINE ( 'NONE', #18, #1739 ) ;
#1159 = EDGE_LOOP ( 'NONE', ( #457, #1652 ) ) ;
#1160 = CARTESIAN_POINT ( 'NONE',  ( -8.282000000000000028, -14.91000000000000014, -0.7500000000000002220 ) ) ;
#1161 = DIRECTION ( 'NONE',  ( -1.000000000000000000, 0.000000000000000000, 3.130242492740420057E-15 ) ) ;
#1162 = CARTESIAN_POINT ( 'NONE',  ( 8.282000000000000028, -14.96999999999999886, -0.05999999999999999778 ) ) ;
#1163 = EDGE_CURVE ( 'NONE', #1166, #512, #1659, .T. ) ;
#1164 = DIRECTION ( 'NONE',  ( -0.000000000000000000, 3.167359992654217435E-15, 1.000000000000000000 ) ) ;
#1165 = CARTESIAN_POINT ( 'NONE',  ( 8.405000000000001137, -14.71999999999999353, -0.1199999999999995237 ) ) ;
#1166 = VERTEX_POINT ( 'NONE', #278 ) ;
#1167 = DIRECTION ( 'NONE',  ( -1.000000000000000000, -1.776811703196256546E-14, 0.000000000000000000 ) ) ;
#1168 = CARTESIAN_POINT ( 'NONE',  ( 8.405000000000001137, 9.359177603294078429E-16, -0.7500000000000001110 ) ) ;
#1169 = AXIS2_PLACEMENT_3D ( 'NONE', #150, #1698, #160 ) ;
#1170 = DIRECTION ( 'NONE',  ( 0.000000000000000000, -1.000000000000000000, 0.000000000000000000 ) ) ;
#1171 = DIRECTION ( 'NONE',  ( -1.000000000000000000, 0.000000000000000000, 0.000000000000000000 ) ) ;
#1172 = EDGE_CURVE ( 'NONE', #785, #871, #1371, .T. ) ;
#1173 = EDGE_CURVE ( 'NONE', #780, #785, #1393, .T. ) ;
#1174 = LINE ( 'NONE', #1729, #1059 ) ;
#1175 = CARTESIAN_POINT ( 'NONE',  ( -8.282000000000003581, 14.72600000000000264, -0.05999999999999999778 ) ) ;
#1176 = VECTOR ( 'NONE', #1496, 39.37007874015748143 ) ;
#1177 = CIRCLE ( 'NONE', #1242, 0.1560000000000001941 ) ;
#1178 = ORIENTED_EDGE ( 'NONE', *, *, #1072, .F. ) ;
#1179 = CARTESIAN_POINT ( 'NONE',  ( 8.282000000000000028, -14.90999999999999837, -0.05999999999999997696 ) ) ;
#1180 = CARTESIAN_POINT ( 'NONE',  ( -8.404999999999999361, -14.71999999999999886, 0.000000000000000000 ) ) ;
#1181 = DIRECTION ( 'NONE',  ( -0.000000000000000000, 1.000000000000000000, -0.000000000000000000 ) ) ;
#1182 = ADVANCED_FACE ( 'NONE', ( #398 ), #566, .T. ) ;
#1183 = ORIENTED_EDGE ( 'NONE', *, *, #1470, .F. ) ;
#1184 = FACE_OUTER_BOUND ( 'NONE', #1447, .T. ) ;
#1185 = CARTESIAN_POINT ( 'NONE',  ( -8.279000000000001691, -14.71999999999999886, 0.000000000000000000 ) ) ;
#1186 = CIRCLE ( 'NONE', #408, 0.1560000000000001941 ) ;
#1187 = VERTEX_POINT ( 'NONE', #1113 ) ;
#1188 = CARTESIAN_POINT ( 'NONE',  ( 8.404999999999999361, -14.71999999999999531, -0.05999999999999999778 ) ) ;
#1189 = EDGE_LOOP ( 'NONE', ( #455, #45, #1524, #1057 ) ) ;
#1190 = DIRECTION ( 'NONE',  ( 1.000000000000000000, -0.000000000000000000, -0.000000000000000000 ) ) ;
#1191 = EDGE_LOOP ( 'NONE', ( #1053, #776, #663, #741 ) ) ;
#1192 = FACE_OUTER_BOUND ( 'NONE', #1579, .T. ) ;
#1193 = EDGE_CURVE ( 'NONE', #196, #158, #1596, .T. ) ;
#1194 = VECTOR ( 'NONE', #1125, 39.37007874015748143 ) ;
#1195 = ORIENTED_EDGE ( 'NONE', *, *, #607, .T. ) ;
#1196 = CARTESIAN_POINT ( 'NONE',  ( -8.282000000000000028, -14.96999999999999886, 4.762486797036420358E-14 ) ) ;
#1197 = ORIENTED_EDGE ( 'NONE', *, *, #296, .T. ) ;
#1198 = FACE_OUTER_BOUND ( 'NONE', #1412, .T. ) ;
#1199 = ORIENTED_EDGE ( 'NONE', *, *, #1432, .F. ) ;
#1200 = CYLINDRICAL_SURFACE ( 'NONE', #585, 0.1200000000000019940 ) ;
#1201 = CIRCLE ( 'NONE', #428, 0.1560000000000001941 ) ;
#1202 = EDGE_CURVE ( 'NONE', #416, #512, #700, .T. ) ;
#1203 = EDGE_LOOP ( 'NONE', ( #1629, #1354, #84, #407 ) ) ;
#1204 = CARTESIAN_POINT ( 'NONE',  ( -8.282000000000003581, 14.97000000000000064, 0.000000000000000000 ) ) ;
#1205 = CIRCLE ( 'NONE', #722, 0.05999999999999770101 ) ;
#1206 = ORIENTED_EDGE ( 'NONE', *, *, #1693, .T. ) ;
#1207 = DIRECTION ( 'NONE',  ( -1.000000000000000000, 0.000000000000000000, 0.000000000000000000 ) ) ;
#1208 = CARTESIAN_POINT ( 'NONE',  ( -8.404999999999999361, -14.71999999999999531, -0.1199999999999996209 ) ) ;
#1209 = VECTOR ( 'NONE', #1625, 39.37007874015748143 ) ;
#1210 = LINE ( 'NONE', #1670, #1538 ) ;
#1211 = ORIENTED_EDGE ( 'NONE', *, *, #1423, .F. ) ;
#1212 = VECTOR ( 'NONE', #1408, 39.37007874015748143 ) ;
#1213 = AXIS2_PLACEMENT_3D ( 'NONE', #1010, #1440, #193 ) ;
#1214 = CARTESIAN_POINT ( 'NONE',  ( -8.405000000000001137, -14.71999999999999531, -0.7500000000000001110 ) ) ;
#1215 = EDGE_CURVE ( 'NONE', #311, #528, #1210, .T. ) ;
#1216 = VERTEX_POINT ( 'NONE', #809 ) ;
#1217 = LINE ( 'NONE', #977, #1134 ) ;
#1218 =( NAMED_UNIT ( * ) PLANE_ANGLE_UNIT ( ) SI_UNIT ( $, .RADIAN. ) );
#1219 = CARTESIAN_POINT ( 'NONE',  ( -8.404999999999999361, -14.71999999999999886, -0.1199999999999996209 ) ) ;
#1220 = EDGE_LOOP ( 'NONE', ( #523, #500 ) ) ;
#1221 = DIRECTION ( 'NONE',  ( -1.113524997417388154E-16, 1.000000000000000000, 3.167359992654217830E-15 ) ) ;
#1222 = LINE ( 'NONE', #2, #1225 ) ;
#1223 = ORIENTED_EDGE ( 'NONE', *, *, #725, .T. ) ;
#1224 = FACE_OUTER_BOUND ( 'NONE', #1552, .T. ) ;
#1225 = VECTOR ( 'NONE', #558, 39.37007874015748143 ) ;
#1226 = ORIENTED_EDGE ( 'NONE', *, *, #1504, .T. ) ;
#1227 = LINE ( 'NONE', #1786, #269 ) ;
#1228 = LINE ( 'NONE', #1489, #24 ) ;
#1229 = CARTESIAN_POINT ( 'NONE',  ( -8.065000000000001279, -12.50000000000000000, -0.06000000000000004635 ) ) ;
#1230 = EDGE_CURVE ( 'NONE', #1570, #322, #1630, .T. ) ;
#1231 = VERTEX_POINT ( 'NONE', #1300 ) ;
#1232 = CARTESIAN_POINT ( 'NONE',  ( -8.345000000000000639, -9.292366103449027158E-16, 2.662166073825869234E-14 ) ) ;
#1233 = PLANE ( 'NONE',  #1661 ) ;
#1234 = EDGE_LOOP ( 'NONE', ( #1223, #792, #1487, #1763 ) ) ;
#1235 = CARTESIAN_POINT ( 'NONE',  ( -8.405000000000004690, 14.72000000000000242, -0.7500000000000001110 ) ) ;
#1236 = AXIS2_PLACEMENT_3D ( 'NONE', #1294, #730, #52 ) ;
#1237 = VERTEX_POINT ( 'NONE', #1533 ) ;
#1238 = FACE_OUTER_BOUND ( 'NONE', #99, .T. ) ;
#1239 = DIRECTION ( 'NONE',  ( 0.000000000000000000, 0.000000000000000000, -1.000000000000000000 ) ) ;
#1240 = VECTOR ( 'NONE', #446, 39.37007874015748143 ) ;
#1241 = CARTESIAN_POINT ( 'NONE',  ( -8.345000000000005969, 14.72000000000000419, -0.7500000000000002220 ) ) ;
#1242 = AXIS2_PLACEMENT_3D ( 'NONE', #1229, #839, #1501 ) ;
#1243 = ADVANCED_FACE ( 'NONE', ( #575 ), #20, .F. ) ;
#1244 = CARTESIAN_POINT ( 'NONE',  ( 7.903999999999997250, -12.50000000000000000, 0.000000000000000000 ) ) ;
#1245 = DIRECTION ( 'NONE',  ( -0.000000000000000000, -1.000000000000000000, 3.169856808907805887E-15 ) ) ;
#1246 = EDGE_LOOP ( 'NONE', ( #1621, #1334, #1566, #1561 ) ) ;
#1247 = CARTESIAN_POINT ( 'NONE',  ( -8.065000000000001279, -12.50000000000000000, -0.7500000000000003331 ) ) ;
#1248 = EDGE_LOOP ( 'NONE', ( #1348, #1508, #443, #1783 ) ) ;
#1249 = DIRECTION ( 'NONE',  ( 0.000000000000000000, 0.000000000000000000, -1.000000000000000000 ) ) ;
#1250 = VECTOR ( 'NONE', #168, 39.37007874015748143 ) ;
#1251 = DIRECTION ( 'NONE',  ( 1.000000000000000000, -0.000000000000000000, 0.000000000000000000 ) ) ;
#1252 = ORIENTED_EDGE ( 'NONE', *, *, #1765, .F. ) ;
#1253 = UNCERTAINTY_MEASURE_WITH_UNIT (LENGTH_MEASURE( 1.000000000000000082E-05 ), #1006, 'distance_accuracy_value', 'NONE');
#1254 = DIRECTION ( 'NONE',  ( 0.000000000000000000, -1.000000000000000000, 0.000000000000000000 ) ) ;
#1255 = EDGE_CURVE ( 'NONE', #826, #1405, #326, .T. ) ;
#1256 = LINE ( 'NONE', #410, #477 ) ;
#1257 = ORIENTED_EDGE ( 'NONE', *, *, #725, .F. ) ;
#1258 = ADVANCED_FACE ( 'NONE', ( #183 ), #610, .T. ) ;
#1259 = DIRECTION ( 'NONE',  ( 0.000000000000000000, 1.000000000000000000, 0.000000000000000000 ) ) ;
#1260 = ORIENTED_EDGE ( 'NONE', *, *, #1452, .T. ) ;
#1261 = CARTESIAN_POINT ( 'NONE',  ( -8.282000000000000028, 14.97000000000000064, -0.05999999999999978961 ) ) ;
#1262 = AXIS2_PLACEMENT_3D ( 'NONE', #1046, #48, #1601 ) ;
#1263 = EDGE_LOOP ( 'NONE', ( #1226, #419, #855, #42 ) ) ;
#1264 = CARTESIAN_POINT ( 'NONE',  ( -8.279000000000001691, 14.72000000000000242, 0.000000000000000000 ) ) ;
#1265 = CARTESIAN_POINT ( 'NONE',  ( -7.909000000000001585, 12.50000000000000000, -0.06000000000000004635 ) ) ;
#1266 = ORIENTED_EDGE ( 'NONE', *, *, #499, .T. ) ;
#1267 = DIRECTION ( 'NONE',  ( 0.000000000000000000, -0.000000000000000000, -1.000000000000000000 ) ) ;
#1268 = EDGE_CURVE ( 'NONE', #915, #433, #1572, .T. ) ;
#1269 = VERTEX_POINT ( 'NONE', #1681 ) ;
#1270 = CARTESIAN_POINT ( 'NONE',  ( 8.281999999999992923, -14.96999999999999886, -0.1199999999999996209 ) ) ;
#1271 = CIRCLE ( 'NONE', #1526, 0.1560000000000001941 ) ;
#1272 = DIRECTION ( 'NONE',  ( -1.113524997417497362E-16, 1.000000000000000000, 3.711749991391661982E-17 ) ) ;
#1273 = ORIENTED_EDGE ( 'NONE', *, *, #620, .T. ) ;
#1274 = MECHANICAL_DESIGN_GEOMETRIC_PRESENTATION_REPRESENTATION (  '', ( #261 ), #949 ) ;
#1275 = CARTESIAN_POINT ( 'NONE',  ( 8.344999999999997087, 14.72000000000000419, -0.1199999999999998151 ) ) ;
#1276 = FACE_OUTER_BOUND ( 'NONE', #889, .T. ) ;
#1277 = VERTEX_POINT ( 'NONE', #163 ) ;
#1278 = DIRECTION ( 'NONE',  ( -1.000000000000000000, 0.000000000000000000, 0.000000000000000000 ) ) ;
#1279 = EDGE_LOOP ( 'NONE', ( #474, #1178, #252, #876 ) ) ;
#1280 = CARTESIAN_POINT ( 'NONE',  ( 8.281999999999994699, 14.97000000000000064, 9.504024706039784566E-14 ) ) ;
#1281 = EDGE_CURVE ( 'NONE', #1610, #238, #879, .T. ) ;
#1282 = VERTEX_POINT ( 'NONE', #43 ) ;
#1283 = AXIS2_PLACEMENT_3D ( 'NONE', #1232, #941, #668 ) ;
#1284 = CARTESIAN_POINT ( 'NONE',  ( -8.282000000000000028, 14.91000000000000547, -0.7500000000000002220 ) ) ;
#1285 = CYLINDRICAL_SURFACE ( 'NONE', #1358, 0.06000000000000099698 ) ;
#1286 = ORIENTED_EDGE ( 'NONE', *, *, #778, .T. ) ;
#1287 = DIRECTION ( 'NONE',  ( 0.000000000000000000, 0.000000000000000000, 1.000000000000000000 ) ) ;
#1288 = DIRECTION ( 'NONE',  ( 1.000000000000000000, 0.000000000000000000, 0.000000000000000000 ) ) ;
#1289 = CARTESIAN_POINT ( 'NONE',  ( 8.281999999999992923, -14.84999999999999787, -0.1199999999999999956 ) ) ;
#1290 = DIRECTION ( 'NONE',  ( 0.000000000000000000, -1.000000000000000000, 0.000000000000000000 ) ) ;
#1291 = EDGE_CURVE ( 'NONE', #1610, #416, #307, .T. ) ;
#1292 = VERTEX_POINT ( 'NONE', #1284 ) ;
#1293 = EDGE_CURVE ( 'NONE', #414, #166, #439, .T. ) ;
#1294 = CARTESIAN_POINT ( 'NONE',  ( 8.404999999999999361, -14.71999999999999531, -0.05999999999999999778 ) ) ;
#1295 = EDGE_CURVE ( 'NONE', #171, #528, #860, .T. ) ;
#1296 = CARTESIAN_POINT ( 'NONE',  ( 8.282000000000000028, -14.96999999999999886, 4.762486797036420358E-14 ) ) ;
#1297 = CARTESIAN_POINT ( 'NONE',  ( -8.065000000000001279, 12.50000000000000000, 0.000000000000000000 ) ) ;
#1298 = FACE_OUTER_BOUND ( 'NONE', #561, .T. ) ;
#1299 = ORIENTED_EDGE ( 'NONE', *, *, #1082, .T. ) ;
#1300 = CARTESIAN_POINT ( 'NONE',  ( -8.281999999999996476, 14.91000000000000014, -0.1199999999999998151 ) ) ;
#1301 = CARTESIAN_POINT ( 'NONE',  ( -8.285000000000001918, 14.72000000000000242, -0.1199999999999994543 ) ) ;
#1302 = EDGE_CURVE ( 'NONE', #166, #1138, #299, .T. ) ;
#1303 = AXIS2_PLACEMENT_3D ( 'NONE', #819, #141, #1083 ) ;
#1304 = EDGE_LOOP ( 'NONE', ( #891, #1479, #484, #89 ) ) ;
#1305 = CYLINDRICAL_SURFACE ( 'NONE', #386, 0.1560000000000001941 ) ;
#1306 = DIRECTION ( 'NONE',  ( 1.000000000000000000, 0.000000000000000000, 4.837647488780650290E-15 ) ) ;
#1307 = VECTOR ( 'NONE', #1730, 39.37007874015748143 ) ;
#1308 = EDGE_LOOP ( 'NONE', ( #1736, #135, #1126, #15 ) ) ;
#1309 = CARTESIAN_POINT ( 'NONE',  ( 0.000000000000000000, -14.90999999999999837, 4.741537909003362315E-14 ) ) ;
#1310 = AXIS2_PLACEMENT_3D ( 'NONE', #68, #606, #617 ) ;
#1311 = FACE_OUTER_BOUND ( 'NONE', #1263, .T. ) ;
#1312 = EDGE_CURVE ( 'NONE', #393, #641, #61, .T. ) ;
#1313 = PLANE ( 'NONE',  #1781 ) ;
#1314 = CARTESIAN_POINT ( 'NONE',  ( 8.404999999999995808, 14.72000000000000419, -0.05999999999999978961 ) ) ;
#1315 = LINE ( 'NONE', #497, #801 ) ;
#1316 = DIRECTION ( 'NONE',  ( 0.000000000000000000, 0.000000000000000000, -1.000000000000000000 ) ) ;
#1317 = AXIS2_PLACEMENT_3D ( 'NONE', #1397, #705, #1797 ) ;
#1318 = CARTESIAN_POINT ( 'NONE',  ( -8.405000000000002913, 14.72000000000000242, 0.000000000000000000 ) ) ;
#1319 = ORIENTED_EDGE ( 'NONE', *, *, #1527, .F. ) ;
#1320 = CARTESIAN_POINT ( 'NONE',  ( 8.281999999999994699, 14.91000000000000547, -0.7500000000000004441 ) ) ;
#1321 = ADVANCED_FACE ( 'NONE', ( #718 ), #32, .F. ) ;
#1322 = CYLINDRICAL_SURFACE ( 'NONE', #145, 0.06000000000000099698 ) ;
#1323 = FACE_OUTER_BOUND ( 'NONE', #1189, .T. ) ;
#1324 = VECTOR ( 'NONE', #305, 39.37007874015748143 ) ;
#1325 = AXIS2_PLACEMENT_3D ( 'NONE', #739, #30, #586 ) ;
#1326 = ORIENTED_EDGE ( 'NONE', *, *, #378, .F. ) ;
#1327 = CARTESIAN_POINT ( 'NONE',  ( -8.282000000000000028, -14.84999999999999787, -0.1199999999999999956 ) ) ;
#1328 = EDGE_CURVE ( 'NONE', #302, #102, #1418, .T. ) ;
#1329 = ORIENTED_EDGE ( 'NONE', *, *, #1328, .F. ) ;
#1330 = CARTESIAN_POINT ( 'NONE',  ( 8.281999999999996476, -14.84999999999999787, -0.1199999999999999956 ) ) ;
#1331 = ORIENTED_EDGE ( 'NONE', *, *, #702, .T. ) ;
#1332 = DIRECTION ( 'NONE',  ( 1.000000000000000000, 0.000000000000000000, 0.000000000000000000 ) ) ;
#1333 = VECTOR ( 'NONE', #444, 39.37007874015748143 ) ;
#1334 = ORIENTED_EDGE ( 'NONE', *, *, #927, .T. ) ;
#1335 = LINE ( 'NONE', #1756, #1155 ) ;
#1336 = ORIENTED_EDGE ( 'NONE', *, *, #1030, .T. ) ;
#1337 = EDGE_CURVE ( 'NONE', #1631, #971, #1009, .T. ) ;
#1338 = LINE ( 'NONE', #341, #370 ) ;
#1339 = FACE_BOUND ( 'NONE', #1373, .T. ) ;
#1340 = EDGE_CURVE ( 'NONE', #203, #60, #992, .T. ) ;
#1341 = EDGE_CURVE ( 'NONE', #226, #745, #869, .T. ) ;
#1342 = CLOSED_SHELL ( 'NONE', ( #25, #1011, #1735, #328, #479, #424, #597, #80, #930, #557, #903, #309, #4, #1321, #892, #1258, #462, #190, #533, #635, #1754, #1182, #1377, #1096, #411, #333, #167, #639, #852, #367, #1157, #349, #273, #1544, #841, #875, #749, #388, #1599, #421, #51, #993, #1389, #340, #3, #1141, #490, #1117, #920, #1401, #114, #659, #1366, #1001, #940, #228, #1438, #397, #1243, #1567, #894, #1361 ) ) ;
#1343 = ORIENTED_EDGE ( 'NONE', *, *, #1173, .F. ) ;
#1344 = CARTESIAN_POINT ( 'NONE',  ( -8.404999999999999361, -14.71999999999999886, -0.05999999999999999778 ) ) ;
#1345 = ORIENTED_EDGE ( 'NONE', *, *, #1410, .F. ) ;
#1346 =( LENGTH_UNIT ( ) NAMED_UNIT ( * ) SI_UNIT ( $, .METRE. ) );
#1347 = LINE ( 'NONE', #1208, #1036 ) ;
#1348 = ORIENTED_EDGE ( 'NONE', *, *, #1665, .F. ) ;
#1349 = EDGE_CURVE ( 'NONE', #147, #402, #1703, .T. ) ;
#1350 = VECTOR ( 'NONE', #239, 39.37007874015748143 ) ;
#1351 = VERTEX_POINT ( 'NONE', #1264 ) ;
#1352 = DIRECTION ( 'NONE',  ( 1.000000000000000000, 0.000000000000000000, 0.000000000000000000 ) ) ;
#1353 = AXIS2_PLACEMENT_3D ( 'NONE', #392, #1632, #1764 ) ;
#1354 = ORIENTED_EDGE ( 'NONE', *, *, #1607, .F. ) ;
#1355 = DIRECTION ( 'NONE',  ( -0.000000000000000000, -0.000000000000000000, 1.000000000000000000 ) ) ;
#1356 = DIRECTION ( 'NONE',  ( 0.000000000000000000, 0.000000000000000000, -1.000000000000000000 ) ) ;
#1357 = LINE ( 'NONE', #153, #113 ) ;
#1358 = AXIS2_PLACEMENT_3D ( 'NONE', #342, #327, #208 ) ;
#1359 = CARTESIAN_POINT ( 'NONE',  ( -3.455033671976351208E-31, 14.97000000000000597, -0.7500000000000001110 ) ) ;
#1360 = CARTESIAN_POINT ( 'NONE',  ( -8.282000000000000028, -14.84999999999999787, -0.1199999999999999956 ) ) ;
#1361 = ADVANCED_FACE ( 'NONE', ( #1018 ), #887, .F. ) ;
#1362 = ORIENTED_EDGE ( 'NONE', *, *, #1577, .F. ) ;
#1363 = AXIS2_PLACEMENT_3D ( 'NONE', #1381, #972, #156 ) ;
#1364 = VECTOR ( 'NONE', #1000, 39.37007874015748143 ) ;
#1365 = DIRECTION ( 'NONE',  ( -1.000000000000000000, -0.000000000000000000, 0.000000000000000000 ) ) ;
#1366 = ADVANCED_FACE ( 'NONE', ( #74 ), #1322, .F. ) ;
#1367 = VERTEX_POINT ( 'NONE', #1032 ) ;
#1368 = FACE_OUTER_BOUND ( 'NONE', #1248, .T. ) ;
#1369 = CARTESIAN_POINT ( 'NONE',  ( 8.059999999999996945, -12.50000000000000000, -0.06000000000000004635 ) ) ;
#1370 = CARTESIAN_POINT ( 'NONE',  ( 8.282000000000000028, -14.91000000000000014, -0.7500000000000002220 ) ) ;
#1371 = LINE ( 'NONE', #1075, #759 ) ;
#1372 = DIRECTION ( 'NONE',  ( 0.000000000000000000, 1.000000000000000000, -3.167359992654216647E-15 ) ) ;
#1373 = EDGE_LOOP ( 'NONE', ( #1319, #733 ) ) ;
#1374 = DIRECTION ( 'NONE',  ( 0.000000000000000000, 0.000000000000000000, 1.000000000000000000 ) ) ;
#1375 = ORIENTED_EDGE ( 'NONE', *, *, #640, .F. ) ;
#1376 = PLANE ( 'NONE',  #1539 ) ;
#1377 = ADVANCED_FACE ( 'NONE', ( #1455 ), #101, .T. ) ;
#1378 = DIRECTION ( 'NONE',  ( -4.751039988981325759E-15, 0.000000000000000000, 1.000000000000000000 ) ) ;
#1379 = CARTESIAN_POINT ( 'NONE',  ( 8.404999999999999361, 14.72000000000000242, -0.7499999999999998890 ) ) ;
#1380 = EDGE_LOOP ( 'NONE', ( #1633, #1477, #613, #714 ) ) ;
#1381 = CARTESIAN_POINT ( 'NONE',  ( -8.065000000000001279, 12.50000000000000000, -0.06000000000000004635 ) ) ;
#1382 = CARTESIAN_POINT ( 'NONE',  ( -8.279000000000001691, 14.72000000000000242, -0.06000000000000173250 ) ) ;
#1383 = ORIENTED_EDGE ( 'NONE', *, *, #1481, .F. ) ;
#1384 = CARTESIAN_POINT ( 'NONE',  ( 8.285000000000000142, -14.71999999999999353, -2.373292944495828560E-15 ) ) ;
#1385 = VECTOR ( 'NONE', #1135, 39.37007874015748143 ) ;
#1386 = ORIENTED_EDGE ( 'NONE', *, *, #14, .T. ) ;
#1387 = FACE_BOUND ( 'NONE', #1007, .T. ) ;
#1388 = CARTESIAN_POINT ( 'NONE',  ( -8.221000000000001862, -12.50000000000000000, 0.000000000000000000 ) ) ;
#1389 = ADVANCED_FACE ( 'NONE', ( #1198 ), #616, .T. ) ;
#1390 = VECTOR ( 'NONE', #345, 39.37007874015748143 ) ;
#1391 = CARTESIAN_POINT ( 'NONE',  ( 8.215999999999997527, 12.50000000000000000, 0.000000000000000000 ) ) ;
#1392 = EDGE_LOOP ( 'NONE', ( #681, #1669, #1636, #921 ) ) ;
#1393 = LINE ( 'NONE', #1791, #1476 ) ;
#1394 = DIRECTION ( 'NONE',  ( 0.000000000000000000, -1.000000000000000000, 0.000000000000000000 ) ) ;
#1395 = ORIENTED_EDGE ( 'NONE', *, *, #1255, .F. ) ;
#1396 = CARTESIAN_POINT ( 'NONE',  ( 8.282000000000000028, -14.84999999999999787, -0.05999999999999999778 ) ) ;
#1397 = CARTESIAN_POINT ( 'NONE',  ( 8.404999999999995808, 14.72000000000000419, -0.05999999999999999778 ) ) ;
#1398 = CARTESIAN_POINT ( 'NONE',  ( -8.279000000000001691, -14.71999999999999886, -0.05999999999999999778 ) ) ;
#1399 = DIRECTION ( 'NONE',  ( 8.087894779578809621E-30, 0.000000000000000000, 1.000000000000000000 ) ) ;
#1400 = CARTESIAN_POINT ( 'NONE',  ( -8.279000000000001691, -14.72599999999999731, -0.000000000000000000 ) ) ;
#1401 = ADVANCED_FACE ( 'NONE', ( #786 ), #645, .T. ) ;
#1402 = EDGE_CURVE ( 'NONE', #974, #166, #779, .T. ) ;
#1403 = ORIENTED_EDGE ( 'NONE', *, *, #965, .F. ) ;
#1404 = PLANE ( 'NONE',  #1449 ) ;
#1405 = VERTEX_POINT ( 'NONE', #923 ) ;
#1406 = CARTESIAN_POINT ( 'NONE',  ( -8.285000000000001918, 14.72000000000000242, -0.06000000000000173250 ) ) ;
#1407 = EDGE_LOOP ( 'NONE', ( #39, #1132, #983, #1691 ) ) ;
#1408 = DIRECTION ( 'NONE',  ( -1.000000000000000000, -2.918222780237253303E-45, 4.606711562634550194E-31 ) ) ;
#1409 = CARTESIAN_POINT ( 'NONE',  ( 8.278999999999999915, 14.72600000000000442, -0.06000000000000238476 ) ) ;
#1410 = EDGE_CURVE ( 'NONE', #355, #826, #1315, .T. ) ;
#1411 = DIRECTION ( 'NONE',  ( 1.113524997417498594E-16, -1.000000000000000000, 4.379057701015053347E-47 ) ) ;
#1412 = EDGE_LOOP ( 'NONE', ( #1375, #379, #600, #1048 ) ) ;
#1413 = CARTESIAN_POINT ( 'NONE',  ( 8.404999999999997584, 14.72000000000000242, -0.7499999999999998890 ) ) ;
#1414 = LINE ( 'NONE', #1121, #1761 ) ;
#1415 = ORIENTED_EDGE ( 'NONE', *, *, #296, .F. ) ;
#1416 = VECTOR ( 'NONE', #1615, 39.37007874015748143 ) ;
#1417 = VECTOR ( 'NONE', #1251, 39.37007874015748143 ) ;
#1418 = LINE ( 'NONE', #1151, #57 ) ;
#1419 = CARTESIAN_POINT ( 'NONE',  ( -8.279000000000001691, 14.72600000000000264, -0.06000000000000173250 ) ) ;
#1420 = ORIENTED_EDGE ( 'NONE', *, *, #177, .F. ) ;
#1421 = PLANE ( 'NONE',  #240 ) ;
#1422 = DIRECTION ( 'NONE',  ( -0.000000000000000000, 1.000000000000000000, -0.000000000000000000 ) ) ;
#1423 = EDGE_CURVE ( 'NONE', #574, #995, #1439, .T. ) ;
#1424 = CARTESIAN_POINT ( 'NONE',  ( -8.285000000000001918, 14.72000000000000242, -1.724479046000566070E-15 ) ) ;
#1425 = VERTEX_POINT ( 'NONE', #770 ) ;
#1426 = AXIS2_PLACEMENT_3D ( 'NONE', #591, #1707, #420 ) ;
#1427 = CARTESIAN_POINT ( 'NONE',  ( 8.278999999999999915, -14.72599999999999376, -0.06000000000000238476 ) ) ;
#1428 = PLANE ( 'NONE',  #1310 ) ;
#1429 = DIRECTION ( 'NONE',  ( 0.000000000000000000, 0.000000000000000000, 1.000000000000000000 ) ) ;
#1430 = DIRECTION ( 'NONE',  ( -1.000000000000000000, 0.000000000000000000, 0.000000000000000000 ) ) ;
#1431 = VECTOR ( 'NONE', #1546, 39.37007874015748143 ) ;
#1432 = EDGE_CURVE ( 'NONE', #1794, #226, #482, .T. ) ;
#1433 = CARTESIAN_POINT ( 'NONE',  ( -8.065000000000001279, 12.50000000000000000, -0.7500000000000003331 ) ) ;
#1434 = CARTESIAN_POINT ( 'NONE',  ( -8.065000000000001279, 12.50000000000000000, -0.7500000000000003331 ) ) ;
#1435 = ORIENTED_EDGE ( 'NONE', *, *, #220, .T. ) ;
#1436 = LINE ( 'NONE', #1188, #1715 ) ;
#1437 = AXIS2_PLACEMENT_3D ( 'NONE', #1309, #636, #1041 ) ;
#1438 = ADVANCED_FACE ( 'NONE', ( #1056 ), #755, .T. ) ;
#1439 = LINE ( 'NONE', #92, #1760 ) ;
#1440 = DIRECTION ( 'NONE',  ( 0.000000000000000000, 1.000000000000000000, 0.000000000000000000 ) ) ;
#1441 = CIRCLE ( 'NONE', #691, 0.1560000000000001941 ) ;
#1442 = EDGE_CURVE ( 'NONE', #1367, #717, #1174, .T. ) ;
#1443 = DIRECTION ( 'NONE',  ( -0.000000000000000000, -0.000000000000000000, 1.000000000000000000 ) ) ;
#1444 = CARTESIAN_POINT ( 'NONE',  ( -8.285000000000001918, -14.71999999999999886, -0.1199999999999994543 ) ) ;
#1445 = CARTESIAN_POINT ( 'NONE',  ( -8.285000000000001918, -14.71999999999999886, 0.000000000000000000 ) ) ;
#1446 = VECTOR ( 'NONE', #451, 39.37007874015748143 ) ;
#1447 = EDGE_LOOP ( 'NONE', ( #330, #1197, #1757, #1672 ) ) ;
#1448 = DIRECTION ( 'NONE',  ( -0.000000000000000000, -0.000000000000000000, 1.000000000000000000 ) ) ;
#1449 = AXIS2_PLACEMENT_3D ( 'NONE', #312, #432, #1267 ) ;
#1450 = AXIS2_PLACEMENT_3D ( 'NONE', #789, #932, #902 ) ;
#1451 = DIRECTION ( 'NONE',  ( 0.000000000000000000, 3.491481338843134539E-15, 1.000000000000000000 ) ) ;
#1452 = EDGE_CURVE ( 'NONE', #628, #416, #289, .T. ) ;
#1453 = CARTESIAN_POINT ( 'NONE',  ( 8.278999999999999915, 14.72000000000000419, 0.000000000000000000 ) ) ;
#1454 = ORIENTED_EDGE ( 'NONE', *, *, #1516, .T. ) ;
#1455 = FACE_OUTER_BOUND ( 'NONE', #812, .T. ) ;
#1456 = DIRECTION ( 'NONE',  ( 0.000000000000000000, 0.000000000000000000, 1.000000000000000000 ) ) ;
#1457 = VECTOR ( 'NONE', #1245, 39.37007874015748143 ) ;
#1458 = EDGE_CURVE ( 'NONE', #1405, #1624, #461, .T. ) ;
#1459 = ORIENTED_EDGE ( 'NONE', *, *, #825, .T. ) ;
#1460 = PLANE ( 'NONE',  #149 ) ;
#1461 = EDGE_LOOP ( 'NONE', ( #1079, #422, #955, #1343 ) ) ;
#1462 = CARTESIAN_POINT ( 'NONE',  ( -8.285000000000001918, 14.72000000000000242, -0.06000000000000173250 ) ) ;
#1463 = EDGE_LOOP ( 'NONE', ( #22, #368, #1770, #878, #294, #1103, #670, #1061, #19, #232, #1603, #1122, #1329, #678, #1774, #634, #683, #5, #1415, #412 ) ) ;
#1464 = PLANE ( 'NONE',  #117 ) ;
#1465 = VECTOR ( 'NONE', #224, 39.37007874015748143 ) ;
#1466 = AXIS2_PLACEMENT_3D ( 'NONE', #1314, #1469, #906 ) ;
#1467 = VECTOR ( 'NONE', #1769, 39.37007874015748143 ) ;
#1468 = EDGE_LOOP ( 'NONE', ( #631, #1574, #496, #384 ) ) ;
#1469 = DIRECTION ( 'NONE',  ( 1.113524997417388154E-16, -1.000000000000000000, 3.167359992654217830E-15 ) ) ;
#1470 = EDGE_CURVE ( 'NONE', #933, #721, #1271, .T. ) ;
#1471 = ORIENTED_EDGE ( 'NONE', *, *, #584, .F. ) ;
#1472 = EDGE_CURVE ( 'NONE', #746, #60, #1026, .T. ) ;
#1473 = CARTESIAN_POINT ( 'NONE',  ( 8.059999999999996945, -12.50000000000000000, -0.06000000000000004635 ) ) ;
#1474 = ORIENTED_EDGE ( 'NONE', *, *, #1281, .T. ) ;
#1475 = FACE_BOUND ( 'NONE', #1159, .T. ) ;
#1476 = VECTOR ( 'NONE', #1493, 39.37007874015748143 ) ;
#1477 = ORIENTED_EDGE ( 'NONE', *, *, #1726, .T. ) ;
#1478 = CARTESIAN_POINT ( 'NONE',  ( 8.404999999999997584, 14.72000000000000419, -0.1199999999999995237 ) ) ;
#1479 = ORIENTED_EDGE ( 'NONE', *, *, #1778, .F. ) ;
#1480 = CARTESIAN_POINT ( 'NONE',  ( 8.285000000000000142, -14.71999999999999531, -0.1200000000000001066 ) ) ;
#1481 = EDGE_CURVE ( 'NONE', #795, #1617, #1338, .T. ) ;
#1482 = ORIENTED_EDGE ( 'NONE', *, *, #199, .T. ) ;
#1483 = CARTESIAN_POINT ( 'NONE',  ( -8.285000000000001918, 14.72000000000000242, -0.1199999999999994543 ) ) ;
#1484 = CARTESIAN_POINT ( 'NONE',  ( 8.278999999999999915, -14.72599999999999376, 0.000000000000000000 ) ) ;
#1485 = ORIENTED_EDGE ( 'NONE', *, *, #247, .F. ) ;
#1486 = CARTESIAN_POINT ( 'NONE',  ( 7.903999999999997250, 12.50000000000000000, 0.000000000000000000 ) ) ;
#1487 = ORIENTED_EDGE ( 'NONE', *, *, #218, .F. ) ;
#1488 = CARTESIAN_POINT ( 'NONE',  ( -8.405000000000001137, -9.359177603294076457E-16, 2.683114961858928224E-14 ) ) ;
#1489 = CARTESIAN_POINT ( 'NONE',  ( 8.282000000000000028, -14.91000000000000014, -0.7500000000000003331 ) ) ;
#1490 = LINE ( 'NONE', #1800, #181 ) ;
#1491 = ORIENTED_EDGE ( 'NONE', *, *, #1082, .F. ) ;
#1492 = EDGE_CURVE ( 'NONE', #859, #393, #908, .T. ) ;
#1493 = DIRECTION ( 'NONE',  ( 0.000000000000000000, 1.000000000000000000, 0.000000000000000000 ) ) ;
#1494 = AXIS2_PLACEMENT_3D ( 'NONE', #395, #1519, #1356 ) ;
#1495 = ORIENTED_EDGE ( 'NONE', *, *, #1458, .F. ) ;
#1496 = DIRECTION ( 'NONE',  ( -1.000000000000000000, -0.000000000000000000, -0.000000000000000000 ) ) ;
#1497 = COLOUR_RGB ( '',0.7921568627450980005, 0.8196078431372548767, 0.9333333333333333481 ) ;
#1498 = VERTEX_POINT ( 'NONE', #1091 ) ;
#1499 = DIRECTION ( 'NONE',  ( 0.000000000000000000, 0.000000000000000000, -1.000000000000000000 ) ) ;
#1500 = DIRECTION ( 'NONE',  ( 0.000000000000000000, 0.000000000000000000, -1.000000000000000000 ) ) ;
#1501 = DIRECTION ( 'NONE',  ( -1.000000000000000000, 0.000000000000000000, 0.000000000000000000 ) ) ;
#1502 = DIRECTION ( 'NONE',  ( -1.000000000000000000, 0.000000000000000000, 0.000000000000000000 ) ) ;
#1503 = CARTESIAN_POINT ( 'NONE',  ( -8.285000000000001918, -14.72000000000000064, -0.05999999999999999778 ) ) ;
#1504 = EDGE_CURVE ( 'NONE', #158, #196, #685, .T. ) ;
#1505 = ORIENTED_EDGE ( 'NONE', *, *, #449, .T. ) ;
#1506 = VECTOR ( 'NONE', #1638, 39.37007874015748143 ) ;
#1507 = LINE ( 'NONE', #661, #1590 ) ;
#1508 = ORIENTED_EDGE ( 'NONE', *, *, #1762, .T. ) ;
#1509 = CARTESIAN_POINT ( 'NONE',  ( -8.279000000000001691, -14.72599999999999731, -0.06000000000000173250 ) ) ;
#1510 = DIRECTION ( 'NONE',  ( 1.000000000000000000, -0.000000000000000000, -0.000000000000000000 ) ) ;
#1511 = LINE ( 'NONE', #1627, #1417 ) ;
#1512 = CARTESIAN_POINT ( 'NONE',  ( -8.282000000000000028, 14.97000000000000419, -0.7500000000000001110 ) ) ;
#1513 = CARTESIAN_POINT ( 'NONE',  ( 8.285000000000000142, 14.72000000000000242, -0.05999999999999999778 ) ) ;
#1514 = AXIS2_PLACEMENT_3D ( 'NONE', #429, #1394, #680 ) ;
#1515 = DIRECTION ( 'NONE',  ( 1.776811703196272639E-14, 1.000000000000000000, 0.000000000000000000 ) ) ;
#1516 = EDGE_CURVE ( 'NONE', #652, #402, #958, .T. ) ;
#1517 = ORIENTED_EDGE ( 'NONE', *, *, #1628, .T. ) ;
#1518 = DIRECTION ( 'NONE',  ( 0.000000000000000000, 1.000000000000000000, -0.000000000000000000 ) ) ;
#1519 = DIRECTION ( 'NONE',  ( -1.000000000000000000, -0.000000000000000000, -0.000000000000000000 ) ) ;
#1520 = LINE ( 'NONE', #1647, #1563 ) ;
#1521 = ORIENTED_EDGE ( 'NONE', *, *, #1650, .T. ) ;
#1522 = DIRECTION ( 'NONE',  ( 0.000000000000000000, -1.000000000000000000, -3.491481338843134539E-15 ) ) ;
#1523 = FACE_OUTER_BOUND ( 'NONE', #404, .T. ) ;
#1524 = ORIENTED_EDGE ( 'NONE', *, *, #353, .F. ) ;
#1525 = FACE_OUTER_BOUND ( 'NONE', #1097, .T. ) ;
#1526 = AXIS2_PLACEMENT_3D ( 'NONE', #1473, #489, #350 ) ;
#1527 = EDGE_CURVE ( 'NONE', #1648, #936, #176, .T. ) ;
#1528 = EDGE_LOOP ( 'NONE', ( #480, #1403 ) ) ;
#1529 = VECTOR ( 'NONE', #1551, 39.37007874015748143 ) ;
#1530 = LINE ( 'NONE', #396, #292 ) ;
#1531 = EDGE_CURVE ( 'NONE', #721, #933, #1201, .T. ) ;
#1532 = ORIENTED_EDGE ( 'NONE', *, *, #1531, .F. ) ;
#1533 = CARTESIAN_POINT ( 'NONE',  ( -7.909000000000001585, -12.50000000000000000, -0.06000000000000004635 ) ) ;
#1534 = AXIS2_PLACEMENT_3D ( 'NONE', #1301, #34, #1161 ) ;
#1535 = CARTESIAN_POINT ( 'NONE',  ( 8.404999999999997584, 14.72000000000000419, -6.481559104151482786E-15 ) ) ;
#1536 = ORIENTED_EDGE ( 'NONE', *, *, #41, .T. ) ;
#1537 = CARTESIAN_POINT ( 'NONE',  ( 8.285000000000000142, -14.71999999999999531, -0.06000000000000238476 ) ) ;
#1538 = VECTOR ( 'NONE', #1772, 39.37007874015748143 ) ;
#1539 = AXIS2_PLACEMENT_3D ( 'NONE', #1488, #151, #848 ) ;
#1540 = PLANE ( 'NONE',  #1317 ) ;
#1541 = DIRECTION ( 'NONE',  ( 1.319414631086338608E-16, -1.000000000000000000, -3.491481338843134539E-15 ) ) ;
#1542 = LINE ( 'NONE', #1679, #1643 ) ;
#1543 = ORIENTED_EDGE ( 'NONE', *, *, #728, .T. ) ;
#1544 = ADVANCED_FACE ( 'NONE', ( #1646 ), #938, .T. ) ;
#1545 = CARTESIAN_POINT ( 'NONE',  ( 8.281999999999998252, -14.72599999999999376, -0.05999999999999999778 ) ) ;
#1546 = DIRECTION ( 'NONE',  ( 0.000000000000000000, 0.000000000000000000, 1.000000000000000000 ) ) ;
#1547 = ORIENTED_EDGE ( 'NONE', *, *, #612, .F. ) ;
#1548 = LINE ( 'NONE', #570, #213 ) ;
#1549 = ORIENTED_EDGE ( 'NONE', *, *, #471, .T. ) ;
#1550 = LINE ( 'NONE', #1413, #777 ) ;
#1551 = DIRECTION ( 'NONE',  ( -3.167359992654217435E-15, 3.167359992654217830E-15, -1.000000000000000000 ) ) ;
#1552 = EDGE_LOOP ( 'NONE', ( #91, #1112, #1575, #863 ) ) ;
#1553 = DIRECTION ( 'NONE',  ( 1.113524997417498594E-16, -1.000000000000000000, -8.758115402030106693E-47 ) ) ;
#1554 = CARTESIAN_POINT ( 'NONE',  ( 8.345000000000000639, 14.72000000000000242, -0.7500000000000003331 ) ) ;
#1555 = PRODUCT ( '12-D-6091-03-(16gacr ANSI-61) - K48 - V1-R0', '12-D-6091-03-(16gacr ANSI-61) - K48 - V1-R0', '', ( #1701 ) ) ;
#1556 = ORIENTED_EDGE ( 'NONE', *, *, #481, .T. ) ;
#1557 = EDGE_CURVE ( 'NONE', #528, #1697, #1228, .T. ) ;
#1558 = CARTESIAN_POINT ( 'NONE',  ( 8.059999999999996945, 12.50000000000000000, 0.000000000000000000 ) ) ;
#1559 = ORIENTED_EDGE ( 'NONE', *, *, #319, .F. ) ;
#1560 = DIRECTION ( 'NONE',  ( -1.319414631086338608E-16, 1.000000000000000000, 0.000000000000000000 ) ) ;
#1561 = ORIENTED_EDGE ( 'NONE', *, *, #1131, .T. ) ;
#1562 = VECTOR ( 'NONE', #1005, 39.37007874015748143 ) ;
#1563 = VECTOR ( 'NONE', #389, 39.37007874015748143 ) ;
#1564 = DIRECTION ( 'NONE',  ( 1.000000000000000000, 0.000000000000000000, 0.000000000000000000 ) ) ;
#1565 = CYLINDRICAL_SURFACE ( 'NONE', #1534, 0.05999999999999772182 ) ;
#1566 = ORIENTED_EDGE ( 'NONE', *, *, #1337, .T. ) ;
#1567 = ADVANCED_FACE ( 'NONE', ( #245 ), #406, .F. ) ;
#1568 = LINE ( 'NONE', #1406, #1240 ) ;
#1569 = SHAPE_DEFINITION_REPRESENTATION ( #458, #351 ) ;
#1570 = VERTEX_POINT ( 'NONE', #522 ) ;
#1571 = AXIS2_PLACEMENT_3D ( 'NONE', #427, #249, #556 ) ;
#1572 = LINE ( 'NONE', #1692, #1133 ) ;
#1573 = CARTESIAN_POINT ( 'NONE',  ( -8.279000000000001691, 14.72600000000000264, 0.000000000000000000 ) ) ;
#1574 = ORIENTED_EDGE ( 'NONE', *, *, #1106, .T. ) ;
#1575 = ORIENTED_EDGE ( 'NONE', *, *, #1588, .F. ) ;
#1576 = CARTESIAN_POINT ( 'NONE',  ( -8.285000000000001918, 14.72000000000000242, -1.724479046000566070E-15 ) ) ;
#1577 = EDGE_CURVE ( 'NONE', #1277, #1282, #110, .T. ) ;
#1578 = AXIS2_PLACEMENT_3D ( 'NONE', #1297, #1695, #1731 ) ;
#1579 = EDGE_LOOP ( 'NONE', ( #1618, #54, #316, #1482 ) ) ;
#1580 = EDGE_CURVE ( 'NONE', #1666, #8, #254, .T. ) ;
#1581 = CARTESIAN_POINT ( 'NONE',  ( 8.404999999999995808, 14.72000000000000419, 0.000000000000000000 ) ) ;
#1582 = DIRECTION ( 'NONE',  ( 0.000000000000000000, 0.000000000000000000, 1.000000000000000000 ) ) ;
#1583 = LINE ( 'NONE', #1318, #310 ) ;
#1584 = CARTESIAN_POINT ( 'NONE',  ( -8.282000000000000028, -14.72599999999999731, 0.000000000000000000 ) ) ;
#1585 = ORIENTED_EDGE ( 'NONE', *, *, #209, .T. ) ;
#1586 = AXIS2_PLACEMENT_3D ( 'NONE', #914, #1604, #764 ) ;
#1587 = CARTESIAN_POINT ( 'NONE',  ( 8.404999999999999361, -14.71999999999999531, 8.676551907958870489E-14 ) ) ;
#1588 = EDGE_CURVE ( 'NONE', #915, #1089, #818, .T. ) ;
#1589 = DIRECTION ( 'NONE',  ( -1.113524997417498594E-16, 1.000000000000000000, 4.379057701015053347E-47 ) ) ;
#1590 = VECTOR ( 'NONE', #693, 39.37007874015748143 ) ;
#1591 = AXIS2_PLACEMENT_3D ( 'NONE', #1111, #255, #121 ) ;
#1592 = CARTESIAN_POINT ( 'NONE',  ( 8.285000000000000142, 14.72000000000000242, 0.000000000000000000 ) ) ;
#1593 = DIRECTION ( 'NONE',  ( 1.000000000000000000, -0.000000000000000000, -0.000000000000000000 ) ) ;
#1594 = CIRCLE ( 'NONE', #900, 0.1560000000000001941 ) ;
#1595 = DIRECTION ( 'NONE',  ( 0.000000000000000000, 0.000000000000000000, -1.000000000000000000 ) ) ;
#1596 = CIRCLE ( 'NONE', #1363, 0.1560000000000001941 ) ;
#1597 = VECTOR ( 'NONE', #295, 39.37007874015748143 ) ;
#1598 = DIRECTION ( 'NONE',  ( 1.000000000000000000, 0.000000000000000000, 0.000000000000000000 ) ) ;
#1599 = ADVANCED_FACE ( 'NONE', ( #131 ), #1635, .T. ) ;
#1600 = EDGE_LOOP ( 'NONE', ( #1336, #362, #1144, #953 ) ) ;
#1601 = DIRECTION ( 'NONE',  ( 0.000000000000000000, 0.000000000000000000, -1.000000000000000000 ) ) ;
#1602 = CARTESIAN_POINT ( 'NONE',  ( 8.285000000000000142, -14.71999999999999531, -0.1200000000000001066 ) ) ;
#1603 = ORIENTED_EDGE ( 'NONE', *, *, #885, .T. ) ;
#1604 = DIRECTION ( 'NONE',  ( -1.000000000000000000, 0.000000000000000000, -0.000000000000000000 ) ) ;
#1605 = ORIENTED_EDGE ( 'NONE', *, *, #401, .T. ) ;
#1606 = FACE_OUTER_BOUND ( 'NONE', #911, .T. ) ;
#1607 = EDGE_CURVE ( 'NONE', #1367, #1666, #773, .T. ) ;
#1608 = VERTEX_POINT ( 'NONE', #804 ) ;
#1609 = DIRECTION ( 'NONE',  ( 0.000000000000000000, -1.000000000000000000, -6.334719985308433293E-15 ) ) ;
#1610 = VERTEX_POINT ( 'NONE', #947 ) ;
#1611 = CARTESIAN_POINT ( 'NONE',  ( 8.285000000000000142, -14.71999999999999353, -0.1200000000000001066 ) ) ;
#1612 = DIRECTION ( 'NONE',  ( -1.000000000000000000, -1.113524997417498594E-16, -4.751039988981325759E-15 ) ) ;
#1613 = ORIENTED_EDGE ( 'NONE', *, *, #1030, .F. ) ;
#1614 = MANIFOLD_SOLID_BREP ( 'Cortar-Extruir2', #1342 ) ;
#1615 = DIRECTION ( 'NONE',  ( -1.751623080406021339E-46, 6.334719985308434871E-15, -1.000000000000000000 ) ) ;
#1616 = EDGE_CURVE ( 'NONE', #322, #1292, #425, .T. ) ;
#1617 = VERTEX_POINT ( 'NONE', #1388 ) ;
#1618 = ORIENTED_EDGE ( 'NONE', *, *, #507, .F. ) ;
#1619 = PLANE ( 'NONE',  #905 ) ;
#1620 = VECTOR ( 'NONE', #1582, 39.37007874015748143 ) ;
#1621 = ORIENTED_EDGE ( 'NONE', *, *, #584, .T. ) ;
#1622 = LINE ( 'NONE', #1088, #816 ) ;
#1623 = EDGE_CURVE ( 'NONE', #1187, #291, #1530, .T. ) ;
#1624 = VERTEX_POINT ( 'NONE', #1779 ) ;
#1625 = DIRECTION ( 'NONE',  ( -1.319414631086338608E-16, 1.000000000000000000, 6.278481277858244989E-15 ) ) ;
#1626 = SURFACE_STYLE_FILL_AREA ( #152 ) ;
#1627 = CARTESIAN_POINT ( 'NONE',  ( 0.000000000000000000, -14.97000000000000064, -0.7500000000000001110 ) ) ;
#1628 = EDGE_CURVE ( 'NONE', #795, #1237, #1177, .T. ) ;
#1629 = ORIENTED_EDGE ( 'NONE', *, *, #1580, .F. ) ;
#1630 = LINE ( 'NONE', #1359, #1212 ) ;
#1631 = VERTEX_POINT ( 'NONE', #266 ) ;
#1632 = DIRECTION ( 'NONE',  ( -1.113524997417388154E-16, 1.000000000000000000, -3.167359992654217830E-15 ) ) ;
#1633 = ORIENTED_EDGE ( 'NONE', *, *, #1052, .F. ) ;
#1634 = PLANE ( 'NONE',  #810 ) ;
#1635 = PLANE ( 'NONE',  #944 ) ;
#1636 = ORIENTED_EDGE ( 'NONE', *, *, #1230, .T. ) ;
#1637 = EDGE_CURVE ( 'NONE', #780, #1067, #1520, .T. ) ;
#1638 = DIRECTION ( 'NONE',  ( 0.000000000000000000, 1.000000000000000000, 0.000000000000000000 ) ) ;
#1639 = DIRECTION ( 'NONE',  ( -1.000000000000000000, -0.000000000000000000, -0.000000000000000000 ) ) ;
#1640 = ORIENTED_EDGE ( 'NONE', *, *, #332, .T. ) ;
#1641 = FACE_OUTER_BOUND ( 'NONE', #105, .T. ) ;
#1642 = AXIS2_PLACEMENT_3D ( 'NONE', #632, #1593, #783 ) ;
#1643 = VECTOR ( 'NONE', #59, 39.37007874015748143 ) ;
#1644 = ORIENTED_EDGE ( 'NONE', *, *, #978, .T. ) ;
#1645 = FACE_BOUND ( 'NONE', #857, .T. ) ;
#1646 = FACE_OUTER_BOUND ( 'NONE', #1308, .T. ) ;
#1647 = CARTESIAN_POINT ( 'NONE',  ( -8.281999999999998252, -14.84999999999999787, -0.05999999999999901246 ) ) ;
#1648 = VERTEX_POINT ( 'NONE', #1391 ) ;
#1649 = CARTESIAN_POINT ( 'NONE',  ( -8.405000000000002913, 14.72600000000000264, -0.06000000000000173250 ) ) ;
#1650 = EDGE_CURVE ( 'NONE', #925, #1617, #547, .T. ) ;
#1651 = DIRECTION ( 'NONE',  ( -1.000000000000000000, -2.918222780237253303E-45, 4.606711562634550194E-31 ) ) ;
#1652 = ORIENTED_EDGE ( 'NONE', *, *, #449, .F. ) ;
#1653 = VECTOR ( 'NONE', #1259, 39.37007874015748143 ) ;
#1654 = DIRECTION ( 'NONE',  ( -1.000000000000000000, 1.776811703196272639E-14, 0.000000000000000000 ) ) ;
#1655 = ORIENTED_EDGE ( 'NONE', *, *, #259, .F. ) ;
#1656 = DIRECTION ( 'NONE',  ( -1.000000000000000000, 0.000000000000000000, 0.000000000000000000 ) ) ;
#1657 = DIRECTION ( 'NONE',  ( 1.000000000000000000, 0.000000000000000000, 0.000000000000000000 ) ) ;
#1658 = ORIENTED_EDGE ( 'NONE', *, *, #1293, .F. ) ;
#1659 = LINE ( 'NONE', #123, #267 ) ;
#1660 = CARTESIAN_POINT ( 'NONE',  ( 7.903999999999997250, -12.50000000000000000, -0.7500000000000003331 ) ) ;
#1661 = AXIS2_PLACEMENT_3D ( 'NONE', #822, #1372, #134 ) ;
#1662 = EDGE_LOOP ( 'NONE', ( #1420, #1748, #115, #185 ) ) ;
#1663 = DIRECTION ( 'NONE',  ( 0.000000000000000000, 1.000000000000000000, 0.000000000000000000 ) ) ;
#1664 = EDGE_CURVE ( 'NONE', #1351, #302, #1093, .T. ) ;
#1665 = EDGE_CURVE ( 'NONE', #1107, #126, #1347, .T. ) ;
#1666 = VERTEX_POINT ( 'NONE', #939 ) ;
#1667 = DIRECTION ( 'NONE',  ( 0.000000000000000000, 0.000000000000000000, 1.000000000000000000 ) ) ;
#1668 = CARTESIAN_POINT ( 'NONE',  ( -8.279000000000001691, 0.000000000000000000, 0.000000000000000000 ) ) ;
#1669 = ORIENTED_EDGE ( 'NONE', *, *, #740, .T. ) ;
#1670 = CARTESIAN_POINT ( 'NONE',  ( -8.282000000000000028, -14.97000000000000064, -0.7500000000000001110 ) ) ;
#1671 = LINE ( 'NONE', #165, #968 ) ;
#1672 = ORIENTED_EDGE ( 'NONE', *, *, #861, .T. ) ;
#1673 = DIRECTION ( 'NONE',  ( 1.000000000000000000, 0.000000000000000000, -0.000000000000000000 ) ) ;
#1674 = AXIS2_PLACEMENT_3D ( 'NONE', #1480, #969, #1799 ) ;
#1675 = ORIENTED_EDGE ( 'NONE', *, *, #1215, .F. ) ;
#1676 = CARTESIAN_POINT ( 'NONE',  ( 8.281999999999994699, 14.97000000000000597, -0.7500000000000001110 ) ) ;
#1677 = EDGE_CURVE ( 'NONE', #971, #1067, #1357, .T. ) ;
#1678 = CIRCLE ( 'NONE', #431, 0.1560000000000001941 ) ;
#1679 = CARTESIAN_POINT ( 'NONE',  ( -8.404999999999999361, -14.71999999999999886, -0.05999999999999999778 ) ) ;
#1680 = EDGE_LOOP ( 'NONE', ( #1383, #1517, #1299, #1521 ) ) ;
#1681 = CARTESIAN_POINT ( 'NONE',  ( -7.909000000000001585, 12.50000000000000000, 0.000000000000000000 ) ) ;
#1682 = AXIS2_PLACEMENT_3D ( 'NONE', #233, #1316, #103 ) ;
#1683 = DIRECTION ( 'NONE',  ( -1.000000000000000000, -1.319414631086338608E-16, -8.358122232450983373E-31 ) ) ;
#1684 = ORIENTED_EDGE ( 'NONE', *, *, #164, .F. ) ;
#1685 = CARTESIAN_POINT ( 'NONE',  ( -8.281999999999996476, 14.84999999999999964, -0.05999999999999919981 ) ) ;
#1686 = AXIS2_PLACEMENT_3D ( 'NONE', #544, #1221, #657 ) ;
#1687 = CIRCLE ( 'NONE', #33, 0.05999999999999772182 ) ;
#1688 = ORIENTED_EDGE ( 'NONE', *, *, #1677, .F. ) ;
#1689 = CARTESIAN_POINT ( 'NONE',  ( 7.903999999999997250, -12.50000000000000000, -0.06000000000000004635 ) ) ;
#1690 = EDGE_CURVE ( 'NONE', #311, #1498, #1511, .T. ) ;
#1691 = ORIENTED_EDGE ( 'NONE', *, *, #796, .T. ) ;
#1692 = CARTESIAN_POINT ( 'NONE',  ( -8.405000000000004690, 14.72000000000000064, -0.7500000000000001110 ) ) ;
#1693 = EDGE_CURVE ( 'NONE', #1794, #169, #1490, .T. ) ;
#1694 = LINE ( 'NONE', #1296, #658 ) ;
#1695 = DIRECTION ( 'NONE',  ( 0.000000000000000000, 0.000000000000000000, 1.000000000000000000 ) ) ;
#1696 = DIRECTION ( 'NONE',  ( -0.000000000000000000, -0.000000000000000000, 1.000000000000000000 ) ) ;
#1697 = VERTEX_POINT ( 'NONE', #1370 ) ;
#1698 = DIRECTION ( 'NONE',  ( 1.113524997417388154E-16, -1.000000000000000000, -3.167359992654217830E-15 ) ) ;
#1699 = CARTESIAN_POINT ( 'NONE',  ( 8.404999999999995808, 14.72000000000000419, -0.1199999999999995376 ) ) ;
#1700 = AXIS2_PLACEMENT_3D ( 'NONE', #536, #1683, #418 ) ;
#1701 = PRODUCT_CONTEXT ( 'NONE', #568, 'mechanical' ) ;
#1702 = ORIENTED_EDGE ( 'NONE', *, *, #155, .F. ) ;
#1703 = LINE ( 'NONE', #192, #1008 ) ;
#1704 = LINE ( 'NONE', #1033, #1446 ) ;
#1705 = EDGE_CURVE ( 'NONE', #1216, #126, #277, .T. ) ;
#1706 = ORIENTED_EDGE ( 'NONE', *, *, #1470, .T. ) ;
#1707 = DIRECTION ( 'NONE',  ( -0.000000000000000000, -0.000000000000000000, 1.000000000000000000 ) ) ;
#1708 = ORIENTED_EDGE ( 'NONE', *, *, #910, .F. ) ;
#1709 = CARTESIAN_POINT ( 'NONE',  ( -8.285000000000001918, -14.71999999999999886, -0.1199999999999994543 ) ) ;
#1710 = VECTOR ( 'NONE', #231, 39.37007874015748143 ) ;
#1711 = LINE ( 'NONE', #456, #1562 ) ;
#1712 = LINE ( 'NONE', #466, #626 ) ;
#1713 = ORIENTED_EDGE ( 'NONE', *, *, #767, .T. ) ;
#1714 = DIMENSIONAL_EXPONENTS ( 1.000000000000000000, 0.000000000000000000, 0.000000000000000000, 0.000000000000000000, 0.000000000000000000, 0.000000000000000000, 0.000000000000000000 ) ;
#1715 = VECTOR ( 'NONE', #614, 39.37007874015748143 ) ;
#1716 = DIRECTION ( 'NONE',  ( 1.000000000000000000, 1.113524997417498841E-16, -3.491481338843133750E-15 ) ) ;
#1717 = FACE_OUTER_BOUND ( 'NONE', #534, .T. ) ;
#1718 = EDGE_CURVE ( 'NONE', #1610, #1166, #532, .T. ) ;
#1719 = ORIENTED_EDGE ( 'NONE', *, *, #834, .T. ) ;
#1720 = DIRECTION ( 'NONE',  ( -1.000000000000000000, -8.741913579725610745E-15, 0.000000000000000000 ) ) ;
#1721 = DIRECTION ( 'NONE',  ( 0.000000000000000000, -1.000000000000000000, 0.000000000000000000 ) ) ;
#1722 = LINE ( 'NONE', #1699, #234 ) ;
#1723 = DIRECTION ( 'NONE',  ( -1.000000000000000000, -0.000000000000000000, -0.000000000000000000 ) ) ;
#1724 = PLANE ( 'NONE',  #666 ) ;
#1725 = DIRECTION ( 'NONE',  ( 0.000000000000000000, 6.334719985308433293E-15, -1.000000000000000000 ) ) ;
#1726 = EDGE_CURVE ( 'NONE', #769, #433, #688, .T. ) ;
#1727 = AXIS2_PLACEMENT_3D ( 'NONE', #1289, #883, #1429 ) ;
#1728 = VERTEX_POINT ( 'NONE', #1789 ) ;
#1729 = CARTESIAN_POINT ( 'NONE',  ( 8.282000000000000028, -14.96999999999999886, -0.1199999999999996209 ) ) ;
#1730 = DIRECTION ( 'NONE',  ( 1.000000000000000000, 1.113524997417537791E-16, 4.724169043383025044E-15 ) ) ;
#1731 = DIRECTION ( 'NONE',  ( 1.000000000000000000, 0.000000000000000000, 0.000000000000000000 ) ) ;
#1732 = EDGE_LOOP ( 'NONE', ( #703, #1140, #899, #1021 ) ) ;
#1733 = DIRECTION ( 'NONE',  ( 0.000000000000000000, -0.000000000000000000, -1.000000000000000000 ) ) ;
#1734 = DIRECTION ( 'NONE',  ( 0.000000000000000000, 1.000000000000000000, 0.000000000000000000 ) ) ;
#1735 = ADVANCED_FACE ( 'NONE', ( #667 ), #553, .F. ) ;
#1736 = ORIENTED_EDGE ( 'NONE', *, *, #437, .F. ) ;
#1737 = DIRECTION ( 'NONE',  ( 1.000000000000000000, 0.000000000000000000, 0.000000000000000000 ) ) ;
#1738 = CARTESIAN_POINT ( 'NONE',  ( 8.059999999999996945, -12.50000000000000000, 0.000000000000000000 ) ) ;
#1739 = VECTOR ( 'NONE', #1147, 39.37007874015748143 ) ;
#1740 = VECTOR ( 'NONE', #286, 39.37007874015748143 ) ;
#1741 = EDGE_LOOP ( 'NONE', ( #1094, #835, #162, #364 ) ) ;
#1742 = DIRECTION ( 'NONE',  ( -1.000000000000000000, 1.776811703196272323E-14, -0.000000000000000000 ) ) ;
#1743 = VERTEX_POINT ( 'NONE', #1379 ) ;
#1744 = CARTESIAN_POINT ( 'NONE',  ( 8.404999999999999361, -14.71999999999999531, 0.000000000000000000 ) ) ;
#1745 = AXIS2_PLACEMENT_3D ( 'NONE', #1649, #258, #409 ) ;
#1746 = ORIENTED_EDGE ( 'NONE', *, *, #757, .T. ) ;
#1747 = DIRECTION ( 'NONE',  ( 1.000000000000000000, 0.000000000000000000, 0.000000000000000000 ) ) ;
#1748 = ORIENTED_EDGE ( 'NONE', *, *, #1531, .T. ) ;
#1749 = DIRECTION ( 'NONE',  ( -0.000000000000000000, -1.000000000000000000, -0.000000000000000000 ) ) ;
#1750 = ORIENTED_EDGE ( 'NONE', *, *, #885, .F. ) ;
#1751 = VECTOR ( 'NONE', #157, 39.37007874015748143 ) ;
#1752 = DIRECTION ( 'NONE',  ( -1.000000000000000000, 0.000000000000000000, 3.130242492740363259E-15 ) ) ;
#1753 = PLANE ( 'NONE',  #1127 ) ;
#1754 = ADVANCED_FACE ( 'NONE', ( #9 ), #563, .T. ) ;
#1755 = ORIENTED_EDGE ( 'NONE', *, *, #1423, .T. ) ;
#1756 = CARTESIAN_POINT ( 'NONE',  ( -8.279000000000001691, -14.72599999999999731, -0.06000000000000173250 ) ) ;
#1757 = ORIENTED_EDGE ( 'NONE', *, *, #951, .F. ) ;
#1758 = SURFACE_SIDE_STYLE ('',( #1626 ) ) ;
#1759 = DIRECTION ( 'NONE',  ( -3.491481338843134539E-15, -3.887851748818544957E-31, 1.000000000000000000 ) ) ;
#1760 = VECTOR ( 'NONE', #365, 39.37007874015748143 ) ;
#1761 = VECTOR ( 'NONE', #315, 39.37007874015748143 ) ;
#1762 = EDGE_CURVE ( 'NONE', #1107, #915, #716, .T. ) ;
#1763 = ORIENTED_EDGE ( 'NONE', *, *, #1693, .F. ) ;
#1764 = DIRECTION ( 'NONE',  ( 0.000000000000000000, 3.167359992654217830E-15, 1.000000000000000000 ) ) ;
#1765 = EDGE_CURVE ( 'NONE', #780, #1666, #1414, .T. ) ;
#1766 = ORIENTED_EDGE ( 'NONE', *, *, #1293, .T. ) ;
#1767 = CARTESIAN_POINT ( 'NONE',  ( -8.285000000000001918, -14.71999999999999886, -0.1199999999999994543 ) ) ;
#1768 =( CONVERSION_BASED_UNIT ( 'INCH', #653 ) LENGTH_UNIT ( ) NAMED_UNIT ( #599 ) );
#1769 = DIRECTION ( 'NONE',  ( 0.000000000000000000, -1.000000000000000000, 0.000000000000000000 ) ) ;
#1770 = ORIENTED_EDGE ( 'NONE', *, *, #927, .F. ) ;
#1771 = AXIS2_PLACEMENT_3D ( 'NONE', #1784, #1365, #791 ) ;
#1772 = DIRECTION ( 'NONE',  ( -0.000000000000000000, 1.000000000000000000, -3.491481338843133750E-15 ) ) ;
#1773 = CIRCLE ( 'NONE', #66, 0.1560000000000001941 ) ;
#1774 = ORIENTED_EDGE ( 'NONE', *, *, #82, .F. ) ;
#1775 = CARTESIAN_POINT ( 'NONE',  ( -7.909000000000001585, -12.50000000000000000, 0.000000000000000000 ) ) ;
#1776 = ORIENTED_EDGE ( 'NONE', *, *, #137, .F. ) ;
#1777 = FACE_BOUND ( 'NONE', #346, .T. ) ;
#1778 = EDGE_CURVE ( 'NONE', #1216, #769, #1712, .T. ) ;
#1779 = CARTESIAN_POINT ( 'NONE',  ( 8.285000000000000142, -14.71999999999999353, -0.06000000000000238476 ) ) ;
#1780 = ORIENTED_EDGE ( 'NONE', *, *, #220, .F. ) ;
#1781 = AXIS2_PLACEMENT_3D ( 'NONE', #1360, #973, #1114 ) ;
#1782 = DIRECTION ( 'NONE',  ( -1.319414631086338608E-16, 1.000000000000000000, 6.278481277858244989E-15 ) ) ;
#1783 = ORIENTED_EDGE ( 'NONE', *, *, #1043, .T. ) ;
#1784 = CARTESIAN_POINT ( 'NONE',  ( 8.282000000000000028, -14.96999999999999886, -0.05999999999999978961 ) ) ;
#1785 = EDGE_LOOP ( 'NONE', ( #537, #698, #1585, #1195 ) ) ;
#1786 = CARTESIAN_POINT ( 'NONE',  ( 8.282000000000000028, -14.96999999999999886, 0.000000000000000000 ) ) ;
#1787 = DIRECTION ( 'NONE',  ( 1.113524997417498594E-16, -1.000000000000000000, 4.379057701015053347E-47 ) ) ;
#1788 = EDGE_CURVE ( 'NONE', #652, #226, #1542, .T. ) ;
#1789 = CARTESIAN_POINT ( 'NONE',  ( -8.221000000000001862, 12.50000000000000000, 0.000000000000000000 ) ) ;
#1790 = VERTEX_POINT ( 'NONE', #1424 ) ;
#1791 = CARTESIAN_POINT ( 'NONE',  ( -8.282000000000000028, -14.96999999999999886, -0.05999999999999999778 ) ) ;
#1792 = VECTOR ( 'NONE', #853, 39.37007874015748143 ) ;
#1793 = CARTESIAN_POINT ( 'NONE',  ( -8.282000000000003581, 14.84999999999999964, -0.05999999999999999778 ) ) ;
#1794 = VERTEX_POINT ( 'NONE', #297 ) ;
#1795 = CARTESIAN_POINT ( 'NONE',  ( 8.281999999999998252, -14.72599999999999376, -0.05999999999999999778 ) ) ;
#1796 = AXIS2_PLACEMENT_3D ( 'NONE', #1327, #619, #221 ) ;
#1797 = DIRECTION ( 'NONE',  ( 1.000000000000000000, 1.776811703196272639E-14, 0.000000000000000000 ) ) ;
#1798 = CARTESIAN_POINT ( 'NONE',  ( 8.404999999999997584, 14.72000000000000419, -0.1199999999999995237 ) ) ;
#1799 = DIRECTION ( 'NONE',  ( 1.000000000000000000, 0.000000000000000000, 4.695363739110545086E-15 ) ) ;
#1800 = CARTESIAN_POINT ( 'NONE',  ( -8.405000000000002913, 14.72000000000000242, -0.05999999999999999778 ) ) ;
#1801 = EDGE_LOOP ( 'NONE', ( #1002, #445, #1454, #1719 ) ) ;
ENDSEC;
END-ISO-10303-21;
