ISO-10303-21;
HEADER;
FILE_DESCRIPTION (( 'STEP AP214' ),
    '1' );
FILE_NAME ('12-D-6088-06-(16gacr ANSI-61) - K48 - V2-R0.STEP',
    '2026-08-04T17:12:08',
    ( '' ),
    ( '' ),
    'SwSTEP 2.0',
    'SolidWorks 2024',
    '' );
FILE_SCHEMA (( 'AUTOMOTIVE_DESIGN' ));
ENDSEC;

DATA;
#1 = LINE ( 'NONE', #558, #1711 ) ;
#2 = ORIENTED_EDGE ( 'NONE', *, *, #1397, .T. ) ;
#3 = FACE_OUTER_BOUND ( 'NONE', #753, .T. ) ;
#4 = ORIENTED_EDGE ( 'NONE', *, *, #626, .T. ) ;
#5 = CARTESIAN_POINT ( 'NONE',  ( -14.40499999999999403, -9.719999999999995310, -0.1199999999999993294 ) ) ;
#6 = EDGE_CURVE ( 'NONE', #121, #740, #190, .T. ) ;
#7 = CARTESIAN_POINT ( 'NONE',  ( -14.28199999999999648, 9.910000000000001918, -0.7500000000000002220 ) ) ;
#8 = CARTESIAN_POINT ( 'NONE',  ( 0.000000000000000000, -9.720000000000004192, -0.05999999999999999778 ) ) ;
#9 = DIRECTION ( 'NONE',  ( -2.248434562686639462E-16, 1.000000000000000000, -1.124217281343318498E-16 ) ) ;
#10 = ORIENTED_EDGE ( 'NONE', *, *, #665, .F. ) ;
#11 = AXIS2_PLACEMENT_3D ( 'NONE', #685, #147, #1258 ) ;
#12 = ORIENTED_EDGE ( 'NONE', *, *, #1717, .T. ) ;
#13 = CARTESIAN_POINT ( 'NONE',  ( -14.27899999999999459, -9.725999999999999091, 0.000000000000000000 ) ) ;
#14 = ADVANCED_FACE ( 'NONE', ( #335 ), #814, .F. ) ;
#15 = CIRCLE ( 'NONE', #1027, 0.1559999999999991116 ) ;
#16 = DIRECTION ( 'NONE',  ( 0.000000000000000000, -3.167359992654217435E-15, 1.000000000000000000 ) ) ;
#17 = AXIS2_PLACEMENT_3D ( 'NONE', #874, #307, #466 ) ;
#18 = CARTESIAN_POINT ( 'NONE',  ( -14.28199999999999648, 9.970000000000002416, -0.7500000000000001110 ) ) ;
#19 = DIRECTION ( 'NONE',  ( 1.124217281343318252E-16, -1.000000000000000000, -4.379057701015053347E-47 ) ) ;
#20 = AXIS2_PLACEMENT_3D ( 'NONE', #1318, #81, #791 ) ;
#21 = CIRCLE ( 'NONE', #1210, 0.1559999999999991116 ) ;
#22 = ORIENTED_EDGE ( 'NONE', *, *, #1689, .T. ) ;
#23 = AXIS2_PLACEMENT_3D ( 'NONE', #1015, #1555, #442 ) ;
#24 = ORIENTED_EDGE ( 'NONE', *, *, #1106, .F. ) ;
#25 = DIRECTION ( 'NONE',  ( -1.401298464324817382E-45, 1.000000000000000000, -3.491481338843133750E-15 ) ) ;
#26 = EDGE_LOOP ( 'NONE', ( #105, #561, #738, #4 ) ) ;
#27 = CARTESIAN_POINT ( 'NONE',  ( -14.28499999999999481, 9.719999999999998863, -0.1200000000000024797 ) ) ;
#28 = ADVANCED_FACE ( 'NONE', ( #1503 ), #1781, .T. ) ;
#29 = DIRECTION ( 'NONE',  ( 1.000000000000000000, 0.000000000000000000, 0.000000000000000000 ) ) ;
#30 = ADVANCED_FACE ( 'NONE', ( #1366 ), #1229, .T. ) ;
#31 = EDGE_LOOP ( 'NONE', ( #10, #837, #336, #162 ) ) ;
#32 = ORIENTED_EDGE ( 'NONE', *, *, #862, .T. ) ;
#33 = DIRECTION ( 'NONE',  ( -1.000000000000000000, 0.000000000000000000, 0.000000000000000000 ) ) ;
#34 = ORIENTED_EDGE ( 'NONE', *, *, #1430, .F. ) ;
#35 = DIRECTION ( 'NONE',  ( -1.000000000000000000, -4.379057701015054319E-47, 1.243314098782923538E-16 ) ) ;
#36 = CARTESIAN_POINT ( 'NONE',  ( 14.28199999999999648, 9.910000000000000142, -0.1199999999999987188 ) ) ;
#37 = EDGE_CURVE ( 'NONE', #1039, #1444, #1168, .T. ) ;
#38 = ORIENTED_EDGE ( 'NONE', *, *, #679, .T. ) ;
#39 = EDGE_LOOP ( 'NONE', ( #1700, #443, #278, #976 ) ) ;
#40 = CARTESIAN_POINT ( 'NONE',  ( -14.34499999999999709, -3.225379380173979403E-15, -0.7500000000000003331 ) ) ;
#41 = ORIENTED_EDGE ( 'NONE', *, *, #1376, .T. ) ;
#42 = FACE_OUTER_BOUND ( 'NONE', #1156, .T. ) ;
#43 = AXIS2_PLACEMENT_3D ( 'NONE', #1265, #1098, #1249 ) ;
#44 = CIRCLE ( 'NONE', #833, 0.1559999999999991116 ) ;
#45 = CARTESIAN_POINT ( 'NONE',  ( 14.28199999999998937, -9.849999999999999645, -0.1199999999999999956 ) ) ;
#46 = AXIS2_PLACEMENT_3D ( 'NONE', #393, #825, #1797 ) ;
#47 = VERTEX_POINT ( 'NONE', #765 ) ;
#48 = EDGE_CURVE ( 'NONE', #1444, #1039, #1638, .T. ) ;
#49 = VERTEX_POINT ( 'NONE', #1447 ) ;
#50 = LINE ( 'NONE', #994, #570 ) ;
#51 = VERTEX_POINT ( 'NONE', #376 ) ;
#52 = VECTOR ( 'NONE', #758, 39.37007874015748143 ) ;
#53 = LINE ( 'NONE', #1161, #1702 ) ;
#54 = CARTESIAN_POINT ( 'NONE',  ( -14.28199999999999825, -9.970000000000002416, -0.7499999999999965583 ) ) ;
#55 = DIRECTION ( 'NONE',  ( 0.000000000000000000, 1.000000000000000000, 0.000000000000000000 ) ) ;
#56 = EDGE_CURVE ( 'NONE', #1529, #113, #590, .T. ) ;
#57 = CARTESIAN_POINT ( 'NONE',  ( -14.28199999999999292, -9.970000000000002416, -0.7499999999999965583 ) ) ;
#58 = ORIENTED_EDGE ( 'NONE', *, *, #1629, .F. ) ;
#59 = EDGE_CURVE ( 'NONE', #167, #1664, #1741, .T. ) ;
#60 = CARTESIAN_POINT ( 'NONE',  ( -14.40499999999999758, -9.720000000000005969, -0.7499999999999998890 ) ) ;
#61 = CARTESIAN_POINT ( 'NONE',  ( -14.27899999999999459, 9.726000000000000867, -0.06000000000000366845 ) ) ;
#62 = DIRECTION ( 'NONE',  ( 1.018700668773373954E-30, 1.000000000000000000, 3.169856808907805887E-15 ) ) ;
#63 = ORIENTED_EDGE ( 'NONE', *, *, #793, .T. ) ;
#64 = DIRECTION ( 'NONE',  ( 0.000000000000000000, 1.000000000000000000, 3.130242492740249268E-15 ) ) ;
#65 = ORIENTED_EDGE ( 'NONE', *, *, #1169, .T. ) ;
#66 = CARTESIAN_POINT ( 'NONE',  ( 14.28499999999999659, 9.719999999999995310, -0.1200000000000003147 ) ) ;
#67 = EDGE_CURVE ( 'NONE', #253, #1083, #933, .T. ) ;
#68 = LINE ( 'NONE', #1454, #1564 ) ;
#69 = VECTOR ( 'NONE', #1291, 39.37007874015748143 ) ;
#70 = CIRCLE ( 'NONE', #1579, 0.05999999999999881123 ) ;
#71 = CARTESIAN_POINT ( 'NONE',  ( 14.28199999999999825, 0.000000000000000000, -0.05999999999999999778 ) ) ;
#72 = CARTESIAN_POINT ( 'NONE',  ( 13.90900000000000247, 7.499999999999998224, -0.06000000000000004635 ) ) ;
#73 = VECTOR ( 'NONE', #1773, 39.37007874015748143 ) ;
#74 = EDGE_LOOP ( 'NONE', ( #157, #1076, #818, #1416 ) ) ;
#75 = FACE_OUTER_BOUND ( 'NONE', #373, .T. ) ;
#76 = ORIENTED_EDGE ( 'NONE', *, *, #1044, .T. ) ;
#77 = CARTESIAN_POINT ( 'NONE',  ( -14.34499999999999353, -9.719999999999998863, -0.1199999999999995237 ) ) ;
#78 = VECTOR ( 'NONE', #966, 39.37007874015748143 ) ;
#79 = EDGE_CURVE ( 'NONE', #1562, #1697, #1089, .T. ) ;
#80 = DIMENSIONAL_EXPONENTS ( 1.000000000000000000, 0.000000000000000000, 0.000000000000000000, 0.000000000000000000, 0.000000000000000000, 0.000000000000000000, 0.000000000000000000 ) ;
#81 = DIRECTION ( 'NONE',  ( 1.000000000000000000, 2.248434562686636010E-16, -3.167359992654217830E-15 ) ) ;
#82 = EDGE_CURVE ( 'NONE', #520, #1562, #479, .T. ) ;
#83 = CARTESIAN_POINT ( 'NONE',  ( 0.000000000000000000, -9.725999999999997314, -0.000000000000000000 ) ) ;
#84 = ORIENTED_EDGE ( 'NONE', *, *, #429, .F. ) ;
#85 = CARTESIAN_POINT ( 'NONE',  ( -14.28499999999999481, 9.719999999999998863, -0.06000000000000366845 ) ) ;
#86 = ORIENTED_EDGE ( 'NONE', *, *, #752, .F. ) ;
#87 = CARTESIAN_POINT ( 'NONE',  ( 14.28499999999999659, -9.719999999999997087, -0.1199999999999975392 ) ) ;
#88 = DIRECTION ( 'NONE',  ( 1.000000000000000000, -0.000000000000000000, -0.000000000000000000 ) ) ;
#89 = PRODUCT_DEFINITION_SHAPE ( 'NONE', 'NONE',  #322 ) ;
#90 = PLANE ( 'NONE',  #104 ) ;
#91 = PLANE ( 'NONE',  #1293 ) ;
#92 = EDGE_CURVE ( 'NONE', #540, #463, #525, .T. ) ;
#93 = ORIENTED_EDGE ( 'NONE', *, *, #1242, .T. ) ;
#94 = CARTESIAN_POINT ( 'NONE',  ( -14.40499999999999758, -9.720000000000005969, -0.7499999999999998890 ) ) ;
#95 = VERTEX_POINT ( 'NONE', #1163 ) ;
#96 = FACE_OUTER_BOUND ( 'NONE', #968, .T. ) ;
#97 = DIRECTION ( 'NONE',  ( -3.167359992654216647E-15, 0.000000000000000000, 1.000000000000000000 ) ) ;
#98 = CARTESIAN_POINT ( 'NONE',  ( 14.34499999999999709, 9.719999999999997087, -0.1199999999999998151 ) ) ;
#99 = CARTESIAN_POINT ( 'NONE',  ( 14.28199999999997694, -9.970000000000000639, -0.1199999999999996209 ) ) ;
#100 = VECTOR ( 'NONE', #1801, 39.37007874015748143 ) ;
#101 = ORIENTED_EDGE ( 'NONE', *, *, #189, .T. ) ;
#102 = DIRECTION ( 'NONE',  ( 0.000000000000000000, 0.000000000000000000, 1.000000000000000000 ) ) ;
#103 = ADVANCED_FACE ( 'NONE', ( #1721 ), #469, .F. ) ;
#104 = AXIS2_PLACEMENT_3D ( 'NONE', #1072, #110, #1639 ) ;
#105 = ORIENTED_EDGE ( 'NONE', *, *, #536, .F. ) ;
#106 = DIRECTION ( 'NONE',  ( -1.000000000000000000, 0.000000000000000000, -0.000000000000000000 ) ) ;
#107 = AXIS2_PLACEMENT_3D ( 'NONE', #706, #555, #1235 ) ;
#108 = DIRECTION ( 'NONE',  ( -0.000000000000000000, -3.167359992654217435E-15, -1.000000000000000000 ) ) ;
#109 = DIRECTION ( 'NONE',  ( 0.000000000000000000, 0.000000000000000000, 1.000000000000000000 ) ) ;
#110 = DIRECTION ( 'NONE',  ( -2.248434562686746944E-16, 1.000000000000000000, -3.167359992654216647E-15 ) ) ;
#111 = ORIENTED_EDGE ( 'NONE', *, *, #1314, .F. ) ;
#112 = LINE ( 'NONE', #244, #916 ) ;
#113 = VERTEX_POINT ( 'NONE', #72 ) ;
#114 =( CONVERSION_BASED_UNIT ( 'INCH', #1190 ) LENGTH_UNIT ( ) NAMED_UNIT ( #80 ) );
#115 = EDGE_CURVE ( 'NONE', #182, #1143, #1455, .T. ) ;
#116 = CARTESIAN_POINT ( 'NONE',  ( 0.000000000000000000, 9.719999999999998863, -0.05999999999999999778 ) ) ;
#117 = DIRECTION ( 'NONE',  ( 0.000000000000000000, 0.000000000000000000, -1.000000000000000000 ) ) ;
#118 = DIRECTION ( 'NONE',  ( 1.000000000000000000, 0.000000000000000000, 0.000000000000000000 ) ) ;
#119 = ORIENTED_EDGE ( 'NONE', *, *, #735, .F. ) ;
#120 = DIRECTION ( 'NONE',  ( 0.000000000000000000, -1.000000000000000000, 0.000000000000000000 ) ) ;
#121 = VERTEX_POINT ( 'NONE', #1171 ) ;
#122 = DIRECTION ( 'NONE',  ( 1.000000000000000000, 0.000000000000000000, 0.000000000000000000 ) ) ;
#123 = AXIS2_PLACEMENT_3D ( 'NONE', #1628, #109, #678 ) ;
#124 = CYLINDRICAL_SURFACE ( 'NONE', #11, 0.1559999999999991116 ) ;
#125 = ORIENTED_EDGE ( 'NONE', *, *, #1740, .T. ) ;
#126 = DIRECTION ( 'NONE',  ( 1.000000000000000000, 0.000000000000000000, 0.000000000000000000 ) ) ;
#127 = EDGE_CURVE ( 'NONE', #1224, #1623, #44, .T. ) ;
#128 = DIRECTION ( 'NONE',  ( 0.000000000000000000, 0.000000000000000000, -1.000000000000000000 ) ) ;
#129 = PRESENTATION_LAYER_ASSIGNMENT (  '', '', ( #1784 ) ) ;
#130 = ORIENTED_EDGE ( 'NONE', *, *, #1181, .F. ) ;
#131 = VECTOR ( 'NONE', #1185, 39.37007874015748143 ) ;
#132 = DIRECTION ( 'NONE',  ( 0.000000000000000000, -1.000000000000000000, 0.000000000000000000 ) ) ;
#133 = ORIENTED_EDGE ( 'NONE', *, *, #255, .T. ) ;
#134 = FACE_OUTER_BOUND ( 'NONE', #26, .T. ) ;
#135 = AXIS2_PLACEMENT_3D ( 'NONE', #1739, #1600, #1061 ) ;
#136 = DIRECTION ( 'NONE',  ( -0.000000000000000000, -0.000000000000000000, 1.000000000000000000 ) ) ;
#137 = EDGE_LOOP ( 'NONE', ( #325, #1276, #354, #1116 ) ) ;
#138 = LINE ( 'NONE', #557, #1124 ) ;
#139 = CARTESIAN_POINT ( 'NONE',  ( -13.90900000000000070, -7.500000000000000000, 0.000000000000000000 ) ) ;
#140 = EDGE_CURVE ( 'NONE', #1576, #1187, #342, .T. ) ;
#141 = ADVANCED_FACE ( 'NONE', ( #297 ), #1250, .T. ) ;
#142 = VECTOR ( 'NONE', #774, 39.37007874015748143 ) ;
#143 = ORIENTED_EDGE ( 'NONE', *, *, #467, .T. ) ;
#144 = CARTESIAN_POINT ( 'NONE',  ( -14.22099999999999831, -7.500000000000000000, -0.06000000000000004635 ) ) ;
#145 = ORIENTED_EDGE ( 'NONE', *, *, #192, .F. ) ;
#146 = CARTESIAN_POINT ( 'NONE',  ( -14.28199999999999825, 9.910000000000000142, -0.1199999999999998151 ) ) ;
#147 = DIRECTION ( 'NONE',  ( -0.000000000000000000, -0.000000000000000000, 1.000000000000000000 ) ) ;
#148 = CARTESIAN_POINT ( 'NONE',  ( 14.27899999999999636, 9.719999999999995310, -0.05999999999999931777 ) ) ;
#149 = CARTESIAN_POINT ( 'NONE',  ( -14.28199999999999825, 9.970000000000000639, -0.1000000000000000056 ) ) ;
#150 = ORIENTED_EDGE ( 'NONE', *, *, #151, .F. ) ;
#151 = EDGE_CURVE ( 'NONE', #1659, #1280, #1540, .T. ) ;
#152 = EDGE_LOOP ( 'NONE', ( #871, #1343, #63, #1281 ) ) ;
#153 = DIRECTION ( 'NONE',  ( 0.000000000000000000, -1.000000000000000000, 0.000000000000000000 ) ) ;
#154 = DIRECTION ( 'NONE',  ( -1.000000000000000000, -1.124217281343318498E-16, -3.491481338843133750E-15 ) ) ;
#155 = CARTESIAN_POINT ( 'NONE',  ( 14.27899999999999636, -9.725999999999997314, -0.05999999999999999778 ) ) ;
#156 = FACE_OUTER_BOUND ( 'NONE', #786, .T. ) ;
#157 = ORIENTED_EDGE ( 'NONE', *, *, #444, .T. ) ;
#158 = ORIENTED_EDGE ( 'NONE', *, *, #502, .F. ) ;
#159 = ADVANCED_FACE ( 'NONE', ( #965 ), #856, .F. ) ;
#160 = CYLINDRICAL_SURFACE ( 'NONE', #806, 0.1559999999999991116 ) ;
#161 = VECTOR ( 'NONE', #610, 39.37007874015748143 ) ;
#162 = ORIENTED_EDGE ( 'NONE', *, *, #1542, .T. ) ;
#163 = EDGE_CURVE ( 'NONE', #922, #1039, #973, .T. ) ;
#164 = LINE ( 'NONE', #1514, #1677 ) ;
#165 = DIRECTION ( 'NONE',  ( 1.000000000000000000, 0.000000000000000000, 0.000000000000000000 ) ) ;
#166 = VECTOR ( 'NONE', #238, 39.37007874015748143 ) ;
#167 = VERTEX_POINT ( 'NONE', #982 ) ;
#168 = VECTOR ( 'NONE', #1490, 39.37007874015748143 ) ;
#169 = ORIENTED_EDGE ( 'NONE', *, *, #1140, .T. ) ;
#170 = DIRECTION ( 'NONE',  ( 0.000000000000000000, -6.334719985308435660E-15, -1.000000000000000000 ) ) ;
#171 = ORIENTED_EDGE ( 'NONE', *, *, #1695, .F. ) ;
#172 = DIRECTION ( 'NONE',  ( 0.000000000000000000, 0.000000000000000000, 1.000000000000000000 ) ) ;
#173 = EDGE_CURVE ( 'NONE', #731, #95, #1670, .T. ) ;
#174 = PLANE ( 'NONE',  #1476 ) ;
#175 = ORIENTED_EDGE ( 'NONE', *, *, #407, .T. ) ;
#176 = EDGE_LOOP ( 'NONE', ( #1714, #1327, #931, #845 ) ) ;
#177 = DIRECTION ( 'NONE',  ( 0.000000000000000000, 0.000000000000000000, 1.000000000000000000 ) ) ;
#178 = VERTEX_POINT ( 'NONE', #155 ) ;
#179 = CARTESIAN_POINT ( 'NONE',  ( -14.28199999999999292, -9.849999999999999645, 9.902948977032954413E-16 ) ) ;
#180 = DIRECTION ( 'NONE',  ( 0.000000000000000000, 0.000000000000000000, -1.000000000000000000 ) ) ;
#181 = EDGE_CURVE ( 'NONE', #339, #49, #164, .T. ) ;
#182 = VERTEX_POINT ( 'NONE', #259 ) ;
#183 = VERTEX_POINT ( 'NONE', #1395 ) ;
#184 = DIRECTION ( 'NONE',  ( 0.000000000000000000, 0.000000000000000000, -1.000000000000000000 ) ) ;
#185 = ORIENTED_EDGE ( 'NONE', *, *, #594, .F. ) ;
#186 = LINE ( 'NONE', #60, #1412 ) ;
#187 = CYLINDRICAL_SURFACE ( 'NONE', #1008, 0.1200000000000019940 ) ;
#188 = AXIS2_PLACEMENT_3D ( 'NONE', #1105, #694, #273 ) ;
#189 = EDGE_CURVE ( 'NONE', #1013, #253, #728, .T. ) ;
#190 = LINE ( 'NONE', #1491, #416 ) ;
#191 =( GEOMETRIC_REPRESENTATION_CONTEXT ( 3 ) GLOBAL_UNCERTAINTY_ASSIGNED_CONTEXT ( ( #1032 ) ) GLOBAL_UNIT_ASSIGNED_CONTEXT ( ( #114, #356, #348 ) ) REPRESENTATION_CONTEXT ( 'NONE', 'WORKASPACE' ) );
#192 = EDGE_CURVE ( 'NONE', #1568, #1287, #419, .T. ) ;
#193 = VERTEX_POINT ( 'NONE', #583 ) ;
#194 = DIRECTION ( 'NONE',  ( -1.243314098782923538E-16, -3.491481338843134539E-15, -1.000000000000000000 ) ) ;
#195 = ORIENTED_EDGE ( 'NONE', *, *, #1549, .T. ) ;
#196 = DIRECTION ( 'NONE',  ( -1.000000000000000000, -2.248434562686646364E-16, 3.169856808907805887E-15 ) ) ;
#197 = LINE ( 'NONE', #729, #52 ) ;
#198 = DIRECTION ( 'NONE',  ( 1.000000000000000000, 0.000000000000000000, -0.000000000000000000 ) ) ;
#199 = ORIENTED_EDGE ( 'NONE', *, *, #515, .T. ) ;
#200 = CARTESIAN_POINT ( 'NONE',  ( 14.27899999999999636, 0.000000000000000000, 0.000000000000000000 ) ) ;
#201 = EDGE_CURVE ( 'NONE', #167, #49, #1100, .T. ) ;
#202 = ORIENTED_EDGE ( 'NONE', *, *, #630, .T. ) ;
#203 = LINE ( 'NONE', #757, #1028 ) ;
#204 = CARTESIAN_POINT ( 'NONE',  ( 0.000000000000000000, 9.970000000000000639, 3.178806800709313139E-14 ) ) ;
#205 = CARTESIAN_POINT ( 'NONE',  ( -14.28199999999999825, 9.970000000000000639, -0.1199999999999998151 ) ) ;
#206 = ORIENTED_EDGE ( 'NONE', *, *, #1372, .F. ) ;
#207 = DIRECTION ( 'NONE',  ( 0.000000000000000000, 7.284927983104581378E-14, 1.000000000000000000 ) ) ;
#208 = EDGE_CURVE ( 'NONE', #1574, #1216, #547, .T. ) ;
#209 = ORIENTED_EDGE ( 'NONE', *, *, #115, .T. ) ;
#210 = DIRECTION ( 'NONE',  ( -0.000000000000000000, -1.000000000000000000, 1.422837496700113550E-16 ) ) ;
#211 = ADVANCED_FACE ( 'NONE', ( #687 ), #1240, .T. ) ;
#212 = CYLINDRICAL_SURFACE ( 'NONE', #1333, 0.06000000000000099698 ) ;
#213 = CIRCLE ( 'NONE', #1641, 0.1559999999999991116 ) ;
#214 = VECTOR ( 'NONE', #785, 39.37007874015748143 ) ;
#215 = LINE ( 'NONE', #98, #1651 ) ;
#216 = CARTESIAN_POINT ( 'NONE',  ( 14.28499999999999659, -9.719999999999997087, 3.448958092001132141E-15 ) ) ;
#217 = ORIENTED_EDGE ( 'NONE', *, *, #343, .T. ) ;
#218 = CARTESIAN_POINT ( 'NONE',  ( 14.28199999999999825, -9.970000000000000639, -0.1199999999999996209 ) ) ;
#219 = ORIENTED_EDGE ( 'NONE', *, *, #1044, .F. ) ;
#220 = DIRECTION ( 'NONE',  ( 0.000000000000000000, 3.491481338843134539E-15, -1.000000000000000000 ) ) ;
#221 = LINE ( 'NONE', #1481, #517 ) ;
#222 = AXIS2_PLACEMENT_3D ( 'NONE', #701, #434, #1377 ) ;
#223 = EDGE_CURVE ( 'NONE', #309, #1568, #1792, .T. ) ;
#224 = LINE ( 'NONE', #71, #1584 ) ;
#225 = DIRECTION ( 'NONE',  ( 0.000000000000000000, 1.000000000000000000, 3.130242492740249268E-15 ) ) ;
#226 = EDGE_LOOP ( 'NONE', ( #93, #219, #1107, #421 ) ) ;
#227 = DIRECTION ( 'NONE',  ( -0.000000000000000000, -0.000000000000000000, 1.000000000000000000 ) ) ;
#228 = ORIENTED_EDGE ( 'NONE', *, *, #492, .F. ) ;
#229 = CARTESIAN_POINT ( 'NONE',  ( -14.28199999999999292, -9.849999999999999645, -0.05999999999999901246 ) ) ;
#230 = FACE_OUTER_BOUND ( 'NONE', #995, .T. ) ;
#231 = ADVANCED_FACE ( 'NONE', ( #1678 ), #426, .T. ) ;
#232 = LINE ( 'NONE', #928, #999 ) ;
#233 = VERTEX_POINT ( 'NONE', #410 ) ;
#234 = LINE ( 'NONE', #1468, #1060 ) ;
#235 = ORIENTED_EDGE ( 'NONE', *, *, #1658, .F. ) ;
#236 = CARTESIAN_POINT ( 'NONE',  ( 13.90900000000000247, -7.500000000000000000, 0.000000000000000000 ) ) ;
#237 = CARTESIAN_POINT ( 'NONE',  ( 14.28199999999999825, 9.970000000000000639, -0.1000000000000000056 ) ) ;
#238 = DIRECTION ( 'NONE',  ( 0.000000000000000000, -1.000000000000000000, 0.000000000000000000 ) ) ;
#239 = AXIS2_PLACEMENT_3D ( 'NONE', #792, #360, #379 ) ;
#240 = LINE ( 'NONE', #519, #1496 ) ;
#241 = VECTOR ( 'NONE', #345, 39.37007874015748143 ) ;
#242 = AXIS2_PLACEMENT_3D ( 'NONE', #840, #433, #988 ) ;
#243 = ORIENTED_EDGE ( 'NONE', *, *, #512, .T. ) ;
#244 = CARTESIAN_POINT ( 'NONE',  ( -14.28199999999999825, 9.970000000000000639, 0.000000000000000000 ) ) ;
#245 = EDGE_CURVE ( 'NONE', #777, #1308, #1693, .T. ) ;
#246 = CIRCLE ( 'NONE', #1469, 0.06000000000000101780 ) ;
#247 = ORIENTED_EDGE ( 'NONE', *, *, #1614, .T. ) ;
#248 = DIRECTION ( 'NONE',  ( -0.000000000000000000, -0.000000000000000000, 1.000000000000000000 ) ) ;
#249 = CARTESIAN_POINT ( 'NONE',  ( 14.40499999999999936, 9.719999999999998863, -0.05999999999999978961 ) ) ;
#250 = AXIS2_PLACEMENT_3D ( 'NONE', #1671, #680, #850 ) ;
#251 = DIRECTION ( 'NONE',  ( -1.000000000000000000, 0.000000000000000000, -0.000000000000000000 ) ) ;
#252 = APPLICATION_PROTOCOL_DEFINITION ( 'draft international standard', 'automotive_design', 1998, #441 ) ;
#253 = VERTEX_POINT ( 'NONE', #956 ) ;
#254 = ORIENTED_EDGE ( 'NONE', *, *, #1243, .F. ) ;
#255 = EDGE_CURVE ( 'NONE', #1753, #1597, #1523, .T. ) ;
#256 = CARTESIAN_POINT ( 'NONE',  ( 14.28199999999999825, 9.970000000000000639, -0.05999999999999978961 ) ) ;
#257 = CARTESIAN_POINT ( 'NONE',  ( 14.28199999999999825, 9.725999999999993761, 0.000000000000000000 ) ) ;
#258 = EDGE_CURVE ( 'NONE', #1172, #1287, #138, .T. ) ;
#259 = CARTESIAN_POINT ( 'NONE',  ( -14.28199999999998582, 9.910000000000000142, -0.1199999999999987188 ) ) ;
#260 = LINE ( 'NONE', #291, #1731 ) ;
#261 = ORIENTED_EDGE ( 'NONE', *, *, #1330, .F. ) ;
#262 = DIRECTION ( 'NONE',  ( 0.000000000000000000, -0.000000000000000000, -1.000000000000000000 ) ) ;
#263 = VERTEX_POINT ( 'NONE', #1577 ) ;
#264 = CARTESIAN_POINT ( 'NONE',  ( 0.000000000000000000, 9.726000000000000867, 0.000000000000000000 ) ) ;
#265 = EDGE_CURVE ( 'NONE', #503, #777, #330, .T. ) ;
#266 = FACE_OUTER_BOUND ( 'NONE', #382, .T. ) ;
#267 = EDGE_LOOP ( 'NONE', ( #402, #473, #879, #859 ) ) ;
#268 = CARTESIAN_POINT ( 'NONE',  ( 14.28199999999999825, 9.970000000000000639, 0.000000000000000000 ) ) ;
#269 = EDGE_CURVE ( 'NONE', #317, #1187, #1001, .T. ) ;
#270 = CARTESIAN_POINT ( 'NONE',  ( 0.000000000000000000, -9.719999999999998863, -0.05999999999999999778 ) ) ;
#271 = ORIENTED_EDGE ( 'NONE', *, *, #1194, .T. ) ;
#272 = VECTOR ( 'NONE', #1202, 39.37007874015748143 ) ;
#273 = DIRECTION ( 'NONE',  ( 0.000000000000000000, 0.000000000000000000, -1.000000000000000000 ) ) ;
#274 = ORIENTED_EDGE ( 'NONE', *, *, #1563, .T. ) ;
#275 = LINE ( 'NONE', #146, #662 ) ;
#276 = CIRCLE ( 'NONE', #250, 0.1200000000000010086 ) ;
#277 = CARTESIAN_POINT ( 'NONE',  ( -14.28499999999999481, -9.720000000000004192, -0.05999999999999999778 ) ) ;
#278 = ORIENTED_EDGE ( 'NONE', *, *, #961, .T. ) ;
#279 = DIRECTION ( 'NONE',  ( -3.938023334787964761E-31, 1.000000000000000000, -3.167359992654216647E-15 ) ) ;
#280 = AXIS2_PLACEMENT_3D ( 'NONE', #87, #210, #648 ) ;
#281 = DIRECTION ( 'NONE',  ( 0.000000000000000000, -1.000000000000000000, 0.000000000000000000 ) ) ;
#282 = EDGE_CURVE ( 'NONE', #1570, #1305, #615, .T. ) ;
#283 =( CONVERSION_BASED_UNIT ( 'INCH', #292 ) LENGTH_UNIT ( ) NAMED_UNIT ( #368 ) );
#284 = AXIS2_PLACEMENT_3D ( 'NONE', #476, #308, #298 ) ;
#285 = ORIENTED_EDGE ( 'NONE', *, *, #515, .F. ) ;
#286 = LINE ( 'NONE', #422, #1533 ) ;
#287 = EDGE_LOOP ( 'NONE', ( #145, #352, #883, #1685 ) ) ;
#288 = FACE_OUTER_BOUND ( 'NONE', #796, .T. ) ;
#289 = CARTESIAN_POINT ( 'NONE',  ( -14.28499999999999481, -9.719999999999998863, -0.06000000000000090677 ) ) ;
#290 = CARTESIAN_POINT ( 'NONE',  ( 14.27899999999999636, 0.000000000000000000, 0.000000000000000000 ) ) ;
#291 = CARTESIAN_POINT ( 'NONE',  ( 14.28199999999999825, -9.910000000000000142, -0.1199999999999998151 ) ) ;
#292 = LENGTH_MEASURE_WITH_UNIT ( LENGTH_MEASURE( 0.02539999999999999897 ), #692 );
#293 = EDGE_CURVE ( 'NONE', #1120, #672, #1020, .T. ) ;
#294 = ORIENTED_EDGE ( 'NONE', *, *, #844, .T. ) ;
#295 = ADVANCED_FACE ( 'NONE', ( #42 ), #1725, .T. ) ;
#296 = LINE ( 'NONE', #1405, #542 ) ;
#297 = FACE_OUTER_BOUND ( 'NONE', #1000, .T. ) ;
#298 = DIRECTION ( 'NONE',  ( -1.000000000000000000, 0.000000000000000000, 3.491481338843134539E-15 ) ) ;
#299 = ORIENTED_EDGE ( 'NONE', *, *, #1472, .F. ) ;
#300 = VECTOR ( 'NONE', #35, 39.37007874015748143 ) ;
#301 = EDGE_LOOP ( 'NONE', ( #877, #929, #846, #1467 ) ) ;
#302 = FACE_OUTER_BOUND ( 'NONE', #647, .T. ) ;
#303 = EDGE_CURVE ( 'NONE', #958, #51, #203, .T. ) ;
#304 = AXIS2_PLACEMENT_3D ( 'NONE', #1097, #962, #1723 ) ;
#305 = VECTOR ( 'NONE', #1687, 39.37007874015748143 ) ;
#306 = ORIENTED_EDGE ( 'NONE', *, *, #324, .F. ) ;
#307 = DIRECTION ( 'NONE',  ( -1.000000000000000000, 1.105877830775052476E-29, -3.167359992654217830E-15 ) ) ;
#308 = DIRECTION ( 'NONE',  ( -3.491481338843134539E-15, -7.850367317230311816E-31, -1.000000000000000000 ) ) ;
#309 = VERTEX_POINT ( 'NONE', #1436 ) ;
#310 = CIRCLE ( 'NONE', #23, 0.06000000000000099698 ) ;
#311 = EDGE_LOOP ( 'NONE', ( #462, #708, #1479, #543 ) ) ;
#312 = CARTESIAN_POINT ( 'NONE',  ( 14.27899999999999636, -9.719999999999997087, -0.000000000000000000 ) ) ;
#313 = EDGE_CURVE ( 'NONE', #777, #788, #186, .T. ) ;
#314 = ORIENTED_EDGE ( 'NONE', *, *, #223, .T. ) ;
#315 = CARTESIAN_POINT ( 'NONE',  ( -14.40499999999999403, -9.720000000000004192, -0.05999999999999978961 ) ) ;
#316 = DIRECTION ( 'NONE',  ( 0.000000000000000000, 0.000000000000000000, 1.000000000000000000 ) ) ;
#317 = VERTEX_POINT ( 'NONE', #1167 ) ;
#318 = VERTEX_POINT ( 'NONE', #1153 ) ;
#319 = DIRECTION ( 'NONE',  ( -1.000000000000000000, 0.000000000000000000, 0.000000000000000000 ) ) ;
#320 = ORIENTED_EDGE ( 'NONE', *, *, #429, .T. ) ;
#321 = DIRECTION ( 'NONE',  ( -0.000000000000000000, -1.000000000000000000, 1.422837496700113550E-16 ) ) ;
#322 = PRODUCT_DEFINITION ( 'UNKNOWN', '', #1643, #924 ) ;
#323 = DIRECTION ( 'NONE',  ( 0.000000000000000000, 0.000000000000000000, -1.000000000000000000 ) ) ;
#324 = EDGE_CURVE ( 'NONE', #49, #1336, #474, .T. ) ;
#325 = ORIENTED_EDGE ( 'NONE', *, *, #862, .F. ) ;
#326 = ORIENTED_EDGE ( 'NONE', *, *, #1484, .F. ) ;
#327 = CARTESIAN_POINT ( 'NONE',  ( -14.28199999999999292, -9.910000000000000142, -0.1199999999999998151 ) ) ;
#328 = VECTOR ( 'NONE', #707, 39.37007874015748143 ) ;
#329 = ORIENTED_EDGE ( 'NONE', *, *, #1472, .T. ) ;
#330 = LINE ( 'NONE', #315, #331 ) ;
#331 = VECTOR ( 'NONE', #1701, 39.37007874015748143 ) ;
#332 = CARTESIAN_POINT ( 'NONE',  ( 14.27899999999999636, 9.725999999999993761, 0.000000000000000000 ) ) ;
#333 = AXIS2_PLACEMENT_3D ( 'NONE', #1517, #132, #1084 ) ;
#334 = EDGE_CURVE ( 'NONE', #1623, #1224, #213, .T. ) ;
#335 = FACE_OUTER_BOUND ( 'NONE', #873, .T. ) ;
#336 = ORIENTED_EDGE ( 'NONE', *, *, #245, .T. ) ;
#337 = LINE ( 'NONE', #327, #1556 ) ;
#338 = VECTOR ( 'NONE', #323, 39.37007874015748143 ) ;
#339 = VERTEX_POINT ( 'NONE', #340 ) ;
#340 = CARTESIAN_POINT ( 'NONE',  ( 14.40500000000000114, 9.719999999999997087, -0.7499999999999998890 ) ) ;
#341 = CARTESIAN_POINT ( 'NONE',  ( 0.000000000000000000, 9.725999999999993761, 0.000000000000000000 ) ) ;
#342 = LINE ( 'NONE', #898, #1583 ) ;
#343 = EDGE_CURVE ( 'NONE', #458, #540, #896, .T. ) ;
#344 = ORIENTED_EDGE ( 'NONE', *, *, #1131, .T. ) ;
#345 = DIRECTION ( 'NONE',  ( 0.000000000000000000, -1.000000000000000000, 0.000000000000000000 ) ) ;
#346 = ADVANCED_FACE ( 'NONE', ( #1565 ), #1316, .T. ) ;
#347 = ORIENTED_EDGE ( 'NONE', *, *, #613, .F. ) ;
#348 =( NAMED_UNIT ( * ) SI_UNIT ( $, .STERADIAN. ) SOLID_ANGLE_UNIT ( ) );
#349 = DIRECTION ( 'NONE',  ( 1.000000000000000000, 2.248434562686636010E-16, -3.167359992654217830E-15 ) ) ;
#350 = CARTESIAN_POINT ( 'NONE',  ( -14.40499999999999403, -9.720000000000004192, -0.1199999999999996209 ) ) ;
#351 = CYLINDRICAL_SURFACE ( 'NONE', #358, 0.1559999999999991116 ) ;
#352 = ORIENTED_EDGE ( 'NONE', *, *, #223, .F. ) ;
#353 = DIRECTION ( 'NONE',  ( 0.000000000000000000, 0.000000000000000000, -1.000000000000000000 ) ) ;
#354 = ORIENTED_EDGE ( 'NONE', *, *, #343, .F. ) ;
#355 = ADVANCED_FACE ( 'NONE', ( #867 ), #1712, .T. ) ;
#356 =( NAMED_UNIT ( * ) PLANE_ANGLE_UNIT ( ) SI_UNIT ( $, .RADIAN. ) );
#357 = CARTESIAN_POINT ( 'NONE',  ( 0.000000000000000000, -9.725999999999999091, -0.000000000000000000 ) ) ;
#358 = AXIS2_PLACEMENT_3D ( 'NONE', #499, #906, #1464 ) ;
#359 = PLANE ( 'NONE',  #1031 ) ;
#360 = DIRECTION ( 'NONE',  ( 0.000000000000000000, -1.000000000000000000, 1.422837496700113550E-16 ) ) ;
#361 = CIRCLE ( 'NONE', #1414, 0.1200000000000010225 ) ;
#362 = EDGE_LOOP ( 'NONE', ( #816, #430, #329, #1066 ) ) ;
#363 = PLANE ( 'NONE',  #1616 ) ;
#364 = ORIENTED_EDGE ( 'NONE', *, *, #643, .T. ) ;
#365 = ADVANCED_FACE ( 'NONE', ( #1427 ), #1553, .T. ) ;
#366 = CARTESIAN_POINT ( 'NONE',  ( 14.28499999999999659, 9.719999999999998863, -0.05999999999999999778 ) ) ;
#367 = VECTOR ( 'NONE', #375, 39.37007874015748143 ) ;
#368 = DIMENSIONAL_EXPONENTS ( 1.000000000000000000, 0.000000000000000000, 0.000000000000000000, 0.000000000000000000, 0.000000000000000000, 0.000000000000000000, 0.000000000000000000 ) ;
#369 = LINE ( 'NONE', #927, #478 ) ;
#370 = FACE_OUTER_BOUND ( 'NONE', #448, .T. ) ;
#371 = ORIENTED_EDGE ( 'NONE', *, *, #378, .F. ) ;
#372 = DIRECTION ( 'NONE',  ( -3.167359992654216647E-15, 0.000000000000000000, 1.000000000000000000 ) ) ;
#373 = EDGE_LOOP ( 'NONE', ( #285, #834, #1715, #2, #1005, #1037, #436, #1459, #939, #960, #171, #1002, #1390, #733, #409, #119, #1295, #893, #1019, #1319 ) ) ;
#374 = DIRECTION ( 'NONE',  ( 1.000000000000000000, -2.423398975254132464E-31, 7.651163684817991096E-17 ) ) ;
#375 = DIRECTION ( 'NONE',  ( -0.000000000000000000, -0.000000000000000000, 1.000000000000000000 ) ) ;
#376 = CARTESIAN_POINT ( 'NONE',  ( -14.28199999999999825, 9.849999999999999645, 0.000000000000000000 ) ) ;
#377 = DIRECTION ( 'NONE',  ( 0.000000000000000000, 1.000000000000000000, -0.000000000000000000 ) ) ;
#378 = EDGE_CURVE ( 'NONE', #730, #1767, #53, .T. ) ;
#379 = DIRECTION ( 'NONE',  ( 0.000000000000000000, -1.422837496700113550E-16, -1.000000000000000000 ) ) ;
#380 = VERTEX_POINT ( 'NONE', #589 ) ;
#381 = CARTESIAN_POINT ( 'NONE',  ( 14.28199999999999292, 9.849999999999999645, -0.1199999999999989131 ) ) ;
#382 = EDGE_LOOP ( 'NONE', ( #34, #243, #1256, #1535 ) ) ;
#383 = FILL_AREA_STYLE ('',( #523 ) ) ;
#384 = CARTESIAN_POINT ( 'NONE',  ( -14.22099999999999831, -7.500000000000000000, -0.7500000000000003331 ) ) ;
#385 = ORIENTED_EDGE ( 'NONE', *, *, #926, .T. ) ;
#386 = AXIS2_PLACEMENT_3D ( 'NONE', #1006, #1421, #1284 ) ;
#387 = CARTESIAN_POINT ( 'NONE',  ( 14.27899999999999636, 9.719999999999995310, -0.05999999999999931777 ) ) ;
#388 =( GEOMETRIC_REPRESENTATION_CONTEXT ( 3 ) GLOBAL_UNCERTAINTY_ASSIGNED_CONTEXT ( ( #1617 ) ) GLOBAL_UNIT_ASSIGNED_CONTEXT ( ( #283, #1403, #1654 ) ) REPRESENTATION_CONTEXT ( 'NONE', 'WORKASPACE' ) );
#389 = EDGE_CURVE ( 'NONE', #263, #1388, #1144, .T. ) ;
#390 = AXIS2_PLACEMENT_3D ( 'NONE', #438, #1551, #1003 ) ;
#391 = VECTOR ( 'NONE', #1384, 39.37007874015748143 ) ;
#392 = ORIENTED_EDGE ( 'NONE', *, *, #990, .F. ) ;
#393 = CARTESIAN_POINT ( 'NONE',  ( -14.27899999999999459, -9.725999999999999091, -0.06000000000000090677 ) ) ;
#394 = VECTOR ( 'NONE', #905, 39.37007874015748143 ) ;
#395 = AXIS2_PLACEMENT_3D ( 'NONE', #987, #1545, #855 ) ;
#396 = ORIENTED_EDGE ( 'NONE', *, *, #1543, .F. ) ;
#397 = CARTESIAN_POINT ( 'NONE',  ( 14.40500000000000114, -9.719999999999998863, 0.000000000000000000 ) ) ;
#398 = DIRECTION ( 'NONE',  ( -0.000000000000000000, 1.000000000000000000, -1.422837496700113550E-16 ) ) ;
#399 = DIRECTION ( 'NONE',  ( -3.938023334787964761E-31, 1.000000000000000000, -3.167359992654216647E-15 ) ) ;
#400 = VECTOR ( 'NONE', #932, 39.37007874015748143 ) ;
#401 = CARTESIAN_POINT ( 'NONE',  ( 14.40500000000000114, -9.725999999999997314, -0.05999999999999654915 ) ) ;
#402 = ORIENTED_EDGE ( 'NONE', *, *, #1604, .T. ) ;
#403 = DIRECTION ( 'NONE',  ( -0.000000000000000000, -0.000000000000000000, 1.000000000000000000 ) ) ;
#404 = ADVANCED_FACE ( 'NONE', ( #599 ), #460, .T. ) ;
#405 = ORIENTED_EDGE ( 'NONE', *, *, #735, .T. ) ;
#406 = DIRECTION ( 'NONE',  ( 0.000000000000000000, 0.000000000000000000, 1.000000000000000000 ) ) ;
#407 = EDGE_CURVE ( 'NONE', #1348, #1525, #1736, .T. ) ;
#408 = DIRECTION ( 'NONE',  ( 0.000000000000000000, 0.000000000000000000, 1.000000000000000000 ) ) ;
#409 = ORIENTED_EDGE ( 'NONE', *, *, #67, .F. ) ;
#410 = CARTESIAN_POINT ( 'NONE',  ( -14.27899999999999459, 9.726000000000000867, -0.05999999999999999778 ) ) ;
#411 = CARTESIAN_POINT ( 'NONE',  ( -9.324855740871908044E-17, -9.910000000000001918, -0.7499999999999985567 ) ) ;
#412 = ORIENTED_EDGE ( 'NONE', *, *, #1774, .T. ) ;
#413 = DIRECTION ( 'NONE',  ( 0.000000000000000000, 1.000000000000000000, 0.000000000000000000 ) ) ;
#414 = ORIENTED_EDGE ( 'NONE', *, *, #1194, .F. ) ;
#415 = CARTESIAN_POINT ( 'NONE',  ( -14.28199999999999825, 0.000000000000000000, -0.05999999999999999778 ) ) ;
#416 = VECTOR ( 'NONE', #1311, 39.37007874015748143 ) ;
#417 = ADVANCED_FACE ( 'NONE', ( #96 ), #1364, .T. ) ;
#418 = CARTESIAN_POINT ( 'NONE',  ( 14.40500000000000291, -9.720000000000004192, -0.7500000000000001110 ) ) ;
#419 = LINE ( 'NONE', #1278, #1610 ) ;
#420 = DIRECTION ( 'NONE',  ( 1.000000000000000000, -0.000000000000000000, 0.000000000000000000 ) ) ;
#421 = ORIENTED_EDGE ( 'NONE', *, *, #324, .T. ) ;
#422 = CARTESIAN_POINT ( 'NONE',  ( -14.28199999999999648, -9.849999999999999645, -0.05999999999999901246 ) ) ;
#423 = ORIENTED_EDGE ( 'NONE', *, *, #1034, .T. ) ;
#424 = CARTESIAN_POINT ( 'NONE',  ( -14.28199999999999648, -9.970000000000002416, -0.7499999999999965583 ) ) ;
#425 = FACE_OUTER_BOUND ( 'NONE', #1498, .T. ) ;
#426 = PLANE ( 'NONE',  #1790 ) ;
#427 = ADVANCED_FACE ( 'NONE', ( #486, #1626, #1049, #1770, #1352 ), #1067, .T. ) ;
#428 = DIRECTION ( 'NONE',  ( -0.000000000000000000, -0.000000000000000000, 1.000000000000000000 ) ) ;
#429 = EDGE_CURVE ( 'NONE', #1143, #1525, #640, .T. ) ;
#430 = ORIENTED_EDGE ( 'NONE', *, *, #1169, .F. ) ;
#431 = ORIENTED_EDGE ( 'NONE', *, *, #668, .F. ) ;
#432 = PLANE ( 'NONE',  #395 ) ;
#433 = DIRECTION ( 'NONE',  ( 1.000000000000000000, 0.000000000000000000, 0.000000000000000000 ) ) ;
#434 = DIRECTION ( 'NONE',  ( 1.000000000000000000, 8.741913579725725918E-15, 0.000000000000000000 ) ) ;
#435 = EDGE_CURVE ( 'NONE', #1381, #167, #769, .T. ) ;
#436 = ORIENTED_EDGE ( 'NONE', *, *, #1520, .F. ) ;
#437 = ORIENTED_EDGE ( 'NONE', *, *, #265, .T. ) ;
#438 = CARTESIAN_POINT ( 'NONE',  ( 14.40500000000000114, -9.719999999999998863, -0.1000000000000000056 ) ) ;
#439 = ORIENTED_EDGE ( 'NONE', *, *, #1428, .F. ) ;
#440 = DIRECTION ( 'NONE',  ( 0.000000000000000000, 1.422837496700113550E-16, 1.000000000000000000 ) ) ;
#441 = APPLICATION_CONTEXT ( 'automotive_design' ) ;
#442 = DIRECTION ( 'NONE',  ( 0.000000000000000000, 0.000000000000000000, 1.000000000000000000 ) ) ;
#443 = ORIENTED_EDGE ( 'NONE', *, *, #668, .T. ) ;
#444 = EDGE_CURVE ( 'NONE', #683, #1518, #1077, .T. ) ;
#445 = VECTOR ( 'NONE', #374, 39.37007874015748143 ) ;
#446 = ORIENTED_EDGE ( 'NONE', *, *, #1695, .T. ) ;
#447 = CYLINDRICAL_SURFACE ( 'NONE', #1325, 0.06000000000000099698 ) ;
#448 = EDGE_LOOP ( 'NONE', ( #12, #513, #1166, #206 ) ) ;
#449 = DIRECTION ( 'NONE',  ( -0.000000000000000000, 0.000000000000000000, 1.000000000000000000 ) ) ;
#450 = VECTOR ( 'NONE', #207, 39.37007874015748143 ) ;
#451 = CARTESIAN_POINT ( 'NONE',  ( 14.34499999999999709, -9.719999999999998863, 1.071992989513819913E-13 ) ) ;
#452 = MANIFOLD_SOLID_BREP ( 'Cortar-Extruir2', #1200 ) ;
#453 = EDGE_LOOP ( 'NONE', ( #1370, #895, #455, #247 ) ) ;
#454 = VECTOR ( 'NONE', #88, 39.37007874015748143 ) ;
#455 = ORIENTED_EDGE ( 'NONE', *, *, #1004, .T. ) ;
#456 = ADVANCED_FACE ( 'NONE', ( #903 ), #913, .F. ) ;
#457 = CARTESIAN_POINT ( 'NONE',  ( 14.28499999999999659, -9.719999999999997087, -0.1199999999999975392 ) ) ;
#458 = VERTEX_POINT ( 'NONE', #1207 ) ;
#459 = ADVANCED_FACE ( 'NONE', ( #1344 ), #1598, .T. ) ;
#460 = CYLINDRICAL_SURFACE ( 'NONE', #622, 0.1200000000000019940 ) ;
#461 = FACE_OUTER_BOUND ( 'NONE', #301, .T. ) ;
#462 = ORIENTED_EDGE ( 'NONE', *, *, #1580, .F. ) ;
#463 = VERTEX_POINT ( 'NONE', #797 ) ;
#464 = CARTESIAN_POINT ( 'NONE',  ( 14.28199999999999825, -9.970000000000002416, -0.7500000000000001110 ) ) ;
#465 = ORIENTED_EDGE ( 'NONE', *, *, #914, .F. ) ;
#466 = DIRECTION ( 'NONE',  ( -3.167359992654217830E-15, 0.000000000000000000, 1.000000000000000000 ) ) ;
#467 = EDGE_CURVE ( 'NONE', #1280, #686, #864, .T. ) ;
#468 = FACE_OUTER_BOUND ( 'NONE', #1048, .T. ) ;
#469 = PLANE ( 'NONE',  #747 ) ;
#470 = ORIENTED_EDGE ( 'NONE', *, *, #189, .F. ) ;
#471 = CARTESIAN_POINT ( 'NONE',  ( 14.28499999999999659, -9.719999999999997087, 3.448958092001132141E-15 ) ) ;
#472 = VECTOR ( 'NONE', #698, 39.37007874015748143 ) ;
#473 = ORIENTED_EDGE ( 'NONE', *, *, #82, .T. ) ;
#474 = LINE ( 'NONE', #1030, #628 ) ;
#475 = VECTOR ( 'NONE', #1130, 39.37007874015748143 ) ;
#476 = CARTESIAN_POINT ( 'NONE',  ( -14.40499999999999758, -9.720000000000005969, -0.7500000000000001110 ) ) ;
#477 = ADVANCED_FACE ( 'NONE', ( #1058 ), #160, .F. ) ;
#478 = VECTOR ( 'NONE', #1346, 39.37007874015748143 ) ;
#479 = LINE ( 'NONE', #1650, #1557 ) ;
#480 = ADVANCED_FACE ( 'NONE', ( #1538 ), #1668, .F. ) ;
#481 = CARTESIAN_POINT ( 'NONE',  ( -14.27899999999999459, 9.726000000000000867, -0.06000000000000366845 ) ) ;
#482 = VERTEX_POINT ( 'NONE', #1519 ) ;
#483 = DIRECTION ( 'NONE',  ( -1.000000000000000000, 0.000000000000000000, 0.000000000000000000 ) ) ;
#484 = AXIS2_PLACEMENT_3D ( 'NONE', #45, #1302, #316 ) ;
#485 = ORIENTED_EDGE ( 'NONE', *, *, #1592, .F. ) ;
#486 = FACE_BOUND ( 'NONE', #1426, .T. ) ;
#487 = DIRECTION ( 'NONE',  ( 0.000000000000000000, -3.167359992654216647E-15, 1.000000000000000000 ) ) ;
#488 = AXIS2_PLACEMENT_3D ( 'NONE', #1214, #646, #1612 ) ;
#489 = PLANE ( 'NONE',  #135 ) ;
#490 = CARTESIAN_POINT ( 'NONE',  ( 14.40499999999999936, 9.719999999999998863, -0.1199999999999996209 ) ) ;
#491 = CARTESIAN_POINT ( 'NONE',  ( 14.40499999999999936, 9.719999999999997087, -0.1199999999999996209 ) ) ;
#492 = EDGE_CURVE ( 'NONE', #958, #193, #1128, .T. ) ;
#493 = ORIENTED_EDGE ( 'NONE', *, *, #444, .F. ) ;
#494 = DIRECTION ( 'NONE',  ( 0.000000000000000000, 0.000000000000000000, -1.000000000000000000 ) ) ;
#495 = ORIENTED_EDGE ( 'NONE', *, *, #1093, .T. ) ;
#496 = CARTESIAN_POINT ( 'NONE',  ( 14.28199999999999825, -9.970000000000000639, -0.05999999999999978961 ) ) ;
#497 = LINE ( 'NONE', #1208, #142 ) ;
#498 = FACE_OUTER_BOUND ( 'NONE', #614, .T. ) ;
#499 = CARTESIAN_POINT ( 'NONE',  ( -14.06499999999999950, -7.500000000000000000, -0.7500000000000003331 ) ) ;
#500 = ORIENTED_EDGE ( 'NONE', *, *, #181, .T. ) ;
#501 = LINE ( 'NONE', #1350, #1499 ) ;
#502 = EDGE_CURVE ( 'NONE', #1143, #309, #296, .T. ) ;
#503 = VERTEX_POINT ( 'NONE', #5 ) ;
#504 = CARTESIAN_POINT ( 'NONE',  ( 14.40499999999999936, 1.619434993775049742E-15, 4.583530957451457581E-14 ) ) ;
#505 = CIRCLE ( 'NONE', #568, 0.1559999999999991116 ) ;
#506 = AXIS2_PLACEMENT_3D ( 'NONE', #27, #1138, #709 ) ;
#507 = DIRECTION ( 'NONE',  ( 1.000000000000000000, 0.000000000000000000, 0.000000000000000000 ) ) ;
#508 = CYLINDRICAL_SURFACE ( 'NONE', #1087, 0.06000000000000099698 ) ;
#509 = AXIS2_PLACEMENT_3D ( 'NONE', #381, #1196, #64 ) ;
#510 = ORIENTED_EDGE ( 'NONE', *, *, #48, .T. ) ;
#511 = FACE_BOUND ( 'NONE', #1368, .T. ) ;
#512 = EDGE_CURVE ( 'NONE', #113, #1529, #21, .T. ) ;
#513 = ORIENTED_EDGE ( 'NONE', *, *, #1580, .T. ) ;
#514 = DIRECTION ( 'NONE',  ( 0.000000000000000000, 1.000000000000000000, 3.491481338843134539E-15 ) ) ;
#515 = EDGE_CURVE ( 'NONE', #979, #380, #697, .T. ) ;
#516 = LINE ( 'NONE', #1069, #1507 ) ;
#517 = VECTOR ( 'NONE', #1180, 39.37007874015748143 ) ;
#518 = DIRECTION ( 'NONE',  ( 0.000000000000000000, 1.000000000000000000, 0.000000000000000000 ) ) ;
#519 = CARTESIAN_POINT ( 'NONE',  ( -14.40499999999999936, 9.726000000000000867, -0.06000000000000366845 ) ) ;
#520 = VERTEX_POINT ( 'NONE', #13 ) ;
#521 = DIRECTION ( 'NONE',  ( -1.000000000000000000, 0.000000000000000000, -0.000000000000000000 ) ) ;
#522 = ORIENTED_EDGE ( 'NONE', *, *, #127, .T. ) ;
#523 = FILL_AREA_STYLE_COLOUR ( '', #909 ) ;
#524 = DIRECTION ( 'NONE',  ( 2.248434562686639462E-16, -1.000000000000000000, 1.124217281343318498E-16 ) ) ;
#525 = LINE ( 'NONE', #1439, #161 ) ;
#526 = ADVANCED_FACE ( 'NONE', ( #288 ), #971, .T. ) ;
#527 = CARTESIAN_POINT ( 'NONE',  ( 14.28199999999999825, 9.970000000000002416, -0.7500000000000001110 ) ) ;
#528 = ORIENTED_EDGE ( 'NONE', *, *, #1709, .T. ) ;
#529 = LINE ( 'NONE', #1389, #1356 ) ;
#530 = ORIENTED_EDGE ( 'NONE', *, *, #1022, .T. ) ;
#531 = LINE ( 'NONE', #1247, #1733 ) ;
#532 = CARTESIAN_POINT ( 'NONE',  ( -14.22099999999999831, 7.499999999999998224, -0.06000000000000004635 ) ) ;
#533 = DIRECTION ( 'NONE',  ( 1.000000000000000000, 1.124217281343308144E-16, 3.169856808907805887E-15 ) ) ;
#534 = VECTOR ( 'NONE', #1217, 39.37007874015748143 ) ;
#535 = DIRECTION ( 'NONE',  ( 3.167359992654217830E-15, 3.167359992654217435E-15, -1.000000000000000000 ) ) ;
#536 = EDGE_CURVE ( 'NONE', #182, #1348, #275, .T. ) ;
#537 = AXIS2_PLACEMENT_3D ( 'NONE', #1417, #597, #1587 ) ;
#538 = VECTOR ( 'NONE', #849, 39.37007874015748143 ) ;
#539 = EDGE_CURVE ( 'NONE', #1348, #1544, #889, .T. ) ;
#540 = VERTEX_POINT ( 'NONE', #424 ) ;
#541 = CARTESIAN_POINT ( 'NONE',  ( -14.06499999999999950, -7.500000000000000000, -0.7500000000000003331 ) ) ;
#542 = VECTOR ( 'NONE', #847, 39.37007874015748143 ) ;
#543 = ORIENTED_EDGE ( 'NONE', *, *, #1294, .T. ) ;
#544 = DIRECTION ( 'NONE',  ( -1.000000000000000000, 0.000000000000000000, 0.000000000000000000 ) ) ;
#545 = CARTESIAN_POINT ( 'NONE',  ( -14.27899999999999459, -9.719999999999998863, 0.000000000000000000 ) ) ;
#546 = EDGE_LOOP ( 'NONE', ( #1150, #952 ) ) ;
#547 = LINE ( 'NONE', #8, #1326 ) ;
#548 = AXIS2_PLACEMENT_3D ( 'NONE', #61, #1573, #617 ) ;
#549 = CARTESIAN_POINT ( 'NONE',  ( -14.27899999999999459, -9.719999999999998863, -0.06000000000000090677 ) ) ;
#550 = APPLICATION_PROTOCOL_DEFINITION ( 'draft international standard', 'automotive_design', 1998, #635 ) ;
#551 = ORIENTED_EDGE ( 'NONE', *, *, #961, .F. ) ;
#552 = DIRECTION ( 'NONE',  ( 3.167359992654217830E-15, 3.167359992654217830E-15, 1.000000000000000000 ) ) ;
#553 = ADVANCED_FACE ( 'NONE', ( #1789 ), #1686, .T. ) ;
#554 = EDGE_LOOP ( 'NONE', ( #495, #572, #745, #530 ) ) ;
#555 = DIRECTION ( 'NONE',  ( 1.000000000000000000, 0.000000000000000000, 0.000000000000000000 ) ) ;
#556 = CARTESIAN_POINT ( 'NONE',  ( -14.28499999999999481, 9.720000000000000639, -0.1200000000000024797 ) ) ;
#557 = CARTESIAN_POINT ( 'NONE',  ( 14.28199999999999825, 9.970000000000002416, -0.7500000000000001110 ) ) ;
#558 = CARTESIAN_POINT ( 'NONE',  ( -14.27899999999999459, 9.726000000000000867, -0.06000000000000366845 ) ) ;
#559 = EDGE_LOOP ( 'NONE', ( #169, #1672, #22, #271 ) ) ;
#560 = PLANE ( 'NONE',  #333 ) ;
#561 = ORIENTED_EDGE ( 'NONE', *, *, #1160, .T. ) ;
#562 = ADVANCED_FACE ( 'NONE', ( #134 ), #573, .F. ) ;
#563 = DIRECTION ( 'NONE',  ( -0.000000000000000000, 1.000000000000000000, 3.167359992654216647E-15 ) ) ;
#564 = DIRECTION ( 'NONE',  ( 1.000000000000000000, -0.000000000000000000, -0.000000000000000000 ) ) ;
#565 = EDGE_CURVE ( 'NONE', #740, #482, #531, .T. ) ;
#566 = CARTESIAN_POINT ( 'NONE',  ( 3.926209264783601258E-30, -9.970000000000000639, 3.178806800709313139E-14 ) ) ;
#567 = DIRECTION ( 'NONE',  ( -0.000000000000000000, -0.000000000000000000, 1.000000000000000000 ) ) ;
#568 = AXIS2_PLACEMENT_3D ( 'NONE', #848, #1676, #972 ) ;
#569 = EDGE_LOOP ( 'NONE', ( #1239, #1096, #1488, #993 ) ) ;
#570 = VECTOR ( 'NONE', #177, 39.37007874015748143 ) ;
#571 = VECTOR ( 'NONE', #196, 39.37007874015748143 ) ;
#572 = ORIENTED_EDGE ( 'NONE', *, *, #1406, .T. ) ;
#573 = PLANE ( 'NONE',  #725 ) ;
#574 = VECTOR ( 'NONE', #1095, 39.37007874015748143 ) ;
#575 = DIRECTION ( 'NONE',  ( 1.000000000000000000, -0.000000000000000000, -0.000000000000000000 ) ) ;
#576 = ADVANCED_FACE ( 'NONE', ( #1675 ), #432, .F. ) ;
#577 = DIRECTION ( 'NONE',  ( 1.000000000000000000, 0.000000000000000000, 0.000000000000000000 ) ) ;
#578 = AXIS2_PLACEMENT_3D ( 'NONE', #1694, #742, #165 ) ;
#579 = ORIENTED_EDGE ( 'NONE', *, *, #1218, .F. ) ;
#580 = ORIENTED_EDGE ( 'NONE', *, *, #1709, .F. ) ;
#581 = LINE ( 'NONE', #40, #860 ) ;
#582 = ORIENTED_EDGE ( 'NONE', *, *, #1629, .T. ) ;
#583 = CARTESIAN_POINT ( 'NONE',  ( -14.28199999999999825, 9.726000000000000867, -0.05999999999999999778 ) ) ;
#584 = DIRECTION ( 'NONE',  ( -3.167359992654217830E-15, 6.334719985308435660E-15, 1.000000000000000000 ) ) ;
#585 = ADVANCED_FACE ( 'NONE', ( #1779 ), #1108, .T. ) ;
#586 = ORIENTED_EDGE ( 'NONE', *, *, #1783, .F. ) ;
#587 = DIRECTION ( 'NONE',  ( -0.000000000000000000, -3.167359992654217435E-15, 1.000000000000000000 ) ) ;
#588 = ORIENTED_EDGE ( 'NONE', *, *, #1418, .F. ) ;
#589 = CARTESIAN_POINT ( 'NONE',  ( -14.28199999999999825, 9.726000000000000867, 0.000000000000000000 ) ) ;
#590 = CIRCLE ( 'NONE', #946, 0.1559999999999991116 ) ;
#591 = DIRECTION ( 'NONE',  ( -0.000000000000000000, -0.000000000000000000, 1.000000000000000000 ) ) ;
#592 = EDGE_CURVE ( 'NONE', #686, #731, #1647, .T. ) ;
#593 = EDGE_LOOP ( 'NONE', ( #826, #1323, #510, #902 ) ) ;
#594 = EDGE_CURVE ( 'NONE', #672, #1767, #1174, .T. ) ;
#595 = VECTOR ( 'NONE', #967, 39.37007874015748143 ) ;
#596 = ORIENTED_EDGE ( 'NONE', *, *, #245, .F. ) ;
#597 = DIRECTION ( 'NONE',  ( -0.000000000000000000, -0.000000000000000000, 1.000000000000000000 ) ) ;
#598 = ORIENTED_EDGE ( 'NONE', *, *, #679, .F. ) ;
#599 = FACE_OUTER_BOUND ( 'NONE', #964, .T. ) ;
#600 = VECTOR ( 'NONE', #1775, 39.37007874015748143 ) ;
#601 = FACE_OUTER_BOUND ( 'NONE', #31, .T. ) ;
#602 = AXIS2_PLACEMENT_3D ( 'NONE', #1471, #789, #656 ) ;
#603 = ORIENTED_EDGE ( 'NONE', *, *, #37, .F. ) ;
#604 = ORIENTED_EDGE ( 'NONE', *, *, #163, .T. ) ;
#605 = CARTESIAN_POINT ( 'NONE',  ( 14.28199999999999825, -9.849999999999999645, -0.05999999999999999778 ) ) ;
#606 = EDGE_CURVE ( 'NONE', #1099, #463, #337, .T. ) ;
#607 = ORIENTED_EDGE ( 'NONE', *, *, #606, .T. ) ;
#608 = DIRECTION ( 'NONE',  ( 1.000000000000000000, 0.000000000000000000, 3.130242492740249268E-15 ) ) ;
#609 = DIRECTION ( 'NONE',  ( -1.000000000000000000, -0.000000000000000000, -0.000000000000000000 ) ) ;
#610 = DIRECTION ( 'NONE',  ( 3.167359992654234002E-15, 3.167359992654217435E-15, 1.000000000000000000 ) ) ;
#611 = EDGE_LOOP ( 'NONE', ( #1796, #199, #1457, #412 ) ) ;
#612 = LINE ( 'NONE', #894, #720 ) ;
#613 = EDGE_CURVE ( 'NONE', #1288, #1120, #612, .T. ) ;
#614 = EDGE_LOOP ( 'NONE', ( #385, #1195, #347, #919 ) ) ;
#615 = LINE ( 'NONE', #887, #1296 ) ;
#616 = EDGE_CURVE ( 'NONE', #178, #95, #50, .T. ) ;
#617 = DIRECTION ( 'NONE',  ( 0.000000000000000000, 0.000000000000000000, 1.000000000000000000 ) ) ;
#618 = AXIS2_PLACEMENT_3D ( 'NONE', #1183, #751, #945 ) ;
#619 = DIRECTION ( 'NONE',  ( 0.000000000000000000, 3.167359992654217830E-15, 1.000000000000000000 ) ) ;
#620 = VERTEX_POINT ( 'NONE', #605 ) ;
#621 = PLANE ( 'NONE',  #978 ) ;
#622 = AXIS2_PLACEMENT_3D ( 'NONE', #1571, #321, #608 ) ;
#623 = AXIS2_PLACEMENT_3D ( 'NONE', #851, #1682, #1378 ) ;
#624 = ORIENTED_EDGE ( 'NONE', *, *, #1109, .F. ) ;
#625 = DIRECTION ( 'NONE',  ( 0.000000000000000000, 1.000000000000000000, -1.422837496700113550E-16 ) ) ;
#626 = EDGE_CURVE ( 'NONE', #1287, #1348, #1282, .T. ) ;
#627 = VECTOR ( 'NONE', #25, 39.37007874015748143 ) ;
#628 = VECTOR ( 'NONE', #749, 39.37007874015748143 ) ;
#629 = PLANE ( 'NONE',  #1036 ) ;
#630 = EDGE_CURVE ( 'NONE', #540, #719, #1450, .T. ) ;
#631 = AXIS2_PLACEMENT_3D ( 'NONE', #541, #403, #1630 ) ;
#632 = FACE_OUTER_BOUND ( 'NONE', #362, .T. ) ;
#633 = CARTESIAN_POINT ( 'NONE',  ( 14.40499999999999936, 9.719999999999998863, 0.000000000000000000 ) ) ;
#634 = DIRECTION ( 'NONE',  ( 0.000000000000000000, 0.000000000000000000, -1.000000000000000000 ) ) ;
#635 = APPLICATION_CONTEXT ( 'automotive_design' ) ;
#636 = ORIENTED_EDGE ( 'NONE', *, *, #536, .T. ) ;
#637 = DIRECTION ( 'NONE',  ( 1.000000000000000000, 0.000000000000000000, 0.000000000000000000 ) ) ;
#638 = VECTOR ( 'NONE', #584, 39.37007874015748143 ) ;
#639 = EDGE_LOOP ( 'NONE', ( #1399, #1404, #76, #1615 ) ) ;
#640 = LINE ( 'NONE', #1461, #445 ) ;
#641 = DIRECTION ( 'NONE',  ( -0.000000000000000000, 1.000000000000000000, 3.167359992654216647E-15 ) ) ;
#642 = CARTESIAN_POINT ( 'NONE',  ( 14.28499999999999659, 9.719999999999995310, 0.000000000000000000 ) ) ;
#643 = EDGE_CURVE ( 'NONE', #748, #686, #1165, .T. ) ;
#644 = CARTESIAN_POINT ( 'NONE',  ( -14.06499999999999950, -7.500000000000000000, -0.06000000000000004635 ) ) ;
#645 = ORIENTED_EDGE ( 'NONE', *, *, #1604, .F. ) ;
#646 = DIRECTION ( 'NONE',  ( 0.000000000000000000, 0.000000000000000000, -1.000000000000000000 ) ) ;
#647 = EDGE_LOOP ( 'NONE', ( #1175, #991, #1567, #907 ) ) ;
#648 = DIRECTION ( 'NONE',  ( 0.000000000000000000, 0.000000000000000000, -1.000000000000000000 ) ) ;
#649 = CARTESIAN_POINT ( 'NONE',  ( 14.28199999999999648, 9.970000000000000639, -0.1199999999999974420 ) ) ;
#650 = PLANE ( 'NONE',  #20 ) ;
#651 = LINE ( 'NONE', #83, #131 ) ;
#652 = ORIENTED_EDGE ( 'NONE', *, *, #1034, .F. ) ;
#653 = CARTESIAN_POINT ( 'NONE',  ( 14.28499999999999659, -9.719999999999997087, -0.05999999999999654915 ) ) ;
#654 = ADVANCED_FACE ( 'NONE', ( #1158 ), #447, .F. ) ;
#655 = ORIENTED_EDGE ( 'NONE', *, *, #752, .T. ) ;
#656 = DIRECTION ( 'NONE',  ( -1.000000000000000000, 0.000000000000000000, 3.130242492740363259E-15 ) ) ;
#657 = CARTESIAN_POINT ( 'NONE',  ( 14.28199999999999292, 9.849999999999999645, 2.083034095169000729E-15 ) ) ;
#658 = CARTESIAN_POINT ( 'NONE',  ( 14.27899999999999636, 9.725999999999993761, -0.05999999999999931777 ) ) ;
#659 = DIRECTION ( 'NONE',  ( 0.000000000000000000, -1.000000000000000000, 1.422837496700113550E-16 ) ) ;
#660 = VECTOR ( 'NONE', #552, 39.37007874015748143 ) ;
#661 = ORIENTED_EDGE ( 'NONE', *, *, #1148, .F. ) ;
#662 = VECTOR ( 'NONE', #827, 39.37007874015748143 ) ;
#663 = CYLINDRICAL_SURFACE ( 'NONE', #509, 0.1200000000000019940 ) ;
#664 = EDGE_LOOP ( 'NONE', ( #1761, #1010, #344, #1788 ) ) ;
#665 = EDGE_CURVE ( 'NONE', #788, #1288, #581, .T. ) ;
#666 = PRESENTATION_STYLE_ASSIGNMENT (( #942 ) ) ;
#667 = FACE_OUTER_BOUND ( 'NONE', #985, .T. ) ;
#668 = EDGE_CURVE ( 'NONE', #740, #183, #1442, .T. ) ;
#669 = CARTESIAN_POINT ( 'NONE',  ( 14.06500000000000128, 7.499999999999998224, -0.06000000000000004635 ) ) ;
#670 = DIRECTION ( 'NONE',  ( 8.087894779578809621E-30, 0.000000000000000000, 1.000000000000000000 ) ) ;
#671 = LINE ( 'NONE', #481, #595 ) ;
#672 = VERTEX_POINT ( 'NONE', #1142 ) ;
#673 = PLANE ( 'NONE',  #188 ) ;
#674 = ORIENTED_EDGE ( 'NONE', *, *, #1218, .T. ) ;
#675 = DIRECTION ( 'NONE',  ( 0.000000000000000000, 0.000000000000000000, -1.000000000000000000 ) ) ;
#676 = ADVANCED_FACE ( 'NONE', ( #1425 ), #723, .T. ) ;
#677 = LINE ( 'NONE', #1780, #1267 ) ;
#678 = DIRECTION ( 'NONE',  ( 1.000000000000000000, 0.000000000000000000, 0.000000000000000000 ) ) ;
#679 = EDGE_CURVE ( 'NONE', #1164, #1576, #1581, .T. ) ;
#680 = DIRECTION ( 'NONE',  ( -1.000000000000000000, 0.000000000000000000, 0.000000000000000000 ) ) ;
#681 = EDGE_LOOP ( 'NONE', ( #1743, #756, #493, #807 ) ) ;
#682 = CARTESIAN_POINT ( 'NONE',  ( -14.28199999999999825, 9.849999999999999645, -0.05999999999999999778 ) ) ;
#683 = VERTEX_POINT ( 'NONE', #1716 ) ;
#684 = DIRECTION ( 'NONE',  ( 1.000000000000000000, 0.000000000000000000, 0.000000000000000000 ) ) ;
#685 = CARTESIAN_POINT ( 'NONE',  ( 14.06500000000000128, 7.499999999999998224, -0.7500000000000003331 ) ) ;
#686 = VERTEX_POINT ( 'NONE', #471 ) ;
#687 = FACE_OUTER_BOUND ( 'NONE', #569, .T. ) ;
#688 = VECTOR ( 'NONE', #1635, 39.37007874015748143 ) ;
#689 = CARTESIAN_POINT ( 'NONE',  ( -14.28199999999999648, -9.910000000000000142, 7.681481454185029917E-14 ) ) ;
#690 = AXIS2_PLACEMENT_3D ( 'NONE', #1365, #564, #408 ) ;
#691 = ADVANCED_FACE ( 'NONE', ( #1306 ), #1026, .F. ) ;
#692 =( LENGTH_UNIT ( ) NAMED_UNIT ( * ) SI_UNIT ( $, .METRE. ) );
#693 = ORIENTED_EDGE ( 'NONE', *, *, #1618, .T. ) ;
#694 = DIRECTION ( 'NONE',  ( 0.000000000000000000, -1.000000000000000000, -0.000000000000000000 ) ) ;
#695 = AXIS2_PLACEMENT_3D ( 'NONE', #1506, #377, #935 ) ;
#696 = ORIENTED_EDGE ( 'NONE', *, *, #616, .T. ) ;
#697 = LINE ( 'NONE', #264, #1586 ) ;
#698 = DIRECTION ( 'NONE',  ( -8.741913579725725918E-15, 1.000000000000000000, 0.000000000000000000 ) ) ;
#699 = DIRECTION ( 'NONE',  ( 0.000000000000000000, 3.167359992654216647E-15, 1.000000000000000000 ) ) ;
#700 = CIRCLE ( 'NONE', #1609, 0.1199999999999988159 ) ;
#701 = CARTESIAN_POINT ( 'NONE',  ( -14.28199999999999648, -9.970000000000000639, -0.1000000000000000056 ) ) ;
#702 = ADVANCED_FACE ( 'NONE', ( #1136 ), #1691, .F. ) ;
#703 = ORIENTED_EDGE ( 'NONE', *, *, #755, .F. ) ;
#704 = DIRECTION ( 'NONE',  ( 0.000000000000000000, 1.000000000000000000, 0.000000000000000000 ) ) ;
#705 = ORIENTED_EDGE ( 'NONE', *, *, #293, .T. ) ;
#706 = CARTESIAN_POINT ( 'NONE',  ( 14.28199999999999648, 9.849999999999999645, -0.1199999999999989131 ) ) ;
#707 = DIRECTION ( 'NONE',  ( 0.000000000000000000, -7.284927983104847697E-14, 1.000000000000000000 ) ) ;
#708 = ORIENTED_EDGE ( 'NONE', *, *, #1783, .T. ) ;
#709 = DIRECTION ( 'NONE',  ( -1.000000000000000000, 0.000000000000000000, 3.130242492740306066E-15 ) ) ;
#710 = DIRECTION ( 'NONE',  ( 0.000000000000000000, 0.000000000000000000, -1.000000000000000000 ) ) ;
#711 = EDGE_LOOP ( 'NONE', ( #1398, #771, #580, #41 ) ) ;
#712 = ORIENTED_EDGE ( 'NONE', *, *, #984, .F. ) ;
#713 = DIRECTION ( 'NONE',  ( -1.000000000000000000, 0.000000000000000000, 0.000000000000000000 ) ) ;
#714 = ADVANCED_FACE ( 'NONE', ( #302 ), #878, .T. ) ;
#715 = DIRECTION ( 'NONE',  ( 0.000000000000000000, 0.000000000000000000, 1.000000000000000000 ) ) ;
#716 = DIRECTION ( 'NONE',  ( 0.000000000000000000, -1.000000000000000000, 0.000000000000000000 ) ) ;
#717 = LINE ( 'NONE', #1782, #812 ) ;
#718 = VECTOR ( 'NONE', #1485, 39.37007874015748143 ) ;
#719 = VERTEX_POINT ( 'NONE', #732 ) ;
#720 = VECTOR ( 'NONE', #1274, 39.37007874015748143 ) ;
#721 = ADVANCED_BREP_SHAPE_REPRESENTATION ( '12-D-6088-06-(16gacr ANSI-61) - K48 - V2-R0', ( #452, #623 ), #388 ) ;
#722 = ORIENTED_EDGE ( 'NONE', *, *, #1082, .F. ) ;
#723 = PLANE ( 'NONE',  #1729 ) ;
#724 = VECTOR ( 'NONE', #413, 39.37007874015748143 ) ;
#725 = AXIS2_PLACEMENT_3D ( 'NONE', #1227, #563, #838 ) ;
#726 = EDGE_CURVE ( 'NONE', #1576, #1164, #15, .T. ) ;
#727 = ORIENTED_EDGE ( 'NONE', *, *, #258, .F. ) ;
#728 = LINE ( 'NONE', #148, #305 ) ;
#729 = CARTESIAN_POINT ( 'NONE',  ( 0.000000000000000000, 9.720000000000000639, -0.05999999999999999778 ) ) ;
#730 = VERTEX_POINT ( 'NONE', #746 ) ;
#731 = VERTEX_POINT ( 'NONE', #312 ) ;
#732 = CARTESIAN_POINT ( 'NONE',  ( -14.28199999999999648, -9.910000000000001918, -0.7499999999999967804 ) ) ;
#733 = ORIENTED_EDGE ( 'NONE', *, *, #1752, .T. ) ;
#734 = DIRECTION ( 'NONE',  ( -1.000000000000000000, 0.000000000000000000, -0.000000000000000000 ) ) ;
#735 = EDGE_CURVE ( 'NONE', #1305, #253, #872, .T. ) ;
#736 = LINE ( 'NONE', #1566, #338 ) ;
#737 = EDGE_CURVE ( 'NONE', #1544, #958, #501, .T. ) ;
#738 = ORIENTED_EDGE ( 'NONE', *, *, #192, .T. ) ;
#739 = DIRECTION ( 'NONE',  ( 0.000000000000000000, 0.000000000000000000, -1.000000000000000000 ) ) ;
#740 = VERTEX_POINT ( 'NONE', #900 ) ;
#741 = DIRECTION ( 'NONE',  ( 0.000000000000000000, 1.422837496700145351E-16, 1.000000000000000000 ) ) ;
#742 = DIRECTION ( 'NONE',  ( -0.000000000000000000, -0.000000000000000000, 1.000000000000000000 ) ) ;
#743 = ADVANCED_FACE ( 'NONE', ( #908, #787, #511, #1633, #75 ), #778, .F. ) ;
#744 = ORIENTED_EDGE ( 'NONE', *, *, #1531, .T. ) ;
#745 = ORIENTED_EDGE ( 'NONE', *, *, #282, .F. ) ;
#746 = CARTESIAN_POINT ( 'NONE',  ( -14.28499999999999481, 9.720000000000000639, -0.05999999999999999778 ) ) ;
#747 = AXIS2_PLACEMENT_3D ( 'NONE', #1582, #198, #759 ) ;
#748 = VERTEX_POINT ( 'NONE', #761 ) ;
#749 = DIRECTION ( 'NONE',  ( 1.124217281343318252E-16, -1.000000000000000000, -4.379057701015053347E-47 ) ) ;
#750 = CARTESIAN_POINT ( 'NONE',  ( 14.40500000000000114, -9.719999999999997087, -0.1199999999999974559 ) ) ;
#751 = DIRECTION ( 'NONE',  ( 0.000000000000000000, 0.000000000000000000, 1.000000000000000000 ) ) ;
#752 = EDGE_CURVE ( 'NONE', #730, #1574, #1335, .T. ) ;
#753 = EDGE_LOOP ( 'NONE', ( #1134, #884, #645, #1634 ) ) ;
#754 = CARTESIAN_POINT ( 'NONE',  ( -14.06499999999999950, 7.499999999999998224, -0.06000000000000004635 ) ) ;
#755 = EDGE_CURVE ( 'NONE', #922, #1261, #1101, .T. ) ;
#756 = ORIENTED_EDGE ( 'NONE', *, *, #1215, .T. ) ;
#757 = CARTESIAN_POINT ( 'NONE',  ( -14.28199999999998582, 9.849999999999999645, -0.05999999999999791611 ) ) ;
#758 = DIRECTION ( 'NONE',  ( -1.000000000000000000, 0.000000000000000000, 0.000000000000000000 ) ) ;
#759 = DIRECTION ( 'NONE',  ( -0.000000000000000000, 0.000000000000000000, -1.000000000000000000 ) ) ;
#760 = EDGE_LOOP ( 'NONE', ( #703, #1213 ) ) ;
#761 = CARTESIAN_POINT ( 'NONE',  ( 14.28499999999999659, -9.719999999999998863, -0.05999999999999999778 ) ) ;
#762 = ORIENTED_EDGE ( 'NONE', *, *, #1022, .F. ) ;
#763 = CARTESIAN_POINT ( 'NONE',  ( 14.06500000000000128, 7.499999999999998224, 0.000000000000000000 ) ) ;
#764 = LINE ( 'NONE', #1219, #1420 ) ;
#765 = CARTESIAN_POINT ( 'NONE',  ( 14.34499999999999709, -9.719999999999997087, -0.1199999999999973588 ) ) ;
#766 = DIRECTION ( 'NONE',  ( 3.491481338843134539E-15, 3.925183658615156784E-31, -1.000000000000000000 ) ) ;
#767 = ORIENTED_EDGE ( 'NONE', *, *, #282, .T. ) ;
#768 = DIRECTION ( 'NONE',  ( 0.000000000000000000, 1.000000000000000000, -1.422837496700113550E-16 ) ) ;
#769 = CIRCLE ( 'NONE', #1465, 0.06000000000000098310 ) ;
#770 = VECTOR ( 'NONE', #248, 39.37007874015748143 ) ;
#771 = ORIENTED_EDGE ( 'NONE', *, *, #882, .T. ) ;
#772 = SURFACE_SIDE_STYLE ('',( #923 ) ) ;
#773 = ADVANCED_FACE ( 'NONE', ( #940 ), #363, .F. ) ;
#774 = DIRECTION ( 'NONE',  ( 1.000000000000000000, 1.124217281343298284E-16, 3.169856808907805887E-15 ) ) ;
#775 = VECTOR ( 'NONE', #953, 39.37007874015748143 ) ;
#776 = PLANE ( 'NONE',  #695 ) ;
#777 = VERTEX_POINT ( 'NONE', #94 ) ;
#778 = PLANE ( 'NONE',  #1220 ) ;
#779 = AXIS2_PLACEMENT_3D ( 'NONE', #1041, #349, #1329 ) ;
#780 = CARTESIAN_POINT ( 'NONE',  ( 14.28499999999999659, 9.719999999999995310, -0.1200000000000003147 ) ) ;
#781 = PLANE ( 'NONE',  #779 ) ;
#782 = EDGE_CURVE ( 'NONE', #1525, #1753, #1653, .T. ) ;
#783 = DIRECTION ( 'NONE',  ( -1.000000000000000000, -2.248434562686651788E-16, 3.169856808907805887E-15 ) ) ;
#784 = EDGE_CURVE ( 'NONE', #748, #1381, #1751, .T. ) ;
#785 = DIRECTION ( 'NONE',  ( 0.000000000000000000, -1.000000000000000000, 3.169856808907805887E-15 ) ) ;
#786 = EDGE_LOOP ( 'NONE', ( #1094, #949, #1374, #1407 ) ) ;
#787 = FACE_BOUND ( 'NONE', #546, .T. ) ;
#788 = VERTEX_POINT ( 'NONE', #1075 ) ;
#789 = DIRECTION ( 'NONE',  ( -0.000000000000000000, 1.000000000000000000, -1.422837496700113550E-16 ) ) ;
#790 = DIRECTION ( 'NONE',  ( 0.000000000000000000, 0.000000000000000000, 1.000000000000000000 ) ) ;
#791 = DIRECTION ( 'NONE',  ( -3.167359992654217830E-15, 0.000000000000000000, -1.000000000000000000 ) ) ;
#792 = CARTESIAN_POINT ( 'NONE',  ( -14.28499999999999481, -9.719999999999998863, -0.1199999999999997041 ) ) ;
#793 = EDGE_CURVE ( 'NONE', #1381, #1083, #920, .T. ) ;
#794 = ORIENTED_EDGE ( 'NONE', *, *, #914, .T. ) ;
#795 = DIRECTION ( 'NONE',  ( 0.000000000000000000, 0.000000000000000000, 1.000000000000000000 ) ) ;
#796 = EDGE_LOOP ( 'NONE', ( #1017, #1559, #1605, #727 ) ) ;
#797 = CARTESIAN_POINT ( 'NONE',  ( -14.28199999999999648, -9.970000000000000639, -0.1199999999999996486 ) ) ;
#798 = VECTOR ( 'NONE', #154, 39.37007874015748143 ) ;
#799 = DIRECTION ( 'NONE',  ( -1.000000000000000000, 0.000000000000000000, 0.000000000000000000 ) ) ;
#800 = DIRECTION ( 'NONE',  ( 0.000000000000000000, 3.167359992654216647E-15, 1.000000000000000000 ) ) ;
#801 = AXIS2_PLACEMENT_3D ( 'NONE', #1434, #863, #170 ) ;
#802 = VECTOR ( 'NONE', #1530, 39.37007874015748143 ) ;
#803 = CARTESIAN_POINT ( 'NONE',  ( -14.27899999999999459, 9.726000000000000867, 0.000000000000000000 ) ) ;
#804 = DIRECTION ( 'NONE',  ( 0.000000000000000000, 0.000000000000000000, -1.000000000000000000 ) ) ;
#805 = VECTOR ( 'NONE', #670, 39.37007874015748143 ) ;
#806 = AXIS2_PLACEMENT_3D ( 'NONE', #1391, #1117, #122 ) ;
#807 = ORIENTED_EDGE ( 'NONE', *, *, #1314, .T. ) ;
#808 = PLANE ( 'NONE',  #1441 ) ;
#809 = ADVANCED_FACE ( 'NONE', ( #1204 ), #663, .T. ) ;
#810 = EDGE_LOOP ( 'NONE', ( #364, #1698, #1750, #674 ) ) ;
#811 = CARTESIAN_POINT ( 'NONE',  ( 0.000000000000000000, 0.000000000000000000, -0.05999999999999999778 ) ) ;
#812 = VECTOR ( 'NONE', #535, 39.37007874015748143 ) ;
#813 = DIRECTION ( 'NONE',  ( 0.000000000000000000, 0.000000000000000000, 1.000000000000000000 ) ) ;
#814 = PLANE ( 'NONE',  #1433 ) ;
#815 = PLANE ( 'NONE',  #1298 ) ;
#816 = ORIENTED_EDGE ( 'NONE', *, *, #613, .T. ) ;
#817 = CARTESIAN_POINT ( 'NONE',  ( -14.27899999999999459, 0.000000000000000000, 0.000000000000000000 ) ) ;
#818 = ORIENTED_EDGE ( 'NONE', *, *, #1794, .F. ) ;
#819 = DIRECTION ( 'NONE',  ( 0.000000000000000000, -1.000000000000000000, 0.000000000000000000 ) ) ;
#820 = EDGE_CURVE ( 'NONE', #1083, #1664, #361, .T. ) ;
#821 = DIRECTION ( 'NONE',  ( 0.000000000000000000, 0.000000000000000000, 1.000000000000000000 ) ) ;
#822 = DIRECTION ( 'NONE',  ( 3.167359992654217435E-15, -3.167359992654217830E-15, -1.000000000000000000 ) ) ;
#823 = LINE ( 'NONE', #1241, #1155 ) ;
#824 = EDGE_LOOP ( 'NONE', ( #1666, #150, #1413, #1283 ) ) ;
#825 = DIRECTION ( 'NONE',  ( 0.000000000000000000, 1.000000000000000000, -0.000000000000000000 ) ) ;
#826 = ORIENTED_EDGE ( 'NONE', *, *, #755, .T. ) ;
#827 = DIRECTION ( 'NONE',  ( 1.000000000000000000, -2.423398975254132464E-31, 7.651163684817991096E-17 ) ) ;
#828 = LINE ( 'NONE', #1383, #910 ) ;
#829 = ORIENTED_EDGE ( 'NONE', *, *, #1460, .T. ) ;
#830 = DIRECTION ( 'NONE',  ( 1.000000000000000000, 0.000000000000000000, -0.000000000000000000 ) ) ;
#831 = EDGE_CURVE ( 'NONE', #1529, #1623, #1768, .T. ) ;
#832 = FACE_OUTER_BOUND ( 'NONE', #39, .T. ) ;
#833 = AXIS2_PLACEMENT_3D ( 'NONE', #1730, #1035, #1593 ) ;
#834 = ORIENTED_EDGE ( 'NONE', *, *, #866, .F. ) ;
#835 = DIRECTION ( 'NONE',  ( 0.000000000000000000, 1.000000000000000000, 0.000000000000000000 ) ) ;
#836 = VECTOR ( 'NONE', #1092, 39.37007874015748143 ) ;
#837 = ORIENTED_EDGE ( 'NONE', *, *, #313, .F. ) ;
#838 = DIRECTION ( 'NONE',  ( 0.000000000000000000, -3.167359992654216647E-15, 1.000000000000000000 ) ) ;
#839 = FACE_OUTER_BOUND ( 'NONE', #1253, .T. ) ;
#840 = CARTESIAN_POINT ( 'NONE',  ( 14.27899999999999636, -9.725999999999997314, -0.05999999999999654915 ) ) ;
#841 = VECTOR ( 'NONE', #915, 39.37007874015748143 ) ;
#842 = LINE ( 'NONE', #451, #638 ) ;
#843 = ADVANCED_FACE ( 'NONE', ( #1624 ), #621, .T. ) ;
#844 = EDGE_CURVE ( 'NONE', #958, #182, #246, .T. ) ;
#845 = ORIENTED_EDGE ( 'NONE', *, *, #269, .T. ) ;
#846 = ORIENTED_EDGE ( 'NONE', *, *, #1140, .F. ) ;
#847 = DIRECTION ( 'NONE',  ( 3.167359992654217830E-15, 3.167359992654217435E-15, -1.000000000000000000 ) ) ;
#848 = CARTESIAN_POINT ( 'NONE',  ( 14.06500000000000128, -7.500000000000000000, -0.06000000000000004635 ) ) ;
#849 = DIRECTION ( 'NONE',  ( 2.802596928649634764E-45, -1.000000000000000000, -3.491481338843133750E-15 ) ) ;
#850 = DIRECTION ( 'NONE',  ( 0.000000000000000000, 0.000000000000000000, 1.000000000000000000 ) ) ;
#851 = CARTESIAN_POINT ( 'NONE',  ( 0.000000000000000000, 0.000000000000000000, 0.000000000000000000 ) ) ;
#852 = EDGE_LOOP ( 'NONE', ( #1431, #1206, #1189, #1315 ) ) ;
#853 = EDGE_CURVE ( 'NONE', #1632, #731, #234, .T. ) ;
#854 = EDGE_LOOP ( 'NONE', ( #624, #829, #143, #1197 ) ) ;
#855 = DIRECTION ( 'NONE',  ( 0.000000000000000000, -1.422837496700113550E-16, -1.000000000000000000 ) ) ;
#856 = PLANE ( 'NONE',  #1648 ) ;
#857 = LINE ( 'NONE', #888, #1591 ) ;
#858 = CIRCLE ( 'NONE', #1727, 0.1559999999999991116 ) ;
#859 = ORIENTED_EDGE ( 'NONE', *, *, #984, .T. ) ;
#860 = VECTOR ( 'NONE', #885, 39.37007874015748143 ) ;
#861 = EDGE_LOOP ( 'NONE', ( #1394, #294, #636, #1435 ) ) ;
#862 = EDGE_CURVE ( 'NONE', #463, #1710, #1188, .T. ) ;
#863 = DIRECTION ( 'NONE',  ( 1.124217281343097371E-16, -1.000000000000000000, 6.334719985308435660E-15 ) ) ;
#864 = CIRCLE ( 'NONE', #280, 0.1200000000000009948 ) ;
#865 = ORIENTED_EDGE ( 'NONE', *, *, #67, .T. ) ;
#866 = EDGE_CURVE ( 'NONE', #1518, #979, #1038, .T. ) ;
#867 = FACE_OUTER_BOUND ( 'NONE', #152, .T. ) ;
#868 = CARTESIAN_POINT ( 'NONE',  ( -13.90900000000000070, -7.500000000000000000, -0.7500000000000003331 ) ) ;
#869 = CIRCLE ( 'NONE', #1303, 0.1559999999999991116 ) ;
#870 = ORIENTED_EDGE ( 'NONE', *, *, #1057, .F. ) ;
#871 = ORIENTED_EDGE ( 'NONE', *, *, #59, .F. ) ;
#872 = LINE ( 'NONE', #200, #241 ) ;
#873 = EDGE_LOOP ( 'NONE', ( #1125, #423, #1226, #133 ) ) ;
#874 = CARTESIAN_POINT ( 'NONE',  ( -14.28199999999999648, 9.970000000000002416, -0.7500000000000001110 ) ) ;
#875 = ADVANCED_FACE ( 'NONE', ( #1665 ), #808, .T. ) ;
#876 = DIRECTION ( 'NONE',  ( 3.167359992654234002E-15, 0.000000000000000000, 1.000000000000000000 ) ) ;
#877 = ORIENTED_EDGE ( 'NONE', *, *, #92, .T. ) ;
#878 = PLANE ( 'NONE',  #801 ) ;
#879 = ORIENTED_EDGE ( 'NONE', *, *, #1307, .F. ) ;
#880 = DIRECTION ( 'NONE',  ( 1.000000000000000000, 2.248434562686636503E-16, -3.491481338843133750E-15 ) ) ;
#881 = CARTESIAN_POINT ( 'NONE',  ( 14.28199999999999825, -9.725999999999997314, -0.05999999999999999778 ) ) ;
#882 = EDGE_CURVE ( 'NONE', #620, #1273, #959, .T. ) ;
#883 = ORIENTED_EDGE ( 'NONE', *, *, #1012, .T. ) ;
#884 = ORIENTED_EDGE ( 'NONE', *, *, #1520, .T. ) ;
#885 = DIRECTION ( 'NONE',  ( -2.248434562686636010E-16, 1.000000000000000000, -8.758115402030106693E-47 ) ) ;
#886 = EDGE_LOOP ( 'NONE', ( #1362, #1642, #1550, #1141 ) ) ;
#887 = CARTESIAN_POINT ( 'NONE',  ( 14.27899999999999636, 9.725999999999993761, -0.05999999999999931777 ) ) ;
#888 = CARTESIAN_POINT ( 'NONE',  ( -14.27899999999999459, -9.719999999999998863, -0.06000000000000090677 ) ) ;
#889 = CIRCLE ( 'NONE', #107, 0.06000000000000101780 ) ;
#890 = EDGE_CURVE ( 'NONE', #380, #51, #112, .T. ) ;
#891 = DIRECTION ( 'NONE',  ( -1.000000000000000000, 0.000000000000000000, -0.000000000000000000 ) ) ;
#892 = ADVANCED_FACE ( 'NONE', ( #969 ), #560, .T. ) ;
#893 = ORIENTED_EDGE ( 'NONE', *, *, #255, .F. ) ;
#894 = CARTESIAN_POINT ( 'NONE',  ( -14.34499999999999709, 9.720000000000000639, 1.483908156558500370E-14 ) ) ;
#895 = ORIENTED_EDGE ( 'NONE', *, *, #1275, .F. ) ;
#896 = LINE ( 'NONE', #1301, #300 ) ;
#897 = LINE ( 'NONE', #341, #1738 ) ;
#898 = CARTESIAN_POINT ( 'NONE',  ( -14.22099999999999831, 7.499999999999998224, -0.7500000000000003331 ) ) ;
#899 = EDGE_LOOP ( 'NONE', ( #306, #1056, #1724, #1745 ) ) ;
#900 = CARTESIAN_POINT ( 'NONE',  ( -14.28199999999999825, -9.725999999999999091, -0.06000000000000090677 ) ) ;
#901 = ADVANCED_FACE ( 'NONE', ( #3 ), #1369, .T. ) ;
#902 = ORIENTED_EDGE ( 'NONE', *, *, #163, .F. ) ;
#903 = FACE_OUTER_BOUND ( 'NONE', #1690, .T. ) ;
#904 = DIRECTION ( 'NONE',  ( -1.000000000000000000, -1.124217281343318252E-16, -3.167359992654216647E-15 ) ) ;
#905 = DIRECTION ( 'NONE',  ( 1.000000000000000000, 0.000000000000000000, 0.000000000000000000 ) ) ;
#906 = DIRECTION ( 'NONE',  ( -0.000000000000000000, -0.000000000000000000, 1.000000000000000000 ) ) ;
#907 = ORIENTED_EDGE ( 'NONE', *, *, #1594, .F. ) ;
#908 = FACE_BOUND ( 'NONE', #1732, .T. ) ;
#909 = COLOUR_RGB ( '',0.7921568627450980005, 0.8196078431372548767, 0.9333333333333333481 ) ;
#910 = VECTOR ( 'NONE', #136, 39.37007874015748143 ) ;
#911 = ADVANCED_FACE ( 'NONE', ( #1380 ), #673, .F. ) ;
#912 = VERTEX_POINT ( 'NONE', #144 ) ;
#913 = CYLINDRICAL_SURFACE ( 'NONE', #602, 0.05999999999999881123 ) ;
#914 = EDGE_CURVE ( 'NONE', #1013, #1570, #1536, .T. ) ;
#915 = DIRECTION ( 'NONE',  ( 1.000000000000000000, 0.000000000000000000, 0.000000000000000000 ) ) ;
#916 = VECTOR ( 'NONE', #1673, 39.37007874015748143 ) ;
#917 = LINE ( 'NONE', #527, #1126 ) ;
#918 = CARTESIAN_POINT ( 'NONE',  ( 14.28199999999999648, 9.849999999999999645, 2.083034095169000729E-15 ) ) ;
#919 = ORIENTED_EDGE ( 'NONE', *, *, #1542, .F. ) ;
#920 = LINE ( 'NONE', #1596, #450 ) ;
#921 = CIRCLE ( 'NONE', #954, 0.1559999999999991116 ) ;
#922 = VERTEX_POINT ( 'NONE', #1497 ) ;
#923 = SURFACE_STYLE_FILL_AREA ( #383 ) ;
#924 = PRODUCT_DEFINITION_CONTEXT ( 'detailed design', #441, 'design' ) ;
#925 = LINE ( 'NONE', #1059, #367 ) ;
#926 = EDGE_CURVE ( 'NONE', #1308, #672, #1644, .T. ) ;
#927 = CARTESIAN_POINT ( 'NONE',  ( 14.28199999999999825, 9.725999999999993761, -0.1000000000000000056 ) ) ;
#928 = CARTESIAN_POINT ( 'NONE',  ( 14.28199999999999825, -9.725999999999997314, -0.1000000000000000056 ) ) ;
#929 = ORIENTED_EDGE ( 'NONE', *, *, #606, .F. ) ;
#930 = DIRECTION ( 'NONE',  ( 0.000000000000000000, 0.000000000000000000, -1.000000000000000000 ) ) ;
#931 = ORIENTED_EDGE ( 'NONE', *, *, #1658, .T. ) ;
#932 = DIRECTION ( 'NONE',  ( -1.000000000000000000, -0.000000000000000000, -0.000000000000000000 ) ) ;
#933 = LINE ( 'NONE', #633, #1270 ) ;
#934 = AXIS2_PLACEMENT_3D ( 'NONE', #1054, #637, #494 ) ;
#935 = DIRECTION ( 'NONE',  ( 0.000000000000000000, 0.000000000000000000, 1.000000000000000000 ) ) ;
#936 = EDGE_CURVE ( 'NONE', #178, #1632, #529, .T. ) ;
#937 = CARTESIAN_POINT ( 'NONE',  ( -14.06499999999999950, -7.500000000000000000, -0.06000000000000004635 ) ) ;
#938 = AXIS2_PLACEMENT_3D ( 'NONE', #249, #1355, #619 ) ;
#939 = ORIENTED_EDGE ( 'NONE', *, *, #389, .T. ) ;
#940 = FACE_OUTER_BOUND ( 'NONE', #711, .T. ) ;
#941 = EDGE_LOOP ( 'NONE', ( #696, #446, #528, #1508 ) ) ;
#942 = SURFACE_STYLE_USAGE ( .BOTH. , #772 ) ;
#943 = CIRCLE ( 'NONE', #1237, 0.1559999999999991116 ) ;
#944 = LINE ( 'NONE', #1636, #798 ) ;
#945 = DIRECTION ( 'NONE',  ( 1.000000000000000000, 0.000000000000000000, 0.000000000000000000 ) ) ;
#946 = AXIS2_PLACEMENT_3D ( 'NONE', #669, #117, #1304 ) ;
#947 = DIRECTION ( 'NONE',  ( 1.456985596620916276E-13, 0.000000000000000000, 1.000000000000000000 ) ) ;
#948 = AXIS2_PLACEMENT_3D ( 'NONE', #1132, #428, #118 ) ;
#949 = ORIENTED_EDGE ( 'NONE', *, *, #890, .T. ) ;
#950 = DIRECTION ( 'NONE',  ( 0.000000000000000000, 1.422837496700113550E-16, 1.000000000000000000 ) ) ;
#951 = ADVANCED_FACE ( 'NONE', ( #1254 ), #1115, .F. ) ;
#952 = ORIENTED_EDGE ( 'NONE', *, *, #127, .F. ) ;
#953 = DIRECTION ( 'NONE',  ( -1.000000000000000000, 0.000000000000000000, 0.000000000000000000 ) ) ;
#954 = AXIS2_PLACEMENT_3D ( 'NONE', #1317, #790, #1772 ) ;
#955 = LINE ( 'NONE', #1238, #1122 ) ;
#956 = CARTESIAN_POINT ( 'NONE',  ( 14.27899999999999636, 9.719999999999995310, 0.000000000000000000 ) ) ;
#957 = FACE_OUTER_BOUND ( 'NONE', #176, .T. ) ;
#958 = VERTEX_POINT ( 'NONE', #682 ) ;
#959 = LINE ( 'NONE', #1361, #724 ) ;
#960 = ORIENTED_EDGE ( 'NONE', *, *, #1376, .F. ) ;
#961 = EDGE_CURVE ( 'NONE', #183, #263, #286, .T. ) ;
#962 = DIRECTION ( 'NONE',  ( -0.000000000000000000, 1.000000000000000000, -1.422837496700113550E-16 ) ) ;
#963 = CYLINDRICAL_SURFACE ( 'NONE', #43, 0.1559999999999991116 ) ;
#964 = EDGE_LOOP ( 'NONE', ( #1656, #1114, #1341, #1419 ) ) ;
#965 = FACE_OUTER_BOUND ( 'NONE', #137, .T. ) ;
#966 = DIRECTION ( 'NONE',  ( -1.000000000000000000, -4.379057701015054319E-47, 1.243314098782923538E-16 ) ) ;
#967 = DIRECTION ( 'NONE',  ( 0.000000000000000000, 0.000000000000000000, 1.000000000000000000 ) ) ;
#968 = EDGE_LOOP ( 'NONE', ( #1585, #1552, #1423, #1025 ) ) ;
#969 = FACE_OUTER_BOUND ( 'NONE', #554, .T. ) ;
#970 = ORIENTED_EDGE ( 'NONE', *, *, #208, .F. ) ;
#971 = PLANE ( 'NONE',  #1443 ) ;
#972 = DIRECTION ( 'NONE',  ( -1.000000000000000000, 0.000000000000000000, 0.000000000000000000 ) ) ;
#973 = LINE ( 'NONE', #1259, #475 ) ;
#974 = ADVANCED_FACE ( 'NONE', ( #1233 ), #1787, .F. ) ;
#975 = DIRECTION ( 'NONE',  ( -0.000000000000000000, -1.000000000000000000, 1.422837496700113550E-16 ) ) ;
#976 = ORIENTED_EDGE ( 'NONE', *, *, #1560, .T. ) ;
#977 = CARTESIAN_POINT ( 'NONE',  ( 14.28499999999999659, -9.719999999999997087, -0.1199999999999975392 ) ) ;
#978 = AXIS2_PLACEMENT_3D ( 'NONE', #1603, #1173, #372 ) ;
#979 = VERTEX_POINT ( 'NONE', #803 ) ;
#980 = DIRECTION ( 'NONE',  ( 0.000000000000000000, -0.000000000000000000, -1.000000000000000000 ) ) ;
#981 = DIRECTION ( 'NONE',  ( 1.000000000000000000, 0.000000000000000000, 0.000000000000000000 ) ) ;
#982 = CARTESIAN_POINT ( 'NONE',  ( 14.34499999999999709, 9.719999999999995310, -0.1200000000000001205 ) ) ;
#983 = DIRECTION ( 'NONE',  ( -1.000000000000000000, -3.938023334787965637E-31, 1.248297008141545664E-45 ) ) ;
#984 = EDGE_CURVE ( 'NONE', #1216, #121, #1192, .T. ) ;
#985 = EDGE_LOOP ( 'NONE', ( #326, #1611, #596, #1079 ) ) ;
#986 = ORIENTED_EDGE ( 'NONE', *, *, #502, .T. ) ;
#987 = CARTESIAN_POINT ( 'NONE',  ( -14.28499999999999481, 9.720000000000000639, -0.1200000000000024797 ) ) ;
#988 = DIRECTION ( 'NONE',  ( 0.000000000000000000, 0.000000000000000000, -1.000000000000000000 ) ) ;
#989 = CARTESIAN_POINT ( 'NONE',  ( -14.22099999999999831, 7.499999999999998224, 0.000000000000000000 ) ) ;
#990 = EDGE_CURVE ( 'NONE', #458, #1063, #1357, .T. ) ;
#991 = ORIENTED_EDGE ( 'NONE', *, *, #1460, .F. ) ;
#992 = ADVANCED_FACE ( 'NONE', ( #498 ), #90, .T. ) ;
#993 = ORIENTED_EDGE ( 'NONE', *, *, #936, .T. ) ;
#994 = CARTESIAN_POINT ( 'NONE',  ( 14.27899999999999636, -9.725999999999997314, -0.05999999999999654915 ) ) ;
#995 = EDGE_LOOP ( 'NONE', ( #1558, #175, #1232, #870 ) ) ;
#996 = CARTESIAN_POINT ( 'NONE',  ( -14.34499999999999709, 9.720000000000000639, -0.1200000000000019940 ) ) ;
#997 = CARTESIAN_POINT ( 'NONE',  ( -14.28199999999999292, -9.849999999999999645, -0.1199999999999999956 ) ) ;
#998 = MECHANICAL_DESIGN_GEOMETRIC_PRESENTATION_REPRESENTATION (  '', ( #1784 ), #191 ) ;
#999 = VECTOR ( 'NONE', #1052, 39.37007874015748143 ) ;
#1000 = EDGE_LOOP ( 'NONE', ( #1262, #185, #1312, #1706 ) ) ;
#1001 = CIRCLE ( 'NONE', #1353, 0.1559999999999991116 ) ;
#1002 = ORIENTED_EDGE ( 'NONE', *, *, #173, .F. ) ;
#1003 = DIRECTION ( 'NONE',  ( 0.000000000000000000, -0.000000000000000000, 1.000000000000000000 ) ) ;
#1004 = EDGE_CURVE ( 'NONE', #620, #1388, #1463, .T. ) ;
#1005 = ORIENTED_EDGE ( 'NONE', *, *, #79, .F. ) ;
#1006 = CARTESIAN_POINT ( 'NONE',  ( -14.40499999999999403, -9.720000000000004192, -0.05999999999999978961 ) ) ;
#1007 = DIRECTION ( 'NONE',  ( -1.000000000000000000, 0.000000000000000000, 0.000000000000000000 ) ) ;
#1008 = AXIS2_PLACEMENT_3D ( 'NONE', #997, #1007, #1437 ) ;
#1009 = ORIENTED_EDGE ( 'NONE', *, *, #1148, .T. ) ;
#1010 = ORIENTED_EDGE ( 'NONE', *, *, #1275, .T. ) ;
#1011 = CARTESIAN_POINT ( 'NONE',  ( 14.28199999999999825, 9.910000000000000142, 3.157857912676254465E-14 ) ) ;
#1012 = EDGE_CURVE ( 'NONE', #309, #1172, #917, .T. ) ;
#1013 = VERTEX_POINT ( 'NONE', #387 ) ;
#1014 = DIRECTION ( 'NONE',  ( 0.000000000000000000, 0.000000000000000000, 1.000000000000000000 ) ) ;
#1015 = CARTESIAN_POINT ( 'NONE',  ( -14.28199999999999648, -9.849999999999999645, -0.1199999999999999956 ) ) ;
#1016 = ORIENTED_EDGE ( 'NONE', *, *, #269, .F. ) ;
#1017 = ORIENTED_EDGE ( 'NONE', *, *, #1543, .T. ) ;
#1018 = DIRECTION ( 'NONE',  ( -1.018700668773379559E-30, -1.000000000000000000, 3.169856808907805887E-15 ) ) ;
#1019 = ORIENTED_EDGE ( 'NONE', *, *, #1448, .T. ) ;
#1020 = LINE ( 'NONE', #996, #571 ) ;
#1021 = FACE_OUTER_BOUND ( 'NONE', #1516, .T. ) ;
#1022 = EDGE_CURVE ( 'NONE', #1570, #1769, #1755, .T. ) ;
#1023 = DIRECTION ( 'NONE',  ( 1.000000000000000000, -0.000000000000000000, -0.000000000000000000 ) ) ;
#1024 = CIRCLE ( 'NONE', #1466, 0.05999999999999881123 ) ;
#1025 = ORIENTED_EDGE ( 'NONE', *, *, #990, .T. ) ;
#1026 = CYLINDRICAL_SURFACE ( 'NONE', #537, 0.1559999999999991116 ) ;
#1027 = AXIS2_PLACEMENT_3D ( 'NONE', #1561, #184, #33 ) ;
#1028 = VECTOR ( 'NONE', #1309, 39.37007874015748143 ) ;
#1029 = ORIENTED_EDGE ( 'NONE', *, *, #882, .F. ) ;
#1030 = CARTESIAN_POINT ( 'NONE',  ( 14.34500000000000064, 1.612689690086990096E-15, -0.7500000000000003331 ) ) ;
#1031 = AXIS2_PLACEMENT_3D ( 'NONE', #1492, #251, #1339 ) ;
#1032 = UNCERTAINTY_MEASURE_WITH_UNIT (LENGTH_MEASURE( 1.000000000000000082E-05 ), #114, 'distance_accuracy_value', 'NONE');
#1033 = DIRECTION ( 'NONE',  ( -1.000000000000000000, 1.105877830775058222E-29, 3.167359992654234002E-15 ) ) ;
#1034 = EDGE_CURVE ( 'NONE', #1769, #1544, #224, .T. ) ;
#1035 = DIRECTION ( 'NONE',  ( 0.000000000000000000, 0.000000000000000000, 1.000000000000000000 ) ) ;
#1036 = AXIS2_PLACEMENT_3D ( 'NONE', #204, #641, #487 ) ;
#1037 = ORIENTED_EDGE ( 'NONE', *, *, #82, .F. ) ;
#1038 = LINE ( 'NONE', #817, #574 ) ;
#1039 = VERTEX_POINT ( 'NONE', #1042 ) ;
#1040 = DIRECTION ( 'NONE',  ( 0.000000000000000000, 0.000000000000000000, -1.000000000000000000 ) ) ;
#1041 = CARTESIAN_POINT ( 'NONE',  ( -14.40499999999999758, -3.238869987550098695E-15, 4.583530957451458843E-14 ) ) ;
#1042 = CARTESIAN_POINT ( 'NONE',  ( 14.22100000000000186, -7.500000000000000000, 0.000000000000000000 ) ) ;
#1043 = CARTESIAN_POINT ( 'NONE',  ( -14.28499999999999481, -9.719999999999998863, 0.000000000000000000 ) ) ;
#1044 = EDGE_CURVE ( 'NONE', #167, #47, #215, .T. ) ;
#1045 = EDGE_LOOP ( 'NONE', ( #1137, #1735, #1722, #500 ) ) ;
#1046 = DIRECTION ( 'NONE',  ( 0.000000000000000000, 1.000000000000000000, -1.422837496700113550E-16 ) ) ;
#1047 = ADVANCED_FACE ( 'NONE', ( #1483 ), #776, .T. ) ;
#1048 = EDGE_LOOP ( 'NONE', ( #1495, #661, #32, #1778 ) ) ;
#1049 = FACE_BOUND ( 'NONE', #760, .T. ) ;
#1050 = CARTESIAN_POINT ( 'NONE',  ( -14.27899999999999459, 9.720000000000000639, 0.000000000000000000 ) ) ;
#1051 = LINE ( 'NONE', #1607, #805 ) ;
#1052 = DIRECTION ( 'NONE',  ( 0.000000000000000000, 0.000000000000000000, -1.000000000000000000 ) ) ;
#1053 = ORIENTED_EDGE ( 'NONE', *, *, #56, .F. ) ;
#1054 = CARTESIAN_POINT ( 'NONE',  ( 14.28199999999999648, 9.849999999999999645, -0.1199999999999989131 ) ) ;
#1055 = VECTOR ( 'NONE', #1649, 39.37007874015748143 ) ;
#1056 = ORIENTED_EDGE ( 'NONE', *, *, #181, .F. ) ;
#1057 = EDGE_CURVE ( 'NONE', #1544, #1753, #1051, .T. ) ;
#1058 = FACE_OUTER_BOUND ( 'NONE', #593, .T. ) ;
#1059 = CARTESIAN_POINT ( 'NONE',  ( 13.90900000000000247, 7.499999999999998224, -0.7500000000000003331 ) ) ;
#1060 = VECTOR ( 'NONE', #795, 39.37007874015748143 ) ;
#1061 = DIRECTION ( 'NONE',  ( 0.000000000000000000, -0.000000000000000000, 1.000000000000000000 ) ) ;
#1062 = CARTESIAN_POINT ( 'NONE',  ( -14.28499999999999481, 9.720000000000000639, -3.670920741486353540E-15 ) ) ;
#1063 = VERTEX_POINT ( 'NONE', #1331 ) ;
#1064 = CARTESIAN_POINT ( 'NONE',  ( 14.28499999999999659, 9.719999999999989981, -0.1200000000000003147 ) ) ;
#1065 = VECTOR ( 'NONE', #9, 39.37007874015748143 ) ;
#1066 = ORIENTED_EDGE ( 'NONE', *, *, #665, .T. ) ;
#1067 = PLANE ( 'NONE',  #1554 ) ;
#1068 = ADVANCED_FACE ( 'NONE', ( #230 ), #359, .F. ) ;
#1069 = CARTESIAN_POINT ( 'NONE',  ( -14.28499999999999481, 9.719999999999998863, -3.670920741486353540E-15 ) ) ;
#1070 = CARTESIAN_POINT ( 'NONE',  ( -14.40499999999999403, -9.720000000000004192, 0.000000000000000000 ) ) ;
#1071 = ADVANCED_FACE ( 'NONE', ( #632 ), #650, .T. ) ;
#1072 = CARTESIAN_POINT ( 'NONE',  ( -14.40500000000000114, 9.719999999999997087, -0.7500000000000001110 ) ) ;
#1073 = DIRECTION ( 'NONE',  ( 1.000000000000000000, 0.000000000000000000, 0.000000000000000000 ) ) ;
#1074 = EDGE_LOOP ( 'NONE', ( #261, #607, #1009, #551 ) ) ;
#1075 = CARTESIAN_POINT ( 'NONE',  ( -14.34499999999999531, -9.720000000000005969, -0.7500000000000002220 ) ) ;
#1076 = ORIENTED_EDGE ( 'NONE', *, *, #866, .T. ) ;
#1077 = LINE ( 'NONE', #1328, #688 ) ;
#1078 = LINE ( 'NONE', #1393, #472 ) ;
#1079 = ORIENTED_EDGE ( 'NONE', *, *, #265, .F. ) ;
#1080 = ADVANCED_FACE ( 'NONE', ( #1182 ), #489, .F. ) ;
#1081 = DIRECTION ( 'NONE',  ( 1.124217281343314800E-16, -1.000000000000000000, 1.124217281343321949E-16 ) ) ;
#1082 = EDGE_CURVE ( 'NONE', #1449, #503, #1474, .T. ) ;
#1083 = VERTEX_POINT ( 'NONE', #642 ) ;
#1084 = DIRECTION ( 'NONE',  ( 0.000000000000000000, -0.000000000000000000, -1.000000000000000000 ) ) ;
#1085 = VERTEX_POINT ( 'NONE', #1620 ) ;
#1086 = CARTESIAN_POINT ( 'NONE',  ( -14.27899999999999459, -9.719999999999998863, -0.06000000000000090677 ) ) ;
#1087 = AXIS2_PLACEMENT_3D ( 'NONE', #1332, #1766, #225 ) ;
#1088 = LINE ( 'NONE', #116, #1055 ) ;
#1089 = LINE ( 'NONE', #1070, #73 ) ;
#1090 = VECTOR ( 'NONE', #1299, 39.37007874015748143 ) ;
#1091 = VECTOR ( 'NONE', #62, 39.37007874015748143 ) ;
#1092 = DIRECTION ( 'NONE',  ( 3.167359992654234002E-15, 3.167359992654217435E-15, 1.000000000000000000 ) ) ;
#1093 = EDGE_CURVE ( 'NONE', #1769, #1597, #369, .T. ) ;
#1094 = ORIENTED_EDGE ( 'NONE', *, *, #1263, .F. ) ;
#1095 = DIRECTION ( 'NONE',  ( 0.000000000000000000, 1.000000000000000000, 0.000000000000000000 ) ) ;
#1096 = ORIENTED_EDGE ( 'NONE', *, *, #173, .T. ) ;
#1097 = CARTESIAN_POINT ( 'NONE',  ( -14.28499999999999481, 9.720000000000000639, -0.1200000000000024797 ) ) ;
#1098 = DIRECTION ( 'NONE',  ( -0.000000000000000000, -0.000000000000000000, 1.000000000000000000 ) ) ;
#1099 = VERTEX_POINT ( 'NONE', #1211 ) ;
#1100 = LINE ( 'NONE', #1121, #1757 ) ;
#1101 = CIRCLE ( 'NONE', #488, 0.1559999999999991116 ) ;
#1102 = CARTESIAN_POINT ( 'NONE',  ( -14.34499999999999353, -9.720000000000004192, -0.1199999999999998151 ) ) ;
#1103 = PRODUCT_CONTEXT ( 'NONE', #635, 'mechanical' ) ;
#1104 = ORIENTED_EDGE ( 'NONE', *, *, #512, .F. ) ;
#1105 = CARTESIAN_POINT ( 'NONE',  ( 14.40499999999999936, 9.719999999999998863, -0.1000000000000000056 ) ) ;
#1106 = EDGE_CURVE ( 'NONE', #1261, #1444, #1765, .T. ) ;
#1107 = ORIENTED_EDGE ( 'NONE', *, *, #201, .T. ) ;
#1108 = PLANE ( 'NONE',  #1415 ) ;
#1109 = EDGE_CURVE ( 'NONE', #47, #748, #1613, .T. ) ;
#1110 = DIRECTION ( 'NONE',  ( 1.000000000000000000, 2.248434562686636503E-16, -3.491481338843133750E-15 ) ) ;
#1111 = DIRECTION ( 'NONE',  ( 0.000000000000000000, -1.000000000000000000, -3.491481338843133750E-15 ) ) ;
#1112 = LINE ( 'NONE', #1793, #1392 ) ;
#1113 = SHAPE_DEFINITION_REPRESENTATION ( #89, #721 ) ;
#1114 = ORIENTED_EDGE ( 'NONE', *, *, #467, .F. ) ;
#1115 = PLANE ( 'NONE',  #1386 ) ;
#1116 = ORIENTED_EDGE ( 'NONE', *, *, #1451, .F. ) ;
#1117 = DIRECTION ( 'NONE',  ( -0.000000000000000000, -0.000000000000000000, 1.000000000000000000 ) ) ;
#1118 = ADVANCED_FACE ( 'NONE', ( #156 ), #815, .F. ) ;
#1119 = PLANE ( 'NONE',  #239 ) ;
#1120 = VERTEX_POINT ( 'NONE', #1123 ) ;
#1121 = CARTESIAN_POINT ( 'NONE',  ( 14.34499999999999709, 9.719999999999998863, 1.483908156558499424E-14 ) ) ;
#1122 = VECTOR ( 'NONE', #1110, 39.37007874015748143 ) ;
#1123 = CARTESIAN_POINT ( 'NONE',  ( -14.34499999999999353, 9.720000000000000639, -0.1200000000000022854 ) ) ;
#1124 = VECTOR ( 'NONE', #1111, 39.37007874015748143 ) ;
#1125 = ORIENTED_EDGE ( 'NONE', *, *, #1093, .F. ) ;
#1126 = VECTOR ( 'NONE', #507, 39.37007874015748143 ) ;
#1127 = VERTEX_POINT ( 'NONE', #139 ) ;
#1128 = LINE ( 'NONE', #415, #1683 ) ;
#1129 = VECTOR ( 'NONE', #1515, 39.37007874015748143 ) ;
#1130 = DIRECTION ( 'NONE',  ( -0.000000000000000000, -0.000000000000000000, 1.000000000000000000 ) ) ;
#1131 = EDGE_CURVE ( 'NONE', #1152, #1099, #260, .T. ) ;
#1132 = CARTESIAN_POINT ( 'NONE',  ( -14.06499999999999950, 7.499999999999998224, -0.7500000000000003331 ) ) ;
#1133 = ADVANCED_FACE ( 'NONE', ( #957 ), #1396, .F. ) ;
#1134 = ORIENTED_EDGE ( 'NONE', *, *, #565, .T. ) ;
#1135 = ORIENTED_EDGE ( 'NONE', *, *, #1082, .T. ) ;
#1136 = FACE_OUTER_BOUND ( 'NONE', #810, .T. ) ;
#1137 = ORIENTED_EDGE ( 'NONE', *, *, #201, .F. ) ;
#1138 = DIRECTION ( 'NONE',  ( -0.000000000000000000, 1.000000000000000000, -1.422837496700113550E-16 ) ) ;
#1139 = PLANE ( 'NONE',  #548 ) ;
#1140 = EDGE_CURVE ( 'NONE', #719, #1099, #1541, .T. ) ;
#1141 = ORIENTED_EDGE ( 'NONE', *, *, #1243, .T. ) ;
#1142 = CARTESIAN_POINT ( 'NONE',  ( -14.40499999999999936, 9.720000000000000639, -0.1200000000000018274 ) ) ;
#1143 = VERTEX_POINT ( 'NONE', #1680 ) ;
#1144 = LINE ( 'NONE', #179, #69 ) ;
#1145 = LINE ( 'NONE', #1704, #1655 ) ;
#1146 = CIRCLE ( 'NONE', #1349, 0.1559999999999991116 ) ;
#1147 = ORIENTED_EDGE ( 'NONE', *, *, #1774, .F. ) ;
#1148 = EDGE_CURVE ( 'NONE', #463, #263, #276, .T. ) ;
#1149 = VECTOR ( 'NONE', #567, 39.37007874015748143 ) ;
#1150 = ORIENTED_EDGE ( 'NONE', *, *, #334, .F. ) ;
#1151 = DIRECTION ( 'NONE',  ( 1.000000000000000000, 0.000000000000000000, 3.130242492740249268E-15 ) ) ;
#1152 = VERTEX_POINT ( 'NONE', #1231 ) ;
#1153 = CARTESIAN_POINT ( 'NONE',  ( 14.28199999999999825, -9.725999999999997314, 0.000000000000000000 ) ) ;
#1154 = DIRECTION ( 'NONE',  ( -0.000000000000000000, -1.000000000000000000, -0.000000000000000000 ) ) ;
#1155 = VECTOR ( 'NONE', #19, 39.37007874015748143 ) ;
#1156 = EDGE_LOOP ( 'NONE', ( #1351, #209, #986, #314 ) ) ;
#1157 = PRODUCT_RELATED_PRODUCT_CATEGORY ( 'part', '', ( #1177 ) ) ;
#1158 = FACE_OUTER_BOUND ( 'NONE', #639, .T. ) ;
#1159 = ORIENTED_EDGE ( 'NONE', *, *, #737, .F. ) ;
#1160 = EDGE_CURVE ( 'NONE', #182, #1568, #717, .T. ) ;
#1161 = CARTESIAN_POINT ( 'NONE',  ( -14.28499999999999481, 9.720000000000000639, -0.06000000000000366845 ) ) ;
#1162 = CARTESIAN_POINT ( 'NONE',  ( 14.28199999999999825, 9.910000000000001918, -0.7500000000000003331 ) ) ;
#1163 = CARTESIAN_POINT ( 'NONE',  ( 14.27899999999999636, -9.725999999999997314, 0.000000000000000000 ) ) ;
#1164 = VERTEX_POINT ( 'NONE', #1260 ) ;
#1165 = LINE ( 'NONE', #1699, #1646 ) ;
#1166 = ORIENTED_EDGE ( 'NONE', *, *, #1418, .T. ) ;
#1167 = CARTESIAN_POINT ( 'NONE',  ( -13.90900000000000070, 7.499999999999998224, 0.000000000000000000 ) ) ;
#1168 = CIRCLE ( 'NONE', #618, 0.1559999999999991116 ) ;
#1169 = EDGE_CURVE ( 'NONE', #1449, #1120, #1652, .T. ) ;
#1170 = PLANE ( 'NONE',  #284 ) ;
#1171 = CARTESIAN_POINT ( 'NONE',  ( -14.27899999999999459, -9.725999999999999091, -0.06000000000000090677 ) ) ;
#1172 = VERTEX_POINT ( 'NONE', #1385 ) ;
#1173 = DIRECTION ( 'NONE',  ( -1.000000000000000000, -1.124217281343318252E-16, -3.167359992654216647E-15 ) ) ;
#1174 = CIRCLE ( 'NONE', #304, 0.1199999999999988159 ) ;
#1175 = ORIENTED_EDGE ( 'NONE', *, *, #151, .T. ) ;
#1176 = DIRECTION ( 'NONE',  ( 1.000000000000000000, 0.000000000000000000, 0.000000000000000000 ) ) ;
#1177 = PRODUCT ( '12-D-6088-06-(16gacr ANSI-61) - K48 - V2-R0', '12-D-6088-06-(16gacr ANSI-61) - K48 - V2-R0', '', ( #1103 ) ) ;
#1178 = VECTOR ( 'NONE', #947, 39.37007874015748143 ) ;
#1179 = AXIS2_PLACEMENT_3D ( 'NONE', #1763, #220, #514 ) ;
#1180 = DIRECTION ( 'NONE',  ( 3.167359992654217435E-15, -3.167359992654217830E-15, -1.000000000000000000 ) ) ;
#1181 = EDGE_CURVE ( 'NONE', #1273, #178, #1532, .T. ) ;
#1182 = FACE_OUTER_BOUND ( 'NONE', #852, .T. ) ;
#1183 = CARTESIAN_POINT ( 'NONE',  ( 14.06500000000000128, -7.500000000000000000, 0.000000000000000000 ) ) ;
#1184 = ADVANCED_FACE ( 'NONE', ( #832 ), #1688, .F. ) ;
#1185 = DIRECTION ( 'NONE',  ( 1.000000000000000000, 0.000000000000000000, 0.000000000000000000 ) ) ;
#1186 = AXIS2_PLACEMENT_3D ( 'NONE', #1422, #609, #180 ) ;
#1187 = VERTEX_POINT ( 'NONE', #989 ) ;
#1188 = LINE ( 'NONE', #218, #1681 ) ;
#1189 = ORIENTED_EDGE ( 'NONE', *, *, #1307, .T. ) ;
#1190 = LENGTH_MEASURE_WITH_UNIT ( LENGTH_MEASURE( 0.02539999999999999897 ), #1500 );
#1191 = CARTESIAN_POINT ( 'NONE',  ( -14.34499999999999353, -9.720000000000004192, 9.180592938708248131E-14 ) ) ;
#1192 = LINE ( 'NONE', #1747, #166 ) ;
#1193 = CARTESIAN_POINT ( 'NONE',  ( 14.28199999999999825, -9.910000000000000142, 3.157857912676254465E-14 ) ) ;
#1194 = EDGE_CURVE ( 'NONE', #1063, #719, #1268, .T. ) ;
#1195 = ORIENTED_EDGE ( 'NONE', *, *, #293, .F. ) ;
#1196 = DIRECTION ( 'NONE',  ( 1.000000000000000000, 0.000000000000000000, 0.000000000000000000 ) ) ;
#1197 = ORIENTED_EDGE ( 'NONE', *, *, #643, .F. ) ;
#1198 = DIRECTION ( 'NONE',  ( 0.000000000000000000, 0.000000000000000000, -1.000000000000000000 ) ) ;
#1199 = CARTESIAN_POINT ( 'NONE',  ( -14.28499999999999481, -9.719999999999995310, -0.1199999999999997041 ) ) ;
#1200 = CLOSED_SHELL ( 'NONE', ( #1749, #691, #477, #1297, #427, #743, #1184, #1118, #480, #1080, #773, #14, #702, #911, #892, #553, #211, #1047, #901, #585, #1340, #875, #346, #1068, #809, #1771, #526, #295, #1494, #562, #459, #355, #951, #404, #654, #30, #714, #1387, #843, #1679, #231, #103, #1255, #1482, #417, #1286, #159, #28, #676, #1667, #576, #141, #456, #365, #992, #1510, #1071, #1363, #1133, #1572, #1640, #974 ) ) ;
#1201 = CARTESIAN_POINT ( 'NONE',  ( 14.28199999999998582, -9.849999999999999645, -0.05999999999999901246 ) ) ;
#1202 = DIRECTION ( 'NONE',  ( -1.124217281343314800E-16, 1.000000000000000000, -1.124217281343321949E-16 ) ) ;
#1203 = ORIENTED_EDGE ( 'NONE', *, *, #726, .F. ) ;
#1204 = FACE_OUTER_BOUND ( 'NONE', #1684, .T. ) ;
#1205 = EDGE_CURVE ( 'NONE', #339, #1659, #823, .T. ) ;
#1206 = ORIENTED_EDGE ( 'NONE', *, *, #208, .T. ) ;
#1207 = CARTESIAN_POINT ( 'NONE',  ( 14.28199999999999825, -9.970000000000002416, -0.7499999999999998890 ) ) ;
#1208 = CARTESIAN_POINT ( 'NONE',  ( 14.34500000000000064, -9.719999999999997087, -0.1199999999999976225 ) ) ;
#1209 = VECTOR ( 'NONE', #227, 39.37007874015748143 ) ;
#1210 = AXIS2_PLACEMENT_3D ( 'NONE', #1799, #1400, #713 ) ;
#1211 = CARTESIAN_POINT ( 'NONE',  ( -14.28199999999999648, -9.910000000000000142, -0.1199999999999998151 ) ) ;
#1212 = LINE ( 'NONE', #1347, #214 ) ;
#1213 = ORIENTED_EDGE ( 'NONE', *, *, #1563, .F. ) ;
#1214 = CARTESIAN_POINT ( 'NONE',  ( 14.06500000000000128, -7.500000000000000000, -0.06000000000000004635 ) ) ;
#1215 = EDGE_CURVE ( 'NONE', #1767, #1518, #1112, .T. ) ;
#1216 = VERTEX_POINT ( 'NONE', #549 ) ;
#1217 = DIRECTION ( 'NONE',  ( 0.000000000000000000, 1.000000000000000000, 3.169856808907805887E-15 ) ) ;
#1218 = EDGE_CURVE ( 'NONE', #1632, #748, #1524, .T. ) ;
#1219 = CARTESIAN_POINT ( 'NONE',  ( 14.28199999999999825, -9.970000000000000639, -0.05999999999999978961 ) ) ;
#1220 = AXIS2_PLACEMENT_3D ( 'NONE', #1759, #930, #521 ) ;
#1221 = DIRECTION ( 'NONE',  ( -0.000000000000000000, 0.000000000000000000, 1.000000000000000000 ) ) ;
#1222 = CARTESIAN_POINT ( 'NONE',  ( 14.28199999999999825, -9.970000000000002416, -0.7499999999999998890 ) ) ;
#1223 = FACE_OUTER_BOUND ( 'NONE', #899, .T. ) ;
#1224 = VERTEX_POINT ( 'NONE', #1252 ) ;
#1225 = DIRECTION ( 'NONE',  ( 0.000000000000000000, 1.000000000000000000, -1.422837496700113550E-16 ) ) ;
#1226 = ORIENTED_EDGE ( 'NONE', *, *, #1057, .T. ) ;
#1227 = CARTESIAN_POINT ( 'NONE',  ( 0.000000000000000000, 9.910000000000000142, 3.157857912676254465E-14 ) ) ;
#1228 = CARTESIAN_POINT ( 'NONE',  ( -14.06499999999999950, 7.499999999999998224, 0.000000000000000000 ) ) ;
#1229 = PLANE ( 'NONE',  #938 ) ;
#1230 = EDGE_CURVE ( 'NONE', #233, #683, #1, .T. ) ;
#1231 = CARTESIAN_POINT ( 'NONE',  ( 14.28199999999998582, -9.910000000000000142, -0.1199999999999998151 ) ) ;
#1232 = ORIENTED_EDGE ( 'NONE', *, *, #782, .T. ) ;
#1233 = FACE_OUTER_BOUND ( 'NONE', #311, .T. ) ;
#1234 = ORIENTED_EDGE ( 'NONE', *, *, #1448, .F. ) ;
#1235 = DIRECTION ( 'NONE',  ( 0.000000000000000000, 0.000000000000000000, -1.000000000000000000 ) ) ;
#1236 = AXIS2_PLACEMENT_3D ( 'NONE', #66, #625, #440 ) ;
#1237 = AXIS2_PLACEMENT_3D ( 'NONE', #644, #634, #1742 ) ;
#1238 = CARTESIAN_POINT ( 'NONE',  ( -14.40500000000000114, 9.719999999999997087, -0.7500000000000001110 ) ) ;
#1239 = ORIENTED_EDGE ( 'NONE', *, *, #853, .T. ) ;
#1240 = PLANE ( 'NONE',  #242 ) ;
#1241 = CARTESIAN_POINT ( 'NONE',  ( 14.40500000000000114, 9.719999999999997087, -0.7500000000000001110 ) ) ;
#1242 = EDGE_CURVE ( 'NONE', #1336, #47, #842, .T. ) ;
#1243 = EDGE_CURVE ( 'NONE', #51, #1143, #1795, .T. ) ;
#1244 = ORIENTED_EDGE ( 'NONE', *, *, #1717, .F. ) ;
#1245 = CARTESIAN_POINT ( 'NONE',  ( -14.40500000000000114, 9.719999999999997087, -0.7500000000000001110 ) ) ;
#1246 = ORIENTED_EDGE ( 'NONE', *, *, #313, .T. ) ;
#1247 = CARTESIAN_POINT ( 'NONE',  ( -14.28199999999999825, -9.725999999999999091, -0.1000000000000000056 ) ) ;
#1248 = AXIS2_PLACEMENT_3D ( 'NONE', #504, #904, #97 ) ;
#1249 = DIRECTION ( 'NONE',  ( 1.000000000000000000, 0.000000000000000000, 0.000000000000000000 ) ) ;
#1250 = CYLINDRICAL_SURFACE ( 'NONE', #506, 0.1199999999999998151 ) ;
#1251 = VECTOR ( 'NONE', #1458, 39.37007874015748143 ) ;
#1252 = CARTESIAN_POINT ( 'NONE',  ( 13.90900000000000247, 7.499999999999998224, 0.000000000000000000 ) ) ;
#1253 = EDGE_LOOP ( 'NONE', ( #722, #1776, #195, #744 ) ) ;
#1254 = FACE_OUTER_BOUND ( 'NONE', #854, .T. ) ;
#1255 = ADVANCED_FACE ( 'NONE', ( #468 ), #187, .T. ) ;
#1256 = ORIENTED_EDGE ( 'NONE', *, *, #831, .T. ) ;
#1257 = DIRECTION ( 'NONE',  ( 1.000000000000000000, 0.000000000000000000, 0.000000000000000000 ) ) ;
#1258 = DIRECTION ( 'NONE',  ( 1.000000000000000000, 0.000000000000000000, 0.000000000000000000 ) ) ;
#1259 = CARTESIAN_POINT ( 'NONE',  ( 14.22100000000000186, -7.500000000000000000, -0.7500000000000003331 ) ) ;
#1260 = CARTESIAN_POINT ( 'NONE',  ( -13.90900000000000070, 7.499999999999998224, -0.06000000000000004635 ) ) ;
#1261 = VERTEX_POINT ( 'NONE', #1285 ) ;
#1262 = ORIENTED_EDGE ( 'NONE', *, *, #1397, .F. ) ;
#1263 = EDGE_CURVE ( 'NONE', #380, #193, #736, .T. ) ;
#1264 = DIRECTION ( 'NONE',  ( 0.000000000000000000, 0.000000000000000000, -1.000000000000000000 ) ) ;
#1265 = CARTESIAN_POINT ( 'NONE',  ( 14.06500000000000128, -7.500000000000000000, -0.7500000000000003331 ) ) ;
#1266 = DIRECTION ( 'NONE',  ( -1.000000000000000000, -1.124217281343318498E-16, -3.491481338843133750E-15 ) ) ;
#1267 = VECTOR ( 'NONE', #16, 39.37007874015748143 ) ;
#1268 = LINE ( 'NONE', #411, #78 ) ;
#1269 = AXIS2_PLACEMENT_3D ( 'NONE', #754, #739, #319 ) ;
#1270 = VECTOR ( 'NONE', #1023, 39.37007874015748143 ) ;
#1271 = ORIENTED_EDGE ( 'NONE', *, *, #56, .T. ) ;
#1272 = VECTOR ( 'NONE', #783, 39.37007874015748143 ) ;
#1273 = VERTEX_POINT ( 'NONE', #881 ) ;
#1274 = DIRECTION ( 'NONE',  ( 3.167359992654217830E-15, 3.167359992654217830E-15, 1.000000000000000000 ) ) ;
#1275 = EDGE_CURVE ( 'NONE', #620, #1152, #1359, .T. ) ;
#1276 = ORIENTED_EDGE ( 'NONE', *, *, #92, .F. ) ;
#1277 = VECTOR ( 'NONE', #420, 39.37007874015748143 ) ;
#1278 = CARTESIAN_POINT ( 'NONE',  ( 0.000000000000000000, 9.910000000000001918, -0.7500000000000003331 ) ) ;
#1279 = LINE ( 'NONE', #868, #1622 ) ;
#1280 = VERTEX_POINT ( 'NONE', #750 ) ;
#1281 = ORIENTED_EDGE ( 'NONE', *, *, #820, .T. ) ;
#1282 = LINE ( 'NONE', #1011, #1411 ) ;
#1283 = ORIENTED_EDGE ( 'NONE', *, *, #1438, .F. ) ;
#1284 = DIRECTION ( 'NONE',  ( 0.000000000000000000, -4.751039988981325759E-15, -1.000000000000000000 ) ) ;
#1285 = CARTESIAN_POINT ( 'NONE',  ( 13.90900000000000247, -7.500000000000000000, -0.06000000000000004635 ) ) ;
#1286 = ADVANCED_FACE ( 'NONE', ( #461 ), #174, .T. ) ;
#1287 = VERTEX_POINT ( 'NONE', #1162 ) ;
#1288 = VERTEX_POINT ( 'NONE', #1410 ) ;
#1289 = DIRECTION ( 'NONE',  ( 0.000000000000000000, 1.422837496700032692E-16, 1.000000000000000000 ) ) ;
#1290 = ORIENTED_EDGE ( 'NONE', *, *, #793, .F. ) ;
#1291 = DIRECTION ( 'NONE',  ( 1.000000000000000000, -0.000000000000000000, -0.000000000000000000 ) ) ;
#1292 = FACE_OUTER_BOUND ( 'NONE', #74, .T. ) ;
#1293 = AXIS2_PLACEMENT_3D ( 'NONE', #1456, #766, #1631 ) ;
#1294 = EDGE_CURVE ( 'NONE', #1127, #1379, #869, .T. ) ;
#1295 = ORIENTED_EDGE ( 'NONE', *, *, #1406, .F. ) ;
#1296 = VECTOR ( 'NONE', #1014, 39.37007874015748143 ) ;
#1297 = ADVANCED_FACE ( 'NONE', ( #1021 ), #1578, .F. ) ;
#1298 = AXIS2_PLACEMENT_3D ( 'NONE', #149, #1663, #128 ) ;
#1299 = DIRECTION ( 'NONE',  ( 8.741913579725725918E-15, -1.000000000000000000, 0.000000000000000000 ) ) ;
#1300 = ORIENTED_EDGE ( 'NONE', *, *, #48, .F. ) ;
#1301 = CARTESIAN_POINT ( 'NONE',  ( 14.28199999999999825, -9.970000000000002416, -0.7500000000000001110 ) ) ;
#1302 = DIRECTION ( 'NONE',  ( 1.000000000000000000, -0.000000000000000000, -0.000000000000000000 ) ) ;
#1303 = AXIS2_PLACEMENT_3D ( 'NONE', #1429, #1720, #29 ) ;
#1304 = DIRECTION ( 'NONE',  ( -1.000000000000000000, 0.000000000000000000, 0.000000000000000000 ) ) ;
#1305 = VERTEX_POINT ( 'NONE', #332 ) ;
#1306 = FACE_OUTER_BOUND ( 'NONE', #1486, .T. ) ;
#1307 = EDGE_CURVE ( 'NONE', #1216, #1562, #857, .T. ) ;
#1308 = VERTEX_POINT ( 'NONE', #1726 ) ;
#1309 = DIRECTION ( 'NONE',  ( -1.456985596620916276E-13, 0.000000000000000000, 1.000000000000000000 ) ) ;
#1310 = CARTESIAN_POINT ( 'NONE',  ( 14.34500000000000064, -9.720000000000004192, -0.7500000000000003331 ) ) ;
#1311 = DIRECTION ( 'NONE',  ( -1.000000000000000000, 0.000000000000000000, 0.000000000000000000 ) ) ;
#1312 = ORIENTED_EDGE ( 'NONE', *, *, #1484, .T. ) ;
#1313 = CARTESIAN_POINT ( 'NONE',  ( 14.28199999999999825, -9.970000000000000639, -0.1000000000000000056 ) ) ;
#1314 = EDGE_CURVE ( 'NONE', #683, #730, #197, .T. ) ;
#1315 = ORIENTED_EDGE ( 'NONE', *, *, #79, .T. ) ;
#1316 = PLANE ( 'NONE',  #1321 ) ;
#1317 = CARTESIAN_POINT ( 'NONE',  ( -14.06499999999999950, -7.500000000000000000, 0.000000000000000000 ) ) ;
#1318 = CARTESIAN_POINT ( 'NONE',  ( -14.34499999999999531, -3.225379380173978614E-15, 4.562582069418400800E-14 ) ) ;
#1319 = ORIENTED_EDGE ( 'NONE', *, *, #890, .F. ) ;
#1320 = DIRECTION ( 'NONE',  ( 0.000000000000000000, -3.167359992654217435E-15, -1.000000000000000000 ) ) ;
#1321 = AXIS2_PLACEMENT_3D ( 'NONE', #1453, #734, #449 ) ;
#1322 = CIRCLE ( 'NONE', #690, 0.1200000000000010086 ) ;
#1323 = ORIENTED_EDGE ( 'NONE', *, *, #1106, .T. ) ;
#1324 = DIRECTION ( 'NONE',  ( -1.000000000000000000, -0.000000000000000000, -0.000000000000000000 ) ) ;
#1325 = AXIS2_PLACEMENT_3D ( 'NONE', #457, #1569, #1151 ) ;
#1326 = VECTOR ( 'NONE', #126, 39.37007874015748143 ) ;
#1327 = ORIENTED_EDGE ( 'NONE', *, *, #726, .T. ) ;
#1328 = CARTESIAN_POINT ( 'NONE',  ( -14.27899999999999459, 9.720000000000000639, -0.06000000000000366845 ) ) ;
#1329 = DIRECTION ( 'NONE',  ( -3.167359992654217830E-15, 0.000000000000000000, -1.000000000000000000 ) ) ;
#1330 = EDGE_CURVE ( 'NONE', #1099, #183, #310, .T. ) ;
#1331 = CARTESIAN_POINT ( 'NONE',  ( 14.28199999999999825, -9.910000000000001918, -0.7500000000000002220 ) ) ;
#1332 = CARTESIAN_POINT ( 'NONE',  ( 14.28199999999999292, 9.849999999999999645, -0.1199999999999989131 ) ) ;
#1333 = AXIS2_PLACEMENT_3D ( 'NONE', #1764, #799, #1462 ) ;
#1334 = ORIENTED_EDGE ( 'NONE', *, *, #6, .F. ) ;
#1335 = LINE ( 'NONE', #85, #1251 ) ;
#1336 = VERTEX_POINT ( 'NONE', #1310 ) ;
#1337 = CARTESIAN_POINT ( 'NONE',  ( 14.28199999999999292, 9.910000000000000142, -0.1199999999999976225 ) ) ;
#1338 = DIRECTION ( 'NONE',  ( 0.000000000000000000, -1.000000000000000000, 1.422837496700113550E-16 ) ) ;
#1339 = DIRECTION ( 'NONE',  ( -0.000000000000000000, 0.000000000000000000, 1.000000000000000000 ) ) ;
#1340 = ADVANCED_FACE ( 'NONE', ( #1292 ), #1139, .T. ) ;
#1341 = ORIENTED_EDGE ( 'NONE', *, *, #1728, .T. ) ;
#1342 = DIRECTION ( 'NONE',  ( -1.000000000000000000, -0.000000000000000000, -0.000000000000000000 ) ) ;
#1343 = ORIENTED_EDGE ( 'NONE', *, *, #435, .F. ) ;
#1344 = FACE_OUTER_BOUND ( 'NONE', #287, .T. ) ;
#1345 = PLANE ( 'NONE',  #1248 ) ;
#1346 = DIRECTION ( 'NONE',  ( 0.000000000000000000, 0.000000000000000000, 1.000000000000000000 ) ) ;
#1347 = CARTESIAN_POINT ( 'NONE',  ( 14.28199999999999825, -9.970000000000000639, -0.1199999999999996209 ) ) ;
#1348 = VERTEX_POINT ( 'NONE', #36 ) ;
#1349 = AXIS2_PLACEMENT_3D ( 'NONE', #1228, #1669, #981 ) ;
#1350 = CARTESIAN_POINT ( 'NONE',  ( 14.28199999999999292, 9.849999999999999645, -0.05999999999999791611 ) ) ;
#1351 = ORIENTED_EDGE ( 'NONE', *, *, #1160, .F. ) ;
#1352 = FACE_OUTER_BOUND ( 'NONE', #1477, .T. ) ;
#1353 = AXIS2_PLACEMENT_3D ( 'NONE', #1719, #172, #1445 ) ;
#1354 = DIRECTION ( 'NONE',  ( -1.000000000000000000, 0.000000000000000000, 0.000000000000000000 ) ) ;
#1355 = DIRECTION ( 'NONE',  ( -1.124217281343207565E-16, 1.000000000000000000, -3.167359992654217830E-15 ) ) ;
#1356 = VECTOR ( 'NONE', #704, 39.37007874015748143 ) ;
#1357 = LINE ( 'NONE', #1222, #600 ) ;
#1358 = DIRECTION ( 'NONE',  ( -1.000000000000000000, 0.000000000000000000, 0.000000000000000000 ) ) ;
#1359 = CIRCLE ( 'NONE', #484, 0.06000000000000099698 ) ;
#1360 = ORIENTED_EDGE ( 'NONE', *, *, #1430, .T. ) ;
#1361 = CARTESIAN_POINT ( 'NONE',  ( 14.28199999999999825, 0.000000000000000000, -0.05999999999999999778 ) ) ;
#1362 = ORIENTED_EDGE ( 'NONE', *, *, #115, .F. ) ;
#1363 = ADVANCED_FACE ( 'NONE', ( #601 ), #1170, .T. ) ;
#1364 = PLANE ( 'NONE',  #1409 ) ;
#1365 = CARTESIAN_POINT ( 'NONE',  ( 14.28199999999997694, -9.849999999999999645, -0.1199999999999999956 ) ) ;
#1366 = FACE_OUTER_BOUND ( 'NONE', #1045, .T. ) ;
#1367 = CARTESIAN_POINT ( 'NONE',  ( 13.90900000000000247, -7.500000000000000000, -0.7500000000000003331 ) ) ;
#1368 = EDGE_LOOP ( 'NONE', ( #603, #1300 ) ) ;
#1369 = PLANE ( 'NONE',  #46 ) ;
#1370 = ORIENTED_EDGE ( 'NONE', *, *, #1762, .F. ) ;
#1371 = DIRECTION ( 'NONE',  ( -1.000000000000000000, 0.000000000000000000, 0.000000000000000000 ) ) ;
#1372 = EDGE_CURVE ( 'NONE', #1085, #1127, #1279, .T. ) ;
#1373 = DIRECTION ( 'NONE',  ( 0.000000000000000000, -1.000000000000000000, 1.422837496700113550E-16 ) ) ;
#1374 = ORIENTED_EDGE ( 'NONE', *, *, #303, .F. ) ;
#1375 = DIRECTION ( 'NONE',  ( -0.000000000000000000, -0.000000000000000000, 1.000000000000000000 ) ) ;
#1376 = EDGE_CURVE ( 'NONE', #318, #1388, #1145, .T. ) ;
#1377 = DIRECTION ( 'NONE',  ( -8.741913579725725918E-15, 1.000000000000000000, 0.000000000000000000 ) ) ;
#1378 = DIRECTION ( 'NONE',  ( 1.000000000000000000, 0.000000000000000000, 0.000000000000000000 ) ) ;
#1379 = VERTEX_POINT ( 'NONE', #1713 ) ;
#1380 = FACE_OUTER_BOUND ( 'NONE', #1522, .T. ) ;
#1381 = VERTEX_POINT ( 'NONE', #366 ) ;
#1382 = CARTESIAN_POINT ( 'NONE',  ( 14.27899999999999636, 9.719999999999995310, -0.05999999999999931777 ) ) ;
#1383 = CARTESIAN_POINT ( 'NONE',  ( -13.90900000000000070, 7.499999999999998224, -0.7500000000000003331 ) ) ;
#1384 = DIRECTION ( 'NONE',  ( 0.000000000000000000, -1.000000000000000000, 0.000000000000000000 ) ) ;
#1385 = CARTESIAN_POINT ( 'NONE',  ( 14.28199999999999825, 9.970000000000002416, -0.7500000000000001110 ) ) ;
#1386 = AXIS2_PLACEMENT_3D ( 'NONE', #977, #1225, #950 ) ;
#1387 = ADVANCED_FACE ( 'NONE', ( #1754 ), #1345, .F. ) ;
#1388 = VERTEX_POINT ( 'NONE', #1746 ) ;
#1389 = CARTESIAN_POINT ( 'NONE',  ( 14.27899999999999636, -9.725999999999997314, -0.05999999999999654915 ) ) ;
#1390 = ORIENTED_EDGE ( 'NONE', *, *, #592, .F. ) ;
#1391 = CARTESIAN_POINT ( 'NONE',  ( 14.06500000000000128, -7.500000000000000000, -0.7500000000000003331 ) ) ;
#1392 = VECTOR ( 'NONE', #577, 39.37007874015748143 ) ;
#1393 = CARTESIAN_POINT ( 'NONE',  ( -14.28199999999999648, -9.970000000000000639, 0.000000000000000000 ) ) ;
#1394 = ORIENTED_EDGE ( 'NONE', *, *, #737, .T. ) ;
#1395 = CARTESIAN_POINT ( 'NONE',  ( -14.28199999999999648, -9.849999999999999645, -0.05999999999999901246 ) ) ;
#1396 = CYLINDRICAL_SURFACE ( 'NONE', #948, 0.1559999999999991116 ) ;
#1397 = EDGE_CURVE ( 'NONE', #1767, #1697, #516, .T. ) ;
#1398 = ORIENTED_EDGE ( 'NONE', *, *, #1004, .F. ) ;
#1399 = ORIENTED_EDGE ( 'NONE', *, *, #784, .T. ) ;
#1400 = DIRECTION ( 'NONE',  ( 0.000000000000000000, 0.000000000000000000, -1.000000000000000000 ) ) ;
#1401 = CARTESIAN_POINT ( 'NONE',  ( 14.27899999999999636, 9.725999999999993761, -0.05999999999999931777 ) ) ;
#1402 = CARTESIAN_POINT ( 'NONE',  ( -14.40499999999999758, -9.720000000000005969, -0.7500000000000001110 ) ) ;
#1403 =( NAMED_UNIT ( * ) PLANE_ANGLE_UNIT ( ) SI_UNIT ( $, .RADIAN. ) );
#1404 = ORIENTED_EDGE ( 'NONE', *, *, #435, .T. ) ;
#1405 = CARTESIAN_POINT ( 'NONE',  ( -14.28199999999999648, 9.970000000000002416, -0.7500000000000001110 ) ) ;
#1406 = EDGE_CURVE ( 'NONE', #1597, #1305, #897, .T. ) ;
#1407 = ORIENTED_EDGE ( 'NONE', *, *, #492, .T. ) ;
#1408 = CARTESIAN_POINT ( 'NONE',  ( 14.40500000000000291, -9.720000000000004192, -0.7500000000000001110 ) ) ;
#1409 = AXIS2_PLACEMENT_3D ( 'NONE', #496, #1489, #675 ) ;
#1410 = CARTESIAN_POINT ( 'NONE',  ( -14.34500000000000064, 9.719999999999997087, -0.7500000000000003331 ) ) ;
#1411 = VECTOR ( 'NONE', #587, 39.37007874015748143 ) ;
#1412 = VECTOR ( 'NONE', #880, 39.37007874015748143 ) ;
#1413 = ORIENTED_EDGE ( 'NONE', *, *, #1205, .F. ) ;
#1414 = AXIS2_PLACEMENT_3D ( 'NONE', #1064, #768, #353 ) ;
#1415 = AXIS2_PLACEMENT_3D ( 'NONE', #1086, #544, #406 ) ;
#1416 = ORIENTED_EDGE ( 'NONE', *, *, #1230, .T. ) ;
#1417 = CARTESIAN_POINT ( 'NONE',  ( 14.06500000000000128, 7.499999999999998224, -0.7500000000000003331 ) ) ;
#1418 = EDGE_CURVE ( 'NONE', #1379, #1127, #921, .T. ) ;
#1419 = ORIENTED_EDGE ( 'NONE', *, *, #820, .F. ) ;
#1420 = VECTOR ( 'NONE', #108, 39.37007874015748143 ) ;
#1421 = DIRECTION ( 'NONE',  ( 2.248434562686802164E-16, -1.000000000000000000, 4.751039988981325759E-15 ) ) ;
#1422 = CARTESIAN_POINT ( 'NONE',  ( -14.28199999999997694, 9.849999999999999645, -0.1199999999999989131 ) ) ;
#1423 = ORIENTED_EDGE ( 'NONE', *, *, #1451, .T. ) ;
#1424 = ORIENTED_EDGE ( 'NONE', *, *, #1294, .F. ) ;
#1425 = FACE_OUTER_BOUND ( 'NONE', #1470, .T. ) ;
#1426 = EDGE_LOOP ( 'NONE', ( #1244, #586 ) ) ;
#1427 = FACE_OUTER_BOUND ( 'NONE', #1526, .T. ) ;
#1428 = EDGE_CURVE ( 'NONE', #183, #620, #1627, .T. ) ;
#1429 = CARTESIAN_POINT ( 'NONE',  ( -14.06499999999999950, -7.500000000000000000, 0.000000000000000000 ) ) ;
#1430 = EDGE_CURVE ( 'NONE', #113, #1224, #925, .T. ) ;
#1431 = ORIENTED_EDGE ( 'NONE', *, *, #1549, .F. ) ;
#1432 = EDGE_LOOP ( 'NONE', ( #1016, #485 ) ) ;
#1433 = AXIS2_PLACEMENT_3D ( 'NONE', #237, #891, #1221 ) ;
#1434 = CARTESIAN_POINT ( 'NONE',  ( 14.40500000000000291, -9.720000000000004192, -0.7500000000000001110 ) ) ;
#1435 = ORIENTED_EDGE ( 'NONE', *, *, #539, .T. ) ;
#1436 = CARTESIAN_POINT ( 'NONE',  ( -14.28199999999999825, 9.970000000000002416, -0.7500000000000001110 ) ) ;
#1437 = DIRECTION ( 'NONE',  ( 0.000000000000000000, -1.000000000000000000, 3.130242492740249268E-15 ) ) ;
#1438 = EDGE_CURVE ( 'NONE', #1664, #339, #221, .T. ) ;
#1439 = CARTESIAN_POINT ( 'NONE',  ( -14.28199999999999825, -9.970000000000002416, -0.7499999999999965583 ) ) ;
#1440 = VECTOR ( 'NONE', #533, 39.37007874015748143 ) ;
#1441 = AXIS2_PLACEMENT_3D ( 'NONE', #1657, #120, #262 ) ;
#1442 = LINE ( 'NONE', #1575, #1090 ) ;
#1443 = AXIS2_PLACEMENT_3D ( 'NONE', #256, #684, #1264 ) ;
#1444 = VERTEX_POINT ( 'NONE', #236 ) ;
#1445 = DIRECTION ( 'NONE',  ( 1.000000000000000000, 0.000000000000000000, 0.000000000000000000 ) ) ;
#1446 = DIRECTION ( 'NONE',  ( 0.000000000000000000, 0.000000000000000000, 1.000000000000000000 ) ) ;
#1447 = CARTESIAN_POINT ( 'NONE',  ( 14.34500000000000064, 9.719999999999997087, -0.7500000000000002220 ) ) ;
#1448 = EDGE_CURVE ( 'NONE', #1753, #51, #1619, .T. ) ;
#1449 = VERTEX_POINT ( 'NONE', #77 ) ;
#1450 = LINE ( 'NONE', #57, #627 ) ;
#1451 = EDGE_CURVE ( 'NONE', #1710, #458, #764, .T. ) ;
#1452 = ORIENTED_EDGE ( 'NONE', *, *, #782, .F. ) ;
#1453 = CARTESIAN_POINT ( 'NONE',  ( -14.28199999999998937, 9.849999999999999645, -0.1199999999999989131 ) ) ;
#1454 = CARTESIAN_POINT ( 'NONE',  ( -14.40499999999999403, -9.720000000000004192, -0.1199999999999996209 ) ) ;
#1455 = LINE ( 'NONE', #205, #1091 ) ;
#1456 = CARTESIAN_POINT ( 'NONE',  ( 14.40500000000000114, 9.719999999999997087, -0.7500000000000001110 ) ) ;
#1457 = ORIENTED_EDGE ( 'NONE', *, *, #1263, .T. ) ;
#1458 = DIRECTION ( 'NONE',  ( 0.000000000000000000, -1.000000000000000000, 1.422837496700113550E-16 ) ) ;
#1459 = ORIENTED_EDGE ( 'NONE', *, *, #1560, .F. ) ;
#1460 = EDGE_CURVE ( 'NONE', #47, #1280, #497, .T. ) ;
#1461 = CARTESIAN_POINT ( 'NONE',  ( 9.181396421783908628E-18, 9.970000000000000639, -0.1199999999999985384 ) ) ;
#1462 = DIRECTION ( 'NONE',  ( 0.000000000000000000, -1.000000000000000000, 3.130242492740249268E-15 ) ) ;
#1463 = LINE ( 'NONE', #1201, #1178 ) ;
#1464 = DIRECTION ( 'NONE',  ( 1.000000000000000000, 0.000000000000000000, 0.000000000000000000 ) ) ;
#1465 = AXIS2_PLACEMENT_3D ( 'NONE', #780, #1480, #1040 ) ;
#1466 = AXIS2_PLACEMENT_3D ( 'NONE', #1748, #659, #1601 ) ;
#1467 = ORIENTED_EDGE ( 'NONE', *, *, #630, .F. ) ;
#1468 = CARTESIAN_POINT ( 'NONE',  ( 14.27899999999999636, -9.719999999999997087, -0.05999999999999654915 ) ) ;
#1469 = AXIS2_PLACEMENT_3D ( 'NONE', #1487, #1324, #1744 ) ;
#1470 = EDGE_LOOP ( 'NONE', ( #414, #392, #217, #202 ) ) ;
#1471 = CARTESIAN_POINT ( 'NONE',  ( -14.28499999999999481, 9.719999999999998863, -0.1200000000000024797 ) ) ;
#1472 = EDGE_CURVE ( 'NONE', #1449, #788, #1590, .T. ) ;
#1473 = CARTESIAN_POINT ( 'NONE',  ( 14.22100000000000186, 7.499999999999998224, -0.06000000000000004635 ) ) ;
#1474 = LINE ( 'NONE', #350, #1272 ) ;
#1475 = LINE ( 'NONE', #491, #272 ) ;
#1476 = AXIS2_PLACEMENT_3D ( 'NONE', #54, #1033, #876 ) ;
#1477 = EDGE_LOOP ( 'NONE', ( #1707, #1147, #228, #1159, #652, #762, #465, #1674, #1718, #579, #1798, #130, #1029, #439, #431, #1334, #712, #970, #86, #111 ) ) ;
#1478 = CARTESIAN_POINT ( 'NONE',  ( 14.22100000000000186, 7.499999999999998224, -0.7500000000000003331 ) ) ;
#1479 = ORIENTED_EDGE ( 'NONE', *, *, #1372, .T. ) ;
#1480 = DIRECTION ( 'NONE',  ( 0.000000000000000000, 1.000000000000000000, -1.422837496700113550E-16 ) ) ;
#1481 = CARTESIAN_POINT ( 'NONE',  ( 14.40499999999999936, 9.719999999999998863, -0.05999999999999978961 ) ) ;
#1482 = ADVANCED_FACE ( 'NONE', ( #1599 ), #212, .F. ) ;
#1483 = FACE_OUTER_BOUND ( 'NONE', #941, .T. ) ;
#1484 = EDGE_CURVE ( 'NONE', #672, #503, #68, .T. ) ;
#1485 = DIRECTION ( 'NONE',  ( 0.000000000000000000, 1.000000000000000000, -1.422837496700113550E-16 ) ) ;
#1486 = EDGE_LOOP ( 'NONE', ( #1271, #1360, #522, #1511 ) ) ;
#1487 = CARTESIAN_POINT ( 'NONE',  ( -14.28199999999998937, 9.849999999999999645, -0.1199999999999989131 ) ) ;
#1488 = ORIENTED_EDGE ( 'NONE', *, *, #616, .F. ) ;
#1489 = DIRECTION ( 'NONE',  ( 1.000000000000000000, 0.000000000000000000, 0.000000000000000000 ) ) ;
#1490 = DIRECTION ( 'NONE',  ( -3.167359992654217435E-15, -4.751039988981326548E-15, -1.000000000000000000 ) ) ;
#1491 = CARTESIAN_POINT ( 'NONE',  ( -14.27899999999999459, -9.725999999999999091, -0.06000000000000090677 ) ) ;
#1492 = CARTESIAN_POINT ( 'NONE',  ( 14.28199999999999648, 9.849999999999999645, -0.1199999999999989131 ) ) ;
#1493 = CARTESIAN_POINT ( 'NONE',  ( 14.28199999999999825, 9.725999999999993761, -0.05999999999999931777 ) ) ;
#1494 = ADVANCED_FACE ( 'NONE', ( #1737 ), #629, .T. ) ;
#1495 = ORIENTED_EDGE ( 'NONE', *, *, #389, .F. ) ;
#1496 = VECTOR ( 'NONE', #1073, 39.37007874015748143 ) ;
#1497 = CARTESIAN_POINT ( 'NONE',  ( 14.22100000000000186, -7.500000000000000000, -0.06000000000000004635 ) ) ;
#1498 = EDGE_LOOP ( 'NONE', ( #24, #274, #604, #1758 ) ) ;
#1499 = VECTOR ( 'NONE', #1342, 39.37007874015748143 ) ;
#1500 =( LENGTH_UNIT ( ) NAMED_UNIT ( * ) SI_UNIT ( $, .METRE. ) );
#1501 = VECTOR ( 'NONE', #716, 39.37007874015748143 ) ;
#1502 = CARTESIAN_POINT ( 'NONE',  ( -14.27899999999999459, -9.725999999999999091, -0.06000000000000090677 ) ) ;
#1503 = FACE_OUTER_BOUND ( 'NONE', #559, .T. ) ;
#1504 = AXIS2_PLACEMENT_3D ( 'NONE', #1547, #975, #710 ) ;
#1505 = AXIS2_PLACEMENT_3D ( 'NONE', #1382, #1257, #1527 ) ;
#1506 = CARTESIAN_POINT ( 'NONE',  ( 14.40500000000000114, -9.725999999999997314, -0.05999999999999654915 ) ) ;
#1507 = VECTOR ( 'NONE', #1338, 39.37007874015748143 ) ;
#1508 = ORIENTED_EDGE ( 'NONE', *, *, #1181, .T. ) ;
#1509 = DIRECTION ( 'NONE',  ( -8.087894779578809621E-30, 0.000000000000000000, 1.000000000000000000 ) ) ;
#1510 = ADVANCED_FACE ( 'NONE', ( #667 ), #781, .F. ) ;
#1511 = ORIENTED_EDGE ( 'NONE', *, *, #831, .F. ) ;
#1512 = CARTESIAN_POINT ( 'NONE',  ( -14.40499999999999936, 9.720000000000000639, -0.1000000000000000056 ) ) ;
#1513 = CARTESIAN_POINT ( 'NONE',  ( 14.28199999999999648, 9.849999999999999645, -0.05999999999999791611 ) ) ;
#1514 = CARTESIAN_POINT ( 'NONE',  ( 14.40500000000000114, 9.719999999999997087, -0.7499999999999998890 ) ) ;
#1515 = DIRECTION ( 'NONE',  ( -1.000000000000000000, 0.000000000000000000, 0.000000000000000000 ) ) ;
#1516 = EDGE_LOOP ( 'NONE', ( #38, #1602, #1595, #235 ) ) ;
#1517 = CARTESIAN_POINT ( 'NONE',  ( 14.27899999999999636, 9.725999999999993761, -0.05999999999999931777 ) ) ;
#1518 = VERTEX_POINT ( 'NONE', #1050 ) ;
#1519 = CARTESIAN_POINT ( 'NONE',  ( -14.28199999999999825, -9.725999999999999091, 0.000000000000000000 ) ) ;
#1520 = EDGE_CURVE ( 'NONE', #482, #520, #1606, .T. ) ;
#1521 = CARTESIAN_POINT ( 'NONE',  ( 14.27899999999999636, -9.719999999999997087, -0.05999999999999999778 ) ) ;
#1522 = EDGE_LOOP ( 'NONE', ( #1290, #693, #101, #865 ) ) ;
#1523 = LINE ( 'NONE', #268, #391 ) ;
#1524 = LINE ( 'NONE', #270, #1277 ) ;
#1525 = VERTEX_POINT ( 'NONE', #649 ) ;
#1526 = EDGE_LOOP ( 'NONE', ( #299, #1135, #437, #1246 ) ) ;
#1527 = DIRECTION ( 'NONE',  ( 0.000000000000000000, 0.000000000000000000, -1.000000000000000000 ) ) ;
#1528 = LINE ( 'NONE', #384, #770 ) ;
#1529 = VERTEX_POINT ( 'NONE', #1473 ) ;
#1530 = DIRECTION ( 'NONE',  ( -3.167359992654217830E-15, 6.334719985308435660E-15, 1.000000000000000000 ) ) ;
#1531 = EDGE_CURVE ( 'NONE', #1697, #503, #700, .T. ) ;
#1532 = LINE ( 'NONE', #401, #1129 ) ;
#1533 = VECTOR ( 'NONE', #1509, 39.37007874015748143 ) ;
#1534 = AXIS2_PLACEMENT_3D ( 'NONE', #1512, #819, #980 ) ;
#1535 = ORIENTED_EDGE ( 'NONE', *, *, #334, .T. ) ;
#1536 = LINE ( 'NONE', #1777, #1760 ) ;
#1537 = EDGE_LOOP ( 'NONE', ( #58, #705, #1785, #371 ) ) ;
#1538 = FACE_OUTER_BOUND ( 'NONE', #681, .T. ) ;
#1539 = CARTESIAN_POINT ( 'NONE',  ( 14.40499999999999936, 9.719999999999989981, -0.1199999999999999262 ) ) ;
#1540 = LINE ( 'NONE', #1408, #802 ) ;
#1541 = LINE ( 'NONE', #689, #836 ) ;
#1542 = EDGE_CURVE ( 'NONE', #1308, #1288, #955, .T. ) ;
#1543 = EDGE_CURVE ( 'NONE', #1172, #1525, #677, .T. ) ;
#1544 = VERTEX_POINT ( 'NONE', #1513 ) ;
#1545 = DIRECTION ( 'NONE',  ( 0.000000000000000000, -1.000000000000000000, 1.422837496700113550E-16 ) ) ;
#1546 = CARTESIAN_POINT ( 'NONE',  ( 14.28199999999998937, -9.849999999999999645, -0.1199999999999999956 ) ) ;
#1547 = CARTESIAN_POINT ( 'NONE',  ( 14.28499999999999659, -9.719999999999997087, -0.1199999999999975392 ) ) ;
#1548 = EDGE_LOOP ( 'NONE', ( #1053, #1104 ) ) ;
#1549 = EDGE_CURVE ( 'NONE', #1574, #1697, #1791, .T. ) ;
#1550 = ORIENTED_EDGE ( 'NONE', *, *, #303, .T. ) ;
#1551 = DIRECTION ( 'NONE',  ( 0.000000000000000000, 1.000000000000000000, 0.000000000000000000 ) ) ;
#1552 = ORIENTED_EDGE ( 'NONE', *, *, #1762, .T. ) ;
#1553 = PLANE ( 'NONE',  #386 ) ;
#1554 = AXIS2_PLACEMENT_3D ( 'NONE', #811, #1198, #106 ) ;
#1555 = DIRECTION ( 'NONE',  ( -1.000000000000000000, 0.000000000000000000, 0.000000000000000000 ) ) ;
#1556 = VECTOR ( 'NONE', #1018, 39.37007874015748143 ) ;
#1557 = VECTOR ( 'NONE', #55, 39.37007874015748143 ) ;
#1558 = ORIENTED_EDGE ( 'NONE', *, *, #539, .F. ) ;
#1559 = ORIENTED_EDGE ( 'NONE', *, *, #407, .F. ) ;
#1560 = EDGE_CURVE ( 'NONE', #263, #482, #1078, .T. ) ;
#1561 = CARTESIAN_POINT ( 'NONE',  ( -14.06499999999999950, 7.499999999999998224, -0.06000000000000004635 ) ) ;
#1562 = VERTEX_POINT ( 'NONE', #545 ) ;
#1563 = EDGE_CURVE ( 'NONE', #1261, #922, #505, .T. ) ;
#1564 = VECTOR ( 'NONE', #524, 39.37007874015748143 ) ;
#1565 = FACE_OUTER_BOUND ( 'NONE', #886, .T. ) ;
#1566 = CARTESIAN_POINT ( 'NONE',  ( -14.28199999999999825, 9.726000000000000867, -0.1000000000000000056 ) ) ;
#1567 = ORIENTED_EDGE ( 'NONE', *, *, #1242, .F. ) ;
#1568 = VERTEX_POINT ( 'NONE', #7 ) ;
#1569 = DIRECTION ( 'NONE',  ( -0.000000000000000000, -1.000000000000000000, 1.422837496700113550E-16 ) ) ;
#1570 = VERTEX_POINT ( 'NONE', #1401 ) ;
#1571 = CARTESIAN_POINT ( 'NONE',  ( 14.28499999999999659, -9.719999999999997087, -0.1199999999999975392 ) ) ;
#1572 = ADVANCED_FACE ( 'NONE', ( #425 ), #963, .F. ) ;
#1573 = DIRECTION ( 'NONE',  ( -1.000000000000000000, 0.000000000000000000, 0.000000000000000000 ) ) ;
#1574 = VERTEX_POINT ( 'NONE', #277 ) ;
#1575 = CARTESIAN_POINT ( 'NONE',  ( -14.28200000000008352, -1.248520097456435492E-13, -0.05999999999999999778 ) ) ;
#1576 = VERTEX_POINT ( 'NONE', #532 ) ;
#1577 = CARTESIAN_POINT ( 'NONE',  ( -14.28199999999999648, -9.849999999999999645, 9.902948977032954413E-16 ) ) ;
#1578 = CYLINDRICAL_SURFACE ( 'NONE', #578, 0.1559999999999991116 ) ;
#1579 = AXIS2_PLACEMENT_3D ( 'NONE', #556, #398, #821 ) ;
#1580 = EDGE_CURVE ( 'NONE', #912, #1379, #1528, .T. ) ;
#1581 = CIRCLE ( 'NONE', #1269, 0.1559999999999991116 ) ;
#1582 = CARTESIAN_POINT ( 'NONE',  ( -14.28199999999999648, -9.849999999999999645, -0.1199999999999999956 ) ) ;
#1583 = VECTOR ( 'NONE', #1375, 39.37007874015748143 ) ;
#1584 = VECTOR ( 'NONE', #518, 39.37007874015748143 ) ;
#1585 = ORIENTED_EDGE ( 'NONE', *, *, #1689, .F. ) ;
#1586 = VECTOR ( 'NONE', #1371, 39.37007874015748143 ) ;
#1587 = DIRECTION ( 'NONE',  ( 1.000000000000000000, 0.000000000000000000, 0.000000000000000000 ) ) ;
#1588 = EDGE_LOOP ( 'NONE', ( #158, #320, #396, #1692 ) ) ;
#1589 = DIRECTION ( 'NONE',  ( 0.000000000000000000, 0.000000000000000000, 1.000000000000000000 ) ) ;
#1590 = LINE ( 'NONE', #1191, #168 ) ;
#1591 = VECTOR ( 'NONE', #1446, 39.37007874015748143 ) ;
#1592 = EDGE_CURVE ( 'NONE', #1187, #317, #1146, .T. ) ;
#1593 = DIRECTION ( 'NONE',  ( 1.000000000000000000, 0.000000000000000000, 0.000000000000000000 ) ) ;
#1594 = EDGE_CURVE ( 'NONE', #1659, #1336, #944, .T. ) ;
#1595 = ORIENTED_EDGE ( 'NONE', *, *, #1592, .T. ) ;
#1596 = CARTESIAN_POINT ( 'NONE',  ( 14.28499999999999659, 9.719999999999995310, -0.05999999999999931777 ) ) ;
#1597 = VERTEX_POINT ( 'NONE', #257 ) ;
#1598 = PLANE ( 'NONE',  #1179 ) ;
#1599 = FACE_OUTER_BOUND ( 'NONE', #664, .T. ) ;
#1600 = DIRECTION ( 'NONE',  ( -0.000000000000000000, 1.000000000000000000, 0.000000000000000000 ) ) ;
#1601 = DIRECTION ( 'NONE',  ( 0.000000000000000000, 0.000000000000000000, 1.000000000000000000 ) ) ;
#1602 = ORIENTED_EDGE ( 'NONE', *, *, #140, .T. ) ;
#1603 = CARTESIAN_POINT ( 'NONE',  ( 14.34499999999999709, 1.612689690086989899E-15, 4.562582069418398907E-14 ) ) ;
#1604 = EDGE_CURVE ( 'NONE', #121, #520, #1661, .T. ) ;
#1605 = ORIENTED_EDGE ( 'NONE', *, *, #626, .F. ) ;
#1606 = LINE ( 'NONE', #357, #841 ) ;
#1607 = CARTESIAN_POINT ( 'NONE',  ( 14.28199999999999648, 9.849999999999999645, -0.05999999999999791611 ) ) ;
#1608 = FACE_OUTER_BOUND ( 'NONE', #861, .T. ) ;
#1609 = AXIS2_PLACEMENT_3D ( 'NONE', #1199, #1373, #715 ) ;
#1610 = VECTOR ( 'NONE', #575, 39.37007874015748143 ) ;
#1611 = ORIENTED_EDGE ( 'NONE', *, *, #926, .F. ) ;
#1612 = DIRECTION ( 'NONE',  ( -1.000000000000000000, 0.000000000000000000, 0.000000000000000000 ) ) ;
#1613 = CIRCLE ( 'NONE', #1504, 0.06000000000000101780 ) ;
#1614 = EDGE_CURVE ( 'NONE', #1388, #1710, #1322, .T. ) ;
#1615 = ORIENTED_EDGE ( 'NONE', *, *, #1109, .T. ) ;
#1616 = AXIS2_PLACEMENT_3D ( 'NONE', #1313, #483, #102 ) ;
#1617 = UNCERTAINTY_MEASURE_WITH_UNIT (LENGTH_MEASURE( 1.000000000000000082E-05 ), #283, 'distance_accuracy_value', 'NONE');
#1618 = EDGE_CURVE ( 'NONE', #1381, #1013, #1088, .T. ) ;
#1619 = LINE ( 'NONE', #657, #400 ) ;
#1620 = CARTESIAN_POINT ( 'NONE',  ( -13.90900000000000070, -7.500000000000000000, -0.06000000000000004635 ) ) ;
#1621 = LINE ( 'NONE', #1193, #1786 ) ;
#1622 = VECTOR ( 'NONE', #591, 39.37007874015748143 ) ;
#1623 = VERTEX_POINT ( 'NONE', #1800 ) ;
#1624 = FACE_OUTER_BOUND ( 'NONE', #226, .T. ) ;
#1625 = EDGE_LOOP ( 'NONE', ( #767, #405, #470, #794 ) ) ;
#1626 = FACE_BOUND ( 'NONE', #1548, .T. ) ;
#1627 = LINE ( 'NONE', #229, #454 ) ;
#1628 = CARTESIAN_POINT ( 'NONE',  ( 14.06500000000000128, -7.500000000000000000, 0.000000000000000000 ) ) ;
#1629 = EDGE_CURVE ( 'NONE', #1120, #730, #70, .T. ) ;
#1630 = DIRECTION ( 'NONE',  ( 1.000000000000000000, 0.000000000000000000, 0.000000000000000000 ) ) ;
#1631 = DIRECTION ( 'NONE',  ( -1.000000000000000000, 0.000000000000000000, -3.491481338843134539E-15 ) ) ;
#1632 = VERTEX_POINT ( 'NONE', #1521 ) ;
#1633 = FACE_BOUND ( 'NONE', #1432, .T. ) ;
#1634 = ORIENTED_EDGE ( 'NONE', *, *, #6, .T. ) ;
#1635 = DIRECTION ( 'NONE',  ( 0.000000000000000000, 0.000000000000000000, 1.000000000000000000 ) ) ;
#1636 = CARTESIAN_POINT ( 'NONE',  ( 14.40500000000000291, -9.720000000000004192, -0.7500000000000001110 ) ) ;
#1637 = CARTESIAN_POINT ( 'NONE',  ( 3.926209264783601258E-30, -9.910000000000000142, 3.157857912676254465E-14 ) ) ;
#1638 = CIRCLE ( 'NONE', #123, 0.1559999999999991116 ) ;
#1639 = DIRECTION ( 'NONE',  ( 0.000000000000000000, 3.167359992654216647E-15, 1.000000000000000000 ) ) ;
#1640 = ADVANCED_FACE ( 'NONE', ( #266 ), #124, .F. ) ;
#1641 = AXIS2_PLACEMENT_3D ( 'NONE', #763, #1589, #1176 ) ;
#1642 = ORIENTED_EDGE ( 'NONE', *, *, #844, .F. ) ;
#1643 = PRODUCT_DEFINITION_FORMATION_WITH_SPECIFIED_SOURCE ( 'ANY', '', #1177, .NOT_KNOWN. ) ;
#1644 = LINE ( 'NONE', #1245, #660 ) ;
#1645 = EDGE_LOOP ( 'NONE', ( #598, #1203 ) ) ;
#1646 = VECTOR ( 'NONE', #1289, 39.37007874015748143 ) ;
#1647 = LINE ( 'NONE', #397, #775 ) ;
#1648 = AXIS2_PLACEMENT_3D ( 'NONE', #566, #279, #699 ) ;
#1649 = DIRECTION ( 'NONE',  ( -1.000000000000000000, 0.000000000000000000, 0.000000000000000000 ) ) ;
#1650 = CARTESIAN_POINT ( 'NONE',  ( -14.27899999999999459, 0.000000000000000000, 0.000000000000000000 ) ) ;
#1651 = VECTOR ( 'NONE', #1081, 39.37007874015748143 ) ;
#1652 = LINE ( 'NONE', #1102, #1065 ) ;
#1653 = CIRCLE ( 'NONE', #934, 0.1200000000000009948 ) ;
#1654 =( NAMED_UNIT ( * ) SI_UNIT ( $, .STERADIAN. ) SOLID_ANGLE_UNIT ( ) );
#1655 = VECTOR ( 'NONE', #1154, 39.37007874015748143 ) ;
#1656 = ORIENTED_EDGE ( 'NONE', *, *, #1752, .F. ) ;
#1657 = CARTESIAN_POINT ( 'NONE',  ( -14.40499999999999936, 9.726000000000000867, -0.06000000000000366845 ) ) ;
#1658 = EDGE_CURVE ( 'NONE', #1164, #317, #828, .T. ) ;
#1659 = VERTEX_POINT ( 'NONE', #418 ) ;
#1660 = DIRECTION ( 'NONE',  ( -0.000000000000000000, 0.000000000000000000, 1.000000000000000000 ) ) ;
#1661 = LINE ( 'NONE', #1502, #1703 ) ;
#1662 = DIRECTION ( 'NONE',  ( -0.000000000000000000, 0.000000000000000000, -1.000000000000000000 ) ) ;
#1663 = DIRECTION ( 'NONE',  ( 1.000000000000000000, 0.000000000000000000, 0.000000000000000000 ) ) ;
#1664 = VERTEX_POINT ( 'NONE', #1539 ) ;
#1665 = FACE_OUTER_BOUND ( 'NONE', #611, .T. ) ;
#1666 = ORIENTED_EDGE ( 'NONE', *, *, #1728, .F. ) ;
#1667 = ADVANCED_FACE ( 'NONE', ( #839 ), #1119, .T. ) ;
#1668 = PLANE ( 'NONE',  #1534 ) ;
#1669 = DIRECTION ( 'NONE',  ( 0.000000000000000000, 0.000000000000000000, 1.000000000000000000 ) ) ;
#1670 = LINE ( 'NONE', #290, #1501 ) ;
#1671 = CARTESIAN_POINT ( 'NONE',  ( -14.28199999999999648, -9.849999999999999645, -0.1199999999999999956 ) ) ;
#1672 = ORIENTED_EDGE ( 'NONE', *, *, #1131, .F. ) ;
#1673 = DIRECTION ( 'NONE',  ( -0.000000000000000000, 1.000000000000000000, -0.000000000000000000 ) ) ;
#1674 = ORIENTED_EDGE ( 'NONE', *, *, #1618, .F. ) ;
#1675 = FACE_OUTER_BOUND ( 'NONE', #1537, .T. ) ;
#1676 = DIRECTION ( 'NONE',  ( 0.000000000000000000, 0.000000000000000000, -1.000000000000000000 ) ) ;
#1677 = VECTOR ( 'NONE', #1266, 39.37007874015748143 ) ;
#1678 = FACE_OUTER_BOUND ( 'NONE', #453, .T. ) ;
#1679 = ADVANCED_FACE ( 'NONE', ( #1223 ), #91, .T. ) ;
#1680 = CARTESIAN_POINT ( 'NONE',  ( -14.28199999999997694, 9.970000000000000639, -0.1199999999999985384 ) ) ;
#1681 = VECTOR ( 'NONE', #1734, 39.37007874015748143 ) ;
#1682 = DIRECTION ( 'NONE',  ( 0.000000000000000000, 0.000000000000000000, 1.000000000000000000 ) ) ;
#1683 = VECTOR ( 'NONE', #153, 39.37007874015748143 ) ;
#1684 = EDGE_LOOP ( 'NONE', ( #1234, #1452, #84, #254 ) ) ;
#1685 = ORIENTED_EDGE ( 'NONE', *, *, #258, .T. ) ;
#1686 = PLANE ( 'NONE',  #1505 ) ;
#1687 = DIRECTION ( 'NONE',  ( 0.000000000000000000, 0.000000000000000000, 1.000000000000000000 ) ) ;
#1688 = PLANE ( 'NONE',  #222 ) ;
#1689 = EDGE_CURVE ( 'NONE', #1152, #1063, #1621, .T. ) ;
#1690 = EDGE_LOOP ( 'NONE', ( #655, #125, #65, #582 ) ) ;
#1691 = PLANE ( 'NONE',  #390 ) ;
#1692 = ORIENTED_EDGE ( 'NONE', *, *, #1012, .F. ) ;
#1693 = LINE ( 'NONE', #1402, #100 ) ;
#1694 = CARTESIAN_POINT ( 'NONE',  ( -14.06499999999999950, 7.499999999999998224, -0.7500000000000003331 ) ) ;
#1695 = EDGE_CURVE ( 'NONE', #95, #318, #651, .T. ) ;
#1696 = AXIS2_PLACEMENT_3D ( 'NONE', #1637, #399, #800 ) ;
#1697 = VERTEX_POINT ( 'NONE', #1043 ) ;
#1698 = ORIENTED_EDGE ( 'NONE', *, *, #592, .T. ) ;
#1699 = CARTESIAN_POINT ( 'NONE',  ( 14.28499999999999659, -9.719999999999997087, -0.05999999999999654915 ) ) ;
#1700 = ORIENTED_EDGE ( 'NONE', *, *, #565, .F. ) ;
#1701 = DIRECTION ( 'NONE',  ( -3.167359992654217435E-15, -4.751039988981326548E-15, -1.000000000000000000 ) ) ;
#1702 = VECTOR ( 'NONE', #741, 39.37007874015748143 ) ;
#1703 = VECTOR ( 'NONE', #813, 39.37007874015748143 ) ;
#1704 = CARTESIAN_POINT ( 'NONE',  ( 14.28199999999999825, -9.970000000000000639, 0.000000000000000000 ) ) ;
#1705 = VECTOR ( 'NONE', #1046, 39.37007874015748143 ) ;
#1706 = ORIENTED_EDGE ( 'NONE', *, *, #1531, .F. ) ;
#1707 = ORIENTED_EDGE ( 'NONE', *, *, #1230, .F. ) ;
#1708 = DIRECTION ( 'NONE',  ( 0.000000000000000000, 1.000000000000000000, -3.491481338843134539E-15 ) ) ;
#1709 = EDGE_CURVE ( 'NONE', #318, #1273, #232, .T. ) ;
#1710 = VERTEX_POINT ( 'NONE', #99 ) ;
#1711 = VECTOR ( 'NONE', #281, 39.37007874015748143 ) ;
#1712 = PLANE ( 'NONE',  #1236 ) ;
#1713 = CARTESIAN_POINT ( 'NONE',  ( -14.22099999999999831, -7.500000000000000000, 0.000000000000000000 ) ) ;
#1714 = ORIENTED_EDGE ( 'NONE', *, *, #140, .F. ) ;
#1715 = ORIENTED_EDGE ( 'NONE', *, *, #1215, .F. ) ;
#1716 = CARTESIAN_POINT ( 'NONE',  ( -14.27899999999999459, 9.720000000000000639, -0.05999999999999999778 ) ) ;
#1717 = EDGE_CURVE ( 'NONE', #1085, #912, #943, .T. ) ;
#1718 = ORIENTED_EDGE ( 'NONE', *, *, #784, .F. ) ;
#1719 = CARTESIAN_POINT ( 'NONE',  ( -14.06499999999999950, 7.499999999999998224, 0.000000000000000000 ) ) ;
#1720 = DIRECTION ( 'NONE',  ( 0.000000000000000000, 0.000000000000000000, 1.000000000000000000 ) ) ;
#1721 = FACE_OUTER_BOUND ( 'NONE', #1074, .T. ) ;
#1722 = ORIENTED_EDGE ( 'NONE', *, *, #1438, .T. ) ;
#1723 = DIRECTION ( 'NONE',  ( 0.000000000000000000, 0.000000000000000000, 1.000000000000000000 ) ) ;
#1724 = ORIENTED_EDGE ( 'NONE', *, *, #1205, .T. ) ;
#1725 = PLANE ( 'NONE',  #17 ) ;
#1726 = CARTESIAN_POINT ( 'NONE',  ( -14.40500000000000114, 9.719999999999997087, -0.7500000000000001110 ) ) ;
#1727 = AXIS2_PLACEMENT_3D ( 'NONE', #937, #804, #1358 ) ;
#1728 = EDGE_CURVE ( 'NONE', #1280, #1664, #1475, .T. ) ;
#1729 = AXIS2_PLACEMENT_3D ( 'NONE', #464, #194, #1708 ) ;
#1730 = CARTESIAN_POINT ( 'NONE',  ( 14.06500000000000128, 7.499999999999998224, 0.000000000000000000 ) ) ;
#1731 = VECTOR ( 'NONE', #983, 39.37007874015748143 ) ;
#1732 = EDGE_LOOP ( 'NONE', ( #1424, #588 ) ) ;
#1733 = VECTOR ( 'NONE', #1660, 39.37007874015748143 ) ;
#1734 = DIRECTION ( 'NONE',  ( 1.000000000000000000, 3.938023334787965637E-31, -1.248297008141545664E-45 ) ) ;
#1735 = ORIENTED_EDGE ( 'NONE', *, *, #59, .T. ) ;
#1736 = LINE ( 'NONE', #1337, #534 ) ;
#1737 = FACE_OUTER_BOUND ( 'NONE', #1588, .T. ) ;
#1738 = VECTOR ( 'NONE', #1354, 39.37007874015748143 ) ;
#1739 = CARTESIAN_POINT ( 'NONE',  ( -14.40499999999999403, -9.720000000000004192, -0.1000000000000000056 ) ) ;
#1740 = EDGE_CURVE ( 'NONE', #1574, #1449, #1024, .T. ) ;
#1741 = LINE ( 'NONE', #490, #1440 ) ;
#1742 = DIRECTION ( 'NONE',  ( -1.000000000000000000, 0.000000000000000000, 0.000000000000000000 ) ) ;
#1743 = ORIENTED_EDGE ( 'NONE', *, *, #378, .T. ) ;
#1744 = DIRECTION ( 'NONE',  ( 0.000000000000000000, 0.000000000000000000, -1.000000000000000000 ) ) ;
#1745 = ORIENTED_EDGE ( 'NONE', *, *, #1594, .T. ) ;
#1746 = CARTESIAN_POINT ( 'NONE',  ( 14.28199999999999825, -9.849999999999999645, 0.000000000000000000 ) ) ;
#1747 = CARTESIAN_POINT ( 'NONE',  ( -14.27899999999999459, -9.719999999999998863, -0.06000000000000090677 ) ) ;
#1748 = CARTESIAN_POINT ( 'NONE',  ( -14.28499999999999481, -9.719999999999998863, -0.1199999999999997041 ) ) ;
#1749 = ADVANCED_FACE ( 'NONE', ( #370 ), #351, .F. ) ;
#1750 = ORIENTED_EDGE ( 'NONE', *, *, #853, .F. ) ;
#1751 = LINE ( 'NONE', #653, #1705 ) ;
#1752 = EDGE_CURVE ( 'NONE', #686, #1083, #1756, .T. ) ;
#1753 = VERTEX_POINT ( 'NONE', #918 ) ;
#1754 = FACE_OUTER_BOUND ( 'NONE', #824, .T. ) ;
#1755 = LINE ( 'NONE', #658, #394 ) ;
#1756 = LINE ( 'NONE', #216, #718 ) ;
#1757 = VECTOR ( 'NONE', #822, 39.37007874015748143 ) ;
#1758 = ORIENTED_EDGE ( 'NONE', *, *, #37, .T. ) ;
#1759 = CARTESIAN_POINT ( 'NONE',  ( 0.000000000000000000, 0.000000000000000000, 0.000000000000000000 ) ) ;
#1760 = VECTOR ( 'NONE', #835, 39.37007874015748143 ) ;
#1761 = ORIENTED_EDGE ( 'NONE', *, *, #1428, .T. ) ;
#1762 = EDGE_CURVE ( 'NONE', #1152, #1710, #1212, .T. ) ;
#1763 = CARTESIAN_POINT ( 'NONE',  ( 14.28199999999999825, 9.970000000000002416, -0.7500000000000001110 ) ) ;
#1764 = CARTESIAN_POINT ( 'NONE',  ( -14.28199999999999292, -9.849999999999999645, -0.1199999999999999956 ) ) ;
#1765 = LINE ( 'NONE', #1367, #1149 ) ;
#1766 = DIRECTION ( 'NONE',  ( 1.000000000000000000, 0.000000000000000000, 0.000000000000000000 ) ) ;
#1767 = VERTEX_POINT ( 'NONE', #1062 ) ;
#1768 = LINE ( 'NONE', #1478, #1209 ) ;
#1769 = VERTEX_POINT ( 'NONE', #1493 ) ;
#1770 = FACE_BOUND ( 'NONE', #1645, .T. ) ;
#1771 = ADVANCED_FACE ( 'NONE', ( #1608 ), #508, .F. ) ;
#1772 = DIRECTION ( 'NONE',  ( 1.000000000000000000, 0.000000000000000000, 0.000000000000000000 ) ) ;
#1773 = DIRECTION ( 'NONE',  ( -1.000000000000000000, -0.000000000000000000, -0.000000000000000000 ) ) ;
#1774 = EDGE_CURVE ( 'NONE', #193, #233, #240, .T. ) ;
#1775 = DIRECTION ( 'NONE',  ( 0.000000000000000000, 1.000000000000000000, -3.491481338843133750E-15 ) ) ;
#1776 = ORIENTED_EDGE ( 'NONE', *, *, #1740, .F. ) ;
#1777 = CARTESIAN_POINT ( 'NONE',  ( 14.27899999999999636, 9.719999999999995310, -0.05999999999999931777 ) ) ;
#1778 = ORIENTED_EDGE ( 'NONE', *, *, #1614, .F. ) ;
#1779 = FACE_OUTER_BOUND ( 'NONE', #267, .T. ) ;
#1780 = CARTESIAN_POINT ( 'NONE',  ( 14.28199999999999825, 9.970000000000000639, -0.05999999999999978961 ) ) ;
#1781 = PLANE ( 'NONE',  #1696 ) ;
#1782 = CARTESIAN_POINT ( 'NONE',  ( -14.28199999999999825, 9.910000000000000142, -1.365765628832498898E-14 ) ) ;
#1783 = EDGE_CURVE ( 'NONE', #912, #1085, #858, .T. ) ;
#1784 = STYLED_ITEM ( 'NONE', ( #666 ), #452 ) ;
#1785 = ORIENTED_EDGE ( 'NONE', *, *, #594, .T. ) ;
#1786 = VECTOR ( 'NONE', #1320, 39.37007874015748143 ) ;
#1787 = CYLINDRICAL_SURFACE ( 'NONE', #631, 0.1559999999999991116 ) ;
#1788 = ORIENTED_EDGE ( 'NONE', *, *, #1330, .T. ) ;
#1789 = FACE_OUTER_BOUND ( 'NONE', #1625, .T. ) ;
#1790 = AXIS2_PLACEMENT_3D ( 'NONE', #1546, #830, #1662 ) ;
#1791 = LINE ( 'NONE', #289, #328 ) ;
#1792 = LINE ( 'NONE', #18, #538 ) ;
#1793 = CARTESIAN_POINT ( 'NONE',  ( -14.40499999999999936, 9.720000000000000639, 0.000000000000000000 ) ) ;
#1794 = EDGE_CURVE ( 'NONE', #233, #979, #671, .T. ) ;
#1795 = CIRCLE ( 'NONE', #1186, 0.1200000000000009948 ) ;
#1796 = ORIENTED_EDGE ( 'NONE', *, *, #1794, .T. ) ;
#1797 = DIRECTION ( 'NONE',  ( 0.000000000000000000, 0.000000000000000000, 1.000000000000000000 ) ) ;
#1798 = ORIENTED_EDGE ( 'NONE', *, *, #936, .F. ) ;
#1799 = CARTESIAN_POINT ( 'NONE',  ( 14.06500000000000128, 7.499999999999998224, -0.06000000000000004635 ) ) ;
#1800 = CARTESIAN_POINT ( 'NONE',  ( 14.22100000000000186, 7.499999999999998224, 0.000000000000000000 ) ) ;
#1801 = DIRECTION ( 'NONE',  ( -2.248434562686636010E-16, 1.000000000000000000, -8.758115402030106693E-47 ) ) ;
ENDSEC;
END-ISO-10303-21;
