ISO-10303-21;
HEADER;
FILE_DESCRIPTION (( 'STEP AP214' ),
    '1' );
FILE_NAME ('12-D-6091-08-(16gacr ANSI-61) - K48 - V1-R0.STEP',
    '2026-07-10T17:16:42',
    ( '' ),
    ( '' ),
    'SwSTEP 2.0',
    'SolidWorks 2024',
    '' );
FILE_SCHEMA (( 'AUTOMOTIVE_DESIGN' ));
ENDSEC;

DATA;
#1 = EDGE_CURVE ( 'NONE', #1329, #573, #758, .T. ) ;
#2 = ORIENTED_EDGE ( 'NONE', *, *, #978, .T. ) ;
#3 = FACE_OUTER_BOUND ( 'NONE', #1215, .T. ) ;
#4 = FACE_OUTER_BOUND ( 'NONE', #955, .T. ) ;
#5 = DIRECTION ( 'NONE',  ( -0.000000000000000000, -1.000000000000000000, -0.000000000000000000 ) ) ;
#6 = DIRECTION ( 'NONE',  ( 0.000000000000000000, 0.000000000000000000, -1.000000000000000000 ) ) ;
#7 = EDGE_LOOP ( 'NONE', ( #971, #1509 ) ) ;
#8 = EDGE_CURVE ( 'NONE', #930, #219, #895, .T. ) ;
#9 = CYLINDRICAL_SURFACE ( 'NONE', #1401, 0.06000000000000099698 ) ;
#10 = ORIENTED_EDGE ( 'NONE', *, *, #360, .F. ) ;
#11 = FACE_OUTER_BOUND ( 'NONE', #42, .T. ) ;
#12 = DIRECTION ( 'NONE',  ( 0.000000000000000000, -0.000000000000000000, 1.000000000000000000 ) ) ;
#13 = AXIS2_PLACEMENT_3D ( 'NONE', #255, #1193, #31 ) ;
#14 = DIRECTION ( 'NONE',  ( 0.000000000000000000, 0.000000000000000000, 1.000000000000000000 ) ) ;
#15 = CARTESIAN_POINT ( 'NONE',  ( -17.28199999999999292, -14.97000000000000597, -0.1199999999999996764 ) ) ;
#16 = ORIENTED_EDGE ( 'NONE', *, *, #1232, .F. ) ;
#17 = ORIENTED_EDGE ( 'NONE', *, *, #764, .T. ) ;
#18 = CARTESIAN_POINT ( 'NONE',  ( 17.06000000000000227, -12.50000000000000533, -0.05999999999999999778 ) ) ;
#19 = ORIENTED_EDGE ( 'NONE', *, *, #269, .T. ) ;
#20 = CARTESIAN_POINT ( 'NONE',  ( -17.28499999999999304, 14.71999999999999353, 0.000000000000000000 ) ) ;
#21 = VECTOR ( 'NONE', #1231, 39.37007874015748143 ) ;
#22 = DIRECTION ( 'NONE',  ( -0.000000000000000000, -1.000000000000000000, -0.000000000000000000 ) ) ;
#23 = ORIENTED_EDGE ( 'NONE', *, *, #902, .F. ) ;
#24 = ORIENTED_EDGE ( 'NONE', *, *, #1069, .T. ) ;
#25 = VECTOR ( 'NONE', #552, 39.37007874015748143 ) ;
#26 = ORIENTED_EDGE ( 'NONE', *, *, #1498, .T. ) ;
#27 =( NAMED_UNIT ( * ) PLANE_ANGLE_UNIT ( ) SI_UNIT ( $, .RADIAN. ) );
#28 = DIRECTION ( 'NONE',  ( 0.000000000000000000, -1.000000000000000000, -3.167359992654216647E-15 ) ) ;
#29 = ADVANCED_FACE ( 'NONE', ( #424 ), #1369, .F. ) ;
#30 =( LENGTH_UNIT ( ) NAMED_UNIT ( * ) SI_UNIT ( $, .METRE. ) );
#31 = DIRECTION ( 'NONE',  ( 1.000000000000000000, 0.000000000000000000, 0.000000000000000000 ) ) ;
#32 = VERTEX_POINT ( 'NONE', #876 ) ;
#33 = DIRECTION ( 'NONE',  ( -3.167359992654216647E-15, 0.000000000000000000, -1.000000000000000000 ) ) ;
#34 = EDGE_CURVE ( 'NONE', #1269, #1216, #1145, .T. ) ;
#35 = ORIENTED_EDGE ( 'NONE', *, *, #881, .F. ) ;
#36 = DIRECTION ( 'NONE',  ( -0.000000000000000000, -1.000000000000000000, -0.000000000000000000 ) ) ;
#37 = LINE ( 'NONE', #148, #568 ) ;
#38 = VECTOR ( 'NONE', #629, 39.37007874015748143 ) ;
#39 = DIRECTION ( 'NONE',  ( 0.000000000000000000, 0.000000000000000000, 1.000000000000000000 ) ) ;
#40 = LINE ( 'NONE', #371, #84 ) ;
#41 = ORIENTED_EDGE ( 'NONE', *, *, #409, .F. ) ;
#42 = EDGE_LOOP ( 'NONE', ( #718, #587, #365, #1060 ) ) ;
#43 = VECTOR ( 'NONE', #22, 39.37007874015748143 ) ;
#44 = CARTESIAN_POINT ( 'NONE',  ( -17.22099999999999653, -12.50000000000000533, -0.05999999999999999778 ) ) ;
#45 = CARTESIAN_POINT ( 'NONE',  ( -17.06499999999999773, 12.49999999999999467, 0.000000000000000000 ) ) ;
#46 = PLANE ( 'NONE',  #806 ) ;
#47 = DIRECTION ( 'NONE',  ( -0.000000000000000000, -0.000000000000000000, 1.000000000000000000 ) ) ;
#48 = ADVANCED_FACE ( 'NONE', ( #534, #1350, #541, #1236, #900 ), #1489, .F. ) ;
#49 = VECTOR ( 'NONE', #183, 39.37007874015748143 ) ;
#50 = AXIS2_PLACEMENT_3D ( 'NONE', #476, #14, #1533 ) ;
#51 = CARTESIAN_POINT ( 'NONE',  ( 17.40500000000000824, -14.72000000000000419, 0.000000000000000000 ) ) ;
#52 = EDGE_CURVE ( 'NONE', #1333, #128, #692, .T. ) ;
#53 = SHAPE_DEFINITION_REPRESENTATION ( #528, #866 ) ;
#54 = DIRECTION ( 'NONE',  ( -0.000000000000000000, -0.000000000000000000, 1.000000000000000000 ) ) ;
#55 = DIRECTION ( 'NONE',  ( 0.000000000000000000, 0.000000000000000000, 1.000000000000000000 ) ) ;
#56 = EDGE_LOOP ( 'NONE', ( #1314, #640 ) ) ;
#57 = ADVANCED_FACE ( 'NONE', ( #646 ), #1258, .F. ) ;
#58 = CARTESIAN_POINT ( 'NONE',  ( -17.31716115034698333, -14.85000000000000320, 9.902948977032954413E-16 ) ) ;
#59 = EDGE_CURVE ( 'NONE', #735, #257, #650, .T. ) ;
#60 = UNCERTAINTY_MEASURE_WITH_UNIT (LENGTH_MEASURE( 1.000000000000000082E-05 ), #624, 'distance_accuracy_value', 'NONE');
#61 = CARTESIAN_POINT ( 'NONE',  ( -17.40499999999999758, 14.71999999999998998, 0.000000000000000000 ) ) ;
#62 = CARTESIAN_POINT ( 'NONE',  ( 17.28500000000000369, -14.72000000000000419, -0.1199999999999999956 ) ) ;
#63 = ORIENTED_EDGE ( 'NONE', *, *, #804, .F. ) ;
#64 = CARTESIAN_POINT ( 'NONE',  ( 17.40500000000000824, 0.000000000000000000, -0.7500000000000001110 ) ) ;
#65 = EDGE_CURVE ( 'NONE', #32, #507, #1012, .T. ) ;
#66 = CARTESIAN_POINT ( 'NONE',  ( -5.230933654209994791E-13, 14.72000000000060815, -0.05999999999999999778 ) ) ;
#67 = FACE_OUTER_BOUND ( 'NONE', #347, .T. ) ;
#68 = CARTESIAN_POINT ( 'NONE',  ( -17.28199999999999292, -14.85000000000000320, -0.05999999999999899858 ) ) ;
#69 = AXIS2_PLACEMENT_3D ( 'NONE', #1073, #1433, #1440 ) ;
#70 = CARTESIAN_POINT ( 'NONE',  ( 17.28200000000000358, 14.96999999999999886, 0.000000000000000000 ) ) ;
#71 = VECTOR ( 'NONE', #656, 39.37007874015748143 ) ;
#72 = CARTESIAN_POINT ( 'NONE',  ( -17.40499999999999758, 14.71999999999998998, -0.7500000000000003331 ) ) ;
#73 = ADVANCED_FACE ( 'NONE', ( #177 ), #1138, .F. ) ;
#74 = LINE ( 'NONE', #551, #1319 ) ;
#75 = DIRECTION ( 'NONE',  ( 0.000000000000000000, 0.000000000000000000, 1.000000000000000000 ) ) ;
#76 = VECTOR ( 'NONE', #800, 39.37007874015748143 ) ;
#77 = EDGE_CURVE ( 'NONE', #233, #367, #651, .T. ) ;
#78 = LINE ( 'NONE', #1364, #973 ) ;
#79 = ORIENTED_EDGE ( 'NONE', *, *, #1425, .T. ) ;
#80 = DIRECTION ( 'NONE',  ( -0.000000000000000000, 1.000000000000000000, -0.000000000000000000 ) ) ;
#81 = DIRECTION ( 'NONE',  ( 1.000000000000000000, 0.000000000000000000, 0.000000000000000000 ) ) ;
#82 = DIRECTION ( 'NONE',  ( -1.000000000000000000, 0.000000000000000000, -0.000000000000000000 ) ) ;
#83 = ORIENTED_EDGE ( 'NONE', *, *, #668, .F. ) ;
#84 = VECTOR ( 'NONE', #1103, 39.37007874015748143 ) ;
#85 = ORIENTED_EDGE ( 'NONE', *, *, #695, .T. ) ;
#86 = DIRECTION ( 'NONE',  ( 0.000000000000000000, 0.000000000000000000, -1.000000000000000000 ) ) ;
#87 = ORIENTED_EDGE ( 'NONE', *, *, #1476, .F. ) ;
#88 = CARTESIAN_POINT ( 'NONE',  ( -17.28199999999999648, 14.96999999999999176, -0.7500000000000003331 ) ) ;
#89 = DIRECTION ( 'NONE',  ( 1.000000000000000000, -3.553623406392513092E-14, 0.000000000000000000 ) ) ;
#90 = CARTESIAN_POINT ( 'NONE',  ( 17.34500000000000242, -14.72000000000000419, 5.512790067214666267E-14 ) ) ;
#91 = ORIENTED_EDGE ( 'NONE', *, *, #1225, .T. ) ;
#92 = ORIENTED_EDGE ( 'NONE', *, *, #1520, .F. ) ;
#93 = ADVANCED_FACE ( 'NONE', ( #1479 ), #314, .F. ) ;
#94 = STYLED_ITEM ( 'NONE', ( #335 ), #496 ) ;
#95 = ORIENTED_EDGE ( 'NONE', *, *, #1537, .T. ) ;
#96 = ADVANCED_FACE ( 'NONE', ( #667 ), #526, .F. ) ;
#97 = DIRECTION ( 'NONE',  ( -0.000000000000000000, -0.000000000000000000, 1.000000000000000000 ) ) ;
#98 = AXIS2_PLACEMENT_3D ( 'NONE', #1200, #141, #849 ) ;
#99 = AXIS2_PLACEMENT_3D ( 'NONE', #1135, #1256, #1233 ) ;
#100 = DIRECTION ( 'NONE',  ( -1.000000000000000000, 0.000000000000000000, 0.000000000000000000 ) ) ;
#101 = CARTESIAN_POINT ( 'NONE',  ( 17.28200000000000358, 14.71999999999999886, -0.06000000000000004635 ) ) ;
#102 = ORIENTED_EDGE ( 'NONE', *, *, #888, .F. ) ;
#103 = VERTEX_POINT ( 'NONE', #1354 ) ;
#104 = DIRECTION ( 'NONE',  ( 0.000000000000000000, 0.000000000000000000, 1.000000000000000000 ) ) ;
#105 = ORIENTED_EDGE ( 'NONE', *, *, #822, .F. ) ;
#106 = CARTESIAN_POINT ( 'NONE',  ( 16.90400000000000347, -12.50000000000000533, 0.000000000000000000 ) ) ;
#107 = EDGE_CURVE ( 'NONE', #937, #1394, #771, .T. ) ;
#108 = CARTESIAN_POINT ( 'NONE',  ( -17.28199999999999648, 14.90999999999999837, -0.7500000000000003331 ) ) ;
#109 = CARTESIAN_POINT ( 'NONE',  ( 17.40500000000000824, 14.71999999999999531, -0.7500000000000001110 ) ) ;
#110 = ORIENTED_EDGE ( 'NONE', *, *, #336, .F. ) ;
#111 = EDGE_LOOP ( 'NONE', ( #1132, #143, #1448, #1181 ) ) ;
#112 = LINE ( 'NONE', #957, #613 ) ;
#113 = ORIENTED_EDGE ( 'NONE', *, *, #878, .T. ) ;
#114 = DIRECTION ( 'NONE',  ( -3.553623406392513092E-14, 1.000000000000000000, -0.000000000000000000 ) ) ;
#115 = DIRECTION ( 'NONE',  ( -1.000000000000000000, -0.000000000000000000, -0.000000000000000000 ) ) ;
#116 = EDGE_CURVE ( 'NONE', #457, #163, #1248, .T. ) ;
#117 = CARTESIAN_POINT ( 'NONE',  ( -17.28199999999999292, -14.72000000000000952, -0.06000000000000004635 ) ) ;
#118 = CARTESIAN_POINT ( 'NONE',  ( 17.28200000000000358, 14.90999999999999659, -0.1199999999999998151 ) ) ;
#119 = ORIENTED_EDGE ( 'NONE', *, *, #990, .T. ) ;
#120 = EDGE_CURVE ( 'NONE', #1269, #1173, #1483, .T. ) ;
#121 = ORIENTED_EDGE ( 'NONE', *, *, #34, .F. ) ;
#122 = ORIENTED_EDGE ( 'NONE', *, *, #1056, .T. ) ;
#123 = CARTESIAN_POINT ( 'NONE',  ( 17.28200000000000713, -14.91000000000000725, -0.7500000000000003331 ) ) ;
#124 = CYLINDRICAL_SURFACE ( 'NONE', #1536, 0.1559999999999991116 ) ;
#125 = DIRECTION ( 'NONE',  ( 0.000000000000000000, 1.000000000000000000, 0.000000000000000000 ) ) ;
#126 = DIRECTION ( 'NONE',  ( 1.000000000000000000, 0.000000000000000000, 0.000000000000000000 ) ) ;
#127 = ADVANCED_FACE ( 'NONE', ( #4 ), #675, .F. ) ;
#128 = VERTEX_POINT ( 'NONE', #369 ) ;
#129 = AXIS2_PLACEMENT_3D ( 'NONE', #908, #1488, #89 ) ;
#130 = VECTOR ( 'NONE', #55, 39.37007874015748143 ) ;
#131 = VERTEX_POINT ( 'NONE', #1031 ) ;
#132 = CARTESIAN_POINT ( 'NONE',  ( 16.90400000000000347, 12.49999999999999467, -0.05999999999999999778 ) ) ;
#133 = ORIENTED_EDGE ( 'NONE', *, *, #1134, .T. ) ;
#134 = CARTESIAN_POINT ( 'NONE',  ( 0.000000000000000000, 0.000000000000000000, -0.05999999999999999778 ) ) ;
#135 = LINE ( 'NONE', #460, #527 ) ;
#136 = DIRECTION ( 'NONE',  ( -0.000000000000000000, -0.000000000000000000, 1.000000000000000000 ) ) ;
#137 = ORIENTED_EDGE ( 'NONE', *, *, #614, .T. ) ;
#138 = ORIENTED_EDGE ( 'NONE', *, *, #1116, .T. ) ;
#139 = ORIENTED_EDGE ( 'NONE', *, *, #978, .F. ) ;
#140 = CARTESIAN_POINT ( 'NONE',  ( 17.34500000000000242, 14.71999999999999531, -0.1199999999999998151 ) ) ;
#141 = DIRECTION ( 'NONE',  ( -0.000000000000000000, 1.000000000000000000, -0.000000000000000000 ) ) ;
#142 = DIRECTION ( 'NONE',  ( 1.000000000000000000, -3.642463991552290689E-14, 2.276539994720181681E-15 ) ) ;
#143 = ORIENTED_EDGE ( 'NONE', *, *, #378, .T. ) ;
#144 = ORIENTED_EDGE ( 'NONE', *, *, #59, .F. ) ;
#145 = EDGE_CURVE ( 'NONE', #743, #1298, #1309, .T. ) ;
#146 = ORIENTED_EDGE ( 'NONE', *, *, #234, .T. ) ;
#147 = PLANE ( 'NONE',  #1497 ) ;
#148 = CARTESIAN_POINT ( 'NONE',  ( -17.40499999999999758, 0.000000000000000000, -0.7500000000000001110 ) ) ;
#149 = FACE_OUTER_BOUND ( 'NONE', #605, .T. ) ;
#150 = ADVANCED_FACE ( 'NONE', ( #474 ), #1274, .T. ) ;
#151 = DIRECTION ( 'NONE',  ( 0.000000000000000000, 0.000000000000000000, 1.000000000000000000 ) ) ;
#152 = VECTOR ( 'NONE', #517, 39.37007874015748143 ) ;
#153 = LINE ( 'NONE', #619, #43 ) ;
#154 = ORIENTED_EDGE ( 'NONE', *, *, #348, .T. ) ;
#155 = PLANE ( 'NONE',  #258 ) ;
#156 = ORIENTED_EDGE ( 'NONE', *, *, #436, .T. ) ;
#157 = AXIS2_PLACEMENT_3D ( 'NONE', #134, #1496, #82 ) ;
#158 = CARTESIAN_POINT ( 'NONE',  ( 17.40500000000000824, 14.96999999999999709, -0.7500000000000001110 ) ) ;
#159 = LINE ( 'NONE', #992, #649 ) ;
#160 = DIRECTION ( 'NONE',  ( 0.000000000000000000, 1.000000000000000000, 2.276539994720347341E-15 ) ) ;
#161 = ADVANCED_FACE ( 'NONE', ( #377, #1150, #320, #206, #837 ), #435, .T. ) ;
#162 = ORIENTED_EDGE ( 'NONE', *, *, #1116, .F. ) ;
#163 = VERTEX_POINT ( 'NONE', #1322 ) ;
#164 = FACE_OUTER_BOUND ( 'NONE', #1058, .T. ) ;
#165 = CIRCLE ( 'NONE', #312, 0.1559999999999991116 ) ;
#166 = CARTESIAN_POINT ( 'NONE',  ( -17.28199999999999648, 14.84999999999999432, -0.1200000000000010919 ) ) ;
#167 = ORIENTED_EDGE ( 'NONE', *, *, #922, .T. ) ;
#168 = ADVANCED_FACE ( 'NONE', ( #560 ), #682, .F. ) ;
#169 = DIRECTION ( 'NONE',  ( 1.000000000000000000, 0.000000000000000000, 0.000000000000000000 ) ) ;
#170 = AXIS2_PLACEMENT_3D ( 'NONE', #502, #510, #126 ) ;
#171 = EDGE_CURVE ( 'NONE', #930, #282, #1244, .T. ) ;
#172 = LINE ( 'NONE', #272, #349 ) ;
#173 = DIRECTION ( 'NONE',  ( 1.000000000000000000, -3.553623406392513092E-14, 0.000000000000000000 ) ) ;
#174 = DIRECTION ( 'NONE',  ( -0.000000000000000000, -1.000000000000000000, -0.000000000000000000 ) ) ;
#175 = AXIS2_PLACEMENT_3D ( 'NONE', #158, #739, #410 ) ;
#176 = LINE ( 'NONE', #882, #572 ) ;
#177 = FACE_OUTER_BOUND ( 'NONE', #346, .T. ) ;
#178 = ADVANCED_FACE ( 'NONE', ( #252 ), #825, .F. ) ;
#179 = VECTOR ( 'NONE', #775, 39.37007874015748143 ) ;
#180 = AXIS2_PLACEMENT_3D ( 'NONE', #880, #1352, #305 ) ;
#181 = VECTOR ( 'NONE', #1040, 39.37007874015748143 ) ;
#182 = DIRECTION ( 'NONE',  ( 0.000000000000000000, 1.000000000000000000, 0.000000000000000000 ) ) ;
#183 = DIRECTION ( 'NONE',  ( 0.000000000000000000, 0.000000000000000000, 1.000000000000000000 ) ) ;
#184 = VECTOR ( 'NONE', #1403, 39.37007874015748143 ) ;
#185 = CARTESIAN_POINT ( 'NONE',  ( -17.28199999999999648, 0.000000000000000000, -0.05999999999999999778 ) ) ;
#186 = ORIENTED_EDGE ( 'NONE', *, *, #425, .T. ) ;
#187 = ADVANCED_FACE ( 'NONE', ( #1419 ), #597, .F. ) ;
#188 = CARTESIAN_POINT ( 'NONE',  ( 5.230933654209996811E-13, 14.72000000000061171, -0.05999999999999999778 ) ) ;
#189 = DIRECTION ( 'NONE',  ( -3.167359992654216647E-15, 0.000000000000000000, 1.000000000000000000 ) ) ;
#190 = CARTESIAN_POINT ( 'NONE',  ( -17.31716115034698333, -14.85000000000000320, -0.1199999999999999956 ) ) ;
#191 = CARTESIAN_POINT ( 'NONE',  ( 0.000000000000000000, -14.97000000000000597, 4.762486797036422882E-14 ) ) ;
#192 = DIRECTION ( 'NONE',  ( -1.000000000000000000, 0.000000000000000000, 0.000000000000000000 ) ) ;
#193 = EDGE_CURVE ( 'NONE', #1019, #823, #1382, .T. ) ;
#194 = FACE_OUTER_BOUND ( 'NONE', #875, .T. ) ;
#195 = EDGE_CURVE ( 'NONE', #267, #1513, #262, .T. ) ;
#196 = CARTESIAN_POINT ( 'NONE',  ( 17.21600000000000108, -12.50000000000000533, -0.05999999999999999778 ) ) ;
#197 = DIRECTION ( 'NONE',  ( 0.000000000000000000, 3.167359992654216647E-15, 1.000000000000000000 ) ) ;
#198 = CIRCLE ( 'NONE', #1363, 0.1559999999999991116 ) ;
#199 = AXIS2_PLACEMENT_3D ( 'NONE', #939, #1413, #354 ) ;
#200 = DIRECTION ( 'NONE',  ( -0.000000000000000000, 1.000000000000000000, -0.000000000000000000 ) ) ;
#201 = AXIS2_PLACEMENT_3D ( 'NONE', #190, #924, #894 ) ;
#202 = VERTEX_POINT ( 'NONE', #1211 ) ;
#203 = DIRECTION ( 'NONE',  ( 0.000000000000000000, 0.000000000000000000, 1.000000000000000000 ) ) ;
#204 = DIRECTION ( 'NONE',  ( 0.000000000000000000, -1.000000000000000000, -2.276539994720098456E-15 ) ) ;
#205 = ADVANCED_FACE ( 'NONE', ( #787 ), #950, .T. ) ;
#206 = FACE_BOUND ( 'NONE', #1283, .T. ) ;
#207 = ORIENTED_EDGE ( 'NONE', *, *, #762, .T. ) ;
#208 = ORIENTED_EDGE ( 'NONE', *, *, #585, .T. ) ;
#209 = CARTESIAN_POINT ( 'NONE',  ( 17.28200000000000713, -14.72000000000000419, -0.06000000000000004635 ) ) ;
#210 = ORIENTED_EDGE ( 'NONE', *, *, #336, .T. ) ;
#211 = DIRECTION ( 'NONE',  ( -0.000000000000000000, -0.000000000000000000, 1.000000000000000000 ) ) ;
#212 = DIRECTION ( 'NONE',  ( 0.000000000000000000, 0.000000000000000000, 1.000000000000000000 ) ) ;
#213 = CARTESIAN_POINT ( 'NONE',  ( -17.40499999999999048, -14.72000000000000952, -0.7500000000000003331 ) ) ;
#214 = DIRECTION ( 'NONE',  ( 0.000000000000000000, 1.000000000000000000, 0.000000000000000000 ) ) ;
#215 = ADVANCED_FACE ( 'NONE', ( #711 ), #124, .F. ) ;
#216 = VERTEX_POINT ( 'NONE', #482 ) ;
#217 = VERTEX_POINT ( 'NONE', #959 ) ;
#218 = ADVANCED_FACE ( 'NONE', ( #164 ), #1238, .F. ) ;
#219 = VERTEX_POINT ( 'NONE', #278 ) ;
#220 = CARTESIAN_POINT ( 'NONE',  ( -17.06499999999999773, -12.50000000000000533, 0.000000000000000000 ) ) ;
#221 = DIRECTION ( 'NONE',  ( -1.000000000000000000, 0.000000000000000000, 0.000000000000000000 ) ) ;
#222 = DIRECTION ( 'NONE',  ( -0.000000000000000000, -0.000000000000000000, 1.000000000000000000 ) ) ;
#223 = ORIENTED_EDGE ( 'NONE', *, *, #713, .T. ) ;
#224 = ORIENTED_EDGE ( 'NONE', *, *, #922, .F. ) ;
#225 = VECTOR ( 'NONE', #625, 39.37007874015748143 ) ;
#226 = EDGE_CURVE ( 'NONE', #1513, #131, #892, .T. ) ;
#227 = EDGE_LOOP ( 'NONE', ( #1219, #247, #1076, #162 ) ) ;
#228 = VECTOR ( 'NONE', #812, 39.37007874015748143 ) ;
#229 = DIRECTION ( 'NONE',  ( -0.000000000000000000, -0.000000000000000000, 1.000000000000000000 ) ) ;
#230 = LINE ( 'NONE', #1304, #768 ) ;
#231 = CARTESIAN_POINT ( 'NONE',  ( 17.28500000000000369, 14.71999999999999886, -0.1199999999999999956 ) ) ;
#232 = ORIENTED_EDGE ( 'NONE', *, *, #8, .T. ) ;
#233 = VERTEX_POINT ( 'NONE', #401 ) ;
#234 = EDGE_CURVE ( 'NONE', #1329, #1092, #37, .T. ) ;
#235 = EDGE_LOOP ( 'NONE', ( #784, #719, #738, #983 ) ) ;
#236 = DIRECTION ( 'NONE',  ( -0.000000000000000000, 1.000000000000000000, 0.000000000000000000 ) ) ;
#237 = EDGE_CURVE ( 'NONE', #622, #632, #647, .T. ) ;
#238 = PLANE ( 'NONE',  #1142 ) ;
#239 = ORIENTED_EDGE ( 'NONE', *, *, #1165, .T. ) ;
#240 = ORIENTED_EDGE ( 'NONE', *, *, #673, .F. ) ;
#241 = VECTOR ( 'NONE', #271, 39.37007874015748143 ) ;
#242 = EDGE_LOOP ( 'NONE', ( #1424, #240, #577, #239 ) ) ;
#243 = ADVANCED_FACE ( 'NONE', ( #1355 ), #1471, .F. ) ;
#244 = FACE_OUTER_BOUND ( 'NONE', #1418, .T. ) ;
#245 = DIRECTION ( 'NONE',  ( 0.000000000000000000, 3.167359992654216647E-15, 1.000000000000000000 ) ) ;
#246 = DIRECTION ( 'NONE',  ( 0.000000000000000000, -1.000000000000000000, 0.000000000000000000 ) ) ;
#247 = ORIENTED_EDGE ( 'NONE', *, *, #727, .T. ) ;
#248 = ORIENTED_EDGE ( 'NONE', *, *, #1174, .T. ) ;
#249 = ORIENTED_EDGE ( 'NONE', *, *, #1174, .F. ) ;
#250 = VECTOR ( 'NONE', #437, 39.37007874015748143 ) ;
#251 = DIRECTION ( 'NONE',  ( 0.000000000000000000, 3.167359992654216647E-15, -1.000000000000000000 ) ) ;
#252 = FACE_OUTER_BOUND ( 'NONE', #1108, .T. ) ;
#253 = CIRCLE ( 'NONE', #199, 0.1200000000000010086 ) ;
#254 = CARTESIAN_POINT ( 'NONE',  ( -17.28499999999999304, -14.72000000000000952, 0.000000000000000000 ) ) ;
#255 = CARTESIAN_POINT ( 'NONE',  ( 17.06000000000000227, 12.49999999999999467, -0.05999999999999999778 ) ) ;
#256 = AXIS2_PLACEMENT_3D ( 'NONE', #334, #114, #352 ) ;
#257 = VERTEX_POINT ( 'NONE', #499 ) ;
#258 = AXIS2_PLACEMENT_3D ( 'NONE', #631, #1099, #33 ) ;
#259 = ORIENTED_EDGE ( 'NONE', *, *, #491, .T. ) ;
#260 = ORIENTED_EDGE ( 'NONE', *, *, #1291, .F. ) ;
#261 = DIRECTION ( 'NONE',  ( -1.000000000000000000, 0.000000000000000000, -0.000000000000000000 ) ) ;
#262 = LINE ( 'NONE', #327, #501 ) ;
#263 = CARTESIAN_POINT ( 'NONE',  ( -17.28499999999999304, 14.88216115034697928, -0.1199999999999999956 ) ) ;
#264 = LINE ( 'NONE', #254, #407 ) ;
#265 = LINE ( 'NONE', #734, #316 ) ;
#266 = ORIENTED_EDGE ( 'NONE', *, *, #1478, .F. ) ;
#267 = VERTEX_POINT ( 'NONE', #635 ) ;
#268 = EDGE_CURVE ( 'NONE', #1179, #103, #642, .T. ) ;
#269 = EDGE_CURVE ( 'NONE', #1216, #267, #292, .T. ) ;
#270 = ORIENTED_EDGE ( 'NONE', *, *, #1537, .F. ) ;
#271 = DIRECTION ( 'NONE',  ( -1.000000000000000000, 0.000000000000000000, 2.276539994720347341E-15 ) ) ;
#272 = CARTESIAN_POINT ( 'NONE',  ( 17.40500000000000469, 14.96999999999999709, -0.1199999999999996209 ) ) ;
#273 =( CONVERSION_BASED_UNIT ( 'INCH', #389 ) LENGTH_UNIT ( ) NAMED_UNIT ( #1117 ) );
#274 = CARTESIAN_POINT ( 'NONE',  ( 17.21600000000000108, 12.49999999999999467, 0.000000000000000000 ) ) ;
#275 = ORIENTED_EDGE ( 'NONE', *, *, #1336, .T. ) ;
#276 = ORIENTED_EDGE ( 'NONE', *, *, #1358, .F. ) ;
#277 = DIRECTION ( 'NONE',  ( 0.000000000000000000, 0.000000000000000000, 1.000000000000000000 ) ) ;
#278 = CARTESIAN_POINT ( 'NONE',  ( -16.90899999999999892, -12.50000000000000533, 0.000000000000000000 ) ) ;
#279 = CYLINDRICAL_SURFACE ( 'NONE', #1213, 0.1559999999999991116 ) ;
#280 = VECTOR ( 'NONE', #996, 39.37007874015748143 ) ;
#281 = CARTESIAN_POINT ( 'NONE',  ( -17.28199999999999648, 14.90999999999999659, -0.1199999999999998151 ) ) ;
#282 = VERTEX_POINT ( 'NONE', #44 ) ;
#283 = ORIENTED_EDGE ( 'NONE', *, *, #673, .T. ) ;
#284 = AXIS2_PLACEMENT_3D ( 'NONE', #1191, #607, #732 ) ;
#285 = DIRECTION ( 'NONE',  ( 0.000000000000000000, 1.000000000000000000, 0.000000000000000000 ) ) ;
#286 = ADVANCED_FACE ( 'NONE', ( #765 ), #856, .F. ) ;
#287 = APPLICATION_PROTOCOL_DEFINITION ( 'draft international standard', 'automotive_design', 1998, #1128 ) ;
#288 = DIRECTION ( 'NONE',  ( 1.000000000000000000, 3.642463991552290689E-14, -2.276539994720181681E-15 ) ) ;
#289 = ORIENTED_EDGE ( 'NONE', *, *, #990, .F. ) ;
#290 = EDGE_CURVE ( 'NONE', #823, #1189, #172, .T. ) ;
#291 = CARTESIAN_POINT ( 'NONE',  ( 17.06000000000000227, -12.50000000000000533, -0.05999999999999999778 ) ) ;
#292 = LINE ( 'NONE', #869, #152 ) ;
#293 = EDGE_CURVE ( 'NONE', #821, #367, #977, .T. ) ;
#294 = LINE ( 'NONE', #1141, #1365 ) ;
#295 = CARTESIAN_POINT ( 'NONE',  ( 0.000000000000000000, -14.72000000000000952, -0.05999999999999999778 ) ) ;
#296 = EDGE_LOOP ( 'NONE', ( #2, #1276, #594, #592 ) ) ;
#297 = DIRECTION ( 'NONE',  ( -1.000000000000000000, -0.000000000000000000, -0.000000000000000000 ) ) ;
#298 = DIRECTION ( 'NONE',  ( 0.000000000000000000, 0.000000000000000000, 1.000000000000000000 ) ) ;
#299 = VECTOR ( 'NONE', #516, 39.37007874015748143 ) ;
#300 = FACE_OUTER_BOUND ( 'NONE', #1436, .T. ) ;
#301 = DIRECTION ( 'NONE',  ( 0.000000000000000000, 1.000000000000000000, -3.167359992654216647E-15 ) ) ;
#302 = VECTOR ( 'NONE', #582, 39.37007874015748143 ) ;
#303 = VECTOR ( 'NONE', #420, 39.37007874015748143 ) ;
#304 = DIRECTION ( 'NONE',  ( -0.000000000000000000, 0.000000000000000000, 1.000000000000000000 ) ) ;
#305 = DIRECTION ( 'NONE',  ( 0.000000000000000000, -1.000000000000000000, 3.491481338843134539E-15 ) ) ;
#306 = DIRECTION ( 'NONE',  ( 0.000000000000000000, 0.000000000000000000, 1.000000000000000000 ) ) ;
#307 = DIRECTION ( 'NONE',  ( 1.000000000000000000, -3.553623406392513092E-14, -0.000000000000000000 ) ) ;
#308 = ADVANCED_FACE ( 'NONE', ( #394 ), #1351, .T. ) ;
#309 = LINE ( 'NONE', #58, #1039 ) ;
#310 = ADVANCED_FACE ( 'NONE', ( #1450 ), #877, .T. ) ;
#311 = CARTESIAN_POINT ( 'NONE',  ( -17.28199999999999292, -14.91000000000000547, 4.741537909003364840E-14 ) ) ;
#312 = AXIS2_PLACEMENT_3D ( 'NONE', #1414, #1296, #829 ) ;
#313 = DIRECTION ( 'NONE',  ( 1.000000000000000000, -0.000000000000000000, -0.000000000000000000 ) ) ;
#314 = PLANE ( 'NONE',  #628 ) ;
#315 = ORIENTED_EDGE ( 'NONE', *, *, #195, .F. ) ;
#316 = VECTOR ( 'NONE', #142, 39.37007874015748143 ) ;
#317 = CARTESIAN_POINT ( 'NONE',  ( -17.28199999999999648, 14.96999999999999176, 0.000000000000000000 ) ) ;
#318 = DIRECTION ( 'NONE',  ( 1.000000000000000000, -3.553623406392513092E-14, 3.491481338843134539E-15 ) ) ;
#319 = CARTESIAN_POINT ( 'NONE',  ( -16.90899999999999892, 12.49999999999999467, 0.000000000000000000 ) ) ;
#320 = FACE_BOUND ( 'NONE', #56, .T. ) ;
#321 = LINE ( 'NONE', #188, #842 ) ;
#322 = AXIS2_PLACEMENT_3D ( 'NONE', #1137, #370, #1525 ) ;
#323 = ORIENTED_EDGE ( 'NONE', *, *, #808, .F. ) ;
#324 = VECTOR ( 'NONE', #325, 39.37007874015748143 ) ;
#325 = DIRECTION ( 'NONE',  ( 3.167359992654216647E-15, 0.000000000000000000, 1.000000000000000000 ) ) ;
#326 = CARTESIAN_POINT ( 'NONE',  ( 0.000000000000000000, 14.96999999999999886, -0.7500000000000001110 ) ) ;
#327 = CARTESIAN_POINT ( 'NONE',  ( -17.40499999999999048, -14.72000000000000952, 0.000000000000000000 ) ) ;
#328 = EDGE_CURVE ( 'NONE', #393, #1443, #388, .T. ) ;
#329 = VECTOR ( 'NONE', #80, 39.37007874015748143 ) ;
#330 = ORIENTED_EDGE ( 'NONE', *, *, #400, .F. ) ;
#331 = ORIENTED_EDGE ( 'NONE', *, *, #826, .T. ) ;
#332 = LINE ( 'NONE', #317, #545 ) ;
#333 = ORIENTED_EDGE ( 'NONE', *, *, #65, .F. ) ;
#334 = CARTESIAN_POINT ( 'NONE',  ( -17.28499999999999304, 14.71999999999999353, -0.1199999999999999956 ) ) ;
#335 = PRESENTATION_STYLE_ASSIGNMENT (( #608 ) ) ;
#336 = EDGE_CURVE ( 'NONE', #573, #513, #1243, .T. ) ;
#337 = CARTESIAN_POINT ( 'NONE',  ( -17.28499999999999304, 14.71999999999999353, -0.05999999999999899858 ) ) ;
#338 = PLANE ( 'NONE',  #515 ) ;
#339 = VERTEX_POINT ( 'NONE', #20 ) ;
#340 = ORIENTED_EDGE ( 'NONE', *, *, #378, .F. ) ;
#341 = VECTOR ( 'NONE', #1452, 39.37007874015748143 ) ;
#342 = VERTEX_POINT ( 'NONE', #1095 ) ;
#343 = CARTESIAN_POINT ( 'NONE',  ( -17.28199999999999648, 14.71999999999999353, 0.000000000000000000 ) ) ;
#344 = CARTESIAN_POINT ( 'NONE',  ( -17.28199999999999648, 14.96999999999999176, -0.7500000000000003331 ) ) ;
#345 = CARTESIAN_POINT ( 'NONE',  ( 17.21600000000000108, 12.49999999999999467, -0.05999999999999999778 ) ) ;
#346 = EDGE_LOOP ( 'NONE', ( #1230, #138, #1523, #85 ) ) ;
#347 = EDGE_LOOP ( 'NONE', ( #1033, #1104, #1075, #1349 ) ) ;
#348 = EDGE_CURVE ( 'NONE', #671, #1209, #1217, .T. ) ;
#349 = VECTOR ( 'NONE', #1464, 39.37007874015748143 ) ;
#350 = DIRECTION ( 'NONE',  ( 1.000000000000000000, -3.642463991552290689E-14, -7.967889981520634502E-15 ) ) ;
#351 = ORIENTED_EDGE ( 'NONE', *, *, #905, .F. ) ;
#352 = DIRECTION ( 'NONE',  ( 1.000000000000000000, 3.642463991552290689E-14, 0.000000000000000000 ) ) ;
#353 = AXIS2_PLACEMENT_3D ( 'NONE', #62, #1018, #75 ) ;
#354 = DIRECTION ( 'NONE',  ( 0.000000000000000000, 0.000000000000000000, 1.000000000000000000 ) ) ;
#355 = EDGE_LOOP ( 'NONE', ( #139, #1288, #840, #92 ) ) ;
#356 = ORIENTED_EDGE ( 'NONE', *, *, #514, .T. ) ;
#357 = ADVANCED_FACE ( 'NONE', ( #862 ), #1338, .F. ) ;
#358 = CARTESIAN_POINT ( 'NONE',  ( 17.28500000000000369, 14.71999999999999886, -0.1199999999999999956 ) ) ;
#359 = ORIENTED_EDGE ( 'NONE', *, *, #585, .F. ) ;
#360 = EDGE_CURVE ( 'NONE', #964, #32, #798, .T. ) ;
#361 = CARTESIAN_POINT ( 'NONE',  ( 17.28200000000000358, 14.90999999999999659, 4.741537909003362315E-14 ) ) ;
#362 = CARTESIAN_POINT ( 'NONE',  ( 0.000000000000000000, -14.91000000000000547, 4.741537909003364840E-14 ) ) ;
#363 = CARTESIAN_POINT ( 'NONE',  ( -17.28499999999999304, 14.88216115034697928, -0.05999999999999901246 ) ) ;
#364 = VERTEX_POINT ( 'NONE', #209 ) ;
#365 = ORIENTED_EDGE ( 'NONE', *, *, #1165, .F. ) ;
#366 = VECTOR ( 'NONE', #927, 39.37007874015748143 ) ;
#367 = VERTEX_POINT ( 'NONE', #891 ) ;
#368 = CARTESIAN_POINT ( 'NONE',  ( -17.28199999999999648, 14.96999999999999176, -0.7500000000000003331 ) ) ;
#369 = CARTESIAN_POINT ( 'NONE',  ( 16.90400000000000347, -12.50000000000000533, -0.05999999999999999778 ) ) ;
#370 = DIRECTION ( 'NONE',  ( 1.000000000000000000, -0.000000000000000000, 0.000000000000000000 ) ) ;
#371 = CARTESIAN_POINT ( 'NONE',  ( -17.28199999999999292, -14.97000000000000597, -0.1199999999999996764 ) ) ;
#372 = ORIENTED_EDGE ( 'NONE', *, *, #1478, .T. ) ;
#373 = EDGE_LOOP ( 'NONE', ( #1361, #17, #867, #1297 ) ) ;
#374 = ORIENTED_EDGE ( 'NONE', *, *, #1431, .T. ) ;
#375 = VECTOR ( 'NONE', #678, 39.37007874015748143 ) ;
#376 =( NAMED_UNIT ( * ) SI_UNIT ( $, .STERADIAN. ) SOLID_ANGLE_UNIT ( ) );
#377 = FACE_OUTER_BOUND ( 'NONE', #1206, .T. ) ;
#378 = EDGE_CURVE ( 'NONE', #823, #735, #549, .T. ) ;
#379 = CARTESIAN_POINT ( 'NONE',  ( -17.28199999999999648, 14.96999999999999176, -0.1199999999999996764 ) ) ;
#380 = AXIS2_PLACEMENT_3D ( 'NONE', #1125, #1007, #429 ) ;
#381 = LINE ( 'NONE', #1325, #341 ) ;
#382 = CIRCLE ( 'NONE', #256, 0.1200000000000019940 ) ;
#383 = VERTEX_POINT ( 'NONE', #1508 ) ;
#384 = VECTOR ( 'NONE', #434, 39.37007874015748143 ) ;
#385 = EDGE_CURVE ( 'NONE', #216, #671, #321, .T. ) ;
#386 = ORIENTED_EDGE ( 'NONE', *, *, #881, .T. ) ;
#387 = ORIENTED_EDGE ( 'NONE', *, *, #1109, .F. ) ;
#388 = LINE ( 'NONE', #1003, #1532 ) ;
#389 = LENGTH_MEASURE_WITH_UNIT ( LENGTH_MEASURE( 0.02539999999999999897 ), #30 );
#390 = CARTESIAN_POINT ( 'NONE',  ( -17.22099999999999653, -12.50000000000000533, -0.05999999999999999778 ) ) ;
#391 = EDGE_LOOP ( 'NONE', ( #1534, #1306 ) ) ;
#392 = FACE_OUTER_BOUND ( 'NONE', #1378, .T. ) ;
#393 = VERTEX_POINT ( 'NONE', #1021 ) ;
#394 = FACE_OUTER_BOUND ( 'NONE', #564, .T. ) ;
#395 = DIRECTION ( 'NONE',  ( -0.000000000000000000, 1.000000000000000000, -0.000000000000000000 ) ) ;
#396 = FACE_OUTER_BOUND ( 'NONE', #1390, .T. ) ;
#397 = DIRECTION ( 'NONE',  ( 0.000000000000000000, 0.000000000000000000, -1.000000000000000000 ) ) ;
#398 = ORIENTED_EDGE ( 'NONE', *, *, #171, .F. ) ;
#399 = EDGE_LOOP ( 'NONE', ( #154, #1059, #1195, #323 ) ) ;
#400 = EDGE_CURVE ( 'NONE', #1209, #964, #1371, .T. ) ;
#401 = CARTESIAN_POINT ( 'NONE',  ( 17.28200000000000713, -14.97000000000000597, -0.7500000000000003331 ) ) ;
#402 = EDGE_CURVE ( 'NONE', #1216, #383, #309, .T. ) ;
#403 = COLOUR_RGB ( '',0.7921568627450980005, 0.8196078431372548767, 0.9333333333333333481 ) ;
#404 = CARTESIAN_POINT ( 'NONE',  ( -17.28499999999999304, 14.71999999999999353, -0.05999999999999899858 ) ) ;
#405 = ORIENTED_EDGE ( 'NONE', *, *, #59, .T. ) ;
#406 = CARTESIAN_POINT ( 'NONE',  ( -17.40499999999999758, 14.71999999999998998, -0.7500000000000003331 ) ) ;
#407 = VECTOR ( 'NONE', #1295, 39.37007874015748143 ) ;
#408 = VECTOR ( 'NONE', #1531, 39.37007874015748143 ) ;
#409 = EDGE_CURVE ( 'NONE', #1092, #131, #1250, .T. ) ;
#410 = DIRECTION ( 'NONE',  ( 1.000000000000000000, 0.000000000000000000, 3.491481338843134539E-15 ) ) ;
#411 = EDGE_CURVE ( 'NONE', #567, #735, #1500, .T. ) ;
#412 = DIRECTION ( 'NONE',  ( 0.000000000000000000, 0.000000000000000000, 1.000000000000000000 ) ) ;
#413 = CARTESIAN_POINT ( 'NONE',  ( -17.28199999999999292, -14.97000000000000597, -0.7500000000000003331 ) ) ;
#414 = DIRECTION ( 'NONE',  ( 3.553623406392513092E-14, -1.000000000000000000, 0.000000000000000000 ) ) ;
#415 = DIRECTION ( 'NONE',  ( 0.000000000000000000, 0.000000000000000000, 1.000000000000000000 ) ) ;
#416 = DIRECTION ( 'NONE',  ( 1.000000000000000000, -0.000000000000000000, -0.000000000000000000 ) ) ;
#417 = CARTESIAN_POINT ( 'NONE',  ( -17.06499999999999773, 12.49999999999999467, 0.000000000000000000 ) ) ;
#418 = DIRECTION ( 'NONE',  ( 0.000000000000000000, 0.000000000000000000, 1.000000000000000000 ) ) ;
#419 = CARTESIAN_POINT ( 'NONE',  ( 17.28200000000000358, 14.96999999999999886, -0.7500000000000003331 ) ) ;
#420 = DIRECTION ( 'NONE',  ( -1.000000000000000000, -3.553623406392513092E-14, 0.000000000000000000 ) ) ;
#421 = EDGE_CURVE ( 'NONE', #937, #807, #1285, .T. ) ;
#422 = AXIS2_PLACEMENT_3D ( 'NONE', #1331, #28, #529 ) ;
#423 = CYLINDRICAL_SURFACE ( 'NONE', #201, 0.06000000000000099698 ) ;
#424 = FACE_OUTER_BOUND ( 'NONE', #480, .T. ) ;
#425 = EDGE_CURVE ( 'NONE', #1516, #1162, #198, .T. ) ;
#426 = CARTESIAN_POINT ( 'NONE',  ( 17.40500000000000824, -14.72000000000000419, -0.1199999999999996764 ) ) ;
#427 = DIRECTION ( 'NONE',  ( 1.000000000000000000, 3.553623406392513092E-14, 0.000000000000000000 ) ) ;
#428 = DIRECTION ( 'NONE',  ( 1.000000000000000000, 0.000000000000000000, 0.000000000000000000 ) ) ;
#429 = DIRECTION ( 'NONE',  ( -1.000000000000000000, 0.000000000000000000, -0.000000000000000000 ) ) ;
#430 = PRODUCT_RELATED_PRODUCT_CATEGORY ( 'part', '', ( #1010 ) ) ;
#431 = DIRECTION ( 'NONE',  ( -1.000000000000000000, 0.000000000000000000, 0.000000000000000000 ) ) ;
#432 = CARTESIAN_POINT ( 'NONE',  ( -16.90899999999999892, -12.50000000000000533, -0.05999999999999999778 ) ) ;
#433 = AXIS2_PLACEMENT_3D ( 'NONE', #518, #857, #397 ) ;
#434 = DIRECTION ( 'NONE',  ( 0.000000000000000000, -1.000000000000000000, 0.000000000000000000 ) ) ;
#435 = PLANE ( 'NONE',  #157 ) ;
#436 = EDGE_CURVE ( 'NONE', #964, #202, #1493, .T. ) ;
#437 = DIRECTION ( 'NONE',  ( 0.000000000000000000, -1.000000000000000000, 0.000000000000000000 ) ) ;
#438 = ORIENTED_EDGE ( 'NONE', *, *, #539, .F. ) ;
#439 = EDGE_CURVE ( 'NONE', #456, #1269, #1312, .T. ) ;
#440 = DIRECTION ( 'NONE',  ( 1.000000000000000000, -0.000000000000000000, 0.000000000000000000 ) ) ;
#441 = CARTESIAN_POINT ( 'NONE',  ( 17.28200000000000358, 14.96999999999999886, -0.1199999999999996764 ) ) ;
#442 = DIRECTION ( 'NONE',  ( -1.000000000000000000, 0.000000000000000000, -0.000000000000000000 ) ) ;
#443 = DIRECTION ( 'NONE',  ( 1.000000000000000000, 0.000000000000000000, 0.000000000000000000 ) ) ;
#444 = CARTESIAN_POINT ( 'NONE',  ( 17.28500000000000369, -14.72000000000000419, -0.05999999999999899858 ) ) ;
#445 = ORIENTED_EDGE ( 'NONE', *, *, #653, .F. ) ;
#446 = DIRECTION ( 'NONE',  ( 1.000000000000000000, 0.000000000000000000, 0.000000000000000000 ) ) ;
#447 = VECTOR ( 'NONE', #440, 39.37007874015748143 ) ;
#448 = ADVANCED_FACE ( 'NONE', ( #1480 ), #1383, .F. ) ;
#449 = CIRCLE ( 'NONE', #1045, 0.1559999999999991116 ) ;
#450 = EDGE_LOOP ( 'NONE', ( #497, #63, #612, #1070 ) ) ;
#451 = PRODUCT_DEFINITION_CONTEXT ( 'detailed design', #1128, 'design' ) ;
#452 = LINE ( 'NONE', #923, #1127 ) ;
#453 = CARTESIAN_POINT ( 'NONE',  ( -17.31716115034698333, -14.85000000000000320, -0.1199999999999999956 ) ) ;
#454 = DIRECTION ( 'NONE',  ( 3.167359992654216647E-15, 0.000000000000000000, -1.000000000000000000 ) ) ;
#455 = ORIENTED_EDGE ( 'NONE', *, *, #116, .F. ) ;
#456 = VERTEX_POINT ( 'NONE', #1013 ) ;
#457 = VERTEX_POINT ( 'NONE', #904 ) ;
#458 = CARTESIAN_POINT ( 'NONE',  ( -17.40499999999999758, -14.72000000000000952, -0.7500000000000001110 ) ) ;
#459 = ADVANCED_FACE ( 'NONE', ( #1259 ), #778, .F. ) ;
#460 = CARTESIAN_POINT ( 'NONE',  ( 17.34500000000000242, 14.71999999999999531, 5.512790067214500922E-14 ) ) ;
#461 = ORIENTED_EDGE ( 'NONE', *, *, #1271, .T. ) ;
#462 = ORIENTED_EDGE ( 'NONE', *, *, #1336, .F. ) ;
#463 = ORIENTED_EDGE ( 'NONE', *, *, #1034, .F. ) ;
#464 = LINE ( 'NONE', #686, #324 ) ;
#465 = DIRECTION ( 'NONE',  ( 0.000000000000000000, 0.000000000000000000, -1.000000000000000000 ) ) ;
#466 = LINE ( 'NONE', #933, #1301 ) ;
#467 = EDGE_CURVE ( 'NONE', #1152, #202, #332, .T. ) ;
#468 = VERTEX_POINT ( 'NONE', #782 ) ;
#469 = ORIENTED_EDGE ( 'NONE', *, *, #411, .T. ) ;
#470 = EDGE_CURVE ( 'NONE', #1453, #506, #78, .T. ) ;
#471 = AXIS2_PLACEMENT_3D ( 'NONE', #1111, #884, #1475 ) ;
#472 = CIRCLE ( 'NONE', #595, 0.1559999999999991116 ) ;
#473 = CARTESIAN_POINT ( 'NONE',  ( 17.31716115034699044, 14.84999999999999432, -0.06000000000000010186 ) ) ;
#474 = FACE_OUTER_BOUND ( 'NONE', #620, .T. ) ;
#475 = AXIS2_PLACEMENT_3D ( 'NONE', #1505, #490, #443 ) ;
#476 = CARTESIAN_POINT ( 'NONE',  ( 17.06000000000000227, 12.49999999999999467, -0.05999999999999999778 ) ) ;
#477 = CARTESIAN_POINT ( 'NONE',  ( 17.28200000000000358, 14.96999999999999886, -0.7500000000000003331 ) ) ;
#478 = ORIENTED_EDGE ( 'NONE', *, *, #145, .T. ) ;
#479 = ORIENTED_EDGE ( 'NONE', *, *, #1293, .T. ) ;
#480 = EDGE_LOOP ( 'NONE', ( #1461, #223, #1526, #982 ) ) ;
#481 = PLANE ( 'NONE',  #1458 ) ;
#482 = CARTESIAN_POINT ( 'NONE',  ( 17.28500000000000369, 14.71999999999999886, -0.05999999999999899858 ) ) ;
#483 = DIRECTION ( 'NONE',  ( 1.000000000000000000, -3.553623406392513092E-14, 0.000000000000000000 ) ) ;
#484 = CYLINDRICAL_SURFACE ( 'NONE', #170, 0.1559999999999991116 ) ;
#485 = ORIENTED_EDGE ( 'NONE', *, *, #1490, .T. ) ;
#486 = ORIENTED_EDGE ( 'NONE', *, *, #467, .T. ) ;
#487 = EDGE_CURVE ( 'NONE', #1019, #683, #555, .T. ) ;
#488 = EDGE_LOOP ( 'NONE', ( #438, #1423 ) ) ;
#489 = FACE_OUTER_BOUND ( 'NONE', #729, .T. ) ;
#490 = DIRECTION ( 'NONE',  ( 0.000000000000000000, 0.000000000000000000, 1.000000000000000000 ) ) ;
#491 = EDGE_CURVE ( 'NONE', #513, #1092, #1485, .T. ) ;
#492 = FACE_OUTER_BOUND ( 'NONE', #1205, .T. ) ;
#493 = CARTESIAN_POINT ( 'NONE',  ( 17.34500000000000242, -14.72000000000000419, -0.1199999999999998151 ) ) ;
#494 = ORIENTED_EDGE ( 'NONE', *, *, #995, .F. ) ;
#495 = ORIENTED_EDGE ( 'NONE', *, *, #521, .F. ) ;
#496 = MANIFOLD_SOLID_BREP ( 'Cortar-Extruir1', #570 ) ;
#497 = ORIENTED_EDGE ( 'NONE', *, *, #268, .F. ) ;
#498 = VECTOR ( 'NONE', #251, 39.37007874015748143 ) ;
#499 = CARTESIAN_POINT ( 'NONE',  ( 17.28500000000000369, -14.72000000000000419, -0.05999999999999899858 ) ) ;
#500 = CIRCLE ( 'NONE', #626, 0.1200000000000010086 ) ;
#501 = VECTOR ( 'NONE', #115, 39.37007874015748143 ) ;
#502 = CARTESIAN_POINT ( 'NONE',  ( -17.06499999999999773, -12.50000000000000533, -0.05999999999999999778 ) ) ;
#503 = ADVANCED_FACE ( 'NONE', ( #11 ), #1337, .T. ) ;
#504 = CIRCLE ( 'NONE', #1318, 0.1559999999999991116 ) ;
#505 = EDGE_LOOP ( 'NONE', ( #469, #405, #374, #283 ) ) ;
#506 = VERTEX_POINT ( 'NONE', #123 ) ;
#507 = VERTEX_POINT ( 'NONE', #1079 ) ;
#508 = LINE ( 'NONE', #361, #498 ) ;
#509 = CARTESIAN_POINT ( 'NONE',  ( 17.28200000000000358, 0.000000000000000000, -0.05999999999999999778 ) ) ;
#510 = DIRECTION ( 'NONE',  ( 0.000000000000000000, 0.000000000000000000, 1.000000000000000000 ) ) ;
#511 = ORIENTED_EDGE ( 'NONE', *, *, #1490, .F. ) ;
#512 = ADVANCED_FACE ( 'NONE', ( #489 ), #1223, .F. ) ;
#513 = VERTEX_POINT ( 'NONE', #824 ) ;
#514 = EDGE_CURVE ( 'NONE', #852, #131, #1199, .T. ) ;
#515 = AXIS2_PLACEMENT_3D ( 'NONE', #213, #925, #681 ) ;
#516 = DIRECTION ( 'NONE',  ( -0.000000000000000000, -1.000000000000000000, -0.000000000000000000 ) ) ;
#517 = DIRECTION ( 'NONE',  ( 0.000000000000000000, 1.000000000000000000, 0.000000000000000000 ) ) ;
#518 = CARTESIAN_POINT ( 'NONE',  ( -17.28199999999999292, -14.97000000000000597, -0.7500000000000003331 ) ) ;
#519 = ORIENTED_EDGE ( 'NONE', *, *, #888, .T. ) ;
#520 = ORIENTED_EDGE ( 'NONE', *, *, #783, .F. ) ;
#521 = EDGE_CURVE ( 'NONE', #611, #393, #508, .T. ) ;
#522 = APPLICATION_CONTEXT ( 'automotive_design' ) ;
#523 = CARTESIAN_POINT ( 'NONE',  ( 17.34500000000000242, 0.000000000000000000, 5.512790067214666267E-14 ) ) ;
#524 = LINE ( 'NONE', #550, #721 ) ;
#525 = VECTOR ( 'NONE', #1357, 39.37007874015748143 ) ;
#526 = PLANE ( 'NONE',  #1470 ) ;
#527 = VECTOR ( 'NONE', #704, 39.37007874015748143 ) ;
#528 = PRODUCT_DEFINITION_SHAPE ( 'NONE', 'NONE',  #547 ) ;
#529 = DIRECTION ( 'NONE',  ( 0.000000000000000000, 3.167359992654216647E-15, -1.000000000000000000 ) ) ;
#530 = VECTOR ( 'NONE', #229, 39.37007874015748143 ) ;
#531 = CARTESIAN_POINT ( 'NONE',  ( 17.21600000000000108, -12.50000000000000533, 0.000000000000000000 ) ) ;
#532 = CARTESIAN_POINT ( 'NONE',  ( -17.28499999999999304, -14.72000000000000774, -0.05999999999999899858 ) ) ;
#533 = DIMENSIONAL_EXPONENTS ( 1.000000000000000000, 0.000000000000000000, 0.000000000000000000, 0.000000000000000000, 0.000000000000000000, 0.000000000000000000, 0.000000000000000000 ) ;
#534 = FACE_BOUND ( 'NONE', #7, .T. ) ;
#535 = VERTEX_POINT ( 'NONE', #1449 ) ;
#536 = DIRECTION ( 'NONE',  ( -1.000000000000000000, -0.000000000000000000, -0.000000000000000000 ) ) ;
#537 = EDGE_CURVE ( 'NONE', #807, #131, #606, .T. ) ;
#538 = DIRECTION ( 'NONE',  ( 3.553623406392513092E-14, -1.000000000000000000, 0.000000000000000000 ) ) ;
#539 = EDGE_CURVE ( 'NONE', #219, #691, #1029, .T. ) ;
#540 = FACE_OUTER_BOUND ( 'NONE', #936, .T. ) ;
#541 = FACE_BOUND ( 'NONE', #488, .T. ) ;
#542 = ORIENTED_EDGE ( 'NONE', *, *, #402, .T. ) ;
#543 = CARTESIAN_POINT ( 'NONE',  ( -17.40499999999999048, -14.72000000000000952, -0.7500000000000003331 ) ) ;
#544 = LINE ( 'NONE', #61, #846 ) ;
#545 = VECTOR ( 'NONE', #200, 39.37007874015748143 ) ;
#546 = DIRECTION ( 'NONE',  ( -1.000000000000000000, 0.000000000000000000, 0.000000000000000000 ) ) ;
#547 = PRODUCT_DEFINITION ( 'UNKNOWN', '', #870, #451 ) ;
#548 = DIRECTION ( 'NONE',  ( 0.000000000000000000, -1.000000000000000000, -3.491481338843134539E-15 ) ) ;
#549 = LINE ( 'NONE', #426, #1118 ) ;
#550 = CARTESIAN_POINT ( 'NONE',  ( 17.28200000000000713, -14.72000000000000419, -0.7500000000000003331 ) ) ;
#551 = CARTESIAN_POINT ( 'NONE',  ( -17.28199999999999292, -14.97000000000000597, -0.7500000000000003331 ) ) ;
#552 = DIRECTION ( 'NONE',  ( 0.000000000000000000, 0.000000000000000000, 1.000000000000000000 ) ) ;
#553 = EDGE_CURVE ( 'NONE', #342, #1467, #1302, .T. ) ;
#554 = EDGE_CURVE ( 'NONE', #282, #930, #583, .T. ) ;
#555 = LINE ( 'NONE', #64, #766 ) ;
#556 = ORIENTED_EDGE ( 'NONE', *, *, #1034, .T. ) ;
#557 = DIRECTION ( 'NONE',  ( 0.000000000000000000, -1.000000000000000000, -3.167359992654216647E-15 ) ) ;
#558 = VECTOR ( 'NONE', #222, 39.37007874015748143 ) ;
#559 = DIRECTION ( 'NONE',  ( 0.000000000000000000, -1.000000000000000000, 3.130242492740249268E-15 ) ) ;
#560 = FACE_OUTER_BOUND ( 'NONE', #450, .T. ) ;
#561 = ADVANCED_FACE ( 'NONE', ( #244 ), #481, .F. ) ;
#562 = ORIENTED_EDGE ( 'NONE', *, *, #65, .T. ) ;
#563 = DIRECTION ( 'NONE',  ( -1.000000000000000000, 3.553623406392513092E-14, 0.000000000000000000 ) ) ;
#564 = EDGE_LOOP ( 'NONE', ( #445, #797, #943, #1188 ) ) ;
#565 = CARTESIAN_POINT ( 'NONE',  ( 17.28500000000000369, 14.71999999999999886, 0.000000000000000000 ) ) ;
#566 = DIRECTION ( 'NONE',  ( 0.000000000000000000, 0.000000000000000000, 1.000000000000000000 ) ) ;
#567 = VERTEX_POINT ( 'NONE', #140 ) ;
#568 = VECTOR ( 'NONE', #991, 39.37007874015748143 ) ;
#569 = ORIENTED_EDGE ( 'NONE', *, *, #107, .F. ) ;
#570 = CLOSED_SHELL ( 'NONE', ( #1328, #215, #29, #57, #218, #981, #459, #512, #357, #561, #1527, #1462, #748, #1376, #947, #639, #96, #859, #1409, #178, #161, #48, #1186, #717, #1163, #168, #776, #187, #1002, #310, #73, #1344, #1362, #93, #205, #956, #503, #1384, #896, #308, #286, #150, #1183, #243, #1229, #1208, #579, #1379, #1020, #756, #1266, #617, #448, #127 ) ) ;
#571 = AXIS2_PLACEMENT_3D ( 'NONE', #1184, #557, #1294 ) ;
#572 = VECTOR ( 'NONE', #887, 39.37007874015748143 ) ;
#573 = VERTEX_POINT ( 'NONE', #1071 ) ;
#574 = FACE_OUTER_BOUND ( 'NONE', #1052, .T. ) ;
#575 = DIRECTION ( 'NONE',  ( 1.000000000000000000, 3.553623406392513092E-14, 0.000000000000000000 ) ) ;
#576 = ORIENTED_EDGE ( 'NONE', *, *, #1463, .T. ) ;
#577 = ORIENTED_EDGE ( 'NONE', *, *, #1134, .F. ) ;
#578 = ORIENTED_EDGE ( 'NONE', *, *, #237, .T. ) ;
#579 = ADVANCED_FACE ( 'NONE', ( #3 ), #147, .F. ) ;
#580 = FACE_OUTER_BOUND ( 'NONE', #1090, .T. ) ;
#581 = DIRECTION ( 'NONE',  ( -1.000000000000000000, 0.000000000000000000, 3.491481338843134539E-15 ) ) ;
#582 = DIRECTION ( 'NONE',  ( -0.000000000000000000, -0.000000000000000000, 1.000000000000000000 ) ) ;
#583 = CIRCLE ( 'NONE', #1237, 0.1559999999999991116 ) ;
#584 = CARTESIAN_POINT ( 'NONE',  ( -17.22099999999999653, -12.50000000000000533, 0.000000000000000000 ) ) ;
#585 = EDGE_CURVE ( 'NONE', #535, #1467, #1308, .T. ) ;
#586 = ORIENTED_EDGE ( 'NONE', *, *, #1069, .F. ) ;
#587 = ORIENTED_EDGE ( 'NONE', *, *, #290, .T. ) ;
#588 = EDGE_LOOP ( 'NONE', ( #820, #593, #19, #791 ) ) ;
#589 = CARTESIAN_POINT ( 'NONE',  ( 17.40500000000000824, -14.72000000000000419, -0.7500000000000003331 ) ) ;
#590 = DIRECTION ( 'NONE',  ( 1.000000000000000000, 0.000000000000000000, 0.000000000000000000 ) ) ;
#591 = LINE ( 'NONE', #932, #1388 ) ;
#592 = ORIENTED_EDGE ( 'NONE', *, *, #926, .F. ) ;
#593 = ORIENTED_EDGE ( 'NONE', *, *, #34, .T. ) ;
#594 = ORIENTED_EDGE ( 'NONE', *, *, #77, .F. ) ;
#595 = AXIS2_PLACEMENT_3D ( 'NONE', #1279, #1159, #1017 ) ;
#596 = DIRECTION ( 'NONE',  ( -0.000000000000000000, 0.000000000000000000, 1.000000000000000000 ) ) ;
#597 = CYLINDRICAL_SURFACE ( 'NONE', #1171, 0.06000000000000099698 ) ;
#598 = VECTOR ( 'NONE', #307, 39.37007874015748143 ) ;
#599 = LINE ( 'NONE', #698, #302 ) ;
#600 = FACE_OUTER_BOUND ( 'NONE', #588, .T. ) ;
#601 = ORIENTED_EDGE ( 'NONE', *, *, #808, .T. ) ;
#602 = ORIENTED_EDGE ( 'NONE', *, *, #1463, .F. ) ;
#603 = EDGE_CURVE ( 'NONE', #257, #622, #1281, .T. ) ;
#604 = EDGE_CURVE ( 'NONE', #853, #103, #165, .T. ) ;
#605 = EDGE_LOOP ( 'NONE', ( #23, #1157, #478, #119 ) ) ;
#606 = LINE ( 'NONE', #984, #241 ) ;
#607 = DIRECTION ( 'NONE',  ( 0.000000000000000000, 0.000000000000000000, 1.000000000000000000 ) ) ;
#608 = SURFACE_STYLE_USAGE ( .BOTH. , #1055 ) ;
#609 = DIRECTION ( 'NONE',  ( 3.553623406392513092E-14, -1.000000000000000000, 0.000000000000000000 ) ) ;
#610 = FACE_OUTER_BOUND ( 'NONE', #796, .T. ) ;
#611 = VERTEX_POINT ( 'NONE', #118 ) ;
#612 = ORIENTED_EDGE ( 'NONE', *, *, #636, .T. ) ;
#613 = VECTOR ( 'NONE', #1197, 39.37007874015748143 ) ;
#614 = EDGE_CURVE ( 'NONE', #622, #507, #466, .T. ) ;
#615 = ORIENTED_EDGE ( 'NONE', *, *, #1476, .T. ) ;
#616 = VECTOR ( 'NONE', #136, 39.37007874015748143 ) ;
#617 = ADVANCED_FACE ( 'NONE', ( #1064 ), #1405, .F. ) ;
#618 = CARTESIAN_POINT ( 'NONE',  ( 16.90400000000000347, 12.49999999999999467, -0.05999999999999999778 ) ) ;
#619 = CARTESIAN_POINT ( 'NONE',  ( 17.28200000000000713, -14.97000000000000597, 0.000000000000000000 ) ) ;
#620 = EDGE_LOOP ( 'NONE', ( #980, #511, #494, #356 ) ) ;
#621 = ORIENTED_EDGE ( 'NONE', *, *, #1037, .T. ) ;
#622 = VERTEX_POINT ( 'NONE', #715 ) ;
#623 = AXIS2_PLACEMENT_3D ( 'NONE', #658, #910, #1035 ) ;
#624 =( CONVERSION_BASED_UNIT ( 'INCH', #634 ) LENGTH_UNIT ( ) NAMED_UNIT ( #533 ) );
#625 = DIRECTION ( 'NONE',  ( -0.000000000000000000, -1.000000000000000000, -0.000000000000000000 ) ) ;
#626 = AXIS2_PLACEMENT_3D ( 'NONE', #1112, #416, #1004 ) ;
#627 = DIRECTION ( 'NONE',  ( 1.000000000000000000, 0.000000000000000000, 0.000000000000000000 ) ) ;
#628 = AXIS2_PLACEMENT_3D ( 'NONE', #191, #301, #197 ) ;
#629 = DIRECTION ( 'NONE',  ( 0.000000000000000000, -1.000000000000000000, 0.000000000000000000 ) ) ;
#630 = ORIENTED_EDGE ( 'NONE', *, *, #539, .T. ) ;
#631 = CARTESIAN_POINT ( 'NONE',  ( -17.34499999999999531, 0.000000000000000000, 5.512790067214663112E-14 ) ) ;
#632 = VERTEX_POINT ( 'NONE', #1422 ) ;
#633 = VECTOR ( 'NONE', #811, 39.37007874015748143 ) ;
#634 = LENGTH_MEASURE_WITH_UNIT ( LENGTH_MEASURE( 0.02539999999999999897 ), #1121 );
#635 = CARTESIAN_POINT ( 'NONE',  ( -17.28199999999999292, -14.72000000000000952, 0.000000000000000000 ) ) ;
#636 = EDGE_CURVE ( 'NONE', #1327, #853, #914, .T. ) ;
#637 = PLANE ( 'NONE',  #833 ) ;
#638 = ORIENTED_EDGE ( 'NONE', *, *, #603, .F. ) ;
#639 = ADVANCED_FACE ( 'NONE', ( #1273 ), #338, .F. ) ;
#640 = ORIENTED_EDGE ( 'NONE', *, *, #1232, .T. ) ;
#641 = VECTOR ( 'NONE', #288, 39.37007874015748143 ) ;
#642 = LINE ( 'NONE', #618, #280 ) ;
#643 = CIRCLE ( 'NONE', #705, 0.06000000000000099698 ) ;
#644 = LINE ( 'NONE', #659, #1446 ) ;
#645 = ORIENTED_EDGE ( 'NONE', *, *, #762, .F. ) ;
#646 = FACE_OUTER_BOUND ( 'NONE', #1194, .T. ) ;
#647 = LINE ( 'NONE', #51, #1014 ) ;
#648 = DIRECTION ( 'NONE',  ( 0.000000000000000000, 1.000000000000000000, 0.000000000000000000 ) ) ;
#649 = VECTOR ( 'NONE', #879, 39.37007874015748143 ) ;
#650 = CIRCLE ( 'NONE', #353, 0.06000000000000099698 ) ;
#651 = LINE ( 'NONE', #1115, #1289 ) ;
#652 = AXIS2_PLACEMENT_3D ( 'NONE', #786, #212, #81 ) ;
#653 = EDGE_CURVE ( 'NONE', #735, #468, #1160, .T. ) ;
#654 = EDGE_CURVE ( 'NONE', #103, #853, #988, .T. ) ;
#655 = DIRECTION ( 'NONE',  ( -0.000000000000000000, 1.000000000000000000, 0.000000000000000000 ) ) ;
#656 = DIRECTION ( 'NONE',  ( 0.000000000000000000, -1.000000000000000000, 0.000000000000000000 ) ) ;
#657 = ORIENTED_EDGE ( 'NONE', *, *, #663, .F. ) ;
#658 = CARTESIAN_POINT ( 'NONE',  ( -17.28499999999999304, -14.72000000000000774, -0.1199999999999999956 ) ) ;
#659 = CARTESIAN_POINT ( 'NONE',  ( 17.21600000000000108, -12.50000000000000533, -0.05999999999999999778 ) ) ;
#660 = FACE_OUTER_BOUND ( 'NONE', #373, .T. ) ;
#661 = DIRECTION ( 'NONE',  ( 1.000000000000000000, 0.000000000000000000, 0.000000000000000000 ) ) ;
#662 = DIRECTION ( 'NONE',  ( 1.000000000000000000, -0.000000000000000000, -0.000000000000000000 ) ) ;
#663 = EDGE_CURVE ( 'NONE', #217, #535, #813, .T. ) ;
#664 = CARTESIAN_POINT ( 'NONE',  ( 17.28200000000000358, 14.84999999999999432, 0.000000000000000000 ) ) ;
#665 = AXIS2_PLACEMENT_3D ( 'NONE', #419, #1255, #304 ) ;
#666 = CARTESIAN_POINT ( 'NONE',  ( 17.06000000000000227, -12.50000000000000533, -0.05999999999999999778 ) ) ;
#667 = FACE_OUTER_BOUND ( 'NONE', #1326, .T. ) ;
#668 = EDGE_CURVE ( 'NONE', #1443, #700, #1050, .T. ) ;
#669 = AXIS2_PLACEMENT_3D ( 'NONE', #747, #285, #1119 ) ;
#670 = CARTESIAN_POINT ( 'NONE',  ( 17.28200000000000358, 14.84999999999999432, -0.06000000000000009492 ) ) ;
#671 = VERTEX_POINT ( 'NONE', #101 ) ;
#672 = DIRECTION ( 'NONE',  ( -0.000000000000000000, -1.000000000000000000, -0.000000000000000000 ) ) ;
#673 = EDGE_CURVE ( 'NONE', #216, #567, #643, .T. ) ;
#674 = CARTESIAN_POINT ( 'NONE',  ( -17.28199999999999292, -14.85000000000000320, -0.05999999999999899858 ) ) ;
#675 = PLANE ( 'NONE',  #769 ) ;
#676 = CARTESIAN_POINT ( 'NONE',  ( -17.40499999999999758, 14.96999999999999709, -0.1199999999999996209 ) ) ;
#677 = ORIENTED_EDGE ( 'NONE', *, *, #713, .F. ) ;
#678 = DIRECTION ( 'NONE',  ( -0.000000000000000000, -0.000000000000000000, 1.000000000000000000 ) ) ;
#679 = LINE ( 'NONE', #1510, #1201 ) ;
#680 = CARTESIAN_POINT ( 'NONE',  ( -17.34499999999999531, 14.71999999999999176, -0.1199999999999998151 ) ) ;
#681 = DIRECTION ( 'NONE',  ( 0.000000000000000000, -0.000000000000000000, 1.000000000000000000 ) ) ;
#682 = CYLINDRICAL_SURFACE ( 'NONE', #475, 0.1559999999999991116 ) ;
#683 = VERTEX_POINT ( 'NONE', #109 ) ;
#684 = ORIENTED_EDGE ( 'NONE', *, *, #425, .F. ) ;
#685 = ORIENTED_EDGE ( 'NONE', *, *, #997, .T. ) ;
#686 = CARTESIAN_POINT ( 'NONE',  ( -17.34499999999999531, -14.72000000000000952, 5.512790067214663112E-14 ) ) ;
#687 = LINE ( 'NONE', #1368, #1246 ) ;
#688 = CARTESIAN_POINT ( 'NONE',  ( -17.28199999999999648, 14.90999999999999659, 4.741537909003362315E-14 ) ) ;
#689 = ORIENTED_EDGE ( 'NONE', *, *, #878, .F. ) ;
#690 = AXIS2_PLACEMENT_3D ( 'NONE', #1346, #1101, #415 ) ;
#691 = VERTEX_POINT ( 'NONE', #584 ) ;
#692 = CIRCLE ( 'NONE', #845, 0.1559999999999991116 ) ;
#693 = EDGE_LOOP ( 'NONE', ( #270, #1083, #1032, #1415 ) ) ;
#694 = AXIS2_PLACEMENT_3D ( 'NONE', #1530, #672, #792 ) ;
#695 = EDGE_CURVE ( 'NONE', #217, #393, #940, .T. ) ;
#696 = LINE ( 'NONE', #1278, #1202 ) ;
#697 = CARTESIAN_POINT ( 'NONE',  ( -17.40499999999999758, -14.72000000000000952, -0.7500000000000001110 ) ) ;
#698 = CARTESIAN_POINT ( 'NONE',  ( -17.28199999999999292, -14.72000000000000952, -0.7500000000000003331 ) ) ;
#699 = DIRECTION ( 'NONE',  ( 3.553623406392513092E-14, 1.000000000000000000, 0.000000000000000000 ) ) ;
#700 = VERTEX_POINT ( 'NONE', #1339 ) ;
#701 = ORIENTED_EDGE ( 'NONE', *, *, #1249, .T. ) ;
#702 = ORIENTED_EDGE ( 'NONE', *, *, #1151, .T. ) ;
#703 = DIRECTION ( 'NONE',  ( 0.000000000000000000, -0.000000000000000000, 1.000000000000000000 ) ) ;
#704 = DIRECTION ( 'NONE',  ( -3.167359992654216647E-15, 1.125560460636724485E-28, 1.000000000000000000 ) ) ;
#705 = AXIS2_PLACEMENT_3D ( 'NONE', #231, #699, #1178 ) ;
#706 = ORIENTED_EDGE ( 'NONE', *, *, #783, .T. ) ;
#707 = EDGE_LOOP ( 'NONE', ( #987, #941, #928, #702 ) ) ;
#708 = CIRCLE ( 'NONE', #13, 0.1559999999999991116 ) ;
#709 = EDGE_LOOP ( 'NONE', ( #1164, #586, #645, #1529 ) ) ;
#710 = DIRECTION ( 'NONE',  ( 0.000000000000000000, 0.000000000000000000, 1.000000000000000000 ) ) ;
#711 = FACE_OUTER_BOUND ( 'NONE', #831, .T. ) ;
#712 = FILL_AREA_STYLE ('',( #1420 ) ) ;
#713 = EDGE_CURVE ( 'NONE', #282, #691, #874, .T. ) ;
#714 = CARTESIAN_POINT ( 'NONE',  ( -17.28199999999999292, -14.91000000000000725, -0.7500000000000003331 ) ) ;
#715 = CARTESIAN_POINT ( 'NONE',  ( 17.28500000000000369, -14.72000000000000419, 0.000000000000000000 ) ) ;
#716 = VERTEX_POINT ( 'NONE', #404 ) ;
#717 = ADVANCED_FACE ( 'NONE', ( #610 ), #484, .F. ) ;
#718 = ORIENTED_EDGE ( 'NONE', *, *, #1037, .F. ) ;
#719 = ORIENTED_EDGE ( 'NONE', *, *, #421, .F. ) ;
#720 = AXIS2_PLACEMENT_3D ( 'NONE', #358, #1299, #350 ) ;
#721 = VECTOR ( 'NONE', #54, 39.37007874015748143 ) ;
#722 = CIRCLE ( 'NONE', #50, 0.1559999999999991116 ) ;
#723 = DIRECTION ( 'NONE',  ( 0.000000000000000000, 0.000000000000000000, 1.000000000000000000 ) ) ;
#724 = DIRECTION ( 'NONE',  ( 0.000000000000000000, 0.000000000000000000, -1.000000000000000000 ) ) ;
#725 = FACE_OUTER_BOUND ( 'NONE', #505, .T. ) ;
#726 = CARTESIAN_POINT ( 'NONE',  ( -17.34499999999999531, -14.72000000000000952, -0.1199999999999998151 ) ) ;
#727 = EDGE_CURVE ( 'NONE', #700, #1467, #962, .T. ) ;
#728 = ORIENTED_EDGE ( 'NONE', *, *, #421, .T. ) ;
#729 = EDGE_LOOP ( 'NONE', ( #1166, #1316, #1410, #386 ) ) ;
#730 = ORIENTED_EDGE ( 'NONE', *, *, #1501, .T. ) ;
#731 = CARTESIAN_POINT ( 'NONE',  ( -17.28199999999999648, 14.96999999999999176, -0.7500000000000003331 ) ) ;
#732 = DIRECTION ( 'NONE',  ( 1.000000000000000000, 0.000000000000000000, 0.000000000000000000 ) ) ;
#733 = LINE ( 'NONE', #1057, #228 ) ;
#734 = CARTESIAN_POINT ( 'NONE',  ( 17.34500000000000242, 14.71999999999999531, -0.1199999999999998151 ) ) ;
#735 = VERTEX_POINT ( 'NONE', #493 ) ;
#736 = ORIENTED_EDGE ( 'NONE', *, *, #1315, .F. ) ;
#737 = CIRCLE ( 'NONE', #801, 0.1200000000000009948 ) ;
#738 = ORIENTED_EDGE ( 'NONE', *, *, #1406, .F. ) ;
#739 = DIRECTION ( 'NONE',  ( -3.491481338843134539E-15, 0.000000000000000000, 1.000000000000000000 ) ) ;
#740 = DIRECTION ( 'NONE',  ( 1.000000000000000000, -0.000000000000000000, 0.000000000000000000 ) ) ;
#741 = EDGE_LOOP ( 'NONE', ( #542, #1042, #1147, #137, #333, #10, #156, #814, #224, #485, #315, #994 ) ) ;
#742 = CARTESIAN_POINT ( 'NONE',  ( 17.28200000000000358, 14.84999999999999432, -0.06000000000000009492 ) ) ;
#743 = VERTEX_POINT ( 'NONE', #970 ) ;
#744 = EDGE_CURVE ( 'NONE', #611, #1209, #1235, .T. ) ;
#745 = VECTOR ( 'NONE', #581, 39.37007874015748143 ) ;
#746 = DIRECTION ( 'NONE',  ( -0.000000000000000000, -0.000000000000000000, 1.000000000000000000 ) ) ;
#747 = CARTESIAN_POINT ( 'NONE',  ( 17.40500000000000824, -14.72000000000000419, -0.7500000000000003331 ) ) ;
#748 = ADVANCED_FACE ( 'NONE', ( #600 ), #637, .F. ) ;
#749 = VECTOR ( 'NONE', #1429, 39.37007874015748143 ) ;
#750 = DIRECTION ( 'NONE',  ( -0.000000000000000000, -0.000000000000000000, 1.000000000000000000 ) ) ;
#751 = DIRECTION ( 'NONE',  ( 1.000000000000000000, 0.000000000000000000, 0.000000000000000000 ) ) ;
#752 = ORIENTED_EDGE ( 'NONE', *, *, #385, .F. ) ;
#753 = CIRCLE ( 'NONE', #951, 0.06000000000000099698 ) ;
#754 = DIRECTION ( 'NONE',  ( -1.000000000000000000, 0.000000000000000000, -3.167359992654216647E-15 ) ) ;
#755 = CARTESIAN_POINT ( 'NONE',  ( -17.40499999999999048, -14.72000000000000952, -0.7500000000000003331 ) ) ;
#756 = ADVANCED_FACE ( 'NONE', ( #1434 ), #1097, .F. ) ;
#757 = ORIENTED_EDGE ( 'NONE', *, *, #902, .T. ) ;
#758 = LINE ( 'NONE', #406, #179 ) ;
#759 = AXIS2_PLACEMENT_3D ( 'NONE', #1089, #1074, #1313 ) ;
#760 = DIRECTION ( 'NONE',  ( -3.167359992654216647E-15, 0.000000000000000000, 1.000000000000000000 ) ) ;
#761 = DIRECTION ( 'NONE',  ( 0.000000000000000000, 3.167359992654216647E-15, 1.000000000000000000 ) ) ;
#762 = EDGE_CURVE ( 'NONE', #852, #1260, #1442, .T. ) ;
#763 = DIRECTION ( 'NONE',  ( 1.000000000000000000, 0.000000000000000000, 0.000000000000000000 ) ) ;
#764 = EDGE_CURVE ( 'NONE', #821, #456, #40, .T. ) ;
#765 = FACE_OUTER_BOUND ( 'NONE', #948, .T. ) ;
#766 = VECTOR ( 'NONE', #182, 39.37007874015748143 ) ;
#767 = FACE_OUTER_BOUND ( 'NONE', #707, .T. ) ;
#768 = VECTOR ( 'NONE', #125, 39.37007874015748143 ) ;
#769 = AXIS2_PLACEMENT_3D ( 'NONE', #1439, #214, #12 ) ;
#770 = AXIS2_PLACEMENT_3D ( 'NONE', #166, #1130, #1005 ) ;
#771 = LINE ( 'NONE', #295, #1486 ) ;
#772 = DIRECTION ( 'NONE',  ( -1.000000000000000000, 0.000000000000000000, -2.276539994720015625E-15 ) ) ;
#773 = FACE_OUTER_BOUND ( 'NONE', #1460, .T. ) ;
#774 = PLANE ( 'NONE',  #322 ) ;
#775 = DIRECTION ( 'NONE',  ( 1.000000000000000000, 3.553623406392513092E-14, 0.000000000000000000 ) ) ;
#776 = ADVANCED_FACE ( 'NONE', ( #839 ), #851, .T. ) ;
#777 = VECTOR ( 'NONE', #454, 39.37007874015748143 ) ;
#778 = PLANE ( 'NONE',  #1067 ) ;
#779 = PLANE ( 'NONE',  #917 ) ;
#780 = CARTESIAN_POINT ( 'NONE',  ( -17.06499999999999773, 12.49999999999999467, -0.05999999999999999778 ) ) ;
#781 = CARTESIAN_POINT ( 'NONE',  ( -17.06499999999999773, -12.50000000000000533, -0.05999999999999999778 ) ) ;
#782 = CARTESIAN_POINT ( 'NONE',  ( 17.34500000000000597, -14.72000000000000774, -0.7500000000000003331 ) ) ;
#783 = EDGE_CURVE ( 'NONE', #1329, #852, #1466, .T. ) ;
#784 = ORIENTED_EDGE ( 'NONE', *, *, #537, .F. ) ;
#785 = DIRECTION ( 'NONE',  ( 0.000000000000000000, 1.000000000000000000, 0.000000000000000000 ) ) ;
#786 = CARTESIAN_POINT ( 'NONE',  ( 17.06000000000000227, 12.49999999999999467, -0.05999999999999999778 ) ) ;
#787 = FACE_OUTER_BOUND ( 'NONE', #355, .T. ) ;
#788 = VECTOR ( 'NONE', #546, 39.37007874015748143 ) ;
#789 = EDGE_LOOP ( 'NONE', ( #146, #1426, #1454, #520 ) ) ;
#790 = DIRECTION ( 'NONE',  ( 0.000000000000000000, 0.000000000000000000, 1.000000000000000000 ) ) ;
#791 = ORIENTED_EDGE ( 'NONE', *, *, #1498, .F. ) ;
#792 = DIRECTION ( 'NONE',  ( 0.000000000000000000, 0.000000000000000000, 1.000000000000000000 ) ) ;
#793 = FACE_OUTER_BOUND ( 'NONE', #242, .T. ) ;
#794 = DIRECTION ( 'NONE',  ( 0.000000000000000000, 0.000000000000000000, 1.000000000000000000 ) ) ;
#795 = CARTESIAN_POINT ( 'NONE',  ( -16.90899999999999892, 12.49999999999999467, -0.05999999999999999778 ) ) ;
#796 = EDGE_LOOP ( 'NONE', ( #677, #398, #232, #630 ) ) ;
#797 = ORIENTED_EDGE ( 'NONE', *, *, #411, .F. ) ;
#798 = LINE ( 'NONE', #70, #1140 ) ;
#799 = ORIENTED_EDGE ( 'NONE', *, *, #1065, .T. ) ;
#800 = DIRECTION ( 'NONE',  ( 0.000000000000000000, 0.000000000000000000, -1.000000000000000000 ) ) ;
#801 = AXIS2_PLACEMENT_3D ( 'NONE', #1353, #1220, #1107 ) ;
#802 = LINE ( 'NONE', #441, #1447 ) ;
#803 = DIRECTION ( 'NONE',  ( 1.000000000000000000, 0.000000000000000000, 0.000000000000000000 ) ) ;
#804 = EDGE_CURVE ( 'NONE', #1327, #1179, #708, .T. ) ;
#805 = VECTOR ( 'NONE', #750, 39.37007874015748143 ) ;
#806 = AXIS2_PLACEMENT_3D ( 'NONE', #1334, #1006, #1473 ) ;
#807 = VERTEX_POINT ( 'NONE', #726 ) ;
#808 = EDGE_CURVE ( 'NONE', #671, #32, #1459, .T. ) ;
#809 = CARTESIAN_POINT ( 'NONE',  ( 17.28200000000000713, -14.85000000000000320, -0.05999999999999899858 ) ) ;
#810 = ORIENTED_EDGE ( 'NONE', *, *, #77, .T. ) ;
#811 = DIRECTION ( 'NONE',  ( -1.000000000000000000, -0.000000000000000000, -0.000000000000000000 ) ) ;
#812 = DIRECTION ( 'NONE',  ( 0.000000000000000000, -1.000000000000000000, 0.000000000000000000 ) ) ;
#813 = LINE ( 'NONE', #1280, #558 ) ;
#814 = ORIENTED_EDGE ( 'NONE', *, *, #467, .F. ) ;
#815 = AXIS2_PLACEMENT_3D ( 'NONE', #362, #1303, #245 ) ;
#816 = ORIENTED_EDGE ( 'NONE', *, *, #1056, .F. ) ;
#817 = CARTESIAN_POINT ( 'NONE',  ( 0.000000000000000000, -14.97000000000000774, -0.7500000000000001110 ) ) ;
#818 = VECTOR ( 'NONE', #211, 39.37007874015748143 ) ;
#819 = LINE ( 'NONE', #363, #1317 ) ;
#820 = ORIENTED_EDGE ( 'NONE', *, *, #1315, .T. ) ;
#821 = VERTEX_POINT ( 'NONE', #15 ) ;
#822 = EDGE_CURVE ( 'NONE', #364, #257, #381, .T. ) ;
#823 = VERTEX_POINT ( 'NONE', #1332 ) ;
#824 = CARTESIAN_POINT ( 'NONE',  ( -17.34499999999999886, -14.72000000000000952, -0.7500000000000003331 ) ) ;
#825 = PLANE ( 'NONE',  #975 ) ;
#826 = EDGE_CURVE ( 'NONE', #567, #1189, #265, .T. ) ;
#827 = CARTESIAN_POINT ( 'NONE',  ( -17.40499999999999758, 14.90999999999999659, -0.1199999999999998151 ) ) ;
#828 = VECTOR ( 'NONE', #746, 39.37007874015748143 ) ;
#829 = DIRECTION ( 'NONE',  ( 1.000000000000000000, 0.000000000000000000, 0.000000000000000000 ) ) ;
#830 = ORIENTED_EDGE ( 'NONE', *, *, #1088, .F. ) ;
#831 = EDGE_LOOP ( 'NONE', ( #16, #1198, #576, #351 ) ) ;
#832 = AXIS2_PLACEMENT_3D ( 'NONE', #45, #412, #1252 ) ;
#833 = AXIS2_PLACEMENT_3D ( 'NONE', #864, #740, #6 ) ;
#834 = EDGE_LOOP ( 'NONE', ( #289, #1046 ) ) ;
#835 = EDGE_CURVE ( 'NONE', #632, #383, #153, .T. ) ;
#836 = DIRECTION ( 'NONE',  ( 1.000000000000000000, 0.000000000000000000, 0.000000000000000000 ) ) ;
#837 = FACE_BOUND ( 'NONE', #1098, .T. ) ;
#838 = CARTESIAN_POINT ( 'NONE',  ( 17.40500000000000469, 14.71999999999999353, -0.7500000000000003331 ) ) ;
#839 = FACE_OUTER_BOUND ( 'NONE', #890, .T. ) ;
#840 = ORIENTED_EDGE ( 'NONE', *, *, #944, .F. ) ;
#841 = ORIENTED_EDGE ( 'NONE', *, *, #1291, .T. ) ;
#842 = VECTOR ( 'NONE', #563, 39.37007874015748143 ) ;
#843 = DIRECTION ( 'NONE',  ( 1.000000000000000000, 0.000000000000000000, 0.000000000000000000 ) ) ;
#844 = EDGE_LOOP ( 'NONE', ( #1175, #901, #1078, #26 ) ) ;
#845 = AXIS2_PLACEMENT_3D ( 'NONE', #291, #418, #169 ) ;
#846 = VECTOR ( 'NONE', #427, 39.37007874015748143 ) ;
#847 = AXIS2_PLACEMENT_3D ( 'NONE', #666, #566, #1482 ) ;
#848 = DIRECTION ( 'NONE',  ( 1.000000000000000000, 0.000000000000000000, 0.000000000000000000 ) ) ;
#849 = DIRECTION ( 'NONE',  ( -1.000000000000000000, 0.000000000000000000, 3.130242492740249268E-15 ) ) ;
#850 = LINE ( 'NONE', #827, #1043 ) ;
#851 = CYLINDRICAL_SURFACE ( 'NONE', #1499, 0.1200000000000019940 ) ;
#852 = VERTEX_POINT ( 'NONE', #979 ) ;
#853 = VERTEX_POINT ( 'NONE', #274 ) ;
#854 = ORIENTED_EDGE ( 'NONE', *, *, #1501, .F. ) ;
#855 = CARTESIAN_POINT ( 'NONE',  ( 17.28500000000000369, -14.88216115034698817, -0.1199999999999999956 ) ) ;
#856 = PLANE ( 'NONE',  #175 ) ;
#857 = DIRECTION ( 'NONE',  ( 1.000000000000000000, -0.000000000000000000, 0.000000000000000000 ) ) ;
#858 = ORIENTED_EDGE ( 'NONE', *, *, #1154, .F. ) ;
#859 = ADVANCED_FACE ( 'NONE', ( #773 ), #1022, .F. ) ;
#860 = EDGE_CURVE ( 'NONE', #1228, #1298, #1110, .T. ) ;
#861 = CARTESIAN_POINT ( 'NONE',  ( -17.06499999999999773, -12.50000000000000533, 0.000000000000000000 ) ) ;
#862 = FACE_OUTER_BOUND ( 'NONE', #399, .T. ) ;
#863 = CARTESIAN_POINT ( 'NONE',  ( -17.28499999999999304, -14.72000000000000952, 0.000000000000000000 ) ) ;
#864 = CARTESIAN_POINT ( 'NONE',  ( -17.28199999999999292, -14.97000000000000597, -0.7500000000000003331 ) ) ;
#865 = ORIENTED_EDGE ( 'NONE', *, *, #727, .F. ) ;
#866 = ADVANCED_BREP_SHAPE_REPRESENTATION ( '12-D-6091-08-(16gacr ANSI-61) - K48 - V1-R0', ( #496, #1343 ), #1120 ) ;
#867 = ORIENTED_EDGE ( 'NONE', *, *, #944, .T. ) ;
#868 = VECTOR ( 'NONE', #897, 39.37007874015748143 ) ;
#869 = CARTESIAN_POINT ( 'NONE',  ( -17.28199999999999292, -14.97000000000000597, 0.000000000000000000 ) ) ;
#870 = PRODUCT_DEFINITION_FORMATION_WITH_SPECIFIED_SOURCE ( 'ANY', '', #1010, .NOT_KNOWN. ) ;
#871 = AXIS2_PLACEMENT_3D ( 'NONE', #1023, #313, #1495 ) ;
#872 = APPLICATION_PROTOCOL_DEFINITION ( 'draft international standard', 'automotive_design', 1998, #522 ) ;
#873 = AXIS2_PLACEMENT_3D ( 'NONE', #781, #1131, #661 ) ;
#874 = LINE ( 'NONE', #390, #903 ) ;
#875 = EDGE_LOOP ( 'NONE', ( #929, #1091, #966, #1275 ) ) ;
#876 = CARTESIAN_POINT ( 'NONE',  ( 17.28200000000000358, 14.71999999999999886, 0.000000000000000000 ) ) ;
#877 = PLANE ( 'NONE',  #422 ) ;
#878 = EDGE_CURVE ( 'NONE', #202, #1467, #1432, .T. ) ;
#879 = DIRECTION ( 'NONE',  ( -1.000000000000000000, 0.000000000000000000, 0.000000000000000000 ) ) ;
#880 = CARTESIAN_POINT ( 'NONE',  ( 17.40500000000000469, -14.97000000000000774, -0.7500000000000001110 ) ) ;
#881 = EDGE_CURVE ( 'NONE', #364, #632, #524, .T. ) ;
#882 = CARTESIAN_POINT ( 'NONE',  ( 17.34500000000000597, 14.96999999999999709, -0.7500000000000003331 ) ) ;
#883 = DIRECTION ( 'NONE',  ( 1.000000000000000000, 3.553623406392513092E-14, 0.000000000000000000 ) ) ;
#884 = DIRECTION ( 'NONE',  ( 1.000000000000000000, 0.000000000000000000, -3.167359992654216647E-15 ) ) ;
#885 = EDGE_CURVE ( 'NONE', #457, #700, #976, .T. ) ;
#886 = CARTESIAN_POINT ( 'NONE',  ( 17.40500000000000824, -14.72000000000000419, -0.7500000000000003331 ) ) ;
#887 = DIRECTION ( 'NONE',  ( -0.000000000000000000, 1.000000000000000000, -0.000000000000000000 ) ) ;
#888 = EDGE_CURVE ( 'NONE', #163, #716, #1372, .T. ) ;
#889 = CARTESIAN_POINT ( 'NONE',  ( -16.90899999999999892, -12.50000000000000533, -0.05999999999999999778 ) ) ;
#890 = EDGE_LOOP ( 'NONE', ( #689, #1402, #854, #208 ) ) ;
#891 = CARTESIAN_POINT ( 'NONE',  ( 17.28200000000000713, -14.97000000000000597, -0.1199999999999996764 ) ) ;
#892 = CIRCLE ( 'NONE', #690, 0.1200000000000010086 ) ;
#893 = CARTESIAN_POINT ( 'NONE',  ( -17.22099999999999653, 12.49999999999999467, -0.05999999999999999778 ) ) ;
#894 = DIRECTION ( 'NONE',  ( 0.000000000000000000, -1.000000000000000000, 3.130242492740249268E-15 ) ) ;
#895 = LINE ( 'NONE', #889, #25 ) ;
#896 = ADVANCED_FACE ( 'NONE', ( #767 ), #898, .F. ) ;
#897 = DIRECTION ( 'NONE',  ( 0.000000000000000000, 0.000000000000000000, 1.000000000000000000 ) ) ;
#898 = PLANE ( 'NONE',  #1511 ) ;
#899 = PLANE ( 'NONE',  #129 ) ;
#900 = FACE_OUTER_BOUND ( 'NONE', #741, .T. ) ;
#901 = ORIENTED_EDGE ( 'NONE', *, *, #1406, .T. ) ;
#902 = EDGE_CURVE ( 'NONE', #1491, #1228, #1247, .T. ) ;
#903 = VECTOR ( 'NONE', #1218, 39.37007874015748143 ) ;
#904 = CARTESIAN_POINT ( 'NONE',  ( -17.28199999999999648, 14.84999999999999432, -0.06000000000000009492 ) ) ;
#905 = EDGE_CURVE ( 'NONE', #1333, #1516, #644, .T. ) ;
#906 = DIRECTION ( 'NONE',  ( 1.000000000000000000, 3.553623406392513092E-14, 0.000000000000000000 ) ) ;
#907 = AXIS2_PLACEMENT_3D ( 'NONE', #72, #538, #906 ) ;
#908 = CARTESIAN_POINT ( 'NONE',  ( 17.40500000000000469, 14.71999999999999353, -0.7500000000000003331 ) ) ;
#909 = DIRECTION ( 'NONE',  ( 1.000000000000000000, 0.000000000000000000, 0.000000000000000000 ) ) ;
#910 = DIRECTION ( 'NONE',  ( 0.000000000000000000, -1.000000000000000000, -0.000000000000000000 ) ) ;
#911 = ORIENTED_EDGE ( 'NONE', *, *, #553, .T. ) ;
#912 = DIRECTION ( 'NONE',  ( 1.000000000000000000, 0.000000000000000000, 0.000000000000000000 ) ) ;
#913 = DIRECTION ( 'NONE',  ( 0.000000000000000000, 0.000000000000000000, -1.000000000000000000 ) ) ;
#914 = LINE ( 'NONE', #345, #1025 ) ;
#915 = DIRECTION ( 'NONE',  ( 0.000000000000000000, 1.000000000000000000, 3.130242492740249268E-15 ) ) ;
#916 = ORIENTED_EDGE ( 'NONE', *, *, #1520, .T. ) ;
#917 = AXIS2_PLACEMENT_3D ( 'NONE', #755, #655, #1015 ) ;
#918 = AXIS2_PLACEMENT_3D ( 'NONE', #838, #1192, #483 ) ;
#919 = VERTEX_POINT ( 'NONE', #1113 ) ;
#920 = CARTESIAN_POINT ( 'NONE',  ( 17.28200000000000713, -14.97000000000000597, -0.7500000000000003331 ) ) ;
#921 = ORIENTED_EDGE ( 'NONE', *, *, #1358, .T. ) ;
#922 = EDGE_CURVE ( 'NONE', #339, #1152, #544, .T. ) ;
#923 = CARTESIAN_POINT ( 'NONE',  ( 17.28200000000000713, -14.91000000000000547, -0.1199999999999998151 ) ) ;
#924 = DIRECTION ( 'NONE',  ( -1.000000000000000000, 0.000000000000000000, 0.000000000000000000 ) ) ;
#925 = DIRECTION ( 'NONE',  ( -0.000000000000000000, 1.000000000000000000, 0.000000000000000000 ) ) ;
#926 = EDGE_CURVE ( 'NONE', #506, #233, #1481, .T. ) ;
#927 = DIRECTION ( 'NONE',  ( 0.000000000000000000, 0.000000000000000000, 1.000000000000000000 ) ) ;
#928 = ORIENTED_EDGE ( 'NONE', *, *, #487, .T. ) ;
#929 = ORIENTED_EDGE ( 'NONE', *, *, #470, .T. ) ;
#930 = VERTEX_POINT ( 'NONE', #432 ) ;
#931 = LINE ( 'NONE', #1284, #530 ) ;
#932 = CARTESIAN_POINT ( 'NONE',  ( 17.28500000000000369, -14.88216115034698817, -0.05999999999999901246 ) ) ;
#933 = CARTESIAN_POINT ( 'NONE',  ( 17.28500000000000369, -14.88216115034698817, 9.902948977032954413E-16 ) ) ;
#934 = DIRECTION ( 'NONE',  ( -1.000000000000000000, -1.988565594058001265E-31, 6.278306219280121671E-17 ) ) ;
#935 = ORIENTED_EDGE ( 'NONE', *, *, #1, .F. ) ;
#936 = EDGE_LOOP ( 'NONE', ( #1385, #841, #916, #1335 ) ) ;
#937 = VERTEX_POINT ( 'NONE', #532 ) ;
#938 = PLANE ( 'NONE',  #571 ) ;
#939 = CARTESIAN_POINT ( 'NONE',  ( 17.28200000000000358, 14.84999999999999432, -0.1200000000000010919 ) ) ;
#940 = LINE ( 'NONE', #986, #38 ) ;
#941 = ORIENTED_EDGE ( 'NONE', *, *, #193, .F. ) ;
#942 = AXIS2_PLACEMENT_3D ( 'NONE', #1456, #967, #723 ) ;
#943 = ORIENTED_EDGE ( 'NONE', *, *, #1425, .F. ) ;
#944 = EDGE_CURVE ( 'NONE', #456, #1453, #1472, .T. ) ;
#945 = AXIS2_PLACEMENT_3D ( 'NONE', #1226, #1451, #173 ) ;
#946 = CIRCLE ( 'NONE', #69, 0.1559999999999991116 ) ;
#947 = ADVANCED_FACE ( 'NONE', ( #1380 ), #779, .F. ) ;
#948 = EDGE_LOOP ( 'NONE', ( #1290, #1391, #91, #954 ) ) ;
#949 = DIRECTION ( 'NONE',  ( -3.553623406392513092E-14, 1.000000000000000000, -0.000000000000000000 ) ) ;
#950 = PLANE ( 'NONE',  #815 ) ;
#951 = AXIS2_PLACEMENT_3D ( 'NONE', #1517, #949, #1524 ) ;
#952 = PLANE ( 'NONE',  #918 ) ;
#953 = DIRECTION ( 'NONE',  ( -0.000000000000000000, 0.000000000000000000, 1.000000000000000000 ) ) ;
#954 = ORIENTED_EDGE ( 'NONE', *, *, #1105, .T. ) ;
#955 = EDGE_LOOP ( 'NONE', ( #638, #144, #340, #621 ) ) ;
#956 = ADVANCED_FACE ( 'NONE', ( #194 ), #1366, .F. ) ;
#957 = CARTESIAN_POINT ( 'NONE',  ( -17.34499999999999531, 14.71999999999999176, 5.512790067214497766E-14 ) ) ;
#958 = EDGE_LOOP ( 'NONE', ( #83, #1170, #495, #266 ) ) ;
#959 = CARTESIAN_POINT ( 'NONE',  ( 17.28200000000000358, 14.96999999999999886, -0.7500000000000003331 ) ) ;
#960 = LINE ( 'NONE', #1203, #1263 ) ;
#961 = AXIS2_PLACEMENT_3D ( 'NONE', #477, #442, #953 ) ;
#962 = LINE ( 'NONE', #281, #1106 ) ;
#963 = ORIENTED_EDGE ( 'NONE', *, *, #885, .T. ) ;
#964 = VERTEX_POINT ( 'NONE', #664 ) ;
#965 = CYLINDRICAL_SURFACE ( 'NONE', #1392, 0.1559999999999991116 ) ;
#966 = ORIENTED_EDGE ( 'NONE', *, *, #997, .F. ) ;
#967 = DIRECTION ( 'NONE',  ( -1.000000000000000000, 0.000000000000000000, 0.000000000000000000 ) ) ;
#968 = CARTESIAN_POINT ( 'NONE',  ( -17.28199999999999648, 14.96999999999999176, -0.7500000000000003331 ) ) ;
#969 = DIRECTION ( 'NONE',  ( 1.000000000000000000, 0.000000000000000000, 3.130242492740249268E-15 ) ) ;
#970 = CARTESIAN_POINT ( 'NONE',  ( -16.90899999999999892, 12.49999999999999467, -0.05999999999999999778 ) ) ;
#971 = ORIENTED_EDGE ( 'NONE', *, *, #604, .F. ) ;
#972 = ORIENTED_EDGE ( 'NONE', *, *, #663, .T. ) ;
#973 = VECTOR ( 'NONE', #1133, 39.37007874015748143 ) ;
#974 = EDGE_LOOP ( 'NONE', ( #684, #602 ) ) ;
#975 = AXIS2_PLACEMENT_3D ( 'NONE', #968, #909, #724 ) ;
#976 = CIRCLE ( 'NONE', #770, 0.06000000000000101780 ) ;
#977 = LINE ( 'NONE', #1086, #21 ) ;
#978 = EDGE_CURVE ( 'NONE', #506, #919, #294, .T. ) ;
#979 = CARTESIAN_POINT ( 'NONE',  ( -17.40499999999999758, 14.71999999999998998, -0.1199999999999996764 ) ) ;
#980 = ORIENTED_EDGE ( 'NONE', *, *, #226, .F. ) ;
#981 = ADVANCED_FACE ( 'NONE', ( #1239 ), #1477, .F. ) ;
#982 = ORIENTED_EDGE ( 'NONE', *, *, #8, .F. ) ;
#983 = ORIENTED_EDGE ( 'NONE', *, *, #226, .T. ) ;
#984 = CARTESIAN_POINT ( 'NONE',  ( -17.34499999999999531, -14.72000000000000952, -0.1199999999999998151 ) ) ;
#985 = DIRECTION ( 'NONE',  ( 0.000000000000000000, 1.000000000000000000, 0.000000000000000000 ) ) ;
#986 = CARTESIAN_POINT ( 'NONE',  ( 17.28200000000000358, 14.96999999999999886, -0.7500000000000003331 ) ) ;
#987 = ORIENTED_EDGE ( 'NONE', *, *, #290, .F. ) ;
#988 = CIRCLE ( 'NONE', #1375, 0.1559999999999991116 ) ;
#989 = ORIENTED_EDGE ( 'NONE', *, *, #439, .F. ) ;
#990 = EDGE_CURVE ( 'NONE', #1298, #1228, #1044, .T. ) ;
#991 = DIRECTION ( 'NONE',  ( 0.000000000000000000, -1.000000000000000000, 0.000000000000000000 ) ) ;
#992 = CARTESIAN_POINT ( 'NONE',  ( 17.40500000000000469, -14.91000000000000547, -0.1199999999999998151 ) ) ;
#993 = DIRECTION ( 'NONE',  ( 1.000000000000000000, 0.000000000000000000, 0.000000000000000000 ) ) ;
#994 = ORIENTED_EDGE ( 'NONE', *, *, #269, .F. ) ;
#995 = EDGE_CURVE ( 'NONE', #852, #339, #382, .T. ) ;
#996 = DIRECTION ( 'NONE',  ( 0.000000000000000000, 0.000000000000000000, 1.000000000000000000 ) ) ;
#997 = EDGE_CURVE ( 'NONE', #1214, #233, #1176, .T. ) ;
#998 = CIRCLE ( 'NONE', #871, 0.06000000000000099698 ) ;
#999 =( NAMED_UNIT ( * ) SI_UNIT ( $, .STERADIAN. ) SOLID_ANGLE_UNIT ( ) );
#1000 = CARTESIAN_POINT ( 'NONE',  ( 17.28200000000000713, -14.97000000000000597, -0.7500000000000003331 ) ) ;
#1001 = CARTESIAN_POINT ( 'NONE',  ( -17.40499999999999758, 14.71999999999998998, -0.7500000000000003331 ) ) ;
#1002 = ADVANCED_FACE ( 'NONE', ( #574 ), #938, .F. ) ;
#1003 = CARTESIAN_POINT ( 'NONE',  ( -17.40499999999999758, 14.90999999999999837, -0.7500000000000003331 ) ) ;
#1004 = DIRECTION ( 'NONE',  ( 0.000000000000000000, 0.000000000000000000, 1.000000000000000000 ) ) ;
#1005 = DIRECTION ( 'NONE',  ( 0.000000000000000000, 0.000000000000000000, -1.000000000000000000 ) ) ;
#1006 = DIRECTION ( 'NONE',  ( 3.491481338843134539E-15, -0.000000000000000000, 1.000000000000000000 ) ) ;
#1007 = DIRECTION ( 'NONE',  ( 0.000000000000000000, 0.000000000000000000, -1.000000000000000000 ) ) ;
#1008 = DIRECTION ( 'NONE',  ( -1.000000000000000000, 0.000000000000000000, -0.000000000000000000 ) ) ;
#1009 = DIRECTION ( 'NONE',  ( -1.000000000000000000, 0.000000000000000000, -3.167359992654216647E-15 ) ) ;
#1010 = PRODUCT ( '12-D-6091-08-(16gacr ANSI-61) - K48 - V1-R0', '12-D-6091-08-(16gacr ANSI-61) - K48 - V1-R0', '', ( #1347 ) ) ;
#1011 = LINE ( 'NONE', #1030, #1345 ) ;
#1012 = LINE ( 'NONE', #1468, #598 ) ;
#1013 = CARTESIAN_POINT ( 'NONE',  ( -17.28199999999999292, -14.91000000000000547, -0.1199999999999998151 ) ) ;
#1014 = VECTOR ( 'NONE', #1457, 39.37007874015748143 ) ;
#1015 = DIRECTION ( 'NONE',  ( 0.000000000000000000, -0.000000000000000000, 1.000000000000000000 ) ) ;
#1016 = EDGE_CURVE ( 'NONE', #691, #219, #504, .T. ) ;
#1017 = DIRECTION ( 'NONE',  ( 1.000000000000000000, 0.000000000000000000, 0.000000000000000000 ) ) ;
#1018 = DIRECTION ( 'NONE',  ( -0.000000000000000000, -1.000000000000000000, -0.000000000000000000 ) ) ;
#1019 = VERTEX_POINT ( 'NONE', #589 ) ;
#1020 = ADVANCED_FACE ( 'NONE', ( #1386 ), #1061, .F. ) ;
#1021 = CARTESIAN_POINT ( 'NONE',  ( 17.28200000000000358, 14.90999999999999837, -0.7500000000000003331 ) ) ;
#1022 = PLANE ( 'NONE',  #907 ) ;
#1023 = CARTESIAN_POINT ( 'NONE',  ( 17.28200000000000713, -14.85000000000000320, -0.1199999999999999956 ) ) ;
#1024 = DIRECTION ( 'NONE',  ( 0.000000000000000000, 0.000000000000000000, 1.000000000000000000 ) ) ;
#1025 = VECTOR ( 'NONE', #794, 39.37007874015748143 ) ;
#1026 = DIRECTION ( 'NONE',  ( 0.000000000000000000, 0.000000000000000000, 1.000000000000000000 ) ) ;
#1027 = ORIENTED_EDGE ( 'NONE', *, *, #1207, .T. ) ;
#1028 = CARTESIAN_POINT ( 'NONE',  ( -17.40499999999999048, -14.72000000000000952, -0.7500000000000003331 ) ) ;
#1029 = CIRCLE ( 'NONE', #1182, 0.1559999999999991116 ) ;
#1030 = CARTESIAN_POINT ( 'NONE',  ( -17.28199999999999648, 14.84999999999999432, 0.000000000000000000 ) ) ;
#1031 = CARTESIAN_POINT ( 'NONE',  ( -17.40499999999999048, -14.72000000000000952, -0.1199999999999996764 ) ) ;
#1032 = ORIENTED_EDGE ( 'NONE', *, *, #1207, .F. ) ;
#1033 = ORIENTED_EDGE ( 'NONE', *, *, #1438, .F. ) ;
#1034 = EDGE_CURVE ( 'NONE', #513, #807, #464, .T. ) ;
#1035 = DIRECTION ( 'NONE',  ( 0.000000000000000000, 0.000000000000000000, 1.000000000000000000 ) ) ;
#1036 = ORIENTED_EDGE ( 'NONE', *, *, #1, .T. ) ;
#1037 = EDGE_CURVE ( 'NONE', #823, #622, #1367, .T. ) ;
#1038 = LINE ( 'NONE', #565, #184 ) ;
#1039 = VECTOR ( 'NONE', #662, 39.37007874015748143 ) ;
#1040 = DIRECTION ( 'NONE',  ( 0.000000000000000000, 0.000000000000000000, 1.000000000000000000 ) ) ;
#1041 = DIRECTION ( 'NONE',  ( 0.000000000000000000, 1.000000000000000000, 0.000000000000000000 ) ) ;
#1042 = ORIENTED_EDGE ( 'NONE', *, *, #835, .F. ) ;
#1043 = VECTOR ( 'NONE', #1324, 39.37007874015748143 ) ;
#1044 = CIRCLE ( 'NONE', #1172, 0.1559999999999991116 ) ;
#1045 = AXIS2_PLACEMENT_3D ( 'NONE', #780, #1381, #428 ) ;
#1046 = ORIENTED_EDGE ( 'NONE', *, *, #860, .F. ) ;
#1047 = ORIENTED_EDGE ( 'NONE', *, *, #1151, .F. ) ;
#1048 = LINE ( 'NONE', #1270, #818 ) ;
#1049 = CYLINDRICAL_SURFACE ( 'NONE', #1196, 0.06000000000000099698 ) ;
#1050 = LINE ( 'NONE', #688, #1155 ) ;
#1051 = EDGE_LOOP ( 'NONE', ( #122, #963, #372, #1085 ) ) ;
#1052 = EDGE_LOOP ( 'NONE', ( #701, #911, #359, #657 ) ) ;
#1053 = EDGE_LOOP ( 'NONE', ( #1221, #260, #830, #95 ) ) ;
#1054 = LINE ( 'NONE', #1158, #76 ) ;
#1055 = SURFACE_SIDE_STYLE ('',( #1430 ) ) ;
#1056 = EDGE_CURVE ( 'NONE', #1209, #457, #1411, .T. ) ;
#1057 = CARTESIAN_POINT ( 'NONE',  ( -17.28499999999999304, 14.88216115034697928, 9.902948977032954413E-16 ) ) ;
#1058 = EDGE_LOOP ( 'NONE', ( #1514, #1320, #578, #35 ) ) ;
#1059 = ORIENTED_EDGE ( 'NONE', *, *, #400, .T. ) ;
#1060 = ORIENTED_EDGE ( 'NONE', *, *, #614, .F. ) ;
#1061 = PLANE ( 'NONE',  #1245 ) ;
#1062 = CARTESIAN_POINT ( 'NONE',  ( -17.31716115034698333, -14.85000000000000320, -0.05999999999999901246 ) ) ;
#1063 = DIRECTION ( 'NONE',  ( 0.000000000000000000, 1.000000000000000000, 0.000000000000000000 ) ) ;
#1064 = FACE_OUTER_BOUND ( 'NONE', #1444, .T. ) ;
#1065 = EDGE_CURVE ( 'NONE', #163, #1152, #1048, .T. ) ;
#1066 = ORIENTED_EDGE ( 'NONE', *, *, #1431, .F. ) ;
#1067 = AXIS2_PLACEMENT_3D ( 'NONE', #1393, #192, #1377 ) ;
#1068 = ORIENTED_EDGE ( 'NONE', *, *, #491, .F. ) ;
#1069 = EDGE_CURVE ( 'NONE', #1260, #716, #753, .T. ) ;
#1070 = ORIENTED_EDGE ( 'NONE', *, *, #604, .T. ) ;
#1071 = CARTESIAN_POINT ( 'NONE',  ( -17.34499999999999886, 14.71999999999998998, -0.7500000000000003331 ) ) ;
#1072 = CARTESIAN_POINT ( 'NONE',  ( 17.06000000000000227, -12.50000000000000533, -0.05999999999999999778 ) ) ;
#1073 = CARTESIAN_POINT ( 'NONE',  ( 17.06000000000000227, -12.50000000000000533, 0.000000000000000000 ) ) ;
#1074 = DIRECTION ( 'NONE',  ( 1.000000000000000000, 0.000000000000000000, 0.000000000000000000 ) ) ;
#1075 = ORIENTED_EDGE ( 'NONE', *, *, #654, .T. ) ;
#1076 = ORIENTED_EDGE ( 'NONE', *, *, #553, .F. ) ;
#1077 = FACE_OUTER_BOUND ( 'NONE', #1084, .T. ) ;
#1078 = ORIENTED_EDGE ( 'NONE', *, *, #107, .T. ) ;
#1079 = CARTESIAN_POINT ( 'NONE',  ( 17.28500000000000369, 14.71999999999999886, 0.000000000000000000 ) ) ;
#1080 = DIRECTION ( 'NONE',  ( 1.000000000000000000, 0.000000000000000000, 0.000000000000000000 ) ) ;
#1081 = CARTESIAN_POINT ( 'NONE',  ( 17.34500000000000597, 14.71999999999999531, -0.7500000000000003331 ) ) ;
#1082 = CARTESIAN_POINT ( 'NONE',  ( -17.40499999999999758, 14.71999999999998998, -0.7500000000000003331 ) ) ;
#1083 = ORIENTED_EDGE ( 'NONE', *, *, #402, .F. ) ;
#1084 = EDGE_LOOP ( 'NONE', ( #615, #728, #1341, #24 ) ) ;
#1085 = ORIENTED_EDGE ( 'NONE', *, *, #744, .T. ) ;
#1086 = CARTESIAN_POINT ( 'NONE',  ( 17.40500000000000469, -14.97000000000000597, -0.1199999999999996209 ) ) ;
#1087 = DIRECTION ( 'NONE',  ( -1.000000000000000000, 0.000000000000000000, 3.130242492740249268E-15 ) ) ;
#1088 = EDGE_CURVE ( 'NONE', #383, #1173, #1054, .T. ) ;
#1089 = CARTESIAN_POINT ( 'NONE',  ( 17.28200000000000358, 14.84999999999999432, -0.1200000000000010919 ) ) ;
#1090 = EDGE_LOOP ( 'NONE', ( #1292, #1277, #1180, #186 ) ) ;
#1091 = ORIENTED_EDGE ( 'NONE', *, *, #926, .T. ) ;
#1092 = VERTEX_POINT ( 'NONE', #458 ) ;
#1093 = AXIS2_PLACEMENT_3D ( 'NONE', #1254, #1360, #548 ) ;
#1094 = DIRECTION ( 'NONE',  ( 0.000000000000000000, 0.000000000000000000, -1.000000000000000000 ) ) ;
#1095 = CARTESIAN_POINT ( 'NONE',  ( -17.28199999999999648, 14.96999999999999176, -0.7500000000000003331 ) ) ;
#1096 = PLANE ( 'NONE',  #945 ) ;
#1097 = PLANE ( 'NONE',  #433 ) ;
#1098 = EDGE_LOOP ( 'NONE', ( #1300, #479 ) ) ;
#1099 = DIRECTION ( 'NONE',  ( 1.000000000000000000, 0.000000000000000000, -3.167359992654216647E-15 ) ) ;
#1100 = ORIENTED_EDGE ( 'NONE', *, *, #744, .F. ) ;
#1101 = DIRECTION ( 'NONE',  ( 0.000000000000000000, -1.000000000000000000, -0.000000000000000000 ) ) ;
#1102 = CARTESIAN_POINT ( 'NONE',  ( -17.06499999999999773, 12.49999999999999467, -0.05999999999999999778 ) ) ;
#1103 = DIRECTION ( 'NONE',  ( 0.000000000000000000, 1.000000000000000000, -2.276539994720181681E-15 ) ) ;
#1104 = ORIENTED_EDGE ( 'NONE', *, *, #268, .T. ) ;
#1105 = EDGE_CURVE ( 'NONE', #1408, #683, #679, .T. ) ;
#1106 = VECTOR ( 'NONE', #160, 39.37007874015748143 ) ;
#1107 = DIRECTION ( 'NONE',  ( 0.000000000000000000, 0.000000000000000000, -1.000000000000000000 ) ) ;
#1108 = EDGE_LOOP ( 'NONE', ( #486, #921, #1267, #799 ) ) ;
#1109 = EDGE_CURVE ( 'NONE', #1173, #364, #1148, .T. ) ;
#1110 = CIRCLE ( 'NONE', #832, 0.1559999999999991116 ) ;
#1111 = CARTESIAN_POINT ( 'NONE',  ( -17.40499999999999758, 0.000000000000000000, 5.533738955247721786E-14 ) ) ;
#1112 = CARTESIAN_POINT ( 'NONE',  ( 17.28200000000000713, -14.85000000000000320, -0.1199999999999999956 ) ) ;
#1113 = CARTESIAN_POINT ( 'NONE',  ( 17.28200000000000713, -14.91000000000000547, -0.1199999999999998151 ) ) ;
#1114 = ORIENTED_EDGE ( 'NONE', *, *, #554, .T. ) ;
#1115 = CARTESIAN_POINT ( 'NONE',  ( 17.28200000000000713, -14.97000000000000597, -0.7500000000000003331 ) ) ;
#1116 = EDGE_CURVE ( 'NONE', #1443, #342, #1262, .T. ) ;
#1117 = DIMENSIONAL_EXPONENTS ( 1.000000000000000000, 0.000000000000000000, 0.000000000000000000, 0.000000000000000000, 0.000000000000000000, 0.000000000000000000, 0.000000000000000000 ) ;
#1118 = VECTOR ( 'NONE', #772, 39.37007874015748143 ) ;
#1119 = DIRECTION ( 'NONE',  ( 0.000000000000000000, -0.000000000000000000, 1.000000000000000000 ) ) ;
#1120 =( GEOMETRIC_REPRESENTATION_CONTEXT ( 3 ) GLOBAL_UNCERTAINTY_ASSIGNED_CONTEXT ( ( #1395 ) ) GLOBAL_UNIT_ASSIGNED_CONTEXT ( ( #273, #1465, #999 ) ) REPRESENTATION_CONTEXT ( 'NONE', 'WORKASPACE' ) );
#1121 =( LENGTH_UNIT ( ) NAMED_UNIT ( * ) SI_UNIT ( $, .METRE. ) );
#1122 = VECTOR ( 'NONE', #174, 39.37007874015748143 ) ;
#1123 = DIRECTION ( 'NONE',  ( 0.000000000000000000, -0.000000000000000000, 1.000000000000000000 ) ) ;
#1124 = CARTESIAN_POINT ( 'NONE',  ( 17.40500000000000469, 14.71999999999999353, -0.1199999999999996764 ) ) ;
#1125 = CARTESIAN_POINT ( 'NONE',  ( 0.000000000000000000, 0.000000000000000000, 0.000000000000000000 ) ) ;
#1126 = EDGE_LOOP ( 'NONE', ( #556, #1400, #41, #1068 ) ) ;
#1127 = VECTOR ( 'NONE', #1396, 39.37007874015748143 ) ;
#1128 = APPLICATION_CONTEXT ( 'automotive_design' ) ;
#1129 = CARTESIAN_POINT ( 'NONE',  ( 17.31716115034699044, 14.84999999999999432, -1.024442997624098707E-16 ) ) ;
#1130 = DIRECTION ( 'NONE',  ( -1.000000000000000000, -0.000000000000000000, -0.000000000000000000 ) ) ;
#1131 = DIRECTION ( 'NONE',  ( 0.000000000000000000, 0.000000000000000000, 1.000000000000000000 ) ) ;
#1132 = ORIENTED_EDGE ( 'NONE', *, *, #193, .T. ) ;
#1133 = DIRECTION ( 'NONE',  ( 1.000000000000000000, -0.000000000000000000, -0.000000000000000000 ) ) ;
#1134 = EDGE_CURVE ( 'NONE', #507, #216, #1038, .T. ) ;
#1135 = CARTESIAN_POINT ( 'NONE',  ( -17.28199999999999648, 14.84999999999999432, -0.1200000000000010919 ) ) ;
#1136 = EDGE_CURVE ( 'NONE', #919, #367, #452, .T. ) ;
#1137 = CARTESIAN_POINT ( 'NONE',  ( -17.28199999999999292, -14.97000000000000597, -0.7500000000000003331 ) ) ;
#1138 = PLANE ( 'NONE',  #1093 ) ;
#1139 = CARTESIAN_POINT ( 'NONE',  ( -17.28199999999999292, -14.85000000000000320, -0.1199999999999999956 ) ) ;
#1140 = VECTOR ( 'NONE', #1268, 39.37007874015748143 ) ;
#1141 = CARTESIAN_POINT ( 'NONE',  ( 17.28200000000000713, -14.91000000000000547, 4.741537909003364840E-14 ) ) ;
#1142 = AXIS2_PLACEMENT_3D ( 'NONE', #344, #1404, #465 ) ;
#1143 = VECTOR ( 'NONE', #1161, 39.37007874015748143 ) ;
#1144 = LINE ( 'NONE', #326, #788 ) ;
#1145 = LINE ( 'NONE', #68, #130 ) ;
#1146 = CARTESIAN_POINT ( 'NONE',  ( 17.06000000000000227, -12.50000000000000533, 0.000000000000000000 ) ) ;
#1147 = ORIENTED_EDGE ( 'NONE', *, *, #237, .F. ) ;
#1148 = LINE ( 'NONE', #1167, #1323 ) ;
#1149 = CYLINDRICAL_SURFACE ( 'NONE', #1512, 0.1200000000000019940 ) ;
#1150 = FACE_BOUND ( 'NONE', #391, .T. ) ;
#1151 = EDGE_CURVE ( 'NONE', #683, #1189, #696, .T. ) ;
#1152 = VERTEX_POINT ( 'NONE', #343 ) ;
#1153 = ORIENTED_EDGE ( 'NONE', *, *, #1105, .F. ) ;
#1154 = EDGE_CURVE ( 'NONE', #1214, #821, #931, .T. ) ;
#1155 = VECTOR ( 'NONE', #1519, 39.37007874015748143 ) ;
#1156 = CARTESIAN_POINT ( 'NONE',  ( 17.34500000000000242, 14.96999999999999709, -0.1199999999999998151 ) ) ;
#1157 = ORIENTED_EDGE ( 'NONE', *, *, #1251, .F. ) ;
#1158 = CARTESIAN_POINT ( 'NONE',  ( 17.28200000000000713, -14.85000000000000320, 0.000000000000000000 ) ) ;
#1159 = DIRECTION ( 'NONE',  ( 0.000000000000000000, 0.000000000000000000, 1.000000000000000000 ) ) ;
#1160 = LINE ( 'NONE', #90, #777 ) ;
#1161 = DIRECTION ( 'NONE',  ( -0.000000000000000000, -0.000000000000000000, 1.000000000000000000 ) ) ;
#1162 = VERTEX_POINT ( 'NONE', #106 ) ;
#1163 = ADVANCED_FACE ( 'NONE', ( #580 ), #965, .F. ) ;
#1164 = ORIENTED_EDGE ( 'NONE', *, *, #1271, .F. ) ;
#1165 = EDGE_CURVE ( 'NONE', #507, #1189, #1515, .T. ) ;
#1166 = ORIENTED_EDGE ( 'NONE', *, *, #835, .T. ) ;
#1167 = CARTESIAN_POINT ( 'NONE',  ( 17.28200000000000713, 0.000000000000000000, -0.05999999999999999778 ) ) ;
#1168 = AXIS2_PLACEMENT_3D ( 'NONE', #855, #36, #1428 ) ;
#1169 = CARTESIAN_POINT ( 'NONE',  ( -17.28199999999999292, 0.000000000000000000, -0.05999999999999999778 ) ) ;
#1170 = ORIENTED_EDGE ( 'NONE', *, *, #328, .F. ) ;
#1171 = AXIS2_PLACEMENT_3D ( 'NONE', #1265, #590, #915 ) ;
#1172 = AXIS2_PLACEMENT_3D ( 'NONE', #417, #298, #1503 ) ;
#1173 = VERTEX_POINT ( 'NONE', #809 ) ;
#1174 = EDGE_CURVE ( 'NONE', #1260, #573, #112, .T. ) ;
#1175 = ORIENTED_EDGE ( 'NONE', *, *, #195, .T. ) ;
#1176 = LINE ( 'NONE', #817, #447 ) ;
#1177 = FACE_OUTER_BOUND ( 'NONE', #709, .T. ) ;
#1178 = DIRECTION ( 'NONE',  ( 1.000000000000000000, -3.642463991552290689E-14, -8.821592479540704062E-15 ) ) ;
#1179 = VERTEX_POINT ( 'NONE', #132 ) ;
#1180 = ORIENTED_EDGE ( 'NONE', *, *, #905, .T. ) ;
#1181 = ORIENTED_EDGE ( 'NONE', *, *, #1417, .F. ) ;
#1182 = AXIS2_PLACEMENT_3D ( 'NONE', #861, #277, #848 ) ;
#1183 = ADVANCED_FACE ( 'NONE', ( #1077 ), #9, .F. ) ;
#1184 = CARTESIAN_POINT ( 'NONE',  ( 0.000000000000000000, 14.96999999999999709, 4.762486797036420358E-14 ) ) ;
#1185 = PLANE ( 'NONE',  #1535 ) ;
#1186 = ADVANCED_FACE ( 'NONE', ( #149 ), #279, .F. ) ;
#1187 = ORIENTED_EDGE ( 'NONE', *, *, #234, .F. ) ;
#1188 = ORIENTED_EDGE ( 'NONE', *, *, #1225, .F. ) ;
#1189 = VERTEX_POINT ( 'NONE', #1124 ) ;
#1190 = CARTESIAN_POINT ( 'NONE',  ( 17.28200000000000358, 14.96999999999999886, -0.7500000000000003331 ) ) ;
#1191 = CARTESIAN_POINT ( 'NONE',  ( -17.06499999999999773, -12.50000000000000533, -0.05999999999999999778 ) ) ;
#1192 = DIRECTION ( 'NONE',  ( -3.553623406392513092E-14, -1.000000000000000000, 0.000000000000000000 ) ) ;
#1193 = DIRECTION ( 'NONE',  ( 0.000000000000000000, 0.000000000000000000, 1.000000000000000000 ) ) ;
#1194 = EDGE_LOOP ( 'NONE', ( #1407, #757, #1340, #1305 ) ) ;
#1195 = ORIENTED_EDGE ( 'NONE', *, *, #360, .T. ) ;
#1196 = AXIS2_PLACEMENT_3D ( 'NONE', #1311, #5, #969 ) ;
#1197 = DIRECTION ( 'NONE',  ( -3.167359992654216647E-15, -1.125560460636724485E-28, -1.000000000000000000 ) ) ;
#1198 = ORIENTED_EDGE ( 'NONE', *, *, #1370, .T. ) ;
#1199 = LINE ( 'NONE', #1330, #299 ) ;
#1200 = CARTESIAN_POINT ( 'NONE',  ( -17.28499999999999304, 14.88216115034697928, -0.1199999999999999956 ) ) ;
#1201 = VECTOR ( 'NONE', #318, 39.37007874015748143 ) ;
#1202 = VECTOR ( 'NONE', #97, 39.37007874015748143 ) ;
#1203 = CARTESIAN_POINT ( 'NONE',  ( 17.40500000000000824, -14.72000000000000419, -0.7500000000000003331 ) ) ;
#1204 = CARTESIAN_POINT ( 'NONE',  ( 17.28200000000000358, 14.71999999999999886, -0.7500000000000003331 ) ) ;
#1205 = EDGE_LOOP ( 'NONE', ( #562, #133, #1307, #601 ) ) ;
#1206 = EDGE_LOOP ( 'NONE', ( #387, #1502, #736, #569, #87, #102, #455, #816, #1282, #752, #1066, #105 ) ) ;
#1207 = EDGE_CURVE ( 'NONE', #821, #1216, #737, .T. ) ;
#1208 = ADVANCED_FACE ( 'NONE', ( #392 ), #46, .F. ) ;
#1209 = VERTEX_POINT ( 'NONE', #742 ) ;
#1210 = DIRECTION ( 'NONE',  ( 1.000000000000000000, 0.000000000000000000, 0.000000000000000000 ) ) ;
#1211 = CARTESIAN_POINT ( 'NONE',  ( -17.28199999999999648, 14.84999999999999432, 0.000000000000000000 ) ) ;
#1212 = CARTESIAN_POINT ( 'NONE',  ( 17.31716115034699044, 14.84999999999999432, -0.1200000000000010919 ) ) ;
#1213 = AXIS2_PLACEMENT_3D ( 'NONE', #1102, #39, #751 ) ;
#1214 = VERTEX_POINT ( 'NONE', #413 ) ;
#1215 = EDGE_LOOP ( 'NONE', ( #865, #1437, #276, #113 ) ) ;
#1216 = VERTEX_POINT ( 'NONE', #1240 ) ;
#1217 = LINE ( 'NONE', #509, #1342 ) ;
#1218 = DIRECTION ( 'NONE',  ( 0.000000000000000000, 0.000000000000000000, 1.000000000000000000 ) ) ;
#1219 = ORIENTED_EDGE ( 'NONE', *, *, #668, .T. ) ;
#1220 = DIRECTION ( 'NONE',  ( -1.000000000000000000, 0.000000000000000000, -0.000000000000000000 ) ) ;
#1221 = ORIENTED_EDGE ( 'NONE', *, *, #1136, .F. ) ;
#1222 = AXIS2_PLACEMENT_3D ( 'NONE', #920, #431, #1026 ) ;
#1223 = PLANE ( 'NONE',  #942 ) ;
#1224 = CARTESIAN_POINT ( 'NONE',  ( -17.34499999999999886, -14.97000000000000597, -0.7500000000000003331 ) ) ;
#1225 = EDGE_CURVE ( 'NONE', #468, #1408, #176, .T. ) ;
#1226 = CARTESIAN_POINT ( 'NONE',  ( 17.40500000000000469, 14.71999999999999353, -0.7500000000000003331 ) ) ;
#1227 = DIRECTION ( 'NONE',  ( 0.000000000000000000, 1.000000000000000000, 3.130242492740249268E-15 ) ) ;
#1228 = VERTEX_POINT ( 'NONE', #1359 ) ;
#1229 = ADVANCED_FACE ( 'NONE', ( #300 ), #155, .T. ) ;
#1230 = ORIENTED_EDGE ( 'NONE', *, *, #328, .T. ) ;
#1231 = DIRECTION ( 'NONE',  ( 1.000000000000000000, -0.000000000000000000, -0.000000000000000000 ) ) ;
#1232 = EDGE_CURVE ( 'NONE', #128, #1333, #1469, .T. ) ;
#1233 = DIRECTION ( 'NONE',  ( 0.000000000000000000, 0.000000000000000000, -1.000000000000000000 ) ) ;
#1234 = ORIENTED_EDGE ( 'NONE', *, *, #521, .T. ) ;
#1235 = CIRCLE ( 'NONE', #759, 0.06000000000000099698 ) ;
#1236 = FACE_BOUND ( 'NONE', #834, .T. ) ;
#1237 = AXIS2_PLACEMENT_3D ( 'NONE', #1321, #710, #1210 ) ;
#1238 = PLANE ( 'NONE',  #669 ) ;
#1239 = FACE_OUTER_BOUND ( 'NONE', #111, .T. ) ;
#1240 = CARTESIAN_POINT ( 'NONE',  ( -17.28199999999999292, -14.85000000000000320, 0.000000000000000000 ) ) ;
#1241 = CARTESIAN_POINT ( 'NONE',  ( -17.06499999999999773, 12.49999999999999467, -0.05999999999999999778 ) ) ;
#1242 = VECTOR ( 'NONE', #536, 39.37007874015748143 ) ;
#1243 = LINE ( 'NONE', #1224, #225 ) ;
#1244 = CIRCLE ( 'NONE', #284, 0.1559999999999991116 ) ;
#1245 = AXIS2_PLACEMENT_3D ( 'NONE', #1028, #236, #703 ) ;
#1246 = VECTOR ( 'NONE', #306, 39.37007874015748143 ) ;
#1247 = LINE ( 'NONE', #893, #49 ) ;
#1248 = LINE ( 'NONE', #185, #71 ) ;
#1249 = EDGE_CURVE ( 'NONE', #217, #342, #1144, .T. ) ;
#1250 = LINE ( 'NONE', #543, #375 ) ;
#1251 = EDGE_CURVE ( 'NONE', #743, #1491, #472, .T. ) ;
#1252 = DIRECTION ( 'NONE',  ( 1.000000000000000000, 0.000000000000000000, 0.000000000000000000 ) ) ;
#1253 = CARTESIAN_POINT ( 'NONE',  ( 17.21600000000000108, 12.49999999999999467, -0.05999999999999999778 ) ) ;
#1254 = CARTESIAN_POINT ( 'NONE',  ( -17.40499999999999758, 14.96999999999999886, -0.7500000000000001110 ) ) ;
#1255 = DIRECTION ( 'NONE',  ( -1.000000000000000000, 0.000000000000000000, -0.000000000000000000 ) ) ;
#1256 = DIRECTION ( 'NONE',  ( -1.000000000000000000, -0.000000000000000000, -0.000000000000000000 ) ) ;
#1257 = LINE ( 'NONE', #1169, #384 ) ;
#1258 = CYLINDRICAL_SURFACE ( 'NONE', #1445, 0.1559999999999991116 ) ;
#1259 = FACE_OUTER_BOUND ( 'NONE', #296, .T. ) ;
#1260 = VERTEX_POINT ( 'NONE', #680 ) ;
#1261 = MECHANICAL_DESIGN_GEOMETRIC_PRESENTATION_REPRESENTATION (  '', ( #94 ), #1507 ) ;
#1262 = LINE ( 'NONE', #88, #329 ) ;
#1263 = VECTOR ( 'NONE', #100, 39.37007874015748143 ) ;
#1264 = CARTESIAN_POINT ( 'NONE',  ( -17.40499999999999758, 14.71999999999998998, -0.7500000000000003331 ) ) ;
#1265 = CARTESIAN_POINT ( 'NONE',  ( 17.31716115034699044, 14.84999999999999432, -0.1200000000000010919 ) ) ;
#1266 = ADVANCED_FACE ( 'NONE', ( #793 ), #899, .F. ) ;
#1267 = ORIENTED_EDGE ( 'NONE', *, *, #116, .T. ) ;
#1268 = DIRECTION ( 'NONE',  ( 0.000000000000000000, -1.000000000000000000, 0.000000000000000000 ) ) ;
#1269 = VERTEX_POINT ( 'NONE', #674 ) ;
#1270 = CARTESIAN_POINT ( 'NONE',  ( -17.28199999999999648, 14.71999999999999353, -0.7500000000000003331 ) ) ;
#1271 = EDGE_CURVE ( 'NONE', #716, #339, #1373, .T. ) ;
#1272 = FACE_OUTER_BOUND ( 'NONE', #693, .T. ) ;
#1273 = FACE_OUTER_BOUND ( 'NONE', #844, .T. ) ;
#1274 = CYLINDRICAL_SURFACE ( 'NONE', #98, 0.1200000000000019940 ) ;
#1275 = ORIENTED_EDGE ( 'NONE', *, *, #1310, .T. ) ;
#1276 = ORIENTED_EDGE ( 'NONE', *, *, #1136, .T. ) ;
#1277 = ORIENTED_EDGE ( 'NONE', *, *, #52, .F. ) ;
#1278 = CARTESIAN_POINT ( 'NONE',  ( 17.40500000000000469, 14.71999999999999353, -0.7500000000000003331 ) ) ;
#1279 = CARTESIAN_POINT ( 'NONE',  ( -17.06499999999999773, 12.49999999999999467, -0.05999999999999999778 ) ) ;
#1280 = CARTESIAN_POINT ( 'NONE',  ( 17.28200000000000358, 14.96999999999999886, -0.7500000000000003331 ) ) ;
#1281 = LINE ( 'NONE', #444, #366 ) ;
#1282 = ORIENTED_EDGE ( 'NONE', *, *, #348, .F. ) ;
#1283 = EDGE_LOOP ( 'NONE', ( #1528, #1114 ) ) ;
#1284 = CARTESIAN_POINT ( 'NONE',  ( -17.28199999999999292, -14.97000000000000597, -0.7500000000000003331 ) ) ;
#1285 = CIRCLE ( 'NONE', #623, 0.06000000000000099698 ) ;
#1286 = CARTESIAN_POINT ( 'NONE',  ( -17.22099999999999653, 12.49999999999999467, -0.05999999999999999778 ) ) ;
#1287 = CARTESIAN_POINT ( 'NONE',  ( 17.06000000000000227, 12.49999999999999467, 0.000000000000000000 ) ) ;
#1288 = ORIENTED_EDGE ( 'NONE', *, *, #470, .F. ) ;
#1289 = VECTOR ( 'NONE', #47, 39.37007874015748143 ) ;
#1290 = ORIENTED_EDGE ( 'NONE', *, *, #487, .F. ) ;
#1291 = EDGE_CURVE ( 'NONE', #1173, #919, #998, .T. ) ;
#1292 = ORIENTED_EDGE ( 'NONE', *, *, #1370, .F. ) ;
#1293 = EDGE_CURVE ( 'NONE', #1491, #743, #449, .T. ) ;
#1294 = DIRECTION ( 'NONE',  ( 0.000000000000000000, 3.167359992654216647E-15, -1.000000000000000000 ) ) ;
#1295 = DIRECTION ( 'NONE',  ( 0.000000000000000000, 3.642463991552411858E-14, -1.000000000000000000 ) ) ;
#1296 = DIRECTION ( 'NONE',  ( 0.000000000000000000, 0.000000000000000000, 1.000000000000000000 ) ) ;
#1297 = ORIENTED_EDGE ( 'NONE', *, *, #1310, .F. ) ;
#1298 = VERTEX_POINT ( 'NONE', #319 ) ;
#1299 = DIRECTION ( 'NONE',  ( 3.553623406392513092E-14, 1.000000000000000000, 0.000000000000000000 ) ) ;
#1300 = ORIENTED_EDGE ( 'NONE', *, *, #1251, .T. ) ;
#1301 = VECTOR ( 'NONE', #1041, 39.37007874015748143 ) ;
#1302 = LINE ( 'NONE', #731, #828 ) ;
#1303 = DIRECTION ( 'NONE',  ( 0.000000000000000000, 1.000000000000000000, -3.167359992654216647E-15 ) ) ;
#1304 = CARTESIAN_POINT ( 'NONE',  ( -17.34499999999999531, -14.97000000000000597, -0.1199999999999998151 ) ) ;
#1305 = ORIENTED_EDGE ( 'NONE', *, *, #145, .F. ) ;
#1306 = ORIENTED_EDGE ( 'NONE', *, *, #1438, .T. ) ;
#1307 = ORIENTED_EDGE ( 'NONE', *, *, #385, .T. ) ;
#1308 = LINE ( 'NONE', #676, #1427 ) ;
#1309 = LINE ( 'NONE', #795, #749 ) ;
#1310 = EDGE_CURVE ( 'NONE', #1214, #1453, #74, .T. ) ;
#1311 = CARTESIAN_POINT ( 'NONE',  ( 17.28500000000000369, -14.88216115034698817, -0.1199999999999999956 ) ) ;
#1312 = CIRCLE ( 'NONE', #1441, 0.06000000000000101780 ) ;
#1313 = DIRECTION ( 'NONE',  ( 0.000000000000000000, 0.000000000000000000, 1.000000000000000000 ) ) ;
#1314 = ORIENTED_EDGE ( 'NONE', *, *, #52, .T. ) ;
#1315 = EDGE_CURVE ( 'NONE', #1394, #1269, #1257, .T. ) ;
#1316 = ORIENTED_EDGE ( 'NONE', *, *, #1088, .T. ) ;
#1317 = VECTOR ( 'NONE', #246, 39.37007874015748143 ) ;
#1318 = AXIS2_PLACEMENT_3D ( 'NONE', #220, #203, #912 ) ;
#1319 = VECTOR ( 'NONE', #1397, 39.37007874015748143 ) ;
#1320 = ORIENTED_EDGE ( 'NONE', *, *, #603, .T. ) ;
#1321 = CARTESIAN_POINT ( 'NONE',  ( -17.06499999999999773, -12.50000000000000533, -0.05999999999999999778 ) ) ;
#1322 = CARTESIAN_POINT ( 'NONE',  ( -17.28199999999999648, 14.71999999999999353, -0.06000000000000004635 ) ) ;
#1323 = VECTOR ( 'NONE', #785, 39.37007874015748143 ) ;
#1324 = DIRECTION ( 'NONE',  ( 1.000000000000000000, 1.988565594058001265E-31, -6.278306219280121671E-17 ) ) ;
#1325 = CARTESIAN_POINT ( 'NONE',  ( 0.000000000000000000, -14.72000000000000419, -0.05999999999999999778 ) ) ;
#1326 = EDGE_LOOP ( 'NONE', ( #519, #461, #167, #1416 ) ) ;
#1327 = VERTEX_POINT ( 'NONE', #1253 ) ;
#1328 = ADVANCED_FACE ( 'NONE', ( #67 ), #1504, .F. ) ;
#1329 = VERTEX_POINT ( 'NONE', #1264 ) ;
#1330 = CARTESIAN_POINT ( 'NONE',  ( -17.40499999999999758, -14.97000000000000597, -0.1199999999999996209 ) ) ;
#1331 = CARTESIAN_POINT ( 'NONE',  ( 0.000000000000000000, 14.90999999999999659, 4.741537909003362315E-14 ) ) ;
#1332 = CARTESIAN_POINT ( 'NONE',  ( 17.40500000000000824, -14.72000000000000419, -0.1199999999999996764 ) ) ;
#1333 = VERTEX_POINT ( 'NONE', #196 ) ;
#1334 = CARTESIAN_POINT ( 'NONE',  ( -17.40499999999999758, -14.97000000000000597, -0.7500000000000001110 ) ) ;
#1335 = ORIENTED_EDGE ( 'NONE', *, *, #439, .T. ) ;
#1336 = EDGE_CURVE ( 'NONE', #535, #611, #802, .T. ) ;
#1337 = CYLINDRICAL_SURFACE ( 'NONE', #1168, 0.1200000000000019940 ) ;
#1338 = PLANE ( 'NONE',  #665 ) ;
#1339 = CARTESIAN_POINT ( 'NONE',  ( -17.28199999999999648, 14.90999999999999659, -0.1199999999999998151 ) ) ;
#1340 = ORIENTED_EDGE ( 'NONE', *, *, #860, .T. ) ;
#1341 = ORIENTED_EDGE ( 'NONE', *, *, #1492, .T. ) ;
#1342 = VECTOR ( 'NONE', #985, 39.37007874015748143 ) ;
#1343 = AXIS2_PLACEMENT_3D ( 'NONE', #1356, #151, #627 ) ;
#1344 = ADVANCED_FACE ( 'NONE', ( #1272 ), #1149, .T. ) ;
#1345 = VECTOR ( 'NONE', #913, 39.37007874015748143 ) ;
#1346 = CARTESIAN_POINT ( 'NONE',  ( -17.28499999999999304, -14.72000000000000774, -0.1199999999999999956 ) ) ;
#1347 = PRODUCT_CONTEXT ( 'NONE', #522, 'mechanical' ) ;
#1348 = CARTESIAN_POINT ( 'NONE',  ( -17.40499999999999758, 14.71999999999998998, -0.1199999999999996764 ) ) ;
#1349 = ORIENTED_EDGE ( 'NONE', *, *, #636, .F. ) ;
#1350 = FACE_BOUND ( 'NONE', #974, .T. ) ;
#1351 = PLANE ( 'NONE',  #1412 ) ;
#1352 = DIRECTION ( 'NONE',  ( 0.000000000000000000, 3.491481338843134539E-15, 1.000000000000000000 ) ) ;
#1353 = CARTESIAN_POINT ( 'NONE',  ( -17.28199999999999292, -14.85000000000000320, -0.1199999999999999956 ) ) ;
#1354 = CARTESIAN_POINT ( 'NONE',  ( 16.90400000000000347, 12.49999999999999467, 0.000000000000000000 ) ) ;
#1355 = FACE_OUTER_BOUND ( 'NONE', #789, .T. ) ;
#1356 = CARTESIAN_POINT ( 'NONE',  ( 0.000000000000000000, 0.000000000000000000, 0.000000000000000000 ) ) ;
#1357 = DIRECTION ( 'NONE',  ( 0.000000000000000000, -3.167359992654216647E-15, -1.000000000000000000 ) ) ;
#1358 = EDGE_CURVE ( 'NONE', #202, #457, #1011, .T. ) ;
#1359 = CARTESIAN_POINT ( 'NONE',  ( -17.22099999999999653, 12.49999999999999467, 0.000000000000000000 ) ) ;
#1360 = DIRECTION ( 'NONE',  ( 0.000000000000000000, -3.491481338843134539E-15, 1.000000000000000000 ) ) ;
#1361 = ORIENTED_EDGE ( 'NONE', *, *, #1154, .T. ) ;
#1362 = ADVANCED_FACE ( 'NONE', ( #540 ), #423, .F. ) ;
#1363 = AXIS2_PLACEMENT_3D ( 'NONE', #1146, #790, #446 ) ;
#1364 = CARTESIAN_POINT ( 'NONE',  ( 17.40500000000000469, -14.91000000000000725, -0.7500000000000003331 ) ) ;
#1365 = VECTOR ( 'NONE', #761, 39.37007874015748143 ) ;
#1366 = PLANE ( 'NONE',  #180 ) ;
#1367 = CIRCLE ( 'NONE', #694, 0.1200000000000010086 ) ;
#1368 = CARTESIAN_POINT ( 'NONE',  ( 16.90400000000000347, -12.50000000000000533, -0.05999999999999999778 ) ) ;
#1369 = CYLINDRICAL_SURFACE ( 'NONE', #873, 0.1559999999999991116 ) ;
#1370 = EDGE_CURVE ( 'NONE', #128, #1162, #687, .T. ) ;
#1371 = LINE ( 'NONE', #670, #868 ) ;
#1372 = LINE ( 'NONE', #66, #303 ) ;
#1373 = LINE ( 'NONE', #337, #181 ) ;
#1374 = DIRECTION ( 'NONE',  ( 1.000000000000000000, 0.000000000000000000, 0.000000000000000000 ) ) ;
#1375 = AXIS2_PLACEMENT_3D ( 'NONE', #1287, #1398, #803 ) ;
#1376 = ADVANCED_FACE ( 'NONE', ( #660 ), #774, .F. ) ;
#1377 = DIRECTION ( 'NONE',  ( 0.000000000000000000, 0.000000000000000000, 1.000000000000000000 ) ) ;
#1378 = EDGE_LOOP ( 'NONE', ( #210, #259, #1187, #1036 ) ) ;
#1379 = ADVANCED_FACE ( 'NONE', ( #1177 ), #1185, .F. ) ;
#1380 = FACE_OUTER_BOUND ( 'NONE', #1126, .T. ) ;
#1381 = DIRECTION ( 'NONE',  ( 0.000000000000000000, 0.000000000000000000, 1.000000000000000000 ) ) ;
#1382 = LINE ( 'NONE', #1389, #1143 ) ;
#1383 = PLANE ( 'NONE',  #1222 ) ;
#1384 = ADVANCED_FACE ( 'NONE', ( #725 ), #1049, .F. ) ;
#1385 = ORIENTED_EDGE ( 'NONE', *, *, #120, .T. ) ;
#1386 = FACE_OUTER_BOUND ( 'NONE', #235, .T. ) ;
#1387 = AXIS2_PLACEMENT_3D ( 'NONE', #886, #648, #1123 ) ;
#1388 = VECTOR ( 'NONE', #1063, 39.37007874015748143 ) ;
#1389 = CARTESIAN_POINT ( 'NONE',  ( 17.40500000000000824, -14.72000000000000419, -0.7500000000000003331 ) ) ;
#1390 = EDGE_LOOP ( 'NONE', ( #79, #331, #1047, #1153 ) ) ;
#1391 = ORIENTED_EDGE ( 'NONE', *, *, #1417, .T. ) ;
#1392 = AXIS2_PLACEMENT_3D ( 'NONE', #18, #104, #843 ) ;
#1393 = CARTESIAN_POINT ( 'NONE',  ( 17.28200000000000713, -14.97000000000000597, -0.7500000000000003331 ) ) ;
#1394 = VERTEX_POINT ( 'NONE', #117 ) ;
#1395 = UNCERTAINTY_MEASURE_WITH_UNIT (LENGTH_MEASURE( 1.000000000000000082E-05 ), #273, 'distance_accuracy_value', 'NONE');
#1396 = DIRECTION ( 'NONE',  ( 0.000000000000000000, -1.000000000000000000, 2.276539994720181681E-15 ) ) ;
#1397 = DIRECTION ( 'NONE',  ( 0.000000000000000000, 1.000000000000000000, 0.000000000000000000 ) ) ;
#1398 = DIRECTION ( 'NONE',  ( 0.000000000000000000, 0.000000000000000000, 1.000000000000000000 ) ) ;
#1399 = ORIENTED_EDGE ( 'NONE', *, *, #764, .F. ) ;
#1400 = ORIENTED_EDGE ( 'NONE', *, *, #537, .T. ) ;
#1401 = AXIS2_PLACEMENT_3D ( 'NONE', #263, #395, #1087 ) ;
#1402 = ORIENTED_EDGE ( 'NONE', *, *, #436, .F. ) ;
#1403 = DIRECTION ( 'NONE',  ( 0.000000000000000000, 0.000000000000000000, -1.000000000000000000 ) ) ;
#1404 = DIRECTION ( 'NONE',  ( 1.000000000000000000, 0.000000000000000000, 0.000000000000000000 ) ) ;
#1405 = PLANE ( 'NONE',  #961 ) ;
#1406 = EDGE_CURVE ( 'NONE', #1513, #937, #264, .T. ) ;
#1407 = ORIENTED_EDGE ( 'NONE', *, *, #1293, .F. ) ;
#1408 = VERTEX_POINT ( 'NONE', #1081 ) ;
#1409 = ADVANCED_FACE ( 'NONE', ( #1518 ), #238, .F. ) ;
#1410 = ORIENTED_EDGE ( 'NONE', *, *, #1109, .T. ) ;
#1411 = LINE ( 'NONE', #473, #633 ) ;
#1412 = AXIS2_PLACEMENT_3D ( 'NONE', #523, #754, #760 ) ;
#1413 = DIRECTION ( 'NONE',  ( 1.000000000000000000, 0.000000000000000000, 0.000000000000000000 ) ) ;
#1414 = CARTESIAN_POINT ( 'NONE',  ( 17.06000000000000227, 12.49999999999999467, 0.000000000000000000 ) ) ;
#1415 = ORIENTED_EDGE ( 'NONE', *, *, #293, .T. ) ;
#1416 = ORIENTED_EDGE ( 'NONE', *, *, #1065, .F. ) ;
#1417 = EDGE_CURVE ( 'NONE', #1019, #468, #960, .T. ) ;
#1418 = EDGE_LOOP ( 'NONE', ( #972, #275, #1234, #1522 ) ) ;
#1419 = FACE_OUTER_BOUND ( 'NONE', #1051, .T. ) ;
#1420 = FILL_AREA_STYLE_COLOUR ( '', #403 ) ;
#1421 = CARTESIAN_POINT ( 'NONE',  ( -17.40499999999999758, 14.71999999999998998, -0.7500000000000003331 ) ) ;
#1422 = CARTESIAN_POINT ( 'NONE',  ( 17.28200000000000713, -14.72000000000000419, 0.000000000000000000 ) ) ;
#1423 = ORIENTED_EDGE ( 'NONE', *, *, #1016, .F. ) ;
#1424 = ORIENTED_EDGE ( 'NONE', *, *, #826, .F. ) ;
#1425 = EDGE_CURVE ( 'NONE', #1408, #567, #135, .T. ) ;
#1426 = ORIENTED_EDGE ( 'NONE', *, *, #409, .T. ) ;
#1427 = VECTOR ( 'NONE', #934, 39.37007874015748143 ) ;
#1428 = DIRECTION ( 'NONE',  ( 1.000000000000000000, 0.000000000000000000, 3.130242492740249268E-15 ) ) ;
#1429 = DIRECTION ( 'NONE',  ( 0.000000000000000000, 0.000000000000000000, 1.000000000000000000 ) ) ;
#1430 = SURFACE_STYLE_FILL_AREA ( #712 ) ;
#1431 = EDGE_CURVE ( 'NONE', #257, #216, #591, .T. ) ;
#1432 = CIRCLE ( 'NONE', #99, 0.1200000000000009948 ) ;
#1433 = DIRECTION ( 'NONE',  ( 0.000000000000000000, 0.000000000000000000, 1.000000000000000000 ) ) ;
#1434 = FACE_OUTER_BOUND ( 'NONE', #1455, .T. ) ;
#1435 = ORIENTED_EDGE ( 'NONE', *, *, #1492, .F. ) ;
#1436 = EDGE_LOOP ( 'NONE', ( #463, #110, #249, #1435 ) ) ;
#1437 = ORIENTED_EDGE ( 'NONE', *, *, #885, .F. ) ;
#1438 = EDGE_CURVE ( 'NONE', #1179, #1327, #722, .T. ) ;
#1439 = CARTESIAN_POINT ( 'NONE',  ( 17.40500000000000824, -14.72000000000000419, -0.7500000000000003331 ) ) ;
#1440 = DIRECTION ( 'NONE',  ( 1.000000000000000000, 0.000000000000000000, 0.000000000000000000 ) ) ;
#1441 = AXIS2_PLACEMENT_3D ( 'NONE', #1139, #1008, #86 ) ;
#1442 = LINE ( 'NONE', #1348, #641 ) ;
#1443 = VERTEX_POINT ( 'NONE', #108 ) ;
#1444 = EDGE_LOOP ( 'NONE', ( #330, #1100, #462, #730 ) ) ;
#1445 = AXIS2_PLACEMENT_3D ( 'NONE', #1241, #1474, #1374 ) ;
#1446 = VECTOR ( 'NONE', #1487, 39.37007874015748143 ) ;
#1447 = VECTOR ( 'NONE', #204, 39.37007874015748143 ) ;
#1448 = ORIENTED_EDGE ( 'NONE', *, *, #653, .T. ) ;
#1449 = CARTESIAN_POINT ( 'NONE',  ( 17.28200000000000358, 14.96999999999999886, -0.1199999999999996764 ) ) ;
#1450 = FACE_OUTER_BOUND ( 'NONE', #958, .T. ) ;
#1451 = DIRECTION ( 'NONE',  ( -3.553623406392513092E-14, -1.000000000000000000, 0.000000000000000000 ) ) ;
#1452 = DIRECTION ( 'NONE',  ( 1.000000000000000000, -0.000000000000000000, 0.000000000000000000 ) ) ;
#1453 = VERTEX_POINT ( 'NONE', #714 ) ;
#1454 = ORIENTED_EDGE ( 'NONE', *, *, #514, .F. ) ;
#1455 = EDGE_LOOP ( 'NONE', ( #121, #989, #1399, #1027 ) ) ;
#1456 = CARTESIAN_POINT ( 'NONE',  ( 17.28200000000000713, -14.97000000000000597, -0.7500000000000003331 ) ) ;
#1457 = DIRECTION ( 'NONE',  ( -1.000000000000000000, 0.000000000000000000, 0.000000000000000000 ) ) ;
#1458 = AXIS2_PLACEMENT_3D ( 'NONE', #1190, #261, #596 ) ;
#1459 = LINE ( 'NONE', #1204, #616 ) ;
#1460 = EDGE_LOOP ( 'NONE', ( #706, #207, #248, #935 ) ) ;
#1461 = ORIENTED_EDGE ( 'NONE', *, *, #554, .F. ) ;
#1462 = ADVANCED_FACE ( 'NONE', ( #492 ), #952, .F. ) ;
#1463 = EDGE_CURVE ( 'NONE', #1162, #1516, #946, .T. ) ;
#1464 = DIRECTION ( 'NONE',  ( -0.000000000000000000, 1.000000000000000000, -0.000000000000000000 ) ) ;
#1465 =( NAMED_UNIT ( * ) PLANE_ANGLE_UNIT ( ) SI_UNIT ( $, .RADIAN. ) );
#1466 = LINE ( 'NONE', #1082, #805 ) ;
#1467 = VERTEX_POINT ( 'NONE', #379 ) ;
#1468 = CARTESIAN_POINT ( 'NONE',  ( 17.40500000000000469, 14.71999999999999353, 0.000000000000000000 ) ) ;
#1469 = CIRCLE ( 'NONE', #847, 0.1559999999999991116 ) ;
#1470 = AXIS2_PLACEMENT_3D ( 'NONE', #1001, #414, #883 ) ;
#1471 = PLANE ( 'NONE',  #471 ) ;
#1472 = LINE ( 'NONE', #311, #525 ) ;
#1473 = DIRECTION ( 'NONE',  ( 1.000000000000000000, 0.000000000000000000, -3.491481338843134539E-15 ) ) ;
#1474 = DIRECTION ( 'NONE',  ( 0.000000000000000000, 0.000000000000000000, 1.000000000000000000 ) ) ;
#1475 = DIRECTION ( 'NONE',  ( -3.167359992654216647E-15, 0.000000000000000000, -1.000000000000000000 ) ) ;
#1476 = EDGE_CURVE ( 'NONE', #716, #937, #819, .T. ) ;
#1477 = PLANE ( 'NONE',  #1387 ) ;
#1478 = EDGE_CURVE ( 'NONE', #700, #611, #850, .T. ) ;
#1479 = FACE_OUTER_BOUND ( 'NONE', #1521, .T. ) ;
#1480 = FACE_OUTER_BOUND ( 'NONE', #1053, .T. ) ;
#1481 = LINE ( 'NONE', #1000, #1122 ) ;
#1482 = DIRECTION ( 'NONE',  ( 1.000000000000000000, 0.000000000000000000, 0.000000000000000000 ) ) ;
#1483 = LINE ( 'NONE', #1062, #408 ) ;
#1484 = PRESENTATION_LAYER_ASSIGNMENT (  '', '', ( #94 ) ) ;
#1485 = LINE ( 'NONE', #697, #745 ) ;
#1486 = VECTOR ( 'NONE', #763, 39.37007874015748143 ) ;
#1487 = DIRECTION ( 'NONE',  ( 0.000000000000000000, 0.000000000000000000, 1.000000000000000000 ) ) ;
#1488 = DIRECTION ( 'NONE',  ( -3.553623406392513092E-14, -1.000000000000000000, 0.000000000000000000 ) ) ;
#1489 = PLANE ( 'NONE',  #380 ) ;
#1490 = EDGE_CURVE ( 'NONE', #339, #1513, #733, .T. ) ;
#1491 = VERTEX_POINT ( 'NONE', #1286 ) ;
#1492 = EDGE_CURVE ( 'NONE', #807, #1260, #230, .T. ) ;
#1493 = LINE ( 'NONE', #1129, #1242 ) ;
#1494 = CARTESIAN_POINT ( 'NONE',  ( 17.40500000000000469, 0.000000000000000000, 5.533738955247724941E-14 ) ) ;
#1495 = DIRECTION ( 'NONE',  ( 0.000000000000000000, 0.000000000000000000, 1.000000000000000000 ) ) ;
#1496 = DIRECTION ( 'NONE',  ( 0.000000000000000000, 0.000000000000000000, -1.000000000000000000 ) ) ;
#1497 = AXIS2_PLACEMENT_3D ( 'NONE', #368, #836, #1094 ) ;
#1498 = EDGE_CURVE ( 'NONE', #1394, #267, #599, .T. ) ;
#1499 = AXIS2_PLACEMENT_3D ( 'NONE', #1212, #993, #1227 ) ;
#1500 = LINE ( 'NONE', #1156, #250 ) ;
#1501 = EDGE_CURVE ( 'NONE', #535, #964, #253, .T. ) ;
#1502 = ORIENTED_EDGE ( 'NONE', *, *, #120, .F. ) ;
#1503 = DIRECTION ( 'NONE',  ( 1.000000000000000000, 0.000000000000000000, 0.000000000000000000 ) ) ;
#1504 = CYLINDRICAL_SURFACE ( 'NONE', #652, 0.1559999999999991116 ) ;
#1505 = CARTESIAN_POINT ( 'NONE',  ( 17.06000000000000227, 12.49999999999999467, -0.05999999999999999778 ) ) ;
#1506 = ORIENTED_EDGE ( 'NONE', *, *, #293, .F. ) ;
#1507 =( GEOMETRIC_REPRESENTATION_CONTEXT ( 3 ) GLOBAL_UNCERTAINTY_ASSIGNED_CONTEXT ( ( #60 ) ) GLOBAL_UNIT_ASSIGNED_CONTEXT ( ( #624, #27, #376 ) ) REPRESENTATION_CONTEXT ( 'NONE', 'WORKASPACE' ) );
#1508 = CARTESIAN_POINT ( 'NONE',  ( 17.28200000000000713, -14.85000000000000320, 0.000000000000000000 ) ) ;
#1509 = ORIENTED_EDGE ( 'NONE', *, *, #654, .F. ) ;
#1510 = CARTESIAN_POINT ( 'NONE',  ( 17.40499999999999758, 14.71999999999999353, -0.7500000000000001110 ) ) ;
#1511 = AXIS2_PLACEMENT_3D ( 'NONE', #1494, #1009, #189 ) ;
#1512 = AXIS2_PLACEMENT_3D ( 'NONE', #453, #221, #559 ) ;
#1513 = VERTEX_POINT ( 'NONE', #863 ) ;
#1514 = ORIENTED_EDGE ( 'NONE', *, *, #822, .T. ) ;
#1515 = CIRCLE ( 'NONE', #720, 0.1200000000000019940 ) ;
#1516 = VERTEX_POINT ( 'NONE', #531 ) ;
#1517 = CARTESIAN_POINT ( 'NONE',  ( -17.28499999999999304, 14.71999999999999353, -0.1199999999999999956 ) ) ;
#1518 = FACE_OUTER_BOUND ( 'NONE', #227, .T. ) ;
#1519 = DIRECTION ( 'NONE',  ( 0.000000000000000000, -3.167359992654216647E-15, 1.000000000000000000 ) ) ;
#1520 = EDGE_CURVE ( 'NONE', #919, #456, #159, .T. ) ;
#1521 = EDGE_LOOP ( 'NONE', ( #685, #810, #1506, #858 ) ) ;
#1522 = ORIENTED_EDGE ( 'NONE', *, *, #695, .F. ) ;
#1523 = ORIENTED_EDGE ( 'NONE', *, *, #1249, .F. ) ;
#1524 = DIRECTION ( 'NONE',  ( 1.000000000000000000, 3.642463991552290689E-14, 0.000000000000000000 ) ) ;
#1525 = DIRECTION ( 'NONE',  ( 0.000000000000000000, 0.000000000000000000, -1.000000000000000000 ) ) ;
#1526 = ORIENTED_EDGE ( 'NONE', *, *, #1016, .T. ) ;
#1527 = ADVANCED_FACE ( 'NONE', ( #396 ), #1096, .F. ) ;
#1528 = ORIENTED_EDGE ( 'NONE', *, *, #171, .T. ) ;
#1529 = ORIENTED_EDGE ( 'NONE', *, *, #995, .T. ) ;
#1530 = CARTESIAN_POINT ( 'NONE',  ( 17.28500000000000369, -14.72000000000000419, -0.1199999999999999956 ) ) ;
#1531 = DIRECTION ( 'NONE',  ( 1.000000000000000000, -0.000000000000000000, -0.000000000000000000 ) ) ;
#1532 = VECTOR ( 'NONE', #297, 39.37007874015748143 ) ;
#1533 = DIRECTION ( 'NONE',  ( 1.000000000000000000, 0.000000000000000000, 0.000000000000000000 ) ) ;
#1534 = ORIENTED_EDGE ( 'NONE', *, *, #804, .T. ) ;
#1535 = AXIS2_PLACEMENT_3D ( 'NONE', #1421, #609, #575 ) ;
#1536 = AXIS2_PLACEMENT_3D ( 'NONE', #1072, #1024, #1080 ) ;
#1537 = EDGE_CURVE ( 'NONE', #383, #367, #500, .T. ) ;
ENDSEC;
END-ISO-10303-21;
