  0
SECTION
  2
HEADER
  9
$ACADVER
  1
AC1015
  9
$ACADMAINTVER
 70
     6
  9
$DWGCODEPAGE
  3
ANSI_1252
  9
$INSBASE
 10
0.0
 20
0.0
 30
0.0
  9
$EXTMIN
 10
-8.727452413
 20
-45.542452413
 30
0.0
  9
$EXTMAX
 10
8.977452413
 20
45.542452413
 30
0.0
  9
$LIMMIN
 10
0.0
 20
0.0
  9
$LIMMAX
 10
12.0
 20
9.0
  9
$ORTHOMODE
 70
     0
  9
$REGENMODE
 70
     1
  9
$FILLMODE
 70
     1
  9
$QTEXTMODE
 70
     0
  9
$MIRRTEXT
 70
     1
  9
$LTSCALE
 40
1.0
  9
$ATTMODE
 70
     1
  9
$TEXTSIZE
 40
0.1377952756
  9
$TRACEWID
 40
0.05
  9
$TEXTSTYLE
  7
Standard
  9
$CLAYER
  8
0
  9
$CELTYPE
  6
ByLayer
  9
$CECOLOR
 62
   256
  9
$CELTSCALE
 40
1.0
  9
$DISPSILH
 70
     0
  9
$DIMSCALE
 40
1.0
  9
$DIMASZ
 40
0.14
  9
$DIMEXO
 40
0.0
  9
$DIMDLI
 40
0.38
  9
$DIMRND
 40
0.0
  9
$DIMDLE
 40
0.0
  9
$DIMEXE
 40
0.0393700787
  9
$DIMTP
 40
0.0
  9
$DIMTM
 40
0.0
  9
$DIMTXT
 40
0.1377952756
  9
$DIMCEN
 40
0.09
  9
$DIMTSZ
 40
0.0
  9
$DIMTOL
 70
     0
  9
$DIMLIM
 70
     0
  9
$DIMTIH
 70
     1
  9
$DIMTOH
 70
     1
  9
$DIMSE1
 70
     0
  9
$DIMSE2
 70
     0
  9
$DIMTAD
 70
     1
  9
$DIMZIN
 70
     0
  9
$DIMBLK
  1

  9
$DIMASO
 70
     1
  9
$DIMSHO
 70
     1
  9
$DIMPOST
  1

  9
$DIMAPOST
  1

  9
$DIMALT
 70
     0
  9
$DIMALTD
 70
     2
  9
$DIMALTF
 40
25.4
  9
$DIMLFAC
 40
1.0
  9
$DIMTOFL
 70
     0
  9
$DIMTVP
 40
0.0
  9
$DIMTIX
 70
     0
  9
$DIMSOXD
 70
     0
  9
$DIMSAH
 70
     0
  9
$DIMBLK1
  1

  9
$DIMBLK2
  1

  9
$DIMSTYLE
  2
Standard
  9
$DIMCLRD
 70
     0
  9
$DIMCLRE
 70
     0
  9
$DIMCLRT
 70
     0
  9
$DIMTFAC
 40
1.0
  9
$DIMGAP
 40
0.06
  9
$DIMJUST
 70
     0
  9
$DIMSD1
 70
     0
  9
$DIMSD2
 70
     0
  9
$DIMTOLJ
 70
     1
  9
$DIMTZIN
 70
     0
  9
$DIMALTZ
 70
     0
  9
$DIMALTTZ
 70
     0
  9
$DIMUPT
 70
     0
  9
$DIMDEC
 70
     2
  9
$DIMTDEC
 70
     2
  9
$DIMALTU
 70
     2
  9
$DIMALTTD
 70
     2
  9
$DIMTXSTY
  7
Standard
  9
$DIMAUNIT
 70
     0
  9
$DIMADEC
 70
     2
  9
$DIMALTRND
 40
0.0
  9
$DIMAZIN
 70
     0
  9
$DIMDSEP
 70
    46
  9
$DIMATFIT
 70
     3
  9
$DIMFRAC
 70
     0
  9
$DIMLDRBLK
  1

  9
$DIMLUNIT
 70
     2
  9
$DIMLWD
 70
    -2
  9
$DIMLWE
 70
    -2
  9
$DIMTMOVE
 70
     0
  9
$LUNITS
 70
     2
  9
$LUPREC
 70
     2
  9
$SKETCHINC
 40
0.1
  9
$FILLETRAD
 40
0.0
  9
$AUNITS
 70
     0
  9
$AUPREC
 70
     2
  9
$MENU
  1
.
  9
$ELEVATION
 40
0.0
  9
$PELEVATION
 40
0.0
  9
$THICKNESS
 40
0.0
  9
$LIMCHECK
 70
     0
  9
$CHAMFERA
 40
0.0
  9
$CHAMFERB
 40
0.0
  9
$CHAMFERC
 40
0.0
  9
$CHAMFERD
 40
0.0
  9
$SKPOLY
 70
     0
  9
$TDCREATE
 40
2461210.383712651
  9
$TDUCREATE
 40
2461210.633712651
  9
$TDUPDATE
 40
2461210.383748553
  9
$TDUUPDATE
 40
2461210.633748553
  9
$TDINDWG
 40
0.0000000116
  9
$TDUSRTIMER
 40
0.0000000116
  9
$USRTIMER
 70
     1
  9
$ANGBASE
 50
0.0
  9
$ANGDIR
 70
     0
  9
$PDMODE
 70
     0
  9
$PDSIZE
 40
-1.0
  9
$PLINEWID
 40
0.0
  9
$SPLFRAME
 70
     0
  9
$SPLINETYPE
 70
     6
  9
$SPLINESEGS
 70
     8
  9
$HANDSEED
  5
1745
  9
$SURFTAB1
 70
     6
  9
$SURFTAB2
 70
     6
  9
$SURFTYPE
 70
     6
  9
$SURFU
 70
     6
  9
$SURFV
 70
     6
  9
$UCSBASE
  2

  9
$UCSNAME
  2

  9
$UCSORG
 10
0.0
 20
0.0
 30
0.0
  9
$UCSXDIR
 10
1.0
 20
0.0
 30
0.0
  9
$UCSYDIR
 10
0.0
 20
1.0
 30
0.0
  9
$UCSORTHOREF
  2

  9
$UCSORTHOVIEW
 70
     0
  9
$UCSORGTOP
 10
0.0
 20
0.0
 30
0.0
  9
$UCSORGBOTTOM
 10
0.0
 20
0.0
 30
0.0
  9
$UCSORGLEFT
 10
0.0
 20
0.0
 30
0.0
  9
$UCSORGRIGHT
 10
0.0
 20
0.0
 30
0.0
  9
$UCSORGFRONT
 10
0.0
 20
0.0
 30
0.0
  9
$UCSORGBACK
 10
0.0
 20
0.0
 30
0.0
  9
$PUCSBASE
  2

  9
$PUCSNAME
  2

  9
$PUCSORG
 10
0.0
 20
0.0
 30
0.0
  9
$PUCSXDIR
 10
1.0
 20
0.0
 30
0.0
  9
$PUCSYDIR
 10
0.0
 20
1.0
 30
0.0
  9
$PUCSORTHOREF
  2

  9
$PUCSORTHOVIEW
 70
     0
  9
$PUCSORGTOP
 10
0.0
 20
0.0
 30
0.0
  9
$PUCSORGBOTTOM
 10
0.0
 20
0.0
 30
0.0
  9
$PUCSORGLEFT
 10
0.0
 20
0.0
 30
0.0
  9
$PUCSORGRIGHT
 10
0.0
 20
0.0
 30
0.0
  9
$PUCSORGFRONT
 10
0.0
 20
0.0
 30
0.0
  9
$PUCSORGBACK
 10
0.0
 20
0.0
 30
0.0
  9
$USERI1
 70
     0
  9
$USERI2
 70
     0
  9
$USERI3
 70
     0
  9
$USERI4
 70
     0
  9
$USERI5
 70
     0
  9
$USERR1
 40
0.0
  9
$USERR2
 40
0.0
  9
$USERR3
 40
0.0
  9
$USERR4
 40
0.0
  9
$USERR5
 40
0.0
  9
$WORLDVIEW
 70
     1
  9
$SHADEDGE
 70
     3
  9
$SHADEDIF
 70
    70
  9
$TILEMODE
 70
     1
  9
$MAXACTVP
 70
    64
  9
$PINSBASE
 10
0.0
 20
0.0
 30
0.0
  9
$PLIMCHECK
 70
     0
  9
$PEXTMIN
 10
1.0000000000E+20
 20
1.0000000000E+20
 30
1.0000000000E+20
  9
$PEXTMAX
 10
-1.0000000000E+20
 20
-1.0000000000E+20
 30
-1.0000000000E+20
  9
$PLIMMIN
 10
0.0
 20
0.0
  9
$PLIMMAX
 10
12.0
 20
9.0
  9
$UNITMODE
 70
     0
  9
$VISRETAIN
 70
     1
  9
$PLINEGEN
 70
     0
  9
$PSLTSCALE
 70
     1
  9
$TREEDEPTH
 70
  3020
  9
$CMLSTYLE
  2
Standard
  9
$CMLJUST
 70
     0
  9
$CMLSCALE
 40
1.0
  9
$PROXYGRAPHICS
 70
     1
  9
$MEASUREMENT
 70
     0
  9
$CELWEIGHT
370
    -1
  9
$ENDCAPS
280
     0
  9
$JOINSTYLE
280
     0
  9
$LWDISPLAY
290
     1
  9
$INSUNITS
 70
     1
  9
$HYPERLINKBASE
  1

  9
$STYLESHEET
  1

  9
$XEDIT
290
     1
  9
$CEPSNTYPE
380
     0
  9
$PSTYLEMODE
290
     1
  9
$FINGERPRINTGUID
  2
{8314b847-d734-4e03-ae55-ab715a380866}
  9
$VERSIONGUID
  2
{FAEB1C32-E019-11D5-929B-00C0DF256EC4}
  9
$EXTNAMES
290
     1
  9
$PSVPSCALE
 40
0.0
  9
$OLESTARTUP
290
     0
  0
ENDSEC
  0
SECTION
  2
CLASSES
  0
CLASS
  1
ACDBDICTIONARYWDFLT
  2
AcDbDictionaryWithDefault
  3
ObjectDBX Classes
 90
        0
280
     0
281
     0
  0
CLASS
  1
VISUALSTYLE
  2
AcDbVisualStyle
  3
ObjectDBX Classes
 90
     4095
280
     0
281
     0
  0
CLASS
  1
MATERIAL
  2
AcDbMaterial
  3
ObjectDBX Classes
 90
     1153
280
     0
281
     0
  0
CLASS
  1
SCALE
  2
AcDbScale
  3
ObjectDBX Classes
 90
     1153
280
     0
281
     0
  0
CLASS
  1
TABLESTYLE
  2
AcDbTableStyle
  3
ObjectDBX Classes
 90
     4095
280
     0
281
     0
  0
CLASS
  1
MLEADERSTYLE
  2
AcDbMLeaderStyle
  3
ACDB_MLEADERSTYLE_CLASS
 90
     4095
280
     0
281
     0
  0
CLASS
  1
SUN
  2
AcDbSun
  3
SCENEOE
 90
     1153
280
     0
281
     0
  0
CLASS
  1
ACDBPLACEHOLDER
  2
AcDbPlaceHolder
  3
ObjectDBX Classes
 90
        0
280
     0
281
     0
  0
CLASS
  1
LAYOUT
  2
AcDbLayout
  3
ObjectDBX Classes
 90
        0
280
     0
281
     0
  0
ENDSEC
  0
SECTION
  2
TABLES
  0
TABLE
  2
VPORT
  5
8
330
0
100
AcDbSymbolTable
 70
     1
  0
VPORT
  5
29
330
8
100
AcDbSymbolTableRecord
100
AcDbViewportTableRecord
  2
*Active
 70
     0
 10
0.0
 20
0.0
 11
1.0
 21
1.0
 12
0.125
 22
0.0
 13
0.0
 23
0.0
 14
0.5
 24
0.5
 15
0.5
 25
0.5
 16
0.0
 26
0.0
 36
1.0
 17
0.0
 27
0.0
 37
0.0
 40
92.9066029226
 41
0.1943780351
 42
50.0
 43
0.0
 44
0.0
 50
0.0
 51
0.0
 71
     0
 72
   100
 73
     1
 74
     3
 75
     0
 76
     0
 77
     0
 78
     0
281
     0
 65
     1
110
0.0
120
0.0
130
0.0
111
1.0
121
0.0
131
0.0
112
0.0
122
1.0
132
0.0
 79
     0
146
0.0
  0
ENDTAB
  0
TABLE
  2
LTYPE
  5
5
330
0
100
AcDbSymbolTable
 70
     6
  0
LTYPE
  5
14
330
5
100
AcDbSymbolTableRecord
100
AcDbLinetypeTableRecord
  2
ByBlock
 70
     0
  3

 72
    65
 73
     0
 40
0.0
  0
LTYPE
  5
15
330
5
100
AcDbSymbolTableRecord
100
AcDbLinetypeTableRecord
  2
ByLayer
 70
     0
  3

 72
    65
 73
     0
 40
0.0
  0
LTYPE
  5
16
330
5
100
AcDbSymbolTableRecord
100
AcDbLinetypeTableRecord
  2
Continuous
 70
     0
  3
Solid line
 72
    65
 73
     0
 40
0.0
  0
LTYPE
  5
5E
330
5
100
AcDbSymbolTableRecord
100
AcDbLinetypeTableRecord
  2
HIDDEN
 70
     0
  3
Hidden __ __ __ __ __ __ __ __ __ __ __ __ __ __
 72
    65
 73
     2
 40
0.075
 49
0.05
 74
     0
 49
-0.025
 74
     0
  0
LTYPE
  5
5F
330
5
100
AcDbSymbolTableRecord
100
AcDbLinetypeTableRecord
  2
PHANTOM
 70
     0
  3
Phantom ______  __  __  ______  __  __  ______
 72
    65
 73
     6
 40
0.5
 49
0.25
 74
     0
 49
-0.05
 74
     0
 49
0.05
 74
     0
 49
-0.05
 74
     0
 49
0.05
 74
     0
 49
-0.05
 74
     0
  0
LTYPE
  5
60
330
5
100
AcDbSymbolTableRecord
100
AcDbLinetypeTableRecord
  2
CENTER
 70
     0
  3
Center ____ _ ____ _ ____ _ ____ _ ____ _ ____
 72
    65
 73
     4
 40
0.4
 49
0.25
 74
     0
 49
-0.05
 74
     0
 49
0.05
 74
     0
 49
-0.05
 74
     0
  0
LTYPE
  5
61
330
5
100
AcDbSymbolTableRecord
100
AcDbLinetypeTableRecord
  2
CENTERX2
 70
     0
  3
Center (2x) ________  __  ________  __  _____
 72
    65
 73
     4
 40
0.8
 49
0.5
 74
     0
 49
-0.1
 74
     0
 49
0.1
 74
     0
 49
-0.1
 74
     0
  0
LTYPE
  5
62
330
5
100
AcDbSymbolTableRecord
100
AcDbLinetypeTableRecord
  2
DOT2
 70
     0
  3
Dot (.5x) ........................................
 72
    65
 73
     2
 40
0.025
 49
0.0
 74
     0
 49
-0.025
 74
     0
  0
ENDTAB
  0
TABLE
  2
LAYER
  5
2
330
0
100
AcDbSymbolTable
 70
     1
  0
LAYER
  5
10
330
2
100
AcDbSymbolTableRecord
100
AcDbLayerTableRecord
  2
0
 70
     0
 62
     7
  6
Continuous
370
    -3
390
F
  0
ENDTAB
  0
TABLE
  2
STYLE
  5
3
330
0
100
AcDbSymbolTable
 70
     1
  0
STYLE
  5
11
330
3
100
AcDbSymbolTableRecord
100
AcDbTextStyleTableRecord
  2
Standard
 70
     0
 40
0.0
 41
1.0
 50
0.0
 71
     0
 42
0.1377952756
  3
txt
  4

  0
ENDTAB
  0
TABLE
  2
VIEW
  5
6
330
0
100
AcDbSymbolTable
 70
     0
  0
ENDTAB
  0
TABLE
  2
UCS
  5
7
330
0
100
AcDbSymbolTable
 70
     0
  0
ENDTAB
  0
TABLE
  2
APPID
  5
9
330
0
100
AcDbSymbolTable
 70
     1
  0
APPID
  5
12
330
9
100
AcDbSymbolTableRecord
100
AcDbRegAppTableRecord
  2
ACAD
 70
     0
  0
ENDTAB
  0
TABLE
  2
DIMSTYLE
  5
A
330
0
100
AcDbSymbolTable
 70
     1
100
AcDbDimStyleTable
  0
DIMSTYLE
105
27
330
A
100
AcDbSymbolTableRecord
100
AcDbDimStyleTableRecord
  2
Standard
 70
     0
178
     0
340
11
  0
ENDTAB
  0
TABLE
  2
BLOCK_RECORD
  5
1
330
0
100
AcDbSymbolTable
 70
     1
  0
BLOCK_RECORD
  5
1F
330
1
100
AcDbSymbolTableRecord
100
AcDbBlockTableRecord
  2
*Model_Space
340
22
  0
BLOCK_RECORD
  5
1B
330
1
100
AcDbSymbolTableRecord
100
AcDbBlockTableRecord
  2
*Paper_Space
340
1E
  0
BLOCK_RECORD
  5
23
330
1
100
AcDbSymbolTableRecord
100
AcDbBlockTableRecord
  2
*Paper_Space0
340
26
  0
ENDTAB
  0
ENDSEC
  0
SECTION
  2
BLOCKS
  0
BLOCK
  5
20
330
1F
100
AcDbEntity
  8
0
100
AcDbBlockBegin
  2
*Model_Space
 70
     0
 10
0.0
 20
0.0
 30
0.0
  3
*Model_Space
  1

  0
ENDBLK
  5
21
330
1F
100
AcDbEntity
  8
0
100
AcDbBlockEnd
  0
BLOCK
  5
1C
330
1B
100
AcDbEntity
 67
     1
  8
0
100
AcDbBlockBegin
  2
*Paper_Space
 70
     0
 10
0.0
 20
0.0
 30
0.0
  3
*Paper_Space
  1

  0
ENDBLK
  5
1D
330
1B
100
AcDbEntity
 67
     1
  8
0
100
AcDbBlockEnd
  0
BLOCK
  5
24
330
23
100
AcDbEntity
  8
0
100
AcDbBlockBegin
  2
*Paper_Space0
 70
     0
 10
0.0
 20
0.0
 30
0.0
  3
*Paper_Space0
  1

  0
ENDBLK
  5
25
330
23
100
AcDbEntity
  8
0
100
AcDbBlockEnd
  0
ENDSEC
  0
SECTION
  2
ENTITIES
  0
CIRCLE
  5
85
330
1F
100
AcDbEntity
  8
0
  6
Continuous
 62
     7
370
    25
100
AcDbCircle
 10
-7.175
 20
-36.25
 30
0.0
 40
0.0949999999999998
  0
CIRCLE
  5
86
330
1F
100
AcDbEntity
  8
0
  6
Continuous
 62
     7
370
    25
100
AcDbCircle
 10
-7.175
 20
36.25
 30
0.0
 40
0.0949999999999998
  0
CIRCLE
  5
87
330
1F
100
AcDbEntity
  8
0
  6
Continuous
 62
     7
370
    25
100
AcDbCircle
 10
-7.175
 20
35.0
 30
0.0
 40
0.0949999999999998
  0
CIRCLE
  5
88
330
1F
100
AcDbEntity
  8
0
  6
Continuous
 62
     7
370
    25
100
AcDbCircle
 10
-7.175
 20
13.75
 30
0.0
 40
0.0949999999999989
  0
CIRCLE
  5
89
330
1F
100
AcDbEntity
  8
0
  6
Continuous
 62
     7
370
    25
100
AcDbCircle
 10
-7.175
 20
12.5
 30
0.0
 40
0.0950000000000006
  0
CIRCLE
  5
8A
330
1F
100
AcDbEntity
  8
0
  6
Continuous
 62
     7
370
    25
100
AcDbCircle
 10
6.995
 20
31.69
 30
0.0
 40
0.0999999999999996
  0
CIRCLE
  5
8B
330
1F
100
AcDbEntity
  8
0
  6
Continuous
 62
     7
370
    25
100
AcDbCircle
 10
-7.005
 20
4.13
 30
0.0
 40
0.0999999999999979
  0
CIRCLE
  5
8C
330
1F
100
AcDbEntity
  8
0
  6
Continuous
 62
     7
370
    25
100
AcDbCircle
 10
6.995
 20
4.13
 30
0.0
 40
0.0999999999999988
  0
CIRCLE
  5
8D
330
1F
100
AcDbEntity
  8
0
  6
Continuous
 62
     7
370
    25
100
AcDbCircle
 10
-7.005
 20
-4.12
 30
0.0
 40
0.099999999999997
  0
CIRCLE
  5
8E
330
1F
100
AcDbEntity
  8
0
  6
Continuous
 62
     7
370
    25
100
AcDbCircle
 10
-7.005
 20
39.94
 30
0.0
 40
0.0999999999999917
  0
CIRCLE
  5
8F
330
1F
100
AcDbEntity
  8
0
  6
Continuous
 62
     7
370
    25
100
AcDbCircle
 10
6.995
 20
39.94
 30
0.0
 40
0.0999999999999917
  0
CIRCLE
  5
90
330
1F
100
AcDbEntity
  8
0
  6
Continuous
 62
     7
370
    25
100
AcDbCircle
 10
-7.005
 20
31.69
 30
0.0
 40
0.0999999999999996
  0
CIRCLE
  5
91
330
1F
100
AcDbEntity
  8
0
  6
Continuous
 62
     7
370
    25
100
AcDbCircle
 10
-7.175
 20
-12.5
 30
0.0
 40
0.0950000000000006
  0
CIRCLE
  5
92
330
1F
100
AcDbEntity
  8
0
  6
Continuous
 62
     7
370
    25
100
AcDbCircle
 10
-7.175
 20
-13.75
 30
0.0
 40
0.0950000000000006
  0
CIRCLE
  5
93
330
1F
100
AcDbEntity
  8
0
  6
Continuous
 62
     7
370
    25
100
AcDbCircle
 10
-7.175
 20
-35.0
 30
0.0
 40
0.0949999999999998
  0
CIRCLE
  5
94
330
1F
100
AcDbEntity
  8
0
  6
Continuous
 62
     7
370
    25
100
AcDbCircle
 10
6.995
 20
-39.94
 30
0.0
 40
0.1000000000000032
  0
CIRCLE
  5
95
330
1F
100
AcDbEntity
  8
0
  6
Continuous
 62
     7
370
    25
100
AcDbCircle
 10
6.995
 20
-4.12
 30
0.0
 40
0.0999999999999988
  0
CIRCLE
  5
96
330
1F
100
AcDbEntity
  8
0
  6
Continuous
 62
     7
370
    25
100
AcDbCircle
 10
-7.005
 20
-31.69
 30
0.0
 40
0.0999999999999996
  0
CIRCLE
  5
97
330
1F
100
AcDbEntity
  8
0
  6
Continuous
 62
     7
370
    25
100
AcDbCircle
 10
6.995
 20
-31.69
 30
0.0
 40
0.0999999999999996
  0
CIRCLE
  5
98
330
1F
100
AcDbEntity
  8
0
  6
Continuous
 62
     7
370
    25
100
AcDbCircle
 10
-7.005
 20
-39.94
 30
0.0
 40
0.1000000000000032
  0
CIRCLE
  5
99
330
1F
100
AcDbEntity
  8
0
  6
Continuous
 62
     7
370
    25
100
AcDbCircle
 10
8.065
 20
-38.75
 30
0.0
 40
0.0999999999999979
  0
CIRCLE
  5
7DA
330
1F
100
AcDbEntity
  8
0
  6
Continuous
 62
     7
370
    25
100
AcDbCircle
 10
8.065
 20
18.75
 30
0.0
 40
0.0999999999999996
  0
CIRCLE
  5
7DB
330
1F
100
AcDbEntity
  8
0
  6
Continuous
 62
     7
370
    25
100
AcDbCircle
 10
8.065
 20
38.75
 30
0.0
 40
0.0999999999999943
  0
CIRCLE
  5
7DC
330
1F
100
AcDbEntity
  8
0
  6
Continuous
 62
     7
370
    25
100
AcDbCircle
 10
8.065
 20
-18.75
 30
0.0
 40
0.1000000000000032
  0
CIRCLE
  5
7DD
330
1F
100
AcDbEntity
  8
0
  6
Continuous
 62
     7
370
    25
100
AcDbCircle
 10
8.065
 20
0.0
 30
0.0
 40
0.0999999999999996
  0
LINE
  5
BE0
330
1F
100
AcDbEntity
  8
0
  6
Continuous
 62
     7
370
    25
100
AcDbLine
 10
-8.025
 20
44.72
 30
0.0
 11
-8.025
 21
45.542452413
 31
0.0
  0
LINE
  5
BE1
330
1F
100
AcDbEntity
  8
0
  6
Continuous
 62
     7
370
    25
100
AcDbLine
 10
8.155
 20
45.542452413
 30
0.0
 11
-8.025
 21
45.542452413
 31
0.0
  0
LINE
  5
BE2
330
1F
100
AcDbEntity
  8
0
  6
Continuous
 62
     7
370
    25
100
AcDbLine
 10
8.155
 20
45.542452413
 30
0.0
 11
8.155
 21
44.72
 31
0.0
  0
LINE
  5
BE3
330
1F
100
AcDbEntity
  8
0
  6
Continuous
 62
     7
370
    25
100
AcDbLine
 10
8.977452413
 20
-44.72
 30
0.0
 11
8.155
 21
-44.72
 31
0.0
  0
LINE
  5
BE4
330
1F
100
AcDbEntity
  8
0
  6
Continuous
 62
     7
370
    25
100
AcDbLine
 10
8.155
 20
-44.72
 30
0.0
 11
8.155
 21
-45.542452413
 31
0.0
  0
LINE
  5
BE5
330
1F
100
AcDbEntity
  8
0
  6
Continuous
 62
     7
370
    25
100
AcDbLine
 10
-8.025
 20
-45.542452413
 30
0.0
 11
8.155
 21
-45.542452413
 31
0.0
  0
LINE
  5
BE6
330
1F
100
AcDbEntity
  8
0
  6
Continuous
 62
     7
370
    25
100
AcDbLine
 10
-8.025
 20
-45.542452413
 30
0.0
 11
-8.025
 21
-44.72
 31
0.0
  0
LINE
  5
BE7
330
1F
100
AcDbEntity
  8
0
  6
Continuous
 62
     7
370
    25
100
AcDbLine
 10
-8.025
 20
-44.72
 30
0.0
 11
-8.727452413
 21
-44.72
 31
0.0
  0
LINE
  5
BE8
330
1F
100
AcDbEntity
  8
0
  6
Continuous
 62
     7
370
    25
100
AcDbLine
 10
-8.727452413
 20
-44.72
 30
0.0
 11
-8.727452413
 21
-42.47
 31
0.0
  0
LINE
  5
BE9
330
1F
100
AcDbEntity
  8
0
  6
Continuous
 62
     7
370
    25
100
AcDbLine
 10
-8.727452413
 20
-42.47
 30
0.0
 11
-8.155
 21
-42.47
 31
0.0
  0
LINE
  5
BEA
330
1F
100
AcDbEntity
  8
0
  6
Continuous
 62
     7
370
    25
100
AcDbLine
 10
-8.155
 20
-42.47
 30
0.0
 11
-8.155
 21
-37.72
 31
0.0
  0
LINE
  5
BEB
330
1F
100
AcDbEntity
  8
0
  6
Continuous
 62
     7
370
    25
100
AcDbLine
 10
-8.155
 20
-37.72
 30
0.0
 11
-8.727452413
 21
-37.72
 31
0.0
  0
LINE
  5
BEC
330
1F
100
AcDbEntity
  8
0
  6
Continuous
 62
     7
370
    25
100
AcDbLine
 10
-8.727452413
 20
-37.72
 30
0.0
 11
-8.727452413
 21
-37.02
 31
0.0
  0
LINE
  5
BED
330
1F
100
AcDbEntity
  8
0
  6
Continuous
 62
     7
370
    25
100
AcDbLine
 10
-8.727452413
 20
-37.02
 30
0.0
 11
-8.497452413
 21
-37.02
 31
0.0
  0
LINE
  5
BEE
330
1F
100
AcDbEntity
  8
0
  6
Continuous
 62
     7
370
    25
100
AcDbLine
 10
-8.497452413
 20
-37.02
 30
0.0
 11
-8.497452413
 21
-34.22
 31
0.0
  0
LINE
  5
BEF
330
1F
100
AcDbEntity
  8
0
  6
Continuous
 62
     7
370
    25
100
AcDbLine
 10
-8.497452413
 20
-34.22
 30
0.0
 11
-8.727452413
 21
-34.22
 31
0.0
  0
LINE
  5
BF0
330
1F
100
AcDbEntity
  8
0
  6
Continuous
 62
     7
370
    25
100
AcDbLine
 10
-8.727452413
 20
-34.22
 30
0.0
 11
-8.727452413
 21
-14.52
 31
0.0
  0
LINE
  5
BF1
330
1F
100
AcDbEntity
  8
0
  6
Continuous
 62
     7
370
    25
100
AcDbLine
 10
-8.727452413
 20
-14.52
 30
0.0
 11
-8.497452413
 21
-14.52
 31
0.0
  0
LINE
  5
BF2
330
1F
100
AcDbEntity
  8
0
  6
Continuous
 62
     7
370
    25
100
AcDbLine
 10
-8.497452413
 20
-14.52
 30
0.0
 11
-8.497452413
 21
-11.72
 31
0.0
  0
LINE
  5
BF3
330
1F
100
AcDbEntity
  8
0
  6
Continuous
 62
     7
370
    25
100
AcDbLine
 10
-8.497452413
 20
-11.72
 30
0.0
 11
-8.727452413
 21
-11.72
 31
0.0
  0
LINE
  5
BF4
330
1F
100
AcDbEntity
  8
0
  6
Continuous
 62
     7
370
    25
100
AcDbLine
 10
-8.727452413
 20
-11.72
 30
0.0
 11
-8.727452413
 21
11.72
 31
0.0
  0
LINE
  5
BF5
330
1F
100
AcDbEntity
  8
0
  6
Continuous
 62
     7
370
    25
100
AcDbLine
 10
-8.727452413
 20
11.72
 30
0.0
 11
-8.497452413
 21
11.72
 31
0.0
  0
LINE
  5
BF6
330
1F
100
AcDbEntity
  8
0
  6
Continuous
 62
     7
370
    25
100
AcDbLine
 10
-8.497452413
 20
11.72
 30
0.0
 11
-8.497452413
 21
14.52
 31
0.0
  0
LINE
  5
BF7
330
1F
100
AcDbEntity
  8
0
  6
Continuous
 62
     7
370
    25
100
AcDbLine
 10
-8.497452413
 20
14.52
 30
0.0
 11
-8.727452413
 21
14.52
 31
0.0
  0
LINE
  5
BF8
330
1F
100
AcDbEntity
  8
0
  6
Continuous
 62
     7
370
    25
100
AcDbLine
 10
-8.727452413
 20
14.52
 30
0.0
 11
-8.727452413
 21
34.22
 31
0.0
  0
LINE
  5
BF9
330
1F
100
AcDbEntity
  8
0
  6
Continuous
 62
     7
370
    25
100
AcDbLine
 10
-8.727452413
 20
34.22
 30
0.0
 11
-8.497452413
 21
34.22
 31
0.0
  0
LINE
  5
BFA
330
1F
100
AcDbEntity
  8
0
  6
Continuous
 62
     7
370
    25
100
AcDbLine
 10
-8.497452413
 20
34.22
 30
0.0
 11
-8.497452413
 21
37.02
 31
0.0
  0
LINE
  5
BFB
330
1F
100
AcDbEntity
  8
0
  6
Continuous
 62
     7
370
    25
100
AcDbLine
 10
-8.497452413
 20
37.02
 30
0.0
 11
-8.727452413
 21
37.02
 31
0.0
  0
LINE
  5
BFC
330
1F
100
AcDbEntity
  8
0
  6
Continuous
 62
     7
370
    25
100
AcDbLine
 10
-8.727452413
 20
37.02
 30
0.0
 11
-8.727452413
 21
37.72
 31
0.0
  0
LINE
  5
BFD
330
1F
100
AcDbEntity
  8
0
  6
Continuous
 62
     7
370
    25
100
AcDbLine
 10
-8.727452413
 20
37.72
 30
0.0
 11
-8.155
 21
37.72
 31
0.0
  0
LINE
  5
BFE
330
1F
100
AcDbEntity
  8
0
  6
Continuous
 62
     7
370
    25
100
AcDbLine
 10
-8.155
 20
37.72
 30
0.0
 11
-8.155
 21
42.47
 31
0.0
  0
LINE
  5
BFF
330
1F
100
AcDbEntity
  8
0
  6
Continuous
 62
     7
370
    25
100
AcDbLine
 10
-8.155
 20
42.47
 30
0.0
 11
-8.727452413
 21
42.47
 31
0.0
  0
LINE
  5
C00
330
1F
100
AcDbEntity
  8
0
  6
Continuous
 62
     7
370
    25
100
AcDbLine
 10
-8.727452413
 20
42.47
 30
0.0
 11
-8.727452413
 21
44.72
 31
0.0
  0
LINE
  5
C01
330
1F
100
AcDbEntity
  8
0
  6
Continuous
 62
     7
370
    25
100
AcDbLine
 10
-8.727452413
 20
44.72
 30
0.0
 11
-8.025
 21
44.72
 31
0.0
  0
LINE
  5
C02
330
1F
100
AcDbEntity
  8
0
  6
Continuous
 62
     7
370
    25
100
AcDbLine
 10
-4.468
 20
1.781
 30
0.0
 11
-4.905
 21
1.781
 31
0.0
  0
LINE
  5
C03
330
1F
100
AcDbEntity
  8
0
  6
Continuous
 62
     7
370
    25
100
AcDbLine
 10
-4.905
 20
1.781
 30
0.0
 11
-4.905
 21
1.344
 31
0.0
  0
LINE
  5
C04
330
1F
100
AcDbEntity
  8
0
  6
Continuous
 62
     7
370
    25
100
AcDbLine
 10
-4.905
 20
1.344
 30
0.0
 11
-4.468
 21
1.344
 31
0.0
  0
LINE
  5
C05
330
1F
100
AcDbEntity
  8
0
  6
Continuous
 62
     7
370
    25
100
AcDbLine
 10
-4.468
 20
1.344
 30
0.0
 11
-4.468
 21
1.781
 31
0.0
  0
LINE
  5
C06
330
1F
100
AcDbEntity
  8
0
  6
Continuous
 62
     7
370
    25
100
AcDbLine
 10
-4.468
 20
-34.033
 30
0.0
 11
-4.905
 21
-34.033
 31
0.0
  0
LINE
  5
C07
330
1F
100
AcDbEntity
  8
0
  6
Continuous
 62
     7
370
    25
100
AcDbLine
 10
-4.905
 20
-34.033
 30
0.0
 11
-4.905
 21
-34.47
 31
0.0
  0
LINE
  5
C08
330
1F
100
AcDbEntity
  8
0
  6
Continuous
 62
     7
370
    25
100
AcDbLine
 10
-4.905
 20
-34.47
 30
0.0
 11
-4.468
 21
-34.47
 31
0.0
  0
LINE
  5
C09
330
1F
100
AcDbEntity
  8
0
  6
Continuous
 62
     7
370
    25
100
AcDbLine
 10
-4.468
 20
-34.47
 30
0.0
 11
-4.468
 21
-34.033
 31
0.0
  0
LINE
  5
C0A
330
1F
100
AcDbEntity
  8
0
  6
Continuous
 62
     7
370
    25
100
AcDbLine
 10
-5.093
 20
-34.033
 30
0.0
 11
-5.53
 21
-34.033
 31
0.0
  0
LINE
  5
C0B
330
1F
100
AcDbEntity
  8
0
  6
Continuous
 62
     7
370
    25
100
AcDbLine
 10
-5.53
 20
-34.033
 30
0.0
 11
-5.53
 21
-34.47
 31
0.0
  0
LINE
  5
C0C
330
1F
100
AcDbEntity
  8
0
  6
Continuous
 62
     7
370
    25
100
AcDbLine
 10
-5.53
 20
-34.47
 30
0.0
 11
-5.093
 21
-34.47
 31
0.0
  0
LINE
  5
C0D
330
1F
100
AcDbEntity
  8
0
  6
Continuous
 62
     7
370
    25
100
AcDbLine
 10
-5.093
 20
-34.47
 30
0.0
 11
-5.093
 21
-34.033
 31
0.0
  0
LINE
  5
C0E
330
1F
100
AcDbEntity
  8
0
  6
Continuous
 62
     7
370
    25
100
AcDbLine
 10
-5.093
 20
37.597
 30
0.0
 11
-5.53
 21
37.597
 31
0.0
  0
LINE
  5
C0F
330
1F
100
AcDbEntity
  8
0
  6
Continuous
 62
     7
370
    25
100
AcDbLine
 10
-5.53
 20
37.597
 30
0.0
 11
-5.53
 21
37.16
 31
0.0
  0
LINE
  5
C10
330
1F
100
AcDbEntity
  8
0
  6
Continuous
 62
     7
370
    25
100
AcDbLine
 10
-5.53
 20
37.16
 30
0.0
 11
-5.093
 21
37.16
 31
0.0
  0
LINE
  5
C11
330
1F
100
AcDbEntity
  8
0
  6
Continuous
 62
     7
370
    25
100
AcDbLine
 10
-5.093
 20
37.16
 30
0.0
 11
-5.093
 21
37.597
 31
0.0
  0
LINE
  5
C12
330
1F
100
AcDbEntity
  8
0
  6
Continuous
 62
     7
370
    25
100
AcDbLine
 10
-5.093
 20
-35.908
 30
0.0
 11
-5.53
 21
-35.908
 31
0.0
  0
LINE
  5
C13
330
1F
100
AcDbEntity
  8
0
  6
Continuous
 62
     7
370
    25
100
AcDbLine
 10
-5.53
 20
-35.908
 30
0.0
 11
-5.53
 21
-36.345
 31
0.0
  0
LINE
  5
C14
330
1F
100
AcDbEntity
  8
0
  6
Continuous
 62
     7
370
    25
100
AcDbLine
 10
-5.53
 20
-36.345
 30
0.0
 11
-5.093
 21
-36.345
 31
0.0
  0
LINE
  5
C15
330
1F
100
AcDbEntity
  8
0
  6
Continuous
 62
     7
370
    25
100
AcDbLine
 10
-5.093
 20
-36.345
 30
0.0
 11
-5.093
 21
-35.908
 31
0.0
  0
LINE
  5
C16
330
1F
100
AcDbEntity
  8
0
  6
Continuous
 62
     7
370
    25
100
AcDbLine
 10
-5.093
 20
-0.094
 30
0.0
 11
-5.53
 21
-0.094
 31
0.0
  0
LINE
  5
C17
330
1F
100
AcDbEntity
  8
0
  6
Continuous
 62
     7
370
    25
100
AcDbLine
 10
-5.53
 20
-0.094
 30
0.0
 11
-5.53
 21
-0.531
 31
0.0
  0
LINE
  5
C18
330
1F
100
AcDbEntity
  8
0
  6
Continuous
 62
     7
370
    25
100
AcDbLine
 10
-5.53
 20
-0.531
 30
0.0
 11
-5.093
 21
-0.531
 31
0.0
  0
LINE
  5
C19
330
1F
100
AcDbEntity
  8
0
  6
Continuous
 62
     7
370
    25
100
AcDbLine
 10
-5.093
 20
-0.531
 30
0.0
 11
-5.093
 21
-0.094
 31
0.0
  0
LINE
  5
C1A
330
1F
100
AcDbEntity
  8
0
  6
Continuous
 62
     7
370
    25
100
AcDbLine
 10
-4.468
 20
-0.094
 30
0.0
 11
-4.905
 21
-0.094
 31
0.0
  0
LINE
  5
C1B
330
1F
100
AcDbEntity
  8
0
  6
Continuous
 62
     7
370
    25
100
AcDbLine
 10
-4.905
 20
-0.094
 30
0.0
 11
-4.905
 21
-0.531
 31
0.0
  0
LINE
  5
C1C
330
1F
100
AcDbEntity
  8
0
  6
Continuous
 62
     7
370
    25
100
AcDbLine
 10
-4.905
 20
-0.531
 30
0.0
 11
-4.468
 21
-0.531
 31
0.0
  0
LINE
  5
C1D
330
1F
100
AcDbEntity
  8
0
  6
Continuous
 62
     7
370
    25
100
AcDbLine
 10
-4.468
 20
-0.531
 30
0.0
 11
-4.468
 21
-0.094
 31
0.0
  0
LINE
  5
C1E
330
1F
100
AcDbEntity
  8
0
  6
Continuous
 62
     7
370
    25
100
AcDbLine
 10
-5.093
 20
35.722
 30
0.0
 11
-5.53
 21
35.722
 31
0.0
  0
LINE
  5
C1F
330
1F
100
AcDbEntity
  8
0
  6
Continuous
 62
     7
370
    25
100
AcDbLine
 10
-5.53
 20
35.722
 30
0.0
 11
-5.53
 21
35.285
 31
0.0
  0
LINE
  5
C20
330
1F
100
AcDbEntity
  8
0
  6
Continuous
 62
     7
370
    25
100
AcDbLine
 10
-5.53
 20
35.285
 30
0.0
 11
-5.093
 21
35.285
 31
0.0
  0
LINE
  5
C21
330
1F
100
AcDbEntity
  8
0
  6
Continuous
 62
     7
370
    25
100
AcDbLine
 10
-5.093
 20
35.285
 30
0.0
 11
-5.093
 21
35.722
 31
0.0
  0
LINE
  5
C22
330
1F
100
AcDbEntity
  8
0
  6
Continuous
 62
     7
370
    25
100
AcDbLine
 10
-3.218
 20
-34.033
 30
0.0
 11
-3.655
 21
-34.033
 31
0.0
  0
LINE
  5
C23
330
1F
100
AcDbEntity
  8
0
  6
Continuous
 62
     7
370
    25
100
AcDbLine
 10
-3.655
 20
-34.033
 30
0.0
 11
-3.655
 21
-34.47
 31
0.0
  0
LINE
  5
C24
330
1F
100
AcDbEntity
  8
0
  6
Continuous
 62
     7
370
    25
100
AcDbLine
 10
-3.655
 20
-34.47
 30
0.0
 11
-3.218
 21
-34.47
 31
0.0
  0
LINE
  5
C25
330
1F
100
AcDbEntity
  8
0
  6
Continuous
 62
     7
370
    25
100
AcDbLine
 10
-3.218
 20
-34.47
 30
0.0
 11
-3.218
 21
-34.033
 31
0.0
  0
LINE
  5
C26
330
1F
100
AcDbEntity
  8
0
  6
Continuous
 62
     7
370
    25
100
AcDbLine
 10
-3.218
 20
1.781
 30
0.0
 11
-3.655
 21
1.781
 31
0.0
  0
LINE
  5
C27
330
1F
100
AcDbEntity
  8
0
  6
Continuous
 62
     7
370
    25
100
AcDbLine
 10
-3.655
 20
1.781
 30
0.0
 11
-3.655
 21
1.344
 31
0.0
  0
LINE
  5
C28
330
1F
100
AcDbEntity
  8
0
  6
Continuous
 62
     7
370
    25
100
AcDbLine
 10
-3.655
 20
1.344
 30
0.0
 11
-3.218
 21
1.344
 31
0.0
  0
LINE
  5
C29
330
1F
100
AcDbEntity
  8
0
  6
Continuous
 62
     7
370
    25
100
AcDbLine
 10
-3.218
 20
1.344
 30
0.0
 11
-3.218
 21
1.781
 31
0.0
  0
LINE
  5
C2A
330
1F
100
AcDbEntity
  8
0
  6
Continuous
 62
     7
370
    25
100
AcDbLine
 10
-2.593
 20
1.781
 30
0.0
 11
-3.03
 21
1.781
 31
0.0
  0
LINE
  5
C2B
330
1F
100
AcDbEntity
  8
0
  6
Continuous
 62
     7
370
    25
100
AcDbLine
 10
-3.03
 20
1.781
 30
0.0
 11
-3.03
 21
1.344
 31
0.0
  0
LINE
  5
C2C
330
1F
100
AcDbEntity
  8
0
  6
Continuous
 62
     7
370
    25
100
AcDbLine
 10
-3.03
 20
1.344
 30
0.0
 11
-2.593
 21
1.344
 31
0.0
  0
LINE
  5
C2D
330
1F
100
AcDbEntity
  8
0
  6
Continuous
 62
     7
370
    25
100
AcDbLine
 10
-2.593
 20
1.344
 30
0.0
 11
-2.593
 21
1.781
 31
0.0
  0
LINE
  5
C2E
330
1F
100
AcDbEntity
  8
0
  6
Continuous
 62
     7
370
    25
100
AcDbLine
 10
-3.218
 20
37.597
 30
0.0
 11
-3.655
 21
37.597
 31
0.0
  0
LINE
  5
C2F
330
1F
100
AcDbEntity
  8
0
  6
Continuous
 62
     7
370
    25
100
AcDbLine
 10
-3.655
 20
37.597
 30
0.0
 11
-3.655
 21
37.16
 31
0.0
  0
LINE
  5
C30
330
1F
100
AcDbEntity
  8
0
  6
Continuous
 62
     7
370
    25
100
AcDbLine
 10
-3.655
 20
37.16
 30
0.0
 11
-3.218
 21
37.16
 31
0.0
  0
LINE
  5
C31
330
1F
100
AcDbEntity
  8
0
  6
Continuous
 62
     7
370
    25
100
AcDbLine
 10
-3.218
 20
37.16
 30
0.0
 11
-3.218
 21
37.597
 31
0.0
  0
LINE
  5
C32
330
1F
100
AcDbEntity
  8
0
  6
Continuous
 62
     7
370
    25
100
AcDbLine
 10
6.157
 20
36.972
 30
0.0
 11
5.72
 21
36.972
 31
0.0
  0
LINE
  5
C33
330
1F
100
AcDbEntity
  8
0
  6
Continuous
 62
     7
370
    25
100
AcDbLine
 10
5.72
 20
36.972
 30
0.0
 11
5.72
 21
36.535
 31
0.0
  0
LINE
  5
C34
330
1F
100
AcDbEntity
  8
0
  6
Continuous
 62
     7
370
    25
100
AcDbLine
 10
5.72
 20
36.535
 30
0.0
 11
6.157
 21
36.535
 31
0.0
  0
LINE
  5
C35
330
1F
100
AcDbEntity
  8
0
  6
Continuous
 62
     7
370
    25
100
AcDbLine
 10
6.157
 20
36.535
 30
0.0
 11
6.157
 21
36.972
 31
0.0
  0
LINE
  5
C36
330
1F
100
AcDbEntity
  8
0
  6
Continuous
 62
     7
370
    25
100
AcDbLine
 10
-5.093
 20
1.781
 30
0.0
 11
-5.53
 21
1.781
 31
0.0
  0
LINE
  5
C37
330
1F
100
AcDbEntity
  8
0
  6
Continuous
 62
     7
370
    25
100
AcDbLine
 10
-5.53
 20
1.781
 30
0.0
 11
-5.53
 21
1.344
 31
0.0
  0
LINE
  5
C38
330
1F
100
AcDbEntity
  8
0
  6
Continuous
 62
     7
370
    25
100
AcDbLine
 10
-5.53
 20
1.344
 30
0.0
 11
-5.093
 21
1.344
 31
0.0
  0
LINE
  5
C39
330
1F
100
AcDbEntity
  8
0
  6
Continuous
 62
     7
370
    25
100
AcDbLine
 10
-5.093
 20
1.344
 30
0.0
 11
-5.093
 21
1.781
 31
0.0
  0
LINE
  5
C3A
330
1F
100
AcDbEntity
  8
0
  6
Continuous
 62
     7
370
    25
100
AcDbLine
 10
6.157
 20
1.156
 30
0.0
 11
5.72
 21
1.156
 31
0.0
  0
LINE
  5
C3B
330
1F
100
AcDbEntity
  8
0
  6
Continuous
 62
     7
370
    25
100
AcDbLine
 10
5.72
 20
1.156
 30
0.0
 11
5.72
 21
0.719
 31
0.0
  0
LINE
  5
C3C
330
1F
100
AcDbEntity
  8
0
  6
Continuous
 62
     7
370
    25
100
AcDbLine
 10
5.72
 20
0.719
 30
0.0
 11
6.157
 21
0.719
 31
0.0
  0
LINE
  5
C3D
330
1F
100
AcDbEntity
  8
0
  6
Continuous
 62
     7
370
    25
100
AcDbLine
 10
6.157
 20
0.719
 30
0.0
 11
6.157
 21
1.156
 31
0.0
  0
LINE
  5
C3E
330
1F
100
AcDbEntity
  8
0
  6
Continuous
 62
     7
370
    25
100
AcDbLine
 10
6.157
 20
-34.658
 30
0.0
 11
5.72
 21
-34.658
 31
0.0
  0
LINE
  5
C3F
330
1F
100
AcDbEntity
  8
0
  6
Continuous
 62
     7
370
    25
100
AcDbLine
 10
5.72
 20
-34.658
 30
0.0
 11
5.72
 21
-35.095
 31
0.0
  0
LINE
  5
C40
330
1F
100
AcDbEntity
  8
0
  6
Continuous
 62
     7
370
    25
100
AcDbLine
 10
5.72
 20
-35.095
 30
0.0
 11
6.157
 21
-35.095
 31
0.0
  0
LINE
  5
C41
330
1F
100
AcDbEntity
  8
0
  6
Continuous
 62
     7
370
    25
100
AcDbLine
 10
6.157
 20
-35.095
 30
0.0
 11
6.157
 21
-34.658
 31
0.0
  0
LINE
  5
C42
330
1F
100
AcDbEntity
  8
0
  6
Continuous
 62
     7
370
    25
100
AcDbLine
 10
-1.968
 20
35.722
 30
0.0
 11
-2.405
 21
35.722
 31
0.0
  0
LINE
  5
C43
330
1F
100
AcDbEntity
  8
0
  6
Continuous
 62
     7
370
    25
100
AcDbLine
 10
-2.405
 20
35.722
 30
0.0
 11
-2.405
 21
35.285
 31
0.0
  0
LINE
  5
C44
330
1F
100
AcDbEntity
  8
0
  6
Continuous
 62
     7
370
    25
100
AcDbLine
 10
-2.405
 20
35.285
 30
0.0
 11
-1.968
 21
35.285
 31
0.0
  0
LINE
  5
C45
330
1F
100
AcDbEntity
  8
0
  6
Continuous
 62
     7
370
    25
100
AcDbLine
 10
-1.968
 20
35.285
 30
0.0
 11
-1.968
 21
35.722
 31
0.0
  0
LINE
  5
C46
330
1F
100
AcDbEntity
  8
0
  6
Continuous
 62
     7
370
    25
100
AcDbLine
 10
-1.968
 20
-35.908
 30
0.0
 11
-2.405
 21
-35.908
 31
0.0
  0
LINE
  5
C47
330
1F
100
AcDbEntity
  8
0
  6
Continuous
 62
     7
370
    25
100
AcDbLine
 10
-2.405
 20
-35.908
 30
0.0
 11
-2.405
 21
-36.345
 31
0.0
  0
LINE
  5
C48
330
1F
100
AcDbEntity
  8
0
  6
Continuous
 62
     7
370
    25
100
AcDbLine
 10
-2.405
 20
-36.345
 30
0.0
 11
-1.968
 21
-36.345
 31
0.0
  0
LINE
  5
C49
330
1F
100
AcDbEntity
  8
0
  6
Continuous
 62
     7
370
    25
100
AcDbLine
 10
-1.968
 20
-36.345
 30
0.0
 11
-1.968
 21
-35.908
 31
0.0
  0
LINE
  5
C4A
330
1F
100
AcDbEntity
  8
0
  6
Continuous
 62
     7
370
    25
100
AcDbLine
 10
-1.343
 20
-35.908
 30
0.0
 11
-1.78
 21
-35.908
 31
0.0
  0
LINE
  5
C4B
330
1F
100
AcDbEntity
  8
0
  6
Continuous
 62
     7
370
    25
100
AcDbLine
 10
-1.78
 20
-35.908
 30
0.0
 11
-1.78
 21
-36.345
 31
0.0
  0
LINE
  5
C4C
330
1F
100
AcDbEntity
  8
0
  6
Continuous
 62
     7
370
    25
100
AcDbLine
 10
-1.78
 20
-36.345
 30
0.0
 11
-1.343
 21
-36.345
 31
0.0
  0
LINE
  5
C4D
330
1F
100
AcDbEntity
  8
0
  6
Continuous
 62
     7
370
    25
100
AcDbLine
 10
-1.343
 20
-36.345
 30
0.0
 11
-1.343
 21
-35.908
 31
0.0
  0
LINE
  5
C4E
330
1F
100
AcDbEntity
  8
0
  6
Continuous
 62
     7
370
    25
100
AcDbLine
 10
-1.343
 20
-0.094
 30
0.0
 11
-1.78
 21
-0.094
 31
0.0
  0
LINE
  5
C4F
330
1F
100
AcDbEntity
  8
0
  6
Continuous
 62
     7
370
    25
100
AcDbLine
 10
-1.78
 20
-0.094
 30
0.0
 11
-1.78
 21
-0.531
 31
0.0
  0
LINE
  5
C50
330
1F
100
AcDbEntity
  8
0
  6
Continuous
 62
     7
370
    25
100
AcDbLine
 10
-1.78
 20
-0.531
 30
0.0
 11
-1.343
 21
-0.531
 31
0.0
  0
LINE
  5
C51
330
1F
100
AcDbEntity
  8
0
  6
Continuous
 62
     7
370
    25
100
AcDbLine
 10
-1.343
 20
-0.531
 30
0.0
 11
-1.343
 21
-0.094
 31
0.0
  0
LINE
  5
C52
330
1F
100
AcDbEntity
  8
0
  6
Continuous
 62
     7
370
    25
100
AcDbLine
 10
6.157
 20
-36.533
 30
0.0
 11
5.72
 21
-36.533
 31
0.0
  0
LINE
  5
C53
330
1F
100
AcDbEntity
  8
0
  6
Continuous
 62
     7
370
    25
100
AcDbLine
 10
5.72
 20
-36.533
 30
0.0
 11
5.72
 21
-36.97
 31
0.0
  0
LINE
  5
C54
330
1F
100
AcDbEntity
  8
0
  6
Continuous
 62
     7
370
    25
100
AcDbLine
 10
5.72
 20
-36.97
 30
0.0
 11
6.157
 21
-36.97
 31
0.0
  0
LINE
  5
C55
330
1F
100
AcDbEntity
  8
0
  6
Continuous
 62
     7
370
    25
100
AcDbLine
 10
6.157
 20
-36.97
 30
0.0
 11
6.157
 21
-36.533
 31
0.0
  0
LINE
  5
C56
330
1F
100
AcDbEntity
  8
0
  6
Continuous
 62
     7
370
    25
100
AcDbLine
 10
6.157
 20
35.097
 30
0.0
 11
5.72
 21
35.097
 31
0.0
  0
LINE
  5
C57
330
1F
100
AcDbEntity
  8
0
  6
Continuous
 62
     7
370
    25
100
AcDbLine
 10
5.72
 20
35.097
 30
0.0
 11
5.72
 21
34.66
 31
0.0
  0
LINE
  5
C58
330
1F
100
AcDbEntity
  8
0
  6
Continuous
 62
     7
370
    25
100
AcDbLine
 10
5.72
 20
34.66
 30
0.0
 11
6.157
 21
34.66
 31
0.0
  0
LINE
  5
C59
330
1F
100
AcDbEntity
  8
0
  6
Continuous
 62
     7
370
    25
100
AcDbLine
 10
6.157
 20
34.66
 30
0.0
 11
6.157
 21
35.097
 31
0.0
  0
LINE
  5
C5A
330
1F
100
AcDbEntity
  8
0
  6
Continuous
 62
     7
370
    25
100
AcDbLine
 10
5.532
 20
35.097
 30
0.0
 11
5.095
 21
35.097
 31
0.0
  0
LINE
  5
C5B
330
1F
100
AcDbEntity
  8
0
  6
Continuous
 62
     7
370
    25
100
AcDbLine
 10
5.095
 20
35.097
 30
0.0
 11
5.095
 21
34.66
 31
0.0
  0
LINE
  5
C5C
330
1F
100
AcDbEntity
  8
0
  6
Continuous
 62
     7
370
    25
100
AcDbLine
 10
5.095
 20
34.66
 30
0.0
 11
5.532
 21
34.66
 31
0.0
  0
LINE
  5
C5D
330
1F
100
AcDbEntity
  8
0
  6
Continuous
 62
     7
370
    25
100
AcDbLine
 10
5.532
 20
34.66
 30
0.0
 11
5.532
 21
35.097
 31
0.0
  0
LINE
  5
C5E
330
1F
100
AcDbEntity
  8
0
  6
Continuous
 62
     7
370
    25
100
AcDbLine
 10
6.157
 20
-0.719
 30
0.0
 11
5.72
 21
-0.719
 31
0.0
  0
LINE
  5
C5F
330
1F
100
AcDbEntity
  8
0
  6
Continuous
 62
     7
370
    25
100
AcDbLine
 10
5.72
 20
-0.719
 30
0.0
 11
5.72
 21
-1.156
 31
0.0
  0
LINE
  5
C60
330
1F
100
AcDbEntity
  8
0
  6
Continuous
 62
     7
370
    25
100
AcDbLine
 10
5.72
 20
-1.156
 30
0.0
 11
6.157
 21
-1.156
 31
0.0
  0
LINE
  5
C61
330
1F
100
AcDbEntity
  8
0
  6
Continuous
 62
     7
370
    25
100
AcDbLine
 10
6.157
 20
-1.156
 30
0.0
 11
6.157
 21
-0.719
 31
0.0
  0
LINE
  5
C62
330
1F
100
AcDbEntity
  8
0
  6
Continuous
 62
     7
370
    25
100
AcDbLine
 10
4.907
 20
35.097
 30
0.0
 11
4.47
 21
35.097
 31
0.0
  0
LINE
  5
C63
330
1F
100
AcDbEntity
  8
0
  6
Continuous
 62
     7
370
    25
100
AcDbLine
 10
4.47
 20
35.097
 30
0.0
 11
4.47
 21
34.66
 31
0.0
  0
LINE
  5
C64
330
1F
100
AcDbEntity
  8
0
  6
Continuous
 62
     7
370
    25
100
AcDbLine
 10
4.47
 20
34.66
 30
0.0
 11
4.907
 21
34.66
 31
0.0
  0
LINE
  5
C65
330
1F
100
AcDbEntity
  8
0
  6
Continuous
 62
     7
370
    25
100
AcDbLine
 10
4.907
 20
34.66
 30
0.0
 11
4.907
 21
35.097
 31
0.0
  0
LINE
  5
C66
330
1F
100
AcDbEntity
  8
0
  6
Continuous
 62
     7
370
    25
100
AcDbLine
 10
4.907
 20
-36.533
 30
0.0
 11
4.47
 21
-36.533
 31
0.0
  0
LINE
  5
C67
330
1F
100
AcDbEntity
  8
0
  6
Continuous
 62
     7
370
    25
100
AcDbLine
 10
4.47
 20
-36.533
 30
0.0
 11
4.47
 21
-36.97
 31
0.0
  0
LINE
  5
C68
330
1F
100
AcDbEntity
  8
0
  6
Continuous
 62
     7
370
    25
100
AcDbLine
 10
4.47
 20
-36.97
 30
0.0
 11
4.907
 21
-36.97
 31
0.0
  0
LINE
  5
C69
330
1F
100
AcDbEntity
  8
0
  6
Continuous
 62
     7
370
    25
100
AcDbLine
 10
4.907
 20
-36.97
 30
0.0
 11
4.907
 21
-36.533
 31
0.0
  0
LINE
  5
C6A
330
1F
100
AcDbEntity
  8
0
  6
Continuous
 62
     7
370
    25
100
AcDbLine
 10
5.532
 20
-36.533
 30
0.0
 11
5.095
 21
-36.533
 31
0.0
  0
LINE
  5
C6B
330
1F
100
AcDbEntity
  8
0
  6
Continuous
 62
     7
370
    25
100
AcDbLine
 10
5.095
 20
-36.533
 30
0.0
 11
5.095
 21
-36.97
 31
0.0
  0
LINE
  5
C6C
330
1F
100
AcDbEntity
  8
0
  6
Continuous
 62
     7
370
    25
100
AcDbLine
 10
5.095
 20
-36.97
 30
0.0
 11
5.532
 21
-36.97
 31
0.0
  0
LINE
  5
C6D
330
1F
100
AcDbEntity
  8
0
  6
Continuous
 62
     7
370
    25
100
AcDbLine
 10
5.532
 20
-36.97
 30
0.0
 11
5.532
 21
-36.533
 31
0.0
  0
LINE
  5
C6E
330
1F
100
AcDbEntity
  8
0
  6
Continuous
 62
     7
370
    25
100
AcDbLine
 10
5.532
 20
-0.719
 30
0.0
 11
5.095
 21
-0.719
 31
0.0
  0
LINE
  5
C6F
330
1F
100
AcDbEntity
  8
0
  6
Continuous
 62
     7
370
    25
100
AcDbLine
 10
5.095
 20
-0.719
 30
0.0
 11
5.095
 21
-1.156
 31
0.0
  0
LINE
  5
C70
330
1F
100
AcDbEntity
  8
0
  6
Continuous
 62
     7
370
    25
100
AcDbLine
 10
5.095
 20
-1.156
 30
0.0
 11
5.532
 21
-1.156
 31
0.0
  0
LINE
  5
C71
330
1F
100
AcDbEntity
  8
0
  6
Continuous
 62
     7
370
    25
100
AcDbLine
 10
5.532
 20
-1.156
 30
0.0
 11
5.532
 21
-0.719
 31
0.0
  0
LINE
  5
C72
330
1F
100
AcDbEntity
  8
0
  6
Continuous
 62
     7
370
    25
100
AcDbLine
 10
-4.468
 20
35.722
 30
0.0
 11
-4.905
 21
35.722
 31
0.0
  0
LINE
  5
C73
330
1F
100
AcDbEntity
  8
0
  6
Continuous
 62
     7
370
    25
100
AcDbLine
 10
-4.905
 20
35.722
 30
0.0
 11
-4.905
 21
35.285
 31
0.0
  0
LINE
  5
C74
330
1F
100
AcDbEntity
  8
0
  6
Continuous
 62
     7
370
    25
100
AcDbLine
 10
-4.905
 20
35.285
 30
0.0
 11
-4.468
 21
35.285
 31
0.0
  0
LINE
  5
C75
330
1F
100
AcDbEntity
  8
0
  6
Continuous
 62
     7
370
    25
100
AcDbLine
 10
-4.468
 20
35.285
 30
0.0
 11
-4.468
 21
35.722
 31
0.0
  0
LINE
  5
C76
330
1F
100
AcDbEntity
  8
0
  6
Continuous
 62
     7
370
    25
100
AcDbLine
 10
-4.468
 20
-35.908
 30
0.0
 11
-4.905
 21
-35.908
 31
0.0
  0
LINE
  5
C77
330
1F
100
AcDbEntity
  8
0
  6
Continuous
 62
     7
370
    25
100
AcDbLine
 10
-4.905
 20
-35.908
 30
0.0
 11
-4.905
 21
-36.345
 31
0.0
  0
LINE
  5
C78
330
1F
100
AcDbEntity
  8
0
  6
Continuous
 62
     7
370
    25
100
AcDbLine
 10
-4.905
 20
-36.345
 30
0.0
 11
-4.468
 21
-36.345
 31
0.0
  0
LINE
  5
C79
330
1F
100
AcDbEntity
  8
0
  6
Continuous
 62
     7
370
    25
100
AcDbLine
 10
-4.468
 20
-36.345
 30
0.0
 11
-4.468
 21
-35.908
 31
0.0
  0
LINE
  5
C7A
330
1F
100
AcDbEntity
  8
0
  6
Continuous
 62
     7
370
    25
100
AcDbLine
 10
-3.843
 20
-35.908
 30
0.0
 11
-4.28
 21
-35.908
 31
0.0
  0
LINE
  5
C7B
330
1F
100
AcDbEntity
  8
0
  6
Continuous
 62
     7
370
    25
100
AcDbLine
 10
-4.28
 20
-35.908
 30
0.0
 11
-4.28
 21
-36.345
 31
0.0
  0
LINE
  5
C7C
330
1F
100
AcDbEntity
  8
0
  6
Continuous
 62
     7
370
    25
100
AcDbLine
 10
-4.28
 20
-36.345
 30
0.0
 11
-3.843
 21
-36.345
 31
0.0
  0
LINE
  5
C7D
330
1F
100
AcDbEntity
  8
0
  6
Continuous
 62
     7
370
    25
100
AcDbLine
 10
-3.843
 20
-36.345
 30
0.0
 11
-3.843
 21
-35.908
 31
0.0
  0
LINE
  5
C7E
330
1F
100
AcDbEntity
  8
0
  6
Continuous
 62
     7
370
    25
100
AcDbLine
 10
-3.843
 20
-0.094
 30
0.0
 11
-4.28
 21
-0.094
 31
0.0
  0
LINE
  5
C7F
330
1F
100
AcDbEntity
  8
0
  6
Continuous
 62
     7
370
    25
100
AcDbLine
 10
-4.28
 20
-0.094
 30
0.0
 11
-4.28
 21
-0.531
 31
0.0
  0
LINE
  5
C80
330
1F
100
AcDbEntity
  8
0
  6
Continuous
 62
     7
370
    25
100
AcDbLine
 10
-4.28
 20
-0.531
 30
0.0
 11
-3.843
 21
-0.531
 31
0.0
  0
LINE
  5
C81
330
1F
100
AcDbEntity
  8
0
  6
Continuous
 62
     7
370
    25
100
AcDbLine
 10
-3.843
 20
-0.531
 30
0.0
 11
-3.843
 21
-0.094
 31
0.0
  0
LINE
  5
C82
330
1F
100
AcDbEntity
  8
0
  6
Continuous
 62
     7
370
    25
100
AcDbLine
 10
4.282
 20
36.972
 30
0.0
 11
3.845
 21
36.972
 31
0.0
  0
LINE
  5
C83
330
1F
100
AcDbEntity
  8
0
  6
Continuous
 62
     7
370
    25
100
AcDbLine
 10
3.845
 20
36.972
 30
0.0
 11
3.845
 21
36.535
 31
0.0
  0
LINE
  5
C84
330
1F
100
AcDbEntity
  8
0
  6
Continuous
 62
     7
370
    25
100
AcDbLine
 10
3.845
 20
36.535
 30
0.0
 11
4.282
 21
36.535
 31
0.0
  0
LINE
  5
C85
330
1F
100
AcDbEntity
  8
0
  6
Continuous
 62
     7
370
    25
100
AcDbLine
 10
4.282
 20
36.535
 30
0.0
 11
4.282
 21
36.972
 31
0.0
  0
LINE
  5
C86
330
1F
100
AcDbEntity
  8
0
  6
Continuous
 62
     7
370
    25
100
AcDbLine
 10
4.282
 20
-34.658
 30
0.0
 11
3.845
 21
-34.658
 31
0.0
  0
LINE
  5
C87
330
1F
100
AcDbEntity
  8
0
  6
Continuous
 62
     7
370
    25
100
AcDbLine
 10
3.845
 20
-34.658
 30
0.0
 11
3.845
 21
-35.095
 31
0.0
  0
LINE
  5
C88
330
1F
100
AcDbEntity
  8
0
  6
Continuous
 62
     7
370
    25
100
AcDbLine
 10
3.845
 20
-35.095
 30
0.0
 11
4.282
 21
-35.095
 31
0.0
  0
LINE
  5
C89
330
1F
100
AcDbEntity
  8
0
  6
Continuous
 62
     7
370
    25
100
AcDbLine
 10
4.282
 20
-35.095
 30
0.0
 11
4.282
 21
-34.658
 31
0.0
  0
LINE
  5
C8A
330
1F
100
AcDbEntity
  8
0
  6
Continuous
 62
     7
370
    25
100
AcDbLine
 10
4.907
 20
-34.658
 30
0.0
 11
4.47
 21
-34.658
 31
0.0
  0
LINE
  5
C8B
330
1F
100
AcDbEntity
  8
0
  6
Continuous
 62
     7
370
    25
100
AcDbLine
 10
4.47
 20
-34.658
 30
0.0
 11
4.47
 21
-35.095
 31
0.0
  0
LINE
  5
C8C
330
1F
100
AcDbEntity
  8
0
  6
Continuous
 62
     7
370
    25
100
AcDbLine
 10
4.47
 20
-35.095
 30
0.0
 11
4.907
 21
-35.095
 31
0.0
  0
LINE
  5
C8D
330
1F
100
AcDbEntity
  8
0
  6
Continuous
 62
     7
370
    25
100
AcDbLine
 10
4.907
 20
-35.095
 30
0.0
 11
4.907
 21
-34.658
 31
0.0
  0
LINE
  5
C8E
330
1F
100
AcDbEntity
  8
0
  6
Continuous
 62
     7
370
    25
100
AcDbLine
 10
4.907
 20
1.156
 30
0.0
 11
4.47
 21
1.156
 31
0.0
  0
LINE
  5
C8F
330
1F
100
AcDbEntity
  8
0
  6
Continuous
 62
     7
370
    25
100
AcDbLine
 10
4.47
 20
1.156
 30
0.0
 11
4.47
 21
0.719
 31
0.0
  0
LINE
  5
C90
330
1F
100
AcDbEntity
  8
0
  6
Continuous
 62
     7
370
    25
100
AcDbLine
 10
4.47
 20
0.719
 30
0.0
 11
4.907
 21
0.719
 31
0.0
  0
LINE
  5
C91
330
1F
100
AcDbEntity
  8
0
  6
Continuous
 62
     7
370
    25
100
AcDbLine
 10
4.907
 20
0.719
 30
0.0
 11
4.907
 21
1.156
 31
0.0
  0
LINE
  5
C92
330
1F
100
AcDbEntity
  8
0
  6
Continuous
 62
     7
370
    25
100
AcDbLine
 10
1.782
 20
37.597
 30
0.0
 11
1.345
 21
37.597
 31
0.0
  0
LINE
  5
C93
330
1F
100
AcDbEntity
  8
0
  6
Continuous
 62
     7
370
    25
100
AcDbLine
 10
1.345
 20
37.597
 30
0.0
 11
1.345
 21
37.16
 31
0.0
  0
LINE
  5
C94
330
1F
100
AcDbEntity
  8
0
  6
Continuous
 62
     7
370
    25
100
AcDbLine
 10
1.345
 20
37.16
 30
0.0
 11
1.782
 21
37.16
 31
0.0
  0
LINE
  5
C95
330
1F
100
AcDbEntity
  8
0
  6
Continuous
 62
     7
370
    25
100
AcDbLine
 10
1.782
 20
37.16
 30
0.0
 11
1.782
 21
37.597
 31
0.0
  0
LINE
  5
C96
330
1F
100
AcDbEntity
  8
0
  6
Continuous
 62
     7
370
    25
100
AcDbLine
 10
2.407
 20
1.781
 30
0.0
 11
1.97
 21
1.781
 31
0.0
  0
LINE
  5
C97
330
1F
100
AcDbEntity
  8
0
  6
Continuous
 62
     7
370
    25
100
AcDbLine
 10
1.97
 20
1.781
 30
0.0
 11
1.97
 21
1.344
 31
0.0
  0
LINE
  5
C98
330
1F
100
AcDbEntity
  8
0
  6
Continuous
 62
     7
370
    25
100
AcDbLine
 10
1.97
 20
1.344
 30
0.0
 11
2.407
 21
1.344
 31
0.0
  0
LINE
  5
C99
330
1F
100
AcDbEntity
  8
0
  6
Continuous
 62
     7
370
    25
100
AcDbLine
 10
2.407
 20
1.344
 30
0.0
 11
2.407
 21
1.781
 31
0.0
  0
LINE
  5
C9A
330
1F
100
AcDbEntity
  8
0
  6
Continuous
 62
     7
370
    25
100
AcDbLine
 10
1.782
 20
1.781
 30
0.0
 11
1.345
 21
1.781
 31
0.0
  0
LINE
  5
C9B
330
1F
100
AcDbEntity
  8
0
  6
Continuous
 62
     7
370
    25
100
AcDbLine
 10
1.345
 20
1.781
 30
0.0
 11
1.345
 21
1.344
 31
0.0
  0
LINE
  5
C9C
330
1F
100
AcDbEntity
  8
0
  6
Continuous
 62
     7
370
    25
100
AcDbLine
 10
1.345
 20
1.344
 30
0.0
 11
1.782
 21
1.344
 31
0.0
  0
LINE
  5
C9D
330
1F
100
AcDbEntity
  8
0
  6
Continuous
 62
     7
370
    25
100
AcDbLine
 10
1.782
 20
1.344
 30
0.0
 11
1.782
 21
1.781
 31
0.0
  0
LINE
  5
C9E
330
1F
100
AcDbEntity
  8
0
  6
Continuous
 62
     7
370
    25
100
AcDbLine
 10
1.782
 20
-34.033
 30
0.0
 11
1.345
 21
-34.033
 31
0.0
  0
LINE
  5
C9F
330
1F
100
AcDbEntity
  8
0
  6
Continuous
 62
     7
370
    25
100
AcDbLine
 10
1.345
 20
-34.033
 30
0.0
 11
1.345
 21
-34.47
 31
0.0
  0
LINE
  5
CA0
330
1F
100
AcDbEntity
  8
0
  6
Continuous
 62
     7
370
    25
100
AcDbLine
 10
1.345
 20
-34.47
 30
0.0
 11
1.782
 21
-34.47
 31
0.0
  0
LINE
  5
CA1
330
1F
100
AcDbEntity
  8
0
  6
Continuous
 62
     7
370
    25
100
AcDbLine
 10
1.782
 20
-34.47
 30
0.0
 11
1.782
 21
-34.033
 31
0.0
  0
LINE
  5
CA2
330
1F
100
AcDbEntity
  8
0
  6
Continuous
 62
     7
370
    25
100
AcDbLine
 10
1.157
 20
-34.033
 30
0.0
 11
0.72
 21
-34.033
 31
0.0
  0
LINE
  5
CA3
330
1F
100
AcDbEntity
  8
0
  6
Continuous
 62
     7
370
    25
100
AcDbLine
 10
0.72
 20
-34.033
 30
0.0
 11
0.72
 21
-34.47
 31
0.0
  0
LINE
  5
CA4
330
1F
100
AcDbEntity
  8
0
  6
Continuous
 62
     7
370
    25
100
AcDbLine
 10
0.72
 20
-34.47
 30
0.0
 11
1.157
 21
-34.47
 31
0.0
  0
LINE
  5
CA5
330
1F
100
AcDbEntity
  8
0
  6
Continuous
 62
     7
370
    25
100
AcDbLine
 10
1.157
 20
-34.47
 30
0.0
 11
1.157
 21
-34.033
 31
0.0
  0
LINE
  5
CA6
330
1F
100
AcDbEntity
  8
0
  6
Continuous
 62
     7
370
    25
100
AcDbLine
 10
1.157
 20
37.597
 30
0.0
 11
0.72
 21
37.597
 31
0.0
  0
LINE
  5
CA7
330
1F
100
AcDbEntity
  8
0
  6
Continuous
 62
     7
370
    25
100
AcDbLine
 10
0.72
 20
37.597
 30
0.0
 11
0.72
 21
37.16
 31
0.0
  0
LINE
  5
CA8
330
1F
100
AcDbEntity
  8
0
  6
Continuous
 62
     7
370
    25
100
AcDbLine
 10
0.72
 20
37.16
 30
0.0
 11
1.157
 21
37.16
 31
0.0
  0
LINE
  5
CA9
330
1F
100
AcDbEntity
  8
0
  6
Continuous
 62
     7
370
    25
100
AcDbLine
 10
1.157
 20
37.16
 30
0.0
 11
1.157
 21
37.597
 31
0.0
  0
LINE
  5
CAA
330
1F
100
AcDbEntity
  8
0
  6
Continuous
 62
     7
370
    25
100
AcDbLine
 10
0.532
 20
37.597
 30
0.0
 11
0.095
 21
37.597
 31
0.0
  0
LINE
  5
CAB
330
1F
100
AcDbEntity
  8
0
  6
Continuous
 62
     7
370
    25
100
AcDbLine
 10
0.095
 20
37.597
 30
0.0
 11
0.095
 21
37.16
 31
0.0
  0
LINE
  5
CAC
330
1F
100
AcDbEntity
  8
0
  6
Continuous
 62
     7
370
    25
100
AcDbLine
 10
0.095
 20
37.16
 30
0.0
 11
0.532
 21
37.16
 31
0.0
  0
LINE
  5
CAD
330
1F
100
AcDbEntity
  8
0
  6
Continuous
 62
     7
370
    25
100
AcDbLine
 10
0.532
 20
37.16
 30
0.0
 11
0.532
 21
37.597
 31
0.0
  0
LINE
  5
CAE
330
1F
100
AcDbEntity
  8
0
  6
Continuous
 62
     7
370
    25
100
AcDbLine
 10
1.157
 20
1.781
 30
0.0
 11
0.72
 21
1.781
 31
0.0
  0
LINE
  5
CAF
330
1F
100
AcDbEntity
  8
0
  6
Continuous
 62
     7
370
    25
100
AcDbLine
 10
0.72
 20
1.781
 30
0.0
 11
0.72
 21
1.344
 31
0.0
  0
LINE
  5
CB0
330
1F
100
AcDbEntity
  8
0
  6
Continuous
 62
     7
370
    25
100
AcDbLine
 10
0.72
 20
1.344
 30
0.0
 11
1.157
 21
1.344
 31
0.0
  0
LINE
  5
CB1
330
1F
100
AcDbEntity
  8
0
  6
Continuous
 62
     7
370
    25
100
AcDbLine
 10
1.157
 20
1.344
 30
0.0
 11
1.157
 21
1.781
 31
0.0
  0
LINE
  5
CB2
330
1F
100
AcDbEntity
  8
0
  6
Continuous
 62
     7
370
    25
100
AcDbLine
 10
3.657
 20
-34.033
 30
0.0
 11
3.22
 21
-34.033
 31
0.0
  0
LINE
  5
CB3
330
1F
100
AcDbEntity
  8
0
  6
Continuous
 62
     7
370
    25
100
AcDbLine
 10
3.22
 20
-34.033
 30
0.0
 11
3.22
 21
-34.47
 31
0.0
  0
LINE
  5
CB4
330
1F
100
AcDbEntity
  8
0
  6
Continuous
 62
     7
370
    25
100
AcDbLine
 10
3.22
 20
-34.47
 30
0.0
 11
3.657
 21
-34.47
 31
0.0
  0
LINE
  5
CB5
330
1F
100
AcDbEntity
  8
0
  6
Continuous
 62
     7
370
    25
100
AcDbLine
 10
3.657
 20
-34.47
 30
0.0
 11
3.657
 21
-34.033
 31
0.0
  0
LINE
  5
CB6
330
1F
100
AcDbEntity
  8
0
  6
Continuous
 62
     7
370
    25
100
AcDbLine
 10
3.657
 20
37.597
 30
0.0
 11
3.22
 21
37.597
 31
0.0
  0
LINE
  5
CB7
330
1F
100
AcDbEntity
  8
0
  6
Continuous
 62
     7
370
    25
100
AcDbLine
 10
3.22
 20
37.597
 30
0.0
 11
3.22
 21
37.16
 31
0.0
  0
LINE
  5
CB8
330
1F
100
AcDbEntity
  8
0
  6
Continuous
 62
     7
370
    25
100
AcDbLine
 10
3.22
 20
37.16
 30
0.0
 11
3.657
 21
37.16
 31
0.0
  0
LINE
  5
CB9
330
1F
100
AcDbEntity
  8
0
  6
Continuous
 62
     7
370
    25
100
AcDbLine
 10
3.657
 20
37.16
 30
0.0
 11
3.657
 21
37.597
 31
0.0
  0
LINE
  5
CBA
330
1F
100
AcDbEntity
  8
0
  6
Continuous
 62
     7
370
    25
100
AcDbLine
 10
3.032
 20
37.597
 30
0.0
 11
2.595
 21
37.597
 31
0.0
  0
LINE
  5
CBB
330
1F
100
AcDbEntity
  8
0
  6
Continuous
 62
     7
370
    25
100
AcDbLine
 10
2.595
 20
37.597
 30
0.0
 11
2.595
 21
37.16
 31
0.0
  0
LINE
  5
CBC
330
1F
100
AcDbEntity
  8
0
  6
Continuous
 62
     7
370
    25
100
AcDbLine
 10
2.595
 20
37.16
 30
0.0
 11
3.032
 21
37.16
 31
0.0
  0
LINE
  5
CBD
330
1F
100
AcDbEntity
  8
0
  6
Continuous
 62
     7
370
    25
100
AcDbLine
 10
3.032
 20
37.16
 30
0.0
 11
3.032
 21
37.597
 31
0.0
  0
LINE
  5
CBE
330
1F
100
AcDbEntity
  8
0
  6
Continuous
 62
     7
370
    25
100
AcDbLine
 10
3.657
 20
1.781
 30
0.0
 11
3.22
 21
1.781
 31
0.0
  0
LINE
  5
CBF
330
1F
100
AcDbEntity
  8
0
  6
Continuous
 62
     7
370
    25
100
AcDbLine
 10
3.22
 20
1.781
 30
0.0
 11
3.22
 21
1.344
 31
0.0
  0
LINE
  5
CC0
330
1F
100
AcDbEntity
  8
0
  6
Continuous
 62
     7
370
    25
100
AcDbLine
 10
3.22
 20
1.344
 30
0.0
 11
3.657
 21
1.344
 31
0.0
  0
LINE
  5
CC1
330
1F
100
AcDbEntity
  8
0
  6
Continuous
 62
     7
370
    25
100
AcDbLine
 10
3.657
 20
1.344
 30
0.0
 11
3.657
 21
1.781
 31
0.0
  0
LINE
  5
CC2
330
1F
100
AcDbEntity
  8
0
  6
Continuous
 62
     7
370
    25
100
AcDbLine
 10
-3.843
 20
-34.033
 30
0.0
 11
-4.28
 21
-34.033
 31
0.0
  0
LINE
  5
CC3
330
1F
100
AcDbEntity
  8
0
  6
Continuous
 62
     7
370
    25
100
AcDbLine
 10
-4.28
 20
-34.033
 30
0.0
 11
-4.28
 21
-34.47
 31
0.0
  0
LINE
  5
CC4
330
1F
100
AcDbEntity
  8
0
  6
Continuous
 62
     7
370
    25
100
AcDbLine
 10
-4.28
 20
-34.47
 30
0.0
 11
-3.843
 21
-34.47
 31
0.0
  0
LINE
  5
CC5
330
1F
100
AcDbEntity
  8
0
  6
Continuous
 62
     7
370
    25
100
AcDbLine
 10
-3.843
 20
-34.47
 30
0.0
 11
-3.843
 21
-34.033
 31
0.0
  0
LINE
  5
CC6
330
1F
100
AcDbEntity
  8
0
  6
Continuous
 62
     7
370
    25
100
AcDbLine
 10
-3.843
 20
37.597
 30
0.0
 11
-4.28
 21
37.597
 31
0.0
  0
LINE
  5
CC7
330
1F
100
AcDbEntity
  8
0
  6
Continuous
 62
     7
370
    25
100
AcDbLine
 10
-4.28
 20
37.597
 30
0.0
 11
-4.28
 21
37.16
 31
0.0
  0
LINE
  5
CC8
330
1F
100
AcDbEntity
  8
0
  6
Continuous
 62
     7
370
    25
100
AcDbLine
 10
-4.28
 20
37.16
 30
0.0
 11
-3.843
 21
37.16
 31
0.0
  0
LINE
  5
CC9
330
1F
100
AcDbEntity
  8
0
  6
Continuous
 62
     7
370
    25
100
AcDbLine
 10
-3.843
 20
37.16
 30
0.0
 11
-3.843
 21
37.597
 31
0.0
  0
LINE
  5
CCA
330
1F
100
AcDbEntity
  8
0
  6
Continuous
 62
     7
370
    25
100
AcDbLine
 10
-4.468
 20
37.597
 30
0.0
 11
-4.905
 21
37.597
 31
0.0
  0
LINE
  5
CCB
330
1F
100
AcDbEntity
  8
0
  6
Continuous
 62
     7
370
    25
100
AcDbLine
 10
-4.905
 20
37.597
 30
0.0
 11
-4.905
 21
37.16
 31
0.0
  0
LINE
  5
CCC
330
1F
100
AcDbEntity
  8
0
  6
Continuous
 62
     7
370
    25
100
AcDbLine
 10
-4.905
 20
37.16
 30
0.0
 11
-4.468
 21
37.16
 31
0.0
  0
LINE
  5
CCD
330
1F
100
AcDbEntity
  8
0
  6
Continuous
 62
     7
370
    25
100
AcDbLine
 10
-4.468
 20
37.16
 30
0.0
 11
-4.468
 21
37.597
 31
0.0
  0
LINE
  5
CCE
330
1F
100
AcDbEntity
  8
0
  6
Continuous
 62
     7
370
    25
100
AcDbLine
 10
-3.843
 20
1.781
 30
0.0
 11
-4.28
 21
1.781
 31
0.0
  0
LINE
  5
CCF
330
1F
100
AcDbEntity
  8
0
  6
Continuous
 62
     7
370
    25
100
AcDbLine
 10
-4.28
 20
1.781
 30
0.0
 11
-4.28
 21
1.344
 31
0.0
  0
LINE
  5
CD0
330
1F
100
AcDbEntity
  8
0
  6
Continuous
 62
     7
370
    25
100
AcDbLine
 10
-4.28
 20
1.344
 30
0.0
 11
-3.843
 21
1.344
 31
0.0
  0
LINE
  5
CD1
330
1F
100
AcDbEntity
  8
0
  6
Continuous
 62
     7
370
    25
100
AcDbLine
 10
-3.843
 20
1.344
 30
0.0
 11
-3.843
 21
1.781
 31
0.0
  0
LINE
  5
CD2
330
1F
100
AcDbEntity
  8
0
  6
Continuous
 62
     7
370
    25
100
AcDbLine
 10
3.657
 20
36.972
 30
0.0
 11
3.22
 21
36.972
 31
0.0
  0
LINE
  5
CD3
330
1F
100
AcDbEntity
  8
0
  6
Continuous
 62
     7
370
    25
100
AcDbLine
 10
3.22
 20
36.972
 30
0.0
 11
3.22
 21
36.535
 31
0.0
  0
LINE
  5
CD4
330
1F
100
AcDbEntity
  8
0
  6
Continuous
 62
     7
370
    25
100
AcDbLine
 10
3.22
 20
36.535
 30
0.0
 11
3.657
 21
36.535
 31
0.0
  0
LINE
  5
CD5
330
1F
100
AcDbEntity
  8
0
  6
Continuous
 62
     7
370
    25
100
AcDbLine
 10
3.657
 20
36.535
 30
0.0
 11
3.657
 21
36.972
 31
0.0
  0
LINE
  5
CD6
330
1F
100
AcDbEntity
  8
0
  6
Continuous
 62
     7
370
    25
100
AcDbLine
 10
4.282
 20
1.156
 30
0.0
 11
3.845
 21
1.156
 31
0.0
  0
LINE
  5
CD7
330
1F
100
AcDbEntity
  8
0
  6
Continuous
 62
     7
370
    25
100
AcDbLine
 10
3.845
 20
1.156
 30
0.0
 11
3.845
 21
0.719
 31
0.0
  0
LINE
  5
CD8
330
1F
100
AcDbEntity
  8
0
  6
Continuous
 62
     7
370
    25
100
AcDbLine
 10
3.845
 20
0.719
 30
0.0
 11
4.282
 21
0.719
 31
0.0
  0
LINE
  5
CD9
330
1F
100
AcDbEntity
  8
0
  6
Continuous
 62
     7
370
    25
100
AcDbLine
 10
4.282
 20
0.719
 30
0.0
 11
4.282
 21
1.156
 31
0.0
  0
LINE
  5
CDA
330
1F
100
AcDbEntity
  8
0
  6
Continuous
 62
     7
370
    25
100
AcDbLine
 10
3.657
 20
1.156
 30
0.0
 11
3.22
 21
1.156
 31
0.0
  0
LINE
  5
CDB
330
1F
100
AcDbEntity
  8
0
  6
Continuous
 62
     7
370
    25
100
AcDbLine
 10
3.22
 20
1.156
 30
0.0
 11
3.22
 21
0.719
 31
0.0
  0
LINE
  5
CDC
330
1F
100
AcDbEntity
  8
0
  6
Continuous
 62
     7
370
    25
100
AcDbLine
 10
3.22
 20
0.719
 30
0.0
 11
3.657
 21
0.719
 31
0.0
  0
LINE
  5
CDD
330
1F
100
AcDbEntity
  8
0
  6
Continuous
 62
     7
370
    25
100
AcDbLine
 10
3.657
 20
0.719
 30
0.0
 11
3.657
 21
1.156
 31
0.0
  0
LINE
  5
CDE
330
1F
100
AcDbEntity
  8
0
  6
Continuous
 62
     7
370
    25
100
AcDbLine
 10
3.657
 20
-34.658
 30
0.0
 11
3.22
 21
-34.658
 31
0.0
  0
LINE
  5
CDF
330
1F
100
AcDbEntity
  8
0
  6
Continuous
 62
     7
370
    25
100
AcDbLine
 10
3.22
 20
-34.658
 30
0.0
 11
3.22
 21
-35.095
 31
0.0
  0
LINE
  5
CE0
330
1F
100
AcDbEntity
  8
0
  6
Continuous
 62
     7
370
    25
100
AcDbLine
 10
3.22
 20
-35.095
 30
0.0
 11
3.657
 21
-35.095
 31
0.0
  0
LINE
  5
CE1
330
1F
100
AcDbEntity
  8
0
  6
Continuous
 62
     7
370
    25
100
AcDbLine
 10
3.657
 20
-35.095
 30
0.0
 11
3.657
 21
-34.658
 31
0.0
  0
LINE
  5
CE2
330
1F
100
AcDbEntity
  8
0
  6
Continuous
 62
     7
370
    25
100
AcDbLine
 10
3.032
 20
-34.658
 30
0.0
 11
2.595
 21
-34.658
 31
0.0
  0
LINE
  5
CE3
330
1F
100
AcDbEntity
  8
0
  6
Continuous
 62
     7
370
    25
100
AcDbLine
 10
2.595
 20
-34.658
 30
0.0
 11
2.595
 21
-35.095
 31
0.0
  0
LINE
  5
CE4
330
1F
100
AcDbEntity
  8
0
  6
Continuous
 62
     7
370
    25
100
AcDbLine
 10
2.595
 20
-35.095
 30
0.0
 11
3.032
 21
-35.095
 31
0.0
  0
LINE
  5
CE5
330
1F
100
AcDbEntity
  8
0
  6
Continuous
 62
     7
370
    25
100
AcDbLine
 10
3.032
 20
-35.095
 30
0.0
 11
3.032
 21
-34.658
 31
0.0
  0
LINE
  5
CE6
330
1F
100
AcDbEntity
  8
0
  6
Continuous
 62
     7
370
    25
100
AcDbLine
 10
3.032
 20
36.972
 30
0.0
 11
2.595
 21
36.972
 31
0.0
  0
LINE
  5
CE7
330
1F
100
AcDbEntity
  8
0
  6
Continuous
 62
     7
370
    25
100
AcDbLine
 10
2.595
 20
36.972
 30
0.0
 11
2.595
 21
36.535
 31
0.0
  0
LINE
  5
CE8
330
1F
100
AcDbEntity
  8
0
  6
Continuous
 62
     7
370
    25
100
AcDbLine
 10
2.595
 20
36.535
 30
0.0
 11
3.032
 21
36.535
 31
0.0
  0
LINE
  5
CE9
330
1F
100
AcDbEntity
  8
0
  6
Continuous
 62
     7
370
    25
100
AcDbLine
 10
3.032
 20
36.535
 30
0.0
 11
3.032
 21
36.972
 31
0.0
  0
LINE
  5
CEA
330
1F
100
AcDbEntity
  8
0
  6
Continuous
 62
     7
370
    25
100
AcDbLine
 10
2.407
 20
36.972
 30
0.0
 11
1.97
 21
36.972
 31
0.0
  0
LINE
  5
CEB
330
1F
100
AcDbEntity
  8
0
  6
Continuous
 62
     7
370
    25
100
AcDbLine
 10
1.97
 20
36.972
 30
0.0
 11
1.97
 21
36.535
 31
0.0
  0
LINE
  5
CEC
330
1F
100
AcDbEntity
  8
0
  6
Continuous
 62
     7
370
    25
100
AcDbLine
 10
1.97
 20
36.535
 30
0.0
 11
2.407
 21
36.535
 31
0.0
  0
LINE
  5
CED
330
1F
100
AcDbEntity
  8
0
  6
Continuous
 62
     7
370
    25
100
AcDbLine
 10
2.407
 20
36.535
 30
0.0
 11
2.407
 21
36.972
 31
0.0
  0
LINE
  5
CEE
330
1F
100
AcDbEntity
  8
0
  6
Continuous
 62
     7
370
    25
100
AcDbLine
 10
3.032
 20
1.156
 30
0.0
 11
2.595
 21
1.156
 31
0.0
  0
LINE
  5
CEF
330
1F
100
AcDbEntity
  8
0
  6
Continuous
 62
     7
370
    25
100
AcDbLine
 10
2.595
 20
1.156
 30
0.0
 11
2.595
 21
0.719
 31
0.0
  0
LINE
  5
CF0
330
1F
100
AcDbEntity
  8
0
  6
Continuous
 62
     7
370
    25
100
AcDbLine
 10
2.595
 20
0.719
 30
0.0
 11
3.032
 21
0.719
 31
0.0
  0
LINE
  5
CF1
330
1F
100
AcDbEntity
  8
0
  6
Continuous
 62
     7
370
    25
100
AcDbLine
 10
3.032
 20
0.719
 30
0.0
 11
3.032
 21
1.156
 31
0.0
  0
LINE
  5
CF2
330
1F
100
AcDbEntity
  8
0
  6
Continuous
 62
     7
370
    25
100
AcDbLine
 10
5.532
 20
-34.658
 30
0.0
 11
5.095
 21
-34.658
 31
0.0
  0
LINE
  5
CF3
330
1F
100
AcDbEntity
  8
0
  6
Continuous
 62
     7
370
    25
100
AcDbLine
 10
5.095
 20
-34.658
 30
0.0
 11
5.095
 21
-35.095
 31
0.0
  0
LINE
  5
CF4
330
1F
100
AcDbEntity
  8
0
  6
Continuous
 62
     7
370
    25
100
AcDbLine
 10
5.095
 20
-35.095
 30
0.0
 11
5.532
 21
-35.095
 31
0.0
  0
LINE
  5
CF5
330
1F
100
AcDbEntity
  8
0
  6
Continuous
 62
     7
370
    25
100
AcDbLine
 10
5.532
 20
-35.095
 30
0.0
 11
5.532
 21
-34.658
 31
0.0
  0
LINE
  5
CF6
330
1F
100
AcDbEntity
  8
0
  6
Continuous
 62
     7
370
    25
100
AcDbLine
 10
5.532
 20
36.972
 30
0.0
 11
5.095
 21
36.972
 31
0.0
  0
LINE
  5
CF7
330
1F
100
AcDbEntity
  8
0
  6
Continuous
 62
     7
370
    25
100
AcDbLine
 10
5.095
 20
36.972
 30
0.0
 11
5.095
 21
36.535
 31
0.0
  0
LINE
  5
CF8
330
1F
100
AcDbEntity
  8
0
  6
Continuous
 62
     7
370
    25
100
AcDbLine
 10
5.095
 20
36.535
 30
0.0
 11
5.532
 21
36.535
 31
0.0
  0
LINE
  5
CF9
330
1F
100
AcDbEntity
  8
0
  6
Continuous
 62
     7
370
    25
100
AcDbLine
 10
5.532
 20
36.535
 30
0.0
 11
5.532
 21
36.972
 31
0.0
  0
LINE
  5
CFA
330
1F
100
AcDbEntity
  8
0
  6
Continuous
 62
     7
370
    25
100
AcDbLine
 10
4.907
 20
36.972
 30
0.0
 11
4.47
 21
36.972
 31
0.0
  0
LINE
  5
CFB
330
1F
100
AcDbEntity
  8
0
  6
Continuous
 62
     7
370
    25
100
AcDbLine
 10
4.47
 20
36.972
 30
0.0
 11
4.47
 21
36.535
 31
0.0
  0
LINE
  5
CFC
330
1F
100
AcDbEntity
  8
0
  6
Continuous
 62
     7
370
    25
100
AcDbLine
 10
4.47
 20
36.535
 30
0.0
 11
4.907
 21
36.535
 31
0.0
  0
LINE
  5
CFD
330
1F
100
AcDbEntity
  8
0
  6
Continuous
 62
     7
370
    25
100
AcDbLine
 10
4.907
 20
36.535
 30
0.0
 11
4.907
 21
36.972
 31
0.0
  0
LINE
  5
CFE
330
1F
100
AcDbEntity
  8
0
  6
Continuous
 62
     7
370
    25
100
AcDbLine
 10
5.532
 20
1.156
 30
0.0
 11
5.095
 21
1.156
 31
0.0
  0
LINE
  5
CFF
330
1F
100
AcDbEntity
  8
0
  6
Continuous
 62
     7
370
    25
100
AcDbLine
 10
5.095
 20
1.156
 30
0.0
 11
5.095
 21
0.719
 31
0.0
  0
LINE
  5
D00
330
1F
100
AcDbEntity
  8
0
  6
Continuous
 62
     7
370
    25
100
AcDbLine
 10
5.095
 20
0.719
 30
0.0
 11
5.532
 21
0.719
 31
0.0
  0
LINE
  5
D01
330
1F
100
AcDbEntity
  8
0
  6
Continuous
 62
     7
370
    25
100
AcDbLine
 10
5.532
 20
0.719
 30
0.0
 11
5.532
 21
1.156
 31
0.0
  0
LINE
  5
D02
330
1F
100
AcDbEntity
  8
0
  6
Continuous
 62
     7
370
    25
100
AcDbLine
 10
-3.843
 20
36.347
 30
0.0
 11
-4.28
 21
36.347
 31
0.0
  0
LINE
  5
D03
330
1F
100
AcDbEntity
  8
0
  6
Continuous
 62
     7
370
    25
100
AcDbLine
 10
-4.28
 20
36.347
 30
0.0
 11
-4.28
 21
35.91
 31
0.0
  0
LINE
  5
D04
330
1F
100
AcDbEntity
  8
0
  6
Continuous
 62
     7
370
    25
100
AcDbLine
 10
-4.28
 20
35.91
 30
0.0
 11
-3.843
 21
35.91
 31
0.0
  0
LINE
  5
D05
330
1F
100
AcDbEntity
  8
0
  6
Continuous
 62
     7
370
    25
100
AcDbLine
 10
-3.843
 20
35.91
 30
0.0
 11
-3.843
 21
36.347
 31
0.0
  0
LINE
  5
D06
330
1F
100
AcDbEntity
  8
0
  6
Continuous
 62
     7
370
    25
100
AcDbLine
 10
-3.843
 20
-35.283
 30
0.0
 11
-4.28
 21
-35.283
 31
0.0
  0
LINE
  5
D07
330
1F
100
AcDbEntity
  8
0
  6
Continuous
 62
     7
370
    25
100
AcDbLine
 10
-4.28
 20
-35.283
 30
0.0
 11
-4.28
 21
-35.72
 31
0.0
  0
LINE
  5
D08
330
1F
100
AcDbEntity
  8
0
  6
Continuous
 62
     7
370
    25
100
AcDbLine
 10
-4.28
 20
-35.72
 30
0.0
 11
-3.843
 21
-35.72
 31
0.0
  0
LINE
  5
D09
330
1F
100
AcDbEntity
  8
0
  6
Continuous
 62
     7
370
    25
100
AcDbLine
 10
-3.843
 20
-35.72
 30
0.0
 11
-3.843
 21
-35.283
 31
0.0
  0
LINE
  5
D0A
330
1F
100
AcDbEntity
  8
0
  6
Continuous
 62
     7
370
    25
100
AcDbLine
 10
-3.218
 20
-35.283
 30
0.0
 11
-3.655
 21
-35.283
 31
0.0
  0
LINE
  5
D0B
330
1F
100
AcDbEntity
  8
0
  6
Continuous
 62
     7
370
    25
100
AcDbLine
 10
-3.655
 20
-35.283
 30
0.0
 11
-3.655
 21
-35.72
 31
0.0
  0
LINE
  5
D0C
330
1F
100
AcDbEntity
  8
0
  6
Continuous
 62
     7
370
    25
100
AcDbLine
 10
-3.655
 20
-35.72
 30
0.0
 11
-3.218
 21
-35.72
 31
0.0
  0
LINE
  5
D0D
330
1F
100
AcDbEntity
  8
0
  6
Continuous
 62
     7
370
    25
100
AcDbLine
 10
-3.218
 20
-35.72
 30
0.0
 11
-3.218
 21
-35.283
 31
0.0
  0
LINE
  5
D0E
330
1F
100
AcDbEntity
  8
0
  6
Continuous
 62
     7
370
    25
100
AcDbLine
 10
-3.218
 20
0.531
 30
0.0
 11
-3.655
 21
0.531
 31
0.0
  0
LINE
  5
D0F
330
1F
100
AcDbEntity
  8
0
  6
Continuous
 62
     7
370
    25
100
AcDbLine
 10
-3.655
 20
0.531
 30
0.0
 11
-3.655
 21
0.094
 31
0.0
  0
LINE
  5
D10
330
1F
100
AcDbEntity
  8
0
  6
Continuous
 62
     7
370
    25
100
AcDbLine
 10
-3.655
 20
0.094
 30
0.0
 11
-3.218
 21
0.094
 31
0.0
  0
LINE
  5
D11
330
1F
100
AcDbEntity
  8
0
  6
Continuous
 62
     7
370
    25
100
AcDbLine
 10
-3.218
 20
0.094
 30
0.0
 11
-3.218
 21
0.531
 31
0.0
  0
LINE
  5
D12
330
1F
100
AcDbEntity
  8
0
  6
Continuous
 62
     7
370
    25
100
AcDbLine
 10
2.407
 20
35.097
 30
0.0
 11
1.97
 21
35.097
 31
0.0
  0
LINE
  5
D13
330
1F
100
AcDbEntity
  8
0
  6
Continuous
 62
     7
370
    25
100
AcDbLine
 10
1.97
 20
35.097
 30
0.0
 11
1.97
 21
34.66
 31
0.0
  0
LINE
  5
D14
330
1F
100
AcDbEntity
  8
0
  6
Continuous
 62
     7
370
    25
100
AcDbLine
 10
1.97
 20
34.66
 30
0.0
 11
2.407
 21
34.66
 31
0.0
  0
LINE
  5
D15
330
1F
100
AcDbEntity
  8
0
  6
Continuous
 62
     7
370
    25
100
AcDbLine
 10
2.407
 20
34.66
 30
0.0
 11
2.407
 21
35.097
 31
0.0
  0
LINE
  5
D16
330
1F
100
AcDbEntity
  8
0
  6
Continuous
 62
     7
370
    25
100
AcDbLine
 10
2.407
 20
-36.533
 30
0.0
 11
1.97
 21
-36.533
 31
0.0
  0
LINE
  5
D17
330
1F
100
AcDbEntity
  8
0
  6
Continuous
 62
     7
370
    25
100
AcDbLine
 10
1.97
 20
-36.533
 30
0.0
 11
1.97
 21
-36.97
 31
0.0
  0
LINE
  5
D18
330
1F
100
AcDbEntity
  8
0
  6
Continuous
 62
     7
370
    25
100
AcDbLine
 10
1.97
 20
-36.97
 30
0.0
 11
2.407
 21
-36.97
 31
0.0
  0
LINE
  5
D19
330
1F
100
AcDbEntity
  8
0
  6
Continuous
 62
     7
370
    25
100
AcDbLine
 10
2.407
 20
-36.97
 30
0.0
 11
2.407
 21
-36.533
 31
0.0
  0
LINE
  5
D1A
330
1F
100
AcDbEntity
  8
0
  6
Continuous
 62
     7
370
    25
100
AcDbLine
 10
3.032
 20
-36.533
 30
0.0
 11
2.595
 21
-36.533
 31
0.0
  0
LINE
  5
D1B
330
1F
100
AcDbEntity
  8
0
  6
Continuous
 62
     7
370
    25
100
AcDbLine
 10
2.595
 20
-36.533
 30
0.0
 11
2.595
 21
-36.97
 31
0.0
  0
LINE
  5
D1C
330
1F
100
AcDbEntity
  8
0
  6
Continuous
 62
     7
370
    25
100
AcDbLine
 10
2.595
 20
-36.97
 30
0.0
 11
3.032
 21
-36.97
 31
0.0
  0
LINE
  5
D1D
330
1F
100
AcDbEntity
  8
0
  6
Continuous
 62
     7
370
    25
100
AcDbLine
 10
3.032
 20
-36.97
 30
0.0
 11
3.032
 21
-36.533
 31
0.0
  0
LINE
  5
D1E
330
1F
100
AcDbEntity
  8
0
  6
Continuous
 62
     7
370
    25
100
AcDbLine
 10
3.032
 20
-0.719
 30
0.0
 11
2.595
 21
-0.719
 31
0.0
  0
LINE
  5
D1F
330
1F
100
AcDbEntity
  8
0
  6
Continuous
 62
     7
370
    25
100
AcDbLine
 10
2.595
 20
-0.719
 30
0.0
 11
2.595
 21
-1.156
 31
0.0
  0
LINE
  5
D20
330
1F
100
AcDbEntity
  8
0
  6
Continuous
 62
     7
370
    25
100
AcDbLine
 10
2.595
 20
-1.156
 30
0.0
 11
3.032
 21
-1.156
 31
0.0
  0
LINE
  5
D21
330
1F
100
AcDbEntity
  8
0
  6
Continuous
 62
     7
370
    25
100
AcDbLine
 10
3.032
 20
-1.156
 30
0.0
 11
3.032
 21
-0.719
 31
0.0
  0
LINE
  5
D22
330
1F
100
AcDbEntity
  8
0
  6
Continuous
 62
     7
370
    25
100
AcDbLine
 10
1.782
 20
35.097
 30
0.0
 11
1.345
 21
35.097
 31
0.0
  0
LINE
  5
D23
330
1F
100
AcDbEntity
  8
0
  6
Continuous
 62
     7
370
    25
100
AcDbLine
 10
1.345
 20
35.097
 30
0.0
 11
1.345
 21
34.66
 31
0.0
  0
LINE
  5
D24
330
1F
100
AcDbEntity
  8
0
  6
Continuous
 62
     7
370
    25
100
AcDbLine
 10
1.345
 20
34.66
 30
0.0
 11
1.782
 21
34.66
 31
0.0
  0
LINE
  5
D25
330
1F
100
AcDbEntity
  8
0
  6
Continuous
 62
     7
370
    25
100
AcDbLine
 10
1.782
 20
34.66
 30
0.0
 11
1.782
 21
35.097
 31
0.0
  0
LINE
  5
D26
330
1F
100
AcDbEntity
  8
0
  6
Continuous
 62
     7
370
    25
100
AcDbLine
 10
2.407
 20
-0.719
 30
0.0
 11
1.97
 21
-0.719
 31
0.0
  0
LINE
  5
D27
330
1F
100
AcDbEntity
  8
0
  6
Continuous
 62
     7
370
    25
100
AcDbLine
 10
1.97
 20
-0.719
 30
0.0
 11
1.97
 21
-1.156
 31
0.0
  0
LINE
  5
D28
330
1F
100
AcDbEntity
  8
0
  6
Continuous
 62
     7
370
    25
100
AcDbLine
 10
1.97
 20
-1.156
 30
0.0
 11
2.407
 21
-1.156
 31
0.0
  0
LINE
  5
D29
330
1F
100
AcDbEntity
  8
0
  6
Continuous
 62
     7
370
    25
100
AcDbLine
 10
2.407
 20
-1.156
 30
0.0
 11
2.407
 21
-0.719
 31
0.0
  0
LINE
  5
D2A
330
1F
100
AcDbEntity
  8
0
  6
Continuous
 62
     7
370
    25
100
AcDbLine
 10
1.782
 20
-0.719
 30
0.0
 11
1.345
 21
-0.719
 31
0.0
  0
LINE
  5
D2B
330
1F
100
AcDbEntity
  8
0
  6
Continuous
 62
     7
370
    25
100
AcDbLine
 10
1.345
 20
-0.719
 30
0.0
 11
1.345
 21
-1.156
 31
0.0
  0
LINE
  5
D2C
330
1F
100
AcDbEntity
  8
0
  6
Continuous
 62
     7
370
    25
100
AcDbLine
 10
1.345
 20
-1.156
 30
0.0
 11
1.782
 21
-1.156
 31
0.0
  0
LINE
  5
D2D
330
1F
100
AcDbEntity
  8
0
  6
Continuous
 62
     7
370
    25
100
AcDbLine
 10
1.782
 20
-1.156
 30
0.0
 11
1.782
 21
-0.719
 31
0.0
  0
LINE
  5
D2E
330
1F
100
AcDbEntity
  8
0
  6
Continuous
 62
     7
370
    25
100
AcDbLine
 10
1.782
 20
-36.533
 30
0.0
 11
1.345
 21
-36.533
 31
0.0
  0
LINE
  5
D2F
330
1F
100
AcDbEntity
  8
0
  6
Continuous
 62
     7
370
    25
100
AcDbLine
 10
1.345
 20
-36.533
 30
0.0
 11
1.345
 21
-36.97
 31
0.0
  0
LINE
  5
D30
330
1F
100
AcDbEntity
  8
0
  6
Continuous
 62
     7
370
    25
100
AcDbLine
 10
1.345
 20
-36.97
 30
0.0
 11
1.782
 21
-36.97
 31
0.0
  0
LINE
  5
D31
330
1F
100
AcDbEntity
  8
0
  6
Continuous
 62
     7
370
    25
100
AcDbLine
 10
1.782
 20
-36.97
 30
0.0
 11
1.782
 21
-36.533
 31
0.0
  0
LINE
  5
D32
330
1F
100
AcDbEntity
  8
0
  6
Continuous
 62
     7
370
    25
100
AcDbLine
 10
4.282
 20
35.097
 30
0.0
 11
3.845
 21
35.097
 31
0.0
  0
LINE
  5
D33
330
1F
100
AcDbEntity
  8
0
  6
Continuous
 62
     7
370
    25
100
AcDbLine
 10
3.845
 20
35.097
 30
0.0
 11
3.845
 21
34.66
 31
0.0
  0
LINE
  5
D34
330
1F
100
AcDbEntity
  8
0
  6
Continuous
 62
     7
370
    25
100
AcDbLine
 10
3.845
 20
34.66
 30
0.0
 11
4.282
 21
34.66
 31
0.0
  0
LINE
  5
D35
330
1F
100
AcDbEntity
  8
0
  6
Continuous
 62
     7
370
    25
100
AcDbLine
 10
4.282
 20
34.66
 30
0.0
 11
4.282
 21
35.097
 31
0.0
  0
LINE
  5
D36
330
1F
100
AcDbEntity
  8
0
  6
Continuous
 62
     7
370
    25
100
AcDbLine
 10
4.907
 20
-0.719
 30
0.0
 11
4.47
 21
-0.719
 31
0.0
  0
LINE
  5
D37
330
1F
100
AcDbEntity
  8
0
  6
Continuous
 62
     7
370
    25
100
AcDbLine
 10
4.47
 20
-0.719
 30
0.0
 11
4.47
 21
-1.156
 31
0.0
  0
LINE
  5
D38
330
1F
100
AcDbEntity
  8
0
  6
Continuous
 62
     7
370
    25
100
AcDbLine
 10
4.47
 20
-1.156
 30
0.0
 11
4.907
 21
-1.156
 31
0.0
  0
LINE
  5
D39
330
1F
100
AcDbEntity
  8
0
  6
Continuous
 62
     7
370
    25
100
AcDbLine
 10
4.907
 20
-1.156
 30
0.0
 11
4.907
 21
-0.719
 31
0.0
  0
LINE
  5
D3A
330
1F
100
AcDbEntity
  8
0
  6
Continuous
 62
     7
370
    25
100
AcDbLine
 10
4.282
 20
-0.719
 30
0.0
 11
3.845
 21
-0.719
 31
0.0
  0
LINE
  5
D3B
330
1F
100
AcDbEntity
  8
0
  6
Continuous
 62
     7
370
    25
100
AcDbLine
 10
3.845
 20
-0.719
 30
0.0
 11
3.845
 21
-1.156
 31
0.0
  0
LINE
  5
D3C
330
1F
100
AcDbEntity
  8
0
  6
Continuous
 62
     7
370
    25
100
AcDbLine
 10
3.845
 20
-1.156
 30
0.0
 11
4.282
 21
-1.156
 31
0.0
  0
LINE
  5
D3D
330
1F
100
AcDbEntity
  8
0
  6
Continuous
 62
     7
370
    25
100
AcDbLine
 10
4.282
 20
-1.156
 30
0.0
 11
4.282
 21
-0.719
 31
0.0
  0
LINE
  5
D3E
330
1F
100
AcDbEntity
  8
0
  6
Continuous
 62
     7
370
    25
100
AcDbLine
 10
4.282
 20
-36.533
 30
0.0
 11
3.845
 21
-36.533
 31
0.0
  0
LINE
  5
D3F
330
1F
100
AcDbEntity
  8
0
  6
Continuous
 62
     7
370
    25
100
AcDbLine
 10
3.845
 20
-36.533
 30
0.0
 11
3.845
 21
-36.97
 31
0.0
  0
LINE
  5
D40
330
1F
100
AcDbEntity
  8
0
  6
Continuous
 62
     7
370
    25
100
AcDbLine
 10
3.845
 20
-36.97
 30
0.0
 11
4.282
 21
-36.97
 31
0.0
  0
LINE
  5
D41
330
1F
100
AcDbEntity
  8
0
  6
Continuous
 62
     7
370
    25
100
AcDbLine
 10
4.282
 20
-36.97
 30
0.0
 11
4.282
 21
-36.533
 31
0.0
  0
LINE
  5
D42
330
1F
100
AcDbEntity
  8
0
  6
Continuous
 62
     7
370
    25
100
AcDbLine
 10
-0.093
 20
-35.283
 30
0.0
 11
-0.53
 21
-35.283
 31
0.0
  0
LINE
  5
D43
330
1F
100
AcDbEntity
  8
0
  6
Continuous
 62
     7
370
    25
100
AcDbLine
 10
-0.53
 20
-35.283
 30
0.0
 11
-0.53
 21
-35.72
 31
0.0
  0
LINE
  5
D44
330
1F
100
AcDbEntity
  8
0
  6
Continuous
 62
     7
370
    25
100
AcDbLine
 10
-0.53
 20
-35.72
 30
0.0
 11
-0.093
 21
-35.72
 31
0.0
  0
LINE
  5
D45
330
1F
100
AcDbEntity
  8
0
  6
Continuous
 62
     7
370
    25
100
AcDbLine
 10
-0.093
 20
-35.72
 30
0.0
 11
-0.093
 21
-35.283
 31
0.0
  0
LINE
  5
D46
330
1F
100
AcDbEntity
  8
0
  6
Continuous
 62
     7
370
    25
100
AcDbLine
 10
-0.093
 20
36.347
 30
0.0
 11
-0.53
 21
36.347
 31
0.0
  0
LINE
  5
D47
330
1F
100
AcDbEntity
  8
0
  6
Continuous
 62
     7
370
    25
100
AcDbLine
 10
-0.53
 20
36.347
 30
0.0
 11
-0.53
 21
35.91
 31
0.0
  0
LINE
  5
D48
330
1F
100
AcDbEntity
  8
0
  6
Continuous
 62
     7
370
    25
100
AcDbLine
 10
-0.53
 20
35.91
 30
0.0
 11
-0.093
 21
35.91
 31
0.0
  0
LINE
  5
D49
330
1F
100
AcDbEntity
  8
0
  6
Continuous
 62
     7
370
    25
100
AcDbLine
 10
-0.093
 20
35.91
 30
0.0
 11
-0.093
 21
36.347
 31
0.0
  0
LINE
  5
D4A
330
1F
100
AcDbEntity
  8
0
  6
Continuous
 62
     7
370
    25
100
AcDbLine
 10
-0.718
 20
36.347
 30
0.0
 11
-1.155
 21
36.347
 31
0.0
  0
LINE
  5
D4B
330
1F
100
AcDbEntity
  8
0
  6
Continuous
 62
     7
370
    25
100
AcDbLine
 10
-1.155
 20
36.347
 30
0.0
 11
-1.155
 21
35.91
 31
0.0
  0
LINE
  5
D4C
330
1F
100
AcDbEntity
  8
0
  6
Continuous
 62
     7
370
    25
100
AcDbLine
 10
-1.155
 20
35.91
 30
0.0
 11
-0.718
 21
35.91
 31
0.0
  0
LINE
  5
D4D
330
1F
100
AcDbEntity
  8
0
  6
Continuous
 62
     7
370
    25
100
AcDbLine
 10
-0.718
 20
35.91
 30
0.0
 11
-0.718
 21
36.347
 31
0.0
  0
LINE
  5
D4E
330
1F
100
AcDbEntity
  8
0
  6
Continuous
 62
     7
370
    25
100
AcDbLine
 10
-0.093
 20
0.531
 30
0.0
 11
-0.53
 21
0.531
 31
0.0
  0
LINE
  5
D4F
330
1F
100
AcDbEntity
  8
0
  6
Continuous
 62
     7
370
    25
100
AcDbLine
 10
-0.53
 20
0.531
 30
0.0
 11
-0.53
 21
0.094
 31
0.0
  0
LINE
  5
D50
330
1F
100
AcDbEntity
  8
0
  6
Continuous
 62
     7
370
    25
100
AcDbLine
 10
-0.53
 20
0.094
 30
0.0
 11
-0.093
 21
0.094
 31
0.0
  0
LINE
  5
D51
330
1F
100
AcDbEntity
  8
0
  6
Continuous
 62
     7
370
    25
100
AcDbLine
 10
-0.093
 20
0.094
 30
0.0
 11
-0.093
 21
0.531
 31
0.0
  0
LINE
  5
D52
330
1F
100
AcDbEntity
  8
0
  6
Continuous
 62
     7
370
    25
100
AcDbLine
 10
-4.468
 20
36.347
 30
0.0
 11
-4.905
 21
36.347
 31
0.0
  0
LINE
  5
D53
330
1F
100
AcDbEntity
  8
0
  6
Continuous
 62
     7
370
    25
100
AcDbLine
 10
-4.905
 20
36.347
 30
0.0
 11
-4.905
 21
35.91
 31
0.0
  0
LINE
  5
D54
330
1F
100
AcDbEntity
  8
0
  6
Continuous
 62
     7
370
    25
100
AcDbLine
 10
-4.905
 20
35.91
 30
0.0
 11
-4.468
 21
35.91
 31
0.0
  0
LINE
  5
D55
330
1F
100
AcDbEntity
  8
0
  6
Continuous
 62
     7
370
    25
100
AcDbLine
 10
-4.468
 20
35.91
 30
0.0
 11
-4.468
 21
36.347
 31
0.0
  0
LINE
  5
D56
330
1F
100
AcDbEntity
  8
0
  6
Continuous
 62
     7
370
    25
100
AcDbLine
 10
-3.843
 20
0.531
 30
0.0
 11
-4.28
 21
0.531
 31
0.0
  0
LINE
  5
D57
330
1F
100
AcDbEntity
  8
0
  6
Continuous
 62
     7
370
    25
100
AcDbLine
 10
-4.28
 20
0.531
 30
0.0
 11
-4.28
 21
0.094
 31
0.0
  0
LINE
  5
D58
330
1F
100
AcDbEntity
  8
0
  6
Continuous
 62
     7
370
    25
100
AcDbLine
 10
-4.28
 20
0.094
 30
0.0
 11
-3.843
 21
0.094
 31
0.0
  0
LINE
  5
D59
330
1F
100
AcDbEntity
  8
0
  6
Continuous
 62
     7
370
    25
100
AcDbLine
 10
-3.843
 20
0.094
 30
0.0
 11
-3.843
 21
0.531
 31
0.0
  0
LINE
  5
D5A
330
1F
100
AcDbEntity
  8
0
  6
Continuous
 62
     7
370
    25
100
AcDbLine
 10
-4.468
 20
0.531
 30
0.0
 11
-4.905
 21
0.531
 31
0.0
  0
LINE
  5
D5B
330
1F
100
AcDbEntity
  8
0
  6
Continuous
 62
     7
370
    25
100
AcDbLine
 10
-4.905
 20
0.531
 30
0.0
 11
-4.905
 21
0.094
 31
0.0
  0
LINE
  5
D5C
330
1F
100
AcDbEntity
  8
0
  6
Continuous
 62
     7
370
    25
100
AcDbLine
 10
-4.905
 20
0.094
 30
0.0
 11
-4.468
 21
0.094
 31
0.0
  0
LINE
  5
D5D
330
1F
100
AcDbEntity
  8
0
  6
Continuous
 62
     7
370
    25
100
AcDbLine
 10
-4.468
 20
0.094
 30
0.0
 11
-4.468
 21
0.531
 31
0.0
  0
LINE
  5
D5E
330
1F
100
AcDbEntity
  8
0
  6
Continuous
 62
     7
370
    25
100
AcDbLine
 10
-4.468
 20
-35.283
 30
0.0
 11
-4.905
 21
-35.283
 31
0.0
  0
LINE
  5
D5F
330
1F
100
AcDbEntity
  8
0
  6
Continuous
 62
     7
370
    25
100
AcDbLine
 10
-4.905
 20
-35.283
 30
0.0
 11
-4.905
 21
-35.72
 31
0.0
  0
LINE
  5
D60
330
1F
100
AcDbEntity
  8
0
  6
Continuous
 62
     7
370
    25
100
AcDbLine
 10
-4.905
 20
-35.72
 30
0.0
 11
-4.468
 21
-35.72
 31
0.0
  0
LINE
  5
D61
330
1F
100
AcDbEntity
  8
0
  6
Continuous
 62
     7
370
    25
100
AcDbLine
 10
-4.468
 20
-35.72
 30
0.0
 11
-4.468
 21
-35.283
 31
0.0
  0
LINE
  5
D62
330
1F
100
AcDbEntity
  8
0
  6
Continuous
 62
     7
370
    25
100
AcDbLine
 10
-2.593
 20
0.531
 30
0.0
 11
-3.03
 21
0.531
 31
0.0
  0
LINE
  5
D63
330
1F
100
AcDbEntity
  8
0
  6
Continuous
 62
     7
370
    25
100
AcDbLine
 10
-3.03
 20
0.531
 30
0.0
 11
-3.03
 21
0.094
 31
0.0
  0
LINE
  5
D64
330
1F
100
AcDbEntity
  8
0
  6
Continuous
 62
     7
370
    25
100
AcDbLine
 10
-3.03
 20
0.094
 30
0.0
 11
-2.593
 21
0.094
 31
0.0
  0
LINE
  5
D65
330
1F
100
AcDbEntity
  8
0
  6
Continuous
 62
     7
370
    25
100
AcDbLine
 10
-2.593
 20
0.094
 30
0.0
 11
-2.593
 21
0.531
 31
0.0
  0
LINE
  5
D66
330
1F
100
AcDbEntity
  8
0
  6
Continuous
 62
     7
370
    25
100
AcDbLine
 10
-3.218
 20
36.347
 30
0.0
 11
-3.655
 21
36.347
 31
0.0
  0
LINE
  5
D67
330
1F
100
AcDbEntity
  8
0
  6
Continuous
 62
     7
370
    25
100
AcDbLine
 10
-3.655
 20
36.347
 30
0.0
 11
-3.655
 21
35.91
 31
0.0
  0
LINE
  5
D68
330
1F
100
AcDbEntity
  8
0
  6
Continuous
 62
     7
370
    25
100
AcDbLine
 10
-3.655
 20
35.91
 30
0.0
 11
-3.218
 21
35.91
 31
0.0
  0
LINE
  5
D69
330
1F
100
AcDbEntity
  8
0
  6
Continuous
 62
     7
370
    25
100
AcDbLine
 10
-3.218
 20
35.91
 30
0.0
 11
-3.218
 21
36.347
 31
0.0
  0
LINE
  5
D6A
330
1F
100
AcDbEntity
  8
0
  6
Continuous
 62
     7
370
    25
100
AcDbLine
 10
-2.593
 20
36.347
 30
0.0
 11
-3.03
 21
36.347
 31
0.0
  0
LINE
  5
D6B
330
1F
100
AcDbEntity
  8
0
  6
Continuous
 62
     7
370
    25
100
AcDbLine
 10
-3.03
 20
36.347
 30
0.0
 11
-3.03
 21
35.91
 31
0.0
  0
LINE
  5
D6C
330
1F
100
AcDbEntity
  8
0
  6
Continuous
 62
     7
370
    25
100
AcDbLine
 10
-3.03
 20
35.91
 30
0.0
 11
-2.593
 21
35.91
 31
0.0
  0
LINE
  5
D6D
330
1F
100
AcDbEntity
  8
0
  6
Continuous
 62
     7
370
    25
100
AcDbLine
 10
-2.593
 20
35.91
 30
0.0
 11
-2.593
 21
36.347
 31
0.0
  0
LINE
  5
D6E
330
1F
100
AcDbEntity
  8
0
  6
Continuous
 62
     7
370
    25
100
AcDbLine
 10
-2.593
 20
-35.283
 30
0.0
 11
-3.03
 21
-35.283
 31
0.0
  0
LINE
  5
D6F
330
1F
100
AcDbEntity
  8
0
  6
Continuous
 62
     7
370
    25
100
AcDbLine
 10
-3.03
 20
-35.283
 30
0.0
 11
-3.03
 21
-35.72
 31
0.0
  0
LINE
  5
D70
330
1F
100
AcDbEntity
  8
0
  6
Continuous
 62
     7
370
    25
100
AcDbLine
 10
-3.03
 20
-35.72
 30
0.0
 11
-2.593
 21
-35.72
 31
0.0
  0
LINE
  5
D71
330
1F
100
AcDbEntity
  8
0
  6
Continuous
 62
     7
370
    25
100
AcDbLine
 10
-2.593
 20
-35.72
 30
0.0
 11
-2.593
 21
-35.283
 31
0.0
  0
LINE
  5
D72
330
1F
100
AcDbEntity
  8
0
  6
Continuous
 62
     7
370
    25
100
AcDbLine
 10
-5.093
 20
0.531
 30
0.0
 11
-5.53
 21
0.531
 31
0.0
  0
LINE
  5
D73
330
1F
100
AcDbEntity
  8
0
  6
Continuous
 62
     7
370
    25
100
AcDbLine
 10
-5.53
 20
0.531
 30
0.0
 11
-5.53
 21
0.094
 31
0.0
  0
LINE
  5
D74
330
1F
100
AcDbEntity
  8
0
  6
Continuous
 62
     7
370
    25
100
AcDbLine
 10
-5.53
 20
0.094
 30
0.0
 11
-5.093
 21
0.094
 31
0.0
  0
LINE
  5
D75
330
1F
100
AcDbEntity
  8
0
  6
Continuous
 62
     7
370
    25
100
AcDbLine
 10
-5.093
 20
0.094
 30
0.0
 11
-5.093
 21
0.531
 31
0.0
  0
LINE
  5
D76
330
1F
100
AcDbEntity
  8
0
  6
Continuous
 62
     7
370
    25
100
AcDbLine
 10
6.157
 20
35.722
 30
0.0
 11
5.72
 21
35.722
 31
0.0
  0
LINE
  5
D77
330
1F
100
AcDbEntity
  8
0
  6
Continuous
 62
     7
370
    25
100
AcDbLine
 10
5.72
 20
35.722
 30
0.0
 11
5.72
 21
35.285
 31
0.0
  0
LINE
  5
D78
330
1F
100
AcDbEntity
  8
0
  6
Continuous
 62
     7
370
    25
100
AcDbLine
 10
5.72
 20
35.285
 30
0.0
 11
6.157
 21
35.285
 31
0.0
  0
LINE
  5
D79
330
1F
100
AcDbEntity
  8
0
  6
Continuous
 62
     7
370
    25
100
AcDbLine
 10
6.157
 20
35.285
 30
0.0
 11
6.157
 21
35.722
 31
0.0
  0
LINE
  5
D7A
330
1F
100
AcDbEntity
  8
0
  6
Continuous
 62
     7
370
    25
100
AcDbLine
 10
-5.093
 20
36.347
 30
0.0
 11
-5.53
 21
36.347
 31
0.0
  0
LINE
  5
D7B
330
1F
100
AcDbEntity
  8
0
  6
Continuous
 62
     7
370
    25
100
AcDbLine
 10
-5.53
 20
36.347
 30
0.0
 11
-5.53
 21
35.91
 31
0.0
  0
LINE
  5
D7C
330
1F
100
AcDbEntity
  8
0
  6
Continuous
 62
     7
370
    25
100
AcDbLine
 10
-5.53
 20
35.91
 30
0.0
 11
-5.093
 21
35.91
 31
0.0
  0
LINE
  5
D7D
330
1F
100
AcDbEntity
  8
0
  6
Continuous
 62
     7
370
    25
100
AcDbLine
 10
-5.093
 20
35.91
 30
0.0
 11
-5.093
 21
36.347
 31
0.0
  0
LINE
  5
D7E
330
1F
100
AcDbEntity
  8
0
  6
Continuous
 62
     7
370
    25
100
AcDbLine
 10
-5.093
 20
-35.283
 30
0.0
 11
-5.53
 21
-35.283
 31
0.0
  0
LINE
  5
D7F
330
1F
100
AcDbEntity
  8
0
  6
Continuous
 62
     7
370
    25
100
AcDbLine
 10
-5.53
 20
-35.283
 30
0.0
 11
-5.53
 21
-35.72
 31
0.0
  0
LINE
  5
D80
330
1F
100
AcDbEntity
  8
0
  6
Continuous
 62
     7
370
    25
100
AcDbLine
 10
-5.53
 20
-35.72
 30
0.0
 11
-5.093
 21
-35.72
 31
0.0
  0
LINE
  5
D81
330
1F
100
AcDbEntity
  8
0
  6
Continuous
 62
     7
370
    25
100
AcDbLine
 10
-5.093
 20
-35.72
 30
0.0
 11
-5.093
 21
-35.283
 31
0.0
  0
LINE
  5
D82
330
1F
100
AcDbEntity
  8
0
  6
Continuous
 62
     7
370
    25
100
AcDbLine
 10
-0.093
 20
35.097
 30
0.0
 11
-0.53
 21
35.097
 31
0.0
  0
LINE
  5
D83
330
1F
100
AcDbEntity
  8
0
  6
Continuous
 62
     7
370
    25
100
AcDbLine
 10
-0.53
 20
35.097
 30
0.0
 11
-0.53
 21
34.66
 31
0.0
  0
LINE
  5
D84
330
1F
100
AcDbEntity
  8
0
  6
Continuous
 62
     7
370
    25
100
AcDbLine
 10
-0.53
 20
34.66
 30
0.0
 11
-0.093
 21
34.66
 31
0.0
  0
LINE
  5
D85
330
1F
100
AcDbEntity
  8
0
  6
Continuous
 62
     7
370
    25
100
AcDbLine
 10
-0.093
 20
34.66
 30
0.0
 11
-0.093
 21
35.097
 31
0.0
  0
LINE
  5
D86
330
1F
100
AcDbEntity
  8
0
  6
Continuous
 62
     7
370
    25
100
AcDbLine
 10
-0.093
 20
-36.533
 30
0.0
 11
-0.53
 21
-36.533
 31
0.0
  0
LINE
  5
D87
330
1F
100
AcDbEntity
  8
0
  6
Continuous
 62
     7
370
    25
100
AcDbLine
 10
-0.53
 20
-36.533
 30
0.0
 11
-0.53
 21
-36.97
 31
0.0
  0
LINE
  5
D88
330
1F
100
AcDbEntity
  8
0
  6
Continuous
 62
     7
370
    25
100
AcDbLine
 10
-0.53
 20
-36.97
 30
0.0
 11
-0.093
 21
-36.97
 31
0.0
  0
LINE
  5
D89
330
1F
100
AcDbEntity
  8
0
  6
Continuous
 62
     7
370
    25
100
AcDbLine
 10
-0.093
 20
-36.97
 30
0.0
 11
-0.093
 21
-36.533
 31
0.0
  0
LINE
  5
D8A
330
1F
100
AcDbEntity
  8
0
  6
Continuous
 62
     7
370
    25
100
AcDbLine
 10
0.532
 20
-36.533
 30
0.0
 11
0.095
 21
-36.533
 31
0.0
  0
LINE
  5
D8B
330
1F
100
AcDbEntity
  8
0
  6
Continuous
 62
     7
370
    25
100
AcDbLine
 10
0.095
 20
-36.533
 30
0.0
 11
0.095
 21
-36.97
 31
0.0
  0
LINE
  5
D8C
330
1F
100
AcDbEntity
  8
0
  6
Continuous
 62
     7
370
    25
100
AcDbLine
 10
0.095
 20
-36.97
 30
0.0
 11
0.532
 21
-36.97
 31
0.0
  0
LINE
  5
D8D
330
1F
100
AcDbEntity
  8
0
  6
Continuous
 62
     7
370
    25
100
AcDbLine
 10
0.532
 20
-36.97
 30
0.0
 11
0.532
 21
-36.533
 31
0.0
  0
LINE
  5
D8E
330
1F
100
AcDbEntity
  8
0
  6
Continuous
 62
     7
370
    25
100
AcDbLine
 10
0.532
 20
-0.719
 30
0.0
 11
0.095
 21
-0.719
 31
0.0
  0
LINE
  5
D8F
330
1F
100
AcDbEntity
  8
0
  6
Continuous
 62
     7
370
    25
100
AcDbLine
 10
0.095
 20
-0.719
 30
0.0
 11
0.095
 21
-1.156
 31
0.0
  0
LINE
  5
D90
330
1F
100
AcDbEntity
  8
0
  6
Continuous
 62
     7
370
    25
100
AcDbLine
 10
0.095
 20
-1.156
 30
0.0
 11
0.532
 21
-1.156
 31
0.0
  0
LINE
  5
D91
330
1F
100
AcDbEntity
  8
0
  6
Continuous
 62
     7
370
    25
100
AcDbLine
 10
0.532
 20
-1.156
 30
0.0
 11
0.532
 21
-0.719
 31
0.0
  0
LINE
  5
D92
330
1F
100
AcDbEntity
  8
0
  6
Continuous
 62
     7
370
    25
100
AcDbLine
 10
-2.593
 20
35.722
 30
0.0
 11
-3.03
 21
35.722
 31
0.0
  0
LINE
  5
D93
330
1F
100
AcDbEntity
  8
0
  6
Continuous
 62
     7
370
    25
100
AcDbLine
 10
-3.03
 20
35.722
 30
0.0
 11
-3.03
 21
35.285
 31
0.0
  0
LINE
  5
D94
330
1F
100
AcDbEntity
  8
0
  6
Continuous
 62
     7
370
    25
100
AcDbLine
 10
-3.03
 20
35.285
 30
0.0
 11
-2.593
 21
35.285
 31
0.0
  0
LINE
  5
D95
330
1F
100
AcDbEntity
  8
0
  6
Continuous
 62
     7
370
    25
100
AcDbLine
 10
-2.593
 20
35.285
 30
0.0
 11
-2.593
 21
35.722
 31
0.0
  0
LINE
  5
D96
330
1F
100
AcDbEntity
  8
0
  6
Continuous
 62
     7
370
    25
100
AcDbLine
 10
-1.968
 20
-0.094
 30
0.0
 11
-2.405
 21
-0.094
 31
0.0
  0
LINE
  5
D97
330
1F
100
AcDbEntity
  8
0
  6
Continuous
 62
     7
370
    25
100
AcDbLine
 10
-2.405
 20
-0.094
 30
0.0
 11
-2.405
 21
-0.531
 31
0.0
  0
LINE
  5
D98
330
1F
100
AcDbEntity
  8
0
  6
Continuous
 62
     7
370
    25
100
AcDbLine
 10
-2.405
 20
-0.531
 30
0.0
 11
-1.968
 21
-0.531
 31
0.0
  0
LINE
  5
D99
330
1F
100
AcDbEntity
  8
0
  6
Continuous
 62
     7
370
    25
100
AcDbLine
 10
-1.968
 20
-0.531
 30
0.0
 11
-1.968
 21
-0.094
 31
0.0
  0
LINE
  5
D9A
330
1F
100
AcDbEntity
  8
0
  6
Continuous
 62
     7
370
    25
100
AcDbLine
 10
-2.593
 20
-0.094
 30
0.0
 11
-3.03
 21
-0.094
 31
0.0
  0
LINE
  5
D9B
330
1F
100
AcDbEntity
  8
0
  6
Continuous
 62
     7
370
    25
100
AcDbLine
 10
-3.03
 20
-0.094
 30
0.0
 11
-3.03
 21
-0.531
 31
0.0
  0
LINE
  5
D9C
330
1F
100
AcDbEntity
  8
0
  6
Continuous
 62
     7
370
    25
100
AcDbLine
 10
-3.03
 20
-0.531
 30
0.0
 11
-2.593
 21
-0.531
 31
0.0
  0
LINE
  5
D9D
330
1F
100
AcDbEntity
  8
0
  6
Continuous
 62
     7
370
    25
100
AcDbLine
 10
-2.593
 20
-0.531
 30
0.0
 11
-2.593
 21
-0.094
 31
0.0
  0
LINE
  5
D9E
330
1F
100
AcDbEntity
  8
0
  6
Continuous
 62
     7
370
    25
100
AcDbLine
 10
-2.593
 20
-35.908
 30
0.0
 11
-3.03
 21
-35.908
 31
0.0
  0
LINE
  5
D9F
330
1F
100
AcDbEntity
  8
0
  6
Continuous
 62
     7
370
    25
100
AcDbLine
 10
-3.03
 20
-35.908
 30
0.0
 11
-3.03
 21
-36.345
 31
0.0
  0
LINE
  5
DA0
330
1F
100
AcDbEntity
  8
0
  6
Continuous
 62
     7
370
    25
100
AcDbLine
 10
-3.03
 20
-36.345
 30
0.0
 11
-2.593
 21
-36.345
 31
0.0
  0
LINE
  5
DA1
330
1F
100
AcDbEntity
  8
0
  6
Continuous
 62
     7
370
    25
100
AcDbLine
 10
-2.593
 20
-36.345
 30
0.0
 11
-2.593
 21
-35.908
 31
0.0
  0
LINE
  5
DA2
330
1F
100
AcDbEntity
  8
0
  6
Continuous
 62
     7
370
    25
100
AcDbLine
 10
-3.218
 20
-35.908
 30
0.0
 11
-3.655
 21
-35.908
 31
0.0
  0
LINE
  5
DA3
330
1F
100
AcDbEntity
  8
0
  6
Continuous
 62
     7
370
    25
100
AcDbLine
 10
-3.655
 20
-35.908
 30
0.0
 11
-3.655
 21
-36.345
 31
0.0
  0
LINE
  5
DA4
330
1F
100
AcDbEntity
  8
0
  6
Continuous
 62
     7
370
    25
100
AcDbLine
 10
-3.655
 20
-36.345
 30
0.0
 11
-3.218
 21
-36.345
 31
0.0
  0
LINE
  5
DA5
330
1F
100
AcDbEntity
  8
0
  6
Continuous
 62
     7
370
    25
100
AcDbLine
 10
-3.218
 20
-36.345
 30
0.0
 11
-3.218
 21
-35.908
 31
0.0
  0
LINE
  5
DA6
330
1F
100
AcDbEntity
  8
0
  6
Continuous
 62
     7
370
    25
100
AcDbLine
 10
-3.218
 20
35.722
 30
0.0
 11
-3.655
 21
35.722
 31
0.0
  0
LINE
  5
DA7
330
1F
100
AcDbEntity
  8
0
  6
Continuous
 62
     7
370
    25
100
AcDbLine
 10
-3.655
 20
35.722
 30
0.0
 11
-3.655
 21
35.285
 31
0.0
  0
LINE
  5
DA8
330
1F
100
AcDbEntity
  8
0
  6
Continuous
 62
     7
370
    25
100
AcDbLine
 10
-3.655
 20
35.285
 30
0.0
 11
-3.218
 21
35.285
 31
0.0
  0
LINE
  5
DA9
330
1F
100
AcDbEntity
  8
0
  6
Continuous
 62
     7
370
    25
100
AcDbLine
 10
-3.218
 20
35.285
 30
0.0
 11
-3.218
 21
35.722
 31
0.0
  0
LINE
  5
DAA
330
1F
100
AcDbEntity
  8
0
  6
Continuous
 62
     7
370
    25
100
AcDbLine
 10
-3.843
 20
35.722
 30
0.0
 11
-4.28
 21
35.722
 31
0.0
  0
LINE
  5
DAB
330
1F
100
AcDbEntity
  8
0
  6
Continuous
 62
     7
370
    25
100
AcDbLine
 10
-4.28
 20
35.722
 30
0.0
 11
-4.28
 21
35.285
 31
0.0
  0
LINE
  5
DAC
330
1F
100
AcDbEntity
  8
0
  6
Continuous
 62
     7
370
    25
100
AcDbLine
 10
-4.28
 20
35.285
 30
0.0
 11
-3.843
 21
35.285
 31
0.0
  0
LINE
  5
DAD
330
1F
100
AcDbEntity
  8
0
  6
Continuous
 62
     7
370
    25
100
AcDbLine
 10
-3.843
 20
35.285
 30
0.0
 11
-3.843
 21
35.722
 31
0.0
  0
LINE
  5
DAE
330
1F
100
AcDbEntity
  8
0
  6
Continuous
 62
     7
370
    25
100
AcDbLine
 10
-3.218
 20
-0.094
 30
0.0
 11
-3.655
 21
-0.094
 31
0.0
  0
LINE
  5
DAF
330
1F
100
AcDbEntity
  8
0
  6
Continuous
 62
     7
370
    25
100
AcDbLine
 10
-3.655
 20
-0.094
 30
0.0
 11
-3.655
 21
-0.531
 31
0.0
  0
LINE
  5
DB0
330
1F
100
AcDbEntity
  8
0
  6
Continuous
 62
     7
370
    25
100
AcDbLine
 10
-3.655
 20
-0.531
 30
0.0
 11
-3.218
 21
-0.531
 31
0.0
  0
LINE
  5
DB1
330
1F
100
AcDbEntity
  8
0
  6
Continuous
 62
     7
370
    25
100
AcDbLine
 10
-3.218
 20
-0.531
 30
0.0
 11
-3.218
 21
-0.094
 31
0.0
  0
LINE
  5
DB2
330
1F
100
AcDbEntity
  8
0
  6
Continuous
 62
     7
370
    25
100
AcDbLine
 10
-0.718
 20
-35.908
 30
0.0
 11
-1.155
 21
-35.908
 31
0.0
  0
LINE
  5
DB3
330
1F
100
AcDbEntity
  8
0
  6
Continuous
 62
     7
370
    25
100
AcDbLine
 10
-1.155
 20
-35.908
 30
0.0
 11
-1.155
 21
-36.345
 31
0.0
  0
LINE
  5
DB4
330
1F
100
AcDbEntity
  8
0
  6
Continuous
 62
     7
370
    25
100
AcDbLine
 10
-1.155
 20
-36.345
 30
0.0
 11
-0.718
 21
-36.345
 31
0.0
  0
LINE
  5
DB5
330
1F
100
AcDbEntity
  8
0
  6
Continuous
 62
     7
370
    25
100
AcDbLine
 10
-0.718
 20
-36.345
 30
0.0
 11
-0.718
 21
-35.908
 31
0.0
  0
LINE
  5
DB6
330
1F
100
AcDbEntity
  8
0
  6
Continuous
 62
     7
370
    25
100
AcDbLine
 10
-0.718
 20
35.722
 30
0.0
 11
-1.155
 21
35.722
 31
0.0
  0
LINE
  5
DB7
330
1F
100
AcDbEntity
  8
0
  6
Continuous
 62
     7
370
    25
100
AcDbLine
 10
-1.155
 20
35.722
 30
0.0
 11
-1.155
 21
35.285
 31
0.0
  0
LINE
  5
DB8
330
1F
100
AcDbEntity
  8
0
  6
Continuous
 62
     7
370
    25
100
AcDbLine
 10
-1.155
 20
35.285
 30
0.0
 11
-0.718
 21
35.285
 31
0.0
  0
LINE
  5
DB9
330
1F
100
AcDbEntity
  8
0
  6
Continuous
 62
     7
370
    25
100
AcDbLine
 10
-0.718
 20
35.285
 30
0.0
 11
-0.718
 21
35.722
 31
0.0
  0
LINE
  5
DBA
330
1F
100
AcDbEntity
  8
0
  6
Continuous
 62
     7
370
    25
100
AcDbLine
 10
-1.343
 20
35.722
 30
0.0
 11
-1.78
 21
35.722
 31
0.0
  0
LINE
  5
DBB
330
1F
100
AcDbEntity
  8
0
  6
Continuous
 62
     7
370
    25
100
AcDbLine
 10
-1.78
 20
35.722
 30
0.0
 11
-1.78
 21
35.285
 31
0.0
  0
LINE
  5
DBC
330
1F
100
AcDbEntity
  8
0
  6
Continuous
 62
     7
370
    25
100
AcDbLine
 10
-1.78
 20
35.285
 30
0.0
 11
-1.343
 21
35.285
 31
0.0
  0
LINE
  5
DBD
330
1F
100
AcDbEntity
  8
0
  6
Continuous
 62
     7
370
    25
100
AcDbLine
 10
-1.343
 20
35.285
 30
0.0
 11
-1.343
 21
35.722
 31
0.0
  0
LINE
  5
DBE
330
1F
100
AcDbEntity
  8
0
  6
Continuous
 62
     7
370
    25
100
AcDbLine
 10
-0.718
 20
-0.094
 30
0.0
 11
-1.155
 21
-0.094
 31
0.0
  0
LINE
  5
DBF
330
1F
100
AcDbEntity
  8
0
  6
Continuous
 62
     7
370
    25
100
AcDbLine
 10
-1.155
 20
-0.094
 30
0.0
 11
-1.155
 21
-0.531
 31
0.0
  0
LINE
  5
DC0
330
1F
100
AcDbEntity
  8
0
  6
Continuous
 62
     7
370
    25
100
AcDbLine
 10
-1.155
 20
-0.531
 30
0.0
 11
-0.718
 21
-0.531
 31
0.0
  0
LINE
  5
DC1
330
1F
100
AcDbEntity
  8
0
  6
Continuous
 62
     7
370
    25
100
AcDbLine
 10
-0.718
 20
-0.531
 30
0.0
 11
-0.718
 21
-0.094
 31
0.0
  0
LINE
  5
DC2
330
1F
100
AcDbEntity
  8
0
  6
Continuous
 62
     7
370
    25
100
AcDbLine
 10
3.657
 20
-36.533
 30
0.0
 11
3.22
 21
-36.533
 31
0.0
  0
LINE
  5
DC3
330
1F
100
AcDbEntity
  8
0
  6
Continuous
 62
     7
370
    25
100
AcDbLine
 10
3.22
 20
-36.533
 30
0.0
 11
3.22
 21
-36.97
 31
0.0
  0
LINE
  5
DC4
330
1F
100
AcDbEntity
  8
0
  6
Continuous
 62
     7
370
    25
100
AcDbLine
 10
3.22
 20
-36.97
 30
0.0
 11
3.657
 21
-36.97
 31
0.0
  0
LINE
  5
DC5
330
1F
100
AcDbEntity
  8
0
  6
Continuous
 62
     7
370
    25
100
AcDbLine
 10
3.657
 20
-36.97
 30
0.0
 11
3.657
 21
-36.533
 31
0.0
  0
LINE
  5
DC6
330
1F
100
AcDbEntity
  8
0
  6
Continuous
 62
     7
370
    25
100
AcDbLine
 10
3.657
 20
35.097
 30
0.0
 11
3.22
 21
35.097
 31
0.0
  0
LINE
  5
DC7
330
1F
100
AcDbEntity
  8
0
  6
Continuous
 62
     7
370
    25
100
AcDbLine
 10
3.22
 20
35.097
 30
0.0
 11
3.22
 21
34.66
 31
0.0
  0
LINE
  5
DC8
330
1F
100
AcDbEntity
  8
0
  6
Continuous
 62
     7
370
    25
100
AcDbLine
 10
3.22
 20
34.66
 30
0.0
 11
3.657
 21
34.66
 31
0.0
  0
LINE
  5
DC9
330
1F
100
AcDbEntity
  8
0
  6
Continuous
 62
     7
370
    25
100
AcDbLine
 10
3.657
 20
34.66
 30
0.0
 11
3.657
 21
35.097
 31
0.0
  0
LINE
  5
DCA
330
1F
100
AcDbEntity
  8
0
  6
Continuous
 62
     7
370
    25
100
AcDbLine
 10
3.032
 20
35.097
 30
0.0
 11
2.595
 21
35.097
 31
0.0
  0
LINE
  5
DCB
330
1F
100
AcDbEntity
  8
0
  6
Continuous
 62
     7
370
    25
100
AcDbLine
 10
2.595
 20
35.097
 30
0.0
 11
2.595
 21
34.66
 31
0.0
  0
LINE
  5
DCC
330
1F
100
AcDbEntity
  8
0
  6
Continuous
 62
     7
370
    25
100
AcDbLine
 10
2.595
 20
34.66
 30
0.0
 11
3.032
 21
34.66
 31
0.0
  0
LINE
  5
DCD
330
1F
100
AcDbEntity
  8
0
  6
Continuous
 62
     7
370
    25
100
AcDbLine
 10
3.032
 20
34.66
 30
0.0
 11
3.032
 21
35.097
 31
0.0
  0
LINE
  5
DCE
330
1F
100
AcDbEntity
  8
0
  6
Continuous
 62
     7
370
    25
100
AcDbLine
 10
3.657
 20
-0.719
 30
0.0
 11
3.22
 21
-0.719
 31
0.0
  0
LINE
  5
DCF
330
1F
100
AcDbEntity
  8
0
  6
Continuous
 62
     7
370
    25
100
AcDbLine
 10
3.22
 20
-0.719
 30
0.0
 11
3.22
 21
-1.156
 31
0.0
  0
LINE
  5
DD0
330
1F
100
AcDbEntity
  8
0
  6
Continuous
 62
     7
370
    25
100
AcDbLine
 10
3.22
 20
-1.156
 30
0.0
 11
3.657
 21
-1.156
 31
0.0
  0
LINE
  5
DD1
330
1F
100
AcDbEntity
  8
0
  6
Continuous
 62
     7
370
    25
100
AcDbLine
 10
3.657
 20
-1.156
 30
0.0
 11
3.657
 21
-0.719
 31
0.0
  0
LINE
  5
DD2
330
1F
100
AcDbEntity
  8
0
  6
Continuous
 62
     7
370
    25
100
AcDbLine
 10
-0.718
 20
35.097
 30
0.0
 11
-1.155
 21
35.097
 31
0.0
  0
LINE
  5
DD3
330
1F
100
AcDbEntity
  8
0
  6
Continuous
 62
     7
370
    25
100
AcDbLine
 10
-1.155
 20
35.097
 30
0.0
 11
-1.155
 21
34.66
 31
0.0
  0
LINE
  5
DD4
330
1F
100
AcDbEntity
  8
0
  6
Continuous
 62
     7
370
    25
100
AcDbLine
 10
-1.155
 20
34.66
 30
0.0
 11
-0.718
 21
34.66
 31
0.0
  0
LINE
  5
DD5
330
1F
100
AcDbEntity
  8
0
  6
Continuous
 62
     7
370
    25
100
AcDbLine
 10
-0.718
 20
34.66
 30
0.0
 11
-0.718
 21
35.097
 31
0.0
  0
LINE
  5
DD6
330
1F
100
AcDbEntity
  8
0
  6
Continuous
 62
     7
370
    25
100
AcDbLine
 10
-0.093
 20
-0.719
 30
0.0
 11
-0.53
 21
-0.719
 31
0.0
  0
LINE
  5
DD7
330
1F
100
AcDbEntity
  8
0
  6
Continuous
 62
     7
370
    25
100
AcDbLine
 10
-0.53
 20
-0.719
 30
0.0
 11
-0.53
 21
-1.156
 31
0.0
  0
LINE
  5
DD8
330
1F
100
AcDbEntity
  8
0
  6
Continuous
 62
     7
370
    25
100
AcDbLine
 10
-0.53
 20
-1.156
 30
0.0
 11
-0.093
 21
-1.156
 31
0.0
  0
LINE
  5
DD9
330
1F
100
AcDbEntity
  8
0
  6
Continuous
 62
     7
370
    25
100
AcDbLine
 10
-0.093
 20
-1.156
 30
0.0
 11
-0.093
 21
-0.719
 31
0.0
  0
LINE
  5
DDA
330
1F
100
AcDbEntity
  8
0
  6
Continuous
 62
     7
370
    25
100
AcDbLine
 10
-0.718
 20
-0.719
 30
0.0
 11
-1.155
 21
-0.719
 31
0.0
  0
LINE
  5
DDB
330
1F
100
AcDbEntity
  8
0
  6
Continuous
 62
     7
370
    25
100
AcDbLine
 10
-1.155
 20
-0.719
 30
0.0
 11
-1.155
 21
-1.156
 31
0.0
  0
LINE
  5
DDC
330
1F
100
AcDbEntity
  8
0
  6
Continuous
 62
     7
370
    25
100
AcDbLine
 10
-1.155
 20
-1.156
 30
0.0
 11
-0.718
 21
-1.156
 31
0.0
  0
LINE
  5
DDD
330
1F
100
AcDbEntity
  8
0
  6
Continuous
 62
     7
370
    25
100
AcDbLine
 10
-0.718
 20
-1.156
 30
0.0
 11
-0.718
 21
-0.719
 31
0.0
  0
LINE
  5
DDE
330
1F
100
AcDbEntity
  8
0
  6
Continuous
 62
     7
370
    25
100
AcDbLine
 10
-0.718
 20
-36.533
 30
0.0
 11
-1.155
 21
-36.533
 31
0.0
  0
LINE
  5
DDF
330
1F
100
AcDbEntity
  8
0
  6
Continuous
 62
     7
370
    25
100
AcDbLine
 10
-1.155
 20
-36.533
 30
0.0
 11
-1.155
 21
-36.97
 31
0.0
  0
LINE
  5
DE0
330
1F
100
AcDbEntity
  8
0
  6
Continuous
 62
     7
370
    25
100
AcDbLine
 10
-1.155
 20
-36.97
 30
0.0
 11
-0.718
 21
-36.97
 31
0.0
  0
LINE
  5
DE1
330
1F
100
AcDbEntity
  8
0
  6
Continuous
 62
     7
370
    25
100
AcDbLine
 10
-0.718
 20
-36.97
 30
0.0
 11
-0.718
 21
-36.533
 31
0.0
  0
LINE
  5
DE2
330
1F
100
AcDbEntity
  8
0
  6
Continuous
 62
     7
370
    25
100
AcDbLine
 10
-1.343
 20
-36.533
 30
0.0
 11
-1.78
 21
-36.533
 31
0.0
  0
LINE
  5
DE3
330
1F
100
AcDbEntity
  8
0
  6
Continuous
 62
     7
370
    25
100
AcDbLine
 10
-1.78
 20
-36.533
 30
0.0
 11
-1.78
 21
-36.97
 31
0.0
  0
LINE
  5
DE4
330
1F
100
AcDbEntity
  8
0
  6
Continuous
 62
     7
370
    25
100
AcDbLine
 10
-1.78
 20
-36.97
 30
0.0
 11
-1.343
 21
-36.97
 31
0.0
  0
LINE
  5
DE5
330
1F
100
AcDbEntity
  8
0
  6
Continuous
 62
     7
370
    25
100
AcDbLine
 10
-1.343
 20
-36.97
 30
0.0
 11
-1.343
 21
-36.533
 31
0.0
  0
LINE
  5
DE6
330
1F
100
AcDbEntity
  8
0
  6
Continuous
 62
     7
370
    25
100
AcDbLine
 10
-1.343
 20
35.097
 30
0.0
 11
-1.78
 21
35.097
 31
0.0
  0
LINE
  5
DE7
330
1F
100
AcDbEntity
  8
0
  6
Continuous
 62
     7
370
    25
100
AcDbLine
 10
-1.78
 20
35.097
 30
0.0
 11
-1.78
 21
34.66
 31
0.0
  0
LINE
  5
DE8
330
1F
100
AcDbEntity
  8
0
  6
Continuous
 62
     7
370
    25
100
AcDbLine
 10
-1.78
 20
34.66
 30
0.0
 11
-1.343
 21
34.66
 31
0.0
  0
LINE
  5
DE9
330
1F
100
AcDbEntity
  8
0
  6
Continuous
 62
     7
370
    25
100
AcDbLine
 10
-1.343
 20
34.66
 30
0.0
 11
-1.343
 21
35.097
 31
0.0
  0
LINE
  5
DEA
330
1F
100
AcDbEntity
  8
0
  6
Continuous
 62
     7
370
    25
100
AcDbLine
 10
-1.968
 20
35.097
 30
0.0
 11
-2.405
 21
35.097
 31
0.0
  0
LINE
  5
DEB
330
1F
100
AcDbEntity
  8
0
  6
Continuous
 62
     7
370
    25
100
AcDbLine
 10
-2.405
 20
35.097
 30
0.0
 11
-2.405
 21
34.66
 31
0.0
  0
LINE
  5
DEC
330
1F
100
AcDbEntity
  8
0
  6
Continuous
 62
     7
370
    25
100
AcDbLine
 10
-2.405
 20
34.66
 30
0.0
 11
-1.968
 21
34.66
 31
0.0
  0
LINE
  5
DED
330
1F
100
AcDbEntity
  8
0
  6
Continuous
 62
     7
370
    25
100
AcDbLine
 10
-1.968
 20
34.66
 30
0.0
 11
-1.968
 21
35.097
 31
0.0
  0
LINE
  5
DEE
330
1F
100
AcDbEntity
  8
0
  6
Continuous
 62
     7
370
    25
100
AcDbLine
 10
-1.343
 20
-0.719
 30
0.0
 11
-1.78
 21
-0.719
 31
0.0
  0
LINE
  5
DEF
330
1F
100
AcDbEntity
  8
0
  6
Continuous
 62
     7
370
    25
100
AcDbLine
 10
-1.78
 20
-0.719
 30
0.0
 11
-1.78
 21
-1.156
 31
0.0
  0
LINE
  5
DF0
330
1F
100
AcDbEntity
  8
0
  6
Continuous
 62
     7
370
    25
100
AcDbLine
 10
-1.78
 20
-1.156
 30
0.0
 11
-1.343
 21
-1.156
 31
0.0
  0
LINE
  5
DF1
330
1F
100
AcDbEntity
  8
0
  6
Continuous
 62
     7
370
    25
100
AcDbLine
 10
-1.343
 20
-1.156
 30
0.0
 11
-1.343
 21
-0.719
 31
0.0
  0
LINE
  5
DF2
330
1F
100
AcDbEntity
  8
0
  6
Continuous
 62
     7
370
    25
100
AcDbLine
 10
1.157
 20
-36.533
 30
0.0
 11
0.72
 21
-36.533
 31
0.0
  0
LINE
  5
DF3
330
1F
100
AcDbEntity
  8
0
  6
Continuous
 62
     7
370
    25
100
AcDbLine
 10
0.72
 20
-36.533
 30
0.0
 11
0.72
 21
-36.97
 31
0.0
  0
LINE
  5
DF4
330
1F
100
AcDbEntity
  8
0
  6
Continuous
 62
     7
370
    25
100
AcDbLine
 10
0.72
 20
-36.97
 30
0.0
 11
1.157
 21
-36.97
 31
0.0
  0
LINE
  5
DF5
330
1F
100
AcDbEntity
  8
0
  6
Continuous
 62
     7
370
    25
100
AcDbLine
 10
1.157
 20
-36.97
 30
0.0
 11
1.157
 21
-36.533
 31
0.0
  0
LINE
  5
DF6
330
1F
100
AcDbEntity
  8
0
  6
Continuous
 62
     7
370
    25
100
AcDbLine
 10
1.157
 20
35.097
 30
0.0
 11
0.72
 21
35.097
 31
0.0
  0
LINE
  5
DF7
330
1F
100
AcDbEntity
  8
0
  6
Continuous
 62
     7
370
    25
100
AcDbLine
 10
0.72
 20
35.097
 30
0.0
 11
0.72
 21
34.66
 31
0.0
  0
LINE
  5
DF8
330
1F
100
AcDbEntity
  8
0
  6
Continuous
 62
     7
370
    25
100
AcDbLine
 10
0.72
 20
34.66
 30
0.0
 11
1.157
 21
34.66
 31
0.0
  0
LINE
  5
DF9
330
1F
100
AcDbEntity
  8
0
  6
Continuous
 62
     7
370
    25
100
AcDbLine
 10
1.157
 20
34.66
 30
0.0
 11
1.157
 21
35.097
 31
0.0
  0
LINE
  5
DFA
330
1F
100
AcDbEntity
  8
0
  6
Continuous
 62
     7
370
    25
100
AcDbLine
 10
0.532
 20
35.097
 30
0.0
 11
0.095
 21
35.097
 31
0.0
  0
LINE
  5
DFB
330
1F
100
AcDbEntity
  8
0
  6
Continuous
 62
     7
370
    25
100
AcDbLine
 10
0.095
 20
35.097
 30
0.0
 11
0.095
 21
34.66
 31
0.0
  0
LINE
  5
DFC
330
1F
100
AcDbEntity
  8
0
  6
Continuous
 62
     7
370
    25
100
AcDbLine
 10
0.095
 20
34.66
 30
0.0
 11
0.532
 21
34.66
 31
0.0
  0
LINE
  5
DFD
330
1F
100
AcDbEntity
  8
0
  6
Continuous
 62
     7
370
    25
100
AcDbLine
 10
0.532
 20
34.66
 30
0.0
 11
0.532
 21
35.097
 31
0.0
  0
LINE
  5
DFE
330
1F
100
AcDbEntity
  8
0
  6
Continuous
 62
     7
370
    25
100
AcDbLine
 10
1.157
 20
-0.719
 30
0.0
 11
0.72
 21
-0.719
 31
0.0
  0
LINE
  5
DFF
330
1F
100
AcDbEntity
  8
0
  6
Continuous
 62
     7
370
    25
100
AcDbLine
 10
0.72
 20
-0.719
 30
0.0
 11
0.72
 21
-1.156
 31
0.0
  0
LINE
  5
E00
330
1F
100
AcDbEntity
  8
0
  6
Continuous
 62
     7
370
    25
100
AcDbLine
 10
0.72
 20
-1.156
 30
0.0
 11
1.157
 21
-1.156
 31
0.0
  0
LINE
  5
E01
330
1F
100
AcDbEntity
  8
0
  6
Continuous
 62
     7
370
    25
100
AcDbLine
 10
1.157
 20
-1.156
 30
0.0
 11
1.157
 21
-0.719
 31
0.0
  0
LINE
  5
E02
330
1F
100
AcDbEntity
  8
0
  6
Continuous
 62
     7
370
    25
100
AcDbLine
 10
-1.343
 20
-34.658
 30
0.0
 11
-1.78
 21
-34.658
 31
0.0
  0
LINE
  5
E03
330
1F
100
AcDbEntity
  8
0
  6
Continuous
 62
     7
370
    25
100
AcDbLine
 10
-1.78
 20
-34.658
 30
0.0
 11
-1.78
 21
-35.095
 31
0.0
  0
LINE
  5
E04
330
1F
100
AcDbEntity
  8
0
  6
Continuous
 62
     7
370
    25
100
AcDbLine
 10
-1.78
 20
-35.095
 30
0.0
 11
-1.343
 21
-35.095
 31
0.0
  0
LINE
  5
E05
330
1F
100
AcDbEntity
  8
0
  6
Continuous
 62
     7
370
    25
100
AcDbLine
 10
-1.343
 20
-35.095
 30
0.0
 11
-1.343
 21
-34.658
 31
0.0
  0
LINE
  5
E06
330
1F
100
AcDbEntity
  8
0
  6
Continuous
 62
     7
370
    25
100
AcDbLine
 10
-1.343
 20
1.156
 30
0.0
 11
-1.78
 21
1.156
 31
0.0
  0
LINE
  5
E07
330
1F
100
AcDbEntity
  8
0
  6
Continuous
 62
     7
370
    25
100
AcDbLine
 10
-1.78
 20
1.156
 30
0.0
 11
-1.78
 21
0.719
 31
0.0
  0
LINE
  5
E08
330
1F
100
AcDbEntity
  8
0
  6
Continuous
 62
     7
370
    25
100
AcDbLine
 10
-1.78
 20
0.719
 30
0.0
 11
-1.343
 21
0.719
 31
0.0
  0
LINE
  5
E09
330
1F
100
AcDbEntity
  8
0
  6
Continuous
 62
     7
370
    25
100
AcDbLine
 10
-1.343
 20
0.719
 30
0.0
 11
-1.343
 21
1.156
 31
0.0
  0
LINE
  5
E0A
330
1F
100
AcDbEntity
  8
0
  6
Continuous
 62
     7
370
    25
100
AcDbLine
 10
-0.718
 20
1.156
 30
0.0
 11
-1.155
 21
1.156
 31
0.0
  0
LINE
  5
E0B
330
1F
100
AcDbEntity
  8
0
  6
Continuous
 62
     7
370
    25
100
AcDbLine
 10
-1.155
 20
1.156
 30
0.0
 11
-1.155
 21
0.719
 31
0.0
  0
LINE
  5
E0C
330
1F
100
AcDbEntity
  8
0
  6
Continuous
 62
     7
370
    25
100
AcDbLine
 10
-1.155
 20
0.719
 30
0.0
 11
-0.718
 21
0.719
 31
0.0
  0
LINE
  5
E0D
330
1F
100
AcDbEntity
  8
0
  6
Continuous
 62
     7
370
    25
100
AcDbLine
 10
-0.718
 20
0.719
 30
0.0
 11
-0.718
 21
1.156
 31
0.0
  0
LINE
  5
E0E
330
1F
100
AcDbEntity
  8
0
  6
Continuous
 62
     7
370
    25
100
AcDbLine
 10
-1.343
 20
36.972
 30
0.0
 11
-1.78
 21
36.972
 31
0.0
  0
LINE
  5
E0F
330
1F
100
AcDbEntity
  8
0
  6
Continuous
 62
     7
370
    25
100
AcDbLine
 10
-1.78
 20
36.972
 30
0.0
 11
-1.78
 21
36.535
 31
0.0
  0
LINE
  5
E10
330
1F
100
AcDbEntity
  8
0
  6
Continuous
 62
     7
370
    25
100
AcDbLine
 10
-1.78
 20
36.535
 30
0.0
 11
-1.343
 21
36.535
 31
0.0
  0
LINE
  5
E11
330
1F
100
AcDbEntity
  8
0
  6
Continuous
 62
     7
370
    25
100
AcDbLine
 10
-1.343
 20
36.535
 30
0.0
 11
-1.343
 21
36.972
 31
0.0
  0
LINE
  5
E12
330
1F
100
AcDbEntity
  8
0
  6
Continuous
 62
     7
370
    25
100
AcDbLine
 10
-3.843
 20
-34.658
 30
0.0
 11
-4.28
 21
-34.658
 31
0.0
  0
LINE
  5
E13
330
1F
100
AcDbEntity
  8
0
  6
Continuous
 62
     7
370
    25
100
AcDbLine
 10
-4.28
 20
-34.658
 30
0.0
 11
-4.28
 21
-35.095
 31
0.0
  0
LINE
  5
E14
330
1F
100
AcDbEntity
  8
0
  6
Continuous
 62
     7
370
    25
100
AcDbLine
 10
-4.28
 20
-35.095
 30
0.0
 11
-3.843
 21
-35.095
 31
0.0
  0
LINE
  5
E15
330
1F
100
AcDbEntity
  8
0
  6
Continuous
 62
     7
370
    25
100
AcDbLine
 10
-3.843
 20
-35.095
 30
0.0
 11
-3.843
 21
-34.658
 31
0.0
  0
LINE
  5
E16
330
1F
100
AcDbEntity
  8
0
  6
Continuous
 62
     7
370
    25
100
AcDbLine
 10
-3.843
 20
1.156
 30
0.0
 11
-4.28
 21
1.156
 31
0.0
  0
LINE
  5
E17
330
1F
100
AcDbEntity
  8
0
  6
Continuous
 62
     7
370
    25
100
AcDbLine
 10
-4.28
 20
1.156
 30
0.0
 11
-4.28
 21
0.719
 31
0.0
  0
LINE
  5
E18
330
1F
100
AcDbEntity
  8
0
  6
Continuous
 62
     7
370
    25
100
AcDbLine
 10
-4.28
 20
0.719
 30
0.0
 11
-3.843
 21
0.719
 31
0.0
  0
LINE
  5
E19
330
1F
100
AcDbEntity
  8
0
  6
Continuous
 62
     7
370
    25
100
AcDbLine
 10
-3.843
 20
0.719
 30
0.0
 11
-3.843
 21
1.156
 31
0.0
  0
LINE
  5
E1A
330
1F
100
AcDbEntity
  8
0
  6
Continuous
 62
     7
370
    25
100
AcDbLine
 10
-3.218
 20
1.156
 30
0.0
 11
-3.655
 21
1.156
 31
0.0
  0
LINE
  5
E1B
330
1F
100
AcDbEntity
  8
0
  6
Continuous
 62
     7
370
    25
100
AcDbLine
 10
-3.655
 20
1.156
 30
0.0
 11
-3.655
 21
0.719
 31
0.0
  0
LINE
  5
E1C
330
1F
100
AcDbEntity
  8
0
  6
Continuous
 62
     7
370
    25
100
AcDbLine
 10
-3.655
 20
0.719
 30
0.0
 11
-3.218
 21
0.719
 31
0.0
  0
LINE
  5
E1D
330
1F
100
AcDbEntity
  8
0
  6
Continuous
 62
     7
370
    25
100
AcDbLine
 10
-3.218
 20
0.719
 30
0.0
 11
-3.218
 21
1.156
 31
0.0
  0
LINE
  5
E1E
330
1F
100
AcDbEntity
  8
0
  6
Continuous
 62
     7
370
    25
100
AcDbLine
 10
-3.843
 20
36.972
 30
0.0
 11
-4.28
 21
36.972
 31
0.0
  0
LINE
  5
E1F
330
1F
100
AcDbEntity
  8
0
  6
Continuous
 62
     7
370
    25
100
AcDbLine
 10
-4.28
 20
36.972
 30
0.0
 11
-4.28
 21
36.535
 31
0.0
  0
LINE
  5
E20
330
1F
100
AcDbEntity
  8
0
  6
Continuous
 62
     7
370
    25
100
AcDbLine
 10
-4.28
 20
36.535
 30
0.0
 11
-3.843
 21
36.535
 31
0.0
  0
LINE
  5
E21
330
1F
100
AcDbEntity
  8
0
  6
Continuous
 62
     7
370
    25
100
AcDbLine
 10
-3.843
 20
36.535
 30
0.0
 11
-3.843
 21
36.972
 31
0.0
  0
LINE
  5
E22
330
1F
100
AcDbEntity
  8
0
  6
Continuous
 62
     7
370
    25
100
AcDbLine
 10
-2.593
 20
1.156
 30
0.0
 11
-3.03
 21
1.156
 31
0.0
  0
LINE
  5
E23
330
1F
100
AcDbEntity
  8
0
  6
Continuous
 62
     7
370
    25
100
AcDbLine
 10
-3.03
 20
1.156
 30
0.0
 11
-3.03
 21
0.719
 31
0.0
  0
LINE
  5
E24
330
1F
100
AcDbEntity
  8
0
  6
Continuous
 62
     7
370
    25
100
AcDbLine
 10
-3.03
 20
0.719
 30
0.0
 11
-2.593
 21
0.719
 31
0.0
  0
LINE
  5
E25
330
1F
100
AcDbEntity
  8
0
  6
Continuous
 62
     7
370
    25
100
AcDbLine
 10
-2.593
 20
0.719
 30
0.0
 11
-2.593
 21
1.156
 31
0.0
  0
LINE
  5
E26
330
1F
100
AcDbEntity
  8
0
  6
Continuous
 62
     7
370
    25
100
AcDbLine
 10
-2.593
 20
-34.658
 30
0.0
 11
-3.03
 21
-34.658
 31
0.0
  0
LINE
  5
E27
330
1F
100
AcDbEntity
  8
0
  6
Continuous
 62
     7
370
    25
100
AcDbLine
 10
-3.03
 20
-34.658
 30
0.0
 11
-3.03
 21
-35.095
 31
0.0
  0
LINE
  5
E28
330
1F
100
AcDbEntity
  8
0
  6
Continuous
 62
     7
370
    25
100
AcDbLine
 10
-3.03
 20
-35.095
 30
0.0
 11
-2.593
 21
-35.095
 31
0.0
  0
LINE
  5
E29
330
1F
100
AcDbEntity
  8
0
  6
Continuous
 62
     7
370
    25
100
AcDbLine
 10
-2.593
 20
-35.095
 30
0.0
 11
-2.593
 21
-34.658
 31
0.0
  0
LINE
  5
E2A
330
1F
100
AcDbEntity
  8
0
  6
Continuous
 62
     7
370
    25
100
AcDbLine
 10
-3.218
 20
-34.658
 30
0.0
 11
-3.655
 21
-34.658
 31
0.0
  0
LINE
  5
E2B
330
1F
100
AcDbEntity
  8
0
  6
Continuous
 62
     7
370
    25
100
AcDbLine
 10
-3.655
 20
-34.658
 30
0.0
 11
-3.655
 21
-35.095
 31
0.0
  0
LINE
  5
E2C
330
1F
100
AcDbEntity
  8
0
  6
Continuous
 62
     7
370
    25
100
AcDbLine
 10
-3.655
 20
-35.095
 30
0.0
 11
-3.218
 21
-35.095
 31
0.0
  0
LINE
  5
E2D
330
1F
100
AcDbEntity
  8
0
  6
Continuous
 62
     7
370
    25
100
AcDbLine
 10
-3.218
 20
-35.095
 30
0.0
 11
-3.218
 21
-34.658
 31
0.0
  0
LINE
  5
E2E
330
1F
100
AcDbEntity
  8
0
  6
Continuous
 62
     7
370
    25
100
AcDbLine
 10
-3.218
 20
36.972
 30
0.0
 11
-3.655
 21
36.972
 31
0.0
  0
LINE
  5
E2F
330
1F
100
AcDbEntity
  8
0
  6
Continuous
 62
     7
370
    25
100
AcDbLine
 10
-3.655
 20
36.972
 30
0.0
 11
-3.655
 21
36.535
 31
0.0
  0
LINE
  5
E30
330
1F
100
AcDbEntity
  8
0
  6
Continuous
 62
     7
370
    25
100
AcDbLine
 10
-3.655
 20
36.535
 30
0.0
 11
-3.218
 21
36.535
 31
0.0
  0
LINE
  5
E31
330
1F
100
AcDbEntity
  8
0
  6
Continuous
 62
     7
370
    25
100
AcDbLine
 10
-3.218
 20
36.535
 30
0.0
 11
-3.218
 21
36.972
 31
0.0
  0
LINE
  5
E32
330
1F
100
AcDbEntity
  8
0
  6
Continuous
 62
     7
370
    25
100
AcDbLine
 10
1.157
 20
-34.658
 30
0.0
 11
0.72
 21
-34.658
 31
0.0
  0
LINE
  5
E33
330
1F
100
AcDbEntity
  8
0
  6
Continuous
 62
     7
370
    25
100
AcDbLine
 10
0.72
 20
-34.658
 30
0.0
 11
0.72
 21
-35.095
 31
0.0
  0
LINE
  5
E34
330
1F
100
AcDbEntity
  8
0
  6
Continuous
 62
     7
370
    25
100
AcDbLine
 10
0.72
 20
-35.095
 30
0.0
 11
1.157
 21
-35.095
 31
0.0
  0
LINE
  5
E35
330
1F
100
AcDbEntity
  8
0
  6
Continuous
 62
     7
370
    25
100
AcDbLine
 10
1.157
 20
-35.095
 30
0.0
 11
1.157
 21
-34.658
 31
0.0
  0
LINE
  5
E36
330
1F
100
AcDbEntity
  8
0
  6
Continuous
 62
     7
370
    25
100
AcDbLine
 10
1.157
 20
1.156
 30
0.0
 11
0.72
 21
1.156
 31
0.0
  0
LINE
  5
E37
330
1F
100
AcDbEntity
  8
0
  6
Continuous
 62
     7
370
    25
100
AcDbLine
 10
0.72
 20
1.156
 30
0.0
 11
0.72
 21
0.719
 31
0.0
  0
LINE
  5
E38
330
1F
100
AcDbEntity
  8
0
  6
Continuous
 62
     7
370
    25
100
AcDbLine
 10
0.72
 20
0.719
 30
0.0
 11
1.157
 21
0.719
 31
0.0
  0
LINE
  5
E39
330
1F
100
AcDbEntity
  8
0
  6
Continuous
 62
     7
370
    25
100
AcDbLine
 10
1.157
 20
0.719
 30
0.0
 11
1.157
 21
1.156
 31
0.0
  0
LINE
  5
E3A
330
1F
100
AcDbEntity
  8
0
  6
Continuous
 62
     7
370
    25
100
AcDbLine
 10
1.782
 20
1.156
 30
0.0
 11
1.345
 21
1.156
 31
0.0
  0
LINE
  5
E3B
330
1F
100
AcDbEntity
  8
0
  6
Continuous
 62
     7
370
    25
100
AcDbLine
 10
1.345
 20
1.156
 30
0.0
 11
1.345
 21
0.719
 31
0.0
  0
LINE
  5
E3C
330
1F
100
AcDbEntity
  8
0
  6
Continuous
 62
     7
370
    25
100
AcDbLine
 10
1.345
 20
0.719
 30
0.0
 11
1.782
 21
0.719
 31
0.0
  0
LINE
  5
E3D
330
1F
100
AcDbEntity
  8
0
  6
Continuous
 62
     7
370
    25
100
AcDbLine
 10
1.782
 20
0.719
 30
0.0
 11
1.782
 21
1.156
 31
0.0
  0
LINE
  5
E3E
330
1F
100
AcDbEntity
  8
0
  6
Continuous
 62
     7
370
    25
100
AcDbLine
 10
1.157
 20
36.972
 30
0.0
 11
0.72
 21
36.972
 31
0.0
  0
LINE
  5
E3F
330
1F
100
AcDbEntity
  8
0
  6
Continuous
 62
     7
370
    25
100
AcDbLine
 10
0.72
 20
36.972
 30
0.0
 11
0.72
 21
36.535
 31
0.0
  0
LINE
  5
E40
330
1F
100
AcDbEntity
  8
0
  6
Continuous
 62
     7
370
    25
100
AcDbLine
 10
0.72
 20
36.535
 30
0.0
 11
1.157
 21
36.535
 31
0.0
  0
LINE
  5
E41
330
1F
100
AcDbEntity
  8
0
  6
Continuous
 62
     7
370
    25
100
AcDbLine
 10
1.157
 20
36.535
 30
0.0
 11
1.157
 21
36.972
 31
0.0
  0
LINE
  5
E42
330
1F
100
AcDbEntity
  8
0
  6
Continuous
 62
     7
370
    25
100
AcDbLine
 10
-1.968
 20
-34.658
 30
0.0
 11
-2.405
 21
-34.658
 31
0.0
  0
LINE
  5
E43
330
1F
100
AcDbEntity
  8
0
  6
Continuous
 62
     7
370
    25
100
AcDbLine
 10
-2.405
 20
-34.658
 30
0.0
 11
-2.405
 21
-35.095
 31
0.0
  0
LINE
  5
E44
330
1F
100
AcDbEntity
  8
0
  6
Continuous
 62
     7
370
    25
100
AcDbLine
 10
-2.405
 20
-35.095
 30
0.0
 11
-1.968
 21
-35.095
 31
0.0
  0
LINE
  5
E45
330
1F
100
AcDbEntity
  8
0
  6
Continuous
 62
     7
370
    25
100
AcDbLine
 10
-1.968
 20
-35.095
 30
0.0
 11
-1.968
 21
-34.658
 31
0.0
  0
LINE
  5
E46
330
1F
100
AcDbEntity
  8
0
  6
Continuous
 62
     7
370
    25
100
AcDbLine
 10
-1.968
 20
36.972
 30
0.0
 11
-2.405
 21
36.972
 31
0.0
  0
LINE
  5
E47
330
1F
100
AcDbEntity
  8
0
  6
Continuous
 62
     7
370
    25
100
AcDbLine
 10
-2.405
 20
36.972
 30
0.0
 11
-2.405
 21
36.535
 31
0.0
  0
LINE
  5
E48
330
1F
100
AcDbEntity
  8
0
  6
Continuous
 62
     7
370
    25
100
AcDbLine
 10
-2.405
 20
36.535
 30
0.0
 11
-1.968
 21
36.535
 31
0.0
  0
LINE
  5
E49
330
1F
100
AcDbEntity
  8
0
  6
Continuous
 62
     7
370
    25
100
AcDbLine
 10
-1.968
 20
36.535
 30
0.0
 11
-1.968
 21
36.972
 31
0.0
  0
LINE
  5
E4A
330
1F
100
AcDbEntity
  8
0
  6
Continuous
 62
     7
370
    25
100
AcDbLine
 10
-2.593
 20
36.972
 30
0.0
 11
-3.03
 21
36.972
 31
0.0
  0
LINE
  5
E4B
330
1F
100
AcDbEntity
  8
0
  6
Continuous
 62
     7
370
    25
100
AcDbLine
 10
-3.03
 20
36.972
 30
0.0
 11
-3.03
 21
36.535
 31
0.0
  0
LINE
  5
E4C
330
1F
100
AcDbEntity
  8
0
  6
Continuous
 62
     7
370
    25
100
AcDbLine
 10
-3.03
 20
36.535
 30
0.0
 11
-2.593
 21
36.535
 31
0.0
  0
LINE
  5
E4D
330
1F
100
AcDbEntity
  8
0
  6
Continuous
 62
     7
370
    25
100
AcDbLine
 10
-2.593
 20
36.535
 30
0.0
 11
-2.593
 21
36.972
 31
0.0
  0
LINE
  5
E4E
330
1F
100
AcDbEntity
  8
0
  6
Continuous
 62
     7
370
    25
100
AcDbLine
 10
-1.968
 20
1.156
 30
0.0
 11
-2.405
 21
1.156
 31
0.0
  0
LINE
  5
E4F
330
1F
100
AcDbEntity
  8
0
  6
Continuous
 62
     7
370
    25
100
AcDbLine
 10
-2.405
 20
1.156
 30
0.0
 11
-2.405
 21
0.719
 31
0.0
  0
LINE
  5
E50
330
1F
100
AcDbEntity
  8
0
  6
Continuous
 62
     7
370
    25
100
AcDbLine
 10
-2.405
 20
0.719
 30
0.0
 11
-1.968
 21
0.719
 31
0.0
  0
LINE
  5
E51
330
1F
100
AcDbEntity
  8
0
  6
Continuous
 62
     7
370
    25
100
AcDbLine
 10
-1.968
 20
0.719
 30
0.0
 11
-1.968
 21
1.156
 31
0.0
  0
LINE
  5
E52
330
1F
100
AcDbEntity
  8
0
  6
Continuous
 62
     7
370
    25
100
AcDbLine
 10
-0.718
 20
37.597
 30
0.0
 11
-1.155
 21
37.597
 31
0.0
  0
LINE
  5
E53
330
1F
100
AcDbEntity
  8
0
  6
Continuous
 62
     7
370
    25
100
AcDbLine
 10
-1.155
 20
37.597
 30
0.0
 11
-1.155
 21
37.16
 31
0.0
  0
LINE
  5
E54
330
1F
100
AcDbEntity
  8
0
  6
Continuous
 62
     7
370
    25
100
AcDbLine
 10
-1.155
 20
37.16
 30
0.0
 11
-0.718
 21
37.16
 31
0.0
  0
LINE
  5
E55
330
1F
100
AcDbEntity
  8
0
  6
Continuous
 62
     7
370
    25
100
AcDbLine
 10
-0.718
 20
37.16
 30
0.0
 11
-0.718
 21
37.597
 31
0.0
  0
LINE
  5
E56
330
1F
100
AcDbEntity
  8
0
  6
Continuous
 62
     7
370
    25
100
AcDbLine
 10
-0.093
 20
1.781
 30
0.0
 11
-0.53
 21
1.781
 31
0.0
  0
LINE
  5
E57
330
1F
100
AcDbEntity
  8
0
  6
Continuous
 62
     7
370
    25
100
AcDbLine
 10
-0.53
 20
1.781
 30
0.0
 11
-0.53
 21
1.344
 31
0.0
  0
LINE
  5
E58
330
1F
100
AcDbEntity
  8
0
  6
Continuous
 62
     7
370
    25
100
AcDbLine
 10
-0.53
 20
1.344
 30
0.0
 11
-0.093
 21
1.344
 31
0.0
  0
LINE
  5
E59
330
1F
100
AcDbEntity
  8
0
  6
Continuous
 62
     7
370
    25
100
AcDbLine
 10
-0.093
 20
1.344
 30
0.0
 11
-0.093
 21
1.781
 31
0.0
  0
LINE
  5
E5A
330
1F
100
AcDbEntity
  8
0
  6
Continuous
 62
     7
370
    25
100
AcDbLine
 10
-0.718
 20
1.781
 30
0.0
 11
-1.155
 21
1.781
 31
0.0
  0
LINE
  5
E5B
330
1F
100
AcDbEntity
  8
0
  6
Continuous
 62
     7
370
    25
100
AcDbLine
 10
-1.155
 20
1.781
 30
0.0
 11
-1.155
 21
1.344
 31
0.0
  0
LINE
  5
E5C
330
1F
100
AcDbEntity
  8
0
  6
Continuous
 62
     7
370
    25
100
AcDbLine
 10
-1.155
 20
1.344
 30
0.0
 11
-0.718
 21
1.344
 31
0.0
  0
LINE
  5
E5D
330
1F
100
AcDbEntity
  8
0
  6
Continuous
 62
     7
370
    25
100
AcDbLine
 10
-0.718
 20
1.344
 30
0.0
 11
-0.718
 21
1.781
 31
0.0
  0
LINE
  5
E5E
330
1F
100
AcDbEntity
  8
0
  6
Continuous
 62
     7
370
    25
100
AcDbLine
 10
-0.718
 20
-34.033
 30
0.0
 11
-1.155
 21
-34.033
 31
0.0
  0
LINE
  5
E5F
330
1F
100
AcDbEntity
  8
0
  6
Continuous
 62
     7
370
    25
100
AcDbLine
 10
-1.155
 20
-34.033
 30
0.0
 11
-1.155
 21
-34.47
 31
0.0
  0
LINE
  5
E60
330
1F
100
AcDbEntity
  8
0
  6
Continuous
 62
     7
370
    25
100
AcDbLine
 10
-1.155
 20
-34.47
 30
0.0
 11
-0.718
 21
-34.47
 31
0.0
  0
LINE
  5
E61
330
1F
100
AcDbEntity
  8
0
  6
Continuous
 62
     7
370
    25
100
AcDbLine
 10
-0.718
 20
-34.47
 30
0.0
 11
-0.718
 21
-34.033
 31
0.0
  0
LINE
  5
E62
330
1F
100
AcDbEntity
  8
0
  6
Continuous
 62
     7
370
    25
100
AcDbLine
 10
5.532
 20
36.347
 30
0.0
 11
5.095
 21
36.347
 31
0.0
  0
LINE
  5
E63
330
1F
100
AcDbEntity
  8
0
  6
Continuous
 62
     7
370
    25
100
AcDbLine
 10
5.095
 20
36.347
 30
0.0
 11
5.095
 21
35.91
 31
0.0
  0
LINE
  5
E64
330
1F
100
AcDbEntity
  8
0
  6
Continuous
 62
     7
370
    25
100
AcDbLine
 10
5.095
 20
35.91
 30
0.0
 11
5.532
 21
35.91
 31
0.0
  0
LINE
  5
E65
330
1F
100
AcDbEntity
  8
0
  6
Continuous
 62
     7
370
    25
100
AcDbLine
 10
5.532
 20
35.91
 30
0.0
 11
5.532
 21
36.347
 31
0.0
  0
LINE
  5
E66
330
1F
100
AcDbEntity
  8
0
  6
Continuous
 62
     7
370
    25
100
AcDbLine
 10
6.157
 20
0.531
 30
0.0
 11
5.72
 21
0.531
 31
0.0
  0
LINE
  5
E67
330
1F
100
AcDbEntity
  8
0
  6
Continuous
 62
     7
370
    25
100
AcDbLine
 10
5.72
 20
0.531
 30
0.0
 11
5.72
 21
0.094
 31
0.0
  0
LINE
  5
E68
330
1F
100
AcDbEntity
  8
0
  6
Continuous
 62
     7
370
    25
100
AcDbLine
 10
5.72
 20
0.094
 30
0.0
 11
6.157
 21
0.094
 31
0.0
  0
LINE
  5
E69
330
1F
100
AcDbEntity
  8
0
  6
Continuous
 62
     7
370
    25
100
AcDbLine
 10
6.157
 20
0.094
 30
0.0
 11
6.157
 21
0.531
 31
0.0
  0
LINE
  5
E6A
330
1F
100
AcDbEntity
  8
0
  6
Continuous
 62
     7
370
    25
100
AcDbLine
 10
5.532
 20
0.531
 30
0.0
 11
5.095
 21
0.531
 31
0.0
  0
LINE
  5
E6B
330
1F
100
AcDbEntity
  8
0
  6
Continuous
 62
     7
370
    25
100
AcDbLine
 10
5.095
 20
0.531
 30
0.0
 11
5.095
 21
0.094
 31
0.0
  0
LINE
  5
E6C
330
1F
100
AcDbEntity
  8
0
  6
Continuous
 62
     7
370
    25
100
AcDbLine
 10
5.095
 20
0.094
 30
0.0
 11
5.532
 21
0.094
 31
0.0
  0
LINE
  5
E6D
330
1F
100
AcDbEntity
  8
0
  6
Continuous
 62
     7
370
    25
100
AcDbLine
 10
5.532
 20
0.094
 30
0.0
 11
5.532
 21
0.531
 31
0.0
  0
LINE
  5
E6E
330
1F
100
AcDbEntity
  8
0
  6
Continuous
 62
     7
370
    25
100
AcDbLine
 10
5.532
 20
-35.283
 30
0.0
 11
5.095
 21
-35.283
 31
0.0
  0
LINE
  5
E6F
330
1F
100
AcDbEntity
  8
0
  6
Continuous
 62
     7
370
    25
100
AcDbLine
 10
5.095
 20
-35.283
 30
0.0
 11
5.095
 21
-35.72
 31
0.0
  0
LINE
  5
E70
330
1F
100
AcDbEntity
  8
0
  6
Continuous
 62
     7
370
    25
100
AcDbLine
 10
5.095
 20
-35.72
 30
0.0
 11
5.532
 21
-35.72
 31
0.0
  0
LINE
  5
E71
330
1F
100
AcDbEntity
  8
0
  6
Continuous
 62
     7
370
    25
100
AcDbLine
 10
5.532
 20
-35.72
 30
0.0
 11
5.532
 21
-35.283
 31
0.0
  0
LINE
  5
E72
330
1F
100
AcDbEntity
  8
0
  6
Continuous
 62
     7
370
    25
100
AcDbLine
 10
4.907
 20
-35.283
 30
0.0
 11
4.47
 21
-35.283
 31
0.0
  0
LINE
  5
E73
330
1F
100
AcDbEntity
  8
0
  6
Continuous
 62
     7
370
    25
100
AcDbLine
 10
4.47
 20
-35.283
 30
0.0
 11
4.47
 21
-35.72
 31
0.0
  0
LINE
  5
E74
330
1F
100
AcDbEntity
  8
0
  6
Continuous
 62
     7
370
    25
100
AcDbLine
 10
4.47
 20
-35.72
 30
0.0
 11
4.907
 21
-35.72
 31
0.0
  0
LINE
  5
E75
330
1F
100
AcDbEntity
  8
0
  6
Continuous
 62
     7
370
    25
100
AcDbLine
 10
4.907
 20
-35.72
 30
0.0
 11
4.907
 21
-35.283
 31
0.0
  0
LINE
  5
E76
330
1F
100
AcDbEntity
  8
0
  6
Continuous
 62
     7
370
    25
100
AcDbLine
 10
4.907
 20
36.347
 30
0.0
 11
4.47
 21
36.347
 31
0.0
  0
LINE
  5
E77
330
1F
100
AcDbEntity
  8
0
  6
Continuous
 62
     7
370
    25
100
AcDbLine
 10
4.47
 20
36.347
 30
0.0
 11
4.47
 21
35.91
 31
0.0
  0
LINE
  5
E78
330
1F
100
AcDbEntity
  8
0
  6
Continuous
 62
     7
370
    25
100
AcDbLine
 10
4.47
 20
35.91
 30
0.0
 11
4.907
 21
35.91
 31
0.0
  0
LINE
  5
E79
330
1F
100
AcDbEntity
  8
0
  6
Continuous
 62
     7
370
    25
100
AcDbLine
 10
4.907
 20
35.91
 30
0.0
 11
4.907
 21
36.347
 31
0.0
  0
LINE
  5
E7A
330
1F
100
AcDbEntity
  8
0
  6
Continuous
 62
     7
370
    25
100
AcDbLine
 10
4.282
 20
36.347
 30
0.0
 11
3.845
 21
36.347
 31
0.0
  0
LINE
  5
E7B
330
1F
100
AcDbEntity
  8
0
  6
Continuous
 62
     7
370
    25
100
AcDbLine
 10
3.845
 20
36.347
 30
0.0
 11
3.845
 21
35.91
 31
0.0
  0
LINE
  5
E7C
330
1F
100
AcDbEntity
  8
0
  6
Continuous
 62
     7
370
    25
100
AcDbLine
 10
3.845
 20
35.91
 30
0.0
 11
4.282
 21
35.91
 31
0.0
  0
LINE
  5
E7D
330
1F
100
AcDbEntity
  8
0
  6
Continuous
 62
     7
370
    25
100
AcDbLine
 10
4.282
 20
35.91
 30
0.0
 11
4.282
 21
36.347
 31
0.0
  0
LINE
  5
E7E
330
1F
100
AcDbEntity
  8
0
  6
Continuous
 62
     7
370
    25
100
AcDbLine
 10
4.907
 20
0.531
 30
0.0
 11
4.47
 21
0.531
 31
0.0
  0
LINE
  5
E7F
330
1F
100
AcDbEntity
  8
0
  6
Continuous
 62
     7
370
    25
100
AcDbLine
 10
4.47
 20
0.531
 30
0.0
 11
4.47
 21
0.094
 31
0.0
  0
LINE
  5
E80
330
1F
100
AcDbEntity
  8
0
  6
Continuous
 62
     7
370
    25
100
AcDbLine
 10
4.47
 20
0.094
 30
0.0
 11
4.907
 21
0.094
 31
0.0
  0
LINE
  5
E81
330
1F
100
AcDbEntity
  8
0
  6
Continuous
 62
     7
370
    25
100
AcDbLine
 10
4.907
 20
0.094
 30
0.0
 11
4.907
 21
0.531
 31
0.0
  0
LINE
  5
E82
330
1F
100
AcDbEntity
  8
0
  6
Continuous
 62
     7
370
    25
100
AcDbLine
 10
-4.468
 20
-34.658
 30
0.0
 11
-4.905
 21
-34.658
 31
0.0
  0
LINE
  5
E83
330
1F
100
AcDbEntity
  8
0
  6
Continuous
 62
     7
370
    25
100
AcDbLine
 10
-4.905
 20
-34.658
 30
0.0
 11
-4.905
 21
-35.095
 31
0.0
  0
LINE
  5
E84
330
1F
100
AcDbEntity
  8
0
  6
Continuous
 62
     7
370
    25
100
AcDbLine
 10
-4.905
 20
-35.095
 30
0.0
 11
-4.468
 21
-35.095
 31
0.0
  0
LINE
  5
E85
330
1F
100
AcDbEntity
  8
0
  6
Continuous
 62
     7
370
    25
100
AcDbLine
 10
-4.468
 20
-35.095
 30
0.0
 11
-4.468
 21
-34.658
 31
0.0
  0
LINE
  5
E86
330
1F
100
AcDbEntity
  8
0
  6
Continuous
 62
     7
370
    25
100
AcDbLine
 10
-4.468
 20
36.972
 30
0.0
 11
-4.905
 21
36.972
 31
0.0
  0
LINE
  5
E87
330
1F
100
AcDbEntity
  8
0
  6
Continuous
 62
     7
370
    25
100
AcDbLine
 10
-4.905
 20
36.972
 30
0.0
 11
-4.905
 21
36.535
 31
0.0
  0
LINE
  5
E88
330
1F
100
AcDbEntity
  8
0
  6
Continuous
 62
     7
370
    25
100
AcDbLine
 10
-4.905
 20
36.535
 30
0.0
 11
-4.468
 21
36.535
 31
0.0
  0
LINE
  5
E89
330
1F
100
AcDbEntity
  8
0
  6
Continuous
 62
     7
370
    25
100
AcDbLine
 10
-4.468
 20
36.535
 30
0.0
 11
-4.468
 21
36.972
 31
0.0
  0
LINE
  5
E8A
330
1F
100
AcDbEntity
  8
0
  6
Continuous
 62
     7
370
    25
100
AcDbLine
 10
-5.093
 20
36.972
 30
0.0
 11
-5.53
 21
36.972
 31
0.0
  0
LINE
  5
E8B
330
1F
100
AcDbEntity
  8
0
  6
Continuous
 62
     7
370
    25
100
AcDbLine
 10
-5.53
 20
36.972
 30
0.0
 11
-5.53
 21
36.535
 31
0.0
  0
LINE
  5
E8C
330
1F
100
AcDbEntity
  8
0
  6
Continuous
 62
     7
370
    25
100
AcDbLine
 10
-5.53
 20
36.535
 30
0.0
 11
-5.093
 21
36.535
 31
0.0
  0
LINE
  5
E8D
330
1F
100
AcDbEntity
  8
0
  6
Continuous
 62
     7
370
    25
100
AcDbLine
 10
-5.093
 20
36.535
 30
0.0
 11
-5.093
 21
36.972
 31
0.0
  0
LINE
  5
E8E
330
1F
100
AcDbEntity
  8
0
  6
Continuous
 62
     7
370
    25
100
AcDbLine
 10
-4.468
 20
1.156
 30
0.0
 11
-4.905
 21
1.156
 31
0.0
  0
LINE
  5
E8F
330
1F
100
AcDbEntity
  8
0
  6
Continuous
 62
     7
370
    25
100
AcDbLine
 10
-4.905
 20
1.156
 30
0.0
 11
-4.905
 21
0.719
 31
0.0
  0
LINE
  5
E90
330
1F
100
AcDbEntity
  8
0
  6
Continuous
 62
     7
370
    25
100
AcDbLine
 10
-4.905
 20
0.719
 30
0.0
 11
-4.468
 21
0.719
 31
0.0
  0
LINE
  5
E91
330
1F
100
AcDbEntity
  8
0
  6
Continuous
 62
     7
370
    25
100
AcDbLine
 10
-4.468
 20
0.719
 30
0.0
 11
-4.468
 21
1.156
 31
0.0
  0
LINE
  5
E92
330
1F
100
AcDbEntity
  8
0
  6
Continuous
 62
     7
370
    25
100
AcDbLine
 10
2.407
 20
37.597
 30
0.0
 11
1.97
 21
37.597
 31
0.0
  0
LINE
  5
E93
330
1F
100
AcDbEntity
  8
0
  6
Continuous
 62
     7
370
    25
100
AcDbLine
 10
1.97
 20
37.597
 30
0.0
 11
1.97
 21
37.16
 31
0.0
  0
LINE
  5
E94
330
1F
100
AcDbEntity
  8
0
  6
Continuous
 62
     7
370
    25
100
AcDbLine
 10
1.97
 20
37.16
 30
0.0
 11
2.407
 21
37.16
 31
0.0
  0
LINE
  5
E95
330
1F
100
AcDbEntity
  8
0
  6
Continuous
 62
     7
370
    25
100
AcDbLine
 10
2.407
 20
37.16
 30
0.0
 11
2.407
 21
37.597
 31
0.0
  0
LINE
  5
E96
330
1F
100
AcDbEntity
  8
0
  6
Continuous
 62
     7
370
    25
100
AcDbLine
 10
2.407
 20
-34.033
 30
0.0
 11
1.97
 21
-34.033
 31
0.0
  0
LINE
  5
E97
330
1F
100
AcDbEntity
  8
0
  6
Continuous
 62
     7
370
    25
100
AcDbLine
 10
1.97
 20
-34.033
 30
0.0
 11
1.97
 21
-34.47
 31
0.0
  0
LINE
  5
E98
330
1F
100
AcDbEntity
  8
0
  6
Continuous
 62
     7
370
    25
100
AcDbLine
 10
1.97
 20
-34.47
 30
0.0
 11
2.407
 21
-34.47
 31
0.0
  0
LINE
  5
E99
330
1F
100
AcDbEntity
  8
0
  6
Continuous
 62
     7
370
    25
100
AcDbLine
 10
2.407
 20
-34.47
 30
0.0
 11
2.407
 21
-34.033
 31
0.0
  0
LINE
  5
E9A
330
1F
100
AcDbEntity
  8
0
  6
Continuous
 62
     7
370
    25
100
AcDbLine
 10
3.032
 20
-34.033
 30
0.0
 11
2.595
 21
-34.033
 31
0.0
  0
LINE
  5
E9B
330
1F
100
AcDbEntity
  8
0
  6
Continuous
 62
     7
370
    25
100
AcDbLine
 10
2.595
 20
-34.033
 30
0.0
 11
2.595
 21
-34.47
 31
0.0
  0
LINE
  5
E9C
330
1F
100
AcDbEntity
  8
0
  6
Continuous
 62
     7
370
    25
100
AcDbLine
 10
2.595
 20
-34.47
 30
0.0
 11
3.032
 21
-34.47
 31
0.0
  0
LINE
  5
E9D
330
1F
100
AcDbEntity
  8
0
  6
Continuous
 62
     7
370
    25
100
AcDbLine
 10
3.032
 20
-34.47
 30
0.0
 11
3.032
 21
-34.033
 31
0.0
  0
LINE
  5
E9E
330
1F
100
AcDbEntity
  8
0
  6
Continuous
 62
     7
370
    25
100
AcDbLine
 10
3.032
 20
1.781
 30
0.0
 11
2.595
 21
1.781
 31
0.0
  0
LINE
  5
E9F
330
1F
100
AcDbEntity
  8
0
  6
Continuous
 62
     7
370
    25
100
AcDbLine
 10
2.595
 20
1.781
 30
0.0
 11
2.595
 21
1.344
 31
0.0
  0
LINE
  5
EA0
330
1F
100
AcDbEntity
  8
0
  6
Continuous
 62
     7
370
    25
100
AcDbLine
 10
2.595
 20
1.344
 30
0.0
 11
3.032
 21
1.344
 31
0.0
  0
LINE
  5
EA1
330
1F
100
AcDbEntity
  8
0
  6
Continuous
 62
     7
370
    25
100
AcDbLine
 10
3.032
 20
1.344
 30
0.0
 11
3.032
 21
1.781
 31
0.0
  0
LINE
  5
EA2
330
1F
100
AcDbEntity
  8
0
  6
Continuous
 62
     7
370
    25
100
AcDbLine
 10
-1.343
 20
-34.033
 30
0.0
 11
-1.78
 21
-34.033
 31
0.0
  0
LINE
  5
EA3
330
1F
100
AcDbEntity
  8
0
  6
Continuous
 62
     7
370
    25
100
AcDbLine
 10
-1.78
 20
-34.033
 30
0.0
 11
-1.78
 21
-34.47
 31
0.0
  0
LINE
  5
EA4
330
1F
100
AcDbEntity
  8
0
  6
Continuous
 62
     7
370
    25
100
AcDbLine
 10
-1.78
 20
-34.47
 30
0.0
 11
-1.343
 21
-34.47
 31
0.0
  0
LINE
  5
EA5
330
1F
100
AcDbEntity
  8
0
  6
Continuous
 62
     7
370
    25
100
AcDbLine
 10
-1.343
 20
-34.47
 30
0.0
 11
-1.343
 21
-34.033
 31
0.0
  0
LINE
  5
EA6
330
1F
100
AcDbEntity
  8
0
  6
Continuous
 62
     7
370
    25
100
AcDbLine
 10
-1.343
 20
37.597
 30
0.0
 11
-1.78
 21
37.597
 31
0.0
  0
LINE
  5
EA7
330
1F
100
AcDbEntity
  8
0
  6
Continuous
 62
     7
370
    25
100
AcDbLine
 10
-1.78
 20
37.597
 30
0.0
 11
-1.78
 21
37.16
 31
0.0
  0
LINE
  5
EA8
330
1F
100
AcDbEntity
  8
0
  6
Continuous
 62
     7
370
    25
100
AcDbLine
 10
-1.78
 20
37.16
 30
0.0
 11
-1.343
 21
37.16
 31
0.0
  0
LINE
  5
EA9
330
1F
100
AcDbEntity
  8
0
  6
Continuous
 62
     7
370
    25
100
AcDbLine
 10
-1.343
 20
37.16
 30
0.0
 11
-1.343
 21
37.597
 31
0.0
  0
LINE
  5
EAA
330
1F
100
AcDbEntity
  8
0
  6
Continuous
 62
     7
370
    25
100
AcDbLine
 10
-1.968
 20
37.597
 30
0.0
 11
-2.405
 21
37.597
 31
0.0
  0
LINE
  5
EAB
330
1F
100
AcDbEntity
  8
0
  6
Continuous
 62
     7
370
    25
100
AcDbLine
 10
-2.405
 20
37.597
 30
0.0
 11
-2.405
 21
37.16
 31
0.0
  0
LINE
  5
EAC
330
1F
100
AcDbEntity
  8
0
  6
Continuous
 62
     7
370
    25
100
AcDbLine
 10
-2.405
 20
37.16
 30
0.0
 11
-1.968
 21
37.16
 31
0.0
  0
LINE
  5
EAD
330
1F
100
AcDbEntity
  8
0
  6
Continuous
 62
     7
370
    25
100
AcDbLine
 10
-1.968
 20
37.16
 30
0.0
 11
-1.968
 21
37.597
 31
0.0
  0
LINE
  5
EAE
330
1F
100
AcDbEntity
  8
0
  6
Continuous
 62
     7
370
    25
100
AcDbLine
 10
-1.343
 20
1.781
 30
0.0
 11
-1.78
 21
1.781
 31
0.0
  0
LINE
  5
EAF
330
1F
100
AcDbEntity
  8
0
  6
Continuous
 62
     7
370
    25
100
AcDbLine
 10
-1.78
 20
1.781
 30
0.0
 11
-1.78
 21
1.344
 31
0.0
  0
LINE
  5
EB0
330
1F
100
AcDbEntity
  8
0
  6
Continuous
 62
     7
370
    25
100
AcDbLine
 10
-1.78
 20
1.344
 30
0.0
 11
-1.343
 21
1.344
 31
0.0
  0
LINE
  5
EB1
330
1F
100
AcDbEntity
  8
0
  6
Continuous
 62
     7
370
    25
100
AcDbLine
 10
-1.343
 20
1.344
 30
0.0
 11
-1.343
 21
1.781
 31
0.0
  0
LINE
  5
EB2
330
1F
100
AcDbEntity
  8
0
  6
Continuous
 62
     7
370
    25
100
AcDbLine
 10
-2.593
 20
37.597
 30
0.0
 11
-3.03
 21
37.597
 31
0.0
  0
LINE
  5
EB3
330
1F
100
AcDbEntity
  8
0
  6
Continuous
 62
     7
370
    25
100
AcDbLine
 10
-3.03
 20
37.597
 30
0.0
 11
-3.03
 21
37.16
 31
0.0
  0
LINE
  5
EB4
330
1F
100
AcDbEntity
  8
0
  6
Continuous
 62
     7
370
    25
100
AcDbLine
 10
-3.03
 20
37.16
 30
0.0
 11
-2.593
 21
37.16
 31
0.0
  0
LINE
  5
EB5
330
1F
100
AcDbEntity
  8
0
  6
Continuous
 62
     7
370
    25
100
AcDbLine
 10
-2.593
 20
37.16
 30
0.0
 11
-2.593
 21
37.597
 31
0.0
  0
LINE
  5
EB6
330
1F
100
AcDbEntity
  8
0
  6
Continuous
 62
     7
370
    25
100
AcDbLine
 10
-2.593
 20
-34.033
 30
0.0
 11
-3.03
 21
-34.033
 31
0.0
  0
LINE
  5
EB7
330
1F
100
AcDbEntity
  8
0
  6
Continuous
 62
     7
370
    25
100
AcDbLine
 10
-3.03
 20
-34.033
 30
0.0
 11
-3.03
 21
-34.47
 31
0.0
  0
LINE
  5
EB8
330
1F
100
AcDbEntity
  8
0
  6
Continuous
 62
     7
370
    25
100
AcDbLine
 10
-3.03
 20
-34.47
 30
0.0
 11
-2.593
 21
-34.47
 31
0.0
  0
LINE
  5
EB9
330
1F
100
AcDbEntity
  8
0
  6
Continuous
 62
     7
370
    25
100
AcDbLine
 10
-2.593
 20
-34.47
 30
0.0
 11
-2.593
 21
-34.033
 31
0.0
  0
LINE
  5
EBA
330
1F
100
AcDbEntity
  8
0
  6
Continuous
 62
     7
370
    25
100
AcDbLine
 10
-1.968
 20
-34.033
 30
0.0
 11
-2.405
 21
-34.033
 31
0.0
  0
LINE
  5
EBB
330
1F
100
AcDbEntity
  8
0
  6
Continuous
 62
     7
370
    25
100
AcDbLine
 10
-2.405
 20
-34.033
 30
0.0
 11
-2.405
 21
-34.47
 31
0.0
  0
LINE
  5
EBC
330
1F
100
AcDbEntity
  8
0
  6
Continuous
 62
     7
370
    25
100
AcDbLine
 10
-2.405
 20
-34.47
 30
0.0
 11
-1.968
 21
-34.47
 31
0.0
  0
LINE
  5
EBD
330
1F
100
AcDbEntity
  8
0
  6
Continuous
 62
     7
370
    25
100
AcDbLine
 10
-1.968
 20
-34.47
 30
0.0
 11
-1.968
 21
-34.033
 31
0.0
  0
LINE
  5
EBE
330
1F
100
AcDbEntity
  8
0
  6
Continuous
 62
     7
370
    25
100
AcDbLine
 10
-1.968
 20
1.781
 30
0.0
 11
-2.405
 21
1.781
 31
0.0
  0
LINE
  5
EBF
330
1F
100
AcDbEntity
  8
0
  6
Continuous
 62
     7
370
    25
100
AcDbLine
 10
-2.405
 20
1.781
 30
0.0
 11
-2.405
 21
1.344
 31
0.0
  0
LINE
  5
EC0
330
1F
100
AcDbEntity
  8
0
  6
Continuous
 62
     7
370
    25
100
AcDbLine
 10
-2.405
 20
1.344
 30
0.0
 11
-1.968
 21
1.344
 31
0.0
  0
LINE
  5
EC1
330
1F
100
AcDbEntity
  8
0
  6
Continuous
 62
     7
370
    25
100
AcDbLine
 10
-1.968
 20
1.344
 30
0.0
 11
-1.968
 21
1.781
 31
0.0
  0
LINE
  5
EC2
330
1F
100
AcDbEntity
  8
0
  6
Continuous
 62
     7
370
    25
100
AcDbLine
 10
-0.093
 20
37.597
 30
0.0
 11
-0.53
 21
37.597
 31
0.0
  0
LINE
  5
EC3
330
1F
100
AcDbEntity
  8
0
  6
Continuous
 62
     7
370
    25
100
AcDbLine
 10
-0.53
 20
37.597
 30
0.0
 11
-0.53
 21
37.16
 31
0.0
  0
LINE
  5
EC4
330
1F
100
AcDbEntity
  8
0
  6
Continuous
 62
     7
370
    25
100
AcDbLine
 10
-0.53
 20
37.16
 30
0.0
 11
-0.093
 21
37.16
 31
0.0
  0
LINE
  5
EC5
330
1F
100
AcDbEntity
  8
0
  6
Continuous
 62
     7
370
    25
100
AcDbLine
 10
-0.093
 20
37.16
 30
0.0
 11
-0.093
 21
37.597
 31
0.0
  0
LINE
  5
EC6
330
1F
100
AcDbEntity
  8
0
  6
Continuous
 62
     7
370
    25
100
AcDbLine
 10
-0.093
 20
-34.033
 30
0.0
 11
-0.53
 21
-34.033
 31
0.0
  0
LINE
  5
EC7
330
1F
100
AcDbEntity
  8
0
  6
Continuous
 62
     7
370
    25
100
AcDbLine
 10
-0.53
 20
-34.033
 30
0.0
 11
-0.53
 21
-34.47
 31
0.0
  0
LINE
  5
EC8
330
1F
100
AcDbEntity
  8
0
  6
Continuous
 62
     7
370
    25
100
AcDbLine
 10
-0.53
 20
-34.47
 30
0.0
 11
-0.093
 21
-34.47
 31
0.0
  0
LINE
  5
EC9
330
1F
100
AcDbEntity
  8
0
  6
Continuous
 62
     7
370
    25
100
AcDbLine
 10
-0.093
 20
-34.47
 30
0.0
 11
-0.093
 21
-34.033
 31
0.0
  0
LINE
  5
ECA
330
1F
100
AcDbEntity
  8
0
  6
Continuous
 62
     7
370
    25
100
AcDbLine
 10
0.532
 20
-34.033
 30
0.0
 11
0.095
 21
-34.033
 31
0.0
  0
LINE
  5
ECB
330
1F
100
AcDbEntity
  8
0
  6
Continuous
 62
     7
370
    25
100
AcDbLine
 10
0.095
 20
-34.033
 30
0.0
 11
0.095
 21
-34.47
 31
0.0
  0
LINE
  5
ECC
330
1F
100
AcDbEntity
  8
0
  6
Continuous
 62
     7
370
    25
100
AcDbLine
 10
0.095
 20
-34.47
 30
0.0
 11
0.532
 21
-34.47
 31
0.0
  0
LINE
  5
ECD
330
1F
100
AcDbEntity
  8
0
  6
Continuous
 62
     7
370
    25
100
AcDbLine
 10
0.532
 20
-34.47
 30
0.0
 11
0.532
 21
-34.033
 31
0.0
  0
LINE
  5
ECE
330
1F
100
AcDbEntity
  8
0
  6
Continuous
 62
     7
370
    25
100
AcDbLine
 10
0.532
 20
1.781
 30
0.0
 11
0.095
 21
1.781
 31
0.0
  0
LINE
  5
ECF
330
1F
100
AcDbEntity
  8
0
  6
Continuous
 62
     7
370
    25
100
AcDbLine
 10
0.095
 20
1.781
 30
0.0
 11
0.095
 21
1.344
 31
0.0
  0
LINE
  5
ED0
330
1F
100
AcDbEntity
  8
0
  6
Continuous
 62
     7
370
    25
100
AcDbLine
 10
0.095
 20
1.344
 30
0.0
 11
0.532
 21
1.344
 31
0.0
  0
LINE
  5
ED1
330
1F
100
AcDbEntity
  8
0
  6
Continuous
 62
     7
370
    25
100
AcDbLine
 10
0.532
 20
1.344
 30
0.0
 11
0.532
 21
1.781
 31
0.0
  0
LINE
  5
ED2
330
1F
100
AcDbEntity
  8
0
  6
Continuous
 62
     7
370
    25
100
AcDbLine
 10
3.032
 20
36.347
 30
0.0
 11
2.595
 21
36.347
 31
0.0
  0
LINE
  5
ED3
330
1F
100
AcDbEntity
  8
0
  6
Continuous
 62
     7
370
    25
100
AcDbLine
 10
2.595
 20
36.347
 30
0.0
 11
2.595
 21
35.91
 31
0.0
  0
LINE
  5
ED4
330
1F
100
AcDbEntity
  8
0
  6
Continuous
 62
     7
370
    25
100
AcDbLine
 10
2.595
 20
35.91
 30
0.0
 11
3.032
 21
35.91
 31
0.0
  0
LINE
  5
ED5
330
1F
100
AcDbEntity
  8
0
  6
Continuous
 62
     7
370
    25
100
AcDbLine
 10
3.032
 20
35.91
 30
0.0
 11
3.032
 21
36.347
 31
0.0
  0
LINE
  5
ED6
330
1F
100
AcDbEntity
  8
0
  6
Continuous
 62
     7
370
    25
100
AcDbLine
 10
3.657
 20
0.531
 30
0.0
 11
3.22
 21
0.531
 31
0.0
  0
LINE
  5
ED7
330
1F
100
AcDbEntity
  8
0
  6
Continuous
 62
     7
370
    25
100
AcDbLine
 10
3.22
 20
0.531
 30
0.0
 11
3.22
 21
0.094
 31
0.0
  0
LINE
  5
ED8
330
1F
100
AcDbEntity
  8
0
  6
Continuous
 62
     7
370
    25
100
AcDbLine
 10
3.22
 20
0.094
 30
0.0
 11
3.657
 21
0.094
 31
0.0
  0
LINE
  5
ED9
330
1F
100
AcDbEntity
  8
0
  6
Continuous
 62
     7
370
    25
100
AcDbLine
 10
3.657
 20
0.094
 30
0.0
 11
3.657
 21
0.531
 31
0.0
  0
LINE
  5
EDA
330
1F
100
AcDbEntity
  8
0
  6
Continuous
 62
     7
370
    25
100
AcDbLine
 10
3.032
 20
0.531
 30
0.0
 11
2.595
 21
0.531
 31
0.0
  0
LINE
  5
EDB
330
1F
100
AcDbEntity
  8
0
  6
Continuous
 62
     7
370
    25
100
AcDbLine
 10
2.595
 20
0.531
 30
0.0
 11
2.595
 21
0.094
 31
0.0
  0
LINE
  5
EDC
330
1F
100
AcDbEntity
  8
0
  6
Continuous
 62
     7
370
    25
100
AcDbLine
 10
2.595
 20
0.094
 30
0.0
 11
3.032
 21
0.094
 31
0.0
  0
LINE
  5
EDD
330
1F
100
AcDbEntity
  8
0
  6
Continuous
 62
     7
370
    25
100
AcDbLine
 10
3.032
 20
0.094
 30
0.0
 11
3.032
 21
0.531
 31
0.0
  0
LINE
  5
EDE
330
1F
100
AcDbEntity
  8
0
  6
Continuous
 62
     7
370
    25
100
AcDbLine
 10
3.032
 20
-35.283
 30
0.0
 11
2.595
 21
-35.283
 31
0.0
  0
LINE
  5
EDF
330
1F
100
AcDbEntity
  8
0
  6
Continuous
 62
     7
370
    25
100
AcDbLine
 10
2.595
 20
-35.283
 30
0.0
 11
2.595
 21
-35.72
 31
0.0
  0
LINE
  5
EE0
330
1F
100
AcDbEntity
  8
0
  6
Continuous
 62
     7
370
    25
100
AcDbLine
 10
2.595
 20
-35.72
 30
0.0
 11
3.032
 21
-35.72
 31
0.0
  0
LINE
  5
EE1
330
1F
100
AcDbEntity
  8
0
  6
Continuous
 62
     7
370
    25
100
AcDbLine
 10
3.032
 20
-35.72
 30
0.0
 11
3.032
 21
-35.283
 31
0.0
  0
LINE
  5
EE2
330
1F
100
AcDbEntity
  8
0
  6
Continuous
 62
     7
370
    25
100
AcDbLine
 10
0.532
 20
-34.658
 30
0.0
 11
0.095
 21
-34.658
 31
0.0
  0
LINE
  5
EE3
330
1F
100
AcDbEntity
  8
0
  6
Continuous
 62
     7
370
    25
100
AcDbLine
 10
0.095
 20
-34.658
 30
0.0
 11
0.095
 21
-35.095
 31
0.0
  0
LINE
  5
EE4
330
1F
100
AcDbEntity
  8
0
  6
Continuous
 62
     7
370
    25
100
AcDbLine
 10
0.095
 20
-35.095
 30
0.0
 11
0.532
 21
-35.095
 31
0.0
  0
LINE
  5
EE5
330
1F
100
AcDbEntity
  8
0
  6
Continuous
 62
     7
370
    25
100
AcDbLine
 10
0.532
 20
-35.095
 30
0.0
 11
0.532
 21
-34.658
 31
0.0
  0
LINE
  5
EE6
330
1F
100
AcDbEntity
  8
0
  6
Continuous
 62
     7
370
    25
100
AcDbLine
 10
0.532
 20
36.972
 30
0.0
 11
0.095
 21
36.972
 31
0.0
  0
LINE
  5
EE7
330
1F
100
AcDbEntity
  8
0
  6
Continuous
 62
     7
370
    25
100
AcDbLine
 10
0.095
 20
36.972
 30
0.0
 11
0.095
 21
36.535
 31
0.0
  0
LINE
  5
EE8
330
1F
100
AcDbEntity
  8
0
  6
Continuous
 62
     7
370
    25
100
AcDbLine
 10
0.095
 20
36.535
 30
0.0
 11
0.532
 21
36.535
 31
0.0
  0
LINE
  5
EE9
330
1F
100
AcDbEntity
  8
0
  6
Continuous
 62
     7
370
    25
100
AcDbLine
 10
0.532
 20
36.535
 30
0.0
 11
0.532
 21
36.972
 31
0.0
  0
LINE
  5
EEA
330
1F
100
AcDbEntity
  8
0
  6
Continuous
 62
     7
370
    25
100
AcDbLine
 10
-0.093
 20
36.972
 30
0.0
 11
-0.53
 21
36.972
 31
0.0
  0
LINE
  5
EEB
330
1F
100
AcDbEntity
  8
0
  6
Continuous
 62
     7
370
    25
100
AcDbLine
 10
-0.53
 20
36.972
 30
0.0
 11
-0.53
 21
36.535
 31
0.0
  0
LINE
  5
EEC
330
1F
100
AcDbEntity
  8
0
  6
Continuous
 62
     7
370
    25
100
AcDbLine
 10
-0.53
 20
36.535
 30
0.0
 11
-0.093
 21
36.535
 31
0.0
  0
LINE
  5
EED
330
1F
100
AcDbEntity
  8
0
  6
Continuous
 62
     7
370
    25
100
AcDbLine
 10
-0.093
 20
36.535
 30
0.0
 11
-0.093
 21
36.972
 31
0.0
  0
LINE
  5
EEE
330
1F
100
AcDbEntity
  8
0
  6
Continuous
 62
     7
370
    25
100
AcDbLine
 10
0.532
 20
1.156
 30
0.0
 11
0.095
 21
1.156
 31
0.0
  0
LINE
  5
EEF
330
1F
100
AcDbEntity
  8
0
  6
Continuous
 62
     7
370
    25
100
AcDbLine
 10
0.095
 20
1.156
 30
0.0
 11
0.095
 21
0.719
 31
0.0
  0
LINE
  5
EF0
330
1F
100
AcDbEntity
  8
0
  6
Continuous
 62
     7
370
    25
100
AcDbLine
 10
0.095
 20
0.719
 30
0.0
 11
0.532
 21
0.719
 31
0.0
  0
LINE
  5
EF1
330
1F
100
AcDbEntity
  8
0
  6
Continuous
 62
     7
370
    25
100
AcDbLine
 10
0.532
 20
0.719
 30
0.0
 11
0.532
 21
1.156
 31
0.0
  0
LINE
  5
EF2
330
1F
100
AcDbEntity
  8
0
  6
Continuous
 62
     7
370
    25
100
AcDbLine
 10
-0.718
 20
36.972
 30
0.0
 11
-1.155
 21
36.972
 31
0.0
  0
LINE
  5
EF3
330
1F
100
AcDbEntity
  8
0
  6
Continuous
 62
     7
370
    25
100
AcDbLine
 10
-1.155
 20
36.972
 30
0.0
 11
-1.155
 21
36.535
 31
0.0
  0
LINE
  5
EF4
330
1F
100
AcDbEntity
  8
0
  6
Continuous
 62
     7
370
    25
100
AcDbLine
 10
-1.155
 20
36.535
 30
0.0
 11
-0.718
 21
36.535
 31
0.0
  0
LINE
  5
EF5
330
1F
100
AcDbEntity
  8
0
  6
Continuous
 62
     7
370
    25
100
AcDbLine
 10
-0.718
 20
36.535
 30
0.0
 11
-0.718
 21
36.972
 31
0.0
  0
LINE
  5
EF6
330
1F
100
AcDbEntity
  8
0
  6
Continuous
 62
     7
370
    25
100
AcDbLine
 10
-0.718
 20
-34.658
 30
0.0
 11
-1.155
 21
-34.658
 31
0.0
  0
LINE
  5
EF7
330
1F
100
AcDbEntity
  8
0
  6
Continuous
 62
     7
370
    25
100
AcDbLine
 10
-1.155
 20
-34.658
 30
0.0
 11
-1.155
 21
-35.095
 31
0.0
  0
LINE
  5
EF8
330
1F
100
AcDbEntity
  8
0
  6
Continuous
 62
     7
370
    25
100
AcDbLine
 10
-1.155
 20
-35.095
 30
0.0
 11
-0.718
 21
-35.095
 31
0.0
  0
LINE
  5
EF9
330
1F
100
AcDbEntity
  8
0
  6
Continuous
 62
     7
370
    25
100
AcDbLine
 10
-0.718
 20
-35.095
 30
0.0
 11
-0.718
 21
-34.658
 31
0.0
  0
LINE
  5
EFA
330
1F
100
AcDbEntity
  8
0
  6
Continuous
 62
     7
370
    25
100
AcDbLine
 10
-0.093
 20
-34.658
 30
0.0
 11
-0.53
 21
-34.658
 31
0.0
  0
LINE
  5
EFB
330
1F
100
AcDbEntity
  8
0
  6
Continuous
 62
     7
370
    25
100
AcDbLine
 10
-0.53
 20
-34.658
 30
0.0
 11
-0.53
 21
-35.095
 31
0.0
  0
LINE
  5
EFC
330
1F
100
AcDbEntity
  8
0
  6
Continuous
 62
     7
370
    25
100
AcDbLine
 10
-0.53
 20
-35.095
 30
0.0
 11
-0.093
 21
-35.095
 31
0.0
  0
LINE
  5
EFD
330
1F
100
AcDbEntity
  8
0
  6
Continuous
 62
     7
370
    25
100
AcDbLine
 10
-0.093
 20
-35.095
 30
0.0
 11
-0.093
 21
-34.658
 31
0.0
  0
LINE
  5
EFE
330
1F
100
AcDbEntity
  8
0
  6
Continuous
 62
     7
370
    25
100
AcDbLine
 10
-0.093
 20
1.156
 30
0.0
 11
-0.53
 21
1.156
 31
0.0
  0
LINE
  5
EFF
330
1F
100
AcDbEntity
  8
0
  6
Continuous
 62
     7
370
    25
100
AcDbLine
 10
-0.53
 20
1.156
 30
0.0
 11
-0.53
 21
0.719
 31
0.0
  0
LINE
  5
F00
330
1F
100
AcDbEntity
  8
0
  6
Continuous
 62
     7
370
    25
100
AcDbLine
 10
-0.53
 20
0.719
 30
0.0
 11
-0.093
 21
0.719
 31
0.0
  0
LINE
  5
F01
330
1F
100
AcDbEntity
  8
0
  6
Continuous
 62
     7
370
    25
100
AcDbLine
 10
-0.093
 20
0.719
 30
0.0
 11
-0.093
 21
1.156
 31
0.0
  0
LINE
  5
F02
330
1F
100
AcDbEntity
  8
0
  6
Continuous
 62
     7
370
    25
100
AcDbLine
 10
1.782
 20
36.972
 30
0.0
 11
1.345
 21
36.972
 31
0.0
  0
LINE
  5
F03
330
1F
100
AcDbEntity
  8
0
  6
Continuous
 62
     7
370
    25
100
AcDbLine
 10
1.345
 20
36.972
 30
0.0
 11
1.345
 21
36.535
 31
0.0
  0
LINE
  5
F04
330
1F
100
AcDbEntity
  8
0
  6
Continuous
 62
     7
370
    25
100
AcDbLine
 10
1.345
 20
36.535
 30
0.0
 11
1.782
 21
36.535
 31
0.0
  0
LINE
  5
F05
330
1F
100
AcDbEntity
  8
0
  6
Continuous
 62
     7
370
    25
100
AcDbLine
 10
1.782
 20
36.535
 30
0.0
 11
1.782
 21
36.972
 31
0.0
  0
LINE
  5
F06
330
1F
100
AcDbEntity
  8
0
  6
Continuous
 62
     7
370
    25
100
AcDbLine
 10
1.782
 20
-34.658
 30
0.0
 11
1.345
 21
-34.658
 31
0.0
  0
LINE
  5
F07
330
1F
100
AcDbEntity
  8
0
  6
Continuous
 62
     7
370
    25
100
AcDbLine
 10
1.345
 20
-34.658
 30
0.0
 11
1.345
 21
-35.095
 31
0.0
  0
LINE
  5
F08
330
1F
100
AcDbEntity
  8
0
  6
Continuous
 62
     7
370
    25
100
AcDbLine
 10
1.345
 20
-35.095
 30
0.0
 11
1.782
 21
-35.095
 31
0.0
  0
LINE
  5
F09
330
1F
100
AcDbEntity
  8
0
  6
Continuous
 62
     7
370
    25
100
AcDbLine
 10
1.782
 20
-35.095
 30
0.0
 11
1.782
 21
-34.658
 31
0.0
  0
LINE
  5
F0A
330
1F
100
AcDbEntity
  8
0
  6
Continuous
 62
     7
370
    25
100
AcDbLine
 10
2.407
 20
-34.658
 30
0.0
 11
1.97
 21
-34.658
 31
0.0
  0
LINE
  5
F0B
330
1F
100
AcDbEntity
  8
0
  6
Continuous
 62
     7
370
    25
100
AcDbLine
 10
1.97
 20
-34.658
 30
0.0
 11
1.97
 21
-35.095
 31
0.0
  0
LINE
  5
F0C
330
1F
100
AcDbEntity
  8
0
  6
Continuous
 62
     7
370
    25
100
AcDbLine
 10
1.97
 20
-35.095
 30
0.0
 11
2.407
 21
-35.095
 31
0.0
  0
LINE
  5
F0D
330
1F
100
AcDbEntity
  8
0
  6
Continuous
 62
     7
370
    25
100
AcDbLine
 10
2.407
 20
-35.095
 30
0.0
 11
2.407
 21
-34.658
 31
0.0
  0
LINE
  5
F0E
330
1F
100
AcDbEntity
  8
0
  6
Continuous
 62
     7
370
    25
100
AcDbLine
 10
2.407
 20
1.156
 30
0.0
 11
1.97
 21
1.156
 31
0.0
  0
LINE
  5
F0F
330
1F
100
AcDbEntity
  8
0
  6
Continuous
 62
     7
370
    25
100
AcDbLine
 10
1.97
 20
1.156
 30
0.0
 11
1.97
 21
0.719
 31
0.0
  0
LINE
  5
F10
330
1F
100
AcDbEntity
  8
0
  6
Continuous
 62
     7
370
    25
100
AcDbLine
 10
1.97
 20
0.719
 30
0.0
 11
2.407
 21
0.719
 31
0.0
  0
LINE
  5
F11
330
1F
100
AcDbEntity
  8
0
  6
Continuous
 62
     7
370
    25
100
AcDbLine
 10
2.407
 20
0.719
 30
0.0
 11
2.407
 21
1.156
 31
0.0
  0
LINE
  5
F12
330
1F
100
AcDbEntity
  8
0
  6
Continuous
 62
     7
370
    25
100
AcDbLine
 10
2.407
 20
0.531
 30
0.0
 11
1.97
 21
0.531
 31
0.0
  0
LINE
  5
F13
330
1F
100
AcDbEntity
  8
0
  6
Continuous
 62
     7
370
    25
100
AcDbLine
 10
1.97
 20
0.531
 30
0.0
 11
1.97
 21
0.094
 31
0.0
  0
LINE
  5
F14
330
1F
100
AcDbEntity
  8
0
  6
Continuous
 62
     7
370
    25
100
AcDbLine
 10
1.97
 20
0.094
 30
0.0
 11
2.407
 21
0.094
 31
0.0
  0
LINE
  5
F15
330
1F
100
AcDbEntity
  8
0
  6
Continuous
 62
     7
370
    25
100
AcDbLine
 10
2.407
 20
0.094
 30
0.0
 11
2.407
 21
0.531
 31
0.0
  0
LINE
  5
F16
330
1F
100
AcDbEntity
  8
0
  6
Continuous
 62
     7
370
    25
100
AcDbLine
 10
1.782
 20
36.347
 30
0.0
 11
1.345
 21
36.347
 31
0.0
  0
LINE
  5
F17
330
1F
100
AcDbEntity
  8
0
  6
Continuous
 62
     7
370
    25
100
AcDbLine
 10
1.345
 20
36.347
 30
0.0
 11
1.345
 21
35.91
 31
0.0
  0
LINE
  5
F18
330
1F
100
AcDbEntity
  8
0
  6
Continuous
 62
     7
370
    25
100
AcDbLine
 10
1.345
 20
35.91
 30
0.0
 11
1.782
 21
35.91
 31
0.0
  0
LINE
  5
F19
330
1F
100
AcDbEntity
  8
0
  6
Continuous
 62
     7
370
    25
100
AcDbLine
 10
1.782
 20
35.91
 30
0.0
 11
1.782
 21
36.347
 31
0.0
  0
LINE
  5
F1A
330
1F
100
AcDbEntity
  8
0
  6
Continuous
 62
     7
370
    25
100
AcDbLine
 10
2.407
 20
36.347
 30
0.0
 11
1.97
 21
36.347
 31
0.0
  0
LINE
  5
F1B
330
1F
100
AcDbEntity
  8
0
  6
Continuous
 62
     7
370
    25
100
AcDbLine
 10
1.97
 20
36.347
 30
0.0
 11
1.97
 21
35.91
 31
0.0
  0
LINE
  5
F1C
330
1F
100
AcDbEntity
  8
0
  6
Continuous
 62
     7
370
    25
100
AcDbLine
 10
1.97
 20
35.91
 30
0.0
 11
2.407
 21
35.91
 31
0.0
  0
LINE
  5
F1D
330
1F
100
AcDbEntity
  8
0
  6
Continuous
 62
     7
370
    25
100
AcDbLine
 10
2.407
 20
35.91
 30
0.0
 11
2.407
 21
36.347
 31
0.0
  0
LINE
  5
F1E
330
1F
100
AcDbEntity
  8
0
  6
Continuous
 62
     7
370
    25
100
AcDbLine
 10
2.407
 20
-35.283
 30
0.0
 11
1.97
 21
-35.283
 31
0.0
  0
LINE
  5
F1F
330
1F
100
AcDbEntity
  8
0
  6
Continuous
 62
     7
370
    25
100
AcDbLine
 10
1.97
 20
-35.283
 30
0.0
 11
1.97
 21
-35.72
 31
0.0
  0
LINE
  5
F20
330
1F
100
AcDbEntity
  8
0
  6
Continuous
 62
     7
370
    25
100
AcDbLine
 10
1.97
 20
-35.72
 30
0.0
 11
2.407
 21
-35.72
 31
0.0
  0
LINE
  5
F21
330
1F
100
AcDbEntity
  8
0
  6
Continuous
 62
     7
370
    25
100
AcDbLine
 10
2.407
 20
-35.72
 30
0.0
 11
2.407
 21
-35.283
 31
0.0
  0
LINE
  5
F22
330
1F
100
AcDbEntity
  8
0
  6
Continuous
 62
     7
370
    25
100
AcDbLine
 10
-5.093
 20
1.156
 30
0.0
 11
-5.53
 21
1.156
 31
0.0
  0
LINE
  5
F23
330
1F
100
AcDbEntity
  8
0
  6
Continuous
 62
     7
370
    25
100
AcDbLine
 10
-5.53
 20
1.156
 30
0.0
 11
-5.53
 21
0.719
 31
0.0
  0
LINE
  5
F24
330
1F
100
AcDbEntity
  8
0
  6
Continuous
 62
     7
370
    25
100
AcDbLine
 10
-5.53
 20
0.719
 30
0.0
 11
-5.093
 21
0.719
 31
0.0
  0
LINE
  5
F25
330
1F
100
AcDbEntity
  8
0
  6
Continuous
 62
     7
370
    25
100
AcDbLine
 10
-5.093
 20
0.719
 30
0.0
 11
-5.093
 21
1.156
 31
0.0
  0
LINE
  5
F26
330
1F
100
AcDbEntity
  8
0
  6
Continuous
 62
     7
370
    25
100
AcDbLine
 10
-5.093
 20
-34.658
 30
0.0
 11
-5.53
 21
-34.658
 31
0.0
  0
LINE
  5
F27
330
1F
100
AcDbEntity
  8
0
  6
Continuous
 62
     7
370
    25
100
AcDbLine
 10
-5.53
 20
-34.658
 30
0.0
 11
-5.53
 21
-35.095
 31
0.0
  0
LINE
  5
F28
330
1F
100
AcDbEntity
  8
0
  6
Continuous
 62
     7
370
    25
100
AcDbLine
 10
-5.53
 20
-35.095
 30
0.0
 11
-5.093
 21
-35.095
 31
0.0
  0
LINE
  5
F29
330
1F
100
AcDbEntity
  8
0
  6
Continuous
 62
     7
370
    25
100
AcDbLine
 10
-5.093
 20
-35.095
 30
0.0
 11
-5.093
 21
-34.658
 31
0.0
  0
LINE
  5
F2A
330
1F
100
AcDbEntity
  8
0
  6
Continuous
 62
     7
370
    25
100
AcDbLine
 10
6.157
 20
-35.283
 30
0.0
 11
5.72
 21
-35.283
 31
0.0
  0
LINE
  5
F2B
330
1F
100
AcDbEntity
  8
0
  6
Continuous
 62
     7
370
    25
100
AcDbLine
 10
5.72
 20
-35.283
 30
0.0
 11
5.72
 21
-35.72
 31
0.0
  0
LINE
  5
F2C
330
1F
100
AcDbEntity
  8
0
  6
Continuous
 62
     7
370
    25
100
AcDbLine
 10
5.72
 20
-35.72
 30
0.0
 11
6.157
 21
-35.72
 31
0.0
  0
LINE
  5
F2D
330
1F
100
AcDbEntity
  8
0
  6
Continuous
 62
     7
370
    25
100
AcDbLine
 10
6.157
 20
-35.72
 30
0.0
 11
6.157
 21
-35.283
 31
0.0
  0
LINE
  5
F2E
330
1F
100
AcDbEntity
  8
0
  6
Continuous
 62
     7
370
    25
100
AcDbLine
 10
6.157
 20
36.347
 30
0.0
 11
5.72
 21
36.347
 31
0.0
  0
LINE
  5
F2F
330
1F
100
AcDbEntity
  8
0
  6
Continuous
 62
     7
370
    25
100
AcDbLine
 10
5.72
 20
36.347
 30
0.0
 11
5.72
 21
35.91
 31
0.0
  0
LINE
  5
F30
330
1F
100
AcDbEntity
  8
0
  6
Continuous
 62
     7
370
    25
100
AcDbLine
 10
5.72
 20
35.91
 30
0.0
 11
6.157
 21
35.91
 31
0.0
  0
LINE
  5
F31
330
1F
100
AcDbEntity
  8
0
  6
Continuous
 62
     7
370
    25
100
AcDbLine
 10
6.157
 20
35.91
 30
0.0
 11
6.157
 21
36.347
 31
0.0
  0
LINE
  5
F32
330
1F
100
AcDbEntity
  8
0
  6
Continuous
 62
     7
370
    25
100
AcDbLine
 10
1.157
 20
36.347
 30
0.0
 11
0.72
 21
36.347
 31
0.0
  0
LINE
  5
F33
330
1F
100
AcDbEntity
  8
0
  6
Continuous
 62
     7
370
    25
100
AcDbLine
 10
0.72
 20
36.347
 30
0.0
 11
0.72
 21
35.91
 31
0.0
  0
LINE
  5
F34
330
1F
100
AcDbEntity
  8
0
  6
Continuous
 62
     7
370
    25
100
AcDbLine
 10
0.72
 20
35.91
 30
0.0
 11
1.157
 21
35.91
 31
0.0
  0
LINE
  5
F35
330
1F
100
AcDbEntity
  8
0
  6
Continuous
 62
     7
370
    25
100
AcDbLine
 10
1.157
 20
35.91
 30
0.0
 11
1.157
 21
36.347
 31
0.0
  0
LINE
  5
F36
330
1F
100
AcDbEntity
  8
0
  6
Continuous
 62
     7
370
    25
100
AcDbLine
 10
1.157
 20
-35.283
 30
0.0
 11
0.72
 21
-35.283
 31
0.0
  0
LINE
  5
F37
330
1F
100
AcDbEntity
  8
0
  6
Continuous
 62
     7
370
    25
100
AcDbLine
 10
0.72
 20
-35.283
 30
0.0
 11
0.72
 21
-35.72
 31
0.0
  0
LINE
  5
F38
330
1F
100
AcDbEntity
  8
0
  6
Continuous
 62
     7
370
    25
100
AcDbLine
 10
0.72
 20
-35.72
 30
0.0
 11
1.157
 21
-35.72
 31
0.0
  0
LINE
  5
F39
330
1F
100
AcDbEntity
  8
0
  6
Continuous
 62
     7
370
    25
100
AcDbLine
 10
1.157
 20
-35.72
 30
0.0
 11
1.157
 21
-35.283
 31
0.0
  0
LINE
  5
F3A
330
1F
100
AcDbEntity
  8
0
  6
Continuous
 62
     7
370
    25
100
AcDbLine
 10
1.782
 20
-35.283
 30
0.0
 11
1.345
 21
-35.283
 31
0.0
  0
LINE
  5
F3B
330
1F
100
AcDbEntity
  8
0
  6
Continuous
 62
     7
370
    25
100
AcDbLine
 10
1.345
 20
-35.283
 30
0.0
 11
1.345
 21
-35.72
 31
0.0
  0
LINE
  5
F3C
330
1F
100
AcDbEntity
  8
0
  6
Continuous
 62
     7
370
    25
100
AcDbLine
 10
1.345
 20
-35.72
 30
0.0
 11
1.782
 21
-35.72
 31
0.0
  0
LINE
  5
F3D
330
1F
100
AcDbEntity
  8
0
  6
Continuous
 62
     7
370
    25
100
AcDbLine
 10
1.782
 20
-35.72
 30
0.0
 11
1.782
 21
-35.283
 31
0.0
  0
LINE
  5
F3E
330
1F
100
AcDbEntity
  8
0
  6
Continuous
 62
     7
370
    25
100
AcDbLine
 10
1.782
 20
0.531
 30
0.0
 11
1.345
 21
0.531
 31
0.0
  0
LINE
  5
F3F
330
1F
100
AcDbEntity
  8
0
  6
Continuous
 62
     7
370
    25
100
AcDbLine
 10
1.345
 20
0.531
 30
0.0
 11
1.345
 21
0.094
 31
0.0
  0
LINE
  5
F40
330
1F
100
AcDbEntity
  8
0
  6
Continuous
 62
     7
370
    25
100
AcDbLine
 10
1.345
 20
0.094
 30
0.0
 11
1.782
 21
0.094
 31
0.0
  0
LINE
  5
F41
330
1F
100
AcDbEntity
  8
0
  6
Continuous
 62
     7
370
    25
100
AcDbLine
 10
1.782
 20
0.094
 30
0.0
 11
1.782
 21
0.531
 31
0.0
  0
LINE
  5
F42
330
1F
100
AcDbEntity
  8
0
  6
Continuous
 62
     7
370
    25
100
AcDbLine
 10
3.657
 20
36.347
 30
0.0
 11
3.22
 21
36.347
 31
0.0
  0
LINE
  5
F43
330
1F
100
AcDbEntity
  8
0
  6
Continuous
 62
     7
370
    25
100
AcDbLine
 10
3.22
 20
36.347
 30
0.0
 11
3.22
 21
35.91
 31
0.0
  0
LINE
  5
F44
330
1F
100
AcDbEntity
  8
0
  6
Continuous
 62
     7
370
    25
100
AcDbLine
 10
3.22
 20
35.91
 30
0.0
 11
3.657
 21
35.91
 31
0.0
  0
LINE
  5
F45
330
1F
100
AcDbEntity
  8
0
  6
Continuous
 62
     7
370
    25
100
AcDbLine
 10
3.657
 20
35.91
 30
0.0
 11
3.657
 21
36.347
 31
0.0
  0
LINE
  5
F46
330
1F
100
AcDbEntity
  8
0
  6
Continuous
 62
     7
370
    25
100
AcDbLine
 10
3.657
 20
-35.283
 30
0.0
 11
3.22
 21
-35.283
 31
0.0
  0
LINE
  5
F47
330
1F
100
AcDbEntity
  8
0
  6
Continuous
 62
     7
370
    25
100
AcDbLine
 10
3.22
 20
-35.283
 30
0.0
 11
3.22
 21
-35.72
 31
0.0
  0
LINE
  5
F48
330
1F
100
AcDbEntity
  8
0
  6
Continuous
 62
     7
370
    25
100
AcDbLine
 10
3.22
 20
-35.72
 30
0.0
 11
3.657
 21
-35.72
 31
0.0
  0
LINE
  5
F49
330
1F
100
AcDbEntity
  8
0
  6
Continuous
 62
     7
370
    25
100
AcDbLine
 10
3.657
 20
-35.72
 30
0.0
 11
3.657
 21
-35.283
 31
0.0
  0
LINE
  5
F4A
330
1F
100
AcDbEntity
  8
0
  6
Continuous
 62
     7
370
    25
100
AcDbLine
 10
4.282
 20
-35.283
 30
0.0
 11
3.845
 21
-35.283
 31
0.0
  0
LINE
  5
F4B
330
1F
100
AcDbEntity
  8
0
  6
Continuous
 62
     7
370
    25
100
AcDbLine
 10
3.845
 20
-35.283
 30
0.0
 11
3.845
 21
-35.72
 31
0.0
  0
LINE
  5
F4C
330
1F
100
AcDbEntity
  8
0
  6
Continuous
 62
     7
370
    25
100
AcDbLine
 10
3.845
 20
-35.72
 30
0.0
 11
4.282
 21
-35.72
 31
0.0
  0
LINE
  5
F4D
330
1F
100
AcDbEntity
  8
0
  6
Continuous
 62
     7
370
    25
100
AcDbLine
 10
4.282
 20
-35.72
 30
0.0
 11
4.282
 21
-35.283
 31
0.0
  0
LINE
  5
F4E
330
1F
100
AcDbEntity
  8
0
  6
Continuous
 62
     7
370
    25
100
AcDbLine
 10
4.282
 20
0.531
 30
0.0
 11
3.845
 21
0.531
 31
0.0
  0
LINE
  5
F4F
330
1F
100
AcDbEntity
  8
0
  6
Continuous
 62
     7
370
    25
100
AcDbLine
 10
3.845
 20
0.531
 30
0.0
 11
3.845
 21
0.094
 31
0.0
  0
LINE
  5
F50
330
1F
100
AcDbEntity
  8
0
  6
Continuous
 62
     7
370
    25
100
AcDbLine
 10
3.845
 20
0.094
 30
0.0
 11
4.282
 21
0.094
 31
0.0
  0
LINE
  5
F51
330
1F
100
AcDbEntity
  8
0
  6
Continuous
 62
     7
370
    25
100
AcDbLine
 10
4.282
 20
0.094
 30
0.0
 11
4.282
 21
0.531
 31
0.0
  0
LINE
  5
F52
330
1F
100
AcDbEntity
  8
0
  6
Continuous
 62
     7
370
    25
100
AcDbLine
 10
4.907
 20
-1.344
 30
0.0
 11
4.47
 21
-1.344
 31
0.0
  0
LINE
  5
F53
330
1F
100
AcDbEntity
  8
0
  6
Continuous
 62
     7
370
    25
100
AcDbLine
 10
4.47
 20
-1.344
 30
0.0
 11
4.47
 21
-1.781
 31
0.0
  0
LINE
  5
F54
330
1F
100
AcDbEntity
  8
0
  6
Continuous
 62
     7
370
    25
100
AcDbLine
 10
4.47
 20
-1.781
 30
0.0
 11
4.907
 21
-1.781
 31
0.0
  0
LINE
  5
F55
330
1F
100
AcDbEntity
  8
0
  6
Continuous
 62
     7
370
    25
100
AcDbLine
 10
4.907
 20
-1.781
 30
0.0
 11
4.907
 21
-1.344
 31
0.0
  0
LINE
  5
F56
330
1F
100
AcDbEntity
  8
0
  6
Continuous
 62
     7
370
    25
100
AcDbLine
 10
4.907
 20
-37.158
 30
0.0
 11
4.47
 21
-37.158
 31
0.0
  0
LINE
  5
F57
330
1F
100
AcDbEntity
  8
0
  6
Continuous
 62
     7
370
    25
100
AcDbLine
 10
4.47
 20
-37.158
 30
0.0
 11
4.47
 21
-37.595
 31
0.0
  0
LINE
  5
F58
330
1F
100
AcDbEntity
  8
0
  6
Continuous
 62
     7
370
    25
100
AcDbLine
 10
4.47
 20
-37.595
 30
0.0
 11
4.907
 21
-37.595
 31
0.0
  0
LINE
  5
F59
330
1F
100
AcDbEntity
  8
0
  6
Continuous
 62
     7
370
    25
100
AcDbLine
 10
4.907
 20
-37.595
 30
0.0
 11
4.907
 21
-37.158
 31
0.0
  0
LINE
  5
F5A
330
1F
100
AcDbEntity
  8
0
  6
Continuous
 62
     7
370
    25
100
AcDbLine
 10
4.282
 20
-37.158
 30
0.0
 11
3.845
 21
-37.158
 31
0.0
  0
LINE
  5
F5B
330
1F
100
AcDbEntity
  8
0
  6
Continuous
 62
     7
370
    25
100
AcDbLine
 10
3.845
 20
-37.158
 30
0.0
 11
3.845
 21
-37.595
 31
0.0
  0
LINE
  5
F5C
330
1F
100
AcDbEntity
  8
0
  6
Continuous
 62
     7
370
    25
100
AcDbLine
 10
3.845
 20
-37.595
 30
0.0
 11
4.282
 21
-37.595
 31
0.0
  0
LINE
  5
F5D
330
1F
100
AcDbEntity
  8
0
  6
Continuous
 62
     7
370
    25
100
AcDbLine
 10
4.282
 20
-37.595
 30
0.0
 11
4.282
 21
-37.158
 31
0.0
  0
LINE
  5
F5E
330
1F
100
AcDbEntity
  8
0
  6
Continuous
 62
     7
370
    25
100
AcDbLine
 10
4.282
 20
34.472
 30
0.0
 11
3.845
 21
34.472
 31
0.0
  0
LINE
  5
F5F
330
1F
100
AcDbEntity
  8
0
  6
Continuous
 62
     7
370
    25
100
AcDbLine
 10
3.845
 20
34.472
 30
0.0
 11
3.845
 21
34.035
 31
0.0
  0
LINE
  5
F60
330
1F
100
AcDbEntity
  8
0
  6
Continuous
 62
     7
370
    25
100
AcDbLine
 10
3.845
 20
34.035
 30
0.0
 11
4.282
 21
34.035
 31
0.0
  0
LINE
  5
F61
330
1F
100
AcDbEntity
  8
0
  6
Continuous
 62
     7
370
    25
100
AcDbLine
 10
4.282
 20
34.035
 30
0.0
 11
4.282
 21
34.472
 31
0.0
  0
LINE
  5
F62
330
1F
100
AcDbEntity
  8
0
  6
Continuous
 62
     7
370
    25
100
AcDbLine
 10
-3.218
 20
-36.533
 30
0.0
 11
-3.655
 21
-36.533
 31
0.0
  0
LINE
  5
F63
330
1F
100
AcDbEntity
  8
0
  6
Continuous
 62
     7
370
    25
100
AcDbLine
 10
-3.655
 20
-36.533
 30
0.0
 11
-3.655
 21
-36.97
 31
0.0
  0
LINE
  5
F64
330
1F
100
AcDbEntity
  8
0
  6
Continuous
 62
     7
370
    25
100
AcDbLine
 10
-3.655
 20
-36.97
 30
0.0
 11
-3.218
 21
-36.97
 31
0.0
  0
LINE
  5
F65
330
1F
100
AcDbEntity
  8
0
  6
Continuous
 62
     7
370
    25
100
AcDbLine
 10
-3.218
 20
-36.97
 30
0.0
 11
-3.218
 21
-36.533
 31
0.0
  0
LINE
  5
F66
330
1F
100
AcDbEntity
  8
0
  6
Continuous
 62
     7
370
    25
100
AcDbLine
 10
-3.218
 20
-0.719
 30
0.0
 11
-3.655
 21
-0.719
 31
0.0
  0
LINE
  5
F67
330
1F
100
AcDbEntity
  8
0
  6
Continuous
 62
     7
370
    25
100
AcDbLine
 10
-3.655
 20
-0.719
 30
0.0
 11
-3.655
 21
-1.156
 31
0.0
  0
LINE
  5
F68
330
1F
100
AcDbEntity
  8
0
  6
Continuous
 62
     7
370
    25
100
AcDbLine
 10
-3.655
 20
-1.156
 30
0.0
 11
-3.218
 21
-1.156
 31
0.0
  0
LINE
  5
F69
330
1F
100
AcDbEntity
  8
0
  6
Continuous
 62
     7
370
    25
100
AcDbLine
 10
-3.218
 20
-1.156
 30
0.0
 11
-3.218
 21
-0.719
 31
0.0
  0
LINE
  5
F6A
330
1F
100
AcDbEntity
  8
0
  6
Continuous
 62
     7
370
    25
100
AcDbLine
 10
-2.593
 20
-0.719
 30
0.0
 11
-3.03
 21
-0.719
 31
0.0
  0
LINE
  5
F6B
330
1F
100
AcDbEntity
  8
0
  6
Continuous
 62
     7
370
    25
100
AcDbLine
 10
-3.03
 20
-0.719
 30
0.0
 11
-3.03
 21
-1.156
 31
0.0
  0
LINE
  5
F6C
330
1F
100
AcDbEntity
  8
0
  6
Continuous
 62
     7
370
    25
100
AcDbLine
 10
-3.03
 20
-1.156
 30
0.0
 11
-2.593
 21
-1.156
 31
0.0
  0
LINE
  5
F6D
330
1F
100
AcDbEntity
  8
0
  6
Continuous
 62
     7
370
    25
100
AcDbLine
 10
-2.593
 20
-1.156
 30
0.0
 11
-2.593
 21
-0.719
 31
0.0
  0
LINE
  5
F6E
330
1F
100
AcDbEntity
  8
0
  6
Continuous
 62
     7
370
    25
100
AcDbLine
 10
-3.218
 20
35.097
 30
0.0
 11
-3.655
 21
35.097
 31
0.0
  0
LINE
  5
F6F
330
1F
100
AcDbEntity
  8
0
  6
Continuous
 62
     7
370
    25
100
AcDbLine
 10
-3.655
 20
35.097
 30
0.0
 11
-3.655
 21
34.66
 31
0.0
  0
LINE
  5
F70
330
1F
100
AcDbEntity
  8
0
  6
Continuous
 62
     7
370
    25
100
AcDbLine
 10
-3.655
 20
34.66
 30
0.0
 11
-3.218
 21
34.66
 31
0.0
  0
LINE
  5
F71
330
1F
100
AcDbEntity
  8
0
  6
Continuous
 62
     7
370
    25
100
AcDbLine
 10
-3.218
 20
34.66
 30
0.0
 11
-3.218
 21
35.097
 31
0.0
  0
LINE
  5
F72
330
1F
100
AcDbEntity
  8
0
  6
Continuous
 62
     7
370
    25
100
AcDbLine
 10
-1.968
 20
-0.719
 30
0.0
 11
-2.405
 21
-0.719
 31
0.0
  0
LINE
  5
F73
330
1F
100
AcDbEntity
  8
0
  6
Continuous
 62
     7
370
    25
100
AcDbLine
 10
-2.405
 20
-0.719
 30
0.0
 11
-2.405
 21
-1.156
 31
0.0
  0
LINE
  5
F74
330
1F
100
AcDbEntity
  8
0
  6
Continuous
 62
     7
370
    25
100
AcDbLine
 10
-2.405
 20
-1.156
 30
0.0
 11
-1.968
 21
-1.156
 31
0.0
  0
LINE
  5
F75
330
1F
100
AcDbEntity
  8
0
  6
Continuous
 62
     7
370
    25
100
AcDbLine
 10
-1.968
 20
-1.156
 30
0.0
 11
-1.968
 21
-0.719
 31
0.0
  0
LINE
  5
F76
330
1F
100
AcDbEntity
  8
0
  6
Continuous
 62
     7
370
    25
100
AcDbLine
 10
-1.968
 20
-36.533
 30
0.0
 11
-2.405
 21
-36.533
 31
0.0
  0
LINE
  5
F77
330
1F
100
AcDbEntity
  8
0
  6
Continuous
 62
     7
370
    25
100
AcDbLine
 10
-2.405
 20
-36.533
 30
0.0
 11
-2.405
 21
-36.97
 31
0.0
  0
LINE
  5
F78
330
1F
100
AcDbEntity
  8
0
  6
Continuous
 62
     7
370
    25
100
AcDbLine
 10
-2.405
 20
-36.97
 30
0.0
 11
-1.968
 21
-36.97
 31
0.0
  0
LINE
  5
F79
330
1F
100
AcDbEntity
  8
0
  6
Continuous
 62
     7
370
    25
100
AcDbLine
 10
-1.968
 20
-36.97
 30
0.0
 11
-1.968
 21
-36.533
 31
0.0
  0
LINE
  5
F7A
330
1F
100
AcDbEntity
  8
0
  6
Continuous
 62
     7
370
    25
100
AcDbLine
 10
-2.593
 20
-36.533
 30
0.0
 11
-3.03
 21
-36.533
 31
0.0
  0
LINE
  5
F7B
330
1F
100
AcDbEntity
  8
0
  6
Continuous
 62
     7
370
    25
100
AcDbLine
 10
-3.03
 20
-36.533
 30
0.0
 11
-3.03
 21
-36.97
 31
0.0
  0
LINE
  5
F7C
330
1F
100
AcDbEntity
  8
0
  6
Continuous
 62
     7
370
    25
100
AcDbLine
 10
-3.03
 20
-36.97
 30
0.0
 11
-2.593
 21
-36.97
 31
0.0
  0
LINE
  5
F7D
330
1F
100
AcDbEntity
  8
0
  6
Continuous
 62
     7
370
    25
100
AcDbLine
 10
-2.593
 20
-36.97
 30
0.0
 11
-2.593
 21
-36.533
 31
0.0
  0
LINE
  5
F7E
330
1F
100
AcDbEntity
  8
0
  6
Continuous
 62
     7
370
    25
100
AcDbLine
 10
-2.593
 20
35.097
 30
0.0
 11
-3.03
 21
35.097
 31
0.0
  0
LINE
  5
F7F
330
1F
100
AcDbEntity
  8
0
  6
Continuous
 62
     7
370
    25
100
AcDbLine
 10
-3.03
 20
35.097
 30
0.0
 11
-3.03
 21
34.66
 31
0.0
  0
LINE
  5
F80
330
1F
100
AcDbEntity
  8
0
  6
Continuous
 62
     7
370
    25
100
AcDbLine
 10
-3.03
 20
34.66
 30
0.0
 11
-2.593
 21
34.66
 31
0.0
  0
LINE
  5
F81
330
1F
100
AcDbEntity
  8
0
  6
Continuous
 62
     7
370
    25
100
AcDbLine
 10
-2.593
 20
34.66
 30
0.0
 11
-2.593
 21
35.097
 31
0.0
  0
LINE
  5
F82
330
1F
100
AcDbEntity
  8
0
  6
Continuous
 62
     7
370
    25
100
AcDbLine
 10
-4.468
 20
-0.719
 30
0.0
 11
-4.905
 21
-0.719
 31
0.0
  0
LINE
  5
F83
330
1F
100
AcDbEntity
  8
0
  6
Continuous
 62
     7
370
    25
100
AcDbLine
 10
-4.905
 20
-0.719
 30
0.0
 11
-4.905
 21
-1.156
 31
0.0
  0
LINE
  5
F84
330
1F
100
AcDbEntity
  8
0
  6
Continuous
 62
     7
370
    25
100
AcDbLine
 10
-4.905
 20
-1.156
 30
0.0
 11
-4.468
 21
-1.156
 31
0.0
  0
LINE
  5
F85
330
1F
100
AcDbEntity
  8
0
  6
Continuous
 62
     7
370
    25
100
AcDbLine
 10
-4.468
 20
-1.156
 30
0.0
 11
-4.468
 21
-0.719
 31
0.0
  0
LINE
  5
F86
330
1F
100
AcDbEntity
  8
0
  6
Continuous
 62
     7
370
    25
100
AcDbLine
 10
-4.468
 20
-36.533
 30
0.0
 11
-4.905
 21
-36.533
 31
0.0
  0
LINE
  5
F87
330
1F
100
AcDbEntity
  8
0
  6
Continuous
 62
     7
370
    25
100
AcDbLine
 10
-4.905
 20
-36.533
 30
0.0
 11
-4.905
 21
-36.97
 31
0.0
  0
LINE
  5
F88
330
1F
100
AcDbEntity
  8
0
  6
Continuous
 62
     7
370
    25
100
AcDbLine
 10
-4.905
 20
-36.97
 30
0.0
 11
-4.468
 21
-36.97
 31
0.0
  0
LINE
  5
F89
330
1F
100
AcDbEntity
  8
0
  6
Continuous
 62
     7
370
    25
100
AcDbLine
 10
-4.468
 20
-36.97
 30
0.0
 11
-4.468
 21
-36.533
 31
0.0
  0
LINE
  5
F8A
330
1F
100
AcDbEntity
  8
0
  6
Continuous
 62
     7
370
    25
100
AcDbLine
 10
-5.093
 20
-36.533
 30
0.0
 11
-5.53
 21
-36.533
 31
0.0
  0
LINE
  5
F8B
330
1F
100
AcDbEntity
  8
0
  6
Continuous
 62
     7
370
    25
100
AcDbLine
 10
-5.53
 20
-36.533
 30
0.0
 11
-5.53
 21
-36.97
 31
0.0
  0
LINE
  5
F8C
330
1F
100
AcDbEntity
  8
0
  6
Continuous
 62
     7
370
    25
100
AcDbLine
 10
-5.53
 20
-36.97
 30
0.0
 11
-5.093
 21
-36.97
 31
0.0
  0
LINE
  5
F8D
330
1F
100
AcDbEntity
  8
0
  6
Continuous
 62
     7
370
    25
100
AcDbLine
 10
-5.093
 20
-36.97
 30
0.0
 11
-5.093
 21
-36.533
 31
0.0
  0
LINE
  5
F8E
330
1F
100
AcDbEntity
  8
0
  6
Continuous
 62
     7
370
    25
100
AcDbLine
 10
-5.093
 20
35.097
 30
0.0
 11
-5.53
 21
35.097
 31
0.0
  0
LINE
  5
F8F
330
1F
100
AcDbEntity
  8
0
  6
Continuous
 62
     7
370
    25
100
AcDbLine
 10
-5.53
 20
35.097
 30
0.0
 11
-5.53
 21
34.66
 31
0.0
  0
LINE
  5
F90
330
1F
100
AcDbEntity
  8
0
  6
Continuous
 62
     7
370
    25
100
AcDbLine
 10
-5.53
 20
34.66
 30
0.0
 11
-5.093
 21
34.66
 31
0.0
  0
LINE
  5
F91
330
1F
100
AcDbEntity
  8
0
  6
Continuous
 62
     7
370
    25
100
AcDbLine
 10
-5.093
 20
34.66
 30
0.0
 11
-5.093
 21
35.097
 31
0.0
  0
LINE
  5
F92
330
1F
100
AcDbEntity
  8
0
  6
Continuous
 62
     7
370
    25
100
AcDbLine
 10
-0.093
 20
-1.969
 30
0.0
 11
-0.53
 21
-1.969
 31
0.0
  0
LINE
  5
F93
330
1F
100
AcDbEntity
  8
0
  6
Continuous
 62
     7
370
    25
100
AcDbLine
 10
-0.53
 20
-1.969
 30
0.0
 11
-0.53
 21
-2.406
 31
0.0
  0
LINE
  5
F94
330
1F
100
AcDbEntity
  8
0
  6
Continuous
 62
     7
370
    25
100
AcDbLine
 10
-0.53
 20
-2.406
 30
0.0
 11
-0.093
 21
-2.406
 31
0.0
  0
LINE
  5
F95
330
1F
100
AcDbEntity
  8
0
  6
Continuous
 62
     7
370
    25
100
AcDbLine
 10
-0.093
 20
-2.406
 30
0.0
 11
-0.093
 21
-1.969
 31
0.0
  0
LINE
  5
F96
330
1F
100
AcDbEntity
  8
0
  6
Continuous
 62
     7
370
    25
100
AcDbLine
 10
-0.718
 20
33.847
 30
0.0
 11
-1.155
 21
33.847
 31
0.0
  0
LINE
  5
F97
330
1F
100
AcDbEntity
  8
0
  6
Continuous
 62
     7
370
    25
100
AcDbLine
 10
-1.155
 20
33.847
 30
0.0
 11
-1.155
 21
33.41
 31
0.0
  0
LINE
  5
F98
330
1F
100
AcDbEntity
  8
0
  6
Continuous
 62
     7
370
    25
100
AcDbLine
 10
-1.155
 20
33.41
 30
0.0
 11
-0.718
 21
33.41
 31
0.0
  0
LINE
  5
F99
330
1F
100
AcDbEntity
  8
0
  6
Continuous
 62
     7
370
    25
100
AcDbLine
 10
-0.718
 20
33.41
 30
0.0
 11
-0.718
 21
33.847
 31
0.0
  0
LINE
  5
F9A
330
1F
100
AcDbEntity
  8
0
  6
Continuous
 62
     7
370
    25
100
AcDbLine
 10
-0.093
 20
33.847
 30
0.0
 11
-0.53
 21
33.847
 31
0.0
  0
LINE
  5
F9B
330
1F
100
AcDbEntity
  8
0
  6
Continuous
 62
     7
370
    25
100
AcDbLine
 10
-0.53
 20
33.847
 30
0.0
 11
-0.53
 21
33.41
 31
0.0
  0
LINE
  5
F9C
330
1F
100
AcDbEntity
  8
0
  6
Continuous
 62
     7
370
    25
100
AcDbLine
 10
-0.53
 20
33.41
 30
0.0
 11
-0.093
 21
33.41
 31
0.0
  0
LINE
  5
F9D
330
1F
100
AcDbEntity
  8
0
  6
Continuous
 62
     7
370
    25
100
AcDbLine
 10
-0.093
 20
33.41
 30
0.0
 11
-0.093
 21
33.847
 31
0.0
  0
LINE
  5
F9E
330
1F
100
AcDbEntity
  8
0
  6
Continuous
 62
     7
370
    25
100
AcDbLine
 10
-0.093
 20
-37.783
 30
0.0
 11
-0.53
 21
-37.783
 31
0.0
  0
LINE
  5
F9F
330
1F
100
AcDbEntity
  8
0
  6
Continuous
 62
     7
370
    25
100
AcDbLine
 10
-0.53
 20
-37.783
 30
0.0
 11
-0.53
 21
-38.22
 31
0.0
  0
LINE
  5
FA0
330
1F
100
AcDbEntity
  8
0
  6
Continuous
 62
     7
370
    25
100
AcDbLine
 10
-0.53
 20
-38.22
 30
0.0
 11
-0.093
 21
-38.22
 31
0.0
  0
LINE
  5
FA1
330
1F
100
AcDbEntity
  8
0
  6
Continuous
 62
     7
370
    25
100
AcDbLine
 10
-0.093
 20
-38.22
 30
0.0
 11
-0.093
 21
-37.783
 31
0.0
  0
LINE
  5
FA2
330
1F
100
AcDbEntity
  8
0
  6
Continuous
 62
     7
370
    25
100
AcDbLine
 10
5.532
 20
-1.344
 30
0.0
 11
5.095
 21
-1.344
 31
0.0
  0
LINE
  5
FA3
330
1F
100
AcDbEntity
  8
0
  6
Continuous
 62
     7
370
    25
100
AcDbLine
 10
5.095
 20
-1.344
 30
0.0
 11
5.095
 21
-1.781
 31
0.0
  0
LINE
  5
FA4
330
1F
100
AcDbEntity
  8
0
  6
Continuous
 62
     7
370
    25
100
AcDbLine
 10
5.095
 20
-1.781
 30
0.0
 11
5.532
 21
-1.781
 31
0.0
  0
LINE
  5
FA5
330
1F
100
AcDbEntity
  8
0
  6
Continuous
 62
     7
370
    25
100
AcDbLine
 10
5.532
 20
-1.781
 30
0.0
 11
5.532
 21
-1.344
 31
0.0
  0
LINE
  5
FA6
330
1F
100
AcDbEntity
  8
0
  6
Continuous
 62
     7
370
    25
100
AcDbLine
 10
4.907
 20
34.472
 30
0.0
 11
4.47
 21
34.472
 31
0.0
  0
LINE
  5
FA7
330
1F
100
AcDbEntity
  8
0
  6
Continuous
 62
     7
370
    25
100
AcDbLine
 10
4.47
 20
34.472
 30
0.0
 11
4.47
 21
34.035
 31
0.0
  0
LINE
  5
FA8
330
1F
100
AcDbEntity
  8
0
  6
Continuous
 62
     7
370
    25
100
AcDbLine
 10
4.47
 20
34.035
 30
0.0
 11
4.907
 21
34.035
 31
0.0
  0
LINE
  5
FA9
330
1F
100
AcDbEntity
  8
0
  6
Continuous
 62
     7
370
    25
100
AcDbLine
 10
4.907
 20
34.035
 30
0.0
 11
4.907
 21
34.472
 31
0.0
  0
LINE
  5
FAA
330
1F
100
AcDbEntity
  8
0
  6
Continuous
 62
     7
370
    25
100
AcDbLine
 10
5.532
 20
34.472
 30
0.0
 11
5.095
 21
34.472
 31
0.0
  0
LINE
  5
FAB
330
1F
100
AcDbEntity
  8
0
  6
Continuous
 62
     7
370
    25
100
AcDbLine
 10
5.095
 20
34.472
 30
0.0
 11
5.095
 21
34.035
 31
0.0
  0
LINE
  5
FAC
330
1F
100
AcDbEntity
  8
0
  6
Continuous
 62
     7
370
    25
100
AcDbLine
 10
5.095
 20
34.035
 30
0.0
 11
5.532
 21
34.035
 31
0.0
  0
LINE
  5
FAD
330
1F
100
AcDbEntity
  8
0
  6
Continuous
 62
     7
370
    25
100
AcDbLine
 10
5.532
 20
34.035
 30
0.0
 11
5.532
 21
34.472
 31
0.0
  0
LINE
  5
FAE
330
1F
100
AcDbEntity
  8
0
  6
Continuous
 62
     7
370
    25
100
AcDbLine
 10
5.532
 20
-37.158
 30
0.0
 11
5.095
 21
-37.158
 31
0.0
  0
LINE
  5
FAF
330
1F
100
AcDbEntity
  8
0
  6
Continuous
 62
     7
370
    25
100
AcDbLine
 10
5.095
 20
-37.158
 30
0.0
 11
5.095
 21
-37.595
 31
0.0
  0
LINE
  5
FB0
330
1F
100
AcDbEntity
  8
0
  6
Continuous
 62
     7
370
    25
100
AcDbLine
 10
5.095
 20
-37.595
 30
0.0
 11
5.532
 21
-37.595
 31
0.0
  0
LINE
  5
FB1
330
1F
100
AcDbEntity
  8
0
  6
Continuous
 62
     7
370
    25
100
AcDbLine
 10
5.532
 20
-37.595
 30
0.0
 11
5.532
 21
-37.158
 31
0.0
  0
LINE
  5
FB2
330
1F
100
AcDbEntity
  8
0
  6
Continuous
 62
     7
370
    25
100
AcDbLine
 10
3.657
 20
34.472
 30
0.0
 11
3.22
 21
34.472
 31
0.0
  0
LINE
  5
FB3
330
1F
100
AcDbEntity
  8
0
  6
Continuous
 62
     7
370
    25
100
AcDbLine
 10
3.22
 20
34.472
 30
0.0
 11
3.22
 21
34.035
 31
0.0
  0
LINE
  5
FB4
330
1F
100
AcDbEntity
  8
0
  6
Continuous
 62
     7
370
    25
100
AcDbLine
 10
3.22
 20
34.035
 30
0.0
 11
3.657
 21
34.035
 31
0.0
  0
LINE
  5
FB5
330
1F
100
AcDbEntity
  8
0
  6
Continuous
 62
     7
370
    25
100
AcDbLine
 10
3.657
 20
34.035
 30
0.0
 11
3.657
 21
34.472
 31
0.0
  0
LINE
  5
FB6
330
1F
100
AcDbEntity
  8
0
  6
Continuous
 62
     7
370
    25
100
AcDbLine
 10
4.282
 20
-1.344
 30
0.0
 11
3.845
 21
-1.344
 31
0.0
  0
LINE
  5
FB7
330
1F
100
AcDbEntity
  8
0
  6
Continuous
 62
     7
370
    25
100
AcDbLine
 10
3.845
 20
-1.344
 30
0.0
 11
3.845
 21
-1.781
 31
0.0
  0
LINE
  5
FB8
330
1F
100
AcDbEntity
  8
0
  6
Continuous
 62
     7
370
    25
100
AcDbLine
 10
3.845
 20
-1.781
 30
0.0
 11
4.282
 21
-1.781
 31
0.0
  0
LINE
  5
FB9
330
1F
100
AcDbEntity
  8
0
  6
Continuous
 62
     7
370
    25
100
AcDbLine
 10
4.282
 20
-1.781
 30
0.0
 11
4.282
 21
-1.344
 31
0.0
  0
LINE
  5
FBA
330
1F
100
AcDbEntity
  8
0
  6
Continuous
 62
     7
370
    25
100
AcDbLine
 10
3.657
 20
-1.344
 30
0.0
 11
3.22
 21
-1.344
 31
0.0
  0
LINE
  5
FBB
330
1F
100
AcDbEntity
  8
0
  6
Continuous
 62
     7
370
    25
100
AcDbLine
 10
3.22
 20
-1.344
 30
0.0
 11
3.22
 21
-1.781
 31
0.0
  0
LINE
  5
FBC
330
1F
100
AcDbEntity
  8
0
  6
Continuous
 62
     7
370
    25
100
AcDbLine
 10
3.22
 20
-1.781
 30
0.0
 11
3.657
 21
-1.781
 31
0.0
  0
LINE
  5
FBD
330
1F
100
AcDbEntity
  8
0
  6
Continuous
 62
     7
370
    25
100
AcDbLine
 10
3.657
 20
-1.781
 30
0.0
 11
3.657
 21
-1.344
 31
0.0
  0
LINE
  5
FBE
330
1F
100
AcDbEntity
  8
0
  6
Continuous
 62
     7
370
    25
100
AcDbLine
 10
3.657
 20
-37.158
 30
0.0
 11
3.22
 21
-37.158
 31
0.0
  0
LINE
  5
FBF
330
1F
100
AcDbEntity
  8
0
  6
Continuous
 62
     7
370
    25
100
AcDbLine
 10
3.22
 20
-37.158
 30
0.0
 11
3.22
 21
-37.595
 31
0.0
  0
LINE
  5
FC0
330
1F
100
AcDbEntity
  8
0
  6
Continuous
 62
     7
370
    25
100
AcDbLine
 10
3.22
 20
-37.595
 30
0.0
 11
3.657
 21
-37.595
 31
0.0
  0
LINE
  5
FC1
330
1F
100
AcDbEntity
  8
0
  6
Continuous
 62
     7
370
    25
100
AcDbLine
 10
3.657
 20
-37.595
 30
0.0
 11
3.657
 21
-37.158
 31
0.0
  0
LINE
  5
FC2
330
1F
100
AcDbEntity
  8
0
  6
Continuous
 62
     7
370
    25
100
AcDbLine
 10
6.157
 20
-37.158
 30
0.0
 11
5.72
 21
-37.158
 31
0.0
  0
LINE
  5
FC3
330
1F
100
AcDbEntity
  8
0
  6
Continuous
 62
     7
370
    25
100
AcDbLine
 10
5.72
 20
-37.158
 30
0.0
 11
5.72
 21
-37.595
 31
0.0
  0
LINE
  5
FC4
330
1F
100
AcDbEntity
  8
0
  6
Continuous
 62
     7
370
    25
100
AcDbLine
 10
5.72
 20
-37.595
 30
0.0
 11
6.157
 21
-37.595
 31
0.0
  0
LINE
  5
FC5
330
1F
100
AcDbEntity
  8
0
  6
Continuous
 62
     7
370
    25
100
AcDbLine
 10
6.157
 20
-37.595
 30
0.0
 11
6.157
 21
-37.158
 31
0.0
  0
LINE
  5
FC6
330
1F
100
AcDbEntity
  8
0
  6
Continuous
 62
     7
370
    25
100
AcDbLine
 10
6.157
 20
-1.344
 30
0.0
 11
5.72
 21
-1.344
 31
0.0
  0
LINE
  5
FC7
330
1F
100
AcDbEntity
  8
0
  6
Continuous
 62
     7
370
    25
100
AcDbLine
 10
5.72
 20
-1.344
 30
0.0
 11
5.72
 21
-1.781
 31
0.0
  0
LINE
  5
FC8
330
1F
100
AcDbEntity
  8
0
  6
Continuous
 62
     7
370
    25
100
AcDbLine
 10
5.72
 20
-1.781
 30
0.0
 11
6.157
 21
-1.781
 31
0.0
  0
LINE
  5
FC9
330
1F
100
AcDbEntity
  8
0
  6
Continuous
 62
     7
370
    25
100
AcDbLine
 10
6.157
 20
-1.781
 30
0.0
 11
6.157
 21
-1.344
 31
0.0
  0
LINE
  5
FCA
330
1F
100
AcDbEntity
  8
0
  6
Continuous
 62
     7
370
    25
100
AcDbLine
 10
-5.093
 20
-0.719
 30
0.0
 11
-5.53
 21
-0.719
 31
0.0
  0
LINE
  5
FCB
330
1F
100
AcDbEntity
  8
0
  6
Continuous
 62
     7
370
    25
100
AcDbLine
 10
-5.53
 20
-0.719
 30
0.0
 11
-5.53
 21
-1.156
 31
0.0
  0
LINE
  5
FCC
330
1F
100
AcDbEntity
  8
0
  6
Continuous
 62
     7
370
    25
100
AcDbLine
 10
-5.53
 20
-1.156
 30
0.0
 11
-5.093
 21
-1.156
 31
0.0
  0
LINE
  5
FCD
330
1F
100
AcDbEntity
  8
0
  6
Continuous
 62
     7
370
    25
100
AcDbLine
 10
-5.093
 20
-1.156
 30
0.0
 11
-5.093
 21
-0.719
 31
0.0
  0
LINE
  5
FCE
330
1F
100
AcDbEntity
  8
0
  6
Continuous
 62
     7
370
    25
100
AcDbLine
 10
6.157
 20
34.472
 30
0.0
 11
5.72
 21
34.472
 31
0.0
  0
LINE
  5
FCF
330
1F
100
AcDbEntity
  8
0
  6
Continuous
 62
     7
370
    25
100
AcDbLine
 10
5.72
 20
34.472
 30
0.0
 11
5.72
 21
34.035
 31
0.0
  0
LINE
  5
FD0
330
1F
100
AcDbEntity
  8
0
  6
Continuous
 62
     7
370
    25
100
AcDbLine
 10
5.72
 20
34.035
 30
0.0
 11
6.157
 21
34.035
 31
0.0
  0
LINE
  5
FD1
330
1F
100
AcDbEntity
  8
0
  6
Continuous
 62
     7
370
    25
100
AcDbLine
 10
6.157
 20
34.035
 30
0.0
 11
6.157
 21
34.472
 31
0.0
  0
LINE
  5
FD2
330
1F
100
AcDbEntity
  8
0
  6
Continuous
 62
     7
370
    25
100
AcDbLine
 10
-1.968
 20
-1.344
 30
0.0
 11
-2.405
 21
-1.344
 31
0.0
  0
LINE
  5
FD3
330
1F
100
AcDbEntity
  8
0
  6
Continuous
 62
     7
370
    25
100
AcDbLine
 10
-2.405
 20
-1.344
 30
0.0
 11
-2.405
 21
-1.781
 31
0.0
  0
LINE
  5
FD4
330
1F
100
AcDbEntity
  8
0
  6
Continuous
 62
     7
370
    25
100
AcDbLine
 10
-2.405
 20
-1.781
 30
0.0
 11
-1.968
 21
-1.781
 31
0.0
  0
LINE
  5
FD5
330
1F
100
AcDbEntity
  8
0
  6
Continuous
 62
     7
370
    25
100
AcDbLine
 10
-1.968
 20
-1.781
 30
0.0
 11
-1.968
 21
-1.344
 31
0.0
  0
LINE
  5
FD6
330
1F
100
AcDbEntity
  8
0
  6
Continuous
 62
     7
370
    25
100
AcDbLine
 10
-2.593
 20
34.472
 30
0.0
 11
-3.03
 21
34.472
 31
0.0
  0
LINE
  5
FD7
330
1F
100
AcDbEntity
  8
0
  6
Continuous
 62
     7
370
    25
100
AcDbLine
 10
-3.03
 20
34.472
 30
0.0
 11
-3.03
 21
34.035
 31
0.0
  0
LINE
  5
FD8
330
1F
100
AcDbEntity
  8
0
  6
Continuous
 62
     7
370
    25
100
AcDbLine
 10
-3.03
 20
34.035
 30
0.0
 11
-2.593
 21
34.035
 31
0.0
  0
LINE
  5
FD9
330
1F
100
AcDbEntity
  8
0
  6
Continuous
 62
     7
370
    25
100
AcDbLine
 10
-2.593
 20
34.035
 30
0.0
 11
-2.593
 21
34.472
 31
0.0
  0
LINE
  5
FDA
330
1F
100
AcDbEntity
  8
0
  6
Continuous
 62
     7
370
    25
100
AcDbLine
 10
-1.968
 20
34.472
 30
0.0
 11
-2.405
 21
34.472
 31
0.0
  0
LINE
  5
FDB
330
1F
100
AcDbEntity
  8
0
  6
Continuous
 62
     7
370
    25
100
AcDbLine
 10
-2.405
 20
34.472
 30
0.0
 11
-2.405
 21
34.035
 31
0.0
  0
LINE
  5
FDC
330
1F
100
AcDbEntity
  8
0
  6
Continuous
 62
     7
370
    25
100
AcDbLine
 10
-2.405
 20
34.035
 30
0.0
 11
-1.968
 21
34.035
 31
0.0
  0
LINE
  5
FDD
330
1F
100
AcDbEntity
  8
0
  6
Continuous
 62
     7
370
    25
100
AcDbLine
 10
-1.968
 20
34.035
 30
0.0
 11
-1.968
 21
34.472
 31
0.0
  0
LINE
  5
FDE
330
1F
100
AcDbEntity
  8
0
  6
Continuous
 62
     7
370
    25
100
AcDbLine
 10
-1.968
 20
-37.158
 30
0.0
 11
-2.405
 21
-37.158
 31
0.0
  0
LINE
  5
FDF
330
1F
100
AcDbEntity
  8
0
  6
Continuous
 62
     7
370
    25
100
AcDbLine
 10
-2.405
 20
-37.158
 30
0.0
 11
-2.405
 21
-37.595
 31
0.0
  0
LINE
  5
FE0
330
1F
100
AcDbEntity
  8
0
  6
Continuous
 62
     7
370
    25
100
AcDbLine
 10
-2.405
 20
-37.595
 30
0.0
 11
-1.968
 21
-37.595
 31
0.0
  0
LINE
  5
FE1
330
1F
100
AcDbEntity
  8
0
  6
Continuous
 62
     7
370
    25
100
AcDbLine
 10
-1.968
 20
-37.595
 30
0.0
 11
-1.968
 21
-37.158
 31
0.0
  0
LINE
  5
FE2
330
1F
100
AcDbEntity
  8
0
  6
Continuous
 62
     7
370
    25
100
AcDbLine
 10
2.407
 20
-1.344
 30
0.0
 11
1.97
 21
-1.344
 31
0.0
  0
LINE
  5
FE3
330
1F
100
AcDbEntity
  8
0
  6
Continuous
 62
     7
370
    25
100
AcDbLine
 10
1.97
 20
-1.344
 30
0.0
 11
1.97
 21
-1.781
 31
0.0
  0
LINE
  5
FE4
330
1F
100
AcDbEntity
  8
0
  6
Continuous
 62
     7
370
    25
100
AcDbLine
 10
1.97
 20
-1.781
 30
0.0
 11
2.407
 21
-1.781
 31
0.0
  0
LINE
  5
FE5
330
1F
100
AcDbEntity
  8
0
  6
Continuous
 62
     7
370
    25
100
AcDbLine
 10
2.407
 20
-1.781
 30
0.0
 11
2.407
 21
-1.344
 31
0.0
  0
LINE
  5
FE6
330
1F
100
AcDbEntity
  8
0
  6
Continuous
 62
     7
370
    25
100
AcDbLine
 10
2.407
 20
-37.158
 30
0.0
 11
1.97
 21
-37.158
 31
0.0
  0
LINE
  5
FE7
330
1F
100
AcDbEntity
  8
0
  6
Continuous
 62
     7
370
    25
100
AcDbLine
 10
1.97
 20
-37.158
 30
0.0
 11
1.97
 21
-37.595
 31
0.0
  0
LINE
  5
FE8
330
1F
100
AcDbEntity
  8
0
  6
Continuous
 62
     7
370
    25
100
AcDbLine
 10
1.97
 20
-37.595
 30
0.0
 11
2.407
 21
-37.595
 31
0.0
  0
LINE
  5
FE9
330
1F
100
AcDbEntity
  8
0
  6
Continuous
 62
     7
370
    25
100
AcDbLine
 10
2.407
 20
-37.595
 30
0.0
 11
2.407
 21
-37.158
 31
0.0
  0
LINE
  5
FEA
330
1F
100
AcDbEntity
  8
0
  6
Continuous
 62
     7
370
    25
100
AcDbLine
 10
1.782
 20
-37.158
 30
0.0
 11
1.345
 21
-37.158
 31
0.0
  0
LINE
  5
FEB
330
1F
100
AcDbEntity
  8
0
  6
Continuous
 62
     7
370
    25
100
AcDbLine
 10
1.345
 20
-37.158
 30
0.0
 11
1.345
 21
-37.595
 31
0.0
  0
LINE
  5
FEC
330
1F
100
AcDbEntity
  8
0
  6
Continuous
 62
     7
370
    25
100
AcDbLine
 10
1.345
 20
-37.595
 30
0.0
 11
1.782
 21
-37.595
 31
0.0
  0
LINE
  5
FED
330
1F
100
AcDbEntity
  8
0
  6
Continuous
 62
     7
370
    25
100
AcDbLine
 10
1.782
 20
-37.595
 30
0.0
 11
1.782
 21
-37.158
 31
0.0
  0
LINE
  5
FEE
330
1F
100
AcDbEntity
  8
0
  6
Continuous
 62
     7
370
    25
100
AcDbLine
 10
1.782
 20
34.472
 30
0.0
 11
1.345
 21
34.472
 31
0.0
  0
LINE
  5
FEF
330
1F
100
AcDbEntity
  8
0
  6
Continuous
 62
     7
370
    25
100
AcDbLine
 10
1.345
 20
34.472
 30
0.0
 11
1.345
 21
34.035
 31
0.0
  0
LINE
  5
FF0
330
1F
100
AcDbEntity
  8
0
  6
Continuous
 62
     7
370
    25
100
AcDbLine
 10
1.345
 20
34.035
 30
0.0
 11
1.782
 21
34.035
 31
0.0
  0
LINE
  5
FF1
330
1F
100
AcDbEntity
  8
0
  6
Continuous
 62
     7
370
    25
100
AcDbLine
 10
1.782
 20
34.035
 30
0.0
 11
1.782
 21
34.472
 31
0.0
  0
LINE
  5
FF2
330
1F
100
AcDbEntity
  8
0
  6
Continuous
 62
     7
370
    25
100
AcDbLine
 10
3.032
 20
-1.344
 30
0.0
 11
2.595
 21
-1.344
 31
0.0
  0
LINE
  5
FF3
330
1F
100
AcDbEntity
  8
0
  6
Continuous
 62
     7
370
    25
100
AcDbLine
 10
2.595
 20
-1.344
 30
0.0
 11
2.595
 21
-1.781
 31
0.0
  0
LINE
  5
FF4
330
1F
100
AcDbEntity
  8
0
  6
Continuous
 62
     7
370
    25
100
AcDbLine
 10
2.595
 20
-1.781
 30
0.0
 11
3.032
 21
-1.781
 31
0.0
  0
LINE
  5
FF5
330
1F
100
AcDbEntity
  8
0
  6
Continuous
 62
     7
370
    25
100
AcDbLine
 10
3.032
 20
-1.781
 30
0.0
 11
3.032
 21
-1.344
 31
0.0
  0
LINE
  5
FF6
330
1F
100
AcDbEntity
  8
0
  6
Continuous
 62
     7
370
    25
100
AcDbLine
 10
2.407
 20
34.472
 30
0.0
 11
1.97
 21
34.472
 31
0.0
  0
LINE
  5
FF7
330
1F
100
AcDbEntity
  8
0
  6
Continuous
 62
     7
370
    25
100
AcDbLine
 10
1.97
 20
34.472
 30
0.0
 11
1.97
 21
34.035
 31
0.0
  0
LINE
  5
FF8
330
1F
100
AcDbEntity
  8
0
  6
Continuous
 62
     7
370
    25
100
AcDbLine
 10
1.97
 20
34.035
 30
0.0
 11
2.407
 21
34.035
 31
0.0
  0
LINE
  5
FF9
330
1F
100
AcDbEntity
  8
0
  6
Continuous
 62
     7
370
    25
100
AcDbLine
 10
2.407
 20
34.035
 30
0.0
 11
2.407
 21
34.472
 31
0.0
  0
LINE
  5
FFA
330
1F
100
AcDbEntity
  8
0
  6
Continuous
 62
     7
370
    25
100
AcDbLine
 10
3.032
 20
34.472
 30
0.0
 11
2.595
 21
34.472
 31
0.0
  0
LINE
  5
FFB
330
1F
100
AcDbEntity
  8
0
  6
Continuous
 62
     7
370
    25
100
AcDbLine
 10
2.595
 20
34.472
 30
0.0
 11
2.595
 21
34.035
 31
0.0
  0
LINE
  5
FFC
330
1F
100
AcDbEntity
  8
0
  6
Continuous
 62
     7
370
    25
100
AcDbLine
 10
2.595
 20
34.035
 30
0.0
 11
3.032
 21
34.035
 31
0.0
  0
LINE
  5
FFD
330
1F
100
AcDbEntity
  8
0
  6
Continuous
 62
     7
370
    25
100
AcDbLine
 10
3.032
 20
34.035
 30
0.0
 11
3.032
 21
34.472
 31
0.0
  0
LINE
  5
FFE
330
1F
100
AcDbEntity
  8
0
  6
Continuous
 62
     7
370
    25
100
AcDbLine
 10
3.032
 20
-37.158
 30
0.0
 11
2.595
 21
-37.158
 31
0.0
  0
LINE
  5
FFF
330
1F
100
AcDbEntity
  8
0
  6
Continuous
 62
     7
370
    25
100
AcDbLine
 10
2.595
 20
-37.158
 30
0.0
 11
2.595
 21
-37.595
 31
0.0
  0
LINE
  5
1000
330
1F
100
AcDbEntity
  8
0
  6
Continuous
 62
     7
370
    25
100
AcDbLine
 10
2.595
 20
-37.595
 30
0.0
 11
3.032
 21
-37.595
 31
0.0
  0
LINE
  5
1001
330
1F
100
AcDbEntity
  8
0
  6
Continuous
 62
     7
370
    25
100
AcDbLine
 10
3.032
 20
-37.595
 30
0.0
 11
3.032
 21
-37.158
 31
0.0
  0
LINE
  5
1002
330
1F
100
AcDbEntity
  8
0
  6
Continuous
 62
     7
370
    25
100
AcDbLine
 10
0.532
 20
-1.344
 30
0.0
 11
0.095
 21
-1.344
 31
0.0
  0
LINE
  5
1003
330
1F
100
AcDbEntity
  8
0
  6
Continuous
 62
     7
370
    25
100
AcDbLine
 10
0.095
 20
-1.344
 30
0.0
 11
0.095
 21
-1.781
 31
0.0
  0
LINE
  5
1004
330
1F
100
AcDbEntity
  8
0
  6
Continuous
 62
     7
370
    25
100
AcDbLine
 10
0.095
 20
-1.781
 30
0.0
 11
0.532
 21
-1.781
 31
0.0
  0
LINE
  5
1005
330
1F
100
AcDbEntity
  8
0
  6
Continuous
 62
     7
370
    25
100
AcDbLine
 10
0.532
 20
-1.781
 30
0.0
 11
0.532
 21
-1.344
 31
0.0
  0
LINE
  5
1006
330
1F
100
AcDbEntity
  8
0
  6
Continuous
 62
     7
370
    25
100
AcDbLine
 10
-0.093
 20
34.472
 30
0.0
 11
-0.53
 21
34.472
 31
0.0
  0
LINE
  5
1007
330
1F
100
AcDbEntity
  8
0
  6
Continuous
 62
     7
370
    25
100
AcDbLine
 10
-0.53
 20
34.472
 30
0.0
 11
-0.53
 21
34.035
 31
0.0
  0
LINE
  5
1008
330
1F
100
AcDbEntity
  8
0
  6
Continuous
 62
     7
370
    25
100
AcDbLine
 10
-0.53
 20
34.035
 30
0.0
 11
-0.093
 21
34.035
 31
0.0
  0
LINE
  5
1009
330
1F
100
AcDbEntity
  8
0
  6
Continuous
 62
     7
370
    25
100
AcDbLine
 10
-0.093
 20
34.035
 30
0.0
 11
-0.093
 21
34.472
 31
0.0
  0
LINE
  5
100A
330
1F
100
AcDbEntity
  8
0
  6
Continuous
 62
     7
370
    25
100
AcDbLine
 10
0.532
 20
34.472
 30
0.0
 11
0.095
 21
34.472
 31
0.0
  0
LINE
  5
100B
330
1F
100
AcDbEntity
  8
0
  6
Continuous
 62
     7
370
    25
100
AcDbLine
 10
0.095
 20
34.472
 30
0.0
 11
0.095
 21
34.035
 31
0.0
  0
LINE
  5
100C
330
1F
100
AcDbEntity
  8
0
  6
Continuous
 62
     7
370
    25
100
AcDbLine
 10
0.095
 20
34.035
 30
0.0
 11
0.532
 21
34.035
 31
0.0
  0
LINE
  5
100D
330
1F
100
AcDbEntity
  8
0
  6
Continuous
 62
     7
370
    25
100
AcDbLine
 10
0.532
 20
34.035
 30
0.0
 11
0.532
 21
34.472
 31
0.0
  0
LINE
  5
100E
330
1F
100
AcDbEntity
  8
0
  6
Continuous
 62
     7
370
    25
100
AcDbLine
 10
0.532
 20
-37.158
 30
0.0
 11
0.095
 21
-37.158
 31
0.0
  0
LINE
  5
100F
330
1F
100
AcDbEntity
  8
0
  6
Continuous
 62
     7
370
    25
100
AcDbLine
 10
0.095
 20
-37.158
 30
0.0
 11
0.095
 21
-37.595
 31
0.0
  0
LINE
  5
1010
330
1F
100
AcDbEntity
  8
0
  6
Continuous
 62
     7
370
    25
100
AcDbLine
 10
0.095
 20
-37.595
 30
0.0
 11
0.532
 21
-37.595
 31
0.0
  0
LINE
  5
1011
330
1F
100
AcDbEntity
  8
0
  6
Continuous
 62
     7
370
    25
100
AcDbLine
 10
0.532
 20
-37.595
 30
0.0
 11
0.532
 21
-37.158
 31
0.0
  0
LINE
  5
1012
330
1F
100
AcDbEntity
  8
0
  6
Continuous
 62
     7
370
    25
100
AcDbLine
 10
-3.843
 20
-0.719
 30
0.0
 11
-4.28
 21
-0.719
 31
0.0
  0
LINE
  5
1013
330
1F
100
AcDbEntity
  8
0
  6
Continuous
 62
     7
370
    25
100
AcDbLine
 10
-4.28
 20
-0.719
 30
0.0
 11
-4.28
 21
-1.156
 31
0.0
  0
LINE
  5
1014
330
1F
100
AcDbEntity
  8
0
  6
Continuous
 62
     7
370
    25
100
AcDbLine
 10
-4.28
 20
-1.156
 30
0.0
 11
-3.843
 21
-1.156
 31
0.0
  0
LINE
  5
1015
330
1F
100
AcDbEntity
  8
0
  6
Continuous
 62
     7
370
    25
100
AcDbLine
 10
-3.843
 20
-1.156
 30
0.0
 11
-3.843
 21
-0.719
 31
0.0
  0
LINE
  5
1016
330
1F
100
AcDbEntity
  8
0
  6
Continuous
 62
     7
370
    25
100
AcDbLine
 10
-4.468
 20
35.097
 30
0.0
 11
-4.905
 21
35.097
 31
0.0
  0
LINE
  5
1017
330
1F
100
AcDbEntity
  8
0
  6
Continuous
 62
     7
370
    25
100
AcDbLine
 10
-4.905
 20
35.097
 30
0.0
 11
-4.905
 21
34.66
 31
0.0
  0
LINE
  5
1018
330
1F
100
AcDbEntity
  8
0
  6
Continuous
 62
     7
370
    25
100
AcDbLine
 10
-4.905
 20
34.66
 30
0.0
 11
-4.468
 21
34.66
 31
0.0
  0
LINE
  5
1019
330
1F
100
AcDbEntity
  8
0
  6
Continuous
 62
     7
370
    25
100
AcDbLine
 10
-4.468
 20
34.66
 30
0.0
 11
-4.468
 21
35.097
 31
0.0
  0
LINE
  5
101A
330
1F
100
AcDbEntity
  8
0
  6
Continuous
 62
     7
370
    25
100
AcDbLine
 10
-3.843
 20
35.097
 30
0.0
 11
-4.28
 21
35.097
 31
0.0
  0
LINE
  5
101B
330
1F
100
AcDbEntity
  8
0
  6
Continuous
 62
     7
370
    25
100
AcDbLine
 10
-4.28
 20
35.097
 30
0.0
 11
-4.28
 21
34.66
 31
0.0
  0
LINE
  5
101C
330
1F
100
AcDbEntity
  8
0
  6
Continuous
 62
     7
370
    25
100
AcDbLine
 10
-4.28
 20
34.66
 30
0.0
 11
-3.843
 21
34.66
 31
0.0
  0
LINE
  5
101D
330
1F
100
AcDbEntity
  8
0
  6
Continuous
 62
     7
370
    25
100
AcDbLine
 10
-3.843
 20
34.66
 30
0.0
 11
-3.843
 21
35.097
 31
0.0
  0
LINE
  5
101E
330
1F
100
AcDbEntity
  8
0
  6
Continuous
 62
     7
370
    25
100
AcDbLine
 10
-3.843
 20
-36.533
 30
0.0
 11
-4.28
 21
-36.533
 31
0.0
  0
LINE
  5
101F
330
1F
100
AcDbEntity
  8
0
  6
Continuous
 62
     7
370
    25
100
AcDbLine
 10
-4.28
 20
-36.533
 30
0.0
 11
-4.28
 21
-36.97
 31
0.0
  0
LINE
  5
1020
330
1F
100
AcDbEntity
  8
0
  6
Continuous
 62
     7
370
    25
100
AcDbLine
 10
-4.28
 20
-36.97
 30
0.0
 11
-3.843
 21
-36.97
 31
0.0
  0
LINE
  5
1021
330
1F
100
AcDbEntity
  8
0
  6
Continuous
 62
     7
370
    25
100
AcDbLine
 10
-3.843
 20
-36.97
 30
0.0
 11
-3.843
 21
-36.533
 31
0.0
  0
LINE
  5
1022
330
1F
100
AcDbEntity
  8
0
  6
Continuous
 62
     7
370
    25
100
AcDbLine
 10
-1.343
 20
-37.158
 30
0.0
 11
-1.78
 21
-37.158
 31
0.0
  0
LINE
  5
1023
330
1F
100
AcDbEntity
  8
0
  6
Continuous
 62
     7
370
    25
100
AcDbLine
 10
-1.78
 20
-37.158
 30
0.0
 11
-1.78
 21
-37.595
 31
0.0
  0
LINE
  5
1024
330
1F
100
AcDbEntity
  8
0
  6
Continuous
 62
     7
370
    25
100
AcDbLine
 10
-1.78
 20
-37.595
 30
0.0
 11
-1.343
 21
-37.595
 31
0.0
  0
LINE
  5
1025
330
1F
100
AcDbEntity
  8
0
  6
Continuous
 62
     7
370
    25
100
AcDbLine
 10
-1.343
 20
-37.595
 30
0.0
 11
-1.343
 21
-37.158
 31
0.0
  0
LINE
  5
1026
330
1F
100
AcDbEntity
  8
0
  6
Continuous
 62
     7
370
    25
100
AcDbLine
 10
-1.343
 20
-1.344
 30
0.0
 11
-1.78
 21
-1.344
 31
0.0
  0
LINE
  5
1027
330
1F
100
AcDbEntity
  8
0
  6
Continuous
 62
     7
370
    25
100
AcDbLine
 10
-1.78
 20
-1.344
 30
0.0
 11
-1.78
 21
-1.781
 31
0.0
  0
LINE
  5
1028
330
1F
100
AcDbEntity
  8
0
  6
Continuous
 62
     7
370
    25
100
AcDbLine
 10
-1.78
 20
-1.781
 30
0.0
 11
-1.343
 21
-1.781
 31
0.0
  0
LINE
  5
1029
330
1F
100
AcDbEntity
  8
0
  6
Continuous
 62
     7
370
    25
100
AcDbLine
 10
-1.343
 20
-1.781
 30
0.0
 11
-1.343
 21
-1.344
 31
0.0
  0
LINE
  5
102A
330
1F
100
AcDbEntity
  8
0
  6
Continuous
 62
     7
370
    25
100
AcDbLine
 10
-0.718
 20
-1.344
 30
0.0
 11
-1.155
 21
-1.344
 31
0.0
  0
LINE
  5
102B
330
1F
100
AcDbEntity
  8
0
  6
Continuous
 62
     7
370
    25
100
AcDbLine
 10
-1.155
 20
-1.344
 30
0.0
 11
-1.155
 21
-1.781
 31
0.0
  0
LINE
  5
102C
330
1F
100
AcDbEntity
  8
0
  6
Continuous
 62
     7
370
    25
100
AcDbLine
 10
-1.155
 20
-1.781
 30
0.0
 11
-0.718
 21
-1.781
 31
0.0
  0
LINE
  5
102D
330
1F
100
AcDbEntity
  8
0
  6
Continuous
 62
     7
370
    25
100
AcDbLine
 10
-0.718
 20
-1.781
 30
0.0
 11
-0.718
 21
-1.344
 31
0.0
  0
LINE
  5
102E
330
1F
100
AcDbEntity
  8
0
  6
Continuous
 62
     7
370
    25
100
AcDbLine
 10
-1.343
 20
34.472
 30
0.0
 11
-1.78
 21
34.472
 31
0.0
  0
LINE
  5
102F
330
1F
100
AcDbEntity
  8
0
  6
Continuous
 62
     7
370
    25
100
AcDbLine
 10
-1.78
 20
34.472
 30
0.0
 11
-1.78
 21
34.035
 31
0.0
  0
LINE
  5
1030
330
1F
100
AcDbEntity
  8
0
  6
Continuous
 62
     7
370
    25
100
AcDbLine
 10
-1.78
 20
34.035
 30
0.0
 11
-1.343
 21
34.035
 31
0.0
  0
LINE
  5
1031
330
1F
100
AcDbEntity
  8
0
  6
Continuous
 62
     7
370
    25
100
AcDbLine
 10
-1.343
 20
34.035
 30
0.0
 11
-1.343
 21
34.472
 31
0.0
  0
LINE
  5
1032
330
1F
100
AcDbEntity
  8
0
  6
Continuous
 62
     7
370
    25
100
AcDbLine
 10
-0.093
 20
-1.344
 30
0.0
 11
-0.53
 21
-1.344
 31
0.0
  0
LINE
  5
1033
330
1F
100
AcDbEntity
  8
0
  6
Continuous
 62
     7
370
    25
100
AcDbLine
 10
-0.53
 20
-1.344
 30
0.0
 11
-0.53
 21
-1.781
 31
0.0
  0
LINE
  5
1034
330
1F
100
AcDbEntity
  8
0
  6
Continuous
 62
     7
370
    25
100
AcDbLine
 10
-0.53
 20
-1.781
 30
0.0
 11
-0.093
 21
-1.781
 31
0.0
  0
LINE
  5
1035
330
1F
100
AcDbEntity
  8
0
  6
Continuous
 62
     7
370
    25
100
AcDbLine
 10
-0.093
 20
-1.781
 30
0.0
 11
-0.093
 21
-1.344
 31
0.0
  0
LINE
  5
1036
330
1F
100
AcDbEntity
  8
0
  6
Continuous
 62
     7
370
    25
100
AcDbLine
 10
-0.093
 20
-37.158
 30
0.0
 11
-0.53
 21
-37.158
 31
0.0
  0
LINE
  5
1037
330
1F
100
AcDbEntity
  8
0
  6
Continuous
 62
     7
370
    25
100
AcDbLine
 10
-0.53
 20
-37.158
 30
0.0
 11
-0.53
 21
-37.595
 31
0.0
  0
LINE
  5
1038
330
1F
100
AcDbEntity
  8
0
  6
Continuous
 62
     7
370
    25
100
AcDbLine
 10
-0.53
 20
-37.595
 30
0.0
 11
-0.093
 21
-37.595
 31
0.0
  0
LINE
  5
1039
330
1F
100
AcDbEntity
  8
0
  6
Continuous
 62
     7
370
    25
100
AcDbLine
 10
-0.093
 20
-37.595
 30
0.0
 11
-0.093
 21
-37.158
 31
0.0
  0
LINE
  5
103A
330
1F
100
AcDbEntity
  8
0
  6
Continuous
 62
     7
370
    25
100
AcDbLine
 10
-0.718
 20
-37.158
 30
0.0
 11
-1.155
 21
-37.158
 31
0.0
  0
LINE
  5
103B
330
1F
100
AcDbEntity
  8
0
  6
Continuous
 62
     7
370
    25
100
AcDbLine
 10
-1.155
 20
-37.158
 30
0.0
 11
-1.155
 21
-37.595
 31
0.0
  0
LINE
  5
103C
330
1F
100
AcDbEntity
  8
0
  6
Continuous
 62
     7
370
    25
100
AcDbLine
 10
-1.155
 20
-37.595
 30
0.0
 11
-0.718
 21
-37.595
 31
0.0
  0
LINE
  5
103D
330
1F
100
AcDbEntity
  8
0
  6
Continuous
 62
     7
370
    25
100
AcDbLine
 10
-0.718
 20
-37.595
 30
0.0
 11
-0.718
 21
-37.158
 31
0.0
  0
LINE
  5
103E
330
1F
100
AcDbEntity
  8
0
  6
Continuous
 62
     7
370
    25
100
AcDbLine
 10
-0.718
 20
34.472
 30
0.0
 11
-1.155
 21
34.472
 31
0.0
  0
LINE
  5
103F
330
1F
100
AcDbEntity
  8
0
  6
Continuous
 62
     7
370
    25
100
AcDbLine
 10
-1.155
 20
34.472
 30
0.0
 11
-1.155
 21
34.035
 31
0.0
  0
LINE
  5
1040
330
1F
100
AcDbEntity
  8
0
  6
Continuous
 62
     7
370
    25
100
AcDbLine
 10
-1.155
 20
34.035
 30
0.0
 11
-0.718
 21
34.035
 31
0.0
  0
LINE
  5
1041
330
1F
100
AcDbEntity
  8
0
  6
Continuous
 62
     7
370
    25
100
AcDbLine
 10
-0.718
 20
34.035
 30
0.0
 11
-0.718
 21
34.472
 31
0.0
  0
LINE
  5
1042
330
1F
100
AcDbEntity
  8
0
  6
Continuous
 62
     7
370
    25
100
AcDbLine
 10
-2.593
 20
-1.344
 30
0.0
 11
-3.03
 21
-1.344
 31
0.0
  0
LINE
  5
1043
330
1F
100
AcDbEntity
  8
0
  6
Continuous
 62
     7
370
    25
100
AcDbLine
 10
-3.03
 20
-1.344
 30
0.0
 11
-3.03
 21
-1.781
 31
0.0
  0
LINE
  5
1044
330
1F
100
AcDbEntity
  8
0
  6
Continuous
 62
     7
370
    25
100
AcDbLine
 10
-3.03
 20
-1.781
 30
0.0
 11
-2.593
 21
-1.781
 31
0.0
  0
LINE
  5
1045
330
1F
100
AcDbEntity
  8
0
  6
Continuous
 62
     7
370
    25
100
AcDbLine
 10
-2.593
 20
-1.781
 30
0.0
 11
-2.593
 21
-1.344
 31
0.0
  0
LINE
  5
1046
330
1F
100
AcDbEntity
  8
0
  6
Continuous
 62
     7
370
    25
100
AcDbLine
 10
-2.593
 20
-37.158
 30
0.0
 11
-3.03
 21
-37.158
 31
0.0
  0
LINE
  5
1047
330
1F
100
AcDbEntity
  8
0
  6
Continuous
 62
     7
370
    25
100
AcDbLine
 10
-3.03
 20
-37.158
 30
0.0
 11
-3.03
 21
-37.595
 31
0.0
  0
LINE
  5
1048
330
1F
100
AcDbEntity
  8
0
  6
Continuous
 62
     7
370
    25
100
AcDbLine
 10
-3.03
 20
-37.595
 30
0.0
 11
-2.593
 21
-37.595
 31
0.0
  0
LINE
  5
1049
330
1F
100
AcDbEntity
  8
0
  6
Continuous
 62
     7
370
    25
100
AcDbLine
 10
-2.593
 20
-37.595
 30
0.0
 11
-2.593
 21
-37.158
 31
0.0
  0
LINE
  5
104A
330
1F
100
AcDbEntity
  8
0
  6
Continuous
 62
     7
370
    25
100
AcDbLine
 10
-3.218
 20
-37.158
 30
0.0
 11
-3.655
 21
-37.158
 31
0.0
  0
LINE
  5
104B
330
1F
100
AcDbEntity
  8
0
  6
Continuous
 62
     7
370
    25
100
AcDbLine
 10
-3.655
 20
-37.158
 30
0.0
 11
-3.655
 21
-37.595
 31
0.0
  0
LINE
  5
104C
330
1F
100
AcDbEntity
  8
0
  6
Continuous
 62
     7
370
    25
100
AcDbLine
 10
-3.655
 20
-37.595
 30
0.0
 11
-3.218
 21
-37.595
 31
0.0
  0
LINE
  5
104D
330
1F
100
AcDbEntity
  8
0
  6
Continuous
 62
     7
370
    25
100
AcDbLine
 10
-3.218
 20
-37.595
 30
0.0
 11
-3.218
 21
-37.158
 31
0.0
  0
LINE
  5
104E
330
1F
100
AcDbEntity
  8
0
  6
Continuous
 62
     7
370
    25
100
AcDbLine
 10
-3.218
 20
34.472
 30
0.0
 11
-3.655
 21
34.472
 31
0.0
  0
LINE
  5
104F
330
1F
100
AcDbEntity
  8
0
  6
Continuous
 62
     7
370
    25
100
AcDbLine
 10
-3.655
 20
34.472
 30
0.0
 11
-3.655
 21
34.035
 31
0.0
  0
LINE
  5
1050
330
1F
100
AcDbEntity
  8
0
  6
Continuous
 62
     7
370
    25
100
AcDbLine
 10
-3.655
 20
34.035
 30
0.0
 11
-3.218
 21
34.035
 31
0.0
  0
LINE
  5
1051
330
1F
100
AcDbEntity
  8
0
  6
Continuous
 62
     7
370
    25
100
AcDbLine
 10
-3.218
 20
34.035
 30
0.0
 11
-3.218
 21
34.472
 31
0.0
  0
LINE
  5
1052
330
1F
100
AcDbEntity
  8
0
  6
Continuous
 62
     7
370
    25
100
AcDbLine
 10
3.032
 20
-37.783
 30
0.0
 11
2.595
 21
-37.783
 31
0.0
  0
LINE
  5
1053
330
1F
100
AcDbEntity
  8
0
  6
Continuous
 62
     7
370
    25
100
AcDbLine
 10
2.595
 20
-37.783
 30
0.0
 11
2.595
 21
-38.22
 31
0.0
  0
LINE
  5
1054
330
1F
100
AcDbEntity
  8
0
  6
Continuous
 62
     7
370
    25
100
AcDbLine
 10
2.595
 20
-38.22
 30
0.0
 11
3.032
 21
-38.22
 31
0.0
  0
LINE
  5
1055
330
1F
100
AcDbEntity
  8
0
  6
Continuous
 62
     7
370
    25
100
AcDbLine
 10
3.032
 20
-38.22
 30
0.0
 11
3.032
 21
-37.783
 31
0.0
  0
LINE
  5
1056
330
1F
100
AcDbEntity
  8
0
  6
Continuous
 62
     7
370
    25
100
AcDbLine
 10
3.032
 20
-1.969
 30
0.0
 11
2.595
 21
-1.969
 31
0.0
  0
LINE
  5
1057
330
1F
100
AcDbEntity
  8
0
  6
Continuous
 62
     7
370
    25
100
AcDbLine
 10
2.595
 20
-1.969
 30
0.0
 11
2.595
 21
-2.406
 31
0.0
  0
LINE
  5
1058
330
1F
100
AcDbEntity
  8
0
  6
Continuous
 62
     7
370
    25
100
AcDbLine
 10
2.595
 20
-2.406
 30
0.0
 11
3.032
 21
-2.406
 31
0.0
  0
LINE
  5
1059
330
1F
100
AcDbEntity
  8
0
  6
Continuous
 62
     7
370
    25
100
AcDbLine
 10
3.032
 20
-2.406
 30
0.0
 11
3.032
 21
-1.969
 31
0.0
  0
LINE
  5
105A
330
1F
100
AcDbEntity
  8
0
  6
Continuous
 62
     7
370
    25
100
AcDbLine
 10
3.657
 20
-1.969
 30
0.0
 11
3.22
 21
-1.969
 31
0.0
  0
LINE
  5
105B
330
1F
100
AcDbEntity
  8
0
  6
Continuous
 62
     7
370
    25
100
AcDbLine
 10
3.22
 20
-1.969
 30
0.0
 11
3.22
 21
-2.406
 31
0.0
  0
LINE
  5
105C
330
1F
100
AcDbEntity
  8
0
  6
Continuous
 62
     7
370
    25
100
AcDbLine
 10
3.22
 20
-2.406
 30
0.0
 11
3.657
 21
-2.406
 31
0.0
  0
LINE
  5
105D
330
1F
100
AcDbEntity
  8
0
  6
Continuous
 62
     7
370
    25
100
AcDbLine
 10
3.657
 20
-2.406
 30
0.0
 11
3.657
 21
-1.969
 31
0.0
  0
LINE
  5
105E
330
1F
100
AcDbEntity
  8
0
  6
Continuous
 62
     7
370
    25
100
AcDbLine
 10
3.032
 20
33.847
 30
0.0
 11
2.595
 21
33.847
 31
0.0
  0
LINE
  5
105F
330
1F
100
AcDbEntity
  8
0
  6
Continuous
 62
     7
370
    25
100
AcDbLine
 10
2.595
 20
33.847
 30
0.0
 11
2.595
 21
33.41
 31
0.0
  0
LINE
  5
1060
330
1F
100
AcDbEntity
  8
0
  6
Continuous
 62
     7
370
    25
100
AcDbLine
 10
2.595
 20
33.41
 30
0.0
 11
3.032
 21
33.41
 31
0.0
  0
LINE
  5
1061
330
1F
100
AcDbEntity
  8
0
  6
Continuous
 62
     7
370
    25
100
AcDbLine
 10
3.032
 20
33.41
 30
0.0
 11
3.032
 21
33.847
 31
0.0
  0
LINE
  5
1062
330
1F
100
AcDbEntity
  8
0
  6
Continuous
 62
     7
370
    25
100
AcDbLine
 10
-4.468
 20
-1.344
 30
0.0
 11
-4.905
 21
-1.344
 31
0.0
  0
LINE
  5
1063
330
1F
100
AcDbEntity
  8
0
  6
Continuous
 62
     7
370
    25
100
AcDbLine
 10
-4.905
 20
-1.344
 30
0.0
 11
-4.905
 21
-1.781
 31
0.0
  0
LINE
  5
1064
330
1F
100
AcDbEntity
  8
0
  6
Continuous
 62
     7
370
    25
100
AcDbLine
 10
-4.905
 20
-1.781
 30
0.0
 11
-4.468
 21
-1.781
 31
0.0
  0
LINE
  5
1065
330
1F
100
AcDbEntity
  8
0
  6
Continuous
 62
     7
370
    25
100
AcDbLine
 10
-4.468
 20
-1.781
 30
0.0
 11
-4.468
 21
-1.344
 31
0.0
  0
LINE
  5
1066
330
1F
100
AcDbEntity
  8
0
  6
Continuous
 62
     7
370
    25
100
AcDbLine
 10
-5.093
 20
34.472
 30
0.0
 11
-5.53
 21
34.472
 31
0.0
  0
LINE
  5
1067
330
1F
100
AcDbEntity
  8
0
  6
Continuous
 62
     7
370
    25
100
AcDbLine
 10
-5.53
 20
34.472
 30
0.0
 11
-5.53
 21
34.035
 31
0.0
  0
LINE
  5
1068
330
1F
100
AcDbEntity
  8
0
  6
Continuous
 62
     7
370
    25
100
AcDbLine
 10
-5.53
 20
34.035
 30
0.0
 11
-5.093
 21
34.035
 31
0.0
  0
LINE
  5
1069
330
1F
100
AcDbEntity
  8
0
  6
Continuous
 62
     7
370
    25
100
AcDbLine
 10
-5.093
 20
34.035
 30
0.0
 11
-5.093
 21
34.472
 31
0.0
  0
LINE
  5
106A
330
1F
100
AcDbEntity
  8
0
  6
Continuous
 62
     7
370
    25
100
AcDbLine
 10
-4.468
 20
34.472
 30
0.0
 11
-4.905
 21
34.472
 31
0.0
  0
LINE
  5
106B
330
1F
100
AcDbEntity
  8
0
  6
Continuous
 62
     7
370
    25
100
AcDbLine
 10
-4.905
 20
34.472
 30
0.0
 11
-4.905
 21
34.035
 31
0.0
  0
LINE
  5
106C
330
1F
100
AcDbEntity
  8
0
  6
Continuous
 62
     7
370
    25
100
AcDbLine
 10
-4.905
 20
34.035
 30
0.0
 11
-4.468
 21
34.035
 31
0.0
  0
LINE
  5
106D
330
1F
100
AcDbEntity
  8
0
  6
Continuous
 62
     7
370
    25
100
AcDbLine
 10
-4.468
 20
34.035
 30
0.0
 11
-4.468
 21
34.472
 31
0.0
  0
LINE
  5
106E
330
1F
100
AcDbEntity
  8
0
  6
Continuous
 62
     7
370
    25
100
AcDbLine
 10
-4.468
 20
-37.158
 30
0.0
 11
-4.905
 21
-37.158
 31
0.0
  0
LINE
  5
106F
330
1F
100
AcDbEntity
  8
0
  6
Continuous
 62
     7
370
    25
100
AcDbLine
 10
-4.905
 20
-37.158
 30
0.0
 11
-4.905
 21
-37.595
 31
0.0
  0
LINE
  5
1070
330
1F
100
AcDbEntity
  8
0
  6
Continuous
 62
     7
370
    25
100
AcDbLine
 10
-4.905
 20
-37.595
 30
0.0
 11
-4.468
 21
-37.595
 31
0.0
  0
LINE
  5
1071
330
1F
100
AcDbEntity
  8
0
  6
Continuous
 62
     7
370
    25
100
AcDbLine
 10
-4.468
 20
-37.595
 30
0.0
 11
-4.468
 21
-37.158
 31
0.0
  0
LINE
  5
1072
330
1F
100
AcDbEntity
  8
0
  6
Continuous
 62
     7
370
    25
100
AcDbLine
 10
-3.843
 20
-37.158
 30
0.0
 11
-4.28
 21
-37.158
 31
0.0
  0
LINE
  5
1073
330
1F
100
AcDbEntity
  8
0
  6
Continuous
 62
     7
370
    25
100
AcDbLine
 10
-4.28
 20
-37.158
 30
0.0
 11
-4.28
 21
-37.595
 31
0.0
  0
LINE
  5
1074
330
1F
100
AcDbEntity
  8
0
  6
Continuous
 62
     7
370
    25
100
AcDbLine
 10
-4.28
 20
-37.595
 30
0.0
 11
-3.843
 21
-37.595
 31
0.0
  0
LINE
  5
1075
330
1F
100
AcDbEntity
  8
0
  6
Continuous
 62
     7
370
    25
100
AcDbLine
 10
-3.843
 20
-37.595
 30
0.0
 11
-3.843
 21
-37.158
 31
0.0
  0
LINE
  5
1076
330
1F
100
AcDbEntity
  8
0
  6
Continuous
 62
     7
370
    25
100
AcDbLine
 10
-3.843
 20
-1.344
 30
0.0
 11
-4.28
 21
-1.344
 31
0.0
  0
LINE
  5
1077
330
1F
100
AcDbEntity
  8
0
  6
Continuous
 62
     7
370
    25
100
AcDbLine
 10
-4.28
 20
-1.344
 30
0.0
 11
-4.28
 21
-1.781
 31
0.0
  0
LINE
  5
1078
330
1F
100
AcDbEntity
  8
0
  6
Continuous
 62
     7
370
    25
100
AcDbLine
 10
-4.28
 20
-1.781
 30
0.0
 11
-3.843
 21
-1.781
 31
0.0
  0
LINE
  5
1079
330
1F
100
AcDbEntity
  8
0
  6
Continuous
 62
     7
370
    25
100
AcDbLine
 10
-3.843
 20
-1.781
 30
0.0
 11
-3.843
 21
-1.344
 31
0.0
  0
LINE
  5
107A
330
1F
100
AcDbEntity
  8
0
  6
Continuous
 62
     7
370
    25
100
AcDbLine
 10
-3.218
 20
-1.344
 30
0.0
 11
-3.655
 21
-1.344
 31
0.0
  0
LINE
  5
107B
330
1F
100
AcDbEntity
  8
0
  6
Continuous
 62
     7
370
    25
100
AcDbLine
 10
-3.655
 20
-1.344
 30
0.0
 11
-3.655
 21
-1.781
 31
0.0
  0
LINE
  5
107C
330
1F
100
AcDbEntity
  8
0
  6
Continuous
 62
     7
370
    25
100
AcDbLine
 10
-3.655
 20
-1.781
 30
0.0
 11
-3.218
 21
-1.781
 31
0.0
  0
LINE
  5
107D
330
1F
100
AcDbEntity
  8
0
  6
Continuous
 62
     7
370
    25
100
AcDbLine
 10
-3.218
 20
-1.781
 30
0.0
 11
-3.218
 21
-1.344
 31
0.0
  0
LINE
  5
107E
330
1F
100
AcDbEntity
  8
0
  6
Continuous
 62
     7
370
    25
100
AcDbLine
 10
-3.843
 20
34.472
 30
0.0
 11
-4.28
 21
34.472
 31
0.0
  0
LINE
  5
107F
330
1F
100
AcDbEntity
  8
0
  6
Continuous
 62
     7
370
    25
100
AcDbLine
 10
-4.28
 20
34.472
 30
0.0
 11
-4.28
 21
34.035
 31
0.0
  0
LINE
  5
1080
330
1F
100
AcDbEntity
  8
0
  6
Continuous
 62
     7
370
    25
100
AcDbLine
 10
-4.28
 20
34.035
 30
0.0
 11
-3.843
 21
34.035
 31
0.0
  0
LINE
  5
1081
330
1F
100
AcDbEntity
  8
0
  6
Continuous
 62
     7
370
    25
100
AcDbLine
 10
-3.843
 20
34.035
 30
0.0
 11
-3.843
 21
34.472
 31
0.0
  0
LINE
  5
1082
330
1F
100
AcDbEntity
  8
0
  6
Continuous
 62
     7
370
    25
100
AcDbLine
 10
5.532
 20
-37.783
 30
0.0
 11
5.095
 21
-37.783
 31
0.0
  0
LINE
  5
1083
330
1F
100
AcDbEntity
  8
0
  6
Continuous
 62
     7
370
    25
100
AcDbLine
 10
5.095
 20
-37.783
 30
0.0
 11
5.095
 21
-38.22
 31
0.0
  0
LINE
  5
1084
330
1F
100
AcDbEntity
  8
0
  6
Continuous
 62
     7
370
    25
100
AcDbLine
 10
5.095
 20
-38.22
 30
0.0
 11
5.532
 21
-38.22
 31
0.0
  0
LINE
  5
1085
330
1F
100
AcDbEntity
  8
0
  6
Continuous
 62
     7
370
    25
100
AcDbLine
 10
5.532
 20
-38.22
 30
0.0
 11
5.532
 21
-37.783
 31
0.0
  0
LINE
  5
1086
330
1F
100
AcDbEntity
  8
0
  6
Continuous
 62
     7
370
    25
100
AcDbLine
 10
5.532
 20
-1.969
 30
0.0
 11
5.095
 21
-1.969
 31
0.0
  0
LINE
  5
1087
330
1F
100
AcDbEntity
  8
0
  6
Continuous
 62
     7
370
    25
100
AcDbLine
 10
5.095
 20
-1.969
 30
0.0
 11
5.095
 21
-2.406
 31
0.0
  0
LINE
  5
1088
330
1F
100
AcDbEntity
  8
0
  6
Continuous
 62
     7
370
    25
100
AcDbLine
 10
5.095
 20
-2.406
 30
0.0
 11
5.532
 21
-2.406
 31
0.0
  0
LINE
  5
1089
330
1F
100
AcDbEntity
  8
0
  6
Continuous
 62
     7
370
    25
100
AcDbLine
 10
5.532
 20
-2.406
 30
0.0
 11
5.532
 21
-1.969
 31
0.0
  0
LINE
  5
108A
330
1F
100
AcDbEntity
  8
0
  6
Continuous
 62
     7
370
    25
100
AcDbLine
 10
6.157
 20
-1.969
 30
0.0
 11
5.72
 21
-1.969
 31
0.0
  0
LINE
  5
108B
330
1F
100
AcDbEntity
  8
0
  6
Continuous
 62
     7
370
    25
100
AcDbLine
 10
5.72
 20
-1.969
 30
0.0
 11
5.72
 21
-2.406
 31
0.0
  0
LINE
  5
108C
330
1F
100
AcDbEntity
  8
0
  6
Continuous
 62
     7
370
    25
100
AcDbLine
 10
5.72
 20
-2.406
 30
0.0
 11
6.157
 21
-2.406
 31
0.0
  0
LINE
  5
108D
330
1F
100
AcDbEntity
  8
0
  6
Continuous
 62
     7
370
    25
100
AcDbLine
 10
6.157
 20
-2.406
 30
0.0
 11
6.157
 21
-1.969
 31
0.0
  0
LINE
  5
108E
330
1F
100
AcDbEntity
  8
0
  6
Continuous
 62
     7
370
    25
100
AcDbLine
 10
5.532
 20
33.847
 30
0.0
 11
5.095
 21
33.847
 31
0.0
  0
LINE
  5
108F
330
1F
100
AcDbEntity
  8
0
  6
Continuous
 62
     7
370
    25
100
AcDbLine
 10
5.095
 20
33.847
 30
0.0
 11
5.095
 21
33.41
 31
0.0
  0
LINE
  5
1090
330
1F
100
AcDbEntity
  8
0
  6
Continuous
 62
     7
370
    25
100
AcDbLine
 10
5.095
 20
33.41
 30
0.0
 11
5.532
 21
33.41
 31
0.0
  0
LINE
  5
1091
330
1F
100
AcDbEntity
  8
0
  6
Continuous
 62
     7
370
    25
100
AcDbLine
 10
5.532
 20
33.41
 30
0.0
 11
5.532
 21
33.847
 31
0.0
  0
LINE
  5
1092
330
1F
100
AcDbEntity
  8
0
  6
Continuous
 62
     7
370
    25
100
AcDbLine
 10
-1.968
 20
-32.783
 30
0.0
 11
-2.405
 21
-32.783
 31
0.0
  0
LINE
  5
1093
330
1F
100
AcDbEntity
  8
0
  6
Continuous
 62
     7
370
    25
100
AcDbLine
 10
-2.405
 20
-32.783
 30
0.0
 11
-2.405
 21
-33.22
 31
0.0
  0
LINE
  5
1094
330
1F
100
AcDbEntity
  8
0
  6
Continuous
 62
     7
370
    25
100
AcDbLine
 10
-2.405
 20
-33.22
 30
0.0
 11
-1.968
 21
-33.22
 31
0.0
  0
LINE
  5
1095
330
1F
100
AcDbEntity
  8
0
  6
Continuous
 62
     7
370
    25
100
AcDbLine
 10
-1.968
 20
-33.22
 30
0.0
 11
-1.968
 21
-32.783
 31
0.0
  0
LINE
  5
1096
330
1F
100
AcDbEntity
  8
0
  6
Continuous
 62
     7
370
    25
100
AcDbLine
 10
-1.968
 20
3.031
 30
0.0
 11
-2.405
 21
3.031
 31
0.0
  0
LINE
  5
1097
330
1F
100
AcDbEntity
  8
0
  6
Continuous
 62
     7
370
    25
100
AcDbLine
 10
-2.405
 20
3.031
 30
0.0
 11
-2.405
 21
2.594
 31
0.0
  0
LINE
  5
1098
330
1F
100
AcDbEntity
  8
0
  6
Continuous
 62
     7
370
    25
100
AcDbLine
 10
-2.405
 20
2.594
 30
0.0
 11
-1.968
 21
2.594
 31
0.0
  0
LINE
  5
1099
330
1F
100
AcDbEntity
  8
0
  6
Continuous
 62
     7
370
    25
100
AcDbLine
 10
-1.968
 20
2.594
 30
0.0
 11
-1.968
 21
3.031
 31
0.0
  0
LINE
  5
109A
330
1F
100
AcDbEntity
  8
0
  6
Continuous
 62
     7
370
    25
100
AcDbLine
 10
-1.343
 20
3.031
 30
0.0
 11
-1.78
 21
3.031
 31
0.0
  0
LINE
  5
109B
330
1F
100
AcDbEntity
  8
0
  6
Continuous
 62
     7
370
    25
100
AcDbLine
 10
-1.78
 20
3.031
 30
0.0
 11
-1.78
 21
2.594
 31
0.0
  0
LINE
  5
109C
330
1F
100
AcDbEntity
  8
0
  6
Continuous
 62
     7
370
    25
100
AcDbLine
 10
-1.78
 20
2.594
 30
0.0
 11
-1.343
 21
2.594
 31
0.0
  0
LINE
  5
109D
330
1F
100
AcDbEntity
  8
0
  6
Continuous
 62
     7
370
    25
100
AcDbLine
 10
-1.343
 20
2.594
 30
0.0
 11
-1.343
 21
3.031
 31
0.0
  0
LINE
  5
109E
330
1F
100
AcDbEntity
  8
0
  6
Continuous
 62
     7
370
    25
100
AcDbLine
 10
-1.968
 20
38.847
 30
0.0
 11
-2.405
 21
38.847
 31
0.0
  0
LINE
  5
109F
330
1F
100
AcDbEntity
  8
0
  6
Continuous
 62
     7
370
    25
100
AcDbLine
 10
-2.405
 20
38.847
 30
0.0
 11
-2.405
 21
38.41
 31
0.0
  0
LINE
  5
10A0
330
1F
100
AcDbEntity
  8
0
  6
Continuous
 62
     7
370
    25
100
AcDbLine
 10
-2.405
 20
38.41
 30
0.0
 11
-1.968
 21
38.41
 31
0.0
  0
LINE
  5
10A1
330
1F
100
AcDbEntity
  8
0
  6
Continuous
 62
     7
370
    25
100
AcDbLine
 10
-1.968
 20
38.41
 30
0.0
 11
-1.968
 21
38.847
 31
0.0
  0
LINE
  5
10A2
330
1F
100
AcDbEntity
  8
0
  6
Continuous
 62
     7
370
    25
100
AcDbLine
 10
4.282
 20
-1.969
 30
0.0
 11
3.845
 21
-1.969
 31
0.0
  0
LINE
  5
10A3
330
1F
100
AcDbEntity
  8
0
  6
Continuous
 62
     7
370
    25
100
AcDbLine
 10
3.845
 20
-1.969
 30
0.0
 11
3.845
 21
-2.406
 31
0.0
  0
LINE
  5
10A4
330
1F
100
AcDbEntity
  8
0
  6
Continuous
 62
     7
370
    25
100
AcDbLine
 10
3.845
 20
-2.406
 30
0.0
 11
4.282
 21
-2.406
 31
0.0
  0
LINE
  5
10A5
330
1F
100
AcDbEntity
  8
0
  6
Continuous
 62
     7
370
    25
100
AcDbLine
 10
4.282
 20
-2.406
 30
0.0
 11
4.282
 21
-1.969
 31
0.0
  0
LINE
  5
10A6
330
1F
100
AcDbEntity
  8
0
  6
Continuous
 62
     7
370
    25
100
AcDbLine
 10
4.282
 20
-37.783
 30
0.0
 11
3.845
 21
-37.783
 31
0.0
  0
LINE
  5
10A7
330
1F
100
AcDbEntity
  8
0
  6
Continuous
 62
     7
370
    25
100
AcDbLine
 10
3.845
 20
-37.783
 30
0.0
 11
3.845
 21
-38.22
 31
0.0
  0
LINE
  5
10A8
330
1F
100
AcDbEntity
  8
0
  6
Continuous
 62
     7
370
    25
100
AcDbLine
 10
3.845
 20
-38.22
 30
0.0
 11
4.282
 21
-38.22
 31
0.0
  0
LINE
  5
10A9
330
1F
100
AcDbEntity
  8
0
  6
Continuous
 62
     7
370
    25
100
AcDbLine
 10
4.282
 20
-38.22
 30
0.0
 11
4.282
 21
-37.783
 31
0.0
  0
LINE
  5
10AA
330
1F
100
AcDbEntity
  8
0
  6
Continuous
 62
     7
370
    25
100
AcDbLine
 10
3.657
 20
-37.783
 30
0.0
 11
3.22
 21
-37.783
 31
0.0
  0
LINE
  5
10AB
330
1F
100
AcDbEntity
  8
0
  6
Continuous
 62
     7
370
    25
100
AcDbLine
 10
3.22
 20
-37.783
 30
0.0
 11
3.22
 21
-38.22
 31
0.0
  0
LINE
  5
10AC
330
1F
100
AcDbEntity
  8
0
  6
Continuous
 62
     7
370
    25
100
AcDbLine
 10
3.22
 20
-38.22
 30
0.0
 11
3.657
 21
-38.22
 31
0.0
  0
LINE
  5
10AD
330
1F
100
AcDbEntity
  8
0
  6
Continuous
 62
     7
370
    25
100
AcDbLine
 10
3.657
 20
-38.22
 30
0.0
 11
3.657
 21
-37.783
 31
0.0
  0
LINE
  5
10AE
330
1F
100
AcDbEntity
  8
0
  6
Continuous
 62
     7
370
    25
100
AcDbLine
 10
3.657
 20
33.847
 30
0.0
 11
3.22
 21
33.847
 31
0.0
  0
LINE
  5
10AF
330
1F
100
AcDbEntity
  8
0
  6
Continuous
 62
     7
370
    25
100
AcDbLine
 10
3.22
 20
33.847
 30
0.0
 11
3.22
 21
33.41
 31
0.0
  0
LINE
  5
10B0
330
1F
100
AcDbEntity
  8
0
  6
Continuous
 62
     7
370
    25
100
AcDbLine
 10
3.22
 20
33.41
 30
0.0
 11
3.657
 21
33.41
 31
0.0
  0
LINE
  5
10B1
330
1F
100
AcDbEntity
  8
0
  6
Continuous
 62
     7
370
    25
100
AcDbLine
 10
3.657
 20
33.41
 30
0.0
 11
3.657
 21
33.847
 31
0.0
  0
LINE
  5
10B2
330
1F
100
AcDbEntity
  8
0
  6
Continuous
 62
     7
370
    25
100
AcDbLine
 10
4.907
 20
-1.969
 30
0.0
 11
4.47
 21
-1.969
 31
0.0
  0
LINE
  5
10B3
330
1F
100
AcDbEntity
  8
0
  6
Continuous
 62
     7
370
    25
100
AcDbLine
 10
4.47
 20
-1.969
 30
0.0
 11
4.47
 21
-2.406
 31
0.0
  0
LINE
  5
10B4
330
1F
100
AcDbEntity
  8
0
  6
Continuous
 62
     7
370
    25
100
AcDbLine
 10
4.47
 20
-2.406
 30
0.0
 11
4.907
 21
-2.406
 31
0.0
  0
LINE
  5
10B5
330
1F
100
AcDbEntity
  8
0
  6
Continuous
 62
     7
370
    25
100
AcDbLine
 10
4.907
 20
-2.406
 30
0.0
 11
4.907
 21
-1.969
 31
0.0
  0
LINE
  5
10B6
330
1F
100
AcDbEntity
  8
0
  6
Continuous
 62
     7
370
    25
100
AcDbLine
 10
4.282
 20
33.847
 30
0.0
 11
3.845
 21
33.847
 31
0.0
  0
LINE
  5
10B7
330
1F
100
AcDbEntity
  8
0
  6
Continuous
 62
     7
370
    25
100
AcDbLine
 10
3.845
 20
33.847
 30
0.0
 11
3.845
 21
33.41
 31
0.0
  0
LINE
  5
10B8
330
1F
100
AcDbEntity
  8
0
  6
Continuous
 62
     7
370
    25
100
AcDbLine
 10
3.845
 20
33.41
 30
0.0
 11
4.282
 21
33.41
 31
0.0
  0
LINE
  5
10B9
330
1F
100
AcDbEntity
  8
0
  6
Continuous
 62
     7
370
    25
100
AcDbLine
 10
4.282
 20
33.41
 30
0.0
 11
4.282
 21
33.847
 31
0.0
  0
LINE
  5
10BA
330
1F
100
AcDbEntity
  8
0
  6
Continuous
 62
     7
370
    25
100
AcDbLine
 10
4.907
 20
33.847
 30
0.0
 11
4.47
 21
33.847
 31
0.0
  0
LINE
  5
10BB
330
1F
100
AcDbEntity
  8
0
  6
Continuous
 62
     7
370
    25
100
AcDbLine
 10
4.47
 20
33.847
 30
0.0
 11
4.47
 21
33.41
 31
0.0
  0
LINE
  5
10BC
330
1F
100
AcDbEntity
  8
0
  6
Continuous
 62
     7
370
    25
100
AcDbLine
 10
4.47
 20
33.41
 30
0.0
 11
4.907
 21
33.41
 31
0.0
  0
LINE
  5
10BD
330
1F
100
AcDbEntity
  8
0
  6
Continuous
 62
     7
370
    25
100
AcDbLine
 10
4.907
 20
33.41
 30
0.0
 11
4.907
 21
33.847
 31
0.0
  0
LINE
  5
10BE
330
1F
100
AcDbEntity
  8
0
  6
Continuous
 62
     7
370
    25
100
AcDbLine
 10
4.907
 20
-37.783
 30
0.0
 11
4.47
 21
-37.783
 31
0.0
  0
LINE
  5
10BF
330
1F
100
AcDbEntity
  8
0
  6
Continuous
 62
     7
370
    25
100
AcDbLine
 10
4.47
 20
-37.783
 30
0.0
 11
4.47
 21
-38.22
 31
0.0
  0
LINE
  5
10C0
330
1F
100
AcDbEntity
  8
0
  6
Continuous
 62
     7
370
    25
100
AcDbLine
 10
4.47
 20
-38.22
 30
0.0
 11
4.907
 21
-38.22
 31
0.0
  0
LINE
  5
10C1
330
1F
100
AcDbEntity
  8
0
  6
Continuous
 62
     7
370
    25
100
AcDbLine
 10
4.907
 20
-38.22
 30
0.0
 11
4.907
 21
-37.783
 31
0.0
  0
LINE
  5
10C2
330
1F
100
AcDbEntity
  8
0
  6
Continuous
 62
     7
370
    25
100
AcDbLine
 10
2.407
 20
-1.969
 30
0.0
 11
1.97
 21
-1.969
 31
0.0
  0
LINE
  5
10C3
330
1F
100
AcDbEntity
  8
0
  6
Continuous
 62
     7
370
    25
100
AcDbLine
 10
1.97
 20
-1.969
 30
0.0
 11
1.97
 21
-2.406
 31
0.0
  0
LINE
  5
10C4
330
1F
100
AcDbEntity
  8
0
  6
Continuous
 62
     7
370
    25
100
AcDbLine
 10
1.97
 20
-2.406
 30
0.0
 11
2.407
 21
-2.406
 31
0.0
  0
LINE
  5
10C5
330
1F
100
AcDbEntity
  8
0
  6
Continuous
 62
     7
370
    25
100
AcDbLine
 10
2.407
 20
-2.406
 30
0.0
 11
2.407
 21
-1.969
 31
0.0
  0
LINE
  5
10C6
330
1F
100
AcDbEntity
  8
0
  6
Continuous
 62
     7
370
    25
100
AcDbLine
 10
1.782
 20
33.847
 30
0.0
 11
1.345
 21
33.847
 31
0.0
  0
LINE
  5
10C7
330
1F
100
AcDbEntity
  8
0
  6
Continuous
 62
     7
370
    25
100
AcDbLine
 10
1.345
 20
33.847
 30
0.0
 11
1.345
 21
33.41
 31
0.0
  0
LINE
  5
10C8
330
1F
100
AcDbEntity
  8
0
  6
Continuous
 62
     7
370
    25
100
AcDbLine
 10
1.345
 20
33.41
 30
0.0
 11
1.782
 21
33.41
 31
0.0
  0
LINE
  5
10C9
330
1F
100
AcDbEntity
  8
0
  6
Continuous
 62
     7
370
    25
100
AcDbLine
 10
1.782
 20
33.41
 30
0.0
 11
1.782
 21
33.847
 31
0.0
  0
LINE
  5
10CA
330
1F
100
AcDbEntity
  8
0
  6
Continuous
 62
     7
370
    25
100
AcDbLine
 10
2.407
 20
33.847
 30
0.0
 11
1.97
 21
33.847
 31
0.0
  0
LINE
  5
10CB
330
1F
100
AcDbEntity
  8
0
  6
Continuous
 62
     7
370
    25
100
AcDbLine
 10
1.97
 20
33.847
 30
0.0
 11
1.97
 21
33.41
 31
0.0
  0
LINE
  5
10CC
330
1F
100
AcDbEntity
  8
0
  6
Continuous
 62
     7
370
    25
100
AcDbLine
 10
1.97
 20
33.41
 30
0.0
 11
2.407
 21
33.41
 31
0.0
  0
LINE
  5
10CD
330
1F
100
AcDbEntity
  8
0
  6
Continuous
 62
     7
370
    25
100
AcDbLine
 10
2.407
 20
33.41
 30
0.0
 11
2.407
 21
33.847
 31
0.0
  0
LINE
  5
10CE
330
1F
100
AcDbEntity
  8
0
  6
Continuous
 62
     7
370
    25
100
AcDbLine
 10
2.407
 20
-37.783
 30
0.0
 11
1.97
 21
-37.783
 31
0.0
  0
LINE
  5
10CF
330
1F
100
AcDbEntity
  8
0
  6
Continuous
 62
     7
370
    25
100
AcDbLine
 10
1.97
 20
-37.783
 30
0.0
 11
1.97
 21
-38.22
 31
0.0
  0
LINE
  5
10D0
330
1F
100
AcDbEntity
  8
0
  6
Continuous
 62
     7
370
    25
100
AcDbLine
 10
1.97
 20
-38.22
 30
0.0
 11
2.407
 21
-38.22
 31
0.0
  0
LINE
  5
10D1
330
1F
100
AcDbEntity
  8
0
  6
Continuous
 62
     7
370
    25
100
AcDbLine
 10
2.407
 20
-38.22
 30
0.0
 11
2.407
 21
-37.783
 31
0.0
  0
LINE
  5
10D2
330
1F
100
AcDbEntity
  8
0
  6
Continuous
 62
     7
370
    25
100
AcDbLine
 10
-3.218
 20
-1.969
 30
0.0
 11
-3.655
 21
-1.969
 31
0.0
  0
LINE
  5
10D3
330
1F
100
AcDbEntity
  8
0
  6
Continuous
 62
     7
370
    25
100
AcDbLine
 10
-3.655
 20
-1.969
 30
0.0
 11
-3.655
 21
-2.406
 31
0.0
  0
LINE
  5
10D4
330
1F
100
AcDbEntity
  8
0
  6
Continuous
 62
     7
370
    25
100
AcDbLine
 10
-3.655
 20
-2.406
 30
0.0
 11
-3.218
 21
-2.406
 31
0.0
  0
LINE
  5
10D5
330
1F
100
AcDbEntity
  8
0
  6
Continuous
 62
     7
370
    25
100
AcDbLine
 10
-3.218
 20
-2.406
 30
0.0
 11
-3.218
 21
-1.969
 31
0.0
  0
LINE
  5
10D6
330
1F
100
AcDbEntity
  8
0
  6
Continuous
 62
     7
370
    25
100
AcDbLine
 10
-3.218
 20
-37.783
 30
0.0
 11
-3.655
 21
-37.783
 31
0.0
  0
LINE
  5
10D7
330
1F
100
AcDbEntity
  8
0
  6
Continuous
 62
     7
370
    25
100
AcDbLine
 10
-3.655
 20
-37.783
 30
0.0
 11
-3.655
 21
-38.22
 31
0.0
  0
LINE
  5
10D8
330
1F
100
AcDbEntity
  8
0
  6
Continuous
 62
     7
370
    25
100
AcDbLine
 10
-3.655
 20
-38.22
 30
0.0
 11
-3.218
 21
-38.22
 31
0.0
  0
LINE
  5
10D9
330
1F
100
AcDbEntity
  8
0
  6
Continuous
 62
     7
370
    25
100
AcDbLine
 10
-3.218
 20
-38.22
 30
0.0
 11
-3.218
 21
-37.783
 31
0.0
  0
LINE
  5
10DA
330
1F
100
AcDbEntity
  8
0
  6
Continuous
 62
     7
370
    25
100
AcDbLine
 10
-3.843
 20
-37.783
 30
0.0
 11
-4.28
 21
-37.783
 31
0.0
  0
LINE
  5
10DB
330
1F
100
AcDbEntity
  8
0
  6
Continuous
 62
     7
370
    25
100
AcDbLine
 10
-4.28
 20
-37.783
 30
0.0
 11
-4.28
 21
-38.22
 31
0.0
  0
LINE
  5
10DC
330
1F
100
AcDbEntity
  8
0
  6
Continuous
 62
     7
370
    25
100
AcDbLine
 10
-4.28
 20
-38.22
 30
0.0
 11
-3.843
 21
-38.22
 31
0.0
  0
LINE
  5
10DD
330
1F
100
AcDbEntity
  8
0
  6
Continuous
 62
     7
370
    25
100
AcDbLine
 10
-3.843
 20
-38.22
 30
0.0
 11
-3.843
 21
-37.783
 31
0.0
  0
LINE
  5
10DE
330
1F
100
AcDbEntity
  8
0
  6
Continuous
 62
     7
370
    25
100
AcDbLine
 10
-3.843
 20
33.847
 30
0.0
 11
-4.28
 21
33.847
 31
0.0
  0
LINE
  5
10DF
330
1F
100
AcDbEntity
  8
0
  6
Continuous
 62
     7
370
    25
100
AcDbLine
 10
-4.28
 20
33.847
 30
0.0
 11
-4.28
 21
33.41
 31
0.0
  0
LINE
  5
10E0
330
1F
100
AcDbEntity
  8
0
  6
Continuous
 62
     7
370
    25
100
AcDbLine
 10
-4.28
 20
33.41
 30
0.0
 11
-3.843
 21
33.41
 31
0.0
  0
LINE
  5
10E1
330
1F
100
AcDbEntity
  8
0
  6
Continuous
 62
     7
370
    25
100
AcDbLine
 10
-3.843
 20
33.41
 30
0.0
 11
-3.843
 21
33.847
 31
0.0
  0
LINE
  5
10E2
330
1F
100
AcDbEntity
  8
0
  6
Continuous
 62
     7
370
    25
100
AcDbLine
 10
0.532
 20
-37.783
 30
0.0
 11
0.095
 21
-37.783
 31
0.0
  0
LINE
  5
10E3
330
1F
100
AcDbEntity
  8
0
  6
Continuous
 62
     7
370
    25
100
AcDbLine
 10
0.095
 20
-37.783
 30
0.0
 11
0.095
 21
-38.22
 31
0.0
  0
LINE
  5
10E4
330
1F
100
AcDbEntity
  8
0
  6
Continuous
 62
     7
370
    25
100
AcDbLine
 10
0.095
 20
-38.22
 30
0.0
 11
0.532
 21
-38.22
 31
0.0
  0
LINE
  5
10E5
330
1F
100
AcDbEntity
  8
0
  6
Continuous
 62
     7
370
    25
100
AcDbLine
 10
0.532
 20
-38.22
 30
0.0
 11
0.532
 21
-37.783
 31
0.0
  0
LINE
  5
10E6
330
1F
100
AcDbEntity
  8
0
  6
Continuous
 62
     7
370
    25
100
AcDbLine
 10
0.532
 20
-1.969
 30
0.0
 11
0.095
 21
-1.969
 31
0.0
  0
LINE
  5
10E7
330
1F
100
AcDbEntity
  8
0
  6
Continuous
 62
     7
370
    25
100
AcDbLine
 10
0.095
 20
-1.969
 30
0.0
 11
0.095
 21
-2.406
 31
0.0
  0
LINE
  5
10E8
330
1F
100
AcDbEntity
  8
0
  6
Continuous
 62
     7
370
    25
100
AcDbLine
 10
0.095
 20
-2.406
 30
0.0
 11
0.532
 21
-2.406
 31
0.0
  0
LINE
  5
10E9
330
1F
100
AcDbEntity
  8
0
  6
Continuous
 62
     7
370
    25
100
AcDbLine
 10
0.532
 20
-2.406
 30
0.0
 11
0.532
 21
-1.969
 31
0.0
  0
LINE
  5
10EA
330
1F
100
AcDbEntity
  8
0
  6
Continuous
 62
     7
370
    25
100
AcDbLine
 10
1.157
 20
-1.969
 30
0.0
 11
0.72
 21
-1.969
 31
0.0
  0
LINE
  5
10EB
330
1F
100
AcDbEntity
  8
0
  6
Continuous
 62
     7
370
    25
100
AcDbLine
 10
0.72
 20
-1.969
 30
0.0
 11
0.72
 21
-2.406
 31
0.0
  0
LINE
  5
10EC
330
1F
100
AcDbEntity
  8
0
  6
Continuous
 62
     7
370
    25
100
AcDbLine
 10
0.72
 20
-2.406
 30
0.0
 11
1.157
 21
-2.406
 31
0.0
  0
LINE
  5
10ED
330
1F
100
AcDbEntity
  8
0
  6
Continuous
 62
     7
370
    25
100
AcDbLine
 10
1.157
 20
-2.406
 30
0.0
 11
1.157
 21
-1.969
 31
0.0
  0
LINE
  5
10EE
330
1F
100
AcDbEntity
  8
0
  6
Continuous
 62
     7
370
    25
100
AcDbLine
 10
0.532
 20
33.847
 30
0.0
 11
0.095
 21
33.847
 31
0.0
  0
LINE
  5
10EF
330
1F
100
AcDbEntity
  8
0
  6
Continuous
 62
     7
370
    25
100
AcDbLine
 10
0.095
 20
33.847
 30
0.0
 11
0.095
 21
33.41
 31
0.0
  0
LINE
  5
10F0
330
1F
100
AcDbEntity
  8
0
  6
Continuous
 62
     7
370
    25
100
AcDbLine
 10
0.095
 20
33.41
 30
0.0
 11
0.532
 21
33.41
 31
0.0
  0
LINE
  5
10F1
330
1F
100
AcDbEntity
  8
0
  6
Continuous
 62
     7
370
    25
100
AcDbLine
 10
0.532
 20
33.41
 30
0.0
 11
0.532
 21
33.847
 31
0.0
  0
LINE
  5
10F2
330
1F
100
AcDbEntity
  8
0
  6
Continuous
 62
     7
370
    25
100
AcDbLine
 10
1.782
 20
-1.969
 30
0.0
 11
1.345
 21
-1.969
 31
0.0
  0
LINE
  5
10F3
330
1F
100
AcDbEntity
  8
0
  6
Continuous
 62
     7
370
    25
100
AcDbLine
 10
1.345
 20
-1.969
 30
0.0
 11
1.345
 21
-2.406
 31
0.0
  0
LINE
  5
10F4
330
1F
100
AcDbEntity
  8
0
  6
Continuous
 62
     7
370
    25
100
AcDbLine
 10
1.345
 20
-2.406
 30
0.0
 11
1.782
 21
-2.406
 31
0.0
  0
LINE
  5
10F5
330
1F
100
AcDbEntity
  8
0
  6
Continuous
 62
     7
370
    25
100
AcDbLine
 10
1.782
 20
-2.406
 30
0.0
 11
1.782
 21
-1.969
 31
0.0
  0
LINE
  5
10F6
330
1F
100
AcDbEntity
  8
0
  6
Continuous
 62
     7
370
    25
100
AcDbLine
 10
1.782
 20
-37.783
 30
0.0
 11
1.345
 21
-37.783
 31
0.0
  0
LINE
  5
10F7
330
1F
100
AcDbEntity
  8
0
  6
Continuous
 62
     7
370
    25
100
AcDbLine
 10
1.345
 20
-37.783
 30
0.0
 11
1.345
 21
-38.22
 31
0.0
  0
LINE
  5
10F8
330
1F
100
AcDbEntity
  8
0
  6
Continuous
 62
     7
370
    25
100
AcDbLine
 10
1.345
 20
-38.22
 30
0.0
 11
1.782
 21
-38.22
 31
0.0
  0
LINE
  5
10F9
330
1F
100
AcDbEntity
  8
0
  6
Continuous
 62
     7
370
    25
100
AcDbLine
 10
1.782
 20
-38.22
 30
0.0
 11
1.782
 21
-37.783
 31
0.0
  0
LINE
  5
10FA
330
1F
100
AcDbEntity
  8
0
  6
Continuous
 62
     7
370
    25
100
AcDbLine
 10
1.157
 20
-37.783
 30
0.0
 11
0.72
 21
-37.783
 31
0.0
  0
LINE
  5
10FB
330
1F
100
AcDbEntity
  8
0
  6
Continuous
 62
     7
370
    25
100
AcDbLine
 10
0.72
 20
-37.783
 30
0.0
 11
0.72
 21
-38.22
 31
0.0
  0
LINE
  5
10FC
330
1F
100
AcDbEntity
  8
0
  6
Continuous
 62
     7
370
    25
100
AcDbLine
 10
0.72
 20
-38.22
 30
0.0
 11
1.157
 21
-38.22
 31
0.0
  0
LINE
  5
10FD
330
1F
100
AcDbEntity
  8
0
  6
Continuous
 62
     7
370
    25
100
AcDbLine
 10
1.157
 20
-38.22
 30
0.0
 11
1.157
 21
-37.783
 31
0.0
  0
LINE
  5
10FE
330
1F
100
AcDbEntity
  8
0
  6
Continuous
 62
     7
370
    25
100
AcDbLine
 10
1.157
 20
33.847
 30
0.0
 11
0.72
 21
33.847
 31
0.0
  0
LINE
  5
10FF
330
1F
100
AcDbEntity
  8
0
  6
Continuous
 62
     7
370
    25
100
AcDbLine
 10
0.72
 20
33.847
 30
0.0
 11
0.72
 21
33.41
 31
0.0
  0
LINE
  5
1100
330
1F
100
AcDbEntity
  8
0
  6
Continuous
 62
     7
370
    25
100
AcDbLine
 10
0.72
 20
33.41
 30
0.0
 11
1.157
 21
33.41
 31
0.0
  0
LINE
  5
1101
330
1F
100
AcDbEntity
  8
0
  6
Continuous
 62
     7
370
    25
100
AcDbLine
 10
1.157
 20
33.41
 30
0.0
 11
1.157
 21
33.847
 31
0.0
  0
LINE
  5
1102
330
1F
100
AcDbEntity
  8
0
  6
Continuous
 62
     7
370
    25
100
AcDbLine
 10
-0.718
 20
-1.969
 30
0.0
 11
-1.155
 21
-1.969
 31
0.0
  0
LINE
  5
1103
330
1F
100
AcDbEntity
  8
0
  6
Continuous
 62
     7
370
    25
100
AcDbLine
 10
-1.155
 20
-1.969
 30
0.0
 11
-1.155
 21
-2.406
 31
0.0
  0
LINE
  5
1104
330
1F
100
AcDbEntity
  8
0
  6
Continuous
 62
     7
370
    25
100
AcDbLine
 10
-1.155
 20
-2.406
 30
0.0
 11
-0.718
 21
-2.406
 31
0.0
  0
LINE
  5
1105
330
1F
100
AcDbEntity
  8
0
  6
Continuous
 62
     7
370
    25
100
AcDbLine
 10
-0.718
 20
-2.406
 30
0.0
 11
-0.718
 21
-1.969
 31
0.0
  0
LINE
  5
1106
330
1F
100
AcDbEntity
  8
0
  6
Continuous
 62
     7
370
    25
100
AcDbLine
 10
-0.718
 20
-37.783
 30
0.0
 11
-1.155
 21
-37.783
 31
0.0
  0
LINE
  5
1107
330
1F
100
AcDbEntity
  8
0
  6
Continuous
 62
     7
370
    25
100
AcDbLine
 10
-1.155
 20
-37.783
 30
0.0
 11
-1.155
 21
-38.22
 31
0.0
  0
LINE
  5
1108
330
1F
100
AcDbEntity
  8
0
  6
Continuous
 62
     7
370
    25
100
AcDbLine
 10
-1.155
 20
-38.22
 30
0.0
 11
-0.718
 21
-38.22
 31
0.0
  0
LINE
  5
1109
330
1F
100
AcDbEntity
  8
0
  6
Continuous
 62
     7
370
    25
100
AcDbLine
 10
-0.718
 20
-38.22
 30
0.0
 11
-0.718
 21
-37.783
 31
0.0
  0
LINE
  5
110A
330
1F
100
AcDbEntity
  8
0
  6
Continuous
 62
     7
370
    25
100
AcDbLine
 10
-1.343
 20
-37.783
 30
0.0
 11
-1.78
 21
-37.783
 31
0.0
  0
LINE
  5
110B
330
1F
100
AcDbEntity
  8
0
  6
Continuous
 62
     7
370
    25
100
AcDbLine
 10
-1.78
 20
-37.783
 30
0.0
 11
-1.78
 21
-38.22
 31
0.0
  0
LINE
  5
110C
330
1F
100
AcDbEntity
  8
0
  6
Continuous
 62
     7
370
    25
100
AcDbLine
 10
-1.78
 20
-38.22
 30
0.0
 11
-1.343
 21
-38.22
 31
0.0
  0
LINE
  5
110D
330
1F
100
AcDbEntity
  8
0
  6
Continuous
 62
     7
370
    25
100
AcDbLine
 10
-1.343
 20
-38.22
 30
0.0
 11
-1.343
 21
-37.783
 31
0.0
  0
LINE
  5
110E
330
1F
100
AcDbEntity
  8
0
  6
Continuous
 62
     7
370
    25
100
AcDbLine
 10
-1.343
 20
33.847
 30
0.0
 11
-1.78
 21
33.847
 31
0.0
  0
LINE
  5
110F
330
1F
100
AcDbEntity
  8
0
  6
Continuous
 62
     7
370
    25
100
AcDbLine
 10
-1.78
 20
33.847
 30
0.0
 11
-1.78
 21
33.41
 31
0.0
  0
LINE
  5
1110
330
1F
100
AcDbEntity
  8
0
  6
Continuous
 62
     7
370
    25
100
AcDbLine
 10
-1.78
 20
33.41
 30
0.0
 11
-1.343
 21
33.41
 31
0.0
  0
LINE
  5
1111
330
1F
100
AcDbEntity
  8
0
  6
Continuous
 62
     7
370
    25
100
AcDbLine
 10
-1.343
 20
33.41
 30
0.0
 11
-1.343
 21
33.847
 31
0.0
  0
LINE
  5
1112
330
1F
100
AcDbEntity
  8
0
  6
Continuous
 62
     7
370
    25
100
AcDbLine
 10
-2.593
 20
-37.783
 30
0.0
 11
-3.03
 21
-37.783
 31
0.0
  0
LINE
  5
1113
330
1F
100
AcDbEntity
  8
0
  6
Continuous
 62
     7
370
    25
100
AcDbLine
 10
-3.03
 20
-37.783
 30
0.0
 11
-3.03
 21
-38.22
 31
0.0
  0
LINE
  5
1114
330
1F
100
AcDbEntity
  8
0
  6
Continuous
 62
     7
370
    25
100
AcDbLine
 10
-3.03
 20
-38.22
 30
0.0
 11
-2.593
 21
-38.22
 31
0.0
  0
LINE
  5
1115
330
1F
100
AcDbEntity
  8
0
  6
Continuous
 62
     7
370
    25
100
AcDbLine
 10
-2.593
 20
-38.22
 30
0.0
 11
-2.593
 21
-37.783
 31
0.0
  0
LINE
  5
1116
330
1F
100
AcDbEntity
  8
0
  6
Continuous
 62
     7
370
    25
100
AcDbLine
 10
-2.593
 20
33.847
 30
0.0
 11
-3.03
 21
33.847
 31
0.0
  0
LINE
  5
1117
330
1F
100
AcDbEntity
  8
0
  6
Continuous
 62
     7
370
    25
100
AcDbLine
 10
-3.03
 20
33.847
 30
0.0
 11
-3.03
 21
33.41
 31
0.0
  0
LINE
  5
1118
330
1F
100
AcDbEntity
  8
0
  6
Continuous
 62
     7
370
    25
100
AcDbLine
 10
-3.03
 20
33.41
 30
0.0
 11
-2.593
 21
33.41
 31
0.0
  0
LINE
  5
1119
330
1F
100
AcDbEntity
  8
0
  6
Continuous
 62
     7
370
    25
100
AcDbLine
 10
-2.593
 20
33.41
 30
0.0
 11
-2.593
 21
33.847
 31
0.0
  0
LINE
  5
111A
330
1F
100
AcDbEntity
  8
0
  6
Continuous
 62
     7
370
    25
100
AcDbLine
 10
-3.218
 20
33.847
 30
0.0
 11
-3.655
 21
33.847
 31
0.0
  0
LINE
  5
111B
330
1F
100
AcDbEntity
  8
0
  6
Continuous
 62
     7
370
    25
100
AcDbLine
 10
-3.655
 20
33.847
 30
0.0
 11
-3.655
 21
33.41
 31
0.0
  0
LINE
  5
111C
330
1F
100
AcDbEntity
  8
0
  6
Continuous
 62
     7
370
    25
100
AcDbLine
 10
-3.655
 20
33.41
 30
0.0
 11
-3.218
 21
33.41
 31
0.0
  0
LINE
  5
111D
330
1F
100
AcDbEntity
  8
0
  6
Continuous
 62
     7
370
    25
100
AcDbLine
 10
-3.218
 20
33.41
 30
0.0
 11
-3.218
 21
33.847
 31
0.0
  0
LINE
  5
111E
330
1F
100
AcDbEntity
  8
0
  6
Continuous
 62
     7
370
    25
100
AcDbLine
 10
-2.593
 20
-1.969
 30
0.0
 11
-3.03
 21
-1.969
 31
0.0
  0
LINE
  5
111F
330
1F
100
AcDbEntity
  8
0
  6
Continuous
 62
     7
370
    25
100
AcDbLine
 10
-3.03
 20
-1.969
 30
0.0
 11
-3.03
 21
-2.406
 31
0.0
  0
LINE
  5
1120
330
1F
100
AcDbEntity
  8
0
  6
Continuous
 62
     7
370
    25
100
AcDbLine
 10
-3.03
 20
-2.406
 30
0.0
 11
-2.593
 21
-2.406
 31
0.0
  0
LINE
  5
1121
330
1F
100
AcDbEntity
  8
0
  6
Continuous
 62
     7
370
    25
100
AcDbLine
 10
-2.593
 20
-2.406
 30
0.0
 11
-2.593
 21
-1.969
 31
0.0
  0
LINE
  5
1122
330
1F
100
AcDbEntity
  8
0
  6
Continuous
 62
     7
370
    25
100
AcDbLine
 10
6.157
 20
33.847
 30
0.0
 11
5.72
 21
33.847
 31
0.0
  0
LINE
  5
1123
330
1F
100
AcDbEntity
  8
0
  6
Continuous
 62
     7
370
    25
100
AcDbLine
 10
5.72
 20
33.847
 30
0.0
 11
5.72
 21
33.41
 31
0.0
  0
LINE
  5
1124
330
1F
100
AcDbEntity
  8
0
  6
Continuous
 62
     7
370
    25
100
AcDbLine
 10
5.72
 20
33.41
 30
0.0
 11
6.157
 21
33.41
 31
0.0
  0
LINE
  5
1125
330
1F
100
AcDbEntity
  8
0
  6
Continuous
 62
     7
370
    25
100
AcDbLine
 10
6.157
 20
33.41
 30
0.0
 11
6.157
 21
33.847
 31
0.0
  0
LINE
  5
1126
330
1F
100
AcDbEntity
  8
0
  6
Continuous
 62
     7
370
    25
100
AcDbLine
 10
6.157
 20
-37.783
 30
0.0
 11
5.72
 21
-37.783
 31
0.0
  0
LINE
  5
1127
330
1F
100
AcDbEntity
  8
0
  6
Continuous
 62
     7
370
    25
100
AcDbLine
 10
5.72
 20
-37.783
 30
0.0
 11
5.72
 21
-38.22
 31
0.0
  0
LINE
  5
1128
330
1F
100
AcDbEntity
  8
0
  6
Continuous
 62
     7
370
    25
100
AcDbLine
 10
5.72
 20
-38.22
 30
0.0
 11
6.157
 21
-38.22
 31
0.0
  0
LINE
  5
1129
330
1F
100
AcDbEntity
  8
0
  6
Continuous
 62
     7
370
    25
100
AcDbLine
 10
6.157
 20
-38.22
 30
0.0
 11
6.157
 21
-37.783
 31
0.0
  0
LINE
  5
112A
330
1F
100
AcDbEntity
  8
0
  6
Continuous
 62
     7
370
    25
100
AcDbLine
 10
-5.093
 20
-37.158
 30
0.0
 11
-5.53
 21
-37.158
 31
0.0
  0
LINE
  5
112B
330
1F
100
AcDbEntity
  8
0
  6
Continuous
 62
     7
370
    25
100
AcDbLine
 10
-5.53
 20
-37.158
 30
0.0
 11
-5.53
 21
-37.595
 31
0.0
  0
LINE
  5
112C
330
1F
100
AcDbEntity
  8
0
  6
Continuous
 62
     7
370
    25
100
AcDbLine
 10
-5.53
 20
-37.595
 30
0.0
 11
-5.093
 21
-37.595
 31
0.0
  0
LINE
  5
112D
330
1F
100
AcDbEntity
  8
0
  6
Continuous
 62
     7
370
    25
100
AcDbLine
 10
-5.093
 20
-37.595
 30
0.0
 11
-5.093
 21
-37.158
 31
0.0
  0
LINE
  5
112E
330
1F
100
AcDbEntity
  8
0
  6
Continuous
 62
     7
370
    25
100
AcDbLine
 10
-5.093
 20
-1.344
 30
0.0
 11
-5.53
 21
-1.344
 31
0.0
  0
LINE
  5
112F
330
1F
100
AcDbEntity
  8
0
  6
Continuous
 62
     7
370
    25
100
AcDbLine
 10
-5.53
 20
-1.344
 30
0.0
 11
-5.53
 21
-1.781
 31
0.0
  0
LINE
  5
1130
330
1F
100
AcDbEntity
  8
0
  6
Continuous
 62
     7
370
    25
100
AcDbLine
 10
-5.53
 20
-1.781
 30
0.0
 11
-5.093
 21
-1.781
 31
0.0
  0
LINE
  5
1131
330
1F
100
AcDbEntity
  8
0
  6
Continuous
 62
     7
370
    25
100
AcDbLine
 10
-5.093
 20
-1.781
 30
0.0
 11
-5.093
 21
-1.344
 31
0.0
  0
LINE
  5
1132
330
1F
100
AcDbEntity
  8
0
  6
Continuous
 62
     7
370
    25
100
AcDbLine
 10
-1.968
 20
-37.783
 30
0.0
 11
-2.405
 21
-37.783
 31
0.0
  0
LINE
  5
1133
330
1F
100
AcDbEntity
  8
0
  6
Continuous
 62
     7
370
    25
100
AcDbLine
 10
-2.405
 20
-37.783
 30
0.0
 11
-2.405
 21
-38.22
 31
0.0
  0
LINE
  5
1134
330
1F
100
AcDbEntity
  8
0
  6
Continuous
 62
     7
370
    25
100
AcDbLine
 10
-2.405
 20
-38.22
 30
0.0
 11
-1.968
 21
-38.22
 31
0.0
  0
LINE
  5
1135
330
1F
100
AcDbEntity
  8
0
  6
Continuous
 62
     7
370
    25
100
AcDbLine
 10
-1.968
 20
-38.22
 30
0.0
 11
-1.968
 21
-37.783
 31
0.0
  0
LINE
  5
1136
330
1F
100
AcDbEntity
  8
0
  6
Continuous
 62
     7
370
    25
100
AcDbLine
 10
-1.968
 20
-1.969
 30
0.0
 11
-2.405
 21
-1.969
 31
0.0
  0
LINE
  5
1137
330
1F
100
AcDbEntity
  8
0
  6
Continuous
 62
     7
370
    25
100
AcDbLine
 10
-2.405
 20
-1.969
 30
0.0
 11
-2.405
 21
-2.406
 31
0.0
  0
LINE
  5
1138
330
1F
100
AcDbEntity
  8
0
  6
Continuous
 62
     7
370
    25
100
AcDbLine
 10
-2.405
 20
-2.406
 30
0.0
 11
-1.968
 21
-2.406
 31
0.0
  0
LINE
  5
1139
330
1F
100
AcDbEntity
  8
0
  6
Continuous
 62
     7
370
    25
100
AcDbLine
 10
-1.968
 20
-2.406
 30
0.0
 11
-1.968
 21
-1.969
 31
0.0
  0
LINE
  5
113A
330
1F
100
AcDbEntity
  8
0
  6
Continuous
 62
     7
370
    25
100
AcDbLine
 10
-1.343
 20
-1.969
 30
0.0
 11
-1.78
 21
-1.969
 31
0.0
  0
LINE
  5
113B
330
1F
100
AcDbEntity
  8
0
  6
Continuous
 62
     7
370
    25
100
AcDbLine
 10
-1.78
 20
-1.969
 30
0.0
 11
-1.78
 21
-2.406
 31
0.0
  0
LINE
  5
113C
330
1F
100
AcDbEntity
  8
0
  6
Continuous
 62
     7
370
    25
100
AcDbLine
 10
-1.78
 20
-2.406
 30
0.0
 11
-1.343
 21
-2.406
 31
0.0
  0
LINE
  5
113D
330
1F
100
AcDbEntity
  8
0
  6
Continuous
 62
     7
370
    25
100
AcDbLine
 10
-1.343
 20
-2.406
 30
0.0
 11
-1.343
 21
-1.969
 31
0.0
  0
LINE
  5
113E
330
1F
100
AcDbEntity
  8
0
  6
Continuous
 62
     7
370
    25
100
AcDbLine
 10
-1.968
 20
33.847
 30
0.0
 11
-2.405
 21
33.847
 31
0.0
  0
LINE
  5
113F
330
1F
100
AcDbEntity
  8
0
  6
Continuous
 62
     7
370
    25
100
AcDbLine
 10
-2.405
 20
33.847
 30
0.0
 11
-2.405
 21
33.41
 31
0.0
  0
LINE
  5
1140
330
1F
100
AcDbEntity
  8
0
  6
Continuous
 62
     7
370
    25
100
AcDbLine
 10
-2.405
 20
33.41
 30
0.0
 11
-1.968
 21
33.41
 31
0.0
  0
LINE
  5
1141
330
1F
100
AcDbEntity
  8
0
  6
Continuous
 62
     7
370
    25
100
AcDbLine
 10
-1.968
 20
33.41
 30
0.0
 11
-1.968
 21
33.847
 31
0.0
  0
LINE
  5
1142
330
1F
100
AcDbEntity
  8
0
  6
Continuous
 62
     7
370
    25
100
AcDbLine
 10
-4.468
 20
-37.783
 30
0.0
 11
-4.905
 21
-37.783
 31
0.0
  0
LINE
  5
1143
330
1F
100
AcDbEntity
  8
0
  6
Continuous
 62
     7
370
    25
100
AcDbLine
 10
-4.905
 20
-37.783
 30
0.0
 11
-4.905
 21
-38.22
 31
0.0
  0
LINE
  5
1144
330
1F
100
AcDbEntity
  8
0
  6
Continuous
 62
     7
370
    25
100
AcDbLine
 10
-4.905
 20
-38.22
 30
0.0
 11
-4.468
 21
-38.22
 31
0.0
  0
LINE
  5
1145
330
1F
100
AcDbEntity
  8
0
  6
Continuous
 62
     7
370
    25
100
AcDbLine
 10
-4.468
 20
-38.22
 30
0.0
 11
-4.468
 21
-37.783
 31
0.0
  0
LINE
  5
1146
330
1F
100
AcDbEntity
  8
0
  6
Continuous
 62
     7
370
    25
100
AcDbLine
 10
-4.468
 20
-1.969
 30
0.0
 11
-4.905
 21
-1.969
 31
0.0
  0
LINE
  5
1147
330
1F
100
AcDbEntity
  8
0
  6
Continuous
 62
     7
370
    25
100
AcDbLine
 10
-4.905
 20
-1.969
 30
0.0
 11
-4.905
 21
-2.406
 31
0.0
  0
LINE
  5
1148
330
1F
100
AcDbEntity
  8
0
  6
Continuous
 62
     7
370
    25
100
AcDbLine
 10
-4.905
 20
-2.406
 30
0.0
 11
-4.468
 21
-2.406
 31
0.0
  0
LINE
  5
1149
330
1F
100
AcDbEntity
  8
0
  6
Continuous
 62
     7
370
    25
100
AcDbLine
 10
-4.468
 20
-2.406
 30
0.0
 11
-4.468
 21
-1.969
 31
0.0
  0
LINE
  5
114A
330
1F
100
AcDbEntity
  8
0
  6
Continuous
 62
     7
370
    25
100
AcDbLine
 10
-3.843
 20
-1.969
 30
0.0
 11
-4.28
 21
-1.969
 31
0.0
  0
LINE
  5
114B
330
1F
100
AcDbEntity
  8
0
  6
Continuous
 62
     7
370
    25
100
AcDbLine
 10
-4.28
 20
-1.969
 30
0.0
 11
-4.28
 21
-2.406
 31
0.0
  0
LINE
  5
114C
330
1F
100
AcDbEntity
  8
0
  6
Continuous
 62
     7
370
    25
100
AcDbLine
 10
-4.28
 20
-2.406
 30
0.0
 11
-3.843
 21
-2.406
 31
0.0
  0
LINE
  5
114D
330
1F
100
AcDbEntity
  8
0
  6
Continuous
 62
     7
370
    25
100
AcDbLine
 10
-3.843
 20
-2.406
 30
0.0
 11
-3.843
 21
-1.969
 31
0.0
  0
LINE
  5
114E
330
1F
100
AcDbEntity
  8
0
  6
Continuous
 62
     7
370
    25
100
AcDbLine
 10
-4.468
 20
33.847
 30
0.0
 11
-4.905
 21
33.847
 31
0.0
  0
LINE
  5
114F
330
1F
100
AcDbEntity
  8
0
  6
Continuous
 62
     7
370
    25
100
AcDbLine
 10
-4.905
 20
33.847
 30
0.0
 11
-4.905
 21
33.41
 31
0.0
  0
LINE
  5
1150
330
1F
100
AcDbEntity
  8
0
  6
Continuous
 62
     7
370
    25
100
AcDbLine
 10
-4.905
 20
33.41
 30
0.0
 11
-4.468
 21
33.41
 31
0.0
  0
LINE
  5
1151
330
1F
100
AcDbEntity
  8
0
  6
Continuous
 62
     7
370
    25
100
AcDbLine
 10
-4.468
 20
33.41
 30
0.0
 11
-4.468
 21
33.847
 31
0.0
  0
LINE
  5
1152
330
1F
100
AcDbEntity
  8
0
  6
Continuous
 62
     7
370
    25
100
AcDbLine
 10
-5.093
 20
-37.783
 30
0.0
 11
-5.53
 21
-37.783
 31
0.0
  0
LINE
  5
1153
330
1F
100
AcDbEntity
  8
0
  6
Continuous
 62
     7
370
    25
100
AcDbLine
 10
-5.53
 20
-37.783
 30
0.0
 11
-5.53
 21
-38.22
 31
0.0
  0
LINE
  5
1154
330
1F
100
AcDbEntity
  8
0
  6
Continuous
 62
     7
370
    25
100
AcDbLine
 10
-5.53
 20
-38.22
 30
0.0
 11
-5.093
 21
-38.22
 31
0.0
  0
LINE
  5
1155
330
1F
100
AcDbEntity
  8
0
  6
Continuous
 62
     7
370
    25
100
AcDbLine
 10
-5.093
 20
-38.22
 30
0.0
 11
-5.093
 21
-37.783
 31
0.0
  0
LINE
  5
1156
330
1F
100
AcDbEntity
  8
0
  6
Continuous
 62
     7
370
    25
100
AcDbLine
 10
-5.093
 20
33.847
 30
0.0
 11
-5.53
 21
33.847
 31
0.0
  0
LINE
  5
1157
330
1F
100
AcDbEntity
  8
0
  6
Continuous
 62
     7
370
    25
100
AcDbLine
 10
-5.53
 20
33.847
 30
0.0
 11
-5.53
 21
33.41
 31
0.0
  0
LINE
  5
1158
330
1F
100
AcDbEntity
  8
0
  6
Continuous
 62
     7
370
    25
100
AcDbLine
 10
-5.53
 20
33.41
 30
0.0
 11
-5.093
 21
33.41
 31
0.0
  0
LINE
  5
1159
330
1F
100
AcDbEntity
  8
0
  6
Continuous
 62
     7
370
    25
100
AcDbLine
 10
-5.093
 20
33.41
 30
0.0
 11
-5.093
 21
33.847
 31
0.0
  0
LINE
  5
115A
330
1F
100
AcDbEntity
  8
0
  6
Continuous
 62
     7
370
    25
100
AcDbLine
 10
6.157
 20
33.222
 30
0.0
 11
5.72
 21
33.222
 31
0.0
  0
LINE
  5
115B
330
1F
100
AcDbEntity
  8
0
  6
Continuous
 62
     7
370
    25
100
AcDbLine
 10
5.72
 20
33.222
 30
0.0
 11
5.72
 21
32.785
 31
0.0
  0
LINE
  5
115C
330
1F
100
AcDbEntity
  8
0
  6
Continuous
 62
     7
370
    25
100
AcDbLine
 10
5.72
 20
32.785
 30
0.0
 11
6.157
 21
32.785
 31
0.0
  0
LINE
  5
115D
330
1F
100
AcDbEntity
  8
0
  6
Continuous
 62
     7
370
    25
100
AcDbLine
 10
6.157
 20
32.785
 30
0.0
 11
6.157
 21
33.222
 31
0.0
  0
LINE
  5
115E
330
1F
100
AcDbEntity
  8
0
  6
Continuous
 62
     7
370
    25
100
AcDbLine
 10
-5.093
 20
-1.969
 30
0.0
 11
-5.53
 21
-1.969
 31
0.0
  0
LINE
  5
115F
330
1F
100
AcDbEntity
  8
0
  6
Continuous
 62
     7
370
    25
100
AcDbLine
 10
-5.53
 20
-1.969
 30
0.0
 11
-5.53
 21
-2.406
 31
0.0
  0
LINE
  5
1160
330
1F
100
AcDbEntity
  8
0
  6
Continuous
 62
     7
370
    25
100
AcDbLine
 10
-5.53
 20
-2.406
 30
0.0
 11
-5.093
 21
-2.406
 31
0.0
  0
LINE
  5
1161
330
1F
100
AcDbEntity
  8
0
  6
Continuous
 62
     7
370
    25
100
AcDbLine
 10
-5.093
 20
-2.406
 30
0.0
 11
-5.093
 21
-1.969
 31
0.0
  0
LINE
  5
1162
330
1F
100
AcDbEntity
  8
0
  6
Continuous
 62
     7
370
    25
100
AcDbLine
 10
5.532
 20
33.222
 30
0.0
 11
5.095
 21
33.222
 31
0.0
  0
LINE
  5
1163
330
1F
100
AcDbEntity
  8
0
  6
Continuous
 62
     7
370
    25
100
AcDbLine
 10
5.095
 20
33.222
 30
0.0
 11
5.095
 21
32.785
 31
0.0
  0
LINE
  5
1164
330
1F
100
AcDbEntity
  8
0
  6
Continuous
 62
     7
370
    25
100
AcDbLine
 10
5.095
 20
32.785
 30
0.0
 11
5.532
 21
32.785
 31
0.0
  0
LINE
  5
1165
330
1F
100
AcDbEntity
  8
0
  6
Continuous
 62
     7
370
    25
100
AcDbLine
 10
5.532
 20
32.785
 30
0.0
 11
5.532
 21
33.222
 31
0.0
  0
LINE
  5
1166
330
1F
100
AcDbEntity
  8
0
  6
Continuous
 62
     7
370
    25
100
AcDbLine
 10
5.532
 20
-38.408
 30
0.0
 11
5.095
 21
-38.408
 31
0.0
  0
LINE
  5
1167
330
1F
100
AcDbEntity
  8
0
  6
Continuous
 62
     7
370
    25
100
AcDbLine
 10
5.095
 20
-38.408
 30
0.0
 11
5.095
 21
-38.845
 31
0.0
  0
LINE
  5
1168
330
1F
100
AcDbEntity
  8
0
  6
Continuous
 62
     7
370
    25
100
AcDbLine
 10
5.095
 20
-38.845
 30
0.0
 11
5.532
 21
-38.845
 31
0.0
  0
LINE
  5
1169
330
1F
100
AcDbEntity
  8
0
  6
Continuous
 62
     7
370
    25
100
AcDbLine
 10
5.532
 20
-38.845
 30
0.0
 11
5.532
 21
-38.408
 31
0.0
  0
LINE
  5
116A
330
1F
100
AcDbEntity
  8
0
  6
Continuous
 62
     7
370
    25
100
AcDbLine
 10
6.157
 20
-38.408
 30
0.0
 11
5.72
 21
-38.408
 31
0.0
  0
LINE
  5
116B
330
1F
100
AcDbEntity
  8
0
  6
Continuous
 62
     7
370
    25
100
AcDbLine
 10
5.72
 20
-38.408
 30
0.0
 11
5.72
 21
-38.845
 31
0.0
  0
LINE
  5
116C
330
1F
100
AcDbEntity
  8
0
  6
Continuous
 62
     7
370
    25
100
AcDbLine
 10
5.72
 20
-38.845
 30
0.0
 11
6.157
 21
-38.845
 31
0.0
  0
LINE
  5
116D
330
1F
100
AcDbEntity
  8
0
  6
Continuous
 62
     7
370
    25
100
AcDbLine
 10
6.157
 20
-38.845
 30
0.0
 11
6.157
 21
-38.408
 31
0.0
  0
LINE
  5
116E
330
1F
100
AcDbEntity
  8
0
  6
Continuous
 62
     7
370
    25
100
AcDbLine
 10
6.157
 20
-2.594
 30
0.0
 11
5.72
 21
-2.594
 31
0.0
  0
LINE
  5
116F
330
1F
100
AcDbEntity
  8
0
  6
Continuous
 62
     7
370
    25
100
AcDbLine
 10
5.72
 20
-2.594
 30
0.0
 11
5.72
 21
-3.031
 31
0.0
  0
LINE
  5
1170
330
1F
100
AcDbEntity
  8
0
  6
Continuous
 62
     7
370
    25
100
AcDbLine
 10
5.72
 20
-3.031
 30
0.0
 11
6.157
 21
-3.031
 31
0.0
  0
LINE
  5
1171
330
1F
100
AcDbEntity
  8
0
  6
Continuous
 62
     7
370
    25
100
AcDbLine
 10
6.157
 20
-3.031
 30
0.0
 11
6.157
 21
-2.594
 31
0.0
  0
LINE
  5
1172
330
1F
100
AcDbEntity
  8
0
  6
Continuous
 62
     7
370
    25
100
AcDbLine
 10
4.282
 20
-2.594
 30
0.0
 11
3.845
 21
-2.594
 31
0.0
  0
LINE
  5
1173
330
1F
100
AcDbEntity
  8
0
  6
Continuous
 62
     7
370
    25
100
AcDbLine
 10
3.845
 20
-2.594
 30
0.0
 11
3.845
 21
-3.031
 31
0.0
  0
LINE
  5
1174
330
1F
100
AcDbEntity
  8
0
  6
Continuous
 62
     7
370
    25
100
AcDbLine
 10
3.845
 20
-3.031
 30
0.0
 11
4.282
 21
-3.031
 31
0.0
  0
LINE
  5
1175
330
1F
100
AcDbEntity
  8
0
  6
Continuous
 62
     7
370
    25
100
AcDbLine
 10
4.282
 20
-3.031
 30
0.0
 11
4.282
 21
-2.594
 31
0.0
  0
LINE
  5
1176
330
1F
100
AcDbEntity
  8
0
  6
Continuous
 62
     7
370
    25
100
AcDbLine
 10
3.657
 20
33.222
 30
0.0
 11
3.22
 21
33.222
 31
0.0
  0
LINE
  5
1177
330
1F
100
AcDbEntity
  8
0
  6
Continuous
 62
     7
370
    25
100
AcDbLine
 10
3.22
 20
33.222
 30
0.0
 11
3.22
 21
32.785
 31
0.0
  0
LINE
  5
1178
330
1F
100
AcDbEntity
  8
0
  6
Continuous
 62
     7
370
    25
100
AcDbLine
 10
3.22
 20
32.785
 30
0.0
 11
3.657
 21
32.785
 31
0.0
  0
LINE
  5
1179
330
1F
100
AcDbEntity
  8
0
  6
Continuous
 62
     7
370
    25
100
AcDbLine
 10
3.657
 20
32.785
 30
0.0
 11
3.657
 21
33.222
 31
0.0
  0
LINE
  5
117A
330
1F
100
AcDbEntity
  8
0
  6
Continuous
 62
     7
370
    25
100
AcDbLine
 10
4.282
 20
33.222
 30
0.0
 11
3.845
 21
33.222
 31
0.0
  0
LINE
  5
117B
330
1F
100
AcDbEntity
  8
0
  6
Continuous
 62
     7
370
    25
100
AcDbLine
 10
3.845
 20
33.222
 30
0.0
 11
3.845
 21
32.785
 31
0.0
  0
LINE
  5
117C
330
1F
100
AcDbEntity
  8
0
  6
Continuous
 62
     7
370
    25
100
AcDbLine
 10
3.845
 20
32.785
 30
0.0
 11
4.282
 21
32.785
 31
0.0
  0
LINE
  5
117D
330
1F
100
AcDbEntity
  8
0
  6
Continuous
 62
     7
370
    25
100
AcDbLine
 10
4.282
 20
32.785
 30
0.0
 11
4.282
 21
33.222
 31
0.0
  0
LINE
  5
117E
330
1F
100
AcDbEntity
  8
0
  6
Continuous
 62
     7
370
    25
100
AcDbLine
 10
4.282
 20
-38.408
 30
0.0
 11
3.845
 21
-38.408
 31
0.0
  0
LINE
  5
117F
330
1F
100
AcDbEntity
  8
0
  6
Continuous
 62
     7
370
    25
100
AcDbLine
 10
3.845
 20
-38.408
 30
0.0
 11
3.845
 21
-38.845
 31
0.0
  0
LINE
  5
1180
330
1F
100
AcDbEntity
  8
0
  6
Continuous
 62
     7
370
    25
100
AcDbLine
 10
3.845
 20
-38.845
 30
0.0
 11
4.282
 21
-38.845
 31
0.0
  0
LINE
  5
1181
330
1F
100
AcDbEntity
  8
0
  6
Continuous
 62
     7
370
    25
100
AcDbLine
 10
4.282
 20
-38.845
 30
0.0
 11
4.282
 21
-38.408
 31
0.0
  0
LINE
  5
1182
330
1F
100
AcDbEntity
  8
0
  6
Continuous
 62
     7
370
    25
100
AcDbLine
 10
4.907
 20
-38.408
 30
0.0
 11
4.47
 21
-38.408
 31
0.0
  0
LINE
  5
1183
330
1F
100
AcDbEntity
  8
0
  6
Continuous
 62
     7
370
    25
100
AcDbLine
 10
4.47
 20
-38.408
 30
0.0
 11
4.47
 21
-38.845
 31
0.0
  0
LINE
  5
1184
330
1F
100
AcDbEntity
  8
0
  6
Continuous
 62
     7
370
    25
100
AcDbLine
 10
4.47
 20
-38.845
 30
0.0
 11
4.907
 21
-38.845
 31
0.0
  0
LINE
  5
1185
330
1F
100
AcDbEntity
  8
0
  6
Continuous
 62
     7
370
    25
100
AcDbLine
 10
4.907
 20
-38.845
 30
0.0
 11
4.907
 21
-38.408
 31
0.0
  0
LINE
  5
1186
330
1F
100
AcDbEntity
  8
0
  6
Continuous
 62
     7
370
    25
100
AcDbLine
 10
4.907
 20
-2.594
 30
0.0
 11
4.47
 21
-2.594
 31
0.0
  0
LINE
  5
1187
330
1F
100
AcDbEntity
  8
0
  6
Continuous
 62
     7
370
    25
100
AcDbLine
 10
4.47
 20
-2.594
 30
0.0
 11
4.47
 21
-3.031
 31
0.0
  0
LINE
  5
1188
330
1F
100
AcDbEntity
  8
0
  6
Continuous
 62
     7
370
    25
100
AcDbLine
 10
4.47
 20
-3.031
 30
0.0
 11
4.907
 21
-3.031
 31
0.0
  0
LINE
  5
1189
330
1F
100
AcDbEntity
  8
0
  6
Continuous
 62
     7
370
    25
100
AcDbLine
 10
4.907
 20
-3.031
 30
0.0
 11
4.907
 21
-2.594
 31
0.0
  0
LINE
  5
118A
330
1F
100
AcDbEntity
  8
0
  6
Continuous
 62
     7
370
    25
100
AcDbLine
 10
5.532
 20
-2.594
 30
0.0
 11
5.095
 21
-2.594
 31
0.0
  0
LINE
  5
118B
330
1F
100
AcDbEntity
  8
0
  6
Continuous
 62
     7
370
    25
100
AcDbLine
 10
5.095
 20
-2.594
 30
0.0
 11
5.095
 21
-3.031
 31
0.0
  0
LINE
  5
118C
330
1F
100
AcDbEntity
  8
0
  6
Continuous
 62
     7
370
    25
100
AcDbLine
 10
5.095
 20
-3.031
 30
0.0
 11
5.532
 21
-3.031
 31
0.0
  0
LINE
  5
118D
330
1F
100
AcDbEntity
  8
0
  6
Continuous
 62
     7
370
    25
100
AcDbLine
 10
5.532
 20
-3.031
 30
0.0
 11
5.532
 21
-2.594
 31
0.0
  0
LINE
  5
118E
330
1F
100
AcDbEntity
  8
0
  6
Continuous
 62
     7
370
    25
100
AcDbLine
 10
4.907
 20
33.222
 30
0.0
 11
4.47
 21
33.222
 31
0.0
  0
LINE
  5
118F
330
1F
100
AcDbEntity
  8
0
  6
Continuous
 62
     7
370
    25
100
AcDbLine
 10
4.47
 20
33.222
 30
0.0
 11
4.47
 21
32.785
 31
0.0
  0
LINE
  5
1190
330
1F
100
AcDbEntity
  8
0
  6
Continuous
 62
     7
370
    25
100
AcDbLine
 10
4.47
 20
32.785
 30
0.0
 11
4.907
 21
32.785
 31
0.0
  0
LINE
  5
1191
330
1F
100
AcDbEntity
  8
0
  6
Continuous
 62
     7
370
    25
100
AcDbLine
 10
4.907
 20
32.785
 30
0.0
 11
4.907
 21
33.222
 31
0.0
  0
LINE
  5
1192
330
1F
100
AcDbEntity
  8
0
  6
Continuous
 62
     7
370
    25
100
AcDbLine
 10
1.157
 20
-2.594
 30
0.0
 11
0.72
 21
-2.594
 31
0.0
  0
LINE
  5
1193
330
1F
100
AcDbEntity
  8
0
  6
Continuous
 62
     7
370
    25
100
AcDbLine
 10
0.72
 20
-2.594
 30
0.0
 11
0.72
 21
-3.031
 31
0.0
  0
LINE
  5
1194
330
1F
100
AcDbEntity
  8
0
  6
Continuous
 62
     7
370
    25
100
AcDbLine
 10
0.72
 20
-3.031
 30
0.0
 11
1.157
 21
-3.031
 31
0.0
  0
LINE
  5
1195
330
1F
100
AcDbEntity
  8
0
  6
Continuous
 62
     7
370
    25
100
AcDbLine
 10
1.157
 20
-3.031
 30
0.0
 11
1.157
 21
-2.594
 31
0.0
  0
LINE
  5
1196
330
1F
100
AcDbEntity
  8
0
  6
Continuous
 62
     7
370
    25
100
AcDbLine
 10
1.157
 20
-38.408
 30
0.0
 11
0.72
 21
-38.408
 31
0.0
  0
LINE
  5
1197
330
1F
100
AcDbEntity
  8
0
  6
Continuous
 62
     7
370
    25
100
AcDbLine
 10
0.72
 20
-38.408
 30
0.0
 11
0.72
 21
-38.845
 31
0.0
  0
LINE
  5
1198
330
1F
100
AcDbEntity
  8
0
  6
Continuous
 62
     7
370
    25
100
AcDbLine
 10
0.72
 20
-38.845
 30
0.0
 11
1.157
 21
-38.845
 31
0.0
  0
LINE
  5
1199
330
1F
100
AcDbEntity
  8
0
  6
Continuous
 62
     7
370
    25
100
AcDbLine
 10
1.157
 20
-38.845
 30
0.0
 11
1.157
 21
-38.408
 31
0.0
  0
LINE
  5
119A
330
1F
100
AcDbEntity
  8
0
  6
Continuous
 62
     7
370
    25
100
AcDbLine
 10
0.532
 20
-38.408
 30
0.0
 11
0.095
 21
-38.408
 31
0.0
  0
LINE
  5
119B
330
1F
100
AcDbEntity
  8
0
  6
Continuous
 62
     7
370
    25
100
AcDbLine
 10
0.095
 20
-38.408
 30
0.0
 11
0.095
 21
-38.845
 31
0.0
  0
LINE
  5
119C
330
1F
100
AcDbEntity
  8
0
  6
Continuous
 62
     7
370
    25
100
AcDbLine
 10
0.095
 20
-38.845
 30
0.0
 11
0.532
 21
-38.845
 31
0.0
  0
LINE
  5
119D
330
1F
100
AcDbEntity
  8
0
  6
Continuous
 62
     7
370
    25
100
AcDbLine
 10
0.532
 20
-38.845
 30
0.0
 11
0.532
 21
-38.408
 31
0.0
  0
LINE
  5
119E
330
1F
100
AcDbEntity
  8
0
  6
Continuous
 62
     7
370
    25
100
AcDbLine
 10
0.532
 20
33.222
 30
0.0
 11
0.095
 21
33.222
 31
0.0
  0
LINE
  5
119F
330
1F
100
AcDbEntity
  8
0
  6
Continuous
 62
     7
370
    25
100
AcDbLine
 10
0.095
 20
33.222
 30
0.0
 11
0.095
 21
32.785
 31
0.0
  0
LINE
  5
11A0
330
1F
100
AcDbEntity
  8
0
  6
Continuous
 62
     7
370
    25
100
AcDbLine
 10
0.095
 20
32.785
 30
0.0
 11
0.532
 21
32.785
 31
0.0
  0
LINE
  5
11A1
330
1F
100
AcDbEntity
  8
0
  6
Continuous
 62
     7
370
    25
100
AcDbLine
 10
0.532
 20
32.785
 30
0.0
 11
0.532
 21
33.222
 31
0.0
  0
LINE
  5
11A2
330
1F
100
AcDbEntity
  8
0
  6
Continuous
 62
     7
370
    25
100
AcDbLine
 10
1.782
 20
-2.594
 30
0.0
 11
1.345
 21
-2.594
 31
0.0
  0
LINE
  5
11A3
330
1F
100
AcDbEntity
  8
0
  6
Continuous
 62
     7
370
    25
100
AcDbLine
 10
1.345
 20
-2.594
 30
0.0
 11
1.345
 21
-3.031
 31
0.0
  0
LINE
  5
11A4
330
1F
100
AcDbEntity
  8
0
  6
Continuous
 62
     7
370
    25
100
AcDbLine
 10
1.345
 20
-3.031
 30
0.0
 11
1.782
 21
-3.031
 31
0.0
  0
LINE
  5
11A5
330
1F
100
AcDbEntity
  8
0
  6
Continuous
 62
     7
370
    25
100
AcDbLine
 10
1.782
 20
-3.031
 30
0.0
 11
1.782
 21
-2.594
 31
0.0
  0
LINE
  5
11A6
330
1F
100
AcDbEntity
  8
0
  6
Continuous
 62
     7
370
    25
100
AcDbLine
 10
1.157
 20
33.222
 30
0.0
 11
0.72
 21
33.222
 31
0.0
  0
LINE
  5
11A7
330
1F
100
AcDbEntity
  8
0
  6
Continuous
 62
     7
370
    25
100
AcDbLine
 10
0.72
 20
33.222
 30
0.0
 11
0.72
 21
32.785
 31
0.0
  0
LINE
  5
11A8
330
1F
100
AcDbEntity
  8
0
  6
Continuous
 62
     7
370
    25
100
AcDbLine
 10
0.72
 20
32.785
 30
0.0
 11
1.157
 21
32.785
 31
0.0
  0
LINE
  5
11A9
330
1F
100
AcDbEntity
  8
0
  6
Continuous
 62
     7
370
    25
100
AcDbLine
 10
1.157
 20
32.785
 30
0.0
 11
1.157
 21
33.222
 31
0.0
  0
LINE
  5
11AA
330
1F
100
AcDbEntity
  8
0
  6
Continuous
 62
     7
370
    25
100
AcDbLine
 10
1.782
 20
33.222
 30
0.0
 11
1.345
 21
33.222
 31
0.0
  0
LINE
  5
11AB
330
1F
100
AcDbEntity
  8
0
  6
Continuous
 62
     7
370
    25
100
AcDbLine
 10
1.345
 20
33.222
 30
0.0
 11
1.345
 21
32.785
 31
0.0
  0
LINE
  5
11AC
330
1F
100
AcDbEntity
  8
0
  6
Continuous
 62
     7
370
    25
100
AcDbLine
 10
1.345
 20
32.785
 30
0.0
 11
1.782
 21
32.785
 31
0.0
  0
LINE
  5
11AD
330
1F
100
AcDbEntity
  8
0
  6
Continuous
 62
     7
370
    25
100
AcDbLine
 10
1.782
 20
32.785
 30
0.0
 11
1.782
 21
33.222
 31
0.0
  0
LINE
  5
11AE
330
1F
100
AcDbEntity
  8
0
  6
Continuous
 62
     7
370
    25
100
AcDbLine
 10
1.782
 20
-38.408
 30
0.0
 11
1.345
 21
-38.408
 31
0.0
  0
LINE
  5
11AF
330
1F
100
AcDbEntity
  8
0
  6
Continuous
 62
     7
370
    25
100
AcDbLine
 10
1.345
 20
-38.408
 30
0.0
 11
1.345
 21
-38.845
 31
0.0
  0
LINE
  5
11B0
330
1F
100
AcDbEntity
  8
0
  6
Continuous
 62
     7
370
    25
100
AcDbLine
 10
1.345
 20
-38.845
 30
0.0
 11
1.782
 21
-38.845
 31
0.0
  0
LINE
  5
11B1
330
1F
100
AcDbEntity
  8
0
  6
Continuous
 62
     7
370
    25
100
AcDbLine
 10
1.782
 20
-38.845
 30
0.0
 11
1.782
 21
-38.408
 31
0.0
  0
LINE
  5
11B2
330
1F
100
AcDbEntity
  8
0
  6
Continuous
 62
     7
370
    25
100
AcDbLine
 10
2.407
 20
-38.408
 30
0.0
 11
1.97
 21
-38.408
 31
0.0
  0
LINE
  5
11B3
330
1F
100
AcDbEntity
  8
0
  6
Continuous
 62
     7
370
    25
100
AcDbLine
 10
1.97
 20
-38.408
 30
0.0
 11
1.97
 21
-38.845
 31
0.0
  0
LINE
  5
11B4
330
1F
100
AcDbEntity
  8
0
  6
Continuous
 62
     7
370
    25
100
AcDbLine
 10
1.97
 20
-38.845
 30
0.0
 11
2.407
 21
-38.845
 31
0.0
  0
LINE
  5
11B5
330
1F
100
AcDbEntity
  8
0
  6
Continuous
 62
     7
370
    25
100
AcDbLine
 10
2.407
 20
-38.845
 30
0.0
 11
2.407
 21
-38.408
 31
0.0
  0
LINE
  5
11B6
330
1F
100
AcDbEntity
  8
0
  6
Continuous
 62
     7
370
    25
100
AcDbLine
 10
2.407
 20
-2.594
 30
0.0
 11
1.97
 21
-2.594
 31
0.0
  0
LINE
  5
11B7
330
1F
100
AcDbEntity
  8
0
  6
Continuous
 62
     7
370
    25
100
AcDbLine
 10
1.97
 20
-2.594
 30
0.0
 11
1.97
 21
-3.031
 31
0.0
  0
LINE
  5
11B8
330
1F
100
AcDbEntity
  8
0
  6
Continuous
 62
     7
370
    25
100
AcDbLine
 10
1.97
 20
-3.031
 30
0.0
 11
2.407
 21
-3.031
 31
0.0
  0
LINE
  5
11B9
330
1F
100
AcDbEntity
  8
0
  6
Continuous
 62
     7
370
    25
100
AcDbLine
 10
2.407
 20
-3.031
 30
0.0
 11
2.407
 21
-2.594
 31
0.0
  0
LINE
  5
11BA
330
1F
100
AcDbEntity
  8
0
  6
Continuous
 62
     7
370
    25
100
AcDbLine
 10
3.032
 20
-2.594
 30
0.0
 11
2.595
 21
-2.594
 31
0.0
  0
LINE
  5
11BB
330
1F
100
AcDbEntity
  8
0
  6
Continuous
 62
     7
370
    25
100
AcDbLine
 10
2.595
 20
-2.594
 30
0.0
 11
2.595
 21
-3.031
 31
0.0
  0
LINE
  5
11BC
330
1F
100
AcDbEntity
  8
0
  6
Continuous
 62
     7
370
    25
100
AcDbLine
 10
2.595
 20
-3.031
 30
0.0
 11
3.032
 21
-3.031
 31
0.0
  0
LINE
  5
11BD
330
1F
100
AcDbEntity
  8
0
  6
Continuous
 62
     7
370
    25
100
AcDbLine
 10
3.032
 20
-3.031
 30
0.0
 11
3.032
 21
-2.594
 31
0.0
  0
LINE
  5
11BE
330
1F
100
AcDbEntity
  8
0
  6
Continuous
 62
     7
370
    25
100
AcDbLine
 10
2.407
 20
33.222
 30
0.0
 11
1.97
 21
33.222
 31
0.0
  0
LINE
  5
11BF
330
1F
100
AcDbEntity
  8
0
  6
Continuous
 62
     7
370
    25
100
AcDbLine
 10
1.97
 20
33.222
 30
0.0
 11
1.97
 21
32.785
 31
0.0
  0
LINE
  5
11C0
330
1F
100
AcDbEntity
  8
0
  6
Continuous
 62
     7
370
    25
100
AcDbLine
 10
1.97
 20
32.785
 30
0.0
 11
2.407
 21
32.785
 31
0.0
  0
LINE
  5
11C1
330
1F
100
AcDbEntity
  8
0
  6
Continuous
 62
     7
370
    25
100
AcDbLine
 10
2.407
 20
32.785
 30
0.0
 11
2.407
 21
33.222
 31
0.0
  0
LINE
  5
11C2
330
1F
100
AcDbEntity
  8
0
  6
Continuous
 62
     7
370
    25
100
AcDbLine
 10
3.657
 20
-2.594
 30
0.0
 11
3.22
 21
-2.594
 31
0.0
  0
LINE
  5
11C3
330
1F
100
AcDbEntity
  8
0
  6
Continuous
 62
     7
370
    25
100
AcDbLine
 10
3.22
 20
-2.594
 30
0.0
 11
3.22
 21
-3.031
 31
0.0
  0
LINE
  5
11C4
330
1F
100
AcDbEntity
  8
0
  6
Continuous
 62
     7
370
    25
100
AcDbLine
 10
3.22
 20
-3.031
 30
0.0
 11
3.657
 21
-3.031
 31
0.0
  0
LINE
  5
11C5
330
1F
100
AcDbEntity
  8
0
  6
Continuous
 62
     7
370
    25
100
AcDbLine
 10
3.657
 20
-3.031
 30
0.0
 11
3.657
 21
-2.594
 31
0.0
  0
LINE
  5
11C6
330
1F
100
AcDbEntity
  8
0
  6
Continuous
 62
     7
370
    25
100
AcDbLine
 10
3.657
 20
-38.408
 30
0.0
 11
3.22
 21
-38.408
 31
0.0
  0
LINE
  5
11C7
330
1F
100
AcDbEntity
  8
0
  6
Continuous
 62
     7
370
    25
100
AcDbLine
 10
3.22
 20
-38.408
 30
0.0
 11
3.22
 21
-38.845
 31
0.0
  0
LINE
  5
11C8
330
1F
100
AcDbEntity
  8
0
  6
Continuous
 62
     7
370
    25
100
AcDbLine
 10
3.22
 20
-38.845
 30
0.0
 11
3.657
 21
-38.845
 31
0.0
  0
LINE
  5
11C9
330
1F
100
AcDbEntity
  8
0
  6
Continuous
 62
     7
370
    25
100
AcDbLine
 10
3.657
 20
-38.845
 30
0.0
 11
3.657
 21
-38.408
 31
0.0
  0
LINE
  5
11CA
330
1F
100
AcDbEntity
  8
0
  6
Continuous
 62
     7
370
    25
100
AcDbLine
 10
3.032
 20
-38.408
 30
0.0
 11
2.595
 21
-38.408
 31
0.0
  0
LINE
  5
11CB
330
1F
100
AcDbEntity
  8
0
  6
Continuous
 62
     7
370
    25
100
AcDbLine
 10
2.595
 20
-38.408
 30
0.0
 11
2.595
 21
-38.845
 31
0.0
  0
LINE
  5
11CC
330
1F
100
AcDbEntity
  8
0
  6
Continuous
 62
     7
370
    25
100
AcDbLine
 10
2.595
 20
-38.845
 30
0.0
 11
3.032
 21
-38.845
 31
0.0
  0
LINE
  5
11CD
330
1F
100
AcDbEntity
  8
0
  6
Continuous
 62
     7
370
    25
100
AcDbLine
 10
3.032
 20
-38.845
 30
0.0
 11
3.032
 21
-38.408
 31
0.0
  0
LINE
  5
11CE
330
1F
100
AcDbEntity
  8
0
  6
Continuous
 62
     7
370
    25
100
AcDbLine
 10
3.032
 20
33.222
 30
0.0
 11
2.595
 21
33.222
 31
0.0
  0
LINE
  5
11CF
330
1F
100
AcDbEntity
  8
0
  6
Continuous
 62
     7
370
    25
100
AcDbLine
 10
2.595
 20
33.222
 30
0.0
 11
2.595
 21
32.785
 31
0.0
  0
LINE
  5
11D0
330
1F
100
AcDbEntity
  8
0
  6
Continuous
 62
     7
370
    25
100
AcDbLine
 10
2.595
 20
32.785
 30
0.0
 11
3.032
 21
32.785
 31
0.0
  0
LINE
  5
11D1
330
1F
100
AcDbEntity
  8
0
  6
Continuous
 62
     7
370
    25
100
AcDbLine
 10
3.032
 20
32.785
 30
0.0
 11
3.032
 21
33.222
 31
0.0
  0
LINE
  5
11D2
330
1F
100
AcDbEntity
  8
0
  6
Continuous
 62
     7
370
    25
100
AcDbLine
 10
-0.718
 20
-2.594
 30
0.0
 11
-1.155
 21
-2.594
 31
0.0
  0
LINE
  5
11D3
330
1F
100
AcDbEntity
  8
0
  6
Continuous
 62
     7
370
    25
100
AcDbLine
 10
-1.155
 20
-2.594
 30
0.0
 11
-1.155
 21
-3.031
 31
0.0
  0
LINE
  5
11D4
330
1F
100
AcDbEntity
  8
0
  6
Continuous
 62
     7
370
    25
100
AcDbLine
 10
-1.155
 20
-3.031
 30
0.0
 11
-0.718
 21
-3.031
 31
0.0
  0
LINE
  5
11D5
330
1F
100
AcDbEntity
  8
0
  6
Continuous
 62
     7
370
    25
100
AcDbLine
 10
-0.718
 20
-3.031
 30
0.0
 11
-0.718
 21
-2.594
 31
0.0
  0
LINE
  5
11D6
330
1F
100
AcDbEntity
  8
0
  6
Continuous
 62
     7
370
    25
100
AcDbLine
 10
-1.343
 20
33.222
 30
0.0
 11
-1.78
 21
33.222
 31
0.0
  0
LINE
  5
11D7
330
1F
100
AcDbEntity
  8
0
  6
Continuous
 62
     7
370
    25
100
AcDbLine
 10
-1.78
 20
33.222
 30
0.0
 11
-1.78
 21
32.785
 31
0.0
  0
LINE
  5
11D8
330
1F
100
AcDbEntity
  8
0
  6
Continuous
 62
     7
370
    25
100
AcDbLine
 10
-1.78
 20
32.785
 30
0.0
 11
-1.343
 21
32.785
 31
0.0
  0
LINE
  5
11D9
330
1F
100
AcDbEntity
  8
0
  6
Continuous
 62
     7
370
    25
100
AcDbLine
 10
-1.343
 20
32.785
 30
0.0
 11
-1.343
 21
33.222
 31
0.0
  0
LINE
  5
11DA
330
1F
100
AcDbEntity
  8
0
  6
Continuous
 62
     7
370
    25
100
AcDbLine
 10
-0.718
 20
33.222
 30
0.0
 11
-1.155
 21
33.222
 31
0.0
  0
LINE
  5
11DB
330
1F
100
AcDbEntity
  8
0
  6
Continuous
 62
     7
370
    25
100
AcDbLine
 10
-1.155
 20
33.222
 30
0.0
 11
-1.155
 21
32.785
 31
0.0
  0
LINE
  5
11DC
330
1F
100
AcDbEntity
  8
0
  6
Continuous
 62
     7
370
    25
100
AcDbLine
 10
-1.155
 20
32.785
 30
0.0
 11
-0.718
 21
32.785
 31
0.0
  0
LINE
  5
11DD
330
1F
100
AcDbEntity
  8
0
  6
Continuous
 62
     7
370
    25
100
AcDbLine
 10
-0.718
 20
32.785
 30
0.0
 11
-0.718
 21
33.222
 31
0.0
  0
LINE
  5
11DE
330
1F
100
AcDbEntity
  8
0
  6
Continuous
 62
     7
370
    25
100
AcDbLine
 10
-0.718
 20
-38.408
 30
0.0
 11
-1.155
 21
-38.408
 31
0.0
  0
LINE
  5
11DF
330
1F
100
AcDbEntity
  8
0
  6
Continuous
 62
     7
370
    25
100
AcDbLine
 10
-1.155
 20
-38.408
 30
0.0
 11
-1.155
 21
-38.845
 31
0.0
  0
LINE
  5
11E0
330
1F
100
AcDbEntity
  8
0
  6
Continuous
 62
     7
370
    25
100
AcDbLine
 10
-1.155
 20
-38.845
 30
0.0
 11
-0.718
 21
-38.845
 31
0.0
  0
LINE
  5
11E1
330
1F
100
AcDbEntity
  8
0
  6
Continuous
 62
     7
370
    25
100
AcDbLine
 10
-0.718
 20
-38.845
 30
0.0
 11
-0.718
 21
-38.408
 31
0.0
  0
LINE
  5
11E2
330
1F
100
AcDbEntity
  8
0
  6
Continuous
 62
     7
370
    25
100
AcDbLine
 10
-0.093
 20
-38.408
 30
0.0
 11
-0.53
 21
-38.408
 31
0.0
  0
LINE
  5
11E3
330
1F
100
AcDbEntity
  8
0
  6
Continuous
 62
     7
370
    25
100
AcDbLine
 10
-0.53
 20
-38.408
 30
0.0
 11
-0.53
 21
-38.845
 31
0.0
  0
LINE
  5
11E4
330
1F
100
AcDbEntity
  8
0
  6
Continuous
 62
     7
370
    25
100
AcDbLine
 10
-0.53
 20
-38.845
 30
0.0
 11
-0.093
 21
-38.845
 31
0.0
  0
LINE
  5
11E5
330
1F
100
AcDbEntity
  8
0
  6
Continuous
 62
     7
370
    25
100
AcDbLine
 10
-0.093
 20
-38.845
 30
0.0
 11
-0.093
 21
-38.408
 31
0.0
  0
LINE
  5
11E6
330
1F
100
AcDbEntity
  8
0
  6
Continuous
 62
     7
370
    25
100
AcDbLine
 10
-0.093
 20
-2.594
 30
0.0
 11
-0.53
 21
-2.594
 31
0.0
  0
LINE
  5
11E7
330
1F
100
AcDbEntity
  8
0
  6
Continuous
 62
     7
370
    25
100
AcDbLine
 10
-0.53
 20
-2.594
 30
0.0
 11
-0.53
 21
-3.031
 31
0.0
  0
LINE
  5
11E8
330
1F
100
AcDbEntity
  8
0
  6
Continuous
 62
     7
370
    25
100
AcDbLine
 10
-0.53
 20
-3.031
 30
0.0
 11
-0.093
 21
-3.031
 31
0.0
  0
LINE
  5
11E9
330
1F
100
AcDbEntity
  8
0
  6
Continuous
 62
     7
370
    25
100
AcDbLine
 10
-0.093
 20
-3.031
 30
0.0
 11
-0.093
 21
-2.594
 31
0.0
  0
LINE
  5
11EA
330
1F
100
AcDbEntity
  8
0
  6
Continuous
 62
     7
370
    25
100
AcDbLine
 10
0.532
 20
-2.594
 30
0.0
 11
0.095
 21
-2.594
 31
0.0
  0
LINE
  5
11EB
330
1F
100
AcDbEntity
  8
0
  6
Continuous
 62
     7
370
    25
100
AcDbLine
 10
0.095
 20
-2.594
 30
0.0
 11
0.095
 21
-3.031
 31
0.0
  0
LINE
  5
11EC
330
1F
100
AcDbEntity
  8
0
  6
Continuous
 62
     7
370
    25
100
AcDbLine
 10
0.095
 20
-3.031
 30
0.0
 11
0.532
 21
-3.031
 31
0.0
  0
LINE
  5
11ED
330
1F
100
AcDbEntity
  8
0
  6
Continuous
 62
     7
370
    25
100
AcDbLine
 10
0.532
 20
-3.031
 30
0.0
 11
0.532
 21
-2.594
 31
0.0
  0
LINE
  5
11EE
330
1F
100
AcDbEntity
  8
0
  6
Continuous
 62
     7
370
    25
100
AcDbLine
 10
-0.093
 20
33.222
 30
0.0
 11
-0.53
 21
33.222
 31
0.0
  0
LINE
  5
11EF
330
1F
100
AcDbEntity
  8
0
  6
Continuous
 62
     7
370
    25
100
AcDbLine
 10
-0.53
 20
33.222
 30
0.0
 11
-0.53
 21
32.785
 31
0.0
  0
LINE
  5
11F0
330
1F
100
AcDbEntity
  8
0
  6
Continuous
 62
     7
370
    25
100
AcDbLine
 10
-0.53
 20
32.785
 30
0.0
 11
-0.093
 21
32.785
 31
0.0
  0
LINE
  5
11F1
330
1F
100
AcDbEntity
  8
0
  6
Continuous
 62
     7
370
    25
100
AcDbLine
 10
-0.093
 20
32.785
 30
0.0
 11
-0.093
 21
33.222
 31
0.0
  0
LINE
  5
11F2
330
1F
100
AcDbEntity
  8
0
  6
Continuous
 62
     7
370
    25
100
AcDbLine
 10
-1.968
 20
33.222
 30
0.0
 11
-2.405
 21
33.222
 31
0.0
  0
LINE
  5
11F3
330
1F
100
AcDbEntity
  8
0
  6
Continuous
 62
     7
370
    25
100
AcDbLine
 10
-2.405
 20
33.222
 30
0.0
 11
-2.405
 21
32.785
 31
0.0
  0
LINE
  5
11F4
330
1F
100
AcDbEntity
  8
0
  6
Continuous
 62
     7
370
    25
100
AcDbLine
 10
-2.405
 20
32.785
 30
0.0
 11
-1.968
 21
32.785
 31
0.0
  0
LINE
  5
11F5
330
1F
100
AcDbEntity
  8
0
  6
Continuous
 62
     7
370
    25
100
AcDbLine
 10
-1.968
 20
32.785
 30
0.0
 11
-1.968
 21
33.222
 31
0.0
  0
LINE
  5
11F6
330
1F
100
AcDbEntity
  8
0
  6
Continuous
 62
     7
370
    25
100
AcDbLine
 10
-1.968
 20
-38.408
 30
0.0
 11
-2.405
 21
-38.408
 31
0.0
  0
LINE
  5
11F7
330
1F
100
AcDbEntity
  8
0
  6
Continuous
 62
     7
370
    25
100
AcDbLine
 10
-2.405
 20
-38.408
 30
0.0
 11
-2.405
 21
-38.845
 31
0.0
  0
LINE
  5
11F8
330
1F
100
AcDbEntity
  8
0
  6
Continuous
 62
     7
370
    25
100
AcDbLine
 10
-2.405
 20
-38.845
 30
0.0
 11
-1.968
 21
-38.845
 31
0.0
  0
LINE
  5
11F9
330
1F
100
AcDbEntity
  8
0
  6
Continuous
 62
     7
370
    25
100
AcDbLine
 10
-1.968
 20
-38.845
 30
0.0
 11
-1.968
 21
-38.408
 31
0.0
  0
LINE
  5
11FA
330
1F
100
AcDbEntity
  8
0
  6
Continuous
 62
     7
370
    25
100
AcDbLine
 10
-1.343
 20
-38.408
 30
0.0
 11
-1.78
 21
-38.408
 31
0.0
  0
LINE
  5
11FB
330
1F
100
AcDbEntity
  8
0
  6
Continuous
 62
     7
370
    25
100
AcDbLine
 10
-1.78
 20
-38.408
 30
0.0
 11
-1.78
 21
-38.845
 31
0.0
  0
LINE
  5
11FC
330
1F
100
AcDbEntity
  8
0
  6
Continuous
 62
     7
370
    25
100
AcDbLine
 10
-1.78
 20
-38.845
 30
0.0
 11
-1.343
 21
-38.845
 31
0.0
  0
LINE
  5
11FD
330
1F
100
AcDbEntity
  8
0
  6
Continuous
 62
     7
370
    25
100
AcDbLine
 10
-1.343
 20
-38.845
 30
0.0
 11
-1.343
 21
-38.408
 31
0.0
  0
LINE
  5
11FE
330
1F
100
AcDbEntity
  8
0
  6
Continuous
 62
     7
370
    25
100
AcDbLine
 10
-1.343
 20
-2.594
 30
0.0
 11
-1.78
 21
-2.594
 31
0.0
  0
LINE
  5
11FF
330
1F
100
AcDbEntity
  8
0
  6
Continuous
 62
     7
370
    25
100
AcDbLine
 10
-1.78
 20
-2.594
 30
0.0
 11
-1.78
 21
-3.031
 31
0.0
  0
LINE
  5
1200
330
1F
100
AcDbEntity
  8
0
  6
Continuous
 62
     7
370
    25
100
AcDbLine
 10
-1.78
 20
-3.031
 30
0.0
 11
-1.343
 21
-3.031
 31
0.0
  0
LINE
  5
1201
330
1F
100
AcDbEntity
  8
0
  6
Continuous
 62
     7
370
    25
100
AcDbLine
 10
-1.343
 20
-3.031
 30
0.0
 11
-1.343
 21
-2.594
 31
0.0
  0
LINE
  5
1202
330
1F
100
AcDbEntity
  8
0
  6
Continuous
 62
     7
370
    25
100
AcDbLine
 10
-2.593
 20
33.222
 30
0.0
 11
-3.03
 21
33.222
 31
0.0
  0
LINE
  5
1203
330
1F
100
AcDbEntity
  8
0
  6
Continuous
 62
     7
370
    25
100
AcDbLine
 10
-3.03
 20
33.222
 30
0.0
 11
-3.03
 21
32.785
 31
0.0
  0
LINE
  5
1204
330
1F
100
AcDbEntity
  8
0
  6
Continuous
 62
     7
370
    25
100
AcDbLine
 10
-3.03
 20
32.785
 30
0.0
 11
-2.593
 21
32.785
 31
0.0
  0
LINE
  5
1205
330
1F
100
AcDbEntity
  8
0
  6
Continuous
 62
     7
370
    25
100
AcDbLine
 10
-2.593
 20
32.785
 30
0.0
 11
-2.593
 21
33.222
 31
0.0
  0
LINE
  5
1206
330
1F
100
AcDbEntity
  8
0
  6
Continuous
 62
     7
370
    25
100
AcDbLine
 10
-1.968
 20
-2.594
 30
0.0
 11
-2.405
 21
-2.594
 31
0.0
  0
LINE
  5
1207
330
1F
100
AcDbEntity
  8
0
  6
Continuous
 62
     7
370
    25
100
AcDbLine
 10
-2.405
 20
-2.594
 30
0.0
 11
-2.405
 21
-3.031
 31
0.0
  0
LINE
  5
1208
330
1F
100
AcDbEntity
  8
0
  6
Continuous
 62
     7
370
    25
100
AcDbLine
 10
-2.405
 20
-3.031
 30
0.0
 11
-1.968
 21
-3.031
 31
0.0
  0
LINE
  5
1209
330
1F
100
AcDbEntity
  8
0
  6
Continuous
 62
     7
370
    25
100
AcDbLine
 10
-1.968
 20
-3.031
 30
0.0
 11
-1.968
 21
-2.594
 31
0.0
  0
LINE
  5
120A
330
1F
100
AcDbEntity
  8
0
  6
Continuous
 62
     7
370
    25
100
AcDbLine
 10
-2.593
 20
-2.594
 30
0.0
 11
-3.03
 21
-2.594
 31
0.0
  0
LINE
  5
120B
330
1F
100
AcDbEntity
  8
0
  6
Continuous
 62
     7
370
    25
100
AcDbLine
 10
-3.03
 20
-2.594
 30
0.0
 11
-3.03
 21
-3.031
 31
0.0
  0
LINE
  5
120C
330
1F
100
AcDbEntity
  8
0
  6
Continuous
 62
     7
370
    25
100
AcDbLine
 10
-3.03
 20
-3.031
 30
0.0
 11
-2.593
 21
-3.031
 31
0.0
  0
LINE
  5
120D
330
1F
100
AcDbEntity
  8
0
  6
Continuous
 62
     7
370
    25
100
AcDbLine
 10
-2.593
 20
-3.031
 30
0.0
 11
-2.593
 21
-2.594
 31
0.0
  0
LINE
  5
120E
330
1F
100
AcDbEntity
  8
0
  6
Continuous
 62
     7
370
    25
100
AcDbLine
 10
-2.593
 20
-38.408
 30
0.0
 11
-3.03
 21
-38.408
 31
0.0
  0
LINE
  5
120F
330
1F
100
AcDbEntity
  8
0
  6
Continuous
 62
     7
370
    25
100
AcDbLine
 10
-3.03
 20
-38.408
 30
0.0
 11
-3.03
 21
-38.845
 31
0.0
  0
LINE
  5
1210
330
1F
100
AcDbEntity
  8
0
  6
Continuous
 62
     7
370
    25
100
AcDbLine
 10
-3.03
 20
-38.845
 30
0.0
 11
-2.593
 21
-38.845
 31
0.0
  0
LINE
  5
1211
330
1F
100
AcDbEntity
  8
0
  6
Continuous
 62
     7
370
    25
100
AcDbLine
 10
-2.593
 20
-38.845
 30
0.0
 11
-2.593
 21
-38.408
 31
0.0
  0
LINE
  5
1212
330
1F
100
AcDbEntity
  8
0
  6
Continuous
 62
     7
370
    25
100
AcDbLine
 10
-3.218
 20
-38.408
 30
0.0
 11
-3.655
 21
-38.408
 31
0.0
  0
LINE
  5
1213
330
1F
100
AcDbEntity
  8
0
  6
Continuous
 62
     7
370
    25
100
AcDbLine
 10
-3.655
 20
-38.408
 30
0.0
 11
-3.655
 21
-38.845
 31
0.0
  0
LINE
  5
1214
330
1F
100
AcDbEntity
  8
0
  6
Continuous
 62
     7
370
    25
100
AcDbLine
 10
-3.655
 20
-38.845
 30
0.0
 11
-3.218
 21
-38.845
 31
0.0
  0
LINE
  5
1215
330
1F
100
AcDbEntity
  8
0
  6
Continuous
 62
     7
370
    25
100
AcDbLine
 10
-3.218
 20
-38.845
 30
0.0
 11
-3.218
 21
-38.408
 31
0.0
  0
LINE
  5
1216
330
1F
100
AcDbEntity
  8
0
  6
Continuous
 62
     7
370
    25
100
AcDbLine
 10
-3.218
 20
33.222
 30
0.0
 11
-3.655
 21
33.222
 31
0.0
  0
LINE
  5
1217
330
1F
100
AcDbEntity
  8
0
  6
Continuous
 62
     7
370
    25
100
AcDbLine
 10
-3.655
 20
33.222
 30
0.0
 11
-3.655
 21
32.785
 31
0.0
  0
LINE
  5
1218
330
1F
100
AcDbEntity
  8
0
  6
Continuous
 62
     7
370
    25
100
AcDbLine
 10
-3.655
 20
32.785
 30
0.0
 11
-3.218
 21
32.785
 31
0.0
  0
LINE
  5
1219
330
1F
100
AcDbEntity
  8
0
  6
Continuous
 62
     7
370
    25
100
AcDbLine
 10
-3.218
 20
32.785
 30
0.0
 11
-3.218
 21
33.222
 31
0.0
  0
LINE
  5
121A
330
1F
100
AcDbEntity
  8
0
  6
Continuous
 62
     7
370
    25
100
AcDbLine
 10
-3.843
 20
33.222
 30
0.0
 11
-4.28
 21
33.222
 31
0.0
  0
LINE
  5
121B
330
1F
100
AcDbEntity
  8
0
  6
Continuous
 62
     7
370
    25
100
AcDbLine
 10
-4.28
 20
33.222
 30
0.0
 11
-4.28
 21
32.785
 31
0.0
  0
LINE
  5
121C
330
1F
100
AcDbEntity
  8
0
  6
Continuous
 62
     7
370
    25
100
AcDbLine
 10
-4.28
 20
32.785
 30
0.0
 11
-3.843
 21
32.785
 31
0.0
  0
LINE
  5
121D
330
1F
100
AcDbEntity
  8
0
  6
Continuous
 62
     7
370
    25
100
AcDbLine
 10
-3.843
 20
32.785
 30
0.0
 11
-3.843
 21
33.222
 31
0.0
  0
LINE
  5
121E
330
1F
100
AcDbEntity
  8
0
  6
Continuous
 62
     7
370
    25
100
AcDbLine
 10
-3.218
 20
-2.594
 30
0.0
 11
-3.655
 21
-2.594
 31
0.0
  0
LINE
  5
121F
330
1F
100
AcDbEntity
  8
0
  6
Continuous
 62
     7
370
    25
100
AcDbLine
 10
-3.655
 20
-2.594
 30
0.0
 11
-3.655
 21
-3.031
 31
0.0
  0
LINE
  5
1220
330
1F
100
AcDbEntity
  8
0
  6
Continuous
 62
     7
370
    25
100
AcDbLine
 10
-3.655
 20
-3.031
 30
0.0
 11
-3.218
 21
-3.031
 31
0.0
  0
LINE
  5
1221
330
1F
100
AcDbEntity
  8
0
  6
Continuous
 62
     7
370
    25
100
AcDbLine
 10
-3.218
 20
-3.031
 30
0.0
 11
-3.218
 21
-2.594
 31
0.0
  0
LINE
  5
1222
330
1F
100
AcDbEntity
  8
0
  6
Continuous
 62
     7
370
    25
100
AcDbLine
 10
-4.468
 20
33.222
 30
0.0
 11
-4.905
 21
33.222
 31
0.0
  0
LINE
  5
1223
330
1F
100
AcDbEntity
  8
0
  6
Continuous
 62
     7
370
    25
100
AcDbLine
 10
-4.905
 20
33.222
 30
0.0
 11
-4.905
 21
32.785
 31
0.0
  0
LINE
  5
1224
330
1F
100
AcDbEntity
  8
0
  6
Continuous
 62
     7
370
    25
100
AcDbLine
 10
-4.905
 20
32.785
 30
0.0
 11
-4.468
 21
32.785
 31
0.0
  0
LINE
  5
1225
330
1F
100
AcDbEntity
  8
0
  6
Continuous
 62
     7
370
    25
100
AcDbLine
 10
-4.468
 20
32.785
 30
0.0
 11
-4.468
 21
33.222
 31
0.0
  0
LINE
  5
1226
330
1F
100
AcDbEntity
  8
0
  6
Continuous
 62
     7
370
    25
100
AcDbLine
 10
-4.468
 20
-38.408
 30
0.0
 11
-4.905
 21
-38.408
 31
0.0
  0
LINE
  5
1227
330
1F
100
AcDbEntity
  8
0
  6
Continuous
 62
     7
370
    25
100
AcDbLine
 10
-4.905
 20
-38.408
 30
0.0
 11
-4.905
 21
-38.845
 31
0.0
  0
LINE
  5
1228
330
1F
100
AcDbEntity
  8
0
  6
Continuous
 62
     7
370
    25
100
AcDbLine
 10
-4.905
 20
-38.845
 30
0.0
 11
-4.468
 21
-38.845
 31
0.0
  0
LINE
  5
1229
330
1F
100
AcDbEntity
  8
0
  6
Continuous
 62
     7
370
    25
100
AcDbLine
 10
-4.468
 20
-38.845
 30
0.0
 11
-4.468
 21
-38.408
 31
0.0
  0
LINE
  5
122A
330
1F
100
AcDbEntity
  8
0
  6
Continuous
 62
     7
370
    25
100
AcDbLine
 10
-3.843
 20
-38.408
 30
0.0
 11
-4.28
 21
-38.408
 31
0.0
  0
LINE
  5
122B
330
1F
100
AcDbEntity
  8
0
  6
Continuous
 62
     7
370
    25
100
AcDbLine
 10
-4.28
 20
-38.408
 30
0.0
 11
-4.28
 21
-38.845
 31
0.0
  0
LINE
  5
122C
330
1F
100
AcDbEntity
  8
0
  6
Continuous
 62
     7
370
    25
100
AcDbLine
 10
-4.28
 20
-38.845
 30
0.0
 11
-3.843
 21
-38.845
 31
0.0
  0
LINE
  5
122D
330
1F
100
AcDbEntity
  8
0
  6
Continuous
 62
     7
370
    25
100
AcDbLine
 10
-3.843
 20
-38.845
 30
0.0
 11
-3.843
 21
-38.408
 31
0.0
  0
LINE
  5
122E
330
1F
100
AcDbEntity
  8
0
  6
Continuous
 62
     7
370
    25
100
AcDbLine
 10
-3.843
 20
-2.594
 30
0.0
 11
-4.28
 21
-2.594
 31
0.0
  0
LINE
  5
122F
330
1F
100
AcDbEntity
  8
0
  6
Continuous
 62
     7
370
    25
100
AcDbLine
 10
-4.28
 20
-2.594
 30
0.0
 11
-4.28
 21
-3.031
 31
0.0
  0
LINE
  5
1230
330
1F
100
AcDbEntity
  8
0
  6
Continuous
 62
     7
370
    25
100
AcDbLine
 10
-4.28
 20
-3.031
 30
0.0
 11
-3.843
 21
-3.031
 31
0.0
  0
LINE
  5
1231
330
1F
100
AcDbEntity
  8
0
  6
Continuous
 62
     7
370
    25
100
AcDbLine
 10
-3.843
 20
-3.031
 30
0.0
 11
-3.843
 21
-2.594
 31
0.0
  0
LINE
  5
1232
330
1F
100
AcDbEntity
  8
0
  6
Continuous
 62
     7
370
    25
100
AcDbLine
 10
6.157
 20
-3.219
 30
0.0
 11
5.72
 21
-3.219
 31
0.0
  0
LINE
  5
1233
330
1F
100
AcDbEntity
  8
0
  6
Continuous
 62
     7
370
    25
100
AcDbLine
 10
5.72
 20
-3.219
 30
0.0
 11
5.72
 21
-3.656
 31
0.0
  0
LINE
  5
1234
330
1F
100
AcDbEntity
  8
0
  6
Continuous
 62
     7
370
    25
100
AcDbLine
 10
5.72
 20
-3.656
 30
0.0
 11
6.157
 21
-3.656
 31
0.0
  0
LINE
  5
1235
330
1F
100
AcDbEntity
  8
0
  6
Continuous
 62
     7
370
    25
100
AcDbLine
 10
6.157
 20
-3.656
 30
0.0
 11
6.157
 21
-3.219
 31
0.0
  0
LINE
  5
1236
330
1F
100
AcDbEntity
  8
0
  6
Continuous
 62
     7
370
    25
100
AcDbLine
 10
5.532
 20
32.597
 30
0.0
 11
5.095
 21
32.597
 31
0.0
  0
LINE
  5
1237
330
1F
100
AcDbEntity
  8
0
  6
Continuous
 62
     7
370
    25
100
AcDbLine
 10
5.095
 20
32.597
 30
0.0
 11
5.095
 21
32.16
 31
0.0
  0
LINE
  5
1238
330
1F
100
AcDbEntity
  8
0
  6
Continuous
 62
     7
370
    25
100
AcDbLine
 10
5.095
 20
32.16
 30
0.0
 11
5.532
 21
32.16
 31
0.0
  0
LINE
  5
1239
330
1F
100
AcDbEntity
  8
0
  6
Continuous
 62
     7
370
    25
100
AcDbLine
 10
5.532
 20
32.16
 30
0.0
 11
5.532
 21
32.597
 31
0.0
  0
LINE
  5
123A
330
1F
100
AcDbEntity
  8
0
  6
Continuous
 62
     7
370
    25
100
AcDbLine
 10
6.157
 20
32.597
 30
0.0
 11
5.72
 21
32.597
 31
0.0
  0
LINE
  5
123B
330
1F
100
AcDbEntity
  8
0
  6
Continuous
 62
     7
370
    25
100
AcDbLine
 10
5.72
 20
32.597
 30
0.0
 11
5.72
 21
32.16
 31
0.0
  0
LINE
  5
123C
330
1F
100
AcDbEntity
  8
0
  6
Continuous
 62
     7
370
    25
100
AcDbLine
 10
5.72
 20
32.16
 30
0.0
 11
6.157
 21
32.16
 31
0.0
  0
LINE
  5
123D
330
1F
100
AcDbEntity
  8
0
  6
Continuous
 62
     7
370
    25
100
AcDbLine
 10
6.157
 20
32.16
 30
0.0
 11
6.157
 21
32.597
 31
0.0
  0
LINE
  5
123E
330
1F
100
AcDbEntity
  8
0
  6
Continuous
 62
     7
370
    25
100
AcDbLine
 10
6.157
 20
-39.033
 30
0.0
 11
5.72
 21
-39.033
 31
0.0
  0
LINE
  5
123F
330
1F
100
AcDbEntity
  8
0
  6
Continuous
 62
     7
370
    25
100
AcDbLine
 10
5.72
 20
-39.033
 30
0.0
 11
5.72
 21
-39.47
 31
0.0
  0
LINE
  5
1240
330
1F
100
AcDbEntity
  8
0
  6
Continuous
 62
     7
370
    25
100
AcDbLine
 10
5.72
 20
-39.47
 30
0.0
 11
6.157
 21
-39.47
 31
0.0
  0
LINE
  5
1241
330
1F
100
AcDbEntity
  8
0
  6
Continuous
 62
     7
370
    25
100
AcDbLine
 10
6.157
 20
-39.47
 30
0.0
 11
6.157
 21
-39.033
 31
0.0
  0
LINE
  5
1242
330
1F
100
AcDbEntity
  8
0
  6
Continuous
 62
     7
370
    25
100
AcDbLine
 10
-5.093
 20
-38.408
 30
0.0
 11
-5.53
 21
-38.408
 31
0.0
  0
LINE
  5
1243
330
1F
100
AcDbEntity
  8
0
  6
Continuous
 62
     7
370
    25
100
AcDbLine
 10
-5.53
 20
-38.408
 30
0.0
 11
-5.53
 21
-38.845
 31
0.0
  0
LINE
  5
1244
330
1F
100
AcDbEntity
  8
0
  6
Continuous
 62
     7
370
    25
100
AcDbLine
 10
-5.53
 20
-38.845
 30
0.0
 11
-5.093
 21
-38.845
 31
0.0
  0
LINE
  5
1245
330
1F
100
AcDbEntity
  8
0
  6
Continuous
 62
     7
370
    25
100
AcDbLine
 10
-5.093
 20
-38.845
 30
0.0
 11
-5.093
 21
-38.408
 31
0.0
  0
LINE
  5
1246
330
1F
100
AcDbEntity
  8
0
  6
Continuous
 62
     7
370
    25
100
AcDbLine
 10
-5.093
 20
-2.594
 30
0.0
 11
-5.53
 21
-2.594
 31
0.0
  0
LINE
  5
1247
330
1F
100
AcDbEntity
  8
0
  6
Continuous
 62
     7
370
    25
100
AcDbLine
 10
-5.53
 20
-2.594
 30
0.0
 11
-5.53
 21
-3.031
 31
0.0
  0
LINE
  5
1248
330
1F
100
AcDbEntity
  8
0
  6
Continuous
 62
     7
370
    25
100
AcDbLine
 10
-5.53
 20
-3.031
 30
0.0
 11
-5.093
 21
-3.031
 31
0.0
  0
LINE
  5
1249
330
1F
100
AcDbEntity
  8
0
  6
Continuous
 62
     7
370
    25
100
AcDbLine
 10
-5.093
 20
-3.031
 30
0.0
 11
-5.093
 21
-2.594
 31
0.0
  0
LINE
  5
124A
330
1F
100
AcDbEntity
  8
0
  6
Continuous
 62
     7
370
    25
100
AcDbLine
 10
-4.468
 20
-2.594
 30
0.0
 11
-4.905
 21
-2.594
 31
0.0
  0
LINE
  5
124B
330
1F
100
AcDbEntity
  8
0
  6
Continuous
 62
     7
370
    25
100
AcDbLine
 10
-4.905
 20
-2.594
 30
0.0
 11
-4.905
 21
-3.031
 31
0.0
  0
LINE
  5
124C
330
1F
100
AcDbEntity
  8
0
  6
Continuous
 62
     7
370
    25
100
AcDbLine
 10
-4.905
 20
-3.031
 30
0.0
 11
-4.468
 21
-3.031
 31
0.0
  0
LINE
  5
124D
330
1F
100
AcDbEntity
  8
0
  6
Continuous
 62
     7
370
    25
100
AcDbLine
 10
-4.468
 20
-3.031
 30
0.0
 11
-4.468
 21
-2.594
 31
0.0
  0
LINE
  5
124E
330
1F
100
AcDbEntity
  8
0
  6
Continuous
 62
     7
370
    25
100
AcDbLine
 10
-5.093
 20
33.222
 30
0.0
 11
-5.53
 21
33.222
 31
0.0
  0
LINE
  5
124F
330
1F
100
AcDbEntity
  8
0
  6
Continuous
 62
     7
370
    25
100
AcDbLine
 10
-5.53
 20
33.222
 30
0.0
 11
-5.53
 21
32.785
 31
0.0
  0
LINE
  5
1250
330
1F
100
AcDbEntity
  8
0
  6
Continuous
 62
     7
370
    25
100
AcDbLine
 10
-5.53
 20
32.785
 30
0.0
 11
-5.093
 21
32.785
 31
0.0
  0
LINE
  5
1251
330
1F
100
AcDbEntity
  8
0
  6
Continuous
 62
     7
370
    25
100
AcDbLine
 10
-5.093
 20
32.785
 30
0.0
 11
-5.093
 21
33.222
 31
0.0
  0
LINE
  5
1252
330
1F
100
AcDbEntity
  8
0
  6
Continuous
 62
     7
370
    25
100
AcDbLine
 10
0.532
 20
-3.219
 30
0.0
 11
0.095
 21
-3.219
 31
0.0
  0
LINE
  5
1253
330
1F
100
AcDbEntity
  8
0
  6
Continuous
 62
     7
370
    25
100
AcDbLine
 10
0.095
 20
-3.219
 30
0.0
 11
0.095
 21
-3.656
 31
0.0
  0
LINE
  5
1254
330
1F
100
AcDbEntity
  8
0
  6
Continuous
 62
     7
370
    25
100
AcDbLine
 10
0.095
 20
-3.656
 30
0.0
 11
0.532
 21
-3.656
 31
0.0
  0
LINE
  5
1255
330
1F
100
AcDbEntity
  8
0
  6
Continuous
 62
     7
370
    25
100
AcDbLine
 10
0.532
 20
-3.656
 30
0.0
 11
0.532
 21
-3.219
 31
0.0
  0
LINE
  5
1256
330
1F
100
AcDbEntity
  8
0
  6
Continuous
 62
     7
370
    25
100
AcDbLine
 10
0.532
 20
-39.033
 30
0.0
 11
0.095
 21
-39.033
 31
0.0
  0
LINE
  5
1257
330
1F
100
AcDbEntity
  8
0
  6
Continuous
 62
     7
370
    25
100
AcDbLine
 10
0.095
 20
-39.033
 30
0.0
 11
0.095
 21
-39.47
 31
0.0
  0
LINE
  5
1258
330
1F
100
AcDbEntity
  8
0
  6
Continuous
 62
     7
370
    25
100
AcDbLine
 10
0.095
 20
-39.47
 30
0.0
 11
0.532
 21
-39.47
 31
0.0
  0
LINE
  5
1259
330
1F
100
AcDbEntity
  8
0
  6
Continuous
 62
     7
370
    25
100
AcDbLine
 10
0.532
 20
-39.47
 30
0.0
 11
0.532
 21
-39.033
 31
0.0
  0
LINE
  5
125A
330
1F
100
AcDbEntity
  8
0
  6
Continuous
 62
     7
370
    25
100
AcDbLine
 10
-0.093
 20
-39.033
 30
0.0
 11
-0.53
 21
-39.033
 31
0.0
  0
LINE
  5
125B
330
1F
100
AcDbEntity
  8
0
  6
Continuous
 62
     7
370
    25
100
AcDbLine
 10
-0.53
 20
-39.033
 30
0.0
 11
-0.53
 21
-39.47
 31
0.0
  0
LINE
  5
125C
330
1F
100
AcDbEntity
  8
0
  6
Continuous
 62
     7
370
    25
100
AcDbLine
 10
-0.53
 20
-39.47
 30
0.0
 11
-0.093
 21
-39.47
 31
0.0
  0
LINE
  5
125D
330
1F
100
AcDbEntity
  8
0
  6
Continuous
 62
     7
370
    25
100
AcDbLine
 10
-0.093
 20
-39.47
 30
0.0
 11
-0.093
 21
-39.033
 31
0.0
  0
LINE
  5
125E
330
1F
100
AcDbEntity
  8
0
  6
Continuous
 62
     7
370
    25
100
AcDbLine
 10
-0.093
 20
32.597
 30
0.0
 11
-0.53
 21
32.597
 31
0.0
  0
LINE
  5
125F
330
1F
100
AcDbEntity
  8
0
  6
Continuous
 62
     7
370
    25
100
AcDbLine
 10
-0.53
 20
32.597
 30
0.0
 11
-0.53
 21
32.16
 31
0.0
  0
LINE
  5
1260
330
1F
100
AcDbEntity
  8
0
  6
Continuous
 62
     7
370
    25
100
AcDbLine
 10
-0.53
 20
32.16
 30
0.0
 11
-0.093
 21
32.16
 31
0.0
  0
LINE
  5
1261
330
1F
100
AcDbEntity
  8
0
  6
Continuous
 62
     7
370
    25
100
AcDbLine
 10
-0.093
 20
32.16
 30
0.0
 11
-0.093
 21
32.597
 31
0.0
  0
LINE
  5
1262
330
1F
100
AcDbEntity
  8
0
  6
Continuous
 62
     7
370
    25
100
AcDbLine
 10
4.282
 20
-39.033
 30
0.0
 11
3.845
 21
-39.033
 31
0.0
  0
LINE
  5
1263
330
1F
100
AcDbEntity
  8
0
  6
Continuous
 62
     7
370
    25
100
AcDbLine
 10
3.845
 20
-39.033
 30
0.0
 11
3.845
 21
-39.47
 31
0.0
  0
LINE
  5
1264
330
1F
100
AcDbEntity
  8
0
  6
Continuous
 62
     7
370
    25
100
AcDbLine
 10
3.845
 20
-39.47
 30
0.0
 11
4.282
 21
-39.47
 31
0.0
  0
LINE
  5
1265
330
1F
100
AcDbEntity
  8
0
  6
Continuous
 62
     7
370
    25
100
AcDbLine
 10
4.282
 20
-39.47
 30
0.0
 11
4.282
 21
-39.033
 31
0.0
  0
LINE
  5
1266
330
1F
100
AcDbEntity
  8
0
  6
Continuous
 62
     7
370
    25
100
AcDbLine
 10
4.282
 20
-3.219
 30
0.0
 11
3.845
 21
-3.219
 31
0.0
  0
LINE
  5
1267
330
1F
100
AcDbEntity
  8
0
  6
Continuous
 62
     7
370
    25
100
AcDbLine
 10
3.845
 20
-3.219
 30
0.0
 11
3.845
 21
-3.656
 31
0.0
  0
LINE
  5
1268
330
1F
100
AcDbEntity
  8
0
  6
Continuous
 62
     7
370
    25
100
AcDbLine
 10
3.845
 20
-3.656
 30
0.0
 11
4.282
 21
-3.656
 31
0.0
  0
LINE
  5
1269
330
1F
100
AcDbEntity
  8
0
  6
Continuous
 62
     7
370
    25
100
AcDbLine
 10
4.282
 20
-3.656
 30
0.0
 11
4.282
 21
-3.219
 31
0.0
  0
LINE
  5
126A
330
1F
100
AcDbEntity
  8
0
  6
Continuous
 62
     7
370
    25
100
AcDbLine
 10
4.907
 20
-3.219
 30
0.0
 11
4.47
 21
-3.219
 31
0.0
  0
LINE
  5
126B
330
1F
100
AcDbEntity
  8
0
  6
Continuous
 62
     7
370
    25
100
AcDbLine
 10
4.47
 20
-3.219
 30
0.0
 11
4.47
 21
-3.656
 31
0.0
  0
LINE
  5
126C
330
1F
100
AcDbEntity
  8
0
  6
Continuous
 62
     7
370
    25
100
AcDbLine
 10
4.47
 20
-3.656
 30
0.0
 11
4.907
 21
-3.656
 31
0.0
  0
LINE
  5
126D
330
1F
100
AcDbEntity
  8
0
  6
Continuous
 62
     7
370
    25
100
AcDbLine
 10
4.907
 20
-3.656
 30
0.0
 11
4.907
 21
-3.219
 31
0.0
  0
LINE
  5
126E
330
1F
100
AcDbEntity
  8
0
  6
Continuous
 62
     7
370
    25
100
AcDbLine
 10
4.282
 20
32.597
 30
0.0
 11
3.845
 21
32.597
 31
0.0
  0
LINE
  5
126F
330
1F
100
AcDbEntity
  8
0
  6
Continuous
 62
     7
370
    25
100
AcDbLine
 10
3.845
 20
32.597
 30
0.0
 11
3.845
 21
32.16
 31
0.0
  0
LINE
  5
1270
330
1F
100
AcDbEntity
  8
0
  6
Continuous
 62
     7
370
    25
100
AcDbLine
 10
3.845
 20
32.16
 30
0.0
 11
4.282
 21
32.16
 31
0.0
  0
LINE
  5
1271
330
1F
100
AcDbEntity
  8
0
  6
Continuous
 62
     7
370
    25
100
AcDbLine
 10
4.282
 20
32.16
 30
0.0
 11
4.282
 21
32.597
 31
0.0
  0
LINE
  5
1272
330
1F
100
AcDbEntity
  8
0
  6
Continuous
 62
     7
370
    25
100
AcDbLine
 10
5.532
 20
-3.219
 30
0.0
 11
5.095
 21
-3.219
 31
0.0
  0
LINE
  5
1273
330
1F
100
AcDbEntity
  8
0
  6
Continuous
 62
     7
370
    25
100
AcDbLine
 10
5.095
 20
-3.219
 30
0.0
 11
5.095
 21
-3.656
 31
0.0
  0
LINE
  5
1274
330
1F
100
AcDbEntity
  8
0
  6
Continuous
 62
     7
370
    25
100
AcDbLine
 10
5.095
 20
-3.656
 30
0.0
 11
5.532
 21
-3.656
 31
0.0
  0
LINE
  5
1275
330
1F
100
AcDbEntity
  8
0
  6
Continuous
 62
     7
370
    25
100
AcDbLine
 10
5.532
 20
-3.656
 30
0.0
 11
5.532
 21
-3.219
 31
0.0
  0
LINE
  5
1276
330
1F
100
AcDbEntity
  8
0
  6
Continuous
 62
     7
370
    25
100
AcDbLine
 10
5.532
 20
-39.033
 30
0.0
 11
5.095
 21
-39.033
 31
0.0
  0
LINE
  5
1277
330
1F
100
AcDbEntity
  8
0
  6
Continuous
 62
     7
370
    25
100
AcDbLine
 10
5.095
 20
-39.033
 30
0.0
 11
5.095
 21
-39.47
 31
0.0
  0
LINE
  5
1278
330
1F
100
AcDbEntity
  8
0
  6
Continuous
 62
     7
370
    25
100
AcDbLine
 10
5.095
 20
-39.47
 30
0.0
 11
5.532
 21
-39.47
 31
0.0
  0
LINE
  5
1279
330
1F
100
AcDbEntity
  8
0
  6
Continuous
 62
     7
370
    25
100
AcDbLine
 10
5.532
 20
-39.47
 30
0.0
 11
5.532
 21
-39.033
 31
0.0
  0
LINE
  5
127A
330
1F
100
AcDbEntity
  8
0
  6
Continuous
 62
     7
370
    25
100
AcDbLine
 10
4.907
 20
-39.033
 30
0.0
 11
4.47
 21
-39.033
 31
0.0
  0
LINE
  5
127B
330
1F
100
AcDbEntity
  8
0
  6
Continuous
 62
     7
370
    25
100
AcDbLine
 10
4.47
 20
-39.033
 30
0.0
 11
4.47
 21
-39.47
 31
0.0
  0
LINE
  5
127C
330
1F
100
AcDbEntity
  8
0
  6
Continuous
 62
     7
370
    25
100
AcDbLine
 10
4.47
 20
-39.47
 30
0.0
 11
4.907
 21
-39.47
 31
0.0
  0
LINE
  5
127D
330
1F
100
AcDbEntity
  8
0
  6
Continuous
 62
     7
370
    25
100
AcDbLine
 10
4.907
 20
-39.47
 30
0.0
 11
4.907
 21
-39.033
 31
0.0
  0
LINE
  5
127E
330
1F
100
AcDbEntity
  8
0
  6
Continuous
 62
     7
370
    25
100
AcDbLine
 10
4.907
 20
32.597
 30
0.0
 11
4.47
 21
32.597
 31
0.0
  0
LINE
  5
127F
330
1F
100
AcDbEntity
  8
0
  6
Continuous
 62
     7
370
    25
100
AcDbLine
 10
4.47
 20
32.597
 30
0.0
 11
4.47
 21
32.16
 31
0.0
  0
LINE
  5
1280
330
1F
100
AcDbEntity
  8
0
  6
Continuous
 62
     7
370
    25
100
AcDbLine
 10
4.47
 20
32.16
 30
0.0
 11
4.907
 21
32.16
 31
0.0
  0
LINE
  5
1281
330
1F
100
AcDbEntity
  8
0
  6
Continuous
 62
     7
370
    25
100
AcDbLine
 10
4.907
 20
32.16
 30
0.0
 11
4.907
 21
32.597
 31
0.0
  0
LINE
  5
1282
330
1F
100
AcDbEntity
  8
0
  6
Continuous
 62
     7
370
    25
100
AcDbLine
 10
3.032
 20
-3.219
 30
0.0
 11
2.595
 21
-3.219
 31
0.0
  0
LINE
  5
1283
330
1F
100
AcDbEntity
  8
0
  6
Continuous
 62
     7
370
    25
100
AcDbLine
 10
2.595
 20
-3.219
 30
0.0
 11
2.595
 21
-3.656
 31
0.0
  0
LINE
  5
1284
330
1F
100
AcDbEntity
  8
0
  6
Continuous
 62
     7
370
    25
100
AcDbLine
 10
2.595
 20
-3.656
 30
0.0
 11
3.032
 21
-3.656
 31
0.0
  0
LINE
  5
1285
330
1F
100
AcDbEntity
  8
0
  6
Continuous
 62
     7
370
    25
100
AcDbLine
 10
3.032
 20
-3.656
 30
0.0
 11
3.032
 21
-3.219
 31
0.0
  0
LINE
  5
1286
330
1F
100
AcDbEntity
  8
0
  6
Continuous
 62
     7
370
    25
100
AcDbLine
 10
3.032
 20
-39.033
 30
0.0
 11
2.595
 21
-39.033
 31
0.0
  0
LINE
  5
1287
330
1F
100
AcDbEntity
  8
0
  6
Continuous
 62
     7
370
    25
100
AcDbLine
 10
2.595
 20
-39.033
 30
0.0
 11
2.595
 21
-39.47
 31
0.0
  0
LINE
  5
1288
330
1F
100
AcDbEntity
  8
0
  6
Continuous
 62
     7
370
    25
100
AcDbLine
 10
2.595
 20
-39.47
 30
0.0
 11
3.032
 21
-39.47
 31
0.0
  0
LINE
  5
1289
330
1F
100
AcDbEntity
  8
0
  6
Continuous
 62
     7
370
    25
100
AcDbLine
 10
3.032
 20
-39.47
 30
0.0
 11
3.032
 21
-39.033
 31
0.0
  0
LINE
  5
128A
330
1F
100
AcDbEntity
  8
0
  6
Continuous
 62
     7
370
    25
100
AcDbLine
 10
2.407
 20
-39.033
 30
0.0
 11
1.97
 21
-39.033
 31
0.0
  0
LINE
  5
128B
330
1F
100
AcDbEntity
  8
0
  6
Continuous
 62
     7
370
    25
100
AcDbLine
 10
1.97
 20
-39.033
 30
0.0
 11
1.97
 21
-39.47
 31
0.0
  0
LINE
  5
128C
330
1F
100
AcDbEntity
  8
0
  6
Continuous
 62
     7
370
    25
100
AcDbLine
 10
1.97
 20
-39.47
 30
0.0
 11
2.407
 21
-39.47
 31
0.0
  0
LINE
  5
128D
330
1F
100
AcDbEntity
  8
0
  6
Continuous
 62
     7
370
    25
100
AcDbLine
 10
2.407
 20
-39.47
 30
0.0
 11
2.407
 21
-39.033
 31
0.0
  0
LINE
  5
128E
330
1F
100
AcDbEntity
  8
0
  6
Continuous
 62
     7
370
    25
100
AcDbLine
 10
2.407
 20
32.597
 30
0.0
 11
1.97
 21
32.597
 31
0.0
  0
LINE
  5
128F
330
1F
100
AcDbEntity
  8
0
  6
Continuous
 62
     7
370
    25
100
AcDbLine
 10
1.97
 20
32.597
 30
0.0
 11
1.97
 21
32.16
 31
0.0
  0
LINE
  5
1290
330
1F
100
AcDbEntity
  8
0
  6
Continuous
 62
     7
370
    25
100
AcDbLine
 10
1.97
 20
32.16
 30
0.0
 11
2.407
 21
32.16
 31
0.0
  0
LINE
  5
1291
330
1F
100
AcDbEntity
  8
0
  6
Continuous
 62
     7
370
    25
100
AcDbLine
 10
2.407
 20
32.16
 30
0.0
 11
2.407
 21
32.597
 31
0.0
  0
LINE
  5
1292
330
1F
100
AcDbEntity
  8
0
  6
Continuous
 62
     7
370
    25
100
AcDbLine
 10
1.157
 20
-39.033
 30
0.0
 11
0.72
 21
-39.033
 31
0.0
  0
LINE
  5
1293
330
1F
100
AcDbEntity
  8
0
  6
Continuous
 62
     7
370
    25
100
AcDbLine
 10
0.72
 20
-39.033
 30
0.0
 11
0.72
 21
-39.47
 31
0.0
  0
LINE
  5
1294
330
1F
100
AcDbEntity
  8
0
  6
Continuous
 62
     7
370
    25
100
AcDbLine
 10
0.72
 20
-39.47
 30
0.0
 11
1.157
 21
-39.47
 31
0.0
  0
LINE
  5
1295
330
1F
100
AcDbEntity
  8
0
  6
Continuous
 62
     7
370
    25
100
AcDbLine
 10
1.157
 20
-39.47
 30
0.0
 11
1.157
 21
-39.033
 31
0.0
  0
LINE
  5
1296
330
1F
100
AcDbEntity
  8
0
  6
Continuous
 62
     7
370
    25
100
AcDbLine
 10
1.157
 20
32.597
 30
0.0
 11
0.72
 21
32.597
 31
0.0
  0
LINE
  5
1297
330
1F
100
AcDbEntity
  8
0
  6
Continuous
 62
     7
370
    25
100
AcDbLine
 10
0.72
 20
32.597
 30
0.0
 11
0.72
 21
32.16
 31
0.0
  0
LINE
  5
1298
330
1F
100
AcDbEntity
  8
0
  6
Continuous
 62
     7
370
    25
100
AcDbLine
 10
0.72
 20
32.16
 30
0.0
 11
1.157
 21
32.16
 31
0.0
  0
LINE
  5
1299
330
1F
100
AcDbEntity
  8
0
  6
Continuous
 62
     7
370
    25
100
AcDbLine
 10
1.157
 20
32.16
 30
0.0
 11
1.157
 21
32.597
 31
0.0
  0
LINE
  5
129A
330
1F
100
AcDbEntity
  8
0
  6
Continuous
 62
     7
370
    25
100
AcDbLine
 10
0.532
 20
32.597
 30
0.0
 11
0.095
 21
32.597
 31
0.0
  0
LINE
  5
129B
330
1F
100
AcDbEntity
  8
0
  6
Continuous
 62
     7
370
    25
100
AcDbLine
 10
0.095
 20
32.597
 30
0.0
 11
0.095
 21
32.16
 31
0.0
  0
LINE
  5
129C
330
1F
100
AcDbEntity
  8
0
  6
Continuous
 62
     7
370
    25
100
AcDbLine
 10
0.095
 20
32.16
 30
0.0
 11
0.532
 21
32.16
 31
0.0
  0
LINE
  5
129D
330
1F
100
AcDbEntity
  8
0
  6
Continuous
 62
     7
370
    25
100
AcDbLine
 10
0.532
 20
32.16
 30
0.0
 11
0.532
 21
32.597
 31
0.0
  0
LINE
  5
129E
330
1F
100
AcDbEntity
  8
0
  6
Continuous
 62
     7
370
    25
100
AcDbLine
 10
1.157
 20
-3.219
 30
0.0
 11
0.72
 21
-3.219
 31
0.0
  0
LINE
  5
129F
330
1F
100
AcDbEntity
  8
0
  6
Continuous
 62
     7
370
    25
100
AcDbLine
 10
0.72
 20
-3.219
 30
0.0
 11
0.72
 21
-3.656
 31
0.0
  0
LINE
  5
12A0
330
1F
100
AcDbEntity
  8
0
  6
Continuous
 62
     7
370
    25
100
AcDbLine
 10
0.72
 20
-3.656
 30
0.0
 11
1.157
 21
-3.656
 31
0.0
  0
LINE
  5
12A1
330
1F
100
AcDbEntity
  8
0
  6
Continuous
 62
     7
370
    25
100
AcDbLine
 10
1.157
 20
-3.656
 30
0.0
 11
1.157
 21
-3.219
 31
0.0
  0
LINE
  5
12A2
330
1F
100
AcDbEntity
  8
0
  6
Continuous
 62
     7
370
    25
100
AcDbLine
 10
1.157
 20
34.472
 30
0.0
 11
0.72
 21
34.472
 31
0.0
  0
LINE
  5
12A3
330
1F
100
AcDbEntity
  8
0
  6
Continuous
 62
     7
370
    25
100
AcDbLine
 10
0.72
 20
34.472
 30
0.0
 11
0.72
 21
34.035
 31
0.0
  0
LINE
  5
12A4
330
1F
100
AcDbEntity
  8
0
  6
Continuous
 62
     7
370
    25
100
AcDbLine
 10
0.72
 20
34.035
 30
0.0
 11
1.157
 21
34.035
 31
0.0
  0
LINE
  5
12A5
330
1F
100
AcDbEntity
  8
0
  6
Continuous
 62
     7
370
    25
100
AcDbLine
 10
1.157
 20
34.035
 30
0.0
 11
1.157
 21
34.472
 31
0.0
  0
LINE
  5
12A6
330
1F
100
AcDbEntity
  8
0
  6
Continuous
 62
     7
370
    25
100
AcDbLine
 10
1.782
 20
-1.344
 30
0.0
 11
1.345
 21
-1.344
 31
0.0
  0
LINE
  5
12A7
330
1F
100
AcDbEntity
  8
0
  6
Continuous
 62
     7
370
    25
100
AcDbLine
 10
1.345
 20
-1.344
 30
0.0
 11
1.345
 21
-1.781
 31
0.0
  0
LINE
  5
12A8
330
1F
100
AcDbEntity
  8
0
  6
Continuous
 62
     7
370
    25
100
AcDbLine
 10
1.345
 20
-1.781
 30
0.0
 11
1.782
 21
-1.781
 31
0.0
  0
LINE
  5
12A9
330
1F
100
AcDbEntity
  8
0
  6
Continuous
 62
     7
370
    25
100
AcDbLine
 10
1.782
 20
-1.781
 30
0.0
 11
1.782
 21
-1.344
 31
0.0
  0
LINE
  5
12AA
330
1F
100
AcDbEntity
  8
0
  6
Continuous
 62
     7
370
    25
100
AcDbLine
 10
1.157
 20
-1.344
 30
0.0
 11
0.72
 21
-1.344
 31
0.0
  0
LINE
  5
12AB
330
1F
100
AcDbEntity
  8
0
  6
Continuous
 62
     7
370
    25
100
AcDbLine
 10
0.72
 20
-1.344
 30
0.0
 11
0.72
 21
-1.781
 31
0.0
  0
LINE
  5
12AC
330
1F
100
AcDbEntity
  8
0
  6
Continuous
 62
     7
370
    25
100
AcDbLine
 10
0.72
 20
-1.781
 30
0.0
 11
1.157
 21
-1.781
 31
0.0
  0
LINE
  5
12AD
330
1F
100
AcDbEntity
  8
0
  6
Continuous
 62
     7
370
    25
100
AcDbLine
 10
1.157
 20
-1.781
 30
0.0
 11
1.157
 21
-1.344
 31
0.0
  0
LINE
  5
12AE
330
1F
100
AcDbEntity
  8
0
  6
Continuous
 62
     7
370
    25
100
AcDbLine
 10
1.157
 20
-37.158
 30
0.0
 11
0.72
 21
-37.158
 31
0.0
  0
LINE
  5
12AF
330
1F
100
AcDbEntity
  8
0
  6
Continuous
 62
     7
370
    25
100
AcDbLine
 10
0.72
 20
-37.158
 30
0.0
 11
0.72
 21
-37.595
 31
0.0
  0
LINE
  5
12B0
330
1F
100
AcDbEntity
  8
0
  6
Continuous
 62
     7
370
    25
100
AcDbLine
 10
0.72
 20
-37.595
 30
0.0
 11
1.157
 21
-37.595
 31
0.0
  0
LINE
  5
12B1
330
1F
100
AcDbEntity
  8
0
  6
Continuous
 62
     7
370
    25
100
AcDbLine
 10
1.157
 20
-37.595
 30
0.0
 11
1.157
 21
-37.158
 31
0.0
  0
LINE
  5
12B2
330
1F
100
AcDbEntity
  8
0
  6
Continuous
 62
     7
370
    25
100
AcDbLine
 10
1.782
 20
-39.033
 30
0.0
 11
1.345
 21
-39.033
 31
0.0
  0
LINE
  5
12B3
330
1F
100
AcDbEntity
  8
0
  6
Continuous
 62
     7
370
    25
100
AcDbLine
 10
1.345
 20
-39.033
 30
0.0
 11
1.345
 21
-39.47
 31
0.0
  0
LINE
  5
12B4
330
1F
100
AcDbEntity
  8
0
  6
Continuous
 62
     7
370
    25
100
AcDbLine
 10
1.345
 20
-39.47
 30
0.0
 11
1.782
 21
-39.47
 31
0.0
  0
LINE
  5
12B5
330
1F
100
AcDbEntity
  8
0
  6
Continuous
 62
     7
370
    25
100
AcDbLine
 10
1.782
 20
-39.47
 30
0.0
 11
1.782
 21
-39.033
 31
0.0
  0
LINE
  5
12B6
330
1F
100
AcDbEntity
  8
0
  6
Continuous
 62
     7
370
    25
100
AcDbLine
 10
1.782
 20
-3.219
 30
0.0
 11
1.345
 21
-3.219
 31
0.0
  0
LINE
  5
12B7
330
1F
100
AcDbEntity
  8
0
  6
Continuous
 62
     7
370
    25
100
AcDbLine
 10
1.345
 20
-3.219
 30
0.0
 11
1.345
 21
-3.656
 31
0.0
  0
LINE
  5
12B8
330
1F
100
AcDbEntity
  8
0
  6
Continuous
 62
     7
370
    25
100
AcDbLine
 10
1.345
 20
-3.656
 30
0.0
 11
1.782
 21
-3.656
 31
0.0
  0
LINE
  5
12B9
330
1F
100
AcDbEntity
  8
0
  6
Continuous
 62
     7
370
    25
100
AcDbLine
 10
1.782
 20
-3.656
 30
0.0
 11
1.782
 21
-3.219
 31
0.0
  0
LINE
  5
12BA
330
1F
100
AcDbEntity
  8
0
  6
Continuous
 62
     7
370
    25
100
AcDbLine
 10
2.407
 20
-3.219
 30
0.0
 11
1.97
 21
-3.219
 31
0.0
  0
LINE
  5
12BB
330
1F
100
AcDbEntity
  8
0
  6
Continuous
 62
     7
370
    25
100
AcDbLine
 10
1.97
 20
-3.219
 30
0.0
 11
1.97
 21
-3.656
 31
0.0
  0
LINE
  5
12BC
330
1F
100
AcDbEntity
  8
0
  6
Continuous
 62
     7
370
    25
100
AcDbLine
 10
1.97
 20
-3.656
 30
0.0
 11
2.407
 21
-3.656
 31
0.0
  0
LINE
  5
12BD
330
1F
100
AcDbEntity
  8
0
  6
Continuous
 62
     7
370
    25
100
AcDbLine
 10
2.407
 20
-3.656
 30
0.0
 11
2.407
 21
-3.219
 31
0.0
  0
LINE
  5
12BE
330
1F
100
AcDbEntity
  8
0
  6
Continuous
 62
     7
370
    25
100
AcDbLine
 10
1.782
 20
32.597
 30
0.0
 11
1.345
 21
32.597
 31
0.0
  0
LINE
  5
12BF
330
1F
100
AcDbEntity
  8
0
  6
Continuous
 62
     7
370
    25
100
AcDbLine
 10
1.345
 20
32.597
 30
0.0
 11
1.345
 21
32.16
 31
0.0
  0
LINE
  5
12C0
330
1F
100
AcDbEntity
  8
0
  6
Continuous
 62
     7
370
    25
100
AcDbLine
 10
1.345
 20
32.16
 30
0.0
 11
1.782
 21
32.16
 31
0.0
  0
LINE
  5
12C1
330
1F
100
AcDbEntity
  8
0
  6
Continuous
 62
     7
370
    25
100
AcDbLine
 10
1.782
 20
32.16
 30
0.0
 11
1.782
 21
32.597
 31
0.0
  0
LINE
  5
12C2
330
1F
100
AcDbEntity
  8
0
  6
Continuous
 62
     7
370
    25
100
AcDbLine
 10
-0.718
 20
-39.033
 30
0.0
 11
-1.155
 21
-39.033
 31
0.0
  0
LINE
  5
12C3
330
1F
100
AcDbEntity
  8
0
  6
Continuous
 62
     7
370
    25
100
AcDbLine
 10
-1.155
 20
-39.033
 30
0.0
 11
-1.155
 21
-39.47
 31
0.0
  0
LINE
  5
12C4
330
1F
100
AcDbEntity
  8
0
  6
Continuous
 62
     7
370
    25
100
AcDbLine
 10
-1.155
 20
-39.47
 30
0.0
 11
-0.718
 21
-39.47
 31
0.0
  0
LINE
  5
12C5
330
1F
100
AcDbEntity
  8
0
  6
Continuous
 62
     7
370
    25
100
AcDbLine
 10
-0.718
 20
-39.47
 30
0.0
 11
-0.718
 21
-39.033
 31
0.0
  0
LINE
  5
12C6
330
1F
100
AcDbEntity
  8
0
  6
Continuous
 62
     7
370
    25
100
AcDbLine
 10
-0.718
 20
-3.219
 30
0.0
 11
-1.155
 21
-3.219
 31
0.0
  0
LINE
  5
12C7
330
1F
100
AcDbEntity
  8
0
  6
Continuous
 62
     7
370
    25
100
AcDbLine
 10
-1.155
 20
-3.219
 30
0.0
 11
-1.155
 21
-3.656
 31
0.0
  0
LINE
  5
12C8
330
1F
100
AcDbEntity
  8
0
  6
Continuous
 62
     7
370
    25
100
AcDbLine
 10
-1.155
 20
-3.656
 30
0.0
 11
-0.718
 21
-3.656
 31
0.0
  0
LINE
  5
12C9
330
1F
100
AcDbEntity
  8
0
  6
Continuous
 62
     7
370
    25
100
AcDbLine
 10
-0.718
 20
-3.656
 30
0.0
 11
-0.718
 21
-3.219
 31
0.0
  0
LINE
  5
12CA
330
1F
100
AcDbEntity
  8
0
  6
Continuous
 62
     7
370
    25
100
AcDbLine
 10
-0.093
 20
-3.219
 30
0.0
 11
-0.53
 21
-3.219
 31
0.0
  0
LINE
  5
12CB
330
1F
100
AcDbEntity
  8
0
  6
Continuous
 62
     7
370
    25
100
AcDbLine
 10
-0.53
 20
-3.219
 30
0.0
 11
-0.53
 21
-3.656
 31
0.0
  0
LINE
  5
12CC
330
1F
100
AcDbEntity
  8
0
  6
Continuous
 62
     7
370
    25
100
AcDbLine
 10
-0.53
 20
-3.656
 30
0.0
 11
-0.093
 21
-3.656
 31
0.0
  0
LINE
  5
12CD
330
1F
100
AcDbEntity
  8
0
  6
Continuous
 62
     7
370
    25
100
AcDbLine
 10
-0.093
 20
-3.656
 30
0.0
 11
-0.093
 21
-3.219
 31
0.0
  0
LINE
  5
12CE
330
1F
100
AcDbEntity
  8
0
  6
Continuous
 62
     7
370
    25
100
AcDbLine
 10
-0.718
 20
32.597
 30
0.0
 11
-1.155
 21
32.597
 31
0.0
  0
LINE
  5
12CF
330
1F
100
AcDbEntity
  8
0
  6
Continuous
 62
     7
370
    25
100
AcDbLine
 10
-1.155
 20
32.597
 30
0.0
 11
-1.155
 21
32.16
 31
0.0
  0
LINE
  5
12D0
330
1F
100
AcDbEntity
  8
0
  6
Continuous
 62
     7
370
    25
100
AcDbLine
 10
-1.155
 20
32.16
 30
0.0
 11
-0.718
 21
32.16
 31
0.0
  0
LINE
  5
12D1
330
1F
100
AcDbEntity
  8
0
  6
Continuous
 62
     7
370
    25
100
AcDbLine
 10
-0.718
 20
32.16
 30
0.0
 11
-0.718
 21
32.597
 31
0.0
  0
LINE
  5
12D2
330
1F
100
AcDbEntity
  8
0
  6
Continuous
 62
     7
370
    25
100
AcDbLine
 10
-1.343
 20
-39.033
 30
0.0
 11
-1.78
 21
-39.033
 31
0.0
  0
LINE
  5
12D3
330
1F
100
AcDbEntity
  8
0
  6
Continuous
 62
     7
370
    25
100
AcDbLine
 10
-1.78
 20
-39.033
 30
0.0
 11
-1.78
 21
-39.47
 31
0.0
  0
LINE
  5
12D4
330
1F
100
AcDbEntity
  8
0
  6
Continuous
 62
     7
370
    25
100
AcDbLine
 10
-1.78
 20
-39.47
 30
0.0
 11
-1.343
 21
-39.47
 31
0.0
  0
LINE
  5
12D5
330
1F
100
AcDbEntity
  8
0
  6
Continuous
 62
     7
370
    25
100
AcDbLine
 10
-1.343
 20
-39.47
 30
0.0
 11
-1.343
 21
-39.033
 31
0.0
  0
LINE
  5
12D6
330
1F
100
AcDbEntity
  8
0
  6
Continuous
 62
     7
370
    25
100
AcDbLine
 10
-1.343
 20
32.597
 30
0.0
 11
-1.78
 21
32.597
 31
0.0
  0
LINE
  5
12D7
330
1F
100
AcDbEntity
  8
0
  6
Continuous
 62
     7
370
    25
100
AcDbLine
 10
-1.78
 20
32.597
 30
0.0
 11
-1.78
 21
32.16
 31
0.0
  0
LINE
  5
12D8
330
1F
100
AcDbEntity
  8
0
  6
Continuous
 62
     7
370
    25
100
AcDbLine
 10
-1.78
 20
32.16
 30
0.0
 11
-1.343
 21
32.16
 31
0.0
  0
LINE
  5
12D9
330
1F
100
AcDbEntity
  8
0
  6
Continuous
 62
     7
370
    25
100
AcDbLine
 10
-1.343
 20
32.16
 30
0.0
 11
-1.343
 21
32.597
 31
0.0
  0
LINE
  5
12DA
330
1F
100
AcDbEntity
  8
0
  6
Continuous
 62
     7
370
    25
100
AcDbLine
 10
-1.968
 20
32.597
 30
0.0
 11
-2.405
 21
32.597
 31
0.0
  0
LINE
  5
12DB
330
1F
100
AcDbEntity
  8
0
  6
Continuous
 62
     7
370
    25
100
AcDbLine
 10
-2.405
 20
32.597
 30
0.0
 11
-2.405
 21
32.16
 31
0.0
  0
LINE
  5
12DC
330
1F
100
AcDbEntity
  8
0
  6
Continuous
 62
     7
370
    25
100
AcDbLine
 10
-2.405
 20
32.16
 30
0.0
 11
-1.968
 21
32.16
 31
0.0
  0
LINE
  5
12DD
330
1F
100
AcDbEntity
  8
0
  6
Continuous
 62
     7
370
    25
100
AcDbLine
 10
-1.968
 20
32.16
 30
0.0
 11
-1.968
 21
32.597
 31
0.0
  0
LINE
  5
12DE
330
1F
100
AcDbEntity
  8
0
  6
Continuous
 62
     7
370
    25
100
AcDbLine
 10
-1.343
 20
-3.219
 30
0.0
 11
-1.78
 21
-3.219
 31
0.0
  0
LINE
  5
12DF
330
1F
100
AcDbEntity
  8
0
  6
Continuous
 62
     7
370
    25
100
AcDbLine
 10
-1.78
 20
-3.219
 30
0.0
 11
-1.78
 21
-3.656
 31
0.0
  0
LINE
  5
12E0
330
1F
100
AcDbEntity
  8
0
  6
Continuous
 62
     7
370
    25
100
AcDbLine
 10
-1.78
 20
-3.656
 30
0.0
 11
-1.343
 21
-3.656
 31
0.0
  0
LINE
  5
12E1
330
1F
100
AcDbEntity
  8
0
  6
Continuous
 62
     7
370
    25
100
AcDbLine
 10
-1.343
 20
-3.656
 30
0.0
 11
-1.343
 21
-3.219
 31
0.0
  0
LINE
  5
12E2
330
1F
100
AcDbEntity
  8
0
  6
Continuous
 62
     7
370
    25
100
AcDbLine
 10
-2.593
 20
32.597
 30
0.0
 11
-3.03
 21
32.597
 31
0.0
  0
LINE
  5
12E3
330
1F
100
AcDbEntity
  8
0
  6
Continuous
 62
     7
370
    25
100
AcDbLine
 10
-3.03
 20
32.597
 30
0.0
 11
-3.03
 21
32.16
 31
0.0
  0
LINE
  5
12E4
330
1F
100
AcDbEntity
  8
0
  6
Continuous
 62
     7
370
    25
100
AcDbLine
 10
-3.03
 20
32.16
 30
0.0
 11
-2.593
 21
32.16
 31
0.0
  0
LINE
  5
12E5
330
1F
100
AcDbEntity
  8
0
  6
Continuous
 62
     7
370
    25
100
AcDbLine
 10
-2.593
 20
32.16
 30
0.0
 11
-2.593
 21
32.597
 31
0.0
  0
LINE
  5
12E6
330
1F
100
AcDbEntity
  8
0
  6
Continuous
 62
     7
370
    25
100
AcDbLine
 10
-2.593
 20
-39.033
 30
0.0
 11
-3.03
 21
-39.033
 31
0.0
  0
LINE
  5
12E7
330
1F
100
AcDbEntity
  8
0
  6
Continuous
 62
     7
370
    25
100
AcDbLine
 10
-3.03
 20
-39.033
 30
0.0
 11
-3.03
 21
-39.47
 31
0.0
  0
LINE
  5
12E8
330
1F
100
AcDbEntity
  8
0
  6
Continuous
 62
     7
370
    25
100
AcDbLine
 10
-3.03
 20
-39.47
 30
0.0
 11
-2.593
 21
-39.47
 31
0.0
  0
LINE
  5
12E9
330
1F
100
AcDbEntity
  8
0
  6
Continuous
 62
     7
370
    25
100
AcDbLine
 10
-2.593
 20
-39.47
 30
0.0
 11
-2.593
 21
-39.033
 31
0.0
  0
LINE
  5
12EA
330
1F
100
AcDbEntity
  8
0
  6
Continuous
 62
     7
370
    25
100
AcDbLine
 10
-1.968
 20
-39.033
 30
0.0
 11
-2.405
 21
-39.033
 31
0.0
  0
LINE
  5
12EB
330
1F
100
AcDbEntity
  8
0
  6
Continuous
 62
     7
370
    25
100
AcDbLine
 10
-2.405
 20
-39.033
 30
0.0
 11
-2.405
 21
-39.47
 31
0.0
  0
LINE
  5
12EC
330
1F
100
AcDbEntity
  8
0
  6
Continuous
 62
     7
370
    25
100
AcDbLine
 10
-2.405
 20
-39.47
 30
0.0
 11
-1.968
 21
-39.47
 31
0.0
  0
LINE
  5
12ED
330
1F
100
AcDbEntity
  8
0
  6
Continuous
 62
     7
370
    25
100
AcDbLine
 10
-1.968
 20
-39.47
 30
0.0
 11
-1.968
 21
-39.033
 31
0.0
  0
LINE
  5
12EE
330
1F
100
AcDbEntity
  8
0
  6
Continuous
 62
     7
370
    25
100
AcDbLine
 10
-1.968
 20
-3.219
 30
0.0
 11
-2.405
 21
-3.219
 31
0.0
  0
LINE
  5
12EF
330
1F
100
AcDbEntity
  8
0
  6
Continuous
 62
     7
370
    25
100
AcDbLine
 10
-2.405
 20
-3.219
 30
0.0
 11
-2.405
 21
-3.656
 31
0.0
  0
LINE
  5
12F0
330
1F
100
AcDbEntity
  8
0
  6
Continuous
 62
     7
370
    25
100
AcDbLine
 10
-2.405
 20
-3.656
 30
0.0
 11
-1.968
 21
-3.656
 31
0.0
  0
LINE
  5
12F1
330
1F
100
AcDbEntity
  8
0
  6
Continuous
 62
     7
370
    25
100
AcDbLine
 10
-1.968
 20
-3.656
 30
0.0
 11
-1.968
 21
-3.219
 31
0.0
  0
LINE
  5
12F2
330
1F
100
AcDbEntity
  8
0
  6
Continuous
 62
     7
370
    25
100
AcDbLine
 10
-3.843
 20
-3.219
 30
0.0
 11
-4.28
 21
-3.219
 31
0.0
  0
LINE
  5
12F3
330
1F
100
AcDbEntity
  8
0
  6
Continuous
 62
     7
370
    25
100
AcDbLine
 10
-4.28
 20
-3.219
 30
0.0
 11
-4.28
 21
-3.656
 31
0.0
  0
LINE
  5
12F4
330
1F
100
AcDbEntity
  8
0
  6
Continuous
 62
     7
370
    25
100
AcDbLine
 10
-4.28
 20
-3.656
 30
0.0
 11
-3.843
 21
-3.656
 31
0.0
  0
LINE
  5
12F5
330
1F
100
AcDbEntity
  8
0
  6
Continuous
 62
     7
370
    25
100
AcDbLine
 10
-3.843
 20
-3.656
 30
0.0
 11
-3.843
 21
-3.219
 31
0.0
  0
LINE
  5
12F6
330
1F
100
AcDbEntity
  8
0
  6
Continuous
 62
     7
370
    25
100
AcDbLine
 10
-4.468
 20
32.597
 30
0.0
 11
-4.905
 21
32.597
 31
0.0
  0
LINE
  5
12F7
330
1F
100
AcDbEntity
  8
0
  6
Continuous
 62
     7
370
    25
100
AcDbLine
 10
-4.905
 20
32.597
 30
0.0
 11
-4.905
 21
32.16
 31
0.0
  0
LINE
  5
12F8
330
1F
100
AcDbEntity
  8
0
  6
Continuous
 62
     7
370
    25
100
AcDbLine
 10
-4.905
 20
32.16
 30
0.0
 11
-4.468
 21
32.16
 31
0.0
  0
LINE
  5
12F9
330
1F
100
AcDbEntity
  8
0
  6
Continuous
 62
     7
370
    25
100
AcDbLine
 10
-4.468
 20
32.16
 30
0.0
 11
-4.468
 21
32.597
 31
0.0
  0
LINE
  5
12FA
330
1F
100
AcDbEntity
  8
0
  6
Continuous
 62
     7
370
    25
100
AcDbLine
 10
-3.843
 20
32.597
 30
0.0
 11
-4.28
 21
32.597
 31
0.0
  0
LINE
  5
12FB
330
1F
100
AcDbEntity
  8
0
  6
Continuous
 62
     7
370
    25
100
AcDbLine
 10
-4.28
 20
32.597
 30
0.0
 11
-4.28
 21
32.16
 31
0.0
  0
LINE
  5
12FC
330
1F
100
AcDbEntity
  8
0
  6
Continuous
 62
     7
370
    25
100
AcDbLine
 10
-4.28
 20
32.16
 30
0.0
 11
-3.843
 21
32.16
 31
0.0
  0
LINE
  5
12FD
330
1F
100
AcDbEntity
  8
0
  6
Continuous
 62
     7
370
    25
100
AcDbLine
 10
-3.843
 20
32.16
 30
0.0
 11
-3.843
 21
32.597
 31
0.0
  0
LINE
  5
12FE
330
1F
100
AcDbEntity
  8
0
  6
Continuous
 62
     7
370
    25
100
AcDbLine
 10
-3.843
 20
-39.033
 30
0.0
 11
-4.28
 21
-39.033
 31
0.0
  0
LINE
  5
12FF
330
1F
100
AcDbEntity
  8
0
  6
Continuous
 62
     7
370
    25
100
AcDbLine
 10
-4.28
 20
-39.033
 30
0.0
 11
-4.28
 21
-39.47
 31
0.0
  0
LINE
  5
1300
330
1F
100
AcDbEntity
  8
0
  6
Continuous
 62
     7
370
    25
100
AcDbLine
 10
-4.28
 20
-39.47
 30
0.0
 11
-3.843
 21
-39.47
 31
0.0
  0
LINE
  5
1301
330
1F
100
AcDbEntity
  8
0
  6
Continuous
 62
     7
370
    25
100
AcDbLine
 10
-3.843
 20
-39.47
 30
0.0
 11
-3.843
 21
-39.033
 31
0.0
  0
LINE
  5
1302
330
1F
100
AcDbEntity
  8
0
  6
Continuous
 62
     7
370
    25
100
AcDbLine
 10
-3.218
 20
-39.033
 30
0.0
 11
-3.655
 21
-39.033
 31
0.0
  0
LINE
  5
1303
330
1F
100
AcDbEntity
  8
0
  6
Continuous
 62
     7
370
    25
100
AcDbLine
 10
-3.655
 20
-39.033
 30
0.0
 11
-3.655
 21
-39.47
 31
0.0
  0
LINE
  5
1304
330
1F
100
AcDbEntity
  8
0
  6
Continuous
 62
     7
370
    25
100
AcDbLine
 10
-3.655
 20
-39.47
 30
0.0
 11
-3.218
 21
-39.47
 31
0.0
  0
LINE
  5
1305
330
1F
100
AcDbEntity
  8
0
  6
Continuous
 62
     7
370
    25
100
AcDbLine
 10
-3.218
 20
-39.47
 30
0.0
 11
-3.218
 21
-39.033
 31
0.0
  0
LINE
  5
1306
330
1F
100
AcDbEntity
  8
0
  6
Continuous
 62
     7
370
    25
100
AcDbLine
 10
-3.218
 20
-3.219
 30
0.0
 11
-3.655
 21
-3.219
 31
0.0
  0
LINE
  5
1307
330
1F
100
AcDbEntity
  8
0
  6
Continuous
 62
     7
370
    25
100
AcDbLine
 10
-3.655
 20
-3.219
 30
0.0
 11
-3.655
 21
-3.656
 31
0.0
  0
LINE
  5
1308
330
1F
100
AcDbEntity
  8
0
  6
Continuous
 62
     7
370
    25
100
AcDbLine
 10
-3.655
 20
-3.656
 30
0.0
 11
-3.218
 21
-3.656
 31
0.0
  0
LINE
  5
1309
330
1F
100
AcDbEntity
  8
0
  6
Continuous
 62
     7
370
    25
100
AcDbLine
 10
-3.218
 20
-3.656
 30
0.0
 11
-3.218
 21
-3.219
 31
0.0
  0
LINE
  5
130A
330
1F
100
AcDbEntity
  8
0
  6
Continuous
 62
     7
370
    25
100
AcDbLine
 10
-2.593
 20
-3.219
 30
0.0
 11
-3.03
 21
-3.219
 31
0.0
  0
LINE
  5
130B
330
1F
100
AcDbEntity
  8
0
  6
Continuous
 62
     7
370
    25
100
AcDbLine
 10
-3.03
 20
-3.219
 30
0.0
 11
-3.03
 21
-3.656
 31
0.0
  0
LINE
  5
130C
330
1F
100
AcDbEntity
  8
0
  6
Continuous
 62
     7
370
    25
100
AcDbLine
 10
-3.03
 20
-3.656
 30
0.0
 11
-2.593
 21
-3.656
 31
0.0
  0
LINE
  5
130D
330
1F
100
AcDbEntity
  8
0
  6
Continuous
 62
     7
370
    25
100
AcDbLine
 10
-2.593
 20
-3.656
 30
0.0
 11
-2.593
 21
-3.219
 31
0.0
  0
LINE
  5
130E
330
1F
100
AcDbEntity
  8
0
  6
Continuous
 62
     7
370
    25
100
AcDbLine
 10
-3.218
 20
32.597
 30
0.0
 11
-3.655
 21
32.597
 31
0.0
  0
LINE
  5
130F
330
1F
100
AcDbEntity
  8
0
  6
Continuous
 62
     7
370
    25
100
AcDbLine
 10
-3.655
 20
32.597
 30
0.0
 11
-3.655
 21
32.16
 31
0.0
  0
LINE
  5
1310
330
1F
100
AcDbEntity
  8
0
  6
Continuous
 62
     7
370
    25
100
AcDbLine
 10
-3.655
 20
32.16
 30
0.0
 11
-3.218
 21
32.16
 31
0.0
  0
LINE
  5
1311
330
1F
100
AcDbEntity
  8
0
  6
Continuous
 62
     7
370
    25
100
AcDbLine
 10
-3.218
 20
32.16
 30
0.0
 11
-3.218
 21
32.597
 31
0.0
  0
LINE
  5
1312
330
1F
100
AcDbEntity
  8
0
  6
Continuous
 62
     7
370
    25
100
AcDbLine
 10
3.657
 20
-3.219
 30
0.0
 11
3.22
 21
-3.219
 31
0.0
  0
LINE
  5
1313
330
1F
100
AcDbEntity
  8
0
  6
Continuous
 62
     7
370
    25
100
AcDbLine
 10
3.22
 20
-3.219
 30
0.0
 11
3.22
 21
-3.656
 31
0.0
  0
LINE
  5
1314
330
1F
100
AcDbEntity
  8
0
  6
Continuous
 62
     7
370
    25
100
AcDbLine
 10
3.22
 20
-3.656
 30
0.0
 11
3.657
 21
-3.656
 31
0.0
  0
LINE
  5
1315
330
1F
100
AcDbEntity
  8
0
  6
Continuous
 62
     7
370
    25
100
AcDbLine
 10
3.657
 20
-3.656
 30
0.0
 11
3.657
 21
-3.219
 31
0.0
  0
LINE
  5
1316
330
1F
100
AcDbEntity
  8
0
  6
Continuous
 62
     7
370
    25
100
AcDbLine
 10
3.032
 20
32.597
 30
0.0
 11
2.595
 21
32.597
 31
0.0
  0
LINE
  5
1317
330
1F
100
AcDbEntity
  8
0
  6
Continuous
 62
     7
370
    25
100
AcDbLine
 10
2.595
 20
32.597
 30
0.0
 11
2.595
 21
32.16
 31
0.0
  0
LINE
  5
1318
330
1F
100
AcDbEntity
  8
0
  6
Continuous
 62
     7
370
    25
100
AcDbLine
 10
2.595
 20
32.16
 30
0.0
 11
3.032
 21
32.16
 31
0.0
  0
LINE
  5
1319
330
1F
100
AcDbEntity
  8
0
  6
Continuous
 62
     7
370
    25
100
AcDbLine
 10
3.032
 20
32.16
 30
0.0
 11
3.032
 21
32.597
 31
0.0
  0
LINE
  5
131A
330
1F
100
AcDbEntity
  8
0
  6
Continuous
 62
     7
370
    25
100
AcDbLine
 10
3.657
 20
32.597
 30
0.0
 11
3.22
 21
32.597
 31
0.0
  0
LINE
  5
131B
330
1F
100
AcDbEntity
  8
0
  6
Continuous
 62
     7
370
    25
100
AcDbLine
 10
3.22
 20
32.597
 30
0.0
 11
3.22
 21
32.16
 31
0.0
  0
LINE
  5
131C
330
1F
100
AcDbEntity
  8
0
  6
Continuous
 62
     7
370
    25
100
AcDbLine
 10
3.22
 20
32.16
 30
0.0
 11
3.657
 21
32.16
 31
0.0
  0
LINE
  5
131D
330
1F
100
AcDbEntity
  8
0
  6
Continuous
 62
     7
370
    25
100
AcDbLine
 10
3.657
 20
32.16
 30
0.0
 11
3.657
 21
32.597
 31
0.0
  0
LINE
  5
131E
330
1F
100
AcDbEntity
  8
0
  6
Continuous
 62
     7
370
    25
100
AcDbLine
 10
3.657
 20
-39.033
 30
0.0
 11
3.22
 21
-39.033
 31
0.0
  0
LINE
  5
131F
330
1F
100
AcDbEntity
  8
0
  6
Continuous
 62
     7
370
    25
100
AcDbLine
 10
3.22
 20
-39.033
 30
0.0
 11
3.22
 21
-39.47
 31
0.0
  0
LINE
  5
1320
330
1F
100
AcDbEntity
  8
0
  6
Continuous
 62
     7
370
    25
100
AcDbLine
 10
3.22
 20
-39.47
 30
0.0
 11
3.657
 21
-39.47
 31
0.0
  0
LINE
  5
1321
330
1F
100
AcDbEntity
  8
0
  6
Continuous
 62
     7
370
    25
100
AcDbLine
 10
3.657
 20
-39.47
 30
0.0
 11
3.657
 21
-39.033
 31
0.0
  0
LINE
  5
1322
330
1F
100
AcDbEntity
  8
0
  6
Continuous
 62
     7
370
    25
100
AcDbLine
 10
-5.718
 20
-39.47
 30
0.0
 11
-5.718
 21
-39.033
 31
0.0
  0
LINE
  5
1323
330
1F
100
AcDbEntity
  8
0
  6
Continuous
 62
     7
370
    25
100
AcDbLine
 10
-5.718
 20
-39.033
 30
0.0
 11
-6.155
 21
-39.033
 31
0.0
  0
LINE
  5
1324
330
1F
100
AcDbEntity
  8
0
  6
Continuous
 62
     7
370
    25
100
AcDbLine
 10
-6.155
 20
-39.033
 30
0.0
 11
-6.155
 21
-39.47
 31
0.0
  0
LINE
  5
1325
330
1F
100
AcDbEntity
  8
0
  6
Continuous
 62
     7
370
    25
100
AcDbLine
 10
-6.155
 20
-39.47
 30
0.0
 11
-5.718
 21
-39.47
 31
0.0
  0
LINE
  5
1326
330
1F
100
AcDbEntity
  8
0
  6
Continuous
 62
     7
370
    25
100
AcDbLine
 10
-5.718
 20
-3.656
 30
0.0
 11
-5.718
 21
-3.219
 31
0.0
  0
LINE
  5
1327
330
1F
100
AcDbEntity
  8
0
  6
Continuous
 62
     7
370
    25
100
AcDbLine
 10
-5.718
 20
-3.219
 30
0.0
 11
-6.155
 21
-3.219
 31
0.0
  0
LINE
  5
1328
330
1F
100
AcDbEntity
  8
0
  6
Continuous
 62
     7
370
    25
100
AcDbLine
 10
-6.155
 20
-3.219
 30
0.0
 11
-6.155
 21
-3.656
 31
0.0
  0
LINE
  5
1329
330
1F
100
AcDbEntity
  8
0
  6
Continuous
 62
     7
370
    25
100
AcDbLine
 10
-6.155
 20
-3.656
 30
0.0
 11
-5.718
 21
-3.656
 31
0.0
  0
LINE
  5
132A
330
1F
100
AcDbEntity
  8
0
  6
Continuous
 62
     7
370
    25
100
AcDbLine
 10
-5.093
 20
-3.219
 30
0.0
 11
-5.53
 21
-3.219
 31
0.0
  0
LINE
  5
132B
330
1F
100
AcDbEntity
  8
0
  6
Continuous
 62
     7
370
    25
100
AcDbLine
 10
-5.53
 20
-3.219
 30
0.0
 11
-5.53
 21
-3.656
 31
0.0
  0
LINE
  5
132C
330
1F
100
AcDbEntity
  8
0
  6
Continuous
 62
     7
370
    25
100
AcDbLine
 10
-5.53
 20
-3.656
 30
0.0
 11
-5.093
 21
-3.656
 31
0.0
  0
LINE
  5
132D
330
1F
100
AcDbEntity
  8
0
  6
Continuous
 62
     7
370
    25
100
AcDbLine
 10
-5.093
 20
-3.656
 30
0.0
 11
-5.093
 21
-3.219
 31
0.0
  0
LINE
  5
132E
330
1F
100
AcDbEntity
  8
0
  6
Continuous
 62
     7
370
    25
100
AcDbLine
 10
-5.718
 20
32.16
 30
0.0
 11
-5.718
 21
32.597
 31
0.0
  0
LINE
  5
132F
330
1F
100
AcDbEntity
  8
0
  6
Continuous
 62
     7
370
    25
100
AcDbLine
 10
-5.718
 20
32.597
 30
0.0
 11
-6.155
 21
32.597
 31
0.0
  0
LINE
  5
1330
330
1F
100
AcDbEntity
  8
0
  6
Continuous
 62
     7
370
    25
100
AcDbLine
 10
-6.155
 20
32.597
 30
0.0
 11
-6.155
 21
32.16
 31
0.0
  0
LINE
  5
1331
330
1F
100
AcDbEntity
  8
0
  6
Continuous
 62
     7
370
    25
100
AcDbLine
 10
-6.155
 20
32.16
 30
0.0
 11
-5.718
 21
32.16
 31
0.0
  0
LINE
  5
1332
330
1F
100
AcDbEntity
  8
0
  6
Continuous
 62
     7
370
    25
100
AcDbLine
 10
-4.468
 20
-3.219
 30
0.0
 11
-4.905
 21
-3.219
 31
0.0
  0
LINE
  5
1333
330
1F
100
AcDbEntity
  8
0
  6
Continuous
 62
     7
370
    25
100
AcDbLine
 10
-4.905
 20
-3.219
 30
0.0
 11
-4.905
 21
-3.656
 31
0.0
  0
LINE
  5
1334
330
1F
100
AcDbEntity
  8
0
  6
Continuous
 62
     7
370
    25
100
AcDbLine
 10
-4.905
 20
-3.656
 30
0.0
 11
-4.468
 21
-3.656
 31
0.0
  0
LINE
  5
1335
330
1F
100
AcDbEntity
  8
0
  6
Continuous
 62
     7
370
    25
100
AcDbLine
 10
-4.468
 20
-3.656
 30
0.0
 11
-4.468
 21
-3.219
 31
0.0
  0
LINE
  5
1336
330
1F
100
AcDbEntity
  8
0
  6
Continuous
 62
     7
370
    25
100
AcDbLine
 10
-4.468
 20
-39.033
 30
0.0
 11
-4.905
 21
-39.033
 31
0.0
  0
LINE
  5
1337
330
1F
100
AcDbEntity
  8
0
  6
Continuous
 62
     7
370
    25
100
AcDbLine
 10
-4.905
 20
-39.033
 30
0.0
 11
-4.905
 21
-39.47
 31
0.0
  0
LINE
  5
1338
330
1F
100
AcDbEntity
  8
0
  6
Continuous
 62
     7
370
    25
100
AcDbLine
 10
-4.905
 20
-39.47
 30
0.0
 11
-4.468
 21
-39.47
 31
0.0
  0
LINE
  5
1339
330
1F
100
AcDbEntity
  8
0
  6
Continuous
 62
     7
370
    25
100
AcDbLine
 10
-4.468
 20
-39.47
 30
0.0
 11
-4.468
 21
-39.033
 31
0.0
  0
LINE
  5
133A
330
1F
100
AcDbEntity
  8
0
  6
Continuous
 62
     7
370
    25
100
AcDbLine
 10
-5.093
 20
-39.033
 30
0.0
 11
-5.53
 21
-39.033
 31
0.0
  0
LINE
  5
133B
330
1F
100
AcDbEntity
  8
0
  6
Continuous
 62
     7
370
    25
100
AcDbLine
 10
-5.53
 20
-39.033
 30
0.0
 11
-5.53
 21
-39.47
 31
0.0
  0
LINE
  5
133C
330
1F
100
AcDbEntity
  8
0
  6
Continuous
 62
     7
370
    25
100
AcDbLine
 10
-5.53
 20
-39.47
 30
0.0
 11
-5.093
 21
-39.47
 31
0.0
  0
LINE
  5
133D
330
1F
100
AcDbEntity
  8
0
  6
Continuous
 62
     7
370
    25
100
AcDbLine
 10
-5.093
 20
-39.47
 30
0.0
 11
-5.093
 21
-39.033
 31
0.0
  0
LINE
  5
133E
330
1F
100
AcDbEntity
  8
0
  6
Continuous
 62
     7
370
    25
100
AcDbLine
 10
-5.093
 20
32.597
 30
0.0
 11
-5.53
 21
32.597
 31
0.0
  0
LINE
  5
133F
330
1F
100
AcDbEntity
  8
0
  6
Continuous
 62
     7
370
    25
100
AcDbLine
 10
-5.53
 20
32.597
 30
0.0
 11
-5.53
 21
32.16
 31
0.0
  0
LINE
  5
1340
330
1F
100
AcDbEntity
  8
0
  6
Continuous
 62
     7
370
    25
100
AcDbLine
 10
-5.53
 20
32.16
 30
0.0
 11
-5.093
 21
32.16
 31
0.0
  0
LINE
  5
1341
330
1F
100
AcDbEntity
  8
0
  6
Continuous
 62
     7
370
    25
100
AcDbLine
 10
-5.093
 20
32.16
 30
0.0
 11
-5.093
 21
32.597
 31
0.0
  0
LINE
  5
1342
330
1F
100
AcDbEntity
  8
0
  6
Continuous
 62
     7
370
    25
100
AcDbLine
 10
-1.968
 20
3.656
 30
0.0
 11
-2.405
 21
3.656
 31
0.0
  0
LINE
  5
1343
330
1F
100
AcDbEntity
  8
0
  6
Continuous
 62
     7
370
    25
100
AcDbLine
 10
-2.405
 20
3.656
 30
0.0
 11
-2.405
 21
3.219
 31
0.0
  0
LINE
  5
1344
330
1F
100
AcDbEntity
  8
0
  6
Continuous
 62
     7
370
    25
100
AcDbLine
 10
-2.405
 20
3.219
 30
0.0
 11
-1.968
 21
3.219
 31
0.0
  0
LINE
  5
1345
330
1F
100
AcDbEntity
  8
0
  6
Continuous
 62
     7
370
    25
100
AcDbLine
 10
-1.968
 20
3.219
 30
0.0
 11
-1.968
 21
3.656
 31
0.0
  0
LINE
  5
1346
330
1F
100
AcDbEntity
  8
0
  6
Continuous
 62
     7
370
    25
100
AcDbLine
 10
-2.593
 20
39.472
 30
0.0
 11
-3.03
 21
39.472
 31
0.0
  0
LINE
  5
1347
330
1F
100
AcDbEntity
  8
0
  6
Continuous
 62
     7
370
    25
100
AcDbLine
 10
-3.03
 20
39.472
 30
0.0
 11
-3.03
 21
39.035
 31
0.0
  0
LINE
  5
1348
330
1F
100
AcDbEntity
  8
0
  6
Continuous
 62
     7
370
    25
100
AcDbLine
 10
-3.03
 20
39.035
 30
0.0
 11
-2.593
 21
39.035
 31
0.0
  0
LINE
  5
1349
330
1F
100
AcDbEntity
  8
0
  6
Continuous
 62
     7
370
    25
100
AcDbLine
 10
-2.593
 20
39.035
 30
0.0
 11
-2.593
 21
39.472
 31
0.0
  0
LINE
  5
134A
330
1F
100
AcDbEntity
  8
0
  6
Continuous
 62
     7
370
    25
100
AcDbLine
 10
-1.968
 20
39.472
 30
0.0
 11
-2.405
 21
39.472
 31
0.0
  0
LINE
  5
134B
330
1F
100
AcDbEntity
  8
0
  6
Continuous
 62
     7
370
    25
100
AcDbLine
 10
-2.405
 20
39.472
 30
0.0
 11
-2.405
 21
39.035
 31
0.0
  0
LINE
  5
134C
330
1F
100
AcDbEntity
  8
0
  6
Continuous
 62
     7
370
    25
100
AcDbLine
 10
-2.405
 20
39.035
 30
0.0
 11
-1.968
 21
39.035
 31
0.0
  0
LINE
  5
134D
330
1F
100
AcDbEntity
  8
0
  6
Continuous
 62
     7
370
    25
100
AcDbLine
 10
-1.968
 20
39.035
 30
0.0
 11
-1.968
 21
39.472
 31
0.0
  0
LINE
  5
134E
330
1F
100
AcDbEntity
  8
0
  6
Continuous
 62
     7
370
    25
100
AcDbLine
 10
-1.968
 20
-32.158
 30
0.0
 11
-2.405
 21
-32.158
 31
0.0
  0
LINE
  5
134F
330
1F
100
AcDbEntity
  8
0
  6
Continuous
 62
     7
370
    25
100
AcDbLine
 10
-2.405
 20
-32.158
 30
0.0
 11
-2.405
 21
-32.595
 31
0.0
  0
LINE
  5
1350
330
1F
100
AcDbEntity
  8
0
  6
Continuous
 62
     7
370
    25
100
AcDbLine
 10
-2.405
 20
-32.595
 30
0.0
 11
-1.968
 21
-32.595
 31
0.0
  0
LINE
  5
1351
330
1F
100
AcDbEntity
  8
0
  6
Continuous
 62
     7
370
    25
100
AcDbLine
 10
-1.968
 20
-32.595
 30
0.0
 11
-1.968
 21
-32.158
 31
0.0
  0
LINE
  5
1352
330
1F
100
AcDbEntity
  8
0
  6
Continuous
 62
     7
370
    25
100
AcDbLine
 10
-4.468
 20
3.656
 30
0.0
 11
-4.905
 21
3.656
 31
0.0
  0
LINE
  5
1353
330
1F
100
AcDbEntity
  8
0
  6
Continuous
 62
     7
370
    25
100
AcDbLine
 10
-4.905
 20
3.656
 30
0.0
 11
-4.905
 21
3.219
 31
0.0
  0
LINE
  5
1354
330
1F
100
AcDbEntity
  8
0
  6
Continuous
 62
     7
370
    25
100
AcDbLine
 10
-4.905
 20
3.219
 30
0.0
 11
-4.468
 21
3.219
 31
0.0
  0
LINE
  5
1355
330
1F
100
AcDbEntity
  8
0
  6
Continuous
 62
     7
370
    25
100
AcDbLine
 10
-4.468
 20
3.219
 30
0.0
 11
-4.468
 21
3.656
 31
0.0
  0
LINE
  5
1356
330
1F
100
AcDbEntity
  8
0
  6
Continuous
 62
     7
370
    25
100
AcDbLine
 10
-5.093
 20
39.472
 30
0.0
 11
-5.53
 21
39.472
 31
0.0
  0
LINE
  5
1357
330
1F
100
AcDbEntity
  8
0
  6
Continuous
 62
     7
370
    25
100
AcDbLine
 10
-5.53
 20
39.472
 30
0.0
 11
-5.53
 21
39.035
 31
0.0
  0
LINE
  5
1358
330
1F
100
AcDbEntity
  8
0
  6
Continuous
 62
     7
370
    25
100
AcDbLine
 10
-5.53
 20
39.035
 30
0.0
 11
-5.093
 21
39.035
 31
0.0
  0
LINE
  5
1359
330
1F
100
AcDbEntity
  8
0
  6
Continuous
 62
     7
370
    25
100
AcDbLine
 10
-5.093
 20
39.035
 30
0.0
 11
-5.093
 21
39.472
 31
0.0
  0
LINE
  5
135A
330
1F
100
AcDbEntity
  8
0
  6
Continuous
 62
     7
370
    25
100
AcDbLine
 10
-4.468
 20
39.472
 30
0.0
 11
-4.905
 21
39.472
 31
0.0
  0
LINE
  5
135B
330
1F
100
AcDbEntity
  8
0
  6
Continuous
 62
     7
370
    25
100
AcDbLine
 10
-4.905
 20
39.472
 30
0.0
 11
-4.905
 21
39.035
 31
0.0
  0
LINE
  5
135C
330
1F
100
AcDbEntity
  8
0
  6
Continuous
 62
     7
370
    25
100
AcDbLine
 10
-4.905
 20
39.035
 30
0.0
 11
-4.468
 21
39.035
 31
0.0
  0
LINE
  5
135D
330
1F
100
AcDbEntity
  8
0
  6
Continuous
 62
     7
370
    25
100
AcDbLine
 10
-4.468
 20
39.035
 30
0.0
 11
-4.468
 21
39.472
 31
0.0
  0
LINE
  5
135E
330
1F
100
AcDbEntity
  8
0
  6
Continuous
 62
     7
370
    25
100
AcDbLine
 10
-4.468
 20
-32.158
 30
0.0
 11
-4.905
 21
-32.158
 31
0.0
  0
LINE
  5
135F
330
1F
100
AcDbEntity
  8
0
  6
Continuous
 62
     7
370
    25
100
AcDbLine
 10
-4.905
 20
-32.158
 30
0.0
 11
-4.905
 21
-32.595
 31
0.0
  0
LINE
  5
1360
330
1F
100
AcDbEntity
  8
0
  6
Continuous
 62
     7
370
    25
100
AcDbLine
 10
-4.905
 20
-32.595
 30
0.0
 11
-4.468
 21
-32.595
 31
0.0
  0
LINE
  5
1361
330
1F
100
AcDbEntity
  8
0
  6
Continuous
 62
     7
370
    25
100
AcDbLine
 10
-4.468
 20
-32.595
 30
0.0
 11
-4.468
 21
-32.158
 31
0.0
  0
LINE
  5
1362
330
1F
100
AcDbEntity
  8
0
  6
Continuous
 62
     7
370
    25
100
AcDbLine
 10
-3.843
 20
-32.158
 30
0.0
 11
-4.28
 21
-32.158
 31
0.0
  0
LINE
  5
1363
330
1F
100
AcDbEntity
  8
0
  6
Continuous
 62
     7
370
    25
100
AcDbLine
 10
-4.28
 20
-32.158
 30
0.0
 11
-4.28
 21
-32.595
 31
0.0
  0
LINE
  5
1364
330
1F
100
AcDbEntity
  8
0
  6
Continuous
 62
     7
370
    25
100
AcDbLine
 10
-4.28
 20
-32.595
 30
0.0
 11
-3.843
 21
-32.595
 31
0.0
  0
LINE
  5
1365
330
1F
100
AcDbEntity
  8
0
  6
Continuous
 62
     7
370
    25
100
AcDbLine
 10
-3.843
 20
-32.595
 30
0.0
 11
-3.843
 21
-32.158
 31
0.0
  0
LINE
  5
1366
330
1F
100
AcDbEntity
  8
0
  6
Continuous
 62
     7
370
    25
100
AcDbLine
 10
-3.843
 20
3.656
 30
0.0
 11
-4.28
 21
3.656
 31
0.0
  0
LINE
  5
1367
330
1F
100
AcDbEntity
  8
0
  6
Continuous
 62
     7
370
    25
100
AcDbLine
 10
-4.28
 20
3.656
 30
0.0
 11
-4.28
 21
3.219
 31
0.0
  0
LINE
  5
1368
330
1F
100
AcDbEntity
  8
0
  6
Continuous
 62
     7
370
    25
100
AcDbLine
 10
-4.28
 20
3.219
 30
0.0
 11
-3.843
 21
3.219
 31
0.0
  0
LINE
  5
1369
330
1F
100
AcDbEntity
  8
0
  6
Continuous
 62
     7
370
    25
100
AcDbLine
 10
-3.843
 20
3.219
 30
0.0
 11
-3.843
 21
3.656
 31
0.0
  0
LINE
  5
136A
330
1F
100
AcDbEntity
  8
0
  6
Continuous
 62
     7
370
    25
100
AcDbLine
 10
-3.218
 20
3.656
 30
0.0
 11
-3.655
 21
3.656
 31
0.0
  0
LINE
  5
136B
330
1F
100
AcDbEntity
  8
0
  6
Continuous
 62
     7
370
    25
100
AcDbLine
 10
-3.655
 20
3.656
 30
0.0
 11
-3.655
 21
3.219
 31
0.0
  0
LINE
  5
136C
330
1F
100
AcDbEntity
  8
0
  6
Continuous
 62
     7
370
    25
100
AcDbLine
 10
-3.655
 20
3.219
 30
0.0
 11
-3.218
 21
3.219
 31
0.0
  0
LINE
  5
136D
330
1F
100
AcDbEntity
  8
0
  6
Continuous
 62
     7
370
    25
100
AcDbLine
 10
-3.218
 20
3.219
 30
0.0
 11
-3.218
 21
3.656
 31
0.0
  0
LINE
  5
136E
330
1F
100
AcDbEntity
  8
0
  6
Continuous
 62
     7
370
    25
100
AcDbLine
 10
-3.843
 20
39.472
 30
0.0
 11
-4.28
 21
39.472
 31
0.0
  0
LINE
  5
136F
330
1F
100
AcDbEntity
  8
0
  6
Continuous
 62
     7
370
    25
100
AcDbLine
 10
-4.28
 20
39.472
 30
0.0
 11
-4.28
 21
39.035
 31
0.0
  0
LINE
  5
1370
330
1F
100
AcDbEntity
  8
0
  6
Continuous
 62
     7
370
    25
100
AcDbLine
 10
-4.28
 20
39.035
 30
0.0
 11
-3.843
 21
39.035
 31
0.0
  0
LINE
  5
1371
330
1F
100
AcDbEntity
  8
0
  6
Continuous
 62
     7
370
    25
100
AcDbLine
 10
-3.843
 20
39.035
 30
0.0
 11
-3.843
 21
39.472
 31
0.0
  0
LINE
  5
1372
330
1F
100
AcDbEntity
  8
0
  6
Continuous
 62
     7
370
    25
100
AcDbLine
 10
0.532
 20
3.656
 30
0.0
 11
0.095
 21
3.656
 31
0.0
  0
LINE
  5
1373
330
1F
100
AcDbEntity
  8
0
  6
Continuous
 62
     7
370
    25
100
AcDbLine
 10
0.095
 20
3.656
 30
0.0
 11
0.095
 21
3.219
 31
0.0
  0
LINE
  5
1374
330
1F
100
AcDbEntity
  8
0
  6
Continuous
 62
     7
370
    25
100
AcDbLine
 10
0.095
 20
3.219
 30
0.0
 11
0.532
 21
3.219
 31
0.0
  0
LINE
  5
1375
330
1F
100
AcDbEntity
  8
0
  6
Continuous
 62
     7
370
    25
100
AcDbLine
 10
0.532
 20
3.219
 30
0.0
 11
0.532
 21
3.656
 31
0.0
  0
LINE
  5
1376
330
1F
100
AcDbEntity
  8
0
  6
Continuous
 62
     7
370
    25
100
AcDbLine
 10
-0.093
 20
39.472
 30
0.0
 11
-0.53
 21
39.472
 31
0.0
  0
LINE
  5
1377
330
1F
100
AcDbEntity
  8
0
  6
Continuous
 62
     7
370
    25
100
AcDbLine
 10
-0.53
 20
39.472
 30
0.0
 11
-0.53
 21
39.035
 31
0.0
  0
LINE
  5
1378
330
1F
100
AcDbEntity
  8
0
  6
Continuous
 62
     7
370
    25
100
AcDbLine
 10
-0.53
 20
39.035
 30
0.0
 11
-0.093
 21
39.035
 31
0.0
  0
LINE
  5
1379
330
1F
100
AcDbEntity
  8
0
  6
Continuous
 62
     7
370
    25
100
AcDbLine
 10
-0.093
 20
39.035
 30
0.0
 11
-0.093
 21
39.472
 31
0.0
  0
LINE
  5
137A
330
1F
100
AcDbEntity
  8
0
  6
Continuous
 62
     7
370
    25
100
AcDbLine
 10
0.532
 20
39.472
 30
0.0
 11
0.095
 21
39.472
 31
0.0
  0
LINE
  5
137B
330
1F
100
AcDbEntity
  8
0
  6
Continuous
 62
     7
370
    25
100
AcDbLine
 10
0.095
 20
39.472
 30
0.0
 11
0.095
 21
39.035
 31
0.0
  0
LINE
  5
137C
330
1F
100
AcDbEntity
  8
0
  6
Continuous
 62
     7
370
    25
100
AcDbLine
 10
0.095
 20
39.035
 30
0.0
 11
0.532
 21
39.035
 31
0.0
  0
LINE
  5
137D
330
1F
100
AcDbEntity
  8
0
  6
Continuous
 62
     7
370
    25
100
AcDbLine
 10
0.532
 20
39.035
 30
0.0
 11
0.532
 21
39.472
 31
0.0
  0
LINE
  5
137E
330
1F
100
AcDbEntity
  8
0
  6
Continuous
 62
     7
370
    25
100
AcDbLine
 10
0.532
 20
-32.158
 30
0.0
 11
0.095
 21
-32.158
 31
0.0
  0
LINE
  5
137F
330
1F
100
AcDbEntity
  8
0
  6
Continuous
 62
     7
370
    25
100
AcDbLine
 10
0.095
 20
-32.158
 30
0.0
 11
0.095
 21
-32.595
 31
0.0
  0
LINE
  5
1380
330
1F
100
AcDbEntity
  8
0
  6
Continuous
 62
     7
370
    25
100
AcDbLine
 10
0.095
 20
-32.595
 30
0.0
 11
0.532
 21
-32.595
 31
0.0
  0
LINE
  5
1381
330
1F
100
AcDbEntity
  8
0
  6
Continuous
 62
     7
370
    25
100
AcDbLine
 10
0.532
 20
-32.595
 30
0.0
 11
0.532
 21
-32.158
 31
0.0
  0
LINE
  5
1382
330
1F
100
AcDbEntity
  8
0
  6
Continuous
 62
     7
370
    25
100
AcDbLine
 10
-5.718
 20
-1.344
 30
0.0
 11
-6.155
 21
-1.344
 31
0.0
  0
LINE
  5
1383
330
1F
100
AcDbEntity
  8
0
  6
Continuous
 62
     7
370
    25
100
AcDbLine
 10
-6.155
 20
-1.344
 30
0.0
 11
-6.155
 21
-1.781
 31
0.0
  0
LINE
  5
1384
330
1F
100
AcDbEntity
  8
0
  6
Continuous
 62
     7
370
    25
100
AcDbLine
 10
-6.155
 20
-1.781
 30
0.0
 11
-5.718
 21
-1.781
 31
0.0
  0
LINE
  5
1385
330
1F
100
AcDbEntity
  8
0
  6
Continuous
 62
     7
370
    25
100
AcDbLine
 10
-5.718
 20
-1.781
 30
0.0
 11
-5.718
 21
-1.344
 31
0.0
  0
LINE
  5
1386
330
1F
100
AcDbEntity
  8
0
  6
Continuous
 62
     7
370
    25
100
AcDbLine
 10
-5.718
 20
33.847
 30
0.0
 11
-6.155
 21
33.847
 31
0.0
  0
LINE
  5
1387
330
1F
100
AcDbEntity
  8
0
  6
Continuous
 62
     7
370
    25
100
AcDbLine
 10
-6.155
 20
33.847
 30
0.0
 11
-6.155
 21
33.41
 31
0.0
  0
LINE
  5
1388
330
1F
100
AcDbEntity
  8
0
  6
Continuous
 62
     7
370
    25
100
AcDbLine
 10
-6.155
 20
33.41
 30
0.0
 11
-5.718
 21
33.41
 31
0.0
  0
LINE
  5
1389
330
1F
100
AcDbEntity
  8
0
  6
Continuous
 62
     7
370
    25
100
AcDbLine
 10
-5.718
 20
33.41
 30
0.0
 11
-5.718
 21
33.847
 31
0.0
  0
LINE
  5
138A
330
1F
100
AcDbEntity
  8
0
  6
Continuous
 62
     7
370
    25
100
AcDbLine
 10
-5.718
 20
34.472
 30
0.0
 11
-6.155
 21
34.472
 31
0.0
  0
LINE
  5
138B
330
1F
100
AcDbEntity
  8
0
  6
Continuous
 62
     7
370
    25
100
AcDbLine
 10
-6.155
 20
34.472
 30
0.0
 11
-6.155
 21
34.035
 31
0.0
  0
LINE
  5
138C
330
1F
100
AcDbEntity
  8
0
  6
Continuous
 62
     7
370
    25
100
AcDbLine
 10
-6.155
 20
34.035
 30
0.0
 11
-5.718
 21
34.035
 31
0.0
  0
LINE
  5
138D
330
1F
100
AcDbEntity
  8
0
  6
Continuous
 62
     7
370
    25
100
AcDbLine
 10
-5.718
 20
34.035
 30
0.0
 11
-5.718
 21
34.472
 31
0.0
  0
LINE
  5
138E
330
1F
100
AcDbEntity
  8
0
  6
Continuous
 62
     7
370
    25
100
AcDbLine
 10
-5.718
 20
-37.158
 30
0.0
 11
-6.155
 21
-37.158
 31
0.0
  0
LINE
  5
138F
330
1F
100
AcDbEntity
  8
0
  6
Continuous
 62
     7
370
    25
100
AcDbLine
 10
-6.155
 20
-37.158
 30
0.0
 11
-6.155
 21
-37.595
 31
0.0
  0
LINE
  5
1390
330
1F
100
AcDbEntity
  8
0
  6
Continuous
 62
     7
370
    25
100
AcDbLine
 10
-6.155
 20
-37.595
 30
0.0
 11
-5.718
 21
-37.595
 31
0.0
  0
LINE
  5
1391
330
1F
100
AcDbEntity
  8
0
  6
Continuous
 62
     7
370
    25
100
AcDbLine
 10
-5.718
 20
-37.595
 30
0.0
 11
-5.718
 21
-37.158
 31
0.0
  0
LINE
  5
1392
330
1F
100
AcDbEntity
  8
0
  6
Continuous
 62
     7
370
    25
100
AcDbLine
 10
5.532
 20
3.656
 30
0.0
 11
5.095
 21
3.656
 31
0.0
  0
LINE
  5
1393
330
1F
100
AcDbEntity
  8
0
  6
Continuous
 62
     7
370
    25
100
AcDbLine
 10
5.095
 20
3.656
 30
0.0
 11
5.095
 21
3.219
 31
0.0
  0
LINE
  5
1394
330
1F
100
AcDbEntity
  8
0
  6
Continuous
 62
     7
370
    25
100
AcDbLine
 10
5.095
 20
3.219
 30
0.0
 11
5.532
 21
3.219
 31
0.0
  0
LINE
  5
1395
330
1F
100
AcDbEntity
  8
0
  6
Continuous
 62
     7
370
    25
100
AcDbLine
 10
5.532
 20
3.219
 30
0.0
 11
5.532
 21
3.656
 31
0.0
  0
LINE
  5
1396
330
1F
100
AcDbEntity
  8
0
  6
Continuous
 62
     7
370
    25
100
AcDbLine
 10
4.907
 20
39.472
 30
0.0
 11
4.47
 21
39.472
 31
0.0
  0
LINE
  5
1397
330
1F
100
AcDbEntity
  8
0
  6
Continuous
 62
     7
370
    25
100
AcDbLine
 10
4.47
 20
39.472
 30
0.0
 11
4.47
 21
39.035
 31
0.0
  0
LINE
  5
1398
330
1F
100
AcDbEntity
  8
0
  6
Continuous
 62
     7
370
    25
100
AcDbLine
 10
4.47
 20
39.035
 30
0.0
 11
4.907
 21
39.035
 31
0.0
  0
LINE
  5
1399
330
1F
100
AcDbEntity
  8
0
  6
Continuous
 62
     7
370
    25
100
AcDbLine
 10
4.907
 20
39.035
 30
0.0
 11
4.907
 21
39.472
 31
0.0
  0
LINE
  5
139A
330
1F
100
AcDbEntity
  8
0
  6
Continuous
 62
     7
370
    25
100
AcDbLine
 10
5.532
 20
39.472
 30
0.0
 11
5.095
 21
39.472
 31
0.0
  0
LINE
  5
139B
330
1F
100
AcDbEntity
  8
0
  6
Continuous
 62
     7
370
    25
100
AcDbLine
 10
5.095
 20
39.472
 30
0.0
 11
5.095
 21
39.035
 31
0.0
  0
LINE
  5
139C
330
1F
100
AcDbEntity
  8
0
  6
Continuous
 62
     7
370
    25
100
AcDbLine
 10
5.095
 20
39.035
 30
0.0
 11
5.532
 21
39.035
 31
0.0
  0
LINE
  5
139D
330
1F
100
AcDbEntity
  8
0
  6
Continuous
 62
     7
370
    25
100
AcDbLine
 10
5.532
 20
39.035
 30
0.0
 11
5.532
 21
39.472
 31
0.0
  0
LINE
  5
139E
330
1F
100
AcDbEntity
  8
0
  6
Continuous
 62
     7
370
    25
100
AcDbLine
 10
5.532
 20
-32.158
 30
0.0
 11
5.095
 21
-32.158
 31
0.0
  0
LINE
  5
139F
330
1F
100
AcDbEntity
  8
0
  6
Continuous
 62
     7
370
    25
100
AcDbLine
 10
5.095
 20
-32.158
 30
0.0
 11
5.095
 21
-32.595
 31
0.0
  0
LINE
  5
13A0
330
1F
100
AcDbEntity
  8
0
  6
Continuous
 62
     7
370
    25
100
AcDbLine
 10
5.095
 20
-32.595
 30
0.0
 11
5.532
 21
-32.595
 31
0.0
  0
LINE
  5
13A1
330
1F
100
AcDbEntity
  8
0
  6
Continuous
 62
     7
370
    25
100
AcDbLine
 10
5.532
 20
-32.595
 30
0.0
 11
5.532
 21
-32.158
 31
0.0
  0
LINE
  5
13A2
330
1F
100
AcDbEntity
  8
0
  6
Continuous
 62
     7
370
    25
100
AcDbLine
 10
-3.218
 20
39.472
 30
0.0
 11
-3.655
 21
39.472
 31
0.0
  0
LINE
  5
13A3
330
1F
100
AcDbEntity
  8
0
  6
Continuous
 62
     7
370
    25
100
AcDbLine
 10
-3.655
 20
39.472
 30
0.0
 11
-3.655
 21
39.035
 31
0.0
  0
LINE
  5
13A4
330
1F
100
AcDbEntity
  8
0
  6
Continuous
 62
     7
370
    25
100
AcDbLine
 10
-3.655
 20
39.035
 30
0.0
 11
-3.218
 21
39.035
 31
0.0
  0
LINE
  5
13A5
330
1F
100
AcDbEntity
  8
0
  6
Continuous
 62
     7
370
    25
100
AcDbLine
 10
-3.218
 20
39.035
 30
0.0
 11
-3.218
 21
39.472
 31
0.0
  0
LINE
  5
13A6
330
1F
100
AcDbEntity
  8
0
  6
Continuous
 62
     7
370
    25
100
AcDbLine
 10
-3.218
 20
-32.158
 30
0.0
 11
-3.655
 21
-32.158
 31
0.0
  0
LINE
  5
13A7
330
1F
100
AcDbEntity
  8
0
  6
Continuous
 62
     7
370
    25
100
AcDbLine
 10
-3.655
 20
-32.158
 30
0.0
 11
-3.655
 21
-32.595
 31
0.0
  0
LINE
  5
13A8
330
1F
100
AcDbEntity
  8
0
  6
Continuous
 62
     7
370
    25
100
AcDbLine
 10
-3.655
 20
-32.595
 30
0.0
 11
-3.218
 21
-32.595
 31
0.0
  0
LINE
  5
13A9
330
1F
100
AcDbEntity
  8
0
  6
Continuous
 62
     7
370
    25
100
AcDbLine
 10
-3.218
 20
-32.595
 30
0.0
 11
-3.218
 21
-32.158
 31
0.0
  0
LINE
  5
13AA
330
1F
100
AcDbEntity
  8
0
  6
Continuous
 62
     7
370
    25
100
AcDbLine
 10
-2.593
 20
-32.158
 30
0.0
 11
-3.03
 21
-32.158
 31
0.0
  0
LINE
  5
13AB
330
1F
100
AcDbEntity
  8
0
  6
Continuous
 62
     7
370
    25
100
AcDbLine
 10
-3.03
 20
-32.158
 30
0.0
 11
-3.03
 21
-32.595
 31
0.0
  0
LINE
  5
13AC
330
1F
100
AcDbEntity
  8
0
  6
Continuous
 62
     7
370
    25
100
AcDbLine
 10
-3.03
 20
-32.595
 30
0.0
 11
-2.593
 21
-32.595
 31
0.0
  0
LINE
  5
13AD
330
1F
100
AcDbEntity
  8
0
  6
Continuous
 62
     7
370
    25
100
AcDbLine
 10
-2.593
 20
-32.595
 30
0.0
 11
-2.593
 21
-32.158
 31
0.0
  0
LINE
  5
13AE
330
1F
100
AcDbEntity
  8
0
  6
Continuous
 62
     7
370
    25
100
AcDbLine
 10
-2.593
 20
3.656
 30
0.0
 11
-3.03
 21
3.656
 31
0.0
  0
LINE
  5
13AF
330
1F
100
AcDbEntity
  8
0
  6
Continuous
 62
     7
370
    25
100
AcDbLine
 10
-3.03
 20
3.656
 30
0.0
 11
-3.03
 21
3.219
 31
0.0
  0
LINE
  5
13B0
330
1F
100
AcDbEntity
  8
0
  6
Continuous
 62
     7
370
    25
100
AcDbLine
 10
-3.03
 20
3.219
 30
0.0
 11
-2.593
 21
3.219
 31
0.0
  0
LINE
  5
13B1
330
1F
100
AcDbEntity
  8
0
  6
Continuous
 62
     7
370
    25
100
AcDbLine
 10
-2.593
 20
3.219
 30
0.0
 11
-2.593
 21
3.656
 31
0.0
  0
LINE
  5
13B2
330
1F
100
AcDbEntity
  8
0
  6
Continuous
 62
     7
370
    25
100
AcDbLine
 10
6.157
 20
39.472
 30
0.0
 11
5.72
 21
39.472
 31
0.0
  0
LINE
  5
13B3
330
1F
100
AcDbEntity
  8
0
  6
Continuous
 62
     7
370
    25
100
AcDbLine
 10
5.72
 20
39.472
 30
0.0
 11
5.72
 21
39.035
 31
0.0
  0
LINE
  5
13B4
330
1F
100
AcDbEntity
  8
0
  6
Continuous
 62
     7
370
    25
100
AcDbLine
 10
5.72
 20
39.035
 30
0.0
 11
6.157
 21
39.035
 31
0.0
  0
LINE
  5
13B5
330
1F
100
AcDbEntity
  8
0
  6
Continuous
 62
     7
370
    25
100
AcDbLine
 10
6.157
 20
39.035
 30
0.0
 11
6.157
 21
39.472
 31
0.0
  0
LINE
  5
13B6
330
1F
100
AcDbEntity
  8
0
  6
Continuous
 62
     7
370
    25
100
AcDbLine
 10
-5.718
 20
-2.594
 30
0.0
 11
-6.155
 21
-2.594
 31
0.0
  0
LINE
  5
13B7
330
1F
100
AcDbEntity
  8
0
  6
Continuous
 62
     7
370
    25
100
AcDbLine
 10
-6.155
 20
-2.594
 30
0.0
 11
-6.155
 21
-3.031
 31
0.0
  0
LINE
  5
13B8
330
1F
100
AcDbEntity
  8
0
  6
Continuous
 62
     7
370
    25
100
AcDbLine
 10
-6.155
 20
-3.031
 30
0.0
 11
-5.718
 21
-3.031
 31
0.0
  0
LINE
  5
13B9
330
1F
100
AcDbEntity
  8
0
  6
Continuous
 62
     7
370
    25
100
AcDbLine
 10
-5.718
 20
-3.031
 30
0.0
 11
-5.718
 21
-2.594
 31
0.0
  0
LINE
  5
13BA
330
1F
100
AcDbEntity
  8
0
  6
Continuous
 62
     7
370
    25
100
AcDbLine
 10
6.157
 20
3.656
 30
0.0
 11
5.72
 21
3.656
 31
0.0
  0
LINE
  5
13BB
330
1F
100
AcDbEntity
  8
0
  6
Continuous
 62
     7
370
    25
100
AcDbLine
 10
5.72
 20
3.656
 30
0.0
 11
5.72
 21
3.219
 31
0.0
  0
LINE
  5
13BC
330
1F
100
AcDbEntity
  8
0
  6
Continuous
 62
     7
370
    25
100
AcDbLine
 10
5.72
 20
3.219
 30
0.0
 11
6.157
 21
3.219
 31
0.0
  0
LINE
  5
13BD
330
1F
100
AcDbEntity
  8
0
  6
Continuous
 62
     7
370
    25
100
AcDbLine
 10
6.157
 20
3.219
 30
0.0
 11
6.157
 21
3.656
 31
0.0
  0
LINE
  5
13BE
330
1F
100
AcDbEntity
  8
0
  6
Continuous
 62
     7
370
    25
100
AcDbLine
 10
6.157
 20
-32.158
 30
0.0
 11
5.72
 21
-32.158
 31
0.0
  0
LINE
  5
13BF
330
1F
100
AcDbEntity
  8
0
  6
Continuous
 62
     7
370
    25
100
AcDbLine
 10
5.72
 20
-32.158
 30
0.0
 11
5.72
 21
-32.595
 31
0.0
  0
LINE
  5
13C0
330
1F
100
AcDbEntity
  8
0
  6
Continuous
 62
     7
370
    25
100
AcDbLine
 10
5.72
 20
-32.595
 30
0.0
 11
6.157
 21
-32.595
 31
0.0
  0
LINE
  5
13C1
330
1F
100
AcDbEntity
  8
0
  6
Continuous
 62
     7
370
    25
100
AcDbLine
 10
6.157
 20
-32.595
 30
0.0
 11
6.157
 21
-32.158
 31
0.0
  0
LINE
  5
13C2
330
1F
100
AcDbEntity
  8
0
  6
Continuous
 62
     7
370
    25
100
AcDbLine
 10
-5.718
 20
-36.533
 30
0.0
 11
-6.155
 21
-36.533
 31
0.0
  0
LINE
  5
13C3
330
1F
100
AcDbEntity
  8
0
  6
Continuous
 62
     7
370
    25
100
AcDbLine
 10
-6.155
 20
-36.533
 30
0.0
 11
-6.155
 21
-36.97
 31
0.0
  0
LINE
  5
13C4
330
1F
100
AcDbEntity
  8
0
  6
Continuous
 62
     7
370
    25
100
AcDbLine
 10
-6.155
 20
-36.97
 30
0.0
 11
-5.718
 21
-36.97
 31
0.0
  0
LINE
  5
13C5
330
1F
100
AcDbEntity
  8
0
  6
Continuous
 62
     7
370
    25
100
AcDbLine
 10
-5.718
 20
-36.97
 30
0.0
 11
-5.718
 21
-36.533
 31
0.0
  0
LINE
  5
13C6
330
1F
100
AcDbEntity
  8
0
  6
Continuous
 62
     7
370
    25
100
AcDbLine
 10
-5.718
 20
-0.719
 30
0.0
 11
-6.155
 21
-0.719
 31
0.0
  0
LINE
  5
13C7
330
1F
100
AcDbEntity
  8
0
  6
Continuous
 62
     7
370
    25
100
AcDbLine
 10
-6.155
 20
-0.719
 30
0.0
 11
-6.155
 21
-1.156
 31
0.0
  0
LINE
  5
13C8
330
1F
100
AcDbEntity
  8
0
  6
Continuous
 62
     7
370
    25
100
AcDbLine
 10
-6.155
 20
-1.156
 30
0.0
 11
-5.718
 21
-1.156
 31
0.0
  0
LINE
  5
13C9
330
1F
100
AcDbEntity
  8
0
  6
Continuous
 62
     7
370
    25
100
AcDbLine
 10
-5.718
 20
-1.156
 30
0.0
 11
-5.718
 21
-0.719
 31
0.0
  0
LINE
  5
13CA
330
1F
100
AcDbEntity
  8
0
  6
Continuous
 62
     7
370
    25
100
AcDbLine
 10
-5.718
 20
-0.094
 30
0.0
 11
-6.155
 21
-0.094
 31
0.0
  0
LINE
  5
13CB
330
1F
100
AcDbEntity
  8
0
  6
Continuous
 62
     7
370
    25
100
AcDbLine
 10
-6.155
 20
-0.094
 30
0.0
 11
-6.155
 21
-0.531
 31
0.0
  0
LINE
  5
13CC
330
1F
100
AcDbEntity
  8
0
  6
Continuous
 62
     7
370
    25
100
AcDbLine
 10
-6.155
 20
-0.531
 30
0.0
 11
-5.718
 21
-0.531
 31
0.0
  0
LINE
  5
13CD
330
1F
100
AcDbEntity
  8
0
  6
Continuous
 62
     7
370
    25
100
AcDbLine
 10
-5.718
 20
-0.531
 30
0.0
 11
-5.718
 21
-0.094
 31
0.0
  0
LINE
  5
13CE
330
1F
100
AcDbEntity
  8
0
  6
Continuous
 62
     7
370
    25
100
AcDbLine
 10
-5.718
 20
35.097
 30
0.0
 11
-6.155
 21
35.097
 31
0.0
  0
LINE
  5
13CF
330
1F
100
AcDbEntity
  8
0
  6
Continuous
 62
     7
370
    25
100
AcDbLine
 10
-6.155
 20
35.097
 30
0.0
 11
-6.155
 21
34.66
 31
0.0
  0
LINE
  5
13D0
330
1F
100
AcDbEntity
  8
0
  6
Continuous
 62
     7
370
    25
100
AcDbLine
 10
-6.155
 20
34.66
 30
0.0
 11
-5.718
 21
34.66
 31
0.0
  0
LINE
  5
13D1
330
1F
100
AcDbEntity
  8
0
  6
Continuous
 62
     7
370
    25
100
AcDbLine
 10
-5.718
 20
34.66
 30
0.0
 11
-5.718
 21
35.097
 31
0.0
  0
LINE
  5
13D2
330
1F
100
AcDbEntity
  8
0
  6
Continuous
 62
     7
370
    25
100
AcDbLine
 10
-5.718
 20
-34.033
 30
0.0
 11
-6.155
 21
-34.033
 31
0.0
  0
LINE
  5
13D3
330
1F
100
AcDbEntity
  8
0
  6
Continuous
 62
     7
370
    25
100
AcDbLine
 10
-6.155
 20
-34.033
 30
0.0
 11
-6.155
 21
-34.47
 31
0.0
  0
LINE
  5
13D4
330
1F
100
AcDbEntity
  8
0
  6
Continuous
 62
     7
370
    25
100
AcDbLine
 10
-6.155
 20
-34.47
 30
0.0
 11
-5.718
 21
-34.47
 31
0.0
  0
LINE
  5
13D5
330
1F
100
AcDbEntity
  8
0
  6
Continuous
 62
     7
370
    25
100
AcDbLine
 10
-5.718
 20
-34.47
 30
0.0
 11
-5.718
 21
-34.033
 31
0.0
  0
LINE
  5
13D6
330
1F
100
AcDbEntity
  8
0
  6
Continuous
 62
     7
370
    25
100
AcDbLine
 10
-5.718
 20
1.781
 30
0.0
 11
-6.155
 21
1.781
 31
0.0
  0
LINE
  5
13D7
330
1F
100
AcDbEntity
  8
0
  6
Continuous
 62
     7
370
    25
100
AcDbLine
 10
-6.155
 20
1.781
 30
0.0
 11
-6.155
 21
1.344
 31
0.0
  0
LINE
  5
13D8
330
1F
100
AcDbEntity
  8
0
  6
Continuous
 62
     7
370
    25
100
AcDbLine
 10
-6.155
 20
1.344
 30
0.0
 11
-5.718
 21
1.344
 31
0.0
  0
LINE
  5
13D9
330
1F
100
AcDbEntity
  8
0
  6
Continuous
 62
     7
370
    25
100
AcDbLine
 10
-5.718
 20
1.344
 30
0.0
 11
-5.718
 21
1.781
 31
0.0
  0
LINE
  5
13DA
330
1F
100
AcDbEntity
  8
0
  6
Continuous
 62
     7
370
    25
100
AcDbLine
 10
-5.718
 20
2.406
 30
0.0
 11
-6.155
 21
2.406
 31
0.0
  0
LINE
  5
13DB
330
1F
100
AcDbEntity
  8
0
  6
Continuous
 62
     7
370
    25
100
AcDbLine
 10
-6.155
 20
2.406
 30
0.0
 11
-6.155
 21
1.969
 31
0.0
  0
LINE
  5
13DC
330
1F
100
AcDbEntity
  8
0
  6
Continuous
 62
     7
370
    25
100
AcDbLine
 10
-6.155
 20
1.969
 30
0.0
 11
-5.718
 21
1.969
 31
0.0
  0
LINE
  5
13DD
330
1F
100
AcDbEntity
  8
0
  6
Continuous
 62
     7
370
    25
100
AcDbLine
 10
-5.718
 20
1.969
 30
0.0
 11
-5.718
 21
2.406
 31
0.0
  0
LINE
  5
13DE
330
1F
100
AcDbEntity
  8
0
  6
Continuous
 62
     7
370
    25
100
AcDbLine
 10
-5.718
 20
37.597
 30
0.0
 11
-6.155
 21
37.597
 31
0.0
  0
LINE
  5
13DF
330
1F
100
AcDbEntity
  8
0
  6
Continuous
 62
     7
370
    25
100
AcDbLine
 10
-6.155
 20
37.597
 30
0.0
 11
-6.155
 21
37.16
 31
0.0
  0
LINE
  5
13E0
330
1F
100
AcDbEntity
  8
0
  6
Continuous
 62
     7
370
    25
100
AcDbLine
 10
-6.155
 20
37.16
 30
0.0
 11
-5.718
 21
37.16
 31
0.0
  0
LINE
  5
13E1
330
1F
100
AcDbEntity
  8
0
  6
Continuous
 62
     7
370
    25
100
AcDbLine
 10
-5.718
 20
37.16
 30
0.0
 11
-5.718
 21
37.597
 31
0.0
  0
LINE
  5
13E2
330
1F
100
AcDbEntity
  8
0
  6
Continuous
 62
     7
370
    25
100
AcDbLine
 10
-5.718
 20
3.031
 30
0.0
 11
-6.155
 21
3.031
 31
0.0
  0
LINE
  5
13E3
330
1F
100
AcDbEntity
  8
0
  6
Continuous
 62
     7
370
    25
100
AcDbLine
 10
-6.155
 20
3.031
 30
0.0
 11
-6.155
 21
2.594
 31
0.0
  0
LINE
  5
13E4
330
1F
100
AcDbEntity
  8
0
  6
Continuous
 62
     7
370
    25
100
AcDbLine
 10
-6.155
 20
2.594
 30
0.0
 11
-5.718
 21
2.594
 31
0.0
  0
LINE
  5
13E5
330
1F
100
AcDbEntity
  8
0
  6
Continuous
 62
     7
370
    25
100
AcDbLine
 10
-5.718
 20
2.594
 30
0.0
 11
-5.718
 21
3.031
 31
0.0
  0
LINE
  5
13E6
330
1F
100
AcDbEntity
  8
0
  6
Continuous
 62
     7
370
    25
100
AcDbLine
 10
-5.718
 20
-32.783
 30
0.0
 11
-6.155
 21
-32.783
 31
0.0
  0
LINE
  5
13E7
330
1F
100
AcDbEntity
  8
0
  6
Continuous
 62
     7
370
    25
100
AcDbLine
 10
-6.155
 20
-32.783
 30
0.0
 11
-6.155
 21
-33.22
 31
0.0
  0
LINE
  5
13E8
330
1F
100
AcDbEntity
  8
0
  6
Continuous
 62
     7
370
    25
100
AcDbLine
 10
-6.155
 20
-33.22
 30
0.0
 11
-5.718
 21
-33.22
 31
0.0
  0
LINE
  5
13E9
330
1F
100
AcDbEntity
  8
0
  6
Continuous
 62
     7
370
    25
100
AcDbLine
 10
-5.718
 20
-33.22
 30
0.0
 11
-5.718
 21
-32.783
 31
0.0
  0
LINE
  5
13EA
330
1F
100
AcDbEntity
  8
0
  6
Continuous
 62
     7
370
    25
100
AcDbLine
 10
-5.718
 20
-33.408
 30
0.0
 11
-6.155
 21
-33.408
 31
0.0
  0
LINE
  5
13EB
330
1F
100
AcDbEntity
  8
0
  6
Continuous
 62
     7
370
    25
100
AcDbLine
 10
-6.155
 20
-33.408
 30
0.0
 11
-6.155
 21
-33.845
 31
0.0
  0
LINE
  5
13EC
330
1F
100
AcDbEntity
  8
0
  6
Continuous
 62
     7
370
    25
100
AcDbLine
 10
-6.155
 20
-33.845
 30
0.0
 11
-5.718
 21
-33.845
 31
0.0
  0
LINE
  5
13ED
330
1F
100
AcDbEntity
  8
0
  6
Continuous
 62
     7
370
    25
100
AcDbLine
 10
-5.718
 20
-33.845
 30
0.0
 11
-5.718
 21
-33.408
 31
0.0
  0
LINE
  5
13EE
330
1F
100
AcDbEntity
  8
0
  6
Continuous
 62
     7
370
    25
100
AcDbLine
 10
-5.718
 20
38.222
 30
0.0
 11
-6.155
 21
38.222
 31
0.0
  0
LINE
  5
13EF
330
1F
100
AcDbEntity
  8
0
  6
Continuous
 62
     7
370
    25
100
AcDbLine
 10
-6.155
 20
38.222
 30
0.0
 11
-6.155
 21
37.785
 31
0.0
  0
LINE
  5
13F0
330
1F
100
AcDbEntity
  8
0
  6
Continuous
 62
     7
370
    25
100
AcDbLine
 10
-6.155
 20
37.785
 30
0.0
 11
-5.718
 21
37.785
 31
0.0
  0
LINE
  5
13F1
330
1F
100
AcDbEntity
  8
0
  6
Continuous
 62
     7
370
    25
100
AcDbLine
 10
-5.718
 20
37.785
 30
0.0
 11
-5.718
 21
38.222
 31
0.0
  0
LINE
  5
13F2
330
1F
100
AcDbEntity
  8
0
  6
Continuous
 62
     7
370
    25
100
AcDbLine
 10
-5.718
 20
0.531
 30
0.0
 11
-6.155
 21
0.531
 31
0.0
  0
LINE
  5
13F3
330
1F
100
AcDbEntity
  8
0
  6
Continuous
 62
     7
370
    25
100
AcDbLine
 10
-6.155
 20
0.531
 30
0.0
 11
-6.155
 21
0.094
 31
0.0
  0
LINE
  5
13F4
330
1F
100
AcDbEntity
  8
0
  6
Continuous
 62
     7
370
    25
100
AcDbLine
 10
-6.155
 20
0.094
 30
0.0
 11
-5.718
 21
0.094
 31
0.0
  0
LINE
  5
13F5
330
1F
100
AcDbEntity
  8
0
  6
Continuous
 62
     7
370
    25
100
AcDbLine
 10
-5.718
 20
0.094
 30
0.0
 11
-5.718
 21
0.531
 31
0.0
  0
LINE
  5
13F6
330
1F
100
AcDbEntity
  8
0
  6
Continuous
 62
     7
370
    25
100
AcDbLine
 10
-5.718
 20
-35.283
 30
0.0
 11
-6.155
 21
-35.283
 31
0.0
  0
LINE
  5
13F7
330
1F
100
AcDbEntity
  8
0
  6
Continuous
 62
     7
370
    25
100
AcDbLine
 10
-6.155
 20
-35.283
 30
0.0
 11
-6.155
 21
-35.72
 31
0.0
  0
LINE
  5
13F8
330
1F
100
AcDbEntity
  8
0
  6
Continuous
 62
     7
370
    25
100
AcDbLine
 10
-6.155
 20
-35.72
 30
0.0
 11
-5.718
 21
-35.72
 31
0.0
  0
LINE
  5
13F9
330
1F
100
AcDbEntity
  8
0
  6
Continuous
 62
     7
370
    25
100
AcDbLine
 10
-5.718
 20
-35.72
 30
0.0
 11
-5.718
 21
-35.283
 31
0.0
  0
LINE
  5
13FA
330
1F
100
AcDbEntity
  8
0
  6
Continuous
 62
     7
370
    25
100
AcDbLine
 10
-5.718
 20
-35.908
 30
0.0
 11
-6.155
 21
-35.908
 31
0.0
  0
LINE
  5
13FB
330
1F
100
AcDbEntity
  8
0
  6
Continuous
 62
     7
370
    25
100
AcDbLine
 10
-6.155
 20
-35.908
 30
0.0
 11
-6.155
 21
-36.345
 31
0.0
  0
LINE
  5
13FC
330
1F
100
AcDbEntity
  8
0
  6
Continuous
 62
     7
370
    25
100
AcDbLine
 10
-6.155
 20
-36.345
 30
0.0
 11
-5.718
 21
-36.345
 31
0.0
  0
LINE
  5
13FD
330
1F
100
AcDbEntity
  8
0
  6
Continuous
 62
     7
370
    25
100
AcDbLine
 10
-5.718
 20
-36.345
 30
0.0
 11
-5.718
 21
-35.908
 31
0.0
  0
LINE
  5
13FE
330
1F
100
AcDbEntity
  8
0
  6
Continuous
 62
     7
370
    25
100
AcDbLine
 10
-5.718
 20
35.722
 30
0.0
 11
-6.155
 21
35.722
 31
0.0
  0
LINE
  5
13FF
330
1F
100
AcDbEntity
  8
0
  6
Continuous
 62
     7
370
    25
100
AcDbLine
 10
-6.155
 20
35.722
 30
0.0
 11
-6.155
 21
35.285
 31
0.0
  0
LINE
  5
1400
330
1F
100
AcDbEntity
  8
0
  6
Continuous
 62
     7
370
    25
100
AcDbLine
 10
-6.155
 20
35.285
 30
0.0
 11
-5.718
 21
35.285
 31
0.0
  0
LINE
  5
1401
330
1F
100
AcDbEntity
  8
0
  6
Continuous
 62
     7
370
    25
100
AcDbLine
 10
-5.718
 20
35.285
 30
0.0
 11
-5.718
 21
35.722
 31
0.0
  0
LINE
  5
1402
330
1F
100
AcDbEntity
  8
0
  6
Continuous
 62
     7
370
    25
100
AcDbLine
 10
1.157
 20
-32.158
 30
0.0
 11
0.72
 21
-32.158
 31
0.0
  0
LINE
  5
1403
330
1F
100
AcDbEntity
  8
0
  6
Continuous
 62
     7
370
    25
100
AcDbLine
 10
0.72
 20
-32.158
 30
0.0
 11
0.72
 21
-32.595
 31
0.0
  0
LINE
  5
1404
330
1F
100
AcDbEntity
  8
0
  6
Continuous
 62
     7
370
    25
100
AcDbLine
 10
0.72
 20
-32.595
 30
0.0
 11
1.157
 21
-32.595
 31
0.0
  0
LINE
  5
1405
330
1F
100
AcDbEntity
  8
0
  6
Continuous
 62
     7
370
    25
100
AcDbLine
 10
1.157
 20
-32.595
 30
0.0
 11
1.157
 21
-32.158
 31
0.0
  0
LINE
  5
1406
330
1F
100
AcDbEntity
  8
0
  6
Continuous
 62
     7
370
    25
100
AcDbLine
 10
1.157
 20
3.656
 30
0.0
 11
0.72
 21
3.656
 31
0.0
  0
LINE
  5
1407
330
1F
100
AcDbEntity
  8
0
  6
Continuous
 62
     7
370
    25
100
AcDbLine
 10
0.72
 20
3.656
 30
0.0
 11
0.72
 21
3.219
 31
0.0
  0
LINE
  5
1408
330
1F
100
AcDbEntity
  8
0
  6
Continuous
 62
     7
370
    25
100
AcDbLine
 10
0.72
 20
3.219
 30
0.0
 11
1.157
 21
3.219
 31
0.0
  0
LINE
  5
1409
330
1F
100
AcDbEntity
  8
0
  6
Continuous
 62
     7
370
    25
100
AcDbLine
 10
1.157
 20
3.219
 30
0.0
 11
1.157
 21
3.656
 31
0.0
  0
LINE
  5
140A
330
1F
100
AcDbEntity
  8
0
  6
Continuous
 62
     7
370
    25
100
AcDbLine
 10
1.782
 20
3.656
 30
0.0
 11
1.345
 21
3.656
 31
0.0
  0
LINE
  5
140B
330
1F
100
AcDbEntity
  8
0
  6
Continuous
 62
     7
370
    25
100
AcDbLine
 10
1.345
 20
3.656
 30
0.0
 11
1.345
 21
3.219
 31
0.0
  0
LINE
  5
140C
330
1F
100
AcDbEntity
  8
0
  6
Continuous
 62
     7
370
    25
100
AcDbLine
 10
1.345
 20
3.219
 30
0.0
 11
1.782
 21
3.219
 31
0.0
  0
LINE
  5
140D
330
1F
100
AcDbEntity
  8
0
  6
Continuous
 62
     7
370
    25
100
AcDbLine
 10
1.782
 20
3.219
 30
0.0
 11
1.782
 21
3.656
 31
0.0
  0
LINE
  5
140E
330
1F
100
AcDbEntity
  8
0
  6
Continuous
 62
     7
370
    25
100
AcDbLine
 10
1.157
 20
39.472
 30
0.0
 11
0.72
 21
39.472
 31
0.0
  0
LINE
  5
140F
330
1F
100
AcDbEntity
  8
0
  6
Continuous
 62
     7
370
    25
100
AcDbLine
 10
0.72
 20
39.472
 30
0.0
 11
0.72
 21
39.035
 31
0.0
  0
LINE
  5
1410
330
1F
100
AcDbEntity
  8
0
  6
Continuous
 62
     7
370
    25
100
AcDbLine
 10
0.72
 20
39.035
 30
0.0
 11
1.157
 21
39.035
 31
0.0
  0
LINE
  5
1411
330
1F
100
AcDbEntity
  8
0
  6
Continuous
 62
     7
370
    25
100
AcDbLine
 10
1.157
 20
39.035
 30
0.0
 11
1.157
 21
39.472
 31
0.0
  0
LINE
  5
1412
330
1F
100
AcDbEntity
  8
0
  6
Continuous
 62
     7
370
    25
100
AcDbLine
 10
-1.343
 20
-32.158
 30
0.0
 11
-1.78
 21
-32.158
 31
0.0
  0
LINE
  5
1413
330
1F
100
AcDbEntity
  8
0
  6
Continuous
 62
     7
370
    25
100
AcDbLine
 10
-1.78
 20
-32.158
 30
0.0
 11
-1.78
 21
-32.595
 31
0.0
  0
LINE
  5
1414
330
1F
100
AcDbEntity
  8
0
  6
Continuous
 62
     7
370
    25
100
AcDbLine
 10
-1.78
 20
-32.595
 30
0.0
 11
-1.343
 21
-32.595
 31
0.0
  0
LINE
  5
1415
330
1F
100
AcDbEntity
  8
0
  6
Continuous
 62
     7
370
    25
100
AcDbLine
 10
-1.343
 20
-32.595
 30
0.0
 11
-1.343
 21
-32.158
 31
0.0
  0
LINE
  5
1416
330
1F
100
AcDbEntity
  8
0
  6
Continuous
 62
     7
370
    25
100
AcDbLine
 10
-1.343
 20
3.656
 30
0.0
 11
-1.78
 21
3.656
 31
0.0
  0
LINE
  5
1417
330
1F
100
AcDbEntity
  8
0
  6
Continuous
 62
     7
370
    25
100
AcDbLine
 10
-1.78
 20
3.656
 30
0.0
 11
-1.78
 21
3.219
 31
0.0
  0
LINE
  5
1418
330
1F
100
AcDbEntity
  8
0
  6
Continuous
 62
     7
370
    25
100
AcDbLine
 10
-1.78
 20
3.219
 30
0.0
 11
-1.343
 21
3.219
 31
0.0
  0
LINE
  5
1419
330
1F
100
AcDbEntity
  8
0
  6
Continuous
 62
     7
370
    25
100
AcDbLine
 10
-1.343
 20
3.219
 30
0.0
 11
-1.343
 21
3.656
 31
0.0
  0
LINE
  5
141A
330
1F
100
AcDbEntity
  8
0
  6
Continuous
 62
     7
370
    25
100
AcDbLine
 10
-0.718
 20
3.656
 30
0.0
 11
-1.155
 21
3.656
 31
0.0
  0
LINE
  5
141B
330
1F
100
AcDbEntity
  8
0
  6
Continuous
 62
     7
370
    25
100
AcDbLine
 10
-1.155
 20
3.656
 30
0.0
 11
-1.155
 21
3.219
 31
0.0
  0
LINE
  5
141C
330
1F
100
AcDbEntity
  8
0
  6
Continuous
 62
     7
370
    25
100
AcDbLine
 10
-1.155
 20
3.219
 30
0.0
 11
-0.718
 21
3.219
 31
0.0
  0
LINE
  5
141D
330
1F
100
AcDbEntity
  8
0
  6
Continuous
 62
     7
370
    25
100
AcDbLine
 10
-0.718
 20
3.219
 30
0.0
 11
-0.718
 21
3.656
 31
0.0
  0
LINE
  5
141E
330
1F
100
AcDbEntity
  8
0
  6
Continuous
 62
     7
370
    25
100
AcDbLine
 10
-1.343
 20
39.472
 30
0.0
 11
-1.78
 21
39.472
 31
0.0
  0
LINE
  5
141F
330
1F
100
AcDbEntity
  8
0
  6
Continuous
 62
     7
370
    25
100
AcDbLine
 10
-1.78
 20
39.472
 30
0.0
 11
-1.78
 21
39.035
 31
0.0
  0
LINE
  5
1420
330
1F
100
AcDbEntity
  8
0
  6
Continuous
 62
     7
370
    25
100
AcDbLine
 10
-1.78
 20
39.035
 30
0.0
 11
-1.343
 21
39.035
 31
0.0
  0
LINE
  5
1421
330
1F
100
AcDbEntity
  8
0
  6
Continuous
 62
     7
370
    25
100
AcDbLine
 10
-1.343
 20
39.035
 30
0.0
 11
-1.343
 21
39.472
 31
0.0
  0
LINE
  5
1422
330
1F
100
AcDbEntity
  8
0
  6
Continuous
 62
     7
370
    25
100
AcDbLine
 10
-0.093
 20
3.656
 30
0.0
 11
-0.53
 21
3.656
 31
0.0
  0
LINE
  5
1423
330
1F
100
AcDbEntity
  8
0
  6
Continuous
 62
     7
370
    25
100
AcDbLine
 10
-0.53
 20
3.656
 30
0.0
 11
-0.53
 21
3.219
 31
0.0
  0
LINE
  5
1424
330
1F
100
AcDbEntity
  8
0
  6
Continuous
 62
     7
370
    25
100
AcDbLine
 10
-0.53
 20
3.219
 30
0.0
 11
-0.093
 21
3.219
 31
0.0
  0
LINE
  5
1425
330
1F
100
AcDbEntity
  8
0
  6
Continuous
 62
     7
370
    25
100
AcDbLine
 10
-0.093
 20
3.219
 30
0.0
 11
-0.093
 21
3.656
 31
0.0
  0
LINE
  5
1426
330
1F
100
AcDbEntity
  8
0
  6
Continuous
 62
     7
370
    25
100
AcDbLine
 10
-0.093
 20
-32.158
 30
0.0
 11
-0.53
 21
-32.158
 31
0.0
  0
LINE
  5
1427
330
1F
100
AcDbEntity
  8
0
  6
Continuous
 62
     7
370
    25
100
AcDbLine
 10
-0.53
 20
-32.158
 30
0.0
 11
-0.53
 21
-32.595
 31
0.0
  0
LINE
  5
1428
330
1F
100
AcDbEntity
  8
0
  6
Continuous
 62
     7
370
    25
100
AcDbLine
 10
-0.53
 20
-32.595
 30
0.0
 11
-0.093
 21
-32.595
 31
0.0
  0
LINE
  5
1429
330
1F
100
AcDbEntity
  8
0
  6
Continuous
 62
     7
370
    25
100
AcDbLine
 10
-0.093
 20
-32.595
 30
0.0
 11
-0.093
 21
-32.158
 31
0.0
  0
LINE
  5
142A
330
1F
100
AcDbEntity
  8
0
  6
Continuous
 62
     7
370
    25
100
AcDbLine
 10
-0.718
 20
-32.158
 30
0.0
 11
-1.155
 21
-32.158
 31
0.0
  0
LINE
  5
142B
330
1F
100
AcDbEntity
  8
0
  6
Continuous
 62
     7
370
    25
100
AcDbLine
 10
-1.155
 20
-32.158
 30
0.0
 11
-1.155
 21
-32.595
 31
0.0
  0
LINE
  5
142C
330
1F
100
AcDbEntity
  8
0
  6
Continuous
 62
     7
370
    25
100
AcDbLine
 10
-1.155
 20
-32.595
 30
0.0
 11
-0.718
 21
-32.595
 31
0.0
  0
LINE
  5
142D
330
1F
100
AcDbEntity
  8
0
  6
Continuous
 62
     7
370
    25
100
AcDbLine
 10
-0.718
 20
-32.595
 30
0.0
 11
-0.718
 21
-32.158
 31
0.0
  0
LINE
  5
142E
330
1F
100
AcDbEntity
  8
0
  6
Continuous
 62
     7
370
    25
100
AcDbLine
 10
-0.718
 20
39.472
 30
0.0
 11
-1.155
 21
39.472
 31
0.0
  0
LINE
  5
142F
330
1F
100
AcDbEntity
  8
0
  6
Continuous
 62
     7
370
    25
100
AcDbLine
 10
-1.155
 20
39.472
 30
0.0
 11
-1.155
 21
39.035
 31
0.0
  0
LINE
  5
1430
330
1F
100
AcDbEntity
  8
0
  6
Continuous
 62
     7
370
    25
100
AcDbLine
 10
-1.155
 20
39.035
 30
0.0
 11
-0.718
 21
39.035
 31
0.0
  0
LINE
  5
1431
330
1F
100
AcDbEntity
  8
0
  6
Continuous
 62
     7
370
    25
100
AcDbLine
 10
-0.718
 20
39.035
 30
0.0
 11
-0.718
 21
39.472
 31
0.0
  0
LINE
  5
1432
330
1F
100
AcDbEntity
  8
0
  6
Continuous
 62
     7
370
    25
100
AcDbLine
 10
-5.718
 20
1.156
 30
0.0
 11
-6.155
 21
1.156
 31
0.0
  0
LINE
  5
1433
330
1F
100
AcDbEntity
  8
0
  6
Continuous
 62
     7
370
    25
100
AcDbLine
 10
-6.155
 20
1.156
 30
0.0
 11
-6.155
 21
0.719
 31
0.0
  0
LINE
  5
1434
330
1F
100
AcDbEntity
  8
0
  6
Continuous
 62
     7
370
    25
100
AcDbLine
 10
-6.155
 20
0.719
 30
0.0
 11
-5.718
 21
0.719
 31
0.0
  0
LINE
  5
1435
330
1F
100
AcDbEntity
  8
0
  6
Continuous
 62
     7
370
    25
100
AcDbLine
 10
-5.718
 20
0.719
 30
0.0
 11
-5.718
 21
1.156
 31
0.0
  0
LINE
  5
1436
330
1F
100
AcDbEntity
  8
0
  6
Continuous
 62
     7
370
    25
100
AcDbLine
 10
-5.718
 20
36.347
 30
0.0
 11
-6.155
 21
36.347
 31
0.0
  0
LINE
  5
1437
330
1F
100
AcDbEntity
  8
0
  6
Continuous
 62
     7
370
    25
100
AcDbLine
 10
-6.155
 20
36.347
 30
0.0
 11
-6.155
 21
35.91
 31
0.0
  0
LINE
  5
1438
330
1F
100
AcDbEntity
  8
0
  6
Continuous
 62
     7
370
    25
100
AcDbLine
 10
-6.155
 20
35.91
 30
0.0
 11
-5.718
 21
35.91
 31
0.0
  0
LINE
  5
1439
330
1F
100
AcDbEntity
  8
0
  6
Continuous
 62
     7
370
    25
100
AcDbLine
 10
-5.718
 20
35.91
 30
0.0
 11
-5.718
 21
36.347
 31
0.0
  0
LINE
  5
143A
330
1F
100
AcDbEntity
  8
0
  6
Continuous
 62
     7
370
    25
100
AcDbLine
 10
-5.718
 20
36.972
 30
0.0
 11
-6.155
 21
36.972
 31
0.0
  0
LINE
  5
143B
330
1F
100
AcDbEntity
  8
0
  6
Continuous
 62
     7
370
    25
100
AcDbLine
 10
-6.155
 20
36.972
 30
0.0
 11
-6.155
 21
36.535
 31
0.0
  0
LINE
  5
143C
330
1F
100
AcDbEntity
  8
0
  6
Continuous
 62
     7
370
    25
100
AcDbLine
 10
-6.155
 20
36.535
 30
0.0
 11
-5.718
 21
36.535
 31
0.0
  0
LINE
  5
143D
330
1F
100
AcDbEntity
  8
0
  6
Continuous
 62
     7
370
    25
100
AcDbLine
 10
-5.718
 20
36.535
 30
0.0
 11
-5.718
 21
36.972
 31
0.0
  0
LINE
  5
143E
330
1F
100
AcDbEntity
  8
0
  6
Continuous
 62
     7
370
    25
100
AcDbLine
 10
-5.718
 20
-34.658
 30
0.0
 11
-6.155
 21
-34.658
 31
0.0
  0
LINE
  5
143F
330
1F
100
AcDbEntity
  8
0
  6
Continuous
 62
     7
370
    25
100
AcDbLine
 10
-6.155
 20
-34.658
 30
0.0
 11
-6.155
 21
-35.095
 31
0.0
  0
LINE
  5
1440
330
1F
100
AcDbEntity
  8
0
  6
Continuous
 62
     7
370
    25
100
AcDbLine
 10
-6.155
 20
-35.095
 30
0.0
 11
-5.718
 21
-35.095
 31
0.0
  0
LINE
  5
1441
330
1F
100
AcDbEntity
  8
0
  6
Continuous
 62
     7
370
    25
100
AcDbLine
 10
-5.718
 20
-35.095
 30
0.0
 11
-5.718
 21
-34.658
 31
0.0
  0
LINE
  5
1442
330
1F
100
AcDbEntity
  8
0
  6
Continuous
 62
     7
370
    25
100
AcDbLine
 10
2.407
 20
-35.908
 30
0.0
 11
1.97
 21
-35.908
 31
0.0
  0
LINE
  5
1443
330
1F
100
AcDbEntity
  8
0
  6
Continuous
 62
     7
370
    25
100
AcDbLine
 10
1.97
 20
-35.908
 30
0.0
 11
1.97
 21
-36.345
 31
0.0
  0
LINE
  5
1444
330
1F
100
AcDbEntity
  8
0
  6
Continuous
 62
     7
370
    25
100
AcDbLine
 10
1.97
 20
-36.345
 30
0.0
 11
2.407
 21
-36.345
 31
0.0
  0
LINE
  5
1445
330
1F
100
AcDbEntity
  8
0
  6
Continuous
 62
     7
370
    25
100
AcDbLine
 10
2.407
 20
-36.345
 30
0.0
 11
2.407
 21
-35.908
 31
0.0
  0
LINE
  5
1446
330
1F
100
AcDbEntity
  8
0
  6
Continuous
 62
     7
370
    25
100
AcDbLine
 10
2.407
 20
-0.094
 30
0.0
 11
1.97
 21
-0.094
 31
0.0
  0
LINE
  5
1447
330
1F
100
AcDbEntity
  8
0
  6
Continuous
 62
     7
370
    25
100
AcDbLine
 10
1.97
 20
-0.094
 30
0.0
 11
1.97
 21
-0.531
 31
0.0
  0
LINE
  5
1448
330
1F
100
AcDbEntity
  8
0
  6
Continuous
 62
     7
370
    25
100
AcDbLine
 10
1.97
 20
-0.531
 30
0.0
 11
2.407
 21
-0.531
 31
0.0
  0
LINE
  5
1449
330
1F
100
AcDbEntity
  8
0
  6
Continuous
 62
     7
370
    25
100
AcDbLine
 10
2.407
 20
-0.531
 30
0.0
 11
2.407
 21
-0.094
 31
0.0
  0
LINE
  5
144A
330
1F
100
AcDbEntity
  8
0
  6
Continuous
 62
     7
370
    25
100
AcDbLine
 10
3.032
 20
-0.094
 30
0.0
 11
2.595
 21
-0.094
 31
0.0
  0
LINE
  5
144B
330
1F
100
AcDbEntity
  8
0
  6
Continuous
 62
     7
370
    25
100
AcDbLine
 10
2.595
 20
-0.094
 30
0.0
 11
2.595
 21
-0.531
 31
0.0
  0
LINE
  5
144C
330
1F
100
AcDbEntity
  8
0
  6
Continuous
 62
     7
370
    25
100
AcDbLine
 10
2.595
 20
-0.531
 30
0.0
 11
3.032
 21
-0.531
 31
0.0
  0
LINE
  5
144D
330
1F
100
AcDbEntity
  8
0
  6
Continuous
 62
     7
370
    25
100
AcDbLine
 10
3.032
 20
-0.531
 30
0.0
 11
3.032
 21
-0.094
 31
0.0
  0
LINE
  5
144E
330
1F
100
AcDbEntity
  8
0
  6
Continuous
 62
     7
370
    25
100
AcDbLine
 10
2.407
 20
35.722
 30
0.0
 11
1.97
 21
35.722
 31
0.0
  0
LINE
  5
144F
330
1F
100
AcDbEntity
  8
0
  6
Continuous
 62
     7
370
    25
100
AcDbLine
 10
1.97
 20
35.722
 30
0.0
 11
1.97
 21
35.285
 31
0.0
  0
LINE
  5
1450
330
1F
100
AcDbEntity
  8
0
  6
Continuous
 62
     7
370
    25
100
AcDbLine
 10
1.97
 20
35.285
 30
0.0
 11
2.407
 21
35.285
 31
0.0
  0
LINE
  5
1451
330
1F
100
AcDbEntity
  8
0
  6
Continuous
 62
     7
370
    25
100
AcDbLine
 10
2.407
 20
35.285
 30
0.0
 11
2.407
 21
35.722
 31
0.0
  0
LINE
  5
1452
330
1F
100
AcDbEntity
  8
0
  6
Continuous
 62
     7
370
    25
100
AcDbLine
 10
-0.093
 20
-35.908
 30
0.0
 11
-0.53
 21
-35.908
 31
0.0
  0
LINE
  5
1453
330
1F
100
AcDbEntity
  8
0
  6
Continuous
 62
     7
370
    25
100
AcDbLine
 10
-0.53
 20
-35.908
 30
0.0
 11
-0.53
 21
-36.345
 31
0.0
  0
LINE
  5
1454
330
1F
100
AcDbEntity
  8
0
  6
Continuous
 62
     7
370
    25
100
AcDbLine
 10
-0.53
 20
-36.345
 30
0.0
 11
-0.093
 21
-36.345
 31
0.0
  0
LINE
  5
1455
330
1F
100
AcDbEntity
  8
0
  6
Continuous
 62
     7
370
    25
100
AcDbLine
 10
-0.093
 20
-36.345
 30
0.0
 11
-0.093
 21
-35.908
 31
0.0
  0
LINE
  5
1456
330
1F
100
AcDbEntity
  8
0
  6
Continuous
 62
     7
370
    25
100
AcDbLine
 10
-0.093
 20
-0.094
 30
0.0
 11
-0.53
 21
-0.094
 31
0.0
  0
LINE
  5
1457
330
1F
100
AcDbEntity
  8
0
  6
Continuous
 62
     7
370
    25
100
AcDbLine
 10
-0.53
 20
-0.094
 30
0.0
 11
-0.53
 21
-0.531
 31
0.0
  0
LINE
  5
1458
330
1F
100
AcDbEntity
  8
0
  6
Continuous
 62
     7
370
    25
100
AcDbLine
 10
-0.53
 20
-0.531
 30
0.0
 11
-0.093
 21
-0.531
 31
0.0
  0
LINE
  5
1459
330
1F
100
AcDbEntity
  8
0
  6
Continuous
 62
     7
370
    25
100
AcDbLine
 10
-0.093
 20
-0.531
 30
0.0
 11
-0.093
 21
-0.094
 31
0.0
  0
LINE
  5
145A
330
1F
100
AcDbEntity
  8
0
  6
Continuous
 62
     7
370
    25
100
AcDbLine
 10
0.532
 20
-0.094
 30
0.0
 11
0.095
 21
-0.094
 31
0.0
  0
LINE
  5
145B
330
1F
100
AcDbEntity
  8
0
  6
Continuous
 62
     7
370
    25
100
AcDbLine
 10
0.095
 20
-0.094
 30
0.0
 11
0.095
 21
-0.531
 31
0.0
  0
LINE
  5
145C
330
1F
100
AcDbEntity
  8
0
  6
Continuous
 62
     7
370
    25
100
AcDbLine
 10
0.095
 20
-0.531
 30
0.0
 11
0.532
 21
-0.531
 31
0.0
  0
LINE
  5
145D
330
1F
100
AcDbEntity
  8
0
  6
Continuous
 62
     7
370
    25
100
AcDbLine
 10
0.532
 20
-0.531
 30
0.0
 11
0.532
 21
-0.094
 31
0.0
  0
LINE
  5
145E
330
1F
100
AcDbEntity
  8
0
  6
Continuous
 62
     7
370
    25
100
AcDbLine
 10
-0.093
 20
35.722
 30
0.0
 11
-0.53
 21
35.722
 31
0.0
  0
LINE
  5
145F
330
1F
100
AcDbEntity
  8
0
  6
Continuous
 62
     7
370
    25
100
AcDbLine
 10
-0.53
 20
35.722
 30
0.0
 11
-0.53
 21
35.285
 31
0.0
  0
LINE
  5
1460
330
1F
100
AcDbEntity
  8
0
  6
Continuous
 62
     7
370
    25
100
AcDbLine
 10
-0.53
 20
35.285
 30
0.0
 11
-0.093
 21
35.285
 31
0.0
  0
LINE
  5
1461
330
1F
100
AcDbEntity
  8
0
  6
Continuous
 62
     7
370
    25
100
AcDbLine
 10
-0.093
 20
35.285
 30
0.0
 11
-0.093
 21
35.722
 31
0.0
  0
LINE
  5
1462
330
1F
100
AcDbEntity
  8
0
  6
Continuous
 62
     7
370
    25
100
AcDbLine
 10
1.157
 20
-0.094
 30
0.0
 11
0.72
 21
-0.094
 31
0.0
  0
LINE
  5
1463
330
1F
100
AcDbEntity
  8
0
  6
Continuous
 62
     7
370
    25
100
AcDbLine
 10
0.72
 20
-0.094
 30
0.0
 11
0.72
 21
-0.531
 31
0.0
  0
LINE
  5
1464
330
1F
100
AcDbEntity
  8
0
  6
Continuous
 62
     7
370
    25
100
AcDbLine
 10
0.72
 20
-0.531
 30
0.0
 11
1.157
 21
-0.531
 31
0.0
  0
LINE
  5
1465
330
1F
100
AcDbEntity
  8
0
  6
Continuous
 62
     7
370
    25
100
AcDbLine
 10
1.157
 20
-0.531
 30
0.0
 11
1.157
 21
-0.094
 31
0.0
  0
LINE
  5
1466
330
1F
100
AcDbEntity
  8
0
  6
Continuous
 62
     7
370
    25
100
AcDbLine
 10
1.157
 20
-35.908
 30
0.0
 11
0.72
 21
-35.908
 31
0.0
  0
LINE
  5
1467
330
1F
100
AcDbEntity
  8
0
  6
Continuous
 62
     7
370
    25
100
AcDbLine
 10
0.72
 20
-35.908
 30
0.0
 11
0.72
 21
-36.345
 31
0.0
  0
LINE
  5
1468
330
1F
100
AcDbEntity
  8
0
  6
Continuous
 62
     7
370
    25
100
AcDbLine
 10
0.72
 20
-36.345
 30
0.0
 11
1.157
 21
-36.345
 31
0.0
  0
LINE
  5
1469
330
1F
100
AcDbEntity
  8
0
  6
Continuous
 62
     7
370
    25
100
AcDbLine
 10
1.157
 20
-36.345
 30
0.0
 11
1.157
 21
-35.908
 31
0.0
  0
LINE
  5
146A
330
1F
100
AcDbEntity
  8
0
  6
Continuous
 62
     7
370
    25
100
AcDbLine
 10
0.532
 20
-35.908
 30
0.0
 11
0.095
 21
-35.908
 31
0.0
  0
LINE
  5
146B
330
1F
100
AcDbEntity
  8
0
  6
Continuous
 62
     7
370
    25
100
AcDbLine
 10
0.095
 20
-35.908
 30
0.0
 11
0.095
 21
-36.345
 31
0.0
  0
LINE
  5
146C
330
1F
100
AcDbEntity
  8
0
  6
Continuous
 62
     7
370
    25
100
AcDbLine
 10
0.095
 20
-36.345
 30
0.0
 11
0.532
 21
-36.345
 31
0.0
  0
LINE
  5
146D
330
1F
100
AcDbEntity
  8
0
  6
Continuous
 62
     7
370
    25
100
AcDbLine
 10
0.532
 20
-36.345
 30
0.0
 11
0.532
 21
-35.908
 31
0.0
  0
LINE
  5
146E
330
1F
100
AcDbEntity
  8
0
  6
Continuous
 62
     7
370
    25
100
AcDbLine
 10
0.532
 20
35.722
 30
0.0
 11
0.095
 21
35.722
 31
0.0
  0
LINE
  5
146F
330
1F
100
AcDbEntity
  8
0
  6
Continuous
 62
     7
370
    25
100
AcDbLine
 10
0.095
 20
35.722
 30
0.0
 11
0.095
 21
35.285
 31
0.0
  0
LINE
  5
1470
330
1F
100
AcDbEntity
  8
0
  6
Continuous
 62
     7
370
    25
100
AcDbLine
 10
0.095
 20
35.285
 30
0.0
 11
0.532
 21
35.285
 31
0.0
  0
LINE
  5
1471
330
1F
100
AcDbEntity
  8
0
  6
Continuous
 62
     7
370
    25
100
AcDbLine
 10
0.532
 20
35.285
 30
0.0
 11
0.532
 21
35.722
 31
0.0
  0
LINE
  5
1472
330
1F
100
AcDbEntity
  8
0
  6
Continuous
 62
     7
370
    25
100
AcDbLine
 10
4.907
 20
-35.908
 30
0.0
 11
4.47
 21
-35.908
 31
0.0
  0
LINE
  5
1473
330
1F
100
AcDbEntity
  8
0
  6
Continuous
 62
     7
370
    25
100
AcDbLine
 10
4.47
 20
-35.908
 30
0.0
 11
4.47
 21
-36.345
 31
0.0
  0
LINE
  5
1474
330
1F
100
AcDbEntity
  8
0
  6
Continuous
 62
     7
370
    25
100
AcDbLine
 10
4.47
 20
-36.345
 30
0.0
 11
4.907
 21
-36.345
 31
0.0
  0
LINE
  5
1475
330
1F
100
AcDbEntity
  8
0
  6
Continuous
 62
     7
370
    25
100
AcDbLine
 10
4.907
 20
-36.345
 30
0.0
 11
4.907
 21
-35.908
 31
0.0
  0
LINE
  5
1476
330
1F
100
AcDbEntity
  8
0
  6
Continuous
 62
     7
370
    25
100
AcDbLine
 10
4.907
 20
-0.094
 30
0.0
 11
4.47
 21
-0.094
 31
0.0
  0
LINE
  5
1477
330
1F
100
AcDbEntity
  8
0
  6
Continuous
 62
     7
370
    25
100
AcDbLine
 10
4.47
 20
-0.094
 30
0.0
 11
4.47
 21
-0.531
 31
0.0
  0
LINE
  5
1478
330
1F
100
AcDbEntity
  8
0
  6
Continuous
 62
     7
370
    25
100
AcDbLine
 10
4.47
 20
-0.531
 30
0.0
 11
4.907
 21
-0.531
 31
0.0
  0
LINE
  5
1479
330
1F
100
AcDbEntity
  8
0
  6
Continuous
 62
     7
370
    25
100
AcDbLine
 10
4.907
 20
-0.531
 30
0.0
 11
4.907
 21
-0.094
 31
0.0
  0
LINE
  5
147A
330
1F
100
AcDbEntity
  8
0
  6
Continuous
 62
     7
370
    25
100
AcDbLine
 10
5.532
 20
-0.094
 30
0.0
 11
5.095
 21
-0.094
 31
0.0
  0
LINE
  5
147B
330
1F
100
AcDbEntity
  8
0
  6
Continuous
 62
     7
370
    25
100
AcDbLine
 10
5.095
 20
-0.094
 30
0.0
 11
5.095
 21
-0.531
 31
0.0
  0
LINE
  5
147C
330
1F
100
AcDbEntity
  8
0
  6
Continuous
 62
     7
370
    25
100
AcDbLine
 10
5.095
 20
-0.531
 30
0.0
 11
5.532
 21
-0.531
 31
0.0
  0
LINE
  5
147D
330
1F
100
AcDbEntity
  8
0
  6
Continuous
 62
     7
370
    25
100
AcDbLine
 10
5.532
 20
-0.531
 30
0.0
 11
5.532
 21
-0.094
 31
0.0
  0
LINE
  5
147E
330
1F
100
AcDbEntity
  8
0
  6
Continuous
 62
     7
370
    25
100
AcDbLine
 10
4.907
 20
35.722
 30
0.0
 11
4.47
 21
35.722
 31
0.0
  0
LINE
  5
147F
330
1F
100
AcDbEntity
  8
0
  6
Continuous
 62
     7
370
    25
100
AcDbLine
 10
4.47
 20
35.722
 30
0.0
 11
4.47
 21
35.285
 31
0.0
  0
LINE
  5
1480
330
1F
100
AcDbEntity
  8
0
  6
Continuous
 62
     7
370
    25
100
AcDbLine
 10
4.47
 20
35.285
 30
0.0
 11
4.907
 21
35.285
 31
0.0
  0
LINE
  5
1481
330
1F
100
AcDbEntity
  8
0
  6
Continuous
 62
     7
370
    25
100
AcDbLine
 10
4.907
 20
35.285
 30
0.0
 11
4.907
 21
35.722
 31
0.0
  0
LINE
  5
1482
330
1F
100
AcDbEntity
  8
0
  6
Continuous
 62
     7
370
    25
100
AcDbLine
 10
0.532
 20
-35.283
 30
0.0
 11
0.095
 21
-35.283
 31
0.0
  0
LINE
  5
1483
330
1F
100
AcDbEntity
  8
0
  6
Continuous
 62
     7
370
    25
100
AcDbLine
 10
0.095
 20
-35.283
 30
0.0
 11
0.095
 21
-35.72
 31
0.0
  0
LINE
  5
1484
330
1F
100
AcDbEntity
  8
0
  6
Continuous
 62
     7
370
    25
100
AcDbLine
 10
0.095
 20
-35.72
 30
0.0
 11
0.532
 21
-35.72
 31
0.0
  0
LINE
  5
1485
330
1F
100
AcDbEntity
  8
0
  6
Continuous
 62
     7
370
    25
100
AcDbLine
 10
0.532
 20
-35.72
 30
0.0
 11
0.532
 21
-35.283
 31
0.0
  0
LINE
  5
1486
330
1F
100
AcDbEntity
  8
0
  6
Continuous
 62
     7
370
    25
100
AcDbLine
 10
0.532
 20
0.531
 30
0.0
 11
0.095
 21
0.531
 31
0.0
  0
LINE
  5
1487
330
1F
100
AcDbEntity
  8
0
  6
Continuous
 62
     7
370
    25
100
AcDbLine
 10
0.095
 20
0.531
 30
0.0
 11
0.095
 21
0.094
 31
0.0
  0
LINE
  5
1488
330
1F
100
AcDbEntity
  8
0
  6
Continuous
 62
     7
370
    25
100
AcDbLine
 10
0.095
 20
0.094
 30
0.0
 11
0.532
 21
0.094
 31
0.0
  0
LINE
  5
1489
330
1F
100
AcDbEntity
  8
0
  6
Continuous
 62
     7
370
    25
100
AcDbLine
 10
0.532
 20
0.094
 30
0.0
 11
0.532
 21
0.531
 31
0.0
  0
LINE
  5
148A
330
1F
100
AcDbEntity
  8
0
  6
Continuous
 62
     7
370
    25
100
AcDbLine
 10
1.157
 20
0.531
 30
0.0
 11
0.72
 21
0.531
 31
0.0
  0
LINE
  5
148B
330
1F
100
AcDbEntity
  8
0
  6
Continuous
 62
     7
370
    25
100
AcDbLine
 10
0.72
 20
0.531
 30
0.0
 11
0.72
 21
0.094
 31
0.0
  0
LINE
  5
148C
330
1F
100
AcDbEntity
  8
0
  6
Continuous
 62
     7
370
    25
100
AcDbLine
 10
0.72
 20
0.094
 30
0.0
 11
1.157
 21
0.094
 31
0.0
  0
LINE
  5
148D
330
1F
100
AcDbEntity
  8
0
  6
Continuous
 62
     7
370
    25
100
AcDbLine
 10
1.157
 20
0.094
 30
0.0
 11
1.157
 21
0.531
 31
0.0
  0
LINE
  5
148E
330
1F
100
AcDbEntity
  8
0
  6
Continuous
 62
     7
370
    25
100
AcDbLine
 10
0.532
 20
36.347
 30
0.0
 11
0.095
 21
36.347
 31
0.0
  0
LINE
  5
148F
330
1F
100
AcDbEntity
  8
0
  6
Continuous
 62
     7
370
    25
100
AcDbLine
 10
0.095
 20
36.347
 30
0.0
 11
0.095
 21
35.91
 31
0.0
  0
LINE
  5
1490
330
1F
100
AcDbEntity
  8
0
  6
Continuous
 62
     7
370
    25
100
AcDbLine
 10
0.095
 20
35.91
 30
0.0
 11
0.532
 21
35.91
 31
0.0
  0
LINE
  5
1491
330
1F
100
AcDbEntity
  8
0
  6
Continuous
 62
     7
370
    25
100
AcDbLine
 10
0.532
 20
35.91
 30
0.0
 11
0.532
 21
36.347
 31
0.0
  0
LINE
  5
1492
330
1F
100
AcDbEntity
  8
0
  6
Continuous
 62
     7
370
    25
100
AcDbLine
 10
-1.968
 20
-35.283
 30
0.0
 11
-2.405
 21
-35.283
 31
0.0
  0
LINE
  5
1493
330
1F
100
AcDbEntity
  8
0
  6
Continuous
 62
     7
370
    25
100
AcDbLine
 10
-2.405
 20
-35.283
 30
0.0
 11
-2.405
 21
-35.72
 31
0.0
  0
LINE
  5
1494
330
1F
100
AcDbEntity
  8
0
  6
Continuous
 62
     7
370
    25
100
AcDbLine
 10
-2.405
 20
-35.72
 30
0.0
 11
-1.968
 21
-35.72
 31
0.0
  0
LINE
  5
1495
330
1F
100
AcDbEntity
  8
0
  6
Continuous
 62
     7
370
    25
100
AcDbLine
 10
-1.968
 20
-35.72
 30
0.0
 11
-1.968
 21
-35.283
 31
0.0
  0
LINE
  5
1496
330
1F
100
AcDbEntity
  8
0
  6
Continuous
 62
     7
370
    25
100
AcDbLine
 10
-1.968
 20
0.531
 30
0.0
 11
-2.405
 21
0.531
 31
0.0
  0
LINE
  5
1497
330
1F
100
AcDbEntity
  8
0
  6
Continuous
 62
     7
370
    25
100
AcDbLine
 10
-2.405
 20
0.531
 30
0.0
 11
-2.405
 21
0.094
 31
0.0
  0
LINE
  5
1498
330
1F
100
AcDbEntity
  8
0
  6
Continuous
 62
     7
370
    25
100
AcDbLine
 10
-2.405
 20
0.094
 30
0.0
 11
-1.968
 21
0.094
 31
0.0
  0
LINE
  5
1499
330
1F
100
AcDbEntity
  8
0
  6
Continuous
 62
     7
370
    25
100
AcDbLine
 10
-1.968
 20
0.094
 30
0.0
 11
-1.968
 21
0.531
 31
0.0
  0
LINE
  5
149A
330
1F
100
AcDbEntity
  8
0
  6
Continuous
 62
     7
370
    25
100
AcDbLine
 10
-1.343
 20
0.531
 30
0.0
 11
-1.78
 21
0.531
 31
0.0
  0
LINE
  5
149B
330
1F
100
AcDbEntity
  8
0
  6
Continuous
 62
     7
370
    25
100
AcDbLine
 10
-1.78
 20
0.531
 30
0.0
 11
-1.78
 21
0.094
 31
0.0
  0
LINE
  5
149C
330
1F
100
AcDbEntity
  8
0
  6
Continuous
 62
     7
370
    25
100
AcDbLine
 10
-1.78
 20
0.094
 30
0.0
 11
-1.343
 21
0.094
 31
0.0
  0
LINE
  5
149D
330
1F
100
AcDbEntity
  8
0
  6
Continuous
 62
     7
370
    25
100
AcDbLine
 10
-1.343
 20
0.094
 30
0.0
 11
-1.343
 21
0.531
 31
0.0
  0
LINE
  5
149E
330
1F
100
AcDbEntity
  8
0
  6
Continuous
 62
     7
370
    25
100
AcDbLine
 10
-1.968
 20
36.347
 30
0.0
 11
-2.405
 21
36.347
 31
0.0
  0
LINE
  5
149F
330
1F
100
AcDbEntity
  8
0
  6
Continuous
 62
     7
370
    25
100
AcDbLine
 10
-2.405
 20
36.347
 30
0.0
 11
-2.405
 21
35.91
 31
0.0
  0
LINE
  5
14A0
330
1F
100
AcDbEntity
  8
0
  6
Continuous
 62
     7
370
    25
100
AcDbLine
 10
-2.405
 20
35.91
 30
0.0
 11
-1.968
 21
35.91
 31
0.0
  0
LINE
  5
14A1
330
1F
100
AcDbEntity
  8
0
  6
Continuous
 62
     7
370
    25
100
AcDbLine
 10
-1.968
 20
35.91
 30
0.0
 11
-1.968
 21
36.347
 31
0.0
  0
LINE
  5
14A2
330
1F
100
AcDbEntity
  8
0
  6
Continuous
 62
     7
370
    25
100
AcDbLine
 10
-0.718
 20
0.531
 30
0.0
 11
-1.155
 21
0.531
 31
0.0
  0
LINE
  5
14A3
330
1F
100
AcDbEntity
  8
0
  6
Continuous
 62
     7
370
    25
100
AcDbLine
 10
-1.155
 20
0.531
 30
0.0
 11
-1.155
 21
0.094
 31
0.0
  0
LINE
  5
14A4
330
1F
100
AcDbEntity
  8
0
  6
Continuous
 62
     7
370
    25
100
AcDbLine
 10
-1.155
 20
0.094
 30
0.0
 11
-0.718
 21
0.094
 31
0.0
  0
LINE
  5
14A5
330
1F
100
AcDbEntity
  8
0
  6
Continuous
 62
     7
370
    25
100
AcDbLine
 10
-0.718
 20
0.094
 30
0.0
 11
-0.718
 21
0.531
 31
0.0
  0
LINE
  5
14A6
330
1F
100
AcDbEntity
  8
0
  6
Continuous
 62
     7
370
    25
100
AcDbLine
 10
-0.718
 20
-35.283
 30
0.0
 11
-1.155
 21
-35.283
 31
0.0
  0
LINE
  5
14A7
330
1F
100
AcDbEntity
  8
0
  6
Continuous
 62
     7
370
    25
100
AcDbLine
 10
-1.155
 20
-35.283
 30
0.0
 11
-1.155
 21
-35.72
 31
0.0
  0
LINE
  5
14A8
330
1F
100
AcDbEntity
  8
0
  6
Continuous
 62
     7
370
    25
100
AcDbLine
 10
-1.155
 20
-35.72
 30
0.0
 11
-0.718
 21
-35.72
 31
0.0
  0
LINE
  5
14A9
330
1F
100
AcDbEntity
  8
0
  6
Continuous
 62
     7
370
    25
100
AcDbLine
 10
-0.718
 20
-35.72
 30
0.0
 11
-0.718
 21
-35.283
 31
0.0
  0
LINE
  5
14AA
330
1F
100
AcDbEntity
  8
0
  6
Continuous
 62
     7
370
    25
100
AcDbLine
 10
-1.343
 20
-35.283
 30
0.0
 11
-1.78
 21
-35.283
 31
0.0
  0
LINE
  5
14AB
330
1F
100
AcDbEntity
  8
0
  6
Continuous
 62
     7
370
    25
100
AcDbLine
 10
-1.78
 20
-35.283
 30
0.0
 11
-1.78
 21
-35.72
 31
0.0
  0
LINE
  5
14AC
330
1F
100
AcDbEntity
  8
0
  6
Continuous
 62
     7
370
    25
100
AcDbLine
 10
-1.78
 20
-35.72
 30
0.0
 11
-1.343
 21
-35.72
 31
0.0
  0
LINE
  5
14AD
330
1F
100
AcDbEntity
  8
0
  6
Continuous
 62
     7
370
    25
100
AcDbLine
 10
-1.343
 20
-35.72
 30
0.0
 11
-1.343
 21
-35.283
 31
0.0
  0
LINE
  5
14AE
330
1F
100
AcDbEntity
  8
0
  6
Continuous
 62
     7
370
    25
100
AcDbLine
 10
-1.343
 20
36.347
 30
0.0
 11
-1.78
 21
36.347
 31
0.0
  0
LINE
  5
14AF
330
1F
100
AcDbEntity
  8
0
  6
Continuous
 62
     7
370
    25
100
AcDbLine
 10
-1.78
 20
36.347
 30
0.0
 11
-1.78
 21
35.91
 31
0.0
  0
LINE
  5
14B0
330
1F
100
AcDbEntity
  8
0
  6
Continuous
 62
     7
370
    25
100
AcDbLine
 10
-1.78
 20
35.91
 30
0.0
 11
-1.343
 21
35.91
 31
0.0
  0
LINE
  5
14B1
330
1F
100
AcDbEntity
  8
0
  6
Continuous
 62
     7
370
    25
100
AcDbLine
 10
-1.343
 20
35.91
 30
0.0
 11
-1.343
 21
36.347
 31
0.0
  0
LINE
  5
14B2
330
1F
100
AcDbEntity
  8
0
  6
Continuous
 62
     7
370
    25
100
AcDbLine
 10
1.782
 20
-0.094
 30
0.0
 11
1.345
 21
-0.094
 31
0.0
  0
LINE
  5
14B3
330
1F
100
AcDbEntity
  8
0
  6
Continuous
 62
     7
370
    25
100
AcDbLine
 10
1.345
 20
-0.094
 30
0.0
 11
1.345
 21
-0.531
 31
0.0
  0
LINE
  5
14B4
330
1F
100
AcDbEntity
  8
0
  6
Continuous
 62
     7
370
    25
100
AcDbLine
 10
1.345
 20
-0.531
 30
0.0
 11
1.782
 21
-0.531
 31
0.0
  0
LINE
  5
14B5
330
1F
100
AcDbEntity
  8
0
  6
Continuous
 62
     7
370
    25
100
AcDbLine
 10
1.782
 20
-0.531
 30
0.0
 11
1.782
 21
-0.094
 31
0.0
  0
LINE
  5
14B6
330
1F
100
AcDbEntity
  8
0
  6
Continuous
 62
     7
370
    25
100
AcDbLine
 10
1.157
 20
35.722
 30
0.0
 11
0.72
 21
35.722
 31
0.0
  0
LINE
  5
14B7
330
1F
100
AcDbEntity
  8
0
  6
Continuous
 62
     7
370
    25
100
AcDbLine
 10
0.72
 20
35.722
 30
0.0
 11
0.72
 21
35.285
 31
0.0
  0
LINE
  5
14B8
330
1F
100
AcDbEntity
  8
0
  6
Continuous
 62
     7
370
    25
100
AcDbLine
 10
0.72
 20
35.285
 30
0.0
 11
1.157
 21
35.285
 31
0.0
  0
LINE
  5
14B9
330
1F
100
AcDbEntity
  8
0
  6
Continuous
 62
     7
370
    25
100
AcDbLine
 10
1.157
 20
35.285
 30
0.0
 11
1.157
 21
35.722
 31
0.0
  0
LINE
  5
14BA
330
1F
100
AcDbEntity
  8
0
  6
Continuous
 62
     7
370
    25
100
AcDbLine
 10
1.782
 20
35.722
 30
0.0
 11
1.345
 21
35.722
 31
0.0
  0
LINE
  5
14BB
330
1F
100
AcDbEntity
  8
0
  6
Continuous
 62
     7
370
    25
100
AcDbLine
 10
1.345
 20
35.722
 30
0.0
 11
1.345
 21
35.285
 31
0.0
  0
LINE
  5
14BC
330
1F
100
AcDbEntity
  8
0
  6
Continuous
 62
     7
370
    25
100
AcDbLine
 10
1.345
 20
35.285
 30
0.0
 11
1.782
 21
35.285
 31
0.0
  0
LINE
  5
14BD
330
1F
100
AcDbEntity
  8
0
  6
Continuous
 62
     7
370
    25
100
AcDbLine
 10
1.782
 20
35.285
 30
0.0
 11
1.782
 21
35.722
 31
0.0
  0
LINE
  5
14BE
330
1F
100
AcDbEntity
  8
0
  6
Continuous
 62
     7
370
    25
100
AcDbLine
 10
1.782
 20
-35.908
 30
0.0
 11
1.345
 21
-35.908
 31
0.0
  0
LINE
  5
14BF
330
1F
100
AcDbEntity
  8
0
  6
Continuous
 62
     7
370
    25
100
AcDbLine
 10
1.345
 20
-35.908
 30
0.0
 11
1.345
 21
-36.345
 31
0.0
  0
LINE
  5
14C0
330
1F
100
AcDbEntity
  8
0
  6
Continuous
 62
     7
370
    25
100
AcDbLine
 10
1.345
 20
-36.345
 30
0.0
 11
1.782
 21
-36.345
 31
0.0
  0
LINE
  5
14C1
330
1F
100
AcDbEntity
  8
0
  6
Continuous
 62
     7
370
    25
100
AcDbLine
 10
1.782
 20
-36.345
 30
0.0
 11
1.782
 21
-35.908
 31
0.0
  0
LINE
  5
14C2
330
1F
100
AcDbEntity
  8
0
  6
Continuous
 62
     7
370
    25
100
AcDbLine
 10
4.907
 20
3.656
 30
0.0
 11
4.47
 21
3.656
 31
0.0
  0
LINE
  5
14C3
330
1F
100
AcDbEntity
  8
0
  6
Continuous
 62
     7
370
    25
100
AcDbLine
 10
4.47
 20
3.656
 30
0.0
 11
4.47
 21
3.219
 31
0.0
  0
LINE
  5
14C4
330
1F
100
AcDbEntity
  8
0
  6
Continuous
 62
     7
370
    25
100
AcDbLine
 10
4.47
 20
3.219
 30
0.0
 11
4.907
 21
3.219
 31
0.0
  0
LINE
  5
14C5
330
1F
100
AcDbEntity
  8
0
  6
Continuous
 62
     7
370
    25
100
AcDbLine
 10
4.907
 20
3.219
 30
0.0
 11
4.907
 21
3.656
 31
0.0
  0
LINE
  5
14C6
330
1F
100
AcDbEntity
  8
0
  6
Continuous
 62
     7
370
    25
100
AcDbLine
 10
4.907
 20
-32.158
 30
0.0
 11
4.47
 21
-32.158
 31
0.0
  0
LINE
  5
14C7
330
1F
100
AcDbEntity
  8
0
  6
Continuous
 62
     7
370
    25
100
AcDbLine
 10
4.47
 20
-32.158
 30
0.0
 11
4.47
 21
-32.595
 31
0.0
  0
LINE
  5
14C8
330
1F
100
AcDbEntity
  8
0
  6
Continuous
 62
     7
370
    25
100
AcDbLine
 10
4.47
 20
-32.595
 30
0.0
 11
4.907
 21
-32.595
 31
0.0
  0
LINE
  5
14C9
330
1F
100
AcDbEntity
  8
0
  6
Continuous
 62
     7
370
    25
100
AcDbLine
 10
4.907
 20
-32.595
 30
0.0
 11
4.907
 21
-32.158
 31
0.0
  0
LINE
  5
14CA
330
1F
100
AcDbEntity
  8
0
  6
Continuous
 62
     7
370
    25
100
AcDbLine
 10
4.282
 20
-32.158
 30
0.0
 11
3.845
 21
-32.158
 31
0.0
  0
LINE
  5
14CB
330
1F
100
AcDbEntity
  8
0
  6
Continuous
 62
     7
370
    25
100
AcDbLine
 10
3.845
 20
-32.158
 30
0.0
 11
3.845
 21
-32.595
 31
0.0
  0
LINE
  5
14CC
330
1F
100
AcDbEntity
  8
0
  6
Continuous
 62
     7
370
    25
100
AcDbLine
 10
3.845
 20
-32.595
 30
0.0
 11
4.282
 21
-32.595
 31
0.0
  0
LINE
  5
14CD
330
1F
100
AcDbEntity
  8
0
  6
Continuous
 62
     7
370
    25
100
AcDbLine
 10
4.282
 20
-32.595
 30
0.0
 11
4.282
 21
-32.158
 31
0.0
  0
LINE
  5
14CE
330
1F
100
AcDbEntity
  8
0
  6
Continuous
 62
     7
370
    25
100
AcDbLine
 10
4.282
 20
39.472
 30
0.0
 11
3.845
 21
39.472
 31
0.0
  0
LINE
  5
14CF
330
1F
100
AcDbEntity
  8
0
  6
Continuous
 62
     7
370
    25
100
AcDbLine
 10
3.845
 20
39.472
 30
0.0
 11
3.845
 21
39.035
 31
0.0
  0
LINE
  5
14D0
330
1F
100
AcDbEntity
  8
0
  6
Continuous
 62
     7
370
    25
100
AcDbLine
 10
3.845
 20
39.035
 30
0.0
 11
4.282
 21
39.035
 31
0.0
  0
LINE
  5
14D1
330
1F
100
AcDbEntity
  8
0
  6
Continuous
 62
     7
370
    25
100
AcDbLine
 10
4.282
 20
39.035
 30
0.0
 11
4.282
 21
39.472
 31
0.0
  0
LINE
  5
14D2
330
1F
100
AcDbEntity
  8
0
  6
Continuous
 62
     7
370
    25
100
AcDbLine
 10
2.407
 20
3.656
 30
0.0
 11
1.97
 21
3.656
 31
0.0
  0
LINE
  5
14D3
330
1F
100
AcDbEntity
  8
0
  6
Continuous
 62
     7
370
    25
100
AcDbLine
 10
1.97
 20
3.656
 30
0.0
 11
1.97
 21
3.219
 31
0.0
  0
LINE
  5
14D4
330
1F
100
AcDbEntity
  8
0
  6
Continuous
 62
     7
370
    25
100
AcDbLine
 10
1.97
 20
3.219
 30
0.0
 11
2.407
 21
3.219
 31
0.0
  0
LINE
  5
14D5
330
1F
100
AcDbEntity
  8
0
  6
Continuous
 62
     7
370
    25
100
AcDbLine
 10
2.407
 20
3.219
 30
0.0
 11
2.407
 21
3.656
 31
0.0
  0
LINE
  5
14D6
330
1F
100
AcDbEntity
  8
0
  6
Continuous
 62
     7
370
    25
100
AcDbLine
 10
2.407
 20
-32.158
 30
0.0
 11
1.97
 21
-32.158
 31
0.0
  0
LINE
  5
14D7
330
1F
100
AcDbEntity
  8
0
  6
Continuous
 62
     7
370
    25
100
AcDbLine
 10
1.97
 20
-32.158
 30
0.0
 11
1.97
 21
-32.595
 31
0.0
  0
LINE
  5
14D8
330
1F
100
AcDbEntity
  8
0
  6
Continuous
 62
     7
370
    25
100
AcDbLine
 10
1.97
 20
-32.595
 30
0.0
 11
2.407
 21
-32.595
 31
0.0
  0
LINE
  5
14D9
330
1F
100
AcDbEntity
  8
0
  6
Continuous
 62
     7
370
    25
100
AcDbLine
 10
2.407
 20
-32.595
 30
0.0
 11
2.407
 21
-32.158
 31
0.0
  0
LINE
  5
14DA
330
1F
100
AcDbEntity
  8
0
  6
Continuous
 62
     7
370
    25
100
AcDbLine
 10
1.782
 20
-32.158
 30
0.0
 11
1.345
 21
-32.158
 31
0.0
  0
LINE
  5
14DB
330
1F
100
AcDbEntity
  8
0
  6
Continuous
 62
     7
370
    25
100
AcDbLine
 10
1.345
 20
-32.158
 30
0.0
 11
1.345
 21
-32.595
 31
0.0
  0
LINE
  5
14DC
330
1F
100
AcDbEntity
  8
0
  6
Continuous
 62
     7
370
    25
100
AcDbLine
 10
1.345
 20
-32.595
 30
0.0
 11
1.782
 21
-32.595
 31
0.0
  0
LINE
  5
14DD
330
1F
100
AcDbEntity
  8
0
  6
Continuous
 62
     7
370
    25
100
AcDbLine
 10
1.782
 20
-32.595
 30
0.0
 11
1.782
 21
-32.158
 31
0.0
  0
LINE
  5
14DE
330
1F
100
AcDbEntity
  8
0
  6
Continuous
 62
     7
370
    25
100
AcDbLine
 10
1.782
 20
39.472
 30
0.0
 11
1.345
 21
39.472
 31
0.0
  0
LINE
  5
14DF
330
1F
100
AcDbEntity
  8
0
  6
Continuous
 62
     7
370
    25
100
AcDbLine
 10
1.345
 20
39.472
 30
0.0
 11
1.345
 21
39.035
 31
0.0
  0
LINE
  5
14E0
330
1F
100
AcDbEntity
  8
0
  6
Continuous
 62
     7
370
    25
100
AcDbLine
 10
1.345
 20
39.035
 30
0.0
 11
1.782
 21
39.035
 31
0.0
  0
LINE
  5
14E1
330
1F
100
AcDbEntity
  8
0
  6
Continuous
 62
     7
370
    25
100
AcDbLine
 10
1.782
 20
39.035
 30
0.0
 11
1.782
 21
39.472
 31
0.0
  0
LINE
  5
14E2
330
1F
100
AcDbEntity
  8
0
  6
Continuous
 62
     7
370
    25
100
AcDbLine
 10
3.032
 20
3.656
 30
0.0
 11
2.595
 21
3.656
 31
0.0
  0
LINE
  5
14E3
330
1F
100
AcDbEntity
  8
0
  6
Continuous
 62
     7
370
    25
100
AcDbLine
 10
2.595
 20
3.656
 30
0.0
 11
2.595
 21
3.219
 31
0.0
  0
LINE
  5
14E4
330
1F
100
AcDbEntity
  8
0
  6
Continuous
 62
     7
370
    25
100
AcDbLine
 10
2.595
 20
3.219
 30
0.0
 11
3.032
 21
3.219
 31
0.0
  0
LINE
  5
14E5
330
1F
100
AcDbEntity
  8
0
  6
Continuous
 62
     7
370
    25
100
AcDbLine
 10
3.032
 20
3.219
 30
0.0
 11
3.032
 21
3.656
 31
0.0
  0
LINE
  5
14E6
330
1F
100
AcDbEntity
  8
0
  6
Continuous
 62
     7
370
    25
100
AcDbLine
 10
2.407
 20
39.472
 30
0.0
 11
1.97
 21
39.472
 31
0.0
  0
LINE
  5
14E7
330
1F
100
AcDbEntity
  8
0
  6
Continuous
 62
     7
370
    25
100
AcDbLine
 10
1.97
 20
39.472
 30
0.0
 11
1.97
 21
39.035
 31
0.0
  0
LINE
  5
14E8
330
1F
100
AcDbEntity
  8
0
  6
Continuous
 62
     7
370
    25
100
AcDbLine
 10
1.97
 20
39.035
 30
0.0
 11
2.407
 21
39.035
 31
0.0
  0
LINE
  5
14E9
330
1F
100
AcDbEntity
  8
0
  6
Continuous
 62
     7
370
    25
100
AcDbLine
 10
2.407
 20
39.035
 30
0.0
 11
2.407
 21
39.472
 31
0.0
  0
LINE
  5
14EA
330
1F
100
AcDbEntity
  8
0
  6
Continuous
 62
     7
370
    25
100
AcDbLine
 10
3.032
 20
39.472
 30
0.0
 11
2.595
 21
39.472
 31
0.0
  0
LINE
  5
14EB
330
1F
100
AcDbEntity
  8
0
  6
Continuous
 62
     7
370
    25
100
AcDbLine
 10
2.595
 20
39.472
 30
0.0
 11
2.595
 21
39.035
 31
0.0
  0
LINE
  5
14EC
330
1F
100
AcDbEntity
  8
0
  6
Continuous
 62
     7
370
    25
100
AcDbLine
 10
2.595
 20
39.035
 30
0.0
 11
3.032
 21
39.035
 31
0.0
  0
LINE
  5
14ED
330
1F
100
AcDbEntity
  8
0
  6
Continuous
 62
     7
370
    25
100
AcDbLine
 10
3.032
 20
39.035
 30
0.0
 11
3.032
 21
39.472
 31
0.0
  0
LINE
  5
14EE
330
1F
100
AcDbEntity
  8
0
  6
Continuous
 62
     7
370
    25
100
AcDbLine
 10
3.032
 20
-32.158
 30
0.0
 11
2.595
 21
-32.158
 31
0.0
  0
LINE
  5
14EF
330
1F
100
AcDbEntity
  8
0
  6
Continuous
 62
     7
370
    25
100
AcDbLine
 10
2.595
 20
-32.158
 30
0.0
 11
2.595
 21
-32.595
 31
0.0
  0
LINE
  5
14F0
330
1F
100
AcDbEntity
  8
0
  6
Continuous
 62
     7
370
    25
100
AcDbLine
 10
2.595
 20
-32.595
 30
0.0
 11
3.032
 21
-32.595
 31
0.0
  0
LINE
  5
14F1
330
1F
100
AcDbEntity
  8
0
  6
Continuous
 62
     7
370
    25
100
AcDbLine
 10
3.032
 20
-32.595
 30
0.0
 11
3.032
 21
-32.158
 31
0.0
  0
LINE
  5
14F2
330
1F
100
AcDbEntity
  8
0
  6
Continuous
 62
     7
370
    25
100
AcDbLine
 10
-5.718
 20
33.222
 30
0.0
 11
-6.155
 21
33.222
 31
0.0
  0
LINE
  5
14F3
330
1F
100
AcDbEntity
  8
0
  6
Continuous
 62
     7
370
    25
100
AcDbLine
 10
-6.155
 20
33.222
 30
0.0
 11
-6.155
 21
32.785
 31
0.0
  0
LINE
  5
14F4
330
1F
100
AcDbEntity
  8
0
  6
Continuous
 62
     7
370
    25
100
AcDbLine
 10
-6.155
 20
32.785
 30
0.0
 11
-5.718
 21
32.785
 31
0.0
  0
LINE
  5
14F5
330
1F
100
AcDbEntity
  8
0
  6
Continuous
 62
     7
370
    25
100
AcDbLine
 10
-5.718
 20
32.785
 30
0.0
 11
-5.718
 21
33.222
 31
0.0
  0
LINE
  5
14F6
330
1F
100
AcDbEntity
  8
0
  6
Continuous
 62
     7
370
    25
100
AcDbLine
 10
-5.718
 20
-38.408
 30
0.0
 11
-6.155
 21
-38.408
 31
0.0
  0
LINE
  5
14F7
330
1F
100
AcDbEntity
  8
0
  6
Continuous
 62
     7
370
    25
100
AcDbLine
 10
-6.155
 20
-38.408
 30
0.0
 11
-6.155
 21
-38.845
 31
0.0
  0
LINE
  5
14F8
330
1F
100
AcDbEntity
  8
0
  6
Continuous
 62
     7
370
    25
100
AcDbLine
 10
-6.155
 20
-38.845
 30
0.0
 11
-5.718
 21
-38.845
 31
0.0
  0
LINE
  5
14F9
330
1F
100
AcDbEntity
  8
0
  6
Continuous
 62
     7
370
    25
100
AcDbLine
 10
-5.718
 20
-38.845
 30
0.0
 11
-5.718
 21
-38.408
 31
0.0
  0
LINE
  5
14FA
330
1F
100
AcDbEntity
  8
0
  6
Continuous
 62
     7
370
    25
100
AcDbLine
 10
-5.718
 20
-37.783
 30
0.0
 11
-6.155
 21
-37.783
 31
0.0
  0
LINE
  5
14FB
330
1F
100
AcDbEntity
  8
0
  6
Continuous
 62
     7
370
    25
100
AcDbLine
 10
-6.155
 20
-37.783
 30
0.0
 11
-6.155
 21
-38.22
 31
0.0
  0
LINE
  5
14FC
330
1F
100
AcDbEntity
  8
0
  6
Continuous
 62
     7
370
    25
100
AcDbLine
 10
-6.155
 20
-38.22
 30
0.0
 11
-5.718
 21
-38.22
 31
0.0
  0
LINE
  5
14FD
330
1F
100
AcDbEntity
  8
0
  6
Continuous
 62
     7
370
    25
100
AcDbLine
 10
-5.718
 20
-38.22
 30
0.0
 11
-5.718
 21
-37.783
 31
0.0
  0
LINE
  5
14FE
330
1F
100
AcDbEntity
  8
0
  6
Continuous
 62
     7
370
    25
100
AcDbLine
 10
-5.718
 20
-1.969
 30
0.0
 11
-6.155
 21
-1.969
 31
0.0
  0
LINE
  5
14FF
330
1F
100
AcDbEntity
  8
0
  6
Continuous
 62
     7
370
    25
100
AcDbLine
 10
-6.155
 20
-1.969
 30
0.0
 11
-6.155
 21
-2.406
 31
0.0
  0
LINE
  5
1500
330
1F
100
AcDbEntity
  8
0
  6
Continuous
 62
     7
370
    25
100
AcDbLine
 10
-6.155
 20
-2.406
 30
0.0
 11
-5.718
 21
-2.406
 31
0.0
  0
LINE
  5
1501
330
1F
100
AcDbEntity
  8
0
  6
Continuous
 62
     7
370
    25
100
AcDbLine
 10
-5.718
 20
-2.406
 30
0.0
 11
-5.718
 21
-1.969
 31
0.0
  0
LINE
  5
1502
330
1F
100
AcDbEntity
  8
0
  6
Continuous
 62
     7
370
    25
100
AcDbLine
 10
6.157
 20
-0.094
 30
0.0
 11
5.72
 21
-0.094
 31
0.0
  0
LINE
  5
1503
330
1F
100
AcDbEntity
  8
0
  6
Continuous
 62
     7
370
    25
100
AcDbLine
 10
5.72
 20
-0.094
 30
0.0
 11
5.72
 21
-0.531
 31
0.0
  0
LINE
  5
1504
330
1F
100
AcDbEntity
  8
0
  6
Continuous
 62
     7
370
    25
100
AcDbLine
 10
5.72
 20
-0.531
 30
0.0
 11
6.157
 21
-0.531
 31
0.0
  0
LINE
  5
1505
330
1F
100
AcDbEntity
  8
0
  6
Continuous
 62
     7
370
    25
100
AcDbLine
 10
6.157
 20
-0.531
 30
0.0
 11
6.157
 21
-0.094
 31
0.0
  0
LINE
  5
1506
330
1F
100
AcDbEntity
  8
0
  6
Continuous
 62
     7
370
    25
100
AcDbLine
 10
6.157
 20
-35.908
 30
0.0
 11
5.72
 21
-35.908
 31
0.0
  0
LINE
  5
1507
330
1F
100
AcDbEntity
  8
0
  6
Continuous
 62
     7
370
    25
100
AcDbLine
 10
5.72
 20
-35.908
 30
0.0
 11
5.72
 21
-36.345
 31
0.0
  0
LINE
  5
1508
330
1F
100
AcDbEntity
  8
0
  6
Continuous
 62
     7
370
    25
100
AcDbLine
 10
5.72
 20
-36.345
 30
0.0
 11
6.157
 21
-36.345
 31
0.0
  0
LINE
  5
1509
330
1F
100
AcDbEntity
  8
0
  6
Continuous
 62
     7
370
    25
100
AcDbLine
 10
6.157
 20
-36.345
 30
0.0
 11
6.157
 21
-35.908
 31
0.0
  0
LINE
  5
150A
330
1F
100
AcDbEntity
  8
0
  6
Continuous
 62
     7
370
    25
100
AcDbLine
 10
5.532
 20
-35.908
 30
0.0
 11
5.095
 21
-35.908
 31
0.0
  0
LINE
  5
150B
330
1F
100
AcDbEntity
  8
0
  6
Continuous
 62
     7
370
    25
100
AcDbLine
 10
5.095
 20
-35.908
 30
0.0
 11
5.095
 21
-36.345
 31
0.0
  0
LINE
  5
150C
330
1F
100
AcDbEntity
  8
0
  6
Continuous
 62
     7
370
    25
100
AcDbLine
 10
5.095
 20
-36.345
 30
0.0
 11
5.532
 21
-36.345
 31
0.0
  0
LINE
  5
150D
330
1F
100
AcDbEntity
  8
0
  6
Continuous
 62
     7
370
    25
100
AcDbLine
 10
5.532
 20
-36.345
 30
0.0
 11
5.532
 21
-35.908
 31
0.0
  0
LINE
  5
150E
330
1F
100
AcDbEntity
  8
0
  6
Continuous
 62
     7
370
    25
100
AcDbLine
 10
5.532
 20
35.722
 30
0.0
 11
5.095
 21
35.722
 31
0.0
  0
LINE
  5
150F
330
1F
100
AcDbEntity
  8
0
  6
Continuous
 62
     7
370
    25
100
AcDbLine
 10
5.095
 20
35.722
 30
0.0
 11
5.095
 21
35.285
 31
0.0
  0
LINE
  5
1510
330
1F
100
AcDbEntity
  8
0
  6
Continuous
 62
     7
370
    25
100
AcDbLine
 10
5.095
 20
35.285
 30
0.0
 11
5.532
 21
35.285
 31
0.0
  0
LINE
  5
1511
330
1F
100
AcDbEntity
  8
0
  6
Continuous
 62
     7
370
    25
100
AcDbLine
 10
5.532
 20
35.285
 30
0.0
 11
5.532
 21
35.722
 31
0.0
  0
LINE
  5
1512
330
1F
100
AcDbEntity
  8
0
  6
Continuous
 62
     7
370
    25
100
AcDbLine
 10
3.657
 20
-0.094
 30
0.0
 11
3.22
 21
-0.094
 31
0.0
  0
LINE
  5
1513
330
1F
100
AcDbEntity
  8
0
  6
Continuous
 62
     7
370
    25
100
AcDbLine
 10
3.22
 20
-0.094
 30
0.0
 11
3.22
 21
-0.531
 31
0.0
  0
LINE
  5
1514
330
1F
100
AcDbEntity
  8
0
  6
Continuous
 62
     7
370
    25
100
AcDbLine
 10
3.22
 20
-0.531
 30
0.0
 11
3.657
 21
-0.531
 31
0.0
  0
LINE
  5
1515
330
1F
100
AcDbEntity
  8
0
  6
Continuous
 62
     7
370
    25
100
AcDbLine
 10
3.657
 20
-0.531
 30
0.0
 11
3.657
 21
-0.094
 31
0.0
  0
LINE
  5
1516
330
1F
100
AcDbEntity
  8
0
  6
Continuous
 62
     7
370
    25
100
AcDbLine
 10
3.657
 20
-35.908
 30
0.0
 11
3.22
 21
-35.908
 31
0.0
  0
LINE
  5
1517
330
1F
100
AcDbEntity
  8
0
  6
Continuous
 62
     7
370
    25
100
AcDbLine
 10
3.22
 20
-35.908
 30
0.0
 11
3.22
 21
-36.345
 31
0.0
  0
LINE
  5
1518
330
1F
100
AcDbEntity
  8
0
  6
Continuous
 62
     7
370
    25
100
AcDbLine
 10
3.22
 20
-36.345
 30
0.0
 11
3.657
 21
-36.345
 31
0.0
  0
LINE
  5
1519
330
1F
100
AcDbEntity
  8
0
  6
Continuous
 62
     7
370
    25
100
AcDbLine
 10
3.657
 20
-36.345
 30
0.0
 11
3.657
 21
-35.908
 31
0.0
  0
LINE
  5
151A
330
1F
100
AcDbEntity
  8
0
  6
Continuous
 62
     7
370
    25
100
AcDbLine
 10
3.032
 20
-35.908
 30
0.0
 11
2.595
 21
-35.908
 31
0.0
  0
LINE
  5
151B
330
1F
100
AcDbEntity
  8
0
  6
Continuous
 62
     7
370
    25
100
AcDbLine
 10
2.595
 20
-35.908
 30
0.0
 11
2.595
 21
-36.345
 31
0.0
  0
LINE
  5
151C
330
1F
100
AcDbEntity
  8
0
  6
Continuous
 62
     7
370
    25
100
AcDbLine
 10
2.595
 20
-36.345
 30
0.0
 11
3.032
 21
-36.345
 31
0.0
  0
LINE
  5
151D
330
1F
100
AcDbEntity
  8
0
  6
Continuous
 62
     7
370
    25
100
AcDbLine
 10
3.032
 20
-36.345
 30
0.0
 11
3.032
 21
-35.908
 31
0.0
  0
LINE
  5
151E
330
1F
100
AcDbEntity
  8
0
  6
Continuous
 62
     7
370
    25
100
AcDbLine
 10
3.032
 20
35.722
 30
0.0
 11
2.595
 21
35.722
 31
0.0
  0
LINE
  5
151F
330
1F
100
AcDbEntity
  8
0
  6
Continuous
 62
     7
370
    25
100
AcDbLine
 10
2.595
 20
35.722
 30
0.0
 11
2.595
 21
35.285
 31
0.0
  0
LINE
  5
1520
330
1F
100
AcDbEntity
  8
0
  6
Continuous
 62
     7
370
    25
100
AcDbLine
 10
2.595
 20
35.285
 30
0.0
 11
3.032
 21
35.285
 31
0.0
  0
LINE
  5
1521
330
1F
100
AcDbEntity
  8
0
  6
Continuous
 62
     7
370
    25
100
AcDbLine
 10
3.032
 20
35.285
 30
0.0
 11
3.032
 21
35.722
 31
0.0
  0
LINE
  5
1522
330
1F
100
AcDbEntity
  8
0
  6
Continuous
 62
     7
370
    25
100
AcDbLine
 10
3.657
 20
39.472
 30
0.0
 11
3.22
 21
39.472
 31
0.0
  0
LINE
  5
1523
330
1F
100
AcDbEntity
  8
0
  6
Continuous
 62
     7
370
    25
100
AcDbLine
 10
3.22
 20
39.472
 30
0.0
 11
3.22
 21
39.035
 31
0.0
  0
LINE
  5
1524
330
1F
100
AcDbEntity
  8
0
  6
Continuous
 62
     7
370
    25
100
AcDbLine
 10
3.22
 20
39.035
 30
0.0
 11
3.657
 21
39.035
 31
0.0
  0
LINE
  5
1525
330
1F
100
AcDbEntity
  8
0
  6
Continuous
 62
     7
370
    25
100
AcDbLine
 10
3.657
 20
39.035
 30
0.0
 11
3.657
 21
39.472
 31
0.0
  0
LINE
  5
1526
330
1F
100
AcDbEntity
  8
0
  6
Continuous
 62
     7
370
    25
100
AcDbLine
 10
4.282
 20
3.656
 30
0.0
 11
3.845
 21
3.656
 31
0.0
  0
LINE
  5
1527
330
1F
100
AcDbEntity
  8
0
  6
Continuous
 62
     7
370
    25
100
AcDbLine
 10
3.845
 20
3.656
 30
0.0
 11
3.845
 21
3.219
 31
0.0
  0
LINE
  5
1528
330
1F
100
AcDbEntity
  8
0
  6
Continuous
 62
     7
370
    25
100
AcDbLine
 10
3.845
 20
3.219
 30
0.0
 11
4.282
 21
3.219
 31
0.0
  0
LINE
  5
1529
330
1F
100
AcDbEntity
  8
0
  6
Continuous
 62
     7
370
    25
100
AcDbLine
 10
4.282
 20
3.219
 30
0.0
 11
4.282
 21
3.656
 31
0.0
  0
LINE
  5
152A
330
1F
100
AcDbEntity
  8
0
  6
Continuous
 62
     7
370
    25
100
AcDbLine
 10
3.657
 20
3.656
 30
0.0
 11
3.22
 21
3.656
 31
0.0
  0
LINE
  5
152B
330
1F
100
AcDbEntity
  8
0
  6
Continuous
 62
     7
370
    25
100
AcDbLine
 10
3.22
 20
3.656
 30
0.0
 11
3.22
 21
3.219
 31
0.0
  0
LINE
  5
152C
330
1F
100
AcDbEntity
  8
0
  6
Continuous
 62
     7
370
    25
100
AcDbLine
 10
3.22
 20
3.219
 30
0.0
 11
3.657
 21
3.219
 31
0.0
  0
LINE
  5
152D
330
1F
100
AcDbEntity
  8
0
  6
Continuous
 62
     7
370
    25
100
AcDbLine
 10
3.657
 20
3.219
 30
0.0
 11
3.657
 21
3.656
 31
0.0
  0
LINE
  5
152E
330
1F
100
AcDbEntity
  8
0
  6
Continuous
 62
     7
370
    25
100
AcDbLine
 10
3.657
 20
-32.158
 30
0.0
 11
3.22
 21
-32.158
 31
0.0
  0
LINE
  5
152F
330
1F
100
AcDbEntity
  8
0
  6
Continuous
 62
     7
370
    25
100
AcDbLine
 10
3.22
 20
-32.158
 30
0.0
 11
3.22
 21
-32.595
 31
0.0
  0
LINE
  5
1530
330
1F
100
AcDbEntity
  8
0
  6
Continuous
 62
     7
370
    25
100
AcDbLine
 10
3.22
 20
-32.595
 30
0.0
 11
3.657
 21
-32.595
 31
0.0
  0
LINE
  5
1531
330
1F
100
AcDbEntity
  8
0
  6
Continuous
 62
     7
370
    25
100
AcDbLine
 10
3.657
 20
-32.595
 30
0.0
 11
3.657
 21
-32.158
 31
0.0
  0
LINE
  5
1532
330
1F
100
AcDbEntity
  8
0
  6
Continuous
 62
     7
370
    25
100
AcDbLine
 10
4.282
 20
-35.908
 30
0.0
 11
3.845
 21
-35.908
 31
0.0
  0
LINE
  5
1533
330
1F
100
AcDbEntity
  8
0
  6
Continuous
 62
     7
370
    25
100
AcDbLine
 10
3.845
 20
-35.908
 30
0.0
 11
3.845
 21
-36.345
 31
0.0
  0
LINE
  5
1534
330
1F
100
AcDbEntity
  8
0
  6
Continuous
 62
     7
370
    25
100
AcDbLine
 10
3.845
 20
-36.345
 30
0.0
 11
4.282
 21
-36.345
 31
0.0
  0
LINE
  5
1535
330
1F
100
AcDbEntity
  8
0
  6
Continuous
 62
     7
370
    25
100
AcDbLine
 10
4.282
 20
-36.345
 30
0.0
 11
4.282
 21
-35.908
 31
0.0
  0
LINE
  5
1536
330
1F
100
AcDbEntity
  8
0
  6
Continuous
 62
     7
370
    25
100
AcDbLine
 10
4.282
 20
35.722
 30
0.0
 11
3.845
 21
35.722
 31
0.0
  0
LINE
  5
1537
330
1F
100
AcDbEntity
  8
0
  6
Continuous
 62
     7
370
    25
100
AcDbLine
 10
3.845
 20
35.722
 30
0.0
 11
3.845
 21
35.285
 31
0.0
  0
LINE
  5
1538
330
1F
100
AcDbEntity
  8
0
  6
Continuous
 62
     7
370
    25
100
AcDbLine
 10
3.845
 20
35.285
 30
0.0
 11
4.282
 21
35.285
 31
0.0
  0
LINE
  5
1539
330
1F
100
AcDbEntity
  8
0
  6
Continuous
 62
     7
370
    25
100
AcDbLine
 10
4.282
 20
35.285
 30
0.0
 11
4.282
 21
35.722
 31
0.0
  0
LINE
  5
153A
330
1F
100
AcDbEntity
  8
0
  6
Continuous
 62
     7
370
    25
100
AcDbLine
 10
3.657
 20
35.722
 30
0.0
 11
3.22
 21
35.722
 31
0.0
  0
LINE
  5
153B
330
1F
100
AcDbEntity
  8
0
  6
Continuous
 62
     7
370
    25
100
AcDbLine
 10
3.22
 20
35.722
 30
0.0
 11
3.22
 21
35.285
 31
0.0
  0
LINE
  5
153C
330
1F
100
AcDbEntity
  8
0
  6
Continuous
 62
     7
370
    25
100
AcDbLine
 10
3.22
 20
35.285
 30
0.0
 11
3.657
 21
35.285
 31
0.0
  0
LINE
  5
153D
330
1F
100
AcDbEntity
  8
0
  6
Continuous
 62
     7
370
    25
100
AcDbLine
 10
3.657
 20
35.285
 30
0.0
 11
3.657
 21
35.722
 31
0.0
  0
LINE
  5
153E
330
1F
100
AcDbEntity
  8
0
  6
Continuous
 62
     7
370
    25
100
AcDbLine
 10
4.282
 20
-0.094
 30
0.0
 11
3.845
 21
-0.094
 31
0.0
  0
LINE
  5
153F
330
1F
100
AcDbEntity
  8
0
  6
Continuous
 62
     7
370
    25
100
AcDbLine
 10
3.845
 20
-0.094
 30
0.0
 11
3.845
 21
-0.531
 31
0.0
  0
LINE
  5
1540
330
1F
100
AcDbEntity
  8
0
  6
Continuous
 62
     7
370
    25
100
AcDbLine
 10
3.845
 20
-0.531
 30
0.0
 11
4.282
 21
-0.531
 31
0.0
  0
LINE
  5
1541
330
1F
100
AcDbEntity
  8
0
  6
Continuous
 62
     7
370
    25
100
AcDbLine
 10
4.282
 20
-0.531
 30
0.0
 11
4.282
 21
-0.094
 31
0.0
  0
LINE
  5
1542
330
1F
100
AcDbEntity
  8
0
  6
Continuous
 62
     7
370
    25
100
AcDbLine
 10
1.782
 20
3.031
 30
0.0
 11
1.345
 21
3.031
 31
0.0
  0
LINE
  5
1543
330
1F
100
AcDbEntity
  8
0
  6
Continuous
 62
     7
370
    25
100
AcDbLine
 10
1.345
 20
3.031
 30
0.0
 11
1.345
 21
2.594
 31
0.0
  0
LINE
  5
1544
330
1F
100
AcDbEntity
  8
0
  6
Continuous
 62
     7
370
    25
100
AcDbLine
 10
1.345
 20
2.594
 30
0.0
 11
1.782
 21
2.594
 31
0.0
  0
LINE
  5
1545
330
1F
100
AcDbEntity
  8
0
  6
Continuous
 62
     7
370
    25
100
AcDbLine
 10
1.782
 20
2.594
 30
0.0
 11
1.782
 21
3.031
 31
0.0
  0
LINE
  5
1546
330
1F
100
AcDbEntity
  8
0
  6
Continuous
 62
     7
370
    25
100
AcDbLine
 10
1.782
 20
-32.783
 30
0.0
 11
1.345
 21
-32.783
 31
0.0
  0
LINE
  5
1547
330
1F
100
AcDbEntity
  8
0
  6
Continuous
 62
     7
370
    25
100
AcDbLine
 10
1.345
 20
-32.783
 30
0.0
 11
1.345
 21
-33.22
 31
0.0
  0
LINE
  5
1548
330
1F
100
AcDbEntity
  8
0
  6
Continuous
 62
     7
370
    25
100
AcDbLine
 10
1.345
 20
-33.22
 30
0.0
 11
1.782
 21
-33.22
 31
0.0
  0
LINE
  5
1549
330
1F
100
AcDbEntity
  8
0
  6
Continuous
 62
     7
370
    25
100
AcDbLine
 10
1.782
 20
-33.22
 30
0.0
 11
1.782
 21
-32.783
 31
0.0
  0
LINE
  5
154A
330
1F
100
AcDbEntity
  8
0
  6
Continuous
 62
     7
370
    25
100
AcDbLine
 10
1.157
 20
-32.783
 30
0.0
 11
0.72
 21
-32.783
 31
0.0
  0
LINE
  5
154B
330
1F
100
AcDbEntity
  8
0
  6
Continuous
 62
     7
370
    25
100
AcDbLine
 10
0.72
 20
-32.783
 30
0.0
 11
0.72
 21
-33.22
 31
0.0
  0
LINE
  5
154C
330
1F
100
AcDbEntity
  8
0
  6
Continuous
 62
     7
370
    25
100
AcDbLine
 10
0.72
 20
-33.22
 30
0.0
 11
1.157
 21
-33.22
 31
0.0
  0
LINE
  5
154D
330
1F
100
AcDbEntity
  8
0
  6
Continuous
 62
     7
370
    25
100
AcDbLine
 10
1.157
 20
-33.22
 30
0.0
 11
1.157
 21
-32.783
 31
0.0
  0
LINE
  5
154E
330
1F
100
AcDbEntity
  8
0
  6
Continuous
 62
     7
370
    25
100
AcDbLine
 10
1.157
 20
38.847
 30
0.0
 11
0.72
 21
38.847
 31
0.0
  0
LINE
  5
154F
330
1F
100
AcDbEntity
  8
0
  6
Continuous
 62
     7
370
    25
100
AcDbLine
 10
0.72
 20
38.847
 30
0.0
 11
0.72
 21
38.41
 31
0.0
  0
LINE
  5
1550
330
1F
100
AcDbEntity
  8
0
  6
Continuous
 62
     7
370
    25
100
AcDbLine
 10
0.72
 20
38.41
 30
0.0
 11
1.157
 21
38.41
 31
0.0
  0
LINE
  5
1551
330
1F
100
AcDbEntity
  8
0
  6
Continuous
 62
     7
370
    25
100
AcDbLine
 10
1.157
 20
38.41
 30
0.0
 11
1.157
 21
38.847
 31
0.0
  0
LINE
  5
1552
330
1F
100
AcDbEntity
  8
0
  6
Continuous
 62
     7
370
    25
100
AcDbLine
 10
5.532
 20
-32.783
 30
0.0
 11
5.095
 21
-32.783
 31
0.0
  0
LINE
  5
1553
330
1F
100
AcDbEntity
  8
0
  6
Continuous
 62
     7
370
    25
100
AcDbLine
 10
5.095
 20
-32.783
 30
0.0
 11
5.095
 21
-33.22
 31
0.0
  0
LINE
  5
1554
330
1F
100
AcDbEntity
  8
0
  6
Continuous
 62
     7
370
    25
100
AcDbLine
 10
5.095
 20
-33.22
 30
0.0
 11
5.532
 21
-33.22
 31
0.0
  0
LINE
  5
1555
330
1F
100
AcDbEntity
  8
0
  6
Continuous
 62
     7
370
    25
100
AcDbLine
 10
5.532
 20
-33.22
 30
0.0
 11
5.532
 21
-32.783
 31
0.0
  0
LINE
  5
1556
330
1F
100
AcDbEntity
  8
0
  6
Continuous
 62
     7
370
    25
100
AcDbLine
 10
5.532
 20
3.031
 30
0.0
 11
5.095
 21
3.031
 31
0.0
  0
LINE
  5
1557
330
1F
100
AcDbEntity
  8
0
  6
Continuous
 62
     7
370
    25
100
AcDbLine
 10
5.095
 20
3.031
 30
0.0
 11
5.095
 21
2.594
 31
0.0
  0
LINE
  5
1558
330
1F
100
AcDbEntity
  8
0
  6
Continuous
 62
     7
370
    25
100
AcDbLine
 10
5.095
 20
2.594
 30
0.0
 11
5.532
 21
2.594
 31
0.0
  0
LINE
  5
1559
330
1F
100
AcDbEntity
  8
0
  6
Continuous
 62
     7
370
    25
100
AcDbLine
 10
5.532
 20
2.594
 30
0.0
 11
5.532
 21
3.031
 31
0.0
  0
LINE
  5
155A
330
1F
100
AcDbEntity
  8
0
  6
Continuous
 62
     7
370
    25
100
AcDbLine
 10
6.157
 20
3.031
 30
0.0
 11
5.72
 21
3.031
 31
0.0
  0
LINE
  5
155B
330
1F
100
AcDbEntity
  8
0
  6
Continuous
 62
     7
370
    25
100
AcDbLine
 10
5.72
 20
3.031
 30
0.0
 11
5.72
 21
2.594
 31
0.0
  0
LINE
  5
155C
330
1F
100
AcDbEntity
  8
0
  6
Continuous
 62
     7
370
    25
100
AcDbLine
 10
5.72
 20
2.594
 30
0.0
 11
6.157
 21
2.594
 31
0.0
  0
LINE
  5
155D
330
1F
100
AcDbEntity
  8
0
  6
Continuous
 62
     7
370
    25
100
AcDbLine
 10
6.157
 20
2.594
 30
0.0
 11
6.157
 21
3.031
 31
0.0
  0
LINE
  5
155E
330
1F
100
AcDbEntity
  8
0
  6
Continuous
 62
     7
370
    25
100
AcDbLine
 10
5.532
 20
38.847
 30
0.0
 11
5.095
 21
38.847
 31
0.0
  0
LINE
  5
155F
330
1F
100
AcDbEntity
  8
0
  6
Continuous
 62
     7
370
    25
100
AcDbLine
 10
5.095
 20
38.847
 30
0.0
 11
5.095
 21
38.41
 31
0.0
  0
LINE
  5
1560
330
1F
100
AcDbEntity
  8
0
  6
Continuous
 62
     7
370
    25
100
AcDbLine
 10
5.095
 20
38.41
 30
0.0
 11
5.532
 21
38.41
 31
0.0
  0
LINE
  5
1561
330
1F
100
AcDbEntity
  8
0
  6
Continuous
 62
     7
370
    25
100
AcDbLine
 10
5.532
 20
38.41
 30
0.0
 11
5.532
 21
38.847
 31
0.0
  0
LINE
  5
1562
330
1F
100
AcDbEntity
  8
0
  6
Continuous
 62
     7
370
    25
100
AcDbLine
 10
3.657
 20
38.847
 30
0.0
 11
3.22
 21
38.847
 31
0.0
  0
LINE
  5
1563
330
1F
100
AcDbEntity
  8
0
  6
Continuous
 62
     7
370
    25
100
AcDbLine
 10
3.22
 20
38.847
 30
0.0
 11
3.22
 21
38.41
 31
0.0
  0
LINE
  5
1564
330
1F
100
AcDbEntity
  8
0
  6
Continuous
 62
     7
370
    25
100
AcDbLine
 10
3.22
 20
38.41
 30
0.0
 11
3.657
 21
38.41
 31
0.0
  0
LINE
  5
1565
330
1F
100
AcDbEntity
  8
0
  6
Continuous
 62
     7
370
    25
100
AcDbLine
 10
3.657
 20
38.41
 30
0.0
 11
3.657
 21
38.847
 31
0.0
  0
LINE
  5
1566
330
1F
100
AcDbEntity
  8
0
  6
Continuous
 62
     7
370
    25
100
AcDbLine
 10
3.657
 20
-32.783
 30
0.0
 11
3.22
 21
-32.783
 31
0.0
  0
LINE
  5
1567
330
1F
100
AcDbEntity
  8
0
  6
Continuous
 62
     7
370
    25
100
AcDbLine
 10
3.22
 20
-32.783
 30
0.0
 11
3.22
 21
-33.22
 31
0.0
  0
LINE
  5
1568
330
1F
100
AcDbEntity
  8
0
  6
Continuous
 62
     7
370
    25
100
AcDbLine
 10
3.22
 20
-33.22
 30
0.0
 11
3.657
 21
-33.22
 31
0.0
  0
LINE
  5
1569
330
1F
100
AcDbEntity
  8
0
  6
Continuous
 62
     7
370
    25
100
AcDbLine
 10
3.657
 20
-33.22
 30
0.0
 11
3.657
 21
-32.783
 31
0.0
  0
LINE
  5
156A
330
1F
100
AcDbEntity
  8
0
  6
Continuous
 62
     7
370
    25
100
AcDbLine
 10
4.282
 20
-32.783
 30
0.0
 11
3.845
 21
-32.783
 31
0.0
  0
LINE
  5
156B
330
1F
100
AcDbEntity
  8
0
  6
Continuous
 62
     7
370
    25
100
AcDbLine
 10
3.845
 20
-32.783
 30
0.0
 11
3.845
 21
-33.22
 31
0.0
  0
LINE
  5
156C
330
1F
100
AcDbEntity
  8
0
  6
Continuous
 62
     7
370
    25
100
AcDbLine
 10
3.845
 20
-33.22
 30
0.0
 11
4.282
 21
-33.22
 31
0.0
  0
LINE
  5
156D
330
1F
100
AcDbEntity
  8
0
  6
Continuous
 62
     7
370
    25
100
AcDbLine
 10
4.282
 20
-33.22
 30
0.0
 11
4.282
 21
-32.783
 31
0.0
  0
LINE
  5
156E
330
1F
100
AcDbEntity
  8
0
  6
Continuous
 62
     7
370
    25
100
AcDbLine
 10
4.282
 20
3.031
 30
0.0
 11
3.845
 21
3.031
 31
0.0
  0
LINE
  5
156F
330
1F
100
AcDbEntity
  8
0
  6
Continuous
 62
     7
370
    25
100
AcDbLine
 10
3.845
 20
3.031
 30
0.0
 11
3.845
 21
2.594
 31
0.0
  0
LINE
  5
1570
330
1F
100
AcDbEntity
  8
0
  6
Continuous
 62
     7
370
    25
100
AcDbLine
 10
3.845
 20
2.594
 30
0.0
 11
4.282
 21
2.594
 31
0.0
  0
LINE
  5
1571
330
1F
100
AcDbEntity
  8
0
  6
Continuous
 62
     7
370
    25
100
AcDbLine
 10
4.282
 20
2.594
 30
0.0
 11
4.282
 21
3.031
 31
0.0
  0
LINE
  5
1572
330
1F
100
AcDbEntity
  8
0
  6
Continuous
 62
     7
370
    25
100
AcDbLine
 10
6.157
 20
38.847
 30
0.0
 11
5.72
 21
38.847
 31
0.0
  0
LINE
  5
1573
330
1F
100
AcDbEntity
  8
0
  6
Continuous
 62
     7
370
    25
100
AcDbLine
 10
5.72
 20
38.847
 30
0.0
 11
5.72
 21
38.41
 31
0.0
  0
LINE
  5
1574
330
1F
100
AcDbEntity
  8
0
  6
Continuous
 62
     7
370
    25
100
AcDbLine
 10
5.72
 20
38.41
 30
0.0
 11
6.157
 21
38.41
 31
0.0
  0
LINE
  5
1575
330
1F
100
AcDbEntity
  8
0
  6
Continuous
 62
     7
370
    25
100
AcDbLine
 10
6.157
 20
38.41
 30
0.0
 11
6.157
 21
38.847
 31
0.0
  0
LINE
  5
1576
330
1F
100
AcDbEntity
  8
0
  6
Continuous
 62
     7
370
    25
100
AcDbLine
 10
6.157
 20
-32.783
 30
0.0
 11
5.72
 21
-32.783
 31
0.0
  0
LINE
  5
1577
330
1F
100
AcDbEntity
  8
0
  6
Continuous
 62
     7
370
    25
100
AcDbLine
 10
5.72
 20
-32.783
 30
0.0
 11
5.72
 21
-33.22
 31
0.0
  0
LINE
  5
1578
330
1F
100
AcDbEntity
  8
0
  6
Continuous
 62
     7
370
    25
100
AcDbLine
 10
5.72
 20
-33.22
 30
0.0
 11
6.157
 21
-33.22
 31
0.0
  0
LINE
  5
1579
330
1F
100
AcDbEntity
  8
0
  6
Continuous
 62
     7
370
    25
100
AcDbLine
 10
6.157
 20
-33.22
 30
0.0
 11
6.157
 21
-32.783
 31
0.0
  0
LINE
  5
157A
330
1F
100
AcDbEntity
  8
0
  6
Continuous
 62
     7
370
    25
100
AcDbLine
 10
-5.093
 20
-32.158
 30
0.0
 11
-5.53
 21
-32.158
 31
0.0
  0
LINE
  5
157B
330
1F
100
AcDbEntity
  8
0
  6
Continuous
 62
     7
370
    25
100
AcDbLine
 10
-5.53
 20
-32.158
 30
0.0
 11
-5.53
 21
-32.595
 31
0.0
  0
LINE
  5
157C
330
1F
100
AcDbEntity
  8
0
  6
Continuous
 62
     7
370
    25
100
AcDbLine
 10
-5.53
 20
-32.595
 30
0.0
 11
-5.093
 21
-32.595
 31
0.0
  0
LINE
  5
157D
330
1F
100
AcDbEntity
  8
0
  6
Continuous
 62
     7
370
    25
100
AcDbLine
 10
-5.093
 20
-32.595
 30
0.0
 11
-5.093
 21
-32.158
 31
0.0
  0
LINE
  5
157E
330
1F
100
AcDbEntity
  8
0
  6
Continuous
 62
     7
370
    25
100
AcDbLine
 10
-5.093
 20
3.656
 30
0.0
 11
-5.53
 21
3.656
 31
0.0
  0
LINE
  5
157F
330
1F
100
AcDbEntity
  8
0
  6
Continuous
 62
     7
370
    25
100
AcDbLine
 10
-5.53
 20
3.656
 30
0.0
 11
-5.53
 21
3.219
 31
0.0
  0
LINE
  5
1580
330
1F
100
AcDbEntity
  8
0
  6
Continuous
 62
     7
370
    25
100
AcDbLine
 10
-5.53
 20
3.219
 30
0.0
 11
-5.093
 21
3.219
 31
0.0
  0
LINE
  5
1581
330
1F
100
AcDbEntity
  8
0
  6
Continuous
 62
     7
370
    25
100
AcDbLine
 10
-5.093
 20
3.219
 30
0.0
 11
-5.093
 21
3.656
 31
0.0
  0
LINE
  5
1582
330
1F
100
AcDbEntity
  8
0
  6
Continuous
 62
     7
370
    25
100
AcDbLine
 10
-3.218
 20
2.406
 30
0.0
 11
-3.655
 21
2.406
 31
0.0
  0
LINE
  5
1583
330
1F
100
AcDbEntity
  8
0
  6
Continuous
 62
     7
370
    25
100
AcDbLine
 10
-3.655
 20
2.406
 30
0.0
 11
-3.655
 21
1.969
 31
0.0
  0
LINE
  5
1584
330
1F
100
AcDbEntity
  8
0
  6
Continuous
 62
     7
370
    25
100
AcDbLine
 10
-3.655
 20
1.969
 30
0.0
 11
-3.218
 21
1.969
 31
0.0
  0
LINE
  5
1585
330
1F
100
AcDbEntity
  8
0
  6
Continuous
 62
     7
370
    25
100
AcDbLine
 10
-3.218
 20
1.969
 30
0.0
 11
-3.218
 21
2.406
 31
0.0
  0
LINE
  5
1586
330
1F
100
AcDbEntity
  8
0
  6
Continuous
 62
     7
370
    25
100
AcDbLine
 10
-3.843
 20
38.222
 30
0.0
 11
-4.28
 21
38.222
 31
0.0
  0
LINE
  5
1587
330
1F
100
AcDbEntity
  8
0
  6
Continuous
 62
     7
370
    25
100
AcDbLine
 10
-4.28
 20
38.222
 30
0.0
 11
-4.28
 21
37.785
 31
0.0
  0
LINE
  5
1588
330
1F
100
AcDbEntity
  8
0
  6
Continuous
 62
     7
370
    25
100
AcDbLine
 10
-4.28
 20
37.785
 30
0.0
 11
-3.843
 21
37.785
 31
0.0
  0
LINE
  5
1589
330
1F
100
AcDbEntity
  8
0
  6
Continuous
 62
     7
370
    25
100
AcDbLine
 10
-3.843
 20
37.785
 30
0.0
 11
-3.843
 21
38.222
 31
0.0
  0
LINE
  5
158A
330
1F
100
AcDbEntity
  8
0
  6
Continuous
 62
     7
370
    25
100
AcDbLine
 10
-3.218
 20
38.222
 30
0.0
 11
-3.655
 21
38.222
 31
0.0
  0
LINE
  5
158B
330
1F
100
AcDbEntity
  8
0
  6
Continuous
 62
     7
370
    25
100
AcDbLine
 10
-3.655
 20
38.222
 30
0.0
 11
-3.655
 21
37.785
 31
0.0
  0
LINE
  5
158C
330
1F
100
AcDbEntity
  8
0
  6
Continuous
 62
     7
370
    25
100
AcDbLine
 10
-3.655
 20
37.785
 30
0.0
 11
-3.218
 21
37.785
 31
0.0
  0
LINE
  5
158D
330
1F
100
AcDbEntity
  8
0
  6
Continuous
 62
     7
370
    25
100
AcDbLine
 10
-3.218
 20
37.785
 30
0.0
 11
-3.218
 21
38.222
 31
0.0
  0
LINE
  5
158E
330
1F
100
AcDbEntity
  8
0
  6
Continuous
 62
     7
370
    25
100
AcDbLine
 10
-3.218
 20
-33.408
 30
0.0
 11
-3.655
 21
-33.408
 31
0.0
  0
LINE
  5
158F
330
1F
100
AcDbEntity
  8
0
  6
Continuous
 62
     7
370
    25
100
AcDbLine
 10
-3.655
 20
-33.408
 30
0.0
 11
-3.655
 21
-33.845
 31
0.0
  0
LINE
  5
1590
330
1F
100
AcDbEntity
  8
0
  6
Continuous
 62
     7
370
    25
100
AcDbLine
 10
-3.655
 20
-33.845
 30
0.0
 11
-3.218
 21
-33.845
 31
0.0
  0
LINE
  5
1591
330
1F
100
AcDbEntity
  8
0
  6
Continuous
 62
     7
370
    25
100
AcDbLine
 10
-3.218
 20
-33.845
 30
0.0
 11
-3.218
 21
-33.408
 31
0.0
  0
LINE
  5
1592
330
1F
100
AcDbEntity
  8
0
  6
Continuous
 62
     7
370
    25
100
AcDbLine
 10
2.407
 20
3.031
 30
0.0
 11
1.97
 21
3.031
 31
0.0
  0
LINE
  5
1593
330
1F
100
AcDbEntity
  8
0
  6
Continuous
 62
     7
370
    25
100
AcDbLine
 10
1.97
 20
3.031
 30
0.0
 11
1.97
 21
2.594
 31
0.0
  0
LINE
  5
1594
330
1F
100
AcDbEntity
  8
0
  6
Continuous
 62
     7
370
    25
100
AcDbLine
 10
1.97
 20
2.594
 30
0.0
 11
2.407
 21
2.594
 31
0.0
  0
LINE
  5
1595
330
1F
100
AcDbEntity
  8
0
  6
Continuous
 62
     7
370
    25
100
AcDbLine
 10
2.407
 20
2.594
 30
0.0
 11
2.407
 21
3.031
 31
0.0
  0
LINE
  5
1596
330
1F
100
AcDbEntity
  8
0
  6
Continuous
 62
     7
370
    25
100
AcDbLine
 10
1.782
 20
38.847
 30
0.0
 11
1.345
 21
38.847
 31
0.0
  0
LINE
  5
1597
330
1F
100
AcDbEntity
  8
0
  6
Continuous
 62
     7
370
    25
100
AcDbLine
 10
1.345
 20
38.847
 30
0.0
 11
1.345
 21
38.41
 31
0.0
  0
LINE
  5
1598
330
1F
100
AcDbEntity
  8
0
  6
Continuous
 62
     7
370
    25
100
AcDbLine
 10
1.345
 20
38.41
 30
0.0
 11
1.782
 21
38.41
 31
0.0
  0
LINE
  5
1599
330
1F
100
AcDbEntity
  8
0
  6
Continuous
 62
     7
370
    25
100
AcDbLine
 10
1.782
 20
38.41
 30
0.0
 11
1.782
 21
38.847
 31
0.0
  0
LINE
  5
159A
330
1F
100
AcDbEntity
  8
0
  6
Continuous
 62
     7
370
    25
100
AcDbLine
 10
2.407
 20
38.847
 30
0.0
 11
1.97
 21
38.847
 31
0.0
  0
LINE
  5
159B
330
1F
100
AcDbEntity
  8
0
  6
Continuous
 62
     7
370
    25
100
AcDbLine
 10
1.97
 20
38.847
 30
0.0
 11
1.97
 21
38.41
 31
0.0
  0
LINE
  5
159C
330
1F
100
AcDbEntity
  8
0
  6
Continuous
 62
     7
370
    25
100
AcDbLine
 10
1.97
 20
38.41
 30
0.0
 11
2.407
 21
38.41
 31
0.0
  0
LINE
  5
159D
330
1F
100
AcDbEntity
  8
0
  6
Continuous
 62
     7
370
    25
100
AcDbLine
 10
2.407
 20
38.41
 30
0.0
 11
2.407
 21
38.847
 31
0.0
  0
LINE
  5
159E
330
1F
100
AcDbEntity
  8
0
  6
Continuous
 62
     7
370
    25
100
AcDbLine
 10
2.407
 20
-32.783
 30
0.0
 11
1.97
 21
-32.783
 31
0.0
  0
LINE
  5
159F
330
1F
100
AcDbEntity
  8
0
  6
Continuous
 62
     7
370
    25
100
AcDbLine
 10
1.97
 20
-32.783
 30
0.0
 11
1.97
 21
-33.22
 31
0.0
  0
LINE
  5
15A0
330
1F
100
AcDbEntity
  8
0
  6
Continuous
 62
     7
370
    25
100
AcDbLine
 10
1.97
 20
-33.22
 30
0.0
 11
2.407
 21
-33.22
 31
0.0
  0
LINE
  5
15A1
330
1F
100
AcDbEntity
  8
0
  6
Continuous
 62
     7
370
    25
100
AcDbLine
 10
2.407
 20
-33.22
 30
0.0
 11
2.407
 21
-32.783
 31
0.0
  0
LINE
  5
15A2
330
1F
100
AcDbEntity
  8
0
  6
Continuous
 62
     7
370
    25
100
AcDbLine
 10
3.032
 20
-32.783
 30
0.0
 11
2.595
 21
-32.783
 31
0.0
  0
LINE
  5
15A3
330
1F
100
AcDbEntity
  8
0
  6
Continuous
 62
     7
370
    25
100
AcDbLine
 10
2.595
 20
-32.783
 30
0.0
 11
2.595
 21
-33.22
 31
0.0
  0
LINE
  5
15A4
330
1F
100
AcDbEntity
  8
0
  6
Continuous
 62
     7
370
    25
100
AcDbLine
 10
2.595
 20
-33.22
 30
0.0
 11
3.032
 21
-33.22
 31
0.0
  0
LINE
  5
15A5
330
1F
100
AcDbEntity
  8
0
  6
Continuous
 62
     7
370
    25
100
AcDbLine
 10
3.032
 20
-33.22
 30
0.0
 11
3.032
 21
-32.783
 31
0.0
  0
LINE
  5
15A6
330
1F
100
AcDbEntity
  8
0
  6
Continuous
 62
     7
370
    25
100
AcDbLine
 10
3.032
 20
3.031
 30
0.0
 11
2.595
 21
3.031
 31
0.0
  0
LINE
  5
15A7
330
1F
100
AcDbEntity
  8
0
  6
Continuous
 62
     7
370
    25
100
AcDbLine
 10
2.595
 20
3.031
 30
0.0
 11
2.595
 21
2.594
 31
0.0
  0
LINE
  5
15A8
330
1F
100
AcDbEntity
  8
0
  6
Continuous
 62
     7
370
    25
100
AcDbLine
 10
2.595
 20
2.594
 30
0.0
 11
3.032
 21
2.594
 31
0.0
  0
LINE
  5
15A9
330
1F
100
AcDbEntity
  8
0
  6
Continuous
 62
     7
370
    25
100
AcDbLine
 10
3.032
 20
2.594
 30
0.0
 11
3.032
 21
3.031
 31
0.0
  0
LINE
  5
15AA
330
1F
100
AcDbEntity
  8
0
  6
Continuous
 62
     7
370
    25
100
AcDbLine
 10
3.657
 20
3.031
 30
0.0
 11
3.22
 21
3.031
 31
0.0
  0
LINE
  5
15AB
330
1F
100
AcDbEntity
  8
0
  6
Continuous
 62
     7
370
    25
100
AcDbLine
 10
3.22
 20
3.031
 30
0.0
 11
3.22
 21
2.594
 31
0.0
  0
LINE
  5
15AC
330
1F
100
AcDbEntity
  8
0
  6
Continuous
 62
     7
370
    25
100
AcDbLine
 10
3.22
 20
2.594
 30
0.0
 11
3.657
 21
2.594
 31
0.0
  0
LINE
  5
15AD
330
1F
100
AcDbEntity
  8
0
  6
Continuous
 62
     7
370
    25
100
AcDbLine
 10
3.657
 20
2.594
 30
0.0
 11
3.657
 21
3.031
 31
0.0
  0
LINE
  5
15AE
330
1F
100
AcDbEntity
  8
0
  6
Continuous
 62
     7
370
    25
100
AcDbLine
 10
3.032
 20
38.847
 30
0.0
 11
2.595
 21
38.847
 31
0.0
  0
LINE
  5
15AF
330
1F
100
AcDbEntity
  8
0
  6
Continuous
 62
     7
370
    25
100
AcDbLine
 10
2.595
 20
38.847
 30
0.0
 11
2.595
 21
38.41
 31
0.0
  0
LINE
  5
15B0
330
1F
100
AcDbEntity
  8
0
  6
Continuous
 62
     7
370
    25
100
AcDbLine
 10
2.595
 20
38.41
 30
0.0
 11
3.032
 21
38.41
 31
0.0
  0
LINE
  5
15B1
330
1F
100
AcDbEntity
  8
0
  6
Continuous
 62
     7
370
    25
100
AcDbLine
 10
3.032
 20
38.41
 30
0.0
 11
3.032
 21
38.847
 31
0.0
  0
LINE
  5
15B2
330
1F
100
AcDbEntity
  8
0
  6
Continuous
 62
     7
370
    25
100
AcDbLine
 10
0.532
 20
-32.783
 30
0.0
 11
0.095
 21
-32.783
 31
0.0
  0
LINE
  5
15B3
330
1F
100
AcDbEntity
  8
0
  6
Continuous
 62
     7
370
    25
100
AcDbLine
 10
0.095
 20
-32.783
 30
0.0
 11
0.095
 21
-33.22
 31
0.0
  0
LINE
  5
15B4
330
1F
100
AcDbEntity
  8
0
  6
Continuous
 62
     7
370
    25
100
AcDbLine
 10
0.095
 20
-33.22
 30
0.0
 11
0.532
 21
-33.22
 31
0.0
  0
LINE
  5
15B5
330
1F
100
AcDbEntity
  8
0
  6
Continuous
 62
     7
370
    25
100
AcDbLine
 10
0.532
 20
-33.22
 30
0.0
 11
0.532
 21
-32.783
 31
0.0
  0
LINE
  5
15B6
330
1F
100
AcDbEntity
  8
0
  6
Continuous
 62
     7
370
    25
100
AcDbLine
 10
0.532
 20
3.031
 30
0.0
 11
0.095
 21
3.031
 31
0.0
  0
LINE
  5
15B7
330
1F
100
AcDbEntity
  8
0
  6
Continuous
 62
     7
370
    25
100
AcDbLine
 10
0.095
 20
3.031
 30
0.0
 11
0.095
 21
2.594
 31
0.0
  0
LINE
  5
15B8
330
1F
100
AcDbEntity
  8
0
  6
Continuous
 62
     7
370
    25
100
AcDbLine
 10
0.095
 20
2.594
 30
0.0
 11
0.532
 21
2.594
 31
0.0
  0
LINE
  5
15B9
330
1F
100
AcDbEntity
  8
0
  6
Continuous
 62
     7
370
    25
100
AcDbLine
 10
0.532
 20
2.594
 30
0.0
 11
0.532
 21
3.031
 31
0.0
  0
LINE
  5
15BA
330
1F
100
AcDbEntity
  8
0
  6
Continuous
 62
     7
370
    25
100
AcDbLine
 10
1.157
 20
3.031
 30
0.0
 11
0.72
 21
3.031
 31
0.0
  0
LINE
  5
15BB
330
1F
100
AcDbEntity
  8
0
  6
Continuous
 62
     7
370
    25
100
AcDbLine
 10
0.72
 20
3.031
 30
0.0
 11
0.72
 21
2.594
 31
0.0
  0
LINE
  5
15BC
330
1F
100
AcDbEntity
  8
0
  6
Continuous
 62
     7
370
    25
100
AcDbLine
 10
0.72
 20
2.594
 30
0.0
 11
1.157
 21
2.594
 31
0.0
  0
LINE
  5
15BD
330
1F
100
AcDbEntity
  8
0
  6
Continuous
 62
     7
370
    25
100
AcDbLine
 10
1.157
 20
2.594
 30
0.0
 11
1.157
 21
3.031
 31
0.0
  0
LINE
  5
15BE
330
1F
100
AcDbEntity
  8
0
  6
Continuous
 62
     7
370
    25
100
AcDbLine
 10
0.532
 20
38.847
 30
0.0
 11
0.095
 21
38.847
 31
0.0
  0
LINE
  5
15BF
330
1F
100
AcDbEntity
  8
0
  6
Continuous
 62
     7
370
    25
100
AcDbLine
 10
0.095
 20
38.847
 30
0.0
 11
0.095
 21
38.41
 31
0.0
  0
LINE
  5
15C0
330
1F
100
AcDbEntity
  8
0
  6
Continuous
 62
     7
370
    25
100
AcDbLine
 10
0.095
 20
38.41
 30
0.0
 11
0.532
 21
38.41
 31
0.0
  0
LINE
  5
15C1
330
1F
100
AcDbEntity
  8
0
  6
Continuous
 62
     7
370
    25
100
AcDbLine
 10
0.532
 20
38.41
 30
0.0
 11
0.532
 21
38.847
 31
0.0
  0
LINE
  5
15C2
330
1F
100
AcDbEntity
  8
0
  6
Continuous
 62
     7
370
    25
100
AcDbLine
 10
-1.343
 20
38.847
 30
0.0
 11
-1.78
 21
38.847
 31
0.0
  0
LINE
  5
15C3
330
1F
100
AcDbEntity
  8
0
  6
Continuous
 62
     7
370
    25
100
AcDbLine
 10
-1.78
 20
38.847
 30
0.0
 11
-1.78
 21
38.41
 31
0.0
  0
LINE
  5
15C4
330
1F
100
AcDbEntity
  8
0
  6
Continuous
 62
     7
370
    25
100
AcDbLine
 10
-1.78
 20
38.41
 30
0.0
 11
-1.343
 21
38.41
 31
0.0
  0
LINE
  5
15C5
330
1F
100
AcDbEntity
  8
0
  6
Continuous
 62
     7
370
    25
100
AcDbLine
 10
-1.343
 20
38.41
 30
0.0
 11
-1.343
 21
38.847
 31
0.0
  0
LINE
  5
15C6
330
1F
100
AcDbEntity
  8
0
  6
Continuous
 62
     7
370
    25
100
AcDbLine
 10
-1.343
 20
-32.783
 30
0.0
 11
-1.78
 21
-32.783
 31
0.0
  0
LINE
  5
15C7
330
1F
100
AcDbEntity
  8
0
  6
Continuous
 62
     7
370
    25
100
AcDbLine
 10
-1.78
 20
-32.783
 30
0.0
 11
-1.78
 21
-33.22
 31
0.0
  0
LINE
  5
15C8
330
1F
100
AcDbEntity
  8
0
  6
Continuous
 62
     7
370
    25
100
AcDbLine
 10
-1.78
 20
-33.22
 30
0.0
 11
-1.343
 21
-33.22
 31
0.0
  0
LINE
  5
15C9
330
1F
100
AcDbEntity
  8
0
  6
Continuous
 62
     7
370
    25
100
AcDbLine
 10
-1.343
 20
-33.22
 30
0.0
 11
-1.343
 21
-32.783
 31
0.0
  0
LINE
  5
15CA
330
1F
100
AcDbEntity
  8
0
  6
Continuous
 62
     7
370
    25
100
AcDbLine
 10
-0.718
 20
-32.783
 30
0.0
 11
-1.155
 21
-32.783
 31
0.0
  0
LINE
  5
15CB
330
1F
100
AcDbEntity
  8
0
  6
Continuous
 62
     7
370
    25
100
AcDbLine
 10
-1.155
 20
-32.783
 30
0.0
 11
-1.155
 21
-33.22
 31
0.0
  0
LINE
  5
15CC
330
1F
100
AcDbEntity
  8
0
  6
Continuous
 62
     7
370
    25
100
AcDbLine
 10
-1.155
 20
-33.22
 30
0.0
 11
-0.718
 21
-33.22
 31
0.0
  0
LINE
  5
15CD
330
1F
100
AcDbEntity
  8
0
  6
Continuous
 62
     7
370
    25
100
AcDbLine
 10
-0.718
 20
-33.22
 30
0.0
 11
-0.718
 21
-32.783
 31
0.0
  0
LINE
  5
15CE
330
1F
100
AcDbEntity
  8
0
  6
Continuous
 62
     7
370
    25
100
AcDbLine
 10
-0.718
 20
3.031
 30
0.0
 11
-1.155
 21
3.031
 31
0.0
  0
LINE
  5
15CF
330
1F
100
AcDbEntity
  8
0
  6
Continuous
 62
     7
370
    25
100
AcDbLine
 10
-1.155
 20
3.031
 30
0.0
 11
-1.155
 21
2.594
 31
0.0
  0
LINE
  5
15D0
330
1F
100
AcDbEntity
  8
0
  6
Continuous
 62
     7
370
    25
100
AcDbLine
 10
-1.155
 20
2.594
 30
0.0
 11
-0.718
 21
2.594
 31
0.0
  0
LINE
  5
15D1
330
1F
100
AcDbEntity
  8
0
  6
Continuous
 62
     7
370
    25
100
AcDbLine
 10
-0.718
 20
2.594
 30
0.0
 11
-0.718
 21
3.031
 31
0.0
  0
LINE
  5
15D2
330
1F
100
AcDbEntity
  8
0
  6
Continuous
 62
     7
370
    25
100
AcDbLine
 10
-5.093
 20
-32.783
 30
0.0
 11
-5.53
 21
-32.783
 31
0.0
  0
LINE
  5
15D3
330
1F
100
AcDbEntity
  8
0
  6
Continuous
 62
     7
370
    25
100
AcDbLine
 10
-5.53
 20
-32.783
 30
0.0
 11
-5.53
 21
-33.22
 31
0.0
  0
LINE
  5
15D4
330
1F
100
AcDbEntity
  8
0
  6
Continuous
 62
     7
370
    25
100
AcDbLine
 10
-5.53
 20
-33.22
 30
0.0
 11
-5.093
 21
-33.22
 31
0.0
  0
LINE
  5
15D5
330
1F
100
AcDbEntity
  8
0
  6
Continuous
 62
     7
370
    25
100
AcDbLine
 10
-5.093
 20
-33.22
 30
0.0
 11
-5.093
 21
-32.783
 31
0.0
  0
LINE
  5
15D6
330
1F
100
AcDbEntity
  8
0
  6
Continuous
 62
     7
370
    25
100
AcDbLine
 10
-5.093
 20
38.847
 30
0.0
 11
-5.53
 21
38.847
 31
0.0
  0
LINE
  5
15D7
330
1F
100
AcDbEntity
  8
0
  6
Continuous
 62
     7
370
    25
100
AcDbLine
 10
-5.53
 20
38.847
 30
0.0
 11
-5.53
 21
38.41
 31
0.0
  0
LINE
  5
15D8
330
1F
100
AcDbEntity
  8
0
  6
Continuous
 62
     7
370
    25
100
AcDbLine
 10
-5.53
 20
38.41
 30
0.0
 11
-5.093
 21
38.41
 31
0.0
  0
LINE
  5
15D9
330
1F
100
AcDbEntity
  8
0
  6
Continuous
 62
     7
370
    25
100
AcDbLine
 10
-5.093
 20
38.41
 30
0.0
 11
-5.093
 21
38.847
 31
0.0
  0
LINE
  5
15DA
330
1F
100
AcDbEntity
  8
0
  6
Continuous
 62
     7
370
    25
100
AcDbLine
 10
6.157
 20
38.222
 30
0.0
 11
5.72
 21
38.222
 31
0.0
  0
LINE
  5
15DB
330
1F
100
AcDbEntity
  8
0
  6
Continuous
 62
     7
370
    25
100
AcDbLine
 10
5.72
 20
38.222
 30
0.0
 11
5.72
 21
37.785
 31
0.0
  0
LINE
  5
15DC
330
1F
100
AcDbEntity
  8
0
  6
Continuous
 62
     7
370
    25
100
AcDbLine
 10
5.72
 20
37.785
 30
0.0
 11
6.157
 21
37.785
 31
0.0
  0
LINE
  5
15DD
330
1F
100
AcDbEntity
  8
0
  6
Continuous
 62
     7
370
    25
100
AcDbLine
 10
6.157
 20
37.785
 30
0.0
 11
6.157
 21
38.222
 31
0.0
  0
LINE
  5
15DE
330
1F
100
AcDbEntity
  8
0
  6
Continuous
 62
     7
370
    25
100
AcDbLine
 10
-5.093
 20
3.031
 30
0.0
 11
-5.53
 21
3.031
 31
0.0
  0
LINE
  5
15DF
330
1F
100
AcDbEntity
  8
0
  6
Continuous
 62
     7
370
    25
100
AcDbLine
 10
-5.53
 20
3.031
 30
0.0
 11
-5.53
 21
2.594
 31
0.0
  0
LINE
  5
15E0
330
1F
100
AcDbEntity
  8
0
  6
Continuous
 62
     7
370
    25
100
AcDbLine
 10
-5.53
 20
2.594
 30
0.0
 11
-5.093
 21
2.594
 31
0.0
  0
LINE
  5
15E1
330
1F
100
AcDbEntity
  8
0
  6
Continuous
 62
     7
370
    25
100
AcDbLine
 10
-5.093
 20
2.594
 30
0.0
 11
-5.093
 21
3.031
 31
0.0
  0
LINE
  5
15E2
330
1F
100
AcDbEntity
  8
0
  6
Continuous
 62
     7
370
    25
100
AcDbLine
 10
-0.093
 20
3.031
 30
0.0
 11
-0.53
 21
3.031
 31
0.0
  0
LINE
  5
15E3
330
1F
100
AcDbEntity
  8
0
  6
Continuous
 62
     7
370
    25
100
AcDbLine
 10
-0.53
 20
3.031
 30
0.0
 11
-0.53
 21
2.594
 31
0.0
  0
LINE
  5
15E4
330
1F
100
AcDbEntity
  8
0
  6
Continuous
 62
     7
370
    25
100
AcDbLine
 10
-0.53
 20
2.594
 30
0.0
 11
-0.093
 21
2.594
 31
0.0
  0
LINE
  5
15E5
330
1F
100
AcDbEntity
  8
0
  6
Continuous
 62
     7
370
    25
100
AcDbLine
 10
-0.093
 20
2.594
 30
0.0
 11
-0.093
 21
3.031
 31
0.0
  0
LINE
  5
15E6
330
1F
100
AcDbEntity
  8
0
  6
Continuous
 62
     7
370
    25
100
AcDbLine
 10
-0.718
 20
38.847
 30
0.0
 11
-1.155
 21
38.847
 31
0.0
  0
LINE
  5
15E7
330
1F
100
AcDbEntity
  8
0
  6
Continuous
 62
     7
370
    25
100
AcDbLine
 10
-1.155
 20
38.847
 30
0.0
 11
-1.155
 21
38.41
 31
0.0
  0
LINE
  5
15E8
330
1F
100
AcDbEntity
  8
0
  6
Continuous
 62
     7
370
    25
100
AcDbLine
 10
-1.155
 20
38.41
 30
0.0
 11
-0.718
 21
38.41
 31
0.0
  0
LINE
  5
15E9
330
1F
100
AcDbEntity
  8
0
  6
Continuous
 62
     7
370
    25
100
AcDbLine
 10
-0.718
 20
38.41
 30
0.0
 11
-0.718
 21
38.847
 31
0.0
  0
LINE
  5
15EA
330
1F
100
AcDbEntity
  8
0
  6
Continuous
 62
     7
370
    25
100
AcDbLine
 10
-0.093
 20
38.847
 30
0.0
 11
-0.53
 21
38.847
 31
0.0
  0
LINE
  5
15EB
330
1F
100
AcDbEntity
  8
0
  6
Continuous
 62
     7
370
    25
100
AcDbLine
 10
-0.53
 20
38.847
 30
0.0
 11
-0.53
 21
38.41
 31
0.0
  0
LINE
  5
15EC
330
1F
100
AcDbEntity
  8
0
  6
Continuous
 62
     7
370
    25
100
AcDbLine
 10
-0.53
 20
38.41
 30
0.0
 11
-0.093
 21
38.41
 31
0.0
  0
LINE
  5
15ED
330
1F
100
AcDbEntity
  8
0
  6
Continuous
 62
     7
370
    25
100
AcDbLine
 10
-0.093
 20
38.41
 30
0.0
 11
-0.093
 21
38.847
 31
0.0
  0
LINE
  5
15EE
330
1F
100
AcDbEntity
  8
0
  6
Continuous
 62
     7
370
    25
100
AcDbLine
 10
-0.093
 20
-32.783
 30
0.0
 11
-0.53
 21
-32.783
 31
0.0
  0
LINE
  5
15EF
330
1F
100
AcDbEntity
  8
0
  6
Continuous
 62
     7
370
    25
100
AcDbLine
 10
-0.53
 20
-32.783
 30
0.0
 11
-0.53
 21
-33.22
 31
0.0
  0
LINE
  5
15F0
330
1F
100
AcDbEntity
  8
0
  6
Continuous
 62
     7
370
    25
100
AcDbLine
 10
-0.53
 20
-33.22
 30
0.0
 11
-0.093
 21
-33.22
 31
0.0
  0
LINE
  5
15F1
330
1F
100
AcDbEntity
  8
0
  6
Continuous
 62
     7
370
    25
100
AcDbLine
 10
-0.093
 20
-33.22
 30
0.0
 11
-0.093
 21
-32.783
 31
0.0
  0
LINE
  5
15F2
330
1F
100
AcDbEntity
  8
0
  6
Continuous
 62
     7
370
    25
100
AcDbLine
 10
-2.593
 20
3.031
 30
0.0
 11
-3.03
 21
3.031
 31
0.0
  0
LINE
  5
15F3
330
1F
100
AcDbEntity
  8
0
  6
Continuous
 62
     7
370
    25
100
AcDbLine
 10
-3.03
 20
3.031
 30
0.0
 11
-3.03
 21
2.594
 31
0.0
  0
LINE
  5
15F4
330
1F
100
AcDbEntity
  8
0
  6
Continuous
 62
     7
370
    25
100
AcDbLine
 10
-3.03
 20
2.594
 30
0.0
 11
-2.593
 21
2.594
 31
0.0
  0
LINE
  5
15F5
330
1F
100
AcDbEntity
  8
0
  6
Continuous
 62
     7
370
    25
100
AcDbLine
 10
-2.593
 20
2.594
 30
0.0
 11
-2.593
 21
3.031
 31
0.0
  0
LINE
  5
15F6
330
1F
100
AcDbEntity
  8
0
  6
Continuous
 62
     7
370
    25
100
AcDbLine
 10
-3.218
 20
38.847
 30
0.0
 11
-3.655
 21
38.847
 31
0.0
  0
LINE
  5
15F7
330
1F
100
AcDbEntity
  8
0
  6
Continuous
 62
     7
370
    25
100
AcDbLine
 10
-3.655
 20
38.847
 30
0.0
 11
-3.655
 21
38.41
 31
0.0
  0
LINE
  5
15F8
330
1F
100
AcDbEntity
  8
0
  6
Continuous
 62
     7
370
    25
100
AcDbLine
 10
-3.655
 20
38.41
 30
0.0
 11
-3.218
 21
38.41
 31
0.0
  0
LINE
  5
15F9
330
1F
100
AcDbEntity
  8
0
  6
Continuous
 62
     7
370
    25
100
AcDbLine
 10
-3.218
 20
38.41
 30
0.0
 11
-3.218
 21
38.847
 31
0.0
  0
LINE
  5
15FA
330
1F
100
AcDbEntity
  8
0
  6
Continuous
 62
     7
370
    25
100
AcDbLine
 10
-2.593
 20
38.847
 30
0.0
 11
-3.03
 21
38.847
 31
0.0
  0
LINE
  5
15FB
330
1F
100
AcDbEntity
  8
0
  6
Continuous
 62
     7
370
    25
100
AcDbLine
 10
-3.03
 20
38.847
 30
0.0
 11
-3.03
 21
38.41
 31
0.0
  0
LINE
  5
15FC
330
1F
100
AcDbEntity
  8
0
  6
Continuous
 62
     7
370
    25
100
AcDbLine
 10
-3.03
 20
38.41
 30
0.0
 11
-2.593
 21
38.41
 31
0.0
  0
LINE
  5
15FD
330
1F
100
AcDbEntity
  8
0
  6
Continuous
 62
     7
370
    25
100
AcDbLine
 10
-2.593
 20
38.41
 30
0.0
 11
-2.593
 21
38.847
 31
0.0
  0
LINE
  5
15FE
330
1F
100
AcDbEntity
  8
0
  6
Continuous
 62
     7
370
    25
100
AcDbLine
 10
-2.593
 20
-32.783
 30
0.0
 11
-3.03
 21
-32.783
 31
0.0
  0
LINE
  5
15FF
330
1F
100
AcDbEntity
  8
0
  6
Continuous
 62
     7
370
    25
100
AcDbLine
 10
-3.03
 20
-32.783
 30
0.0
 11
-3.03
 21
-33.22
 31
0.0
  0
LINE
  5
1600
330
1F
100
AcDbEntity
  8
0
  6
Continuous
 62
     7
370
    25
100
AcDbLine
 10
-3.03
 20
-33.22
 30
0.0
 11
-2.593
 21
-33.22
 31
0.0
  0
LINE
  5
1601
330
1F
100
AcDbEntity
  8
0
  6
Continuous
 62
     7
370
    25
100
AcDbLine
 10
-2.593
 20
-33.22
 30
0.0
 11
-2.593
 21
-32.783
 31
0.0
  0
LINE
  5
1602
330
1F
100
AcDbEntity
  8
0
  6
Continuous
 62
     7
370
    25
100
AcDbLine
 10
4.907
 20
3.031
 30
0.0
 11
4.47
 21
3.031
 31
0.0
  0
LINE
  5
1603
330
1F
100
AcDbEntity
  8
0
  6
Continuous
 62
     7
370
    25
100
AcDbLine
 10
4.47
 20
3.031
 30
0.0
 11
4.47
 21
2.594
 31
0.0
  0
LINE
  5
1604
330
1F
100
AcDbEntity
  8
0
  6
Continuous
 62
     7
370
    25
100
AcDbLine
 10
4.47
 20
2.594
 30
0.0
 11
4.907
 21
2.594
 31
0.0
  0
LINE
  5
1605
330
1F
100
AcDbEntity
  8
0
  6
Continuous
 62
     7
370
    25
100
AcDbLine
 10
4.907
 20
2.594
 30
0.0
 11
4.907
 21
3.031
 31
0.0
  0
LINE
  5
1606
330
1F
100
AcDbEntity
  8
0
  6
Continuous
 62
     7
370
    25
100
AcDbLine
 10
4.282
 20
38.847
 30
0.0
 11
3.845
 21
38.847
 31
0.0
  0
LINE
  5
1607
330
1F
100
AcDbEntity
  8
0
  6
Continuous
 62
     7
370
    25
100
AcDbLine
 10
3.845
 20
38.847
 30
0.0
 11
3.845
 21
38.41
 31
0.0
  0
LINE
  5
1608
330
1F
100
AcDbEntity
  8
0
  6
Continuous
 62
     7
370
    25
100
AcDbLine
 10
3.845
 20
38.41
 30
0.0
 11
4.282
 21
38.41
 31
0.0
  0
LINE
  5
1609
330
1F
100
AcDbEntity
  8
0
  6
Continuous
 62
     7
370
    25
100
AcDbLine
 10
4.282
 20
38.41
 30
0.0
 11
4.282
 21
38.847
 31
0.0
  0
LINE
  5
160A
330
1F
100
AcDbEntity
  8
0
  6
Continuous
 62
     7
370
    25
100
AcDbLine
 10
4.907
 20
38.847
 30
0.0
 11
4.47
 21
38.847
 31
0.0
  0
LINE
  5
160B
330
1F
100
AcDbEntity
  8
0
  6
Continuous
 62
     7
370
    25
100
AcDbLine
 10
4.47
 20
38.847
 30
0.0
 11
4.47
 21
38.41
 31
0.0
  0
LINE
  5
160C
330
1F
100
AcDbEntity
  8
0
  6
Continuous
 62
     7
370
    25
100
AcDbLine
 10
4.47
 20
38.41
 30
0.0
 11
4.907
 21
38.41
 31
0.0
  0
LINE
  5
160D
330
1F
100
AcDbEntity
  8
0
  6
Continuous
 62
     7
370
    25
100
AcDbLine
 10
4.907
 20
38.41
 30
0.0
 11
4.907
 21
38.847
 31
0.0
  0
LINE
  5
160E
330
1F
100
AcDbEntity
  8
0
  6
Continuous
 62
     7
370
    25
100
AcDbLine
 10
4.907
 20
-32.783
 30
0.0
 11
4.47
 21
-32.783
 31
0.0
  0
LINE
  5
160F
330
1F
100
AcDbEntity
  8
0
  6
Continuous
 62
     7
370
    25
100
AcDbLine
 10
4.47
 20
-32.783
 30
0.0
 11
4.47
 21
-33.22
 31
0.0
  0
LINE
  5
1610
330
1F
100
AcDbEntity
  8
0
  6
Continuous
 62
     7
370
    25
100
AcDbLine
 10
4.47
 20
-33.22
 30
0.0
 11
4.907
 21
-33.22
 31
0.0
  0
LINE
  5
1611
330
1F
100
AcDbEntity
  8
0
  6
Continuous
 62
     7
370
    25
100
AcDbLine
 10
4.907
 20
-33.22
 30
0.0
 11
4.907
 21
-32.783
 31
0.0
  0
LINE
  5
1612
330
1F
100
AcDbEntity
  8
0
  6
Continuous
 62
     7
370
    25
100
AcDbLine
 10
-4.468
 20
-32.783
 30
0.0
 11
-4.905
 21
-32.783
 31
0.0
  0
LINE
  5
1613
330
1F
100
AcDbEntity
  8
0
  6
Continuous
 62
     7
370
    25
100
AcDbLine
 10
-4.905
 20
-32.783
 30
0.0
 11
-4.905
 21
-33.22
 31
0.0
  0
LINE
  5
1614
330
1F
100
AcDbEntity
  8
0
  6
Continuous
 62
     7
370
    25
100
AcDbLine
 10
-4.905
 20
-33.22
 30
0.0
 11
-4.468
 21
-33.22
 31
0.0
  0
LINE
  5
1615
330
1F
100
AcDbEntity
  8
0
  6
Continuous
 62
     7
370
    25
100
AcDbLine
 10
-4.468
 20
-33.22
 30
0.0
 11
-4.468
 21
-32.783
 31
0.0
  0
LINE
  5
1616
330
1F
100
AcDbEntity
  8
0
  6
Continuous
 62
     7
370
    25
100
AcDbLine
 10
-4.468
 20
3.031
 30
0.0
 11
-4.905
 21
3.031
 31
0.0
  0
LINE
  5
1617
330
1F
100
AcDbEntity
  8
0
  6
Continuous
 62
     7
370
    25
100
AcDbLine
 10
-4.905
 20
3.031
 30
0.0
 11
-4.905
 21
2.594
 31
0.0
  0
LINE
  5
1618
330
1F
100
AcDbEntity
  8
0
  6
Continuous
 62
     7
370
    25
100
AcDbLine
 10
-4.905
 20
2.594
 30
0.0
 11
-4.468
 21
2.594
 31
0.0
  0
LINE
  5
1619
330
1F
100
AcDbEntity
  8
0
  6
Continuous
 62
     7
370
    25
100
AcDbLine
 10
-4.468
 20
2.594
 30
0.0
 11
-4.468
 21
3.031
 31
0.0
  0
LINE
  5
161A
330
1F
100
AcDbEntity
  8
0
  6
Continuous
 62
     7
370
    25
100
AcDbLine
 10
-3.843
 20
3.031
 30
0.0
 11
-4.28
 21
3.031
 31
0.0
  0
LINE
  5
161B
330
1F
100
AcDbEntity
  8
0
  6
Continuous
 62
     7
370
    25
100
AcDbLine
 10
-4.28
 20
3.031
 30
0.0
 11
-4.28
 21
2.594
 31
0.0
  0
LINE
  5
161C
330
1F
100
AcDbEntity
  8
0
  6
Continuous
 62
     7
370
    25
100
AcDbLine
 10
-4.28
 20
2.594
 30
0.0
 11
-3.843
 21
2.594
 31
0.0
  0
LINE
  5
161D
330
1F
100
AcDbEntity
  8
0
  6
Continuous
 62
     7
370
    25
100
AcDbLine
 10
-3.843
 20
2.594
 30
0.0
 11
-3.843
 21
3.031
 31
0.0
  0
LINE
  5
161E
330
1F
100
AcDbEntity
  8
0
  6
Continuous
 62
     7
370
    25
100
AcDbLine
 10
-4.468
 20
38.847
 30
0.0
 11
-4.905
 21
38.847
 31
0.0
  0
LINE
  5
161F
330
1F
100
AcDbEntity
  8
0
  6
Continuous
 62
     7
370
    25
100
AcDbLine
 10
-4.905
 20
38.847
 30
0.0
 11
-4.905
 21
38.41
 31
0.0
  0
LINE
  5
1620
330
1F
100
AcDbEntity
  8
0
  6
Continuous
 62
     7
370
    25
100
AcDbLine
 10
-4.905
 20
38.41
 30
0.0
 11
-4.468
 21
38.41
 31
0.0
  0
LINE
  5
1621
330
1F
100
AcDbEntity
  8
0
  6
Continuous
 62
     7
370
    25
100
AcDbLine
 10
-4.468
 20
38.41
 30
0.0
 11
-4.468
 21
38.847
 31
0.0
  0
LINE
  5
1622
330
1F
100
AcDbEntity
  8
0
  6
Continuous
 62
     7
370
    25
100
AcDbLine
 10
-3.218
 20
3.031
 30
0.0
 11
-3.655
 21
3.031
 31
0.0
  0
LINE
  5
1623
330
1F
100
AcDbEntity
  8
0
  6
Continuous
 62
     7
370
    25
100
AcDbLine
 10
-3.655
 20
3.031
 30
0.0
 11
-3.655
 21
2.594
 31
0.0
  0
LINE
  5
1624
330
1F
100
AcDbEntity
  8
0
  6
Continuous
 62
     7
370
    25
100
AcDbLine
 10
-3.655
 20
2.594
 30
0.0
 11
-3.218
 21
2.594
 31
0.0
  0
LINE
  5
1625
330
1F
100
AcDbEntity
  8
0
  6
Continuous
 62
     7
370
    25
100
AcDbLine
 10
-3.218
 20
2.594
 30
0.0
 11
-3.218
 21
3.031
 31
0.0
  0
LINE
  5
1626
330
1F
100
AcDbEntity
  8
0
  6
Continuous
 62
     7
370
    25
100
AcDbLine
 10
-3.218
 20
-32.783
 30
0.0
 11
-3.655
 21
-32.783
 31
0.0
  0
LINE
  5
1627
330
1F
100
AcDbEntity
  8
0
  6
Continuous
 62
     7
370
    25
100
AcDbLine
 10
-3.655
 20
-32.783
 30
0.0
 11
-3.655
 21
-33.22
 31
0.0
  0
LINE
  5
1628
330
1F
100
AcDbEntity
  8
0
  6
Continuous
 62
     7
370
    25
100
AcDbLine
 10
-3.655
 20
-33.22
 30
0.0
 11
-3.218
 21
-33.22
 31
0.0
  0
LINE
  5
1629
330
1F
100
AcDbEntity
  8
0
  6
Continuous
 62
     7
370
    25
100
AcDbLine
 10
-3.218
 20
-33.22
 30
0.0
 11
-3.218
 21
-32.783
 31
0.0
  0
LINE
  5
162A
330
1F
100
AcDbEntity
  8
0
  6
Continuous
 62
     7
370
    25
100
AcDbLine
 10
-3.843
 20
-32.783
 30
0.0
 11
-4.28
 21
-32.783
 31
0.0
  0
LINE
  5
162B
330
1F
100
AcDbEntity
  8
0
  6
Continuous
 62
     7
370
    25
100
AcDbLine
 10
-4.28
 20
-32.783
 30
0.0
 11
-4.28
 21
-33.22
 31
0.0
  0
LINE
  5
162C
330
1F
100
AcDbEntity
  8
0
  6
Continuous
 62
     7
370
    25
100
AcDbLine
 10
-4.28
 20
-33.22
 30
0.0
 11
-3.843
 21
-33.22
 31
0.0
  0
LINE
  5
162D
330
1F
100
AcDbEntity
  8
0
  6
Continuous
 62
     7
370
    25
100
AcDbLine
 10
-3.843
 20
-33.22
 30
0.0
 11
-3.843
 21
-32.783
 31
0.0
  0
LINE
  5
162E
330
1F
100
AcDbEntity
  8
0
  6
Continuous
 62
     7
370
    25
100
AcDbLine
 10
-3.843
 20
38.847
 30
0.0
 11
-4.28
 21
38.847
 31
0.0
  0
LINE
  5
162F
330
1F
100
AcDbEntity
  8
0
  6
Continuous
 62
     7
370
    25
100
AcDbLine
 10
-4.28
 20
38.847
 30
0.0
 11
-4.28
 21
38.41
 31
0.0
  0
LINE
  5
1630
330
1F
100
AcDbEntity
  8
0
  6
Continuous
 62
     7
370
    25
100
AcDbLine
 10
-4.28
 20
38.41
 30
0.0
 11
-3.843
 21
38.41
 31
0.0
  0
LINE
  5
1631
330
1F
100
AcDbEntity
  8
0
  6
Continuous
 62
     7
370
    25
100
AcDbLine
 10
-3.843
 20
38.41
 30
0.0
 11
-3.843
 21
38.847
 31
0.0
  0
LINE
  5
1632
330
1F
100
AcDbEntity
  8
0
  6
Continuous
 62
     7
370
    25
100
AcDbLine
 10
6.157
 20
2.406
 30
0.0
 11
5.72
 21
2.406
 31
0.0
  0
LINE
  5
1633
330
1F
100
AcDbEntity
  8
0
  6
Continuous
 62
     7
370
    25
100
AcDbLine
 10
5.72
 20
2.406
 30
0.0
 11
5.72
 21
1.969
 31
0.0
  0
LINE
  5
1634
330
1F
100
AcDbEntity
  8
0
  6
Continuous
 62
     7
370
    25
100
AcDbLine
 10
5.72
 20
1.969
 30
0.0
 11
6.157
 21
1.969
 31
0.0
  0
LINE
  5
1635
330
1F
100
AcDbEntity
  8
0
  6
Continuous
 62
     7
370
    25
100
AcDbLine
 10
6.157
 20
1.969
 30
0.0
 11
6.157
 21
2.406
 31
0.0
  0
LINE
  5
1636
330
1F
100
AcDbEntity
  8
0
  6
Continuous
 62
     7
370
    25
100
AcDbLine
 10
6.157
 20
-33.408
 30
0.0
 11
5.72
 21
-33.408
 31
0.0
  0
LINE
  5
1637
330
1F
100
AcDbEntity
  8
0
  6
Continuous
 62
     7
370
    25
100
AcDbLine
 10
5.72
 20
-33.408
 30
0.0
 11
5.72
 21
-33.845
 31
0.0
  0
LINE
  5
1638
330
1F
100
AcDbEntity
  8
0
  6
Continuous
 62
     7
370
    25
100
AcDbLine
 10
5.72
 20
-33.845
 30
0.0
 11
6.157
 21
-33.845
 31
0.0
  0
LINE
  5
1639
330
1F
100
AcDbEntity
  8
0
  6
Continuous
 62
     7
370
    25
100
AcDbLine
 10
6.157
 20
-33.845
 30
0.0
 11
6.157
 21
-33.408
 31
0.0
  0
LINE
  5
163A
330
1F
100
AcDbEntity
  8
0
  6
Continuous
 62
     7
370
    25
100
AcDbLine
 10
5.532
 20
-33.408
 30
0.0
 11
5.095
 21
-33.408
 31
0.0
  0
LINE
  5
163B
330
1F
100
AcDbEntity
  8
0
  6
Continuous
 62
     7
370
    25
100
AcDbLine
 10
5.095
 20
-33.408
 30
0.0
 11
5.095
 21
-33.845
 31
0.0
  0
LINE
  5
163C
330
1F
100
AcDbEntity
  8
0
  6
Continuous
 62
     7
370
    25
100
AcDbLine
 10
5.095
 20
-33.845
 30
0.0
 11
5.532
 21
-33.845
 31
0.0
  0
LINE
  5
163D
330
1F
100
AcDbEntity
  8
0
  6
Continuous
 62
     7
370
    25
100
AcDbLine
 10
5.532
 20
-33.845
 30
0.0
 11
5.532
 21
-33.408
 31
0.0
  0
LINE
  5
163E
330
1F
100
AcDbEntity
  8
0
  6
Continuous
 62
     7
370
    25
100
AcDbLine
 10
5.532
 20
38.222
 30
0.0
 11
5.095
 21
38.222
 31
0.0
  0
LINE
  5
163F
330
1F
100
AcDbEntity
  8
0
  6
Continuous
 62
     7
370
    25
100
AcDbLine
 10
5.095
 20
38.222
 30
0.0
 11
5.095
 21
37.785
 31
0.0
  0
LINE
  5
1640
330
1F
100
AcDbEntity
  8
0
  6
Continuous
 62
     7
370
    25
100
AcDbLine
 10
5.095
 20
37.785
 30
0.0
 11
5.532
 21
37.785
 31
0.0
  0
LINE
  5
1641
330
1F
100
AcDbEntity
  8
0
  6
Continuous
 62
     7
370
    25
100
AcDbLine
 10
5.532
 20
37.785
 30
0.0
 11
5.532
 21
38.222
 31
0.0
  0
LINE
  5
1642
330
1F
100
AcDbEntity
  8
0
  6
Continuous
 62
     7
370
    25
100
AcDbLine
 10
-0.093
 20
-33.408
 30
0.0
 11
-0.53
 21
-33.408
 31
0.0
  0
LINE
  5
1643
330
1F
100
AcDbEntity
  8
0
  6
Continuous
 62
     7
370
    25
100
AcDbLine
 10
-0.53
 20
-33.408
 30
0.0
 11
-0.53
 21
-33.845
 31
0.0
  0
LINE
  5
1644
330
1F
100
AcDbEntity
  8
0
  6
Continuous
 62
     7
370
    25
100
AcDbLine
 10
-0.53
 20
-33.845
 30
0.0
 11
-0.093
 21
-33.845
 31
0.0
  0
LINE
  5
1645
330
1F
100
AcDbEntity
  8
0
  6
Continuous
 62
     7
370
    25
100
AcDbLine
 10
-0.093
 20
-33.845
 30
0.0
 11
-0.093
 21
-33.408
 31
0.0
  0
LINE
  5
1646
330
1F
100
AcDbEntity
  8
0
  6
Continuous
 62
     7
370
    25
100
AcDbLine
 10
-0.093
 20
2.406
 30
0.0
 11
-0.53
 21
2.406
 31
0.0
  0
LINE
  5
1647
330
1F
100
AcDbEntity
  8
0
  6
Continuous
 62
     7
370
    25
100
AcDbLine
 10
-0.53
 20
2.406
 30
0.0
 11
-0.53
 21
1.969
 31
0.0
  0
LINE
  5
1648
330
1F
100
AcDbEntity
  8
0
  6
Continuous
 62
     7
370
    25
100
AcDbLine
 10
-0.53
 20
1.969
 30
0.0
 11
-0.093
 21
1.969
 31
0.0
  0
LINE
  5
1649
330
1F
100
AcDbEntity
  8
0
  6
Continuous
 62
     7
370
    25
100
AcDbLine
 10
-0.093
 20
1.969
 30
0.0
 11
-0.093
 21
2.406
 31
0.0
  0
LINE
  5
164A
330
1F
100
AcDbEntity
  8
0
  6
Continuous
 62
     7
370
    25
100
AcDbLine
 10
0.532
 20
2.406
 30
0.0
 11
0.095
 21
2.406
 31
0.0
  0
LINE
  5
164B
330
1F
100
AcDbEntity
  8
0
  6
Continuous
 62
     7
370
    25
100
AcDbLine
 10
0.095
 20
2.406
 30
0.0
 11
0.095
 21
1.969
 31
0.0
  0
LINE
  5
164C
330
1F
100
AcDbEntity
  8
0
  6
Continuous
 62
     7
370
    25
100
AcDbLine
 10
0.095
 20
1.969
 30
0.0
 11
0.532
 21
1.969
 31
0.0
  0
LINE
  5
164D
330
1F
100
AcDbEntity
  8
0
  6
Continuous
 62
     7
370
    25
100
AcDbLine
 10
0.532
 20
1.969
 30
0.0
 11
0.532
 21
2.406
 31
0.0
  0
LINE
  5
164E
330
1F
100
AcDbEntity
  8
0
  6
Continuous
 62
     7
370
    25
100
AcDbLine
 10
-0.093
 20
38.222
 30
0.0
 11
-0.53
 21
38.222
 31
0.0
  0
LINE
  5
164F
330
1F
100
AcDbEntity
  8
0
  6
Continuous
 62
     7
370
    25
100
AcDbLine
 10
-0.53
 20
38.222
 30
0.0
 11
-0.53
 21
37.785
 31
0.0
  0
LINE
  5
1650
330
1F
100
AcDbEntity
  8
0
  6
Continuous
 62
     7
370
    25
100
AcDbLine
 10
-0.53
 20
37.785
 30
0.0
 11
-0.093
 21
37.785
 31
0.0
  0
LINE
  5
1651
330
1F
100
AcDbEntity
  8
0
  6
Continuous
 62
     7
370
    25
100
AcDbLine
 10
-0.093
 20
37.785
 30
0.0
 11
-0.093
 21
38.222
 31
0.0
  0
LINE
  5
1652
330
1F
100
AcDbEntity
  8
0
  6
Continuous
 62
     7
370
    25
100
AcDbLine
 10
4.282
 20
2.406
 30
0.0
 11
3.845
 21
2.406
 31
0.0
  0
LINE
  5
1653
330
1F
100
AcDbEntity
  8
0
  6
Continuous
 62
     7
370
    25
100
AcDbLine
 10
3.845
 20
2.406
 30
0.0
 11
3.845
 21
1.969
 31
0.0
  0
LINE
  5
1654
330
1F
100
AcDbEntity
  8
0
  6
Continuous
 62
     7
370
    25
100
AcDbLine
 10
3.845
 20
1.969
 30
0.0
 11
4.282
 21
1.969
 31
0.0
  0
LINE
  5
1655
330
1F
100
AcDbEntity
  8
0
  6
Continuous
 62
     7
370
    25
100
AcDbLine
 10
4.282
 20
1.969
 30
0.0
 11
4.282
 21
2.406
 31
0.0
  0
LINE
  5
1656
330
1F
100
AcDbEntity
  8
0
  6
Continuous
 62
     7
370
    25
100
AcDbLine
 10
3.657
 20
38.222
 30
0.0
 11
3.22
 21
38.222
 31
0.0
  0
LINE
  5
1657
330
1F
100
AcDbEntity
  8
0
  6
Continuous
 62
     7
370
    25
100
AcDbLine
 10
3.22
 20
38.222
 30
0.0
 11
3.22
 21
37.785
 31
0.0
  0
LINE
  5
1658
330
1F
100
AcDbEntity
  8
0
  6
Continuous
 62
     7
370
    25
100
AcDbLine
 10
3.22
 20
37.785
 30
0.0
 11
3.657
 21
37.785
 31
0.0
  0
LINE
  5
1659
330
1F
100
AcDbEntity
  8
0
  6
Continuous
 62
     7
370
    25
100
AcDbLine
 10
3.657
 20
37.785
 30
0.0
 11
3.657
 21
38.222
 31
0.0
  0
LINE
  5
165A
330
1F
100
AcDbEntity
  8
0
  6
Continuous
 62
     7
370
    25
100
AcDbLine
 10
4.282
 20
38.222
 30
0.0
 11
3.845
 21
38.222
 31
0.0
  0
LINE
  5
165B
330
1F
100
AcDbEntity
  8
0
  6
Continuous
 62
     7
370
    25
100
AcDbLine
 10
3.845
 20
38.222
 30
0.0
 11
3.845
 21
37.785
 31
0.0
  0
LINE
  5
165C
330
1F
100
AcDbEntity
  8
0
  6
Continuous
 62
     7
370
    25
100
AcDbLine
 10
3.845
 20
37.785
 30
0.0
 11
4.282
 21
37.785
 31
0.0
  0
LINE
  5
165D
330
1F
100
AcDbEntity
  8
0
  6
Continuous
 62
     7
370
    25
100
AcDbLine
 10
4.282
 20
37.785
 30
0.0
 11
4.282
 21
38.222
 31
0.0
  0
LINE
  5
165E
330
1F
100
AcDbEntity
  8
0
  6
Continuous
 62
     7
370
    25
100
AcDbLine
 10
4.282
 20
-33.408
 30
0.0
 11
3.845
 21
-33.408
 31
0.0
  0
LINE
  5
165F
330
1F
100
AcDbEntity
  8
0
  6
Continuous
 62
     7
370
    25
100
AcDbLine
 10
3.845
 20
-33.408
 30
0.0
 11
3.845
 21
-33.845
 31
0.0
  0
LINE
  5
1660
330
1F
100
AcDbEntity
  8
0
  6
Continuous
 62
     7
370
    25
100
AcDbLine
 10
3.845
 20
-33.845
 30
0.0
 11
4.282
 21
-33.845
 31
0.0
  0
LINE
  5
1661
330
1F
100
AcDbEntity
  8
0
  6
Continuous
 62
     7
370
    25
100
AcDbLine
 10
4.282
 20
-33.845
 30
0.0
 11
4.282
 21
-33.408
 31
0.0
  0
LINE
  5
1662
330
1F
100
AcDbEntity
  8
0
  6
Continuous
 62
     7
370
    25
100
AcDbLine
 10
4.907
 20
-33.408
 30
0.0
 11
4.47
 21
-33.408
 31
0.0
  0
LINE
  5
1663
330
1F
100
AcDbEntity
  8
0
  6
Continuous
 62
     7
370
    25
100
AcDbLine
 10
4.47
 20
-33.408
 30
0.0
 11
4.47
 21
-33.845
 31
0.0
  0
LINE
  5
1664
330
1F
100
AcDbEntity
  8
0
  6
Continuous
 62
     7
370
    25
100
AcDbLine
 10
4.47
 20
-33.845
 30
0.0
 11
4.907
 21
-33.845
 31
0.0
  0
LINE
  5
1665
330
1F
100
AcDbEntity
  8
0
  6
Continuous
 62
     7
370
    25
100
AcDbLine
 10
4.907
 20
-33.845
 30
0.0
 11
4.907
 21
-33.408
 31
0.0
  0
LINE
  5
1666
330
1F
100
AcDbEntity
  8
0
  6
Continuous
 62
     7
370
    25
100
AcDbLine
 10
4.907
 20
2.406
 30
0.0
 11
4.47
 21
2.406
 31
0.0
  0
LINE
  5
1667
330
1F
100
AcDbEntity
  8
0
  6
Continuous
 62
     7
370
    25
100
AcDbLine
 10
4.47
 20
2.406
 30
0.0
 11
4.47
 21
1.969
 31
0.0
  0
LINE
  5
1668
330
1F
100
AcDbEntity
  8
0
  6
Continuous
 62
     7
370
    25
100
AcDbLine
 10
4.47
 20
1.969
 30
0.0
 11
4.907
 21
1.969
 31
0.0
  0
LINE
  5
1669
330
1F
100
AcDbEntity
  8
0
  6
Continuous
 62
     7
370
    25
100
AcDbLine
 10
4.907
 20
1.969
 30
0.0
 11
4.907
 21
2.406
 31
0.0
  0
LINE
  5
166A
330
1F
100
AcDbEntity
  8
0
  6
Continuous
 62
     7
370
    25
100
AcDbLine
 10
5.532
 20
2.406
 30
0.0
 11
5.095
 21
2.406
 31
0.0
  0
LINE
  5
166B
330
1F
100
AcDbEntity
  8
0
  6
Continuous
 62
     7
370
    25
100
AcDbLine
 10
5.095
 20
2.406
 30
0.0
 11
5.095
 21
1.969
 31
0.0
  0
LINE
  5
166C
330
1F
100
AcDbEntity
  8
0
  6
Continuous
 62
     7
370
    25
100
AcDbLine
 10
5.095
 20
1.969
 30
0.0
 11
5.532
 21
1.969
 31
0.0
  0
LINE
  5
166D
330
1F
100
AcDbEntity
  8
0
  6
Continuous
 62
     7
370
    25
100
AcDbLine
 10
5.532
 20
1.969
 30
0.0
 11
5.532
 21
2.406
 31
0.0
  0
LINE
  5
166E
330
1F
100
AcDbEntity
  8
0
  6
Continuous
 62
     7
370
    25
100
AcDbLine
 10
4.907
 20
38.222
 30
0.0
 11
4.47
 21
38.222
 31
0.0
  0
LINE
  5
166F
330
1F
100
AcDbEntity
  8
0
  6
Continuous
 62
     7
370
    25
100
AcDbLine
 10
4.47
 20
38.222
 30
0.0
 11
4.47
 21
37.785
 31
0.0
  0
LINE
  5
1670
330
1F
100
AcDbEntity
  8
0
  6
Continuous
 62
     7
370
    25
100
AcDbLine
 10
4.47
 20
37.785
 30
0.0
 11
4.907
 21
37.785
 31
0.0
  0
LINE
  5
1671
330
1F
100
AcDbEntity
  8
0
  6
Continuous
 62
     7
370
    25
100
AcDbLine
 10
4.907
 20
37.785
 30
0.0
 11
4.907
 21
38.222
 31
0.0
  0
LINE
  5
1672
330
1F
100
AcDbEntity
  8
0
  6
Continuous
 62
     7
370
    25
100
AcDbLine
 10
2.407
 20
-33.408
 30
0.0
 11
1.97
 21
-33.408
 31
0.0
  0
LINE
  5
1673
330
1F
100
AcDbEntity
  8
0
  6
Continuous
 62
     7
370
    25
100
AcDbLine
 10
1.97
 20
-33.408
 30
0.0
 11
1.97
 21
-33.845
 31
0.0
  0
LINE
  5
1674
330
1F
100
AcDbEntity
  8
0
  6
Continuous
 62
     7
370
    25
100
AcDbLine
 10
1.97
 20
-33.845
 30
0.0
 11
2.407
 21
-33.845
 31
0.0
  0
LINE
  5
1675
330
1F
100
AcDbEntity
  8
0
  6
Continuous
 62
     7
370
    25
100
AcDbLine
 10
2.407
 20
-33.845
 30
0.0
 11
2.407
 21
-33.408
 31
0.0
  0
LINE
  5
1676
330
1F
100
AcDbEntity
  8
0
  6
Continuous
 62
     7
370
    25
100
AcDbLine
 10
2.407
 20
2.406
 30
0.0
 11
1.97
 21
2.406
 31
0.0
  0
LINE
  5
1677
330
1F
100
AcDbEntity
  8
0
  6
Continuous
 62
     7
370
    25
100
AcDbLine
 10
1.97
 20
2.406
 30
0.0
 11
1.97
 21
1.969
 31
0.0
  0
LINE
  5
1678
330
1F
100
AcDbEntity
  8
0
  6
Continuous
 62
     7
370
    25
100
AcDbLine
 10
1.97
 20
1.969
 30
0.0
 11
2.407
 21
1.969
 31
0.0
  0
LINE
  5
1679
330
1F
100
AcDbEntity
  8
0
  6
Continuous
 62
     7
370
    25
100
AcDbLine
 10
2.407
 20
1.969
 30
0.0
 11
2.407
 21
2.406
 31
0.0
  0
LINE
  5
167A
330
1F
100
AcDbEntity
  8
0
  6
Continuous
 62
     7
370
    25
100
AcDbLine
 10
3.032
 20
2.406
 30
0.0
 11
2.595
 21
2.406
 31
0.0
  0
LINE
  5
167B
330
1F
100
AcDbEntity
  8
0
  6
Continuous
 62
     7
370
    25
100
AcDbLine
 10
2.595
 20
2.406
 30
0.0
 11
2.595
 21
1.969
 31
0.0
  0
LINE
  5
167C
330
1F
100
AcDbEntity
  8
0
  6
Continuous
 62
     7
370
    25
100
AcDbLine
 10
2.595
 20
1.969
 30
0.0
 11
3.032
 21
1.969
 31
0.0
  0
LINE
  5
167D
330
1F
100
AcDbEntity
  8
0
  6
Continuous
 62
     7
370
    25
100
AcDbLine
 10
3.032
 20
1.969
 30
0.0
 11
3.032
 21
2.406
 31
0.0
  0
LINE
  5
167E
330
1F
100
AcDbEntity
  8
0
  6
Continuous
 62
     7
370
    25
100
AcDbLine
 10
2.407
 20
38.222
 30
0.0
 11
1.97
 21
38.222
 31
0.0
  0
LINE
  5
167F
330
1F
100
AcDbEntity
  8
0
  6
Continuous
 62
     7
370
    25
100
AcDbLine
 10
1.97
 20
38.222
 30
0.0
 11
1.97
 21
37.785
 31
0.0
  0
LINE
  5
1680
330
1F
100
AcDbEntity
  8
0
  6
Continuous
 62
     7
370
    25
100
AcDbLine
 10
1.97
 20
37.785
 30
0.0
 11
2.407
 21
37.785
 31
0.0
  0
LINE
  5
1681
330
1F
100
AcDbEntity
  8
0
  6
Continuous
 62
     7
370
    25
100
AcDbLine
 10
2.407
 20
37.785
 30
0.0
 11
2.407
 21
38.222
 31
0.0
  0
LINE
  5
1682
330
1F
100
AcDbEntity
  8
0
  6
Continuous
 62
     7
370
    25
100
AcDbLine
 10
-5.718
 20
3.656
 30
0.0
 11
-6.155
 21
3.656
 31
0.0
  0
LINE
  5
1683
330
1F
100
AcDbEntity
  8
0
  6
Continuous
 62
     7
370
    25
100
AcDbLine
 10
-6.155
 20
3.656
 30
0.0
 11
-6.155
 21
3.219
 31
0.0
  0
LINE
  5
1684
330
1F
100
AcDbEntity
  8
0
  6
Continuous
 62
     7
370
    25
100
AcDbLine
 10
-6.155
 20
3.219
 30
0.0
 11
-5.718
 21
3.219
 31
0.0
  0
LINE
  5
1685
330
1F
100
AcDbEntity
  8
0
  6
Continuous
 62
     7
370
    25
100
AcDbLine
 10
-5.718
 20
3.219
 30
0.0
 11
-5.718
 21
3.656
 31
0.0
  0
LINE
  5
1686
330
1F
100
AcDbEntity
  8
0
  6
Continuous
 62
     7
370
    25
100
AcDbLine
 10
-5.718
 20
38.847
 30
0.0
 11
-6.155
 21
38.847
 31
0.0
  0
LINE
  5
1687
330
1F
100
AcDbEntity
  8
0
  6
Continuous
 62
     7
370
    25
100
AcDbLine
 10
-6.155
 20
38.847
 30
0.0
 11
-6.155
 21
38.41
 31
0.0
  0
LINE
  5
1688
330
1F
100
AcDbEntity
  8
0
  6
Continuous
 62
     7
370
    25
100
AcDbLine
 10
-6.155
 20
38.41
 30
0.0
 11
-5.718
 21
38.41
 31
0.0
  0
LINE
  5
1689
330
1F
100
AcDbEntity
  8
0
  6
Continuous
 62
     7
370
    25
100
AcDbLine
 10
-5.718
 20
38.41
 30
0.0
 11
-5.718
 21
38.847
 31
0.0
  0
LINE
  5
168A
330
1F
100
AcDbEntity
  8
0
  6
Continuous
 62
     7
370
    25
100
AcDbLine
 10
-5.718
 20
39.472
 30
0.0
 11
-6.155
 21
39.472
 31
0.0
  0
LINE
  5
168B
330
1F
100
AcDbEntity
  8
0
  6
Continuous
 62
     7
370
    25
100
AcDbLine
 10
-6.155
 20
39.472
 30
0.0
 11
-6.155
 21
39.035
 31
0.0
  0
LINE
  5
168C
330
1F
100
AcDbEntity
  8
0
  6
Continuous
 62
     7
370
    25
100
AcDbLine
 10
-6.155
 20
39.035
 30
0.0
 11
-5.718
 21
39.035
 31
0.0
  0
LINE
  5
168D
330
1F
100
AcDbEntity
  8
0
  6
Continuous
 62
     7
370
    25
100
AcDbLine
 10
-5.718
 20
39.035
 30
0.0
 11
-5.718
 21
39.472
 31
0.0
  0
LINE
  5
168E
330
1F
100
AcDbEntity
  8
0
  6
Continuous
 62
     7
370
    25
100
AcDbLine
 10
-5.718
 20
-32.158
 30
0.0
 11
-6.155
 21
-32.158
 31
0.0
  0
LINE
  5
168F
330
1F
100
AcDbEntity
  8
0
  6
Continuous
 62
     7
370
    25
100
AcDbLine
 10
-6.155
 20
-32.158
 30
0.0
 11
-6.155
 21
-32.595
 31
0.0
  0
LINE
  5
1690
330
1F
100
AcDbEntity
  8
0
  6
Continuous
 62
     7
370
    25
100
AcDbLine
 10
-6.155
 20
-32.595
 30
0.0
 11
-5.718
 21
-32.595
 31
0.0
  0
LINE
  5
1691
330
1F
100
AcDbEntity
  8
0
  6
Continuous
 62
     7
370
    25
100
AcDbLine
 10
-5.718
 20
-32.595
 30
0.0
 11
-5.718
 21
-32.158
 31
0.0
  0
LINE
  5
1692
330
1F
100
AcDbEntity
  8
0
  6
Continuous
 62
     7
370
    25
100
AcDbLine
 10
1.157
 20
2.406
 30
0.0
 11
0.72
 21
2.406
 31
0.0
  0
LINE
  5
1693
330
1F
100
AcDbEntity
  8
0
  6
Continuous
 62
     7
370
    25
100
AcDbLine
 10
0.72
 20
2.406
 30
0.0
 11
0.72
 21
1.969
 31
0.0
  0
LINE
  5
1694
330
1F
100
AcDbEntity
  8
0
  6
Continuous
 62
     7
370
    25
100
AcDbLine
 10
0.72
 20
1.969
 30
0.0
 11
1.157
 21
1.969
 31
0.0
  0
LINE
  5
1695
330
1F
100
AcDbEntity
  8
0
  6
Continuous
 62
     7
370
    25
100
AcDbLine
 10
1.157
 20
1.969
 30
0.0
 11
1.157
 21
2.406
 31
0.0
  0
LINE
  5
1696
330
1F
100
AcDbEntity
  8
0
  6
Continuous
 62
     7
370
    25
100
AcDbLine
 10
1.157
 20
-33.408
 30
0.0
 11
0.72
 21
-33.408
 31
0.0
  0
LINE
  5
1697
330
1F
100
AcDbEntity
  8
0
  6
Continuous
 62
     7
370
    25
100
AcDbLine
 10
0.72
 20
-33.408
 30
0.0
 11
0.72
 21
-33.845
 31
0.0
  0
LINE
  5
1698
330
1F
100
AcDbEntity
  8
0
  6
Continuous
 62
     7
370
    25
100
AcDbLine
 10
0.72
 20
-33.845
 30
0.0
 11
1.157
 21
-33.845
 31
0.0
  0
LINE
  5
1699
330
1F
100
AcDbEntity
  8
0
  6
Continuous
 62
     7
370
    25
100
AcDbLine
 10
1.157
 20
-33.845
 30
0.0
 11
1.157
 21
-33.408
 31
0.0
  0
LINE
  5
169A
330
1F
100
AcDbEntity
  8
0
  6
Continuous
 62
     7
370
    25
100
AcDbLine
 10
0.532
 20
-33.408
 30
0.0
 11
0.095
 21
-33.408
 31
0.0
  0
LINE
  5
169B
330
1F
100
AcDbEntity
  8
0
  6
Continuous
 62
     7
370
    25
100
AcDbLine
 10
0.095
 20
-33.408
 30
0.0
 11
0.095
 21
-33.845
 31
0.0
  0
LINE
  5
169C
330
1F
100
AcDbEntity
  8
0
  6
Continuous
 62
     7
370
    25
100
AcDbLine
 10
0.095
 20
-33.845
 30
0.0
 11
0.532
 21
-33.845
 31
0.0
  0
LINE
  5
169D
330
1F
100
AcDbEntity
  8
0
  6
Continuous
 62
     7
370
    25
100
AcDbLine
 10
0.532
 20
-33.845
 30
0.0
 11
0.532
 21
-33.408
 31
0.0
  0
LINE
  5
169E
330
1F
100
AcDbEntity
  8
0
  6
Continuous
 62
     7
370
    25
100
AcDbLine
 10
0.532
 20
38.222
 30
0.0
 11
0.095
 21
38.222
 31
0.0
  0
LINE
  5
169F
330
1F
100
AcDbEntity
  8
0
  6
Continuous
 62
     7
370
    25
100
AcDbLine
 10
0.095
 20
38.222
 30
0.0
 11
0.095
 21
37.785
 31
0.0
  0
LINE
  5
16A0
330
1F
100
AcDbEntity
  8
0
  6
Continuous
 62
     7
370
    25
100
AcDbLine
 10
0.095
 20
37.785
 30
0.0
 11
0.532
 21
37.785
 31
0.0
  0
LINE
  5
16A1
330
1F
100
AcDbEntity
  8
0
  6
Continuous
 62
     7
370
    25
100
AcDbLine
 10
0.532
 20
37.785
 30
0.0
 11
0.532
 21
38.222
 31
0.0
  0
LINE
  5
16A2
330
1F
100
AcDbEntity
  8
0
  6
Continuous
 62
     7
370
    25
100
AcDbLine
 10
1.782
 20
2.406
 30
0.0
 11
1.345
 21
2.406
 31
0.0
  0
LINE
  5
16A3
330
1F
100
AcDbEntity
  8
0
  6
Continuous
 62
     7
370
    25
100
AcDbLine
 10
1.345
 20
2.406
 30
0.0
 11
1.345
 21
1.969
 31
0.0
  0
LINE
  5
16A4
330
1F
100
AcDbEntity
  8
0
  6
Continuous
 62
     7
370
    25
100
AcDbLine
 10
1.345
 20
1.969
 30
0.0
 11
1.782
 21
1.969
 31
0.0
  0
LINE
  5
16A5
330
1F
100
AcDbEntity
  8
0
  6
Continuous
 62
     7
370
    25
100
AcDbLine
 10
1.782
 20
1.969
 30
0.0
 11
1.782
 21
2.406
 31
0.0
  0
LINE
  5
16A6
330
1F
100
AcDbEntity
  8
0
  6
Continuous
 62
     7
370
    25
100
AcDbLine
 10
1.157
 20
38.222
 30
0.0
 11
0.72
 21
38.222
 31
0.0
  0
LINE
  5
16A7
330
1F
100
AcDbEntity
  8
0
  6
Continuous
 62
     7
370
    25
100
AcDbLine
 10
0.72
 20
38.222
 30
0.0
 11
0.72
 21
37.785
 31
0.0
  0
LINE
  5
16A8
330
1F
100
AcDbEntity
  8
0
  6
Continuous
 62
     7
370
    25
100
AcDbLine
 10
0.72
 20
37.785
 30
0.0
 11
1.157
 21
37.785
 31
0.0
  0
LINE
  5
16A9
330
1F
100
AcDbEntity
  8
0
  6
Continuous
 62
     7
370
    25
100
AcDbLine
 10
1.157
 20
37.785
 30
0.0
 11
1.157
 21
38.222
 31
0.0
  0
LINE
  5
16AA
330
1F
100
AcDbEntity
  8
0
  6
Continuous
 62
     7
370
    25
100
AcDbLine
 10
1.782
 20
38.222
 30
0.0
 11
1.345
 21
38.222
 31
0.0
  0
LINE
  5
16AB
330
1F
100
AcDbEntity
  8
0
  6
Continuous
 62
     7
370
    25
100
AcDbLine
 10
1.345
 20
38.222
 30
0.0
 11
1.345
 21
37.785
 31
0.0
  0
LINE
  5
16AC
330
1F
100
AcDbEntity
  8
0
  6
Continuous
 62
     7
370
    25
100
AcDbLine
 10
1.345
 20
37.785
 30
0.0
 11
1.782
 21
37.785
 31
0.0
  0
LINE
  5
16AD
330
1F
100
AcDbEntity
  8
0
  6
Continuous
 62
     7
370
    25
100
AcDbLine
 10
1.782
 20
37.785
 30
0.0
 11
1.782
 21
38.222
 31
0.0
  0
LINE
  5
16AE
330
1F
100
AcDbEntity
  8
0
  6
Continuous
 62
     7
370
    25
100
AcDbLine
 10
1.782
 20
-33.408
 30
0.0
 11
1.345
 21
-33.408
 31
0.0
  0
LINE
  5
16AF
330
1F
100
AcDbEntity
  8
0
  6
Continuous
 62
     7
370
    25
100
AcDbLine
 10
1.345
 20
-33.408
 30
0.0
 11
1.345
 21
-33.845
 31
0.0
  0
LINE
  5
16B0
330
1F
100
AcDbEntity
  8
0
  6
Continuous
 62
     7
370
    25
100
AcDbLine
 10
1.345
 20
-33.845
 30
0.0
 11
1.782
 21
-33.845
 31
0.0
  0
LINE
  5
16B1
330
1F
100
AcDbEntity
  8
0
  6
Continuous
 62
     7
370
    25
100
AcDbLine
 10
1.782
 20
-33.845
 30
0.0
 11
1.782
 21
-33.408
 31
0.0
  0
LINE
  5
16B2
330
1F
100
AcDbEntity
  8
0
  6
Continuous
 62
     7
370
    25
100
AcDbLine
 10
-0.718
 20
2.406
 30
0.0
 11
-1.155
 21
2.406
 31
0.0
  0
LINE
  5
16B3
330
1F
100
AcDbEntity
  8
0
  6
Continuous
 62
     7
370
    25
100
AcDbLine
 10
-1.155
 20
2.406
 30
0.0
 11
-1.155
 21
1.969
 31
0.0
  0
LINE
  5
16B4
330
1F
100
AcDbEntity
  8
0
  6
Continuous
 62
     7
370
    25
100
AcDbLine
 10
-1.155
 20
1.969
 30
0.0
 11
-0.718
 21
1.969
 31
0.0
  0
LINE
  5
16B5
330
1F
100
AcDbEntity
  8
0
  6
Continuous
 62
     7
370
    25
100
AcDbLine
 10
-0.718
 20
1.969
 30
0.0
 11
-0.718
 21
2.406
 31
0.0
  0
LINE
  5
16B6
330
1F
100
AcDbEntity
  8
0
  6
Continuous
 62
     7
370
    25
100
AcDbLine
 10
-1.343
 20
38.222
 30
0.0
 11
-1.78
 21
38.222
 31
0.0
  0
LINE
  5
16B7
330
1F
100
AcDbEntity
  8
0
  6
Continuous
 62
     7
370
    25
100
AcDbLine
 10
-1.78
 20
38.222
 30
0.0
 11
-1.78
 21
37.785
 31
0.0
  0
LINE
  5
16B8
330
1F
100
AcDbEntity
  8
0
  6
Continuous
 62
     7
370
    25
100
AcDbLine
 10
-1.78
 20
37.785
 30
0.0
 11
-1.343
 21
37.785
 31
0.0
  0
LINE
  5
16B9
330
1F
100
AcDbEntity
  8
0
  6
Continuous
 62
     7
370
    25
100
AcDbLine
 10
-1.343
 20
37.785
 30
0.0
 11
-1.343
 21
38.222
 31
0.0
  0
LINE
  5
16BA
330
1F
100
AcDbEntity
  8
0
  6
Continuous
 62
     7
370
    25
100
AcDbLine
 10
-0.718
 20
38.222
 30
0.0
 11
-1.155
 21
38.222
 31
0.0
  0
LINE
  5
16BB
330
1F
100
AcDbEntity
  8
0
  6
Continuous
 62
     7
370
    25
100
AcDbLine
 10
-1.155
 20
38.222
 30
0.0
 11
-1.155
 21
37.785
 31
0.0
  0
LINE
  5
16BC
330
1F
100
AcDbEntity
  8
0
  6
Continuous
 62
     7
370
    25
100
AcDbLine
 10
-1.155
 20
37.785
 30
0.0
 11
-0.718
 21
37.785
 31
0.0
  0
LINE
  5
16BD
330
1F
100
AcDbEntity
  8
0
  6
Continuous
 62
     7
370
    25
100
AcDbLine
 10
-0.718
 20
37.785
 30
0.0
 11
-0.718
 21
38.222
 31
0.0
  0
LINE
  5
16BE
330
1F
100
AcDbEntity
  8
0
  6
Continuous
 62
     7
370
    25
100
AcDbLine
 10
-0.718
 20
-33.408
 30
0.0
 11
-1.155
 21
-33.408
 31
0.0
  0
LINE
  5
16BF
330
1F
100
AcDbEntity
  8
0
  6
Continuous
 62
     7
370
    25
100
AcDbLine
 10
-1.155
 20
-33.408
 30
0.0
 11
-1.155
 21
-33.845
 31
0.0
  0
LINE
  5
16C0
330
1F
100
AcDbEntity
  8
0
  6
Continuous
 62
     7
370
    25
100
AcDbLine
 10
-1.155
 20
-33.845
 30
0.0
 11
-0.718
 21
-33.845
 31
0.0
  0
LINE
  5
16C1
330
1F
100
AcDbEntity
  8
0
  6
Continuous
 62
     7
370
    25
100
AcDbLine
 10
-0.718
 20
-33.845
 30
0.0
 11
-0.718
 21
-33.408
 31
0.0
  0
LINE
  5
16C2
330
1F
100
AcDbEntity
  8
0
  6
Continuous
 62
     7
370
    25
100
AcDbLine
 10
5.532
 20
1.781
 30
0.0
 11
5.095
 21
1.781
 31
0.0
  0
LINE
  5
16C3
330
1F
100
AcDbEntity
  8
0
  6
Continuous
 62
     7
370
    25
100
AcDbLine
 10
5.095
 20
1.781
 30
0.0
 11
5.095
 21
1.344
 31
0.0
  0
LINE
  5
16C4
330
1F
100
AcDbEntity
  8
0
  6
Continuous
 62
     7
370
    25
100
AcDbLine
 10
5.095
 20
1.344
 30
0.0
 11
5.532
 21
1.344
 31
0.0
  0
LINE
  5
16C5
330
1F
100
AcDbEntity
  8
0
  6
Continuous
 62
     7
370
    25
100
AcDbLine
 10
5.532
 20
1.344
 30
0.0
 11
5.532
 21
1.781
 31
0.0
  0
LINE
  5
16C6
330
1F
100
AcDbEntity
  8
0
  6
Continuous
 62
     7
370
    25
100
AcDbLine
 10
5.532
 20
-34.033
 30
0.0
 11
5.095
 21
-34.033
 31
0.0
  0
LINE
  5
16C7
330
1F
100
AcDbEntity
  8
0
  6
Continuous
 62
     7
370
    25
100
AcDbLine
 10
5.095
 20
-34.033
 30
0.0
 11
5.095
 21
-34.47
 31
0.0
  0
LINE
  5
16C8
330
1F
100
AcDbEntity
  8
0
  6
Continuous
 62
     7
370
    25
100
AcDbLine
 10
5.095
 20
-34.47
 30
0.0
 11
5.532
 21
-34.47
 31
0.0
  0
LINE
  5
16C9
330
1F
100
AcDbEntity
  8
0
  6
Continuous
 62
     7
370
    25
100
AcDbLine
 10
5.532
 20
-34.47
 30
0.0
 11
5.532
 21
-34.033
 31
0.0
  0
LINE
  5
16CA
330
1F
100
AcDbEntity
  8
0
  6
Continuous
 62
     7
370
    25
100
AcDbLine
 10
4.907
 20
-34.033
 30
0.0
 11
4.47
 21
-34.033
 31
0.0
  0
LINE
  5
16CB
330
1F
100
AcDbEntity
  8
0
  6
Continuous
 62
     7
370
    25
100
AcDbLine
 10
4.47
 20
-34.033
 30
0.0
 11
4.47
 21
-34.47
 31
0.0
  0
LINE
  5
16CC
330
1F
100
AcDbEntity
  8
0
  6
Continuous
 62
     7
370
    25
100
AcDbLine
 10
4.47
 20
-34.47
 30
0.0
 11
4.907
 21
-34.47
 31
0.0
  0
LINE
  5
16CD
330
1F
100
AcDbEntity
  8
0
  6
Continuous
 62
     7
370
    25
100
AcDbLine
 10
4.907
 20
-34.47
 30
0.0
 11
4.907
 21
-34.033
 31
0.0
  0
LINE
  5
16CE
330
1F
100
AcDbEntity
  8
0
  6
Continuous
 62
     7
370
    25
100
AcDbLine
 10
4.907
 20
37.597
 30
0.0
 11
4.47
 21
37.597
 31
0.0
  0
LINE
  5
16CF
330
1F
100
AcDbEntity
  8
0
  6
Continuous
 62
     7
370
    25
100
AcDbLine
 10
4.47
 20
37.597
 30
0.0
 11
4.47
 21
37.16
 31
0.0
  0
LINE
  5
16D0
330
1F
100
AcDbEntity
  8
0
  6
Continuous
 62
     7
370
    25
100
AcDbLine
 10
4.47
 20
37.16
 30
0.0
 11
4.907
 21
37.16
 31
0.0
  0
LINE
  5
16D1
330
1F
100
AcDbEntity
  8
0
  6
Continuous
 62
     7
370
    25
100
AcDbLine
 10
4.907
 20
37.16
 30
0.0
 11
4.907
 21
37.597
 31
0.0
  0
LINE
  5
16D2
330
1F
100
AcDbEntity
  8
0
  6
Continuous
 62
     7
370
    25
100
AcDbLine
 10
-2.593
 20
-33.408
 30
0.0
 11
-3.03
 21
-33.408
 31
0.0
  0
LINE
  5
16D3
330
1F
100
AcDbEntity
  8
0
  6
Continuous
 62
     7
370
    25
100
AcDbLine
 10
-3.03
 20
-33.408
 30
0.0
 11
-3.03
 21
-33.845
 31
0.0
  0
LINE
  5
16D4
330
1F
100
AcDbEntity
  8
0
  6
Continuous
 62
     7
370
    25
100
AcDbLine
 10
-3.03
 20
-33.845
 30
0.0
 11
-2.593
 21
-33.845
 31
0.0
  0
LINE
  5
16D5
330
1F
100
AcDbEntity
  8
0
  6
Continuous
 62
     7
370
    25
100
AcDbLine
 10
-2.593
 20
-33.845
 30
0.0
 11
-2.593
 21
-33.408
 31
0.0
  0
LINE
  5
16D6
330
1F
100
AcDbEntity
  8
0
  6
Continuous
 62
     7
370
    25
100
AcDbLine
 10
-2.593
 20
2.406
 30
0.0
 11
-3.03
 21
2.406
 31
0.0
  0
LINE
  5
16D7
330
1F
100
AcDbEntity
  8
0
  6
Continuous
 62
     7
370
    25
100
AcDbLine
 10
-3.03
 20
2.406
 30
0.0
 11
-3.03
 21
1.969
 31
0.0
  0
LINE
  5
16D8
330
1F
100
AcDbEntity
  8
0
  6
Continuous
 62
     7
370
    25
100
AcDbLine
 10
-3.03
 20
1.969
 30
0.0
 11
-2.593
 21
1.969
 31
0.0
  0
LINE
  5
16D9
330
1F
100
AcDbEntity
  8
0
  6
Continuous
 62
     7
370
    25
100
AcDbLine
 10
-2.593
 20
1.969
 30
0.0
 11
-2.593
 21
2.406
 31
0.0
  0
LINE
  5
16DA
330
1F
100
AcDbEntity
  8
0
  6
Continuous
 62
     7
370
    25
100
AcDbLine
 10
-1.968
 20
2.406
 30
0.0
 11
-2.405
 21
2.406
 31
0.0
  0
LINE
  5
16DB
330
1F
100
AcDbEntity
  8
0
  6
Continuous
 62
     7
370
    25
100
AcDbLine
 10
-2.405
 20
2.406
 30
0.0
 11
-2.405
 21
1.969
 31
0.0
  0
LINE
  5
16DC
330
1F
100
AcDbEntity
  8
0
  6
Continuous
 62
     7
370
    25
100
AcDbLine
 10
-2.405
 20
1.969
 30
0.0
 11
-1.968
 21
1.969
 31
0.0
  0
LINE
  5
16DD
330
1F
100
AcDbEntity
  8
0
  6
Continuous
 62
     7
370
    25
100
AcDbLine
 10
-1.968
 20
1.969
 30
0.0
 11
-1.968
 21
2.406
 31
0.0
  0
LINE
  5
16DE
330
1F
100
AcDbEntity
  8
0
  6
Continuous
 62
     7
370
    25
100
AcDbLine
 10
-2.593
 20
38.222
 30
0.0
 11
-3.03
 21
38.222
 31
0.0
  0
LINE
  5
16DF
330
1F
100
AcDbEntity
  8
0
  6
Continuous
 62
     7
370
    25
100
AcDbLine
 10
-3.03
 20
38.222
 30
0.0
 11
-3.03
 21
37.785
 31
0.0
  0
LINE
  5
16E0
330
1F
100
AcDbEntity
  8
0
  6
Continuous
 62
     7
370
    25
100
AcDbLine
 10
-3.03
 20
37.785
 30
0.0
 11
-2.593
 21
37.785
 31
0.0
  0
LINE
  5
16E1
330
1F
100
AcDbEntity
  8
0
  6
Continuous
 62
     7
370
    25
100
AcDbLine
 10
-2.593
 20
37.785
 30
0.0
 11
-2.593
 21
38.222
 31
0.0
  0
LINE
  5
16E2
330
1F
100
AcDbEntity
  8
0
  6
Continuous
 62
     7
370
    25
100
AcDbLine
 10
-1.343
 20
2.406
 30
0.0
 11
-1.78
 21
2.406
 31
0.0
  0
LINE
  5
16E3
330
1F
100
AcDbEntity
  8
0
  6
Continuous
 62
     7
370
    25
100
AcDbLine
 10
-1.78
 20
2.406
 30
0.0
 11
-1.78
 21
1.969
 31
0.0
  0
LINE
  5
16E4
330
1F
100
AcDbEntity
  8
0
  6
Continuous
 62
     7
370
    25
100
AcDbLine
 10
-1.78
 20
1.969
 30
0.0
 11
-1.343
 21
1.969
 31
0.0
  0
LINE
  5
16E5
330
1F
100
AcDbEntity
  8
0
  6
Continuous
 62
     7
370
    25
100
AcDbLine
 10
-1.343
 20
1.969
 30
0.0
 11
-1.343
 21
2.406
 31
0.0
  0
LINE
  5
16E6
330
1F
100
AcDbEntity
  8
0
  6
Continuous
 62
     7
370
    25
100
AcDbLine
 10
-1.343
 20
-33.408
 30
0.0
 11
-1.78
 21
-33.408
 31
0.0
  0
LINE
  5
16E7
330
1F
100
AcDbEntity
  8
0
  6
Continuous
 62
     7
370
    25
100
AcDbLine
 10
-1.78
 20
-33.408
 30
0.0
 11
-1.78
 21
-33.845
 31
0.0
  0
LINE
  5
16E8
330
1F
100
AcDbEntity
  8
0
  6
Continuous
 62
     7
370
    25
100
AcDbLine
 10
-1.78
 20
-33.845
 30
0.0
 11
-1.343
 21
-33.845
 31
0.0
  0
LINE
  5
16E9
330
1F
100
AcDbEntity
  8
0
  6
Continuous
 62
     7
370
    25
100
AcDbLine
 10
-1.343
 20
-33.845
 30
0.0
 11
-1.343
 21
-33.408
 31
0.0
  0
LINE
  5
16EA
330
1F
100
AcDbEntity
  8
0
  6
Continuous
 62
     7
370
    25
100
AcDbLine
 10
-1.968
 20
-33.408
 30
0.0
 11
-2.405
 21
-33.408
 31
0.0
  0
LINE
  5
16EB
330
1F
100
AcDbEntity
  8
0
  6
Continuous
 62
     7
370
    25
100
AcDbLine
 10
-2.405
 20
-33.408
 30
0.0
 11
-2.405
 21
-33.845
 31
0.0
  0
LINE
  5
16EC
330
1F
100
AcDbEntity
  8
0
  6
Continuous
 62
     7
370
    25
100
AcDbLine
 10
-2.405
 20
-33.845
 30
0.0
 11
-1.968
 21
-33.845
 31
0.0
  0
LINE
  5
16ED
330
1F
100
AcDbEntity
  8
0
  6
Continuous
 62
     7
370
    25
100
AcDbLine
 10
-1.968
 20
-33.845
 30
0.0
 11
-1.968
 21
-33.408
 31
0.0
  0
LINE
  5
16EE
330
1F
100
AcDbEntity
  8
0
  6
Continuous
 62
     7
370
    25
100
AcDbLine
 10
-1.968
 20
38.222
 30
0.0
 11
-2.405
 21
38.222
 31
0.0
  0
LINE
  5
16EF
330
1F
100
AcDbEntity
  8
0
  6
Continuous
 62
     7
370
    25
100
AcDbLine
 10
-2.405
 20
38.222
 30
0.0
 11
-2.405
 21
37.785
 31
0.0
  0
LINE
  5
16F0
330
1F
100
AcDbEntity
  8
0
  6
Continuous
 62
     7
370
    25
100
AcDbLine
 10
-2.405
 20
37.785
 30
0.0
 11
-1.968
 21
37.785
 31
0.0
  0
LINE
  5
16F1
330
1F
100
AcDbEntity
  8
0
  6
Continuous
 62
     7
370
    25
100
AcDbLine
 10
-1.968
 20
37.785
 30
0.0
 11
-1.968
 21
38.222
 31
0.0
  0
LINE
  5
16F2
330
1F
100
AcDbEntity
  8
0
  6
Continuous
 62
     7
370
    25
100
AcDbLine
 10
-3.843
 20
2.406
 30
0.0
 11
-4.28
 21
2.406
 31
0.0
  0
LINE
  5
16F3
330
1F
100
AcDbEntity
  8
0
  6
Continuous
 62
     7
370
    25
100
AcDbLine
 10
-4.28
 20
2.406
 30
0.0
 11
-4.28
 21
1.969
 31
0.0
  0
LINE
  5
16F4
330
1F
100
AcDbEntity
  8
0
  6
Continuous
 62
     7
370
    25
100
AcDbLine
 10
-4.28
 20
1.969
 30
0.0
 11
-3.843
 21
1.969
 31
0.0
  0
LINE
  5
16F5
330
1F
100
AcDbEntity
  8
0
  6
Continuous
 62
     7
370
    25
100
AcDbLine
 10
-3.843
 20
1.969
 30
0.0
 11
-3.843
 21
2.406
 31
0.0
  0
LINE
  5
16F6
330
1F
100
AcDbEntity
  8
0
  6
Continuous
 62
     7
370
    25
100
AcDbLine
 10
-3.843
 20
-33.408
 30
0.0
 11
-4.28
 21
-33.408
 31
0.0
  0
LINE
  5
16F7
330
1F
100
AcDbEntity
  8
0
  6
Continuous
 62
     7
370
    25
100
AcDbLine
 10
-4.28
 20
-33.408
 30
0.0
 11
-4.28
 21
-33.845
 31
0.0
  0
LINE
  5
16F8
330
1F
100
AcDbEntity
  8
0
  6
Continuous
 62
     7
370
    25
100
AcDbLine
 10
-4.28
 20
-33.845
 30
0.0
 11
-3.843
 21
-33.845
 31
0.0
  0
LINE
  5
16F9
330
1F
100
AcDbEntity
  8
0
  6
Continuous
 62
     7
370
    25
100
AcDbLine
 10
-3.843
 20
-33.845
 30
0.0
 11
-3.843
 21
-33.408
 31
0.0
  0
LINE
  5
16FA
330
1F
100
AcDbEntity
  8
0
  6
Continuous
 62
     7
370
    25
100
AcDbLine
 10
-4.468
 20
-33.408
 30
0.0
 11
-4.905
 21
-33.408
 31
0.0
  0
LINE
  5
16FB
330
1F
100
AcDbEntity
  8
0
  6
Continuous
 62
     7
370
    25
100
AcDbLine
 10
-4.905
 20
-33.408
 30
0.0
 11
-4.905
 21
-33.845
 31
0.0
  0
LINE
  5
16FC
330
1F
100
AcDbEntity
  8
0
  6
Continuous
 62
     7
370
    25
100
AcDbLine
 10
-4.905
 20
-33.845
 30
0.0
 11
-4.468
 21
-33.845
 31
0.0
  0
LINE
  5
16FD
330
1F
100
AcDbEntity
  8
0
  6
Continuous
 62
     7
370
    25
100
AcDbLine
 10
-4.468
 20
-33.845
 30
0.0
 11
-4.468
 21
-33.408
 31
0.0
  0
LINE
  5
16FE
330
1F
100
AcDbEntity
  8
0
  6
Continuous
 62
     7
370
    25
100
AcDbLine
 10
-4.468
 20
38.222
 30
0.0
 11
-4.905
 21
38.222
 31
0.0
  0
LINE
  5
16FF
330
1F
100
AcDbEntity
  8
0
  6
Continuous
 62
     7
370
    25
100
AcDbLine
 10
-4.905
 20
38.222
 30
0.0
 11
-4.905
 21
37.785
 31
0.0
  0
LINE
  5
1700
330
1F
100
AcDbEntity
  8
0
  6
Continuous
 62
     7
370
    25
100
AcDbLine
 10
-4.905
 20
37.785
 30
0.0
 11
-4.468
 21
37.785
 31
0.0
  0
LINE
  5
1701
330
1F
100
AcDbEntity
  8
0
  6
Continuous
 62
     7
370
    25
100
AcDbLine
 10
-4.468
 20
37.785
 30
0.0
 11
-4.468
 21
38.222
 31
0.0
  0
LINE
  5
1702
330
1F
100
AcDbEntity
  8
0
  6
Continuous
 62
     7
370
    25
100
AcDbLine
 10
3.657
 20
2.406
 30
0.0
 11
3.22
 21
2.406
 31
0.0
  0
LINE
  5
1703
330
1F
100
AcDbEntity
  8
0
  6
Continuous
 62
     7
370
    25
100
AcDbLine
 10
3.22
 20
2.406
 30
0.0
 11
3.22
 21
1.969
 31
0.0
  0
LINE
  5
1704
330
1F
100
AcDbEntity
  8
0
  6
Continuous
 62
     7
370
    25
100
AcDbLine
 10
3.22
 20
1.969
 30
0.0
 11
3.657
 21
1.969
 31
0.0
  0
LINE
  5
1705
330
1F
100
AcDbEntity
  8
0
  6
Continuous
 62
     7
370
    25
100
AcDbLine
 10
3.657
 20
1.969
 30
0.0
 11
3.657
 21
2.406
 31
0.0
  0
LINE
  5
1706
330
1F
100
AcDbEntity
  8
0
  6
Continuous
 62
     7
370
    25
100
AcDbLine
 10
3.657
 20
-33.408
 30
0.0
 11
3.22
 21
-33.408
 31
0.0
  0
LINE
  5
1707
330
1F
100
AcDbEntity
  8
0
  6
Continuous
 62
     7
370
    25
100
AcDbLine
 10
3.22
 20
-33.408
 30
0.0
 11
3.22
 21
-33.845
 31
0.0
  0
LINE
  5
1708
330
1F
100
AcDbEntity
  8
0
  6
Continuous
 62
     7
370
    25
100
AcDbLine
 10
3.22
 20
-33.845
 30
0.0
 11
3.657
 21
-33.845
 31
0.0
  0
LINE
  5
1709
330
1F
100
AcDbEntity
  8
0
  6
Continuous
 62
     7
370
    25
100
AcDbLine
 10
3.657
 20
-33.845
 30
0.0
 11
3.657
 21
-33.408
 31
0.0
  0
LINE
  5
170A
330
1F
100
AcDbEntity
  8
0
  6
Continuous
 62
     7
370
    25
100
AcDbLine
 10
3.032
 20
-33.408
 30
0.0
 11
2.595
 21
-33.408
 31
0.0
  0
LINE
  5
170B
330
1F
100
AcDbEntity
  8
0
  6
Continuous
 62
     7
370
    25
100
AcDbLine
 10
2.595
 20
-33.408
 30
0.0
 11
2.595
 21
-33.845
 31
0.0
  0
LINE
  5
170C
330
1F
100
AcDbEntity
  8
0
  6
Continuous
 62
     7
370
    25
100
AcDbLine
 10
2.595
 20
-33.845
 30
0.0
 11
3.032
 21
-33.845
 31
0.0
  0
LINE
  5
170D
330
1F
100
AcDbEntity
  8
0
  6
Continuous
 62
     7
370
    25
100
AcDbLine
 10
3.032
 20
-33.845
 30
0.0
 11
3.032
 21
-33.408
 31
0.0
  0
LINE
  5
170E
330
1F
100
AcDbEntity
  8
0
  6
Continuous
 62
     7
370
    25
100
AcDbLine
 10
3.032
 20
38.222
 30
0.0
 11
2.595
 21
38.222
 31
0.0
  0
LINE
  5
170F
330
1F
100
AcDbEntity
  8
0
  6
Continuous
 62
     7
370
    25
100
AcDbLine
 10
2.595
 20
38.222
 30
0.0
 11
2.595
 21
37.785
 31
0.0
  0
LINE
  5
1710
330
1F
100
AcDbEntity
  8
0
  6
Continuous
 62
     7
370
    25
100
AcDbLine
 10
2.595
 20
37.785
 30
0.0
 11
3.032
 21
37.785
 31
0.0
  0
LINE
  5
1711
330
1F
100
AcDbEntity
  8
0
  6
Continuous
 62
     7
370
    25
100
AcDbLine
 10
3.032
 20
37.785
 30
0.0
 11
3.032
 21
38.222
 31
0.0
  0
LINE
  5
1712
330
1F
100
AcDbEntity
  8
0
  6
Continuous
 62
     7
370
    25
100
AcDbLine
 10
6.157
 20
1.781
 30
0.0
 11
5.72
 21
1.781
 31
0.0
  0
LINE
  5
1713
330
1F
100
AcDbEntity
  8
0
  6
Continuous
 62
     7
370
    25
100
AcDbLine
 10
5.72
 20
1.781
 30
0.0
 11
5.72
 21
1.344
 31
0.0
  0
LINE
  5
1714
330
1F
100
AcDbEntity
  8
0
  6
Continuous
 62
     7
370
    25
100
AcDbLine
 10
5.72
 20
1.344
 30
0.0
 11
6.157
 21
1.344
 31
0.0
  0
LINE
  5
1715
330
1F
100
AcDbEntity
  8
0
  6
Continuous
 62
     7
370
    25
100
AcDbLine
 10
6.157
 20
1.344
 30
0.0
 11
6.157
 21
1.781
 31
0.0
  0
LINE
  5
1716
330
1F
100
AcDbEntity
  8
0
  6
Continuous
 62
     7
370
    25
100
AcDbLine
 10
5.532
 20
37.597
 30
0.0
 11
5.095
 21
37.597
 31
0.0
  0
LINE
  5
1717
330
1F
100
AcDbEntity
  8
0
  6
Continuous
 62
     7
370
    25
100
AcDbLine
 10
5.095
 20
37.597
 30
0.0
 11
5.095
 21
37.16
 31
0.0
  0
LINE
  5
1718
330
1F
100
AcDbEntity
  8
0
  6
Continuous
 62
     7
370
    25
100
AcDbLine
 10
5.095
 20
37.16
 30
0.0
 11
5.532
 21
37.16
 31
0.0
  0
LINE
  5
1719
330
1F
100
AcDbEntity
  8
0
  6
Continuous
 62
     7
370
    25
100
AcDbLine
 10
5.532
 20
37.16
 30
0.0
 11
5.532
 21
37.597
 31
0.0
  0
LINE
  5
171A
330
1F
100
AcDbEntity
  8
0
  6
Continuous
 62
     7
370
    25
100
AcDbLine
 10
6.157
 20
37.597
 30
0.0
 11
5.72
 21
37.597
 31
0.0
  0
LINE
  5
171B
330
1F
100
AcDbEntity
  8
0
  6
Continuous
 62
     7
370
    25
100
AcDbLine
 10
5.72
 20
37.597
 30
0.0
 11
5.72
 21
37.16
 31
0.0
  0
LINE
  5
171C
330
1F
100
AcDbEntity
  8
0
  6
Continuous
 62
     7
370
    25
100
AcDbLine
 10
5.72
 20
37.16
 30
0.0
 11
6.157
 21
37.16
 31
0.0
  0
LINE
  5
171D
330
1F
100
AcDbEntity
  8
0
  6
Continuous
 62
     7
370
    25
100
AcDbLine
 10
6.157
 20
37.16
 30
0.0
 11
6.157
 21
37.597
 31
0.0
  0
LINE
  5
171E
330
1F
100
AcDbEntity
  8
0
  6
Continuous
 62
     7
370
    25
100
AcDbLine
 10
6.157
 20
-34.033
 30
0.0
 11
5.72
 21
-34.033
 31
0.0
  0
LINE
  5
171F
330
1F
100
AcDbEntity
  8
0
  6
Continuous
 62
     7
370
    25
100
AcDbLine
 10
5.72
 20
-34.033
 30
0.0
 11
5.72
 21
-34.47
 31
0.0
  0
LINE
  5
1720
330
1F
100
AcDbEntity
  8
0
  6
Continuous
 62
     7
370
    25
100
AcDbLine
 10
5.72
 20
-34.47
 30
0.0
 11
6.157
 21
-34.47
 31
0.0
  0
LINE
  5
1721
330
1F
100
AcDbEntity
  8
0
  6
Continuous
 62
     7
370
    25
100
AcDbLine
 10
6.157
 20
-34.47
 30
0.0
 11
6.157
 21
-34.033
 31
0.0
  0
LINE
  5
1722
330
1F
100
AcDbEntity
  8
0
  6
Continuous
 62
     7
370
    25
100
AcDbLine
 10
-5.093
 20
-33.408
 30
0.0
 11
-5.53
 21
-33.408
 31
0.0
  0
LINE
  5
1723
330
1F
100
AcDbEntity
  8
0
  6
Continuous
 62
     7
370
    25
100
AcDbLine
 10
-5.53
 20
-33.408
 30
0.0
 11
-5.53
 21
-33.845
 31
0.0
  0
LINE
  5
1724
330
1F
100
AcDbEntity
  8
0
  6
Continuous
 62
     7
370
    25
100
AcDbLine
 10
-5.53
 20
-33.845
 30
0.0
 11
-5.093
 21
-33.845
 31
0.0
  0
LINE
  5
1725
330
1F
100
AcDbEntity
  8
0
  6
Continuous
 62
     7
370
    25
100
AcDbLine
 10
-5.093
 20
-33.845
 30
0.0
 11
-5.093
 21
-33.408
 31
0.0
  0
LINE
  5
1726
330
1F
100
AcDbEntity
  8
0
  6
Continuous
 62
     7
370
    25
100
AcDbLine
 10
-5.093
 20
2.406
 30
0.0
 11
-5.53
 21
2.406
 31
0.0
  0
LINE
  5
1727
330
1F
100
AcDbEntity
  8
0
  6
Continuous
 62
     7
370
    25
100
AcDbLine
 10
-5.53
 20
2.406
 30
0.0
 11
-5.53
 21
1.969
 31
0.0
  0
LINE
  5
1728
330
1F
100
AcDbEntity
  8
0
  6
Continuous
 62
     7
370
    25
100
AcDbLine
 10
-5.53
 20
1.969
 30
0.0
 11
-5.093
 21
1.969
 31
0.0
  0
LINE
  5
1729
330
1F
100
AcDbEntity
  8
0
  6
Continuous
 62
     7
370
    25
100
AcDbLine
 10
-5.093
 20
1.969
 30
0.0
 11
-5.093
 21
2.406
 31
0.0
  0
LINE
  5
172A
330
1F
100
AcDbEntity
  8
0
  6
Continuous
 62
     7
370
    25
100
AcDbLine
 10
-4.468
 20
2.406
 30
0.0
 11
-4.905
 21
2.406
 31
0.0
  0
LINE
  5
172B
330
1F
100
AcDbEntity
  8
0
  6
Continuous
 62
     7
370
    25
100
AcDbLine
 10
-4.905
 20
2.406
 30
0.0
 11
-4.905
 21
1.969
 31
0.0
  0
LINE
  5
172C
330
1F
100
AcDbEntity
  8
0
  6
Continuous
 62
     7
370
    25
100
AcDbLine
 10
-4.905
 20
1.969
 30
0.0
 11
-4.468
 21
1.969
 31
0.0
  0
LINE
  5
172D
330
1F
100
AcDbEntity
  8
0
  6
Continuous
 62
     7
370
    25
100
AcDbLine
 10
-4.468
 20
1.969
 30
0.0
 11
-4.468
 21
2.406
 31
0.0
  0
LINE
  5
172E
330
1F
100
AcDbEntity
  8
0
  6
Continuous
 62
     7
370
    25
100
AcDbLine
 10
-5.093
 20
38.222
 30
0.0
 11
-5.53
 21
38.222
 31
0.0
  0
LINE
  5
172F
330
1F
100
AcDbEntity
  8
0
  6
Continuous
 62
     7
370
    25
100
AcDbLine
 10
-5.53
 20
38.222
 30
0.0
 11
-5.53
 21
37.785
 31
0.0
  0
LINE
  5
1730
330
1F
100
AcDbEntity
  8
0
  6
Continuous
 62
     7
370
    25
100
AcDbLine
 10
-5.53
 20
37.785
 30
0.0
 11
-5.093
 21
37.785
 31
0.0
  0
LINE
  5
1731
330
1F
100
AcDbEntity
  8
0
  6
Continuous
 62
     7
370
    25
100
AcDbLine
 10
-5.093
 20
37.785
 30
0.0
 11
-5.093
 21
38.222
 31
0.0
  0
LINE
  5
1732
330
1F
100
AcDbEntity
  8
0
  6
Continuous
 62
     7
370
    25
100
AcDbLine
 10
4.282
 20
-34.033
 30
0.0
 11
3.845
 21
-34.033
 31
0.0
  0
LINE
  5
1733
330
1F
100
AcDbEntity
  8
0
  6
Continuous
 62
     7
370
    25
100
AcDbLine
 10
3.845
 20
-34.033
 30
0.0
 11
3.845
 21
-34.47
 31
0.0
  0
LINE
  5
1734
330
1F
100
AcDbEntity
  8
0
  6
Continuous
 62
     7
370
    25
100
AcDbLine
 10
3.845
 20
-34.47
 30
0.0
 11
4.282
 21
-34.47
 31
0.0
  0
LINE
  5
1735
330
1F
100
AcDbEntity
  8
0
  6
Continuous
 62
     7
370
    25
100
AcDbLine
 10
4.282
 20
-34.47
 30
0.0
 11
4.282
 21
-34.033
 31
0.0
  0
LINE
  5
1736
330
1F
100
AcDbEntity
  8
0
  6
Continuous
 62
     7
370
    25
100
AcDbLine
 10
4.282
 20
1.781
 30
0.0
 11
3.845
 21
1.781
 31
0.0
  0
LINE
  5
1737
330
1F
100
AcDbEntity
  8
0
  6
Continuous
 62
     7
370
    25
100
AcDbLine
 10
3.845
 20
1.781
 30
0.0
 11
3.845
 21
1.344
 31
0.0
  0
LINE
  5
1738
330
1F
100
AcDbEntity
  8
0
  6
Continuous
 62
     7
370
    25
100
AcDbLine
 10
3.845
 20
1.344
 30
0.0
 11
4.282
 21
1.344
 31
0.0
  0
LINE
  5
1739
330
1F
100
AcDbEntity
  8
0
  6
Continuous
 62
     7
370
    25
100
AcDbLine
 10
4.282
 20
1.344
 30
0.0
 11
4.282
 21
1.781
 31
0.0
  0
LINE
  5
173A
330
1F
100
AcDbEntity
  8
0
  6
Continuous
 62
     7
370
    25
100
AcDbLine
 10
4.907
 20
1.781
 30
0.0
 11
4.47
 21
1.781
 31
0.0
  0
LINE
  5
173B
330
1F
100
AcDbEntity
  8
0
  6
Continuous
 62
     7
370
    25
100
AcDbLine
 10
4.47
 20
1.781
 30
0.0
 11
4.47
 21
1.344
 31
0.0
  0
LINE
  5
173C
330
1F
100
AcDbEntity
  8
0
  6
Continuous
 62
     7
370
    25
100
AcDbLine
 10
4.47
 20
1.344
 30
0.0
 11
4.907
 21
1.344
 31
0.0
  0
LINE
  5
173D
330
1F
100
AcDbEntity
  8
0
  6
Continuous
 62
     7
370
    25
100
AcDbLine
 10
4.907
 20
1.344
 30
0.0
 11
4.907
 21
1.781
 31
0.0
  0
LINE
  5
173E
330
1F
100
AcDbEntity
  8
0
  6
Continuous
 62
     7
370
    25
100
AcDbLine
 10
4.282
 20
37.597
 30
0.0
 11
3.845
 21
37.597
 31
0.0
  0
LINE
  5
173F
330
1F
100
AcDbEntity
  8
0
  6
Continuous
 62
     7
370
    25
100
AcDbLine
 10
3.845
 20
37.597
 30
0.0
 11
3.845
 21
37.16
 31
0.0
  0
LINE
  5
1740
330
1F
100
AcDbEntity
  8
0
  6
Continuous
 62
     7
370
    25
100
AcDbLine
 10
3.845
 20
37.16
 30
0.0
 11
4.282
 21
37.16
 31
0.0
  0
LINE
  5
1741
330
1F
100
AcDbEntity
  8
0
  6
Continuous
 62
     7
370
    25
100
AcDbLine
 10
4.282
 20
37.16
 30
0.0
 11
4.282
 21
37.597
 31
0.0
  0
LINE
  5
1742
330
1F
100
AcDbEntity
  8
0
  6
Continuous
 62
     7
370
    25
100
AcDbLine
 10
8.155
 20
44.72
 30
0.0
 11
8.977452413
 21
44.72
 31
0.0
  0
LINE
  5
1743
330
1F
100
AcDbEntity
  8
0
  6
Continuous
 62
     7
370
    25
100
AcDbLine
 10
8.977452413
 20
-44.72
 30
0.0
 11
8.977452413
 21
44.72
 31
0.0
  0
ENDSEC
  0
SECTION
  2
OBJECTS
  0
DICTIONARY
  5
C
330
0
100
AcDbDictionary
281
     1
  3
ACAD_GROUP
350
D
  3
ACAD_LAYOUT
350
1A
  3
ACAD_MLINESTYLE
350
17
  3
ACAD_PLOTSETTINGS
350
19
  3
ACAD_PLOTSTYLENAME
350
E
  3
ACAD_SCALELIST
350
47
  3
DWGPROPS
350
1744
  0
DICTIONARY
  5
D
102
{ACAD_REACTORS
330
C
102
}
330
C
100
AcDbDictionary
281
     1
  0
DICTIONARY
  5
1A
102
{ACAD_REACTORS
330
C
102
}
330
C
100
AcDbDictionary
281
     1
  3
Layout1
350
1E
  3
Layout2
350
26
  3
Model
350
22
  0
DICTIONARY
  5
17
102
{ACAD_REACTORS
330
C
102
}
330
C
100
AcDbDictionary
281
     1
  3
Standard
350
18
  0
DICTIONARY
  5
19
102
{ACAD_REACTORS
330
C
102
}
330
C
100
AcDbDictionary
281
     1
  0
ACDBDICTIONARYWDFLT
  5
E
102
{ACAD_REACTORS
330
C
102
}
330
C
100
AcDbDictionary
281
     1
  3
Normal
350
F
100
AcDbDictionaryWithDefault
340
F
  0
DICTIONARY
  5
47
102
{ACAD_REACTORS
330
C
102
}
330
C
100
AcDbDictionary
281
     1
  3
A0
350
48
  3
A1
350
49
  3
A2
350
4A
  3
A3
350
4B
  3
A4
350
4C
  3
A5
350
4D
  3
A6
350
4E
  3
A7
350
4F
  3
A8
350
50
  3
A9
350
51
  3
B1
350
52
  3
B2
350
53
  3
B3
350
54
  3
B4
350
55
  3
B5
350
56
  3
B6
350
57
  3
B7
350
58
  0
XRECORD
  5
1744
102
{ACAD_REACTORS
330
C
102
}
330
C
100
AcDbXrecord
280
     1
  1
DWGPROPS COOKIE
  2

  3

  4

  6

  7

  8
estacionp1
  9

300
=
301
=
302
=
303
=
304
=
305
=
306
=
307
=
308
=
309
=
 40
0.0
 41
2461210.633712651
 42
2461210.633748553
  1

 90
        0
  0
LAYOUT
  5
1E
102
{ACAD_REACTORS
330
1A
102
}
330
1A
100
AcDbPlotSettings
  1

  2
none_device
  4

  6

 40
0.0
 41
0.0
 42
0.0
 43
0.0
 44
0.0
 45
0.0
 46
0.0
 47
0.0
 48
0.0
 49
0.0
140
0.0
141
0.0
142
1.0
143
1.0
 70
   688
 72
     0
 73
     0
 74
     5
  7

 75
    16
147
1.0
148
0.0
149
0.0
100
AcDbLayout
  1
Layout1
 70
     1
 71
     1
 10
0.0
 20
0.0
 11
12.0
 21
9.0
 12
0.0
 22
0.0
 32
0.0
 14
1.0000000000E+20
 24
1.0000000000E+20
 34
1.0000000000E+20
 15
-1.0000000000E+20
 25
-1.0000000000E+20
 35
-1.0000000000E+20
146
0.0
 13
0.0
 23
0.0
 33
0.0
 16
1.0
 26
0.0
 36
0.0
 17
0.0
 27
1.0
 37
0.0
 76
     0
330
1B
  0
LAYOUT
  5
26
102
{ACAD_REACTORS
330
1A
102
}
330
1A
100
AcDbPlotSettings
  1

  2
none_device
  4

  6

 40
0.0
 41
0.0
 42
0.0
 43
0.0
 44
0.0
 45
0.0
 46
0.0
 47
0.0
 48
0.0
 49
0.0
140
0.0
141
0.0
142
1.0
143
1.0
 70
   688
 72
     0
 73
     0
 74
     5
  7

 75
    16
147
1.0
148
0.0
149
0.0
100
AcDbLayout
  1
Layout2
 70
     1
 71
     2
 10
0.0
 20
0.0
 11
0.0
 21
0.0
 12
0.0
 22
0.0
 32
0.0
 14
0.0
 24
0.0
 34
0.0
 15
0.0
 25
0.0
 35
0.0
146
0.0
 13
0.0
 23
0.0
 33
0.0
 16
1.0
 26
0.0
 36
0.0
 17
0.0
 27
1.0
 37
0.0
 76
     0
330
23
  0
LAYOUT
  5
22
102
{ACAD_REACTORS
330
1A
102
}
330
1A
100
AcDbPlotSettings
  1

  2
none_device
  4
ANSI_A_(11.00_x_8.50_Inches)
  6

 40
6.35
 41
19.05
 42
6.35000508
 43
19.05000254
 44
279.4
 45
215.9
 46
133.0566708649
 47
88.89999873
 48
0.0
 49
0.0
140
0.0
141
0.0
142
0.0923863292
143
1.0
 70
  1696
 72
     0
 73
     0
 74
     0
  7

 75
     0
147
0.5913241897
148
-39.4088153714
149
0.0
100
AcDbLayout
  1
Model
 70
     1
 71
     0
 10
0.0
 20
0.0
 11
12.0
 21
9.0
 12
0.0
 22
0.0
 32
0.0
 14
-8.727452413
 24
-45.542452413
 34
0.0
 15
8.977452413
 25
45.542452413
 35
0.0
146
0.0
 13
0.0
 23
0.0
 33
0.0
 16
1.0
 26
0.0
 36
0.0
 17
0.0
 27
1.0
 37
0.0
 76
     0
330
1F
331
29
  0
MLINESTYLE
  5
18
102
{ACAD_REACTORS
330
17
102
}
330
17
100
AcDbMlineStyle
  2
Standard
 70
     0
  3

 62
   256
 51
90.0
 52
90.0
 71
     2
 49
0.5
 62
   256
  6
BYLAYER
 49
-0.5
 62
   256
  6
BYLAYER
  0
ACDBPLACEHOLDER
  5
F
102
{ACAD_REACTORS
330
E
102
}
330
E
  0
SCALE
  5
48
102
{ACAD_REACTORS
330
47
102
}
330
47
100
AcDbScale
 70
     0
300
1:1
140
1.0
141
1.0
290
     1
  0
SCALE
  5
49
102
{ACAD_REACTORS
330
47
102
}
330
47
100
AcDbScale
 70
     0
300
1/128" = 1'-0"
140
0.0078125
141
12.0
290
     0
  0
SCALE
  5
4A
102
{ACAD_REACTORS
330
47
102
}
330
47
100
AcDbScale
 70
     0
300
1/64" = 1'-0"
140
0.015625
141
12.0
290
     0
  0
SCALE
  5
4B
102
{ACAD_REACTORS
330
47
102
}
330
47
100
AcDbScale
 70
     0
300
1/32" = 1'-0"
140
0.03125
141
12.0
290
     0
  0
SCALE
  5
4C
102
{ACAD_REACTORS
330
47
102
}
330
47
100
AcDbScale
 70
     0
300
1/16" = 1'-0"
140
0.0625
141
12.0
290
     0
  0
SCALE
  5
4D
102
{ACAD_REACTORS
330
47
102
}
330
47
100
AcDbScale
 70
     0
300
3/32" = 1'-0"
140
0.09375
141
12.0
290
     0
  0
SCALE
  5
4E
102
{ACAD_REACTORS
330
47
102
}
330
47
100
AcDbScale
 70
     0
300
1/8" = 1'-0"
140
0.125
141
12.0
290
     0
  0
SCALE
  5
4F
102
{ACAD_REACTORS
330
47
102
}
330
47
100
AcDbScale
 70
     0
300
3/16" = 1'-0"
140
0.1875
141
12.0
290
     0
  0
SCALE
  5
50
102
{ACAD_REACTORS
330
47
102
}
330
47
100
AcDbScale
 70
     0
300
1/4" = 1'-0"
140
0.25
141
12.0
290
     0
  0
SCALE
  5
51
102
{ACAD_REACTORS
330
47
102
}
330
47
100
AcDbScale
 70
     0
300
3/8" = 1'-0"
140
0.375
141
12.0
290
     0
  0
SCALE
  5
52
102
{ACAD_REACTORS
330
47
102
}
330
47
100
AcDbScale
 70
     0
300
1/2" = 1'-0"
140
0.5
141
12.0
290
     0
  0
SCALE
  5
53
102
{ACAD_REACTORS
330
47
102
}
330
47
100
AcDbScale
 70
     0
300
3/4" = 1'-0"
140
0.75
141
12.0
290
     0
  0
SCALE
  5
54
102
{ACAD_REACTORS
330
47
102
}
330
47
100
AcDbScale
 70
     0
300
1" = 1'-0"
140
1.0
141
12.0
290
     0
  0
SCALE
  5
55
102
{ACAD_REACTORS
330
47
102
}
330
47
100
AcDbScale
 70
     0
300
1-1/2" = 1'-0"
140
1.5
141
12.0
290
     0
  0
SCALE
  5
56
102
{ACAD_REACTORS
330
47
102
}
330
47
100
AcDbScale
 70
     0
300
3" = 1'-0"
140
3.0
141
12.0
290
     0
  0
SCALE
  5
57
102
{ACAD_REACTORS
330
47
102
}
330
47
100
AcDbScale
 70
     0
300
6" = 1'-0"
140
6.0
141
12.0
290
     0
  0
SCALE
  5
58
102
{ACAD_REACTORS
330
47
102
}
330
47
100
AcDbScale
 70
     0
300
1'-0" = 1'-0"
140
12.0
141
12.0
290
     0
  0
ENDSEC
  0
EOF
